timestamp,Open,High,Low,Close,Volume,Adj Close,SMA_20,SMA_50,EMA_12,EMA_26,MACD,MACD_signal,RSI,volatility,BB_middle,BB_upper,BB_lower
2025-10-07 20:45:00,0.8314,0.8335,0.8287,0.8291,1335445.9,0.8291,,,0.8291,0.8291,0.0,0.0,,,,,
2025-10-07 21:00:00,0.8291,0.8314,0.8278,0.8297,1478207.3,0.8297,,,0.829425,0.8294115384615384,1.346153846160103e-05,7.4786324786672385e-06,,,,,
2025-10-07 21:15:00,0.8296,0.8313,0.8282,0.8299,1417320.3,0.8299,,,0.8296103926096998,0.8295870379497289,2.3354659970942215e-05,1.3985201123042227e-05,,,,,
2025-10-07 21:30:00,0.83,0.83,0.8246,0.8263,1270288.8,0.8263,,,0.8285654310344827,0.8286681257811612,-0.0001026947466785666,-2.554052645202851e-05,,,,,
2025-10-07 21:45:00,0.8262,0.8265,0.8238,0.8254,1516281.6,0.8254,,,0.8277053947355905,0.8279102339328019,-0.00020483919721148158,-7.887782736809616e-05,,,,,
2025-10-07 22:00:00,0.8254,0.8257,0.8217,0.8242,2636550.7,0.8242,,,0.8268533993967101,0.827167103667826,-0.00031370427111587773,-0.0001425288497214501,,,,,
2025-10-07 22:15:00,0.8242,0.828,0.8239,0.8243,2826367.3,0.8243,,,0.826283617254997,0.8266572041431746,-0.00037358688817756835,-0.00020100347518713495,,,,,
2025-10-07 22:30:00,0.8244,0.8257,0.8221,0.8242,1584885.9,0.8242,,,0.8258487984488929,0.8262612876703044,-0.0004124892214114606,-0.0002518274769951796,,,,,
2025-10-07 22:45:00,0.8243,0.8246,0.8227,0.8239,895376.1,0.8239,,,0.8254632567521691,0.8259112930003658,-0.00044803624819667043,-0.00029715267653945734,,,,,
2025-10-07 23:00:00,0.8239,0.8244,0.821,0.822,1418311.8,0.822,,,0.8248069709436084,0.8253715726337094,-0.0005646016901009743,-0.0003570767809711679,,,,,
2025-10-07 23:15:00,0.8221,0.8231,0.8213,0.8217,817897.9,0.8217,,,0.824238470175289,0.8248953684999614,-0.0006568983246724169,-0.0004226760215718664,,,,,
2025-10-07 23:30:00,0.8217,0.8217,0.8176,0.8201,3165690.5,0.8201,,,0.8235026637641389,0.8243061819219415,-0.0008035181578025519,-0.0005044649405317283,,,,,
2025-10-07 23:45:00,0.8201,0.8215,0.817,0.8198,2223593.3,0.8198,,,0.8228597406724023,0.8237782835225821,-0.0009185428501797821,-0.0005920982125389383,,,,,
2025-10-08 00:00:00,0.8199,0.8229,0.8194,0.8216,1210837.1,0.8216,,,0.8226452470571546,0.8235336363597525,-0.0008883893025979361,-0.0006540825296467287,20.930232558139778,,,,
2025-10-08 00:15:00,0.8216,0.8247,0.8216,0.8233,1444412.0,0.8233,,,0.8227549293840603,0.8235083626286502,-0.000753433244589985,-0.0006746772862135042,30.13698630137023,,,,
2025-10-08 00:30:00,0.8232,0.8275,0.8185,0.8258,2159130.3,0.8258,,,0.8232581513123708,0.823748086723045,-0.0004899354106742138,-0.0006366587854437726,38.181818181818116,,,,
2025-10-08 00:45:00,0.8258,0.828,0.8249,0.8255,822710.9,0.8255,,,0.8236244543325564,0.8239259212198854,-0.00030146688732901605,-0.0005680760601402155,36.746987951807306,,,,
2025-10-08 01:00:00,0.8254,0.8268,0.8238,0.8244,599173.0,0.8244,,,0.823749974924876,0.8239727593675357,-0.00022278444265966257,-0.000497750870655472,43.262411347517684,,,,
2025-10-08 01:15:00,0.8244,0.828,0.8236,0.826,946335.6,0.826,,,0.8241112463328623,0.824168214698458,-5.696836559576646e-05,-0.00040830532345783737,52.02702702702682,,,,
2025-10-08 01:30:00,0.8261,0.8279,0.8254,0.8262,587329.5,0.8262,0.82467,,0.8244443857348176,0.8243598274955103,8.455823930730855e-05,-0.0003085828895190101,57.246376811594196,,0.82467,0.830375804984953,0.818964195015047
2025-10-08 01:45:00,0.8262,0.8287,0.8261,0.8277,1056910.5,0.8277,0.8246,,0.824960714921625,0.8246685839192016,0.0002921310024234236,-0.00018732167382453193,61.18421052631566,0.0017689094903468603,0.8246,0.8301078890788816,0.8190921109211184
2025-10-08 02:00:00,0.8276,0.8281,0.8247,0.826,708026.9,0.826,0.8244150000000001,,0.825124762656775,0.824789437134246,0.0003353255225290175,-8.201520999882198e-05,55.357142857142584,0.0018107811178487065,0.8244150000000001,0.8294279411474073,0.819402058852593
2025-10-08 02:15:00,0.826,0.8297,0.8259,0.8289,799995.6,0.8289,0.824365,,0.8257182969980337,0.8251564273082709,0.0005618696897627951,4.7526448938879824e-05,62.88659793814436,0.001993204297091645,0.824365,0.82916292718402,0.8195670728159801
2025-10-08 02:30:00,0.8289,0.8291,0.825,0.8251,935718.7,0.8251,0.8243050000000001,,0.825621416374685,0.8251514649464947,0.000469951428190285,0.0001324123069197594,57.276995305164306,0.0020216208036483263,0.8243050000000001,0.8290305074915433,0.8195794925084569
2025-10-08 02:45:00,0.8251,0.8269,0.8241,0.8247,679847.9,0.8247,0.82427,,0.8254774494816898,0.8251123050530018,0.00036514442868795793,0.00017913524554487466,57.009345794392544,0.0020100794198302037,0.82427,0.8289716682369692,0.8195683317630307
2025-10-08 03:00:00,0.8246,0.8246,0.8185,0.8193,1773238.1,0.8193,0.824025,,0.824514562620927,0.8246144535345562,-9.989091362916369e-05,0.0001231608414542101,48.41269841269837,0.0024689482038534696,0.824025,0.8292261638373692,0.8188238361626308
2025-10-08 03:15:00,0.8193,0.821,0.8095,0.8142,6198285.6,0.8142,0.82352,,0.8229100679835029,0.8237326183967993,-0.0008225504132964856,-6.643983580423731e-05,40.66666666666675,0.0027984175123355742,0.82352,0.8303232809422327,0.8167167190577673
2025-10-08 03:30:00,0.8141,0.8164,0.8127,0.8146,1953365.8,0.8146,0.82304,,0.821619591839168,0.8229674326140953,-0.0013478407749273336,-0.0003232167023229592,37.76223776223769,0.0028074148545993577,0.82304,0.8309119756097183,0.8151680243902817
2025-10-08 03:45:00,0.8146,0.8168,0.8123,0.8128,1032276.5,0.8128,0.822485,,0.8202519669624654,0.8221237377845138,-0.0018717708220483686,-0.0006334075233144461,31.707317073170515,0.0028301189906458544,0.822485,0.8315729387970511,0.813397061202949
2025-10-08 04:00:00,0.8129,0.8163,0.8079,0.8158,3434691.5,0.8158,0.822175,,0.8195624567694877,0.8216036253800577,-0.002041168610570021,-0.0009153087175410164,32.87671232876704,0.0029627032500960404,0.822175,0.8317429013812907,0.8126070986187093
2025-10-08 04:15:00,0.8158,0.818,0.8146,0.8159,1438011.7,0.8159,0.821885,,0.8189958085589404,0.8211383189522641,-0.0021425103933236933,-0.0011609923659978898,33.448275862068826,0.002964789223061748,0.821885,0.8318565965041764,0.8119134034958235
2025-10-08 04:30:00,0.8158,0.8183,0.8155,0.8169,742626.7,0.8169,0.821725,,0.8186718315999751,0.8207951296568102,-0.002123298056835088,-0.0013536061084942592,37.02422145328706,0.0029597067424728357,0.821725,0.8319174378572393,0.8115325621427608
2025-10-08 04:45:00,0.8169,0.8183,0.8161,0.8179,430972.9,0.8179,0.8216300000000001,,0.8185526072237741,0.8205623086043031,-0.0020097013805290276,-0.001484908385606409,35.68904593639577,0.0029760801856616274,0.8216300000000001,0.831932804932332,0.8113271950676681
2025-10-08 05:00:00,0.818,0.8181,0.8146,0.8153,562773.4,0.8153,0.821315,,0.8180504918360183,0.8201417911400436,-0.002091299304025296,-0.0016062480958327864,32.2475570032572,0.0029993188918487324,0.821315,0.8319998195315154,0.8106301804684847
2025-10-08 05:15:00,0.8153,0.8159,0.8113,0.8126,952052.8,0.8126,0.8207799999999998,,0.8172095251947229,0.8195426149359226,-0.002333089741199723,-0.001751675417236179,26.332288401253862,0.003009332003635748,0.8207799999999998,0.8320990291568061,0.8094609708431936
2025-10-08 05:30:00,0.8127,0.8139,0.8121,0.8124,641434.7,0.8124,0.82011,,0.8164677851167633,0.8189781851731791,-0.0025104000564157847,-0.0019034696051024001,27.63157894736841,0.002884641474874235,0.82011,0.8317594228454279,0.8084605771545721
2025-10-08 05:45:00,0.8124,0.8146,0.8105,0.8141,943931.5,0.8141,0.8195399999999999,,0.8161027554721159,0.8185945953941572,-0.0024918399220413834,-0.0020211742263569555,24.65753424657538,0.0029562057286903805,0.8195399999999999,0.8311945721771147,0.8078854278228852
2025-10-08 06:00:00,0.814,0.815,0.811,0.8142,947991.8,0.8142,0.8190299999999999,,0.8158095106393143,0.8182506005615159,-0.0024410899222016003,-0.0021051748117649136,28.62745098039221,0.002957492539262582,0.8190299999999999,0.8306818080819649,0.807378191918035
2025-10-08 06:15:00,0.8141,0.8155,0.8118,0.8126,777857.0,0.8126,0.81836,,0.8153150074649306,0.8178101408012027,-0.0024951333362721595,-0.002183179477414536,27.340823970037405,0.002908172310722164,0.81836,0.8298643973286189,0.806855602671381
2025-10-08 06:30:00,0.8125,0.8151,0.812,0.8138,581151.7,0.8138,0.81774,,0.8150816369651898,0.8174987601945093,-0.002417123229319529,-0.0022299744479140193,37.77777777777762,0.002944632260134007,0.81774,0.8287930586383659,0.8066869413616341
2025-10-08 06:45:00,0.8139,0.8163,0.8139,0.8153,634575.7,0.8153,0.8171200000000001,,0.815115266935593,0.8173286382622139,-0.0022133713266209165,-0.002226653470508508,52.91005291005287,0.0029459078626145373,0.8171200000000001,0.8271659156403303,0.8070740843596699
2025-10-08 07:00:00,0.8153,0.8171,0.814,0.8145,623357.6,0.8145,0.816545,,0.8150205254853171,0.8171105009063021,-0.002089975420984991,-0.0021993155349494496,49.740932642487074,0.002930651058257017,0.816545,0.8257304518841365,0.8073595481158634
2025-10-08 07:15:00,0.8145,0.8154,0.8128,0.8145,1015356.9,0.8145,0.8158249999999999,,0.8149403838027441,0.8169097965637426,-0.00196941276099849,-0.0021533318506718724,54.85714285714293,0.0027658719961103522,0.8158249999999999,0.8229618207576143,0.8086881792423856
2025-10-08 07:30:00,0.8146,0.8157,0.8129,0.8148,471211.3,0.8148,0.81531,,0.8149187724125878,0.8167480425331127,-0.0018292701205249173,-0.002088515975730587,46.62162162162163,0.0026346206232465844,0.81531,0.8209604867047007,0.8096595132952993
2025-10-08 07:45:00,0.8148,0.8174,0.8135,0.8174,780527.3,0.8174,0.814945,,0.8153007073251183,0.8167978975301603,-0.0014971902050420205,-0.0019702456701945373,54.33526011560708,0.002769635109125281,0.814945,0.8186496059524809,0.8112403940475191
2025-10-08 08:00:00,0.8173,0.8188,0.8163,0.8168,782491.1,0.8168,0.8148199999999999,,0.8155314738676136,0.8167980579211767,-0.001266584053563058,-0.0018295084428916072,49.70414201183436,0.002371395959067716,0.8148199999999999,0.8180433359640038,0.811596664035996
2025-10-08 08:15:00,0.8169,0.8197,0.8162,0.8185,1073461.1,0.8185,0.815035,,0.8159883479888962,0.816927607218518,-0.0009392592296217916,-0.0016514536367940665,51.70454545454556,0.001939538262426183,0.815035,0.8186357455368369,0.811434254463163
2025-10-08 08:30:00,0.8185,0.8239,0.818,0.8238,2369736.4,0.8238,0.815495,,0.8171905364650022,0.8174496562296156,-0.000259119764613458,-0.001372980652202871,70.93596059113267,0.0023863406972383515,0.815495,0.8208061501381031,0.8101838498618968
2025-10-08 08:45:00,0.8238,0.824,0.8191,0.8202,963768.6,0.8202,0.815865,,0.817653659891943,0.8176581872257848,-4.5273338417084474e-06,-0.0010992851056389218,67.92452830188682,0.0025610150778259473,0.815865,0.8214114640229513,0.8103185359770486
2025-10-08 09:00:00,0.8201,0.8221,0.8199,0.8203,932973.2,0.8203,0.81609,0.8204859999999999,0.818060885145993,0.8178581403062405,0.0002027448397524667,-0.0008388753998691268,68.72037914691937,0.0024455079128255825,0.81609,0.8219798306650664,0.8102001693349336
2025-10-08 09:15:00,0.8203,0.8203,0.817,0.8176,893073.3,0.8176,0.816175,0.8202560000000001,0.817989965591343,0.8178386337051295,0.00015133188621341276,-0.000640831681393097,57.91855203619893,0.002572765941425167,0.816175,0.8221022342001271,0.8102477657998729
2025-10-08 09:30:00,0.8177,0.819,0.8167,0.8181,1717502.2,0.8181,0.816235,0.820024,0.8180068968198501,0.8178583546609624,0.00014854215888771005,-0.00048295547123481286,58.66666666666663,0.0025623590117845358,0.816235,0.8222171752776587,0.8102528247223414
2025-10-08 09:45:00,0.818,0.8191,0.8169,0.8191,441238.0,0.8191,0.816295,0.819808,0.8181750905627202,0.8179519118906736,0.0002231786720465756,-0.00034172761055478707,64.84018264840188,0.0025623167163472786,0.816295,0.8223708278621538,0.8102191721378462
2025-10-08 10:00:00,0.8192,0.8218,0.8187,0.819,610145.9,0.819,0.81648,0.819662,0.8183020150463526,0.8180307841118226,0.0002712309345299646,-0.00021913518486171328,62.4999999999998,0.0024464703165433263,0.81648,0.8226528096477509,0.8103071903522491
2025-10-08 10:15:00,0.819,0.8216,0.8188,0.8204,531585.6,0.8204,0.81687,0.8195619999999999,0.8186248149723904,0.8182088657038332,0.00041594926855714753,-9.211770014190308e-05,62.31884057970996,0.0023182480540776687,0.81687,0.8229960788523542,0.8107439211476458
2025-10-08 10:30:00,0.8203,0.8238,0.8201,0.8232,491862.3,0.8232,0.81741,0.819542,0.8193287505029941,0.818583614476403,0.0007451360265910978,7.533367171465965e-05,69.16299559471352,0.002400816679782238,0.81741,0.8237763258841465,0.8110436741158534
2025-10-08 10:45:00,0.8232,0.8254,0.8229,0.8248,1039432.5,0.8248,0.8179449999999999,0.8195520000000001,0.8201705428283558,0.8190498882654349,0.0011206545629208753,0.00028439847571934006,71.19341563785986,0.0023963770230664453,0.8179449999999999,0.8249103201082592,0.8109796798917407
2025-10-08 11:00:00,0.8249,0.8273,0.8248,0.8267,1044980.0,0.8267,0.81857,0.819602,0.8211751369383868,0.8196231669181097,0.0015519700202771824,0.0005379133916785306,72.97297297297278,0.0024203424843804626,0.81857,0.8263195263013122,0.8108204736986878
2025-10-08 11:15:00,0.8266,0.8267,0.8225,0.823,742768.3,0.823,0.8190899999999999,0.8195840000000001,0.8214558998197639,0.8198759993935578,0.0015799004262060379,0.0007463111977949179,60.37037037037016,0.0026257618950937477,0.8190899999999999,0.8265428412102535,0.8116371587897463
2025-10-08 11:30:00,0.823,0.823,0.8207,0.8211,790747.9,0.8211,0.8194549999999999,0.8195659999999999,0.821401143572528,0.8199675704475263,0.001433573125001697,0.0008837637938817641,57.597173144876436,0.0026976664554119937,0.8194549999999999,0.8265220398775985,0.8123879601224013
2025-10-08 11:45:00,0.821,0.8222,0.8204,0.8215,590008.8,0.8215,0.8197650000000001,0.8195619999999999,0.8214163528245213,0.8200821313278522,0.0013342214966690635,0.0009738554448912669,55.55555555555556,0.0026777768198733122,0.8197650000000001,0.8266049061243166,0.8129250938756836
2025-10-08 12:00:00,0.8215,0.8241,0.8203,0.8228,1086364.2,0.8228,0.82018,0.819616,0.8216292283813361,0.8202851740867357,0.001344054294600383,0.0010478952874511563,47.82608695652174,0.002670422946618032,0.82018,0.8266732677686799,0.8136867322313202
2025-10-08 12:15:00,0.8229,0.8232,0.8196,0.822,715060.4,0.822,0.820555,0.81966,0.821686271701719,0.8204132019375538,0.0012730697641651911,0.0010929302181300685,54.455445544554216,0.00268899031008473,0.820555,0.8265111467586446,0.8145988532413555
2025-10-08 12:30:00,0.8221,0.8239,0.82,0.8238,722819.8,0.8238,0.8210049999999999,0.819704,0.8220114680650862,0.8206659102900848,0.001345557775001338,0.0011434557612197199,57.9908675799085,0.0027163624069615633,0.8210049999999999,0.8264700949815971,0.8155399050184027
2025-10-08 12:45:00,0.8237,0.8243,0.821,0.8231,749724.1,0.8231,0.82129,0.8197,0.8221789377387395,0.820847433309572,0.0013315044291675182,0.0011810655136956988,63.819095477387066,0.0026594967647961634,0.82129,0.8265543388148824,0.8160256611851175
2025-10-08 13:00:00,0.8231,0.8243,0.8207,0.8232,856923.6,0.8232,0.82161,0.8196479999999999,0.822336026797891,0.8210227888275059,0.0013132379703850727,0.0012075000156532255,63.07692307692309,0.002647983625335973,0.82161,0.8264891284812785,0.8167308715187214
2025-10-08 13:15:00,0.8233,0.8236,0.819,0.8191,1887242.4,0.8191,0.82164,0.81952,0.8218381696630941,0.8208795345274227,0.000958635135671404,0.0011577270236604385,50.0,0.002872419624333396,0.82164,0.8264454355188992,0.8168345644811009
2025-10-08 13:30:00,0.8192,0.8215,0.8138,0.8163,3334408.9,0.8163,0.821265,0.819358,0.820986133629631,0.8205384900650693,0.00044764356456172827,0.001015710295326763,44.66403162055348,0.0025384393300858107,0.821265,0.8265110611790867,0.8160189388209134
2025-10-08 13:45:00,0.8163,0.8213,0.8127,0.8209,1874443.4,0.8209,0.8212999999999999,0.819256,0.8209728821712979,0.820565401531798,0.0004074806394999131,0.0008940643391402712,50.87719298245605,0.002706427583849587,0.8212999999999999,0.8265254438240093,0.8160745561759906
2025-10-08 14:00:00,0.8209,0.83,0.8209,0.825,3818154.8,0.825,0.8215349999999999,0.819232,0.8215924439308929,0.8208953998619325,0.0006970440689604285,0.0008546602786203466,53.0201342281878,0.0029241633458836637,0.8215349999999999,0.8269888349616994,0.8160811650383004
2025-10-08 14:15:00,0.8249,0.8285,0.8215,0.8217,1208657.7,0.8217,0.8217400000000001,0.819112,0.8216089911352975,0.820955253386828,0.0006537377484695517,0.0008144757673002839,45.07936507936505,0.002973705569867519,0.8217400000000001,0.8268696455197097,0.8166103544802906
2025-10-08 14:30:00,0.8217,0.8236,0.8186,0.8199,1052586.6,0.8199,0.82183,0.81899,0.8213460678511573,0.8208767787043254,0.00046928914683186385,0.0007454384359361203,39.171974522292864,0.003021615211960322,0.82183,0.8267496063171528,0.8169103936828471
2025-10-08 14:45:00,0.8199,0.821,0.8155,0.8173,1091650.0,0.8173,0.8217399999999999,0.818758,0.8207235927268638,0.8206108665184434,0.00011272620842039949,0.0006188959797717952,40.59405940594061,0.0030956124045819094,0.8217399999999999,0.8269284081323031,0.8165515918676968
2025-10-08 15:00:00,0.8172,0.8229,0.8166,0.8211,686977.2,0.8211,0.821845,0.818678,0.8207815017858561,0.8206472208639898,0.00013428092186629215,0.0005219729616580961,50.0,0.0032730469012287487,0.821845,0.8268827417664311,0.816807258233569
2025-10-08 15:15:00,0.8211,0.8232,0.8181,0.8215,758716.0,0.8215,0.8219000000000001,0.8186140000000001,0.8208920403727893,0.8207105869653668,0.00018145340742248273,0.00045386904713881767,50.0,0.003253418482469214,0.8219000000000001,0.8268951555478633,0.8169048444521368
2025-10-08 15:30:00,0.8215,0.8216,0.8193,0.8201,724280.3,0.8201,0.8217450000000002,0.8186300000000002,0.8207701876345079,0.8206652275451297,0.00010496008937821433,0.0003840872525765955,45.820433436532596,0.0031771693035583417,0.8217450000000002,0.8267626425582227,0.8167273574417776
2025-10-08 15:45:00,0.8201,0.8202,0.8165,0.8183,763577.7,0.8183,0.82142,0.8187119999999999,0.8203901577827056,0.8204895566150116,-9.939883230591917e-05,0.0002873900322631942,44.44444444444452,0.003166065251630635,0.82142,0.826446498205561,0.816393501794439
2025-10-08 16:00:00,0.8183,0.8232,0.817,0.8232,691564.6,0.8232,0.821245,0.818884,0.820822442148771,0.8206908276248739,0.0001316145238970945,0.00025623492972987576,49.17582417582427,0.00342748965251852,0.821245,0.8257098215618243,0.8167801784381757
2025-10-08 16:15:00,0.8233,0.8241,0.8216,0.8224,1080635.3,0.8224,0.8212149999999999,0.819076,0.8210651438070229,0.8208177233684486,0.0002474204385742862,0.0002544720314598232,49.04109589041091,0.0032843546183073478,0.8212149999999999,0.8256380377748643,0.8167919622251355
2025-10-08 16:30:00,0.8225,0.8243,0.821,0.8241,746393.5,0.8241,0.8213650000000001,0.819242,0.8215320454929036,0.8210613712232683,0.00047067426963531833,0.0002977124798589148,51.18110236220473,0.0032703848104031793,0.8213650000000001,0.8259713000336478,0.8167586999663524
2025-10-08 16:45:00,0.8241,0.8278,0.8235,0.8275,1432313.1,0.8275,0.821665,0.819474,0.8224501935600055,0.8215392442249616,0.0009109493350438758,0.0004203598526295002,61.22994652406416,0.003387058364086681,0.821665,0.8270277467431867,0.8163022532568133
2025-10-08 17:00:00,0.8275,0.8344,0.8271,0.8343,1842386.1,0.8343,0.8222400000000001,0.819822,0.8242732427541001,0.8224862056147878,0.0017870371393122753,0.0006936953130568836,71.7391304347827,0.0038105934541816286,0.8222400000000001,0.8300313312152188,0.8144486687847814
2025-10-08 17:15:00,0.8343,0.8515,0.8339,0.8433,8316108.8,0.8433,0.8233050000000001,0.82033,0.8272004389610413,0.8240305657894298,0.003169873171611548,0.0011889308892478448,74.45414847161584,0.004400428585784926,0.8233050000000001,0.8355234459344307,0.8110865540655694
2025-10-08 17:30:00,0.8433,0.8469,0.8401,0.8412,2260664.9,0.8412,0.824175,0.820848,0.8293542193160055,0.8253043595573236,0.004049859758681884,0.0017611166672755643,68.49315068493148,0.004473834171265995,0.824175,0.8387855765583836,0.8095644234416164
2025-10-08 17:45:00,0.8412,0.8454,0.8401,0.8429,1331884.3,0.8429,0.8251649999999999,0.8214539999999999,0.8314381869944145,0.8266096225874219,0.0048285644069926414,0.0023746062187708413,75.1184834123222,0.004455517175573992,0.8251649999999999,0.8419850725951236,0.8083449274048763
2025-10-08 18:00:00,0.843,0.845,0.84,0.8423,1514085.7,0.8423,0.8261200000000001,0.822052,0.8331092361121323,0.8277734267157046,0.005335809396427638,0.0029668468570452715,77.31707317073179,0.004469993269691947,0.8261200000000001,0.8445610982661859,0.8076789017338143
2025-10-08 18:15:00,0.8423,0.8427,0.8384,0.8387,1368507.6,0.8387,0.8271,0.8225439999999999,0.8339693540527635,0.8285838044061727,0.00538554964659077,0.0034505874167467974,75.47619047619035,0.004421462182625355,0.8271,0.8460465730827214,0.8081534269172785
2025-10-08 18:30:00,0.8387,0.8412,0.8367,0.8383,1240908.1,0.8383,0.8282,0.823026,0.8346356075503191,0.8293043474377878,0.005331260112531266,0.0038267219570186587,72.27979274611394,0.004307475104583299,0.8282,0.8470608198739011,0.809339180126099
2025-10-08 18:45:00,0.8383,0.8434,0.8383,0.8409,1317871.8,0.8409,0.8291999999999999,0.823592,0.8355993605713631,0.8301641960619701,0.005435164509392965,0.00414841046825638,73.7745098039215,0.004210655032811533,0.8291999999999999,0.8485457189606695,0.8098542810393303
2025-10-08 19:00:00,0.8408,0.8414,0.8363,0.8376,1579939.2,0.8376,0.82983,0.824068,0.8359071513436195,0.8307155374599996,0.005191613883619883,0.004357051151724901,70.49180327868845,0.004261038716739301,0.82983,0.8494189442503175,0.8102410557496824
2025-10-08 19:15:00,0.8376,0.8399,0.8357,0.8389,630256.0,0.8389,0.83069,0.82454,0.8363675897135433,0.8313223453732972,0.005045244340246113,0.004494689789638039,74.40758293838856,0.004112408087955561,0.83069,0.8502863369294512,0.8110936630705489
2025-10-08 19:30:00,0.839,0.8399,0.8372,0.8377,532545.3,0.8377,0.83158,0.825004,0.836572575954817,0.8317951620734871,0.004777413881329906,0.004551234608045067,68.83116883116878,0.004084354261391425,0.83158,0.8507246130941906,0.8124353869058094
2025-10-08 19:45:00,0.8377,0.8403,0.8374,0.8396,676188.8,0.8396,0.832695,0.8255060000000001,0.8370383335835879,0.8323737489907008,0.0046645845928871,0.004573904605035494,71.71717171717172,0.003965587035327501,0.832695,0.850912917727219,0.8144770822727809
2025-10-08 20:00:00,0.8396,0.84,0.838,0.8399,648045.8,0.8399,0.8336350000000001,0.826008,0.8374785900220155,0.8329316515278711,0.004546938494144448,0.004568511382853094,70.68062827225125,0.0038933594989289315,0.8336350000000001,0.8512644341193458,0.8160055658806544
2025-10-08 20:15:00,0.84,0.8428,0.84,0.8412,816437.9,0.8412,0.8346199999999999,0.826484,0.8380511147073767,0.8335445311573305,0.004506583550046184,0.004556125816284013,68.97506925207752,0.003891226071985868,0.8346199999999999,0.85158344056462,0.8176565594353798
2025-10-08 20:30:00,0.8413,0.8415,0.8389,0.8395,749815.9,0.8395,0.83559,0.826938,0.83827402016118,0.8339859500023661,0.004288070158813939,0.004502514684763336,58.38709677419357,0.0039042589568994254,0.83559,0.8512240923019273,0.8199559076980728
2025-10-08 20:45:00,0.8395,0.8397,0.8344,0.8349,719519.2,0.8349,0.83642,0.827266,0.8377549400887597,0.8340536962050376,0.0037012438837221717,0.004342260524491345,34.21052631578924,0.004116848908055014,0.83642,0.8497874545858656,0.8230525454141345
2025-10-08 21:00:00,0.8348,0.8373,0.8346,0.8359,483310.4,0.8359,0.837055,0.827508,0.837469564668335,0.8341905320048357,0.0032790326634992706,0.004129614952225248,39.607843137254854,0.003948039617457618,0.837055,0.8488979148261253,0.8252120851738747
2025-10-08 21:15:00,0.836,0.8399,0.836,0.8392,308110.3,0.8392,0.837895,0.827888,0.8377357855060785,0.8345617859799127,0.003173999526165816,0.003938491866964696,43.1734317343172,0.003986666976435909,0.837895,0.8475406098549335,0.8282493901450664
2025-10-08 21:30:00,0.8392,0.8405,0.8387,0.8398,387631.2,0.8398,0.8386800000000001,0.8282780000000001,0.838053356984333,0.8349499783034592,0.0031033786808738473,0.0037714692297125024,45.3874538745386,0.003979418264513771,0.8386800000000001,0.8458314739003421,0.8315285260996581
2025-10-08 21:45:00,0.8398,0.8398,0.8363,0.8383,277057.3,0.8383,0.8392199999999999,0.8286919999999999,0.838091302065451,0.8351982325542107,0.0028930695112403537,0.0035957892859894433,49.20000000000008,0.003950693859381158,0.8392199999999999,0.8440812755527639,0.8343587244472358
2025-10-08 22:00:00,0.8382,0.8413,0.8379,0.8404,652848.2,0.8404,0.8395250000000001,0.829138,0.8384464863772085,0.8355836988936352,0.0028627874835733813,0.003449188925487119,53.93258426966295,0.0035626860122187627,0.8395250000000001,0.8438188756876456,0.8352311243123546
2025-10-08 22:15:00,0.8404,0.8415,0.8392,0.8402,479870.9,0.8402,0.83937,0.8295599999999999,0.838716257712876,0.8359257705678249,0.002790487145051035,0.003317448569386162,48.559670781892926,0.002584739241606092,0.83937,0.8432983584357719,0.835441641564228
2025-10-08 22:30:00,0.8402,0.8409,0.8394,0.8401,594117.1,0.8401,0.839315,0.829982,0.8389291411477298,0.8362350760995652,0.0026940650481646067,0.0031927718651314487,55.92417061611364,0.0025269769892507974,0.839315,0.8431655091939292,0.8354644908060709
2025-10-08 22:45:00,0.8401,0.8401,0.8379,0.838,375048.2,0.838,0.8390700000000001,0.830334,0.8387861963523251,0.8363658516638971,0.002420344688428,0.003038286429780447,47.94520547945202,0.0025329945200178155,0.8390700000000001,0.8425674276261137,0.8355725723738865
2025-10-08 23:00:00,0.8379,0.8383,0.836,0.8374,575633.2,0.8374,0.8388250000000002,0.8306180000000001,0.8385729353706938,0.8364424771954052,0.002130458175288563,0.0028567207788723747,49.29577464788739,0.0025330313091986474,0.8388250000000002,0.8420452484376061,0.8356047515623942
2025-10-08 23:15:00,0.8374,0.8396,0.8371,0.8394,510424.6,0.8394,0.83886,0.8309099999999999,0.8387001760850911,0.8366616110843432,0.0020385650007478384,0.0026930896232404775,49.53271028037388,0.0024167424692524446,0.83886,0.8420897303129891,0.835630269687011
2025-10-08 23:30:00,0.8395,0.8408,0.8382,0.8386,636147.1,0.8386,0.838875,0.8311479999999999,0.8386847643794674,0.8368052307219398,0.0018795336575275767,0.0025303784300923365,47.031963470319695,0.0024244818988168474,0.838875,0.842096555688256,0.835653444311744
2025-10-08 23:45:00,0.8385,0.8391,0.838,0.8387,606746.6,0.8387,0.8387650000000001,0.8314619999999999,0.8386871083211168,0.8369456159268759,0.0017414923942409288,0.0023726012229177418,43.96135265700494,0.0023142310131076824,0.8387650000000001,0.8418424391267499,0.8356875608732502
2025-10-09 00:00:00,0.8387,0.8396,0.8362,0.8368,701807.0,0.8368,0.8387249999999999,0.831776,0.8383967839609859,0.8369348272902091,0.001461956670776865,0.0021904723124855827,43.54066985645925,0.0021978168510036226,0.8387249999999999,0.8418858626404009,0.835564137359599
2025-10-09 00:15:00,0.8368,0.8394,0.8357,0.8357,478571.4,0.8357,0.838565,0.83206,0.8379818941171632,0.8368433407651086,0.0011385533520545943,0.0019800885203957036,52.29885057471271,0.002181562520332602,0.838565,0.8420005877456119,0.8351294122543881
2025-10-09 00:30:00,0.8358,0.8365,0.8337,0.8353,526645.0,0.8353,0.8384449999999999,0.8323100000000001,0.8375692950191258,0.8367289985852339,0.0008402964338919405,0.00175213010309176,48.2142857142859,0.0021633567379246606,0.8384449999999999,0.8421637858799556,0.8347262141200442
2025-10-09 00:45:00,0.8353,0.8366,0.8347,0.8352,957047.9,0.8352,0.8382250000000001,0.832574,0.8372047880907971,0.8366157204959362,0.0005890675948608814,0.0015195176014429794,35.29411764705915,0.0020879682090267065,0.8382250000000001,0.842169816719098,0.8342801832809023
2025-10-09 01:00:00,0.8352,0.8354,0.8283,0.8295,1976639.5,0.8295,0.837705,0.832688,0.836019436070474,0.8360885484974631,-6.911242698903752e-05,0.0012017915957537296,22.459893048128322,0.0025439207902346844,0.837705,0.8431693244875438,0.8322406755124563
2025-10-09 01:15:00,0.8295,0.8322,0.8283,0.8285,1236897.1,0.8285,0.83707,0.832796,0.8348625997466922,0.8355263532272971,-0.0006637534806048784,0.0008286825804793339,23.07692307692298,0.0024944691681739206,0.83707,0.8436599764395326,0.8304800235604674
2025-10-09 01:30:00,0.8285,0.8287,0.8252,0.8255,1137602.7,0.8255,0.83637,0.8328420000000001,0.8334221997801342,0.8347835618332552,-0.0013613620531209847,0.0003906736537567589,10.994764397905712,0.002561875626990805,0.83637,0.8446345979301646,0.8281054020698353
2025-10-09 01:45:00,0.8255,0.8273,0.8253,0.8268,727232.3,0.8268,0.8359650000000001,0.832996,0.8324033998106509,0.8341921142157,-0.00178871440504913,-4.520395800641816e-05,16.831683168316715,0.0023673509618830518,0.8359650000000001,0.8452622604906765,0.8266677395093236
2025-10-09 02:00:00,0.8268,0.8276,0.8217,0.8237,1376615.7,0.8237,0.8353550000000001,0.8331439999999999,0.8310644152207174,0.8334148321450043,-0.0023504169242869466,-0.0005062465512642156,14.655172413792997,0.0024396595059951415,0.8353550000000001,0.8461504132560241,0.824559586743976
2025-10-09 02:15:00,0.8237,0.824,0.8188,0.819,1209098.8,0.819,0.8343450000000001,0.8331059999999999,0.8292083513362911,0.8323469543159159,-0.0031386029796247605,-0.0010327178369378702,13.178294573643285,0.0024199375427713184,0.8343450000000001,0.8472075895731087,0.8214824104268915
2025-10-09 02:30:00,0.8191,0.8207,0.8141,0.815,2880711.0,0.815,0.833105,0.8329059999999999,0.8270224511264069,0.8310618693994188,-0.004039418273011908,-0.0016340579241540898,11.643835616438224,0.002507235886763041,0.833105,0.8483198784522165,0.8178901215477835
2025-10-09 02:45:00,0.8151,0.8169,0.8129,0.8149,1744617.9,0.8149,0.831935,0.83277,0.8251574586423164,0.8298645857642192,-0.004707127121902799,-0.0022486717637049862,5.128205128204982,0.0025245884851017343,0.831935,0.848959103655203,0.814910896344797
2025-10-09 03:00:00,0.8148,0.82,0.8148,0.8192,1331278.0,0.8192,0.830875,0.8327559999999999,0.8242409265422074,0.8290745503868604,-0.004833623844653023,-0.00276566217989537,18.506493506493598,0.0028107504968802196,0.830875,0.8483148062519401,0.81343519374806
2025-10-09 03:15:00,0.8192,0.823,0.8191,0.8208,940471.5,0.8208,0.8299049999999999,0.8328260000000001,0.8237115532273906,0.8284615732691641,-0.004750020041773495,-0.0031625337522714716,22.291021671826584,0.0028946615142360077,0.8299049999999999,0.8473190264094614,0.8124909735905383
2025-10-09 03:30:00,0.8208,0.8222,0.8192,0.8196,893688.6,0.8196,0.8288800000000001,0.832796,0.8230790065763849,0.8278051133732629,-0.004726106796878016,-0.0034752483611930817,22.784810126582258,0.002884720177447765,0.8288800000000001,0.8461802707614942,0.811579729238506
2025-10-09 03:45:00,0.8196,0.822,0.8194,0.8213,556012.4,0.8213,0.828045,0.832792,0.8228053132567075,0.8273232211358772,-0.004517907879169725,-0.003683780264788571,27.63975155279509,0.0029591489404257217,0.828045,0.8451022380068115,0.8109877619931886
2025-10-09 04:00:00,0.8213,0.8223,0.8196,0.8197,868725.3,0.8197,0.8271599999999999,0.8327839999999999,0.8223275727553305,0.8267585033800828,-0.004430930624752305,-0.00383321033678141,26.646706586826326,0.002965703999023421,0.8271599999999999,0.8440089762300255,0.8103110237699743
2025-10-09 04:15:00,0.8197,0.825,0.8197,0.825,599722.0,0.825,0.8264400000000001,0.832918,0.8227387154086079,0.8266282364570509,-0.0038895210484429787,-0.0038444724791137294,36.78756476683928,0.003332894236017575,0.8264400000000001,0.8422876164570069,0.8105923835429932
2025-10-09 04:30:00,0.825,0.825,0.8214,0.8223,786735.0,0.8223,0.8256249999999999,0.8329000000000001,0.8226712207303256,0.8263076094540747,-0.003636388723749051,-0.0038028557280407765,39.887640449438216,0.0033763975395871273,0.8256249999999999,0.8404853145110861,0.8107646854889138
2025-10-09 04:45:00,0.8224,0.8255,0.8224,0.8251,1575000.9,0.8251,0.8249449999999999,0.832954,0.8230448790796698,0.8262181525372705,-0.003173273457600656,-0.0036769392739527127,45.45454545454535,0.003509779952403848,0.8249449999999999,0.8384708777320007,0.8114191222679992
2025-10-09 05:00:00,0.8252,0.8259,0.8226,0.8226,708898.2,0.8226,0.824235,0.832924,0.8229764361443106,0.8259501291298761,-0.0029736929855654903,-0.0035362900162752326,46.07046070460701,0.0035305533075174547,0.824235,0.8365799158510056,0.8118900841489946
2025-10-09 05:15:00,0.8226,0.8233,0.82,0.8216,648140.3,0.8216,0.8235300000000001,0.8328059999999999,0.8227646767374273,0.8256278838629533,-0.0028632071255260128,-0.0034016734381253615,42.89617486338797,0.003529936989410016,0.8235300000000001,0.8346697061286001,0.8123902938714
2025-10-09 05:30:00,0.8216,0.8238,0.8202,0.8209,931653.4,0.8209,0.8228099999999999,0.832538,0.8224778033931316,0.8252776566786524,-0.0027998532855207925,-0.003281309407604428,45.906432748537966,0.0035288872963033795,0.8228099999999999,0.8325157552107253,0.8131042447892746
2025-10-09 05:45:00,0.8208,0.8213,0.8197,0.8213,417236.0,0.8213,0.8221149999999999,0.832098,0.8222966028710708,0.8249830048762474,-0.002686402005176669,-0.0031623279271188617,53.84615384615398,0.0035382156777291163,0.8221149999999999,0.8298822117872096,0.8143477882127903
2025-10-09 06:00:00,0.8213,0.8213,0.8173,0.8183,725260.3,0.8183,0.821555,0.83164,0.8216817408907894,0.8244879510392416,-0.0028062101484521706,-0.003091104371385516,55.70934256055379,0.0033198501237056565,0.821555,0.8286677683558664,0.8144422316441337
2025-10-09 06:15:00,0.8182,0.8199,0.8167,0.8193,692302.5,0.8193,0.821095,0.831168,0.8213153192152245,0.824103646553723,-0.002788327338498542,-0.0030305489648081163,57.382550335570606,0.0033436951817003187,0.821095,0.8274681261435902,0.8147218738564098
2025-10-09 06:30:00,0.8192,0.8212,0.8187,0.8193,388365.1,0.8193,0.8207849999999999,0.8307079999999999,0.8210052701051479,0.8237478107528565,-0.0027425406477086245,-0.002972947301388214,50.19607843137253,0.003265950664868537,0.8207849999999999,0.8268517428181076,0.8147182571818922
2025-10-09 06:45:00,0.8193,0.8202,0.8163,0.8172,725848.0,0.8172,0.8203050000000001,0.8302780000000002,0.8204198439350578,0.8232627749485798,-0.0028429310135219543,-0.0029469440438149603,43.07692307692317,0.003267212057527309,0.8203050000000001,0.8258659446376646,0.8147440553623355
2025-10-09 07:00:00,0.8172,0.8185,0.8162,0.8174,761096.5,0.8174,0.81999,0.82986,0.8199552525603884,0.8228284847228583,-0.0028732321624699297,-0.002932201667545953,45.60000000000002,0.0031842208326154043,0.81999,0.8254541029504069,0.8145258970495931
2025-10-09 07:15:00,0.8173,0.8189,0.8151,0.8165,684260.4,0.8165,0.8198650000000001,0.829372,0.8194236752433618,0.8223596974823839,-0.002936022239022118,-0.002932965781841186,40.082644628099075,0.002935540846579368,0.8198650000000001,0.8255349670471533,0.8141950329528468
2025-10-09 07:30:00,0.8164,0.8165,0.8137,0.814,684443.0,0.814,0.819815,0.8289,0.8185892636674019,0.8217404476737732,-0.003151184006371266,-0.0029766094267472034,38.645418326693104,0.0028062723550921318,0.819815,0.8256798910789916,0.8139501089210083
2025-10-09 07:45:00,0.814,0.818,0.8139,0.8148,1052211.1,0.8148,0.81981,0.8284179999999999,0.8180063000262289,0.8212263304774571,-0.0032200304512282063,-0.0030252936316434048,25.242718446601913,0.002815794983545502,0.81981,0.8256926775142666,0.8139273224857335
2025-10-09 08:00:00,0.8147,0.8152,0.8094,0.8101,1923502.0,0.8101,0.819355,0.8278659999999999,0.8167899461759792,0.8204021430634293,-0.00361219688745007,-0.0031426742828047395,23.008849557522083,0.00280903241411747,0.819355,0.826669721997093,0.8120402780029071
2025-10-09 08:15:00,0.81,0.8111,0.8038,0.804,6654358.5,0.804,0.818515,0.8271540000000001,0.8148222621488225,0.8191871493205802,-0.004364887171757759,-0.003387116860595346,9.26640926640951,0.0031438520145503014,0.818515,0.8285015751992637,0.8085284248007363
2025-10-09 08:30:00,0.8041,0.8081,0.8039,0.8051,3376908.1,0.8051,0.8177899999999999,0.8264580000000001,0.8133265295104888,0.8181436407283075,-0.0048171112178186926,-0.0036731157320400182,14.285714285714477,0.0031867278748271464,0.8177899999999999,0.8294157246520049,0.806164275347995
2025-10-09 08:45:00,0.8051,0.8074,0.8022,0.8027,2320343.1,0.8027,0.8168599999999999,0.825688,0.8116916788165179,0.8169996510489069,-0.005307972232388991,-0.004000087032109816,13.513513513513658,0.0031396043409954435,0.8168599999999999,0.8301588958781915,0.8035611041218084
2025-10-09 09:00:00,0.8028,0.8068,0.8025,0.806,1433130.0,0.806,0.816175,0.825018,0.8108160359216466,0.8161848513379113,-0.005368815416264661,-0.004273832708940786,23.859649122807355,0.0033432655323864507,0.816175,0.8302468270238625,0.8021031729761374
2025-10-09 09:15:00,0.8061,0.8081,0.8042,0.807,1825991.8,0.807,0.8152750000000001,0.8244600000000001,0.81022895347215,0.815504483672406,-0.005275530200256062,-0.004474172207203842,25.429553264604948,0.0029199090123140756,0.8152750000000001,0.8292725749779454,0.8012774250220548
2025-10-09 09:30:00,0.807,0.8089,0.806,0.8061,1449582.9,0.8061,0.814465,0.8238639999999999,0.8095937298610383,0.8148078473765075,-0.0052141175154691854,-0.004622161268856912,27.407407407407547,0.002874854800201949,0.814465,0.8286248803146906,0.8003051196853094
2025-10-09 09:45:00,0.806,0.8082,0.8055,0.8075,1812127.3,0.8075,0.813585,0.8232300000000001,0.8092716175747198,0.8142665196820424,-0.004994902107322674,-0.004696709436550065,28.467153284671554,0.002762615109275349,0.813585,0.8271365040920906,0.8000334959079094
2025-10-09 10:00:00,0.8075,0.8093,0.8067,0.8087,1995080.3,0.8087,0.81289,0.822608,0.809183676409377,0.8138541808941784,-0.00467050448480133,-0.004691468446200318,31.468531468531424,0.002778830864001072,0.81289,0.8259101301634717,0.7998698698365283
2025-10-09 10:15:00,0.8087,0.8088,0.8046,0.8055,1400746.0,0.8055,0.8120850000000001,0.821952,0.8086169569617744,0.8132353471260372,-0.004618390164262798,-0.004676852789812814,30.30303030303027,0.002864212414972377,0.8120850000000001,0.8248255320883707,0.7993444679116294
2025-10-09 10:30:00,0.8054,0.8117,0.8054,0.8095,1472909.7,0.8095,0.811515,0.8213339999999999,0.8087528097368872,0.8129586524470607,-0.004205842710173435,-0.0045826507738849385,38.2089552238806,0.003158736500824179,0.811515,0.8235980938875276,0.7994319061124724
2025-10-09 10:45:00,0.8095,0.8113,0.8077,0.8083,900254.0,0.8083,0.8108650000000001,0.8206960000000001,0.8086831467004425,0.8126135644254237,-0.00393041772498115,-0.004452204164104181,37.86982248520714,0.003150655493018435,0.8108650000000001,0.8221007090517161,0.799629290948284
2025-10-09 11:00:00,0.8083,0.8106,0.8082,0.8101,1363827.3,0.8101,0.8104549999999999,0.8200959999999999,0.8089011241311452,0.8124273731415039,-0.003526249010358695,-0.004267013133355084,44.10876132930529,0.0031440485693781956,0.8104549999999999,0.8211329605780009,0.799777039421999
2025-10-09 11:15:00,0.8101,0.8145,0.81,0.8145,1468117.4,0.8145,0.810215,0.8196260000000001,0.8097624896494355,0.8125809020697118,-0.0028184124202762506,-0.0039772929907393164,49.591280653950996,0.003396093806718313,0.810215,0.8202524614110854,0.8001775385889146
2025-10-09 11:30:00,0.8144,0.815,0.8122,0.815,1020268.7,0.815,0.8099999999999999,0.819178,0.8105682604726032,0.8127600956034942,-0.00219183513089094,-0.003620201418769641,57.5384615384614,0.0034016058801269572,0.8099999999999999,0.8193808315196512,0.8006191684803486
2025-10-09 11:45:00,0.815,0.8153,0.8125,0.8127,613567.7,0.8127,0.8097749999999999,0.818644,0.8108962203998964,0.8127556440521337,-0.0018594236522373464,-0.0032680458654631814,65.15679442508701,0.0034113213518547113,0.8097749999999999,0.8186298232470741,0.8009201767529257
2025-10-09 12:00:00,0.8126,0.8172,0.8121,0.8153,1008109.1,0.8153,0.80967,0.8181780000000001,0.8115737249537607,0.812944115850032,-0.001370390896271334,-0.002888514871624812,66.88741721854302,0.0034976854277931077,0.80967,0.8181874990151904,0.8011525009848096
2025-10-09 12:15:00,0.8152,0.8164,0.8142,0.8146,789716.4,0.8146,0.8095749999999999,0.817696,0.8120393057301065,0.8130667745299467,-0.00102746879984017,-0.0025163056572678837,70.87719298245621,0.003494534958835062,0.8095749999999999,0.8178094270883753,0.8013405729116245
2025-10-09 12:30:00,0.8146,0.8213,0.8133,0.8201,1792336.5,0.8201,0.80988,0.8173620000000001,0.8132794125408623,0.8135877565333499,-0.0003083439924875808,-0.0020747133243118232,72.96416938110754,0.0037387879659462574,0.80988,0.8191866133814435,0.8005733866185566
2025-10-09 12:45:00,0.82,0.8207,0.818,0.8191,748255.5,0.8191,0.8100949999999999,0.81703,0.8141748875345776,0.8139960725615645,0.00017881497301308613,-0.0016240076648468412,69.7068403908795,0.0037525032230690918,0.8100949999999999,0.8200558655299298,0.80013413447007
2025-10-09 13:00:00,0.8191,0.82,0.8146,0.8148,1300812.8,0.8148,0.8103300000000001,0.8166199999999999,0.8142710586831043,0.8140556229714008,0.000215435711703571,-0.0012561189895367588,62.756598240469096,0.003710133852772925,0.8103300000000001,0.8205107041427491,0.8001492958572511
2025-10-09 13:15:00,0.8148,0.8176,0.814,0.816,660258.5,0.816,0.8109300000000002,0.816236,0.8145370496549348,0.814199651412751,0.0003373982421838173,-0.0009374155431926436,62.5368731563421,0.00322512250404084,0.8109300000000002,0.8209531521462786,0.8009068478537217
2025-10-09 13:30:00,0.816,0.816,0.809,0.8106,1904509.6,0.8106,0.811205,0.8158580000000001,0.813931349708021,0.8139330096874643,-1.6599794433469484e-06,-0.0007502644304427842,52.49343832020999,0.003614837115895059,0.811205,0.8208493001983485,0.8015606998016515
2025-10-09 13:45:00,0.8105,0.8133,0.8065,0.8077,3111152.2,0.8077,0.8114549999999999,0.815442,0.8129726805221704,0.8134713038554348,-0.0004986233332643364,-0.0006999362110070947,52.91005291005287,0.003646069391078749,0.8114549999999999,0.8204052660942548,0.8025047339057451
2025-10-09 14:00:00,0.8077,0.8127,0.8042,0.8119,3408198.5,0.8119,0.81175,0.81517,0.8128076527495286,0.8133549106479601,-0.0005472578984314636,-0.0006694005484919685,53.15789473684205,0.0037132160776413214,0.81175,0.8203242576784765,0.8031757423215234
2025-10-09 14:15:00,0.8118,0.8126,0.8044,0.805,3283109.9,0.805,0.81165,0.814734,0.8116064754034463,0.8127360267565206,-0.001129551353074243,-0.0007614307094084235,46.224256292906205,0.004199921975958523,0.81165,0.8204997398118201,0.8028002601881798
2025-10-09 14:30:00,0.805,0.805,0.7979,0.8006,5956215.9,0.8006,0.811375,0.8142720000000001,0.8099131714952228,0.8118370596311092,-0.001923888135886398,-0.0009939221947040185,39.74082073434119,0.0043638844263093135,0.811375,0.8212350469733092,0.8015149530266907
2025-10-09 14:45:00,0.8006,0.8077,0.7985,0.806,3062223.6,0.806,0.8112999999999999,0.8140120000000001,0.8093111451113421,0.8114046838725584,-0.002093538761216318,-0.0012138455080064785,41.01479915433411,0.004624804954237427,0.8112999999999999,0.8213058930004731,0.8012941069995267
2025-10-09 15:00:00,0.8061,0.8101,0.8061,0.8077,2166396.8,0.8077,0.81125,0.813866,0.8090632766326739,0.8111302622742983,-0.0020669856416244414,-0.0013844735347300712,42.47422680412376,0.004638010091759043,0.81125,0.8213203838843921,0.801179616115608
2025-10-09 15:15:00,0.8077,0.81,0.8026,0.803,1735434.4,0.803,0.811125,0.813628,0.8081304648430313,0.8105280194647471,-0.0023975546217157584,-0.001587089752127209,40.4715127701376,0.004738137619867477,0.811125,0.8215516611701911,0.8006983388298089
2025-10-09 15:30:00,0.803,0.805,0.8,0.8002,2063680.6,0.8002,0.81066,0.813248,0.8069103933287184,0.8097629796219279,-0.0028525862932095025,-0.0018401890603436679,35.22504892367908,0.004634132184118129,0.81066,0.8221654952545604,0.7991545047454397
2025-10-09 15:45:00,0.8002,0.8059,0.8002,0.8041,1152585.9,0.8041,0.81045,0.8129139999999999,0.8064780251243,0.8093434989574613,-0.0028654738331612695,-0.0020452460149071885,40.331491712707226,0.004783620130853101,0.81045,0.8222854507618815,0.7986145492381185
2025-10-09 16:00:00,0.804,0.8063,0.8022,0.8025,2238151.6,0.8025,0.81007,0.812572,0.805866021259023,0.8088365723339211,-0.0029705510748981867,-0.002230307026905388,32.53968253968249,0.004761600099861014,0.81007,0.8224292028358193,0.7977107971641806
2025-10-09 16:15:00,0.8025,0.8057,0.8001,0.8036,2175316.6,0.8036,0.809525,0.812218,0.8055174026037887,0.8084486775379837,-0.002931274934194983,-0.002370500608363307,34.653465346534574,0.004580270519401489,0.809525,0.8220222207436645,0.7970277792563356
2025-10-09 16:30:00,0.8037,0.8043,0.8003,0.8032,1182457.7,0.8032,0.808935,0.811888,0.8051608791262828,0.808059886099754,-0.00289900697347123,-0.0024762018813848916,37.553648068669546,0.00457068926297441,0.808935,0.8214580356165236,0.7964119643834763
2025-10-09 16:45:00,0.8033,0.8036,0.7939,0.7966,3328531.9,0.7966,0.8081299999999999,0.8113199999999999,0.8038438207991622,0.8072110046179083,-0.0033671838187461223,-0.002654398268857138,31.346153846153854,0.00485189168327372,0.8081299999999999,0.8216631328305983,0.7945968671694015
2025-10-09 17:00:00,0.7966,0.8037,0.7953,0.8025,1899598.1,0.8025,0.8074899999999999,0.810924,0.8036370791377526,0.8068620409208187,-0.0032249617830660826,-0.002768510971698927,42.28571428571429,0.00512646489830886,0.8074899999999999,0.8208043215334029,0.794175678466597
2025-10-09 17:15:00,0.8025,0.8054,0.801,0.8016,1293373.1,0.8016,0.80684,0.810454,0.8033236823473291,0.8064722597063899,-0.0031485773590608224,-0.0028445242491713066,43.96039603960397,0.005127018350702159,0.80684,0.8199607188506575,0.7937192811493425
2025-10-09 17:30:00,0.8016,0.8051,0.801,0.8039,813708.0,0.8039,0.80603,0.8100799999999999,0.8034123466015861,0.8062817217668317,-0.002869375165245547,-0.002849494432386155,41.76954732510287,0.0048946047503241955,0.80603,0.8176142179392165,0.7944457820607835
2025-10-09 17:45:00,0.8039,0.8094,0.8036,0.8087,1800261.5,0.8087,0.80551,0.809822,0.8042258317398037,0.806460853647569,-0.0022350219077653666,-0.0027265999274619975,53.97849462365582,0.005134713391912985,0.80551,0.8154394140390058,0.7955805859609941
2025-10-09 18:00:00,0.8087,0.8094,0.8052,0.8074,1741424.7,0.8074,0.80514,0.809552,0.8047141653182955,0.8065304201014936,-0.0018162547831980236,-0.002544530898609203,57.83410138248851,0.005025531988106988,0.80514,0.8141177268251758,0.7961622731748241
2025-10-09 18:15:00,0.8074,0.8094,0.8068,0.8072,1243451.4,0.8072,0.8047000000000001,0.80927,0.8050966014231732,0.8065800186504187,-0.0014834172272455426,-0.002332308164336471,51.570680628272235,0.005005680029726652,0.8047000000000001,0.8121731801164397,0.7972268198835605
2025-10-09 18:30:00,0.8071,0.8075,0.804,0.8051,440551.6,0.8051,0.804425,0.809006,0.8050971242811465,0.8064703875616585,-0.001373263280511905,-0.002140499187571558,46.63212435233169,0.004825950265708923,0.804425,0.8113701611326168,0.797479838867383
2025-10-09 18:45:00,0.805,0.8058,0.804,0.8045,344505.2,0.8045,0.804265,0.80871,0.805005259007124,0.8063244328317809,-0.0013191738246568496,-0.001976234114988616,52.17391304347818,0.004766806941117054,0.804265,0.8110377861016769,0.7974922138983231
2025-10-09 19:00:00,0.8045,0.8072,0.8042,0.8067,472358.9,0.8067,0.8040049999999999,0.8084580000000001,0.8052659883906435,0.8063522526389055,-0.001086264248262081,-0.001798240141643309,59.587020648967474,0.004650613661684982,0.8040049999999999,0.8098839454836833,0.7981260545163165
2025-10-09 19:15:00,0.8067,0.8103,0.8056,0.8101,618005.5,0.8101,0.80426,0.8083159999999999,0.8060096824843906,0.8066298637105672,-0.0006201812261765749,-0.0015626283585499624,58.982035928143695,0.004330421063950181,0.80426,0.8107330697183845,0.7977869302816154
2025-10-09 19:30:00,0.8102,0.8103,0.8077,0.8081,562653.1,0.8081,0.804635,0.8081299999999999,0.8063312697944846,0.8067387627516402,-0.00040749295715569733,-0.0013316012782711095,58.28402366863911,0.004168317799843631,0.804635,0.8110842431216556,0.7981857568783444
2025-10-09 19:45:00,0.8081,0.8094,0.8067,0.8092,798571.7,0.8092,0.804795,0.807984,0.8067726129030253,0.8069210767097368,-0.0001484638067115185,-0.0010949737839591914,58.28402366863911,0.0039077658806156565,0.804795,0.8115388783156993,0.7980511216843008
2025-10-09 20:00:00,0.8092,0.8118,0.8071,0.8072,608152.9,0.8072,0.8047700000000001,0.807848,0.8068383647640983,0.8069417377034187,-0.00010337293932038971,-0.000896653615031431,55.649717514124276,0.003924515630026643,0.8047700000000001,0.8114721127855021,0.7980678872144981
2025-10-09 20:15:00,0.8071,0.8094,0.8068,0.8079,319982.0,0.8079,0.805015,0.80771,0.8070016932619293,0.8070127201250814,-1.1026863152130417e-05,-0.0007195282646555709,69.15254237288133,0.0036821542143726372,0.805015,0.811802379930128,0.798227620069872
2025-10-09 20:30:00,0.8078,0.8085,0.8073,0.8083,269609.9,0.8083,0.80542,0.8076740000000001,0.807201432760094,0.8071080742263637,9.335853373038105e-05,-0.0005569509049783805,62.08333333333338,0.003572014393086414,0.80542,0.8119597891483883,0.7988802108516118
2025-10-09 20:45:00,0.8083,0.8089,0.807,0.8088,437652.4,0.8088,0.805655,0.80777,0.807447366181618,0.8072334021058355,0.00021396407578255783,-0.0004027679088261928,65.25423728813558,0.003421974807443466,0.805655,0.8123314235619874,0.7989785764380126
2025-10-09 21:00:00,0.8089,0.8106,0.8073,0.8104,403233.3,0.8104,0.8060499999999999,0.8078759999999999,0.8079016175382921,0.8074679649897327,0.0004336525485594267,-0.0002354838173490689,64.19213973799138,0.0033973527483295483,0.8060499999999999,0.8128736431078469,0.7992263568921529
2025-10-09 21:15:00,0.8105,0.812,0.8092,0.8095,578609.1,0.8095,0.806345,0.8080120000000001,0.808147522532401,0.8076184861473095,0.000529036385091497,-8.257977686095567e-05,52.10526315789479,0.00340899156830844,0.806345,0.8132325096714119,0.799457490328588
2025-10-09 21:30:00,0.8094,0.8125,0.8084,0.8116,1355489.2,0.8116,0.8067650000000001,0.808124,0.8086786729120317,0.8079134131822805,0.0007652597297511665,8.698812446146882e-05,60.60606060606054,0.0034374941819478966,0.8067650000000001,0.8138661563180049,0.7996638436819953
2025-10-09 21:45:00,0.8116,0.8128,0.8106,0.8121,429252.9,0.8121,0.80754,0.8082259999999999,0.8092050309255653,0.8082235308050659,0.0009815001204993568,0.00026589052366904646,62.18905472636813,0.0027546753168965765,0.80754,0.813208899456926,0.8018711005430741
2025-10-09 22:00:00,0.8122,0.8135,0.8111,0.813,397770.6,0.813,0.808065,0.8083640000000001,0.8097888723216322,0.8085773434233086,0.001211528898323655,0.00045501819859996824,70.89947089947063,0.0023027871943701664,0.808065,0.8137133905486055,0.8024166094513946
2025-10-09 22:15:00,0.813,0.8155,0.8125,0.815,535659.6,0.815,0.8087349999999999,0.808514,0.8105905842721502,0.8090530958685054,0.001537488403644871,0.0006715122396089489,75.86206896551715,0.0022968068526653825,0.8087349999999999,0.8143332234024067,0.8031367765975931
2025-10-09 22:30:00,0.815,0.8178,0.8137,0.8177,1024971.8,0.8177,0.8094250000000001,0.808694,0.8116843405379733,0.809693607418019,0.0019907331199543465,0.0009353564156780285,76.44230769230766,0.002319548833215575,0.8094250000000001,0.8158541687274802,0.8029958312725199
2025-10-09 22:45:00,0.8176,0.819,0.8163,0.8177,685753.8,0.8177,0.8098750000000001,0.8089379999999999,0.8126098266090545,0.8102866736486851,0.0023231529603693346,0.0012129157246162899,71.83908045976997,0.001986657424928274,0.8098750000000001,0.8172768134335685,0.8024731865664317
2025-10-09 23:00:00,0.8178,0.818,0.8139,0.8144,429299.1,0.8144,0.810225,0.809036,0.8128852378999691,0.8105913645435069,0.0022938733564622504,0.0014291072509854822,66.84491978609623,0.002189624163787457,0.810225,0.8177941548579247,0.8026558451420752
2025-10-09 23:15:00,0.8144,0.8147,0.813,0.8145,388874.8,0.8145,0.81059,0.80916,0.8131336628384354,0.8108808931433371,0.0022527696950982445,0.0015938397398080348,64.97175141242936,0.002185115832506879,0.81059,0.8182484731197806,0.8029315268802195
2025-10-09 23:30:00,0.8144,0.8149,0.8135,0.8148,387922.8,0.8148,0.811075,0.8092539999999999,0.813390022401753,0.8111711973990386,0.0022188250027143086,0.0017188367923892899,73.74999999999996,0.0020642115567974947,0.811075,0.8184944268469285,0.8036555731530715
2025-10-09 23:45:00,0.8147,0.8157,0.8142,0.8152,320350.9,0.8152,0.8116099999999999,0.809268,0.8136684804937909,0.8114696272633053,0.002198853230485631,0.0018148400800085582,73.2484076433123,0.0020401459199945993,0.8116099999999999,0.8185615314480884,0.8046584685519115
2025-10-10 00:00:00,0.8152,0.8169,0.8143,0.8148,1452739.8,0.8148,0.8120149999999999,0.809264,0.8138425604178231,0.8117163215722241,0.0021262388455990378,0.0018771198331266545,70.70063694267495,0.001994727298162424,0.8120149999999999,0.8187008137323165,0.8053291862676834
2025-10-10 00:15:00,0.8149,0.8175,0.8149,0.8174,983112.6,0.8174,0.8123799999999999,0.809358,0.8143898588150811,0.812137334839863,0.0022525239752181347,0.0019522006615449506,74.15730337078645,0.0019055719122895278,0.8123799999999999,0.8194136334849117,0.8053463665150881
2025-10-10 00:30:00,0.8173,0.8175,0.8152,0.8153,335940.7,0.8153,0.81274,0.809358,0.8145298805358379,0.8123716063593629,0.0021582741764749613,0.0019934153645309533,63.38797814207648,0.001913772438707759,0.81274,0.819585790100882,0.8058942098991181
2025-10-10 00:45:00,0.8154,0.8162,0.8136,0.8153,384255.6,0.8153,0.813045,0.8093720000000001,0.8146483604534012,0.8125885244292425,0.002059836024158712,0.002006699496456505,66.66666666666666,0.001903664960736814,0.813045,0.8197691825956034,0.8063208174043967
2025-10-10 01:00:00,0.8153,0.8172,0.8146,0.8165,494689.7,0.8165,0.81351,0.8092999999999999,0.8149332280759548,0.8128782633881441,0.0020549646878107453,0.002016352534727353,64.84848484848483,0.0017941325663941143,0.81351,0.8198048266143976,0.8072151733856023
2025-10-10 01:15:00,0.8166,0.817,0.8155,0.8169,345816.9,0.8169,0.81396,0.809256,0.8152358083719617,0.813176169830241,0.002059638541720754,0.0020250097361260333,64.63414634146318,0.0017928757455559373,0.81396,0.8198392767188579,0.8080807232811421
2025-10-10 01:30:00,0.817,0.8171,0.8139,0.8147,325445.6,0.8147,0.8142799999999999,0.8092539999999999,0.8151533763147368,0.8132890461483753,0.0018643301663615608,0.0019928738221731386,54.80225988700574,0.0019346681757117683,0.8142799999999999,0.8195245861810618,0.809035413818938
2025-10-10 01:45:00,0.8147,0.8162,0.814,0.8153,579726.7,0.8153,0.814605,0.80924,0.8151759338047773,0.8134380057042591,0.0017379281005182046,0.0019418846778421518,50.92024539877325,0.0019355607604258215,0.814605,0.8191829678323184,0.8100270321676817
2025-10-10 02:00:00,0.8153,0.8155,0.8122,0.8138,507598.1,0.8138,0.814775,0.8093039999999999,0.8149642516809653,0.8134648200984228,0.0014994315825425097,0.0018533940587822234,37.08609271523184,0.001960054728666838,0.814775,0.8189283119314659,0.8106216880685342
2025-10-10 02:15:00,0.8138,0.8173,0.8137,0.8151,644471.5,0.8151,0.8150550000000001,0.809452,0.8149851360377398,0.8135859445434674,0.0013991914942723671,0.001762553545880252,42.0731707317076,0.001957475929444571,0.8150550000000001,0.8183842799917119,0.8117257200082882
2025-10-10 02:30:00,0.8151,0.8155,0.8129,0.8141,414483.8,0.8141,0.81518,0.809496,0.8148489612627029,0.8136240227277298,0.0012249385349730746,0.001655030543698817,48.936170212766086,0.001912513054001439,0.81518,0.8181291122660809,0.8122308877339192
2025-10-10 02:45:00,0.8142,0.8145,0.8122,0.8131,1326817.2,0.8131,0.81523,0.809658,0.8145798902992102,0.8135852062272115,0.0009946840719986527,0.001522961249358784,45.33333333333355,0.0019334908906283644,0.81523,0.8179868861152911,0.8124731138847089
2025-10-10 03:00:00,0.8132,0.8136,0.8089,0.8113,1189814.4,0.8113,0.815145,0.8098719999999999,0.8140752917916393,0.8134159316831083,0.0006593601085309597,0.0013502410211932193,39.39393939393974,0.001981104073613994,0.815145,0.8182714407205322,0.8120185592794679
2025-10-10 03:15:00,0.8113,0.8193,0.8106,0.8193,997667.8,0.8193,0.8153599999999999,0.810138,0.814879093054464,0.8138517886163416,0.0010273044381224894,0.0012856537045790736,58.50622406638994,0.002942748872968307,0.8153599999999999,0.8189945708499367,0.8117254291500631
2025-10-10 03:30:00,0.8193,0.8216,0.8193,0.8205,1251795.4,0.8205,0.8155000000000001,0.8103940000000001,0.8157438479691619,0.8143442487406694,0.0013995992284925318,0.0013084428093617653,61.44578313253013,0.0028701985099924285,0.8155000000000001,0.8196877012913191,0.8113122987086812
2025-10-10 03:45:00,0.8206,0.8219,0.8155,0.8158,1222777.2,0.8158,0.8154049999999999,0.81065,0.815752486743137,0.8144520821717134,0.0013004045714236634,0.001306835161774145,47.03703703703697,0.003159759607319303,0.8154049999999999,0.8194668766728342,0.8113431233271656
2025-10-10 04:00:00,0.8157,0.8201,0.8155,0.8186,1261367.0,0.8186,0.815615,0.811018,0.8161905657057313,0.8147593353558585,0.001431230349872803,0.0013317141993938767,55.95667870036092,0.00311252715865134,0.815615,0.8198869525918974,0.8113430474081026
2025-10-10 04:15:00,0.8186,0.8189,0.8164,0.8167,393866.6,0.8167,0.8157250000000001,0.81127,0.8162689402125419,0.8149030882975212,0.0013658519150206994,0.0013385417425192414,52.36486486486477,0.0031657864734506128,0.8157250000000001,0.8199893565566397,0.8114606434433606
2025-10-10 04:30:00,0.8167,0.8182,0.8148,0.8159,426798.3,0.8159,0.81578,0.8115380000000001,0.8162121801798432,0.8149769336112225,0.0012352465686207292,0.001317882707739539,48.97260273972596,0.0031749952143950593,0.81578,0.8200224421963679,0.811537557803632
2025-10-10 04:45:00,0.816,0.8164,0.8151,0.8163,237338.0,0.8163,0.8158350000000001,0.811792,0.8162256909214057,0.8150749385318671,0.0011507523895386562,0.0012844566440993626,48.97260273972615,0.00317499062422407,0.8158350000000001,0.820074302325923,0.8115956976740771
2025-10-10 05:00:00,0.8163,0.8165,0.8125,0.8136,415856.8,0.8136,0.815775,0.812,0.8158217384719587,0.8149656838227501,0.0008560546492085708,0.0011987762451212043,48.14814814814819,0.0032625487312776978,0.815775,0.8201088933511334,0.8114411066488667
2025-10-10 05:15:00,0.8136,0.8182,0.8133,0.8168,373157.3,0.8168,0.815745,0.8124040000000001,0.8159722402455035,0.8151015590986542,0.0008706811468492948,0.0011331572254668224,52.3219814241485,0.0033055129896035164,0.815745,0.8200396600870393,0.8114503399129608
2025-10-10 05:30:00,0.8169,0.8186,0.8147,0.8185,498315.2,0.8185,0.8159050000000001,0.812724,0.8163611263615799,0.8153532954677472,0.0010078308938327174,0.0011080919591400014,57.230769230769226,0.003281088613706995,0.8159050000000001,0.8203651038458583,0.811444896154142
2025-10-10 05:45:00,0.8185,0.8222,0.8183,0.8216,1073429.9,0.8216,0.8162200000000001,0.813124,0.8171671069213369,0.8158160143322511,0.0013510925890857228,0.0011566920851291457,59.47521865889199,0.0033767797407028358,0.8162200000000001,0.8213411018551259,0.8110988981448742
2025-10-10 06:00:00,0.8217,0.8223,0.8193,0.8195,641295.6,0.8195,0.81637,0.813436,0.8175260135488235,0.816088902165096,0.0014371113837274851,0.0012127759448488137,57.62711864406769,0.003428597308361259,0.81637,0.8216972289627065,0.8110427710372936
2025-10-10 06:15:00,0.8196,0.8207,0.8178,0.8178,474059.9,0.8178,0.8164149999999999,0.8136180000000001,0.8175681653105429,0.8162156501552769,0.0013525151552660208,0.0012407237869322553,56.50969529085859,0.0034645112731358156,0.8164149999999999,0.8217761762260124,0.8110538237739874
2025-10-10 06:30:00,0.8179,0.8197,0.8154,0.8169,515865.2,0.8169,0.8165250000000001,0.813808,0.8174653706473823,0.81626634273726,0.0011990279101223855,0.0012323846115702814,57.95454545454532,0.0034158448440332195,0.8165250000000001,0.8218279783091593,0.8112220216908408
2025-10-10 06:45:00,0.817,0.8186,0.8141,0.8155,502372.0,0.8155,0.816535,0.8139739999999999,0.8171630059324004,0.8162095766076486,0.0009534293247518422,0.0011765935542065937,43.35664335664335,0.003437213986398822,0.816535,0.8218289985882767,0.8112410014117233
2025-10-10 07:00:00,0.8154,0.8158,0.8123,0.8148,889691.1,0.8148,0.8165850000000001,0.8141680000000001,0.816799466558185,0.8161051635240244,0.000694303034160626,0.0010801354501974003,39.85765124555162,0.003416238470069592,0.8165850000000001,0.8217883491239113,0.8113816508760889
2025-10-10 07:15:00,0.8148,0.8148,0.8111,0.8138,1202079.1,0.8138,0.8165199999999999,0.8143539999999999,0.816338010164618,0.8159344106680063,0.00040359949661172845,0.0009448282594802659,45.90163934426233,0.0034080140242429943,0.8165199999999999,0.8218327849768808,0.811207215023119
2025-10-10 07:30:00,0.8138,0.8145,0.8111,0.8138,835795.3,0.8138,0.8165049999999999,0.8144959999999999,0.815947547062369,0.8157763061720339,0.00017124089033515588,0.0007901107856512439,38.888888888888914,0.003397201215363099,0.8165049999999999,0.8218481609016665,0.8111618390983334
2025-10-10 07:45:00,0.8138,0.8138,0.8101,0.8105,1025676.4,0.8105,0.8163750000000001,0.814504,0.8151094628989276,0.8153854686731257,-0.0002760057741980626,0.0005768874736813826,36.521739130434895,0.0035074383545650313,0.8163750000000001,0.8221740471086609,0.8105759528913392
2025-10-10 08:00:00,0.8106,0.8125,0.8084,0.812,1517596.4,0.812,0.81641,0.814582,0.8146310839914004,0.8151346932130745,-0.0005036092216741395,0.0003607881346102782,41.772151898734435,0.003499571804745001,0.81641,0.8220872491485562,0.8107327508514437
2025-10-10 08:15:00,0.812,0.8148,0.812,0.8138,456072.6,0.8138,0.816135,0.814674,0.8145032249158003,0.8150358270481274,-0.0005326021323270869,0.00018211008122280515,45.019920318724985,0.0026969746099165855,0.816135,0.8217553670979606,0.8105146329020395
2025-10-10 08:30:00,0.8137,0.8146,0.8107,0.8116,419673.3,0.8116,0.81569,0.8147619999999999,0.8140565749287542,0.8147813213384377,-0.0007247464096835632,7.387830415314398e-07,45.934959349593484,0.0027117281892922655,0.81569,0.8212643397060052,0.8101156602939948
2025-10-10 08:45:00,0.8117,0.818,0.8117,0.8172,464917.3,0.8172,0.81576,0.814948,0.8145401787858689,0.8149604827223537,-0.00042030393648473385,-8.346976086372165e-05,50.740740740740854,0.00290389880718953,0.81576,0.8213751674296684,0.8101448325703317
2025-10-10 09:00:00,0.8171,0.8173,0.8148,0.8153,545463.7,0.8153,0.8155949999999998,0.8150879999999999,0.8146570743572736,0.8149856321505325,-0.0003285577932589101,-0.00013248736734275935,44.117647058823565,0.0028397692896739686,0.8155949999999998,0.821050455984613,0.8101395440153867
2025-10-10 09:15:00,0.8153,0.8194,0.814,0.8186,563223.5,0.8186,0.81569,0.815284,0.8152636783023085,0.8152533631043667,1.031519794181257e-05,-0.00010392685428584497,44.52554744525547,0.002944333401655238,0.81569,0.8212907142401707,0.8100892857598293
2025-10-10 09:30:00,0.8185,0.8191,0.8164,0.8171,386921.5,0.8171,0.8157499999999999,0.815418,0.8155461893327225,0.8153901510235182,0.0001560383092042983,-5.19338215878163e-05,45.52238805970156,0.002967187907594036,0.8157499999999999,0.8213857879008358,0.8101142120991639
2025-10-10 09:45:00,0.8172,0.8183,0.812,0.8123,627887.9,0.8123,0.81555,0.8154739999999999,0.8150467755892268,0.8151612509462202,-0.00011447535699338207,-6.444212866892945e-05,40.80267558528435,0.0032485757561777945,0.81555,0.8213840200097134,0.8097159799902865
2025-10-10 10:00:00,0.8122,0.8149,0.8118,0.8137,477358.5,0.8137,0.815555,0.8155160000000001,0.8148395793447304,0.8150530101347402,-0.00021343079000979426,-9.423986093710243e-05,44.736842105263165,0.0031928943224002427,0.815555,0.8213821506081943,0.8097278493918058
2025-10-10 10:15:00,0.8138,0.8161,0.8136,0.8138,519017.1,0.8138,0.8154049999999999,0.8155499999999999,0.8146796440609256,0.8149601945686887,-0.00028055050776309987,-0.00013150199030230195,47.07903780068722,0.0030573488463153725,0.8154049999999999,0.8212516274579138,0.8095583725420861
2025-10-10 10:30:00,0.8137,0.815,0.8124,0.8138,260356.6,0.8138,0.81517,0.8155659999999999,0.8145443142053985,0.8148742542298257,-0.00032994002442721104,-0.0001711895971272838,48.239436619718305,0.0030114220200473767,0.81517,0.8208687902686772,0.8094712097313227
2025-10-10 10:45:00,0.8139,0.8176,0.8135,0.8172,608949.8,0.8172,0.81495,0.81561,0.8149528812507217,0.8150465316951028,-9.365044438103265e-05,-0.00015568176657803357,55.51948051948064,0.0030403344936633663,0.81495,0.8198932569702313,0.8100067430297686
2025-10-10 11:00:00,0.8172,0.8187,0.8157,0.816,679555.4,0.816,0.814775,0.815576,0.8151139764429183,0.8151171589772583,-3.1825343400626593e-06,-0.00012518192013043938,53.43749999999997,0.0030067248019271043,0.814775,0.8192672740695385,0.8102827259304616
2025-10-10 11:15:00,0.8159,0.8167,0.8148,0.8156,312975.6,0.8156,0.814665,0.8155340000000001,0.8151887492978539,0.8151529249790889,3.5824318765032004e-05,-9.298067235134508e-05,58.76288659793813,0.002975721044237007,0.814665,0.818948272236584,0.810381727763416
2025-10-10 11:30:00,0.8156,0.8178,0.8156,0.8168,347973.7,0.8168,0.8146599999999999,0.815582,0.8154366340212609,0.8152749305366543,0.0001617034846065346,-4.204384095976914e-05,58.3333333333332,0.0029871429082926433,0.8146599999999999,0.818932506967757,0.8103874930322429
2025-10-10 11:45:00,0.8167,0.8184,0.8158,0.8175,329396.9,0.8175,0.81476,0.815642,0.8157540749410669,0.8154397504974787,0.00031432444358814315,2.922981594981334e-05,56.67870036101088,0.0029648292176758344,0.81476,0.8192054115906837,0.8103145884093164
2025-10-10 12:00:00,0.8175,0.8197,0.8161,0.8163,395374.9,0.8163,0.8148350000000001,0.815672,0.815838063411672,0.815503472683057,0.00033459072861496963,9.030199848284462e-05,58.80149812734088,0.0029785881330248007,0.8148350000000001,0.8193335494738282,0.810336450526172
2025-10-10 12:15:00,0.8163,0.819,0.8153,0.8175,902297.9,0.8175,0.81502,0.8157179999999999,0.8160937459637224,0.8156513635958667,0.0004423823678557648,0.00016071807235742868,50.67264573991024,0.0029765744189657944,0.81502,0.8196419613061822,0.8103980386938178
2025-10-10 12:30:00,0.8175,0.8187,0.8159,0.8167,524278.6,0.8167,0.815165,0.8157559999999999,0.8161870158154575,0.8157290403667588,0.0004579754486987442,0.00022016954762569185,53.30188679245273,0.002988591218656154,0.815165,0.8198077192576461,0.810522280742354
2025-10-10 12:45:00,0.8168,0.8188,0.8164,0.8186,512964.3,0.8186,0.8155699999999999,0.8157800000000001,0.8165582441515409,0.8159417040438418,0.0006165401076990706,0.00029944365964036765,50.0,0.0028498405583915,0.8155699999999999,0.8199020591919034,0.8112379408080964
2025-10-10 13:00:00,0.8186,0.8213,0.8184,0.8185,1240648.1,0.8185,0.815895,0.815844,0.8168569758205346,0.8161312074484528,0.0007257683720818253,0.00038470860212865926,53.80434782608682,0.0028347745229560842,0.815895,0.820071866113052,0.811718133886948
2025-10-10 13:15:00,0.8186,0.8215,0.8177,0.821,1143813.9,0.821,0.816255,0.815958,0.817494364155837,0.8164918587493624,0.0010025054064746186,0.0005082679629978511,77.01863354037245,0.00286896947114462,0.816255,0.8208878233974134,0.8116221766025865
2025-10-10 13:30:00,0.821,0.8242,0.8193,0.8218,3356086.9,0.8218,0.816765,0.8160640000000001,0.8181567696703236,0.8168850543983602,0.0012717152719633473,0.0006609574247909505,76.12903225806438,0.0027728448894914293,0.816765,0.8214850691341988,0.8120449308658011
2025-10-10 13:45:00,0.8218,0.8221,0.8149,0.8186,1859645.5,0.8186,0.816835,0.8160979999999999,0.8182249589518122,0.8170120874061292,0.0012128715456830585,0.0007713402489693722,62.903225806451644,0.0025274944686917203,0.816835,0.8216232641619117,0.8120467358380883
2025-10-10 14:00:00,0.8186,0.8223,0.8164,0.8188,1647325.2,0.8188,0.81701,0.8161800000000001,0.8183134268053796,0.8171445253762772,0.0011689014291023092,0.0008508524849959597,63.29787234042551,0.0024628274328826667,0.81701,0.8218178444672315,0.8122021555327685
2025-10-10 14:15:00,0.8188,0.8195,0.8139,0.8143,1805904.7,0.8143,0.8167949999999999,0.81616,0.8176959765276288,0.8169338197925079,0.0007621567351209224,0.0008331133350209522,42.71356783919592,0.0026021848857936116,0.8167949999999999,0.8216873032999789,0.811902696700021
2025-10-10 14:30:00,0.8144,0.817,0.8132,0.8145,1019019.7,0.8145,0.8166650000000001,0.8161740000000001,0.8172042878310705,0.8167535368446444,0.0004507509864261072,0.0007566408653019832,46.03174603174614,0.0025774691291016957,0.8166650000000001,0.8216602714482943,0.8116697285517058
2025-10-10 14:45:00,0.8145,0.8168,0.8037,0.8063,8794433.9,0.8063,0.8163649999999999,0.815998,0.8155267050878289,0.8159792007810025,-0.0004524956931736268,0.0005148135536068612,32.58426966292129,0.003169599403216034,0.8163649999999999,0.8229361570718708,0.809793842928129
2025-10-10 15:00:00,0.8064,0.8073,0.7991,0.8045,10155207.2,0.8045,0.8159050000000001,0.8158059999999999,0.8138302889204706,0.8151288896109457,-0.0012986006904750491,0.00015213070479047904,27.472527472527403,0.0031557566269220724,0.8159050000000001,0.824297346137062,0.8075126538629382
2025-10-10 15:15:00,0.8044,0.8056,0.7884,0.7889,11630831.1,0.7889,0.8146599999999999,0.815322,0.8099948598557828,0.81318600889671,-0.0031911490409272103,-0.000516525244353059,16.113744075829274,0.005252435383528896,0.8146599999999999,0.8293740319709508,0.799945968029049
2025-10-10 15:30:00,0.7889,0.7917,0.7768,0.7915,19554302.4,0.7915,0.8135449999999999,0.8149260000000002,0.807149496801047,0.8115796378655528,-0.004430141064505788,-0.0012992484083836052,21.55963302752272,0.005353988070355541,0.8135449999999999,0.8315459912007809,0.7955440087992188
2025-10-10 15:45:00,0.7915,0.7916,0.7818,0.7832,3766791.6,0.7832,0.8118449999999999,0.814204,0.8034649588316551,0.8094774424659582,-0.006012483634303067,-0.002241895453567498,16.173570019723712,0.005553959955280118,0.8118449999999999,0.8342706878084998,0.7894193121915001
2025-10-10 16:00:00,0.7832,0.7882,0.7797,0.7839,5955675.2,0.7839,0.81024,0.813472,0.8004549651652466,0.8075828170963185,-0.007127851931071905,-0.0032190867490683793,17.588932806324024,0.005593249465083991,0.81024,0.8357906432095389,0.784689356790461
2025-10-10 16:15:00,0.7838,0.7873,0.7808,0.7855,2871585.3,0.7855,0.8087350000000001,0.812866,0.7981542012936702,0.8059470528655299,-0.007792851571859716,-0.004133839713626647,17.09741550695803,0.005657237302177735,0.8087350000000001,0.8364136275138916,0.7810563724861086
2025-10-10 16:30:00,0.7854,0.7897,0.7844,0.7846,2836803.4,0.7846,0.8071249999999999,0.8121860000000001,0.7960689395561825,0.804365789689024,-0.008296850132841427,-0.004966441797469603,16.829745596868662,0.00560608822513275,0.8071249999999999,0.8365210881751318,0.7777289118248679
2025-10-10 16:45:00,0.7845,0.785,0.7801,0.7806,3475497.0,0.7806,0.8052800000000001,0.811464,0.7936891027013853,0.8026053608218492,-0.008916258120463927,-0.0057564050620684684,11.596958174904785,0.005604844487619723,0.8052800000000001,0.836509109227739,0.7740508907722612
2025-10-10 17:00:00,0.7806,0.7823,0.7778,0.7792,2848217.3,0.7792,0.8034250000000001,0.81073,0.7914600099780953,0.8008716303893965,-0.00941162041130117,-0.00648744813191501,9.962406015037402,0.005602798203307808,0.8034250000000001,0.8362639290805604,0.7705860709194398
2025-10-10 17:15:00,0.7792,0.7839,0.7789,0.7828,2433687.6,0.7828,0.80169,0.81006,0.7901277007506959,0.7995329911004317,-0.009405290349735806,-0.007071016575479171,16.604477611940197,0.005756755830824201,0.80169,0.8350601978607162,0.7683198021392839
2025-10-10 17:30:00,0.7828,0.7836,0.7782,0.779,1780716.1,0.779,0.7998049999999999,0.8093680000000001,0.7884157467890505,0.7980120287957899,-0.009596282006739454,-0.0075760696617312275,15.209790209790128,0.005780417195886326,0.7998049999999999,0.8338573729755117,0.7657526270244881
2025-10-10 17:45:00,0.779,0.7805,0.7755,0.7781,2879570.6,0.7781,0.7977799999999999,0.8085939999999999,0.7868287088215042,0.7965370636989919,-0.009708354877487668,-0.008002526704882516,16.231343283582007,0.005683972381508994,0.7977799999999999,0.8319429901316772,0.7636170098683227
2025-10-10 18:00:00,0.7782,0.7795,0.7765,0.7788,1533801.3,0.7788,0.795795,0.8078,0.7855935228489651,0.7952232071280252,-0.00962968427906008,-0.00832795821971803,17.00554528650646,0.005711170605176515,0.795795,0.8294992539873286,0.7620907460126715
2025-10-10 18:15:00,0.7788,0.781,0.7765,0.7787,1879774.1,0.7787,0.7936799999999999,0.806942,0.7845329808722012,0.7939992658587037,-0.009466284986502482,-0.008555623573074921,19.999999999999957,0.005592322468231575,0.7936799999999999,0.8260052288631171,0.7613547711368828
2025-10-10 18:30:00,0.7788,0.7794,0.7749,0.7765,1996239.5,0.7765,0.791415,0.806082,0.7832971376610934,0.7927030239426767,-0.009405886281583231,-0.008725676114776584,19.827586206896527,0.005527725088375689,0.791415,0.8217297888175544,0.7611002111824455
2025-10-10 18:45:00,0.7766,0.7788,0.774,0.7742,2180649.7,0.7742,0.789195,0.80521,0.7818975780209252,0.7913324295759968,-0.009434851555071622,-0.008867511202835592,27.794561933534695,0.005522089112461279,0.789195,0.8175682620613195,0.7608217379386805
2025-10-10 19:00:00,0.7742,0.7759,0.7696,0.7705,3957806.8,0.7705,0.78678,0.804282,0.7801441044792444,0.7897892866438623,-0.00964518216461785,-0.009023045395192044,19.298245614035167,0.00549194058851098,0.78678,0.8126556215282653,0.7609043784717348
2025-10-10 19:15:00,0.7704,0.7743,0.7592,0.7593,8751569.5,0.7593,0.78403,0.8031580000000001,0.7769373191747453,0.7875308209657541,-0.01059350179100882,-0.0093371366743554,17.789757412399,0.006050020225849032,0.78403,0.8092736630922724,0.7587863369077276
2025-10-10 19:30:00,0.7593,0.7712,0.7592,0.7708,6676297.7,0.7708,0.781845,0.8022779999999998,0.7759931162247845,0.7862915008938178,-0.010298384669033323,-0.009529386273290986,36.32567849686851,0.007316787376866027,0.781845,0.8032583726048975,0.7604316273951025
2025-10-10 19:45:00,0.7709,0.773,0.7665,0.7674,3806963.5,0.7674,0.7798999999999999,0.80135,0.7746710983440485,0.7848921304568217,-0.010221032112773254,-0.009667715441187441,31.790744466800916,0.0071249591628402865,0.7798999999999999,0.7988901913740082,0.7609098086259917
2025-10-10 20:00:00,0.7674,0.7725,0.7666,0.7711,2826489.1,0.7711,0.77823,0.8004960000000001,0.7741216985988102,0.7838704911634419,-0.009748792564631681,-0.00968393086587629,37.14285714285726,0.007308273536617584,0.77823,0.793650301041515,0.7628096989584849
2025-10-10 20:15:00,0.7711,0.775,0.7704,0.775,2501930.2,0.775,0.7775350000000001,0.799786,0.774256821891301,0.7832134177437597,-0.008956595852458782,-0.009538463863192789,44.656488549618416,0.00622730332203589,0.7775350000000001,0.7921630588344315,0.7629069411655687
2025-10-10 20:30:00,0.775,0.7751,0.7724,0.7738,1457804.0,0.7738,0.77665,0.7990220000000001,0.7741865416003315,0.7825161275403533,-0.008329585940021755,-0.009296688278558583,44.827586206896626,0.006150482862276488,0.77665,0.7897862896307745,0.7635137103692254
2025-10-10 20:45:00,0.7738,0.7744,0.7026,0.7178,53067754.2,0.7178,0.7733800000000001,0.797102,0.7655116890464342,0.7777223403140919,-0.012210651267657746,-0.009879480876378417,18.92925430210333,0.017040314191678733,0.7733800000000001,0.8024940479747176,0.7442659520252826
2025-10-10 21:00:00,0.7177,0.7279,0.6348,0.65,45533650.6,0.65,0.7666850000000001,0.79387,0.7477406599623675,0.768261426214833,-0.02052076625246546,-0.012007737951595827,11.743772241992957,0.026339234030062702,0.7666850000000001,0.8286556645370083,0.7047143354629918
2025-10-10 21:15:00,0.6509,0.6562,0.2737,0.4667,82450148.1,0.4667,0.750745,0.7868600000000001,0.7045036353527725,0.7459235427873169,-0.04141990743454438,-0.017890171848185542,5.641025641025678,0.06632032698291802,0.750745,0.8978554486610786,0.6036345513389214
2025-10-10 21:30:00,0.4607,0.6279,0.4478,0.596,54971725.8,0.596,0.741315,0.782474,0.6878107683754228,0.7348180951715105,-0.04700732679608777,-0.02371360283776599,30.94245204336947,0.09440977140212684,0.741315,0.902767880856437,0.5798621191435629
2025-10-10 21:45:00,0.5967,0.678,0.5739,0.6199,57373532.8,0.6199,0.7332799999999999,0.7785,0.6773629578561269,0.7263056436759541,-0.04894268581982719,-0.028759419434178233,34.22725466825587,0.09505357156887113,0.7332799999999999,0.9023178170083492,0.5642421829916506
2025-10-10 22:00:00,0.6196,0.6248,0.555,0.6103,65223622.4,0.6103,0.724835,0.774364,0.6670455797244149,0.7177126330320098,-0.05066705330759491,-0.03314094620886157,33.731401722787794,0.09506336303926792,0.724835,0.9009417532104227,0.5487282467895773
2025-10-10 22:15:00,0.6106,0.6144,0.5749,0.5819,45070115.1,0.5819,0.71479,0.769756,0.6539462597668126,0.7076524379912129,-0.05370617822440027,-0.037253992611969315,32.091637176382946,0.09540226646713786,0.71479,0.8996751580960775,0.5299048419039226
2025-10-10 22:30:00,0.5823,0.5915,0.5503,0.5874,53560296.1,0.5874,0.70521,0.76523,0.6437083736488414,0.6987448499907254,-0.05503647634188402,-0.040810489357952257,33.00538333023948,0.09549842308588082,0.70521,0.8958525357076792,0.5145674642923208
2025-10-10 22:45:00,0.5879,0.6232,0.5866,0.6195,47357960.8,0.6195,0.69728,0.761344,0.6399840084720966,0.6928748611018288,-0.052890852629732255,-0.04322656201230826,37.50893495353826,0.0965653069189107,0.69728,0.8883502775090086,0.5062097224909914
2025-10-10 23:00:00,0.6195,0.622,0.6066,0.6155,26634348.8,0.6155,0.6891149999999999,0.7573780000000001,0.636217237937928,0.6871433899084728,-0.05092615197054484,-0.04476648000395558,35.935518927730485,0.09654867261994006,0.6891149999999999,0.879472782526542,0.49875721747345786
2025-10-10 23:15:00,0.6155,0.6463,0.613,0.6449,29928329.9,0.6449,0.6824250000000001,0.753932,0.6375530474859391,0.6840142499149351,-0.046461202428995985,-0.045105424488963666,39.40494724096178,0.09732184849268809,0.6824250000000001,0.8688911829083825,0.49595881709161754
2025-10-10 23:30:00,0.6448,0.6644,0.6373,0.6526,34644932.5,0.6526,0.67623,0.750664,0.6398679632573331,0.6816872684395361,-0.041819305182203004,-0.04444820062761154,39.82133654011338,0.0973929227603542,0.67623,0.8577021332819342,0.49475786671806576
2025-10-10 23:45:00,0.6526,0.6529,0.6274,0.6353,28683271.5,0.6353,0.669285,0.747058,0.6391651996792819,0.6782511744807531,-0.039085974801471246,-0.04337575546238349,38.270361041141896,0.09752223997090344,0.669285,0.8455265361162998,0.4930434638837002
2025-10-11 00:00:00,0.6353,0.656,0.63,0.65,23526207.9,0.65,0.66326,0.7437220000000001,0.6408320920363154,0.6761584948894177,-0.03532640285310229,-0.04176588494052725,39.835796387520524,0.09772749224361738,0.66326,0.8330534026367009,0.49346659736329895
2025-10-11 00:15:00,0.6499,0.6501,0.6195,0.6435,21947266.3,0.6435,0.65747,0.7402420000000001,0.6412425394153438,0.6737393471196508,-0.03249680770430696,-0.039912069493283193,43.360142984807865,0.09770642720339597,0.65747,0.8212656634603694,0.49367433653963055
2025-10-11 00:30:00,0.6436,0.6452,0.6338,0.6428,9810110.4,0.6428,0.65107,0.736772,0.6414821487360602,0.671447543629148,-0.029965394893087804,-0.03792273457324412,49.268887083671814,0.09761047797352988,0.65107,0.8059826490707163,0.49615735092928376
2025-10-11 00:45:00,0.6427,0.6572,0.6424,0.6444,11990455.2,0.6444,0.64492,0.73331,0.6419310489305126,0.6694440218787125,-0.027512972948199987,-0.035840782248235295,78.59671709044093,0.09762242300717992,0.64492,0.7898305219382732,0.5000094780617269
2025-10-11 01:00:00,0.6443,0.65,0.6417,0.6475,6877224.5,0.6475,0.6387400000000001,0.7299260000000001,0.6427878106335106,0.6678185387764896,-0.02503072814297891,-0.03367877142718402,63.95663956639566,0.09762237168439426,0.6387400000000001,0.7709813646568939,0.5064986353431062
2025-10-11 01:15:00,0.6474,0.6483,0.6317,0.6364,7372795.2,0.6364,0.63181,0.7262819999999999,0.6418050705360474,0.6654912396077332,-0.023686169071685748,-0.031680250956084365,54.80489225393127,0.09764017786898702,0.63181,0.7474729750156701,0.5161470249843298
2025-10-11 01:30:00,0.6365,0.6404,0.6284,0.6305,6042312.0,0.6305,0.624645,0.722522,0.6400658289151171,0.6628992959329547,-0.022833467017837616,-0.029910894168435013,56.011904761904766,0.09764062248223934,0.624645,0.7190784346455178,0.5302115653544822
2025-10-11 01:45:00,0.6305,0.6401,0.6268,0.6317,6024221.1,0.6317,0.62034,0.7187359999999999,0.6387787783127915,0.6605882369748495,-0.021809458662057968,-0.028290607067159607,67.68465909090911,0.09636741391013852,0.62034,0.7041445445319793,0.5365354554680207
2025-10-11 02:00:00,0.6318,0.6542,0.631,0.6538,8439034.5,0.6538,0.6205299999999999,0.715376,0.641089735495439,0.6600854046063203,-0.01899566911088124,-0.02643161947590393,71.09275730622619,0.09413671013935894,0.6205299999999999,0.7046343737519785,0.5364256262480214
2025-10-11 02:15:00,0.6537,0.6674,0.6515,0.6665,9104528.2,0.6665,0.63052,0.712334,0.6449990069576792,0.660560559820686,-0.015561552863006756,-0.024257606153324496,67.02898550724638,0.06563693069488094,0.63052,0.6765243750780036,0.5845156249219964
2025-10-11 02:30:00,0.6666,0.6736,0.6607,0.673,7832606.6,0.673,0.63437,0.709418,0.6493068520411132,0.6614819998340029,-0.012175147792889751,-0.021841114481237548,70.4626334519573,0.02532441852260255,0.63437,0.6810928829319798,0.5876471170680202
2025-10-11 02:45:00,0.673,0.673,0.6651,0.6656,6699407.7,0.6656,0.636655,0.7064440000000001,0.6518134901886342,0.6617870368833466,-0.009973546694712399,-0.01946760092393252,58.73417721518984,0.02430196446092182,0.636655,0.6848451704325432,0.5884648295674567
2025-10-11 03:00:00,0.6656,0.6673,0.6444,0.6461,8438576.4,0.6461,0.638445,0.7030759999999999,0.650934491698075,0.6606250341512097,-0.00969054245313461,-0.017512189229772938,47.505755947812766,0.025064302835510116,0.638445,0.6851499631083157,0.5917400368916844
2025-10-11 03:15:00,0.646,0.6475,0.6419,0.6433,7540678.9,0.6433,0.6415150000000001,0.699816,0.6497599545137558,0.6593416982881192,-0.009581743774363383,-0.015926100138691026,53.454231433506045,0.02228347991252881,0.6415150000000001,0.6799013064948624,0.6031286935051378
2025-10-11 03:30:00,0.6433,0.6448,0.6366,0.6389,6436346.4,0.6389,0.64409,0.696504,0.6480891922808704,0.6578274984148835,-0.009738306134013164,-0.014688541337755453,44.73933649289099,0.022419567250642508,0.64409,0.6729087000693282,0.6152712999306719
2025-10-11 03:45:00,0.6389,0.6496,0.6386,0.6474,5890283.6,0.6474,0.645485,0.6936739999999999,0.647983162699198,0.6570550911248725,-0.009071928425674503,-0.013565218755339264,51.8139534883721,0.01922569632333035,0.645485,0.6718920385354396,0.6190779614645604
2025-10-11 04:00:00,0.6475,0.6509,0.6453,0.6475,7695793.2,0.6475,0.647085,0.6907939999999999,0.6479088299762444,0.6563473065970874,-0.00843847662084296,-0.012539870328440004,52.19831618334889,0.01912233701251292,0.647085,0.6694036752106738,0.6247663247893263
2025-10-11 04:15:00,0.6476,0.6543,0.6471,0.6535,5092161.0,0.6535,0.647515,0.6881999999999999,0.6487690099798992,0.6561363949972986,-0.007367385017399419,-0.011505373266231888,54.088050314465406,0.016036813145350055,0.647515,0.6699872776584737,0.6250427223415262
2025-10-11 04:30:00,0.6535,0.6542,0.6458,0.6523,5766694.7,0.6523,0.6475,0.6855680000000001,0.6493122392137608,0.6558522175900856,-0.0065399783763248065,-0.010512294288250472,52.19378427787935,0.015826940511460833,0.6475,0.6699583825635343,0.6250416174364656
2025-10-11 04:45:00,0.6524,0.6585,0.6471,0.658,4812408.0,0.658,0.648635,0.683018,0.6506488177962592,0.6560113125834155,-0.0053624947871563355,-0.009482334388031645,60.38461538461541,0.014625299238929992,0.648635,0.6707896977316454,0.6264803022683545
2025-10-11 05:00:00,0.658,0.6596,0.6539,0.657,3643310.0,0.657,0.6489849999999999,0.680466,0.6516259227506809,0.6560845486883489,-0.004458625937667993,-0.008477592697958915,63.370332996972785,0.013750095470001165,0.6489849999999999,0.6714495006504775,0.6265204993495224
2025-10-11 05:15:00,0.657,0.6577,0.643,0.6433,3960820.9,0.6433,0.648975,0.6777199999999999,0.6503450115582684,0.6551375450817893,-0.0047925335235209365,-0.00774058086307132,55.19713261648742,0.014390678068169979,0.648975,0.6714499568233656,0.6265000431766343
2025-10-11 05:30:00,0.6433,0.6468,0.6412,0.643,7860236.0,0.643,0.6489849999999999,0.674996,0.6492150097800732,0.6542384676683102,-0.005023457888236993,-0.007197156268104454,43.98663697104676,0.014388688592560634,0.6489849999999999,0.6714485634798254,0.6265214365201744
2025-10-11 05:45:00,0.6431,0.6504,0.6425,0.6471,2868205.9,0.6471,0.64912,0.672282,0.648889623660062,0.6537096922854652,-0.004820068625403184,-0.0067217387395642,38.05418719211825,0.014448594029998783,0.64912,0.6714998405525937,0.6267401594474064
2025-10-11 06:00:00,0.6471,0.6528,0.6453,0.6526,2853564.2,0.6526,0.6493749999999999,0.669754,0.6494604507892832,0.6536274928569111,-0.0041670420676279685,-0.006210799405176954,37.28179551122188,0.014532396647112119,0.6493749999999999,0.671793307837957,0.6269566921620429
2025-10-11 06:15:00,0.6525,0.6574,0.6503,0.6567,4485042.2,0.6567,0.65039,0.6673260000000001,0.6505742275909319,0.6538550859786242,-0.0032808583876923203,-0.005624811201680028,44.21326397919374,0.013969329511871522,0.65039,0.6721637553273255,0.6286162446726745
2025-10-11 06:30:00,0.6568,0.659,0.655,0.6555,3942950.4,0.6555,0.65164,0.6648599999999999,0.6513320387307885,0.6539769314616904,-0.00264489273090196,-0.0050288275075244145,58.020477815699635,0.013760261769277096,0.65164,0.6713815298293112,0.6318984701706888
2025-10-11 06:45:00,0.6555,0.6575,0.6468,0.6485,5894988.3,0.6485,0.65248,0.662256,0.6508963404645134,0.6535712328348945,-0.002674892370381099,-0.0045580404800957515,54.14012738853503,0.014051194523067058,0.65248,0.6699478772849959,0.635012122715004
2025-10-11 07:00:00,0.6485,0.6534,0.646,0.6525,5478353.6,0.6525,0.6524150000000001,0.6597759999999999,0.6511430573161268,0.6534918822545311,-0.0023488249384043813,-0.0041161973717574775,60.89743589743588,0.011709072161964125,0.6524150000000001,0.6698718671452781,0.634958132854722
2025-10-11 07:15:00,0.6524,0.6553,0.6474,0.6507,4934065.0,0.6507,0.6516249999999999,0.657306,0.6510748946521072,0.6532850761616011,-0.0022101815094939248,-0.003734994199304767,52.96229802513463,0.010782820438199801,0.6516249999999999,0.6677795007579443,0.6354704992420555
2025-10-11 07:30:00,0.6508,0.6541,0.6467,0.65,4513036.1,0.65,0.6504749999999999,0.6548959999999999,0.6509095262440907,0.6530417371866658,-0.002132210942575097,-0.003414437547958833,52.22024866785085,0.010474387610636108,0.6504749999999999,0.6631149325448533,0.6378350674551465
2025-10-11 07:45:00,0.65,0.6546,0.6486,0.6523,3166499.2,0.6523,0.64981,0.652756,0.6511234452834613,0.6529867936913568,-0.001863348407895482,-0.003104219719946163,48.859315589353635,0.010297079521666279,0.64981,0.6603193241808621,0.6393006758191379
2025-10-11 08:00:00,0.6523,0.6539,0.6485,0.6536,4985096.8,0.6536,0.6501849999999999,0.650412,0.6515044537013904,0.6530322163808863,-0.0015277626794958366,-0.002788928311856098,51.2333965844402,0.007851324049618339,0.6501849999999999,0.6606721399945249,0.6396978600054749
2025-10-11 08:15:00,0.6536,0.6703,0.6533,0.6649,8675946.1,0.6649,0.651265,0.6483620000000001,0.6535653069780996,0.6539113114637892,-0.000346004485689666,-0.002300343546622812,55.91766723842198,0.008589271580322124,0.651265,0.6631256425671991,0.6394043574328009
2025-10-11 08:30:00,0.6649,0.6713,0.6607,0.6696,5098640.0,0.6696,0.6527999999999999,0.646332,0.6560321828276227,0.6550734365405525,0.0009587462870701557,-0.0016485255798842184,60.16129032258063,0.00842396606302776,0.6527999999999999,0.6658130299073655,0.6397869700926344
2025-10-11 08:45:00,0.6697,0.6737,0.6694,0.6724,2464534.6,0.6724,0.65405,0.64428,0.6585503085464499,0.6563568856857037,0.002193422860746197,-0.0008801358917581351,78.47358121330736,0.008039727693555442,0.65405,0.6694609325514977,0.6386390674485023
2025-10-11 09:00:00,0.6724,0.6832,0.6719,0.6753,3772178.6,0.6753,0.65544,0.6423099999999999,0.6611271841546884,0.6577600793386217,0.003367104816066724,-3.0687750193163056e-05,80.07448789571703,0.008045243304546063,0.65544,0.6731993740999671,0.6376806259000329
2025-10-11 09:15:00,0.6753,0.6797,0.6713,0.6774,4286261.1,0.6774,0.656635,0.641502,0.6636306942847363,0.6592148882765084,0.004415806008227885,0.0008586110014910469,79.30367504835597,0.007873975608958188,0.656635,0.6768862923564589,0.636383707643541
2025-10-11 09:30:00,0.6774,0.6776,0.6704,0.6716,3612526.7,0.6716,0.6576,0.641934,0.6648567413178538,0.660132303959734,0.004724437358119782,0.001631776272816794,68.2692307692308,0.008176491335673266,0.6576,0.6787987089974693,0.6364012910025306
2025-10-11 09:45:00,0.6716,0.6719,0.6651,0.6668,3146387.3,0.6668,0.65804,0.645936,0.6651557041920301,0.660626207370126,0.0045294968219040666,0.0022113203826342486,59.58254269449715,0.008206917140234951,0.65804,0.6796352626384246,0.6364447373615754
2025-10-11 10:00:00,0.6668,0.6729,0.6646,0.6719,2315238.8,0.6719,0.6587850000000001,0.6474540000000001,0.666193288162487,0.6614613031204902,0.004731985041996789,0.002715453314506757,64.48763250883397,0.00833170948790113,0.6587850000000001,0.6812401271838657,0.6363298728161344
2025-10-11 10:15:00,0.6719,0.6749,0.6698,0.6736,2764985.8,0.6736,0.6603000000000001,0.648528,0.6673327822913352,0.6623604658523089,0.004972316439026292,0.0031668259394106646,74.46393762183237,0.006525904726854915,0.6603000000000001,0.6824426000470487,0.6381573999529515
2025-10-11 10:30:00,0.6735,0.6743,0.6644,0.6658,3601986.5,0.6658,0.66144,0.6496379999999999,0.6670969696311299,0.6626152461595461,0.0044817234715837095,0.003429805445845274,62.06896551724135,0.00721296966287039,0.66144,0.6821325768536337,0.6407474231463663
2025-10-11 10:45:00,0.6659,0.6684,0.664,0.6681,2132805.0,0.6681,0.66249,0.651362,0.6672512819955715,0.6630215242218032,0.004229757773768328,0.0035897959114298853,65.64748201438854,0.007143987879384907,0.66249,0.6822279570211772,0.6427520429788228
2025-10-11 11:00:00,0.6681,0.6686,0.6622,0.6642,1747085.5,0.6642,0.66307,0.652898,0.6667818539962528,0.663108818723892,0.0036730352723607362,0.003606443783616056,62.074829931972744,0.007136899574528012,0.66307,0.6822583846444813,0.6438816153555188
2025-10-11 11:15:00,0.6642,0.6653,0.6588,0.6653,3148748.3,0.6653,0.6635,0.653814,0.6665538764583677,0.6632711284480486,0.0032827480103191364,0.0035417046289566725,61.28472222222219,0.007027584314198162,0.6635,0.682471557658806,0.644528442341194
2025-10-11 11:30:00,0.6653,0.6661,0.6628,0.6641,4309240.8,0.6641,0.6639299999999999,0.654786,0.6661763570032342,0.6633325263407859,0.00284383066244831,0.0034021298356550003,59.130434782608724,0.0070271437615343785,0.6639299999999999,0.6825241813196699,0.64533581868033
2025-10-11 11:45:00,0.6641,0.6663,0.6623,0.6662,4950818.9,0.6662,0.6648149999999999,0.6552119999999999,0.666179994387352,0.6635449317970245,0.0026350625903275304,0.003248716386589506,51.345755693581744,0.006512825556852338,0.6648149999999999,0.6819441410667781,0.6476858589332217
2025-10-11 12:00:00,0.6662,0.6665,0.6621,0.6642,1958361.4,0.6642,0.6654,0.6554439999999999,0.6658753798662208,0.6635934553676153,0.0022819244986055365,0.0030553580089927126,44.07894736842112,0.006479777319414311,0.6654,0.6815281708429136,0.6492718291570864
2025-10-11 12:15:00,0.6642,0.6647,0.6611,0.6637,1893892.7,0.6637,0.66605,0.6560119999999999,0.6655407060406484,0.6636013475626068,0.0019393584780416084,0.002832158102802492,39.95381062355659,0.006435395762782542,0.66605,0.6806600902407707,0.6514399097592294
2025-10-11 12:30:00,0.6637,0.6637,0.6536,0.657,2495050.1,0.657,0.6664,0.6561520000000001,0.6642267512651642,0.6631123588542648,0.0011143924108993897,0.002488604964421872,30.57324840764339,0.0068891954373834,0.6664,0.6796645947426057,0.6531354052573943
2025-10-11 12:45:00,0.657,0.6572,0.6486,0.653,4738866.6,0.653,0.666435,0.656342,0.6624995587628312,0.6623632952354293,0.00013626352740192527,0.0020181366770178825,25.10204081632662,0.00700533674376089,0.666435,0.6795457468975599,0.6533242531024401
2025-10-11 13:00:00,0.653,0.6547,0.6463,0.6524,4743294.6,0.6524,0.666375,0.6565340000000001,0.6609457804916263,0.6616252733661371,-0.0006794928745107454,0.0014786107667121569,28.082191780822,0.006993668090727521,0.666375,0.6797415529155223,0.6530084470844778
2025-10-11 13:15:00,0.6523,0.6525,0.6478,0.649,2466807.3,0.649,0.6655800000000001,0.6566259999999999,0.6591079681082992,0.6606900679316071,-0.0015820998233079253,0.0008664686487081404,29.009433962264296,0.005754483643574985,0.6655800000000001,0.6810429063789953,0.6501170936210048
2025-10-11 13:30:00,0.6491,0.6503,0.6401,0.6487,5204897.4,0.6487,0.6645350000000001,0.65665,0.6575067422454839,0.659801914751487,-0.0022951725060030848,0.00023414041776589518,19.148936170212735,0.0054221716548854505,0.6645350000000001,0.6815962858157173,0.6474737141842829
2025-10-11 13:45:00,0.6487,0.6549,0.6481,0.6531,2338064.9,0.6531,0.66357,0.656984,0.6568287819000248,0.6593054766217465,-0.0024766947217217394,-0.00030802661013163194,24.56575682382139,0.005595817317872845,0.66357,0.680938707493691,0.646201292506309
2025-10-11 14:00:00,0.6531,0.6556,0.6496,0.6506,1914159.2,0.6506,0.6623349999999999,0.6573859999999999,0.6558705077615594,0.6586606265016165,-0.0027901187400570793,-0.0008044450361167215,28.28571428571432,0.005449478892318758,0.6623349999999999,0.6797044559500698,0.64496554404993
2025-10-11 14:15:00,0.6507,0.6534,0.6464,0.6485,1985668.2,0.6485,0.66089,0.6577220000000001,0.6547365834905503,0.657907987501496,-0.003171404010945733,-0.001277836831082524,21.839080459769974,0.005328996378936391,0.66089,0.677784458761486,0.643995541238514
2025-10-11 14:30:00,0.6484,0.6509,0.6476,0.6485,1476611.9,0.6485,0.6597350000000001,0.657616,0.6537771091073888,0.6572110995384216,-0.003433990431032763,-0.001709067551072572,24.595469255663303,0.0051280896471473545,0.6597350000000001,0.6767048525255321,0.642765147474468
2025-10-11 14:45:00,0.6485,0.6524,0.6481,0.6519,1410716.9,0.6519,0.65899,0.657324,0.6534883230908675,0.6568176847577973,-0.0033293616669298753,-0.0020331263742440326,29.81927710843378,0.005188031201763572,0.65899,0.6759621629673696,0.6420178370326304
2025-10-11 15:00:00,0.6518,0.6588,0.6518,0.6562,1555671.0,0.6562,0.6582049999999999,0.6569879999999999,0.6539055041538109,0.6567719303312939,-0.0028664261774830058,-0.0021997863348918274,39.118457300275466,0.005099029114669232,0.6582049999999999,0.6740798360953466,0.6423301639046533
2025-10-11 15:15:00,0.6561,0.6586,0.652,0.6569,1501023.7,0.6569,0.65737,0.656814,0.6543661958224554,0.6567814169734203,-0.00241522115096493,-0.002242873298106448,36.67621776504303,0.005053447890523148,0.65737,0.6714957659317787,0.6432442340682213
2025-10-11 15:30:00,0.6569,0.6571,0.6508,0.6516,1821231.2,0.6516,0.65666,0.6569240000000001,0.6539406272343853,0.6563976083087223,-0.0024569810743370057,-0.0022856948533525596,33.50785340314134,0.004725777661873829,0.65666,0.6704245463726062,0.6428954536273939
2025-10-11 15:45:00,0.6516,0.6565,0.6516,0.6548,1783235.6,0.6548,0.655995,0.657154,0.6540728384290954,0.6562792669525205,-0.002206428523425119,-0.0022698415873670715,39.119804400978154,0.004809596217700752,0.655995,0.6686747766874513,0.6433152233125486
2025-10-11 16:00:00,0.6547,0.658,0.653,0.6572,1374930.9,0.6572,0.655645,0.65752,0.6545539402092344,0.6563474694004818,-0.0017935291912474227,-0.002174579108143142,50.27322404371582,0.004775180357457797,0.655645,0.6677443214251423,0.6435456785748578
2025-10-11 16:15:00,0.6572,0.6581,0.6537,0.6544,2188171.0,0.6544,0.6551,0.65766,0.6545302571001215,0.6562032124078535,-0.001672955307732038,-0.002074254348060921,51.97740112994344,0.004816445131570344,0.6551,0.666318030599346,0.643881969400654
2025-10-11 16:30:00,0.6544,0.6546,0.6476,0.6487,2199382.6,0.6487,0.6543300000000001,0.657684,0.6536332944693336,0.6556474188961604,-0.002014124426826802,-0.002062228363814097,45.4320987654322,0.0051285735245635315,0.6543300000000001,0.6650499960723424,0.6436100039276578
2025-10-11 16:45:00,0.6487,0.653,0.6471,0.6513,1488829.8,0.6513,0.653585,0.65764,0.6532743260894361,0.655325387866815,-0.002051061777378904,-0.0020599950465270585,52.89672544080601,0.005169415905444127,0.653585,0.6627964973925037,0.6443735026074963
2025-10-11 17:00:00,0.6513,0.6579,0.6513,0.657,2815403.8,0.657,0.653225,0.6577339999999999,0.6538475066910614,0.6554494332100139,-0.0016019265189525234,-0.0019683813410121516,59.20177383592012,0.005594544830103194,0.653225,0.6611647401522841,0.6452852598477158
2025-10-11 17:15:00,0.657,0.6586,0.6548,0.658,2203380.6,0.658,0.6529400000000001,0.657734,0.6544863518155135,0.6556383640833463,-0.0011520122678327915,-0.0018051075263762796,55.87529976019184,0.005612870708374436,0.6529400000000001,0.6596031429285135,0.6462768570714866
2025-10-11 17:30:00,0.6579,0.6584,0.6545,0.6556,2361384.1,0.6556,0.6528700000000001,0.657706,0.6546576823054345,0.6556355222993947,-0.0009778399939601723,-0.001639654019893058,56.009615384615365,0.00519750219275965,0.6528700000000001,0.6593812372501627,0.6463587627498374
2025-10-11 17:45:00,0.6556,0.657,0.6541,0.6567,1687022.7,0.6567,0.6530549999999999,0.6579740000000001,0.6549718850276753,0.6557143724994396,-0.0007424874717643082,-0.001460220710267308,60.098522167487616,0.00501291062668504,0.6530549999999999,0.6597882560358039,0.646321743964196
2025-10-11 18:00:00,0.6568,0.6568,0.6532,0.6534,1825967.4,0.6534,0.653105,0.658182,0.6547300565618791,0.655542937499481,-0.0008128809376019008,-0.0013307527557342267,55.58086560364465,0.005147504382397142,0.653105,0.6598326256859316,0.6463773743140685
2025-10-11 18:15:00,0.6533,0.6555,0.6528,0.6545,1173320.4,0.6545,0.65338,0.65833,0.6546946632446669,0.6554656828698899,-0.0007710196252230794,-0.0012188061296319972,53.124999999999915,0.005002665799331697,0.65338,0.659845650128218,0.6469143498717819
2025-10-11 18:30:00,0.6545,0.6556,0.6524,0.6547,1234948.9,0.6547,0.6536799999999999,0.658372,0.6546954842839489,0.6554089656202685,-0.0007134813363196546,-0.0011177411709695287,47.99999999999993,0.004998370818228864,0.6536799999999999,0.6597776613292133,0.6475823386707865
2025-10-11 18:45:00,0.6547,0.6548,0.6509,0.6512,1281158.0,0.6512,0.653585,0.658262,0.6541577174710336,0.6550971903891374,-0.000939472918103812,-0.0010820875203963853,42.9280397022332,0.004927715975704065,0.653585,0.6597791483422489,0.647390851657751
2025-10-11 19:00:00,0.6513,0.6514,0.6413,0.6433,3595046.0,0.6433,0.65322,0.658018,0.652487299398567,0.6542233244343862,-0.0017360250358192664,-0.0012128750234809615,40.32634032634034,0.005564027949360938,0.65322,0.6608489200450794,0.6455910799549206
2025-10-11 19:15:00,0.6433,0.6439,0.6327,0.638,5375449.8,0.638,0.652695,0.657808,0.6502584841064798,0.6530215966985055,-0.0027631125920256627,-0.0015229225371899018,31.333333333333215,0.00579885585017588,0.652695,0.6627507341589403,0.6426392658410598
2025-10-11 19:30:00,0.638,0.6381,0.6318,0.6331,3032530.8,0.6331,0.651925,0.65742,0.6476187173208676,0.6515459228689863,-0.003927205548118651,-0.002003779139375652,24.63157894736834,0.005994114223367299,0.651925,0.665182113284316,0.638667886715684
2025-10-11 19:45:00,0.6331,0.6353,0.624,0.6315,4631376.7,0.6315,0.6509050000000001,0.657036,0.6451389146561187,0.6500610396935056,-0.004922125037386871,-0.0025874483189778958,25.269978401727784,0.005804452852446148,0.6509050000000001,0.667004620786693,0.6348053792133072
2025-10-11 20:00:00,0.6314,0.6334,0.627,0.6293,2180702.9,0.6293,0.6495599999999999,0.656622,0.6427021585551773,0.6485231849013939,-0.005821026346216618,-0.003234163924425641,27.336448598130715,0.00548678372484986,0.6495599999999999,0.6681058067327921,0.6310141932672078
2025-10-11 20:15:00,0.6293,0.6317,0.6222,0.6266,3821395.6,0.6266,0.648045,0.656108,0.6402249033928424,0.6468992452790682,-0.006674341886225732,-0.00392219951678566,21.212121212121232,0.005455944661988457,0.648045,0.6688757945120124,0.6272142054879876
2025-10-11 20:30:00,0.6266,0.6267,0.6186,0.6205,5088463.4,0.6205,0.64649,0.655446,0.6371903028708666,0.6449437456287666,-0.007753442757899909,-0.00468844816500851,7.852193995380972,0.00555972937782943,0.64649,0.6705900458615338,0.6223899541384662
2025-10-11 20:45:00,0.6204,0.6281,0.617,0.6211,4090529.7,0.6211,0.6448050000000001,0.65457,0.6347148716599641,0.6431775422488577,-0.008462670588893606,-0.00544329264978553,6.993006993006773,0.005351792077727283,0.6448050000000001,0.6710735303017181,0.618536469698282
2025-10-11 21:00:00,0.6212,0.6213,0.6092,0.6161,13957521.8,0.6161,0.64275,0.6535000000000001,0.6318510452507389,0.6411717983785716,-0.00932075312783276,-0.006218784745394976,6.5934065934063995,0.00526758070484735,0.64275,0.6712697992168636,0.6142302007831365
2025-10-11 21:15:00,0.6162,0.633,0.615,0.6266,5676887.4,0.6266,0.6413599999999999,0.6525839999999999,0.6310431921352406,0.6400924059060847,-0.009049213770844111,-0.006784870550484805,22.586520947176695,0.006934279262317978,0.6413599999999999,0.670197139795423,0.6125228602045769
2025-10-11 21:30:00,0.6267,0.6295,0.6226,0.6258,2163861.4,0.6258,0.640215,0.651594,0.6302365471913576,0.6390337091723006,-0.008797161980943047,-0.007187328836576454,23.66412213740456,0.006760933830560916,0.640215,0.6696376031980382,0.6107923968019617
2025-10-11 21:45:00,0.6258,0.6318,0.6258,0.6308,941609.4,0.6308,0.63919,0.650662,0.630323232238841,0.6384238047891672,-0.008100572550326146,-0.007369977579326392,28.952042628774436,0.006994730320227052,0.63919,0.6684142797399295,0.6099657202600706
2025-10-11 22:00:00,0.6308,0.634,0.6277,0.6295,3246569.9,0.6295,0.637815,0.64982,0.6301965811251732,0.6377627822121917,-0.007566201087018554,-0.0074092222808648245,28.048780487804876,0.006558867890831424,0.637815,0.6660831353061376,0.6095468646938624
2025-10-11 22:15:00,0.6295,0.6321,0.6273,0.6307,1673066.4,0.6307,0.63645,0.6490980000000001,0.6302740301828388,0.6372396131594368,-0.006965582976597995,-0.007320494420011458,31.397459165154345,0.006570634012023083,0.63645,0.6632104972025602,0.6096895027974397
2025-10-11 22:30:00,0.6308,0.6349,0.6296,0.6302,2148427.6,0.6302,0.63518,0.648264,0.6302626409239405,0.6367181603328117,-0.006455519408871235,-0.0071474994177834145,36.26834381551369,0.006566163972069007,0.63518,0.6604851773359118,0.6098748226640881
2025-10-11 22:45:00,0.6301,0.6327,0.6299,0.6321,930065.4,0.6321,0.63395,0.647434,0.6305453115510266,0.636376074382233,-0.005830762831206426,-0.006884152100468017,43.34085778781041,0.006611728839395659,0.63395,0.6571552171992665,0.6107447828007335
2025-10-11 23:00:00,0.632,0.6333,0.6294,0.6309,1511172.3,0.6309,0.632825,0.646736,0.6305998790047149,0.6359704392428083,-0.005370560238093347,-0.006581433727993083,47.29064039408871,0.006570445272506476,0.632825,0.654166718472757,0.611483281527243
2025-10-11 23:15:00,0.6309,0.6335,0.63,0.6329,875866.7,0.6329,0.631745,0.646032,0.6309537437732203,0.6357429992988965,-0.004789255525676217,-0.00622299808752971,51.70731707317081,0.006619321249024108,0.631745,0.6504974005481381,0.6129925994518619
2025-10-11 23:30:00,0.6328,0.6335,0.6306,0.6327,922872.6,0.6327,0.630645,0.645402,0.6312223985773402,0.6355175919434227,-0.004295193366082528,-0.005837437143240274,54.35897435897443,0.006611081635070354,0.630645,0.6460013256296598,0.6152886743703402
2025-10-11 23:45:00,0.6327,0.6331,0.6307,0.6316,796679.6,0.6316,0.6296649999999999,0.6447280000000001,0.6312804911039033,0.6352273999476136,-0.003946908843710295,-0.005459331483334278,56.684491978609586,0.006554968666794165,0.6296649999999999,0.641623925317055,0.6177060746829448
2025-10-12 00:00:00,0.6316,0.6316,0.6275,0.6287,993342.3,0.6287,0.628935,0.64402,0.6308834924725335,0.6347438888403828,-0.0038603963678492947,-0.0051395444602372825,61.98830409356715,0.006113702826056624,0.628935,0.6390260121552729,0.6188439878447272
2025-10-12 00:15:00,0.6286,0.6321,0.6262,0.6266,1081900.7,0.6266,0.628365,0.643228,0.6302244936306052,0.6341406378151693,-0.0039161441845640965,-0.0048948644051026455,57.70308123249302,0.005908583081212343,0.628365,0.6375469674535403,0.6191830325464596
2025-10-12 00:30:00,0.6266,0.6342,0.6266,0.6287,1672309.1,0.6287,0.6281450000000001,0.642518,0.6299899561489736,0.6337376276066381,-0.0037476714576645254,-0.004665425815615022,69.20731707317066,0.0057536866615327436,0.6281450000000001,0.6370561343717601,0.61923386562824
2025-10-12 00:45:00,0.6287,0.6304,0.6209,0.622,2873687.8,0.622,0.62767,0.641684,0.6287607321260545,0.6328681737098502,-0.004107441583795612,-0.00455382896925114,42.06896551724137,0.006187667171751851,0.62767,0.6368372414493987,0.6185027585506012
2025-10-12 01:00:00,0.6221,0.629,0.6218,0.629,977040.1,0.629,0.627655,0.6411239999999999,0.6287975425682001,0.6325816423239353,-0.0037840997557352374,-0.004399883126547959,54.5454545454545,0.0066999996597429745,0.627655,0.6368119875534878,0.6184980124465121
2025-10-12 01:15:00,0.629,0.6311,0.6229,0.624,1357610.0,0.624,0.627525,0.640544,0.6280594590961693,0.6319459651147549,-0.003886506018585534,-0.004297207704955474,40.340909090909115,0.006870999605989118,0.627525,0.6368178665342377,0.6182321334657623
2025-10-12 01:30:00,0.624,0.6275,0.6224,0.6266,1425050.5,0.6266,0.62783,0.640028,0.627834926927528,0.6315499676988472,-0.0037150407713192335,-0.004180774318228226,46.02739726027413,0.006549755147077468,0.62783,0.636533804370987,0.6191261956290129
2025-10-12 01:45:00,0.6266,0.6287,0.6207,0.6218,1065906.6,0.6218,0.627865,0.6394839999999999,0.6269064766309852,0.6308277478693028,-0.003921271238317647,-0.00412887370224611,38.90274314214466,0.006797460890081009,0.627865,0.6364598025911619,0.6192701974088382
2025-10-12 02:00:00,0.6217,0.6234,0.6192,0.6224,2066793.3,0.6224,0.6281800000000001,0.638958,0.6262131725339106,0.6302034702493544,-0.003990297715443791,-0.004101158504885646,40.29850746268654,0.006523460469923295,0.6281800000000001,0.6352933972934683,0.6210666027065318
2025-10-12 02:15:00,0.6224,0.6274,0.6222,0.6265,1688411.4,0.6265,0.628175,0.6384259999999999,0.6262572998363859,0.6299291391197727,-0.0036718392833867686,-0.004015294660585871,43.39622641509428,0.005463231580587061,0.628175,0.6352932123718327,0.6210567876281674
2025-10-12 02:30:00,0.6266,0.6296,0.6214,0.6237,1111343.0,0.6237,0.62807,0.6378879999999999,0.6258638690923266,0.6294677214071969,-0.0036038523148702595,-0.003933006191442748,41.81818181818182,0.005548662232355403,0.62807,0.6353946807009256,0.6207453192990744
2025-10-12 02:45:00,0.6237,0.6248,0.6176,0.6231,1696148.0,0.6231,0.6276849999999999,0.63738,0.6254386584627378,0.6289960383399971,-0.003557379877259237,-0.003857880928606046,38.49765258215959,0.005207791238981799,0.6276849999999999,0.6352121508555428,0.620157849144457
2025-10-12 03:00:00,0.6231,0.6335,0.6222,0.6297,3888243.4,0.6297,0.6276949999999999,0.637004,0.6260942494684705,0.6290481836481454,-0.002953934179674933,-0.0036770915788198236,46.93877551020408,0.005760357614418078,0.6276949999999999,0.6352328274129461,0.6201571725870537
2025-10-12 03:15:00,0.6296,0.6346,0.6275,0.6322,1435066.0,0.6322,0.62777,0.63661,0.6270335957040903,0.6292816515260605,-0.002248055821970185,-0.0033912844274498963,50.595238095238024,0.005813945507309048,0.62777,0.6354619917345382,0.6200780082654619
2025-10-12 03:30:00,0.6323,0.6378,0.6321,0.635,1526778.9,0.635,0.62801,0.636186,0.6282591963649995,0.6297052328945005,-0.001446036529501038,-0.0030022348478601244,56.262425447316076,0.005886886597639846,0.62801,0.6362976953816447,0.6197223046183552
2025-10-12 03:45:00,0.635,0.6359,0.6319,0.6333,804594.2,0.6333,0.62807,0.635714,0.629034704616538,0.6299715119393523,-0.0009368073228143148,-0.0025891493428509627,56.71342685370733,0.005891197322969159,0.62807,0.6364985479802113,0.6196414520197887
2025-10-12 04:00:00,0.6334,0.6397,0.6324,0.6393,1018361.3,0.6393,0.62849,0.6354679999999999,0.6306139808293783,0.6306625110549559,-4.8530225577603225e-05,-0.002081025519396291,59.85130111524157,0.006226325199867781,0.62849,0.638245085043843,0.618734914956157
2025-10-12 04:15:00,0.6393,0.6427,0.6389,0.641,1442954.4,0.641,0.6288950000000001,0.6351920000000001,0.6322118299325509,0.631428250976811,0.0007835789557398831,-0.001508104624369056,69.46721311475409,0.006216611323042708,0.6288950000000001,0.6400001386873482,0.617789861312652
2025-10-12 04:30:00,0.6411,0.6438,0.6403,0.6429,1144867.8,0.6429,0.629405,0.634906,0.6338561637890815,0.6322780101637138,0.0015781536253677286,-0.000890852974421699,65.90389016018307,0.006232909465691478,0.629405,0.6420728166607129,0.6167371833392871
2025-10-12 04:45:00,0.6428,0.6461,0.6411,0.6432,1254613.1,0.6432,0.629985,0.6346820000000001,0.6352936770522997,0.633087046447883,0.002206630604416615,-0.000271356258654036,74.61538461538458,0.006204737054733361,0.629985,0.6440600282790014,0.6159099717209986
2025-10-12 05:00:00,0.6431,0.6435,0.6405,0.6427,1574296.8,0.6427,0.6306849999999999,0.6345620000000001,0.6364331113519459,0.6337991170813733,0.0026339942705726482,0.00030971384719130103,71.81571815718162,0.006083572632490831,0.6306849999999999,0.6458419021971038,0.6155280978028961
2025-10-12 05:15:00,0.6427,0.6465,0.6427,0.6452,937363.0,0.6452,0.631615,0.63444,0.6377818634516466,0.6346436269271974,0.0031382365244491117,0.0008754183826428633,83.81502890173421,0.006019097102032438,0.631615,0.647953044075487,0.615276955924513
2025-10-12 05:30:00,0.6452,0.647,0.6452,0.6469,1387522.6,0.6469,0.632525,0.634238,0.6391846536898549,0.6355515064140718,0.003633147275783122,0.0014269641612709152,84.31372549019623,0.006009501654168624,0.632525,0.6501556998995893,0.6148943001004107
2025-10-12 05:45:00,0.647,0.6489,0.6461,0.6469,1539060.1,0.6469,0.63377,0.634016,0.6403716300452619,0.636392135568585,0.0039794944766768925,0.001937470224352111,82.2784810126584,0.005311954828559227,0.63377,0.6517838075697472,0.6157561924302527
2025-10-12 06:00:00,0.6469,0.6498,0.6458,0.6477,1030556.9,0.6477,0.6347050000000001,0.633858,0.6414990715767601,0.6372297551560973,0.004269316420662861,0.002403839463614261,90.54054054054048,0.00484282376980097,0.6347050000000001,0.6535962093174487,0.6158137906825515
2025-10-12 06:15:00,0.6478,0.6512,0.6462,0.6495,1208736.0,0.6495,0.63598,0.633714,0.642729983641874,0.6381386621815716,0.004591321460302389,0.002841335862951887,92.8571428571429,0.004308463096972098,0.63598,0.6552670395535133,0.6166929604464867
2025-10-12 06:30:00,0.6496,0.6496,0.6465,0.6487,758020.9,0.6487,0.637085,0.6336200000000001,0.6436484476969704,0.6389209835014551,0.004727464195515285,0.003218561529464567,88.00000000000034,0.0043354820019206415,0.637085,0.6566397571275563,0.6175302428724437
2025-10-12 06:45:00,0.6487,0.651,0.6483,0.6499,1313080.5,0.6499,0.63849,0.633528,0.6446102249743595,0.6397342439828287,0.004875980991530748,0.003550045421877804,87.34177215189911,0.003728886989272711,0.63849,0.6574495580672958,0.6195304419327042
2025-10-12 07:00:00,0.65,0.6509,0.6476,0.6482,821410.3,0.6482,0.63978,0.633398,0.6451624980552272,0.6403613370211377,0.004801161034089452,0.003800268544320134,79.20353982300904,0.003875353755011854,0.63978,0.6576070758000525,0.6219529241999475
2025-10-12 07:15:00,0.6483,0.6503,0.647,0.6473,879033.6,0.6473,0.64082,0.63332,0.6454913445082691,0.640875312056609,0.00461603245166009,0.003963421325788126,82.11009174311955,0.0037922603615937636,0.64082,0.6577913814840022,0.6238486185159977
2025-10-12 07:30:00,0.6474,0.6488,0.6462,0.6485,673337.0,0.6485,0.6420600000000001,0.633424,0.64595421458392,0.6414401037561194,0.0045141108278006215,0.004073559226190624,77.05882352941205,0.003509024615961379,0.6420600000000001,0.6573003066691668,0.6268196933308333
2025-10-12 07:45:00,0.6484,0.6494,0.6465,0.6469,855287.1,0.6469,0.64325,0.6336020000000001,0.6460997200325477,0.6418445405149253,0.004255179517622332,0.004109883284476966,67.45562130177552,0.003590138970614613,0.64325,0.6557222006669028,0.6307777993330972
2025-10-12 08:00:00,0.6468,0.6487,0.6456,0.6478,704227.9,0.6478,0.6441549999999999,0.633896,0.6463613015660019,0.642285685661968,0.004075615904033936,0.00410302980838836,65.40880503144689,0.00294721010615143,0.6441549999999999,0.6550091478853743,0.6333008521146255
2025-10-12 08:15:00,0.6478,0.6505,0.6478,0.6497,611081.0,0.6497,0.64503,0.63426,0.6468749474789247,0.6428348941314518,0.004040053347472927,0.004090434516205273,68.57142857142902,0.002908891090660736,0.64503,0.654567979483798,0.635492020516202
2025-10-12 08:30:00,0.6497,0.6497,0.6466,0.6466,715483.5,0.6466,0.64561,0.634606,0.6468326478667824,0.6431137908624553,0.0037188570043270586,0.0040161190138296304,59.70149253731324,0.0031195664363436815,0.64561,0.6539103868014927,0.6373096131985073
2025-10-12 08:45:00,0.6467,0.6467,0.6436,0.6437,1038436.2,0.6437,0.6461300000000001,0.634948,0.6463507020411235,0.6431572137615328,0.0031934882795907615,0.0038515928669818566,46.341463414634255,0.003252348457665801,0.6461300000000001,0.6521817418111748,0.6400782581888254
2025-10-12 09:00:00,0.6436,0.6437,0.6382,0.641,1809287.7,0.641,0.646215,0.635358,0.64552751711172,0.6429974201495674,0.0025300969621525615,0.003587293686015998,36.27906976744173,0.0027326500662136453,0.646215,0.6518994293331746,0.6405305706668254
2025-10-12 09:15:00,0.641,0.6444,0.641,0.6415,748009.2,0.6415,0.6462399999999999,0.635766,0.6449078990945323,0.6428865001384884,0.0020213989560439183,0.003274114740021582,37.72727272727244,0.0026729967432695804,0.6462399999999999,0.6518314973045699,0.6406485026954299
2025-10-12 09:30:00,0.6415,0.6437,0.6404,0.6437,488154.6,0.6437,0.6462800000000001,0.636318,0.6447220684646043,0.6429467593874894,0.0017753090771149838,0.0029743536074402625,41.4529914529914,0.0027016394563681594,0.6462800000000001,0.6517816169873442,0.640778383012656
2025-10-12 09:45:00,0.6437,0.6478,0.6418,0.6472,1446816.7,0.6472,0.64648,0.6367299999999999,0.6451032887008191,0.6432618142476753,0.0018414744531438654,0.0027477777765809834,45.41832669322714,0.002957033280998024,0.64648,0.6517979339084251,0.641162066091575
2025-10-12 10:00:00,0.6472,0.6512,0.6451,0.6462,1419466.9,0.6462,0.6466550000000001,0.637138,0.6452720135160777,0.6434794576367364,0.00179255587934124,0.002556733397133035,45.05928853754929,0.0029768662958485,0.6466550000000001,0.6516709639889642,0.641639036011036
2025-10-12 10:15:00,0.6461,0.6463,0.6421,0.6443,835363.1,0.6443,0.64661,0.637408,0.6451224729751426,0.6435402385525336,0.0015822344226089635,0.002361833602228221,39.23076923076914,0.0029318771194947143,0.64661,0.6516965767623853,0.6415234232376147
2025-10-12 10:30:00,0.6443,0.6455,0.6432,0.6442,442341.6,0.6442,0.6464749999999999,0.637702,0.6449805540558899,0.6435891097708645,0.0013914442850254671,0.0021677557387876703,41.80327868852457,0.0028621668746261924,0.6464749999999999,0.6516713043549347,0.6412786956450651
2025-10-12 10:45:00,0.6442,0.6456,0.6425,0.6432,388979.8,0.6432,0.64629,0.637952,0.6447066226626762,0.6435602868248745,0.0011463358378016597,0.0019634717585904683,41.63265306122449,0.002877316678658367,0.64629,0.651682353260494,0.6408976467395061
2025-10-12 11:00:00,0.6431,0.6486,0.643,0.6468,469599.0,0.6468,0.6462450000000001,0.6382840000000001,0.6450286807145722,0.6438002655785876,0.0012284151359845952,0.0018164604340692935,46.8401486988849,0.003150715174485379,0.6462450000000001,0.6516027194678788,0.6408872805321213
2025-10-12 11:15:00,0.6468,0.6474,0.6428,0.6454,678950.4,0.6454,0.64604,0.63855,0.6450858067584841,0.6439187644246183,0.0011670423338658864,0.0016865768140286123,47.191011235954974,0.003109512304388904,0.64604,0.6511827619040506,0.6408972380959493
2025-10-12 11:30:00,0.6455,0.648,0.6428,0.644,1296446.5,0.644,0.645805,0.638812,0.6449187595648712,0.6439247818746465,0.00099397769022469,0.001548056989267828,43.01470588235292,0.0031310974380592553,0.645805,0.6508648418949369,0.640745158105063
2025-10-12 11:45:00,0.6439,0.6451,0.6425,0.6438,739120.7,0.6438,0.6455,0.63903,0.6447466427087373,0.6439155387728209,0.0008311039359163441,0.0014046663785975313,38.4313725490196,0.0030878556207713788,0.6455,0.6502461896075945,0.6407538103924054
2025-10-12 12:00:00,0.6438,0.6494,0.6436,0.6491,979127.3,0.6491,0.645545,0.639358,0.6454163899843162,0.6442995729377972,0.001116817046519003,0.0013470965121818257,54.512635379061486,0.003600710946592609,0.645545,0.6504144428517002,0.6406755571482998
2025-10-12 12:15:00,0.649,0.6507,0.647,0.6496,1253219.7,0.6496,0.64566,0.639718,0.6460600222944214,0.6446921971646269,0.0013678251297944977,0.0013512422357043602,61.660079051383214,0.0035868451706365136,0.64566,0.6508048083184255,0.6405151916815746
2025-10-12 12:30:00,0.6495,0.6507,0.6471,0.6502,1434534.8,0.6502,0.645745,0.6401479999999999,0.6466969419414336,0.6451001825598397,0.0015967593815938708,0.0014003456648822624,69.82758620689651,0.0035700369034421912,0.645745,0.6511375777452534,0.6403524222547466
2025-10-12 12:45:00,0.6503,0.6503,0.647,0.6481,668720.6,0.6481,0.645805,0.640578,0.6469127970273668,0.6453223912591107,0.0015904057682560868,0.0014383576855570275,63.3064516129033,0.003603230375882399,0.645805,0.651277793956104,0.640332206043896
2025-10-12 13:00:00,0.6482,0.6501,0.6456,0.649,772922.6,0.649,0.645865,0.640984,0.6472339051770027,0.6455948067213989,0.001639098455603838,0.0014785058395663897,61.276595744680805,0.0036031817916103402,0.645865,0.6514549439787862,0.6402750560212138
2025-10-12 13:15:00,0.649,0.6499,0.6425,0.6448,1071817.2,0.6448,0.64562,0.64144,0.6468594582266946,0.6455359321494435,0.0013235260772510582,0.0014475098871033236,45.041322314049665,0.003820907570362585,0.64562,0.6509244569146763,0.6403155430853237
2025-10-12 13:30:00,0.6448,0.6449,0.6389,0.643,2694283.8,0.643,0.64544,0.64172,0.6462656954225877,0.6453480853235589,0.0009176100990287983,0.0013415299294884187,43.600000000000044,0.003725366601292062,0.64544,0.6508477527195176,0.6400322472804825
2025-10-12 13:45:00,0.6429,0.6432,0.637,0.6395,1392489.1,0.6395,0.64523,0.64203,0.645224819203728,0.6449148938181102,0.00030992538561780414,0.0011352090207142958,40.97744360902253,0.003788029269441004,0.64523,0.6512173902584543,0.6392426097415457
2025-10-12 14:00:00,0.6396,0.6431,0.6391,0.6425,1025188.1,0.6425,0.6453049999999999,0.642348,0.6448056162493082,0.6447360127945465,6.960345476170193e-05,0.000922087907523777,47.11864406779656,0.003830585651326958,0.6453049999999999,0.6511039018925708,0.639506098107429
2025-10-12 14:15:00,0.6425,0.6435,0.6408,0.6432,728185.9,0.6432,0.64539,0.642776,0.6445585983647993,0.6446222340690246,-6.363570422529552e-05,0.0007249431851739625,50.0,0.0038339992627628664,0.64539,0.651000854142846,0.639779145857154
2025-10-12 14:30:00,0.6432,0.6456,0.6398,0.6431,982268.6,0.6431,0.6453599999999999,0.64319,0.6443341986163686,0.6445094759898377,-0.00017527737346900718,0.0005448990734453685,42.8015564202334,0.0037550714281940093,0.6453599999999999,0.6510151420477928,0.6397048579522071
2025-10-12 14:45:00,0.6432,0.6727,0.643,0.6608,27455865.9,0.6608,0.64604,0.6438760000000001,0.6468673988292349,0.645716181472072,0.001151217357162948,0.0006661627301888845,68.33333333333341,0.007157011894370127,0.64604,0.6549567848820823,0.6371232151179176
2025-10-12 15:00:00,0.6607,0.6782,0.6604,0.6758,12805210.6,0.6758,0.64752,0.644918,0.6513185682401219,0.6479446124741408,0.003373955765981096,0.001207721337347327,78.59712230215823,0.00859964710637477,0.64752,0.6635429572144614,0.6314970427855385
2025-10-12 15:15:00,0.6758,0.6842,0.671,0.6771,9044437.4,0.6771,0.64916,0.6459980000000001,0.6552849423570263,0.6501042708093896,0.005180671547636684,0.0020023113794051988,79.36507936507932,0.00851268647852237,0.64916,0.6698344591987212,0.6284855408012787
2025-10-12 15:30:00,0.6772,0.6774,0.6652,0.6704,7627665.1,0.6704,0.6504700000000001,0.646812,0.6576103358405607,0.6516076581568423,0.006002677683718427,0.0028023846402678446,68.33046471600683,0.008941571340205304,0.6504700000000001,0.6730532821259582,0.627886717874042
2025-10-12 15:45:00,0.6704,0.6835,0.6703,0.6803,3807316.5,0.6803,0.652325,0.647774,0.6611010534035514,0.6537330168118911,0.0073680365916602986,0.003715515030546336,72.7407407407407,0.009333247629616336,0.652325,0.6782425920746701,0.62640740792533
2025-10-12 16:00:00,0.6804,0.6929,0.6804,0.6875,9372127.0,0.6875,0.6543599999999999,0.6488240000000001,0.665162429803005,0.6562342748258252,0.008928154977179803,0.00475804301987303,75.16869095816459,0.009476040891230718,0.6543599999999999,0.6844986550183876,0.6242213449816123
2025-10-12 16:15:00,0.6875,0.6883,0.6826,0.6854,4027855.6,0.6854,0.65636,0.6498659999999999,0.6682759021410042,0.658394698912801,0.009881203228203184,0.005782675061539061,75.16869095816459,0.009504104699423388,0.65636,0.6891842785626654,0.6235357214373347
2025-10-12 16:30:00,0.6855,0.6923,0.6785,0.6918,5365636.3,0.6918,0.6587500000000001,0.650916,0.6718949941193112,0.660869165660001,0.011025828459310216,0.006831305741093294,76.88442211055269,0.009519573014997354,0.6587500000000001,0.6946058224002952,0.6228941775997049
2025-10-12 16:45:00,0.6918,0.6967,0.6822,0.6877,6177940.7,0.6877,0.660945,0.65185,0.674326533485571,0.6628566348703713,0.011469898615199758,0.007759024315914587,76.98113207547162,0.009722557008943632,0.660945,0.6982912588840308,0.6235987411159692
2025-10-12 17:00:00,0.6877,0.6929,0.6853,0.6916,2492884.1,0.6916,0.66307,0.652824,0.6769839898724063,0.6649857730281215,0.011998216844284815,0.008606862821588634,79.77941176470583,0.009671571119534449,0.66307,0.7023641458074644,0.6237758541925357
2025-10-12 17:15:00,0.6917,0.694,0.689,0.6913,2875234.2,0.6913,0.665155,0.6537859999999999,0.6791864529689592,0.6669349750260385,0.012251477942920697,0.009335785845855047,83.03571428571432,0.009691350425513882,0.665155,0.7058404157239787,0.6244695842760214
2025-10-12 17:30:00,0.6913,0.6936,0.6883,0.6926,1857826.7,0.6926,0.667275,0.654784,0.6812500755891193,0.6688360879870727,0.012413987602046594,0.009951426197093357,82.65971316818778,0.009682087274455771,0.667275,0.7090825226169857,0.6254674773830142
2025-10-12 17:45:00,0.6927,0.695,0.6862,0.6914,3165196.8,0.6914,0.66944,0.655708,0.6828116024215625,0.6705074888769191,0.012304113544643336,0.010421963666603353,81.21761658031092,0.00963537029747314,0.66944,0.7115500513067123,0.6273299486932877
2025-10-12 18:00:00,0.6914,0.6958,0.6909,0.6937,1050991.1,0.6937,0.671675,0.656644,0.6844867405105528,0.672225452663814,0.012261287846738855,0.010789828502630454,81.86397984886652,0.00962506100379538,0.671675,0.7139617840496818,0.6293882159503182
2025-10-12 18:15:00,0.6937,0.6956,0.6901,0.6916,1719310.7,0.6916,0.674015,0.657538,0.685581088124314,0.6736606043183462,0.011920483805967774,0.01101595956329792,74.13793103448276,0.00946907873384483,0.674015,0.7152053041733848,0.6328246958266153
2025-10-12 18:30:00,0.6916,0.6922,0.6856,0.6862,1844954.4,0.6862,0.676175,0.658308,0.685676305335958,0.674589448442913,0.011086856893045005,0.011030139029247337,59.5940959409595,0.009709334885574772,0.676175,0.7149788996955219,0.6373711003044781
2025-10-12 18:45:00,0.6861,0.6888,0.6841,0.6884,1104015.5,0.6884,0.67862,0.659086,0.6860953352842721,0.6756124522619564,0.010482883022315703,0.01092068782786101,60.25408348457351,0.00948950074898432,0.67862,0.7136751805616753,0.6435648194383247
2025-10-12 19:00:00,0.6883,0.6962,0.6878,0.6956,1673279.2,0.6956,0.6812750000000001,0.6600239999999999,0.6875575913943841,0.6770930113536634,0.010464580040720706,0.010829466270432951,72.66187050359721,0.009607059457922085,0.6812750000000001,0.7126632227326888,0.6498867772673114
2025-10-12 19:15:00,0.6957,0.6979,0.6946,0.6977,1078249.6,0.6977,0.6839999999999999,0.66098,0.6891179619490942,0.6786194549570957,0.010498506991998502,0.010763274414746062,68.20083682008375,0.009585728607734122,0.6839999999999999,0.710562181267457,0.6574378187325429
2025-10-12 19:30:00,0.6977,0.6984,0.6946,0.6967,1222448.5,0.6967,0.68668,0.66195,0.6902844293415413,0.6799587545899035,0.010325674751637814,0.010675754482124414,61.057692307692356,0.00961990987476533,0.68668,0.7055769059010347,0.6677830940989652
2025-10-12 19:45:00,0.6967,0.6995,0.6964,0.6988,1359098.8,0.6988,0.68858,0.66298,0.6915945171351504,0.6813544023980589,0.010240114737091521,0.010588626533117837,66.10576923076928,0.00787595115710509,0.68858,0.7038054081269609,0.673354591873039
2025-10-12 20:00:00,0.6988,0.7023,0.6975,0.6985,2731061.7,0.6985,0.689715,0.66398,0.692656899114358,0.6826244466648693,0.010032452449488694,0.010477391716392009,59.43661971830998,0.006356086715936649,0.689715,0.7042999634177006,0.6751300365822993
2025-10-12 20:15:00,0.6984,0.7023,0.6972,0.7022,1559982.7,0.7022,0.69097,0.6650860000000001,0.6941250684813798,0.6840744876526568,0.01005058082872301,0.01039202953885821,70.65527065527087,0.006407655602598126,0.69097,0.7053018709984669,0.6766381290015331
2025-10-12 20:30:00,0.7022,0.7063,0.7002,0.7057,3252472.4,0.7057,0.692735,0.6662440000000001,0.6959058271765521,0.6856763774561636,0.010229449720388528,0.010359513575164275,70.31700288184454,0.005809131846996251,0.692735,0.7049368592198864,0.6805331407801136
2025-10-12 20:45:00,0.7057,0.7095,0.6984,0.7004,2590316.5,0.7004,0.69374,0.6672579999999999,0.6965972383801595,0.6867670161631145,0.009830222217044993,0.010253655303540419,61.46095717884138,0.0054765916557448936,0.69374,0.7048956263831689,0.6825843736168311
2025-10-12 21:00:00,0.7004,0.706,0.6973,0.7023,2039176.6,0.7023,0.69448,0.668372,0.6974745863216735,0.6879176075584393,0.009556978763234136,0.010114319995479163,62.034739454094414,0.0050537965804752375,0.69448,0.7058541350163106,0.6831058649836894
2025-10-12 21:15:00,0.7023,0.703,0.6915,0.6956,3252931.1,0.6956,0.69499,0.6694099999999998,0.6971861884260313,0.6884866736652218,0.008699514760809546,0.00983135894854524,54.585152838427945,0.005519507000321964,0.69499,0.7055343224933107,0.6844456775066893
2025-10-12 21:30:00,0.6955,0.6958,0.6863,0.6938,2504051.8,0.6938,0.69509,0.670466,0.6966652363604879,0.6888802533937238,0.007784982966764109,0.009422083752189015,50.11037527593817,0.005176854649884011,0.69509,0.70554449286448,0.68463550713552
2025-10-12 21:45:00,0.6938,0.698,0.6928,0.6965,2225934.8,0.6965,0.69553,0.671566,0.6966398153819514,0.6894446790682628,0.0071951363136886215,0.008976694264488936,55.3376906318083,0.005033114507204762,0.69553,0.7053992718230176,0.6856607281769823
2025-10-12 22:00:00,0.6966,0.7024,0.6939,0.6973,2211945.8,0.6973,0.695815,0.6726380000000001,0.6967413822462666,0.6900265546928359,0.006714827553430669,0.008524320922277282,63.438256658595634,0.004895267465763169,0.695815,0.7055344920812049,0.686095507918795
2025-10-12 22:15:00,0.6974,0.701,0.6951,0.698,1745365.3,0.698,0.69615,0.673654,0.6969350157468409,0.6906171802711445,0.0063178354756964206,0.00808302383296111,62.06030150753763,0.0048925962787239085,0.69615,0.7056741521242063,0.6866258478757938
2025-10-12 22:30:00,0.698,0.7013,0.6971,0.7,1502210.6,0.7,0.69652,0.6747299999999999,0.6974065517857884,0.6913122039547634,0.0060943478310249155,0.007685288632573871,56.35838150289012,0.004912204106933621,0.69652,0.7060384253452677,0.6870015746547323
2025-10-12 22:45:00,0.7,0.7026,0.698,0.6995,2032956.9,0.6995,0.696925,0.6758340000000002,0.6977286207418208,0.6919187073655217,0.005809913376299103,0.007310213581318918,52.727272727272776,0.004892614171329863,0.696925,0.7062126545110478,0.6876373454889523
2025-10-12 23:00:00,0.6995,0.6995,0.6947,0.6971,1645259.6,0.6971,0.6970949999999999,0.676892,0.6976319098584639,0.6923025068199277,0.00532940303853624,0.006914051472762383,50.58139534883732,0.004927181060869757,0.6970949999999999,0.706257733446484,0.6879322665535158
2025-10-12 23:15:00,0.6971,0.6996,0.6921,0.6984,1915704.7,0.6984,0.697435,0.6779959999999999,0.6977500775725465,0.6927541729814145,0.004995904591131972,0.006530422096436301,49.40476190476196,0.004876781448506103,0.697435,0.7062367402585928,0.6886332597414072
2025-10-12 23:30:00,0.6985,0.7011,0.6971,0.6985,1134623.4,0.6985,0.6980500000000001,0.67903,0.6978654502536931,0.693179789797606,0.004685660456087093,0.006161469768366459,50.0,0.004471020728590302,0.6980500000000001,0.7050886900695734,0.6910113099304267
2025-10-12 23:45:00,0.6984,0.7017,0.6967,0.7,997961.2,0.7,0.69863,0.6801219999999999,0.6981938425223556,0.6936849905533389,0.004508851969016736,0.005830946208496515,46.47435897435881,0.004448470353526238,0.69863,0.7040450278223249,0.693214972177675
2025-10-13 00:00:00,0.7001,0.7004,0.6961,0.6997,1987952.5,0.6997,0.6988350000000001,0.681236,0.6984255590573778,0.694130546808647,0.004295012248730745,0.005523759416543362,39.2857142857142,0.0038337833363229477,0.6988350000000001,0.7040746363876175,0.6935953636123827
2025-10-13 00:15:00,0.6996,0.7083,0.6996,0.7029,3209386.2,0.7029,0.699095,0.682418,0.699113934587012,0.6947801359339324,0.00433379865307959,0.005285767263850608,54.826254826254754,0.003906845882692649,0.699095,0.7046065094885938,0.6935834905114062
2025-10-13 00:30:00,0.7029,0.7029,0.6949,0.6987,3273007.9,0.6987,0.6991949999999999,0.6834100000000001,0.6990502523428562,0.6950704962351226,0.003979756107733601,0.005024565032627207,43.61702127659561,0.004142605854369151,0.6991949999999999,0.704594990253472,0.6937950097465277
2025-10-13 00:45:00,0.6987,0.7039,0.6954,0.6997,1873963.9,0.6997,0.69924,0.6844120000000001,0.6991502135208782,0.6954134224399283,0.0037367910809499305,0.004767010242291752,59.1111111111112,0.004099934649274023,0.69924,0.7046411304860248,0.6938388695139751
2025-10-13 01:00:00,0.6996,0.7011,0.6956,0.6974,2260444.3,0.6974,0.699185,0.6853560000000001,0.6988809499022816,0.695560576333267,0.003320373569014601,0.004477682907636322,57.826086956521955,0.004167581137164769,0.699185,0.7046399928844292,0.6937300071155706
2025-10-13 01:15:00,0.6975,0.7031,0.6959,0.7,1874433.0,0.7,0.699075,0.686394,0.6990531114557766,0.6958894225308027,0.003163688924973984,0.004214884111103855,57.64192139737994,0.0040749659429048105,0.699075,0.7043600832788058,0.6937899167211942
2025-10-13 01:30:00,0.6999,0.7038,0.6997,0.7022,1187966.7,0.7022,0.6989,0.687458,0.6995372481548879,0.6963568727137062,0.003180375441181771,0.004007982377119438,60.082304526749155,0.003972387109974352,0.6989,0.7034408091095287,0.6943591908904713
2025-10-13 01:45:00,0.7022,0.7074,0.6997,0.7072,2204043.3,0.7072,0.69924,0.6887059999999999,0.7007161330541359,0.6971600673275057,0.003556065726630253,0.003917599047021601,66.08391608391639,0.00390993953749234,0.69924,0.7050847997580137,0.6933952002419862
2025-10-13 02:00:00,0.7072,0.7111,0.7015,0.7055,3621846.6,0.7055,0.6994,0.689956,0.7014521125842689,0.6977778401180609,0.003674272466207995,0.0038689337308588797,59.7173144876327,0.003924247920511887,0.6994,0.7057507977120749,0.6930492022879251
2025-10-13 02:15:00,0.7055,0.7103,0.703,0.7064,2716542.1,0.7064,0.69994,0.6912940000000001,0.7022133260328429,0.6984165186278343,0.003796807405008651,0.0038545084656888343,62.02090592334504,0.003181226853657056,0.69994,0.7067503327069745,0.6931296672930255
2025-10-13 02:30:00,0.7064,0.7087,0.7034,0.7076,2144016.5,0.7076,0.7006300000000001,0.6925959999999999,0.7030420451047132,0.6990967765072539,0.0039452685974593615,0.00387266049204294,69.09090909090911,0.003085679902619763,0.7006300000000001,0.707615127056878,0.6936448729431222
2025-10-13 02:45:00,0.7076,0.7114,0.7069,0.7107,1855863.0,0.7107,0.70134,0.693946,0.7042201920116804,0.6999562745437535,0.00426391746792687,0.003950911887219726,70.98976109215022,0.0031117334371341247,0.70134,0.7093666398554523,0.6933133601445476
2025-10-13 03:00:00,0.7107,0.7163,0.7099,0.7114,2867515.9,0.7114,0.702045,0.6953119999999999,0.7053247778560372,0.7008039579108829,0.004520819945154297,0.00406489349880664,71.57190635451514,0.0031115766897487677,0.702045,0.7110006744728614,0.6930893255271386
2025-10-13 03:15:00,0.7113,0.7135,0.709,0.7091,1758680.0,0.7091,0.7026,0.696278,0.7059055812628008,0.7014184795471138,0.004487101715687003,0.004149335142182712,64.82084690553742,0.003252762433912575,0.7026,0.7118704397216244,0.6933295602783756
2025-10-13 03:30:00,0.7092,0.71,0.7039,0.7046,1936965.3,0.7046,0.70283,0.696854,0.7057047226069852,0.7016541477288091,0.004050574878176172,0.004129583089381404,57.020057306590274,0.0035797704888030917,0.70283,0.712056985594363,0.6936030144056369
2025-10-13 03:45:00,0.7046,0.705,0.7024,0.7038,1507912.8,0.7038,0.703045,0.697388,0.7054116883597567,0.7018130997488973,0.0035985886108593768,0.0040233841936769986,51.384615384615394,0.003587488702179211,0.703045,0.7121447917848159,0.6939452082151841
2025-10-13 04:00:00,0.7038,0.7058,0.7015,0.7023,1581971.8,0.7023,0.7033050000000001,0.698026,0.7049329670736402,0.7018491664341642,0.0030838006394759976,0.0038354674828367983,56.040268456375905,0.0035273733030206666,0.7033050000000001,0.7119766658996047,0.6946333341003954
2025-10-13 04:15:00,0.7024,0.7044,0.7,0.7011,2750219.6,0.7011,0.70344,0.6984419999999999,0.7043432798315418,0.7017936726242261,0.002549607207315674,0.0035782954277325738,52.33333333333325,0.003538559916837122,0.70344,0.7118708705925336,0.6950091294074663
2025-10-13 04:30:00,0.701,0.7046,0.7008,0.7023,1570545.3,0.7023,0.70363,0.6987379999999999,0.7040289290882277,0.7018311783557648,0.0021977507324628665,0.003302186488678632,58.477508650518985,0.0035546033325682814,0.70363,0.7117579504764759,0.695502049523524
2025-10-13 04:45:00,0.7023,0.7094,0.7015,0.7074,2067040.2,0.7074,0.704,0.699178,0.7045475553823465,0.7022436836627453,0.002303871719601225,0.003102523534863151,61.78343949044585,0.003866505325639034,0.704,0.7121058783088919,0.695894121691108
2025-10-13 05:00:00,0.7074,0.7086,0.7031,0.7053,1834742.1,0.7053,0.70428,0.699448,0.7046633160927548,0.7024700774655048,0.0021932386272499604,0.0029206665533405133,54.95207667731625,0.003940756579155027,0.70428,0.7121437342141085,0.6964162657858916
2025-10-13 05:15:00,0.7052,0.7076,0.7012,0.705,2141369.4,0.705,0.704385,0.699794,0.7047151136169464,0.7026574791347266,0.002057634482219739,0.0027480601391163587,45.86466165413521,0.003819180392007548,0.704385,0.7122272002820524,0.6965427997179476
2025-10-13 05:30:00,0.7049,0.7064,0.7011,0.7013,818315.4,0.7013,0.704515,0.699988,0.7041897115220315,0.7025569251247469,0.0016327863972845913,0.0025250053907500056,42.65734265734274,0.00376076401249928,0.704515,0.7120401927760326,0.6969898072239674
2025-10-13 05:45:00,0.7013,0.7028,0.7005,0.701,603562.0,0.701,0.7045800000000001,0.7001820000000001,0.7036989866724881,0.7024415973377286,0.0012573893347594955,0.0022714821795519037,40.35714285714281,0.003751496997107975,0.7045800000000001,0.7119509529485057,0.6972090470514944
2025-10-13 06:00:00,0.701,0.7039,0.6969,0.702,4858068.0,0.702,0.70481,0.7003699999999999,0.7034376041074899,0.7024088864238228,0.0010287176836670797,0.002022929280374939,39.92805755395684,0.0036748203937855286,0.70481,0.7114925460008361,0.698127453999164
2025-10-13 06:15:00,0.702,0.7087,0.7016,0.7085,1427061.9,0.7085,0.705235,0.700712,0.7042164342447991,0.7028600800220581,0.0013563542227409409,0.0018896142688481395,46.47435897435904,0.004124249332858886,0.705235,0.7117073785590136,0.6987626214409863
2025-10-13 06:30:00,0.7086,0.7153,0.7076,0.7087,3185056.2,0.7087,0.70556,0.7010120000000001,0.704906213591753,0.7032926666870908,0.0016135469046621997,0.0018344007960109515,45.60260586319217,0.0040812280335098,0.70556,0.7120434688571551,0.6990765311428448
2025-10-13 06:45:00,0.7086,0.7148,0.7072,0.7136,1583560.4,0.7136,0.70588,0.7014520000000001,0.7062437191930216,0.7040561728584174,0.0021875463346042734,0.0019050299037296158,56.7567567567568,0.004063745396729078,0.70588,0.7132723431226335,0.6984876568773664
2025-10-13 07:00:00,0.7136,0.7198,0.7127,0.7171,2938053.1,0.7171,0.70646,0.7020700000000001,0.707913916240249,0.7050223822763123,0.00289153396393671,0.0021023307157710352,69.3498452012382,0.0041210192515796565,0.70646,0.7153876389287839,0.6975323610712161
2025-10-13 07:15:00,0.7172,0.7227,0.7168,0.7212,2964547.5,0.7212,0.7072,0.702726,0.7099579291263645,0.7062207243299188,0.003737204796445681,0.0024293055319059647,74.43820224719084,0.004263865598300928,0.7072,0.7182967041100449,0.6961032958899552
2025-10-13 07:30:00,0.7213,0.7255,0.7209,0.7227,4166383.2,0.7227,0.7079549999999999,0.703268,0.7119182477223084,0.7074414114165914,0.004476836305716936,0.002838811686668159,78.65168539325815,0.004267786635881113,0.7079549999999999,0.7210424749283659,0.6948675250716339
2025-10-13 07:45:00,0.7227,0.7227,0.7141,0.7171,3680820.2,0.7171,0.708275,0.7036560000000001,0.7127154403804148,0.7081568624227699,0.004558577957644916,0.003182764940863511,69.99999999999989,0.004619149244820354,0.708275,0.7219450787354054,0.6946049212645946
2025-10-13 08:00:00,0.7172,0.7179,0.7149,0.7169,1893430.2,0.7169,0.70855,0.7040599999999999,0.7133592187834279,0.7088045022433055,0.0045547165401224055,0.00345715526071529,68.71794871794859,0.004620212639805624,0.70855,0.7226977169443498,0.6944022830556502
2025-10-13 08:15:00,0.7169,0.7215,0.7152,0.7211,2293695.2,0.7211,0.70915,0.704506,0.7145501082013621,0.7097152798549125,0.00483482834644966,0.0037326898778621644,67.97900262467178,0.004691148599812884,0.70915,0.7243729051795593,0.6939270948204406
2025-10-13 08:30:00,0.7211,0.7296,0.7211,0.7246,3868464.5,0.7246,0.7101500000000001,0.7050280000000001,0.7160962454011526,0.7108178517175116,0.005278393683641025,0.004041830639017937,74.4303797468353,0.004449175936378837,0.7101500000000001,0.7266854483650174,0.6936145516349828
2025-10-13 08:45:00,0.7246,0.7299,0.7229,0.7264,2869970.0,0.7264,0.71128,0.7055119999999999,0.7176814384163599,0.7119720849236217,0.005709353492738156,0.004375335209761981,76.09756097560977,0.004413668554547093,0.71128,0.7290324023578287,0.6935275976421713
2025-10-13 09:00:00,0.7264,0.7267,0.72,0.7204,2616777.6,0.7204,0.7121850000000001,0.7058059999999999,0.7180996786599968,0.7125963749292793,0.0055033037307175015,0.004600928913953086,72.055427251732,0.004874389639908693,0.7121850000000001,0.7298551085690681,0.694514891430932
2025-10-13 09:15:00,0.7204,0.724,0.717,0.7187,1813229.1,0.7187,0.7130650000000001,0.7061720000000001,0.7181920357892281,0.7130484953048882,0.005143540484339848,0.004709451228030438,69.79865771812078,0.004897552139257542,0.7130650000000001,0.730154150143647,0.6959758498563531
2025-10-13 09:30:00,0.7186,0.7228,0.7186,0.7211,1078411.7,0.7211,0.714005,0.7065480000000001,0.7186394148985776,0.7136449030600818,0.004994511838495863,0.004766463350123523,70.71583514099777,0.004919072596878311,0.714005,0.7306637388162455,0.6973462611837545
2025-10-13 09:45:00,0.721,0.7239,0.7194,0.7233,1297610.5,0.7233,0.7148000000000001,0.707102,0.7193564279911042,0.7143600954260017,0.004996332565102568,0.004812437193119332,67.70334928229663,0.004738772677879145,0.7148000000000001,0.7316480515818824,0.6979519484181178
2025-10-13 10:00:00,0.7233,0.724,0.7191,0.7196,1147271.5,0.7196,0.715515,0.707618,0.7193939006078575,0.7147482365055571,0.004645664102300384,0.004779082574955543,62.03090507726265,0.004859111735211249,0.715515,0.7318721037199669,0.6991578962800331
2025-10-13 10:15:00,0.7197,0.721,0.715,0.7163,1750459.9,0.7163,0.71608,0.708014,0.7189179158989564,0.71486318194959,0.004054733949366396,0.004634212849837714,53.089244851258606,0.0050107301540484065,0.71608,0.7316704964304493,0.7004895035695508
2025-10-13 10:30:00,0.7163,0.7181,0.7136,0.7168,1522517.6,0.7168,0.716855,0.708404,0.7185920826837323,0.7150066499533241,0.0035854327304082334,0.004424456825951818,49.63144963144968,0.004804687659521008,0.716855,0.7308068683902702,0.7029031316097298
2025-10-13 10:45:00,0.7167,0.7193,0.7151,0.7174,772298.4,0.7174,0.717675,0.708792,0.7184086853477735,0.7151839351419667,0.0032247502058068145,0.004184515501922817,44.89247311827971,0.00479176269018493,0.717675,0.7294632858894322,0.7058867141105677
2025-10-13 11:00:00,0.7174,0.7175,0.7056,0.7128,11011956.9,0.7128,0.718215,0.7090479999999999,0.7175458106788852,0.7150073473536728,0.002538463325212459,0.0038553050665807455,37.71712158808938,0.005081311030992842,0.718215,0.7277550044135723,0.7086749955864278
2025-10-13 11:15:00,0.7128,0.713,0.6925,0.693,8924632.6,0.693,0.7174400000000001,0.7089179999999999,0.7137695321129028,0.7133771734756229,0.0003923586372799326,0.003162715780720583,27.889908256880815,0.007831566627854782,0.7174400000000001,0.7316690140946494,0.7032109859053508
2025-10-13 11:30:00,0.6929,0.7087,0.6917,0.7071,6690870.5,0.7071,0.71736,0.709118,0.7127434502493794,0.7129121976626138,-0.0001687474132344713,0.0024964231419295725,42.836257309941516,0.00918314980313014,0.71736,0.7318121570052961,0.7029078429947039
2025-10-13 11:45:00,0.7072,0.7094,0.7047,0.7065,2516180.6,0.7065,0.717005,0.70928,0.7117829194417825,0.7124372200579757,-0.0006543006161932041,0.0018662783903050171,38.734567901234634,0.009035160597200607,0.717005,0.7321769235154402,0.7018330764845598
2025-10-13 12:00:00,0.7064,0.7135,0.7015,0.7117,3686563.0,0.7117,0.716735,0.709544,0.7117701626045853,0.7123826111647923,-0.0006124485602070351,0.0013705330002026065,40.30075187969924,0.009128114275829699,0.716735,0.7320908869219063,0.7013791130780938
2025-10-13 12:15:00,0.7118,0.7119,0.7064,0.7091,1635962.9,0.7091,0.71613,0.709726,0.711359368357726,0.712139454782215,-0.0007800864244890127,0.0009404091152642827,37.147102526002925,0.009041009143130132,0.71613,0.7316971854603965,0.7005628145396036
2025-10-13 12:30:00,0.709,0.7181,0.7077,0.7126,3418516.2,0.7126,0.715625,0.7099840000000001,0.7115502347642296,0.7121735692427916,-0.0006233344785619988,0.0006276603964990264,43.981481481481474,0.009111280285895862,0.715625,0.730948167873671,0.7003018321263289
2025-10-13 12:45:00,0.7125,0.7146,0.7072,0.7088,1605642.4,0.7088,0.71521,0.710102,0.7111271217235788,0.711923675224807,-0.0007965535012282032,0.0003428176169535804,42.600896860986545,0.009028034545375464,0.71521,0.7308120106666611,0.6996079893333389
2025-10-13 13:00:00,0.7087,0.7119,0.7052,0.7064,3295066.6,0.7064,0.714685,0.710256,0.7103998722276437,0.7115145140970436,-0.0011146418693999127,5.132571968288169e-05,39.013452914798286,0.00904995774821505,0.714685,0.7307474144478733,0.6986225855521268
2025-10-13 13:15:00,0.7063,0.7099,0.7039,0.7069,1724288.8,0.7069,0.713975,0.7103999999999999,0.7098614303464678,0.7111726982380032,-0.0013112678915354614,-0.00022119300256078704,37.42331288343553,0.008925984153085018,0.713975,0.7300987157791509,0.6978512842208492
2025-10-13 13:30:00,0.707,0.7273,0.7066,0.7194,21326240.3,0.7194,0.713715,0.7108399999999999,0.7113289026008573,0.7117821279981511,-0.000453225397293755,-0.00026759948150738066,49.86486486486488,0.009785091694720721,0.713715,0.7292751752121275,0.6981548247878725
2025-10-13 13:45:00,0.7193,0.7261,0.7142,0.7234,5889351.3,0.7234,0.713565,0.711308,0.7131859945084178,0.7126427111093991,0.000543283399018657,-0.00010542290540217308,54.75234270414992,0.009855317851650657,0.713565,0.7286612212072218,0.6984687787927782
2025-10-13 14:00:00,0.7233,0.7255,0.7161,0.7172,3035471.4,0.7172,0.7134050000000001,0.7116079999999999,0.713803533814815,0.7129802880642585,0.0008232457505564783,8.031082578955725e-05,50.24875621890545,0.009868993332843762,0.7134050000000001,0.728262140760573,0.6985478592394271
2025-10-13 14:15:00,0.7172,0.7191,0.7066,0.7108,3769230.0,0.7108,0.7130099999999999,0.7116800000000001,0.7133414516894588,0.7128187852446839,0.0005226664447749441,0.00016878194958663465,46.17169373549881,0.01005285651679526,0.7130099999999999,0.727693452913883,0.6983265470861169
2025-10-13 14:30:00,0.7108,0.7167,0.7042,0.7107,4326979.2,0.7107,0.7124900000000001,0.7117840000000001,0.7129350745064652,0.712661838189522,0.00027323631694320394,0.00018967282305794853,48.71481028151775,0.010012863016100644,0.7124900000000001,0.7266959883592697,0.6982840116407304
2025-10-13 14:45:00,0.7108,0.7118,0.7029,0.7054,2147385.9,0.7054,0.711595,0.7117640000000001,0.7117758322747013,0.7121239242495574,-0.00034809197485607957,8.21198634751429e-05,59.22619047619053,0.0100823409126728,0.711595,0.7251750899152335,0.6980149100847665
2025-10-13 15:00:00,0.7054,0.7156,0.7053,0.7118,1629410.8,0.7118,0.711205,0.7118479999999999,0.7117795503862857,0.7120999298607014,-0.0003203794744156552,1.6199958969832639e-06,53.9495798319328,0.010289650468780016,0.711205,0.7242547791875064,0.6981552208124936
2025-10-13 15:15:00,0.7117,0.7185,0.7111,0.7121,1683143.0,0.7121,0.7109949999999999,0.7118760000000001,0.7118288503268572,0.712099935056205,-0.0002710847293477814,-5.292094915196969e-05,54.72972972972968,0.01024568140324318,0.7109949999999999,0.7238330150950028,0.6981569849049971
2025-10-13 15:30:00,0.7122,0.7177,0.7118,0.7129,1528842.0,0.7129,0.7108000000000001,0.711906,0.7119936425842638,0.7121591991261156,-0.0001655565418517968,-7.544806769193512e-05,51.09489051094888,0.010248181275980208,0.7108000000000001,0.7233826948833266,0.6982173051166736
2025-10-13 15:45:00,0.7129,0.7196,0.7129,0.7158,2251403.0,0.7158,0.71072,0.7120400000000001,0.7125792360328386,0.7124288880797366,0.00015034795310198135,-3.0288863533151817e-05,56.079854809437414,0.01029113953931261,0.71072,0.7231453730220634,0.6982946269779366
2025-10-13 16:00:00,0.7158,0.72,0.715,0.7159,1726508.5,0.7159,0.7108749999999999,0.7122660000000001,0.7130901227970172,0.7126860074812376,0.00040411531577966286,5.659197232941115e-05,53.1914893617021,0.010182038234244812,0.7108749999999999,0.7234855845267314,0.6982644154732685
2025-10-13 16:15:00,0.7159,0.7184,0.7082,0.7132,3652991.4,0.7132,0.711885,0.712454,0.7131070269820915,0.7127240810011458,0.00038294598094568144,0.00012186277405266523,54.34782608695649,0.007849965805140083,0.711885,0.7212979306360161,0.7024720693639839
2025-10-13 16:30:00,0.7131,0.7145,0.7096,0.7105,1582580.0,0.7105,0.712055,0.712618,0.7127059459079236,0.7125593342603201,0.00014661164760343404,0.000126812548762819,54.02750491159135,0.00654075745146101,0.712055,0.7212237053554627,0.7028862946445373
2025-10-13 16:45:00,0.7105,0.7178,0.7103,0.716,1273311.5,0.716,0.71253,0.712916,0.7132127234605506,0.7128141983891854,0.0003985250713652855,0.00018115505328331232,58.139534883720934,0.006743006258041387,0.71253,0.7214684091367134,0.7035915908632866
2025-10-13 17:00:00,0.7161,0.723,0.7155,0.7168,3522286.1,0.7168,0.712785,0.713206,0.7137646121589274,0.7131094429529494,0.0006551692059779679,0.0002759578838222435,47.058823529411704,0.00655997217084716,0.712785,0.7219126964293191,0.7036573035706809
2025-10-13 17:15:00,0.7169,0.7195,0.7151,0.7172,912417.4,0.7172,0.71319,0.7134020000000001,0.7142931333652462,0.7134124471786569,0.000880686186589319,0.0003969035443756586,42.364532019704285,0.006491009990491905,0.71319,0.7223480048390527,0.7040319951609473
2025-10-13 17:30:00,0.7173,0.72,0.7155,0.7163,1749178.2,0.7163,0.713375,0.713622,0.7146018820782853,0.713626339980238,0.0009755420980473994,0.0005126312551100068,48.72521246458937,0.006419983020225221,0.713375,0.7226317756123486,0.7041182243876514
2025-10-13 17:45:00,0.7164,0.7267,0.7134,0.7254,4343130.9,0.7254,0.714205,0.71403,0.7162631309893184,0.7144984629446649,0.0017646680446534724,0.0007630386130187001,69.2105263157897,0.006843187786865055,0.714205,0.7246368288249038,0.7037731711750962
2025-10-13 18:00:00,0.7253,0.7266,0.7195,0.7202,4132632.4,0.7202,0.7148950000000001,0.7144079999999999,0.7168688031448078,0.7149207990228379,0.0019480041219699373,0.0010000317148089477,61.02088167053364,0.007025856619059186,0.7148950000000001,0.7249726929273196,0.7048173070726805
2025-10-13 18:15:00,0.7202,0.7257,0.72,0.725,1352064.7,0.725,0.7158,0.714888,0.7181197565071451,0.7156674065026277,0.0024523500045173785,0.001290495372750634,73.00469483568077,0.007138575588309269,0.7158,0.7261029888356659,0.705497011164334
2025-10-13 18:30:00,0.7251,0.7273,0.7219,0.7242,1777684.7,0.7242,0.7160399999999999,0.7153320000000001,0.719055178582969,0.7162994504653961,0.002755728117572853,0.001583541921715078,66.75675675675674,0.006015537429758056,0.7160399999999999,0.7269044083327871,0.7051755916672127
2025-10-13 18:45:00,0.7242,0.7246,0.7182,0.7218,1748616.3,0.7218,0.7159599999999999,0.715598,0.7194774588009737,0.7167068985790704,0.002770560221903251,0.0018209455817527129,62.40409207161134,0.005937763021828516,0.7159599999999999,0.7266178165039591,0.7053021834960408
2025-10-13 19:00:00,0.7217,0.7256,0.7203,0.7251,1391142.8,0.7251,0.716355,0.7159260000000001,0.7203424651392855,0.7173286097954356,0.0030138553438499027,0.0020595275341721508,64.66346153846158,0.0056715542176007105,0.716355,0.7277653323444588,0.7049446676555411
2025-10-13 19:15:00,0.725,0.7284,0.7229,0.7234,1834025.6,0.7234,0.716985,0.716122,0.720812855117857,0.7177783424031811,0.0030345127146759188,0.0022545245702729044,59.40594059405952,0.005268856079075967,0.716985,0.7284948630473559,0.7054751369526441
2025-10-13 19:30:00,0.7233,0.727,0.7231,0.7268,1348118.4,0.7268,0.7177899999999999,0.716316,0.7217339543304945,0.7184466133362788,0.0032873409942156817,0.00246108785506146,62.47139588100696,0.005329748118650247,0.7177899999999999,0.7296943379974843,0.7058856620025156
2025-10-13 19:45:00,0.7269,0.7277,0.7214,0.7245,2112043.4,0.7245,0.718745,0.716382,0.7221594998181107,0.7188950123484062,0.0032644874697044246,0.002621767777990053,63.04849884526579,0.005044331343939184,0.718745,0.7294703708070076,0.7080196291929923
2025-10-13 20:00:00,0.7244,0.7257,0.723,0.7246,776015.6,0.7246,0.7193849999999999,0.71642,0.7225349613845552,0.7193176040263022,0.0032173573582530146,0.0027408856940426456,67.32186732186744,0.004708743990051153,0.7193849999999999,0.7298907928882573,0.7088792071117426
2025-10-13 20:15:00,0.7246,0.7259,0.7231,0.7252,1178596.3,0.7252,0.72004,0.7165819999999999,0.7229449673253929,0.7197533370613909,0.0031916302640020433,0.0028310346080345256,62.84916201117327,0.004707437514325338,0.72004,0.7302630698860548,0.7098169301139452
2025-10-13 20:30:00,0.7251,0.7281,0.7238,0.7278,993145.2,0.7278,0.720785,0.7168000000000001,0.7236918954291786,0.7203493861679545,0.003342509261224036,0.002933329538672428,64.6276595744682,0.004745006917143761,0.720785,0.7309888743931896,0.7105811256068104
2025-10-13 20:45:00,0.7278,0.7354,0.7271,0.7334,4158963.9,0.7334,0.721665,0.717046,0.7251854499785357,0.7213160983036615,0.003869351674874233,0.0031205339659127894,68.92523364486001,0.0049321862729362394,0.721665,0.7330285196549207,0.7103014803450793
2025-10-13 21:00:00,0.7334,0.736,0.731,0.7332,1772314.5,0.7332,0.72253,0.717218,0.7264184576741456,0.7221963873182051,0.004222070355940466,0.0033408412439183254,70.0712589073633,0.004937829150949724,0.72253,0.7346541125557109,0.7104058874442891
2025-10-13 21:15:00,0.7332,0.7352,0.7292,0.7309,1596429.3,0.7309,0.7234149999999999,0.7173080000000001,0.7271079257242771,0.7228410993687084,0.0042668263555686314,0.0035260382662483866,57.7903682719546,0.004906099557060326,0.7234149999999999,0.7352521893890379,0.7115778106109619
2025-10-13 21:30:00,0.731,0.7327,0.7299,0.7317,767832.6,0.7317,0.724475,0.717534,0.7278143986897729,0.7234973142302855,0.004317084459487419,0.003684247504896193,68.60841423948236,0.004762347614429461,0.724475,0.7351859142565369,0.7137640857434631
2025-10-13 21:45:00,0.7316,0.7317,0.7286,0.731,774370.0,0.731,0.725225,0.7177799999999999,0.7283044911990385,0.7240530687317458,0.004251422467292709,0.0037976824973754964,61.194029850746304,0.004553232937506466,0.725225,0.7355302107412417,0.7149197892587583
2025-10-13 22:00:00,0.7311,0.7339,0.7307,0.7316,789502.7,0.7316,0.725965,0.7179899999999999,0.7288114925530327,0.7246121006775424,0.004199391875490233,0.003878024372998444,63.90977443609038,0.004553474743691083,0.725965,0.7358394273651596,0.7160905726348403
2025-10-13 22:15:00,0.7315,0.7345,0.7305,0.7312,1339311.1,0.7312,0.7266649999999999,0.718148,0.7291789552371816,0.7251000932199466,0.004078862017234952,0.003918191901845746,69.10569105691044,0.0045662129232564444,0.7266649999999999,0.7358865479919995,0.7174434520080003
2025-10-13 22:30:00,0.7312,0.7338,0.7304,0.7327,679762.4,0.7327,0.727485,0.7184100000000001,0.7297206544314614,0.7256630492777283,0.0040576051537331015,0.003946074552223218,66.66666666666666,0.004540939702278038,0.727485,0.7356859691340208,0.7192840308659793
2025-10-13 22:45:00,0.7327,0.7337,0.7308,0.7323,986943.4,0.7323,0.72783,0.7187300000000001,0.7301174768266211,0.7261546752571558,0.0039628015694652685,0.003949419955671628,70.69767441860415,0.0036431377130070135,0.72783,0.736239543450922,0.7194204565490779
2025-10-13 23:00:00,0.7322,0.734,0.7297,0.7323,1006256.2,0.7323,0.7284349999999999,0.71904,0.7304532496225257,0.7266098844973665,0.0038433651251591483,0.003928208989569132,65.19337016574542,0.0031734269545257345,0.7284349999999999,0.7362535407172742,0.7206164592827257
2025-10-13 23:15:00,0.7322,0.7335,0.7308,0.7313,457396.7,0.7313,0.72875,0.7193180000000001,0.730583518911368,0.7269573004605245,0.0036262184508434325,0.0038678108818239925,70.23809523809454,0.002893046773352597,0.72875,0.7364931123893423,0.7210068876106577
2025-10-13 23:30:00,0.7312,0.7333,0.7287,0.7305,876897.6,0.7305,0.7290650000000001,0.7196720000000001,0.7305706698480806,0.7272197226486338,0.003350947199446841,0.0037644381453485628,66.85714285714262,0.0028927811991348953,0.7290650000000001,0.7365365671575496,0.7215934328424506
2025-10-13 23:45:00,0.7304,0.7306,0.7269,0.7284,1375139.1,0.7284,0.729395,0.7203800000000001,0.7302367206406835,0.7273071506005868,0.0029295700400966407,0.0035974645242981785,58.42105263157903,0.0028643299602747457,0.729395,0.7360543740815627,0.7227356259184373
2025-10-14 00:00:00,0.7284,0.7314,0.728,0.729,1001091.8,0.729,0.72959,0.720818,0.7300464559267322,0.7274325468523951,0.0026139090743371174,0.003400753434305967,53.52941176470576,0.0026989152717808527,0.72959,0.7359410960513066,0.7232389039486933
2025-10-14 00:15:00,0.729,0.733,0.7284,0.7308,729919.8,0.7308,0.7299599999999999,0.721304,0.7301623857841582,0.7276819878262918,0.002480397957866365,0.0032166823390180465,40.15151515151513,0.0026677845064032647,0.7299599999999999,0.7356170031121446,0.7243029968878553
2025-10-14 00:30:00,0.7308,0.7334,0.7271,0.729,1535259.4,0.729,0.73007,0.72165,0.7299835572019799,0.7277796183576775,0.0022039388443024777,0.003014133640074933,35.810810810811006,0.00255441528752454,0.73007,0.7355511063040299,0.7245888936959701
2025-10-14 00:45:00,0.729,0.729,0.7238,0.7275,1712939.3,0.7275,0.73022,0.722018,0.7296014714785984,0.7277589058867383,0.0018425655918601347,0.002779820030431974,37.85714285714311,0.0024898991942186896,0.73022,0.7352006361885194,0.7252393638114806
2025-10-14 01:00:00,0.7275,0.7279,0.7207,0.7237,2304126.6,0.7237,0.7301749999999999,0.72224,0.7286935527895833,0.7274582461914245,0.0012353065981587363,0.0024709173439773266,26.470588235294272,0.0027707764616406406,0.7301749999999999,0.7353806143780456,0.7249693856219542
2025-10-14 01:15:00,0.7237,0.7274,0.7231,0.7256,1042867.3,0.7256,0.7301949999999999,0.7225760000000001,0.7282176215911859,0.7273205983253931,0.0008970232657927735,0.0021561385283404163,35.16483516483535,0.002829568108985157,0.7301949999999999,0.7353226238469757,0.7250673761530242
2025-10-14 01:30:00,0.7256,0.7265,0.7234,0.7247,634979.8,0.7247,0.73004,0.7229420000000001,0.7276764490386958,0.7271264799309196,0.0005499691077761604,0.001834904644227565,31.351351351351383,0.00271395796270103,0.73004,0.7356382704096206,0.7244417295903794
2025-10-14 01:45:00,0.7247,0.725,0.7208,0.7221,941830.0,0.7221,0.729475,0.723246,0.7268185338019734,0.7267541480841848,6.438571778855096e-05,0.0014808008589397622,28.019323671497645,0.0020839291358335787,0.729475,0.7358696935238096,0.7230803064761904
2025-10-14 02:00:00,0.722,0.7221,0.7173,0.7182,2432497.6,0.7182,0.7287250000000001,0.7232220000000001,0.7254926055247468,0.7261205074853563,-0.0006279019606094671,0.0010590602950299164,18.614718614718484,0.0023210071051916995,0.7287250000000001,0.7366222013697252,0.7208277986302749
2025-10-14 02:15:00,0.7182,0.719,0.7141,0.7168,1796105.1,0.7168,0.72802,0.72309,0.7241552815978627,0.7254300995234779,-0.0012748179256152348,0.000592284650900886,17.842323651452233,0.002279091103862021,0.72802,0.737465377594096,0.718574622405904
2025-10-14 02:30:00,0.7168,0.7185,0.7152,0.7163,1026704.4,0.7163,0.72725,0.7230719999999999,0.7229467767366531,0.7247537958550722,-0.0018070191184190731,0.00011242389703689406,17.479674796747958,0.0022282687237820554,0.72725,0.7378700406382565,0.7166299593617435
2025-10-14 02:45:00,0.7162,0.718,0.7142,0.7171,2861130.5,0.7171,0.7265550000000001,0.723198,0.7220472726233218,0.7241868480139557,-0.0021395753906339188,-0.00033797596049726865,20.901639344262023,0.0022809758575367055,0.7265550000000001,0.7379339232679185,0.7151760767320816
2025-10-14 03:00:00,0.7171,0.7175,0.7105,0.7139,1967334.1,0.7139,0.7256699999999999,0.723262,0.7207938460658877,0.7234248592721813,-0.002631013206293553,-0.0007965834096565256,19.029850746268338,0.002368502146746473,0.7256699999999999,0.7381013864239431,0.7132386135760568
2025-10-14 03:15:00,0.7139,0.718,0.7109,0.7114,2699458.4,0.7114,0.72468,0.723382,0.7193486389788282,0.7225341289557233,-0.0031854899768951617,-0.001274364723104253,18.74999999999973,0.002415919368253505,0.72468,0.7383491123186293,0.7110108876813707
2025-10-14 03:30:00,0.7114,0.7142,0.7107,0.7125,1714927.2,0.7125,0.72367,0.723396,0.7182950022128546,0.7217908601441883,-0.003495857931333668,-0.0017186633647501364,20.21660649819485,0.002380660980616146,0.72367,0.737820633238587,0.709519366761413
2025-10-14 03:45:00,0.7126,0.7168,0.7126,0.7158,2282839.6,0.7158,0.7228450000000001,0.72347,0.7179111557185693,0.7213470927261002,-0.003435937007530865,-0.0020621180933062823,24.315068493150463,0.002733158731136311,0.7228450000000001,0.7367997350952762,0.708890264904724
2025-10-14 04:00:00,0.7158,0.7184,0.7117,0.7143,883983.3,0.7143,0.7219450000000001,0.723498,0.7173555933003279,0.7208250858575002,-0.0034694925571722157,-0.002343592986079469,24.56747404844276,0.0027275080762727906,0.7219450000000001,0.7356517751207541,0.708238224879246
2025-10-14 04:15:00,0.7144,0.7153,0.712,0.7129,1035587.7,0.7129,0.721025,0.72344,0.7166701174079697,0.7202380424606482,-0.0035679250526784445,-0.0025884593993992645,24.65277777777753,0.002732182054154153,0.721025,0.7345568532593281,0.707493146740672
2025-10-14 04:30:00,0.7128,0.7128,0.7064,0.7085,2246824.7,0.7085,0.719925,0.723292,0.715413176268282,0.7193685578339336,-0.003955381565651561,-0.002861843832649724,24.149659863945388,0.0029428137570783326,0.719925,0.7337865522788529,0.7060634477211472
2025-10-14 04:45:00,0.7085,0.7097,0.7007,0.7039,4638958.0,0.7039,0.7186999999999999,0.7231059999999999,0.7136419183808541,0.7182227387351238,-0.004580820354269655,-0.0032056391369737103,16.199376947040193,0.0031351421094439817,0.7186999999999999,0.7336922085027494,0.7037077914972504
2025-10-14 05:00:00,0.704,0.7106,0.703,0.7089,2117477.4,0.7089,0.717695,0.723074,0.7129123924761073,0.7175321654954849,-0.00461977301937766,-0.003488465913454501,28.176795580110323,0.0036704186867196694,0.717695,0.7324732877720709,0.7029167122279291
2025-10-14 05:15:00,0.7089,0.7093,0.7018,0.7023,1239162.6,0.7023,0.71627,0.7228,0.7112797167105522,0.7164038569402638,-0.005124140229711527,-0.003815600776705906,25.373134328358105,0.003952698154157915,0.71627,0.731222852218696,0.7013171477813039
2025-10-14 05:30:00,0.7023,0.703,0.6919,0.6943,5538276.8,0.6943,0.714535,0.72235,0.7086674526012365,0.714766534203948,-0.0060990816027114425,-0.004272296941907014,23.024830699774157,0.0044792581950742205,0.714535,0.7312207361082509,0.6978492638917492
2025-10-14 05:45:00,0.6943,0.6986,0.6932,0.6967,2512634.9,0.6967,0.712995,0.7219399999999999,0.7068263060472001,0.713428272411063,-0.006601966363862899,-0.004738230826298192,27.814569536423676,0.00466882806272607,0.712995,0.7303156873572281,0.695674312642772
2025-10-14 06:00:00,0.6967,0.7002,0.6958,0.6961,2711345.7,0.6961,0.711615,0.721536,0.7051761051168617,0.7121446966769102,-0.006968591560048476,-0.005184302973048249,27.75330396475755,0.004619337236833387,0.711615,0.7297245235195685,0.6935054764804315
2025-10-14 06:15:00,0.696,0.6963,0.6889,0.691,4591749.7,0.691,0.7098850000000001,0.720848,0.7029951658681138,0.7105784228489909,-0.007583256980877029,-0.005664093774614005,23.742454728370134,0.004638532322922615,0.7098850000000001,0.7289545430906139,0.6908154569093863
2025-10-14 06:30:00,0.691,0.6941,0.6801,0.682,11227157.6,0.682,0.70775,0.7200840000000001,0.6997651403499425,0.7084615026379545,-0.00869636228801196,-0.0062705474772935975,21.26126126126121,0.005194617219986577,0.70775,0.7292429609040181,0.6862570390959819
2025-10-14 06:45:00,0.682,0.6863,0.6692,0.6816,17128243.6,0.6816,0.705725,0.719216,0.6969705033730282,0.7064717617018097,-0.009501258328781459,-0.00691668964759117,22.097378277153453,0.005220606002811569,0.705725,0.7290764904291736,0.6823735095708265
2025-10-14 07:00:00,0.6816,0.6865,0.6779,0.6833,5102073.1,0.6833,0.7039799999999999,0.718398,0.694867349007947,0.7047553349090832,-0.009887985901136154,-0.007510948898300168,22.962962962962933,0.005316676773675035,0.7039799999999999,0.7285884794970868,0.679371520502913
2025-10-14 07:15:00,0.6833,0.6879,0.6793,0.6834,2887797.1,0.6834,0.70231,0.7176300000000001,0.6931031414682629,0.7031734582491512,-0.010070316780888322,-0.008022822474817799,18.11023622047243,0.00534812255905482,0.70231,0.7277736913849513,0.6768463086150487
2025-10-14 07:30:00,0.6834,0.6837,0.6747,0.6774,6708539.3,0.6774,0.700365,0.716676,0.6906872735500688,0.7012643131936586,-0.010577039643589803,-0.0085336659085722,16.636528028933057,0.00551780216701493,0.700365,0.7272331987722263,0.6734968012277738
2025-10-14 07:45:00,0.6774,0.6791,0.6748,0.6778,3746570.1,0.6778,0.6984,0.715764,0.6887046160808273,0.6995262159200542,-0.010821599839226814,-0.008991252694703123,17.679558011049636,0.005499495162758515,0.6984,0.7258568369397783,0.6709431630602217
2025-10-14 08:00:00,0.6777,0.6814,0.6737,0.6805,4345297.7,0.6805,0.6967300000000001,0.714838,0.6874423674530078,0.6981168665926428,-0.01067449913963503,-0.009327901983689504,23.384030418250916,0.005686206190543058,0.6967300000000001,0.7242801533093589,0.6691798466906412
2025-10-14 08:15:00,0.6805,0.6813,0.6754,0.6811,2472804.9,0.6811,0.6952149999999999,0.7139700000000001,0.6864666186140835,0.6968563579561509,-0.010389739342067328,-0.009540269455365069,26.543209876543273,0.005724936356545934,0.6952149999999999,0.7227008260123235,0.6677291739876763
2025-10-14 08:30:00,0.6811,0.6867,0.6805,0.6854,1882318.1,0.6854,0.6938599999999999,0.713186,0.686302523442686,0.6960077388482878,-0.009705215405601764,-0.009573258645412409,25.469728601252612,0.005980808638820303,0.6938599999999999,0.7204141274421005,0.6673058725578993
2025-10-14 08:45:00,0.6854,0.686,0.6805,0.6816,1476366.3,0.6816,0.69215,0.7123139999999999,0.6855790582976575,0.6949404989335999,-0.009361440635942353,-0.009530895043518398,27.050997782705053,0.0058249323336256415,0.69215,0.7171122451756918,0.6671877548243083
2025-10-14 09:00:00,0.6815,0.6845,0.6806,0.6823,1205001.7,0.6823,0.69055,0.711404,0.6850745877903256,0.6940041656792592,-0.00892957788893356,-0.00941063161260143,34.12698412698414,0.005875956479696198,0.69055,0.7135602494325509,0.6675397505674491
2025-10-14 09:15:00,0.6823,0.6854,0.681,0.6837,2822462.3,0.6837,0.68909,0.71041,0.6848631127456603,0.6932408941474621,-0.008377781401801898,-0.009204061570441525,32.33695652173914,0.00595513546596021,0.68909,0.7097106743470523,0.6684693256529477
2025-10-14 09:30:00,0.6838,0.6865,0.6814,0.682,1581944.2,0.682,0.687765,0.709386,0.6844226338617125,0.6924082353217242,-0.007985601460011704,-0.008960369548355562,31.398416886543558,0.0058781131746156595,0.687765,0.7064488827250947,0.6690811172749053
2025-10-14 09:45:00,0.682,0.6827,0.6758,0.6789,4133635.3,0.6789,0.686515,0.7083459999999999,0.6835729978829874,0.6914076252978929,-0.007834627414905482,-0.008735221121665545,33.14763231197773,0.005813601566561186,0.686515,0.7039576307769772,0.6690723692230228
2025-10-14 10:00:00,0.6789,0.6789,0.6737,0.6753,2124497.0,0.6753,0.684835,0.707218,0.6823002289779124,0.6902144678684193,-0.007914238890506908,-0.008571024675433818,39.01639344262291,0.00546618803825954,0.684835,0.6994414549537769,0.6702285450462231
2025-10-14 10:15:00,0.6753,0.6755,0.6681,0.67,5137496.4,0.67,0.68322,0.705998,0.6804078860582337,0.6887170998781661,-0.008309213819932437,-0.008518662504333542,33.615819209039614,0.005378139053752295,0.68322,0.6968024344768062,0.6696375655231939
2025-10-14 10:30:00,0.6699,0.6747,0.6626,0.6701,5468239.9,0.6701,0.68201,0.704768,0.67882205743389,0.6873380554427463,-0.008515998008856274,-0.008518129605238088,30.473372781065066,0.0049583617724890325,0.68201,0.6957472179823899,0.6682727820176101
2025-10-14 10:45:00,0.6701,0.6736,0.6672,0.6726,2522937.3,0.6726,0.680805,0.703596,0.6778648178286761,0.6862463476321725,-0.00838152980349638,-0.008490809644889746,35.08287292817671,0.004973894016373055,0.680805,0.6932873201285038,0.6683226798714962
2025-10-14 11:00:00,0.6727,0.6797,0.6719,0.6778,2381567.7,0.6778,0.67989,0.702498,0.6778548458550337,0.6856206922520115,-0.007765846396977749,-0.008345816995307348,50.56497175141237,0.005406674768096463,0.67989,0.6901337452033162,0.6696462547966838
2025-10-14 11:15:00,0.6779,0.6799,0.6756,0.6779,2850666.8,0.6779,0.679235,0.7014099999999999,0.677861792646567,0.6850487891222328,-0.007186996475665786,-0.008114052891379035,50.14245014245013,0.005224695653835308,0.679235,0.6880653960691376,0.6704046039308624
2025-10-14 11:30:00,0.6778,0.6813,0.6764,0.677,2414035.5,0.677,0.6789850000000001,0.700304,0.6777292091624798,0.6844525825205858,-0.006723373358106022,-0.007835916984724432,44.74474474474479,0.004389017253223901,0.6789850000000001,0.6877687829040947,0.6702012170959054
2025-10-14 11:45:00,0.677,0.6789,0.6765,0.677,1381198.0,0.677,0.678755,0.6992179999999999,0.6776170231374831,0.6839005393709128,-0.006283516233429709,-0.007525436834465487,43.73088685015287,0.00438937434653195,0.678755,0.6874912463335809,0.670018753666419
2025-10-14 12:00:00,0.6771,0.6774,0.672,0.6753,3349356.0,0.6753,0.678355,0.6981139999999999,0.6772605580394088,0.6832634623804749,-0.006002904341066095,-0.007220930335785609,33.22259136212614,0.004362523730784159,0.678355,0.6869464216702943,0.6697635783297058
2025-10-14 12:15:00,0.6753,0.6755,0.6697,0.6721,4600709.3,0.6721,0.67779,0.6969879999999999,0.6764666260333458,0.6824365392411804,-0.005969913207834576,-0.0069707269101954026,33.8983050847457,0.004455498091171339,0.67779,0.6864702619412919,0.6691097380587081
2025-10-14 12:30:00,0.672,0.6733,0.6677,0.6698,2469266.3,0.6698,0.67741,0.695804,0.6754409912589849,0.6815004992973892,-0.006059508038404271,-0.006788483135837176,29.903536977491726,0.004098776655544187,0.67741,0.686798660573769,0.6680213394262309
2025-10-14 12:45:00,0.6698,0.6728,0.6666,0.6686,1531347.7,0.6686,0.6769499999999999,0.6945600000000001,0.6743885310652948,0.6805449067568418,-0.0061563756915469225,-0.006662061646979125,25.566343042071054,0.004098317541897538,0.6769499999999999,0.6871266502606381,0.6667733497393618
2025-10-14 13:00:00,0.6686,0.6709,0.6656,0.6686,1492297.2,0.6686,0.6763549999999999,0.693352,0.6734979878244801,0.6796600988489275,-0.006162111024447414,-0.006562071522472784,27.054794520547716,0.003954264328899625,0.6763549999999999,0.6870367059548699,0.66567329404513
2025-10-14 13:15:00,0.6687,0.6742,0.6653,0.6739,2292176.9,0.6739,0.675995,0.6922799999999999,0.6735598358514832,0.6792334248601181,-0.005673589008634905,-0.006384375019705208,42.03821656050969,0.004406844707294876,0.675995,0.6864869969501066,0.6655030030498934
2025-10-14 13:30:00,0.6738,0.677,0.6619,0.6706,6287460.5,0.6706,0.6752549999999999,0.6912179999999999,0.6731044764897166,0.6785939119075167,-0.005489435417800115,-0.00620538709932419,42.44372990353691,0.004199746596132835,0.6752549999999999,0.6850162499200182,0.6654937500799817
2025-10-14 13:45:00,0.6706,0.6792,0.6683,0.675,7231046.0,0.675,0.674925,0.6902059999999999,0.6733960954912986,0.6783276962106636,-0.004931600719364937,-0.0059506298233323405,58.278145695364216,0.004390861301101722,0.674925,0.6842180930775728,0.6656319069224272
2025-10-14 14:00:00,0.6749,0.6794,0.6716,0.6792,2709799.6,0.6792,0.67477,0.6892959999999999,0.6742890038772528,0.6783923113061701,-0.004103307428917291,-0.005581165344449331,63.26530612244893,0.004631608899766428,0.67477,0.6836388930063992,0.6659011069936007
2025-10-14 14:15:00,0.6792,0.6847,0.6778,0.6791,5212271.6,0.6791,0.67454,0.6884359999999999,0.6750291571269063,0.6784447326908982,-0.0034155755639919683,-0.005148047388357859,60.188087774294715,0.004600899877829445,0.67454,0.6826389667957686,0.6664410332042314
2025-10-14 14:30:00,0.679,0.6843,0.6726,0.683,5954371.9,0.683,0.67459,0.687732,0.6762554406458438,0.6787821598989798,-0.0025267192531360783,-0.004623781761313503,58.49673202614389,0.0047627875866257646,0.67459,0.6828926691967427,0.6662873308032573
2025-10-14 14:45:00,0.683,0.6866,0.6786,0.6795,6899080.1,0.6795,0.6746200000000001,0.686986,0.6767546036234062,0.6788353332397961,-0.0020807296163898314,-0.004115171332328769,52.35294117647064,0.004794065122792306,0.6746200000000001,0.6829922851059794,0.6662477148940208
2025-10-14 15:00:00,0.6796,0.684,0.6765,0.678,3554904.5,0.678,0.674755,0.68622,0.6769462030659591,0.678773456703515,-0.0018272536375558701,-0.0036575877933741887,51.44508670520231,0.00466009198986926,0.674755,0.6832594817906431,0.6662505182093569
2025-10-14 15:15:00,0.6781,0.6829,0.6753,0.682,2554753.2,0.682,0.6753549999999999,0.685518,0.6777237102865807,0.6790124599106621,-0.00128874962408132,-0.0031838201595156155,56.476683937823786,0.0044164896115552145,0.6753549999999999,0.6841357145136073,0.6665742854863925
2025-10-14 15:30:00,0.682,0.6909,0.6816,0.6896,5172923.1,0.6896,0.67633,0.685032,0.6795508317809529,0.6797967221395019,-0.00024589035854905017,-0.002596234199322303,66.06741573033699,0.004968260827314284,0.67633,0.6868183092812896,0.6658416907187104
2025-10-14 15:45:00,0.6897,0.6971,0.6888,0.696,5970969.9,0.696,0.6775,0.6847239999999999,0.6820814730454217,0.6809969649439833,0.0010845081014383418,-0.0018600857391701739,75.05241090146733,0.00524956568235815,0.6775,0.6910191092824377,0.6639808907175623
2025-10-14 16:00:00,0.6961,0.6987,0.6916,0.6978,3824607.7,0.6978,0.6785,0.68443,0.6844997079615106,0.682241634207392,0.0022580737541185725,-0.0010364538405124245,79.6610169491525,0.005062447331364246,0.6785,0.694787806223674,0.662212193776326
2025-10-14 16:15:00,0.6979,0.709,0.6968,0.7006,6614519.8,0.7006,0.679635,0.684126,0.6869766759674321,0.6836015131549926,0.003375162812439436,-0.0001541305099220521,82.78688524590154,0.005083148986305403,0.679635,0.6986774760663583,0.6605925239336417
2025-10-14 16:30:00,0.7007,0.703,0.6941,0.6995,2865509.2,0.6995,0.68076,0.6838299999999999,0.6889033412032118,0.6847791788472155,0.00412416235599633,0.0007015280632616247,80.96192384769533,0.00509093342622696,0.68076,0.7017100056525786,0.6598099943474215
2025-10-14 16:45:00,0.6996,0.7039,0.6942,0.6962,3671128.6,0.6962,0.6817200000000001,0.683496,0.6900259040950254,0.6856251655992736,0.004400738495751844,0.0014413701497596688,73.27766179540706,0.005277212862454994,0.6817200000000001,0.7036798293541666,0.6597601706458336
2025-10-14 17:00:00,0.6962,0.704,0.6861,0.7021,5612194.4,0.7021,0.68306,0.683368,0.6918834573111753,0.6868455237030311,0.005037933608144196,0.0021606828414365746,81.18811881188124,0.005417202919257791,0.68306,0.7065852518304299,0.6595347481695701
2025-10-14 17:15:00,0.7022,0.7038,0.6994,0.7004,2268790.1,0.7004,0.6844750000000001,0.6832980000000001,0.6931936946479175,0.6878495589842881,0.005344135663629346,0.002797373405875129,76.5690376569039,0.005289628572596936,0.6844750000000001,0.708620774393329,0.6603292256066711
2025-10-14 17:30:00,0.7005,0.7019,0.6962,0.7003,2169072.1,0.7003,0.686,0.683126,0.6942869723943917,0.6887718138743408,0.005515158520050911,0.0033409304287102862,74.14187643020611,0.00515939992112444,0.686,0.7100958611864502,0.6619041388135499
2025-10-14 17:45:00,0.7003,0.7025,0.6977,0.6987,2158197.4,0.6987,0.687505,0.683054,0.6949658997183314,0.6895072350688342,0.005458664649497291,0.0037644772728676877,71.68141592920358,0.005180823600709329,0.687505,0.7107706489497606,0.6642393510502395
2025-10-14 18:00:00,0.6987,0.7059,0.6981,0.7049,1919391.9,0.7049,0.68932,0.6832660000000002,0.6964942228385881,0.6906474398785503,0.005846782960037822,0.004180938410301715,73.0526315789474,0.0053579143524207715,0.68932,0.712033001145896,0.6666069988541041
2025-10-14 18:15:00,0.7049,0.7062,0.7015,0.7025,1418686.0,0.7025,0.6907500000000001,0.683382,0.6974181885557283,0.691525407294954,0.005892781260774305,0.004523306980396233,74.7844827586209,0.005370829809781199,0.6907500000000001,0.7129712321417052,0.668528767858295
2025-10-14 18:30:00,0.7025,0.7045,0.6992,0.7007,3046842.6,0.7007,0.6922550000000001,0.683474,0.6979230826240778,0.692205006754587,0.005718075869490802,0.004762260758215148,74.30406852248402,0.005234533863048887,0.6922550000000001,0.7127393945737585,0.6717706054262417
2025-10-14 18:45:00,0.7008,0.7051,0.6993,0.7019,680959.0,0.7019,0.6936,0.683692,0.6985349160665273,0.6929231544023954,0.005611761664131909,0.0049321609393985005,72.66514806378137,0.005133747729839566,0.6936,0.7128066874318826,0.6743933125681174
2025-10-14 19:00:00,0.7019,0.7039,0.7011,0.7037,785807.0,0.7037,0.694825,0.684126,0.6993295443639846,0.6937214392614771,0.005608105102507532,0.0050673497720203076,68.50393700787411,0.00503849698400536,0.694825,0.7132749179858602,0.6763750820141399
2025-10-14 19:15:00,0.7037,0.7066,0.703,0.7047,936827.7,0.7047,0.696105,0.684588,0.7001557683079871,0.6945346659828493,0.0056211023251377945,0.005178100282643806,63.30275229357811,0.005019001959936265,0.696105,0.7134823567125879,0.6787276432874121
2025-10-14 19:30:00,0.7048,0.7051,0.688,0.6904,7680103.5,0.6904,0.6964750000000001,0.68473,0.698654880875989,0.6942283944285642,0.004426486447424827,0.00502777751560001,41.8141592920354,0.006960692805989534,0.6964750000000001,0.7129702146170909,0.6799797853829093
2025-10-14 19:45:00,0.6905,0.6979,0.6887,0.6943,6544664.0,0.6943,0.6972149999999999,0.684948,0.69798489920276,0.6942336985449669,0.003751200657793108,0.00477246214403863,43.19654427645788,0.006914171907699352,0.6972149999999999,0.7117104838702367,0.6827195161297631
2025-10-14 20:00:00,0.6943,0.6983,0.6901,0.6917,4495267.5,0.6917,0.6979,0.6852340000000001,0.6970179916331045,0.6940460171712657,0.0029719744618388333,0.00441236460759867,41.841004184100356,0.006961269124032372,0.6979,0.7095968731764506,0.6862031268235493
2025-10-14 20:15:00,0.6918,0.6959,0.6914,0.6942,2199742.7,0.6942,0.69851,0.685562,0.6965844544587808,0.6940574233067275,0.0025270311520533273,0.004035297916489601,47.87234042553191,0.006895465429373078,0.69851,0.7077246108237015,0.6892953891762984
2025-10-14 20:30:00,0.6941,0.6965,0.6925,0.696,1099478.6,0.696,0.69883,0.6858719999999999,0.6964945383881992,0.6942013178765996,0.0022932205115996362,0.0036868824355116084,42.890442890442884,0.006480101233522607,0.69883,0.7071420964484968,0.6905179035515031
2025-10-14 20:45:00,0.6961,0.6968,0.6943,0.6949,563784.0,0.6949,0.698775,0.686148,0.6962492247900146,0.6942530721079626,0.0019961526820519992,0.0033487364848196863,43.498817966903005,0.006150658953554103,0.698775,0.7071799797269964,0.6903700202730036
2025-10-14 21:00:00,0.6949,0.6962,0.6906,0.6917,1150033.9,0.6917,0.69847,0.6862739999999999,0.6955493440530893,0.694063955655521,0.001485388397568288,0.0029760668673694066,40.52863436123342,0.0061977752671918546,0.69847,0.7074471874625375,0.6894928125374625
2025-10-14 21:15:00,0.6916,0.695,0.69,0.6943,1105056.2,0.6943,0.698155,0.6865280000000001,0.6953571372756909,0.6940814404217788,0.001275696853912156,0.0026359928646779566,45.25862068965522,0.006188475000375752,0.698155,0.7072587239344341,0.6890512760655658
2025-10-14 21:30:00,0.6943,0.6958,0.6918,0.6939,586202.5,0.6939,0.697875,0.68676,0.6951329623101999,0.694068000390536,0.001064961919663987,0.0023217866756751627,36.45320197044337,0.006182853390903449,0.697875,0.7071474549636728,0.6886025450363272
2025-10-14 21:45:00,0.6939,0.6967,0.6934,0.6958,920590.1,0.6958,0.6978549999999999,0.6870020000000001,0.6952355834932461,0.6941962966579037,0.001039286835342379,0.0020652867076086058,41.64588528678303,0.006132342392148336,0.6978549999999999,0.7071443770682698,0.68856562293173
2025-10-14 22:00:00,0.6959,0.7006,0.6959,0.6993,2357726.3,0.6993,0.697715,0.6873480000000001,0.695860878340439,0.6945743487573182,0.0012865295831208101,0.0019095352827110466,48.3253588516747,0.00592640762250702,0.697715,0.7068175213395824,0.6886124786604175
2025-10-14 22:15:00,0.6992,0.7001,0.6971,0.6974,948387.2,0.6974,0.697565,0.6877179999999999,0.6960976662880637,0.6947836562567762,0.0013140100312875047,0.0017904302324263383,44.70588235294126,0.005932651095281831,0.697565,0.7065796722508468,0.6885503277491531
2025-10-14 22:30:00,0.6974,0.6977,0.6955,0.6964,830829.0,0.6964,0.6973699999999999,0.6881400000000001,0.6961441791668231,0.694903385422941,0.0012407937438821959,0.00168050293471751,41.24700239808161,0.005939042521398727,0.6973699999999999,0.706303932946662,0.6884360670533378
2025-10-14 22:45:00,0.6964,0.6967,0.6938,0.6959,680373.8,0.6959,0.69723,0.6886580000000001,0.6961066131411581,0.6949772087249454,0.001129404416212676,0.0015702832310165434,39.32038834951459,0.005921268562162857,0.69723,0.7061639329466622,0.6882960670533378
2025-10-14 23:00:00,0.6958,0.7002,0.6956,0.699,1168550.0,0.699,0.6969350000000001,0.6892360000000001,0.6965517495809799,0.6952751932638384,0.0012765563171415195,0.0015115378482415387,64.33333333333312,0.005641330163224001,0.6969350000000001,0.7051644145088591,0.688705585491141
2025-10-14 23:15:00,0.6991,0.7004,0.6982,0.6988,376464.3,0.6988,0.69675,0.68976,0.6968976342608292,0.6955362900591097,0.0013613442017195165,0.0014814991189371345,58.55513307984774,0.005596975048924204,0.69675,0.704610761982664,0.6888892380173359
2025-10-14 23:30:00,0.6988,0.7019,0.6986,0.6998,6818037.7,0.6998,0.696705,0.6902000000000001,0.6973441520668555,0.6958521204251015,0.0014920316417540436,0.0014836056235005164,66.39676113360312,0.005581314359196052,0.696705,0.7044803930346211,0.688929606965379
2025-10-14 23:45:00,0.6998,0.7013,0.6983,0.6989,1050207.4,0.6989,0.6965549999999999,0.69062,0.6975835132873394,0.6960778892825015,0.001505624004837891,0.0014880092997679915,60.17316017315996,0.005571761446600655,0.6965549999999999,0.7040178835968195,0.6890921164031804
2025-10-15 00:00:00,0.6988,0.6994,0.6942,0.6944,2052548.6,0.6944,0.6960900000000001,0.690968,0.6970937420123641,0.6959536011875014,0.0011401408248626899,0.0014184356047869313,46.8992248062017,0.005698962911677376,0.6960900000000001,0.7027992708836515,0.6893807291163487
2025-10-15 00:15:00,0.6944,0.6964,0.6917,0.6939,1358320.0,0.6939,0.69555,0.691306,0.6966023970873849,0.6958014825810197,0.0008009145063652134,0.0012949313851025879,48.015873015873034,0.005678093958334312,0.69555,0.7009527283556513,0.6901472716443487
2025-10-15 00:30:00,0.6939,0.6964,0.6915,0.6949,1293341.7,0.6949,0.695775,0.6916980000000001,0.6963404898431719,0.6957347060935368,0.0006057837496350471,0.0011571018580090798,56.956521739130324,0.0033414246872595305,0.695775,0.7006207794985031,0.690929220501497
2025-10-15 00:45:00,0.6949,0.698,0.6945,0.6978,787841.2,0.6978,0.69595,0.692212,0.6965650298672993,0.6958876908273489,0.0006773390399503754,0.001061149294397339,57.51072961373372,0.003232311726580644,0.69595,0.7008242070880896,0.6910757929119103
2025-10-15 01:00:00,0.6978,0.699,0.6916,0.6939,2006998.2,0.6939,0.6960599999999999,0.692694,0.6961550252723302,0.6957404544697674,0.000414570802562797,0.0009318335960304305,50.0,0.0033755946091843423,0.6960599999999999,0.7006195013578589,0.6915004986421409
2025-10-15 01:15:00,0.6938,0.6955,0.6917,0.6919,911936.4,0.6919,0.6959449999999999,0.69316,0.695500405999664,0.6954559763608958,4.442963876816197e-05,0.0007543528045779767,42.75092936802975,0.0033384977955500253,0.6959449999999999,0.7008079534020196,0.6910820465979802
2025-10-15 01:30:00,0.6919,0.6939,0.6907,0.6932,900981.2,0.6932,0.695805,0.6936519999999998,0.6951464973843311,0.6952888670008296,-0.00014236961649849444,0.0005750083203626826,37.65182186234827,0.0033112084170452607,0.695805,0.7008201244934652,0.6907898755065348
2025-10-15 01:45:00,0.6933,0.6966,0.6921,0.6961,821742.0,0.6961,0.695865,0.6940959999999999,0.695293190094434,0.695348950926694,-5.576083225999895e-05,0.0004488544898381463,47.47081712062265,0.003432995957272478,0.695865,0.7008632207361278,0.6908667792638721
2025-10-15 02:00:00,0.6961,0.6988,0.6951,0.6983,786302.5,0.6983,0.696195,0.69465,0.6957557762337518,0.6955675471543463,0.00018822907940552192,0.00039672940775162144,53.531598513011154,0.0033107837124134415,0.696195,0.700898179215975,0.691491820784025
2025-10-15 02:15:00,0.6983,0.7036,0.6976,0.7033,1822431.2,0.7033,0.696645,0.6952160000000001,0.6969164260439438,0.6961403214392097,0.0007761046047340958,0.00047260444714811633,61.78343949044594,0.003565624049211107,0.696645,0.7022252188224112,0.6910647811775887
2025-10-15 02:30:00,0.7033,0.7042,0.6989,0.6995,1742947.1,0.6995,0.696925,0.6956220000000001,0.6973138989602601,0.6963891865177868,0.0009247124424732744,0.0005630260462131481,50.778816199377026,0.0038081184823183572,0.696925,0.7024872316612449,0.6913627683387551
2025-10-15 02:45:00,0.6995,0.7004,0.6976,0.6979,730195.3,0.6979,0.69703,0.695998,0.6974040683509893,0.6965010986275805,0.0009029697234088641,0.0006310147816522913,48.65671641791043,0.0038121330364546337,0.69703,0.702582088274807,0.6914779117251931
2025-10-15 03:00:00,0.6979,0.6989,0.6941,0.6957,1534692.7,0.6957,0.69685,0.6962519999999999,0.6971419039892987,0.6964417579885005,0.0007001460007981519,0.0006448410254814636,44.09221902017295,0.003699078796741664,0.69685,0.7023251111501035,0.6913748888498964
2025-10-15 03:15:00,0.6957,0.6957,0.6913,0.6941,1450228.7,0.6941,0.696685,0.6965439999999999,0.6966739187601758,0.6962682944337968,0.00040562432637902823,0.0005969976856609765,43.22033898305098,0.003685596589640507,0.696685,0.7022877342949381,0.6910822657050619
2025-10-15 03:30:00,0.694,0.694,0.6896,0.6905,1142184.5,0.6905,0.6963900000000001,0.696794,0.6957240851047641,0.6958410133646267,-0.00011692825986253652,0.00045421249655627386,44.34782608695654,0.0038422709150230374,0.6963900000000001,0.7026398505245871,0.690140149475413
2025-10-15 03:45:00,0.6905,0.6922,0.6873,0.6909,1469747.7,0.6909,0.69614,0.6969719999999999,0.6949819181655695,0.6954750123746543,-0.0004930942090847212,0.0002647511554280748,45.639534883720934,0.0038478916096481033,0.69614,0.7028550733821048,0.6894249266178951
2025-10-15 04:00:00,0.691,0.6914,0.6881,0.6907,1181617.8,0.6907,0.6957249999999999,0.696994,0.6943231615247126,0.6951213077543095,-0.0007981462295968411,5.217167842309154e-05,43.750000000000036,0.0036783861531163352,0.6957249999999999,0.7027160845480969,0.688733915451903
2025-10-15 04:15:00,0.6907,0.6941,0.6904,0.6933,648976.0,0.6933,0.69545,0.69694,0.6941657520593723,0.6949863960688052,-0.0008206440094329359,-0.00012239145914811402,43.24324324324334,0.003805346106236873,0.69545,0.7023640589039338,0.6885359410960662
2025-10-15 04:30:00,0.6933,0.6941,0.6915,0.6924,661458.3,0.6924,0.6950799999999999,0.696832,0.693894097896392,0.6947948111748196,-0.0009007132784275562,-0.0002780558230040025,47.52475247524763,0.0037855604461673412,0.6950799999999999,0.7018032824064251,0.6883567175935748
2025-10-15 04:45:00,0.6924,0.6974,0.6919,0.6962,1822583.0,0.6962,0.694945,0.696744,0.6942488520661779,0.694898899235944,-0.0006500471697660215,-0.00035245409235640636,56.69781931464184,0.004010234453141144,0.694945,0.7014502124849573,0.6884397875150428
2025-10-15 05:00:00,0.6963,0.6997,0.6963,0.6993,1244539.8,0.6993,0.69519,0.69674,0.6950259517483044,0.695224906699948,-0.0001989549516435707,-0.0003217542642138393,58.99705014749261,0.0038528568526619376,0.69519,0.7019719885300557,0.6884080114699442
2025-10-15 05:15:00,0.6992,0.7007,0.6962,0.6969,1278204.6,0.6969,0.6953400000000001,0.6967540000000001,0.6953142668639499,0.695348987685137,-3.472082118705089e-05,-0.0002643475756084816,51.19760479041903,0.0039395670606951925,0.6953400000000001,0.7021345488987567,0.6885454511012434
2025-10-15 05:30:00,0.6969,0.7006,0.6955,0.6997,1052867.2,0.6997,0.69558,0.696706,0.6959889950387269,0.6956712848936454,0.00031771014508152895,-0.00014793603147047948,52.05882352941169,0.004022749406686537,0.69558,0.702642905321445,0.6885170946785549
2025-10-15 05:45:00,0.6997,0.6998,0.6971,0.6989,338949.7,0.6989,0.695635,0.696676,0.6964368419558458,0.6959104489755976,0.0005263929802481471,-1.3070229126754128e-05,42.61744966442945,0.003931570542403663,0.695635,0.7027872613281403,0.6884827386718597
2025-10-15 06:00:00,0.699,0.7008,0.6958,0.6976,1399040.9,0.6976,0.6958200000000001,0.696622,0.6966157893472542,0.696035600903331,0.0005801884439231575,0.00010558150548322824,46.52014652014651,0.003731609817913681,0.6958200000000001,0.7029747113664765,0.6886652886335237
2025-10-15 06:15:00,0.6976,0.6983,0.6931,0.6947,1171663.7,0.6947,0.69596,0.696542,0.6963210525245996,0.6959366675030842,0.00038438502151538767,0.00016134220868966014,44.40559440559446,0.0037986224293104953,0.69596,0.7028980415863105,0.6890219584136895
2025-10-15 06:30:00,0.6947,0.7037,0.6939,0.7004,1937321.3,0.7004,0.6963199999999999,0.6964519999999998,0.6969485829054304,0.696267284725078,0.000681298180352341,0.0002653334030221964,57.32087227414334,0.004188391401062347,0.6963199999999999,0.7034007671306597,0.6892392328693402
2025-10-15 06:45:00,0.7004,0.7029,0.7001,0.7029,1015665.3,0.7029,0.69666,0.69646,0.6978641855353641,0.6967585969676648,0.0011055885676992672,0.00043338443595761065,63.33333333333316,0.0041623298673173475,0.69666,0.7043252050476019,0.688994794952398
2025-10-15 07:00:00,0.703,0.7038,0.7001,0.7015,1110090.6,0.7015,0.69682,0.696476,0.6984235416068465,0.697109812007097,0.0013137295997495135,0.0006094534687159913,67.85714285714285,0.004148053407925472,0.69682,0.7047580761291579,0.6888819238708421
2025-10-15 07:15:00,0.7016,0.7033,0.6993,0.6994,640529.6,0.6994,0.6966249999999999,0.696426,0.698573765975024,0.6972794555621269,0.0012943104128970706,0.0007464248575522073,63.076923076923144,0.0038679974793075934,0.6966249999999999,0.704069072173686,0.6891809278263139
2025-10-15 07:30:00,0.6994,0.7013,0.6986,0.7001,917972.9,0.7001,0.696655,0.6963539999999999,0.6988085712096357,0.6974883847797471,0.0013201864298886257,0.0008611771720194911,64.24242424242418,0.0036813473518861506,0.696655,0.7041525013382139,0.6891574986617861
2025-10-15 07:45:00,0.7001,0.7027,0.6997,0.7024,673223.5,0.7024,0.6968799999999999,0.696308,0.6993610987158456,0.6978522081293954,0.0015088905864502067,0.0009907198549056343,63.91437308868498,0.0037059894556715225,0.6968799999999999,0.7047933730914785,0.6889666269085214
2025-10-15 08:00:00,0.7023,0.7045,0.7016,0.7045,1159998.6,0.7045,0.69732,0.6965899999999999,0.7001516989134078,0.6983446371568476,0.001807061756560202,0.0011539882352365478,67.8466076696165,0.0036565713562352097,0.69732,0.7059070404190626,0.6887329595809375
2025-10-15 08:15:00,0.7044,0.7114,0.7038,0.7103,5875323.5,0.7103,0.69813,0.69691,0.7017129760036528,0.6992302195896737,0.0024827564139791036,0.0014197418709850592,69.63788300835652,0.0039577067497321115,0.69813,0.70834085078164,0.6879191492183601
2025-10-15 08:30:00,0.7103,0.716,0.7093,0.7098,5783480.5,0.7098,0.699095,0.6972720000000001,0.7029571335415523,0.7000131662867349,0.002943967254817381,0.001724586947751524,65.76576576576565,0.0036976596387401587,0.699095,0.7099003544232115,0.6882896455767885
2025-10-15 08:45:00,0.7099,0.7099,0.7051,0.7052,1196683.2,0.7052,0.69981,0.697492,0.703302189919775,0.7003973761914212,0.002904813728353828,0.0019606323038719848,61.69014084507055,0.004094413027284206,0.69981,0.7102172646692307,0.6894027353307693
2025-10-15 09:00:00,0.7053,0.7053,0.7013,0.7023,3217148.4,0.7023,0.7003900000000001,0.6976180000000001,0.7031480068551942,0.7005383112883529,0.002609695566841319,0.0020904449564658517,53.6516853932585,0.004245822257881404,0.7003900000000001,0.7099151246711354,0.6908648753288648
2025-10-15 09:15:00,0.7024,0.7027,0.6977,0.6992,2735215.6,0.6992,0.700685,0.697704,0.7025406211851644,0.7004391771188452,0.0021014440663191802,0.0020926447784365173,50.3957783641162,0.00434226235342188,0.700685,0.7096335723648572,0.6917364276351428
2025-10-15 09:30:00,0.6992,0.7005,0.696,0.7001,2433631.4,0.7001,0.70107,0.6978719999999999,0.7021651410028314,0.7004140528878195,0.0017510881150119006,0.002024333445751594,53.33333333333327,0.004326476434067174,0.70107,0.7091368522525094,0.6930031477474905
2025-10-15 09:45:00,0.7001,0.7015,0.6987,0.7,1094474.4,0.7,0.70126,0.6979859999999999,0.7018320423870112,0.7003833823035365,0.0014486600834747732,0.00190919877329623,57.63688760806916,0.004169399486072106,0.70126,0.7090169391685003,0.6935030608314997
2025-10-15 10:00:00,0.7,0.7003,0.6971,0.6995,3349203.6,0.6995,0.7012700000000001,0.698098,0.7014732666351633,0.7003179465773486,0.0011553200578147127,0.0017584230301999264,48.47457627118641,0.004055798468703273,0.7012700000000001,0.7090168091903851,0.693523190809615
2025-10-15 10:15:00,0.6994,0.6998,0.6941,0.6959,1228346.7,0.6959,0.70122,0.6981,0.7006158409989843,0.6999906912753227,0.0006251497236616776,0.0015317683688922767,38.56209150326791,0.004149682817061379,0.70122,0.7090973759991659,0.693342624000834
2025-10-15 10:30:00,0.6959,0.6959,0.6925,0.6947,1165880.2,0.6947,0.70097,0.698008,0.6997057116145252,0.6995987882178913,0.0001069233966338734,0.0012467993744405962,38.81578947368411,0.004049879716781738,0.70097,0.709351709409914,0.692588290590086
2025-10-15 10:45:00,0.6947,0.6955,0.6929,0.6943,800294.6,0.6943,0.7007399999999999,0.6979460000000001,0.698874063673829,0.6992062853869364,-0.0003322217131074279,0.0009309951569309913,41.114982578397175,0.004046020121818515,0.7007399999999999,0.7095997017890072,0.6918802982109926
2025-10-15 11:00:00,0.6942,0.6962,0.6925,0.6925,838232.7,0.6925,0.700485,0.697868,0.6978934384932399,0.6987095235064226,-0.0008160850131826436,0.0005815791229082643,37.24832214765108,0.004063947072927767,0.700485,0.7099949449331869,0.6909750550668131
2025-10-15 11:15:00,0.6926,0.6931,0.6866,0.6924,2362712.9,0.6924,0.70037,0.6977979999999999,0.6970482941096645,0.6982421513948357,-0.0011938572851711848,0.0002264918412923744,31.884057971014386,0.003964399592047608,0.70037,0.7102239011777938,0.6905160988222063
2025-10-15 11:30:00,0.6923,0.6954,0.6909,0.6953,817866.0,0.6953,0.700115,0.697724,0.6967793257851008,0.6980242142544775,-0.0012448884693766482,-6.77842208414302e-05,33.802816901408406,0.0036037590888827295,0.700115,0.7102262287764197,0.6900037712235804
2025-10-15 11:45:00,0.6953,0.6953,0.6906,0.6906,868068.2,0.6906,0.6995,0.69756,0.6958286602797007,0.6974742724578495,-0.0016456121781488475,-0.0003833498123029138,13.919413919413671,0.0037483520539344484,0.6995,0.7103660746798489,0.6886339253201511
2025-10-15 12:00:00,0.6906,0.6938,0.6903,0.6909,1164785.6,0.6909,0.69897,0.697382,0.6950704048520543,0.6969872893128236,-0.0019168844607693192,-0.000690056741996195,15.1291512915126,0.0037495886456463115,0.69897,0.710442456718532,0.687497543281468
2025-10-15 12:15:00,0.6909,0.6918,0.6847,0.6861,1986204.6,0.6861,0.6983050000000001,0.6971260000000001,0.6936903425671228,0.6961808234377996,-0.0024904808706768256,-0.0010501415677323213,15.01831501831471,0.003971529423004274,0.6983050000000001,0.7111341567594524,0.6854758432405478
2025-10-15 12:30:00,0.686,0.6883,0.6846,0.6878,1357084.8,0.6878,0.6976899999999999,0.696994,0.6927841360183347,0.6955600217016663,-0.002775885683331647,-0.0013952903908521865,22.222222222221745,0.004023147163004013,0.6976899999999999,0.7113116391316278,0.6840683608683721
2025-10-15 12:45:00,0.6878,0.6906,0.6874,0.6899,1027260.4,0.6899,0.697065,0.696914,0.6923404227847446,0.6951407608348761,-0.002800338050131468,-0.001676299922708043,31.474103585656962,0.004010824861986215,0.697065,0.7109217521067563,0.6832082478932437
2025-10-15 13:00:00,0.6899,0.6902,0.6845,0.6864,1071417.3,0.6864,0.69616,0.6967439999999999,0.6914265115870916,0.6944932970693298,-0.0030667854822382656,-0.0019543970346140877,25.27075812274356,0.004005571153610507,0.69616,0.7103328279687691,0.6819871720312309
2025-10-15 13:15:00,0.6864,0.6889,0.6848,0.6865,1199212.3,0.6865,0.69497,0.696518,0.690668586727539,0.6939012009901203,-0.003232614262581368,-0.002210040480207544,25.63176895306843,0.0033474875985507906,0.69497,0.7081023786277207,0.6818376213722792
2025-10-15 13:30:00,0.6864,0.6929,0.6833,0.6866,3285596.4,0.6866,0.69381,0.6963719999999999,0.6900426503079176,0.6933603712871484,-0.003317720979230887,-0.0024315765800122127,26.373626373626124,0.003366095633524348,0.69381,0.7054393458204368,0.6821806541795633
2025-10-15 13:45:00,0.6867,0.6883,0.6742,0.6869,9504523.3,0.6869,0.692895,0.696272,0.6895591656451611,0.692881825265878,-0.0033226596207169834,-0.002609793188153167,31.249999999999744,0.0031951831813483017,0.692895,0.7035934455339504,0.6821965544660497
2025-10-15 14:00:00,0.6869,0.694,0.6867,0.6912,1944809.7,0.6912,0.69234,0.6962320000000001,0.6898116016997518,0.6927572456165538,-0.0029456439168020765,-0.002676963333882949,43.54243542435429,0.0035394397565852724,0.69234,0.7020941138420109,0.682585886157989
2025-10-15 14:15:00,0.6913,0.6934,0.689,0.6898,1139908.9,0.6898,0.69187,0.696106,0.6898098168228668,0.692538190385698,-0.0027283735628311767,-0.002687245379672595,41.992882562277444,0.0034498946969130887,0.69187,0.7011254621142426,0.6826145378857573
2025-10-15 14:30:00,0.6899,0.6902,0.6831,0.684,1758558.1,0.684,0.6910649999999999,0.6958199999999999,0.6889159988501181,0.6919057318386093,-0.002989732988491145,-0.0027477429014363054,36.76012461059189,0.0038214525965566877,0.6910649999999999,0.7001046262149543,0.6820253737850456
2025-10-15 14:45:00,0.6841,0.6841,0.676,0.6798,3163350.4,0.6798,0.690055,0.6953499999999999,0.6875135374885616,0.6910090109616752,-0.0034954734731136305,-0.002897289015771771,32.59668508287281,0.003970215249572427,0.690055,0.6993999620539795,0.6807100379460205
2025-10-15 15:00:00,0.6798,0.6831,0.6752,0.6798,1780935.9,0.6798,0.68907,0.6949559999999999,0.6863268394133983,0.690178713853403,-0.0038518744400046767,-0.0030882061006183526,26.72672672672654,0.003980433499082122,0.68907,0.6983760478355018,0.6797639521644981
2025-10-15 15:15:00,0.6798,0.6831,0.676,0.6781,2431219.8,0.6781,0.6881799999999999,0.6945600000000001,0.6850611718113371,0.6892839943087066,-0.004222822497369494,-0.0033151293799685813,29.372937293729294,0.003893064259541501,0.6881799999999999,0.6981188869439732,0.6782411130560266
2025-10-15 15:30:00,0.6781,0.6795,0.6717,0.674,2763512.8,0.674,0.687145,0.694126,0.6833594530711314,0.6881518465821357,-0.004792393511004245,-0.0036105822061757143,25.21994134897359,0.004035920034219004,0.687145,0.6984433417507473,0.6758466582492527
2025-10-15 15:45:00,0.6739,0.6741,0.6688,0.6726,3557214.4,0.6726,0.68606,0.6936960000000001,0.6817041525986496,0.6869998579464219,-0.00529570534777235,-0.003947606834495042,28.013029315960765,0.004031714809000723,0.68606,0.6985682541169237,0.6735517458830763
2025-10-15 16:00:00,0.6727,0.6749,0.6696,0.6721,2899554.0,0.6721,0.68504,0.693328,0.6802265906603958,0.6858961647652055,-0.005669574104809727,-0.004292000288557979,23.38983050847466,0.004028442187162115,0.68504,0.6986183728968989,0.6714616271031011
2025-10-15 16:15:00,0.6721,0.6751,0.669,0.6738,1609778.2,0.6738,0.68411,0.6929860000000001,0.6792378844049503,0.6850001525603755,-0.005762268155425243,-0.004586053861931432,22.33676975945008,0.004118672035314004,0.68411,0.6981072779308914,0.6701127220691085
2025-10-15 16:30:00,0.6738,0.675,0.671,0.6719,1477784.6,0.6719,0.6829400000000001,0.6926100000000001,0.6781089791118811,0.6840297708892366,-0.005920791777355494,-0.004853001445016245,23.63636363636357,0.0039155686320445065,0.6829400000000001,0.6969108568851814,0.6689691431148188
2025-10-15 16:45:00,0.672,0.676,0.6705,0.6715,2908189.6,0.6715,0.6819850000000001,0.692174,0.6770922130946686,0.683101639712256,-0.00600942661758741,-0.005084286479530478,23.021582733812863,0.0037350271637784254,0.6819850000000001,0.6963566497240381,0.667613350275962
2025-10-15 17:00:00,0.6715,0.6716,0.6648,0.6651,2934826.3,0.6651,0.6806949999999999,0.691628,0.6752472572339503,0.6817681849187557,-0.006520927684805389,-0.0053716147205854605,18.475073313782957,0.004122751661517861,0.6806949999999999,0.6962779157463833,0.6651120842536166
2025-10-15 17:15:00,0.6651,0.6696,0.6638,0.6673,2662430.9,0.6673,0.679755,0.6910499999999999,0.674024602274881,0.6806964675173665,-0.00667186524248542,-0.005631664824965453,22.777777777777786,0.004098691656683224,0.679755,0.6962088877185191,0.6633011122814809
2025-10-15 17:30:00,0.6672,0.6709,0.665,0.6696,1764593.8,0.6696,0.678845,0.690456,0.6733438942325917,0.6798745069605245,-0.006530612727932872,-0.005811454405558938,18.235294117646788,0.004152073338853994,0.678845,0.6954380200925114,0.6622519799074886
2025-10-15 17:45:00,0.6697,0.6738,0.6697,0.6737,1043240.9,0.6737,0.678035,0.689992,0.6733986797352698,0.6794171360745598,-0.00601845633928999,-0.005852854792305149,28.06539509536769,0.004373543466771449,0.678035,0.6939224031530768,0.6621475968469233
2025-10-15 18:00:00,0.6736,0.6747,0.6702,0.6716,935316.0,0.6716,0.677295,0.68943,0.6731219597759975,0.6788380889579257,-0.005716129181928209,-0.005825509670229762,31.21212121212099,0.004303163741806979,0.677295,0.6929183933911193,0.6616716066088807
2025-10-15 18:15:00,0.6715,0.6754,0.6714,0.6736,988458.9,0.6736,0.67665,0.6889240000000001,0.6731955044258441,0.6784500823684497,-0.005254577942605643,-0.005711323324704939,39.935064935064865,0.004391340259576585,0.67665,0.6917289501240356,0.6615710498759644
2025-10-15 18:30:00,0.6736,0.6747,0.6713,0.6727,739495.0,0.6727,0.6759549999999999,0.6884260000000001,0.6731192729757142,0.6780241503411573,-0.004904877365443094,-0.005550034132852571,38.8012618296529,0.004384574204139464,0.6759549999999999,0.6903696818429209,0.6615403181570788
2025-10-15 18:45:00,0.6727,0.6768,0.6716,0.676,837187.2,0.676,0.67541,0.688052,0.6735624617486812,0.6778742132788493,-0.004311751530168162,-0.005302377612315689,46.84684684684685,0.004572192934397962,0.67541,0.6888752613475922,0.6619447386524077
2025-10-15 19:00:00,0.676,0.6761,0.6711,0.6725,498222.8,0.6725,0.6744749999999999,0.687494,0.6733990060950379,0.6774761234063419,-0.004077117311304002,-0.005057325552113352,47.70642201834853,0.00435413798817991,0.6744749999999999,0.6857411346288229,0.663208865371177
2025-10-15 19:15:00,0.6724,0.6754,0.6716,0.6743,886829.1,0.6743,0.6737,0.686922,0.6735376205419551,0.6772408550058722,-0.003703234463917071,-0.004786507334474097,52.567975830815776,0.004442442615070158,0.6737,0.6823579443288283,0.6650420556711716
2025-10-15 19:30:00,0.6744,0.6751,0.6694,0.6712,807073.1,0.6712,0.67306,0.686316,0.6731779866124236,0.6767933842646966,-0.0036153976522730336,-0.004552285398033884,48.73949579831931,0.004188116852480291,0.67306,0.6802860930698222,0.6658339069301777
2025-10-15 19:45:00,0.6712,0.6715,0.6668,0.6695,1649496.7,0.6695,0.672545,0.685718,0.6726121425182046,0.6762531335784226,-0.0036409910602180906,-0.0043700265304707255,43.977591036414616,0.004026739726897427,0.672545,0.6791936167933087,0.6658963832066912
2025-10-15 20:00:00,0.6696,0.6717,0.6688,0.6705,790721.0,0.6705,0.67208,0.685126,0.6722871975154039,0.6758269755355765,-0.0035397780201725793,-0.0042039768284110966,47.988505747126354,0.00405523697720771,0.67208,0.6778326561371852,0.6663273438628148
2025-10-15 20:15:00,0.6706,0.673,0.6669,0.6673,936340.7,0.6673,0.67154,0.6844239999999999,0.6715199363591879,0.6751953477181264,-0.003675411358938452,-0.004098263734516568,44.41489361702131,0.004139837006058871,0.67154,0.6769294243419837,0.6661505756580164
2025-10-15 20:30:00,0.6673,0.6699,0.6575,0.6693,6358733.5,0.6693,0.671305,0.68372,0.6711784076885436,0.6747586552945615,-0.003580247606017828,-0.00399466050881682,56.325301204819226,0.004028377774615398,0.671305,0.6766524932642926,0.6659575067357075
2025-10-15 20:45:00,0.6693,0.6705,0.6644,0.6647,3361266.9,0.6647,0.67091,0.682808,0.6701817295826138,0.6740135697171865,-0.003831840134572717,-0.003962096433968,46.348314606741525,0.004272427184234382,0.67091,0.676973835854003,0.6648461641459971
2025-10-15 21:00:00,0.6647,0.6663,0.6578,0.6629,2294569.4,0.6629,0.67045,0.68187,0.6690614634929809,0.6731903423307284,-0.004128878837747485,-0.0039954529147238965,40.45584045584059,0.004298838723718909,0.67045,0.6774563129428945,0.6634436870571054
2025-10-15 21:15:00,0.6629,0.6673,0.6607,0.6665,1114363.9,0.6665,0.670085,0.681096,0.6686673921863685,0.6726947614173411,-0.004027369230972577,-0.004001836177973632,39.5953757225434,0.004458819748918518,0.670085,0.6771170394586858,0.6630529605413142
2025-10-15 21:30:00,0.6665,0.6688,0.6647,0.6659,1147100.6,0.6659,0.669785,0.680368,0.6682416395423119,0.6721914457567973,-0.003949806214485485,-0.003991430185276003,41.38972809667685,0.004427600765453132,0.669785,0.6770005606705662,0.6625694393294337
2025-10-15 21:45:00,0.666,0.6665,0.6602,0.6626,2324285.6,0.6626,0.6693399999999999,0.679636,0.6673736949973409,0.6714809682933308,-0.004107273295989922,-0.004014598807418787,34.01162790697677,0.004541586467507856,0.6693399999999999,0.6771808914638913,0.6614991085361086
2025-10-15 22:00:00,0.6627,0.6665,0.6616,0.6664,567660.8,0.6664,0.669405,0.6789620000000001,0.6672238957669807,0.6711046002716026,-0.003880704504621857,-0.003987819946859401,41.554959785522854,0.004244848400333565,0.669405,0.6771184127883357,0.6616915872116643
2025-10-15 22:15:00,0.6664,0.6684,0.6654,0.6661,759167.9,0.6661,0.669345,0.678284,0.6670509887259067,0.6707338891403728,-0.0036829004144660615,-0.003926836040380733,35.568513119533506,0.004178323706922584,0.669345,0.6771455330452879,0.661544466954712
2025-10-15 22:30:00,0.6662,0.6683,0.6658,0.6674,435090.9,0.6674,0.669235,0.6776420000000001,0.667104682768075,0.6704869343892341,-0.003382251621159127,-0.003817919156536412,42.056074766355124,0.004124907624353492,0.669235,0.6770822992337693,0.6613877007662308
2025-10-15 22:45:00,0.6673,0.6678,0.6626,0.6642,554781.8,0.6642,0.66876,0.677008,0.6666578084960635,0.670021235545587,-0.0033634270495235263,-0.0037270207351338346,34.9253731343283,0.003969646863924211,0.66876,0.6766193959859726,0.6609006040140274
2025-10-15 23:00:00,0.6642,0.6681,0.6637,0.6674,969638.4,0.6674,0.66855,0.6764619999999999,0.6667719918043614,0.6698270699496177,-0.003055078145256296,-0.003592632217158327,44.34523809523803,0.004109659855051694,0.66855,0.6763137484165094,0.6607862515834906
2025-10-15 23:15:00,0.6673,0.6686,0.665,0.6675,603724.9,0.6675,0.668245,0.675926,0.6668839930652288,0.6696546943977942,-0.002770701332565406,-0.003428246040239743,46.87499999999998,0.004038776073173022,0.668245,0.6756441393525914,0.6608458606474086
2025-10-15 23:30:00,0.6674,0.6702,0.6674,0.669,764489.0,0.669,0.6680599999999999,0.675456,0.6672095325936552,0.6696061985164762,-0.002396665922820951,-0.0032219300167559846,47.692307692307764,0.004076561326062668,0.6680599999999999,0.6751694895812875,0.6609505104187122
2025-10-15 23:45:00,0.6691,0.6696,0.667,0.6684,482070.7,0.6684,0.66768,0.674976,0.6673926814254005,0.6695168504782187,-0.0021241690528182033,-0.0030023778239684287,51.83946488294313,0.0038912618307222107,0.66768,0.6737371315081021,0.661622868491898
2025-10-16 00:00:00,0.6685,0.67,0.6661,0.6661,1322988.0,0.6661,0.66736,0.674392,0.6671938073599543,0.6692637504427951,-0.0020699430828408083,-0.002815890875742905,44.7019867549669,0.0038010914347213188,0.66736,0.6730073188795657,0.6617126811204342
2025-10-16 00:15:00,0.6662,0.6709,0.6659,0.6698,1639484.1,0.6698,0.667135,0.673976,0.6675947600738075,0.6693034726322177,-0.001708712558410208,-0.002594455212276366,58.703071672355,0.003976948601681167,0.667135,0.6719091739435522,0.6623608260564479
2025-10-16 00:30:00,0.6698,0.6698,0.6663,0.6671,705995.3,0.6671,0.66693,0.6735000000000001,0.6675186431393756,0.6691402524372385,-0.0016216092978629248,-0.002399886029393678,56.95364238410598,0.003946847825292748,0.66693,0.6713046157727376,0.6625553842272625
2025-10-16 00:45:00,0.667,0.6692,0.6661,0.6667,1213421.7,0.6667,0.66679,0.673112,0.6673926980410101,0.6689594929974432,-0.0015667949564330819,-0.002233267814801559,50.37037037037033,0.003912785806188304,0.66679,0.6709942084180311,0.6625857915819688
2025-10-16 01:00:00,0.6667,0.6725,0.6664,0.6704,730150.3,0.6704,0.6667850000000001,0.6727640000000001,0.6678553598808546,0.6690661972198548,-0.0012108373390001814,-0.0020287817196412835,57.47508305647832,0.004105673374009736,0.6667850000000001,0.6709708282210249,0.6625991717789752
2025-10-16 01:15:00,0.6704,0.6714,0.6683,0.6685,1591235.5,0.6685,0.666845,0.6723359999999999,0.6679545352838001,0.6690242566850507,-0.0010697214012506118,-0.0018369696559631492,60.278745644599354,0.004008802817423207,0.666845,0.6710958079728734,0.6625941920271267
2025-10-16 01:30:00,0.6686,0.6703,0.6673,0.6693,1015761.8,0.6693,0.666845,0.671994,0.6681615298555231,0.6690446821157877,-0.0008831522602645858,-0.0016462061768234364,55.64202334630354,0.003960180662573206,0.666845,0.6710958079728734,0.6625941920271267
2025-10-16 01:45:00,0.6694,0.6732,0.6686,0.6725,764188.2,0.6725,0.667235,0.671714,0.6688289868008273,0.6693006315886924,-0.0004716447878650998,-0.001411293899031769,61.18881118881114,0.0037461292976514985,0.667235,0.6720508838070796,0.6624191161929205
2025-10-16 02:00:00,0.6725,0.6758,0.6705,0.6733,1580991.6,0.6733,0.6677549999999999,0.671448,0.6695168349853154,0.669596881100641,-8.004611532552719e-05,-0.0011450443422905208,60.498220640569414,0.0036660483256792404,0.6677549999999999,0.6728385027295338,0.6626714972704659
2025-10-16 02:15:00,0.6732,0.6735,0.6716,0.6731,648987.4,0.6731,0.668085,0.671172,0.6700680911414207,0.6698563713894823,0.00021171975193845505,-0.0008736915234447256,67.72908366533866,0.0035041831020787913,0.668085,0.6736587259579035,0.6625112740420965
2025-10-16 02:30:00,0.6731,0.6731,0.6692,0.6696,781076.0,0.6696,0.6682699999999999,0.67074,0.6699960771196637,0.6698373809161874,0.0001586962034763051,-0.0006672139780605195,54.33070866141726,0.0037197763706437407,0.6682699999999999,0.6737836576837707,0.6627563423162292
2025-10-16 02:45:00,0.6696,0.6737,0.6692,0.6734,465451.7,0.6734,0.66881,0.670412,0.6705197575627924,0.6701012786260995,0.0004184789366928898,-0.00045007539510983756,60.137457044673525,0.003691122931852387,0.66881,0.6740962881217759,0.6635237118782241
2025-10-16 03:00:00,0.6734,0.6745,0.6719,0.6722,718578.2,0.6722,0.6691,0.670176,0.6707782563992859,0.6702567394686106,0.0005215169306752587,-0.00025575692995281825,55.555555555555515,0.003543557862203831,0.6691,0.6744653861391531,0.663734613860847
2025-10-16 03:15:00,0.6721,0.6749,0.6712,0.6739,701682.0,0.6739,0.66949,0.670058,0.6712585246455496,0.6705266106190839,0.0007319140264656632,-5.82227386691219e-05,59.1973244147158,0.0035667389049119187,0.66949,0.6750669827723657,0.6639130172276344
2025-10-16 03:30:00,0.6739,0.6739,0.6705,0.6721,600035.7,0.6721,0.669725,0.669904,0.6713879823923882,0.6706431579806333,0.0007448244117548297,0.00010238669141566847,60.204081632653036,0.0036230759659751422,0.669725,0.675327208211345,0.6641227917886551
2025-10-16 03:45:00,0.672,0.6725,0.6697,0.6702,378005.7,0.6702,0.6700250000000001,0.669746,0.6712052158704823,0.6706103314635493,0.000594884406933005,0.0002008862345191358,50.72463768115955,0.0035004507533190512,0.6700250000000001,0.6749875439148098,0.6650624560851904
2025-10-16 04:00:00,0.6703,0.6741,0.6699,0.6733,848209.2,0.6733,0.67032,0.6697320000000001,0.6715274903519466,0.670809566169953,0.0007179241819935678,0.00030429382401402224,61.07142857142845,0.003488077542071956,0.67032,0.6753267743582902,0.6653132256417098
2025-10-16 04:15:00,0.6734,0.6745,0.6733,0.674,498620.5,0.674,0.670645,0.66976,0.6719078764516471,0.6710458946018084,0.0008619818498386556,0.00041583142917894897,62.89752650176683,0.0034897763462919842,0.670645,0.6757243596779502,0.6655656403220499
2025-10-16 04:30:00,0.674,0.6745,0.6698,0.6704,650719.5,0.6704,0.6707150000000001,0.669726,0.6716758954590859,0.6709980505572302,0.0006778449018557398,0.0004682341237143072,50.0,0.0036951982807793098,0.6707150000000001,0.6757371718934599,0.6656928281065402
2025-10-16 04:45:00,0.6703,0.6708,0.6669,0.6688,1020838.4,0.6688,0.670735,0.6696259999999999,0.6712334500038419,0.6708352319974352,0.00039821800640671423,0.0004542309002527886,50.537634408602074,0.0037314225901624977,0.670735,0.6757214131187272,0.6657485868812727
2025-10-16 05:00:00,0.6688,0.6699,0.6661,0.6696,1122991.9,0.6696,0.67091,0.66958,0.6709821500032509,0.6707437333309585,0.00023841667229240748,0.00041106805466071243,50.537634408602074,0.003647081253273345,0.67091,0.6754359020620009,0.6663840979379991
2025-10-16 05:15:00,0.6695,0.6699,0.6677,0.6684,637140.0,0.6684,0.67084,0.6695180000000001,0.6705848961565969,0.6705701234545912,1.4772702005672045e-05,0.00033180898412970433,42.08494208494218,0.0034513485419536117,0.67084,0.6754800544462645,0.6661999455537355
2025-10-16 05:30:00,0.6683,0.6732,0.6683,0.6719,1440119.5,0.6719,0.6710800000000001,0.669654,0.6707872198248127,0.6706686328283253,0.0001185869964873687,0.0002891645866012372,47.55244755244765,0.003517135161678765,0.6710800000000001,0.6753903791506306,0.6667696208493696
2025-10-16 05:45:00,0.6719,0.6724,0.6646,0.668,1058045.4,0.668,0.671145,0.669668,0.6703584167748414,0.6704709563225234,-0.00011253954768197794,0.00020882375974459418,42.105263157894825,0.003775303463888092,0.671145,0.675209467337546,0.6670805326624539
2025-10-16 06:00:00,0.668,0.6702,0.6672,0.6686,1675139.9,0.6686,0.671055,0.669648,0.6700878911171735,0.6703323669652994,-0.0002444758481259246,0.0001181638381704904,48.29931972789117,0.003559272955604412,0.671055,0.675266000631314,0.6668439993686859
2025-10-16 06:15:00,0.6686,0.6714,0.6682,0.6712,955499.3,0.6712,0.67119,0.6695979999999999,0.6702589847914544,0.670396636078981,-0.00013765128752663003,6.70008130310663e-05,46.09929078014192,0.0036074233397529742,0.67119,0.6752255786125384,0.6671544213874615
2025-10-16 06:30:00,0.6712,0.6733,0.6709,0.6713,875463.0,0.6713,0.6712899999999999,0.669592,0.6704191409773845,0.6704635519249825,-4.44109475979948e-05,4.4718460905254075e-05,48.33948339483394,0.0035999054512217857,0.6712899999999999,0.6752262819754952,0.6673537180245047
2025-10-16 06:45:00,0.6713,0.6765,0.6713,0.6758,1963282.2,0.6758,0.671455,0.669636,0.6712469654424023,0.6708588443749839,0.0003881210674183677,0.00011339898220787683,53.17725752508343,0.0037523445188324222,0.671455,0.6758542702745456,0.6670557297254545
2025-10-16 07:00:00,0.6758,0.6763,0.6732,0.6743,626783.7,0.6743,0.671505,0.6696679999999999,0.671716663066648,0.6711137447916519,0.0006029182749961448,0.00021130284076553046,53.71621621621618,0.0037847800286373552,0.671505,0.6760139268184084,0.6669960731815916
2025-10-16 07:15:00,0.6744,0.6744,0.6687,0.6688,1192383.2,0.6688,0.6712899999999999,0.669524,0.6712679456717792,0.6709423562885666,0.0003255893832125878,0.00023416014925494192,47.89156626506014,0.004210221901892655,0.6712899999999999,0.6758878942549912,0.6666921057450087
2025-10-16 07:30:00,0.6688,0.6719,0.6682,0.6717,742211.0,0.6717,0.6713950000000001,0.669508,0.6713344155684285,0.6709984780449689,0.00033593752345961736,0.000254515624095877,47.575757575757514,0.0041672933721988055,0.6713950000000001,0.6759258184459993,0.6668641815540008
2025-10-16 07:45:00,0.6716,0.6727,0.6697,0.6707,1156862.8,0.6707,0.67126,0.669436,0.6712368131732857,0.6709763685601564,0.0002604446131292404,0.0002557014219025497,45.04504504504494,0.003972049661347997,0.67126,0.6756992507666898,0.6668207492333101
2025-10-16 08:00:00,0.6707,0.6716,0.6681,0.6715,700173.9,0.6715,0.671225,0.669442,0.6712773034543187,0.6710151560742189,0.00026214738009977534,0.0002569906135419948,51.803278688524564,0.003965121224793792,0.671225,0.6756440377615468,0.6668059622384531
2025-10-16 08:15:00,0.6715,0.6724,0.6686,0.669,818972.1,0.669,0.6709799999999999,0.6694319999999999,0.6709269490767311,0.6708658852539064,6.10638228246696e-05,0.00021780525539852975,50.31847133757977,0.0039978553996441,0.6709799999999999,0.6753171589052696,0.6666428410947303
2025-10-16 08:30:00,0.6689,0.6706,0.6661,0.6682,764293.5,0.6682,0.670785,0.6693859999999999,0.6705074184495416,0.6706684122721356,-0.00016099382259393558,0.00014204543980003668,47.77070063694274,0.003966404156369301,0.670785,0.6752586773995031,0.6663113226004969
2025-10-16 08:45:00,0.6682,0.6693,0.6674,0.6684,628501.3,0.6684,0.670695,0.6694080000000001,0.6701832002265353,0.6705003817334589,-0.0003171815069236139,5.020005045530654e-05,50.0,0.003922247208239588,0.670695,0.675289035034246,0.6661009649657541
2025-10-16 09:00:00,0.6684,0.6715,0.6668,0.6706,464585.1,0.6706,0.67056,0.6694340000000001,0.6702473232686068,0.6705077608643139,-0.0002604375957070415,-1.1927478777163085e-05,47.76632302405484,0.003847806584947189,0.67056,0.6749873789324691,0.666132621067531
2025-10-16 09:15:00,0.6706,0.6718,0.6672,0.6673,1738775.8,0.6673,0.6702250000000001,0.669486,0.6697938889195902,0.6702701489484387,-0.0004762600288484853,-0.00010479398879142756,48.77192982456134,0.003975942983150173,0.6702250000000001,0.6745695670853428,0.6658804329146574
2025-10-16 09:30:00,0.6672,0.6706,0.652,0.6688,12817468.0,0.6688,0.670145,0.669604,0.669640982931961,0.6701612490263321,-0.000520266094371169,-0.00018788840990737588,50.340136054421734,0.003848885499305732,0.670145,0.6745346888753307,0.6657553111246692
2025-10-16 09:45:00,0.6688,0.678,0.6686,0.6731,6335120.7,0.6731,0.6703600000000001,0.669736,0.6701731394039669,0.6703789342836408,-0.00020579487967387067,-0.00019146970386067487,53.05466237942126,0.004073031514458917,0.6703600000000001,0.6748912482306163,0.6658287517693838
2025-10-16 10:00:00,0.6731,0.6792,0.6728,0.6772,3396599.6,0.6772,0.67074,0.6699620000000001,0.6712541948802797,0.6708841984107786,0.0003699964695010882,-7.917646918832223e-05,58.40455840455845,0.004270223359857742,0.67074,0.6761853843323917,0.6652946156676083
2025-10-16 10:15:00,0.6773,0.6816,0.6764,0.6764,2325119.6,0.6764,0.6711400000000001,0.6702380000000001,0.6720458572063905,0.6712927763062765,0.0007530809001140559,8.727500467215346e-05,50.95541401273893,0.004254573120472591,0.6711400000000001,0.6770196347900439,0.6652603652099562
2025-10-16 10:30:00,0.6765,0.6794,0.6763,0.6792,801816.9,0.6792,0.671505,0.6704939999999999,0.6731464945592536,0.6718784965798856,0.0012679979793679408,0.00032341959961131104,57.492354740061174,0.004198413136261195,0.671505,0.678401673492655,0.664608326507345
2025-10-16 10:45:00,0.6791,0.6808,0.678,0.6786,607296.4,0.6786,0.6720349999999999,0.670744,0.6739854953962914,0.6723763857221163,0.0016091096741750466,0.0005805576145240583,67.62589928057557,0.003942903432550944,0.6720349999999999,0.6794101431744224,0.6646598568255775
2025-10-16 11:00:00,0.6786,0.6815,0.6774,0.6786,1367393.0,0.6786,0.672535,0.670968,0.6746954191814774,0.6728373941871447,0.00185802499433263,0.0008360510904857728,63.855421686747,0.003946778037325473,0.672535,0.6802764196985105,0.6647935803014895
2025-10-16 11:15:00,0.6787,0.6796,0.6748,0.6754,923113.6,0.6754,0.6727449999999999,0.6711919999999999,0.6748038162304808,0.6730272168399488,0.0017765993905319855,0.0010241607504950154,58.67158671586722,0.004054126819026787,0.6727449999999999,0.6805614401643727,0.6649285598356272
2025-10-16 11:30:00,0.6755,0.6769,0.6738,0.6763,1036205.2,0.6763,0.672995,0.67137,0.6750339983488683,0.6732696452221747,0.0017643531266936519,0.0011721992257347428,58.82352941176475,0.004060136656723932,0.672995,0.6809356946534959,0.6650543053465041
2025-10-16 11:45:00,0.6762,0.6803,0.6762,0.6802,435795.8,0.6802,0.673215,0.671624,0.6758287678336579,0.6737830048353468,0.0020457629983110515,0.0013469119802500048,69.58041958041952,0.003988102753105662,0.673215,0.6817075416195038,0.6647224583804963
2025-10-16 12:00:00,0.6802,0.6847,0.6781,0.6781,1734175.9,0.6781,0.673405,0.671806,0.6761781881669412,0.6741027822549509,0.0020754059119902912,0.0014926107665980623,66.55518394648831,0.004021900586803202,0.673405,0.682165551532809,0.6646444484671911
2025-10-16 12:15:00,0.678,0.6801,0.6777,0.6791,902913.8,0.6791,0.6739200000000001,0.67202,0.6766276976797195,0.674472946532362,0.0021547511473575254,0.0016250388427499552,67.4267100977199,0.003500249285720174,0.6739200000000001,0.6827514271363273,0.6650885728636728
2025-10-16 12:30:00,0.6792,0.6827,0.6778,0.681,1783267.2,0.681,0.6743849999999999,0.672318,0.6773003595751473,0.6749564319744092,0.002343927600738094,0.001768816594347583,67.10526315789481,0.003434043888380601,0.6743849999999999,0.6836908611977973,0.6650791388022025
2025-10-16 12:45:00,0.6809,0.6819,0.6796,0.6797,720266.7,0.6797,0.6748350000000001,0.6725160000000001,0.6776695350251246,0.6753078073837123,0.0023617276414122923,0.001887398803760525,71.83098591549275,0.003449348298382964,0.6748350000000001,0.6842602237165147,0.6654097762834854
2025-10-16 13:00:00,0.6797,0.6808,0.6769,0.6782,689236.9,0.6782,0.67517,0.672738,0.6777511450212592,0.6755220438738078,0.002229101147451451,0.0019557392724987104,66.5492957746479,0.003505658250775748,0.67517,0.6845723737205044,0.6657676262794957
2025-10-16 13:15:00,0.6782,0.6791,0.6747,0.6771,1152152.3,0.6771,0.675575,0.672946,0.6776509688641424,0.6756389295127848,0.0020120393513576307,0.0019669992882704944,57.93650793650791,0.003402331410150899,0.675575,0.6845462699330476,0.6666037300669525
2025-10-16 13:30:00,0.6771,0.6805,0.6757,0.6778,1778022.9,0.6778,0.6760550000000001,0.673094,0.6776738967311975,0.675799008808134,0.0018748879230634508,0.0019485770152290857,51.376146788990674,0.003376567255329819,0.6760550000000001,0.6843679512145693,0.6677420487854309
2025-10-16 13:45:00,0.6778,0.6794,0.6711,0.6729,2401221.0,0.6729,0.67628,0.6731820000000001,0.6769394510802441,0.6755842674149389,0.0013551836653051819,0.0018298983452443053,43.24324324324333,0.0038167658847032574,0.67628,0.6839383906514025,0.6686216093485975
2025-10-16 14:00:00,0.6729,0.6737,0.6668,0.6681,2412471.1,0.6681,0.676155,0.6731580000000001,0.6755795355294374,0.6750298772360546,0.0005496582933828265,0.0015738503348720094,30.107526881720375,0.004094562294907512,0.676155,0.6842716430707474,0.6680383569292525
2025-10-16 14:15:00,0.668,0.6702,0.6623,0.6663,4636055.3,0.6663,0.676105,0.6730339999999999,0.6741519146787547,0.6743832196630135,-0.00023130498425882884,0.0012128192710458418,28.865979381443267,0.003987707577224482,0.676105,0.6844601370898713,0.6677498629101286
2025-10-16 14:30:00,0.6662,0.6773,0.6662,0.6763,3833096.8,0.6763,0.67648,0.673094,0.6744823893435616,0.6745252033916791,-4.2814048117456593e-05,0.0009616926072131821,47.058823529411804,0.00521086238218352,0.67648,0.6840951096340044,0.6688648903659955
2025-10-16 14:45:00,0.6763,0.677,0.6683,0.669,2126039.8,0.669,0.676275,0.673012,0.6736389448291675,0.6741159290663695,-0.0004769842372019939,0.0006739572383301468,42.592592592592624,0.005600305020657708,0.676275,0.6844717580241416,0.6680782419758583
2025-10-16 15:00:00,0.6691,0.6706,0.6645,0.6702,2513081.6,0.6702,0.6759250000000001,0.673024,0.6731098763939111,0.6738258602466385,-0.0007159838527274198,0.00039596902011863346,42.988505747126425,0.005422169066418308,0.6759250000000001,0.6845424547470157,0.6673075452529845
2025-10-16 15:15:00,0.6703,0.671,0.6617,0.6631,2059339.5,0.6631,0.67526,0.6728179999999999,0.6715698954102324,0.6730313520802208,-0.0014614566699884257,2.4483882097221546e-05,31.69164882226974,0.0058736145276202965,0.67526,0.6856030424110544,0.6649169575889455
2025-10-16 15:30:00,0.6631,0.6658,0.6572,0.6593,5291409.5,0.6593,0.674265,0.67256,0.6696822191932734,0.6720142148890934,-0.0023319956958199883,-0.0004468120334862206,30.578512396694123,0.005835701126291539,0.674265,0.6866410847478233,0.6618889152521767
2025-10-16 15:45:00,0.6593,0.6596,0.6486,0.6521,9909708.0,0.6521,0.67294,0.672124,0.6669772623943083,0.6705390878602718,-0.0035618254659635085,-0.0010698147199816785,25.2747252747252,0.006202693396694571,0.67294,0.6886003959081854,0.6572796040918145
2025-10-16 16:00:00,0.6521,0.657,0.6461,0.6537,8758879.4,0.6537,0.671695,0.6717559999999999,0.6649346066413379,0.6692917480187702,-0.004357141377432372,-0.0017272800514718176,24.861878453038486,0.0062676625181005904,0.671695,0.6892992429096563,0.6540907570903438
2025-10-16 16:15:00,0.6538,0.6554,0.6481,0.6514,6317110.9,0.6514,0.6704950000000001,0.6713800000000001,0.6628523594657474,0.6679664333507133,-0.005114073884965875,-0.002404638818170629,24.41229656419516,0.006244516515093241,0.6704950000000001,0.6901843211772828,0.6508056788227173
2025-10-16 16:30:00,0.6514,0.6563,0.6465,0.6524,5817265.4,0.6524,0.6693,0.670962,0.6612443041633248,0.6668133642136234,-0.005569060050298558,-0.003037523064596215,26.459854014598392,0.0062500089667587525,0.6693,0.6903593147287196,0.6482406852712804
2025-10-16 16:45:00,0.6524,0.6646,0.651,0.6643,3010125.8,0.6643,0.668505,0.6707679999999999,0.661714411215121,0.6666271890866883,-0.004912777871567298,-0.003412574025990432,40.24390243902433,0.007533230397223102,0.668505,0.6890253339462185,0.6479846660537816
2025-10-16 17:00:00,0.6643,0.6643,0.6555,0.6557,3252724.9,0.6557,0.667385,0.670474,0.6607891171820254,0.6658177676728594,-0.005028650490834008,-0.003735789318959147,34.9659863945578,0.007975860874112702,0.667385,0.6881440969279576,0.6466259030720424
2025-10-16 17:15:00,0.6556,0.6623,0.6555,0.6583,11230972.4,0.6583,0.666345,0.670264,0.6604061760770984,0.6652608959933884,-0.004854719916290051,-0.003959575438425328,39.74719101123591,0.008046312775551612,0.666345,0.6867133423091386,0.6459766576908613
2025-10-16 17:30:00,0.6583,0.6597,0.653,0.6547,4842854.5,0.6547,0.66503,0.6699660000000001,0.6595283028344678,0.6644786074012856,-0.004950304566817776,-0.0041577212641038174,40.428571428571374,0.008024938833545485,0.66503,0.6848017608299565,0.6452582391700435
2025-10-16 17:45:00,0.6547,0.6565,0.653,0.6549,2529987.7,0.6549,0.66379,0.669696,0.6588162562445498,0.6637690809271163,-0.004952824682566526,-0.004316741947796359,41.6666666666667,0.008040604963535588,0.66379,0.6827832841316738,0.6447967158683262
2025-10-16 18:00:00,0.6549,0.6553,0.6471,0.649,2520308.0,0.649,0.6623300000000001,0.669238,0.6573060629761576,0.6626750749325152,-0.005369011956357639,-0.004527195949508615,28.771384136858515,0.008199842249766,0.6623300000000001,0.6811476960388825,0.6435123039611177
2025-10-16 18:15:00,0.6489,0.6519,0.6468,0.648,1329410.2,0.648,0.6608750000000001,0.6688379999999999,0.6558743609798257,0.6615880323449214,-0.005713671365095707,-0.004764491032626034,31.896551724137964,0.008200145653345512,0.6608750000000001,0.679381655986178,0.6423683440138223
2025-10-16 18:30:00,0.648,0.6548,0.6463,0.6522,3205422.5,0.6522,0.6595949999999999,0.6685099999999999,0.655309074675237,0.660892622541594,-0.005583547866356953,-0.004928302399372218,35.2459016393443,0.008399936723884465,0.6595949999999999,0.6766576677744197,0.6425323322255801
2025-10-16 18:45:00,0.6523,0.6547,0.6498,0.6529,2151192.1,0.6529,0.6585949999999999,0.6681440000000001,0.6549384478021237,0.6603005764274018,-0.005362128625278073,-0.00501506764455339,40.65934065934071,0.00832700988300413,0.6585949999999999,0.6746913513355379,0.6424986486644619
2025-10-16 19:00:00,0.6529,0.6538,0.6469,0.6479,2018222.2,0.6479,0.657585,0.667676,0.6538556096787201,0.6593820152105572,-0.005526405531837031,-0.005117335222010118,39.7849462365592,0.008346585182651309,0.657585,0.6737051116621845,0.6414648883378155
2025-10-16 19:15:00,0.648,0.6492,0.6419,0.644,2941419.7,0.644,0.65647,0.66704,0.6523393620358401,0.6582426066764419,-0.005903244640601768,-0.005274517105728449,42.28571428571432,0.008404524708367285,0.65647,0.6731279331504066,0.6398120668495934
2025-10-16 19:30:00,0.6441,0.6448,0.6387,0.6417,4101575.4,0.6417,0.65474,0.666388,0.6507025371072493,0.6570172284041128,-0.006314691296863462,-0.005482551943955452,38.72180451127834,0.007435269543853921,0.65474,0.6698405611607567,0.6396394388392432
2025-10-16 19:45:00,0.6417,0.6483,0.6394,0.6434,2463372.6,0.6434,0.65346,0.6658799999999999,0.6495790698599802,0.6560085448186229,-0.006429474958642767,-0.005671936546892915,42.39543726235743,0.007260758818194333,0.65346,0.6677914743797031,0.639128525620297
2025-10-16 20:00:00,0.6434,0.6462,0.6413,0.6413,1407641.9,0.6413,0.6520149999999999,0.665272,0.6483053668045986,0.6549190229802064,-0.006613656175607829,-0.005860280472635899,39.664804469273776,0.007212375726104571,0.6520149999999999,0.6650047570983851,0.6390252429016147
2025-10-16 20:15:00,0.6413,0.6438,0.6379,0.6402,1809690.9,0.6402,0.65087,0.664662,0.6470583872961988,0.6538287249816727,-0.0067703376854738595,-0.006042291915203492,21.91142191142201,0.0069349409818881685,0.65087,0.6637825153487984,0.6379574846512015
2025-10-16 20:30:00,0.6402,0.6411,0.6332,0.6375,4251319.7,0.6375,0.64978,0.6639820000000001,0.6455878661737067,0.6526191897978451,-0.007031323624138386,-0.006240098256990472,25.405405405405517,0.006897181498321011,0.64978,0.6633594891773285,0.6362005108226716
2025-10-16 20:45:00,0.6375,0.6408,0.6364,0.6377,1487013.1,0.6377,0.6490600000000001,0.663356,0.6443743483008286,0.6515140646276344,-0.007139716326805767,-0.006420021870953532,20.231213872832598,0.00655187672879932,0.6490600000000001,0.663613624978039,0.6345063750219612
2025-10-16 21:00:00,0.6376,0.6399,0.6356,0.6397,2377693.9,0.6397,0.64836,0.6627860000000001,0.6436552177930088,0.6506389487292912,-0.006983730936282351,-0.006532763684019296,27.272727272727522,0.006573083641697133,0.64836,0.6633151469753406,0.6334048530246595
2025-10-16 21:15:00,0.6396,0.6418,0.6384,0.6413,803986.0,0.6413,0.6478550000000001,0.662244,0.6432928765940844,0.6499471747493437,-0.006654298155259308,-0.0065570705782672985,30.232558139534802,0.006592445627476359,0.6478550000000001,0.6630579740858177,0.6326520259141825
2025-10-16 21:30:00,0.6412,0.6444,0.641,0.6425,1524466.5,0.6425,0.64736,0.661682,0.6431708955796099,0.6493955321753183,-0.006224636595708377,-0.006490583781755515,39.05723905723893,0.006599029297106763,0.64736,0.6625845508101172,0.6321354491898828
2025-10-16 21:45:00,0.6425,0.6454,0.6425,0.6451,1337907.3,0.6451,0.6464000000000001,0.661238,0.6434676808750546,0.6490773446067762,-0.00560966373172167,-0.006314399771748746,45.367412140575055,0.00502561574261105,0.6464000000000001,0.659383390198791,0.6334166098012092
2025-10-16 22:00:00,0.6451,0.646,0.6412,0.6418,1294872.8,0.6418,0.6457050000000001,0.660698,0.6432111145865846,0.6485382820433114,-0.005327167456726789,-0.006116953308744355,32.89473684210532,0.004341624071797987,0.6457050000000001,0.6580654590274738,0.6333445409725263
2025-10-16 22:15:00,0.6417,0.6434,0.6412,0.6428,1115415.0,0.6428,0.64493,0.6600919999999999,0.6431478661886486,0.6481132241141773,-0.004965357925528657,-0.005886634232101217,33.55048859934851,0.0042267791867105905,0.64493,0.655821831801926,0.634038168198074
2025-10-16 22:30:00,0.6428,0.6435,0.6406,0.6409,1078744.5,0.6409,0.64424,0.659366,0.6428020406211642,0.6475789112168309,-0.004776870595666671,-0.005664681504814308,37.31884057971011,0.004128870326349853,0.64424,0.6542375575965429,0.6342424424034572
2025-10-16 22:45:00,0.6408,0.6424,0.6384,0.6384,1356531.4,0.6384,0.643415,0.6586059999999999,0.6421248036025236,0.646898991867436,-0.004774188264912493,-0.005486582856833945,39.31297709923655,0.004162830496770758,0.643415,0.652378381645773,0.6344516183542269
2025-10-16 23:00:00,0.6383,0.6428,0.6378,0.6417,1302880.0,0.6417,0.6430499999999999,0.657856,0.6420594492021353,0.6465138813587371,-0.004454432156601795,-0.005280152716787515,50.0,0.0039781206158298246,0.6430499999999999,0.6516426529204893,0.6344573470795105
2025-10-16 23:15:00,0.6417,0.6462,0.6417,0.6452,1004517.2,0.6452,0.64291,0.657188,0.6425426108633453,0.6464165568136456,-0.003873945950300328,-0.004998911363490078,53.1034482758621,0.004189064287355822,0.64291,0.6512506171677108,0.6345693828322891
2025-10-16 23:30:00,0.6451,0.6458,0.643,0.644,501030.7,0.644,0.6425000000000001,0.656496,0.6427668245766768,0.6462375526052275,-0.0034707280285507514,-0.004693274696502213,54.8042704626335,0.003892739535079164,0.6425000000000001,0.6496371526094022,0.6353628473905979
2025-10-16 23:45:00,0.644,0.6459,0.6435,0.6453,481969.9,0.6453,0.64212,0.655894,0.6431565438725726,0.6461681042640997,-0.0030115603915270572,-0.004356931835507182,59.01060070671374,0.0039200922862678775,0.64212,0.6475247152903646,0.6367152847096355
2025-10-17 00:00:00,0.6452,0.6476,0.6436,0.647,1077685.3,0.647,0.642075,0.6553080000000001,0.6437478448152537,0.6462297261704627,-0.0024818813552089924,-0.003981921739447544,67.39926739926744,0.0036045944958616703,0.642075,0.647288696537048,0.6368613034629519
2025-10-17 00:15:00,0.6471,0.649,0.6464,0.6486,983814.6,0.6486,0.642305,0.6546759999999999,0.6444943302282916,0.6464053020096877,-0.001910971781396098,-0.003567731747837255,68.9895470383274,0.003357789320227832,0.642305,0.6482331576086552,0.6363768423913448
2025-10-17 00:30:00,0.6485,0.6502,0.6471,0.6485,1190860.3,0.6485,0.642645,0.654084,0.6451105871162468,0.6465604648237849,-0.0014498777075381275,-0.003144160939777429,66.41791044776107,0.0032317159186043606,0.642645,0.6491763736768567,0.6361136263231434
2025-10-17 00:45:00,0.6484,0.6502,0.6468,0.6502,903540.9,0.6502,0.642985,0.653506,0.6458935737137472,0.6468300600220231,-0.0009364863082759189,-0.0027026260134771275,66.54275092936804,0.0032307639766969392,0.642985,0.6503381303753747,0.6356318696246254
2025-10-17 01:00:00,0.6503,0.656,0.6494,0.6525,2835154.8,0.6525,0.6435449999999999,0.652936,0.6469099469885554,0.6472500555759474,-0.000340108587391974,-0.002230122528260097,67.85714285714286,0.003167649996232657,0.6435449999999999,0.6519836267279748,0.635106373272025
2025-10-17 01:15:00,0.6524,0.6539,0.6501,0.6511,683206.8,0.6511,0.64409,0.652364,0.6475545705287776,0.6475352366443957,1.9333884381911304e-05,-0.0017802312457316951,61.194029850746304,0.0031875397688116854,0.64409,0.653013039368982,0.6351669606310181
2025-10-17 01:30:00,0.6512,0.6521,0.6471,0.6482,854427.9,0.6482,0.644625,0.651764,0.647653867370504,0.6475844783744403,6.938899606367954e-05,-0.0014103071973726202,62.12121212121206,0.0032077063546617555,0.644625,0.6531589877765245,0.6360910122234755
2025-10-17 01:45:00,0.6482,0.6494,0.646,0.6487,642311.3,0.6487,0.6451749999999999,0.6511960000000001,0.6478148108519649,0.6476671096059633,0.00014770124600160806,-0.0010987055086977746,61.3899613899614,0.0032054049457512037,0.6451749999999999,0.653234482809668,0.6371155171903319
2025-10-17 02:00:00,0.6487,0.6504,0.6464,0.6474,958578.8,0.6474,0.6455599999999999,0.650588,0.6477509937978164,0.6476473237092252,0.0001036700885912456,-0.0008582303892399705,62.84584980237139,0.003219362343272716,0.6455599999999999,0.6532452284834961,0.6378747715165037
2025-10-17 02:15:00,0.6474,0.6474,0.6443,0.6446,994923.3,0.6446,0.645725,0.650022,0.6472662255212293,0.6474215960270604,-0.00015537050583114276,-0.000717658412558205,62.10937499999993,0.003366074041674589,0.645725,0.6531628477363282,0.6382871522636718
2025-10-17 02:30:00,0.6446,0.6485,0.6441,0.648,1812379.6,0.648,0.646,0.6496200000000001,0.6473791139025785,0.6474644407657966,-8.532686321804928e-05,-0.0005911921026901739,62.256809338521315,0.0035335661002328135,0.646,0.653341877000888,0.6386581229991121
2025-10-17 02:45:00,0.6481,0.6514,0.6473,0.6494,790062.8,0.6494,0.646215,0.649282,0.647690019456028,0.6476078155238858,8.220393214219968e-05,-0.00045651289572369916,58.898305084745694,0.003456346639846735,0.646215,0.6536964226061595,0.6387335773938405
2025-10-17 03:00:00,0.6494,0.6518,0.6494,0.6504,717972.2,0.6504,0.646645,0.648764,0.6481069395397161,0.6478146440035979,0.00029229553611820336,-0.00030675120935531864,63.67521367521354,0.0032156761758898593,0.646645,0.6540461307814096,0.6392438692185904
2025-10-17 03:15:00,0.6504,0.652,0.6492,0.6504,912980.6,0.6504,0.647025,0.6483920000000001,0.6484597180720676,0.6480061518551832,0.0004535662168844157,-0.00015468772410737175,61.53846153846146,0.00321191655101137,0.647025,0.6543751521646509,0.639674847835349
2025-10-17 03:30:00,0.6503,0.6512,0.6494,0.6497,440875.0,0.6497,0.647465,0.647982,0.6486505306763649,0.6481316220881326,0.0005189085882323363,-1.9968461639430102e-05,56.398104265402935,0.003129051547547049,0.647465,0.6543073680112526,0.6406226319887474
2025-10-17 03:45:00,0.6497,0.6525,0.6493,0.652,1073571.4,0.652,0.6481450000000001,0.64776,0.6491658336492319,0.6484181686001227,0.0007476650491091696,0.00013355824051028992,57.79816513761482,0.0029943486058865063,0.6481450000000001,0.6537930923655538,0.6424969076344463
2025-10-17 04:00:00,0.652,0.6523,0.6493,0.65,759807.0,0.65,0.64856,0.6475740000000001,0.6492941669339655,0.64853534129641,0.0007588256375554714,0.00025861171991932626,53.16455696202543,0.0029655485780790154,0.64856,0.6533720025376608,0.6437479974623392
2025-10-17 04:15:00,0.65,0.6506,0.6481,0.6485,327824.0,0.6485,0.648725,0.647502,0.6491719874056632,0.6485327234226019,0.0006392639830612445,0.00033474217254770997,46.38297872340419,0.0028069691320753037,0.648725,0.6532708483084574,0.6441791516915426
2025-10-17 04:30:00,0.6486,0.6505,0.6477,0.648,280407.3,0.648,0.648925,0.647388,0.6489916816509457,0.6484932624283352,0.0004984192226105133,0.0003674775825602707,39.6313364055301,0.002774078301299585,0.648925,0.6529133382638211,0.6449366617361788
2025-10-17 04:45:00,0.6479,0.649,0.6459,0.6468,1223467.2,0.6468,0.649,0.6472960000000001,0.6486544998584924,0.6483678355817918,0.0002866642767006544,0.0003513149213883475,40.00000000000011,0.002783838679834003,0.649,0.6527506490668216,0.6452493509331785
2025-10-17 05:00:00,0.6468,0.6479,0.646,0.6464,2718597.1,0.6464,0.64897,0.6471760000000001,0.6483076537264167,0.6482220699831405,8.558374327627405e-05,0.00029816868576593283,45.26315789473681,0.002723559932922872,0.64897,0.6527968304875372,0.6451431695124629
2025-10-17 05:15:00,0.6465,0.6481,0.6442,0.6475,1921731.1,0.6475,0.648915,0.64684,0.648183399306968,0.6481685833177226,1.4815989245353656e-05,0.000241498146461817,46.93877551020386,0.0026913344446893935,0.648915,0.6527954638899747,0.6450345361100254
2025-10-17 05:30:00,0.6474,0.6482,0.6428,0.6436,1200305.4,0.6436,0.64867,0.646598,0.6474782609520499,0.6478301697386321,-0.00035190878658220015,0.00012281675985301356,41.441441441441384,0.00300174565990465,0.64867,0.6532215064020295,0.6441184935979705
2025-10-17 05:45:00,0.6437,0.6439,0.6412,0.6425,1037810.4,0.6425,0.648285,0.6462819999999999,0.6467123746517345,0.6474353423505853,-0.0007229676988508293,-4.6340131887755085e-05,44.878048780487816,0.002929556696135766,0.648285,0.653539882441605,0.643030117558395
2025-10-17 06:00:00,0.6426,0.6444,0.6411,0.642,1120672.9,0.642,0.64776,0.646028,0.6459873939360831,0.6470327243986901,-0.0010453304626070192,-0.000246138198031608,32.95454545454528,0.0027636800800912363,0.64776,0.6533303727553,0.6421896272447
2025-10-17 06:15:00,0.6421,0.6426,0.6363,0.6369,2311161.4,0.6369,0.64705,0.645668,0.6445893333305318,0.6462821522210094,-0.0016928188904775654,-0.0005354743365207996,20.657276995305097,0.003183686450316951,0.64705,0.6542184983380392,0.6398815016619608
2025-10-17 06:30:00,0.637,0.6379,0.6261,0.6286,9889454.0,0.6286,0.64607,0.64526,0.6421294358950654,0.6449723631676013,-0.002842927272535878,-0.0009969649237238152,11.888111888111794,0.004104377344970343,0.64607,0.6569662765248819,0.6351737234751181
2025-10-17 06:45:00,0.6286,0.6306,0.6211,0.6238,7205346.0,0.6238,0.644825,0.6447759999999999,0.6393095226804401,0.6434040399700012,-0.004094517289561117,-0.0016164753968912757,10.17964071856278,0.004283337723269628,0.644825,0.6594932435356962,0.6301567564643038
2025-10-17 07:00:00,0.6237,0.6247,0.6126,0.6146,12703569.3,0.6146,0.6431850000000001,0.644024,0.63550805765268,0.6412704073796307,-0.005762349726950666,-0.0024456502629031543,8.114558472553611,0.005152201792475309,0.6431850000000001,0.6630536502601299,0.6233163497398704
2025-10-17 07:15:00,0.6146,0.6191,0.6138,0.6149,4502029.3,0.6149,0.6416999999999999,0.6432640000000001,0.6323375872445753,0.6393170438700284,-0.006979456625453073,-0.0033524115354131383,3.508771929824462,0.005178919843007791,0.6416999999999999,0.6652262898858053,0.6181737101141945
2025-10-17 07:30:00,0.6149,0.6168,0.6094,0.6105,8934903.0,0.6105,0.639825,0.642516,0.6289779584377176,0.6371824480278042,-0.008204489590086572,-0.004322827146347826,3.3096926713947,0.004957785981361282,0.639825,0.6669407266467348,0.6127092733532652
2025-10-17 07:45:00,0.6105,0.6157,0.6071,0.6092,5454219.6,0.6092,0.637815,0.6418200000000001,0.6259351956011456,0.6351096740998188,-0.009174478498673144,-0.00529315741681289,3.325415676959537,0.004815137464821456,0.637815,0.6677549592166766,0.6078750407833234
2025-10-17 08:00:00,0.6091,0.6121,0.6041,0.6059,6967271.4,0.6059,0.6355899999999999,0.641104,0.6228528578163539,0.6329459945368692,-0.010093136720515261,-0.006253153277553366,3.1180400890867617,0.004706362257216318,0.6355899999999999,0.6680961225002543,0.6030838774997455
2025-10-17 08:15:00,0.606,0.6067,0.599,0.6033,12292950.1,0.6033,0.633235,0.6403019999999999,0.6198447258446071,0.6307499949415455,-0.010905269096938341,-0.0071835764414303616,3.0237580993519515,0.004634382522639267,0.633235,0.6679714983236804,0.5984985016763196
2025-10-17 08:30:00,0.6032,0.6079,0.5989,0.6,7139831.4,0.6,0.63075,0.639476,0.616791691099283,0.628472217538468,-0.011680526439185046,-0.008082966440981299,2.845528455284466,0.004605447331172521,0.63075,0.6675751344371939,0.5939248655628062
2025-10-17 08:45:00,0.6,0.6016,0.5975,0.5977,7316985.2,0.5977,0.6280349999999999,0.638626,0.6138545078532395,0.6261927940171,-0.012338286163860568,-0.008934030385557153,0.5952380952380167,0.004255177091969002,0.6280349999999999,0.6662442452301045,0.5898257547698953
2025-10-17 09:00:00,0.5978,0.6042,0.596,0.6038,3716403.2,0.6038,0.6257249999999999,0.637952,0.6123076604912027,0.624534068534352,-0.01222640804314934,-0.00959250591707559,12.167300380228099,0.005355282020748651,0.6257249999999999,0.6639291538111068,0.5875208461888929
2025-10-17 09:15:00,0.6039,0.6055,0.6013,0.6054,2085541.9,0.6054,0.6235700000000001,0.6373059999999999,0.6112449434925561,0.6231167301244,-0.011871786631843961,-0.010048362060029264,15.06591337099816,0.0055332418899367046,0.6235700000000001,0.6612233272451888,0.5859166727548113
2025-10-17 09:30:00,0.6054,0.6144,0.6044,0.6076,4961019.7,0.6076,0.6215499999999999,0.636664,0.6106841829552397,0.6219673427077779,-0.01128315975253813,-0.010295321598531039,18.61313868613138,0.0057283835350482384,0.6215499999999999,0.6580004855213007,0.5850995144786991
2025-10-17 09:45:00,0.6075,0.6095,0.6032,0.6032,2178930.8,0.6032,0.61937,0.6359020000000001,0.6095327701928952,0.6205771691738684,-0.011044398980973202,-0.010445137075019472,18.85397412199626,0.005788193660663927,0.61937,0.6546587099882288,0.5840812900117711
2025-10-17 10:00:00,0.6032,0.6067,0.5996,0.603,3490414.7,0.603,0.6172000000000001,0.6351119999999999,0.6085277286247575,0.6192751566424707,-0.010747428017713223,-0.010505595263558223,22.17391304347821,0.0057959751480312445,0.6172000000000001,0.6507867141653189,0.5836132858346813
2025-10-17 10:15:00,0.6031,0.6037,0.5923,0.5951,7973999.1,0.5951,0.6145799999999999,0.634112,0.6064619242209486,0.617484404298584,-0.0110224800776354,-0.010608972226373659,20.773930753564102,0.006042967490633984,0.6145799999999999,0.6463401272700902,0.5828198727299096
2025-10-17 10:30:00,0.5951,0.6012,0.594,0.5985,4407339.4,0.5985,0.612325,0.633246,0.6052370128023411,0.6160781521283185,-0.010841139325977411,-0.01065540564629441,31.4087759815243,0.006414352273135406,0.612325,0.6417262441555891,0.5829237558444109
2025-10-17 10:45:00,0.5984,0.6055,0.5982,0.604,5726553.5,0.604,0.6104,0.63247,0.6050467031404425,0.6151834741928874,-0.010136771052444926,-0.010551678727524515,38.76288659793814,0.007018521657365373,0.6104,0.6363177646859763,0.5844822353140238
2025-10-17 11:00:00,0.6041,0.6171,0.6036,0.616,6514669.6,0.616,0.6091,0.631972,0.6067318257342206,0.6152439575860068,-0.008512131851786231,-0.010143769352376859,54.90196078431367,0.00869102784724813,0.6091,0.6305707634753026,0.5876292365246973
2025-10-17 11:15:00,0.6159,0.622,0.6149,0.6191,7093623.6,0.6191,0.6082099999999999,0.631586,0.6086346217751097,0.6155295903574137,-0.006894968582303984,-0.009494009198362284,58.54922279792747,0.008710572209164553,0.6082099999999999,0.6259866138508399,0.59043338614916
2025-10-17 11:30:00,0.6191,0.6202,0.6141,0.6164,3155742.5,0.6164,0.6075999999999999,0.63108,0.6098292953481698,0.6155940651457534,-0.005764769797583669,-0.008748161318206561,59.16230366492141,0.008306544051927826,0.6075999999999999,0.6231253273548599,0.5920746726451399
2025-10-17 11:45:00,0.6164,0.6202,0.6153,0.6171,2057656.9,0.6171,0.607265,0.630518,0.6109478652946052,0.6157056158756976,-0.0047577505810924015,-0.00795007917078373,62.45487364620939,0.008165131667604702,0.607265,0.6215588006437753,0.5929711993562248
2025-10-17 12:00:00,0.617,0.622,0.6161,0.6185,3458171.5,0.6185,0.6074599999999999,0.630008,0.6121097321723582,0.6159126072923126,-0.003802875119954363,-0.007120638360617856,67.28971962616822,0.007459254327151479,0.6074599999999999,0.622272142956009,0.5926478570439908
2025-10-17 12:15:00,0.6184,0.6216,0.6166,0.6179,1397150.8,0.6179,0.60761,0.62946,0.61300054260738,0.616059821566956,-0.0030592789595760284,-0.006308366480409491,69.49806949806938,0.007464882187223268,0.60761,0.6227954362362789,0.5924245637637211
2025-10-17 12:30:00,0.6179,0.6202,0.6163,0.6189,2373838.4,0.6189,0.6080300000000001,0.628898,0.6139081514370138,0.6162702051545889,-0.00236205371757503,-0.0055191039278426,66.16702355460376,0.007260557419216231,0.6080300000000001,0.6239965571545747,0.5920634428454254
2025-10-17 12:45:00,0.6189,0.6199,0.6164,0.6172,1968425.4,0.6172,0.60843,0.62827,0.6144145896774732,0.6163390788468415,-0.0019244891693682709,-0.004800180976147734,62.606837606837445,0.0072745574483664595,0.60843,0.6249124755422804,0.5919475244577197
2025-10-17 13:00:00,0.6172,0.6206,0.6151,0.6151,3246502.4,0.6151,0.60889,0.627602,0.6145200374194004,0.6162472952285569,-0.0017272578091565016,-0.004185596342749487,58.02997858672366,0.007199287995594613,0.60889,0.6255872925634438,0.5921927074365563
2025-10-17 13:15:00,0.6151,0.62,0.6138,0.6178,2959547.6,0.6178,0.609615,0.626954,0.615024647047185,0.616362310396812,-0.0013376633496270385,-0.0036160097441249976,66.2222222222222,0.007138993173833358,0.609615,0.6265478425816988,0.5926821574183012
2025-10-17 13:30:00,0.6178,0.6235,0.6132,0.615,4819630.7,0.615,0.610365,0.626204,0.6150208551937719,0.6162613985155667,-0.0012405433217947959,-0.003140916459658957,62.60504201680666,0.007095746015342698,0.610365,0.6268269209725692,0.5939030790274309
2025-10-17 13:45:00,0.6151,0.6256,0.6108,0.622,5964343.9,0.622,0.61158,0.625622,0.6160945697793455,0.6166864801070062,-0.0005919103276607052,-0.0026311152332593067,78.8008565310491,0.007332716751394754,0.61158,0.627689310808929,0.595470689191071
2025-10-17 14:00:00,0.622,0.6237,0.6163,0.6196,3259997.8,0.6196,0.6123700000000001,0.62505,0.6166338667363693,0.6169022963953761,-0.00026842965900675253,-0.0021585781184087958,73.08533916849007,0.0071791562952788195,0.6123700000000001,0.6284224272636402,0.59631757273636
2025-10-17 14:15:00,0.6197,0.6211,0.6146,0.6148,2042682.2,0.6148,0.61284,0.624372,0.6163517333923125,0.6167465707364593,-0.0003948373441468034,-0.0018058299635563973,61.999999999999964,0.007448894042245656,0.61284,0.6285805811436129,0.5970994188563872
2025-10-17 14:30:00,0.6149,0.6171,0.6063,0.6137,7625858.5,0.6137,0.613145,0.623698,0.6159437744088798,0.616520898830055,-0.0005771244211751902,-0.001560088855080156,46.62756598240476,0.007438885369477779,0.613145,0.6286932914953016,0.5975967085046985
2025-10-17 14:45:00,0.6137,0.6199,0.6129,0.6142,4008502.3,0.6142,0.6136950000000001,0.6230899999999999,0.6156755014228983,0.6163489803981991,-0.0006734789753007897,-0.0013827668791242828,42.22222222222225,0.007210771473394845,0.6136950000000001,0.6285236316223475,0.5988663683776527
2025-10-17 15:00:00,0.6142,0.6185,0.6134,0.6143,2622802.6,0.6143,0.61426,0.622416,0.6154638858193754,0.6161972040724064,-0.0007333182530310234,-0.001252877153905631,46.366782006920445,0.007207070636938852,0.61426,0.6282077823176571,0.600312217682343
2025-10-17 15:15:00,0.6142,0.6203,0.614,0.6181,1706858.9,0.6181,0.61541,0.6217900000000001,0.6158694418471639,0.6163381519188947,-0.0004687100717308823,-0.0010960437374706812,51.5625,0.006481340068481691,0.61541,0.6261240635566773,0.6046959364433228
2025-10-17 15:30:00,0.6181,0.6203,0.6128,0.6186,4774464.5,0.6186,0.616415,0.621154,0.616289527716831,0.6165056962211988,-0.00021616850436778634,-0.0009200686908501022,50.16077170418005,0.006422686943063733,0.616415,0.6236593880277429,0.6091706119722572
2025-10-17 15:45:00,0.6185,0.6257,0.6182,0.6255,5156654.0,0.6255,0.61749,0.620656,0.6177065234527032,0.6171719409455544,0.0005345825071487731,-0.000629138451250327,60.160427807486556,0.0065573183755889925,0.61749,0.6231946241632432,0.6117853758367567
2025-10-17 16:00:00,0.6256,0.6341,0.6249,0.6281,8406162.5,0.6281,0.6180950000000001,0.620224,0.6193055198445949,0.6179814268014393,0.0013240930431556164,-0.00023849215236913828,61.79487179487176,0.005041014312768944,0.6180950000000001,0.6254593451133902,0.6107306548866099
2025-10-17 16:15:00,0.6281,0.6315,0.6253,0.6264,3278544.3,0.6264,0.61846,0.619712,0.6203969783300418,0.6186050248161474,0.0017919535138943843,0.00016759698088356635,61.79487179487176,0.0050109241008353496,0.61846,0.6267050367846776,0.6102149632153224
2025-10-17 16:30:00,0.6264,0.6281,0.623,0.6259,4924278.3,0.6259,0.618935,0.61923,0.621243597048497,0.6191453933482847,0.0020982037002122977,0.0005537183247493128,64.43850267379683,0.0048871359917563315,0.618935,0.627754899748902,0.610115100251098
2025-10-17 16:45:00,0.6259,0.6282,0.623,0.6252,1528542.6,0.6252,0.61934,0.6187640000000001,0.6218522744256513,0.6195938827298932,0.002258391695758033,0.0008946529989510569,60.451977401129895,0.004904373463173904,0.61934,0.6285407779992347,0.6101392220007653
2025-10-17 17:00:00,0.6252,0.6282,0.6243,0.6267,1297329.5,0.6267,0.61975,0.618338,0.6225980783601665,0.6201202617869381,0.0024778165732283197,0.0012112857138065097,67.1554252199414,0.0049067085797628125,0.61975,0.6295071566178309,0.6099928433821692
2025-10-17 17:15:00,0.6267,0.6278,0.6201,0.6231,2272951.5,0.6231,0.62001,0.617864,0.622675297073987,0.6203409831360539,0.0023343139379331523,0.0014358913586318383,51.79153094462539,0.005102920293617124,0.62001,0.6298364733729394,0.6101835266270605
2025-10-17 17:30:00,0.6232,0.6261,0.6218,0.6249,1364031.3,0.6249,0.62031,0.6174339999999999,0.6230175590626045,0.6206786880889387,0.0023388709736658075,0.0016164872816386321,58.80398671096337,0.005126325785743797,0.62031,0.6303576548717981,0.610262345128202
2025-10-17 17:45:00,0.6249,0.6283,0.6217,0.6259,1694086.5,0.6259,0.620745,0.617002,0.6234610115145115,0.6210654519342025,0.0023955595803090146,0.0017723017413727087,71.10266159695809,0.005073527025922835,0.620745,0.6309773480868337,0.6105126519131663
2025-10-17 18:00:00,0.6259,0.6286,0.6251,0.6253,954469.1,0.6253,0.6212549999999999,0.616636,0.6237439328199712,0.6213791221612986,0.002364810658672556,0.0018908035248326783,72.48062015503851,0.0049980778416306715,0.6212549999999999,0.6313180590724906,0.6111919409275092
2025-10-17 18:15:00,0.6252,0.6298,0.6249,0.6279,1218705.6,0.6279,0.62176,0.616344,0.6243833277707449,0.6218621501493505,0.002521177621394366,0.002016878344145016,74.55197132616473,0.004989671562797891,0.62176,0.6321028388651844,0.6114171611348156
2025-10-17 18:30:00,0.628,0.6301,0.6266,0.6274,1018522.3,0.6274,0.6223799999999999,0.616052,0.6248474311906302,0.6222723612493987,0.002575069941231578,0.0021285166635623284,73.14487632508806,0.004846518840032453,0.6223799999999999,0.6325008695279449,0.6122591304720549
2025-10-17 18:45:00,0.6273,0.6284,0.6249,0.6261,906901.0,0.6261,0.622585,0.6158359999999999,0.6250401340843794,0.6225558900457395,0.0024842440386398934,0.0021996621385778413,65.5038759689921,0.004224903107625434,0.622585,0.6328386822654929,0.6123313177345072
2025-10-17 19:00:00,0.6262,0.6285,0.6257,0.6271,681729.0,0.6271,0.62296,0.6158060000000001,0.6253570365329365,0.6228924907830922,0.002464545749844338,0.0022526388608311407,66.15969581749027,0.004114439009509319,0.62296,0.6333022282034484,0.6126177717965515
2025-10-17 19:15:00,0.6271,0.6276,0.623,0.6243,739467.6,0.6243,0.623435,0.6158159999999999,0.6251944155278694,0.6229967507250854,0.0021976648027839385,0.0022416440492217,47.29729729729739,0.0038184011062964503,0.623435,0.6330460188956321,0.6138239811043679
2025-10-17 19:30:00,0.6242,0.6242,0.6205,0.6232,1012827.4,0.6232,0.62391,0.615988,0.6248875823697356,0.623011806226931,0.0018757761428046527,0.0021684704679382906,38.164251207729585,0.003817443962508228,0.62391,0.6323646841580387,0.6154553158419612
2025-10-17 19:45:00,0.6233,0.6246,0.6225,0.624,591727.4,0.624,0.6244,0.61617,0.6247510312359301,0.6230850057656768,0.0016660254702532962,0.0020679814684012917,43.93939393939413,0.003819139070508594,0.6244,0.631514995284355,0.617285004715645
2025-10-17 20:00:00,0.6241,0.6269,0.6225,0.6265,668355.4,0.6265,0.62501,0.61649,0.6250201033534792,0.6233379683015525,0.0016821350519267142,0.001990812185106376,51.37614678899065,0.0038816501680968233,0.62501,0.6303493869154827,0.6196706130845172
2025-10-17 20:15:00,0.6265,0.6303,0.6262,0.6296,764242.7,0.6296,0.625585,0.616898,0.6257247028375594,0.6238018225014376,0.0019228803361218683,0.0019772258153094744,59.09090909090911,0.0038035433410931567,0.625585,0.6302218205987291,0.6209481794012708
2025-10-17 20:30:00,0.6297,0.63,0.6274,0.6286,810385.4,0.6286,0.626085,0.617352,0.6261670562471657,0.6241572430568867,0.0020098131902790417,0.0019837432903033877,54.00843881856538,0.003845072025928529,0.626085,0.6295620071827656,0.6226079928172344
2025-10-17 20:45:00,0.6286,0.6307,0.6283,0.6292,846798.6,0.6292,0.62627,0.61787,0.626633662978371,0.6245307806082283,0.002102882370142667,0.0020075711062712436,64.73429951690808,0.0029798069618176617,0.62627,0.6300004437441071,0.6225395562558929
2025-10-17 21:00:00,0.6292,0.6346,0.6291,0.6339,2226361.0,0.6339,0.62656,0.618548,0.6277515609816985,0.6252247968594706,0.0025267641222278536,0.002111409709462566,69.06779661016937,0.0032822861386889945,0.62656,0.631571313516387,0.621548686483613
2025-10-17 21:15:00,0.6339,0.6351,0.6315,0.6327,1763434.5,0.6327,0.626875,0.619248,0.6285128592922065,0.625778515610621,0.002734343681585427,0.0022359965038871383,64.28571428571425,0.0032457529967857956,0.626875,0.6325869910807779,0.621163008919222
2025-10-17 21:30:00,0.6327,0.6334,0.6311,0.6328,908982.2,0.6328,0.62722,0.619828,0.6291724194010977,0.6262986255653898,0.0028737938357078496,0.0023635559702512806,66.09442060085843,0.00323255395183434,0.62722,0.6334902639918855,0.6209497360081145
2025-10-17 21:45:00,0.6329,0.6333,0.6318,0.6327,368184.0,0.6327,0.627595,0.6203740000000001,0.6297151241086212,0.6267728014494351,0.0029423226591860363,0.002479309308038232,61.53846153846158,0.003213491485795314,0.627595,0.6342423500855234,0.6209476499144766
2025-10-17 22:00:00,0.6327,0.634,0.6302,0.6302,852008.4,0.6302,0.62777,0.620826,0.6297897203996026,0.6270266680087362,0.002763052390866383,0.002536057924603862,56.14035087719302,0.003337833844855585,0.62777,0.6345018879811748,0.6210381120188253
2025-10-17 22:15:00,0.6302,0.6312,0.6291,0.6301,447316.1,0.6301,0.62812,0.6213639999999999,0.6298374557227405,0.6272543222303113,0.0025831334924292237,0.0025454730381689345,59.25925925925924,0.0030260149280161882,0.62812,0.6345507157661309,0.6216892842338692
2025-10-17 22:30:00,0.63,0.6301,0.6271,0.6274,797275.3,0.6274,0.6282449999999999,0.6218520000000001,0.6294624625346266,0.6272651131762141,0.002197349358412426,0.002475848302217633,50.643776824034255,0.003158119268733201,0.6282449999999999,0.6345071586997257,0.6219828413002741
2025-10-17 22:45:00,0.6274,0.6297,0.6274,0.6291,568244.1,0.6291,0.628405,0.622532,0.6294066990677609,0.6274010307187168,0.002005668349044143,0.0023818123115829353,60.810810810810814,0.003193469660221494,0.628405,0.6345777670159485,0.6222322329840515
2025-10-17 23:00:00,0.6291,0.6292,0.6258,0.6265,506697.9,0.6265,0.628465,0.6230920000000001,0.6289595145957977,0.6273342877025154,0.0016252268932822611,0.0022304952279228007,56.96202531645559,0.003333043581165638,0.628465,0.6345331307276556,0.6223968692723445
2025-10-17 23:15:00,0.6264,0.6271,0.625,0.6251,523647.7,0.6251,0.628325,0.623514,0.6283657431195211,0.6271687849097365,0.0011969582097846043,0.0020237878242951616,52.26337448559667,0.0032284002569064286,0.628325,0.6345745052437035,0.6220754947562965
2025-10-17 23:30:00,0.625,0.6259,0.6239,0.625,929521.1,0.625,0.628205,0.623694,0.6278479364857487,0.6270081341756818,0.0008398023100668617,0.0017869907214495015,46.57534246575357,0.003225540423853396,0.628205,0.6346192850445848,0.6217907149554153
2025-10-17 23:45:00,0.625,0.626,0.6239,0.6245,979888.3,0.6245,0.628125,0.623802,0.627332869334095,0.6268223464589646,0.0005105228751304258,0.0015316971521856864,36.78756476683939,0.0031988383209872687,0.628125,0.6346880143909901,0.62156198560901
2025-10-18 00:00:00,0.6246,0.6251,0.623,0.6245,768263.3,0.6245,0.6279950000000001,0.623964,0.6268970432826958,0.6266503207953377,0.00024672248735813085,0.0012747022192201754,38.79781420765028,0.0031734677399058173,0.6279950000000001,0.6347438712507725,0.6212461287492277
2025-10-18 00:15:00,0.6244,0.6284,0.6237,0.6279,1623134.5,0.6279,0.628175,0.62418,0.6270513443161273,0.6267428896253127,0.0003084546908146413,0.0010814527135390687,46.91943127962093,0.00324575837378602,0.628175,0.6346971484998609,0.6216528515001392
2025-10-18 00:30:00,0.6279,0.6291,0.6262,0.6288,748021.2,0.6288,0.628455,0.6243859999999999,0.6273203682674923,0.6268952681715857,0.00042510009590657205,0.0009501821900125693,35.260115606936424,0.0032178283304794093,0.628455,0.6345443262959414,0.6223656737040586
2025-10-18 00:45:00,0.6287,0.6292,0.627,0.6278,345107.8,0.6278,0.628645,0.624584,0.6273941577648011,0.6269622853440608,0.00043187242074027576,0.0008465202361581107,35.672514619883,0.003242822639393116,0.628645,0.634375610328616,0.622914389671384
2025-10-18 01:00:00,0.6279,0.6307,0.6277,0.6304,812612.1,0.6304,0.6288400000000001,0.624814,0.6278565950317548,0.6272169308741304,0.0006396641576243978,0.0008051490204513682,43.87755102040798,0.0032510571069142473,0.6288400000000001,0.6345285480527956,0.6231514519472046
2025-10-18 01:15:00,0.6303,0.6337,0.6299,0.6336,909699.7,0.6336,0.62904,0.625142,0.6287401957961003,0.6276897508093799,0.0010504449867203558,0.0008542082137051657,51.98237885462557,0.003260769983857625,0.62904,0.6351095616768397,0.6229704383231603
2025-10-18 01:30:00,0.6335,0.634,0.6318,0.633,584223.8,0.633,0.6292599999999999,0.6255000000000001,0.629395550289008,0.6280831026012778,0.0013124476877302005,0.0009458561085101729,56.730769230769276,0.0032441084350855005,0.6292599999999999,0.6355763613777412,0.6229436386222587
2025-10-18 01:45:00,0.6329,0.6354,0.632,0.6351,704094.1,0.6351,0.6295550000000001,0.6258459999999999,0.630273157936853,0.6286028727789609,0.0016702851578921374,0.001090741918386566,60.96491228070174,0.0033095091030434912,0.6295550000000001,0.6363894252444986,0.6227205747555016
2025-10-18 02:00:00,0.635,0.6368,0.6322,0.6327,1391516.7,0.6327,0.629495,0.6262,0.6306465182542602,0.628906363684223,0.0017401545700371779,0.0012206244487166884,61.77777777777798,0.002998929064581176,0.629495,0.6361884296142999,0.6228015703857002
2025-10-18 02:15:00,0.6326,0.6334,0.6311,0.633,758604.9,0.633,0.62951,0.62642,0.6310085923689894,0.6292095960039102,0.0017989963650791863,0.0013362988319891881,59.24170616113752,0.002970621759828902,0.62951,0.6362349417920788,0.6227850582079212
2025-10-18 02:30:00,0.633,0.6338,0.6298,0.6301,1115275.5,0.6301,0.629375,0.62663,0.6308688089276064,0.6292755518554725,0.00159325707213398,0.0013876904800181466,58.41121495327119,0.003143685634699981,0.629375,0.63592806276336,0.62282193723664
2025-10-18 02:45:00,0.63,0.6304,0.6283,0.6294,398120.6,0.6294,0.62921,0.626922,0.6306428383233592,0.6292847702365486,0.0013580680868106043,0.0013817660013766382,60.38647342995165,0.003150085754724845,0.62921,0.6355740106521389,0.6228459893478612
2025-10-18 03:00:00,0.6294,0.6315,0.6294,0.6312,494788.4,0.6312,0.62926,0.627272,0.6307285555043809,0.6294266391079154,0.0013019163964654856,0.0013657960803944078,63.839285714285694,0.0030973779154359325,0.62926,0.6356722908297894,0.6228477091702107
2025-10-18 03:15:00,0.6312,0.6327,0.6308,0.6322,254491.5,0.6322,0.629365,0.6276320000000001,0.63095493158063,0.6296320732480698,0.001322858332560184,0.001357208530827563,66.81222707423564,0.003114667210940287,0.629365,0.6359027527123549,0.622827247287645
2025-10-18 03:30:00,0.6323,0.6337,0.6316,0.6321,319612.4,0.6321,0.6296,0.627988,0.6311310959528408,0.6298148826371016,0.0013162133157391676,0.001349009487809884,66.52173913043464,0.0029354690353020846,0.6296,0.636178113631502,0.6230218863684981
2025-10-18 03:45:00,0.6321,0.6327,0.6314,0.6322,508991.7,0.6322,0.6297550000000001,0.62827,0.6312955427293268,0.6299915579973162,0.0013039847320105435,0.001340004536650016,60.91370558375625,0.002883762604450624,0.6297550000000001,0.6364289004614995,0.6230810995385007
2025-10-18 04:00:00,0.6321,0.6323,0.6287,0.6289,942013.6,0.6289,0.629875,0.628476,0.6309269976940457,0.6299107018493668,0.0010162958446788828,0.0012752627982557895,50.22624434389137,0.002979365709824583,0.629875,0.636386811131483,0.6233631888685169
2025-10-18 04:15:00,0.6288,0.6294,0.6273,0.629,443679.6,0.629,0.63007,0.6285459999999999,0.6306305365103463,0.6298432424531174,0.0007872940572288822,0.0011776690500504082,52.83018867924524,0.0029241778988460506,0.63007,0.6362022615388226,0.6239377384611774
2025-10-18 04:30:00,0.6289,0.6291,0.6254,0.6259,715496.2,0.6259,0.6301150000000001,0.628502,0.6299027616626006,0.6295511504195532,0.00035161124304738944,0.0010124574886498045,39.6313364055301,0.0031505864019103305,0.6301150000000001,0.6361021001680804,0.6241278998319197
2025-10-18 04:45:00,0.626,0.6264,0.6251,0.6254,291988.1,0.6254,0.6301599999999999,0.628482,0.6292100290991236,0.6292436577958826,-3.3628696759047116e-05,0.0008032402515680341,28.421052631578718,0.0031505695655940293,0.6301599999999999,0.6359806167155159,0.624339383284484
2025-10-18 05:00:00,0.6253,0.6274,0.6252,0.6272,941448.7,0.6272,0.630295,0.6285080000000001,0.6289007938531046,0.6290922757369284,-0.00019148188382378528,0.0006042958244896702,35.643564356435576,0.0032120139797540007,0.630295,0.6356711559346017,0.6249188440653984
2025-10-18 05:15:00,0.6272,0.6277,0.6257,0.626,1097604.1,0.626,0.6302,0.628524,0.6284545178757039,0.6288632182749336,-0.0004087003992296889,0.0004016965797457984,26.424870466321224,0.0029963410538787908,0.6302,0.6358161421485886,0.6245838578514114
2025-10-18 05:30:00,0.626,0.6282,0.6247,0.6279,583138.4,0.6279,0.630155,0.628548,0.6283692074332881,0.6287918687730867,-0.0004226613397986245,0.0002368249958369138,37.23404255319144,0.0030615113421432302,0.630155,0.6358324623687828,0.6244775376312173
2025-10-18 05:45:00,0.6279,0.63,0.6279,0.6292,682275.6,0.6292,0.630225,0.6286700000000001,0.6284970216743206,0.6288221007158209,-0.0003250790415002536,0.0001244441883694803,40.40404040404036,0.0030750543167786066,0.630225,0.6358140400269301,0.62463595997307
2025-10-18 06:00:00,0.6292,0.632,0.6283,0.631,653664.0,0.631,0.630255,0.628792,0.6288820952628866,0.6289834265887231,-0.00010133132583645121,7.9289085528294e-05,52.406417112299486,0.002999214582377072,0.630255,0.6358544266625202,0.6246555733374798
2025-10-18 06:15:00,0.631,0.6312,0.6283,0.6285,383342.1,0.6285,0.63,0.628844,0.6288233113762888,0.6289476172117807,-0.00012430583549194463,3.857010132424626e-05,47.804878048780466,0.0028809097063602737,0.63,0.6354196523486775,0.6245803476513225
2025-10-18 06:30:00,0.6285,0.6285,0.6284,0.6284,33551.3,0.6284,0.62977,0.628906,0.6287581865491674,0.6289070529738711,-0.00014886642470368638,1.0827961186597206e-06,42.55319148936165,0.002878423262567787,0.62977,0.6350420115008164,0.6244979884991837
