timestamp,Open,High,Low,Close,Volume,Adj Close,SMA_20,SMA_50,EMA_12,EMA_26,MACD,MACD_signal,RSI,volatility,BB_middle,BB_upper,BB_lower
2025-10-07 20:45:00,122072.07,122193.09,121907.86,121943.61,92.93413,121943.61,,,121943.61,121943.61,0.0,0.0,,,,,
2025-10-07 21:00:00,121943.61,122180.0,121765.9,121992.27,125.77929,121992.27,,,121969.9675,121968.87576923077,1.0917307692288887,0.6065170940160493,,,,,
2025-10-07 21:15:00,121992.27,122292.62,121958.14,122248.21,95.03518,122248.21,,,122078.56561200925,122069.23784622966,9.327765779584297,4.180799342199757,,,,,
2025-10-07 21:30:00,122248.21,122248.21,121814.54,122018.54,102.11751,122018.54,,,122059.61787212644,122055.06494389841,4.5529282280331245,4.306859262875017,,,,,
2025-10-07 21:45:00,122018.55,122018.55,121787.47,122016.0,74.97919,122016.0,,,122047.76705215895,122046.00562228117,1.7614298777771182,3.549651568593158,,,,,
2025-10-07 22:00:00,122016.0,122046.36,121797.6,122030.71,119.69055,122030.71,,,122043.62129111613,122042.94203113175,0.6792599843756761,2.7716158585853834,,,,,
2025-10-07 22:15:00,122030.7,122173.5,121880.37,121916.73,113.90756,121916.73,,,122015.30594346231,122020.49587566078,-5.189932198467432,0.7567604401203403,,,,,
2025-10-07 22:30:00,121916.73,122047.37,121823.58,121930.86,115.52923,121930.86,,,121997.683376636,122006.0533150649,-8.369938428892056,-1.4365569257136108,,,,,
2025-10-07 22:45:00,121930.87,122011.18,121926.04,122011.17,55.18385,122011.17,,,122000.35151076644,122006.81172009854,-6.460209332100931,-2.5970455540571855,,,,,
2025-10-07 23:00:00,122011.17,122022.88,121768.69,121801.41,79.00015,121801.41,,,121962.6521717937,121978.46828183578,-15.816110042083892,-5.558883365015592,,,,,
2025-10-07 23:15:00,121801.41,121851.5,121587.92,121662.19,113.66425,121662.19,,,121907.6748390101,121937.44688848458,-29.772049474486266,-10.856585757284439,,,,,
2025-10-07 23:30:00,121662.2,121662.2,121367.48,121465.81,217.35204,121465.81,,,121829.11272121432,121879.49886542934,-50.386144215022796,-19.34587710833581,,,,,
2025-10-07 23:45:00,121465.82,121524.48,121258.08,121332.95,167.64652,121332.95,,,121742.96002384623,121815.47076442726,-72.51074058102677,-30.597409328174443,,,,,
2025-10-08 00:00:00,121332.96,121614.66,121332.96,121551.37,129.34341,121551.37,,,121710.33835991136,121785.80910558056,-75.47074566919764,-39.98494477141937,38.16115128759257,,,,
2025-10-08 00:15:00,121551.38,121802.38,121551.38,121587.8,132.40665,121587.8,,,121689.8110868427,121764.38937067485,-74.57828383214655,-47.15591880209961,39.49179272420158,,,,
2025-10-08 00:30:00,121587.8,121952.71,121276.0,121889.93,208.27662,121889.93,,,121722.8823150905,121777.52195179391,-54.63963670341764,-48.69601215646854,47.371152028276434,,,,
2025-10-08 00:45:00,121889.92,122089.68,121799.99,121914.09,181.71223,121914.09,,,121754.12436672919,121791.38480131775,-37.26043458856293,-46.35620895884268,40.25718784627034,,,,
2025-10-08 01:00:00,121914.09,122030.5,121676.56,121706.19,171.35321,121706.19,,,121746.36628057528,121782.96770515034,-36.60142457505572,-44.36946203119312,40.77486960476836,,,,
2025-10-08 01:15:00,121706.19,122056.0,121605.75,121833.45,160.84506,121833.45,,,121760.34872827202,121787.8349288472,-27.486200575178373,-40.943435494115796,44.97840618380871,,,,
2025-10-08 01:30:00,121833.45,121959.74,121750.0,121793.64,116.94182,121793.64,121832.34650000001,,121765.65841822172,121788.38239117987,-22.723972958148806,-37.25704176082682,43.56749423416071,,121832.34650000001,122278.91594196374,121385.77705803628
2025-10-08 01:45:00,121793.63,121955.5,121775.28,121950.01,70.42369,121950.01,121832.6665,,121794.89594286468,121803.32280590457,-8.426863039887394,-31.437328637353378,50.88269306258419,0.0013136852411597083,121832.6665,122279.58068007088,121385.75231992913
2025-10-08 02:00:00,121950.0,121983.13,121825.74,121938.97,94.07879,121938.97,121830.00150000001,,121817.63755944198,121815.63556053824,2.0019989037391497,-24.699748563011877,50.21545655003853,0.0013104832869963309,121830.00150000001,122273.53123271368,121386.47176728635
2025-10-08 02:15:00,121938.97,122229.66,121938.97,122186.01,164.86665,122186.01,121826.8915,,121875.55224770305,121848.70251132612,26.849736376927467,-14.328631304358792,54.26692958736416,0.0013044349001304543,121826.8915,122258.79395576495,121394.98904423504
2025-10-08 02:30:00,122186.02,122186.02,121870.28,121910.78,114.14037,121910.78,121821.50350000002,,121881.07206522208,121854.16176441475,26.910300807328895,-6.041711007364519,52.586496393520086,0.0013347273181793344,121821.50350000002,122245.96383740817,121397.04316259187
2025-10-08 02:45:00,121910.79,122090.56,121860.14,122048.28,161.02685,122048.28,121823.11750000001,,121907.19750374857,121870.9995045086,36.19799923997198,2.438267495107201,59.1380950803066,0.0013602182472655844,121823.11750000001,122250.92410612873,121395.31089387128
2025-10-08 03:00:00,122048.28,122048.28,121723.53,121723.53,193.70826,121723.53,121807.7585,,121878.56901773137,121858.36804141873,20.200976312640705,6.001578705929114,55.75036815565186,0.0014852047486914436,121807.7585,122226.1370454535,121389.37995454649
2025-10-08 03:15:00,121723.54,121821.07,121395.37,121453.24,191.05713,121453.24,121784.584,,121812.40643254269,121824.06416354091,-11.657730998223997,2.46115654958421,52.52887530325923,0.0015485963468785716,121784.584,122228.13671796805,121341.03128203195
2025-10-08 03:30:00,121452.76,121509.48,121310.0,121310.01,166.48681,121310.01,121753.54149999998,,121734.38894670716,121780.99360914007,-46.604662432917394,-7.371025452813466,44.76019694851369,0.0015621841866972513,121753.54149999998,122238.91957116665,121268.1634288333
2025-10-08 03:45:00,121310.0,121436.82,121200.0,121374.75,150.10071,121374.75,121721.72049999998,,121678.62092715284,121747.28346365981,-68.66253650697763,-19.648325865840825,45.430954985094985,0.0015585869551580753,121721.72049999998,122219.27672321713,121224.16427678283
2025-10-08 04:00:00,121374.76,121484.37,121066.14,121384.41,206.80177,121384.41,121700.8705,,121633.05422936115,121717.43798364012,-84.38375427896972,-32.6114591301691,37.603605724430984,0.0015214269679038037,121700.8705,122218.89385539606,121182.84714460395
2025-10-08 04:15:00,121384.41,121597.87,121340.0,121471.37,152.68839,121471.37,121691.32949999999,,121608.03875887029,121697.36355609052,-89.32479722023709,-43.96537111798448,39.467974764247266,0.0015156636674931597,121691.32949999999,122219.28636013855,121163.37263986144
2025-10-08 04:30:00,121471.37,121786.57,121471.37,121600.91,207.88051,121600.91,121698.08450000003,,121606.93677194971,121689.55342468429,-82.61665273457766,-51.70175683755374,47.39846398671557,0.001490936120059366,121698.08450000003,122217.27651597444,121178.89248402561
2025-10-08 04:45:00,121600.92,121910.24,121600.92,121900.0,145.09113,121900.0,121726.437,,121652.20607752477,121706.47715486896,-54.271077344194055,-52.21594684551791,51.51577269103753,0.0015568912554718313,121726.437,122223.11672118439,121229.75727881562
2025-10-08 05:00:00,121900.01,121900.01,121650.0,121759.31,164.90739,121759.31,121736.83399999999,,121668.74005284486,121710.69909161473,-41.95903876986995,-50.16352452863555,49.25243779751142,0.0015405702703473502,121736.83399999999,122226.74296432103,121246.92503567894
2025-10-08 05:15:00,121759.3,121776.95,121272.48,121390.2,224.81042,121390.2,121726.954,,121625.76358397662,121685.23625055059,-59.472666573972674,-52.026108491520105,38.84338367472211,0.0016892206307183094,121726.954,122237.07121606129,121216.8367839387
2025-10-08 05:30:00,121390.2,121524.09,121292.76,121292.76,187.21003,121292.76,121697.09550000001,,121574.40672558847,121654.22166010045,-79.81493451197457,-57.585677879027585,37.550235620956485,0.001583125097367464,121697.09550000001,122236.13472905676,121158.05627094326
2025-10-08 05:45:00,121292.75,121374.02,121173.86,121374.01,131.92487,121374.01,121670.09150000001,,121543.51255997684,121632.18757878509,-88.67501880825148,-63.80516073493709,33.288604968964634,0.0015935432088491875,121670.09150000001,122217.40819590061,121122.7748040994
2025-10-08 06:00:00,121374.02,121425.69,121068.96,121306.12,136.93477,121306.12,121650.08800000002,,121506.92659684132,121606.66405451635,-99.73745767502987,-70.99311300223472,36.39464660192428,0.0015575511200996066,121650.08800000002,122220.60176431017,121079.57423568987
2025-10-08 06:15:00,121306.12,121500.0,121162.25,121411.42,115.15729,121411.42,121628.9865,,121492.21148272578,121591.44493780147,-99.2334550756932,-76.64212001921084,35.45941897951552,0.0015507871920736483,121628.9865,122202.15747892795,121055.81552107204
2025-10-08 06:30:00,121411.43,121575.85,121391.57,121575.81,127.39869,121575.81,121618.095,,121505.0889293427,121590.23091149676,-85.14198215406213,-78.34231844131519,46.36082342159462,0.001587094027966785,121618.095,122186.34959125657,121049.84040874343
2025-10-08 06:45:00,121575.8,121841.54,121575.8,121784.29,172.70643,121784.29,121609.80900000001,,121548.08853204991,121605.2456035028,-57.15707145289343,-74.10481843533964,58.411806257844795,0.0016094705010005557,121609.80900000001,122162.2996547778,121057.31834522221
2025-10-08 07:00:00,121784.3,121872.37,121624.8,121666.22,206.25136,121666.22,121596.17149999998,,121566.27892381216,121609.94779317756,-43.66886936539959,-68.01711073645541,59.16833538383943,0.0016221048640486404,121596.17149999998,122127.51215711767,121064.8308428823
2025-10-08 07:15:00,121666.22,121698.23,121493.58,121553.73,182.14198,121553.73,121564.5575,,121564.34685343875,121605.62557471266,-41.27872127390583,-62.669068875076896,54.49617154685574,0.001550129789722301,121564.5575,122017.60255898237,121111.51244101762
2025-10-08 07:30:00,121553.74,121571.39,121311.91,121481.31,166.17323,121481.31,121543.08399999999,,121551.56374169837,121596.09453952879,-44.53079783041903,-59.04121714710966,52.359823098503604,0.001480656792389558,121543.08399999999,121966.79556367946,121119.37243632051
2025-10-08 07:45:00,121481.3,121597.06,121331.62,121597.06,142.78118,121597.06,121520.523,,121558.56697248745,121596.168368009,-37.601395521560335,-54.75306604667742,53.01862232277098,0.0014730451169371768,121520.523,121873.04325232438,121168.00274767562
2025-10-08 08:00:00,121597.05,121812.78,121538.48,121563.03,244.15824,121563.03,121512.49799999999,,121559.2539080307,121593.64034290992,-34.386434879212175,-50.679597873534675,49.0465163109141,0.001353730076410328,121512.49799999999,121852.65028785121,121172.34571214877
2025-10-08 08:15:00,121563.03,122000.0,121524.01,121916.41,337.31281,121916.41,121535.6565,,121614.222390167,121618.20908869708,-3.986698530090507,-41.34075767597622,50.402069888126164,0.0014084685349775243,121535.6565,121919.130665919,121152.182334081
2025-10-08 08:30:00,121916.42,122821.25,121916.42,122821.24,673.24438,122821.24,121611.21800000002,,121799.97857322986,121709.59517757982,90.38339565004571,-14.995339488313684,68.93038080739308,0.0021075541873087134,121611.21800000002,122289.6243147546,120932.81168524544
2025-10-08 08:45:00,122821.24,122850.0,122342.37,122381.85,207.63761,122381.85,121661.573,,121889.5222032061,121760.56552147222,128.9566817338782,13.795578403263839,67.24542713148381,0.0023075516078076325,121661.573,122411.78151858105,120911.36448141896
2025-10-08 09:00:00,122381.84,122644.0,122381.84,122561.77,159.7161,122561.77,121720.44099999999,121766.7148,121992.96932967349,121821.20695114514,171.76237852835038,45.38938935021892,71.45344689426207,0.0023178156198625966,121720.44099999999,122558.68319376401,120882.19880623597
2025-10-08 09:15:00,122561.78,122620.55,122451.01,122531.86,102.4231,122531.86,121773.4655,121778.47979999999,122075.89212871963,121874.90807885435,200.98404986527748,76.50867677268002,69.9200000000001,0.0023227198053374525,121773.4655,122676.9930735396,120869.9379264604
2025-10-08 09:30:00,122531.86,122584.0,122390.0,122463.72,154.52622,122463.72,121816.60599999999,121787.9088,122135.56802819682,121919.33589574837,216.232132448451,104.45362316773989,69.91398589368666,0.0023279181808793094,121816.60599999999,122766.6390942801,120866.57290571988
2025-10-08 09:45:00,122463.71,122516.99,122381.99,122516.98,57.4914,122516.98,121847.45499999999,121793.2842,122194.25517528229,121964.36801964806,229.88715563423466,129.54051298369154,69.3654841896541,0.0022750543427531972,121847.45499999999,122847.63494651491,120847.27505348506
2025-10-08 10:00:00,122516.99,122808.24,122498.05,122560.51,103.12567,122560.51,121887.51500000001,121804.12359999999,122250.60888200976,122009.22974614995,241.37913585981005,151.90836832154406,68.01104770266316,0.002250757605825428,121887.51500000001,122935.85117204653,120839.1788279535
2025-10-08 10:15:00,122560.5,122705.42,122517.5,122608.0,101.77974,122608.0,121948.405,121815.96359999999,122305.59775419076,122054.2361808047,251.36157338606426,171.79910235953724,66.00922798247706,0.0021072429707625477,121948.405,123016.40027395963,120880.40972604037
2025-10-08 10:30:00,122608.0,123100.0,122577.9,122974.02,300.19493,122974.02,122032.468,121834.8298,122408.44084478308,122123.29620540426,285.144639378821,194.46829457891153,73.18333947868503,0.0021535900617548802,122032.468,123146.83353131043,120918.10246868955
2025-10-08 10:45:00,122974.02,123012.33,122881.24,122934.6,149.19814,122934.6,122110.49750000001,121855.18719999999,122489.39433429636,122184.1498466281,305.2444876682566,216.62359951105012,75.12966380223418,0.0021654497145006234,122110.49750000001,123249.01945991821,120971.97554008181
2025-10-08 11:00:00,122934.61,123200.0,122820.46,123123.3,157.9694,123123.3,122201.3565,121879.036,122586.92432512727,122254.52721538622,332.397109741054,239.77835700167992,78.66832881132218,0.0021549504725584348,122201.3565,123359.46219344545,121043.25080655454
2025-10-08 11:15:00,123123.31,123150.01,122836.76,123020.69,355.97122,123020.69,122281.81999999999,121899.2264,122653.66100432338,122311.89186111568,341.7691432076972,260.1765533180645,74.97044512967312,0.0021832738842476594,122281.81999999999,123432.43191959585,121131.20808040413
2025-10-08 11:30:00,123020.69,123100.01,122809.42,122811.21,229.82529,122811.21,122343.59,121919.4224,122677.9003865314,122349.24730685858,328.6530796728184,273.8718795770417,70.62371120393391,0.00223849408534494,122343.59,123466.93603509726,121220.24396490274
2025-10-08 11:45:00,122811.21,122915.07,122743.36,122884.14,74.16619,122884.14,122398.58249999999,121943.8614,122709.63074875905,122389.23464442146,320.39610433758935,283.1767359368719,67.62309561011497,0.0022206498905499817,122398.58249999999,123514.30264087448,121282.8623591255
2025-10-08 12:00:00,122884.14,123090.75,122720.0,122990.92,181.18029,122990.92,122464.8175,121974.36360000001,122752.90739257778,122434.18451850051,318.7228740772698,290.28597053766845,54.35617535608279,0.0021966330533801093,122464.8175,123554.45449253001,121375.18050747
2025-10-08 12:15:00,122990.91,123033.07,122650.0,122756.76,117.23383,122756.76,122524.96900000001,122002.8398,122753.50011733997,122458.267806083,295.232311256972,291.27523945774686,60.75874537262865,0.002241545123149836,122524.96900000001,123532.57195179172,121517.3660482083
2025-10-08 12:30:00,122756.76,122756.77,122608.75,122670.21,90.56669,122670.21,122584.41400000002,122025.2166,122740.68596176215,122474.08202401658,266.6039377455745,286.340976018025,53.28809324552158,0.002244474686066702,122584.41400000002,123465.04765876148,121703.78034123855
2025-10-08 12:45:00,122670.22,122730.36,122542.27,122631.52,75.28009,122631.52,122636.13700000002,122046.091,122723.89087527551,122485.82301148554,238.06786378996912,276.68634872416766,53.00586333365519,0.002248605926488292,122636.13700000002,123384.12306429776,121888.15093570227
2025-10-08 13:00:00,122631.52,122774.96,122396.8,122648.5,128.16597,122648.5,122690.41050000003,122061.2624,122712.29209025037,122497.94862207629,214.3434681740764,264.2177676050901,55.750653554089425,0.0022436341805068634,122690.41050000003,123242.38817462433,122138.43282537573
2025-10-08 13:15:00,122648.49,122718.7,122497.16,122497.16,69.11341,122497.16,122719.448,122072.92379999999,122679.19438966128,122497.88986705236,181.30452260891616,247.6351132763957,49.41865922049907,0.0021952154642583413,122719.448,123147.0809911261,122291.8150088739
2025-10-08 13:30:00,122497.17,122694.8,121700.0,121898.24,428.38043,121898.24,122673.298,122076.7648,122559.04616001844,122453.23308691794,105.81307310049306,219.2706979484379,35.34846265823634,0.0017578785813802096,122673.298,123233.38387682178,122113.21212317821
2025-10-08 13:45:00,121898.25,122660.22,121649.68,122599.04,261.23872,122599.04,122684.15750000002,122092.0766,122565.19911916308,122464.0872226168,101.11189654628106,195.6389328072344,49.846226719480356,0.002072670927182284,122684.15750000002,123228.65546070904,122139.659539291
2025-10-08 14:00:00,122599.04,123350.0,122599.04,122825.01,719.85286,122825.01,122697.31950000001,122112.704,122605.17035748792,122490.94510269276,114.2252547951648,179.3561945254885,47.313518405670955,0.0020873631198442344,122697.31950000001,123242.08726326632,122152.5517367337
2025-10-08 14:15:00,122825.0,123092.12,122419.53,122590.73,218.63105,122590.73,122700.26299999999,122125.5184,122602.94874834013,122498.36801694866,104.58073139147018,164.40109992999072,44.20741259824986,0.002134784347444019,122700.26299999999,123241.89363584782,122158.63236415216
2025-10-08 14:30:00,122590.72,122856.03,122260.0,122484.63,275.35604,122484.63,122701.3085,122136.4316,122584.7457552137,122497.34637936689,87.3993758468132,149.0007534915094,38.93345901531387,0.002140339422753739,122701.3085,123241.09421390729,122161.52278609271
2025-10-08 14:45:00,122484.63,122624.67,122112.16,122320.0,248.90464,122320.0,122691.4595,122139.11140000001,122544.0154330972,122484.1617327074,59.85370038979454,131.17134136904144,38.11426884832097,0.002158670418976646,122691.4595,123252.1883585211,122130.73064147889
2025-10-08 15:00:00,122319.99,122622.55,122226.19,122489.21,140.6336,122489.21,122687.89450000001,122150.68,122535.58379193394,122484.53694000866,51.046851925275405,115.14644240021218,44.462291991992615,0.0021816545219507425,122687.89450000001,123253.01823212419,122122.77076787583
2025-10-08 15:15:00,122489.21,122550.29,122203.12,122448.01,127.98993,122448.01,122679.89499999999,122158.67460000001,122522.11085209611,122481.82279083939,40.28806125672418,100.17476536424334,42.41673940485659,0.002180423162593625,122679.89499999999,123254.23481452433,122105.55518547565
2025-10-08 15:30:00,122448.01,122450.01,122240.02,122355.54,94.25841,122355.54,122648.97099999999,122171.31480000001,122496.4844886643,122472.4414667966,24.043021867692005,84.94841600813058,38.89700485793159,0.0020624200450336714,122648.97099999999,123223.23214213367,122074.70985786631
2025-10-08 15:45:00,122355.54,122355.55,121954.34,122189.72,196.58234,122189.72,122611.727,122186.0444,122449.2898296284,122451.44308837892,-2.153258750520763,67.52808045524662,39.84876260311645,0.002077205552386098,122611.727,123204.31642502992,122019.13757497008
2025-10-08 16:00:00,122189.72,122726.51,122110.08,122726.51,153.06863,122726.51,122591.8875,122214.3744,122491.93918014069,122471.86889597496,20.070284165733028,58.03652093531056,50.86796990626524,0.0022969156620547106,122591.8875,123137.03193555465,122046.74306444534
2025-10-08 16:15:00,122726.52,122926.48,122612.0,122672.51,163.90998,122672.51,122574.4785,122240.32960000001,122519.71935782333,122486.76528820398,32.9540696193435,53.02003056132501,50.62896845490716,0.002292515676330005,122574.4785,123082.9713405141,122065.9856594859
2025-10-08 16:30:00,122672.51,122740.0,122562.18,122711.97,110.14932,122711.97,122569.5165,122266.8808,122549.29642613768,122503.48254000321,45.813886134463246,51.578801650488344,50.967238546902024,0.0022643646167749853,122569.5165,123070.15888369201,122068.87411630798
2025-10-08 16:45:00,122711.98,123129.23,122701.47,123051.03,214.81975,123051.03,122577.86099999999,122298.474,122626.48630928676,122544.12134018127,82.36496910548885,57.73603522851956,57.98380377719666,0.0023466768477427642,122577.86099999999,123105.42301391164,122050.29898608834
2025-10-08 17:00:00,123051.02,123669.93,122958.05,123669.93,459.49842,123669.93,122611.8115,122339.8544,122787.01628832653,122627.66633955081,159.3499487757217,78.05881816776639,75.39190928400049,0.002592712044995413,122611.8115,123310.82918779022,121912.79381220977
2025-10-08 17:15:00,123669.93,123982.37,123494.79,123792.35,435.4135,123792.35,122663.59099999999,122377.70139999999,122941.68316032621,122714.0845595046,227.59860082161322,107.96677496909082,70.50142424690165,0.0025448142301388163,122663.59099999999,123538.98696540586,121788.19503459411
2025-10-08 17:30:00,123792.36,124032.08,123650.0,123774.81,249.13788,123774.81,122718.821,122418.0114,123069.85662344334,122792.77937489448,277.077248548856,141.78886992981455,67.5766503323611,0.002534766564055964,122718.821,123725.51101699236,121712.13098300764
2025-10-08 17:45:00,123774.81,124164.36,123690.23,124033.19,192.41447,124033.19,122788.90449999999,122470.8712,123218.06185923671,122884.7943337342,333.26752550250967,180.0846012660707,76.45764092179681,0.002553388924623721,122788.90449999999,123952.87937928196,121624.92962071802
2025-10-08 18:00:00,124033.19,124197.25,123813.58,123870.77,261.12042,123870.77,122850.018,122522.4314,123318.47855414655,122957.9272177059,360.55133644065063,216.17794846815966,74.90996657441656,0.0025866245299049004,122850.018,124107.5427664756,121592.4932335244
2025-10-08 18:15:00,123870.77,123880.86,123565.38,123615.28,236.45323,123615.28,122905.924,122567.25680000002,123364.14033731322,123006.68029112408,357.46004618913867,244.43436811705527,72.54103495802504,0.0026222354429866587,122905.924,124196.38357547426,121615.46442452574
2025-10-08 18:30:00,123615.27,123794.6,123415.58,123564.95,379.55146,123564.95,122989.2595,122612.4334,123395.03414431986,123048.08099622597,346.95314809388947,264.93812417320095,69.52851561932664,0.0023147124564328403,122989.2595,124219.58681753516,121758.93218246484
2025-10-08 18:45:00,123564.95,123826.34,123460.21,123460.22,275.23327,123460.22,123032.31849999998,122653.40940000002,123405.06274100272,123078.64220470178,326.4205363009387,277.23460662790865,67.96093420067362,0.002003758434618415,123032.31849999998,124265.41910195367,121799.21789804629
2025-10-08 19:00:00,123460.21,123524.48,123220.96,123260.0,154.31069,123260.0,123054.068,122687.0932,123382.74538964008,123092.0893129414,290.6560766986804,279.91890064715545,65.45789524056937,0.002017781428513615,123054.068,124287.11748765872,121821.01851234128
2025-10-08 19:15:00,123260.01,123657.48,123160.82,123638.22,163.87845,123638.22,123106.4425,122724.1718,123422.0491856741,123132.58023350975,289.46895216434496,281.8289109534922,73.08028145674244,0.002053471571487374,123106.4425,124345.59689139832,121867.28810860169
2025-10-08 19:30:00,123638.23,123759.94,123400.0,123432.01,168.04859,123432.01,123153.8115,122759.4876,123423.58161897145,123154.7788946818,268.80272428964963,279.2236736175605,62.565096281942445,0.0020876160452209707,123153.8115,124364.99700848752,121942.62599151247
2025-10-08 19:45:00,123432.01,123586.01,123409.51,123450.0,178.52215,123450.0,123210.3115,122797.41299999999,123427.64598601095,123176.66417543084,250.9818105801096,273.5753010045838,64.0271778939657,0.0020488004192656686,123210.3115,124361.67226067989,122058.9507393201
2025-10-08 20:00:00,123450.01,123517.25,123313.82,123495.97,100.85775,123495.97,123260.64949999998,122837.70620000002,123438.15737437033,123200.33353344724,237.82384092309803,266.4250089827304,64.11148069751016,0.0020373086008645997,123260.64949999998,124366.39385289427,122154.9051471057
2025-10-08 20:15:00,123495.97,123737.0,123484.61,123563.37,107.58028,123563.37,123316.41750000001,122877.03239999998,123457.42085770487,123227.24309777573,230.17775992913812,259.1755591675053,60.22136923334724,0.0020298046345657134,123316.41750000001,124360.37157985105,122272.46342014897
2025-10-08 20:30:00,123563.38,123565.38,123341.0,123361.82,74.17215,123361.82,123366.7315,122913.0082,123442.71303184787,123237.21792634384,205.4951055040292,248.43946842947076,42.62495990655276,0.002066422138822737,123366.7315,124307.60303539559,122425.8599646044
2025-10-08 20:45:00,123361.83,123385.45,122814.0,122856.69,390.99535,122856.69,123400.08,122931.8138,123352.55563406125,123209.01452162092,143.54111244033265,227.4597972232962,31.071622201183104,0.002270427269327641,123400.08,124202.37017333656,122597.78982666344
2025-10-08 21:00:00,122856.7,123162.85,122794.4,123093.21,117.31625,123093.21,123418.415,122937.2532,123312.6563026467,123200.43185804221,112.22444460449333,204.41272669220004,37.333491912464545,0.002095109604749898,123418.415,124171.11951854124,122665.71048145875
2025-10-08 21:15:00,123093.21,123317.62,123093.2,123279.46,61.14581,123279.46,123448.7625,122955.2054,123307.5491788271,123206.28866995778,101.26050886932353,183.7822831223716,35.6072150105217,0.0021115522202212345,123448.7625,124119.29947978466,122778.22552021533
2025-10-08 21:30:00,123279.46,123332.01,123265.28,123332.01,40.80198,123332.01,123479.7645,122970.6102,123311.31238229365,123215.60559649825,95.70678579539526,166.16718365338807,39.26156838983301,0.00211187139030797,123479.7645,124057.8265480444,122901.70245195561
2025-10-08 21:45:00,123332.0,123332.01,123181.75,123277.33,42.67325,123277.33,123491.07950000002,122985.51960000001,123306.08432323334,123220.17969987204,85.9046233613044,150.11467159235536,42.677933051673726,0.0020315652436557396,123491.07950000002,124042.02998872963,122940.12901127042
2025-10-08 22:00:00,123277.34,123416.73,123277.34,123354.71,47.32868,123354.71,123475.31850000001,123003.3394,123313.56519687976,123230.14879266068,83.41640421908232,136.77501811596164,45.497687168065966,0.0016760235182889218,123475.31850000001,124022.75012065837,122927.88687934165
2025-10-08 22:15:00,123354.7,123400.68,123279.64,123290.96,34.57886,123290.96,123450.249,123018.819,123310.08747416578,123234.65495268464,75.4325214811397,124.5065187877177,46.310521313791064,0.001656966945209782,123450.249,123982.25533941295,122918.24266058704
2025-10-08 22:30:00,123290.97,123355.06,123290.96,123314.44,25.36719,123314.44,123427.23049999999,123033.89760000001,123310.75709354396,123240.5669316225,70.19016192146228,113.64324741356022,51.28573317966262,0.0016592617591095172,123427.23049999999,123939.58384322668,122914.8771567733
2025-10-08 22:45:00,123314.44,123330.03,123200.81,123200.82,24.97846,123200.82,123385.612,123045.754,123293.84369412943,123237.62180327327,56.221890856162645,102.15897610131414,38.19420452582487,0.0015767258551410666,123385.612,123820.01081324928,122951.21318675071
2025-10-08 23:00:00,123200.82,123200.82,123056.31,123140.0,64.29516,123140.0,123349.07349999998,123049.07359999999,123270.1754330113,123230.38848644486,39.78694656644075,89.68457019367332,41.44714104118711,0.0015606713269349598,123349.07349999998,123731.47086633608,122966.67613366389
2025-10-08 23:15:00,123140.0,123478.25,123139.99,123478.25,73.26378,123478.25,123342.222,123059.9466,123302.18690540828,123248.753469903,53.43343550528516,82.43434325568597,50.69672232224333,0.0016423188474659351,123342.222,123709.13331839026,122975.31068160973
2025-10-08 23:30:00,123478.26,123537.11,123350.0,123350.0,88.95432,123350.0,123331.47449999998,123064.48060000001,123309.54276622215,123256.25505528816,53.28771093398973,76.6050167911475,46.54038859894856,0.0016554799537498819,123331.47449999998,123683.19393337017,122979.75506662979
2025-10-08 23:45:00,123350.01,123369.72,123304.47,123306.0,63.04208,123306.0,123323.7635,123070.1868,123308.99772525814,123259.94070416308,49.057021095068194,71.09541765178102,43.831696409312556,0.0016472091706429292,123323.7635,123670.32268156664,122977.20431843336
2025-10-09 00:00:00,123306.01,123348.32,123030.02,123118.56,66.6747,123118.56,123316.6915,123076.33380000001,123279.6996133736,123249.46585376977,30.23375960382691,62.92308604201145,44.13016620659011,0.0016422917516600093,123316.6915,123674.3249329887,122959.0580670113
2025-10-09 00:15:00,123118.57,123269.82,123051.84,123062.25,67.00032,123062.25,123287.893,123079.89600000001,123246.24582640472,123235.59530843853,10.650517966190819,52.46857242666439,56.33154684901125,0.0014693648470457807,123287.893,123628.88405480582,122946.90194519417
2025-10-09 00:30:00,123062.25,123109.8,122873.92,122963.93,101.05938,122963.93,123264.48900000002,123079.3562,123202.81262201727,123215.4683188161,-12.655696798829013,39.44371858138338,45.647431149417066,0.0014371822510143716,123264.48900000002,123627.38180533645,122901.59619466358
2025-10-09 00:45:00,122963.93,123112.31,122839.15,122839.15,148.4547,122839.15,123233.9465,123081.004,123146.86452596786,123187.58822753618,-40.723701568320394,23.41023455126307,34.535658843940666,0.0014463552898793632,123233.9465,123632.19931350536,122835.69368649465
2025-10-09 01:00:00,122839.16,122857.32,122583.0,122625.73,149.42106,122625.73,123190.4345,123080.11439999999,123066.68998308147,123145.96265710545,-79.27267402398866,2.8736528360287426,27.712843168191895,0.0014754487364806446,123190.4345,123653.09961815517,122727.76938184483
2025-10-09 01:15:00,122625.72,122769.96,122515.44,122525.48,161.12143,122525.48,123138.54,123077.99360000002,122983.42690838357,123099.99439121624,-116.5674828326737,-21.014574297882955,26.93810695246208,0.0014632068102006265,123138.54,123654.8025040572,122622.27749594279
2025-10-09 01:30:00,122525.48,122525.49,122339.41,122339.42,148.79366,122339.42,123087.42,123071.812,122884.34892209814,123043.64807072296,-159.2991486248211,-48.67148916342916,20.80402588066117,0.0014585129048497287,123087.42,123703.43039810142,122471.40960189857
2025-10-09 01:45:00,122339.42,122562.4,122339.41,122548.23,190.22744,122548.23,123071.997,123072.8334,122832.63831853049,123006.94592652432,-174.3076079938328,-73.79871292962514,30.28649386084554,0.0012502032050200403,123071.997,123726.56941886724,122417.42458113277
2025-10-09 02:00:00,122548.23,122548.23,122053.75,122267.01,201.84738,122267.01,123030.687,123080.2088,122745.61857697897,122952.12962188569,-206.51104490671423,-100.34117932514037,25.54504914664598,0.0012420681468113348,123030.687,123777.41780496154,122283.95619503847
2025-10-09 02:15:00,122267.02,122319.24,121954.74,121994.82,138.82989,121994.82,122966.455,123068.1244,122630.11110332899,122881.21032775163,-251.09922442263633,-130.49278834472807,23.78397648818317,0.001230468282004643,122966.455,123834.27139961005,122098.63860038995
2025-10-09 02:30:00,121994.82,122116.37,121594.85,121679.45,219.98028,121679.45,122883.827,123045.2132,122483.85554868291,122792.1823610946,-308.32681241168757,-166.05959315820348,21.414116108929846,0.001290967232230162,122883.827,123906.04892210195,121861.60507789806
2025-10-09 02:45:00,121679.45,121807.22,121475.98,121617.81,271.19813,121617.81,122800.851,123025.75479999998,122350.61777174065,122705.1839591882,-354.56618744754815,-203.76091201614324,9.16613258649896,0.0012904514111546478,122800.851,123950.10320331193,121651.59879668806
2025-10-09 03:00:00,121617.81,121961.39,121603.59,121818.55,185.34856,121818.55,122724.04299999999,123012.4332,122268.76119135757,122639.50187738841,-370.74068603084015,-237.1568668191328,17.423581714917887,0.0013630921634597973,122724.04299999999,123921.74905855501,121526.33694144497
2025-10-09 03:15:00,121818.54,122120.28,121818.54,121969.04,121.49936,121969.04,122657.947,123005.414,122222.65023878607,122589.83418912593,-367.183950339866,-263.1622835233107,22.793279718685696,0.0014253317170445723,122657.947,123869.74297758403,121446.15102241597
2025-10-09 03:30:00,121969.05,122073.63,121897.74,121897.75,83.50162,121897.75,122587.1125,122993.58480000001,122172.66558661472,122538.56501818431,-365.89943156958907,-283.70971313258616,23.924233945208755,0.001414986084711091,122587.1125,123802.9467144238,121371.2782855762
2025-10-09 03:45:00,121897.75,122049.26,121897.74,122038.01,64.22048,122038.01,122528.97200000002,122985.3848,122151.94934250247,122501.48440731612,-349.53506481365184,-296.8747834688094,28.88025601689158,0.0014634395991244035,122528.97200000002,123732.38567789798,121325.55832210206
2025-10-09 04:00:00,122038.01,122100.0,121904.81,121915.39,111.85294,121915.39,122467.7415,122976.5818,122115.5555974758,122458.06733827354,-342.51174079773773,-306.00217493460065,28.59371044529904,0.0014682735080158184,122467.7415,123664.85341510027,121270.62958489974
2025-10-09 04:15:00,121915.4,122264.0,121915.39,122236.27,89.22244,122236.27,122405.6425,122977.51280000001,122134.12704402934,122441.63697076852,-307.5099267391779,-306.30372529551624,38.604436648470546,0.001455073698343993,122405.6425,123507.0713674527,121304.2136325473
2025-10-09 04:30:00,122236.26,122236.27,122011.04,122028.99,67.5087,122028.99,122339.59200000002,122963.5624,122117.9521141703,122411.06891774332,-293.1168035730225,-303.6663409510164,38.69425182827487,0.001475054193789374,122339.59200000002,123357.87166479293,121321.31233520711
2025-10-09 04:45:00,122029.0,122174.99,122028.57,122144.7,59.88918,122144.7,122281.527,122953.00619999999,122122.06717353052,122391.33692406493,-269.2697505344113,-296.78702286769317,42.82781327225599,0.001511858584210156,122281.527,123194.80352979703,121368.25047020297
2025-10-09 05:00:00,122144.7,122196.99,121915.98,121915.99,81.33961,121915.99,122221.39850000001,122937.0866,122090.36299297563,122356.12445002745,-265.7614570518199,-290.581909704517,42.150592649441485,0.0015266950298986064,122221.39850000001,123057.74845438587,121385.04854561415
2025-10-09 05:15:00,121915.99,122042.43,121878.99,122010.24,112.89201,122010.24,122168.798,122916.2708,122078.03637866782,122330.50230788042,-252.46592921260162,-282.9587136061324,39.58453526416669,0.0015526318020295568,122168.798,122909.31792183596,121428.27807816403
2025-10-09 05:30:00,122010.25,122127.21,121823.94,121954.29,145.58033,121954.29,122118.31599999999,122881.95800000001,122058.99847425235,122302.6336501241,-243.6351758717501,-275.09400605925464,43.36721275314111,0.001550215715722896,122118.31599999999,122761.91876612544,121474.71323387454
2025-10-09 05:45:00,121954.29,122136.99,121902.07,122100.92,54.9358,122100.92,122081.40449999999,122848.12940000002,122065.44793975345,122287.6913623953,-222.24342264185543,-264.5238893757734,52.37698380693765,0.0015836798324450514,122081.40449999999,122628.36129831235,121534.44770168763
2025-10-09 06:00:00,122100.92,122119.65,121913.58,121945.56,81.69261,121945.56,122047.396,122811.5444,122047.00364132634,122262.34745694406,-215.34381561771443,-254.68787462416057,56.42216226391423,0.0015647695179156719,122047.396,122532.98846029011,121561.80353970987
2025-10-09 06:15:00,121945.56,122144.4,121883.43,122096.4,74.85675,122096.4,122025.942,122772.80860000002,122054.60308112353,122250.05467476828,-195.45159364475694,-242.84061842827887,61.07329443177034,0.0015945631251752185,122025.942,122457.50751657775,121594.37648342224
2025-10-09 06:30:00,122096.41,122185.98,122042.01,122112.2,48.54922,122112.2,122014.581,122737.63720000001,122063.46414556725,122239.84292666176,-176.37878109450685,-229.54825096152356,57.430151765878676,0.0015637182042313636,122014.581,122422.72759811612,121606.43440188389
2025-10-09 06:45:00,122112.2,122163.33,121894.0,121957.32,131.3058,121957.32,121985.0355,122704.47799999999,122047.13427701656,122218.91475079776,-171.78047378119663,-217.99469552545753,49.70410914636027,0.0015246371148880417,121985.0355,122306.97408580572,121663.09691419428
2025-10-09 07:00:00,121957.32,122064.0,121941.73,121978.7,88.56006,121978.7,121970.62,122672.75300000001,122036.60592670529,122201.12063124507,-164.51470453977527,-207.29869732832063,52.096552795835336,0.0014475726401458249,121970.62,122263.94415659498,121677.29584340501
2025-10-09 07:15:00,121978.7,122067.61,121808.85,121876.39,94.73595,121876.39,121964.69850000001,122641.07639999999,122011.95732259477,122177.06596678977,-165.10864419500285,-198.8606867016568,45.730212406213745,0.001372472853242068,121964.69850000001,122260.73473841304,121668.66226158699
2025-10-09 07:30:00,121876.39,121893.59,121737.08,121737.09,96.56451,121737.09,121967.5805,122610.6182,121969.67004219262,122144.4744724442,-174.8044302515773,-194.04943541164076,45.330700578228324,0.0012658888280430625,121967.5805,122252.85071823094,121682.31028176905
2025-10-09 07:45:00,121737.09,121992.38,121724.71,121906.1,111.66199,121906.1,121981.995,122575.9758,121959.89003570087,122126.81676198998,-166.92672628910805,-188.6248935871341,40.60634683995197,0.001294638132063467,121981.995,122217.67346325485,121746.31653674514
2025-10-09 08:00:00,121906.09,121960.97,121685.69,121734.21,129.41313,121734.21,121977.778,122542.01980000001,121925.17003020669,122097.73425787507,-172.56422766837932,-185.4127604033831,41.44086595974493,0.0012849453158724294,121977.778,122228.31976335139,121727.23623664862
2025-10-09 08:15:00,121734.2,121734.21,121179.95,121180.0,332.24599,121180.0,121938.326,122496.6198,121810.52848709314,122029.75281321845,-219.22432612531702,-192.17507354776995,27.6743561735139,0.0015977623314333237,121938.326,122374.43493392415,121502.21706607586
2025-10-09 08:30:00,121180.0,121612.0,121168.13,121330.12,276.02749,121330.12,121909.94450000001,122453.30279999999,121736.61948907617,121977.92736327004,-241.30787419386616,-202.0016336769893,35.92964220699044,0.001633685018455741,121909.94450000001,122424.07436205006,121395.81463794997
2025-10-09 08:45:00,121330.12,121508.57,121145.49,121261.62,213.55551,121261.62,121871.125,122407.26780000002,121663.5426446007,121924.86680292188,-261.3241583211784,-213.86613860582722,31.795854448540325,0.001601991612688363,121871.125,122456.80499343992,121285.44500656008
2025-10-09 09:00:00,121261.62,121671.24,121261.62,121594.87,143.83261,121594.87,121855.099,122371.92880000001,121652.97762235418,121900.42227295863,-247.44465060444782,-220.58184100555138,42.298626943449285,0.0017318318593999129,121855.099,122453.09051396548,121257.10748603453
2025-10-09 09:15:00,121594.86,121758.0,121517.79,121699.86,133.61442,121699.86,121828.27850000001,122348.79219999998,121660.19029583831,121885.5656268986,-225.3753310602915,-221.5405390164994,41.25026179838038,0.001625242780948309,121828.27850000001,122401.90809305864,121254.6489069414
2025-10-09 09:30:00,121699.87,121820.84,121662.79,121672.09,83.17641,121672.09,121810.4335,122320.36979999999,121662.02101955553,121869.75243872502,-207.73141916948953,-218.7787150470974,43.68210696546145,0.0015877393383868104,121810.4335,122379.96381127779,121240.90318872221
2025-10-09 09:45:00,121672.1,121855.44,121604.85,121813.04,134.93269,121813.04,121793.85050000002,122291.04139999999,121685.25470885505,121865.55147336262,-180.2967645075696,-211.08232493919184,43.42356894855084,0.0015960334899380753,121793.85050000002,122341.28575769477,121246.41524230526
2025-10-09 10:00:00,121813.04,121900.0,121751.14,121866.99,56.43253,121866.99,121791.40049999999,122261.741,121713.21398441619,121865.65803192413,-152.44404750794638,-199.35466945294272,44.408007261084535,0.0015465592335074017,121791.40049999999,122336.96958877837,121245.8314112216
2025-10-09 10:15:00,121866.99,121881.96,121650.22,121736.35,77.8798,121736.35,121777.706,122230.9214,121716.77337142911,121856.07957322663,-139.30620179751713,-187.34497592185755,44.90446300506858,0.0015518477029333698,121777.706,122313.81396039206,121241.59803960795
2025-10-09 10:30:00,121736.35,122314.37,121736.34,122230.43,198.28276,122230.43,121791.513,122208.4358,121795.79746813305,121883.8094648982,-88.0119967651408,-167.47838009051418,54.7658625429292,0.001806463775101055,121791.513,122360.01430506165,121223.01169493837
2025-10-09 10:45:00,122230.43,122340.0,122098.08,122170.27,130.02858,122170.27,121794.98050000002,122186.022,121853.40862688227,121905.02892706214,-51.620300179871265,-144.30676410838558,55.654104555144336,0.0017924477828913342,121794.98050000002,122372.20688778629,121217.75411221375
2025-10-09 11:00:00,122170.26,122367.25,122170.26,122246.81,154.62759,122246.81,121810.04300000002,122164.6694,121913.93191505462,121930.34622394385,-16.414308889230597,-118.72827306455456,60.04944677965036,0.0017699856074816604,121810.04300000002,122418.68118155477,121201.40481844527
2025-10-09 11:15:00,122246.82,122767.64,122246.81,122680.97,346.07513,122680.97,121839.27149999999,122154.2724,122031.93777427766,121985.94835191629,45.98942236136645,-85.78473397937033,63.83098732333523,0.001916155927668045,121839.27149999999,122552.901136341,121125.64186365898
2025-10-09 11:30:00,122680.96,122833.02,122596.72,122825.11,167.34574,122825.11,121874.91699999999,122147.97460000002,122153.96427054322,122048.10885366864,105.8554168745759,-47.45670380858107,69.66677002733044,0.0019271927848230387,121874.91699999999,122707.28774525844,121042.54625474154
2025-10-09 11:45:00,122825.11,122825.12,122683.41,122737.57,111.97068,122737.57,121913.92950000001,122133.161,122243.74976738308,122099.18033852756,144.56942885552417,-9.051477275760007,83.76055037519716,0.0019074061820027295,121913.92950000001,122831.35558642994,120996.50341357008
2025-10-09 12:00:00,122737.56,123125.48,122709.1,123005.43,303.05879,123005.43,121965.26599999999,122126.26960000001,122360.93134163224,122166.31029461154,194.62104702070064,31.683027583532134,84.54917035466705,0.0019516427522038905,121965.26599999999,123004.74004347029,120925.79195652969
2025-10-09 12:15:00,123005.43,123136.41,122954.74,123012.31,166.51924,123012.31,122022.06199999999,122120.3958,122461.14344291989,122228.97724330665,232.16619961323158,71.77966198947205,87.04521120144274,0.0019313964488906561,122022.06199999999,123160.50889640805,120883.61510359193
2025-10-09 12:30:00,123012.31,123762.94,122933.22,123548.79,727.43585,123548.79,122112.647,122129.00039999999,122628.4736824711,122326.74159012406,301.7320923470397,117.77014806098559,88.07118863351222,0.0020767818975116702,122112.647,123429.89036131585,120795.40363868415
2025-10-09 12:45:00,123548.79,123652.24,123321.45,123563.38,286.29897,123563.38,122195.51099999998,122139.02299999999,122772.30542362969,122418.34481609058,353.9606075391057,165.00823995660963,87.63561601783753,0.002075364383538544,122195.51099999998,123658.49307137849,120732.52892862148
2025-10-09 13:00:00,123563.38,123658.38,123183.42,123233.68,258.63421,123233.68,122270.48449999999,122144.418,122843.28612768676,122478.74024736267,364.54588032409083,204.9157680301059,78.10971065677359,0.002159345521728847,122270.48449999999,123786.64858752977,120754.32041247022
2025-10-09 13:15:00,123233.69,123500.0,123203.27,123461.86,156.53558,123461.86,122384.57749999998,122156.87219999998,122938.45133881202,122551.56419228188,386.88714653014904,241.31004373011456,78.7762225557613,0.0017972641973629288,122384.57749999998,123898.64863792244,120870.50636207753
2025-10-09 13:30:00,123461.85,123461.86,122576.26,122756.0,334.24952,122756.0,122455.87149999998,122159.4776,122910.38190207169,122566.70763541841,343.67426665328094,261.7828883147478,62.63943744472973,0.0023295560201897995,122455.87149999998,123893.22078299183,121018.52221700813
2025-10-09 13:45:00,122755.99,123083.85,122277.76,122415.74,483.71322,122415.74,122513.57749999998,122157.28279999999,122834.28314790672,122555.52481344069,278.7583344660379,265.17797754500583,59.115829359467426,0.002436796339550996,122513.57749999998,123837.22046422902,121189.93453577095
2025-10-09 14:00:00,122415.74,122608.0,121774.36,122448.49,689.57951,122448.49,122556.2585,122159.4642,122774.93035592102,122547.59628631035,227.33406961067521,257.6091959581397,53.33925454044306,0.0023774962086678245,122556.2585,123808.28215594408,121304.23484405591
2025-10-09 14:15:00,122448.49,122515.36,121536.18,121690.27,547.24776,121690.27,122555.77899999998,122142.305,122608.05953193305,122484.09046911354,123.96906281950942,230.88116933041363,43.944226324448174,0.0027860563065373054,122555.77899999998,123809.1902157067,121302.36778429327
2025-10-09 14:30:00,121690.27,121822.56,121259.0,121270.44,510.99235,121270.44,122535.69649999999,122122.3736,122402.27191163551,122394.19021630741,8.081695328102796,186.32127452995147,38.66386466811419,0.0028910918605410843,122535.69649999999,123859.61114341306,121211.78185658692
2025-10-09 14:45:00,121270.44,121463.63,120736.96,121315.0,865.62257,121315.0,122510.79449999999,122108.77720000001,122234.99930984536,122314.25002074907,-79.25071090371057,133.20687744321907,32.56290131100248,0.0028774654113046124,122510.79449999999,123908.61443836996,121112.97456163002
2025-10-09 15:00:00,121315.01,121734.27,121300.0,121346.25,294.94252,121346.25,122484.75750000002,122102.1132,122098.26864679216,122242.54616639932,-144.27751960715977,77.70999803314328,30.561572676894627,0.0028755811556424185,122484.75750000002,123950.80473887251,121018.71026112753
2025-10-09 15:15:00,121346.26,121417.23,121020.83,121045.29,241.91418,121045.29,122450.20449999999,122090.6628,121936.27193190099,122153.86035368154,-217.58842178054329,18.65031407040595,28.938014327745876,0.0029147669625964713,122450.20449999999,124019.46336682027,120880.94563317971
2025-10-09 15:30:00,121045.29,121060.66,120772.14,120790.0,319.75012,120790.0,122378.18299999999,122070.0918,121759.92240391616,122052.83348070079,-292.9110767846287,-43.661964100601,22.3403856862126,0.002753317743913013,122378.18299999999,124113.35839410264,120643.00760589734
2025-10-09 15:45:00,120790.0,121280.0,120673.99,121147.14,379.56761,121147.14,122327.02649999999,122053.65379999999,121665.64818792904,121985.74496397428,-320.0967760452477,-98.94892648953035,28.5862224947017,0.0028654192936652086,122327.02649999999,124146.30103047442,120507.75196952556
2025-10-09 16:00:00,121147.15,121401.88,121140.54,121246.07,203.25869,121246.07,122276.9895,122040.62019999999,121601.09769747841,121930.95414215414,-329.85644467572274,-145.13043012676886,20.609977741020245,0.0028693739166422262,122276.9895,124159.50279050996,120394.47620949004
2025-10-09 16:15:00,121246.07,121481.9,121056.68,121250.0,334.12566,121250.0,122205.44100000002,122024.86,121547.08266709711,121880.51302319879,-333.43035610167135,-182.79041532174938,20.393359373000365,0.002717748547959123,122205.44100000002,124131.57379337704,120279.308206623
2025-10-09 16:30:00,121250.0,121308.98,120590.0,120815.97,483.72641,120815.97,122104.98400000001,122002.8716,121434.603795236,121801.65788110794,-367.05408587193233,-219.64314943178601,19.86293344369139,0.0027634520802276475,122104.98400000001,124103.25949954988,120106.70850045014
2025-10-09 16:45:00,120815.97,120877.14,119707.29,119819.77,1810.31782,119819.77,121959.094,121954.5416,121186.16782673812,121654.85119326458,-468.68336652645667,-269.45119285072013,11.89652683184039,0.0032230849863370144,121959.094,124176.89797567078,119741.29002432921
2025-10-09 17:00:00,119819.76,120369.0,119651.47,120261.36,656.86097,120261.36,121821.89050000001,121919.189,121043.88969954762,121551.62950742399,-507.7398078763654,-317.1089158558492,22.373497765197257,0.0033220427660716756,121821.89050000001,124105.68210518069,119538.09889481933
2025-10-09 17:15:00,120261.37,120520.85,120128.23,120259.08,376.86712,120259.08,121684.229,121881.4766,120923.14974577105,121455.88499986613,-532.7352540950815,-360.2341835036957,24.183856201639387,0.00332068686734276,121684.229,123997.61607056763,119370.84192943238
2025-10-09 17:30:00,120259.08,120609.66,120246.67,120461.87,302.28638,120461.87,121529.883,121852.3942,120852.18363103704,121382.25418821287,-530.0705571758299,-394.2014582381226,27.149528410397778,0.0031368322885815775,121529.883,123728.54186416528,119331.22413583472
2025-10-09 17:45:00,120461.86,121046.15,120417.96,120974.0,335.3835,120974.0,121400.41400000002,121831.6694,120870.9246108775,121352.01311026311,-481.08849938561616,-411.5788664676214,41.26693831369128,0.0033605594719134887,121400.41400000002,123389.89318210188,119410.93481789816
2025-10-09 18:00:00,120971.22,121100.0,120678.77,120762.6,286.58316,120762.6,121276.86000000002,121807.83559999999,120854.25928612711,121308.35284381847,-454.09355769136164,-420.08180471236955,43.476652416968115,0.0033435299431393557,121276.86000000002,123085.68403668934,119468.03596331069
2025-10-09 18:15:00,120762.6,120917.99,120557.95,120696.9,275.38907,120696.9,121138.61200000001,121779.7552,120830.05016518448,121263.06000594028,-433.0098407557962,-422.6674119210549,42.10321901462065,0.003278001878839366,121138.61200000001,122640.97079736667,119636.25320263335
2025-10-09 18:30:00,120696.9,120702.32,120396.0,120595.63,228.21302,120595.63,121030.5935,121752.75660000001,120793.98552438687,121213.62071123833,-419.6351868514612,-422.06096690713616,40.578716952335064,0.003094825256751163,121030.5935,122341.81349230556,119719.37350769444
2025-10-09 18:45:00,120595.63,120717.96,120496.09,120649.32,166.12479,120649.32,120942.2725,121723.815,120771.7292898658,121171.820631152,-400.09134128619917,-417.66704178294884,44.70114041168315,0.0030750161460924076,120942.2725,122088.19355437397,119796.35144562605
2025-10-09 19:00:00,120649.33,120953.54,120649.32,120939.58,172.0614,120939.58,120866.827,121700.3626,120797.55247604029,121154.61761099497,-357.06513495468243,-405.54666041729564,51.983114754967765,0.003147547924273711,120866.827,121767.68824539601,119965.965754604
2025-10-09 19:15:00,120939.58,121107.88,120826.53,121099.99,185.44852,121099.99,120837.31300000001,121683.216,120844.08132588024,121150.5711190174,-306.489793137167,-385.73528696126994,49.34048749374065,0.0028843758176131246,120837.31300000001,121659.85748068086,120014.76851931916
2025-10-09 19:30:00,121100.0,121108.12,120810.34,120846.0,185.47838,120846.0,120816.09100000001,121660.56199999999,120844.37650651403,121128.01028364591,-283.63377713187947,-365.31498499539185,44.636656862403264,0.002820272346810705,120816.09100000001,121613.08816145279,120019.09383854724
2025-10-09 19:45:00,120846.0,121055.72,120838.76,120951.72,171.9348,120951.72,120797.927,121642.06860000001,120860.89089012727,121114.95173782435,-254.06084769708104,-343.06415753572975,46.10748905117109,0.0028276479832340757,120797.927,121562.9667547865,120032.8872452135
2025-10-09 20:00:00,120951.72,121146.0,120854.0,120854.0,220.15408,120854.0,120773.31450000001,121624.4068,120859.83075318462,121095.6219708429,-235.79121765827585,-321.609569560239,50.54403959772827,0.0028296780045410385,120773.31450000001,121494.49456238211,120052.1344376179
2025-10-09 20:15:00,120854.0,120966.0,120838.0,120870.23,128.42942,120870.23,120764.56150000003,121603.68939999999,120861.43063731007,121078.92626240186,-217.4956250917894,-300.7867806665491,70.88240205472361,0.0027786987599902275,120764.56150000003,121476.02668687669,120053.09631312336
2025-10-09 20:30:00,120870.23,121000.0,120870.23,121000.0,88.28105,121000.0,120775.06150000003,121589.0052,120882.74900080083,121073.07987035804,-190.330869557205,-278.6955984446803,66.76167308111246,0.0027466488934261,120775.06150000003,121494.26384363137,120055.85915636868
2025-10-09 20:45:00,121000.0,121199.97,120913.18,121109.09,306.80641,121109.09,120773.15900000001,121587.587,120917.5706929853,121075.74728831329,-158.1765953279828,-254.59179782134078,68.39713094707307,0.002671180011772036,120773.15900000001,121488.40754585889,120057.91045414114
2025-10-09 21:00:00,121109.08,121389.24,121065.77,121370.75,127.07952,121370.75,120779.39300000001,121588.39959999999,120987.29058637218,121097.59934819693,-110.30876182475185,-225.73519062202303,69.18245365211229,0.0027097550244578783,120779.39300000001,121513.9104177173,120044.87558228272
2025-10-09 21:15:00,121370.76,121490.0,121301.22,121333.76,80.72766,121333.76,120783.581,121589.84240000001,121040.59357308416,121115.09273512378,-74.49916203961766,-195.48798490554196,59.497861555520174,0.0027109508522208453,120783.581,121530.25097723266,120036.91102276735
2025-10-09 21:30:00,121333.76,121512.7,121251.69,121444.82,124.40052,121444.82,120815.02350000001,121586.84139999999,121102.78225414813,121139.51698383344,-36.73472968531132,-163.73733386149584,69.01859987956887,0.0025783289079356515,120815.02350000001,121618.25599730508,120011.79100269494
2025-10-09 21:45:00,121444.82,121493.75,121324.67,121461.02,104.01536,121461.02,120897.08600000001,121582.06460000001,121157.89575350996,121163.33202826772,-5.4362747577542905,-132.07712204074753,71.90635643269167,0.001629041587489383,120897.08600000001,121601.46530617237,120192.70669382765
2025-10-09 22:00:00,121461.03,121528.46,121411.55,121477.15,72.62193,121477.15,120957.87550000001,121578.1658,121207.01179143152,121186.57780955484,20.433981876674807,-101.57490125726305,76.56909314493716,0.0014702243018721675,120957.87550000001,121640.76917499342,120274.9818250066
2025-10-09 22:15:00,121477.15,121599.0,121465.02,121544.05,142.39635,121544.05,121022.124,121572.78600000002,121258.86382351899,121213.05723697922,45.8065865397657,-72.0986036978573,76.75419973327391,0.0014650668282185514,121022.124,121669.03746732467,120375.21053267532
2025-10-09 22:30:00,121544.04,121680.0,121478.25,121673.76,106.14603,121673.76,121082.7185,121568.9214,121322.69400451607,121247.18337462575,75.51062989032653,-42.57675698022053,74.28518503817148,0.0014458218475288357,121082.7185,121735.67484993207,120429.76215006794
2025-10-09 22:45:00,121673.77,121768.01,121653.09,121686.19,146.81936,121686.19,121118.32800000001,121567.91819999999,121378.61646535975,121279.7023901352,98.91407522455847,-14.278590539264723,71.49457318861793,0.0011460606457808543,121118.32800000001,121822.02790390926,120414.62809609076
2025-10-09 23:00:00,121686.19,121686.19,121436.47,121460.13,153.3544,121460.13,121153.20449999999,121552.51220000001,121391.15700915056,121293.06740064126,98.08960850929725,8.19504927044768,72.98958575097137,0.0011566139133655042,121153.20449999999,121851.7937818341,120454.61521816588
2025-10-09 23:15:00,121460.13,121536.0,121341.22,121506.9,135.64553,121506.9,121193.70449999999,121539.2448,121408.96362312739,121308.90685504407,100.05676808331918,26.567393033021986,71.74243373644936,0.0011399473527237821,121193.70449999999,121874.60326939762,120512.80573060237
2025-10-09 23:30:00,121506.9,121525.64,121426.07,121525.63,60.28918,121525.63,121240.20449999999,121524.82119999999,121426.91229649242,121324.96042377561,101.95187271680334,41.644288969778266,78.03762116670697,0.0011072707258314508,121240.20449999999,121874.56224686634,120605.84675313365
2025-10-09 23:45:00,121525.63,121900.0,121504.26,121662.4,362.30423,121662.4,121290.8585,121504.4498,121463.14117395513,121349.95595145592,113.18522249920352,55.95247567566332,80.04581762461392,0.0011196036891715476,121290.8585,121887.2042688031,120694.5127311969
2025-10-10 00:00:00,121662.41,121754.34,121595.75,121646.98,94.09338,121646.98,121326.22850000001,121480.88719999998,121491.42407026971,121371.95773569483,119.46633457488497,68.65524745550765,76.86972556316022,0.0010220027694039045,121326.22850000001,121918.75023152324,120733.70676847678
2025-10-10 00:15:00,121646.99,121863.74,121646.99,121863.74,80.41182,121863.74,121364.416,121463.4106,121548.70344407436,121408.38605596189,140.3173881124676,82.98767558689964,78.76851760077471,0.0010509298949642964,121364.416,121992.89931413259,120735.9326858674
2025-10-10 00:30:00,121863.74,121863.74,121702.06,121702.07,48.88791,121702.07,121407.2195,121437.3434,121572.29829883215,121430.14042461582,142.15787421632558,94.82171531278485,63.67282931660637,0.0009687368198533772,121407.2195,122002.78572223948,120811.65327776053
2025-10-10 00:45:00,121702.07,121789.7,121611.59,121745.27,69.51048,121745.27,121446.89700000003,121412.00259999999,121598.90932978105,121453.48335853896,145.42597124208987,104.94256649864586,66.89549272875121,0.0009609542257179293,121446.89700000003,122020.00176860143,120873.79223139862
2025-10-10 01:00:00,121745.26,121874.13,121731.35,121799.99,68.8118,121799.99,121494.1965,121377.0266,121629.84481750704,121479.1505196226,150.69429788443085,114.09291277580286,65.28967601401682,0.000923151022240971,121494.1965,122015.03308818341,120973.3599118166
2025-10-10 01:15:00,121799.99,121811.71,121639.89,121811.7,110.73447,121811.7,121541.27000000002,121341.993,121657.82253789056,121503.78381664865,154.03872124191548,122.08207446902539,65.15497242821823,0.0009237471932649009,121541.27000000002,121989.8213668643,121092.71863313574
2025-10-10 01:30:00,121811.71,121811.95,121489.06,121565.47,94.60162,121565.47,121569.5435,121308.62879999999,121643.61445513817,121508.35316393855,135.2612911996257,124.71791781514546,53.183666407128925,0.0010531071926094934,121569.5435,121938.70091114203,121200.38608885797
2025-10-10 01:45:00,121565.47,121712.99,121539.82,121623.97,79.13569,121623.97,121595.2875,121271.871,121640.59223127077,121516.91737466794,123.67485660282546,124.50930557268148,52.89842458003306,0.001043224287486994,121595.2875,121894.41128003807,121296.16371996194
2025-10-10 02:00:00,121623.96,121651.33,121227.23,121272.5,239.17874,121272.5,121590.375,121242.201,121583.96265722912,121498.81238267796,85.15027455115342,116.63749936837588,37.464072380095544,0.0011524301342685245,121590.375,121907.69882533677,121273.05117466323
2025-10-10 02:15:00,121272.5,121401.21,121242.01,121349.64,86.81548,121349.64,121591.16900000002,121220.879,121547.91301765542,121487.76257583381,60.150441821606364,105.34008785902198,39.894303816472785,0.0011602240399159,121591.16900000002,121905.85779242843,121276.48020757161
2025-10-10 02:30:00,121349.65,121367.04,121066.55,121220.95,204.31662,121220.95,121579.97549999999,121196.3282,121497.61101493919,121467.99868013541,29.61233480377996,90.19453724797359,42.37201648190403,0.001162942858636756,121579.97549999999,121930.47172287782,121229.47927712215
2025-10-10 02:45:00,121220.96,121277.2,120900.0,121059.73,281.94034,121059.73,121559.911,121183.71740000001,121430.24470494853,121437.75655399181,-7.511849043279653,70.65325998972294,36.70901125292025,0.0011936702851752636,121559.911,121978.42450900165,121141.39749099834
2025-10-10 03:00:00,121059.73,121108.22,120909.15,121092.03,133.96251,121092.03,121540.655,121180.1492,121378.211673418,121412.14717829764,-33.935504879642394,49.73550701584987,37.21547352282083,0.0011958028275458005,121540.655,122007.8136619014,121073.4963380986
2025-10-10 03:15:00,121092.03,121454.0,121092.02,121438.91,214.55705,121438.91,121535.398,121182.6274,121387.54987750754,121414.12960962977,-26.579732122234418,34.47245918823301,44.13692147058386,0.0013675834032370075,121535.398,122004.7569292283,121066.0390707717
2025-10-10 03:30:00,121438.91,121524.52,121430.75,121502.21,102.46779,121502.21,121526.82049999999,121185.7466,121405.18989635253,121420.65408327982,-15.46418692728912,24.485129965128582,46.2951494275232,0.001349601174680522,121526.82049999999,121991.78241157987,121061.8585884201
2025-10-10 03:45:00,121502.21,121575.99,121026.0,121026.01,185.25575,121026.01,121493.8115,121185.36099999999,121346.85452768291,121391.42118702194,-44.56665933903423,10.674772104296018,31.07449293566401,0.0015991491708007366,121493.8115,122002.78800427727,120984.83499572272
2025-10-10 04:00:00,121026.0,121388.58,121018.33,121370.48,145.52054,121370.48,121489.329,121196.97059999999,121350.4892157317,121389.86998792432,-39.380772192627774,0.663663244911257,43.08042887609902,0.0016964215815297265,121489.329,122001.1257315212,120977.5322684788
2025-10-10 04:15:00,121370.48,121370.48,121174.31,121288.07,93.36011,121288.07,121478.3875,121199.7892,121340.88625946527,121382.32924781268,-41.44298834740766,-7.75766707355253,40.612834874591485,0.0016992191826429145,121478.3875,121997.90095962504,120958.87404037495
2025-10-10 04:30:00,121288.07,121357.98,121066.65,121152.69,130.94474,121152.69,121459.7405,121197.9216,121311.93298877831,121365.31893260553,-53.38594382721931,-16.883322424285886,37.135816208911315,0.0017133454430346658,121459.7405,121998.52869400478,120920.95230599522
2025-10-10 04:45:00,121152.68,121281.03,121125.28,121234.51,110.34839,121234.51,121438.34599999999,121197.6118,121300.0217597355,121355.62938174976,-55.60762201427133,-24.628182342282976,38.84014369627341,0.001698571717323871,121438.34599999999,121977.23253684775,120899.45946315223
2025-10-10 05:00:00,121234.52,121234.52,120986.08,121104.32,151.15817,121104.32,121411.21299999999,121203.3788,121269.91379669926,121337.01387147041,-67.10007477115141,-33.12256082805667,40.66486637489537,0.0017103244238565077,121411.21299999999,121960.416260622,120862.00973937797
2025-10-10 05:15:00,121104.33,121500.0,121086.45,121370.87,113.98273,121370.87,121386.56950000001,121234.40079999999,121285.44552028399,121339.52173290786,-54.07621262386965,-37.31329118721927,45.274493842465574,0.001738506469240551,121386.56950000001,121892.82840653007,120880.31059346996
2025-10-10 05:30:00,121370.88,121438.91,121204.43,121437.69,128.95722,121437.69,121373.35049999999,121257.9274,121308.86774793261,121346.79345657035,-37.925708637732896,-37.435774677321994,53.450991697898836,0.0017251681239059484,121373.35049999999,121858.27996484264,120888.42103515733
2025-10-10 05:45:00,121437.68,121604.49,121437.68,121583.89,109.1976,121583.89,121365.2815,121284.4236,121351.17886363529,121364.35616388058,-13.177300245297374,-32.58407979091707,54.75648038725975,0.001747441270708236,121365.2815,121829.06329403108,120901.49970596892
2025-10-10 06:00:00,121583.89,121754.34,121550.91,121575.42,136.11027,121575.42,121354.053,121306.6946,121385.67749999909,121379.99052243274,5.6869775663508335,-24.929868319463488,57.56699868927215,0.0017432498434644754,121354.053,121783.09342239195,120925.01257760805
2025-10-10 06:15:00,121575.43,121679.98,121512.18,121526.88,97.50727,121526.88,121339.81199999999,121317.7522,121407.4009615377,121390.87122468164,16.529736856056843,-16.63794728435942,60.47642328203729,0.0017439728419090142,121339.81199999999,121721.14809237981,120958.47590762017
2025-10-10 06:30:00,121526.88,121747.58,121469.43,121662.17,337.41755,121662.17,121344.647,121335.74360000002,121446.5961982242,121410.9674306146,35.62876760959625,-6.184604305568282,62.22154579596329,0.0017040826855378825,121344.647,121740.21650965989,120949.0774903401
2025-10-10 06:45:00,121662.17,121741.63,121265.26,121378.18,116.83068,121378.18,121332.3575,121349.3692,121436.07062926664,121408.53873201096,27.53189725568518,0.5586960066824121,48.66211673268306,0.001780397786264233,121332.3575,121706.0559044794,120958.65909552059
2025-10-10 07:00:00,121378.19,121378.19,121204.25,121280.1,81.15766,121280.1,121332.7375,121363.05859999999,121412.075147841,121399.02475171839,13.050396122605889,3.0570360298671084,45.18076210396577,0.001665858636668655,121332.7375,121706.19500161224,120959.27999838776
2025-10-10 07:15:00,121280.1,121388.61,121216.62,121313.56,142.03854,121313.56,121330.9335,121376.3434,121396.91897125007,121392.69402928039,4.224941969674546,3.2906172178285966,57.72290470384151,0.001660609308235607,121330.9335,121704.39579143957,120957.47120856043
2025-10-10 07:30:00,121313.56,121345.43,121096.36,121119.39,316.75865,121119.39,121325.85549999999,121379.93959999998,121354.22220644235,121372.44928610872,-18.22707966636517,-1.012922159010158,42.66406446297394,0.0016827730547690563,121325.85549999999,121708.26901421139,120943.4419857886
2025-10-10 07:45:00,121119.38,121129.38,120855.41,120932.05,355.25967,120932.05,121319.47150000001,121376.5808,121289.27263622047,121339.82711637641,-50.554480155944475,-10.921233758397024,40.19930628200146,0.0016921868048337659,121319.47150000001,121724.20281731003,120914.74018269
2025-10-10 08:00:00,120932.05,121188.0,120916.44,121159.38,160.19676,121159.38,121322.83899999999,121382.84840000002,121269.28915372501,121326.46066316319,-57.17150943817978,-20.17128889435358,50.17529149744538,0.001745741830149386,121322.83899999999,121720.66418974508,120925.01381025491
2025-10-10 08:15:00,121159.38,121316.03,121159.37,121279.89,64.03158,121279.89,121314.888,121389.4118,121270.92005315193,121323.01098437491,-52.090931222977815,-26.55521736007843,51.165418554244255,0.0016322831716333512,121314.888,121709.28719908097,120920.48880091905
2025-10-10 08:30:00,121279.89,121344.9,121218.66,121278.68,84.83918,121278.68,121303.7115,121397.90539999999,121272.11389112857,121319.72720772329,-47.61331659472489,-30.76683720700773,54.79548504917571,0.001626566394800926,121303.7115,121688.30675235995,120919.11624764006
2025-10-10 08:45:00,121278.68,121660.43,121278.68,121631.54,124.04548,121631.54,121333.98799999998,121413.13160000001,121327.41021557033,121342.82445179908,-15.414236228752998,-27.696317011356783,56.84435505469292,0.0014917627935708733,121333.98799999998,121721.85917691034,120946.11682308963
2025-10-10 09:00:00,121631.54,121660.43,121507.68,121515.8,119.19523,121515.8,121341.254,121423.4476,121356.39325932875,121355.63745547403,0.7558038547140313,-22.005892838142618,51.9995494549942,0.0013816205123019722,121341.254,121737.36065206009,120945.14734793991
2025-10-10 09:15:00,121515.8,121777.07,121480.67,121754.33,102.0138,121754.33,121364.56700000001,121436.3524,121417.61429635508,121385.17023677305,32.44405958203424,-11.115902354107243,54.16617779342186,0.0014325327861715636,121364.56700000001,121800.3870023476,120928.74699765242
2025-10-10 09:30:00,121754.33,121764.38,121655.28,121694.25,78.84703,121694.25,121391.64500000002,121442.8224,121460.17363537739,121408.0650342092,52.108601168190944,1.5289983503523976,52.833157696470984,0.0014091602199327164,121391.64500000002,121839.1751246667,120944.11487533334
2025-10-10 09:45:00,121694.25,121738.87,121276.56,121314.73,173.29412,121314.73,121395.656,121442.4418,121437.79769147318,121401.15132792671,36.646363546475186,8.552471389576958,45.63137584376303,0.001589082742687523,121395.656,121838.67150546225,120952.64049453776
2025-10-10 10:00:00,121314.73,121406.55,121312.31,121339.42,53.11504,121339.42,121407.41100000001,121440.33380000001,121422.66266201578,121396.57863694176,26.08402507401479,12.058782126464525,43.0367075007227,0.0015677266948616723,121407.41100000001,121829.87749899692,120984.94450100309
2025-10-10 10:15:00,121339.42,121480.02,121320.31,121334.0,43.90519,121334.0,121405.5675,121437.7934,121409.02225247488,121391.94318232776,17.079070147126913,13.062839730597004,48.916593916446935,0.0014875595029309886,121405.5675,121829.02598950229,120982.10901049772
2025-10-10 10:30:00,121334.0,121399.55,121228.83,121319.01,96.9647,121319.01,121399.6335,121434.6306,121395.17421363259,121386.54072434978,8.6334892828163,12.176969641040865,50.99470818314259,0.0014817168868468341,121399.6335,121824.52042917054,120974.74657082945
2025-10-10 10:45:00,121319.01,121543.59,121289.02,121496.33,95.72131,121496.33,121395.2555,121433.67619999999,121410.7366423045,121394.67326332555,16.06337897895719,12.954251508624132,54.352267694110225,0.0014942421265033232,121395.2555,121813.9071463965,120976.6038536035
2025-10-10 11:00:00,121496.34,121661.62,121496.33,121534.0,110.49782,121534.0,121393.1845,121430.881,121429.70023579612,121404.99376238394,24.706473412181367,15.304695889335582,60.66817276568151,0.0014961890124863047,121393.1845,121808.47988334841,120977.8891166516
2025-10-10 11:15:00,121534.01,121570.0,121424.5,121449.81,66.21768,121449.81,121389.331,121426.1534,121432.79404567363,121408.31348370237,24.480561971256975,17.139869105719864,64.069106442181,0.0015015751813101234,121389.331,121800.8157786607,120977.8462213393
2025-10-10 11:30:00,121449.82,121571.9,121449.81,121530.57,85.03293,121530.57,121382.751,121427.56219999999,121447.83650018538,121417.36952198086,30.46697820452391,19.805290925480676,60.95932069277049,0.001486875165985821,121382.751,121779.82187840833,120985.68012159168
2025-10-10 11:45:00,121530.56,121637.98,121458.02,121554.55,95.91909,121554.55,121391.56950000001,121428.5152,121464.25396169533,121427.53103890672,36.72292278861278,23.1888172981071,58.59946398156497,0.001386847663065975,121391.56950000001,121795.9790827109,120987.15991728913
2025-10-10 12:00:00,121554.55,121682.42,121462.85,121477.75,100.77055,121477.75,121401.452,121427.5576,121466.33027528066,121431.25096196271,35.079313317954075,25.5669165020765,55.95109264297046,0.0013815010384136156,121401.452,121804.04808289462,120998.8559171054
2025-10-10 12:15:00,121477.75,121568.93,121452.73,121544.4,43.49502,121544.4,121412.99399999999,121425.1976,121478.34100216057,121439.63237221281,38.70862994775234,28.195259191211676,46.857192319344506,0.0013848548497345122,121412.99399999999,121818.2078876614,121007.78011233859
2025-10-10 12:30:00,121544.4,121584.77,121420.0,121475.74,82.8973,121475.74,121430.8115,121421.7728,121477.94084798203,121442.30701131558,35.63383666644222,29.682974686257783,48.50439795110743,0.0013366007994140949,121430.8115,121812.31169263428,121049.31130736572
2025-10-10 12:45:00,121475.74,121612.09,121475.74,121597.21,61.16498,121597.21,121464.06950000001,121416.4422,121496.28994829248,121453.7813068032,42.508641489286674,32.248108046863564,43.572246768123314,0.0012870653642614235,121464.06950000001,121771.22278636576,121156.91621363426
2025-10-10 13:00:00,121597.22,121927.81,121597.21,121813.29,188.36507,121813.29,121496.76499999998,121418.6666,121545.05918701671,121480.41158043672,64.64760657999432,38.72800775348972,54.31867653461014,0.0012805079157980981,121496.76499999998,121806.5592519599,121186.97074804007
2025-10-10 13:15:00,121813.29,122060.99,121696.05,121975.32,290.75692,121975.32,121531.5365,121423.26759999999,121611.25315824493,121517.07146344814,94.18169479678909,49.8187451621496,78.45628968476223,0.0012926418076182366,121531.5365,121890.97121737403,121172.10178262598
2025-10-10 13:30:00,121975.31,122550.0,121791.75,122259.02,523.41958,122259.02,121580.55350000001,121432.4482,121710.90959543803,121572.03061441601,138.8789810220187,67.63079233412343,82.38666779364962,0.0013677655045505241,121580.55350000001,122046.42241281504,121114.68458718498
2025-10-10 13:45:00,122259.01,122308.01,121384.6,121684.2,450.2285,121684.2,121583.1865,121429.8982,121706.8004269091,121580.3394578083,126.46096910080814,79.39682768746037,58.80288770913759,0.001661185226818258,121583.1865,122050.86049321263,121115.51250678736
2025-10-10 14:00:00,121684.18,122069.76,121470.49,121678.21,296.04502,121678.21,121591.30699999999,121432.153,121702.40189969231,121587.58912761297,114.81277207934181,86.48001656583666,59.07015736420046,0.0016455043276112874,121591.30699999999,122059.6938741521,121122.92012584787
2025-10-10 14:15:00,121678.2,121704.66,121148.5,121215.01,329.3336,121215.01,121564.34099999999,121423.9738,121627.41853050888,121559.990673671,67.42785683787952,82.66958462024525,43.79258605472182,0.0017948066330640711,121564.34099999999,122054.7896418695,121073.89235813047
2025-10-10 14:30:00,121215.01,121453.68,121182.13,121348.69,186.55866,121348.69,121547.063,121425.49760000002,121584.5372181229,121544.33877189411,40.19844622879464,74.17535694195513,46.0772816372497,0.001817376835375467,121547.063,122042.56334336815,121051.56265663184
2025-10-10 14:45:00,121348.69,121407.45,120479.2,120493.17,523.8676,120493.17,121505.98499999999,121408.3682,121416.63456918093,121466.47441831233,-49.839849131400115,49.372315727284075,34.734500564892485,0.0023039319811009725,121505.98499999999,122184.86745547953,120827.10254452044
2025-10-10 15:00:00,120493.16,120626.55,119931.0,120424.29,1030.93837,120424.29,121460.2285,121392.435,121263.96617392234,121389.27557241212,-125.30939848978596,14.435972883870061,32.27944615660603,0.0023008755322418955,121460.2285,122292.42706216816,120628.02993783183
2025-10-10 15:15:00,120424.29,120497.96,119250.0,119252.86,1328.20267,119252.86,121356.17149999998,121356.29759999999,120954.56522408813,121231.02256685981,-276.4573427716823,-43.74269024724043,23.041244720549273,0.003105522967942718,121356.17149999998,122648.22156406625,120064.12143593372
2025-10-10 15:30:00,119252.86,119576.25,118500.0,119570.69,1723.7442,119570.69,121268.75550000001,121325.8708,120741.6613434592,121108.03496917902,-366.37362571981794,-108.26887734175597,28.857146658270437,0.0032014573415737957,121268.75550000001,122787.99011109756,119749.52088890247
2025-10-10 15:45:00,119570.7,119600.0,118860.6,119018.98,607.80449,119018.98,121144.888,121277.47219999999,120476.63344446548,120953.29015648925,-476.65671202377416,-181.94644427815962,24.72052052052061,0.003270991823843374,121144.888,122960.96747096685,119328.80852903317
2025-10-10 16:00:00,119018.99,119243.69,118666.22,118942.59,494.38777,118942.59,121015.3175,121226.27979999999,120240.62676070156,120804.34940401593,-563.722643314366,-258.30168408540095,24.682323451395575,0.0032574499067350897,121015.3175,123068.76774703476,118961.86725296525
2025-10-10 16:15:00,118942.6,119248.84,118576.0,119068.86,433.58328,119068.86,120896.26999999999,121187.1368,120060.35495136285,120675.79463323556,-615.4396818727109,-329.729283642863,24.75451969334192,0.0032916418233773486,120896.26999999999,123113.21868670755,118679.32131329243
2025-10-10 16:30:00,119068.87,119456.28,118828.98,118882.69,362.35795,118882.69,120763.876,121137.38100000001,119879.17572807625,120542.97206770306,-663.7963396268024,-396.5426948396509,20.562236570891628,0.0032705250735211595,120763.876,123132.40636953866,118395.34563046135
2025-10-10 16:45:00,118882.69,118897.27,118205.6,118205.61,784.11386,118205.61,120596.429,121075.7318,119621.70407760299,120369.83413663217,-748.1300590291794,-466.8601676775566,15.684175455652834,0.0034103470360221707,120596.429,123192.21449618932,118000.64350381069
2025-10-10 17:00:00,118205.61,118427.51,117659.92,117906.5,1035.5607,117906.5,120417.8665,121010.80799999999,119357.82652720253,120187.3649411993,-829.5384139967646,-539.3958169413983,10.489680614660827,0.003414543109073707,120417.8665,123239.85855927682,117595.87444072319
2025-10-10 17:15:00,117906.5,118256.19,117735.55,118150.75,399.87181,118150.75,120248.18400000001,120949.13279999999,119172.12244609445,120036.50457508747,-864.3821289930202,-604.3930793517227,15.876936983221839,0.0034786660443525443,120248.18400000001,123190.51328134288,117305.85471865714
2025-10-10 17:30:00,118150.74,118190.3,117786.72,117846.11,296.81016,117846.11,120066.70250000001,120883.9686,118968.12053131068,119874.25312498433,-906.1325936736539,-664.7409822161089,15.011066148542199,0.0034820813968641723,120066.70250000001,123135.27109037671,116998.13390962331
2025-10-10 17:45:00,117846.11,117926.0,117579.79,117623.8,465.69252,117623.8,119868.03199999998,120809.02720000001,118761.30198803212,119707.55289341205,-946.2509053799295,-721.0429668488731,15.701768963205538,0.0034320413451455413,119868.03199999998,123032.3880161775,116703.67598382245
2025-10-10 18:00:00,117623.8,117800.75,117515.0,117653.19,437.24279,117653.19,119660.027,120733.33720000001,118590.82322064259,119555.3778641927,-964.5546435501165,-769.7453021891218,13.988360897918213,0.003368078096823842,119660.027,122832.89329619322,116487.16070380679
2025-10-10 18:15:00,117653.2,117851.5,117527.34,117612.26,337.99507,117612.26,119441.874,120653.90460000001,118440.27503285142,119411.44320751778,-971.1681746663526,-810.0298766845681,16.62824721584478,0.0033081900596331946,119441.874,122543.64211771927,116340.10588228072
2025-10-10 18:30:00,117612.26,117699.4,117414.45,117462.63,368.19624,117462.63,119202.0545,120571.64880000001,118289.86810472043,119267.08667356438,-977.2185688439495,-843.4676151164444,16.322882600963467,0.00316596222354266,119202.0545,122123.13624955741,116280.97275044258
2025-10-10 18:45:00,117462.62,117643.06,117237.0,117237.7,305.3191,117237.7,118979.72950000002,120485.8652,118127.9960886096,119116.76173472089,-988.7656461112929,-872.5272213154143,20.800199383302882,0.0031011989790500545,118979.72950000002,121779.71023290693,116179.7487670931
2025-10-10 19:00:00,117237.7,117341.92,116720.8,116827.4,709.8661,116827.4,118737.18899999998,120389.16979999999,117927.90438266967,118947.17938393715,-1019.2750012674805,-901.8767773058275,11.286976695614925,0.0030914185395778397,118737.18899999998,121389.44503598426,116084.93296401571
2025-10-10 19:15:00,116827.4,116937.21,115952.47,116040.38,1034.66522,116040.38,118478.45749999999,120282.41380000001,117637.51601610512,118731.86091097807,-1094.3448948729492,-940.3704008192518,10.584053652055715,0.0032457360033584263,118478.45749999999,121122.53875420833,115834.37624579165
2025-10-10 19:30:00,116040.38,116990.0,116000.0,116923.96,616.31996,116923.96,118257.22099999999,120195.29100000001,117527.73816747355,118597.94232493658,-1070.2041574630275,-966.337152148007,27.989515026354297,0.0038601642797724384,118257.22099999999,120615.06805853586,115899.37394146412
2025-10-10 19:45:00,116923.96,117104.42,116574.59,116661.5,372.56174,116661.5,118065.6375,120102.2498,117394.470757093,118454.50215267632,-1060.0313955833117,-985.076000835068,24.508026600025417,0.003663916287635482,118065.6375,120276.620891552,115854.654108448
2025-10-10 20:00:00,116661.5,116899.43,116573.38,116780.01,276.25773,116780.01,117883.4235,120015.46220000001,117299.93833292485,118330.46569688829,-1030.5273639634397,-994.1662734607423,27.410649443291263,0.003704523088524309,117883.4235,119864.68750463224,115902.15949536777
2025-10-10 20:15:00,116780.01,117165.32,116684.75,117065.91,171.22053,117065.91,117774.076,119938.13940000001,117263.93397401333,118236.79490450225,-972.8609304889251,-989.905204866379,36.63252763338156,0.0032600484480678686,117774.076,119676.95570116589,115871.19629883411
2025-10-10 20:30:00,117065.91,117214.64,116791.12,117034.61,267.93451,117034.61,117647.272,119855.64399999999,117228.65336262668,118147.74417081437,-919.0908081876987,-975.742325530643,39.08814437505479,0.0031545538125750247,117647.272,119376.09399066045,115918.45000933955
2025-10-10 20:45:00,117034.61,117098.11,113039.0,114266.82,3739.14759,114266.82,117409.66399999999,119715.3826,116772.98669145333,117860.26830624664,-1087.2816147933045,-998.0501833831753,20.209275176454227,0.005930966171554868,117409.66399999999,119591.58216441007,115227.74583558991
2025-10-10 21:00:00,114266.82,115112.69,109880.0,112209.36,4623.85638,112209.36,117073.00249999999,119533.99620000001,116070.89027738359,117441.68250569903,-1370.7922283154476,-1072.5985923696298,15.926717129036945,0.006909098710724822,117073.00249999999,120152.30942547804,113993.69557452193
2025-10-10 21:15:00,112209.36,112510.92,102000.0,108432.09,10067.89134,108432.09,116541.16400000002,119270.00720000001,114895.69023470918,116774.30528292934,-1878.6150482201629,-1233.8018835397365,11.13924949710271,0.00967435875804703,116541.16400000002,121354.85064477415,111727.47735522588
2025-10-10 21:30:00,108432.09,112660.64,107796.51,110809.05,4338.40868,110809.05,116137.482,119055.87220000001,114266.97635244625,116332.43452115403,-2065.458168707788,-1400.133140573347,25.856777601869368,0.011346034599928098,116137.482,121452.41042056477,110822.55357943523
2025-10-10 21:45:00,110809.05,113973.0,110271.15,113451.86,3902.47394,113451.86,115899.79449999999,118889.82280000001,114141.57383668527,116119.05863066384,-1977.4847939785686,-1515.6034712543915,37.60008392982325,0.01286046515027546,115899.79449999999,121250.36180290945,110549.22719709053
2025-10-10 22:00:00,113451.87,113798.23,110879.69,113688.22,2925.04322,113688.22,115688.8805,118729.7022,114071.82709257984,115938.99650984707,-1867.1694172672287,-1585.916660456959,38.80837234954174,0.012891250840070543,115688.8805,121038.94612077765,110338.81487922235
2025-10-10 22:15:00,113688.22,113799.0,112000.0,112360.83,2307.23021,112360.83,115399.3845,118550.6242,113808.59677064446,115673.9471387107,-1865.3503680662398,-1641.8034019788154,36.42682956018641,0.013042900210845566,115399.3845,120814.74608508323,109984.02291491677
2025-10-10 22:30:00,112360.83,113306.82,112054.45,113172.34,1944.82565,113172.34,115165.696,118387.28259999999,113710.71111362222,115488.64290618994,-1777.931792567717,-1669.0290800965956,40.04955810418202,0.01321986244386935,115165.696,120539.71195288136,109791.68004711863
2025-10-10 22:45:00,113172.35,114109.03,113168.57,113700.0,2193.0754,113700.0,114969.50600000001,118234.6026,113709.06324998803,115356.15083904908,-1647.0875890610478,-1664.640781889486,43.53734696492398,0.01330205374267102,114969.50600000001,120251.37976264107,109687.63223735895
2025-10-10 23:00:00,113700.0,113851.84,112770.0,113050.99,1097.46572,113050.99,114739.39600000002,118069.24220000001,113607.82121152832,115185.39818428598,-1577.5769727576553,-1647.2280200631203,39.164935411548214,0.013324893596453561,114739.39600000002,119929.18224850696,109549.60975149309
2025-10-10 23:15:00,113050.99,113850.0,112820.01,113771.8,1241.08502,113771.8,114547.37299999999,117914.7516,113633.04871744705,115080.68720766158,-1447.6384902145364,-1607.3101140934039,42.11788503901098,0.013450567382798364,114547.37299999999,119571.13493715636,109523.61106284363
2025-10-10 23:30:00,113771.79,114807.41,113569.5,114617.32,1343.9748,114617.32,114405.1075,117776.418,113784.47506860903,115046.36371079454,-1261.8886421855132,-1538.2258197118258,44.32595663181649,0.01360075356728481,114405.1075,119238.82142056285,109571.39357943715
2025-10-10 23:45:00,114617.33,114637.73,112652.76,112774.5,1294.84357,112774.5,114181.94749999998,117602.91180000002,113629.09428882302,114878.0775099803,-1248.9832211572793,-1480.3773000009166,39.59136867095132,0.014006069806412095,114181.94749999998,118875.10145238534,109488.79354761462
2025-10-11 00:00:00,112774.49,113000.0,112228.17,112344.76,1254.10261,112344.76,113957.8155,117419.1956,113431.50439823486,114690.42436107775,-1258.9199628428905,-1436.0858325693116,38.84065709454716,0.01400817513636984,113957.8155,118545.99671311182,109369.63428688818
2025-10-11 00:15:00,112344.76,112460.0,111620.3,112451.53,1113.88002,112451.53,113778.37299999999,117237.13520000002,113280.73910619873,114524.58033431887,-1243.8412281201454,-1397.6369116794785,45.054269023310134,0.013972761318298011,113778.37299999999,118303.90318482563,109252.84281517436
2025-10-11 00:30:00,112451.53,112680.0,112092.9,112640.04,640.11785,112640.04,113564.177,117060.38100000001,113182.17001293738,114384.98475398931,-1202.8147410519305,-1358.672477553969,51.30642583876613,0.013831805578797957,113564.177,117862.6589185969,109265.69508140309
2025-10-11 00:45:00,112640.04,113178.66,112514.57,112514.58,612.2283,112514.58,113356.831,116879.78460000001,113079.46385710085,114246.43625368495,-1166.9723965840967,-1320.3324613599946,65.90828854062676,0.01383208823001327,113356.831,117419.85798005619,109293.80401994383
2025-10-11 01:00:00,112514.57,112530.01,111950.0,111951.38,534.79022,111951.38,113115.39949999998,116689.2974,112905.91249446994,114076.43208673525,-1170.5195922653074,-1290.3698875410573,55.184128623643886,0.013835012737822202,113115.39949999998,116885.23123732196,109345.56776267801
2025-10-11 01:15:00,111951.37,112021.86,111166.2,111260.89,912.59766,111260.89,112825.14850000001,116482.571,112652.83211070533,113867.8734136323,-1215.0413029269694,-1275.3041706182398,37.91555665866909,0.01382276980059615,112825.14850000001,116186.00704387267,109464.28995612735
2025-10-11 01:30:00,111260.9,111960.88,111163.65,111245.34,651.96673,111245.34,112535.68499999998,116271.212,112436.29486290451,113673.61167927932,-1237.316816374805,-1267.7066997695529,36.18974180389033,0.01382385900663842,112535.68499999998,115317.33368346935,109754.03631653062
2025-10-11 01:45:00,111245.34,111608.69,111019.43,111095.37,697.07142,111095.37,112377.1125,116053.61300000001,112229.99873014998,113482.63081413855,-1252.6320839885739,-1264.6917766133572,41.74738033812351,0.012891180670834572,112377.1125,115104.2945350162,109649.9304649838
2025-10-11 02:00:00,111095.38,112013.98,111082.0,111949.01,864.07244,111949.01,112364.09500000002,115847.41279999999,112186.7696947423,113369.02927234558,-1182.259577603283,-1248.2053368113425,42.06572709053527,0.012412833396544372,112364.09500000002,115097.12765297851,109631.06234702152
2025-10-11 02:15:00,111949.01,112434.59,111877.0,112180.24,675.27145,112180.24,112551.50249999999,115657.3336,112185.7651263204,113280.97080772385,-1095.205681403444,-1217.6054057297629,39.74897203725494,0.009563635628517706,112551.50249999999,114569.87487504029,110533.13012495969
2025-10-11 02:30:00,112180.23,113232.21,112168.25,113172.58,744.60623,113172.58,112669.679,115487.22099999999,112337.58279919418,113272.94185900327,-935.3590598090959,-1161.1561365456296,50.78383971222462,0.008499425896545634,112669.679,114528.99190669449,110810.36609330552
2025-10-11 02:45:00,113172.58,113297.92,112972.97,113196.48,642.60867,113196.48,112656.91,115326.8504,112469.72083008738,113267.27801759542,-797.5571875080495,-1088.4363467381136,45.92499936252854,0.006598942488276522,112656.91,114497.013688919,110816.806311081
2025-10-11 03:00:00,113196.48,113322.39,112113.33,112360.39,739.56954,112360.39,112590.5185,115147.08439999999,112452.90070238162,113200.10112740101,-747.2004250193859,-1020.189162394368,33.99274580089106,0.0067721009806726755,112590.5185,114368.72455651213,110812.31244348788
2025-10-11 03:15:00,112360.4,112418.65,111863.04,111880.26,541.4145,111880.26,112566.48999999999,114974.8262,112364.80213278445,113102.33511796099,-737.5329851765418,-963.6579269508029,42.13788592268003,0.0063201186289726635,112566.48999999999,114370.5639076804,110762.41609231959
2025-10-11 03:30:00,111880.25,112187.67,111800.0,111880.48,475.51136,111880.48,112501.897,114803.95,112290.291035433,113011.82733144287,-721.5362960098719,-915.2336007626167,45.5845934379458,0.006075598916565253,112501.897,114307.14391650652,110696.65008349347
2025-10-11 03:45:00,111880.49,112401.85,111834.48,112300.01,433.71769,112300.01,112431.8975,114664.89300000001,112291.786260751,112959.10012170502,-667.3138609540183,-865.649652800897,48.63991986011421,0.006037648307553594,112431.8975,114147.9003218936,110715.89467810642
2025-10-11 04:00:00,112300.0,112512.82,112065.62,112436.59,324.7717,112436.59,112401.17749999999,114522.211,112314.063759097,112920.39566824448,-606.3319091474841,-813.7861040702145,48.15659810123717,0.0059269501880153865,112401.17749999999,114092.33307692906,110710.02192307092
2025-10-11 04:15:00,112436.59,112591.61,112077.43,112274.66,283.85062,112274.66,112326.3205,114387.3246,112308.00164231284,112872.56339652163,-564.5617542087857,-763.9412340979288,47.84042629797654,0.0057207622086199676,112326.3205,113889.74207575967,110762.89892424033
2025-10-11 04:30:00,112274.67,112294.94,111700.0,112110.48,359.26178,112110.48,112200.97850000001,114250.6824,112277.61369734163,112816.11277455592,-538.4990772142919,-718.8528027212016,51.54292851906007,0.0053962355743801226,112200.97850000001,113333.65668953935,111068.30031046068
2025-10-11 04:45:00,112110.48,112991.16,111951.59,112945.79,478.85527,112945.79,112209.54300000002,114128.22099999999,112380.41005159677,112825.71849495936,-445.3084433625918,-664.1439308494796,65.89348375655578,0.004436384712506714,112209.54300000002,113362.88228740498,111056.20371259506
2025-10-11 05:00:00,112945.79,112945.79,112572.39,112660.4,250.12483,112660.4,112225.325,114003.77519999999,112423.48542827419,112813.47268051772,-389.98725224353257,-609.3125951282902,62.70151011410228,0.004386050352082152,112225.325,113394.97781832922,111055.67218167077
2025-10-11 05:15:00,112660.4,112682.39,111992.85,112016.36,446.707,112016.36,112203.5665,113879.99020000001,112360.85074700123,112754.42729677472,-393.5765497734974,-566.1653860573317,57.593276291077146,0.004571410352523411,112203.5665,113371.6910131024,111035.4419868976
2025-10-11 05:30:00,112016.36,112249.86,112000.76,112034.01,249.64796,112034.01,112173.26499999998,113762.54040000001,112310.56755515488,112701.0630525684,-390.495497413518,-531.031408328569,50.812849525295874,0.0045514522086321785,112173.26499999998,113325.04370164922,111021.48629835075
2025-10-11 05:45:00,112034.01,112516.88,112034.0,112389.48,310.39031,112389.48,112167.01000000001,113647.315,112322.7079312849,112677.9828264519,-355.27489516700734,-495.88010569625663,51.95450571294054,0.004609683153080504,112167.01000000001,113312.3247432241,111021.69525677591
2025-10-11 06:00:00,112389.48,112610.37,112134.02,112366.16,245.44487,112366.16,112187.749,113537.716,112329.39286493337,112654.88483930701,-325.4919743736391,-461.80247943173316,40.80214611268001,0.004460396522607813,112187.749,113331.64402123696,111043.85397876303
2025-10-11 06:15:00,112366.16,112753.91,112322.14,112676.56,291.76155,112676.56,112258.5325,113438.77120000002,112382.80319340517,112656.49040676576,-273.6872133605939,-424.1794262175053,44.433690773921676,0.00423107729138301,112258.5325,113334.10017420707,111182.96482579294
2025-10-11 06:30:00,112676.56,112676.56,112090.01,112149.71,316.44826,112149.71,112303.751,113328.7016,112346.94270211206,112618.9511173753,-272.0084152632335,-393.745224026651,47.584498968126645,0.0043935769497884586,112303.751,113270.50429603797,111336.99770396204
2025-10-11 06:45:00,112149.71,112311.05,112000.0,112045.99,354.98536,112045.99,112351.282,113217.3762,112300.64228640251,112576.50955312485,-275.86726672234363,-370.1696325657896,52.079636800775134,0.004385654299332226,112351.282,113146.06483904492,111556.49916095509
2025-10-11 07:00:00,112046.0,112084.61,111000.0,111397.9,921.66671,111397.9,112323.72649999999,113096.0816,112161.7588577252,112489.20514178145,-327.44628405624826,-361.62496286388136,44.791320378373435,0.004245829247747192,112323.72649999999,113210.16315493116,111437.28984506882
2025-10-11 07:15:00,111397.9,111397.9,110683.6,110754.18,925.69877,110754.18,112252.4235,112966.41119999999,111945.208264229,112360.68476090764,-415.4764966786315,-372.39526962683146,34.08542925679214,0.004381942604319695,112252.4235,113383.19991831445,111121.64708168556
2025-10-11 07:30:00,110754.18,110999.99,110501.78,110632.88,632.46676,110632.88,112125.4385,112842.5208,111743.31160819378,112232.69922306159,-489.38761486781004,-395.7937386750272,31.371905059931336,0.0037717879941874368,112125.4385,113384.28860799756,110866.58839200245
2025-10-11 07:45:00,110632.89,110672.6,110090.29,110384.61,750.68097,110384.61,111984.845,112729.40539999999,111534.28059154858,112095.80372505602,-561.523133507435,-428.9396176415088,30.822227769085316,0.003765878398273807,111984.845,113362.51392365867,110607.17607634133
2025-10-11 08:00:00,110384.6,110510.88,110162.23,110274.46,482.79688,110274.46,111880.54849999999,112596.4154,111340.46203900264,111960.88937505093,-620.4273360482912,-467.23716132286535,31.163925411598598,0.003477958101606095,111880.54849999999,113442.07224997359,110319.0247500264
2025-10-11 08:15:00,110274.46,111111.11,110267.92,110949.22,669.3936,110949.22,111833.99650000001,112482.16979999999,111280.27095607914,111885.95090282445,-605.6799467453093,-494.92571840735417,28.819065037459083,0.0037201776041527923,111833.99650000001,113450.11426022372,110217.8787397763
2025-10-11 08:30:00,110949.22,111300.0,110731.66,111242.26,412.8735,111242.26,111802.0855,112371.4148,111274.42311668236,111838.27009520754,-563.84697852518,-508.7099704309194,34.97981265807755,0.003781901238174958,111802.0855,113439.40352859143,110164.76747140857
2025-10-11 08:45:00,111242.27,111535.29,111242.26,111328.38,416.13296,111328.38,111753.50399999999,112256.6642,111282.72417565431,111800.5004585253,-517.7762828709965,-510.5232329189348,41.736690640569215,0.0036719899049719672,111753.50399999999,113386.26813368958,110120.7398663104
2025-10-11 09:00:00,111328.38,111682.68,111274.41,111550.16,416.88362,111550.16,111709.1825,112146.97520000002,111323.86814863057,111781.95672085666,-458.0885722260864,-500.03630078036514,44.460143027577416,0.0036943068457162445,111709.1825,113311.71787896374,110106.64712103625
2025-10-11 09:15:00,111550.15,111796.24,111451.99,111757.95,441.72969,111757.95,111683.347,112096.7978,111390.64997191817,111780.17844523763,-389.5284733194567,-477.9347352881835,42.5161934060308,0.0037185972920074297,111683.347,113264.00857360501,110102.68542639498
2025-10-11 09:30:00,111757.95,111887.19,111497.55,111823.15,424.16229,111823.15,111668.98049999999,112089.07359999999,111457.18843777692,111783.36152336818,-326.17308559126104,-447.58240534879906,43.628423046144235,0.0037108716273165023,111668.98049999999,113238.47969276748,110099.4813072325
2025-10-11 09:45:00,111823.16,111840.17,111590.65,111642.78,344.508,111642.78,111603.82999999999,112153.2874,111485.74098581125,111772.9480771927,-287.2070913814532,-415.50734255532984,37.488017893279306,0.003263946963811905,111603.82999999999,113053.79253057716,110153.86746942281
2025-10-11 10:00:00,111642.78,111964.6,111621.77,111894.67,280.48706,111894.67,111565.5435,112174.9998,111548.6531418403,111781.9645159192,-233.31137407889764,-379.06814886004344,46.693117576889044,0.003288541650323585,111565.5435,112936.31274116,110194.77425884
2025-10-11 10:15:00,111894.67,112204.64,111750.01,112197.42,538.3655,112197.42,111574.59650000001,112149.911,111648.46342771103,111812.7389962216,-164.2755685105658,-336.10963279014794,51.867095084619045,0.0030969072238445417,111574.59650000001,112960.21304472501,110188.97995527502
2025-10-11 10:30:00,112197.42,112271.34,111955.58,112027.74,375.88988,112027.74,111574.28299999998,112116.7014,111706.81366960164,111828.66499650154,-121.85132689989405,-293.25797161209715,58.80446877393911,0.003117300521170589,111574.28299999998,112959.46465594105,110189.10134405892
2025-10-11 10:45:00,112027.74,112189.49,112000.29,112114.64,156.00946,112114.64,111560.541,112111.7776,111769.55618197062,111849.84833009409,-80.29214812346618,-250.66480691437096,72.5241721854309,0.0030339280054071964,111560.541,112916.82242803453,110204.25957196546
2025-10-11 11:00:00,112114.63,112152.12,111908.75,112034.0,193.84007,112034.0,111543.933,112089.0108,111810.23984628283,111863.48919453159,-53.249348248762544,-211.18171518124925,73.51393261594868,0.0030368789210470717,111543.933,112866.39057431814,110221.47542568187
2025-10-11 11:15:00,112033.99,112350.0,111700.0,112350.0,383.56908,112350.0,111527.60500000001,112062.0108,111893.27986993162,111899.52703197378,-6.24716204215656,-170.1948045534307,82.25048981480607,0.0030398352452789532,111527.60500000001,112798.22976850184,110256.98023149818
2025-10-11 11:30:00,112350.0,112354.59,112184.87,112337.21,234.71329,112337.21,111536.98000000001,112047.7352,111961.57681301906,111931.94799256838,29.6288204506709,-130.2300795526104,84.9653016737243,0.002846649084152505,111536.98000000001,112829.50934394618,110244.45065605384
2025-10-11 11:45:00,112337.2,112359.67,112114.5,112280.0,157.78504,112280.0,111548.68049999999,112017.8992,112010.56499563152,111957.72962274856,52.83537288295338,-93.61698906549762,78.53106133369951,0.0028403816250066314,111548.68049999999,112864.63538683385,110232.72561316613
2025-10-11 12:00:00,112280.01,112314.84,112037.98,112107.25,320.10754,112107.25,111584.148,111967.6978,112025.43961168821,111968.8052062487,56.63440543951583,-63.56671016449493,69.55336434781458,0.002517087280969671,111584.148,112921.06182715562,110247.23417284439
2025-10-11 12:15:00,112107.26,112466.66,112081.86,112466.66,194.15397,112466.66,111669.772,111961.541,112093.31967142849,112005.68333911923,87.63633230925188,-33.32610166974556,72.90154356258773,0.002145633764429092,111669.772,113002.2180626974,110337.3259373026
2025-10-11 12:30:00,112466.65,112466.66,112205.02,112291.81,211.1411,112291.81,111752.7185,111960.48199999999,112123.85664505487,112026.87790659192,96.97873846294533,-7.265133643207375,65.20877849915718,0.002168984551671076,111752.7185,113018.244663844,110487.192336156
2025-10-11 12:45:00,112294.27,112388.91,112164.95,112380.14,272.15452,112380.14,111852.495,111959.0542,112163.28485350797,112053.04546906662,110.23938444134546,16.235769973703203,63.41638023607355,0.0020517383835570997,111852.495,112969.84365791352,110735.14634208647
2025-10-11 13:00:00,112380.13,112500.0,112172.57,112499.99,209.48644,112499.99,111963.7715,111956.25319999998,112215.08564527598,112086.15247135803,128.933173917947,38.77525076255197,64.25874897826789,0.0020026695704605034,111963.7715,112835.74798877358,111091.79501122642
2025-10-11 13:15:00,112500.0,112500.0,112294.99,112345.98,178.89745,112345.98,112033.60949999999,111952.88119999999,112235.22323831044,112105.39895496117,129.82428334926954,56.9850572798955,64.98044361882512,0.0016674899661150645,112033.60949999999,112777.82945928852,111289.38954071146
2025-10-11 13:30:00,112345.99,112377.06,111890.33,112180.95,303.80312,112180.95,112080.544,111957.4726,112226.87350933961,112110.99532866775,115.87818067186163,68.76368195828873,56.333067870099924,0.0016594480241460914,112080.544,112726.5469571468,111434.54104285319
2025-10-11 13:45:00,112180.94,112340.0,112088.92,112267.86,281.2983,112267.86,112127.51800000001,111977.612,112233.17912328737,112122.61493395164,110.56418933572422,77.12378343377583,51.72278854996189,0.0016594543395244573,112127.51800000001,112671.8620505477,111583.17394945232
2025-10-11 14:00:00,112267.86,112342.11,112148.26,112205.97,152.49084,112205.97,112160.3085,111996.8246,112228.99310432006,112128.78938328856,100.20372103150294,81.73977095332125,54.60169268345565,0.001629954796559455,112160.3085,112632.43308967318,111688.18391032681
2025-10-11 14:15:00,112205.97,112291.31,111964.11,112039.41,231.69421,112039.41,112174.38149999999,112015.70539999999,112199.8264728862,112122.16868823013,77.65778465606854,80.92337369387072,48.13438942977748,0.0016322821645262551,112174.38149999999,112611.48821514712,111737.27478485285
2025-10-11 14:30:00,112039.42,112200.0,111941.96,112070.37,218.22149,112070.37,112186.74250000001,112018.1326,112179.91009244217,112118.33174836123,61.578344080931856,77.05436777128295,50.92471587297539,0.0016292048517352886,112186.74250000001,112595.06249091192,111778.4225090881
2025-10-11 14:45:00,112070.37,112093.3,111890.29,111991.97,456.14598,111991.97,112204.202,112014.36720000001,112150.99623206643,112108.97161885299,42.0246132134489,70.04841685971614,39.64602793603064,0.0015906593642669243,112204.202,112537.5705217647,111870.8334782353
2025-10-11 15:00:00,111991.97,112385.93,111961.86,112282.58,177.44879,112282.58,112223.5975,111996.5672,112171.2398886716,112121.83149893796,49.408389733638614,65.92041143450064,48.6388574674725,0.0016157858691426814,112223.5975,112524.71770930523,111922.47729069478
2025-10-11 15:15:00,112282.57,112366.01,112204.89,112204.91,134.20639,112204.91,112223.972,111976.7358,112176.41990579903,112127.9854619796,48.43444381943846,62.4232179114882,48.147965450392995,0.0015108297970490465,112223.972,112524.97373571526,111922.97026428473
2025-10-11 15:30:00,112204.9,112228.4,111939.84,111939.85,142.60886,111939.85,112219.57750000001,111968.325,112140.0245356761,112114.04950183297,25.975033843133133,55.13358109781719,46.051029940458925,0.0015666618555977144,112219.57750000001,112534.86910896479,111904.28589103524
2025-10-11 15:45:00,111939.85,112069.98,111793.2,111793.2,197.38451,111793.2,112203.5055,111966.58380000001,112086.66691480284,112090.28287206755,-3.6159572647011373,43.383673425313525,32.340385361709224,0.0015790135226469689,112203.5055,112569.9425423895,111837.0684576105
2025-10-11 16:00:00,111793.21,112089.92,111793.2,112059.61,188.78853,112059.61,112204.786,111970.16639999999,112082.50431252547,112088.01080746997,-5.50649494449317,33.605639751352186,44.190177847613626,0.0016691651812498832,112204.786,112568.90064662196,111840.67135337803
2025-10-11 16:15:00,112059.62,112063.32,111793.2,111806.29,179.05205,111806.29,112177.60049999999,111960.29199999999,112040.00980290618,112067.14259950923,-27.132796603051247,21.457952480471494,36.73688249134433,0.0016047530048879201,112177.60049999999,112575.67043262011,111779.53056737986
2025-10-11 16:30:00,111806.29,111849.42,111442.91,111516.51,279.88327,111516.51,112136.5655,111941.89039999999,111959.47137168984,112026.35499954555,-66.88362785571371,3.7896364132344487,28.92476620693779,0.001687897884179616,112136.5655,112624.43335757636,111648.69764242363
2025-10-11 16:45:00,111516.52,111897.89,111459.9,111846.18,186.85303,111846.18,112114.8745,111933.3208,111942.04192989142,112013.00870328292,-70.96677339149755,-11.161645547711958,40.039538925115124,0.0018430775919301378,112114.8745,112614.32931095135,111615.41968904866
2025-10-11 17:00:00,111846.18,112061.29,111715.99,112056.94,162.79205,112056.94,112112.35900000001,111932.25,111959.71855606197,112016.26287341012,-56.54431734814716,-20.238179907799005,47.57285733857878,0.0018701751801499696,112112.35900000001,112612.48182330425,111612.23617669578
2025-10-11 17:15:00,112056.94,112185.53,112030.5,112122.69,192.18584,112122.69,112095.1605,111915.788,111984.7910858986,112024.14636426863,-39.35527837002883,-24.06159960024497,47.13497981045913,0.0017178299295205904,112095.1605,112566.83059997878,111623.49040002121
2025-10-11 17:30:00,112122.69,112181.46,111974.27,112049.98,102.95925,112049.98,112083.06899999999,111903.5796,111994.8201496065,112026.05996691539,-31.239817308887723,-25.497243141973524,46.93453234865239,0.0016906134911119826,112083.06899999999,112545.82764109226,111620.31035890772
2025-10-11 17:45:00,112049.99,112096.0,111853.9,112005.57,220.78837,112005.57,112064.3405,111903.36379999999,111996.47397274396,112024.54219158832,-28.068218844360672,-26.011438282450953,49.30144994550326,0.0016783741678033698,112064.3405,112506.32911411063,111622.35188588938
2025-10-11 18:00:00,112005.56,112025.4,111840.81,111895.99,106.15435,111895.99,112034.14050000001,111900.60339999999,111981.01490001412,112015.01980702623,-34.004907012102194,-27.610132028381205,46.51348779180917,0.0016615692312055117,112034.14050000001,112431.03417402,111637.24682598002
2025-10-11 18:15:00,111895.99,111969.24,111836.45,111894.49,74.51838,111894.49,112011.56599999999,111890.70360000001,111967.70337693504,112006.09167317243,-38.38829623739002,-29.76576487018297,47.989174381570145,0.0016418175857460977,112011.56599999999,112384.40941927268,111638.7225807273
2025-10-11 18:30:00,111894.49,111963.64,111861.06,111918.82,62.7613,111918.82,111998.45950000003,111881.7568,111960.18285740659,111999.62710478928,-39.44424738269299,-31.70146137268498,41.570263255469236,0.001616326500556748,111998.45950000003,112364.60105929842,111632.31794070163
2025-10-11 18:45:00,111918.81,111961.7,111863.05,111955.27,49.35545,111955.27,111982.83,111867.33099999999,111959.4270331902,111996.3413933234,-36.914360133203445,-32.74404112478868,44.10219336792076,0.0016063945426469427,111982.83,112326.55154426783,111639.10845573217
2025-10-11 19:00:00,111955.27,112025.4,111287.62,111570.5,396.87111,111570.5,111951.05650000002,111855.7468,111899.59210500708,111964.79758641054,-65.20548140346364,-39.236329180523676,41.74116426440793,0.0017670023415110607,111951.05650000002,112324.15725913696,111577.95574086308
2025-10-11 19:15:00,111570.5,111625.87,111000.0,111391.55,408.66099,111391.55,111918.6635,111842.65800000001,111821.43178115984,111922.33480223198,-100.90302107213938,-51.56966755884682,41.146804561825974,0.0017714771968207596,111918.6635,112364.81072418443,111472.51627581556
2025-10-11 19:30:00,111391.54,111422.64,111030.98,111060.48,237.85004,111060.48,111868.169,111835.90960000001,111704.36227636602,111858.49370577035,-154.1314294043259,-72.08201992794265,28.58747133580512,0.0018635022015896275,111868.169,112449.98920350842,111286.34879649157
2025-10-11 19:45:00,111060.47,111205.7,110865.82,111178.31,289.43758,111178.31,111827.486,111844.3922,111623.43115692511,111808.10972756513,-184.67857064001146,-94.60133007035643,35.711880449225674,0.001892490622039372,111827.486,112482.09262052228,111172.87937947773
2025-10-11 20:00:00,111178.3,111368.29,110760.55,110869.93,359.81672,110869.93,111756.85350000001,111849.1332,111507.50790201355,111738.61493293066,-231.10703091711912,-121.90247023970899,35.41215435708621,0.0018306174394238735,111756.85350000001,112503.13489527362,111010.57210472641
2025-10-11 20:15:00,110869.94,110943.14,110487.06,110619.08,292.59147,110619.08,111677.56199999999,111853.8226,111370.82668631915,111655.68641938025,-284.8597330610937,-154.49392280398595,21.293757661392547,0.0018666908660895213,111677.56199999999,112549.76148166016,110805.36251833983
2025-10-11 20:30:00,110619.08,110631.27,110320.0,110348.05,294.02867,110348.05,111597.972,111855.2944,111213.47642688543,111558.8244623891,-345.34803550365905,-192.6647453439206,11.119352387366291,0.0018708818778829786,111597.972,112642.81824870323,110553.12575129676
2025-10-11 20:45:00,110348.04,110832.0,109653.65,110244.98,806.10092,110244.98,111520.56100000002,111841.2096,111064.47697659537,111461.50265036027,-397.02567376490333,-233.5369310281172,7.991749182301021,0.0018664625239353636,111520.56100000002,112722.15788642359,110318.96411357644
2025-10-11 21:00:00,110244.98,110366.26,109561.59,110039.99,482.30611,110039.99,111419.58,111817.1642,110906.8635955807,111356.20541700024,-449.3418214195408,-276.69790910640194,7.545169207632654,0.001734603137425498,111419.58,112761.67498701943,110077.48501298057
2025-10-11 21:15:00,110039.99,110866.61,109933.6,110802.96,376.66562,110802.96,111369.4135,111806.65580000001,110890.8784270298,111315.22427500022,-424.34584797041316,-306.2274968792042,30.51361572638274,0.002434329865932122,111369.4135,112725.57930869686,110013.24769130313
2025-10-11 21:30:00,110802.96,110974.86,110584.01,110696.53,134.19173,110696.53,111328.4145,111789.58319999998,110860.97866902522,111269.39506944464,-408.4164004194172,-326.6652775872468,30.544796309632673,0.0023855528240243674,111328.4145,112715.09159916926,109941.73740083074
2025-10-11 21:45:00,110696.54,111000.0,110696.53,110893.54,106.25312,110893.54,111280.78250000002,111772.295,110865.98810455982,111241.55395318948,-375.56584862965974,-336.44539179572945,34.73291175151671,0.00231270473707188,111280.78250000002,112657.98845193711,109903.57654806292
2025-10-11 22:00:00,110893.55,111056.0,110763.96,110948.38,185.51146,110948.38,111225.35449999999,111754.79960000001,110878.66378078138,111219.83736406434,-341.17358328295813,-337.39103009317523,35.334759901349216,0.0022599373036381685,111225.35449999999,112559.59450092002,109891.11449907995
2025-10-11 22:15:00,110948.37,110982.2,110652.0,110928.87,132.23445,110928.87,111165.6635,111740.52139999998,110886.38781450732,111198.28422598548,-311.89641147815564,-332.2921063701713,34.409271804842476,0.002247130018904684,111165.6635,112436.16812869732,109895.15887130267
2025-10-11 22:30:00,110928.87,111291.61,110912.51,111100.92,146.49389,111100.92,111118.2105,111724.64639999998,110919.39276612159,111191.07206109766,-271.6792949760711,-320.1695440913513,42.37442269842614,0.00229448671175616,111118.2105,112318.60559805039,109917.81540194961
2025-10-11 22:45:00,111100.93,111204.0,111007.93,111043.27,106.8562,111043.27,111070.09550000001,111701.5634,110938.45080210289,111180.1237602756,-241.67295817271224,-304.47022690762356,44.112277190230245,0.0022945762188379807,111070.09550000001,112195.53464152475,109944.65635847527
2025-10-11 23:00:00,111043.26,111114.46,110821.38,110898.54,150.34011,110898.54,111020.223,111678.9794,110932.31067870244,111159.26570395888,-226.95502525643678,-288.9671865773862,47.07830868821579,0.0022998178039271267,111020.223,112077.92629442076,109962.51970557924
2025-10-11 23:15:00,110898.54,111009.61,110817.69,110949.88,104.87183,110949.88,110972.99250000001,111655.6842,110935.01365120977,111143.75565181377,-208.74200060400472,-272.9221493827099,45.777399855814735,0.0023069792588887193,110972.99250000001,111947.40062568347,109998.58437431655
2025-10-11 23:30:00,110949.88,111000.0,110792.0,110844.81,125.67172,110844.81,110919.29199999999,111631.90039999998,110921.13616640828,111121.61152945721,-200.47536304892856,-258.43279211595365,49.49790928787876,0.0023047039982931014,110919.29199999999,111786.73280916645,110051.85119083352
2025-10-11 23:45:00,110844.96,110890.0,110644.0,110644.4,218.99807,110644.4,110853.74849999999,111597.7884,110878.56137157624,111086.26252727519,-207.7011556989455,-248.286464832552,50.51650279466346,0.002314832878395008,110853.74849999999,111577.85238685014,110129.64461314984
2025-10-12 00:00:00,110644.4,110685.63,110300.02,110328.7,206.55803,110328.7,110791.65849999999,111557.6182,110793.96731441066,111030.14678451406,-236.17947010339412,-245.86506588672046,49.61234408619373,0.002280433655231673,110791.65849999999,111468.39843101901,110114.91856898097
2025-10-12 00:15:00,110328.7,110498.66,109907.03,109924.92,362.21629,109924.92,110718.327,111510.5166,110660.26772757826,110948.2781338093,-288.010406231042,-254.29413395558475,44.277448792768176,0.0023745036872731707,110718.327,111437.85990044144,109998.79409955857
2025-10-12 00:30:00,109924.91,110472.02,109701.01,109742.33,345.7647,109742.33,110652.4195,111463.2182,110519.04653872005,110858.94864241603,-339.9021036959748,-271.4157279036628,44.63497808282388,0.002324885598340547,110652.4195,111474.20594592563,109830.63305407438
2025-10-12 00:45:00,109742.33,109910.74,109565.06,109641.54,257.0127,109641.54,110575.581,111406.7158,110384.04553276312,110768.77022445928,-384.7246916961594,-294.07752066216216,22.502959420427487,0.002292622872033381,110575.581,111474.12543896117,109677.03656103884
2025-10-12 01:00:00,109641.54,110043.88,109641.46,110030.46,278.20212,110030.46,110533.60750000001,111361.4888,110329.64775849186,110714.08057820304,-384.4328197111754,-312.1485804719648,36.09102944800186,0.0024227111880794627,110533.60750000001,111452.4563328267,109614.75866717333
2025-10-12 01:15:00,110030.46,110123.85,109692.6,109963.63,345.55967,109963.63,110500.835,111313.1586,110273.3373341085,110658.4916464843,-385.15431237580196,-326.74972685273224,29.465023120647757,0.0023828595286318798,110500.835,111452.99964306757,109548.67035693245
2025-10-12 01:30:00,109963.63,110239.23,109822.15,110007.18,331.8705,110007.18,110483.7915,111263.3024,110232.39005193795,110610.2463393373,-377.85628739935055,-336.97103896205596,29.11155300676468,0.002331782415207894,110483.7915,111459.38584469109,109508.19715530892
2025-10-12 01:45:00,110005.31,110318.01,109856.43,109978.56,249.77799,109978.56,110470.47049999998,111215.954,110193.33927471671,110563.45475864565,-370.11548392893746,-343.5999279554323,28.99431042028651,0.0023247468777126187,110470.47049999998,111466.84862531266,109474.0923746873
2025-10-12 02:00:00,109978.56,110283.19,109856.78,110140.5,280.38177,110140.5,110475.496,111175.145,110185.21015552952,110532.12477652375,-346.9146209942264,-344.26286656319115,28.675530214217503,0.0023127707651132167,110475.496,111463.7125177033,109487.2794822967
2025-10-12 02:15:00,110140.51,110528.34,110140.51,110447.44,191.68918,110447.44,110457.72000000002,111138.7366,110225.55320852497,110525.85183011458,-300.29862158960896,-335.47001756847476,38.08916484421553,0.001789751402264197,110457.72000000002,111433.8510526944,109481.58894730563
2025-10-12 02:30:00,110447.44,110708.89,109948.96,110243.85,237.54995,110243.85,110435.08599999998,111099.4942,110228.36809952112,110504.96280566165,-276.59470614053134,-323.6949552828861,37.213435570121476,0.0018211655423449504,110435.08599999998,111408.89192509816,109461.2800749018
2025-10-12 02:45:00,110243.85,110247.34,109600.0,110119.02,337.42733,110119.02,110396.35999999999,111061.0864,110211.5453149794,110476.3744496867,-264.82913470729545,-311.921791167768,34.22553501723908,0.0017699677300129163,110396.35999999999,111354.88287549917,109437.8371245008
2025-10-12 03:00:00,110119.02,111368.14,110002.2,110708.3,627.1394,110708.3,110384.356,111033.845,110287.9691126749,110493.55412008027,-205.5850074053742,-290.65443441528924,47.81077500906105,0.002177932080371459,110384.356,111319.49883192094,109449.21316807906
2025-10-12 03:15:00,110708.29,111092.0,110521.09,110960.34,358.20645,110960.34,110385.9295,111013.2124,110391.41078764797,110528.13085192618,-136.7200642782118,-259.86756038787377,54.98422414337104,0.0022418963420921885,110385.9295,111325.02762339255,109446.83137660744
2025-10-12 03:30:00,110961.27,111230.16,110846.15,110954.7,255.56841,110954.7,110378.61850000001,110986.65479999999,110478.07066647135,110559.7285665983,-81.65790012695652,-224.22562833569032,60.94658207838173,0.0022126154133382857,110378.61850000001,111296.31235534065,109460.92464465938
2025-10-12 03:45:00,110954.7,110954.7,110602.8,110676.0,120.65975,110676.0,110360.255,110956.0766,110508.52133316807,110568.3412653688,-59.819932200727635,-191.3444891086978,63.734611924250125,0.0022781103825097754,110360.255,111235.67361686278,109484.83638313723
2025-10-12 04:00:00,110676.0,111075.16,110617.1,111075.16,153.31855,111075.16,110369.08599999998,110938.78279999999,110595.69651268069,110605.88339385999,-10.186881179295597,-155.11296752281737,72.58398484494195,0.0024095361573576515,110369.08599999998,111270.54423637297,109467.627763627
2025-10-12 04:15:00,111075.16,111216.43,111024.18,111131.38,145.15886,111131.38,110378.16100000001,110925.54639999999,110678.10935688365,110644.80906838887,33.300288494778215,-117.43031631929826,75.63156771933711,0.002409914632777077,110378.16100000001,111307.46196888296,109448.86003111706
2025-10-12 04:30:00,111131.38,111538.46,111131.38,111500.59,204.75805,111500.59,110410.95,110914.366,110804.64484044,110708.20024850822,96.44459193178045,-74.6553346690825,75.4651746895083,0.0025010955802663407,110410.95,111449.43924496495,109372.46075503505
2025-10-12 04:45:00,111500.59,111957.14,111377.09,111524.87,384.58855,111524.87,110454.97350000001,110908.7376,110915.44871114154,110768.69430417426,146.7544069672731,-30.373386341811372,77.4479606188468,0.002451854492525236,110454.97350000001,111603.90820790785,109306.03879209216
2025-10-12 05:00:00,111524.87,111524.88,111188.0,111296.75,172.26015,111296.75,110503.376,110904.34240000001,110974.11044788899,110807.8095409021,166.30090698688582,8.961472323928078,71.29008079720819,0.0024015920695794617,110503.376,111710.02675516297,109296.72524483704
2025-10-12 05:15:00,111296.75,111583.93,111296.75,111583.92,81.41932,111583.92,110586.326,110899.09719999999,111067.92730205992,110865.29920453898,202.62809752093744,47.69479736332997,74.41894424298489,0.0022409492531635104,110586.326,111852.18361695742,109320.46838304258
2025-10-12 05:30:00,111583.92,111631.01,111421.75,111539.14,101.81961,111539.14,110676.1665,110888.7412,111140.42156328147,110915.2133375361,225.20822574537306,83.1974830397386,72.06084619364297,0.0021866118250771843,110676.1665,111944.85646811828,109407.47653188174
2025-10-12 05:45:00,111539.15,111816.04,111539.14,111700.38,182.0101,111700.38,110779.1085,110880.295,111226.56901508433,110973.37383105195,253.19518403237453,117.19702323826581,70.71481949303319,0.002151614072863013,110779.1085,112028.28488626578,109529.93211373422
2025-10-12 06:00:00,111700.38,111845.0,111616.0,111835.94,133.0017,111835.94,110869.38249999999,110876.0142,111320.31839737906,111037.2676213444,283.0507760346518,150.36777379754304,76.92770860183421,0.0020638621042996038,110869.38249999999,112151.2830750377,109587.48192496228
2025-10-12 06:15:00,111835.94,112125.51,111706.58,111933.62,249.79684,111933.62,110967.88200000001,110874.57519999999,111414.67249008999,111103.66409383743,311.0083962525532,182.49589828854508,80.97559643300983,0.0020364863138239374,110967.88200000001,112259.44971206119,109676.31428793883
2025-10-12 06:30:00,111933.62,111933.63,111623.26,111730.31,245.90242,111730.31,111054.0385,110871.2616,111463.23210699922,111150.08230910874,313.14979789048084,208.62667820893228,70.09370416537244,0.0021229896537097474,111054.0385,112305.02449075168,109803.05250924831
2025-10-12 06:45:00,111730.32,111906.15,111670.63,111686.01,135.34618,111686.01,111139.41100000001,110867.09199999999,111497.50562899934,111189.78065658215,307.7249724171852,228.44633705058288,65.53651027460326,0.002126719167234273,111139.41100000001,112311.95236551393,109966.86963448608
2025-10-12 07:00:00,111686.02,111781.37,111581.29,111581.29,107.3635,111581.29,111211.4505,110860.3414,111510.3955322302,111218.78134868717,291.6141835430317,241.07990634907264,62.86923124319664,0.002153101584117697,111211.4505,112299.58681395117,110123.31418604884
2025-10-12 07:15:00,111581.29,111933.85,111550.0,111616.39,227.37824,111616.39,111269.898,110853.56379999999,111526.70237342556,111248.233841377,278.4685320485587,248.55763148896986,71.46176141680178,0.002094267053133065,111269.898,112309.74968767237,110230.04631232763
2025-10-12 07:30:00,111616.38,111733.15,111500.01,111584.69,111.89844,111584.69,111336.94000000002,110853.8476,111535.62354674471,111273.15651979351,262.46702695119893,251.3395105814157,63.97205205688315,0.002029334946394192,111336.94000000002,112265.15976621547,110408.72023378457
2025-10-12 07:45:00,111584.69,111680.0,111491.09,111525.2,95.2771,111525.2,111407.249,110856.5206,111534.01992416859,111291.82640721621,242.19351695237856,249.51031185560834,60.779783867824186,0.0020066083687000445,111407.249,112139.34149918119,110675.1565008188
2025-10-12 08:00:00,111525.19,111713.74,111478.0,111514.04,139.15693,111514.04,111447.536,110865.59180000001,111530.94608968112,111308.28667334835,222.65941633276816,244.14013275104034,50.45791598858775,0.0016753779496203392,111447.536,112102.27114864653,110792.80085135346
2025-10-12 08:15:00,111514.05,111798.99,111514.04,111762.09,104.96159,111762.09,111487.62350000002,110877.2674,111566.50669126863,111341.90173458181,224.60495668681688,240.23309753819566,57.00847327432375,0.0016722775678796997,111487.62350000002,112114.33843881282,110860.90856118721
2025-10-12 08:30:00,111762.09,111762.09,111600.0,111600.01,128.40012,111600.01,111519.889,110891.869,111571.66104645807,111361.02086535354,210.64018110453617,234.31451425146378,59.32338871330696,0.001719053950920458,111519.889,112095.43765133385,110944.34034866614
2025-10-12 08:45:00,111600.01,111624.12,111300.0,111310.9,200.9805,111310.9,111551.63399999999,110905.7054,111531.54396238762,111357.30820866067,174.23575372694177,222.2987621465594,41.61630677770402,0.0017258897754095996,111551.63399999999,111983.2381180839,111120.02988191608
2025-10-12 09:00:00,111310.9,111310.9,111139.87,111200.52,131.30505,111200.52,111557.902,110922.75480000001,111480.61719894336,111345.6942672784,134.922931664958,204.8235960502391,40.00460481261972,0.0015586383556528865,111557.902,111963.21094178672,111152.59305821329
2025-10-12 09:15:00,111200.52,111423.14,111194.87,111388.99,91.03818,111388.99,111570.7825,110945.635,111466.52070679823,111348.90135859112,117.6193482071103,187.38274648161337,40.95380306894971,0.0015987926942879795,111570.7825,111933.1141185466,111208.4508814534
2025-10-12 09:30:00,111388.98,111620.36,111340.68,111620.35,108.48468,111620.35,111576.77050000001,110977.2422,111490.18675190619,111369.00866536215,121.1780865440378,174.14181449409827,44.06712495390536,0.0014877924273603224,111576.77050000001,111938.17500749043,111215.3659925096
2025-10-12 09:45:00,111620.36,111920.01,111536.69,111837.04,265.21745,111837.04,111592.37899999999,110997.92379999999,111543.54879007448,111403.6776531131,139.87113696137385,167.2876789875534,47.50557874292322,0.0015464916498586511,111592.37899999999,111970.90434670006,111213.85365329991
2025-10-12 10:00:00,111837.05,112026.63,111742.84,111851.24,212.53156,111851.24,111620.1035,111021.01800000001,111590.88589929379,111436.83041954918,154.05547974460933,164.64123913896458,53.461452590722715,0.001458642222523208,111620.1035,111988.55013532004,111251.65686467996
2025-10-12 10:15:00,111851.23,111857.3,111560.0,111613.99,112.2334,111613.99,111621.60699999999,111035.42700000001,111594.44037632552,111449.95335143442,144.48702489110292,160.61039628939227,48.1435847733743,0.0014419982992956285,111621.60699999999,111989.67716024225,111253.53683975773
2025-10-12 10:30:00,111613.99,111639.81,111450.0,111584.69,104.69036,111584.69,111623.8845,111048.1532,111592.94031842928,111459.93384392076,133.00647450851102,155.08961193321602,50.09118508426599,0.0014402248784349462,111623.8845,111990.36638646662,111257.40261353338
2025-10-12 10:45:00,111584.69,111720.08,111516.26,111651.64,107.52249,111651.64,111621.44749999998,111062.6086,111601.97103867093,111474.13429992663,127.83673874429951,149.63903729543273,50.929495461952655,0.0014082726203832965,111621.44749999998,111986.43276261337,111256.46223738659
2025-10-12 11:00:00,111651.64,111906.15,111477.61,111863.78,238.88637,111863.78,111622.8395,111077.8658,111642.24934041387,111502.99694437651,139.252396037351,147.5617090438164,56.71978156917689,0.0014477521572823174,111622.8395,111991.4633715929,111254.21562840711
2025-10-12 11:15:00,111863.78,111863.78,111562.06,111740.0,164.43192,111740.0,111613.15849999999,111091.8004,111657.28790342712,111520.55272627455,136.73517715257185,145.39640266556748,55.01653494759269,0.001453534435586908,111613.15849999999,111956.73551418843,111269.58148581155
2025-10-12 11:30:00,111740.0,112133.33,111684.0,111985.0,547.97126,111985.0,111625.893,111113.5296,111707.70514905371,111554.956228032,152.74892102171725,146.86690633679743,59.91594940120281,0.001478499078827716,111625.893,112004.81468600375,111246.97131399624
2025-10-12 11:45:00,111985.01,112015.14,111772.74,111848.36,153.00909,111848.36,111634.0105,111131.4992,111729.3443568916,111576.68984077037,152.65451612122706,148.02442829368337,51.90580334459991,0.0015047323119557984,111634.0105,112025.11485970701,111242.906140293
2025-10-12 12:00:00,111848.35,112250.0,111835.25,112134.48,226.67551,112134.48,111661.67,111157.29260000002,111791.67291736981,111618.00763034294,173.66528702687356,153.15260004032143,61.19360473152699,0.00158211387590839,111661.67,112110.98802273147,111212.35197726852
2025-10-12 12:15:00,112133.57,112160.79,111928.54,112004.64,331.56248,112004.64,111681.08249999999,111184.49740000001,111824.43708392831,111646.64706513233,177.7900187959749,158.08008379145213,65.56783297129444,0.0016128392415031792,111681.08249999999,112155.03630537589,111207.12869462409
2025-10-12 12:30:00,112004.63,112034.13,111698.8,111838.41,284.43852,111838.41,111693.7685,111214.6916,111826.58676332395,111660.85172697438,165.73503634957888,159.6110743030775,63.96450040937497,0.0016526449480408286,111693.7685,112170.43338990507,111217.10361009494
2025-10-12 12:45:00,111838.4,111838.41,111555.0,111789.6,171.87555,111789.6,111706.9885,111251.9852,111820.89649204334,111670.3886360874,150.50785595593334,157.79043063364867,59.341233310482245,0.0016507897010938754,111706.9885,112178.6078159796,111235.36918402041
2025-10-12 13:00:00,111789.61,111934.51,111617.47,111928.53,135.17904,111928.53,111727.71300000002,111295.7092,111837.45549326744,111689.51021859945,147.945274667989,155.82139944051676,57.50969842290964,0.001668593484039246,111727.71300000002,112200.05968708241,111255.36631291763
2025-10-12 13:15:00,111928.52,111933.53,111564.13,111677.06,152.99665,111677.06,111723.4615,111336.4196,111812.77926353399,111688.58798018467,124.19128334931156,149.49537622227572,46.16660117124982,0.001680709495752738,111723.4615,112196.03598513972,111250.88701486029
2025-10-12 13:30:00,111677.07,111819.28,111417.73,111818.31,561.1564,111818.31,111734.37650000001,111372.1766,111813.63014606721,111698.19701868952,115.43312737769156,142.6829264533589,49.25622597359166,0.0016701446071334797,111734.37650000001,112205.02549864005,111263.72750135997
2025-10-12 13:45:00,111818.3,111837.94,111265.99,111297.52,314.48435,111297.52,111733.70749999999,111398.8544,111734.22858513381,111668.51723952733,65.71134560648352,127.28861028398383,43.66362999299219,0.0018942420922744502,111733.70749999999,112206.92205775625,111260.49294224373
2025-10-12 14:00:00,111297.51,111498.12,111219.96,111416.49,147.82002,111416.49,111744.50600000001,111427.04060000001,111685.34572588245,111649.8485551179,35.497170764545444,108.93032238009616,46.74902973420131,0.0018937519706891867,111744.50600000001,112174.36104632662,111314.6509536734
2025-10-12 14:15:00,111416.49,111541.71,111333.0,111481.26,87.61538,111481.26,111749.11949999999,111457.0946,111653.94792190053,111637.36051399806,16.587407902465202,90.46173948456996,46.704117241966166,0.0018604311378488676,111749.11949999999,112164.65063928894,111333.58836071103
2025-10-12 14:30:00,111481.26,111493.39,111177.75,111399.68,135.62872,111399.68,111738.08599999998,111482.2782,111614.82978006969,111619.75454999821,-4.924769928518799,71.38443760195221,40.54470332249443,0.0018039665529890711,111738.08599999998,112178.95970771878,111297.21229228118
2025-10-12 14:45:00,111399.67,112990.9,111361.59,112338.1,2427.70688,112338.1,111763.13900000001,111520.0914,111726.10212159743,111672.96532407243,53.1367975250032,67.73490958656241,59.14856125452013,0.0025974337565246495,111763.13900000001,112278.36558769034,111247.91241230968
2025-10-12 15:00:00,112338.11,113381.6,112078.0,113218.53,1469.14274,113218.53,111831.50349999999,111579.585,111955.70641058245,111787.45159636336,168.25481421909353,87.83889051306865,65.79727220336822,0.003104539985168085,111831.50349999999,112662.21082747518,111000.7961725248
2025-10-12 15:15:00,113218.52,113745.84,112889.87,113169.49,1145.15895,113169.49,111909.27850000001,111640.5944,112142.44234741593,111889.82481144756,252.61753596836934,120.79461960412881,67.30745549107223,0.003048763882926656,111909.27850000001,112924.92155713179,110893.63544286824
2025-10-12 15:30:00,113169.49,113185.99,112400.0,112671.65,907.58586,112671.65,111963.62649999998,111679.86140000001,112223.85890935194,111947.73778837737,276.121120974567,151.85991987821646,56.66733691294494,0.003250870710061521,111963.62649999998,113021.58380689158,110905.66919310839
2025-10-12 15:45:00,112671.65,113311.32,112671.64,113198.2,521.38959,113198.2,112040.95450000002,111724.61859999999,112373.7575386824,112040.36461886793,333.39291981447604,188.1665198654684,63.48630985202528,0.0033830452049931985,112040.95450000002,113221.8367446099,110860.07225539014
2025-10-12 16:00:00,113198.2,114312.3,113198.2,113900.01,1585.59478,113900.01,112142.76599999999,111783.5248,112608.56560965435,112178.1161285814,430.44948107295204,236.62311210696515,70.7794930513278,0.0035938148187242805,112142.76599999999,113582.15026728061,110703.38173271937
2025-10-12 16:15:00,113900.01,113936.08,113490.01,113649.78,527.20881,113649.78,112238.255,111843.0004,112768.7524389383,112287.128267205,481.6241717333032,285.6233240322328,68.01773703623343,0.0036340383253120855,112238.255,113812.23328783739,110664.27671216262
2025-10-12 16:30:00,113649.78,114284.0,113372.33,114243.06,517.55673,114243.06,112351.15799999998,111906.3584,112995.56898679395,112432.0120992639,563.5568875300523,341.2100367317967,70.60499285133085,0.0037538236993433483,112351.15799999998,114155.70486454388,110546.61113545609
2025-10-12 16:45:00,114243.06,114700.0,113900.5,114069.35,970.20175,114069.35,112462.20749999999,111965.1178,113160.76606574873,112553.29638820732,607.469677541405,394.4619648937184,71.59624964115947,0.0037637837895257344,112462.20749999999,114404.56568021332,110519.84931978666
2025-10-12 17:00:00,114069.35,114466.94,113873.04,114317.15,462.08232,114317.15,112571.34099999999,112021.44900000001,113338.67128640278,112683.95221130307,654.7190750997106,446.51338693491687,72.13235268067506,0.0037563079217316437,112571.34099999999,114674.7613536022,110467.92064639778
2025-10-12 17:15:00,114317.14,114453.25,114246.96,114336.93,317.94895,114336.93,112687.9555,112077.69020000001,113492.24955003313,112806.3950104658,685.8545395673282,494.38161746139923,79.54204824453126,0.003728291766767796,112687.9555,114914.11420645608,110461.79679354391
2025-10-12 17:30:00,114336.93,114399.47,114015.27,114334.04,344.53469,114334.04,112812.73700000001,112138.436,113621.75577310496,112919.55389857944,702.2018745255191,535.9456688742232,79.01227692999188,0.0036904373002894517,112812.73700000001,115116.80322048451,110508.67077951551
2025-10-12 17:45:00,114334.04,114364.21,113516.38,113799.99,489.77541,113799.99,112913.25649999999,112182.7574,113649.1764233965,112984.77138757356,664.4050358229288,561.6375422639643,71.08929477699517,0.0038994142227885766,112913.25649999999,115204.76031431885,110621.75268568113
2025-10-12 18:00:00,113799.99,114236.87,113782.0,114046.61,250.79009,114046.61,113019.1605,112232.9068,113710.32005056625,113063.42609960516,646.8939509610937,578.6888240033902,73.37265671220075,0.003909171561149809,113019.1605,115314.8173583796,110723.5036416204
2025-10-12 18:15:00,114046.6,114177.38,113844.0,113894.18,177.16316,113894.18,113130.01649999998,112276.78279999999,113738.60619663297,113124.96342556032,613.6427710726566,585.6796134172436,65.95501654888996,0.003875210853717798,113130.01649999998,115366.14738181257,110893.8856181874
2025-10-12 18:30:00,113894.19,114017.41,113553.81,113621.81,240.76124,113621.81,113220.19149999999,112312.50020000001,113720.63755099713,113161.76687551882,558.8706754783052,580.317825829456,54.724018367538214,0.00394716363829069,113220.19149999999,115377.67505192028,111062.7079480797
2025-10-12 18:45:00,113621.8,113905.09,113555.9,113878.93,149.21091,113878.93,113349.26200000002,112351.4064,113744.9902354591,113214.89006992483,530.1001655342698,570.2742937704187,57.92408320823496,0.00374079094074217,113349.26200000002,115323.52158938893,111375.00241061111
2025-10-12 19:00:00,113878.93,114362.01,113826.65,114347.29,170.82652,114347.29,113495.802,112403.746,113837.65173769616,113298.77154622671,538.8801914694486,563.9954733102247,68.84011693276383,0.003798631212682933,113495.802,115293.17155475421,111698.43244524578
2025-10-12 19:15:00,114347.28,114390.97,114194.0,114289.99,127.12704,114289.99,113636.2385,112455.82560000001,113907.24223958906,113372.1951353951,535.04710419396,558.2057994869718,63.72371315442177,0.0038171643231418037,113636.2385,115193.76414575546,112078.71285424456
2025-10-12 19:30:00,114289.99,114396.69,114090.34,114176.89,102.78593,114176.89,113775.099,112507.7376,113948.7265104215,113431.80216240286,516.9243480186415,549.9495091933057,54.08493260628392,0.0038246432724367667,113775.099,114938.3453198407,112611.85268015931
2025-10-12 19:45:00,114176.89,114365.41,114121.4,114342.28,201.78059,114342.28,113875.308,112562.25540000001,114009.2732011259,113499.24496518783,510.0282359380799,541.9652545422606,60.47908722232325,0.003432945208373233,113875.308,114846.83049372332,112903.78550627669
2025-10-12 20:00:00,114342.28,114806.05,114342.27,114602.16,397.87576,114602.16,113944.4895,112622.6048,114100.48655479884,113580.9423751739,519.5441796249506,537.4810395587986,56.043826578699516,0.003043694936392931,113944.4895,114916.14578316045,112972.83321683954
2025-10-12 20:15:00,114602.15,115357.1,114562.0,115230.89,488.57552,115230.89,114047.5595,112696.7186,114274.3947771375,113703.16071775359,571.2340593839035,544.2316435238196,66.95272956547637,0.003219447171397311,114047.5595,115106.48489404964,112988.63410595036
2025-10-12 20:30:00,115230.88,115468.65,114946.49,115105.33,606.36997,115105.33,114169.24350000001,112768.5444,114402.2309652702,113807.0251090311,595.2058562390885,554.4264860668734,61.929179859425446,0.003010601418056218,114169.24350000001,115115.80467378267,113222.68232621736
2025-10-12 20:45:00,115105.33,115291.35,114900.0,114927.97,324.54129,114927.97,114255.73199999999,112831.862,114483.11389369016,113890.05806391769,593.0558297724638,562.1523548079915,58.5381779519007,0.002939336933187749,114255.73199999999,115142.95486702307,113368.5091329769
2025-10-12 21:00:00,114927.97,115600.0,114674.21,115361.13,556.991,115361.13,114328.78800000002,112907.08439999999,114618.1932946609,113999.02635547935,619.1669391815522,573.5552716827036,63.19681967811341,0.00274661395577842,114328.78800000002,115326.43301537125,113331.14298462878
2025-10-12 21:15:00,115361.12,115403.14,114700.0,114953.14,395.43479,114953.14,114393.95599999998,112979.9292,114669.72355702077,114069.70144025865,600.0221167621203,578.848640698587,65.31257220405956,0.0028344053187986137,114393.95599999998,115374.98448079926,113412.92751920069
2025-10-12 21:30:00,114953.15,114957.47,114217.75,114622.81,431.16004,114622.81,114412.94350000001,113048.375,114662.50608670988,114110.67244468394,551.8336420259438,573.4456409640584,57.484905483907795,0.002711263638250748,114412.94350000001,115396.37189923853,113429.51510076149
2025-10-12 21:45:00,114622.82,114950.71,114503.24,114882.06,228.07504,114882.06,114453.579,113118.23640000001,114696.28361183144,114167.81226359624,528.471348235209,564.4507824182886,62.486159913041355,0.0027190814205128506,114453.579,115444.36424394193,113462.79375605806
2025-10-12 22:00:00,114882.06,115770.0,114882.06,115374.57,712.69516,115374.57,114506.45,113193.3208,114800.63536385738,114257.20172555206,543.433638305316,560.2473535956941,70.98591009664665,0.0028320962541669133,114506.45,115576.28204243838,113436.61795756161
2025-10-12 22:15:00,115374.58,115607.06,115176.35,115233.74,502.88857,115233.74,114551.2905,113261.25480000001,114867.26684634086,114329.5378940297,537.7289523111685,555.743673338789,66.68587967239371,0.002856678320807234,114551.2905,115665.46408094667,113437.11691905334
2025-10-12 22:30:00,115233.75,115408.24,115101.46,115389.99,282.01261,115389.99,114604.08799999999,113332.0298,114947.68579305765,114408.08990187934,539.5958911783091,552.5141169066931,63.91142158798614,0.002862682788727072,114604.08799999999,115773.61653314152,113434.55946685845
2025-10-12 22:45:00,115390.0,115536.83,115185.47,115221.4,245.79991,115221.4,114675.15849999999,113404.17799999999,114989.79567104878,114468.33509433271,521.4605767160683,546.3034088685681,62.06824171467194,0.002641063064686784,114675.15849999999,115811.21964494805,113539.09735505193
2025-10-12 23:00:00,115221.4,115250.01,114745.05,114892.21,473.25783,114892.21,114717.4385,113470.3284,114974.78249088742,114499.73323549326,475.04925539415854,532.0525781736862,58.776889438579495,0.0027242069596250524,114717.4385,115817.37170972719,113617.50529027282
2025-10-12 23:15:00,114892.2,115322.0,114733.65,115245.25,234.85211,115245.25,114784.99200000001,113542.20059999998,115016.39287690473,114554.95669953078,461.43617737395107,517.9292980137392,60.591601038785534,0.0027568040233253827,114784.99200000001,115836.94386775061,113733.04013224941
2025-10-12 23:30:00,115245.25,115350.8,114841.78,114963.15,168.34444,114963.15,114852.05900000001,113604.18800000001,115008.20166507323,114585.19324030628,423.0084247669438,498.9451233643801,54.21236017727397,0.0027600445192808463,114852.05900000001,115751.78424874795,113952.33375125207
2025-10-12 23:45:00,114963.15,115144.57,114900.0,114958.8,222.96032,114958.8,114906.05249999999,113668.564,115000.60140890811,114612.86781509842,387.73359380969487,476.70281745344306,46.28344137838722,0.002734502395862806,114906.05249999999,115680.82022274143,114131.28477725855
2025-10-13 00:00:00,114958.81,115241.48,114766.69,115239.22,433.94934,115239.22,114950.649,113733.6484,115037.31196138379,114659.26427323927,378.0476881445211,456.9717915916587,51.754613576140706,0.0026413652811100273,114950.649,115691.95183042258,114209.34616957743
2025-10-13 00:15:00,115239.23,115888.0,115218.63,115218.63,553.92661,115218.63,114997.081,113801.05380000001,115065.20704424781,114700.69877151785,364.5082727299596,438.4790878193189,53.97228448040238,0.002636607745908078,114997.081,115678.0233578611,114316.13864213892
2025-10-13 00:30:00,115218.64,115225.99,114966.32,115136.36,271.19177,115136.36,115045.0545,113861.09139999999,115076.15365282506,114732.96997362765,343.1836791974056,419.42000609493624,46.60233212706066,0.0026296309188489817,115045.0545,115607.59536715261,114482.51363284739
2025-10-13 00:45:00,115136.31,115482.43,114980.75,115280.84,221.16944,115280.84,115091.9825,113926.6154,115107.64386008274,114773.55293854413,334.09092153860547,402.35418918367014,55.38236646738055,0.002626004810390315,115091.9825,115555.56265028575,114628.40234971425
2025-10-13 01:00:00,115280.83,115396.68,115079.18,115180.0,283.22065,115180.0,115120.8745,113993.4472,115118.77557391617,114803.66012828161,315.1154456345539,384.90644047384694,59.89782251102252,0.0026028364781364366,115120.8745,115524.00231968793,114717.74668031208
2025-10-13 01:15:00,115180.01,115654.62,115084.04,115602.0,255.0587,115602.0,115139.43000000001,114069.6952,115193.1177933137,114862.79641507556,330.32137823813537,373.9894280267047,62.089834959999536,0.002436650323952585,115139.43000000001,115594.67415431612,114684.1858456839
2025-10-13 01:30:00,115602.0,115750.0,115503.0,115671.06,176.56571,115671.06,115167.71650000001,114144.5458,115266.64736357311,114922.66779173663,343.9795718364767,367.98745678865913,55.8044017055531,0.0024201271486782674,115167.71650000001,115680.68300458831,114654.74999541171
2025-10-13 01:45:00,115671.05,115746.1,115560.04,115713.32,99.65317,115713.32,115206.98400000001,114225.27100000001,115335.36623071572,114981.23462197836,354.13160873735615,365.21628717839855,59.76566318052984,0.0023832262424980867,115206.98400000001,115761.25081381624,114652.71718618379
2025-10-13 02:00:00,115713.31,115963.81,115262.29,115327.95,318.99475,115327.95,115205.325,114295.46379999998,115334.22527214406,115006.91724257256,327.30802957150445,357.63463565701977,48.84450338230458,0.0023748215408605,115205.325,115757.84502916502,114652.80497083497
2025-10-13 02:15:00,115327.95,115360.0,115001.62,115210.69,224.25631,115210.69,115218.20250000001,114373.72720000001,115315.21984566037,115022.01152090052,293.20832475984935,344.7493734775857,49.796637589576456,0.002241043932372316,115218.20250000001,115757.82951082577,114678.57548917425
2025-10-13 02:30:00,115210.69,115427.93,115174.76,115323.06,201.53446,115323.06,115253.21500000001,114451.85859999999,115316.42602325107,115044.31140824122,272.11461500985024,330.22242178403866,58.91508477452074,0.0021336459655957756,115253.21500000001,115715.51419441297,114790.91580558705
2025-10-13 02:45:00,115323.06,115475.34,115274.7,115319.97,238.05526,115319.97,115275.1105,114528.6328,115316.97125044321,115064.73056318633,252.24068725688267,314.6260748786075,51.80792272775668,0.0020840709731432512,115275.1105,115703.641534823,114846.579465177
2025-10-13 03:00:00,115319.98,115613.7,115274.71,115471.15,184.64702,115471.15,115279.93950000001,114610.06219999999,115340.69105806733,115094.83570665399,245.8553514133382,300.87193018555365,63.12295276770321,0.0018717420468811134,115279.93950000001,115715.31167851803,114844.56732148198
2025-10-13 03:15:00,115471.15,115471.15,115111.91,115157.11,142.6986,115157.11,115276.10800000001,114666.4424,115312.44781836466,115099.44861727222,212.9992010924325,283.2973843669294,54.41625134173335,0.0019532633371433295,115276.10800000001,115714.53017579953,114837.68582420048
2025-10-13 03:30:00,115157.11,115215.16,114778.0,114864.42,318.37253,114864.42,115249.82950000002,114699.3602,115243.52046169319,115082.03909006687,161.4813716263161,258.93418181880674,41.6987818383166,0.002001397686084264,115249.82950000002,115721.2714601004,114778.38753989965
2025-10-13 03:45:00,114864.42,114890.0,114619.45,114821.12,200.31426,114821.12,115229.8155,114732.39280000002,115178.53577527885,115062.71175006194,115.82402521691984,230.31215049842933,41.283478276123454,0.0019807715806399325,115229.8155,115738.82808867289,114720.8029113271
2025-10-13 04:00:00,114821.13,115000.0,114658.84,114728.09,168.55901,114728.09,115221.60949999999,114773.52160000001,115109.23642523595,115037.92495376104,71.31147147490992,198.51201469372546,41.08958214206196,0.00188532676918432,115221.60949999999,115758.08922606624,114685.12977393375
2025-10-13 04:15:00,114728.1,114856.62,114616.01,114651.46,179.00331,114651.46,115191.92,114802.58679999999,115038.80928289195,115009.29792014911,29.511362742836354,164.71188430354766,35.844668753823555,0.0017368607354375158,115191.92,115785.56744263264,114598.27255736735
2025-10-13 04:30:00,114651.46,114999.99,114600.0,114616.31,337.50461,114616.31,115174.57800000001,114816.91279999999,114973.80939321626,114980.18770384177,-6.378310625514132,130.4938453177353,36.936076720913206,0.0016589431267636072,115174.57800000001,115814.80137698902,114534.354623011
2025-10-13 04:45:00,114616.31,114722.46,114398.24,114708.15,400.94329,114708.15,115162.04550000001,114838.0802,114932.93871733683,114960.03676281645,-27.09804547962267,98.97546715826368,25.541381405046565,0.001672478438005321,115162.04550000001,115829.29626669796,114494.79473330206
2025-10-13 05:00:00,114708.15,114766.74,114500.02,114740.01,115.16202,114740.01,115137.08499999999,114848.0192,114903.25737620809,114943.7384840893,-40.48110788121994,71.08415215036696,23.994033752869797,0.0015656469746225363,115137.08499999999,115829.07063424168,114445.0993657583
2025-10-13 05:15:00,114740.01,114834.7,114563.53,114713.83,101.85637,114713.83,115111.845,114860.90879999999,114874.1147029453,114926.70822600862,-52.59352306331857,46.34861710762985,21.829322600465105,0.0015656241837379427,115111.845,115827.71967537199,114395.97032462801
2025-10-13 05:30:00,114713.82,114736.24,114532.06,114582.26,437.9713,114582.26,115084.14000000001,114866.211,114829.21397941525,114901.19354260058,-71.97956318533397,22.682981049037082,25.473789460527456,0.0015757973267276817,115084.14000000001,115837.90550353052,114330.3744964695
2025-10-13 05:45:00,114582.27,114683.86,114537.21,114611.82,179.98786,114611.82,115050.68899999998,114871.7088,114795.7687518129,114879.7584653709,-83.98971355801041,1.3484421276275786,29.096887238305357,0.0015414159141531674,115050.68899999998,115826.75023840903,114274.62776159093
2025-10-13 06:00:00,114611.82,114840.0,114417.77,114780.11,124.45454,114780.11,115030.69449999998,114880.63020000001,114793.35971307245,114872.37709756567,-79.0173844932142,-14.724723196540781,31.760737968704817,0.0015831005195971878,115030.69449999998,115813.30598891717,114248.0830110828
2025-10-13 06:15:00,114780.12,115123.71,114758.69,115099.99,203.62618,115099.99,115005.594,114906.6302,114840.533603369,114889.2373125608,-48.70370919180277,-21.520520395593184,43.907046310658195,0.0014800379609223395,115005.594,115741.88552082218,114269.30247917782
2025-10-13 06:30:00,115099.99,115379.84,114992.61,115002.72,142.986,115002.72,114972.177,114925.7524,114865.48535669684,114897.64343755628,-32.15808085944445,-23.64803248836344,36.6261441565934,0.0014734187535074765,114972.177,115638.65621153734,114305.69778846265
2025-10-13 06:45:00,115002.71,115290.44,114911.12,115221.22,128.34549,115221.22,114947.572,114952.2932,114920.21376335886,114921.61207181137,-1.3983084525098093,-19.198087681192717,51.93598067341083,0.0015473722542893623,114947.572,115529.86247030793,114365.28152969207
2025-10-13 07:00:00,115221.23,115485.8,115034.0,115399.66,192.69095,115399.66,114951.1575,114987.8502,114993.9747228421,114957.02302945497,36.95169338713458,-7.968131467527255,67.36101200129744,0.0014082007515975026,114951.1575,115544.09566696521,114358.2193330348
2025-10-13 07:15:00,115399.65,115552.01,115325.01,115493.8,140.43095,115493.8,114965.313,115020.1476,115070.87091932795,114996.78428653238,74.08663279557368,8.442821385092937,71.12237336247293,0.0013959336989991511,114965.313,115596.61585207061,114334.01014792938
2025-10-13 07:30:00,115493.8,115554.83,115352.0,115429.93,269.84042,115429.93,114970.6565,115041.8004,115126.11077789287,115028.86915419664,97.24162369623082,26.20258184732052,72.44911014726348,0.0013886700338843034,114970.6565,115616.3541012507,114324.95889874929
2025-10-13 07:45:00,115429.92,115429.93,115101.02,115399.67,313.65083,115399.67,114974.6415,115063.99399999999,115168.1968120632,115056.3358835154,111.8609285477869,43.334251187413805,74.66393285909173,0.0013903265829197824,114974.6415,115630.32285242973,114318.96014757027
2025-10-13 08:00:00,115399.66,115415.64,115179.75,115320.72,203.26875,115320.72,114967.12000000002,115086.87060000001,115191.66191789962,115075.9198921439,115.74202575572417,57.81580610107589,72.56841875933118,0.0013653429949984656,114967.12000000002,115601.93930275837,114332.30069724168
2025-10-13 08:15:00,115320.73,115401.77,115138.0,115290.7,119.54481,115290.7,114973.7995,115105.839,115206.89854591506,115091.82952976286,115.06901615219249,69.26644811129923,69.43401010148168,0.0012162108477353118,114973.7995,115619.74953079989,114327.8494692001
2025-10-13 08:30:00,115290.71,115427.0,115164.22,115212.11,167.8921,115212.11,114991.18399999998,115118.03799999999,115207.70030808197,115100.73919422488,106.96111385709082,76.80538126045755,65.27317666545888,0.001069126792398918,114991.18399999998,115643.42353518293,114338.94446481703
2025-10-13 08:45:00,115212.11,115438.17,115175.71,115254.23,154.14621,115254.23,115012.83949999997,115118.50480000001,115214.8587222232,115112.10888354154,102.74983868165873,81.9942727446978,67.30431775389658,0.0010626763592044067,115012.83949999997,115670.04573597634,114355.6332640236
2025-10-13 09:00:00,115254.23,115254.23,114748.38,114801.34,539.53653,114801.34,115016.50200000001,115112.425,115151.24045726577,115089.08896624218,62.15149102358555,78.02571640047535,55.81799254294183,0.0013942005198306663,115016.50200000001,115667.81672811045,114365.18727188956
2025-10-13 09:15:00,114801.34,114995.11,114781.62,114950.0,267.67677,114950.0,115031.429,115112.8656,115120.28038691719,115078.78607985387,41.49430706331623,70.71943453304353,58.446560233380424,0.001411256982855774,115031.429,115660.8334309654,114402.0245690346
2025-10-13 09:30:00,114950.0,115169.64,114928.0,115113.08,118.52913,115113.08,115056.2675,115107.90460000001,115119.17263508379,115081.32637023507,37.84626484871842,64.1448005961785,58.33813299143071,0.0014356223648420501,115056.2675,115655.16407909749,114457.37092090251
2025-10-13 09:45:00,115113.08,115199.58,115088.67,115127.04,111.82313,115127.04,115077.21200000001,115111.3826,115120.38299891705,115084.71256503247,35.67043388457387,58.449927253857574,50.79994085464996,0.0014291000153305801,115077.21200000001,115653.72890905131,114500.69509094872
2025-10-13 10:00:00,115127.05,115162.0,114942.4,114986.55,214.53679,114986.55,115089.53900000002,115118.6574,115099.79330677597,115077.44126391895,22.352042857019114,51.23035037448988,49.53372895724844,0.0014627482942249945,115089.53900000002,115645.8882099799,114533.18979002014
2025-10-13 10:15:00,114986.56,115051.5,114823.26,114884.69,226.84798,114884.69,115098.08200000001,115118.71,115066.70049034891,115063.16339251754,3.537097831373103,41.691699865866525,39.596124476761034,0.0014780242104217068,115098.08200000001,115635.04956924613,114561.11443075389
2025-10-13 10:30:00,114884.69,114937.27,114740.34,114794.43,348.68363,114794.43,115108.6905,115107.10720000001,115024.81272260295,115043.25721529401,-18.444492691065534,29.664461354480114,30.210247523133347,0.0014644433075051899,115108.6905,115609.94549456336,114607.43550543663
2025-10-13 10:45:00,114794.43,114970.85,114764.48,114810.62,106.61562,114810.62,115118.6305,115098.64480000001,114991.85999604863,115026.02482897593,-34.16483292730118,16.898602498123854,26.461549062844227,0.0014639854907456111,115118.6305,115585.07468917684,114652.18631082316
2025-10-13 11:00:00,114810.61,114810.61,114158.78,114550.0,839.58243,114550.0,115107.125,115081.845,114923.88153511808,114990.76373053328,-66.88219541519356,0.14244291546036442,23.30228465669461,0.0015161485600692912,115107.125,115617.96648302166,114596.28351697834
2025-10-13 11:15:00,114550.0,114604.63,113616.5,113643.33,472.86579,113643.33,115034.29199999999,115050.28360000001,114726.87360663837,114890.95382456786,-164.0802179294842,-32.70208925352856,15.21217259028019,0.0021849489009751325,115034.29199999999,115864.77788501007,114203.8061149899
2025-10-13 11:30:00,113643.33,114206.0,113629.13,114082.25,510.3415,114082.25,114988.26849999998,115034.0844,114627.70074407861,114831.04983756282,-203.34909348421206,-66.83149009966527,28.531062673133675,0.002403649265919356,114988.26849999998,115921.75446834823,114054.78253165173
2025-10-13 11:45:00,114082.25,114380.0,113981.99,114180.0,158.97129,114180.0,114936.20749999999,115012.77940000001,114558.82370652806,114782.82392366928,-224.00021714121976,-98.26523550797619,31.18771298686336,0.00236209822857568,114936.20749999999,115929.23115102053,113943.18384897945
2025-10-13 12:00:00,114180.0,114473.13,113931.16,114377.05,265.67431,114377.05,114885.077,115001.0574,114530.85852090837,114752.76659599008,-221.90807508170838,-122.99380342272265,36.40197751520914,0.0023703078358374235,114885.077,115882.92080108778,113887.23319891223
2025-10-13 12:15:00,114377.04,114377.05,114193.5,114353.92,152.9239,114353.92,114828.08300000001,114988.95980000001,114503.6372099994,114723.22240369451,-219.5851936951076,-142.31208147719965,35.248219745504755,0.0023527358147691917,114828.08300000001,115809.61305597374,113846.55294402629
2025-10-13 12:30:00,114353.92,114665.97,114254.88,114521.39,516.73695,114521.39,114782.656,114974.6032,114506.36840846104,114708.27185527269,-201.90344681164424,-154.23035454408858,44.939644482685125,0.0023929423815357066,114782.656,115730.42062539508,113834.89137460492
2025-10-13 12:45:00,114521.38,114748.97,114327.41,114412.26,274.1354,114412.26,114733.2855,114958.47579999999,114491.89019177474,114686.34505117842,-194.45485940367507,-162.2752555160059,40.13892862120303,0.0023959482784093517,114733.2855,115648.01438991088,113818.55661008912
2025-10-13 13:00:00,114412.25,114704.1,114249.98,114372.06,299.739,114372.06,114685.8525,114943.18980000001,114473.45477765556,114663.06467701706,-189.60989936150145,-167.74218428510503,35.76986595997994,0.0023952227341568597,114685.8525,115570.20409178121,113801.50090821878
2025-10-13 13:15:00,114372.06,114548.0,114220.07,114345.7,190.85095,114345.7,114638.6025,114924.48700000001,114453.80019647778,114639.5561824232,-185.75598594541952,-171.34494461716795,35.0667023431827,0.0023953303066669633,114638.6025,115487.14071425074,113790.06428574925
2025-10-13 13:30:00,114346.54,115530.0,114312.84,114952.06,935.81243,114952.06,114625.6,114919.92820000001,114530.45555086582,114662.70461335481,-132.2490624889906,-163.5257681915325,49.44045529320524,0.0027122659905599966,114625.6,115444.59099430603,113806.60900569399
2025-10-13 13:45:00,114952.05,115400.0,114457.3,115345.79,388.79653,115345.79,114630.178,114914.804,114655.8916199634,114713.30353088408,-57.411910920680384,-142.3029967373621,56.83345979655215,0.002824435938088297,114630.178,115464.83815512185,113795.51784487815
2025-10-13 14:00:00,115345.79,115476.18,114880.22,114965.27,408.58405,114965.27,114638.37449999999,114900.6882,114703.48829381519,114731.96771378155,-28.479419966359274,-119.53828138316153,52.3312682514125,0.0027809388413395364,114638.37449999999,115483.26876869852,113793.48023130147
2025-10-13 14:15:00,114965.27,115072.58,114177.8,114318.48,393.01181,114318.48,114606.79849999999,114872.79139999999,114644.25624861284,114701.33899424216,-57.082745629319106,-107.04717423239305,44.2703797704147,0.0030397103957366897,114606.79849999999,115449.85699312433,113763.74000687565
2025-10-13 14:30:00,114318.49,114800.0,113972.0,114547.0,331.77037,114547.0,114578.49449999999,114857.1724,114629.29374882625,114689.90647615015,-60.61272732389625,-97.7602848506937,49.96481020973115,0.0030593930152898593,114578.49449999999,115387.29917793404,113769.68982206594
2025-10-13 14:45:00,114547.01,114608.74,113800.01,114036.63,301.51743,114036.63,114523.97399999997,114833.69119999999,114538.11471054528,114641.51562606494,-103.40091551965452,-98.88841098448587,55.086258179655,0.00319878656703556,114523.97399999997,115324.04624093072,113723.90175906922
2025-10-13 15:00:00,114036.63,114600.0,113968.02,114418.31,245.25335,114418.31,114495.56199999999,114815.59620000001,114519.68321661523,114624.98187598605,-105.29865937081922,-100.17046066175256,54.41132457876744,0.003303775128490851,114495.56199999999,115266.2885944484,113724.83540555158
2025-10-13 15:15:00,114418.3,114584.87,114203.75,114259.37,229.75824,114259.37,114464.296,114794.3842,114479.63502944366,114597.89951480189,-118.26448535823147,-103.78926560104837,51.02538595697946,0.0033108423199913637,114464.296,115219.12708622325,113709.46491377676
2025-10-13 15:30:00,114259.37,114545.11,114108.16,114174.85,319.40342,114174.85,114433.317,114768.45820000001,114432.74502491386,114566.56251370544,-133.81748879158113,-109.79491023915493,47.30953876286688,0.0033104799566696904,114433.317,115181.93030213055,113684.70369786944
2025-10-13 15:45:00,114174.85,114727.95,114174.85,114312.1,284.16073,114312.1,114408.39100000002,114751.55799999999,114414.1842518502,114547.71343861615,-133.52918676595436,-114.54176554451482,49.45994669201216,0.0033258021901124346,114408.39100000002,115137.03990243771,113679.74209756232
2025-10-13 16:00:00,114312.09,115174.0,114270.89,114912.79,350.84225,114912.79,114426.53050000002,114752.52539999998,114490.89282848862,114574.75614686681,-83.86331837819307,-108.40607611125046,54.54581353105413,0.0035017462749295666,114426.53050000002,115187.37466033184,113665.6863396682
2025-10-13 16:15:00,114912.8,114960.0,114388.74,114457.27,324.52763,114457.27,114467.22750000001,114745.2484,114485.72008564422,114566.05346932112,-80.33338367690158,-102.79153762438067,50.483827623644345,0.0031117079299683155,114467.22750000001,115132.7886324617,113801.66636753832
2025-10-13 16:30:00,114457.27,114580.0,114353.17,114392.02,165.20954,114392.02,114482.71600000001,114738.52699999999,114471.3046878528,114553.16210122326,-81.85741337046784,-98.60471277359811,50.21340746284622,0.003005276357664356,114482.71600000001,115124.54985616409,113840.88214383594
2025-10-13 16:45:00,114392.01,114800.0,114363.47,114669.24,144.4632,114669.24,114507.178,114738.8826,114501.75627433698,114561.76046409561,-60.00418975863431,-90.88460817060536,53.283096830757344,0.003045098299973456,114507.178,115137.62516910472,113876.73083089528
2025-10-13 17:00:00,114669.25,114985.56,114458.36,114575.17,187.12098,114575.17,114517.08399999999,114738.0598,114513.05069366976,114562.75376305149,-49.703069381721434,-82.64830041282858,45.731777752108094,0.003031948814748349,114517.08399999999,115145.14355062318,113889.0244493768
2025-10-13 17:15:00,114575.17,114685.66,114458.36,114546.0,112.58703,114546.0,114526.688,114734.8168,114518.11981772058,114561.51274356619,-43.39292584560462,-74.79722549938379,40.12729261253521,0.0030322378774368577,114526.688,115150.09936266138,113903.27663733861
2025-10-13 17:30:00,114546.0,114698.0,114420.4,114458.37,134.73481,114458.37,114523.53699999998,114729.18400000001,114508.92753807126,114553.87254033906,-44.945002267792006,-68.82678085306543,43.25503909389439,0.0030199383372970304,114523.53699999998,115147.69772626455,113899.37627373541
2025-10-13 17:45:00,114458.36,115053.43,114215.79,115040.55,235.45774,115040.55,114554.9515,114735.7184,114590.71560913723,114589.92272253615,0.7928866010770435,-54.90284736223693,59.776171740666975,0.003217552799219034,114554.9515,115217.58918988044,113892.31381011955
2025-10-13 18:00:00,115040.55,115090.99,114710.0,114751.33,217.32175,114751.33,114573.915,114739.09980000001,114615.4255154238,114601.87881716312,13.546698260688572,-41.21293823765183,52.72170732422061,0.0032756624312802922,114573.915,115236.22265487172,113911.60734512827
2025-10-13 18:15:00,114751.32,115311.39,114751.32,115258.4,240.47508,115258.4,114619.55,114752.0314,114714.34466689706,114650.51001589176,63.83465100529429,-20.2034203890626,66.28848579222003,0.0034080012773914812,114619.55,115338.96216582242,113900.13783417759
2025-10-13 18:30:00,115258.39,115377.48,114977.58,115205.07,145.74306,115205.07,114632.2005,114760.53059999998,114789.84087198981,114691.58853323311,98.25233875670529,3.487731440090984,61.4954150424016,0.0032098111719427933,114632.2005,115384.38341768597,113880.01758231405
2025-10-13 18:45:00,115205.06,115279.28,115011.72,115160.63,121.38245,115160.63,114622.9425,114761.74340000002,114846.88535322214,114726.33234558623,120.55300763591367,26.90078667925553,63.62424264412464,0.0031146593032475313,114622.9425,115341.97173936715,113903.91326063286
2025-10-13 19:00:00,115160.63,115268.95,115070.0,115268.95,165.10797,115268.95,114638.12650000001,114767.06799999998,114911.81837580334,114766.52624591316,145.29212989017833,50.5790553214401,66.42122136304693,0.003026774635866034,114638.12650000001,115399.19098571628,113877.06201428374
2025-10-13 19:15:00,115268.94,115730.0,115210.82,115602.3,329.40549,115602.3,114702.3175,114774.68960000001,115018.04631798744,114828.43541288255,189.6109051048843,78.38542527812895,68.2879465677854,0.0027608994737657205,114702.3175,115560.26338625311,113844.3716137469
2025-10-13 19:30:00,115602.3,115729.31,115485.75,115700.05,147.87536,115700.05,114759.97000000002,114780.6974,115122.969961374,114892.99945637274,229.97050500125624,108.70244122275443,63.01462711438529,0.0027412838171036666,114759.97000000002,115722.5551523108,113797.38484768923
2025-10-13 19:45:00,115700.04,115891.3,115596.52,115792.84,346.66867,115792.84,114847.78050000002,114786.67820000001,115226.02689039338,114959.65431145624,266.3725789371383,140.2364687656312,75.08781684505531,0.0024802649670409974,114847.78050000002,115852.04449721432,113843.51650278573
2025-10-13 20:00:00,115792.84,115868.0,115542.72,115650.17,140.12635,115650.17,114909.37350000002,114791.08300000001,115291.27967648671,115010.80362171873,280.47605476797617,168.28438596610022,72.96556306380303,0.002440637916889617,114909.37350000002,115953.06173564766,113865.68526435237
2025-10-13 20:15:00,115650.17,115676.3,115485.76,115493.17,90.2125,115493.17,114971.0635,114792.95300000001,115322.339726258,115046.53446455438,275.80526170361554,189.7885611136033,65.72991878548592,0.002439335487532178,114971.0635,115998.71335479023,113943.41364520977
2025-10-13 20:30:00,115493.17,115560.0,115400.0,115456.3,87.71769,115456.3,115035.13600000001,114795.66459999999,115342.94899914139,115076.88746717999,266.06153196140076,205.0431552831628,67.19754546625624,0.0024295177744998475,115035.13600000001,116012.31754133683,114057.9544586632
2025-10-13 20:45:00,115456.29,115739.96,115456.29,115713.37,101.301,115713.37,115105.19949999999,114804.11799999999,115399.93684542732,115124.03432146297,275.90252396435244,219.21502901940073,70.92293408945092,0.002454417586492099,115105.19949999999,116064.88588553706,114145.51311446291
2025-10-13 21:00:00,115713.37,115786.04,115564.0,115635.94,72.41154,115635.94,115141.35699999999,114812.59460000001,115436.2450230539,115161.95326061385,274.2917624400434,230.23037570352926,71.18320267387224,0.0022099386728468007,115141.35699999999,116124.7193382965,114157.99466170347
2025-10-13 21:15:00,115635.93,115785.01,115553.33,115632.35,79.62838,115632.35,115200.11099999999,114820.15699999999,115466.41501950714,115196.79746353136,269.61755597578303,238.10781175798002,63.44449997728239,0.0019711162326375223,115200.11099999999,116151.2671410327,114248.95485896728
2025-10-13 21:30:00,115632.36,115693.25,115620.0,115621.78,41.50086,115621.78,115261.599,114836.5658,115490.31732419835,115228.27765141791,262.03967278043274,242.89418396247055,72.64143581740191,0.001960152763263015,115261.599,116149.70683133407,114373.49116866593
2025-10-13 21:45:00,115621.79,115700.0,115605.7,115700.0,28.23752,115700.0,115313.13700000002,114851.5658,115522.57619739861,115263.22004760918,259.3561497894261,246.1865771278617,64.78505423865059,0.0019099288335370536,115313.13700000002,116175.77391983001,114450.50008017002
2025-10-13 22:00:00,115700.0,115835.04,115680.0,115741.08,121.61801,115741.08,115371.43250000002,114864.1258,115556.19216702959,115298.61708111962,257.5750859099644,248.46427888428224,68.09438611889416,0.0018867483818313928,115371.43250000002,116179.97235029035,114562.8926497097
2025-10-13 22:15:00,115741.09,115784.92,115583.03,115583.04,70.14255,115583.04,115423.2845,114873.2458,115560.3226028712,115319.68544548114,240.6371573900542,246.89885458543668,63.24376861577027,0.0019263173438596882,115423.2845,116136.30854168233,114710.26045831766
2025-10-13 22:30:00,115583.03,115602.39,115442.67,115559.62,79.10657,115559.62,115478.347,114884.7072,115560.21451012178,115337.45837544548,222.75613467629591,242.07031060360853,59.625790641454444,0.001911658035210767,115478.347,116029.28980861005,114927.40419138994
2025-10-13 22:45:00,115559.62,115585.21,115465.53,115507.19,62.08309,115507.19,115501.679,114897.15719999999,115552.05689317995,115350.03108837544,202.02580480450706,234.06140944378825,46.13037357701406,0.0015821284241369815,115501.679,116012.62929280661,114990.7287071934
2025-10-13 23:00:00,115507.2,115507.2,115308.0,115347.94,125.64395,115347.94,115531.5095,114908.2274,115520.6542942292,115349.87619294021,170.77810128899,221.40474781282865,36.35687329029833,0.0014975935587216126,115531.5095,115910.67710406838,115152.34189593162
2025-10-13 23:15:00,115347.94,115437.42,115323.11,115388.11,88.93556,115388.11,115537.99500000002,114919.77719999998,115500.26286434778,115352.7083267965,147.55453755127382,206.63470576051768,33.65136814212191,0.0011355321830877685,115537.99500000002,115901.61183861368,115174.37816138637
2025-10-13 23:30:00,115388.1,115432.88,115094.57,115185.68,174.29776,115185.68,115537.02549999999,114932.4908,115451.86550060195,115340.3358581449,111.52964245705516,187.61369309982518,32.101543654677286,0.0012014530258870055,115537.02549999999,115904.46320837089,115169.58779162909
2025-10-13 23:45:00,115185.68,115208.38,115005.44,115166.0,165.74095,115166.0,115537.294,114962.9442,115407.88619281704,115327.4220908749,80.46410194213968,166.18377486828808,35.900883430295096,0.0011988525731329112,115537.294,115903.57966294228,115171.0083370577
2025-10-14 00:00:00,115166.0,115226.16,115049.16,115226.15,165.71874,115226.15,115535.15400000001,114985.8222,115379.9267785375,115319.92045451379,60.00632402370684,144.94828469937184,40.27696805319629,0.001185205602440082,115535.15400000001,115908.47342920834,115161.83457079167
2025-10-14 00:15:00,115226.15,115378.0,115151.0,115209.22,191.53871,115209.22,115515.5,115006.4066,115353.66419722402,115311.7204208461,41.94377637791331,124.34738303508013,23.279873647165957,0.000967289061172288,115515.5,115914.444376755,115116.555623245
2025-10-14 00:30:00,115209.21,115409.96,115093.92,115165.99,183.94865,115165.99,115488.79700000002,115022.18539999999,115324.79124380494,115300.92557485751,23.865668947430095,104.25104021755014,24.155567043192107,0.0009379122932590777,115488.79700000002,115906.76991733117,115070.82408266887
2025-10-14 00:45:00,115165.99,115165.99,114871.93,114959.03,217.83363,114959.03,115447.1065,115034.2876,115268.52028321956,115275.59997671991,-7.079693500345456,81.98489347397103,19.74005896311172,0.0009668786481068502,115447.1065,115902.08606711571,114992.12693288428
2025-10-14 01:00:00,114959.02,114991.99,114542.0,114675.12,280.90922,114675.12,115398.354,115037.3622,115177.22793195501,115231.11997844436,-53.892046489345375,54.809505481307745,15.846742189190877,0.0010606273319050444,115398.354,115958.51801298675,114838.18998701326
2025-10-14 01:15:00,114675.13,114771.83,114523.33,114565.07,157.80249,114565.07,115351.949,115040.4184,115083.04978857731,115181.78294300404,-98.73315442673629,24.10097349969893,9.973690335959304,0.0010457980285371335,115351.949,116022.02776161813,114681.87023838186
2025-10-14 01:30:00,114565.07,114593.58,114464.2,114519.44,101.89956,114519.44,115305.10599999999,115043.366,114996.34059033466,115132.7205027815,-136.37991244684963,-7.99520368961079,7.053463453046774,0.0010456148809732113,115305.10599999999,116068.9016626805,114541.31033731948
2025-10-14 01:45:00,114519.44,114519.44,114137.93,114274.57,164.70797,114274.57,115233.16600000001,115041.9434,114885.2989610524,115069.15379887176,-183.85483781936637,-43.16713051556192,6.647626746890168,0.000914326780420224,115233.16600000001,116099.23890317486,114367.09309682516
2025-10-14 02:00:00,114274.57,114298.08,114090.5,114093.98,117.31602,114093.98,115156.06800000001,115024.7818,114763.55758242894,114996.91870265902,-233.36112023008172,-81.2059284584659,6.020596778452202,0.0009390090333333777,115156.06800000001,116137.95947380854,114174.17652619148
2025-10-14 02:15:00,114093.97,114140.89,113900.51,114013.98,221.39092,114013.98,115075.14950000001,114998.1456,114648.23795436295,114924.10842838798,-275.87047402502503,-120.13883757177776,5.922602355580068,0.0009268654411217317,115075.14950000001,116153.75395883898,113996.54504116105
2025-10-14 02:30:00,114013.97,114115.09,113790.0,113860.51,150.26921,113860.51,114987.08599999998,114976.0504,114527.0490383071,114845.3233596185,-318.27432131140085,-159.7659343197024,5.942881515576531,0.0009256743629606951,114987.08599999998,116161.15060947153,113813.02139052843
2025-10-14 02:45:00,113860.51,113971.43,113647.05,113647.05,362.4246,113647.05,114884.4385,114962.6218,114391.66457087525,114756.56237001714,-364.8977991418942,-200.7923072841408,3.2315081445821647,0.0008914647457314601,114884.4385,116151.36611676171,113617.5108832383
2025-10-14 03:00:00,113647.05,113657.55,113279.76,113500.82,668.14118,113500.82,114772.42550000001,114941.6982,114254.61155997135,114663.54441668255,-408.9328567111952,-242.4204171695517,3.332114604799287,0.0008447222241752196,114772.42550000001,116114.37057571964,113430.48042428038
2025-10-14 03:15:00,113500.82,113697.64,113306.75,113329.53,228.15484,113329.53,114659.75,114927.5562,114112.29131997576,114564.72853396532,-452.43721398955677,-284.42377653355277,3.0739432840852317,0.000848806061921893,114659.75,116090.59921232727,113228.90078767273
2025-10-14 03:30:00,113329.53,113530.62,113319.02,113497.22,99.51003,113497.22,114556.63,114909.1344,114017.66496305642,114485.65382774566,-467.9888646892359,-321.13679416468943,8.123295435278749,0.0010001414786754428,114556.63,116011.48396416586,113101.77603583415
2025-10-14 03:45:00,113497.22,113700.0,113436.0,113500.0,145.27884,113500.0,114456.27050000001,114893.94699999999,113938.0241995093,114412.64243309783,-474.6182335885387,-351.83308204945934,8.314960783548656,0.0010169356685833318,114456.27050000001,115911.9535431091,113000.58745689092
2025-10-14 04:00:00,113500.0,113599.99,113225.68,113430.01,228.07071,113430.01,114360.374,114879.0502,113859.86816881555,114339.85484546096,-479.986676645407,-377.4638009686489,8.207826974558486,0.0010113551160042822,114360.374,115821.41369266753,112899.33430733246
2025-10-14 04:15:00,113430.01,113547.61,113282.0,113495.9,177.80251,113495.9,114265.7635,114862.7262,113803.87306592084,114277.3396717231,-473.4666058022558,-396.6643619353703,12.209623679520618,0.0010269285752151887,114265.7635,115691.21461962844,112840.31238037156
2025-10-14 04:30:00,113495.89,113496.75,113104.38,113181.64,198.60177,113181.64,114165.5615,114828.1032,113708.14490193302,114196.17673307694,-488.0318311439187,-414.93785577708,12.021157562811567,0.001097818668842017,114165.5615,115600.45341442108,112730.66958557891
2025-10-14 04:45:00,113181.65,113188.63,112787.0,113062.09,585.42942,113062.09,114060.36600000001,114800.19959999999,113608.75184009716,114112.17030840457,-503.4184683074127,-432.63397828314663,11.963354760338063,0.001085645297888359,114060.36600000001,115494.9241108343,112625.80788916572
2025-10-14 05:00:00,113062.09,113691.0,112994.54,113517.56,479.24274,113517.56,113974.9365,114782.71040000001,113594.72232623608,114068.1251003746,-473.40277413852164,-440.78773745422166,29.00098090998263,0.0015251027374035455,113974.9365,115317.74719348366,112632.12580651633
2025-10-14 05:15:00,113517.56,113548.0,112994.29,113031.91,357.83158,113031.91,113866.071,114749.96380000001,113508.13581450745,113991.36842627278,-483.23261176532833,-449.2767123164431,26.342182216942334,0.0017084998374695861,113866.071,115138.75791586048,112593.38408413951
2025-10-14 05:30:00,113031.92,113116.78,112390.0,112492.48,667.77881,112492.48,113732.39549999998,114708.31,113351.88107381399,113880.33965395628,-528.4585801422945,-465.11308588161336,23.175642176633772,0.0019022846665504125,113732.39549999998,114991.74428537126,112473.04671462871
2025-10-14 05:45:00,112492.48,112699.79,112390.0,112493.11,291.40932,112493.11,113609.09950000001,114667.2522,113219.76244707337,113777.58190181138,-557.8194547380117,-483.65435965289305,23.830352503106027,0.0019137811113650255,113609.09950000001,114845.4323845613,112372.76661543873
2025-10-14 06:00:00,112493.1,112699.21,112464.14,112552.85,265.76143,112552.85,113502.98599999999,114629.1418,113117.160532139,113686.86102019573,-569.7004880567401,-500.86358533366257,26.749073632853083,0.0019168766843802188,113502.98599999999,114718.19896024592,112287.77303975406
2025-10-14 06:15:00,112551.7,112555.91,112260.09,112282.32,323.31728,112282.32,113388.84850000001,114573.97720000001,112988.72352719455,113582.82094462568,-594.0974174311268,-519.5103517531554,26.217006549023793,0.001944965834126656,113388.84850000001,114612.81811962949,112164.87888037052
2025-10-14 06:30:00,112282.33,112435.61,111803.37,111837.38,559.18407,111837.38,113254.7455,114515.6982,112811.59375378002,113453.52902280155,-641.935269021531,-543.9953352068305,23.74488610535903,0.002047161007258636,113254.7455,114543.16581519428,111966.32518480573
2025-10-14 06:45:00,111837.38,112155.2,111355.01,111987.38,705.41779,111987.38,113140.38599999998,114450.2778,112684.79163781386,113344.92539148293,-660.1337536690698,-567.2230188992784,28.67267324530063,0.002108568527669385,113140.38599999998,114453.45706560875,111827.31493439122
2025-10-14 07:00:00,111987.39,112156.89,111679.76,111948.01,271.92787,111948.01,113033.0875,114385.1366,112571.44061661173,113241.45017729902,-670.0095606872928,-587.7803272568813,24.33578620582273,0.002108924697679264,113033.0875,114368.58652814638,111697.58847185361
2025-10-14 07:15:00,111948.0,112194.0,111802.63,112079.14,235.73799,112079.14,112936.34549999998,114323.5068,112495.70206020992,113155.3531271287,-659.6510669187846,-602.1544751892619,27.422153576263966,0.002161319318710625,112936.34549999998,114252.84678848552,111619.84421151444
2025-10-14 07:30:00,112079.14,112090.75,111508.14,111668.97,579.67388,111668.97,112826.7685,114251.50720000001,112368.51251248531,113045.25067326732,-676.7381607820134,-617.0712123078123,24.746756300978817,0.0022492137835633742,112826.7685,114183.59161290471,111469.9453870953
2025-10-14 07:45:00,111668.98,111770.0,111445.72,111724.41,359.11198,111724.41,112730.6365,114173.9494,112269.41981825679,112947.41062339567,-677.9908051388775,-629.2551308740253,24.520540458129773,0.002261413404678205,112730.6365,114114.91726353817,111346.35573646182
2025-10-14 08:00:00,111724.41,111904.99,111513.63,111884.76,340.95687,111884.76,112649.8335,114097.6436,112210.24138467881,112868.6957624034,-658.4543777245854,-635.0949802441373,30.48278352997839,0.002315038887326594,112649.8335,114033.48616304983,111266.18083695015
2025-10-14 08:15:00,111884.76,112000.0,111647.7,111973.1,242.45118,111973.1,112582.01200000002,114021.24879999999,112173.75809472821,112802.35533555872,-628.5972408305097,-633.7954323614118,33.45598400578544,0.002330506714607724,112582.01200000002,113958.34087498044,111205.6831250196
2025-10-14 08:30:00,111972.9,112140.0,111903.92,112081.87,202.85024,112081.87,112511.2445,113949.88279999999,112159.62146477003,112748.98605144327,-589.3645866732404,-624.9092632237775,25.62073567918395,0.0023093179167727926,112511.2445,113833.93801371183,111188.55098628817
2025-10-14 08:45:00,112081.87,112112.29,111735.47,111803.33,193.62592,111803.33,112426.41100000001,113876.086,112104.80739326694,112678.93745504005,-574.1300617731176,-614.7534229336457,27.559198942054195,0.002340163142869114,112426.41100000001,113698.77160507171,111154.0503949283
2025-10-14 09:00:00,111803.33,112000.0,111752.79,111774.34,132.24224,111774.34,112343.62750000002,113802.44679999999,112053.96625584125,112611.9302361482,-557.963980306944,-603.3955344083054,33.876081079867575,0.00234259938734116,112343.62750000002,113555.03865173932,111132.21634826071
2025-10-14 09:15:00,111774.34,111897.76,111624.62,111767.91,160.76641,111767.91,112257.228,113723.5376,112009.95760109645,112549.41021865574,-539.452617559291,-590.6069510385025,33.75986456103273,0.0023280681167209684,112257.228,113364.63149720433,111149.82450279567
2025-10-14 09:30:00,111767.92,111900.0,111420.0,111513.94,182.17356,111513.94,112173.84300000002,113641.0976,111933.64720092776,112472.70872097753,-539.0615200497705,-580.2978648407561,28.596562792288267,0.0023081243881267473,112173.84300000002,113238.49072947346,111109.19527052659
2025-10-14 09:45:00,111513.93,111537.94,111055.91,111287.89,462.7495,111287.89,112085.13299999999,113554.2084,111834.29993924657,112384.94437127549,-550.6444320289156,-574.367178278388,29.130447556967596,0.0023252837995845392,112085.13299999999,113133.6955193414,111036.57048065857
2025-10-14 10:00:00,111287.9,111336.11,110857.89,110951.89,430.19979,110951.89,111956.84949999998,113460.81060000001,111698.54456397786,112278.79219562544,-580.2476316475804,-575.5432689522265,30.526269490444363,0.0020778121105847203,111956.84949999998,112888.83158757017,111024.8674124298
2025-10-14 10:15:00,110951.9,110965.94,110348.11,110378.14,622.22215,110378.14,111824.16100000001,113354.3734,111495.40540028896,112138.00314409762,-642.5977438086557,-588.9541639235124,20.169428687947146,0.002156877496785841,111824.16100000001,112861.38901136947,110786.93298863055
2025-10-14 10:30:00,110378.14,110680.0,110012.24,110377.22,608.76805,110377.22,111718.398,113247.09619999999,111323.37687716758,112007.57476305334,-684.1978858857619,-608.0029083159624,20.461101604076973,0.001996980096161702,111718.398,112891.20578514814,110545.59021485187
2025-10-14 10:45:00,110377.23,110700.0,110186.0,110623.58,276.72269,110623.58,111624.92149999998,113147.90699999999,111215.7158191418,111905.0566324568,-689.3408133150078,-624.2704893157716,23.764995962625363,0.0021116261335503627,111624.92149999998,112835.15954778265,110414.68345221732
2025-10-14 11:00:00,110623.58,111355.24,110614.25,111355.24,462.37024,111355.24,111565.04100000001,113063.8194,111237.18107773537,111864.32947449703,-627.1483967616659,-624.8460708049505,44.93259722765118,0.0026803062579413995,111565.04100000001,112698.00868692284,110432.07331307718
2025-10-14 11:15:00,111355.23,111617.68,111226.6,111480.83,458.22327,111480.83,111524.96650000001,112983.29220000001,111274.66552731453,111835.92210601577,-561.2565787012427,-612.1281723842089,46.152849904603016,0.002666760828829191,111524.96650000001,112606.64725559128,110443.28574440874
2025-10-14 11:30:00,111480.82,111630.28,111293.41,111332.77,289.24044,111332.77,111499.736,112902.98879999999,111283.60467695845,111798.65157964424,-515.04690268579,-592.7119184445252,41.247784158836694,0.0025412782969681845,111499.736,112574.25069661063,110425.22130338938
2025-10-14 11:45:00,111332.78,111524.57,111266.12,111313.98,216.27223,111313.98,111466.06600000002,112821.5062,111288.27780358023,111762.74998115207,-474.47217757183535,-569.0639702699872,39.31346226182581,0.0025146503852797337,111466.06600000002,112518.21157234286,110413.92042765718
2025-10-14 12:00:00,111313.98,111361.15,110952.0,111256.26,328.86279,111256.26,111431.4785,112742.9178,111283.35198764481,111725.23220477044,-441.88021712562477,-543.6272196411147,36.388785391861724,0.0025151128857912315,111431.4785,112462.17796469966,110400.77903530034
2025-10-14 12:15:00,111256.26,111287.09,110966.32,111248.91,194.64413,111248.91,111389.96700000002,112664.576,111278.05322031485,111689.94907849113,-411.8958581762854,-517.2809473481489,39.962123955330924,0.002491948833532959,111389.96700000002,112376.77720752862,110403.15679247142
2025-10-14 12:30:00,111248.9,111280.0,110766.34,110883.3,253.14976,110883.3,111350.6835,112577.719,111217.32195565103,111630.19729489919,-412.87533924815943,-496.399825728151,35.620315919257976,0.0024672823717748174,111350.6835,112353.15709743967,110348.20990256032
2025-10-14 12:45:00,110883.3,111125.94,110737.29,110803.28,200.24959,110803.28,111304.62700000001,112489.6002,111153.62319324318,111568.9441619437,-415.32096870051464,-480.1840543226237,34.79389000110341,0.002460310299133677,111304.62700000001,112319.36920844427,110289.88479155574
2025-10-14 13:00:00,110803.29,110960.0,110488.0,110700.0,224.09061,110700.0,111245.38900000001,112400.2804,111083.83500966731,111504.57792772565,-420.7429180583422,-468.2958270697674,36.529346343788454,0.0024234844984213555,111245.38900000001,112255.8521568743,110234.92584312572
2025-10-14 13:15:00,110700.0,110799.99,110350.0,110753.65,436.20259,110753.65,111184.4165,112316.1728,111033.03731587235,111448.953636783,-415.9163209106482,-457.81992583794363,40.62328872913117,0.002415697227083684,111184.4165,112156.42592583978,110212.40707416023
2025-10-14 13:30:00,110753.64,110914.94,109866.0,110680.0,1066.00036,110680.0,111114.323,112236.2704,110978.72388266123,111391.99410813242,-413.2702254711912,-448.9099857645931,44.7438727811909,0.0023892153628365864,111114.323,112013.27704537906,110215.36895462095
2025-10-14 13:45:00,110680.0,111329.71,110518.61,111014.38,693.72795,111014.38,111074.8755,112165.25660000001,110984.2094391749,111364.02269271521,-379.81325354031287,-435.090639319737,63.55409366691677,0.0024793088336895887,111074.8755,111913.75923658606,110235.99176341393
2025-10-14 14:00:00,111014.38,111688.0,110905.73,111670.14,549.81802,111670.14,111069.6655,112108.2706,111089.73721776338,111386.69804881037,-296.9608310469921,-407.46467766518805,71.53517129265664,0.0028474041576093917,111069.6655,111891.3767430283,110247.9542569717
2025-10-14 14:15:00,111670.15,112200.0,111615.47,111818.85,796.99828,111818.85,111072.2125,112059.1562,111201.90841503056,111418.70930445405,-216.8008894234954,-369.33192001684955,70.57808782362288,0.0028639223240095875,111072.2125,111903.29888881453,110241.12611118545
2025-10-14 14:30:00,111818.85,111917.02,111359.75,111824.12,423.62507,111824.12,111087.72149999999,112013.759,111297.63327425662,111448.73972634635,-151.10645208973438,-325.68682643142654,60.764794475259755,0.002812426635862048,111087.72149999999,111963.8707188009,110211.57228119907
2025-10-14 14:45:00,111824.12,112104.97,111391.0,111435.21,338.20827,111435.21,111095.0875,111962.18359999999,111318.79892437099,111447.73752439476,-128.93860002377187,-286.3371811498956,49.06560815350088,0.002889001294027466,111095.0875,111980.7479523115,110209.42704768848
2025-10-14 15:00:00,111435.2,111780.0,111147.26,111199.62,283.85614,111199.62,111107.474,111908.9658,111300.463705237,111429.35844851367,-128.89474327667267,-254.84869357525105,47.36721385381345,0.0028448146589192622,111107.474,111991.6300456046,110223.3179543954
2025-10-14 15:15:00,111199.62,111529.92,111062.15,111507.29,230.08883,111507.29,111163.93149999999,111866.17060000001,111332.28313520055,111435.13115603119,-102.84802083064278,-224.44855902632943,53.43043828547293,0.002612710198180011,111163.93149999999,111994.58151190587,110333.28148809412
2025-10-14 15:30:00,111507.29,112286.0,111395.58,112137.51,463.66594,112137.51,111251.94600000003,111838.9044,111456.16419132354,111487.1592185474,-30.99502722386387,-185.7578526658363,62.99751922526682,0.002849202227981936,111251.94600000003,112104.36193727254,110399.53006272751
2025-10-14 15:45:00,112137.51,112943.82,112112.89,112900.43,703.79898,112900.43,111365.7885,111830.3224,111678.35893111992,111591.84594309944,86.51298802047677,-131.30368452857368,69.91875802047447,0.003139142588313242,111365.7885,112443.29681382577,110288.28018617422
2025-10-14 16:00:00,112900.44,112929.26,112284.96,112509.99,533.49853,112509.99,111423.526,111810.5778,111806.30217248609,111659.85661398097,146.44555850511824,-75.75383592183528,69.50247813795583,0.002999977721159427,111423.526,112616.24763019159,110230.80436980841
2025-10-14 16:15:00,112509.99,113187.62,112411.75,112732.8,919.75615,112732.8,111486.12449999999,111795.2338,111948.84029979593,111739.33390183422,209.50639796171163,-18.70178914512588,72.36730454459062,0.0030150841420077687,111486.12449999999,112815.13849370621,110157.11050629377
2025-10-14 16:30:00,112732.8,112881.18,112228.89,112756.86,505.92304,112756.86,111557.32899999998,111781.7708,112073.15102290426,111814.70620540208,258.44481750218256,36.72753218433583,74.28956741079463,0.0029837402409123243,111557.32899999998,112999.52549149288,110115.13250850709
2025-10-14 16:45:00,112756.86,112875.19,112189.42,112328.83,470.3652,112328.83,111608.07149999999,111758.4294,112112.48625014976,111852.78944944637,259.69680070338654,81.32138588814598,67.0902391709091,0.0031415503502243243,111608.07149999999,113085.2074165934,110130.93558340658
2025-10-14 17:00:00,112328.83,112862.57,111692.31,112751.66,795.72883,112751.66,111682.84150000001,111749.8298,112210.82067320365,111919.37245319108,291.448220012564,123.3467527130296,70.89377924802338,0.0032165109968692422,111682.84150000001,113234.50493469663,110131.1780653034
2025-10-14 17:15:00,112751.76,112922.01,112616.0,112780.71,587.04525,112780.71,111759.43149999999,111744.2022,112298.49595424924,111983.17523443617,315.32071981306945,161.7415461330376,68.98352847104759,0.003213410811814803,111759.43149999999,113370.97409893264,110147.88890106734
2025-10-14 17:30:00,112780.7,112907.99,112352.0,112686.89,287.86868,112686.89,111849.611,111727.58879999998,112358.24888436474,112035.30225410756,322.9466302571818,193.98256295786646,62.42870379651524,0.0030984089811803084,111849.611,113456.56996999039,110242.65203000962
2025-10-14 17:45:00,112686.89,112933.65,112640.13,112774.97,360.77039,112774.97,111948.19549999999,111722.45,112422.3598252317,112090.092457507,332.2673677247076,221.63952391123473,61.863414149936716,0.003077418520090255,111948.19549999999,113526.543004787,110369.84799521297
2025-10-14 18:00:00,112774.98,113368.85,112726.0,113260.71,389.39463,113260.71,112076.23099999999,111737.81460000001,112551.33677519605,112176.80486806203,374.53190713402,252.21800055579178,65.92611808424085,0.0031368585004100517,112076.23099999999,113643.65930200538,110508.80269799459
2025-10-14 18:15:00,113260.71,113450.0,113130.33,113153.72,284.45481,113153.72,112196.23449999999,111751.02679999999,112644.01111747358,112249.16895190929,394.84216556428873,280.7428335574912,70.32176432330147,0.003168901619257304,112196.23449999999,113703.66834475397,110688.80065524601
2025-10-14 18:30:00,113153.72,113350.96,112800.0,112849.06,323.85179,112849.06,112304.6875,111756.951,112675.55709940071,112293.60532584193,381.95177355878695,300.98462155775036,69.19149609524075,0.0032587259727328527,112304.6875,113656.9306884019,110952.4443115981
2025-10-14 18:45:00,112849.06,113137.47,112662.72,112861.36,291.56159,112861.36,112397.0365,111768.5318,112704.14216103137,112335.66122763143,368.48093339994375,314.48388392618904,66.91762765651748,0.003227441038144075,112397.0365,113624.79370764861,111169.27929235139
2025-10-14 19:00:00,112861.36,113201.15,112861.36,113176.0,217.55368,113176.0,112472.32949999999,111795.3042,112776.73567471885,112397.90854410316,378.8271306156821,327.3525332640877,64.0855367204052,0.0030390786049195565,112472.32949999999,113697.08440652942,111247.57459347056
2025-10-14 19:15:00,113176.0,113544.53,113176.0,113371.33,246.83182,113371.33,112549.95349999999,111822.9832,112868.21172476209,112470.01383713257,398.19788762951794,341.52160413717377,57.549426378263405,0.0030448391510010005,112549.95349999999,113796.90966726516,111302.99733273481
2025-10-14 19:30:00,113371.34,113435.0,112021.59,112104.75,812.03468,112104.75,112563.98500000002,111826.118,112750.7560747987,112442.95725660423,307.79881819446746,334.7770469486325,44.92805863446574,0.004040845925173123,112563.98500000002,113782.54391777981,111345.42608222022
2025-10-14 19:45:00,112104.75,112818.15,112025.47,112613.7,409.37256,112613.7,112622.90950000002,111836.8092,112729.67052482966,112455.60486722614,274.0656576035253,322.6347690796111,48.60898936244756,0.004061417966287381,112622.90950000002,113719.51712719192,111526.30187280812
2025-10-14 20:00:00,112613.69,112780.0,112230.46,112559.99,250.21821,112559.99,112690.928,111854.62960000001,112703.56582870203,112463.33709928345,240.22872941858077,306.15356114740507,47.71650145799654,0.004021537699099813,112690.928,113561.23102090089,111820.62497909911
2025-10-14 20:15:00,112560.0,112908.35,112506.0,112810.01,154.41839,112810.01,112756.06400000001,111876.3416,112719.94185505557,112489.0165734106,230.92528164497344,291.10790524691873,55.82161782853814,0.0040080062140575145,112756.06400000001,113425.09433392942,112087.03366607061
2025-10-14 20:30:00,112810.01,112891.44,112704.07,112874.97,75.21029,112874.97,112792.93699999999,111896.1458,112743.79233889317,112517.60571612092,226.1866227722494,278.1236487519849,51.63331858653234,0.003827143202177935,112792.93699999999,113396.51314354152,112189.36085645846
2025-10-14 20:45:00,112874.97,113008.47,112812.95,112992.87,85.0107,112992.87,112797.55900000001,111916.5412,112782.11197906345,112552.81047788975,229.30150117370067,268.35921923632804,52.74556899122066,0.003519086240024489,112797.55900000001,113405.997201984,112189.12079801601
2025-10-14 21:00:00,112992.88,113000.0,112683.58,112746.13,143.8329,112746.13,112809.366,111929.8264,112776.57628997677,112567.13044249051,209.4458474862622,256.5765448863149,50.73743962555402,0.0034633693695731143,112809.366,113403.29969717845,112215.43230282154
2025-10-14 21:15:00,112746.13,112994.07,112707.16,112981.35,193.3825,112981.35,112821.7935,111953.3868,112808.07993767265,112597.8133726764,210.2665649962437,247.31454890830062,52.4783007584528,0.0034664587372322817,112821.7935,113419.37179926681,112224.21520073319
2025-10-14 21:30:00,112981.35,113169.78,112876.0,113093.39,148.38081,113093.39,112838.62000000002,111979.76780000002,112851.97379341532,112634.52275247815,217.45104093717237,241.34184731407498,47.79263543392671,0.0034719753033471087,112838.62000000002,113447.34772241603,112229.89227758402
2025-10-14 21:45:00,113093.39,113186.0,112995.75,113128.7,75.46451,113128.7,112878.6135,112006.9836,112894.5470559668,112671.1284745168,223.4185814500088,237.75719414126178,49.66356135500591,0.0033451430122264547,112878.6135,113450.29261530025,112306.93438469977
2025-10-14 22:00:00,113128.7,113577.0,113128.7,113440.01,238.26147,113440.01,112913.031,112045.505,112978.46443197191,112728.08266158962,250.38177038228605,240.28210938946668,57.93219347062159,0.003298252234703702,112913.031,113533.34303600495,112292.71896399505
2025-10-14 22:15:00,113440.01,113445.63,113150.69,113184.64,115.78046,113184.64,112933.2275,112083.44,113010.18375013009,112761.9017236941,248.2820264359907,241.8820927987715,54.0735065825286,0.0033476676357570958,112933.2275,113561.64958144979,112304.8054185502
2025-10-14 22:30:00,113184.63,113195.05,112916.67,112943.79,100.62952,112943.79,112946.07249999998,112123.27799999999,112999.96932703316,112775.37492934639,224.59439768677112,238.42455377637143,47.01858361857991,0.0033807509324977293,112946.07249999998,113563.70337360706,112328.4416263929
2025-10-14 22:45:00,112943.79,113240.0,112822.16,113211.87,133.96048,113211.87,112967.91750000001,112179.9526,113032.56943056652,112807.70789754296,224.86153302356252,235.71194962580967,47.99018915866732,0.003415724827179868,112967.91750000001,113590.94925067446,112344.88574932556
2025-10-14 23:00:00,113211.87,113499.99,113133.04,113445.13,145.57828,113445.13,112977.1385,112241.3108,113096.04028740244,112854.9243495768,241.1159378256416,236.79274726577606,72.84437505965153,0.0033087707353741873,112977.1385,113623.44044286788,112330.83655713212
2025-10-14 23:15:00,113445.12,113520.0,113347.92,113426.01,91.51705,113426.01,112990.753,112297.3594,113146.80485857131,112897.22699034889,249.57786822241906,239.34977145710468,66.61920135521653,0.003300581198789245,112990.753,113663.6418172179,112317.8641827821
2025-10-14 23:30:00,113426.01,113479.13,113266.48,113266.49,134.10114,113266.49,113011.62449999999,112335.58439999999,113165.21795725265,112924.5798058786,240.6381513740489,239.60744744049353,63.85457112601492,0.0032550071058218637,113011.62449999999,113691.86339894428,112331.3856010557
2025-10-14 23:45:00,113266.48,113300.0,112998.22,113028.14,136.60555,113028.14,113019.9635,112366.5306,113144.12904075225,112932.25093136907,211.87810938317853,234.06157982903053,54.29723052919005,0.0032952708271725088,113019.9635,113696.5254155757,112343.4015844243
2025-10-15 00:00:00,113028.13,113042.32,112771.84,112792.35,244.78439,112792.35,113000.781,112395.7222,113090.00918832883,112921.88789941581,168.12128891301109,220.87352164582666,48.47500424532837,0.003264479055527056,113000.781,113680.46316590131,112321.0988340987
2025-10-15 00:15:00,112792.35,113019.71,112650.0,112827.59,334.89601,112827.59,112973.594,112425.9944,113049.637005509,112914.90286982946,134.73413567953685,203.6456444525687,46.8532480389917,0.0032365763415093396,112973.594,113634.09670699637,112313.09129300363
2025-10-15 00:30:00,112827.58,112996.0,112602.02,112937.72,291.33718,112937.72,113015.24250000001,112459.62359999999,113032.41900466145,112916.59302761988,115.82597704157524,186.08171097037,53.84782233219118,0.0019669994370984296,113015.24250000001,113535.1530732326,112495.33192676741
2025-10-15 00:45:00,112937.73,113112.41,112807.19,112993.86,210.30812,112993.86,113034.2505,112494.5226,113026.48685009814,112922.31650705544,104.17034304270055,169.69943738483613,50.270719451549546,0.0017066375167392163,113034.2505,113518.95399492742,112549.54700507257
2025-10-15 01:00:00,112993.85,113005.57,112384.32,112726.98,396.65092,112726.98,113042.6,112531.39620000002,112980.40887315996,112907.84713616245,72.56173699750798,150.2718973073705,42.56880361814746,0.0017940483211399815,113042.6,113497.75778080519,112587.44221919483
2025-10-15 01:15:00,112726.97,112869.41,112482.06,112482.06,223.05284,112482.06,113026.20249999998,112564.9718,112903.73981575074,112876.30734829856,27.43246745217766,125.70401133633193,37.913090289200625,0.0017864969317119795,113026.20249999998,113536.88425261485,112515.52074738512
2025-10-15 01:30:00,112482.07,112523.27,112326.26,112511.47,151.63718,112511.47,113008.0275,112601.2012,112843.39061332754,112849.2823595357,-5.89174620815902,99.38485982743374,30.599316356464342,0.001781204881856784,113008.0275,113565.13506103201,112450.91993896799
2025-10-15 01:45:00,112511.47,112772.39,112434.0,112738.17,99.38683,112738.17,112995.29250000001,112640.8916,112827.20282666177,112841.0518143849,-13.848987723133177,76.73809031732037,40.55845270873252,0.001828328607298276,112995.29250000001,113565.35282555298,112425.23217444704
2025-10-15 02:00:00,112738.17,112990.47,112673.9,112955.48,155.60403,112955.48,113005.76000000001,112686.40120000001,112846.9377764061,112849.52797628232,-2.590199876212864,60.87243227861372,50.249695623384724,0.0018141189737400372,113005.76000000001,113564.12479167778,112447.39520832224
2025-10-15 02:15:00,112955.47,113568.96,112860.12,113568.96,272.53716,113568.96,113035.14050000001,112737.49279999999,112958.01811849746,112902.81923729843,55.19888119903044,59.73772206269707,56.64662633783172,0.0021334937617337748,113035.14050000001,113647.34058925112,112422.9404107489
2025-10-15 02:30:00,113568.95,113612.35,112993.75,113030.64,297.17425,113030.64,113032.00299999998,112764.7028,112969.1907156517,112912.28744194299,56.90327370871091,59.17083239189984,43.07176454463089,0.002398732151696174,113032.00299999998,113643.58901085521,112420.41698914475
2025-10-15 02:45:00,113030.65,113093.9,112809.93,112809.94,86.78168,112809.94,113016.06500000002,112784.5246,112944.69060555144,112904.70614994722,39.9844556042226,55.3335570343644,40.35247064571607,0.002435155465309916,113016.06500000002,113633.62542116168,112398.50457883836
2025-10-15 03:00:00,112809.94,112866.77,112338.72,112486.44,173.7036,112486.44,112968.3865,112797.771,112874.19051238967,112873.72347217334,0.46704021633195225,44.360253670757906,38.38128971333414,0.002408185542374066,112968.3865,113595.30337366957,112341.46962633042
2025-10-15 03:15:00,112486.44,112499.99,111938.18,112260.0,220.33035,112260.0,112922.15450000002,112814.2668,112779.69966432973,112828.26247423458,-48.56280990484811,25.7756409556367,38.51794939251893,0.002399224475118236,112922.15450000002,113614.8480285688,112229.46097143124
2025-10-15 03:30:00,112260.0,112260.0,111870.0,112019.99,187.11039,112019.99,112875.9645,112830.6742,112662.82125443286,112768.39043910608,-105.56918467322248,-0.4933241701351422,38.46941639446075,0.0023996046192529437,112875.9645,113677.26973912385,112074.65926087616
2025-10-15 03:45:00,112019.99,112135.13,111825.93,112024.29,181.25419,112024.29,112816.5855,112841.0142,112564.5856768278,112713.2718880612,-148.68621123339108,-30.131901582786337,37.89569169198127,0.0023123720133224764,112816.5855,113686.1803900584,111946.9906099416
2025-10-15 04:00:00,112024.3,112108.39,111746.76,112019.1,511.86219,112019.1,112745.28400000001,112838.646,112480.66480346967,112661.8517482048,-181.1869447351346,-60.342910213256005,35.70597205365203,0.0022351140521143045,112745.28400000001,113631.57305847379,111858.99494152624
2025-10-15 04:15:00,112019.1,112330.7,111946.56,112180.14,198.89256,112180.14,112682.9905,112824.2402,112434.4302183205,112626.16939648593,-191.73917816542962,-86.62216380369074,37.73853293954546,0.0022809485691596093,112682.9905,113542.55644344549,111823.42455655451
2025-10-15 04:30:00,112180.13,112255.65,112072.17,112206.73,174.43994,112206.73,112630.00250000002,112818.175,112399.39941550196,112595.09981156104,-195.70039605908096,-108.4378102547688,41.54864827106699,0.0022780592678372383,112630.00250000002,113468.5165349519,111791.48846504814
2025-10-15 04:45:00,112206.73,112465.5,112153.11,112344.81,260.53536,112344.81,112595.83600000001,112810.41519999999,112391.00104388628,112576.55982551948,-185.5587816331972,-123.86200453045448,47.69022608016639,0.0022739874549558108,112595.83600000001,113421.63408747385,111770.03791252617
2025-10-15 05:00:00,112344.81,112528.34,112322.26,112487.1,171.32352,112487.1,112580.57349999998,112805.02,112405.785498673,112569.9331717773,-164.14767310430761,-131.91913824522513,49.60488983284431,0.0022589690551403203,112580.57349999998,113402.35252951727,111758.7944704827
2025-10-15 05:15:00,112487.1,112567.85,112230.89,112309.89,176.99894,112309.89,112554.6885,112804.64120000001,112391.03234503101,112550.6707146086,-159.63836957758758,-137.4629845116976,42.94306070931896,0.0022787288028442423,112554.6885,113376.32043383761,111733.0565661624
2025-10-15 05:30:00,112309.89,112659.0,112188.74,112550.9,171.626,112550.9,112535.34749999999,112800.62599999999,112415.6273688724,112550.68769871166,-135.06032983925252,-136.9824535772086,43.385238182436446,0.002325777053804155,112535.34749999999,113336.98334749567,111733.71165250431
2025-10-15 05:45:00,112550.9,112550.9,112356.78,112431.95,103.41837,112431.95,112507.25200000001,112793.6508,112418.13854289203,112541.89231362191,-123.75377072987612,-134.3367170077421,27.824218003377638,0.002328310061871623,112507.25200000001,113280.09573580856,111734.40826419146
2025-10-15 06:00:00,112431.95,112485.71,112186.24,112229.93,107.81722,112229.93,112482.39950000001,112784.5116,112389.1833824471,112518.78399409435,-129.6006116472563,-133.38949593564493,32.02533975656917,0.0023045986834809708,112482.39950000001,113257.45664593698,111707.34235406305
2025-10-15 06:15:00,112229.93,112256.0,111896.07,111944.0,204.01006,111944.0,112455.49650000001,112767.89219999999,112320.69363130139,112476.20740193922,-155.51377063783002,-137.81435087608196,31.11412569354752,0.002322790743888332,112455.49650000001,113267.09505005354,111643.89794994648
2025-10-15 06:30:00,111944.01,112563.8,111908.15,112320.27,214.37151,112320.27,112445.93650000003,112749.0834,112320.62845725502,112464.65648327707,-144.0280260220461,-139.0570859052748,46.45742816575918,0.002457332315068967,112445.93650000003,113259.26148615354,111632.61151384651
2025-10-15 06:45:00,112320.27,112496.56,112295.94,112460.47,214.30953,112460.47,112432.05149999999,112735.2184,112342.14254075424,112464.3463734047,-122.2038326504553,-135.68643525431088,54.43696355612225,0.002428709535145859,112432.05149999999,113233.76915890262,111630.33384109735
2025-10-15 07:00:00,112460.48,112599.84,112235.76,112489.33,290.30558,112489.33,112408.74399999999,112728.02380000001,112364.78676525358,112466.19701241177,-101.4102471581864,-128.83119763508597,61.458831801713,0.002382855527289038,112408.74399999999,113172.59943722651,111644.88856277347
2025-10-15 07:15:00,112489.33,112680.0,112349.23,112349.24,286.82035,112349.24,112347.75799999999,112717.7814,112362.39495521456,112457.5335300109,-95.13857479633589,-122.09267306733595,57.44025131312054,0.0019865581078653007,112347.75799999999,112881.7717151988,111813.74428480117
2025-10-15 07:30:00,112349.23,112485.18,112338.0,112434.83,212.5149,112434.83,112317.9675,112702.95800000001,112373.53880825847,112455.85178704714,-82.3129787886719,-114.13673421160314,59.18078908896569,0.0017396232715126381,112317.9675,112747.9160422214,111888.0189577786
2025-10-15 07:45:00,112434.83,112590.51,112387.88,112584.5,142.95771,112584.5,112306.69549999999,112687.22140000001,112405.9943762187,112465.38128430292,-59.38690808421234,-103.18676898612497,58.97476872813797,0.0017266591223592906,112306.69549999999,112691.8205735108,111921.57042648917
2025-10-15 08:00:00,112584.49,112945.6,112550.0,112921.42,253.74753,112921.42,112328.44449999998,112703.5548,112485.29062603122,112499.16192991011,-13.871303878899198,-85.32367596467982,63.94196068027271,0.0017292586607905842,112328.44449999998,112796.50747962919,111860.38152037078
2025-10-15 08:15:00,112921.41,113169.4,112860.01,113124.97,408.95287,113124.97,112371.693,112713.7802,112583.70283741102,112545.5180832501,38.18475416091678,-60.6219899395605,64.84006452201973,0.0016827572184581231,112371.693,112958.02927746635,111785.35672253364
2025-10-15 08:30:00,113124.97,113520.88,113113.87,113225.87,377.0207,113225.87,112431.98700000001,112727.09779999999,112682.49778550163,112595.91452152787,86.58326397376368,-31.180939156895658,64.27756969971037,0.0015766904532941316,112431.98700000001,113107.29895320894,111756.67504679108
2025-10-15 08:45:00,113225.87,113225.88,112909.04,112944.85,197.0953,112944.85,112478.01500000001,112729.7946,112722.85966465523,112621.7615940073,101.09807064793131,-4.725137195930258,61.79793235178288,0.0017134043258719258,112478.01500000001,113161.76005705561,111794.26994294442
2025-10-15 09:00:00,112944.84,113127.39,112817.9,112959.33,321.98154,112959.33,112525.02649999999,112731.4818,112759.23971624674,112646.76666111787,112.47305512886669,18.71450126902914,58.28643307837474,0.0017113975111113697,112525.02649999999,113205.19973162374,111844.85326837625
2025-10-15 09:15:00,112959.34,112981.17,112498.0,112600.0,205.10493,112600.0,112546.01949999998,112723.6244,112734.74129836263,112643.30246399804,91.43883436458418,33.25936788814015,53.106479889678916,0.0018709508020977761,112546.01949999998,113207.02024459279,111885.01875540717
2025-10-15 09:30:00,112599.99,112664.78,112380.8,112550.31,180.20313,112550.31,112563.19849999998,112719.70800000001,112706.3672524607,112636.41413333152,69.95311912917532,40.59811813634718,56.27580803134198,0.001876165173036043,112563.19849999998,113204.64064300904,111921.75635699093
2025-10-15 09:45:00,112550.31,112710.23,112400.01,112564.01,141.14965,112564.01,112574.15849999999,112711.36120000001,112684.4661366975,112631.05086419584,53.41527250166109,43.16154900940997,63.59510058019449,0.0018589989924946268,112574.15849999999,113207.32644114296,111940.99055885703
2025-10-15 10:00:00,112564.0,112645.61,112320.92,112579.69,180.35124,112579.69,112578.78800000002,112701.0872,112668.34673105174,112627.24635573689,41.10037531485432,42.74931427049884,56.756855309218224,0.0018387185825467474,112578.78800000002,113210.62834753933,111946.9476524607
2025-10-15 10:15:00,112579.68,112603.68,112306.14,112397.99,275.2223,112397.99,112583.193,112686.47299999998,112626.75338781302,112610.26440346008,16.488984352938132,37.497248286986704,48.407081450963275,0.0018405251960609548,112583.193,113208.33286133602,111958.05313866398
2025-10-15 10:30:00,112398.0,112475.31,112072.86,112332.16,280.07171,112332.16,112572.25600000001,112664.31599999999,112581.43132814948,112589.66407727785,-8.232749128364958,28.35124880391637,46.06711207867278,0.0017763209893408198,112572.25600000001,113207.34930262872,111937.1626973713
2025-10-15 10:45:00,112332.16,112407.34,112156.86,112266.71,112.00746,112266.71,112563.99399999999,112645.9574,112533.01266228032,112565.74155303506,-32.728890754733584,16.135220892186375,47.85470312085719,0.0017659517339360432,112563.99399999999,113210.96085200341,111917.02714799657
2025-10-15 11:00:00,112266.7,112600.0,112244.78,112269.65,158.58749,112269.65,112565.97999999998,112632.47460000002,112492.49532962182,112543.80884540283,-51.313515781017486,2.645473557545598,45.51350998989575,0.0017186560253363082,112565.97999999998,113208.85999393815,111923.10000606181
2025-10-15 11:15:00,112269.64,112280.87,111693.26,112049.37,404.51155,112049.37,112571.24849999999,112609.22460000002,112424.32220198768,112507.18374574334,-82.8615437556582,-14.455929905095168,36.00213448288458,0.0016771075499226991,112571.24849999999,113194.08097578397,111948.416024216
2025-10-15 11:30:00,112049.36,112099.65,111873.95,112099.65,106.53769,112099.65,112560.2175,112582.315,112374.37263245111,112476.99606087345,-102.62342842234648,-32.08942960854544,24.712123729866562,0.0014903592021071705,112560.2175,113209.03872584418,111911.39627415582
2025-10-15 11:45:00,112099.65,112100.0,111866.8,111905.73,96.53825,111905.73,112532.48049999999,112551.90940000002,112302.27376592017,112434.68005636432,-132.40629044415255,-52.15280177566687,12.257305596829212,0.0014976127770144774,112532.48049999999,113243.68706119657,111821.27393880341
2025-10-15 12:00:00,111905.72,112085.68,111782.04,111992.58,147.80125,111992.58,112507.643,112526.4312,112254.62857116321,112401.93190404103,-147.3033328778256,-71.18290799609863,11.487368453923452,0.001511234402760132,112507.643,113258.77025481498,111756.51574518501
2025-10-15 12:15:00,111992.59,112014.02,111400.0,111469.76,370.96293,111469.76,112463.66900000002,112495.26359999999,112133.87956021502,112332.88213337131,-199.00257315629278,-96.74684102813748,9.98019479638586,0.0017997383428558552,112463.66900000002,113345.45523548221,111581.88276451784
2025-10-15 12:30:00,111469.76,111687.34,111408.54,111605.35,256.90809,111605.35,112422.19499999999,112471.5236,112052.56732018194,112278.9908642327,-226.42354405076185,-122.68218163266238,15.531093754773593,0.0018178465632894551,112422.19499999999,113384.08196660345,111460.30803339653
2025-10-15 12:45:00,111605.34,111811.84,111563.49,111711.25,229.83236,111711.25,112378.5325,112449.19679999999,112000.05696323088,112236.93598540065,-236.8790221697709,-145.52154974008408,24.022728468459064,0.0018009643529629962,112378.5325,113387.52341335456,111369.54158664544
2025-10-15 13:00:00,111711.25,111711.26,111348.77,111469.37,277.83729,111469.37,112305.93000000001,112419.8298,111918.4128150415,112180.07924574132,-261.66643069981365,-168.75052593203,21.596367496662893,0.0016547995857863042,112305.93000000001,113358.4682657354,111253.39173426462
2025-10-15 13:15:00,111469.37,111620.02,111403.0,111431.55,176.19474,111431.55,112221.259,112388.5836,111843.51084349667,112124.63263494566,-281.1217914489971,-191.22477903542344,20.615068450496892,0.0015542761022009114,112221.259,113268.81807779208,111173.69992220793
2025-10-15 13:30:00,111431.55,112011.75,111193.45,111337.73,638.40777,111337.73,112126.852,112360.7986,111765.69840603565,112066.34355087561,-300.64514483996027,-213.10885219633082,19.02966465178433,0.0015052984216921469,112126.852,113132.69615466458,111121.00784533542
2025-10-15 13:45:00,111337.32,111496.72,110725.4,111389.0,878.6235,111389.0,112049.0595,112338.9374,111707.74480510708,112016.16995451444,-308.4251494073542,-232.17211163853554,23.08857653428639,0.001479889335715737,112049.0595,113028.85035698197,111069.26864301803
2025-10-15 14:00:00,111389.01,112238.41,111376.39,112032.33,573.95156,112032.33,112002.70950000003,112329.3546,111757.68098893674,112017.36699492077,-259.68600598402554,-237.67489050763356,43.88638541687905,0.0020669832230599487,112002.70950000003,112883.93760587463,111121.48139412543
2025-10-15 14:15:00,112032.32,112191.86,111814.34,111918.76,294.59711,111918.76,111968.6475,112312.9664,111782.46237525417,112010.06277307478,-227.60039782061358,-235.65999197022956,43.04175149083881,0.001968521013784447,111968.6475,112804.14436566558,111133.15063433444
2025-10-15 14:30:00,111918.77,111938.37,111200.01,111300.73,322.18199,111300.73,111906.1685,112279.8714,111708.34970213815,111957.51960469886,-249.16990256070858,-238.3619740883254,34.44930922911014,0.0022892280123417105,111906.1685,112745.40014403117,111066.93685596883
2025-10-15 14:45:00,111300.73,111333.91,110800.0,111059.76,587.01845,111059.76,111830.95599999998,112229.6874,111608.56667103997,111891.01889323967,-282.4522221997031,-247.18002371060098,34.222030898742204,0.0023106262147712625,111830.95599999998,112691.30902793985,110970.60297206011
2025-10-15 15:00:00,111059.77,111268.85,110730.7,110838.61,414.21697,110838.61,111743.902,112185.8468,111490.11179857228,111813.06267892562,-322.950880353339,-262.3341950391486,30.933315592757268,0.002320447458581389,111743.902,112636.9823975001,110850.8216024999
2025-10-15 15:15:00,110838.61,111588.69,110550.0,111188.48,665.05779,111188.48,111683.42650000002,112153.4176,111443.70690648424,111766.7972953015,-323.09038881726156,-274.4854337947712,39.64370594333609,0.0024701836255675747,111683.42650000002,112553.52408644829,110813.32891355174
2025-10-15 15:30:00,111188.48,111376.29,110578.03,110732.0,332.73005,110732.0,111603.4185,112118.3288,111334.21353625589,111690.14564379769,-355.93210754179745,-290.7747685441765,33.55407697325509,0.0025959479493337535,111603.4185,112515.60652618868,110691.23047381132
2025-10-15 15:45:00,110732.0,110798.01,110400.0,110798.01,424.17853,110798.01,111529.9835,112089.089,111251.72068452422,111624.0615220349,-372.340837510681,-307.0879823374774,40.05018233309339,0.0026124141753345316,111529.9835,112453.73859174346,110606.22840825655
2025-10-15 16:00:00,110798.01,111125.18,110616.0,110930.28,308.62497,110930.28,111463.01500000001,112067.2948,111202.26827152049,111572.67029818046,-370.4020266599691,-319.75079120197574,39.99116348443368,0.0026413237784827007,111463.01500000001,112354.62839711244,110571.40160288759
2025-10-15 16:15:00,110930.29,111072.89,110700.0,110971.33,152.0746,110971.33,111409.11300000001,112046.2356,111166.73930667118,111528.12657238932,-361.3872657181346,-328.07808610520755,38.814580108359166,0.0026293202714351167,111409.11300000001,112281.61238358525,110536.61361641478
2025-10-15 16:30:00,110971.33,111041.16,110649.71,110694.04,182.12483,110694.04,111338.83249999999,112019.73440000002,111094.01633641408,111466.34238184195,-372.32604542787885,-336.92767796974186,38.40343650629836,0.0026569840054124607,111338.83249999999,112203.53970953441,110474.12529046557
2025-10-15 16:45:00,110694.04,110855.43,110602.8,110748.0,187.30755,110748.0,111280.946,111991.0916,111040.78305388884,111413.13183503885,-372.348781150009,-344.01189860579535,39.82530879082606,0.002654818319144941,111280.946,112140.8549892423,110421.03701075769
2025-10-15 17:00:00,110748.0,110759.06,110248.28,110270.52,536.66902,110270.52,111194.843,111952.3674,110922.28104559825,111328.49392133227,-406.2128757340106,-356.45209403143843,35.742893556307976,0.0027658599014271047,111194.843,112098.4754009001,110291.21059909988
2025-10-15 17:15:00,110270.53,110671.99,110164.0,110404.11,332.50168,110404.11,111141.56049999999,111913.5534,110842.56242319853,111260.02103827063,-417.45861507210066,-368.65339823957095,37.12578920536988,0.0026393813942680367,111141.56049999999,112100.89343985355,110182.22756014644
2025-10-15 17:30:00,110404.11,110739.67,110244.0,110716.88,286.27855,110716.88,111097.13700000002,111878.149,110823.22666578338,111219.7883687691,-396.56170298572397,-374.2350591888016,31.17822629339338,0.0027175602224265272,111097.13700000002,112048.29168937201,110145.98231062802
2025-10-15 17:45:00,110716.88,111186.78,110716.88,111186.78,179.61238,111186.78,111070.9135,111855.6868,110879.15794797057,111217.34330441584,-338.18535644527583,-367.0251186400965,40.49579050695699,0.002897342395360813,111070.9135,111978.71014502668,110163.11685497331
2025-10-15 18:00:00,111186.77,111199.0,110826.21,110983.0,148.72241,110983.0,111046.595,111824.3288,110895.13364828279,111199.98454112578,-304.85089284299465,-354.59027348067616,45.37722205571258,0.002886596735032333,111046.595,111935.30589001792,110157.88410998209
2025-10-15 18:15:00,110983.0,111382.37,110980.52,111213.71,176.19936,111213.71,111035.70299999998,111799.964,110944.14539470083,111201.00124178313,-256.85584708230454,-335.04338820100185,52.246585977334384,0.0029313943249080067,111035.70299999998,111909.7676521424,110161.63834785756
2025-10-15 18:30:00,111213.7,111317.64,110992.32,111167.34,107.29319,111167.34,111027.1835,111778.71220000001,110978.4830262853,111198.50781646586,-220.024790180556,-312.0396685969127,55.05500487462817,0.002927222529295955,111027.1835,111892.12696393007,110162.24003606992
2025-10-15 18:45:00,111167.34,111512.41,111081.75,111444.76,130.48988,111444.76,111029.97149999999,111768.7274,111050.21794531833,111216.74871894988,-166.53077363154443,-282.93788960383904,54.03072587037756,0.00298158902408304,111029.97149999999,111900.16901839245,110159.77398160752
2025-10-15 19:00:00,111444.76,111461.9,111100.0,111225.85,133.16997,111225.85,110989.64749999999,111746.839,111077.2382614232,111217.42288791656,-140.1846264933556,-254.38723698174235,58.39449806391963,0.0026839368376697552,110989.64749999999,111729.21109814034,110250.08390185965
2025-10-15 19:15:00,111225.85,111557.7,111185.81,111496.02,139.30221,111496.02,110968.5105,111727.55,111141.66622120426,111238.05971103386,-96.39348982959928,-222.78848755131375,61.094774722078384,0.002749257806284765,110968.5105,111614.51206676816,110322.50893323185
2025-10-15 19:30:00,111496.02,111539.4,111142.44,111306.0,181.45,111306.0,110968.774,111703.88339999999,111166.948341019,111243.09232503135,-76.14398401234939,-193.45958684352087,55.864357467956125,0.0024784229260567383,110968.774,111615.350179914,110322.197820086
2025-10-15 19:45:00,111306.01,111317.58,111099.33,111271.73,135.92719,111271.73,110979.37250000001,111682.33320000001,111183.06859624684,111245.21363428829,-62.14503804144624,-167.19667708310595,54.69868361779858,0.0024270879318353494,110979.37250000001,111639.04481334926,110319.70018665076
2025-10-15 20:00:00,111271.73,111498.0,111271.73,111414.18,94.8795,111414.18,111008.151,111661.9202,111218.62419682424,111257.72966137805,-39.105464553809725,-141.57843457724672,61.76007577242144,0.002388798918131326,111008.151,111691.75220017032,110324.54979982968
2025-10-15 20:15:00,111414.19,111556.27,111036.0,111060.54,139.69722,111060.54,111001.754,111631.44099999999,111194.30355115898,111243.12301979448,-48.8194686354982,-123.02664138889702,54.6488451515403,0.002404399881498168,111001.754,111680.62814244049,110322.87985755951
2025-10-15 20:30:00,111060.53,111340.0,110515.84,111279.34,430.9415,111279.34,111029.121,111598.59939999999,111207.38608174991,111245.80575906897,-38.41967731906334,-106.10524857493027,66.25660693567087,0.002244157054246785,111029.121,111706.33521537493,110351.90678462507
2025-10-15 20:45:00,111279.34,111434.61,111030.79,111109.76,187.24665,111109.76,111044.7085,111558.2952,111192.36668455761,111235.72829543424,-43.36161087662913,-93.55652103527005,61.24079661270732,0.002276729028522202,111044.7085,111713.8275823177,110375.58941768229
2025-10-15 21:00:00,111109.77,111157.55,110500.0,110810.56,245.24248,110810.56,111038.72249999999,111509.989,111133.62719462566,111204.2343476243,-70.6071529986366,-88.96664742794337,51.49877448627605,0.002347098675352116,111038.72249999999,111714.26308502068,110363.1819149793
2025-10-15 21:15:00,110810.56,111096.0,110597.22,110976.22,137.08526,110976.22,111038.96699999999,111470.6164,111109.41070314478,111187.34439594841,-77.9336928036355,-86.7600565030818,46.2679636154812,0.0023710858880432385,111038.96699999999,111714.40841627498,110363.525583725
2025-10-15 21:30:00,110976.22,111424.69,110778.18,111109.66,264.62053,111109.66,111059.74799999999,111433.623,111109.44905650713,111181.58999624851,-72.14093974138086,-83.83623315074162,52.302373265858186,0.002309020622635612,111059.74799999999,111715.80257460616,110403.69342539382
2025-10-15 21:45:00,111109.66,111196.35,110700.0,110854.19,132.41528,110854.19,111065.05750000002,111398.7068,111070.17843242911,111157.33814467453,-87.15971224542591,-84.50092896967848,43.52309576997905,0.002373307787499659,111065.05750000002,111712.14646047454,110417.96853952551
2025-10-15 22:00:00,110854.2,111071.83,110812.01,111064.91,97.38699,111064.91,111104.777,111368.99879999999,111069.3679043631,111150.49161543937,-81.12371107627405,-83.8254853909976,48.25784505485172,0.0021702051926312397,111104.777,111633.1502716442,110576.4037283558
2025-10-15 22:15:00,111064.91,111395.82,111030.01,111167.75,125.73851,111167.75,111142.95899999999,111341.07359999999,111084.50361138416,111151.77001429572,-67.2664029115549,-80.51366889510906,44.991085539044704,0.0021652509224396647,111142.95899999999,111555.89993976921,110730.01806023077
2025-10-15 22:30:00,111167.75,111307.82,111152.21,111204.56,66.40116,111204.56,111167.343,111313.57100000001,111102.97382501735,111155.68038360715,-52.70655858979444,-74.95224683404614,49.587893475592836,0.00208484385735464,111167.343,111528.72363432024,110805.96236567975
2025-10-15 22:45:00,111204.57,111204.57,110667.97,110667.97,133.21324,110667.97,111141.40250000001,111278.9706,111036.05015963007,111119.55368852513,-83.5035288950603,-76.66250324624897,35.470206949313706,0.0021492510529136795,111141.40250000001,111565.88192829036,110716.92307170967
2025-10-15 23:00:00,110667.97,110951.09,110590.1,110855.06,115.81731,110855.06,111135.00550000001,111249.4286,111008.205519687,111099.9615634492,-91.75604376218689,-79.68121134943657,42.07921139902193,0.0021554917532562255,111135.00550000001,111573.17164778755,110696.83935221248
2025-10-15 23:15:00,110855.06,110928.0,110763.42,110880.0,66.01307,110880.0,111118.32000000002,111221.6944,110988.48159358132,111083.6681143048,-95.1865207234805,-82.78227322424536,43.0966118361924,0.0020979758064735006,111118.32000000002,111569.10078709657,110667.53921290347
2025-10-15 23:30:00,110880.0,111006.0,110820.01,110941.99,63.84688,110941.99,111107.05249999999,111195.1412,110981.32904072266,111073.17343917112,-91.84439844846202,-84.5946982690887,41.43581074953683,0.0021027405062650517,111107.05249999999,111563.89888393597,110650.20611606402
2025-10-15 23:45:00,110942.0,110954.73,110638.1,110763.28,109.85816,110763.28,111072.97850000001,111169.4194,110947.78303445764,111050.2183696029,-102.43533514525916,-88.1628256443228,44.2432528739195,0.0020354358702964837,111072.97850000001,111525.405490825,110620.55150917503
2025-10-16 00:00:00,110763.28,110856.11,110550.0,110550.01,149.08468,110550.01,111039.1865,111138.4266,110886.58718300263,111013.16589778046,-126.57871477783192,-95.84600347102463,35.845453380998435,0.0020337872089297797,111039.1865,111541.72044456242,110536.65255543757
2025-10-16 00:15:00,110550.01,110841.73,110502.26,110784.75,172.33924,110784.75,111003.62299999999,111116.007,110870.91992407915,110996.24620164857,-125.32627756941656,-101.74205829070303,43.847933158430855,0.002013224762070455,111003.62299999999,111469.35673260129,110537.8892673987
2025-10-16 00:30:00,110784.75,110784.75,110366.0,110368.05,233.69875,110368.05,110956.72549999999,111083.5164,110793.55532037468,110949.7131496746,-156.15782929991838,-112.62521249254611,41.9805217164378,0.0021365450630812704,110956.72549999999,111479.64166497602,110433.80933502395
2025-10-16 00:45:00,110368.05,110555.33,110361.0,110431.27,198.76663,110431.27,110914.70249999998,111062.7466,110737.81911724011,110911.30995340241,-173.49083616229473,-124.79833722649585,39.743198834570016,0.0021480409061363968,110914.70249999998,111465.3773483639,110364.02765163608
2025-10-16 01:00:00,110431.27,111109.65,110417.32,111005.02,270.13503,111005.02,110894.24449999999,111050.74,110778.92694535702,110918.25143833557,-139.32449297855783,-127.70356837690824,48.31053590111212,0.002462418165046174,110894.24449999999,111394.92028089236,110393.56871910761
2025-10-16 01:15:00,111005.02,111050.7,110705.34,110893.3,201.28688,110893.3,110885.88249999999,111034.381,110796.52279991748,110916.40318364406,-119.8803837265732,-126.13893144684126,50.66218774233092,0.002369705526690031,110885.88249999999,111380.41265795384,110391.35234204614
2025-10-16 01:30:00,110893.29,111120.0,110808.94,111021.47,158.9554,111021.47,110872.98899999999,111025.42300000001,110831.13006146863,110924.18591078154,-93.0558493129065,-119.52231502005431,49.24334794150226,0.0023395641270419305,110872.98899999999,111336.81988691162,110409.15811308836
2025-10-16 01:45:00,111021.47,111330.0,110929.27,111299.99,145.99036,111299.99,110882.50050000001,111022.79179999999,110903.26235970423,110952.02325072365,-48.76089101942489,-105.37003021992842,52.170558922205295,0.002384934908018016,110882.50050000001,111373.76538947955,110391.23561052047
2025-10-16 02:00:00,111300.0,111562.24,111014.12,111345.82,286.38373,111345.82,110909.2635,111022.9536,110971.34815051894,110981.19338029968,-9.84522978073801,-86.26507013209034,52.31176601510861,0.002293684348717516,110909.2635,111440.70345460752,110377.82354539249
2025-10-16 02:15:00,111345.82,111472.49,111295.59,111400.0,98.30705,111400.0,110930.45249999998,111023.1736,111037.29458890065,111012.21609287008,25.07849603057548,-63.99635689955718,64.22616340760939,0.0022757386739335698,110930.45249999998,111505.16426950718,110355.74073049279
2025-10-16 02:30:00,111400.01,111426.0,111279.34,111344.46,91.01969,111344.46,110942.19249999998,111009.41619999999,111084.55080599285,111036.82675265746,47.724053335390636,-41.652274852567615,60.02343033162944,0.002267801762429064,110942.19249999998,111541.38933358516,110342.99566641479
2025-10-16 02:45:00,111344.46,111550.0,111303.4,111510.43,68.69921,111510.43,110975.0045,111001.24960000001,111150.07068199397,111071.90847468283,78.16220731113572,-17.689378419826944,62.20670639853452,0.0022137620965206554,110975.0045,111623.73473913812,110326.27426086187
2025-10-16 03:00:00,111510.43,111610.0,111401.55,111493.0,111.54056,111493.0,110996.40900000001,111005.095,111202.82903861027,111103.10043952113,99.7285990891396,5.794217081966374,60.85627031819521,0.0021829194003918583,110996.40900000001,111684.67381619445,110308.14418380558
2025-10-16 03:15:00,111493.01,111867.17,111434.02,111730.04,245.62061,111730.04,111024.52350000001,111018.50059999998,111283.93841728562,111149.54040696402,134.39801032160176,31.51497572989346,68.61961110597525,0.0022202555342573232,111024.52350000001,111784.46302327636,110264.58397672366
2025-10-16 03:30:00,111730.03,111730.04,111408.53,111564.23,158.78107,111564.23,111042.50700000001,111033.013,111327.06019924168,111180.2581545963,146.80204464537383,54.572389512989545,69.89743469014633,0.00225380980984047,111042.50700000001,111836.63879534477,110248.37520465525
2025-10-16 03:45:00,111564.23,111621.57,111271.49,111329.48,124.81579,111329.48,111075.58249999999,111035.83299999998,111327.4324762814,111191.31162462619,136.1208516552142,70.88208194143449,60.686721885876025,0.0020052025301640847,111075.58249999999,111859.0647376179,110292.10026238208
2025-10-16 04:00:00,111329.48,111632.0,111305.64,111594.02,121.49334,111594.02,111112.5305,111053.0734,111368.44594146889,111221.14187465387,147.30406681502063,86.16647891615173,75.57866361773807,0.002035855180411609,111112.5305,111921.50713143246,110303.55386856753
2025-10-16 04:15:00,111594.02,111675.21,111529.74,111550.57,81.91368,111550.57,111146.05899999998,111068.12460000001,111396.46502739676,111245.54395801284,150.92106938391225,99.11739700970385,73.54735557706101,0.0020422146990899965,111146.05899999998,111969.9049382488,110322.21306175116
2025-10-16 04:30:00,111550.57,111584.99,110933.29,110998.34,198.21035,110998.34,111148.87650000001,111069.4858,111335.21502318185,111227.2325537156,107.98246946625295,100.89041150101369,49.85818493703225,0.0023537596705300807,111148.87650000001,111970.16535840018,110327.58764159985
2025-10-16 04:45:00,110998.34,111119.46,110800.88,110966.03,171.94132,110966.03,111159.014,111069.37980000001,111278.41732730773,111207.88421640333,70.53311090440548,94.81895138169206,51.59792070376173,0.0023237036528306327,111159.014,111965.12760059474,110352.90039940525
2025-10-16 05:00:00,110966.03,111169.95,110907.28,111116.3,115.01413,111116.3,111187.32849999999,111077.825,111253.47620002962,111201.10020037346,52.37599965615664,86.33036103658499,52.06343265719998,0.0022891551523846073,111187.32849999999,111941.48125524094,110433.17574475904
2025-10-16 05:15:00,111116.29,111153.92,110968.8,111054.72,195.85329,111054.72,111200.827,111083.95939999999,111222.89832310198,111190.25722256802,32.641100533961435,75.59250893606028,44.10672151393832,0.002252319147888672,111200.827,111934.0127913737,110467.64120862632
2025-10-16 05:30:00,111054.72,111485.03,111054.72,111360.01,329.54326,111360.01,111250.425,111105.7492,111243.99242724014,111202.8315023778,41.160924862342654,68.70619212131676,50.30315460243779,0.0021282547658111237,111250.425,111872.14403213645,110628.70596786356
2025-10-16 05:45:00,111360.01,111365.02,110750.0,110951.14,190.65242,110951.14,111276.4185,111116.68980000001,111198.93820766473,111184.18768738685,14.750520277884789,57.91505775263036,41.672603410659335,0.0023184450594081313,111276.4185,111787.57456685202,110765.26243314797
2025-10-16 06:00:00,110951.13,111195.36,110932.92,110938.47,162.62544,110938.47,111273.09100000001,111121.1216,111158.8661757163,111165.98637721005,-7.120201493744389,44.90800590335541,42.346194305880594,0.0020034113423701054,111273.09100000001,111792.48601040372,110753.69598959631
2025-10-16 06:15:00,110938.47,111319.99,110922.17,111316.46,98.48378,111316.46,111294.249,111123.71519999999,111183.11137945225,111177.13257149079,5.978807961466373,37.122166314977605,46.61392416111857,0.0021291142590109885,111294.249,111782.01502180992,110806.48297819008
2025-10-16 06:30:00,111316.45,111531.58,111303.92,111348.56,128.1602,111348.56,111310.60350000001,111131.02639999999,111208.56501338267,111189.8308995285,18.734113854166935,33.444555822815474,47.49140296641073,0.0021172628452899617,111310.60350000001,111781.50218071668,110839.70481928335
2025-10-16 06:45:00,111348.57,111716.86,111348.56,111666.83,187.20889,111666.83,111328.9455,111140.08879999998,111279.0673190161,111225.16416623011,53.90315278599155,37.536275215450694,48.932310405286394,0.002139099449259685,111328.9455,111825.95710407259,110831.93389592742
2025-10-16 07:00:00,111666.83,111773.7,111325.91,111402.58,164.71684,111402.58,111331.78349999999,111144.79359999999,111298.0692699367,111238.3060798427,59.76319009400322,41.9816581911612,47.35742520197357,0.002211333992351234,111331.78349999999,111829.847910383,110833.71908961698
2025-10-16 07:15:00,111402.58,111402.59,110731.39,110771.28,343.17646,110771.28,111300.3475,111131.32400000001,111217.02476686954,111203.71155540991,13.313211459622835,36.24796884485353,41.92213295051987,0.0025467748390421243,111300.3475,111856.28577486763,110744.40922513237
2025-10-16 07:30:00,110771.28,110947.62,110727.5,110910.32,236.94742,110910.32,111278.64050000001,111125.0134,111169.83941812038,111181.97884760179,-12.139429481409024,26.57048917960102,39.733062631771865,0.0025689439578185673,111278.64050000001,111860.61927462983,110696.66172537018
2025-10-16 07:45:00,110910.32,110910.32,110553.19,110584.2,371.20178,110584.2,111232.329,111106.77699999999,111079.74104610184,111137.69893296462,-57.957886862772284,9.664813971126357,36.62385910322809,0.0026069669927373273,111232.329,111880.31336988187,110584.34463011812
2025-10-16 08:00:00,110584.21,110672.35,110405.0,110656.0,334.47519,110656.0,111190.479,111093.77699999999,111014.55011593233,111102.01753052279,-87.46741459045734,-9.761631741190389,44.53455773885175,0.0026173563336216537,111190.479,111874.68042896714,110506.27757103287
2025-10-16 08:15:00,110656.0,110750.0,110500.09,110551.89,152.90219,110551.89,111131.5715,111079.3802,110943.37163655813,111061.26734307666,-117.8957065185241,-31.388446696657137,43.53645517938862,0.0025522402435591606,111131.5715,111823.00677995311,110440.1362200469
2025-10-16 08:30:00,110551.9,110865.61,110506.88,110720.0,227.0106,110720.0,111089.36000000002,111065.4966,110909.00676939536,111035.98828062654,-126.98151123117714,-50.507059603561146,43.84913860003102,0.002581196927560293,111089.36000000002,111772.61144521167,110406.10855478836
2025-10-16 08:45:00,110720.0,110893.91,110684.0,110817.5,184.1183,110817.5,111063.76100000001,111060.6358,110894.928804873,111019.80396354309,-124.87515867009643,-65.38067941686822,46.358774735833876,0.002562270188451411,111063.76100000001,111747.49665556061,110380.02534443942
2025-10-16 09:00:00,110817.5,110968.61,110748.95,110841.34,196.25911,110841.34,111026.12700000001,111051.8758,110886.68437335406,111006.58441068805,-119.90003733399499,-76.28455100029358,41.28569844454085,0.0024912829850802236,111026.12700000001,111668.5842493323,110383.66975066772
2025-10-16 09:15:00,110841.34,110934.62,110680.1,110680.1,176.35198,110680.1,110982.60350000001,111043.28259999999,110854.90216206881,110982.40038026673,-127.49821819791396,-86.52728443981766,45.032877134081666,0.0025038553440326116,110982.60350000001,111592.58660248006,110372.62039751996
2025-10-16 09:30:00,110680.1,111427.48,109635.15,111230.0,1352.99637,111230.0,110994.1865,111051.67139999999,110912.60952175054,111000.74109283955,-88.13157108901942,-86.84814176965803,54.46369240285766,0.0025348565756974305,110994.1865,111614.14424953292,110374.22875046707
2025-10-16 09:45:00,111230.0,111633.14,111010.43,111146.31,873.78223,111146.31,111003.2005,111055.0732,110948.56344148124,111011.52397485144,-62.96053337020567,-82.07062008976756,47.13674623982323,0.0025407645239996883,111003.2005,111626.66701960389,110379.73398039612
2025-10-16 10:00:00,111146.31,111512.0,111021.02,111375.83,319.36436,111375.83,111016.177,111060.39660000001,111014.29675817642,111038.50960634394,-24.212848167517222,-70.49906570531749,50.43030400575638,0.0025643267498851622,111016.177,111660.02535357291,110372.32864642708
2025-10-16 10:15:00,111375.84,111728.7,111317.73,111353.56,299.13572,111353.56,111031.11899999999,111070.384,111066.49110307237,111061.84667254069,4.644430531683611,-55.470366457917265,44.54744507761014,0.0025606472986695514,111031.11899999999,111692.36897979554,110369.86902020444
2025-10-16 10:30:00,111353.56,111500.0,111250.0,111437.22,187.22549,111437.22,111034.97950000002,111077.8302,111123.5263179843,111089.65210420435,33.874213779956335,-37.601450410342544,50.64336391664498,0.002491444200636405,111034.97950000002,111705.15551114119,110364.80348885884
2025-10-16 10:45:00,111437.22,111645.87,111437.22,111469.63,215.7962,111469.63,111060.90400000001,111083.8678,111176.77303829441,111117.79861500402,58.974423290390405,-18.28627567019595,66.68131721136433,0.0023335022920856477,111060.90400000001,111757.0355452599,110364.77245474012
2025-10-16 11:00:00,111469.63,111567.85,111248.0,111422.96,209.70809,111422.96,111085.12849999999,111088.2358,111214.64795547989,111140.40316204076,74.2447934391239,0.21993815166802627,62.810619539793194,0.0023368961978788715,111085.12849999999,111796.86526302232,110373.39173697766
2025-10-16 11:15:00,111422.95,111469.63,111084.35,111112.14,184.67336,111112.14,111074.9125,111097.1192,111198.87750079068,111138.30959448218,60.567906308497186,12.289531783033862,63.29462010334721,0.0023026982558755032,111074.9125,111778.48710523099,110371.33789476902
2025-10-16 11:30:00,111112.14,111279.57,111001.44,111152.07,223.28805,111152.07,111065.08799999999,111103.05940000001,111191.6763468229,111139.3288837798,52.347463043101016,20.301118035047296,62.69584935019742,0.002303365822606273,111065.08799999999,111757.9799911111,110372.19600888887
2025-10-16 11:45:00,111152.07,111432.92,111071.76,111404.72,145.03084,111404.72,111051.9825,111113.55380000001,111224.45229346554,111158.98748498129,65.46480848424835,29.33385612488751,70.28412955889277,0.0022674286266148444,111051.9825,111705.76390675662,110398.20109324338
2025-10-16 12:00:00,111404.73,111982.45,111404.72,111535.16,410.37784,111535.16,111058.61150000003,111125.41720000001,111272.25347908623,111186.8521157234,85.40136336282012,40.54735757247404,69.7419279839577,0.0022200372252474568,111058.61150000003,111729.81719030716,110387.4058096929
2025-10-16 12:15:00,111535.17,111672.33,111344.26,111419.94,127.92635,111419.94,111091.0445,111138.5504,111294.97448230375,111204.11788492907,90.85659737467358,50.609205532913954,64.46601288984084,0.001791065869023531,111091.0445,111766.46515303089,110415.62384696912
2025-10-16 12:30:00,111419.94,111679.34,111332.18,111526.07,195.81759,111526.07,111121.83200000001,111158.0716,111330.52763887242,111227.96618974915,102.56144912327,60.99965425098517,65.81691344621295,0.0017837761439366327,111121.83200000001,111818.37163739455,110425.29236260547
2025-10-16 12:45:00,111526.08,111639.23,111394.91,111519.07,191.29428,111519.07,111168.57549999999,111172.758,111359.53415596898,111249.52943495291,110.0047210160701,70.80066760400216,70.86668225298561,0.0016189208016305651,111168.57549999999,111838.15450851648,110498.9964914835
2025-10-16 13:00:00,111519.08,111548.0,111152.67,111300.96,182.95289,111300.96,111200.82349999998,111191.4162,111350.52274735837,111253.33910643787,97.18364092049887,76.0772622673015,52.11376688987932,0.0017023434592906262,111200.82349999998,111827.18972440837,110574.4572755916
2025-10-16 13:15:00,111300.95,111314.0,110846.49,111141.36,244.28286,111141.36,111230.29699999999,111205.61799999999,111318.34386314938,111245.04435781285,73.29950533653027,75.52171088114726,49.85892854089371,0.001724564484479236,111230.29699999999,111778.71809253328,110681.8759074667
2025-10-16 13:30:00,111141.36,111499.5,111075.77,111319.42,389.78958,111319.42,111260.268,111211.906,111318.50942266487,111250.55366464153,67.9557580233377,74.00852030958535,48.343775873914325,0.0017277734935512669,111260.268,111754.06354987083,110766.47245012916
2025-10-16 13:45:00,111319.42,111448.44,110684.32,110860.0,428.1298,110860.0,111262.393,111211.24,111247.96951148564,111221.62376355697,26.345747928673518,64.47596583340298,38.46887090443545,0.001979371511970112,111262.393,111748.47126348247,110776.31473651752
2025-10-16 14:00:00,110860.0,110936.0,110215.5,110227.08,477.52825,110227.08,111231.68000000001,111195.3522,111090.90958664169,111147.95385514534,-57.044268503654166,40.171918965991544,27.501505923298467,0.002356213964726954,111231.68000000001,111880.24343006324,110583.11656993677
2025-10-16 14:15:00,110227.07,110466.0,109728.0,110343.41,859.53691,110343.41,111214.84549999998,111176.2206,110975.90965023529,111088.35801402347,-112.44836378817854,9.647862415157519,29.695308837846724,0.0023569297902157993,111214.84549999998,111936.99566255449,110492.69533744548
2025-10-16 14:30:00,110343.42,111420.02,110343.42,111352.01,505.3546,111352.01,111220.946,111176.3444,111033.77124250679,111107.88779076247,-74.11654825568257,-7.105019719010505,49.05025928791518,0.0029450305047128123,111220.946,111945.69193606502,110496.20006393497
2025-10-16 14:45:00,111352.0,111404.99,110486.12,110529.34,376.31024,110529.34,111190.09749999999,111158.9312,110956.16643596729,111065.03239885415,-108.86596288686269,-27.45720835258095,43.13881537432774,0.0033825247032784364,111190.09749999999,111977.99074937463,110402.20425062535
2025-10-16 15:00:00,110529.35,110727.35,110149.56,110587.95,346.36955,110587.95,111150.70350000002,111143.80099999999,110899.51775351078,111029.69296190198,-130.1752083911997,-48.0008083603047,43.38781366040272,0.0033438832465742343,111150.70350000002,111977.33040934186,110324.07659065818
2025-10-16 15:15:00,110587.95,110627.99,109890.0,110044.97,319.05164,110044.97,111085.274,111114.4918,110768.04886835528,110956.75052027962,-188.70165192433342,-76.14097707311046,35.0776652787807,0.0034952203557748938,111085.274,112041.31932467465,110129.22867532536
2025-10-16 15:30:00,110044.97,110181.34,109000.0,109240.7,1038.79809,109240.7,110975.448,111069.44579999999,110533.07211937754,110829.63566692556,-296.56354754802305,-120.225491168093,28.064100406889523,0.003785608310146647,110975.448,112221.82885735361,109729.0671426464
2025-10-16 15:45:00,109240.69,109257.72,108361.69,108549.21,2159.29122,108549.21,110829.427,111005.82920000002,110227.86256255022,110660.71524715329,-432.8526846030727,-182.75092985508897,25.27871116859764,0.003953640102118098,110829.427,112457.7895764742,109201.0644235258
2025-10-16 16:00:00,108549.21,108810.68,108196.0,108563.87,789.76881,108563.87,110686.4725,110945.82199999999,109971.86370677326,110505.39337699379,-533.5296702205233,-252.90667792817584,24.08271971330157,0.003962207185790363,110686.4725,112576.42819699945,108796.51680300056
2025-10-16 16:15:00,108563.87,108820.0,107908.46,108133.98,1019.4707,108133.98,110537.56450000001,110881.91200000001,109689.11236726968,110329.7331268461,-640.6207595764135,-330.44949425782346,22.423386301833872,0.0039940081338144945,110537.56450000001,112731.20280639843,108343.92619360158
2025-10-16 16:30:00,108133.97,108408.44,107577.57,108084.0,1052.1515,108084.0,110384.16100000001,110811.7116,109442.17200307435,110163.3825248575,-721.2105217831559,-408.60169976289,23.054939458713122,0.003979701810064525,110384.16100000001,112813.3233815868,107954.99861841321
2025-10-16 16:45:00,108084.0,109254.0,107934.91,109232.43,796.72758,109232.43,110275.54649999998,110765.34879999999,109409.90400260137,110094.42307857175,-684.5190759703837,-463.7851750043888,36.28309172773259,0.004748420584448342,110275.54649999998,112706.83133872114,107844.26166127883
2025-10-16 17:00:00,109232.43,109244.91,108333.07,108490.59,745.93265,108490.59,110123.318,110715.1938,109268.47107912424,109975.62062830718,-707.149549182941,-512.4580498400993,31.196515861947816,0.00489082694586269,110123.318,112603.29748024163,107643.33851975837
2025-10-16 17:15:00,108490.59,109167.81,108469.69,108817.74,303.7258,108817.74,109993.20800000001,110672.22799999999,109199.12783618204,109889.85169287703,-690.7238566949818,-548.1112112110758,36.18193677247887,0.004988382129029826,109993.20800000001,112459.7696220366,107526.64637796342
2025-10-16 17:30:00,108817.73,108941.95,108469.01,108533.63,232.02764,108533.63,109843.58600000001,110620.57459999999,109096.7435536925,109789.39082673797,-692.6472730454698,-577.0184235779546,37.97438151628811,0.004972226815781665,109843.58600000001,112281.51509473563,107405.65690526439
2025-10-16 17:45:00,108533.64,108604.0,108227.54,108276.7,260.81419,108276.7,109681.4675,110565.0142,108970.58300697057,109677.339654387,-706.7566474164341,-602.9660683456506,35.61109556213708,0.004967593433374443,109681.4675,112081.197911567,107281.737088433
2025-10-16 18:00:00,108276.69,108305.78,107720.69,107897.12,410.3716,107897.12,109511.27549999999,110495.75640000001,108805.43485205203,109545.47153183982,-740.0366797877941,-630.3801906340793,23.63721826026037,0.004987741446801745,109511.27549999999,111910.20892242655,107112.34207757343
2025-10-16 18:15:00,107897.12,108116.0,107680.0,107865.79,297.76724,107865.79,109347.497,110434.04939999999,108660.8741055825,109421.05067762946,-760.1765720469703,-656.3394669166576,26.883922759817665,0.004995569803249778,109347.497,111725.0085937375,106969.98540626251
2025-10-16 18:30:00,107865.78,108604.56,107827.95,108458.19,301.79175,108458.19,109204.43549999999,110384.4438,108629.69193549287,109349.72766447172,-720.0357289788517,-669.0787193290964,33.08382472549819,0.005193789054343593,109204.43549999999,111421.24787787702,106987.62312212297
2025-10-16 18:45:00,108458.2,108656.3,108228.33,108656.19,218.42276,108656.19,109094.245,110331.2384,108633.76856080165,109298.35450414047,-664.585943338825,-668.1801641310421,38.32969751565531,0.0051931114102512005,109094.245,111179.76206084817,107008.72793915182
2025-10-16 19:00:00,108656.19,108751.02,107700.0,108055.68,979.18759,108055.68,108985.675,110265.3808,108544.83185913984,109206.3045408708,-661.4726817309565,-666.838667651025,39.68884325566014,0.005184537973734346,108985.675,111048.84144360946,106922.50855639054
2025-10-16 19:15:00,108055.68,108194.14,107700.0,107925.43,213.99361,107925.43,108864.776,110190.5528,108449.53926542602,109111.42494525074,-661.8856798247143,-665.848070085763,43.98483334811929,0.005162388026053738,108864.776,110875.66523469202,106853.88676530798
2025-10-16 19:30:00,107925.43,108060.0,107685.4,107979.99,234.18005,107979.99,108696.175,110122.101,108377.30091689894,109027.61494930623,-650.3140324072883,-662.7412625500681,44.41258880450772,0.00459077301372077,108696.175,110365.42923269265,107026.92076730735
2025-10-16 19:45:00,107980.0,108550.0,107823.3,108197.66,398.93545,108197.66,108579.59100000001,110070.6286,108349.66385276066,108966.13680491317,-616.4729521525151,-653.4876004705575,50.63518155739184,0.004437845599342989,108579.59100000001,110019.7395851961,107139.44241480393
2025-10-16 20:00:00,108197.67,108424.11,108013.29,108079.95,204.23138,108079.95,108454.19099999999,110014.02119999999,108308.1694138744,108900.49333788257,-592.3239240081602,-641.254865178078,49.960141482973,0.0044221235737745045,108454.19099999999,109554.74251785013,107353.63948214985
2025-10-16 20:15:00,108079.94,108238.83,107800.55,107973.06,169.99111,107973.06,108350.59550000001,109961.79840000001,108256.6141194322,108831.79457211349,-575.1804526812921,-628.0399826787209,34.409608485415944,0.004332053021141936,108350.59550000001,109176.43267858279,107524.75832141723
2025-10-16 20:30:00,107973.06,108041.67,107427.0,107796.37,369.64308,107796.37,108278.379,109904.6058,108185.80733182725,108755.09645566063,-569.2891238333832,-616.2898109096534,40.007714938770015,0.004071055096049441,108278.379,109025.31786070524,107531.44013929476
2025-10-16 20:45:00,107796.36,108000.0,107556.01,107838.01,197.17729,107838.01,108242.81899999999,109850.3282,108132.30005000767,108687.1641256117,-554.8640756040259,-604.0046638485279,34.63539788035524,0.0038494855757325312,108242.81899999999,109003.06744226639,107482.57055773359
2025-10-16 21:00:00,107838.0,108136.15,107592.0,108130.97,182.5292,108130.97,108221.174,109798.54759999999,108132.09542692956,108645.96456075158,-513.8691338220233,-585.977557843227,43.70276999299375,0.00390843561712363,108221.174,108967.45747655498,107474.89052344502
2025-10-16 21:15:00,108130.98,108210.0,107935.77,108107.99,141.62756,108107.99,108219.87449999999,109744.35740000001,108128.38689970961,108606.1145932885,-477.7276935788832,-564.3275849903583,47.15321766891556,0.0038068320940022027,108219.87449999999,108966.88741897025,107472.86158102973
2025-10-16 21:30:00,108107.99,108366.0,108107.99,108283.63,105.68881,108283.63,108229.856,109693.2032,108152.27045360043,108582.2268456375,-429.95639203707105,-537.4533463997009,57.00394675326094,0.003822214200283795,108229.856,108974.55582754625,107485.15617245375
2025-10-16 21:45:00,108283.63,108463.31,108217.74,108443.7,60.99625,108443.7,108190.4195,109648.47520000002,108197.10576843112,108571.9655978125,-374.8598293813702,-504.93464299603477,60.0054709709588,0.0029423901384409514,108190.4195,108778.67554659073,107602.16345340927
2025-10-16 22:00:00,108443.71,108500.0,108095.0,108095.01,121.48515,108095.01,108170.64050000001,109585.77540000001,108181.39872713402,108536.63555353008,-355.23682639606704,-474.9950796760413,43.132672278822724,0.002622107799624001,108170.64050000001,108742.78164093515,107598.49935906487
2025-10-16 22:15:00,108095.01,108159.88,107965.88,107970.39,120.2992,107970.39,108128.273,109522.257,108148.93584603647,108494.69143845377,-345.75559241729206,-449.14718222429144,36.662154592979874,0.0025184119068304106,108128.273,108618.24688828173,107638.29911171827
2025-10-16 22:30:00,107970.38,108064.55,107885.23,107933.1,100.28342,107933.1,108098.24650000001,109453.4024,108115.73033126163,108453.0920726424,-337.36174138076603,-426.7900940555864,46.94719225366877,0.0024635080433859312,108098.24650000001,108556.1823359157,107640.31066408432
2025-10-16 22:45:00,107933.11,107998.0,107783.76,107798.85,109.04568,107798.85,108074.354,109382.3082,108066.97951106753,108404.6296968911,-337.6501858235715,-408.9621124091834,46.85384210055409,0.002425796772732411,108074.354,108542.82866325918,107605.87933674084
2025-10-16 23:00:00,107798.85,108017.62,107736.56,107982.21,92.55253,107982.21,108078.6085,109313.20800000001,108053.93804782638,108373.33934897324,-319.40130114686326,-391.04995015671943,50.05185801182926,0.0023320088346798777,108078.6085,108541.82199712747,107615.39500287254
2025-10-16 23:15:00,107982.21,108420.73,107982.2,108313.68,130.56733,108313.68,108101.003,109250.08899999998,108093.89834816077,108368.92013793818,-275.0217897774128,-367.84431808085816,52.57335001286433,0.0024259439579513613,108101.003,108564.20209489731,107637.80390510269
2025-10-16 23:30:00,108313.68,108313.68,107978.14,108027.48,88.33321,108027.48,108079.4675,109182.1794,108083.68014075143,108343.62827586869,-259.94813511725806,-346.26508148813815,48.91713961407487,0.0021612212175279102,108079.4675,108511.76276472564,107647.17223527435
2025-10-16 23:45:00,108027.49,108205.08,108014.96,108194.28,59.95535,108194.28,108056.372,109123.82220000001,108100.69550371275,108332.56544061916,-231.86993690641248,-323.386052571793,54.455301974495164,0.0021482337960325843,108056.372,108398.9876988722,107713.75630112781
2025-10-17 00:00:00,108194.27,108276.03,107934.4,108243.47,192.90275,108243.47,108065.7615,109065.65019999999,108122.66081083386,108325.96577835108,-203.3049675172224,-299.3698355608789,59.49192411555926,0.0017483583335025448,108065.7615,108418.44240089753,107713.08059910245
2025-10-17 00:15:00,108243.47,108500.0,108204.56,108499.99,106.67345,108499.99,108094.4895,109007.5556,108180.71145532095,108338.85646143618,-158.14500611522817,-271.1248696717488,62.87878787878819,0.0017913715004455632,108094.4895,108490.03805592949,107698.9409440705
2025-10-17 00:30:00,108499.99,108849.19,108312.71,108673.72,236.02558,108673.72,108129.176,108950.3268,108256.5589237331,108363.66116799647,-107.10224426336936,-238.3203445900729,61.07286978590766,0.0018156382965452684,108129.176,108597.43445460097,107660.91754539905
2025-10-17 00:45:00,108673.71,108800.0,108547.33,108800.0,121.43444,108800.0,108159.29299999999,108897.92800000001,108340.16524315877,108395.98256295969,-55.817319800917176,-201.81973963224175,63.546988970717834,0.0017834632809272985,108159.29299999999,108715.34818722517,107603.23781277481
2025-10-17 01:00:00,108799.99,109115.08,108757.39,108980.45,234.34371,108980.45,108204.318,108847.0156,108438.6705903651,108439.27644718491,-0.605856819805922,-161.57696306975458,63.615509668141264,0.0017783924328131529,108204.318,108868.6175532122,107540.0184467878
2025-10-17 01:15:00,108980.45,109062.89,108750.0,108824.04,159.36954,108824.04,108246.867,108793.115,108497.9581918474,108467.77745109714,30.180740750263794,-123.22542230575091,57.44229550026219,0.0017996249364482613,108246.867,108956.27932232858,107537.45467767141
2025-10-17 01:30:00,108824.03,108908.24,108646.1,108693.19,114.94019,108693.19,108291.70799999998,108740.95959999999,108527.9938546401,108484.4746769418,43.519177698297426,-89.87650230494124,62.795732046444705,0.0017763159131464895,108291.70799999998,108994.56759102276,107588.84840897721
2025-10-17 01:45:00,108693.18,108864.07,108506.79,108839.84,154.57022,108839.84,108341.79950000001,108694.9292,108575.97018469547,108510.79803420538,65.17215049009246,-58.8667717459345,68.42484477314648,0.0017884807837763664,108341.79950000001,109051.280966553,107632.31803344702
2025-10-17 02:00:00,108839.84,108844.37,108428.57,108502.8,151.03785,108502.8,108360.39099999999,108638.59680000001,108564.71323320387,108510.2055872272,54.50764597667148,-36.1918882014133,60.711868231047006,0.0018734787633452408,108360.39099999999,109066.08781495821,107654.69418504176
2025-10-17 02:15:00,108502.8,108580.63,108390.21,108425.56,99.13241,108425.56,108376.26950000001,108589.90800000001,108543.30504348018,108503.93554372889,39.369499751293915,-21.079610610871853,62.04197233868392,0.0018821985536947691,108376.26950000001,109072.27860052511,107680.26039947491
2025-10-17 02:30:00,108425.56,108804.72,108399.12,108732.85,140.81326,108732.85,108398.73049999999,108560.0234,108572.46580602169,108520.89217011936,51.57363590232853,-6.548961308231773,63.76755241882244,0.0019503223721215853,108398.73049999999,109110.95663479669,107686.50436520329
2025-10-17 02:45:00,108732.85,109082.8,108728.48,108972.97,168.72799,108972.97,108425.19399999999,108532.61460000002,108634.08183586449,108554.37941677718,79.70241908730532,10.70131477087565,62.51133875063119,0.0019819102212010197,108425.19399999999,109182.36828007731,107668.01971992267
2025-10-17 03:00:00,108972.98,109100.0,108911.51,109047.49,179.95835,109047.49,108472.818,108486.5242,108697.68309188532,108590.90612664555,106.7769652397692,29.91644486465437,71.047711806,0.0018076854176111872,108472.818,109261.7021099187,107683.9338900813
2025-10-17 03:15:00,109047.49,109097.26,108946.79,109037.76,82.40665,109037.76,108526.1865,108456.6926,108750.00261621065,108624.00641356071,125.99620264994155,49.13239642171182,68.61148621812681,0.0017736736128369831,108526.1865,109316.3720600894,107736.00093991059
2025-10-17 03:30:00,109037.76,109105.99,108910.45,108910.45,106.45509,108910.45,108575.054,108423.14260000002,108774.68682910132,108645.22445700066,129.46237210066465,65.19839155750239,64.22653937051533,0.0018034188907088075,108575.054,109330.94510631105,107819.16289368896
2025-10-17 03:45:00,108910.45,109240.0,108910.45,109176.74,169.10161,109176.74,108643.94850000001,108405.77799999999,108836.54116308574,108684.59597870431,151.94518438143132,82.54775012228818,64.37501858609716,0.001809439500507617,108643.94850000001,109351.5937177135,107936.30328228652
2025-10-17 04:00:00,109176.74,109236.01,109016.18,109094.09,107.37,109094.09,108699.54250000001,108402.84579999998,108876.16406107254,108714.92886917068,161.23519190186926,98.2852384782044,59.28858995152071,0.0018168172375098075,108699.54250000001,109361.52262422792,108037.5623757721
2025-10-17 04:15:00,109094.08,109138.19,108916.0,108966.35,100.51977,108966.35,108732.176,108411.1886,108890.03882090753,108733.55265663953,156.48616426800436,109.92542363616441,53.673336895892426,0.0017490337958192416,108732.176,109378.22169984205,108086.13030015797
2025-10-17 04:30:00,108966.35,109066.97,108870.24,108910.46,116.81637,108910.46,108776.325,108418.12040000001,108893.1805407679,108746.65690429586,146.52363647204766,117.24506620334107,48.36451327971308,0.0016204625322318697,108776.325,109334.27944410733,108218.37055589266
2025-10-17 04:45:00,108910.45,109011.01,108786.0,108787.26,163.16652,108787.26,108805.974,108431.186,108876.88507295746,108749.66454101467,127.22053194278851,119.24015935123056,49.12699618327862,0.0016321546605694754,108805.974,109292.09710467096,108319.85089532904
2025-10-17 05:00:00,108787.26,108926.06,108732.0,108813.73,121.33452,108813.73,108834.487,108445.7806,108867.16890788708,108754.41013056914,112.75877731794026,117.94388294457251,53.01027900146823,0.0016316116120978872,108834.487,109242.27668480047,108426.69731519952
2025-10-17 05:15:00,108813.73,108888.21,108728.02,108832.1,142.69526,108832.1,108851.0925,108437.774,108861.77369128907,108760.16493571218,101.60875557688996,114.676857471036,49.793474432455184,0.0015545067506063856,108851.0925,109227.35993863654,108474.82506136346
2025-10-17 05:30:00,108832.1,108866.82,108526.43,108553.4,211.30445,108553.4,108845.0765,108439.03020000001,108814.33158493691,108744.84901454831,69.48257038860174,105.63800005454915,51.39354014276873,0.001627443417253594,108845.0765,109236.81422273804,108453.33877726195
2025-10-17 05:45:00,108553.39,108575.3,108299.12,108381.76,325.12324,108381.76,108824.1645,108430.31060000001,108747.78211033123,108717.95353198917,29.82857834205788,90.47611571205091,48.8533551143503,0.001635131387409807,108824.1645,109267.3139127661,108381.0150872339
2025-10-17 06:00:00,108381.75,108519.49,108281.23,108329.53,175.71556,108329.53,108791.61850000001,108426.22860000002,108683.43563181873,108689.1814185085,-5.74578668976028,71.23173523168867,37.81407490663875,0.0015766875460082753,108791.61850000001,109279.76536065093,108303.4716393491
2025-10-17 06:15:00,108329.54,108341.1,107758.83,107820.02,443.64628,107820.02,108741.41750000001,108417.095,108550.60245769279,108624.79909121158,-74.1966335187899,42.14606148159295,20.04157463947068,0.0018469118963026629,108741.41750000001,109394.25174702895,108088.58325297108
2025-10-17 06:30:00,107820.02,107882.0,106900.0,107020.0,1234.50085,107020.0,108657.758,108399.5526,108315.12515650928,108505.92508445516,-190.79992794587451,-4.443136403900555,11.74186243985335,0.002414279807763774,108657.758,109667.7490068063,107647.7669931937
2025-10-17 06:45:00,107020.01,107195.97,106639.79,106741.28,986.62897,106741.28,108552.83,108377.0624,108072.99513243094,108375.21063375479,-302.21550132385164,-63.99760938789079,10.659736735715256,0.002393170170430138,108552.83,109871.91461695546,107233.74538304454
2025-10-17 07:00:00,106741.28,106901.85,106194.19,106245.38,1204.48352,106245.38,108439.959,108332.8062,107791.82357359541,108217.44540162479,-425.6218280293833,-136.32245311618934,9.464519838288723,0.0024887756384061872,108439.959,110115.28773918118,106764.63026081883
2025-10-17 07:15:00,106245.38,106570.46,106156.46,106297.6,571.15181,106297.6,108333.56100000002,108285.6344,107561.9430238115,108075.23463113408,-513.2916073225788,-211.71628395746728,3.1582098488254076,0.002511763028360771,108333.56100000002,110263.6569556812,106403.46504431883
2025-10-17 07:30:00,106297.61,106322.33,105688.49,105759.73,1286.04175,105759.73,108184.905,108239.71540000002,107284.67948168666,107903.71576956859,-619.0362878819287,-293.1802847423596,2.7507595338505837,0.002499832774938211,108184.905,110419.47721034738,105950.33278965262
2025-10-17 07:45:00,105759.74,105998.99,105542.09,105633.75,829.57646,105633.75,108017.94399999999,108193.8818,107030.69033065793,107735.57015700795,-704.8798263500212,-375.52019306389195,2.752132292895709,0.002354170332275223,108017.94399999999,110490.87375424737,105545.01424575261
2025-10-17 08:00:00,105633.75,105669.43,105050.0,105146.19,1116.91655,105146.19,107822.879,108137.2058,106740.76720286442,107543.7642194518,-802.997016587382,-461.01555776859004,2.4520070028474095,0.0023872459330694365,107822.879,110555.68405364185,105090.07394635816
2025-10-17 08:15:00,105146.2,105459.98,104505.0,105173.59,1959.19306,105173.59,107629.67050000001,108076.7244,106499.66301780834,107368.19575875168,-868.5327409433376,-542.5189944035395,3.222190292006303,0.002401809985685085,107629.67050000001,110541.36262197864,104717.97837802138
2025-10-17 08:30:00,105173.59,105716.15,104890.0,105080.01,747.87193,105080.01,107438.14850000001,108016.7256,106281.25486122245,107198.70051736267,-917.4456561402185,-617.5043267508754,2.493574573122757,0.002406457185711045,107438.14850000001,110495.39274658701,104380.90425341301
2025-10-17 08:45:00,105080.01,105242.89,104741.23,104884.38,809.00182,104884.38,107223.5305,107954.95199999999,106066.35103641899,107027.26936792838,-960.9183315093978,-686.1871277025799,1.9386602255681993,0.0021909833689327703,107223.5305,110368.27856119542,104078.78243880457
2025-10-17 09:00:00,104884.38,105313.24,104806.95,105243.99,629.59618,105243.99,107031.02549999999,107903.90440000001,105939.83395389299,106895.1745999337,-955.3406460407132,-740.0178313702066,10.488147912900786,0.002494907153543591,107031.02549999999,110164.99107256014,103897.05992743984
2025-10-17 09:15:00,105242.39,105313.23,104892.0,105103.88,260.28118,105103.88,106837.902,107849.2218,105811.22565329407,106762.48611104973,-951.2604577556631,-782.266356647298,10.56771101497948,0.002493063343806196,106837.902,109945.64245960585,103730.16154039415
2025-10-17 09:30:00,105103.89,105626.67,105077.17,105077.18,360.54225,105077.18,106646.23799999998,107788.146,105698.29555278727,106637.64862134233,-939.353068555065,-813.6836990288515,10.633023547439763,0.0025007572011001124,106646.23799999998,109687.90252526753,103604.57347473243
2025-10-17 09:45:00,105077.18,105182.62,104520.7,104531.35,784.18931,104531.35,106433.4425,107716.6132,105518.76546774307,106481.6265012429,-962.8610334998375,-843.5191659230487,10.540347913311962,0.002607459874504882,106433.4425,109439.71041543207,103427.17458456794
2025-10-17 10:00:00,104530.0,104839.49,104259.99,104638.87,625.19391,104638.87,106224.69949999999,107643.718,105383.39693424413,106345.12601966936,-961.7290854252351,-867.1611498234862,15.73548838293543,0.002648451866716436,106224.69949999999,109112.49856270144,103336.90043729854
2025-10-17 10:15:00,104638.87,104681.43,103528.23,104014.6,1559.1362,104014.6,105983.82450000002,107555.136,105172.81279051426,106172.49446265682,-999.6816721425566,-893.6652542873003,14.31215283049464,0.0027435823124466263,105983.82450000002,108757.29499915756,103210.35400084248
2025-10-17 10:30:00,104014.6,104527.05,103958.95,104410.43,838.72333,104410.43,105776.676,107481.4444,105055.52313043515,106041.97116912669,-986.4480386915384,-912.2218111681478,25.33742281814203,0.0030578694506075478,105776.676,108353.99816712359,103199.35383287643
2025-10-17 10:45:00,104410.43,104926.19,104341.24,104751.99,597.23109,104751.99,105595.1875,107417.0764,105008.82572575282,105946.41700845063,-937.5912826978165,-917.2957054740816,30.72541121600203,0.0032727393653306075,105595.1875,107896.53985374155,103293.83514625845
2025-10-17 11:00:00,104751.99,105923.43,104674.0,105816.0,935.6453,105816.0,105469.51100000001,107374.7344,105133.00638332931,105936.75648930614,-803.7501059768256,-894.5865855746306,50.62031621023952,0.004210823317435452,105469.51100000001,107384.17987153096,103554.84212846907
2025-10-17 11:15:00,105816.01,106651.22,105769.85,106257.17,1560.38352,106257.17,105391.36850000001,107343.9008,105305.95463204787,105960.4908234316,-654.536191383726,-846.5765067364496,56.425976853207146,0.004285116753666136,105391.36850000001,107006.2130811624,103776.52391883763
2025-10-17 11:30:00,106257.17,106319.16,105702.75,105868.1,613.72574,105868.1,105333.77350000001,107301.61859999999,105392.43853480973,105953.64705873295,-561.2085239232256,-789.5029101738048,57.595390853672775,0.004051949457670912,105333.77350000001,106777.10101734319,103890.44598265683
2025-10-17 11:45:00,105868.11,106002.27,105458.0,105683.72,510.70185,105683.72,105280.89550000001,107249.01940000002,105437.25106791592,105933.65246178977,-496.4013938738499,-730.8826069138139,55.1955789761004,0.004033287627865871,105280.89550000001,106577.09556404634,103984.69543595369
2025-10-17 12:00:00,105683.71,106070.14,105562.03,105743.37,415.98132,105743.37,105255.795,107203.33720000001,105484.34628823654,105919.55746462014,-435.2111763836001,-671.7483208077712,56.80321782685933,0.003917334203125305,105255.795,106491.38060495481,104020.20939504518
2025-10-17 12:15:00,105743.37,106000.0,105500.96,105600.74,393.10095,105600.74,105220.952,107151.46639999999,105502.25301312323,105895.94135612976,-393.6883430065209,-616.1363252475212,57.42751444319571,0.0039211191741903816,105220.952,106369.04329392037,104072.86070607963
2025-10-17 12:30:00,105600.74,105800.0,105235.31,105637.74,297.47235,105637.74,105214.85250000001,107099.3518,105523.09716495044,105876.81532974978,-353.71816479934205,-563.6526931578854,54.37526251575099,0.0037603373596966647,105214.85250000001,106352.13699588343,104077.56800411659
2025-10-17 12:45:00,105637.74,105654.25,105227.45,105350.4,277.83114,105350.4,105200.68500000001,107036.36,105496.52837034267,105837.82160162016,-341.29323127749376,-519.1808007818071,52.6524867870607,0.003800065982844289,105200.68500000001,106322.95804725861,104078.41195274142
2025-10-17 13:00:00,105350.4,105538.45,104916.66,104916.82,446.76659,104916.82,105189.21650000001,106961.222,105407.34246721302,105769.59926075942,-362.25679354640306,-487.7959993347263,48.413483608503746,0.0037705167283048984,105189.21650000001,106318.50028496889,104059.93271503113
2025-10-17 13:15:00,104916.82,105626.67,104876.19,105505.06,384.19966,105505.06,105205.79000000001,106895.3232,105422.37593379564,105750.00375996243,-327.6278261667903,-455.76236470113906,59.55320088300224,0.003981225197474597,105205.79000000001,106343.80379874761,104067.7762012524
2025-10-17 13:30:00,105505.4,106091.46,105180.56,105326.67,594.54429,105326.67,105218.12299999999,106822.2476,105407.65194398093,105718.64570366891,-310.9937596879754,-426.8086436985064,56.65554506185273,0.003996394122603214,105218.12299999999,106355.74355346234,104080.50244653765
2025-10-17 13:45:00,105326.67,106166.0,104966.0,105835.63,914.84219,105835.63,105265.68549999999,106762.4794,105473.49472183002,105727.31120710084,-253.81648527081416,-392.21021201296793,68.02354007771481,0.004100224476922699,105265.68549999999,106423.90956379312,104107.46143620687
2025-10-17 14:00:00,105835.62,105989.01,105151.45,105419.59,468.18843,105419.59,105274.4655,106697.0074,105465.20168770233,105704.5170436119,-239.31535590956628,-361.63124079228766,59.94830462024997,0.004149683566167875,105274.4655,106434.65770700347,104114.27329299654
2025-10-17 14:15:00,105419.59,105587.0,104982.03,105066.2,317.01956,105066.2,105272.5815,106621.53460000001,105403.8168126712,105657.23429964064,-253.41748696943978,-339.9884900277181,53.09027607030099,0.004210315613026109,105272.5815,106434.06171830765,104111.10128169235
2025-10-17 14:30:00,105066.2,105415.2,104533.21,105206.37,672.52959,105206.37,105279.041,106555.606,105373.44037995256,105623.83694411171,-250.39656415914942,-322.0701048540044,42.67273395977404,0.0042204255839868735,105279.041,106437.37829538643,104120.70370461357
2025-10-17 14:45:00,105206.37,105768.26,105078.01,105163.42,436.71013,105163.42,105310.64450000001,106490.3632,105341.12955226755,105589.73198528861,-248.60243302106392,-307.3765704874163,35.462372966061295,0.0040379555328771185,105310.64450000001,106416.38463192023,104204.90436807979
2025-10-17 15:00:00,105163.41,105746.75,105087.29,105481.75,587.20504,105481.75,105352.7885,106425.34120000001,105362.7634673033,105581.73331971168,-218.96985240837967,-289.695226871609,44.76639438642111,0.00408118829146085,105352.7885,106414.08013266376,104291.49686733623
2025-10-17 15:15:00,105481.75,106226.56,105447.99,106091.31,541.51194,106091.31,105456.624,106367.70799999998,105474.84754925662,105619.47974047379,-144.63219121716975,-260.6826197407212,54.95101099792769,0.003958741487020301,105456.624,106361.4815332638,104551.7664667362
2025-10-17 15:30:00,106091.31,106200.53,105655.31,106114.82,402.24762,106114.82,105541.8435,106309.0546,105573.304849371,105656.17161154981,-82.86676217881904,-225.11944822834073,54.55198292194549,0.003905648205610264,105541.8435,106347.42884636496,104736.25815363505
2025-10-17 15:45:00,106114.83,106852.14,106065.0,106803.53,697.19233,106803.53,105644.42049999998,106264.37,105762.57025716007,105741.16112180539,21.409135354682803,-175.81373151173602,62.99984652531137,0.004074764716077418,105644.42049999998,106543.55930060284,104745.28169939712
2025-10-17 16:00:00,106803.52,107575.6,106756.0,106972.04,906.30172,106972.04,105702.22249999999,106225.6018,105948.64252528931,105832.33733500498,116.305190284329,-117.38994715252302,64.02259084259545,0.0034632638062829964,105702.22249999999,106778.90872765852,104625.53627234146
2025-10-17 16:15:00,106972.04,107248.58,106669.56,106792.6,351.614,106792.6,105728.99399999999,106177.91900000001,106078.48213678325,105903.46790278239,175.0142340008606,-58.909110921846285,65.50826060587835,0.0033875399444111007,105728.99399999999,106887.31174174041,104570.67625825957
2025-10-17 16:30:00,106792.6,106890.69,106447.7,106609.31,374.89248,106609.31,105766.0545,106128.22340000002,106160.14796189353,105955.75250257629,204.39545931723842,-6.248196874029329,69.2350704286178,0.003295797665314952,105766.0545,106988.7530791885,104543.3559208115
2025-10-17 16:45:00,106609.32,106904.0,106239.75,106372.34,276.23968,106372.34,105800.4855,106076.3432,106192.79289083298,105986.6108357188,206.18205511417182,36.237853523610916,60.71186842612306,0.003313609392653245,105800.4855,107051.86826245124,104549.10273754875
2025-10-17 17:00:00,106372.34,106702.1,106289.77,106647.25,145.92574,106647.25,105845.6795,106031.079,106262.70936916636,106035.54707011001,227.16229905634827,74.42274263015841,65.93079421145839,0.003351696784972641,105845.6795,107152.43944426235,104538.91955573765
2025-10-17 17:15:00,106647.25,106729.0,106184.65,106218.58,152.39463,106218.58,105876.5715,105979.7054,106255.92023544846,106049.10506491669,206.8151705317723,100.90122821048121,54.71096950386888,0.0034771901275707584,105876.5715,107188.1535485297,104564.9894514703
2025-10-17 17:30:00,106218.58,106558.58,106146.68,106353.05,241.4378,106353.05,105912.33700000001,105930.4918,106270.86327614871,106071.61950455248,199.24377159622964,120.56973688763091,62.33795415133455,0.003483944170612238,105912.33700000001,107235.45797854682,104589.2160214532
2025-10-17 17:45:00,106353.05,106569.46,106071.42,106453.27,183.75122,106453.27,105967.48049999999,105882.91519999999,106298.92584904892,106099.88991162267,199.03593742624798,136.26297699535436,69.6484980352495,0.003409923357948658,105967.48049999999,107283.90328803386,104651.05771196612
2025-10-17 18:00:00,106453.26,106898.6,106453.26,106589.09,267.75596,106589.09,106051.094,105843.62899999999,106343.56648765678,106136.12695520617,207.43953245060402,150.4982880864043,69.61104681507713,0.0032321130195800325,106051.094,107297.08032092226,104805.10767907773
2025-10-17 18:15:00,106589.1,106983.42,106534.0,106888.93,138.40404,106888.93,106120.2875,105813.7724,106427.46856647881,106191.89014370942,235.57842276939482,167.5143150230024,72.81062859409084,0.003069538915876033,106120.2875,107392.03311396537,104848.54188603464
2025-10-17 18:30:00,106888.93,107089.99,106722.67,106722.68,225.78065,106722.68,106190.08800000002,105781.63539999998,106472.88571009746,106231.20791084206,241.67779925539799,182.34701186948155,67.09189927744428,0.0030642320988250645,106190.08800000002,107431.30608578559,104948.86991421445
2025-10-17 18:45:00,106722.68,106818.69,106509.35,106647.11,129.23134,106647.11,106230.66199999998,105758.1772,106499.68944700554,106262.01547300191,237.67397400362825,193.4124042963109,58.975576355379964,0.00291424816036426,106230.66199999998,107476.13884746683,104985.18515253313
2025-10-17 19:00:00,106647.11,106889.11,106647.11,106767.46,139.52726,106767.46,106298.05549999999,105753.12640000001,106540.88491669699,106299.4558083351,241.4291083618882,203.0157451094264,60.219791921128035,0.0027337922850745114,106298.05549999999,107503.98264890906,105092.12835109091
2025-10-17 19:15:00,106767.46,106819.87,106502.0,106596.79,112.10776,106596.79,106374.58499999999,105750.2366,106549.4856987436,106321.48056327323,228.00513547037554,208.01362318161625,46.1356720424077,0.002624998316093911,106374.58499999999,107437.09200668559,105312.0779933144
2025-10-17 19:30:00,106596.79,106596.79,106233.65,106453.39,168.06913,106453.39,106436.93600000002,105754.3968,106534.70174509074,106331.25163266038,203.45011243036424,207.10092103136589,40.21367085932527,0.0026604969858988843,106436.93600000002,107346.08324755455,105527.78875244549
2025-10-17 19:45:00,106453.39,106643.14,106395.75,106454.72,103.03403,106454.72,106501.501,105757.5392,106522.39686123062,106340.3974376485,181.99942358212138,202.08062154151702,43.16519403178295,0.0026538208514027815,106501.501,107185.33029435658,105817.67170564343
2025-10-17 20:00:00,106457.24,106611.61,106342.47,106611.61,111.46292,106611.61,106557.99399999999,105774.5768,106536.12195950284,106360.48725708194,175.63470242089534,196.7914377173927,50.047027840481626,0.0026016969859402293,106557.99399999999,107045.65427908696,106070.33372091303
2025-10-17 20:15:00,106612.0,107062.22,106610.27,107027.92,166.07432,107027.92,106604.82450000002,105802.4602,106611.78319650241,106409.92671952031,201.85647698209505,197.8044455703332,62.488665371280575,0.002431102209164088,106604.82450000002,107083.59137592875,106126.05762407128
2025-10-17 20:30:00,107027.91,107120.24,106920.0,106987.52,121.65779,106987.52,106648.4595,105839.28680000002,106669.58885857897,106452.71140696325,216.87745161571365,201.61904677940933,57.11805337650994,0.00243764738258841,106648.4595,107097.33068026896,106199.58831973103
2025-10-17 20:45:00,106987.52,107177.08,106971.29,107021.37,103.61904,107021.37,106659.35149999999,105876.24239999999,106723.70903418219,106494.83426570673,228.8747684754635,207.07019111862016,70.11631927913122,0.0019743624633142085,106659.35149999999,107133.90348063043,106184.79951936955
2025-10-17 21:00:00,107021.38,107402.93,107016.87,107393.0,208.79309,107393.0,106680.39949999998,105922.50219999999,106826.67687507723,106561.36506083955,265.311814237677,218.71851574243155,73.29084043663477,0.0020908354872774806,106680.39949999998,107242.5951343258,106118.20386567416
2025-10-17 21:15:00,107393.0,107432.02,107304.52,107419.99,80.10441,107419.99,106711.769,105973.2144,106917.95581737305,106624.96690818477,292.98890918827965,233.57259443160117,72.38503218635684,0.002043706425012545,106711.769,107363.24956776714,106060.28843223286
2025-10-17 21:30:00,107419.98,107419.99,107216.71,107276.79,86.02606,107276.79,106745.143,106013.87039999999,106973.16107623874,106673.25010017109,299.91097606765106,246.84027075881116,65.8699023390624,0.002025572991999294,106745.143,107441.37380332018,106048.91219667981
2025-10-17 21:45:00,107276.8,107440.02,107227.25,107301.4,100.05571,107301.4,106791.59599999999,106057.8208,107023.65937220202,106719.77972238064,303.8796498213778,258.2481465713245,60.90353961246659,0.0019361766448986086,106791.59599999999,107506.81175304187,106076.38024695811
2025-10-17 22:00:00,107301.41,107415.73,107146.18,107171.76,104.32964,107171.76,106817.82149999999,106099.7124,107046.44408417094,106753.25974294504,293.18434122590406,265.23538550224043,62.105626361303365,0.0019001449086610102,106817.82149999999,107549.03791059286,106086.60508940712
2025-10-17 22:15:00,107171.76,107220.0,107000.67,107140.34,118.81831,107140.34,106863.9095,106151.89219999999,107060.8896096831,106781.93235457875,278.95725510435295,267.97975942266294,63.61994598744101,0.0016221243439450443,106863.9095,107550.95712241462,106176.86187758537
2025-10-17 22:30:00,107140.35,107150.0,106807.5,106912.85,161.10439,106912.85,106891.89950000001,106197.37180000002,107038.11428511646,106791.6299579433,246.4843271731661,263.68067297276355,53.79048195095496,0.0017054613307870494,106891.89950000001,107535.55885911894,106248.24014088108
2025-10-17 22:45:00,106912.84,107030.0,106912.84,107000.1,82.88766,107000.1,106919.241,106257.0818,107032.26593356008,106807.07218328083,225.19375027924252,255.98328843405935,60.99290780141884,0.0017030500492617897,106919.241,107530.06837121084,106308.41362878915
2025-10-17 23:00:00,107000.09,107000.1,106788.84,106844.01,71.84445,106844.01,106931.987,106305.7534,107003.30348224314,106809.80831785261,193.4951643905224,243.48566362535198,60.57387255698105,0.0017266084907065593,106931.987,107524.16117032254,106339.81282967745
2025-10-17 23:15:00,106844.01,106878.36,106584.05,106593.97,99.44343,106593.97,106917.23899999999,106342.593,106940.32910035958,106793.82029430797,146.50880605161365,224.0902921106043,53.32210458009075,0.0016877836875774728,106917.23899999999,107528.31832036539,106306.15967963458
2025-10-17 23:30:00,106593.97,106679.99,106490.8,106569.98,85.25576,106569.98,106909.604,106357.67259999999,106883.35231568887,106777.23953176664,106.11278392223176,200.4947904729298,48.93958459633899,0.001654828453516745,106909.604,107534.57641017785,106284.63158982217
2025-10-17 23:45:00,106569.99,106645.31,106392.08,106431.68,109.07919,106431.68,106898.83249999999,106361.16279999999,106813.86426712136,106751.64252941356,62.221737707805005,172.84017991990484,32.30636833046465,0.0016719534180535415,106898.83249999999,107549.74161072884,106247.92338927113
2025-10-18 00:00:00,106431.68,106462.11,106351.86,106362.15,102.59197,106362.15,106878.567,106371.04380000001,106744.3697644873,106722.79123093847,21.578533548832638,142.5878506456904,31.757320466969517,0.0016503931436404281,106878.567,107570.63457302975,106186.49942697024
2025-10-18 00:15:00,106362.15,106841.17,106322.2,106744.04,173.33056,106744.04,106885.9295,106392.2502,106744.31903148927,106724.36521383192,19.953817657355103,118.06104404802333,43.27544651733455,0.0018166200565682615,106885.9295,107568.44240400936,106203.41659599064
2025-10-18 00:30:00,106744.04,106810.76,106584.05,106779.75,94.75001,106779.75,106902.24750000001,106412.9778,106749.76994972168,106728.46779058511,21.302159136568662,98.7092670657324,32.23648002780779,0.0017862932182097257,106902.24750000001,107556.22665294984,106248.26834705018
2025-10-18 00:45:00,106779.75,106845.52,106763.78,106845.52,101.02123,106845.52,106921.7875,106437.8734,106764.50072668759,106737.13832461585,27.36240207173978,84.43989406693389,33.72541687205742,0.0017888615161792394,106921.7875,107541.94408351093,106301.63091648908
2025-10-18 01:00:00,106845.52,106990.18,106824.0,106983.23,148.33498,106983.23,106940.36850000001,106464.7832,106798.15138412025,106755.36733760727,42.78404651298479,76.10872455614407,41.657572864093204,0.0017823148635318022,106940.36850000001,107543.42779208744,106337.30920791258
2025-10-18 01:15:00,106983.23,107283.61,106935.59,107283.61,166.1422,107283.61,106953.153,106503.44739999999,106872.83732502483,106794.49642371044,78.34090131438279,76.55515990779182,49.56294436446378,0.001675145676411113,106953.153,107574.58818352563,106331.71781647438
2025-10-18 01:30:00,107283.62,107306.06,107065.72,107118.25,144.20176,107118.25,106959.68950000001,106547.476,106910.59312117485,106818.47817010227,92.11495107258088,79.66711814074964,48.708068355763004,0.0017131454637959952,106959.68950000001,107585.3822826711,106333.99671732892
2025-10-18 01:45:00,107118.25,107188.0,107026.0,107149.3,66.44626,107149.3,106966.08599999998,106580.3608,106947.31725637874,106842.98349083544,104.3337655432988,84.60044762125948,50.21636658681724,0.0017129487803201034,106966.08599999998,107597.027448655,106335.14455134496
2025-10-18 02:00:00,107149.3,107297.87,106883.55,106922.12,169.88871,106922.12,106942.54199999999,106612.26980000001,106943.44075539739,106848.84545447727,94.59530092011846,86.59941828103128,50.22388600410553,0.0015779179395022855,106942.54199999999,107540.69790773233,106344.38609226764
2025-10-18 02:15:00,106922.13,107026.06,106831.57,106996.76,142.15307,106996.76,106921.3805,106635.4924,106951.64371610548,106859.80208747897,91.84162862651283,87.6478603501276,49.91883905833841,0.0015880489164483134,106921.3805,107476.83794911866,106365.92305088133
2025-10-18 02:30:00,106996.76,107104.9,106600.01,106625.04,384.59266,106625.04,106888.79299999999,106659.6014,106901.3969905508,106842.41230322127,58.98468732953188,81.91522574600846,45.183810106146666,0.0017341658127942245,106888.79299999999,107432.812063247,106344.77393675299
2025-10-18 02:45:00,106625.04,106721.14,106493.23,106597.98,226.96283,106597.98,106853.622,106690.237,106854.71745354298,106824.30620668635,30.411246856630896,71.61442996813295,50.09779104419363,0.001729715021321761,106853.622,107375.8403855109,106331.4036144891
2025-10-18 03:00:00,106597.97,106820.0,106573.6,106791.81,207.23134,106791.81,106834.62449999999,106721.9458,106845.03938376714,106821.89908026514,23.140303502004826,61.919604674907326,54.995878619720465,0.0017802517494049945,106834.62449999999,107335.3130861568,106333.93591384318
2025-10-18 03:15:00,106791.81,106985.7,106790.43,106950.52,175.34615,106950.52,106825.1335,106757.6878,106861.26717087989,106831.42655580107,29.84061507882143,55.50380675569015,61.57845876440514,0.0018181480196265353,106825.1335,107308.31184885738,106341.95515114261
2025-10-18 03:30:00,106950.52,107126.55,106938.0,106957.58,155.47287,106957.58,106827.37,106787.20439999999,106876.08452920605,106840.77125537136,35.313273834690335,51.46570017149019,63.6687526112568,0.0017538717651921383,106827.37,107312.66732767202,106342.07267232797
2025-10-18 03:45:00,106957.58,107120.0,106927.46,107070.4,209.8368,107070.4,106830.88499999998,106806.78620000002,106905.97921702052,106857.78079201051,48.19842501000676,50.812245139193514,58.54793085385013,0.0017603581401487536,106830.88499999998,107322.42820486157,106339.34179513839
2025-10-18 04:00:00,107070.41,107070.41,106462.0,106611.68,395.51017,106611.68,106819.2685,106816.7234,106860.70241440195,106839.55110371344,21.15131068851042,44.8800582490569,46.39645627591635,0.001985475141293679,106819.2685,107320.39347351284,106318.14352648717
2025-10-18 04:15:00,106611.67,106719.53,106576.58,106660.49,151.17902,106660.49,106822.5945,106813.8626,106829.90050449395,106826.28731825318,3.6131862407783046,36.62668384740118,46.00375801818541,0.0019172369331072047,106822.5945,107318.27682357804,106326.91217642197
2025-10-18 04:30:00,106660.48,106703.75,106439.38,106451.0,134.48978,106451.0,106816.64550000001,106803.4418,106771.60811918719,106798.48825764183,-26.880138454638654,23.925319386993213,38.850693178819,0.001968307816083024,106816.64550000001,107327.7104691651,106305.58053083492
2025-10-18 04:45:00,106450.99,106543.79,106442.06,106478.71,57.41207,106478.71,106818.997,106797.164,106726.54687008147,106774.80097929799,-48.25410921651928,9.489433666290711,30.964070836644765,0.0019472117587256475,106818.997,107322.9877137379,106315.00628626211
2025-10-18 05:00:00,106478.66,106652.47,106478.66,106589.09,66.9938,106589.09,106830.344,106796.75959999999,106705.3996592997,106761.0446104611,-55.644951161404606,-3.537443299248356,37.15119610718835,0.001952937599158966,106830.344,107300.08177608736,106360.60622391263
2025-10-18 05:15:00,106589.1,106686.55,106589.09,106592.11,85.06668,106592.11,106822.74750000001,106801.155,106687.9704809459,106748.53093561214,-60.56045466623618,-14.942045572645926,36.28387859094611,0.0017727827805014086,106822.74750000001,107303.15465603191,106342.34034396811
2025-10-18 05:30:00,106592.11,106744.2,106503.8,106684.01,82.95999,106684.01,106817.9605,106801.8902,106687.36117618499,106743.75160704828,-56.39043086329184,-23.231722630775113,43.72029727776695,0.0017830116682349836,106817.9605,107302.06540826106,106333.85559173895
2025-10-18 05:45:00,106684.01,106842.5,106684.0,106812.52,121.99992,106812.52,106816.31049999999,106813.76899999999,106706.61637984883,106748.84556208174,-42.229182232913445,-27.031214551202787,45.2752674715606,0.0017992516088504522,106816.31049999999,107300.24482426564,106332.37617573435
2025-10-18 06:00:00,106812.52,106950.0,106711.95,106903.18,209.8176,106903.18,106812.308,106824.77160000001,106736.85693679514,106760.27774266827,-23.42080587313103,-26.309132815588438,58.33413236809928,0.001785115844275467,106812.308,107291.7326187137,106332.88338128632
2025-10-18 06:15:00,106903.18,106939.01,106799.28,106856.05,117.76846,106856.05,106790.93000000001,106832.8272,106755.19433113435,106767.3719839521,-12.177652817757917,-23.482836816022335,57.640858623242245,0.0016558693720463689,106790.93000000001,107217.03234588879,106364.82765411123
2025-10-18 06:30:00,106856.05,106872.24,106856.05,106872.23,1.40425,106872.23,106778.629,106838.49,106773.19981865214,106775.1392444001,-1.939425747958012,-19.174154602409473,52.66097544834884,0.0016266140014554403,106778.629,107178.33158920894,106378.92641079106
