timestamp,Open,High,Low,Close,Volume,Adj Close,SMA_20,SMA_50,EMA_12,EMA_26,MACD,MACD_signal,RSI,volatility,BB_middle,BB_upper,BB_lower
2025-07-27 00:00:00,117919.99,118358.18,117825.5,118182.83,1007.50696,118182.83,,,118182.83,118182.83,0.0,0.0,,,,,
2025-07-27 04:00:00,118182.83,118438.83,118066.74,118095.95,808.21213,118095.95,,,118135.76999999999,118137.71923076923,-1.9492307692416944,-1.0829059829120524,,,,,
2025-07-27 08:00:00,118095.95,118292.86,117859.98,118072.71,835.9696,118072.71,,,118111.15766743648,118114.36204534252,-3.204377906047739,-1.9523616891152025,,,,,
2025-07-27 12:00:00,118072.71,118588.0,117890.0,118585.74,1586.05165,118585.74,,,118260.96476293103,118246.13872244631,14.826040484724217,3.731378884678638,,,,,
2025-07-27 16:00:00,118585.75,119540.01,118585.75,118960.0,3418.37234,118960.0,,,118450.89013850705,118411.68609710247,39.204041404576856,14.283694008398953,,,,,
2025-07-27 20:00:00,118960.01,119766.65,118713.74,119415.55,1672.19651,119415.55,,,118685.35323541655,118612.75203032159,72.60120509496483,30.090981903751395,,,,,
2025-07-28 00:00:00,119415.56,119800.0,118960.5,119287.99,1824.53168,119287.99,,,118819.8295209682,118732.83960288804,86.98991808015853,44.49058472450845,,,,,
2025-07-28 04:00:00,119287.99,119701.07,118774.31,118900.0,2360.0622,118900.0,,,118836.559864266,118759.77328481755,76.78657944845327,52.25191958298778,,,,,
2025-07-28 08:00:00,118900.01,119102.69,118475.47,118827.49,2060.1822,118827.49,,,118834.76552229075,118769.81038858838,64.95513370237313,55.18642506553602,,,,,
2025-07-28 12:00:00,118827.49,119093.68,117895.73,118174.9,3792.61028,118174.9,,,118709.72126226968,118687.71854504032,22.002717229363043,47.751348198637,,,,,
2025-07-28 16:00:00,118174.89,118376.61,117427.5,118068.73,2575.55527,118068.73,,,118592.4353166653,118607.43553465273,-15.000217987428186,34.02166407556376,,,,,
2025-07-28 20:00:00,118068.73,118350.01,117500.09,118062.32,1348.80591,118062.32,,,118498.18255365636,118540.45950215594,-42.27694849958061,17.635921934682504,,,,,
2025-07-29 00:00:00,118062.32,118800.0,117450.0,118764.85,2242.87768,118764.85,,,118544.48615290005,118566.74680850425,-22.26065560420102,9.192419999036188,,,,,
2025-07-29 04:00:00,118764.85,119273.36,118416.66,118882.37,2579.99271,118882.37,,,118602.01698403538,118602.19504906714,-0.17806503176689148,7.232107539125744,59.6455281503706,,,,
2025-07-29 08:00:00,118882.37,119051.0,118160.87,118592.38,1962.95351,118592.38,,,118600.40262423005,118601.13330118191,-0.7306769518618239,5.581474141276034,55.22888083692743,,,,
2025-07-29 12:00:00,118592.38,119080.81,117272.0,117400.01,4173.95638,117400.01,,,118402.0282785145,118475.48593688589,-73.45765837139334,-10.684190107827824,43.070700875397215,,,,
2025-07-29 16:00:00,117400.02,118057.05,116950.75,117525.29,2441.06334,117525.29,,,118258.77513163428,118379.03275135516,-120.25761972088367,-33.10371893888587,44.65802457570207,,,,
2025-07-29 20:00:00,117525.28,118000.0,117094.96,117950.76,1737.09083,117950.76,,,118208.92346797454,118336.72015858801,-127.79669061346794,-52.38973933080431,43.6958421031729,,,,
2025-07-30 00:00:00,117950.75,118250.0,117412.53,118161.87,1226.38506,118161.87,,,118201.36840878266,118319.86207323725,-118.493664454596,-65.80384194771311,41.81077559228813,,,,
2025-07-30 04:00:00,118161.86,118412.11,117667.33,118123.01,1232.08963,118123.01,118401.7375,,118188.87087312265,118301.29742650519,-112.42655338253826,-75.23714278866775,35.49780538376599,,118401.7375,119489.9489921742,117313.5260078258
2025-07-30 08:00:00,118123.0,118481.81,117358.84,117579.99,2228.01795,117579.99,118371.59550000001,,118092.3044679916,118234.62173802192,-142.3172700303112,-88.77806116490112,32.47061673050311,0.0037558705748657454,118371.59550000001,119517.21855295969,117225.97244704033
2025-07-30 12:00:00,117579.99,118792.0,117358.84,118000.01,3794.91612,118000.01,118366.7985,,118077.73608944374,118213.32592881845,-135.58983937470475,-98.2100123225099,40.82363856969511,0.003848868118431834,118366.7985,119518.0708369299,117215.52616307011
2025-07-30 16:00:00,118000.01,118037.18,115796.23,116916.73,5721.15052,116916.73,118308.99949999999,,117895.20531803888,118097.56612143993,-202.360803401054,-119.16386022449306,33.84714487152158,0.004359280411888477,118308.99949999999,119626.50744195508,116991.4915580449
2025-07-30 20:00:00,116916.73,117908.4,116880.64,117840.3,1384.17703,117840.3,118271.7275,,117886.60223335032,118074.94148088066,-188.3392475303408,-133.0645819882073,47.29533109156757,0.00463047258349687,118271.7275,119598.41621283078,116945.03878716921
2025-07-31 00:00:00,117840.29,118600.0,117781.87,118466.14,2307.57332,118466.14,118247.0345,,117977.15223216762,118108.8738879529,-131.72165578528075,-132.79497821335798,52.963415343453775,0.004739043123687616,118247.0345,119537.67866960107,116956.39033039892
2025-07-31 04:00:00,118466.15,118922.45,118287.63,118665.97,1907.96734,118665.97,118209.55550000002,,118084.51912850105,118156.59181445085,-72.07268594979541,-120.61370411872346,54.37510599838517,0.004666892199311825,118209.55550000002,119396.71098931448,117022.40001068555
2025-07-31 08:00:00,118665.98,118770.07,118278.91,118371.25,1290.20631,118371.25,118163.7185,,118129.12190639981,118174.76781667663,-45.64591027681308,-105.58380528480835,46.968053638335576,0.0046897597123277115,118163.7185,119241.28493651624,117086.15206348377
2025-07-31 12:00:00,118371.25,118702.1,117807.35,118306.18,3457.28095,118306.18,118134.0275,,118156.61737892855,118185.77832100124,-29.160942072689068,-90.26961068196532,45.525384293997114,0.004641172376972853,118134.0275,119157.54192962855,117110.51307037144
2025-07-31 16:00:00,118306.18,118879.14,116763.43,116785.79,4228.22018,116785.79,118031.94249999998,,117944.04772045958,118069.60711507993,-125.55939462034439,-97.33850605541151,38.221214970210504,0.0054322791095555885,118031.94249999998,119165.58503758679,116898.29996241316
2025-07-31 20:00:00,116785.78,116990.04,115500.0,115764.08,3818.7592,115764.08,117911.40149999999,,117606.41943698577,117879.98298893427,-273.5635519484931,-132.62720052184193,39.09113823773003,0.005624100060219756,117911.40149999999,119428.78161633309,116394.0213836669
2025-08-01 00:00:00,115764.07,116052.0,114313.13,115648.03,5440.32571,115648.03,117790.3665,,117303.42122025108,117697.89843690263,-394.47721665154677,-185.04911990213253,37.466450525708595,0.0056240346933636946,117790.3665,119610.81817029645,115969.91482970356
2025-08-01 04:00:00,115648.03,115916.43,114633.18,115081.77,2952.50734,115081.77,117641.339,,116959.99109007632,117486.06273383502,-526.0716437586962,-253.30770469593557,31.198613843478086,0.00568416800955004,117641.339,119820.6707530588,115462.00724694121
2025-08-01 08:00:00,115081.76,115340.0,114116.0,115305.65,3338.52917,115305.65,117468.379,,116704.44598866497,117310.71791416613,-606.2719255011616,-323.94532076518516,31.313575400719586,0.005483700892114515,117468.379,119814.92968838805,115121.82831161196
2025-08-01 12:00:00,115305.64,116019.3,113988.47,115357.82,5325.96286,115357.82,117292.15149999999,,116496.5630246482,117154.65947279094,-658.0964481427363,-390.80945038231255,31.94057846263169,0.005472364621543851,117292.15149999999,119719.57776282297,114864.72523717702
2025-08-01 16:00:00,115357.82,115695.52,113221.93,113328.68,4135.47502,113328.68,117028.96650000001,,116007.78439192919,116850.69509417277,-842.9107022435783,-481.2663944503874,26.748290568840446,0.006552773333686582,117028.96650000001,119953.34954915765,114104.58345084237
2025-08-01 20:00:00,113328.67,114094.08,112722.58,113297.93,3294.30196,113297.93,116823.8625,,115589.86213836992,116569.94548395622,-980.083345586303,-581.0621702583969,23.139137130883697,0.006299537956897817,116823.8625,120181.92221877471,113465.8027812253
2025-08-02 00:00:00,113297.92,113921.94,113198.63,113909.86,1422.97261,113909.86,116643.09100000001,,115330.86457172658,116360.77310391213,-1029.9085321855528,-670.8547541313864,31.845444742438175,0.0064739525953435096,116643.09100000001,120224.02082437088,113062.16117562915
2025-08-02 04:00:00,113909.87,114063.49,113469.43,113982.49,1674.39001,113982.49,116444.67749999999,,115123.05863889167,116174.60873042018,-1051.5500915285083,-747.0096383614567,24.04025640715075,0.006382508512054563,116444.67749999999,120157.83953911865,112731.51546088133
2025-08-02 08:00:00,113982.49,114040.29,113425.58,113787.12,1135.36227,113787.12,116225.93999999999,,114917.22479942047,115988.50590780821,-1071.281108387746,-811.8747099253485,16.57795111358749,0.006329829526802224,116225.93999999999,120027.54377423156,112424.33622576842
2025-08-02 12:00:00,113787.11,113787.12,112802.31,112840.71,1922.72871,112840.71,115961.825,,114597.36017322075,115744.0849141048,-1146.7247408840485,-878.8536191412142,12.400600014458334,0.0064780781547762855,115961.825,119938.43242396793,111985.21757603207
2025-08-02 16:00:00,112840.7,113420.0,112003.0,112229.42,3414.70659,112229.42,115694.29649999998,,114232.6750148035,115472.14912590383,-1239.474111100324,-950.9853878983496,11.913729916098887,0.006496190866509097,115694.29649999998,119924.38024985522,111464.21275014474
2025-08-02 20:00:00,112229.42,113058.82,112069.86,112546.35,1937.17409,112546.35,115421.6135,,113973.00743265903,115246.51897241993,-1273.5115397609043,-1015.4961062358425,15.364447721021847,0.006462624251345449,115421.6135,119728.29796351284,111114.92903648717
2025-08-03 00:00:00,112546.35,113740.69,111920.0,113604.2,2106.5441,113604.2,115255.98700000001,,113916.2247216632,115120.2518070507,-1204.0270853875118,-1053.2048683915443,29.74121188889478,0.006756769174665681,115255.98700000001,119575.33754342332,110936.6364565767
2025-08-03 04:00:00,113604.2,113720.16,113341.06,113700.0,764.27697,113700.0,115048.97200000002,,113882.93799819537,115011.36384209343,-1128.4258438980614,-1068.2498826213362,35.100036670969075,0.006420721918652606,115048.97200000002,119241.82471468166,110856.11928531839
2025-08-03 08:00:00,113700.0,114260.31,113551.0,113862.18,1260.20877,113862.18,114818.774,,113879.74272329784,114923.48608937993,-1043.743366082097,-1063.348365822322,37.19378308490819,0.006251877720298018,114818.774,118716.86210600307,110920.68589399694
2025-08-03 12:00:00,113862.19,114098.45,113579.69,113959.06,1131.56686,113959.06,114583.4285,,113891.95099591289,114849.91296231726,-957.9619664043712,-1042.270351477127,41.36803209491928,0.006228956505568767,114583.4285,118047.74654490616,111119.11045509383
2025-08-03 16:00:00,113959.06,114799.97,113775.55,114313.19,1254.96509,114313.19,114380.52549999999,,113956.78222570824,114809.05840945068,-852.2761837424332,-1004.2704586477787,42.51928857639917,0.006330887143149247,114380.52549999999,117350.87608306824,111410.17491693173
2025-08-03 20:00:00,114313.19,114612.24,114066.56,114208.8,880.19867,114208.8,114175.65650000001,,113995.56696209907,114763.46085427293,-767.8938921738591,-956.9940910547672,41.40685764200502,0.006327861089268433,114175.65650000001,116501.18835929566,111850.12464070437
2025-08-04 00:00:00,114208.81,115000.0,114107.6,114570.61,1525.00586,114570.61,114064.8975,,114084.05977792958,114748.8389073052,-664.7791293756163,-898.5500560425106,62.37388783165784,0.005842878974378754,114064.8975,116053.61873915505,112076.17626084496
2025-08-04 04:00:00,114570.61,114778.5,114148.58,114652.97,1221.27307,114652.97,114009.34199999999,116498.3606,114171.60506699083,114741.58279759041,-569.9777305995813,-832.8346530323514,63.36341904078141,0.005553357603063425,114009.34199999999,115855.14449949417,112163.53950050581
2025-08-04 08:00:00,114652.98,114750.0,114217.97,114493.09,1188.64494,114493.09,113951.595,116424.5658,114221.07415592519,114722.80521902416,-501.73106309896684,-766.6131789301056,56.314869713788205,0.005556036673058616,113951.595,115647.73346659745,112255.45653340255
2025-08-04 12:00:00,114493.09,115466.0,114121.0,114826.0,2885.46126,114826.0,113938.80649999999,116359.16679999999,114314.15538225115,114730.59160830903,-416.43622605787823,-696.577148619579,58.64572720619729,0.005503858648978694,113938.80649999999,115602.61473310764,112274.99826689235
2025-08-04 16:00:00,114826.01,115720.0,114732.65,114777.62,1843.11618,114777.62,113912.40499999998,116293.265,114385.46781657812,114734.13516934539,-348.6673527672683,-626.9946809746649,60.46774602637806,0.005483043516287522,113912.40499999998,115499.8976190555,112324.91238094447
2025-08-04 20:00:00,114777.62,115340.0,114616.33,115055.03,1004.17785,115055.03,113897.26550000001,116222.65079999999,114488.48983396572,114758.28360479059,-269.7937708248646,-555.5540813024913,77.25518192112622,0.005513145081071302,113897.26550000001,115431.60328982367,112362.92771017634
2025-08-05 00:00:00,115055.03,115127.81,114256.85,114256.85,1398.92395,114256.85,113943.674,116128.5878,114452.84929176759,114720.59345798957,-267.74416622197896,-497.991829078946,73.85722590013394,0.00405902004744873,113943.674,115461.66094380834,112425.68705619166
2025-08-05 04:00:00,114256.85,114500.66,113725.72,113969.7,2125.54323,113969.7,113977.2625,116019.6708,114378.5121991672,114664.21420930288,-285.70201013567566,-455.5337064355955,66.86709438273067,0.00410963290649126,113977.2625,115464.50502154359,112490.0199784564
2025-08-05 08:00:00,113969.7,115096.73,113928.87,114827.07,1593.56232,114827.07,114023.12299999999,115930.45240000001,114447.52614459756,114676.42956922641,-228.9034246288502,-410.20751440591215,65.21425389976685,0.004272308306824268,114023.12299999999,115557.43546325753,112488.81053674246
2025-08-05 12:00:00,114827.07,114893.13,112650.0,112934.0,4590.4684,112934.0,113970.69850000001,115811.13239999999,114214.66154187932,114545.85661676698,-331.1950748876552,-394.4049886627291,43.414831244304644,0.005701161513334094,113970.69850000001,115580.64235617996,112360.75464382007
2025-08-05 16:00:00,112934.0,113763.27,112815.68,113616.52,1434.52074,113616.52,113962.1685,115706.913,114122.63494201991,114476.27471217065,-353.6397701507376,-386.251929342172,48.06152981800516,0.005871724117218016,113962.1685,115578.0047619917,112346.3322380083
2025-08-05 20:00:00,113616.51,114228.88,113304.0,114129.75,899.77214,114129.75,114026.6205,115626.01,114123.7296148807,114450.35018815276,-326.6205732720555,-374.3256398511632,51.26384797987203,0.005617451614133975,114026.6205,115554.5524086017,112498.68859139831
2025-08-06 00:00:00,114129.75,114139.38,113400.0,113509.97,1061.53764,113509.97,114090.648,115534.83480000001,114029.30151460775,114380.04954560654,-350.7480309987877,-369.61011229946814,44.2777882264435,0.005618194637090767,114090.648,115392.00302612594,112789.29297387406
2025-08-06 04:00:00,113509.98,114417.02,113355.13,114227.91,1437.03071,114227.91,114174.726,115458.14660000001,114059.85763662016,114368.68371568555,-308.8260790653876,-357.45329372927904,50.1251967049223,0.005744821308417244,114174.726,115254.37951520713,113095.07248479286
2025-08-06 08:00:00,114227.9,114404.23,113727.57,114226.69,1280.29764,114226.69,114205.85049999999,115367.38340000002,114085.52484380506,114358.08255197074,-272.5577081656811,-340.47416329409333,47.63511840910969,0.005373131894289206,114205.85049999999,115251.61099254379,113160.09000745618
2025-08-06 12:00:00,114226.68,115515.09,113579.9,115413.87,3509.68013,115413.87,114291.544,115298.0134,114289.89028398113,114436.86088527997,-146.97060129883175,-301.7734266021949,54.54202492293654,0.005830072420604411,114291.544,115438.73555029473,113144.35244970526
2025-08-06 16:00:00,115413.87,115716.0,114942.18,115259.99,1727.95909,115259.99,114361.4345,115231.3656,114439.13926569864,114498.24600256761,-59.106736868969165,-253.24006428364154,54.58112212104346,0.005846218793116413,114361.4345,115567.30354435953,113155.56545564048
2025-08-06 20:00:00,115260.0,115260.0,114793.01,114992.27,744.64797,114992.27,114413.095,115183.2108,114524.2376871523,114535.06954270104,-10.831855548734893,-204.75840305990377,51.00101986386565,0.005882765747640443,114413.095,115634.8058596935,113191.3841403065
2025-08-07 00:00:00,114992.27,115185.58,114404.22,114546.03,1192.91433,114546.03,114424.73700000001,115123.62559999998,114527.59039685238,114535.88613400659,-8.295737154214294,-165.46585725062855,48.669464970831555,0.0059251100589939485,114424.73700000001,115646.8768618568,113202.59713814322
2025-08-07 04:00:00,114546.03,114876.79,114259.0,114787.99,1290.96115,114787.99,114453.69649999999,115060.37019999999,114567.6523412272,114554.66066816941,12.991673057797016,-129.77434201229485,48.45952207341502,0.005935996956211576,114453.69649999999,115681.72647138523,113225.66652861475
2025-08-07 08:00:00,114787.99,116828.93,114787.98,116519.53,3698.10885,116519.53,114551.1425,115027.5234,114867.94417355143,114700.92916742909,167.0150061223394,-70.41646017615987,61.783809682526396,0.006780262509625835,114551.1425,116088.56060053961,113013.72439946039
2025-08-07 12:00:00,116519.54,116791.11,116035.84,116689.81,2746.73177,116689.81,114652.98450000002,114998.8594,115148.23356293445,114848.93069638174,299.302866552709,3.5274173371126483,64.34062672330984,0.00678144961591766,114652.98450000002,116464.26217942314,112841.7068205769
2025-08-07 16:00:00,116689.8,117520.0,115632.31,117461.98,2735.62556,117461.98,114801.429,114996.4992,115504.19706692132,115043.31322771305,460.8838392082689,94.9987137526587,64.01737255990963,0.006874602652562105,114801.429,117002.27221296102,112600.58578703899
2025-08-07 20:00:00,117461.99,117621.0,117012.0,117472.01,1804.22097,117472.01,114933.72949999999,114985.9392,115806.93932710776,115223.92502245288,583.0143046548765,192.60184221191136,80.19024201370733,0.00686890032183921,114933.72949999999,117437.99773961303,112429.46126038695
2025-08-08 00:00:00,117472.02,117630.0,116694.28,116737.35,2393.91974,116737.35,115031.71600000001,114982.35159999998,115950.08015434006,115336.43915240487,613.6410019351897,276.8096812510634,70.61905460349936,0.007060803889321627,115031.71600000001,117660.52829431708,112402.90370568295
2025-08-08 04:00:00,116737.34,116973.3,116401.0,116817.19,1456.27491,116817.19,115119.824,114961.8894,116083.48223976402,115446.494444082,636.9877956820274,348.8453089924479,68.83427430884564,0.007051455428911651,115119.824,117867.36722193386,112372.28077806612
2025-08-08 08:00:00,116817.2,116914.6,116317.08,116891.51,1108.98011,116891.51,115251.55699999999,114930.3968,116207.79465287927,115553.86691409336,653.9277387859038,409.8617982411416,75.66057265312696,0.006814354619248072,115251.55699999999,118076.43877060527,112426.6752293947
2025-08-08 12:00:00,116891.51,117271.73,115878.71,116207.69,2540.81848,116207.69,115363.45650000001,114881.23120000001,116207.77855238698,115602.43826886604,605.3402835209417,448.95749698353035,65.10161925655171,0.006948615691147248,115363.45650000001,118151.60430315956,112575.30869684047
2025-08-08 16:00:00,116207.7,116900.0,116006.14,116453.41,1690.79713,116453.41,115444.77349999998,114842.87440000002,116245.56810380824,115665.64191107816,579.9261927300831,475.1512370367537,66.37448230421697,0.006784536190358357,115444.77349999998,118261.76846041442,112627.77853958555
2025-08-08 20:00:00,116453.41,116980.0,116319.06,116674.74,854.52241,116674.74,115631.81049999999,114810.24559999998,116311.59469417563,115740.57510928935,571.0195848862786,494.3249071359859,60.80712984121067,0.005442557020973434,115631.81049999999,118235.55740008931,113028.06359991067
2025-08-09 00:00:00,116674.74,116750.0,116299.13,116384.01,971.89236,116384.01,115770.18499999998,114802.21,116322.73553112986,115788.34627040035,534.3892607295129,502.33777803166026,59.413335209267046,0.005414040720708362,115770.18499999998,118212.102855513,113328.26714448696
2025-08-09 04:00:00,116384.01,116980.0,116339.45,116756.01,2021.01259,116756.01,115901.49799999999,114822.0486,116389.3932463892,115860.17726405803,529.2159823311667,507.71341898654094,64.51723888164562,0.005379622031377955,115901.49799999999,118252.75903787637,113550.23696212361
2025-08-09 08:00:00,116756.0,117944.05,116756.0,117110.0,2353.3714,117110.0,116081.4995,114851.288,116500.25597116057,115952.93871422386,547.3172569367161,515.6341866885342,71.42931169649594,0.005163092652487624,116081.4995,118201.73262190427,113961.26637809574
2025-08-09 12:00:00,117110.0,117238.04,116700.01,116892.47,1382.66437,116892.47,116214.7275,114887.502,116560.59665881729,116022.66027835755,537.9363804597378,520.0946254932127,67.66107862422712,0.00509057613678257,116214.7275,118173.24361126893,114256.21138873106
2025-08-09 16:00:00,116892.48,116947.16,116500.0,116535.69,1202.78039,116535.69,116330.17749999999,114912.10280000001,116556.76486150811,116060.72650769798,496.0383538101305,515.2833711130723,50.17629603770295,0.005172348615524065,116330.17749999999,118053.34045627824,114607.01454372174
2025-08-09 20:00:00,116535.68,117021.16,116359.89,116462.25,1582.41033,116462.25,116382.59649999999,114934.19140000001,116542.22410187988,116090.5153822692,451.7087196106877,502.5684407205774,47.46386825845453,0.004684600280494046,116382.59649999999,118051.3179712219,114713.87502877807
2025-08-10 00:00:00,116462.25,118500.0,116460.63,118500.0,3892.68324,118500.0,116544.597,115037.6178,116843.42059903499,116269.25347386413,574.1671251708613,516.8881776935398,59.02321651477594,0.006009567276255254,116544.597,118375.631674047,114713.56232595298
2025-08-10 04:00:00,118500.0,118741.77,117466.34,117808.3,2444.0838,117808.3,116685.39850000001,115127.82519999999,116991.8636693454,116383.4093449205,608.4543244249071,535.2014071246343,52.61354045395982,0.006173422487927703,116685.39850000001,118445.54160438893,114925.2553956111
2025-08-10 08:00:00,117808.29,118500.0,117608.01,118330.58,1506.32503,118330.58,116874.626,115216.23960000002,117197.82012833856,116527.82275041872,669.9973779198335,562.1606013835673,62.804782976999704,0.0060906527969475524,116874.626,118472.62319759211,115276.6288024079
2025-08-10 12:00:00,118330.58,119113.94,118232.0,118815.0,2809.2276,118815.0,117075.97650000002,115312.8898,117446.61713432758,116697.43745334847,749.1796809791122,599.5644174135515,65.07596807031894,0.006114737853660396,117075.97650000002,118578.93760837095,115573.01539162909
2025-08-10 16:00:00,118815.0,118944.24,118433.8,118663.08,995.85812,118663.08,117183.15400000001,115410.409,117633.76533284751,116843.19510090687,790.570231940641,637.7655804095605,63.213946334775926,0.005272361474453465,117183.15400000001,118818.89055872013,115547.41744127989
2025-08-10 20:00:00,118663.09,119311.11,118074.99,119294.01,2674.59294,119294.01,117313.36399999999,115539.475,117889.1876647894,117024.91529203064,864.2723727587581,683.066938965343,73.20359911706146,0.005362720104971281,117313.36399999999,119181.79952872082,115444.92847127916
2025-08-11 00:00:00,119294.27,122164.07,118972.59,121728.99,7626.19257,121728.99,117526.7145,115729.4664,118479.92663325851,117373.68220782839,1106.2444254301226,767.7024363867511,79.83999601800042,0.0068013484669756435,117526.7145,120246.92313492029,114806.50586507971
2025-08-11 04:00:00,121729.0,122335.16,121466.08,121537.15,4279.8879,121537.15,117729.97150000001,115909.2824,118950.26878916413,117682.34694715109,1267.9218420130346,867.7463176334779,77.59506213756855,0.006833557425338103,117729.97150000001,120987.42040461884,114472.52259538119
2025-08-11 08:00:00,121537.14,121823.0,120286.4,120561.54,4216.26732,120561.54,117921.18100000001,116048.4292,119198.15671211955,117895.78679666444,1302.369915455114,954.671037282238,71.99818434003811,0.006952988182789822,117921.18100000001,121376.25765417556,114466.10434582447
2025-08-11 12:00:00,120561.53,120667.54,119382.91,120314.4,5236.26223,120314.4,118096.0415,116180.71720000001,119369.8864747231,118075.07266434375,1294.8138103793463,1022.6995919545222,68.98757885278073,0.006999403688312487,118096.0415,121667.87758760074,114524.20541239927
2025-08-11 16:00:00,120314.4,120794.05,118604.17,119089.3,2812.92272,119089.3,118205.93100000001,116285.25959999999,119326.71931923424,118150.25083030519,1176.468488929051,1053.4533713685462,59.663210765694615,0.007471714021468602,118205.93100000001,121756.90460091532,114654.9573990847
2025-08-11 20:00:00,119089.3,119172.63,118050.11,118686.0,2322.80155,118686.0,118329.84649999999,116379.7984,119228.14710558727,118189.96051328113,1038.1865923061414,1050.4000155545468,58.60025567770414,0.00737322719044213,118329.84649999999,121758.06108277178,114901.6319172282
2025-08-12 00:00:00,118686.0,119275.46,118593.39,118857.7,1894.63528,118857.7,118450.06100000002,116470.6886,119171.15523796047,118239.45103865296,931.7041993075109,1026.660852295695,61.33560369884718,0.007369813436386578,118450.06100000002,121768.07236319839,115132.04963680165
2025-08-12 04:00:00,118857.7,119158.06,118424.86,118986.72,3135.38397,118986.72,118565.65999999999,116566.24699999999,119142.7805837638,118294.8336610953,847.9469226685032,990.9180663588801,62.25745774052239,0.007367103335795346,118565.65999999999,121782.80724343458,115348.5127565654
2025-08-12 08:00:00,118986.73,119058.43,118207.47,118522.22,2346.379,118522.22,118672.5705,116645.2792,119047.30971845196,118311.6853671603,735.6243512916553,939.8593233324341,50.127343416884074,0.007409045550928765,118672.5705,121722.20778797912,115622.93321202089
2025-08-12 12:00:00,118522.22,119960.0,118285.0,119933.0,4914.05441,119933.0,118831.42,116750.87979999998,119183.56976934063,118431.83736784382,751.7324014968035,902.2339389576434,61.249512893497325,0.007794575206788226,118831.42,121790.3380506754,115872.50194932459
2025-08-12 16:00:00,119933.0,120192.1,119172.62,119665.27,2309.07117,119665.27,118959.1835,116854.3234,119257.67750061971,118523.24122181423,734.4362788054859,868.6744069217431,57.26245705449034,0.007824395580243126,118959.1835,121824.3180118737,116094.0489881263
2025-08-12 20:00:00,119665.27,120324.43,119485.84,120134.08,2120.5851,120134.08,119121.26400000001,116960.485,119392.50865973617,118642.60913545152,749.8995242846431,844.9194303912261,57.18973200659301,0.007815728365605358,119121.26400000001,121858.00832926547,116384.51967073455
2025-08-13 00:00:00,120134.09,120192.1,119094.28,119482.01,2361.00135,119482.01,119268.58,117054.5728,119406.2780971635,118704.80942361223,701.468673551266,816.2292790202418,54.23284826293658,0.007904461644550767,119268.58,121721.81888715187,116815.34111284814
2025-08-13 04:00:00,119482.01,119820.18,118920.92,119580.4,2324.10298,119580.4,119424.4875,117145.08020000001,119433.06608297853,118769.68966395762,663.3764190209185,785.6587070178265,51.56651865174045,0.007892659893834428,119424.4875,121492.94284029053,117356.03215970947
2025-08-13 08:00:00,119580.4,120732.94,119446.22,120570.41,3213.18528,120570.41,119528.008,117271.3514,119608.04207443113,118903.1176367399,704.9244376912247,769.5118531514285,42.47284303534304,0.007132753002097174,119528.008,121608.85003402237,117447.16596597763
2025-08-13 12:00:00,120570.41,122200.0,120106.02,120920.62,7228.67197,120920.62,119683.624,117410.36979999999,119809.97714402272,119052.60508018175,757.3720638409723,767.0838952892075,46.07524219001652,0.006964657190569384,119683.624,121687.02572539734,117680.22227460265
2025-08-13 16:00:00,120920.61,122839.47,120920.61,122744.21,4167.90157,122744.21,119904.30549999999,117568.7126,120261.39759119603,119326.12984937242,935.2677418236126,800.7206645975256,62.540693031192795,0.007593149833731876,119904.30549999999,122227.05975697527,117581.5512430247
2025-08-13 20:00:00,122744.22,123667.79,122298.2,123306.43,3915.20787,123306.43,120128.87700000001,117776.16120000002,120729.86412246978,119621.03932834325,1108.824794126529,862.3414905054323,66.5902590871235,0.007601459971161144,120128.87700000001,122843.60708548145,117414.14691451857
2025-08-14 00:00:00,123306.44,124474.0,123250.5,123337.14,3481.676316,123337.14,120362.57999999999,117970.57359999999,121130.98349320103,119896.3686575627,1234.61483563832,936.7961595340455,77.14954800179976,0.007575636295972027,120362.57999999999,123338.21460241292,117386.94539758706
2025-08-14 04:00:00,123337.14,123428.6,121313.86,121725.31,3755.65744,121725.31,120484.14499999999,118122.4848,121222.41834135704,120031.87432683755,1190.544014519488,987.5457305322441,66.82603356891435,0.008233831049869232,120484.14499999999,123474.58719004891,117493.70280995106
2025-08-14 08:00:00,121725.31,122045.9,120694.0,120949.67,3456.28874,120949.67,120445.17899999997,118271.27880000001,121180.45705770004,120099.87244896816,1080.5846087318787,1006.1535061724965,60.85552295623169,0.00700379155033123,120445.17899999997,123387.24214310557,117503.11585689438
2025-08-14 12:00:00,120949.66,121183.06,117632.0,118257.25,11617.06761,118257.25,120281.18399999998,118351.8656,120730.73289160975,119963.35725267163,767.375638938116,958.3979327249519,47.010101722203046,0.008557388800524824,120281.18399999998,123330.65295288156,117231.7150471184
2025-08-14 16:00:00,118257.26,118535.0,117180.0,117945.92,3545.40524,117945.92,120150.40299999998,118426.2502,120302.30013634011,119813.89247260737,488.407663732738,864.3998789254565,47.60786800976942,0.008419150496538944,120150.40299999998,123368.91113145127,116931.89486854868
2025-08-14 20:00:00,117945.92,118516.81,117302.33,118295.09,2124.85224,118295.09,120049.4375,118483.87460000001,119993.49857524777,119701.37117062148,292.12740462628426,749.9453840645967,42.54419785636185,0.008462647829594067,120049.4375,123371.31664420011,116727.55835579989
2025-08-15 00:00:00,118295.09,119077.71,118032.32,118968.91,1883.55436,118968.91,120043.41799999999,118558.05300000001,119835.86956295618,119647.10701116579,188.76255179039435,637.7088176089518,46.94316703277022,0.008280122708814168,120043.41799999999,123373.05006290156,116713.78593709842
2025-08-15 04:00:00,118968.91,119216.82,118629.58,118956.45,1732.90691,118956.45,120056.9405,118637.3366,119700.57424505902,119595.94044317256,104.6338018864626,531.0938144638427,44.61476128763191,0.00824228301769454,120056.9405,123365.49065469443,116748.39034530557
2025-08-15 08:00:00,118956.45,119144.5,118600.0,119006.01,1129.82607,119006.01,120064.356,118726.53620000002,119593.7182070106,119552.23652223787,41.4816847727343,433.17138852517184,47.69633426770532,0.00823694577842477,120064.356,123362.23640207312,116766.47559792688
2025-08-15 12:00:00,119006.01,119130.77,116827.29,117275.22,5128.8936,117275.22,119978.781,118776.28080000001,119237.02617418263,119383.54944153824,-146.52326735561655,317.23245734858875,40.36598861896264,0.008856121088491202,119978.781,123477.12920002076,116480.43279997924
2025-08-15 16:00:00,117275.23,117882.35,116803.99,116936.27,2393.46089,116936.27,119899.4835,118784.6156,118883.06368502378,119202.25038575227,-319.1867007284891,189.9486257327995,33.93778673526214,0.008839627286959587,119899.4835,123602.74328675885,116196.22371324115
2025-08-15 20:00:00,116936.28,117761.88,116862.5,117342.05,1354.69691,117342.05,119769.93599999999,118797.66040000001,118645.98465609213,119064.44432401618,-418.4596679240494,68.26696700114395,34.2607098529504,0.008400237149421076,119769.93599999999,123645.52284548055,115894.34915451943
2025-08-16 00:00:00,117342.04,117898.99,117231.14,117429.63,1420.5255,117429.63,119658.15400000001,118797.0134,118458.85317022796,118943.33602964989,-484.4828594219289,-42.282998283678296,22.41260098876066,0.008404720028215238,119658.15400000001,123672.91614217623,115643.3918578238
2025-08-16 04:00:00,117429.63,117884.0,117278.0,117596.07,925.25596,117596.07,119531.25349999999,118799.4946,118326.1172976982,118843.53020036881,-517.4129026706069,-137.3089791612068,19.08800755266087,0.008347551485597855,119531.25349999999,123641.97392998915,115420.53307001083
2025-08-16 08:00:00,117596.07,117703.92,117143.98,117378.52,1206.0413,117378.52,119426.079,118812.31800000001,118180.33309787855,118735.00252357278,-554.6694256942283,-220.78106846791147,18.38364822589071,0.00828654289391741,119426.079,123648.23135071286,115203.92664928714
2025-08-16 12:00:00,117378.52,117825.0,117327.63,117676.7,1191.50027,117676.7,119330.89400000001,118829.5082,118102.85108274217,118656.60412372273,-553.7530409805622,-287.3754629705056,25.03838010671211,0.00831369303708821,119330.89400000001,123623.64230321514,115038.1456967849
2025-08-16 16:00:00,117676.7,117817.65,117629.94,117672.12,817.42683,117672.12,119185.97949999999,118845.12040000001,118036.58476226375,118583.67453282561,-547.0897705618554,-339.3183244888155,27.66913625332316,0.008040810565700387,119185.97949999999,123498.18116010496,114873.77783989502
2025-08-16 20:00:00,117672.13,117713.51,117219.34,117380.66,832.93131,117380.66,119008.9815,118868.5798,117935.67326030416,118494.55686785745,-558.883607553289,-383.2313811017372,41.12340890909646,0.007986615578787217,119008.9815,123311.98608041188,114705.97691958811
2025-08-17 00:00:00,117380.66,117771.37,117172.21,117684.95,770.53091,117684.95,118756.0185,118893.21059999999,117897.10045100302,118434.5825756634,-537.4821246603824,-414.0815298134815,47.353572884490944,0.007060288992950507,118756.0185,122715.59322115287,114796.44377884714
2025-08-17 04:00:00,117684.96,118230.82,117684.95,118005.98,1109.68335,118005.98,118490.996,118919.83540000001,117913.85115085737,118402.83256369743,-488.98141284006124,-429.06150641880333,47.05138430219867,0.006980026119266679,118490.996,121828.91770734993,115153.07429265007
2025-08-17 08:00:00,118005.98,118484.0,117922.0,118308.01,1007.67549,118308.01,118239.5395,118958.31539999999,117974.49097382893,118395.808327374,-421.3173535450769,-427.5126758440576,42.7063928593499,0.007041039457568875,118239.5395,120676.40293139374,115802.67606860626
2025-08-17 12:00:00,118308.0,118575.0,118059.12,118246.16,974.27271,118246.16,118065.58200000001,118988.11839999999,118016.28620863994,118384.72276528105,-368.4365566411143,-415.69745200346597,42.24586087112206,0.006549984924710958,118065.58200000001,119869.15533539656,116262.00866460346
2025-08-17 16:00:00,118246.15,118316.01,117321.53,117570.07,1326.17558,117570.07,117896.602,118997.3198,117947.63756113536,118324.37559167774,-376.7380305423867,-407.9055677112486,36.21038681673263,0.006525577777083928,117896.602,119093.76077934983,116699.44322065017
2025-08-17 20:00:00,117570.07,117995.37,117371.65,117405.01,710.30388,117405.01,117853.99000000002,119007.5706,117864.15639786165,118256.27179897686,-392.11540111521026,-404.7475343920404,51.78240365626888,0.004304083474085856,117853.99000000002,119057.74976732626,116650.23023267378
2025-08-18 00:00:00,117405.01,117543.75,115000.0,115319.0,5801.42298,115319.0,117722.64400000001,118983.2368,117472.59387502588,118038.68830707652,-566.0944320506387,-437.0169139237643,34.99173151841235,0.005797482962485172,117722.64400000001,119374.15789774977,116071.13010225026
2025-08-18 04:00:00,115319.0,115712.49,114878.71,115205.98,3433.42415,115205.98,117568.1885,118958.1114,117123.88404803265,117828.85109425017,-704.9670462175272,-490.6069403825224,29.038285278018066,0.005718306971560219,117568.1885,119540.86445279863,115595.51254720138
2025-08-18 08:00:00,115205.99,115402.51,114640.14,114947.27,2793.98984,114947.27,117367.10650000002,118887.05679999999,116789.02034828156,117615.39407980858,-826.3737315270264,-557.7602986114288,26.431650304767942,0.005477099477190651,117367.10650000002,119547.54117992109,115186.67182007896
2025-08-18 12:00:00,114947.27,116186.97,114825.0,116145.34,2772.17945,116145.34,117226.551,118853.79759999999,116689.99260237862,117506.49808486899,-816.5054824903636,-609.5093353872192,38.4824855150818,0.006108340805607597,117226.551,119336.90077228578,115116.20122771423
2025-08-18 16:00:00,116145.34,116800.0,115818.86,116313.99,1731.37273,116313.99,117091.95,118813.4658,116632.14604815988,117418.16182411213,-786.0157759522554,-644.8106235002282,41.482438074389115,0.0061269201967608395,117091.95,119063.24032968689,115120.6596703131
2025-08-18 20:00:00,116314.0,116980.0,115980.32,116227.05,1213.55039,116227.05,117039.5415,118761.7068,116569.82357920615,117329.92916509144,-760.1055858852924,-667.8696159772419,37.995193605607355,0.005250662270577155,117039.5415,119045.74044738183,115033.34255261818
2025-08-19 00:00:00,116227.05,116725.69,114787.23,114810.0,2390.89748,114810.0,116933.228,118684.6452,116299.08149007523,117143.26352691314,-844.1820368379122,-703.132100149377,30.791811292491786,0.0058565426077463135,116933.228,119174.09726836912,114692.35873163088
2025-08-19 04:00:00,114810.01,115483.24,114366.0,114978.14,2499.12321,114978.14,116815.03250000002,118598.3278,116095.8597223572,116982.88065032162,-887.0209279644187,-739.9098657123864,33.604888261675356,0.005794606796701685,116815.03250000002,119209.23302608627,114420.83197391377
2025-08-19 08:00:00,114978.15,115650.0,114804.0,115508.71,1471.04277,115508.71,116718.9865,118473.92219999999,116005.52899583538,116873.68070858029,-868.1517127449042,-765.5582351188905,35.59395860308591,0.0059192132660641945,116718.9865,119162.97734589809,114274.9956541019
2025-08-19 12:00:00,115508.71,115875.84,113587.68,113786.38,5294.46316,113786.38,116528.50200000001,118318.90680000001,115664.12145799752,116644.9876644103,-980.8662064127857,-808.6198293776702,26.438714749646053,0.006674085565975913,116528.50200000001,119261.43572282857,113795.56827717145
2025-08-19 16:00:00,113786.39,113897.58,112767.06,113132.48,3784.35052,113132.48,116316.2,118170.32560000001,115274.6381567507,116384.79758940215,-1110.159432651446,-868.9277500324262,22.193675528319844,0.006737606871532931,116316.2,119407.32120771067,113225.07879228932
2025-08-19 20:00:00,113132.49,113589.48,112732.58,112872.94,2625.5971,112872.94,116076.01199999999,118021.4964,114905.146132622,116124.65598899862,-1219.5098563766223,-939.044171301266,21.732035083879808,0.006659249829155377,116076.01199999999,119455.13264843794,112696.89135156204
2025-08-20 00:00:00,112872.95,113636.13,112566.01,113525.91,3116.70576,113525.91,115868.70150000001,117910.22859999999,114692.95595836606,115932.15354458804,-1239.1975862219842,-999.0748542854102,28.672201971108436,0.006876108300948324,115868.70150000001,119342.92460251882,112394.4783974812
2025-08-20 04:00:00,113525.9,113837.93,113432.0,113490.13,1367.41482,113490.13,115674.175,117806.31120000001,114507.90581092039,115751.26052629795,-1243.354715377558,-1047.93082650384,29.06857377497954,0.006881389424095607,115674.175,119226.73810673095,112121.61189326906
2025-08-20 08:00:00,113490.14,114016.77,113060.08,113666.68,2352.50644,113666.68,115473.2615,117702.4908,114378.48645539136,115596.8452686028,-1218.3588132114382,-1082.01642384536,38.89901131651572,0.006851501949686475,115473.2615,119001.42912832634,111945.09387167364
2025-08-20 12:00:00,113666.69,114326.35,112380.0,113353.94,4605.43198,113353.94,115240.6595,117589.8352,114220.8639237898,115430.70225928955,-1209.8383354997495,-1107.580806176238,37.882396354852325,0.006773683591636106,115240.6595,118677.99718386911,111803.32181613088
2025-08-20 16:00:00,113353.94,114444.0,113264.01,114276.66,2624.00614,114276.66,115039.09200000002,117504.924,114229.44793551459,115345.21675263479,-1115.7688171202026,-1109.2184083650309,45.96307466334374,0.007078901022075331,115039.09200000002,118179.01140833627,111899.17259166377
2025-08-20 20:00:00,114276.66,114615.38,114000.0,114271.24,1570.2768,114271.24,114840.34599999999,117391.6888,114235.87748389706,115265.66214802173,-1029.7846641246724,-1093.3316595169592,36.826789253932844,0.0070838863194087895,114840.34599999999,117606.49506431234,112074.19693568764
2025-08-21 00:00:00,114271.23,114821.76,113906.01,113954.62,1626.72781,113954.62,114659.57350000001,117277.4758,114192.60710175856,115168.54704327008,-975.9399415115186,-1069.853315915871,33.7537372938893,0.007025987924029944,114659.57350000001,117131.50228300822,112187.64471699181
2025-08-21 04:00:00,113954.62,114033.84,113582.43,113896.03,1612.36321,113896.03,114484.12449999999,117152.7148,114146.97985533375,115074.28573825631,-927.3058829225629,-1041.3438293172094,33.886037727501446,0.007029690478973974,114484.12449999999,116609.38518410173,112358.86381589825
2025-08-21 08:00:00,113896.03,113990.0,113000.0,113148.66,1509.65106,113148.66,114375.6075,117026.0478,113993.39218528119,114931.64569717586,-938.2535118946689,-1020.7257658327013,37.34359858850203,0.006041317428834765,114375.6075,116542.60450908523,112208.61049091477
2025-08-21 12:00:00,113148.65,113995.11,112608.64,112792.08,2521.11028,112792.08,114254.9125,116890.28139999999,113808.57492600591,114773.15822012599,-964.5832941200788,-1009.4972714901767,33.81099222711977,0.006061700179275595,114254.9125,116494.84230959463,112014.98269040538
2025-08-21 16:00:00,112792.08,112969.47,112015.67,112193.71,2468.80417,112193.71,114117.23449999999,116722.74739999998,113560.13416815743,114582.08672118241,-1021.9525530249812,-1011.9883277971373,25.694627742877685,0.006131904723426901,114117.23449999999,116511.18294846642,111723.28605153356
2025-08-21 20:00:00,112193.71,112870.94,112067.46,112500.0,1101.03582,112500.0,113934.9675,116554.335,113397.03660382473,114427.85713314517,-1030.8205293204373,-1015.7547681017974,38.096656944464904,0.005581449471022203,113934.9675,116231.87658553098,111638.05841446902
2025-08-22 00:00:00,112500.0,113525.0,112335.6,112929.24,1610.19525,112929.24,113765.72999999998,116358.0356,113325.06789554372,114316.84782880367,-991.7799332599534,-1010.9598011334285,48.03776178945628,0.005673249671322781,113765.72999999998,115809.40687320256,111722.0531267974
2025-08-22 04:00:00,112929.24,113394.76,112708.81,113094.83,1656.2572,113094.83,113609.11899999999,116153.8036,113289.64668084455,114226.32751561738,-936.680834772822,-996.1040078613074,52.181882186818456,0.005709367880963263,113609.11899999999,115309.91711487861,111908.32088512137
2025-08-22 08:00:00,113094.83,113319.3,112177.27,112320.0,1932.43574,112320.0,113484.61899999999,115933.4608,113140.47026840648,114085.11738533438,-944.6471169278957,-985.8126296746251,38.419610155396136,0.005284638617693246,113484.61899999999,115179.81966820106,111789.41833179892
2025-08-22 12:00:00,112320.01,117296.12,111684.79,116370.75,11505.26127,116370.75,113554.24949999999,115826.36959999999,113637.43638096054,114254.4242650445,-616.9878840839519,-912.0476805564905,65.61877145763346,0.009851958235421215,113554.24949999999,115588.29029253688,111520.2087074631
2025-08-22 16:00:00,116370.75,117429.05,116116.0,116655.79,4307.94644,116655.79,113611.6035,115740.492,114101.79847619835,114432.30394781244,-330.5054716140876,-795.73923876801,66.01855275638658,0.009817910659996924,113611.6035,115923.4096857779,111299.7973142221
2025-08-22 20:00:00,116655.79,117174.43,116550.96,116935.99,2115.99447,116935.99,113769.084,115714.0668,114537.82794139937,114617.76288773796,-79.9349463385879,-652.5783802821256,69.26328379013533,0.009122592111583512,113769.084,116518.67244237804,111019.49555762197
2025-08-23 00:00:00,116936.0,117030.0,115458.2,115568.77,2647.58419,115568.77,113890.89850000001,115666.5238,114696.43441195355,114688.20811007773,8.226301875823992,-520.4174438505357,56.6315715999922,0.009458577989123003,113890.89850000001,116735.94788294964,111045.84911705038
2025-08-23 04:00:00,115568.77,116034.53,115551.2,115799.47,2258.18362,115799.47,114037.225,115616.61140000001,114866.13219473013,114770.52407726407,95.60811746606487,-397.21233158721554,57.66614931290938,0.009425960963801168,114037.225,116961.75394021008,111112.69605978993
2025-08-23 08:00:00,115799.46,115861.8,115223.43,115310.13,1313.89391,115310.13,114126.43599999999,115543.4358,114934.4395493871,114810.49500848625,123.94454090084764,-292.9809570896029,56.6839018511634,0.009442286133743219,114126.43599999999,117093.83082727577,111159.0411727242
2025-08-23 12:00:00,115310.13,115486.97,114560.0,114812.87,3027.56166,114812.87,114192.573,115460.5642,114915.73654178905,114810.67093428128,105.06560750777135,-213.37164417012804,54.33339194122572,0.009509678274258998,114192.573,117159.21655955275,111225.92944044726
2025-08-23 16:00:00,114812.88,115190.74,114684.11,115133.91,1105.55067,115133.91,114265.9345,115383.12219999998,114949.30168920616,114834.61463150155,114.68705770460656,-147.7599037951811,59.777196637264886,0.009520130018748232,114265.9345,117250.33394593619,111281.53505406382
2025-08-23 20:00:00,115133.92,115454.12,115001.88,115438.05,976.58792,115438.05,114370.13999999998,115346.3788,115024.49373702065,114879.31365610605,145.18008091459342,-89.17190685322618,63.09884841698176,0.009494049812122532,114370.13999999998,117365.97870354932,111374.30129645065
2025-08-24 00:00:00,115438.06,115666.68,114934.21,115036.0,1995.92433,115036.0,114408.10699999999,115308.3734,115026.26393132517,114890.9200780166,135.34385330857185,-44.26875482086656,64.34965149353417,0.009386104937295092,114408.10699999999,117418.17034856995,111398.04365143002
2025-08-24 04:00:00,115036.01,115283.21,114846.14,114888.19,1715.6873,114888.19,114438.95449999999,115259.2962,115005.02178804438,114890.71784959482,114.30393844956416,-12.554216166780412,62.25314795679107,0.009393093817292728,114438.95449999999,117455.74967011347,111422.15932988652
2025-08-24 08:00:00,114888.19,115060.99,114600.0,114730.22,2223.47925,114730.22,114477.73449999999,115205.308,114962.74458988369,114878.82909710372,83.91549277996819,6.739725622569313,59.504915589501266,0.009374161933425688,114477.73449999999,117488.24871147511,111467.22028852487
2025-08-24 12:00:00,114730.22,114869.41,114350.57,114400.0,2662.01905,114400.0,114502.933,115141.3866,114876.16849913233,114843.36021186045,32.808287271880545,11.95343795243156,56.77055828821077,0.009400900363463844,114502.933,117501.35867015005,111504.50732984996
2025-08-24 16:00:00,114400.01,114917.1,110680.0,112600.0,8322.01988,112600.0,114475.5,115045.81620000002,114525.98873003494,114677.18510703302,-151.19637699807936,-20.676525037670633,51.31286021602177,0.0099585225557991,114475.5,117535.50311752163,111415.49688247837
2025-08-24 20:00:00,112600.0,113692.97,111632.85,113493.59,4256.85481,113493.59,114510.57549999999,114962.15400000001,114367.15815618337,114589.51126139113,-222.35310520775965,-61.01184107168846,30.83574677149916,0.010093071624014429,114510.57549999999,117504.7041111003,111516.44688889968
2025-08-25 00:00:00,113493.59,113667.28,112159.0,112916.84,2384.9729,112916.84,114546.732,114867.0484,114144.03228600125,114465.60951111745,-321.57722511619795,-113.12491788059037,26.027116201115973,0.010086599458859882,114546.732,117438.7831902407,111654.6808097593
2025-08-25 04:00:00,112916.84,113059.52,111284.05,111511.55,4054.02521,111511.55,114497.3095,114749.66619999999,113739.03501123175,114246.79000132064,-507.75499008888437,-192.0509323222492,19.605463400639664,0.010463389283852851,114497.3095,117565.07661654019,111429.54238345982
2025-08-25 08:00:00,111511.56,111850.13,110929.48,111214.97,4028.25788,111214.97,114411.59600000002,114620.2666,113350.71731719605,114022.2104694642,-671.4931522681582,-287.93937631143103,22.27846586032392,0.010426533023911897,114411.59600000002,117747.87666442356,111075.31533557648
2025-08-25 12:00:00,111214.97,112580.0,110588.0,112200.64,4593.3206,112200.64,114366.8865,114504.15980000001,113173.7823453197,113887.2791719832,-713.4968266634969,-373.05086638184423,29.095311064150636,0.010636970480813598,114366.8865,117800.02611383684,110933.74688616315
2025-08-25 16:00:00,112200.65,112937.26,110655.01,110716.13,3109.40411,110716.13,114286.69300000001,114352.32220000001,112795.68198450127,113652.3789889572,-856.6970044559421,-469.7800939966639,26.080092638875016,0.010933901531200224,114286.69300000001,117985.77638199502,110587.60961800501
2025-08-25 20:00:00,110716.13,111092.54,109274.1,110111.98,7012.81309,110111.98,113973.75450000001,114189.63859999999,112382.80475611643,113390.12695939187,-1007.322203275442,-577.2885158524196,25.792989947238723,0.006725273488505725,113973.75450000001,117976.95347938203,109970.55552061799
2025-08-26 00:00:00,110111.98,110111.98,108666.66,109879.56,4155.39206,109879.56,113634.94300000001,114035.8284,111997.69017825233,113130.08473047671,-1132.394552224374,-688.3097231268105,22.693752825805603,0.006616542479824626,113634.94300000001,117825.02802251183,109444.8579774882
2025-08-26 04:00:00,109879.57,110547.31,109765.93,110303.2,1910.05232,110303.2,113303.3035,113893.79220000001,111736.99938159811,112920.68568863012,-1183.6863070320105,-787.3850399078506,23.642159404146497,0.006686233824826459,113303.3035,117442.93898657315,109163.66801342684
2025-08-26 08:00:00,110303.2,110455.13,109570.34,109876.52,1852.10166,109876.52,113018.69099999999,113784.9426,111450.77178442916,112695.19176149681,-1244.4199770676496,-878.7920273398105,23.582529123588856,0.00636558842522136,113018.69099999999,117283.33599684211,108754.04600315787
2025-08-26 12:00:00,109876.53,110818.6,109393.93,109666.33,4559.68511,109666.33,112712.03400000001,113674.1496,111176.24227913235,112470.83147217004,-1294.5891930376965,-961.9514604793877,23.432841591996436,0.006279604968466046,112712.03400000001,117016.59724877097,108407.47075122906
2025-08-26 16:00:00,109666.34,111162.59,109450.0,111116.03,3548.51055,111116.03,112502.32899999998,113597.5248,111166.97885157354,112370.47574177674,-1203.4968902031978,-1010.2605464241499,33.74825417581357,0.007200348174291074,112502.32899999998,116680.76007863981,108323.89792136016
2025-08-26 20:00:00,111116.03,112371.0,110918.26,111763.22,2426.69707,111763.22,112349.84650000001,113509.8824,111258.70825902377,112325.49380767488,-1066.7855486511107,-1021.5655468695422,38.47194387025242,0.00737088020571246,112349.84650000001,116393.66631924741,108306.02668075262
2025-08-27 00:00:00,111763.22,111825.16,110918.26,111418.15,2172.27313,111418.15,112164.0585,113411.96560000001,111283.23775763549,112258.28311748023,-975.0453598447348,-1012.2615094645807,44.07975610709084,0.007315182474671291,112164.0585,116005.68587301607,108322.43112698392
2025-08-27 04:00:00,111418.15,111737.26,110622.5,110725.18,1809.80294,110725.18,111928.41500000001,113301.92820000001,111197.38271799925,112144.71986449494,-947.3371464956872,-999.276636870802,35.84774676126003,0.007312246178135217,111928.41500000001,115492.61633405865,108364.21366594137
2025-08-27 08:00:00,110725.19,111374.45,110345.42,111322.07,1594.26753,111322.07,111742.7185,113232.16960000001,111216.56537676862,112083.7828081329,-867.21743136429,-972.8647957694997,41.86420704115424,0.007488238204693356,111742.7185,114998.89251855083,108486.54448144918
2025-08-27 12:00:00,111322.07,112625.0,111019.02,112000.0,3310.1006,112000.0,111598.30900000001,113172.60680000001,111337.09378034268,112077.57667142824,-740.4828910855576,-926.3884148327113,52.69160277244176,0.0076842447632538445,111598.30900000001,114504.48390054978,108692.13409945024
2025-08-27 16:00:00,111999.99,112600.0,111541.23,112080.69,1902.42552,112080.69,111465.83249999999,113104.0464,111451.49319875149,112077.80728845474,-626.3140897032572,-866.3735498068206,54.886821635413256,0.007696641801221976,111465.83249999999,113986.92767058614,108944.73732941384
2025-08-27 20:00:00,112080.68,112452.05,110921.79,111262.01,2603.73903,111262.01,111308.933,113053.55899999998,111422.34193740512,112017.37783656565,-595.0358991605317,-812.1060196775628,44.59980830104789,0.007812041770110694,111308.933,113418.08497288394,109199.78102711607
2025-08-28 00:00:00,111262.01,112042.04,110862.42,112000.01,1203.77782,112000.01,111278.9335,113030.90960000001,111511.21394703511,112016.09132969774,-504.8773826626275,-750.6602922745758,58.08061227058726,0.007225011988882955,111278.9335,113326.94736374091,109230.91963625909
2025-08-28 04:00:00,112000.0,113360.0,111945.07,113114.11,2481.91862,113114.11,111259.9595,113035.733,111757.81333979894,112097.42607268917,-339.6127328902221,-668.4507803977051,67.75536275083832,0.007357621104760801,111259.9595,113227.01355451085,109292.90544548914
2025-08-28 08:00:00,113114.11,113351.51,112826.22,112909.18,1419.04336,112909.18,111259.5765,113023.39840000002,111934.94667213756,112157.55601148894,-222.6093393513729,-579.2824921884387,67.97639871550521,0.007277966750430398,111259.5765,113225.27472527618,109293.87827472381
2025-08-28 12:00:00,112909.18,113485.9,112391.56,112678.53,3088.9335,112678.53,111317.92549999998,113007.16639999999,112049.34410719332,112196.14668815449,-146.80258096117177,-492.78650994298533,64.4244911442892,0.006687890477075296,111317.92549999998,113381.93801834717,109253.9129816528
2025-08-28 16:00:00,112678.53,113186.56,111901.35,111901.36,1813.29699,111901.36,111352.245,112971.86,112026.57732147127,112174.31063149557,-147.73331002429768,-423.7758699592478,61.794048573185904,0.006859579246957689,111352.245,113431.8168628046,109272.6731371954
2025-08-28 20:00:00,111901.36,112575.98,111872.06,112566.9,1097.30715,112566.9,111370.558,112956.1192,112109.70388739878,112203.39133246859,-93.68744506980875,-357.75818498136005,66.04384529692419,0.006697788952722627,111370.558,113487.69838782311,109253.4176121769
2025-08-29 00:00:00,112566.9,112638.64,111302.27,111704.23,2123.00621,111704.23,111419.96299999999,112904.67060000001,112047.32328933742,112166.4164107,-119.09312136257358,-310.0251722576028,53.47945218444762,0.006208743575745567,111419.96299999999,113518.83939962162,109321.08660037836
2025-08-29 04:00:00,111704.24,111850.56,109899.99,110019.38,4260.9718,110019.38,111415.33299999998,112819.63339999999,111735.33201405473,112007.37664370748,-272.0446296527516,-302.42906373663254,40.812358932534224,0.00701284439777264,111415.33299999998,113526.72937719838,109303.93662280159
2025-08-29 08:00:00,110019.38,110270.3,109414.18,110098.81,2848.31026,110098.81,111426.29549999998,112742.5172,111483.55939650784,111866.00130971422,-382.44191320637765,-318.4316336305816,42.84871808770126,0.006996955601973276,111426.29549999998,113506.15911985566,109346.4318801443
2025-08-29 12:00:00,110098.81,111517.07,108103.0,108386.23,7729.2804,108386.23,111330.447,112632.32119999999,111007.04718166048,111608.24042628895,-601.1932446284627,-374.98395583015787,38.58392773994033,0.007756884964150905,111330.447,113773.25044814683,108887.64355185317
2025-08-29 16:00:00,108386.23,108832.0,107934.24,108212.01,2605.64538,108212.01,111247.22150000001,112533.5882,110577.04146140502,111356.66776084877,-779.626299443742,-455.9124245528748,34.166985696598374,0.007726963558701818,111247.22150000001,113993.19797034256,108501.24502965747
2025-08-29 20:00:00,108212.01,108549.99,107463.9,108377.4,3013.0964,108377.4,111182.775,112445.29460000001,110238.63508272734,111135.98122652316,-897.3461437958176,-544.1991684014635,30.54227674590979,0.007737650092665533,111182.775,114137.53664019691,108228.01335980308
2025-08-30 00:00:00,108377.4,108436.21,107350.1,108436.2,3244.13736,108436.2,111048.78349999999,112370.14440000002,109961.33737769237,110935.99740383879,-974.6600261464191,-630.2913399504546,30.37856102233114,0.007036765884766264,111048.78349999999,114249.13126263145,107848.43573736853
2025-08-30 04:00:00,108436.21,108697.28,108120.0,108524.26,3052.32523,108524.26,110886.8355,112290.62960000001,109740.24855035509,110757.35016547465,-1017.1016151195654,-707.6533949842768,34.00172268912472,0.0068606117094886275,110886.8355,114258.19564575708,107515.47535424292
2025-08-30 08:00:00,108524.26,108777.43,108400.0,108680.01,1416.9539,108680.01,110749.9285,112205.645,109577.13492722354,110603.47309762544,-1026.3381704018975,-771.390350067801,29.18270810394597,0.0068782036043084594,110749.9285,114250.35680493509,107249.5001950649
2025-08-30 12:00:00,108680.01,108926.15,108190.52,108869.98,1540.53972,108869.98,110657.16849999999,112121.148,109468.34186149684,110475.0661871684,-1006.7243256715592,-818.4571451885528,19.899829929319125,0.006803775763229778,110657.16849999999,114257.26345584872,107057.07354415125
2025-08-30 16:00:00,108869.98,108900.0,108625.46,108828.33,677.58629,108828.33,110532.4815,112051.31460000001,109369.87849818963,110353.08571624933,-983.2072180597024,-851.407159762783,20.37164227434492,0.006646960806303597,110532.4815,114207.57166940166,106857.39133059833
2025-08-30 20:00:00,108828.32,108838.27,108468.77,108816.33,776.84909,108816.33,110373.298,111900.2262,109284.71719077585,110239.25194859374,-954.5347578178917,-872.0326793738047,21.039639596405465,0.0064346370398912665,110373.298,114056.5358352554,106690.06016474459
2025-08-31 00:00:00,108816.33,109480.02,108801.35,109223.84,1756.83146,109223.84,110230.4555,111751.58720000001,109275.35146911802,110164.03624203143,-888.684772913417,-875.3630980817273,28.744510528037054,0.006522554841339889,110230.4555,113856.02641470819,106604.8845852918
2025-08-31 04:00:00,109223.84,109231.41,108523.49,108708.26,1177.25929,108708.26,110102.768,111587.03259999999,109188.10662771524,110056.2009559943,-868.094328279054,-873.9093441211927,18.62108560517582,0.006421541108804099,110102.768,113755.15074566993,106450.38525433006
2025-08-31 08:00:00,108708.25,109100.0,108303.21,108389.76,1590.89462,108389.76,109922.2555,111443.45240000001,109065.2840696052,109932.76087580006,-867.4768061948562,-872.6228365359254,20.429171224187073,0.0061630770585514695,109922.2555,113536.48753235255,106308.02346764745
2025-08-31 12:00:00,108389.77,108858.43,108191.29,108818.69,2441.88905,108818.69,109707.48449999999,111303.83679999999,109027.34652043518,109850.23710141603,-822.8905809808493,-862.6763854249103,36.19379215660118,0.005699540688701267,109707.48449999999,113021.09558912268,106393.8734108773
2025-08-31 16:00:00,108818.69,109237.51,108555.0,108930.0,1232.50315,108930.0,109508.52549999999,111176.2342,109012.37013267592,109782.07138575925,-769.7012530833308,-844.0813589565945,36.65818161063869,0.005737448680402797,109508.52549999999,112472.05902521842,106544.99197478156
2025-08-31 20:00:00,108930.0,109230.0,108076.93,108246.35,1290.13839,108246.35,109286.9165,111044.90379999999,108894.520881495,109668.31423921144,-773.7933577164367,-830.0237587085629,47.913061122184835,0.005825201346896556,109286.9165,111893.74839540805,106680.08460459196
2025-09-01 00:00:00,108246.36,108482.98,107393.0,107660.01,3206.34097,107660.01,109074.849,110895.4258,108704.59613049577,109519.55095392396,-814.9548234281829,-827.0099716524869,42.66628403800778,0.005768668024473687,109074.849,111467.42642439883,106682.27157560117
2025-09-01 04:00:00,107660.0,109432.99,107255.0,109432.99,2904.1728,109432.99,108918.15349999999,110775.32459999999,108816.65672580412,109513.13903107948,-696.4823052753636,-800.9044383770623,59.826699906721885,0.0068933562856312545,108918.15349999999,110673.37441401045,107162.93258598952
2025-09-01 08:00:00,109432.99,109912.4,108186.41,108782.88,3111.29125,108782.88,108772.08599999998,110650.26219999998,108811.46030644965,109459.04576692778,-647.5854604781343,-770.2406427972768,52.907247825518226,0.006821192988436443,108772.08599999998,109938.56198260548,107605.61001739449
2025-09-01 12:00:00,108782.89,109520.0,108566.0,108784.33,2266.34513,108784.33,108710.3335,110528.185,108807.2864131497,109409.06681901347,-601.7804058637703,-736.5485954105756,52.213086714331716,0.006002020487372894,108710.3335,109718.8555769395,107701.81142306048
2025-09-01 16:00:00,108784.33,109329.65,108391.3,109217.64,1553.15049,109217.64,108666.275,110417.9334,108870.4177342036,109394.88705405996,-524.4693198563618,-694.1327402997329,54.368638565710405,0.006082082116024432,108666.275,109476.98937879106,107855.56062120893
2025-09-01 20:00:00,109217.65,109442.95,107459.49,109237.42,3012.30155,109237.42,108708.8345,110314.68179999999,108926.8796212492,109383.22282738991,-456.3432061407075,-646.5748334679279,53.070648994668325,0.00492377669001455,108708.8345,109546.56699807766,107871.10200192234
2025-09-02 00:00:00,109237.43,110623.97,108883.8,110322.18,3166.02008,110322.18,108814.343,110269.12539999999,109141.54121798009,109452.77521299422,-311.23399501413223,-579.5066657771688,60.630553313948695,0.005334630996580612,108814.343,109887.15906842811,107741.52693157188
2025-09-02 04:00:00,110322.19,110610.5,110000.0,110233.92,1952.71608,110233.92,108907.169,110203.93199999999,109309.599492137,109510.63779169518,-201.0382995581749,-503.81299253337,59.97955640784118,0.005347414705981715,108907.169,110131.38813693488,107682.9498630651
2025-09-02 08:00:00,110233.91,110711.1,109563.87,109733.34,2462.01591,109733.34,108972.026,110140.26199999999,109374.79033950053,109527.1342520674,-152.3439125668665,-433.51917654006934,53.54038751782354,0.00548256793075011,108972.026,110228.2109064092,107715.8410935908
2025-09-02 12:00:00,109733.33,111771.52,108393.39,110829.17,6768.89317,110829.17,109087.27149999999,110126.61439999999,109598.54105650046,109623.5813472016,-25.04029070114484,-351.8233993722844,63.6379068879175,0.00587052239746385,109087.27149999999,110572.52259741392,107602.02040258606
2025-09-02 16:00:00,110829.16,111119.58,110200.0,110806.0,2585.23037,110806.0,109193.571,110118.435,109784.30397088501,109711.16791634148,73.13605454353092,-266.83150858912137,66.15034369544121,0.005876614704541723,109193.571,110850.48858582834,107536.65341417165
2025-09-02 20:00:00,110806.01,111538.17,110716.77,111240.01,1575.41195,111240.01,109312.07249999998,110099.22239999998,110008.258744595,109824.41548080674,183.84326378826518,-176.69655411364403,66.17331548558951,0.005911335485132538,109312.07249999998,111195.12068928046,107429.0243107195
2025-09-03 00:00:00,111240.01,111782.21,110892.14,111054.01,2263.61693,111054.01,109423.3565,110105.98,110169.14355311886,109915.4965583227,253.64699479615956,-90.62784433168329,64.04725782152127,0.00593527046845973,109423.3565,111444.06724882366,107402.64575117633
2025-09-03 04:00:00,111054.0,111151.99,110528.71,111099.88,1539.69973,111099.88,109537.53400000001,110125.73800000001,110312.33377571596,110003.22866691537,309.10510880059155,-10.681253705228304,70.61069419064056,0.005931133849155263,109537.53400000001,111668.85736027126,107406.21063972877
2025-09-03 08:00:00,111099.87,111708.0,110889.29,111437.77,1514.83708,111437.77,109648.23049999999,110156.90219999998,110485.4778102212,110109.49098990526,375.98682031594217,66.65236109900582,78.30206772550201,0.005916410719631474,109648.23049999999,111935.24096606563,107361.22003393435
2025-09-03 12:00:00,111437.77,112500.0,111031.61,112222.74,3550.00487,112222.74,109823.95449999999,110195.29299999999,110752.74891634102,110266.02795637214,486.72095996887947,150.6660808729806,74.53178778014035,0.005900408416798847,109823.95449999999,112335.88210047761,107312.02689952237
2025-09-03 16:00:00,112222.73,112575.27,111686.24,112193.74,1957.30873,112193.74,110014.15349999999,110241.6374,110974.43985228856,110408.82144341325,565.6184088753071,233.6565464734459,83.67167632796836,0.005821976288045765,110014.15349999999,112642.2171274784,107386.08987252157
2025-09-03 20:00:00,112193.74,112250.0,111613.98,111705.71,948.2535,111705.71,110158.5045,110282.425,111086.94295193646,110504.88726386981,582.0556880666554,303.33637479208784,76.31181707154522,0.005950537595943767,110158.5045,112826.9319388011,107490.07706119888
2025-09-04 00:00:00,111705.72,112180.0,111136.0,111148.97,1484.75903,111148.97,110269.45300000001,110283.0838,111096.48557471547,110552.59709684258,543.8884778728825,351.4467954082468,67.01645318235245,0.006115980069070688,110269.45300000001,112907.15558643558,107631.75041356444
2025-09-04 04:00:00,111148.97,111318.84,110279.68,110463.36,2293.72804,110463.36,110380.3035,110257.0866,110999.08164014385,110545.98694143537,453.09469870847533,371.77637606829256,59.6671986777527,0.006109258081370273,110380.3035,112840.38066814597,107920.22633185402
2025-09-04 08:00:00,110463.36,111154.93,110415.72,110810.0,1251.00126,110810.0,110537.803,110244.9236,110969.99215704479,110565.54346452636,404.4486925184319,378.3108393583205,54.35351443972448,0.0059308742089271395,110537.803,112642.20560075584,108433.40039924416
2025-09-04 12:00:00,110810.0,111123.99,109329.12,109510.31,3057.95062,109510.31,110541.669,110220.6262,110745.4256713456,110487.3780218423,258.04764950329263,354.25820138731495,44.6902934093334,0.00551196578627291,110541.669,112637.79350086156,108445.54449913843
2025-09-04 16:00:00,109510.32,110218.39,109363.26,109799.99,2124.63495,109799.99,110592.52450000001,110190.1846,110599.97402960013,110436.46039007162,163.51363952850807,316.1092890155536,50.50468489943412,0.005352906687496711,110592.52450000001,112554.01042920336,108631.03857079666
2025-09-04 20:00:00,109800.0,111765.31,109755.59,110730.87,1991.06146,110730.87,110689.85149999999,110164.802,110620.1118712001,110458.26850953304,161.84336166706635,285.25610354585615,49.23658549465841,0.005641024010784785,110689.85149999999,112457.12115855051,108922.58184144947
2025-09-05 00:00:00,110730.87,111482.09,110435.75,111311.77,1665.5758,111311.77,110794.55799999999,110149.4236,110726.5208140924,110521.49084271707,205.0299713753193,269.2108771117488,53.61475490679556,0.005684227672086365,110794.55799999999,112438.39860027109,109150.71739972889
2025-09-05 04:00:00,111311.78,112999.0,111144.51,112954.32,3481.17531,112954.32,110980.403,110183.26980000001,111069.25915038587,110701.70041139293,367.5587389929424,288.8804494879875,60.44744010872152,0.006459794540304559,110980.403,112720.61668807783,109240.18931192218
2025-09-05 08:00:00,112954.32,112985.0,112131.02,112354.0,1956.82884,112354.0,111081.99400000002,110190.34959999999,111266.91158878805,110824.09297443621,442.81861435183964,319.66808246075794,57.541621368246275,0.006335033487816916,111081.99400000002,112896.07512485483,109267.91287514521
2025-09-05 12:00:00,112354.0,113384.62,110286.91,110716.82,9805.88987,110716.82,111106.139,110142.40380000001,111182.2821135899,110816.1468281261,366.1352854637953,328.9615230613654,48.12410872392774,0.00721984782828275,111106.139,112885.20983827983,109327.06816172016
2025-09-05 16:00:00,110716.82,111627.51,110206.96,111614.54,2167.09419,111614.54,111200.199,110116.511,111248.78332688377,110875.2870634626,373.4962634211697,337.8684711333263,50.82066609655971,0.007331847254612498,111200.199,112869.18172114824,109531.21627885175
2025-09-05 20:00:00,111614.54,111700.0,110375.6,110659.99,2510.84487,110659.99,111191.73999999999,110076.1402,111158.19973813242,110859.33913274013,298.8606053922849,330.06689798511803,42.85729956332516,0.007291185602155504,111191.73999999999,112870.32793650804,109513.15206349194
2025-09-06 00:00:00,110660.0,111307.7,110552.56,111082.22,800.18218,111082.22,111205.551,110059.7574,111146.5105476505,110875.84882670287,270.6617209476244,318.18586257761933,45.095969899547484,0.007341958382215999,111205.551,112875.2977407197,109535.80425928031
2025-09-06 04:00:00,111082.23,111082.23,110687.69,110825.6,687.98406,110825.6,111184.83050000001,110024.9314,111097.1396941658,110872.12669137242,225.01300279337738,299.55129062077094,46.03600836297697,0.007305761064328839,111184.83050000001,112863.04044254683,109506.62055745319
2025-09-06 08:00:00,110825.59,110968.0,110675.58,110781.02,621.90211,110781.02,111171.18100000001,110006.46720000001,111048.50589506338,110865.37804753495,183.12784752843436,276.2666020023036,48.262608424661096,0.007297453128306448,111171.18100000001,112858.28806259869,109484.07393740134
2025-09-06 12:00:00,110781.03,110999.83,110358.11,110384.15,886.00942,110384.15,111135.39450000001,110013.7626,110946.29729582286,110829.73152533825,116.56577048460895,244.32643569876467,49.61550074220344,0.007337315794698224,111135.39450000001,112858.84203230563,109411.94696769438
2025-09-06 16:00:00,110384.16,110402.0,109977.0,110038.41,1391.66059,110038.41,111065.42650000002,110012.55459999999,110806.62232723473,110771.11511581478,35.507211419942905,202.56259084300032,46.25423927934437,0.007319295332969798,111065.42650000002,112849.73369349846,109281.11930650157
2025-09-06 20:00:00,110038.42,110282.82,110034.44,110187.97,612.56061,110187.97,110963.688,110048.5894,110711.44504612169,110727.9191811468,-16.474135025113355,158.7552456693776,53.70331104402705,0.0071140726940040885,110963.688,112701.5853192443,109225.79068075569
2025-09-07 00:00:00,110187.98,110733.12,110180.0,110629.15,948.63792,110629.15,110885.4585,110096.93220000001,110698.78426979527,110720.6029454807,-21.81867568542657,122.64046139841675,54.4574276842621,0.007197357467014529,110885.4585,112528.48871373753,109242.42828626245
2025-09-07 04:00:00,110629.15,110911.42,110463.1,110753.42,872.74711,110753.42,110837.84400000001,110144.4526,110707.18976674986,110723.03383841593,-15.844071666069794,94.94355478551944,50.132736538866816,0.007154291470178305,110837.84400000001,112435.35081906023,109240.3371809398
2025-09-07 08:00:00,110753.41,111377.19,110720.01,111292.13,1214.41306,111292.13,110845.00200000001,110201.57119999999,110797.18057186526,110765.18910977078,31.991462094476447,82.35313624731084,49.883815581490005,0.007161350938735103,110845.00200000001,112449.64557859987,109240.35842140015
2025-09-07 12:00:00,111292.12,111412.0,111042.6,111329.99,837.52385,111329.99,110888.3335,110257.6858,110879.15125311675,110807.0262128669,72.12504024985537,80.30751704781976,38.13905736346251,0.00700829385561298,110888.3335,112496.38529179871,109280.28170820128
2025-09-07 16:00:00,111329.99,111371.35,110861.2,111259.99,940.48526,111259.99,110910.83300000001,110309.28540000001,110937.74182956033,110840.57908607413,97.16274348620209,83.67856233549622,41.340843144052535,0.006981804134980883,110910.83300000001,112526.84257859483,109294.82342140519
2025-09-07 20:00:00,111259.99,111600.0,111001.45,111137.34,867.49224,111137.34,110992.1845,110354.6326,110968.44924039718,110862.5613760469,105.88786435028305,88.1204227384536,54.378099922124456,0.006404629145078577,110992.1845,112469.16880077527,109515.20019922474
2025-09-08 00:00:00,111137.35,111372.0,110621.78,111052.11,1701.47085,111052.11,111054.79049999997,110399.10819999999,110981.32012648993,110876.6020148892,104.71811160072684,91.43996051090825,42.95209333216383,0.0063971293181388535,111054.79049999997,112420.99273381603,109688.58826618391
2025-09-08 04:00:00,111052.11,111609.04,110899.69,111280.39,1330.12513,111280.39,111082.2665,110448.3894,111027.3308762607,110906.51223606957,120.81864019113709,97.31569644695404,59.50431708019527,0.006136017552166827,111082.2665,112443.13213898896,109721.40086101103
2025-09-08 08:00:00,111280.4,112186.98,111252.9,112052.43,2723.68786,112052.43,111119.29950000001,110504.96119999999,111185.03843375905,110991.39503355815,193.64340020090458,116.58123719774416,63.42446154655056,0.00621938472184596,111119.29950000001,112545.21779052824,109693.38120947177
2025-09-08 12:00:00,112052.43,112924.37,111877.64,112631.75,3018.22348,112631.75,111103.171,110583.431,111407.60944394997,111112.90280906274,294.7066348872322,152.2063167356418,72.94228829684792,0.0053608302310318426,111103.171,112446.60789823285,109759.73410176716
2025-09-08 16:00:00,112631.74,112670.06,111978.67,112097.31,1681.81458,112097.31,111090.3365,110657.58200000001,111513.71722180383,111185.82186036142,327.8953614424099,187.34412567699545,64.8694689515718,0.0053332700743220175,111090.3365,112387.56857346777,109793.10442653224
2025-09-08 20:00:00,112097.31,112512.71,111896.0,112065.23,1127.08021,112065.23,111157.75700000001,110722.5128,111598.56534152631,111250.96320413607,347.6021373902331,219.39572801964303,70.69602300707155,0.004109409482314804,111157.75700000001,112512.15294484612,109803.3610551539
2025-09-09 00:00:00,112065.23,112104.41,111111.0,111708.0,2091.77038,111708.0,111162.43000000001,110778.0728,111615.40144282996,111284.81778165449,330.58366117546393,241.63331465080722,70.49658101820586,0.0037888676709070973,111162.43000000001,112524.0872483639,109800.77275163612
2025-09-09 04:00:00,111708.01,113293.29,111624.12,112991.11,2906.5944,112991.11,111278.986,110872.96800000001,111827.0489131638,111411.20979799078,415.8391151730175,276.47447475524933,76.92013675476332,0.004036163994524829,111278.986,112843.523480716,109714.44851928401
2025-09-09 08:00:00,112991.11,113176.51,112403.91,112433.59,1848.92022,112433.59,111346.5545,110968.43960000001,111920.36292652322,111486.94166489648,433.4212616267323,307.8638321295459,66.95029251851486,0.004191887821048479,111346.5545,112990.04416050577,109703.06483949423
2025-09-09 12:00:00,112433.59,112950.0,110766.66,110880.76,4662.13241,110880.76,111349.3125,110997.395,111760.42401475042,111442.03931929909,318.3846954513283,309.9680047939024,50.94307762949355,0.005265402394427262,111349.3125,112989.30258654126,109709.32241345874
2025-09-09 16:00:00,110880.76,111388.04,110788.0,111301.53,2121.49527,111301.53,111375.33799999999,111047.76800000001,111689.82493555805,111431.63122156261,258.1937139954389,299.6131466342097,50.070853986516596,0.005330168319203955,111375.33799999999,112993.73394514702,109756.94205485296
2025-09-09 20:00:00,111301.53,111745.69,111090.07,111546.39,1748.3698,111546.39,111433.45,111103.0092,111667.75802239528,111440.13187182526,227.62615057002404,285.2157474213726,51.581788093024294,0.005267926754170791,111433.45,112984.03500756496,109882.86499243503
2025-09-10 00:00:00,111546.38,111586.26,110917.45,111545.88,1667.04272,111545.88,111508.82349999998,111149.57399999998,111649.0075574114,111447.96506651171,201.0424908996938,268.38109611703686,52.111176259476245,0.005199247344277905,111508.82349999998,112913.58019181983,110104.06680818014
2025-09-10 04:00:00,111545.88,112602.35,111372.42,112553.65,2477.2586,112553.65,111627.1075,111215.8986,111788.18331780964,111529.86765424388,258.31566356576513,266.3680096067825,59.24968554034161,0.0055240976336980085,111627.1075,112960.13395994036,110294.08104005964
2025-09-10 08:00:00,112553.65,112859.8,112097.2,112299.99,2579.59736,112299.99,111710.64950000001,111255.4548,111866.9228073774,111586.91375397233,280.0090534050687,269.09621836643976,57.974265185151154,0.005526818408202467,111710.64950000001,112988.62686579091,110432.67213420912
2025-09-10 12:00:00,112300.0,114313.13,112299.99,113853.99,6630.72074,113853.99,111865.67799999999,111327.8562,112172.62545239626,111754.84532786884,417.7801245274168,298.8329995986352,64.06317280391343,0.006253741732814716,111865.67799999999,113384.31781159915,110347.03818840082
2025-09-10 16:00:00,113853.99,114074.46,113155.03,113574.52,2628.46871,113574.52,111979.79749999999,111404.6798,112388.30153664299,111889.63604440971,498.66549223328184,338.7994981255645,58.7905151214487,0.006254503462230201,111979.79749999999,113652.20428346672,110307.39071653325
2025-09-10 20:00:00,113574.53,114025.78,113528.01,113960.0,1534.3301,113960.0,112111.298,111467.2964,112630.10130023636,112042.99633750776,587.1049627285975,388.46059104617115,57.84671770011569,0.006273918650255511,112111.298,113971.60870741178,110250.98729258821
2025-09-11 00:00:00,113960.0,114434.23,113669.82,114400.01,1596.62879,114400.01,112268.299,111539.1766,112902.39494635384,112217.58994223313,684.8050041207171,447.72947366108036,63.75682554096522,0.006285851569760257,112268.299,114343.67248251179,110192.92551748821
2025-09-11 04:00:00,114400.01,114459.65,113957.2,114083.58,1954.14285,114083.58,112415.611,111596.04800000001,113084.11572383785,112355.81142806423,728.3042957736179,503.84443808358793,61.66184211286575,0.006331706015043215,112415.611,114569.73761647056,110261.48438352945
2025-09-11 08:00:00,114083.58,114200.0,113776.0,113999.99,1512.60333,113999.99,112563.005,111654.9676,113225.01945863203,112477.6024334504,747.4170251816249,552.5589555031954,63.67534167620334,0.006331115364582194,112563.005,114727.69114683433,110398.31885316568
2025-09-11 12:00:00,113999.99,114715.02,113430.0,114180.31,5143.69337,114180.31,112708.001,111716.5762,113371.98723422708,112603.72891991671,768.2583143103693,595.6988272646303,58.1707025485007,0.006329142645692547,112708.001,114899.27371200953,110516.72828799048
2025-09-11 16:00:00,114180.32,114605.54,114102.0,114419.99,1437.71411,114419.99,112826.379,111776.2206,113533.21842896137,112738.26677775521,794.9516512061527,635.5493920529348,64.27138624417707,0.006193568442988315,112826.379,115121.8586517361,110530.8993482639
2025-09-11 20:00:00,114420.0,115488.09,114246.04,115482.69,2031.94874,115482.69,112968.926,111841.41960000001,113833.1371321981,112941.55738688669,891.5797453114064,686.7554627046292,85.56772423387594,0.006402161265455658,112968.926,115549.84962849914,110388.00237150087
2025-09-12 00:00:00,115482.69,116331.81,115045.45,115194.14,3703.00155,115194.14,113123.76749999999,111901.4276,114042.52218878301,113108.41535828641,934.1068304966029,736.225736263024,80.71320476627085,0.006310122362399285,113123.76749999999,115851.90113149259,110395.63386850739
2025-09-12 04:00:00,115194.14,115656.87,115086.7,115086.7,1630.41759,115086.7,113274.84099999999,111969.0474,114203.16492897025,113254.95496142347,948.2099675467762,778.6225825197746,78.5526831526501,0.006320766957578248,113274.84099999999,116089.42802556184,110460.25397443814
2025-09-12 08:00:00,115086.7,115273.12,114888.01,114913.45,1958.78975,114913.45,113435.1135,112044.33700000001,114312.43955528252,113377.80644579907,934.6331094834459,809.8246879125089,76.4232975275998,0.006268176070063576,113435.1135,116239.07043493718,110631.15656506283
2025-09-12 12:00:00,114913.45,115500.95,114740.99,115121.18,2042.13901,115121.18,113541.617,112137.49339999999,114436.86116216211,113506.94522762735,929.915934534758,833.8429372369587,73.0382911216355,0.005807987626302657,113541.617,116434.95417597156,110648.27982402843
2025-09-12 16:00:00,115121.18,116665.63,115030.3,116632.51,3863.84437,116632.51,113751.56300000001,112253.9436,114774.65329106024,113738.46854415855,1036.1847469016939,874.3112991699059,81.71693035704351,0.006233542174777993,113751.56300000001,116904.1225052519,110599.00349474812
2025-09-12 20:00:00,116632.51,116632.51,115752.68,116029.42,2125.91492,116029.42,114008.996,112384.3258,114967.69432320482,113908.16865203879,1059.5256711660331,911.3541735691313,68.50148067636549,0.005323807992943674,114008.996,117011.80825976383,111006.18374023617
2025-09-13 00:00:00,116029.41,116298.78,115576.26,115957.0,2254.31226,115957.0,114241.76950000001,112507.466,115119.89519655793,114059.93393710621,1059.961259451724,941.07559074565,71.00204160069964,0.005349502923569678,114241.76950000001,117078.0333273434,111405.50567265663
2025-09-13 04:00:00,115957.0,115957.01,115657.81,115778.71,1062.2047,115778.71,114453.3855,112608.4228,115221.25132016439,114187.25068253158,1034.0006376328092,959.6606001230818,66.64013336187965,0.005409465296344478,114453.3855,117065.59783880642,111841.17316119358
2025-09-13 08:00:00,115778.72,116166.71,115767.33,115974.11,1228.90503,115974.11,114674.79699999999,112701.66960000001,115337.07573244678,114319.61063199854,1017.4651004482439,971.2215001881144,65.07695077985233,0.00539168171152037,114674.79699999999,116982.26345821709,112367.3305417829
2025-09-13 12:00:00,115974.11,116060.0,115603.98,115768.68,1373.33567,115768.68,114835.5485,112757.9568,115403.47638899344,114426.94910372101,976.5272852724302,972.2826572049777,66.49077549997843,0.005183051016504242,114835.5485,116961.64704908847,112709.44995091154
2025-09-13 16:00:00,115768.68,115817.37,115127.27,115797.12,1589.96184,115797.12,115010.405,112826.8192,115464.0369445329,114528.44324420247,935.593700330428,964.9448658300678,67.77903748859822,0.005119507248504787,115010.405,116808.38447256692,113212.42552743308
2025-09-13 20:00:00,115797.12,115991.29,115797.11,115918.29,760.68444,115918.29,115113.62000000002,112930.8486,115533.9220299894,114631.39485575838,902.5271742310142,952.4613275102572,67.39747583544877,0.004223843419063408,115113.62000000002,116868.57456048045,113358.6654395196
2025-09-14 00:00:00,115918.29,116109.0,115651.99,115679.98,879.64203,115679.98,115218.89300000001,113012.1574,115556.39248691409,114709.06782941663,847.3246574974619,931.4339935076983,62.61617486557653,0.004208049308326199,115218.89300000001,116831.97425670216,113605.81174329786
2025-09-14 04:00:00,115679.99,115936.0,115449.59,115805.39,914.78349,115805.39,115311.1625,113115.0654,115594.69979661962,114790.27687909984,804.4229175197834,906.0317783101154,53.97780221188974,0.004168290871759825,115311.1625,116829.37071340182,113792.9542865982
2025-09-14 08:00:00,115805.39,116165.19,115748.78,115794.91,840.40714,115794.91,115380.9075,113209.3192,115625.50136637046,114864.69414732346,760.8072190469975,876.9868664574918,57.950500107194266,0.004109378570933205,115380.9075,116850.24801203028,113911.56698796972
2025-09-14 12:00:00,115794.92,115878.49,115141.8,115224.01,2036.51269,115224.01,115437.929,113297.2874,115563.73346385192,114891.31013641352,672.4233274384023,836.074158653674,51.61859182157884,0.004229805077589598,115437.929,116778.12509487402,114097.73290512599
2025-09-14 16:00:00,115224.01,115657.5,115193.9,115634.99,869.12927,115634.99,115519.679,113394.3668,115574.69600787469,114946.39753372181,628.298474152878,794.5190217535148,58.05401640405599,0.004272582178666019,115519.679,116677.63542954113,114361.72257045888
2025-09-14 20:00:00,115634.99,116087.35,115135.0,115268.01,1167.12735,115268.01,115574.06400000001,113492.04400000001,115527.51354512475,114970.22067937428,557.2928657504672,747.0737905529054,51.582687129605084,0.004353701450679905,115574.06400000001,116555.93901544638,114592.18898455365
2025-09-15 00:00:00,115268.01,115594.9,114825.0,115445.45,1291.49944,115445.45,115625.33699999998,113600.1848,115514.88838433631,115005.42285127554,509.4655330607784,699.5521390544801,32.040039458474936,0.004344555612084276,115625.33699999998,116447.5867310799,114803.08726892008
2025-09-15 04:00:00,115445.46,116757.99,115400.0,115806.62,2645.45158,115806.62,115641.53349999999,113712.55780000001,115559.77017136151,115064.77078822287,494.9993831386382,658.6415878713118,46.36282902684452,0.0038788478864443562,115641.53349999999,116464.71324931292,114818.35375068706
2025-09-15 08:00:00,115806.62,115806.62,114625.87,115070.0,3497.27876,115070.0,115635.32650000001,113801.3748,115484.42091422896,115065.15813724343,419.2627769855317,610.7658256941559,38.10041266212691,0.004106932878257369,115635.32650000001,116474.42844277789,114796.22455722213
2025-09-15 12:00:00,115070.01,115099.0,114384.0,114842.9,2995.41636,114842.9,115623.1365,113883.1644,115385.72538896296,115048.69457152055,337.03081744241354,556.0188240438074,37.607890185733936,0.004125315862576022,115623.1365,116501.94120660583,114744.33179339416
2025-09-15 16:00:00,114842.9,115570.0,114600.0,115307.78,1872.69025,115307.78,115642.85299999997,113963.4774,115373.73379066098,115067.88608474248,305.8477059184952,505.98460041874495,41.7641664050469,0.0042115904681652334,115642.85299999997,116470.84157353411,114814.86442646584
2025-09-15 20:00:00,115307.78,115605.07,115200.07,115349.71,910.1751,115349.71,115654.27950000002,114043.8718,115370.03782286697,115088.76193031835,281.27589254862687,461.04285884472137,44.603419538823616,0.004194554919880163,115654.27950000002,116457.9045659572,114850.65443404284
2025-09-16 00:00:00,115349.71,115520.0,114945.01,115307.25,864.47636,115307.25,115588.0165,114124.817,115360.37815781051,115104.94623177712,255.43192603338684,419.92067228245446,43.712893016379184,0.002864228199765335,115588.0165,116259.74510761573,114916.28789238427
2025-09-16 04:00:00,115307.26,116009.62,114930.0,115840.0,1899.99942,115840.0,115578.54550000001,114218.87019999999,115434.16613353197,115159.39465905566,274.77147447630705,390.890832721225,49.09121722798628,0.0028727163997643575,115578.54550000001,116229.07668676235,114928.01431323767
2025-09-16 08:00:00,115839.99,115981.17,115206.15,115287.83,1345.53241,115287.83,115545.08699999998,114303.5846,115411.65288221935,115168.90838801494,242.74449420440942,361.2615650178619,45.75711871411983,0.00305757614230306,115545.08699999998,116182.35992136337,114907.8140786366
2025-09-16 12:00:00,115287.84,115905.89,114737.11,115905.88,2622.65829,115905.88,115551.4455,114396.0944,115487.68782341637,115223.498877794,264.18894562237256,341.8470411387641,50.98251631334933,0.003289163706248842,115551.4455,116200.95348539954,114901.93751460046
2025-09-16 16:00:00,115905.88,116870.76,115608.28,116800.12,2955.38019,116800.12,115592.746,114491.0482,115689.60046596771,115340.28562759173,349.3148383759835,343.34060058620804,58.38000423497778,0.0036970079101980753,115592.746,116432.578823101,114752.913176899
2025-09-16 20:00:00,116800.13,116964.27,116584.45,116788.96,1238.86273,116788.96,115643.76000000001,114574.1924,115858.73270197268,115447.59484036671,411.13786160596646,356.90005279015975,64.38920692248709,0.0036649782483458193,115643.76000000001,116638.29164418654,114649.22835581348
2025-09-17 00:00:00,116788.96,117077.16,116371.81,116372.04,1657.75299,116372.04,115672.50599999998,114659.68699999999,115937.70305551535,115516.07225960118,421.63079591417045,369.8462014149619,56.769540786242004,0.0037736077741019965,115672.50599999998,116717.64899974487,114627.36300025509
2025-09-17 04:00:00,116372.05,117286.73,116160.22,117162.48,2485.03317,117162.48,115734.71549999998,114761.632,116126.13027774375,115638.0283885235,488.10188922025554,393.49733897602067,66.14422573811252,0.004045977293176865,115734.71549999998,116971.92379929956,114497.50720070039
2025-09-17 08:00:00,117162.48,117189.86,116253.27,116258.13,1655.0881,116258.13,115763.62299999999,114852.6346,116146.43792732163,115683.9618412268,462.47608609482995,407.29308839978256,56.16204445091479,0.004418344507827103,115763.62299999999,117022.27764332609,114504.9683566739
2025-09-17 12:00:00,116258.12,116516.93,115432.0,115875.32,2848.33061,115875.32,115767.1195,114910.3188,116104.72747696447,115698.13651965484,406.5909573096287,407.15266218175185,50.519205306021355,0.004483221331559628,115767.1195,117026.65090035784,114507.58809964216
2025-09-17 16:00:00,115875.33,116333.33,114720.81,115652.02,5738.81221,115652.02,115759.975,114974.6874,116035.08017281609,115694.7204811618,340.3596916542883,393.7940680762592,54.76865446632235,0.004504786315074681,115759.975,117020.46334402177,114499.48665597824
2025-09-17 20:00:00,115652.02,116990.68,115307.33,116447.59,2369.22832,116447.59,115821.15400000001,115086.024,116098.54322315207,115750.48859366965,348.0546294824162,384.6461803574906,62.027303130101366,0.004604571598675783,115821.15400000001,117090.85310375817,114551.45489624185
2025-09-18 00:00:00,116447.6,117896.0,116092.76,117581.66,3081.68078,117581.66,115918.4875,115211.6266,116326.71503497484,115886.13092006743,440.5841149074113,395.8337672674748,65.48918152316963,0.005007431470256594,115918.4875,117407.59837944561,114429.3766205544
2025-09-18 04:00:00,117581.67,117750.0,116888.02,117086.01,1789.62789,117086.01,116009.3875,115322.41900000001,116443.52964497871,115975.01085191607,468.51879306264163,410.37077242650827,61.138782182054186,0.005056631887205349,116009.3875,117552.29145127574,114466.48354872425
2025-09-18 08:00:00,117086.01,117413.04,117010.59,117063.4,1165.75229,117063.4,116090.285,115432.76940000002,116538.894314982,116055.63227029415,483.2620446878427,424.94902687877527,61.29489110622591,0.005058046111241025,116090.285,117677.71281682365,114502.85718317635
2025-09-18 12:00:00,117063.41,117843.83,116977.59,117583.56,2416.33194,117583.56,116179.13200000001,115533.3676,116699.61211267706,116168.81210212618,530.8000105508836,446.119223613197,61.232107195774,0.005099536206423251,116179.13200000001,117893.54042673849,114464.72357326154
2025-09-18 16:00:00,117583.56,117900.0,117196.33,117450.21,1828.6235,117450.21,116298.1425,115636.37199999999,116815.08871072673,116263.73046493316,551.35824579357,467.1670280492716,64.72473265892022,0.004842084887835232,116298.1425,118018.81419940584,114577.47080059416
2025-09-18 20:00:00,117450.21,117657.17,116612.03,117073.53,1375.21725,117073.53,116409.674,115700.76280000001,116854.84890907648,116323.71561567974,531.1332933967351,479.9602811187644,58.22137042320357,0.004890048584274487,116409.674,118018.73304133619,114800.6149586638
2025-09-19 00:00:00,117073.53,117459.99,116871.61,116977.58,1326.38784,116977.58,116493.16400000002,115768.82400000001,116873.7306153724,116372.15001451895,501.5806008534564,484.28434506570284,51.40773787803312,0.004849951739981465,116493.16400000002,118033.2954009903,114953.03259900973
2025-09-19 04:00:00,116977.58,117100.0,116633.86,116909.97,1538.09106,116909.97,116571.177,115827.8234,116879.30590531511,116411.98853196249,467.31737335262005,480.8909507230863,50.95141576263427,0.004858261439417992,116571.177,118022.96661116365,115119.38738883635
2025-09-19 08:00:00,116909.98,117090.36,116300.0,116394.72,1243.82831,116394.72,116625.55049999998,115867.7176,116804.75422757432,116410.70938144674,394.04484612758097,463.52172980398524,50.175601598067516,0.004986523909090756,116625.55049999998,117954.26481075448,115296.83618924549
2025-09-19 12:00:00,116394.72,116529.08,115464.19,115884.03,2657.87565,115884.03,116627.75200000001,115903.7266,116663.10434640905,116371.69609393175,291.4082524772966,429.0990343386475,39.653288659042936,0.00499978854794297,116627.75200000001,117951.12124870162,115304.3827512984
2025-09-19 16:00:00,115884.03,116136.0,115112.58,115125.12,1413.65495,115125.12,116619.6165,115926.2292,116426.49137003843,116279.35712400996,147.13424602847954,372.7060766766139,40.60928851691053,0.005104578393370989,116619.6165,117979.17467390318,115260.05832609683
2025-09-19 20:00:00,115125.13,115657.28,115100.0,115632.38,812.25284,115632.38,116605.9415,115955.2706,116304.32039003253,116231.43289260135,72.8874974311766,312.74236082752645,48.02714282465981,0.005055458568288876,116605.9415,118000.77169431176,115211.11130568825
2025-09-20 00:00:00,115632.39,115730.41,115408.47,115445.0,717.06298,115445.0,116538.18549999999,115975.7708,116172.11725310446,116173.17860426001,-1.061351155556622,249.98161843090983,48.308975125548486,0.004714814079406141,116538.18549999999,118022.10852984655,115054.26247015344
2025-09-20 04:00:00,115445.0,115985.2,115409.08,115968.56,759.46126,115968.56,116497.1655,115985.48819999998,116140.80075262685,116158.02167061101,-17.220917984159314,196.541111147896,45.90511751320285,0.004851212368807355,116497.1655,117997.16995299813,114997.16104700188
2025-09-20 08:00:00,115968.56,115968.57,115664.11,115894.06,793.04586,115894.06,116473.2665,115999.4866,116102.8406368381,116138.46895426931,-35.628317431212054,150.1072254320744,32.382515304119835,0.004792478970352625,116473.2665,117996.71273622526,114949.82026377473
2025-09-20 12:00:00,115894.05,116121.81,115804.47,115986.69,836.91424,115986.69,116414.477,116017.4864,116084.97130809378,116127.2260687678,-42.25476067402633,111.63482821085424,37.46939501292606,0.004511741130879771,116414.477,117916.5343540274,114912.4196459726
2025-09-20 16:00:00,115986.7,116079.46,115698.08,115702.0,898.20806,115702.0,116386.67049999998,116033.25739999999,116026.05264531012,116095.72784145147,-69.67519614135381,75.37282334041262,35.35694464163572,0.004211679261807402,116386.67049999998,117921.15498140987,114852.18601859009
2025-09-20 20:00:00,115702.0,115944.7,115603.42,115685.63,670.23512,115685.63,116377.18600000002,116044.5464,115973.67993064702,116065.35022356601,-91.67029291899235,41.96420008853162,27.10485110366426,0.00414960813965274,116377.18600000002,117927.24418542757,114827.12781457246
2025-09-21 00:00:00,115685.63,115732.94,115441.83,115669.41,919.05922,115669.41,116378.05549999999,116025.28439999999,115926.86917208595,116036.02131811652,-109.15214603056666,11.740930864711958,27.89309034933099,0.004126778304581425,116378.05549999999,117926.41951367562,114829.69148632436
2025-09-21 04:00:00,115669.42,115815.98,115487.56,115815.97,806.9398,115815.97,116346.47450000001,116021.0154,115909.80776099581,116019.72122047817,-109.91345948235539,-12.58994720470152,33.442613453831214,0.003814520866120588,116346.47450000001,117914.5075075686,114778.44149243142
2025-09-21 08:00:00,115815.98,115819.06,115329.03,115603.45,786.85295,115603.45,116247.56399999998,116013.9444,115862.67579776567,115988.88631525742,-126.2105174917524,-35.31406126211171,32.44663592350834,0.003010071237198048,116247.56399999998,117735.03392071498,114760.09407928499
2025-09-21 12:00:00,115603.45,115747.23,115473.19,115531.61,671.3204,115531.61,116169.844,116009.0024,115811.74259810941,115955.01399560859,-143.27139749917842,-56.905528509525055,32.41160887917974,0.0029035864809691127,116169.844,117635.12519098447,114704.56280901552
2025-09-21 16:00:00,115531.62,115665.52,115209.02,115480.05,781.11646,115480.05,116090.67649999999,115999.1212,115760.71296763104,115919.83147741522,-159.1185097841808,-77.3481247644562,36.76190917274787,0.0029019768883099344,116090.67649999999,117523.41448811379,114657.93851188618
2025-09-21 20:00:00,115480.05,115545.43,115188.0,115232.29,546.23336,115232.29,115973.11299999998,115988.3934,115679.41712645703,115868.90247908798,-189.48535263094527,-99.77557033775403,39.790272451562764,0.002653494413173298,115973.11299999998,117269.44051591323,114676.78548408674
2025-09-22 00:00:00,115232.29,115379.25,114150.0,114649.89,3078.59053,114649.89,115833.097,115965.44880000001,115521.02833777133,115778.60525841446,-257.5769206431287,-131.335840398829,42.11955890887996,0.0028039584667698806,115833.097,117060.77969864642,114605.41430135356
2025-09-22 04:00:00,114649.89,114649.9,111800.0,112519.99,7290.80289,112519.99,115605.42,115897.4828,115059.33013196036,115537.22635038299,-477.8962184226257,-200.64791600358836,16.446056288527757,0.004787322948332123,115605.42,117415.36274291636,113795.47725708364
2025-09-22 08:00:00,112520.0,112976.02,112173.52,112876.97,3052.23045,112876.97,115400.3895,115841.42259999999,114723.58241935108,115340.17032442812,-616.5879050770454,-283.83591381827983,23.291364100601314,0.004919251208749533,115400.3895,117466.72909089693,113334.04990910308
2025-09-22 12:00:00,112876.97,113432.76,112380.0,112815.5,3313.50245,112815.5,115195.66600000001,115781.6248,114430.03127791245,115153.15770780332,-723.1264298908645,-371.6940170327968,13.719565517558777,0.0049196831760002935,115195.66600000001,117436.2459489135,112955.08605108652
2025-09-22 16:00:00,112815.5,112888.0,111936.4,112122.9,2731.51753,112122.9,114982.075,115708.1846,114075.08800438746,114928.69417389137,-853.6061695039098,-468.0764475270194,12.011080890500608,0.004983392307637803,114982.075,117534.17139319342,112429.97860680657
2025-09-22 20:00:00,112122.9,112977.41,111975.28,112650.99,1315.06971,112650.99,114820.423,115656.7242,113855.99600371247,114759.97534619532,-903.9793424828531,-555.2570265181862,19.107939306829536,0.0051524802212662615,114820.423,117536.28238996677,112104.56361003322
2025-09-23 00:00:00,112650.99,112833.09,111478.0,112339.99,2398.09582,112339.99,114681.1665,115590.8242,113622.76431083363,114580.71717240268,-957.9528615690506,-635.7961935283591,19.0152748158157,0.005021240633008737,114681.1665,117608.6172762025,111753.71572379752
2025-09-23 04:00:00,112339.99,113114.01,111876.15,113090.13,2504.81638,113090.13,114554.054,115547.2666,113540.82057070539,114470.30330778005,-929.4827370746643,-694.5335022376203,28.929346131864733,0.005178212669144071,114554.054,117528.0035798754,111580.10442012461
2025-09-23 08:00:00,113090.13,113281.5,112683.33,112975.99,1814.57634,112975.99,114430.60350000001,115497.8774,113453.92355982763,114359.61343312947,-905.6898733018461,-736.7647764504655,28.476608448831414,0.00517677084282821,114430.60350000001,117453.41108955434,111407.79591044568
2025-09-23 12:00:00,112975.99,113290.5,112496.61,112882.19,1948.83266,112882.19,114276.285,115439.38879999999,113365.9645506234,114250.17466030487,-884.2101096814731,-766.2538430966672,26.35650043518912,0.005007399765111615,114276.285,117283.59109888,111268.97890112
2025-09-23 16:00:00,112882.2,112958.58,111540.2,111655.29,2394.18192,111655.29,114064.34650000001,115371.0946,113102.78385052748,114057.96098176346,-955.1771312359779,-804.0385007245294,22.652793208636638,0.005436601666430311,114064.34650000001,117186.84676850846,110941.84623149157
2025-09-23 20:00:00,111655.29,112220.54,111458.73,111998.8,1240.81718,111998.8,113864.952,115314.2126,112932.94018121557,113905.43053866965,-972.4903574540804,-837.7288720704396,26.417275791862863,0.0055181794262670674,113864.952,116979.88892194416,110750.01507805585
2025-09-24 00:00:00,111998.8,112500.0,111683.09,111683.09,2848.03309,111683.09,113664.00650000002,115241.7188,112740.65553795162,113740.8127209902,-1000.1571830385801,-870.2145342640679,25.517383678943645,0.005521286497755772,113664.00650000002,116798.42146882816,110529.59153117187
2025-09-24 04:00:00,111683.1,112779.37,111042.66,112583.54,2905.68984,112583.54,113508.902,115186.39540000001,112716.4839167283,113655.08881573156,-938.6048990032577,-883.8926072119058,34.24692729588959,0.005936352385186861,113508.902,116526.95103341043,110490.85296658958
2025-09-24 08:00:00,112583.54,113162.17,112405.62,113029.46,1567.72874,113029.46,113376.90450000002,115140.8396,112764.63408338548,113608.74594049214,-844.1118571066618,-875.936457190857,40.2036850969881,0.006049766612081694,113376.90450000002,116223.122595039,110530.68640496103
2025-09-24 12:00:00,113029.45,113890.0,112808.0,113346.41,2535.05067,113346.41,113253.42649999999,115090.9678,112854.13807055696,113589.31364860381,-735.175578046852,-847.7842813620562,56.39875744464707,0.0060915230973674,113253.42649999999,115858.13886650499,110648.71413349498
2025-09-24 16:00:00,113346.4,113940.0,113163.21,113420.01,1318.69585,113420.01,113144.25450000001,115053.61140000001,112941.19529047128,113576.7726375961,-635.5773471248249,-805.3428945146101,54.39759777658277,0.006100198424256364,113144.25450000001,115505.93410005738,110782.57489994264
2025-09-24 20:00:00,113420.0,113647.58,113204.71,113307.0,1194.06148,113307.0,113033.024,115001.63380000001,112997.47293809109,113556.78947925563,-559.3165411645459,-756.1376238445973,53.947271202829484,0.006099759643428935,113033.024,115114.15958905195,110951.88841094806
2025-09-25 00:00:00,113307.01,113510.23,112214.74,112546.21,3049.61418,112546.21,112886.33200000001,114916.5556,112928.04787069245,113481.93174005144,-553.8838693589933,-715.6868729474766,53.362800503971314,0.006231902137406845,112886.33200000001,114626.962625814,111145.70137418601
2025-09-25 04:00:00,112546.22,112614.43,111450.42,111766.72,2930.2095,111766.72,112713.0535,114816.1108,112749.38204443207,113354.87901856605,-605.4969741339737,-693.648893184776,43.24511375146858,0.00635776285019255,112713.0535,114130.31768851784,111295.78931148215
2025-09-25 08:00:00,111766.73,112246.46,111283.63,111348.0,2287.76235,111348.0,112547.95899999999,114715.63,112533.78480682714,113206.22131348697,-672.4365066598257,-689.4064158797861,42.54493749558476,0.006325999802350395,112547.95899999999,113771.23682331227,111324.6811766877
2025-09-25 12:00:00,111347.99,111729.52,110629.99,111580.77,4734.75828,111580.77,112500.99799999999,114603.9958,112387.16714423835,113085.81751248785,-698.6503682494949,-691.2552063537279,37.70030118518329,0.004908646616043687,112500.99799999999,113798.64823209977,111203.34776790021
2025-09-25 16:00:00,111580.77,111672.58,108631.51,109360.0,6129.42446,109360.0,112325.14949999998,114466.03319999999,111921.44912204784,112809.83103008117,-888.3819080333342,-730.6805466896492,28.064675415747175,0.006482464938672149,112325.14949999998,114222.76940455634,110427.52959544363
2025-09-25 20:00:00,109360.0,109685.72,108765.0,108994.49,2099.3808,108994.49,112134.099,114328.4166,111471.14771865586,112527.21317600092,-1056.0654573450593,-795.7575288207313,27.16904898932367,0.0064895513695402175,112134.099,114528.27656041982,109739.92143958018
2025-09-26 00:00:00,108994.49,109798.84,108809.24,109580.01,2323.19574,109580.01,112006.95449999999,114206.97639999999,111180.20345424727,112308.90182963035,-1128.6983753830864,-862.3456981332024,36.81980306679268,0.006584992700928123,112006.95449999999,114659.7520355164,109354.15696448358
2025-09-26 04:00:00,109580.0,109625.94,108913.0,109320.02,3055.89804,109320.02,111840.40599999999,114064.425,110894.02138436308,112087.50317558355,-1193.4817912204744,-928.5729167506568,32.80452421301287,0.006443574147083068,111840.40599999999,114730.58564679608,108950.22635320389
2025-09-26 08:00:00,109320.02,109690.98,108620.07,109133.5,2675.46214,109133.5,111680.0815,113895.46179999999,110623.1719406149,111868.68812554023,-1245.51618492532,-991.9615703855895,33.35778935014443,0.006436851565944392,111680.0815,114800.17206447027,108559.99093552973
2025-09-26 12:00:00,109133.5,109779.73,108764.76,109027.78,3241.9244,109027.78,111476.964,113734.2972,110377.72702667415,111658.25048661124,-1280.5234599370888,-1049.6739482958897,24.103314067306783,0.006150878147152172,111476.964,114736.36066578058,108217.56733421943
2025-09-26 16:00:00,109027.79,110300.0,109027.78,109172.2,2093.42859,109172.2,111286.77449999998,113576.47319999998,110192.26133026273,111474.09859871403,-1281.8372684513015,-1096.106612326972,20.617083448866154,0.006188878220585138,111286.77449999998,114620.93055030864,107952.61844969133
2025-09-26 20:00:00,109172.21,109687.69,109087.57,109643.46,853.107,109643.46,111124.83800000002,113417.67120000001,110107.83035637614,111338.49573954998,-1230.6653831738367,-1123.018366496345,22.44045554614476,0.00633198157908288,111124.83800000002,114447.31320365294,107802.3627963471
2025-09-27 00:00:00,109643.46,109743.91,109324.42,109553.77,1041.65919,109553.77,111019.76200000002,113259.7424,110022.59030154905,111206.2938329166,-1183.7035313675588,-1135.1553994705878,21.29390660778303,0.005929960888895302,111019.76200000002,114403.95289437687,107635.57110562317
2025-09-27 04:00:00,109553.77,109742.27,109332.02,109411.2,908.84116,109411.2,110890.38200000001,113106.4958,109928.53025515689,111073.32391936718,-1144.7936642102868,-1137.0830524185276,21.20084450318906,0.00585449621805399,110890.38200000001,114314.59072641964,107466.17327358038
2025-09-27 08:00:00,109411.19,109477.69,109064.4,109310.21,1356.29029,109310.21,110771.73799999998,112953.1484,109833.40406205584,110942.7228883029,-1109.3188262470649,-1131.530207184235,23.492531053712867,0.005841414753931618,110771.73799999998,114244.39071761543,107299.08528238453
2025-09-27 12:00:00,109310.22,109477.59,109193.0,109402.24,1151.38343,109402.24,110612.673,112802.99380000001,109767.07112943186,110828.61304472487,-1061.5419152930117,-1117.5325488059905,28.173278586831316,0.005458721044148756,110612.673,114026.84223891623,107198.50376108376
2025-09-27 16:00:00,109402.25,109440.0,109243.89,109424.2,590.81859,109424.2,110432.40999999999,112663.5834,109714.32172490387,110724.58244881929,-1010.2607239154167,-1096.0781838278758,30.837576597897808,0.00532688182885804,110432.40999999999,113686.24445853294,107178.57554146704
2025-09-27 20:00:00,109424.21,109699.98,109362.72,109635.85,452.79377,109635.85,110246.88200000001,112538.6198,109702.24915184172,110643.93560075857,-941.6864489168511,-1065.199836845671,30.54535269875562,0.005292416976100005,110246.88200000001,113211.41028606643,107282.3537139336
2025-09-28 00:00:00,109635.85,109787.75,109325.05,109436.0,822.14827,109436.0,110047.68149999999,112424.8374,109661.28774386608,110554.45888959125,-893.1711457251658,-1030.79409862157,51.27616130678918,0.005264699432645862,110047.68149999999,112624.50959239133,107470.85340760865
2025-09-28 04:00:00,109436.0,109537.8,109260.0,109513.06,569.05076,109513.06,109857.98449999999,112302.451,109638.48347557899,110477.318231103,-838.8347555240034,-992.4022300020566,59.64160744897226,0.0052915661741630825,109857.98449999999,111934.57930181484,107781.38969818514
2025-09-28 08:00:00,109513.06,109585.39,109250.0,109369.02,862.93461,109369.02,109699.125,112180.9314,109597.02755625916,110395.22206583609,-798.1945095769333,-953.5606859170321,45.306639973306844,0.00515766794005377,109699.125,111352.89081365684,108045.35918634316
2025-09-28 12:00:00,109369.02,110037.93,109189.99,110037.93,1349.20291,110037.93,109612.68549999999,112062.31880000001,109664.85870145004,110368.75598688525,-703.8972854352178,-903.6280058206692,63.51146359916718,0.005248309003752741,109612.68549999999,110964.59451992933,108260.77648007065
2025-09-28 16:00:00,110037.92,110393.63,110008.54,110337.6,1215.77694,110337.6,109562.1655,111951.18959999998,109768.35736276541,110366.44813600487,-598.0907732394553,-842.5205593044265,71.73606949188039,0.005254317891489904,109562.1655,110699.52298226362,108424.80801773639
2025-09-28 20:00:00,110337.61,112350.0,110294.78,112163.95,2723.21811,112163.95,109591.32450000002,111874.7348,110136.9100761861,110499.59642222675,-362.68634604064573,-746.5537166516704,84.92044227193266,0.006474648545170913,109591.32450000002,110954.14110449697,108228.50789550306
2025-09-29 00:00:00,112163.96,112310.0,111588.07,111857.51,2297.47362,111857.51,109716.2,111797.845,110401.61775677287,110600.18261317293,-198.5648564000585,-636.955944601348,78.85897168600762,0.004492470154651217,109716.2,111407.80379205778,108024.59620794222
2025-09-29 04:00:00,111857.51,111904.34,111560.65,111865.95,1831.36016,111865.95,109859.773,111721.45139999999,110626.89964034628,110693.94316034533,-67.04351999904611,-522.9734596808877,76.52357595503197,0.0043765377302139655,109859.773,111767.12893846647,107952.41706153353
2025-09-29 08:00:00,111865.96,112421.99,111865.95,112100.0,2126.24195,112100.0,109985.7725,111650.0632,110853.53046490838,110798.09551883828,55.43494607010507,-407.2917785306891,79.37498990542245,0.004276632476227737,109985.7725,112133.1510196384,107838.39398036161
2025-09-29 12:00:00,112100.0,114231.56,111901.26,113815.57,5064.79852,113815.57,110210.55,111610.0552,111309.22885492248,111021.61214707252,287.6167078499566,-268.31008125456,87.28087475728003,0.005231194259144391,110210.55,112929.56638236665,107491.53361763335
2025-09-29 16:00:00,113815.57,114390.93,113449.74,114265.55,2716.40525,114265.55,110467.1525,111583.2972,111764.04749262672,111261.903839882,502.1436527447222,-114.21933445470349,89.60469948849102,0.005171190326183324,110467.1525,113681.69443686563,107252.61056313437
2025-09-29 20:00:00,114265.56,114400.0,114020.0,114311.96,1504.84055,114311.96,110731.3615,111558.9042,112156.03403222261,111487.83392581668,668.2001064059295,42.26455371742317,89.52833804050636,0.005134276396541104,110731.3615,114297.21425718248,107165.50874281752
2025-09-30 00:00:00,114311.97,114792.0,114040.35,114376.39,2494.38118,114376.39,110991.571,111536.83100000002,112497.62725803452,111701.80104242286,795.8262156116689,192.97688609627238,89.59946264503385,0.00514532995748984,110991.571,114827.65374601986,107155.48825398013
2025-09-30 04:00:00,114376.39,114376.4,113585.0,113699.23,2326.82117,113699.23,111194.35949999999,111506.1698,112682.4892183369,111849.75874298414,832.7304753527569,320.92760394756937,80.24086235331234,0.00543950212089076,111194.35949999999,115157.08907336743,107231.62992663255
2025-09-30 08:00:00,113699.24,113741.37,112656.27,113055.01,2869.29172,113055.01,111369.42150000001,111474.27219999999,112739.80010782354,111939.03661387421,800.7634939493291,416.89478194792133,75.26278388268159,0.0056670572923799055,111369.42150000001,115336.33397403358,107402.50902596644
2025-09-30 12:00:00,113055.0,113677.23,112866.11,113106.16,2840.28661,113106.16,111554.16949999999,111485.99560000001,112796.1631681584,112025.49019803168,770.6729701267177,487.65041958368073,75.17297619948383,0.0056334424124517375,111554.16949999999,115481.05032843033,107627.28867156965
2025-09-30 16:00:00,113106.15,114563.46,112800.0,114359.99,2535.88761,114359.99,111806.65849999999,111515.656,113036.75191151864,112198.4161092886,838.3358022300381,557.7874961129522,80.26073744241569,0.0059715346512793244,111806.65849999999,115775.19601350493,107838.12098649505
2025-09-30 20:00:00,114359.99,114754.87,113765.42,114048.93,1977.48804,114048.93,112038.99300000002,111540.32459999999,113192.47161743884,112335.49121230426,856.9804051345855,617.626077917279,75.42224633529212,0.006068923238317179,112038.99300000002,115958.60883080529,108119.37716919475
2025-10-01 00:00:00,114048.94,114551.76,113966.67,114176.92,2042.57116,114176.92,112276.629,111581.405,113343.92521475595,112471.89334472617,872.0318700297794,668.5072363397791,74.8754710330849,0.006057236944682005,112276.629,116103.96189833678,108449.29610166322
2025-10-01 04:00:00,114176.93,114740.0,114151.0,114539.02,1996.43364,114539.02,112521.7875,111619.16560000001,113527.78595094735,112625.01383770943,902.7721132379229,715.3602117194079,68.99196044031254,0.006061282341024637,112521.7875,116264.08940355385,108779.48559644616
2025-10-01 08:00:00,114539.02,116795.85,114484.43,116789.58,5217.93036,116789.58,112889.46649999998,111708.1574,114029.60042003237,112933.50022010134,1096.1001999310247,791.5082093617314,80.08478763442488,0.0071191292786616294,112889.46649999998,116796.57535679339,108982.35764320657
2025-10-01 12:00:00,116789.57,117649.99,116363.38,117423.73,4518.346,117423.73,113285.0,111794.82939999999,114551.77420156584,113266.10983342718,1285.6643681386631,890.3394411171179,81.49719018980657,0.007107520282702617,113285.0,117351.3345147094,109218.6654852906
2025-10-01 16:00:00,117423.73,118199.0,116724.56,117439.53,3814.32316,117439.53,113688.52550000002,111884.1002,114996.04432440187,113575.25206798814,1420.7922564137261,996.4300041764396,81.02786826755104,0.007062892342845657,113688.52550000002,117720.24647010436,109656.80452989567
2025-10-01 20:00:00,117439.53,118649.1,117163.25,118594.99,2446.79084,118594.99,114116.37849999999,111998.35620000001,115549.72827449389,113947.08450739643,1602.6437670974556,1117.6727567606429,79.70687318971184,0.007181042940628053,114116.37849999999,118329.03009656409,109903.72690343589
2025-10-02 00:00:00,118594.99,119456.92,118368.05,118733.99,4187.34775,118733.99,114536.198,112139.9302,116039.61469380252,114301.67009944115,1737.9445943613682,1241.727124280788,78.89082567383724,0.0072013580653781115,114536.198,118835.86162853087,110236.53437146914
2025-10-02 04:00:00,118733.99,118930.29,118279.31,118489.76,1772.36438,118489.76,114852.48849999998,112269.74940000002,116416.56012552521,114611.89898096405,1804.6611445611634,1354.3139283368632,76.33795393852564,0.006632887766801513,114852.48849999998,119343.79139546744,110361.18560453251
2025-10-02 08:00:00,118489.76,118926.49,118354.61,118765.73,1460.00845,118765.73,115197.89950000001,112411.40219999998,116777.9708754444,114919.59016755932,1858.3807078850805,1455.1272842465069,76.9526740581723,0.006507373999107358,115197.89950000001,119781.01371847188,110614.78528152815
2025-10-02 12:00:00,118765.72,119910.79,118516.39,119910.78,5099.16626,119910.78,115600.14099999999,112557.94699999999,117259.94150999142,115289.30793292531,1970.6335770661099,1558.2285428104276,86.06933106635198,0.006629885531907384,115600.14099999999,120360.65482373109,110839.62717626888
2025-10-02 16:00:00,119910.78,121022.07,119359.63,120836.49,4869.11141,120836.49,116036.96549999998,112714.0876,117810.1797392235,115700.21030826418,2109.969430959318,1668.5767204402057,93.7552153269319,0.006686220390942531,116036.96549999998,121042.20249038488,111031.72850961507
2025-10-02 20:00:00,120836.49,120914.0,120072.46,120529.35,2282.83678,120529.35,116372.65449999999,112857.7464,118228.51362549681,116057.92435950389,2170.589265992923,1768.9792295507496,90.57252638540434,0.006243579273838768,116372.65449999999,121644.06828721332,111101.24071278666
2025-10-03 00:00:00,120529.35,120550.9,119820.0,120225.89,2268.65523,120225.89,116670.67150000001,112993.86399999999,118535.80229849729,116366.66255509618,2169.139743401116,1849.0113323208227,85.7778054278769,0.006352200178191315,116670.67150000001,122111.71082699142,111229.6321730086
2025-10-03 04:00:00,120225.88,120324.53,119610.59,119640.21,2293.91523,119640.21,116937.084,113120.5282,118705.71117565155,116609.14755101498,2096.5636246365757,1898.5217907839735,82.99741510569734,0.006553034124034125,116937.084,122413.51088177909,111460.65711822092
2025-10-03 08:00:00,119640.22,120515.89,119248.3,120334.5,3467.40526,120334.5,117234.9895,113276.29400000001,118956.29407170517,116885.09958427314,2071.1944874320325,1933.0563301135855,84.06268669926752,0.006584588952998897,117234.9895,122772.77876223339,111697.2002377666
2025-10-03 12:00:00,120334.51,122366.0,119881.24,122258.05,4929.42106,122258.05,117662.93050000002,113486.12060000001,119464.25652221206,117283.09591136403,2181.1606108480337,1982.6771862604753,86.41034712100408,0.006912919007730614,117662.93050000002,123370.46280189374,111955.3981981063
2025-10-03 16:00:00,122258.04,123894.99,121466.25,122660.99,9447.66952,122660.99,118143.22949999999,113712.38040000001,119956.06167264098,117681.45843644817,2274.6032361928083,2041.0623962469422,83.54159930442168,0.006558076294513048,118143.22949999999,123834.76649497793,112451.69250502205
2025-10-03 20:00:00,122661.0,122734.92,121999.33,122232.0,1529.2617,122232.0,118599.5215,113925.40500000001,120306.20603069621,118018.53558930386,2287.6704413923435,2090.384005276023,78.12751907919127,0.006731083519216988,118599.5215,124048.8381303245,113150.20486967551
2025-10-04 00:00:00,122232.21,122325.6,121684.97,122243.99,1730.5772,122243.99,118993.72150000001,114183.08480000001,120604.32664135832,118331.5322123184,2272.7944290399173,2126.866090028802,78.11776493364508,0.006560726013275612,118993.72150000001,124290.2376590829,113697.20534091713
2025-10-04 04:00:00,122243.99,122800.0,122219.3,122324.08,1516.17531,122324.08,119407.47899999998,114449.6766,120868.90408114935,118627.27649288742,2241.627588261923,2149.8183896754263,74.96682552031365,0.006438390557899333,119407.47899999998,124359.2158700859,114455.74212991406
2025-10-04 08:00:00,122324.08,122539.83,121962.81,121973.26,1268.73633,121973.26,119797.296,114697.5416,121038.80499174175,118875.12712304392,2163.677868697836,2152.5902854799083,71.08924453541758,0.006577189578550158,119797.296,124213.86538698853,115380.72661301147
2025-10-04 12:00:00,121973.26,122509.52,121698.88,121791.31,1464.05666,121791.31,120159.9105,114946.96740000001,121154.57499301224,119091.14066948512,2063.4343235271226,2134.759093089351,71.67045393383503,0.006665115485479434,120159.9105,123897.3665526398,116422.4544473602
2025-10-04 16:00:00,121791.31,121964.95,121510.0,121959.25,1443.23464,121959.25,120418.39400000001,115203.48240000001,121278.37114793343,119303.59321248622,1974.777935447215,2102.7628615609237,71.26291679982953,0.005410949504837375,120418.39400000001,123879.24162517727,116957.54637482276
2025-10-04 20:00:00,121959.25,122410.0,121871.01,122391.0,785.38664,122391.0,120666.75750000002,115470.7468,121449.54481748214,119532.29001156132,1917.2548059208202,2065.661250432903,68.24684019245763,0.0053675726350916365,120666.75750000002,123930.02800181249,117403.48699818755
2025-10-05 00:00:00,122390.99,124362.28,122136.0,123776.22,4212.02615,123776.22,120983.59199999999,115762.8272,121807.4948455618,119846.65519589011,1960.8396496716887,2044.6969302806604,70.25776584557748,0.005724112232634718,120983.59199999999,124156.78617165408,117810.3978283459
2025-10-05 04:00:00,123776.23,125708.42,123734.0,124713.63,7342.549203,124713.63,121289.52400000002,116064.23059999998,122254.59256162922,120207.17184804639,2047.4207135828328,2045.241686941095,76.5295305145268,0.005595266659514158,121289.52400000002,124666.361266372,117912.68673362804
2025-10-05 08:00:00,124713.63,124838.37,122520.24,123464.64,4455.30964,123464.64,121526.05649999999,116342.448,122440.75370599395,120448.46578522814,1992.2879207658116,2034.6509337060386,68.33612444390091,0.006258376214103921,121526.05649999999,124810.65581880118,118241.4571811988
2025-10-05 12:00:00,123464.64,123464.65,122675.0,122803.17,2233.09004,122803.17,121741.727,116610.2874,122496.51005891796,120622.88831965569,1873.6217392622784,2002.4450948172866,67.75467588746426,0.006411897515014903,121741.727,124740.93610341883,118742.51789658116
2025-10-05 16:00:00,122803.17,123464.0,122301.63,122591.79,2386.1605,122591.79,121933.02999999998,116875.91900000001,122511.16851139213,120768.73288857008,1742.4356228220422,1950.4432004182381,63.397190809176486,0.006458398791274659,121933.02999999998,124603.00238788893,119263.05761211104
2025-10-05 20:00:00,122591.8,123548.83,122473.62,123482.31,1413.96202,123482.31,122111.6065,117157.5204,122660.57489425487,120969.73860052787,1690.8362937269994,1898.5218190799903,58.28158442310443,0.006323204984557227,122111.6065,124688.20387888966,119535.00912111033
2025-10-06 00:00:00,123482.32,124358.46,123084.0,123839.09,3025.28443,123839.09,122261.73650000003,117445.81820000001,122841.88491052335,121182.28314863693,1659.601761886428,1850.7378076412779,58.01941377479467,0.00616283394149823,122261.73650000003,124875.14538768034,119648.32761231971
2025-10-06 04:00:00,123839.09,124165.56,123280.49,123390.47,2210.62835,123390.47,122404.79250000001,117720.9106,122926.28261659668,121345.8525450342,1580.430071562485,1796.676260425519,57.864772645496956,0.00620240809856642,122404.79250000001,124930.6849223207,119878.90007767933
2025-10-06 08:00:00,123390.47,124531.66,123390.46,124215.0,2768.21181,124215.0,122604.24799999999,118016.4906,123124.54682942797,121558.38198614278,1566.1648432851944,1750.573976997454,62.05146579565557,0.006253748034752445,122604.24799999999,125033.85549146836,120174.64050853162
2025-10-06 12:00:00,124215.0,125408.29,124178.0,125000.0,4567.6948,125000.0,122872.2375,118326.22940000001,123413.07808643905,121813.31665383591,1599.7614326031471,1720.4114681185927,65.06307994028623,0.006138955524523183,122872.2375,125099.19925422467,120645.27574577533
2025-10-06 16:00:00,125000.0,126199.63,124800.0,125410.81,4722.172353,125410.81,123126.053,118647.0652,123720.4214577561,122079.79764244065,1640.6238153154554,1704.4539375579652,69.22057575340764,0.006087033725614011,123126.053,125291.46270564818,120960.64329435182
2025-10-06 20:00:00,125410.8,125534.0,124511.15,124658.54,2200.63705,124658.54,123246.07749999998,118939.4774,123864.7473873321,122270.81559485245,1593.9317924796487,1682.3495085423021,65.07055312430023,0.005389971583083472,123246.07749999998,125474.11490653674,121018.04009346323
2025-10-07 00:00:00,124658.54,125082.27,124101.26,124329.74,1773.60979,124329.74,123329.51499999998,119219.32020000002,123936.28471235793,122423.32851375226,1512.9561986056651,1648.4708465549752,62.252430596833655,0.005419384121170714,123329.51499999998,125590.04481477344,121068.98518522653
2025-10-07 04:00:00,124329.74,124654.47,123567.6,123667.99,2455.2259,123667.99,123401.31450000001,119449.401,123895.0086027644,122515.52566088173,1379.4829418826703,1594.6732656205145,56.44713259386788,0.005508243227046094,123401.31450000001,125605.58782544019,121197.04117455982
2025-10-07 08:00:00,123668.0,124509.6,123322.9,124453.38,2444.73415,124453.38,123511.78399999999,119701.31840000002,123980.9118946468,122659.07042674233,1321.8414679044654,1540.1069060773048,53.63918948549614,0.005653863028740147,123511.78399999999,125693.17760826291,121330.39039173706
2025-10-07 12:00:00,124453.37,125126.0,121172.89,121846.01,7360.01455,121846.01,123487.88050000001,119900.91960000001,123652.46544931651,122598.84372846513,1053.6217208513845,1442.8098690321208,36.934100502292715,0.007475883366730696,123487.88050000001,125733.60183686423,121242.1591631358
2025-10-07 16:00:00,121846.01,122084.14,120574.94,121637.17,5726.896,121637.17,123471.076,120091.663,123342.41999557552,122527.60863746771,814.8113581078069,1317.210166847258,40.80150762115783,0.0074583899203392095,123471.076,125768.94282793591,121173.20917206409
2025-10-07 20:00:00,121637.18,122292.62,121258.08,121332.95,1873.51346,121332.95,123448.15799999998,120242.01060000001,123033.27076548697,122439.1154050627,594.1553604242799,1172.5992055626625,42.323637153466684,0.007471624210932598,123448.15799999998,125824.37241915491,121071.94358084505
2025-10-08 00:00:00,121332.96,122229.66,121200.0,121374.75,2406.76826,121374.75,123418.93299999999,120384.1946,122778.11372464283,122360.2735232062,417.8402014366293,1021.6474047374559,43.53099386607422,0.007463973457421717,123418.93299999999,125884.93200870977,120952.9339912902
2025-10-08 04:00:00,121374.76,121910.24,121066.14,121597.06,2670.85944,121597.06,123379.23599999999,120529.89660000001,122596.41315162087,122303.73918815388,292.6739634669939,875.8527164833635,39.2129532676698,0.007428443318559519,123379.23599999999,125938.69834964786,120819.77365035212
2025-10-08 08:00:00,121597.05,123200.0,121524.01,122884.14,3408.74044,122884.14,123334.63200000001,120700.0516,122640.67882060229,122346.7318408832,293.9469797190832,759.4715691305074,45.061688174011444,0.007369672200019501,123334.63200000001,125896.05673237264,120773.20726762738
2025-10-08 12:00:00,122884.14,123350.0,121649.68,122189.72,3373.3683,122189.72,123208.4365,120869.86140000001,122571.30054050963,122335.10133415111,236.1992063585203,654.8170965761101,43.94453023271764,0.007214327705872308,123208.4365,125732.21566510279,120684.6573348972
2025-10-08 16:00:00,122189.72,124197.25,122110.08,123450.0,3795.53021,123450.0,123207.70450000002,121077.76120000001,122706.48507273891,122417.68642051029,288.7986522286228,581.6134077066126,46.30446922516555,0.007308380426220922,123207.70450000002,125731.17925672246,120684.22974327758
2025-10-08 20:00:00,123450.01,123737.0,122794.4,123306.0,1357.35135,123306.0,123232.84600000002,121281.758,122798.71813847139,122483.48742639841,315.230712072982,528.3368685798865,41.27644103512701,0.007205447602296144,123232.84600000002,125749.36050560237,120716.33149439767
2025-10-09 00:00:00,123306.01,123348.32,121475.98,122038.01,2319.17839,122038.01,123205.157,121435.3184,122681.6861171681,122450.48909851704,231.1970186510589,468.908898594121,34.04015702426153,0.007572428727287268,123205.157,125763.213895283,120647.10010471701
2025-10-09 04:00:00,122038.01,122264.0,121724.71,121906.1,1451.1479,121906.1,123126.34650000001,121592.46179999999,122562.3651760653,122410.16398010837,152.2011959569354,405.5673580666839,36.163303224561076,0.007366673875646355,123126.34650000001,125744.85853361087,120507.83446638916
2025-10-09 08:00:00,121906.09,122833.02,121145.49,122737.57,2689.44106,122737.57,123071.27049999998,121763.67480000001,122589.31976436295,122434.41627787812,154.90348648483632,355.4345837503144,42.38110869829447,0.007516068298774375,123071.27049999998,125672.944114706,120469.59688529397
2025-10-09 12:00:00,122737.56,123762.94,120673.99,121147.14,6566.062,121147.14,122959.104,121895.8372,122367.44595446097,122339.06247951675,28.383474944217596,290.02436198909504,38.92178517092051,0.007999759784243153,122959.104,125692.91240870705,120225.29559129296
2025-10-09 16:00:00,121147.15,121481.9,119651.47,120951.72,6174.05969,120951.72,122795.93999999999,121979.08,122149.64196146697,122236.29636992291,-86.65440845594276,214.68860790008748,33.76988636890337,0.007799219395126053,122795.93999999999,125602.69804430088,119989.1819556991
2025-10-09 20:00:00,120951.72,121900.0,120838.0,121662.4,2359.47103,121662.4,122629.06000000001,122063.85339999999,122074.68165970284,122193.7855277064,-119.10386800355627,147.9301127193587,48.967421562617744,0.007776987676050866,122629.06000000001,125276.40364088456,119981.71635911547
2025-10-10 00:00:00,121662.41,121874.13,120900.0,121026.01,2094.68145,121026.01,122409.81999999999,122135.58300000001,121913.3475582101,122107.28363676519,-193.93607855509617,79.55687446446771,46.72068166208789,0.007744398525857065,122409.81999999999,124801.04727196618,120018.59272803381
2025-10-10 04:00:00,121026.0,121754.34,120855.41,120932.05,2566.54979,120932.05,122223.4955,122182.3242,121762.37870310085,122020.2292933011,-257.85059020025074,12.075381531524004,47.79922135584217,0.0076813721211391305,122223.4955,124452.16390172002,119994.82709827999
2025-10-10 08:00:00,120932.05,121777.07,120916.44,121554.55,1553.83694,121554.55,122084.736,122238.7354,121730.40505646996,121985.73453083435,-255.3294743643928,-41.405589647659376,50.927871654398274,0.007816133355943186,122084.736,124096.24037153284,120073.23162846717
2025-10-10 12:00:00,121554.55,122550.0,118500.0,119018.98,7767.59253,119018.98,121852.2855,122249.3198,121313.26274008997,121765.97493595773,-452.7121958677599,-123.6669108916795,39.25987952108379,0.008948153531859836,121852.2855,124147.85164497641,119556.71935502358
2025-10-10 16:00:00,119018.99,119456.28,115952.47,116661.5,8454.54427,116661.5,121462.6915,122207.2352,120597.60693392227,121387.86568144234,-790.2587475200708,-256.9852782173578,26.199502772996723,0.009572385722123898,121462.6915,124442.39849586308,118482.98450413693
2025-10-10 20:00:00,116661.5,117214.64,102000.0,112774.5,41734.73429,112774.5,121009.116,122064.5096,119394.05202101116,120749.8385939281,-1355.7865729169425,-476.7455371572749,21.05695145674042,0.01106389140507157,121009.116,125895.11596218846,116123.11603781153
2025-10-11 00:00:00,112774.49,113322.39,111019.43,112300.01,11533.52669,112300.01,120542.25799999999,121893.78,118302.6609408556,120123.92536474824,-1821.2644238926441,-745.6493145043489,13.984168524525316,0.011053166611575588,120542.25799999999,126774.46090349273,114310.05509650725
2025-10-11 04:00:00,112300.0,112991.16,110090.29,110384.61,7142.76272,110384.61,119994.84100000001,121690.88519999999,117084.49925764704,119402.49459698913,-2317.9953393420874,-1060.118519471897,12.548193724424905,0.011427187636906635,119994.84100000001,127686.95573912289,112302.72626087714
2025-10-11 08:00:00,110384.6,112359.67,110162.23,112280.0,5929.13992,112280.0,119540.10350000001,121531.96739999998,116345.34552570134,118874.90240461956,-2529.5568789182144,-1354.0061913611605,22.709584748706376,0.01239318322424728,119540.10350000001,127932.20363785615,111148.00336214388
2025-10-11 12:00:00,112280.01,112500.0,111793.2,111793.2,3681.24351,111793.2,119049.9105,121375.02719999998,115645.0154448242,118350.33185612921,-2705.316411305015,-1624.2682353499317,22.267561309231922,0.012321859571220353,119049.9105,128058.76634987889,110041.0546501211
2025-10-11 16:00:00,111793.21,112185.53,110865.82,111178.31,3138.91159,111178.31,118464.61899999999,121191.9034,114957.82999177433,117819.07097789743,-2861.240986123099,-1871.6627855045656,17.920172731511244,0.011826428365296404,118464.61899999999,127933.8712181504,108995.36678184959
2025-10-11 20:00:00,111178.3,111368.29,109561.59,110644.4,4022.93209,110644.4,117887.35299999997,120959.6304,114294.22537765521,117287.61386842353,-2993.388490768324,-2096.0079265573177,19.036514409300025,0.011825211850560373,117887.35299999997,127797.8124456631,107976.89355433684
2025-10-12 00:00:00,110644.4,111368.14,109565.06,110676.0,4785.58424,110676.0,117248.65299999998,120719.93059999999,113737.57531955442,116797.86469298476,-3060.289373430336,-2288.8642159319215,19.410325993119812,0.011349942796122692,117248.65299999998,127295.21352334257,107202.09247665739
2025-10-12 04:00:00,110676.0,112125.51,110617.1,111525.2,2731.29761,111525.2,116659.61299999998,120505.7946,113397.2098857768,116407.29693794883,-3010.0870521720353,-2433.1087831799446,20.069526377388755,0.011689860534324968,116659.61299999998,126591.59903440769,106727.62696559228
2025-10-12 08:00:00,111525.19,112133.33,111139.87,111848.36,2810.82095,111848.36,116150.1305,120297.88200000001,113158.92528796497,116069.5979055082,-2910.672617543227,-2528.6215500526014,22.391983803963,0.011744359969416354,116150.1305,125965.15870947449,106335.10229052551
2025-10-12 12:00:00,111848.35,113745.84,111177.75,113198.2,9020.41664,113198.2,115714.7355,120115.36439999999,113164.96755135497,115856.90176435943,-2691.9342130044533,-2561.284082642972,28.36955165873013,0.012288554294834012,115714.7355,125222.4224924687,106207.04850753129
2025-10-12 16:00:00,113198.2,114700.0,113198.2,114342.28,6635.34892,114342.28,115294.97099999999,119962.7448,113346.0925434542,115744.70755959206,-2398.615016137861,-2528.75026934195,30.40017261985966,0.01245642033349172,115294.97099999999,124220.63968169357,106369.3023183064
2025-10-12 20:00:00,114342.28,115770.0,114217.75,114958.8,6271.83436,114958.8,114985.554,119826.0946,113594.2013829228,115686.49218480746,-2092.2908018846647,-2441.458375850493,37.681313320096926,0.012395813818526858,114985.554,123475.43984712653,106495.66815287348
2025-10-13 00:00:00,114958.81,115963.81,114619.45,114821.12,4123.60858,114821.12,114679.024,119683.332,113782.95809324237,115622.39054148839,-1839.4324482460215,-2321.053190329599,43.547036597578106,0.012397804678672483,114679.024,122691.17210600538,106666.87589399463
2025-10-13 04:00:00,114821.13,115554.83,114398.24,115399.67,3437.01313,115399.67,114365.8875,119543.5054,114031.68300197432,115605.89272360035,-1574.20972162603,-2171.6844965888854,61.98542484095797,0.012369338335736687,114365.8875,121688.73793713358,107043.03706286641
2025-10-13 08:00:00,115399.66,115438.17,113616.5,114180.0,4560.86246,114180.0,114023.58700000001,119351.58099999999,114054.50100167058,115500.27104037069,-1445.7700387001096,-2026.5016050111303,58.03641885011915,0.012486915254030204,114023.58700000001,120641.72138163618,107405.45261836385
2025-10-13 12:00:00,114180.0,115530.0,113800.01,114312.1,5538.12887,114312.1,113692.58949999997,119143.55040000001,114094.13161679819,115412.25837071361,-1318.1267539154214,-1884.826634791989,69.80901588659376,0.012511130020236306,113692.58949999997,119463.91206341735,107921.2669365826
2025-10-13 16:00:00,114312.09,115891.3,114215.79,115792.84,3368.92301,115792.84,113404.504,118990.11439999999,114355.47136806,115440.44960251261,-1084.9782344526175,-1724.8569547241145,68.49108408062537,0.012886141157693834,113404.504,117973.38141078666,108835.62658921334
2025-10-13 20:00:00,115792.84,115868.0,115005.44,115166.0,1528.70428,115166.0,113211.85500000001,118837.371,114480.16808066615,115420.1200023265,-939.9519216603512,-1567.8759481113618,67.49599015643058,0.01216058272425433,113211.85500000001,117050.51700469037,109373.19299530966
2025-10-14 00:00:00,115166.0,115409.96,113279.76,113500.0,3456.84461,113500.0,113053.78,118655.5352,114329.37299133289,115277.88889104305,-948.515899710168,-1444.0039384311233,60.85927918809267,0.01179210820920502,113053.78,116538.36322622144,109569.19677377856
2025-10-14 04:00:00,113500.0,113691.0,111355.01,111724.41,6286.29915,111724.41,113001.27549999999,118420.3772,113928.60945420475,115014.66823244726,-1086.0587782425137,-1372.4149063934015,54.52585032816305,0.009752673455526325,113001.27549999999,116534.87703430188,109467.6739656981
2025-10-14 08:00:00,111724.41,112140.0,110012.24,111313.98,5281.83478,111313.98,112951.974,118169.875,113526.35876894247,114740.54317819192,-1214.184409249443,-1340.76880696461,52.59122368079021,0.009742494531783904,112951.974,116553.63134101994,109350.31665898007
2025-10-14 12:00:00,111313.98,112943.82,109866.0,112900.43,7186.98731,112900.43,113077.76499999998,117960.0742,113430.06203525902,114604.23849832584,-1174.1764630668185,-1307.4503381850518,55.27002946890818,0.00943506188981725,113077.76499999998,116471.61471512023,109683.91528487974
2025-10-14 16:00:00,112900.44,113544.53,111692.31,112613.7,7436.01163,112613.7,113094.45,117728.04819999999,113304.4678759884,114456.79120215354,-1152.3233261651476,-1276.424935781071,52.94107700891998,0.008674481193085594,113094.45,116475.04119763964,109713.85880236035
2025-10-14 20:00:00,112613.69,113577.0,112230.46,113028.14,2222.35226,113028.14,113156.197,117488.61099999999,113261.95589506712,114350.9651871792,-1089.0092921120813,-1238.9418070472732,49.29586562237596,0.008639772132200234,113156.197,116481.37294721886,109831.02105278114
2025-10-15 00:00:00,113028.13,113612.35,111825.93,112024.29,3526.54912,112024.29,113198.496,117220.8806,113071.5457573645,114178.61887701778,-1107.073119653287,-1212.568069568476,40.28958769528778,0.00879676480376327,113198.496,116438.15709318093,109958.83490681907
2025-10-15 04:00:00,112024.3,112680.0,111746.76,112584.5,3442.20374,112584.5,113295.501,116979.3998,112996.61564084688,114060.53599723868,-1063.9203563917981,-1182.8385269331404,40.00654921847115,0.008763757930845538,113295.501,116322.34769352477,110268.65430647523
2025-10-15 08:00:00,112584.49,113520.88,111693.26,111905.73,3699.08334,111905.73,113356.9875,116730.9196,112828.78708071659,113900.92073818397,-1072.133657467377,-1160.6975530399877,38.263674914676464,0.008899974413875378,113356.9875,116204.42847314279,110509.54652685722
2025-10-15 12:00:00,111905.72,112238.41,110400.0,110798.01,6590.50038,110798.01,113320.628,116473.52,112516.35983752942,113671.07549831849,-1154.7156607890647,-1159.5011745898032,32.23234184380294,0.009030357470303218,113320.628,116282.81426904001,110358.44173095998
2025-10-15 16:00:00,110798.01,111557.7,110164.0,111271.73,3317.74779,111271.73,113291.79650000001,116209.88699999999,112324.87832406336,113493.34620214674,-1168.4678780833783,-1161.2945152885184,38.08436697725833,0.009061146327241398,113291.79650000001,116324.69976192956,110258.89323807046
2025-10-15 20:00:00,111271.73,111556.27,110500.0,110763.28,2410.40374,110763.28,113170.05049999998,115988.23240000001,112084.63242805362,113291.1190760618,-1206.4866480081837,-1170.3329418324515,35.89492477706568,0.008626987671069756,113170.05049999998,116407.36839726254,109932.73260273742
2025-10-16 00:00:00,110763.28,111867.17,110361.0,111329.48,2715.42468,111329.48,113019.4105,115782.0786,111968.45513142999,113145.812477835,-1177.3573464050132,-1171.737822746964,30.869237231470862,0.008354970286400297,113019.4105,116307.05270810689,109731.76829189311
2025-10-16 04:00:00,111329.48,111773.7,110553.19,110584.2,3097.1426,110584.2,112800.68049999999,115567.10359999999,111755.49280351767,112956.06340540279,-1200.5706018851197,-1177.5043785745952,30.558968892992453,0.008282175100637222,112800.68049999999,116126.9070931959,109474.45390680408
2025-10-16 08:00:00,110584.21,111728.7,109635.15,111404.72,5282.11808,111404.72,112629.8605,115367.703,111701.52775682264,112841.14907907665,-1139.62132225401,-1169.9277673104782,40.422330221349476,0.008541045603787083,112629.8605,115868.9608106125,109390.7601893875
2025-10-16 12:00:00,111404.73,111982.45,108361.69,108549.21,8252.81169,108549.21,112287.3375,115106.746,111216.55579423455,112523.2276658117,-1306.6718715771567,-1197.276588163814,36.79012304589345,0.00994766161377019,112287.3375,115735.27617120254,108839.39882879745
2025-10-16 16:00:00,108549.21,109254.0,107577.57,108197.66,8255.26892,108197.66,111988.22049999998,114813.01640000001,110752.11028742924,112202.81524612194,-1450.7049586927023,-1247.9622622695917,36.97125273843174,0.009788176788769703,111988.22049999998,115766.9199770018,108209.52102299816
2025-10-16 20:00:00,108197.67,108500.0,107427.0,108194.28,2254.40655,108194.28,111682.32950000002,114533.1076,110358.59793551706,111905.88670937216,-1547.2887738551071,-1307.827564586695,27.32266610641726,0.009767492911777712,111682.32950000002,115654.47962072531,107710.17937927473
2025-10-17 00:00:00,108194.27,109240.0,107934.4,109176.74,2417.89309,109176.74,111351.52449999998,114247.6424,110176.7736377452,111703.72769386311,-1526.9540561179165,-1351.6528628929393,34.47913035153357,0.009474804819669388,111351.52449999998,114968.39817105884,107734.65082894113
2025-10-17 04:00:00,109176.74,109236.01,105542.09,105633.75,8020.07533,105633.75,110874.91199999998,113894.1974,109477.84692424594,111254.09971653992,-1776.252792293977,-1436.572848773147,23.964533917909208,0.011554002101046831,110874.91199999998,114868.01037129588,106881.81362870408
2025-10-17 08:00:00,105633.75,106651.22,103528.23,105683.72,13908.33322,105683.72,110484.098,113567.1116,108894.13508974656,110841.47899679623,-1947.343907049668,-1538.7270604284513,26.067414373207654,0.011339447917005705,110484.098,114902.73413358162,106065.46186641838
2025-10-17 12:00:00,105683.71,106852.14,104533.21,106803.53,7847.34313,106803.53,110238.054,113265.0602,108572.50353747787,110542.37166370022,-1969.8681262223545,-1624.955273587232,29.06405974650761,0.011378287536357407,110238.054,114906.83258548344,105569.27541451657
2025-10-17 16:00:00,106803.52,107575.6,106071.42,106454.72,3916.46744,106454.72,109995.09099999999,112939.4032,108246.69068555819,110239.58265157427,-1992.8919660160755,-1698.542612073001,29.775674013105927,0.011375849983059365,109995.09099999999,114926.48288298534,105063.69911701464
2025-10-17 20:00:00,106457.24,107440.02,106342.47,106431.68,1810.55617,106431.68,109671.65349999999,112645.094,107967.45827239538,109957.51578849468,-1990.057516099303,-1756.8455928782619,32.38202375947108,0.010717764866564327,109671.65349999999,114649.03687437928,104694.2701256207
2025-10-18 00:00:00,106431.68,107306.06,106322.2,107070.4,2668.3034,107070.4,109394.4885,112367.4676,107829.44930741147,109743.65535971729,-1914.2060523058171,-1788.3176847637733,33.270551395312,0.010901067610704016,109394.4885,114298.89282312898,104490.08417687104
2025-10-18 04:00:00,107070.41,107070.41,106439.38,106884.92,1431.74046,106884.92,109087.32749999998,112071.918,107684.13710627126,109531.89718492341,-1847.7600786521507,-1800.2061635414486,34.14889338647609,0.010807300513015723,109087.32749999998,113799.24222125422,104375.41277874575
