timestamp,Open,High,Low,Close,Volume,Adj Close,SMA_20,SMA_50,EMA_12,EMA_26,MACD,MACD_signal,RSI,volatility,BB_middle,BB_upper,BB_lower
2025-10-07 20:45:00,4.176,4.19,4.169,4.169,24103.72,4.169,,,4.169,4.169,0.0,0.0,,,,,
2025-10-07 21:00:00,4.169,4.185,4.161,4.172,42460.98,4.172,,,4.170624999999999,4.170557692307692,6.730769230767208e-05,3.739316239315116e-05,,,,,
2025-10-07 21:15:00,4.172,4.187,4.169,4.183,53464.17,4.183,,,4.175454965357967,4.175028092656481,0.000426872701486225,0.00019701592431654207,,,,,
2025-10-07 21:30:00,4.182,4.185,4.162,4.167,36527.87,4.167,,,4.17278606321839,4.172783788774003,2.2744443866073993e-06,0.00013104658829691653,,,,,
2025-10-07 21:45:00,4.168,4.168,4.15,4.16,23549.35,4.16,,,4.169312135539045,4.169819175429311,-0.0005070398902660145,-5.8769713036654066e-05,,,,,
2025-10-07 22:00:00,4.16,4.169,4.15,4.167,19043.03,4.167,,,4.1687501649620575,4.169254517075757,-0.0005043521136993689,-0.00017954731751848108,,,,,
2025-10-07 22:15:00,4.166,4.18,4.166,4.172,14721.11,4.172,,,4.169475354280469,4.169742786981627,-0.0002674327011575883,-0.0002017887635488507,,,,,
2025-10-07 22:30:00,4.171,4.177,4.157,4.165,13826.78,4.165,,,4.168541416821245,4.168978606480565,-0.0004371896593200475,-0.0002583600255174954,,,,,
2025-10-07 22:45:00,4.165,4.173,4.162,4.166,9950.25,4.166,,,4.16803863411742,4.168537111610985,-0.0004984774935650194,-0.00031382835186537515,,,,,
2025-10-07 23:00:00,4.167,4.168,4.157,4.159,25037.01,4.159,,,4.166325816464983,4.1672210830304,-0.0008952665654167191,-0.00044410426414285214,,,,,
2025-10-07 23:15:00,4.159,4.166,4.153,4.161,17447.3,4.161,,,4.165351320466396,4.166414206590515,-0.001062886124119089,-0.0005794901994256601,,,,,
2025-10-07 23:30:00,4.16,4.16,4.14,4.149,37726.26,4.149,,,4.16244410936656,4.1642745969254635,-0.0018304875589034708,-0.0008481519674379987,,,,,
2025-10-07 23:45:00,4.149,4.152,4.131,4.139,76978.31,4.139,,,4.158373321350931,4.161313682454514,-0.0029403611035832,-0.0012909361103535637,,,,,
2025-10-08 00:00:00,4.139,4.152,4.138,4.148,74135.15,4.148,,,4.15660707592643,4.159818397471845,-0.0032113215454154798,-0.00169268217619833,39.17525773195866,,,,
2025-10-08 00:15:00,4.149,4.165,4.149,4.155,42297.77,4.155,,,4.1563378631965735,4.159297164894108,-0.0029593016975342223,-0.0019552441589634996,43.26923076923103,,,,
2025-10-08 00:30:00,4.156,4.176,4.133,4.173,47674.16,4.173,,,4.159091412676871,4.160730594012287,-0.0016391813354159623,-0.0018902007860668658,50.420168067227046,,,,
2025-10-08 00:45:00,4.173,4.186,4.166,4.171,51934.13,4.171,,,4.161037195872087,4.161773028401419,-0.000735832529332292,-0.0016540085585814964,44.545454545454675,,,,
2025-10-08 01:00:00,4.171,4.175,4.157,4.163,38581.46,4.163,,,4.161354871989801,4.1618942510321455,-0.0005393790423449119,-0.0014269931085494937,48.0392156862747,,,,
2025-10-08 01:15:00,4.164,4.184,4.158,4.171,36304.55,4.171,,,4.162903525387035,4.162772176991849,0.00013134839518613717,-0.0011107675167385442,55.339805825242834,,,,
2025-10-08 01:30:00,4.17,4.182,4.165,4.166,44624.74,4.166,4.1638,,4.163397388170839,4.163076585235432,0.0003208029354073716,-0.0008211139480268225,49.504950495049776,,4.1638,4.1840988202924,4.1435011797076005
2025-10-08 01:45:00,4.166,4.177,4.165,4.17,39876.89,4.17,4.16385,,4.1644445396202645,4.163716566787153,0.0007279728331113233,-0.000508412429356003,49.0000000000001,0.002121898988611248,4.16385,4.184207592660905,4.143492407339095
2025-10-08 02:00:00,4.17,4.175,4.152,4.157,23907.97,4.157,4.1631,,4.1632694434995265,4.163106901107135,0.0001625423923918845,-0.00037322395009496863,46.226415094339586,0.002225686724267576,4.1631,4.183297967589261,4.142902032410739
2025-10-08 02:15:00,4.157,4.178,4.157,4.169,41390.56,4.169,4.1624,,4.164170388729807,4.163633035716645,0.0005373530131622672,-0.00019002715443402351,51.28205128205096,0.0022429648612250887,4.1624,4.180561845489347,4.144238154510653
2025-10-08 02:30:00,4.169,4.169,4.153,4.155,28764.55,4.155,4.1617999999999995,,4.162733485462738,4.162873824480703,-0.00014033901796484116,-0.0001800423753541213,48.38709677419369,0.0022049777590569123,4.1617999999999995,4.180114216508378,4.143485783491621
2025-10-08 02:45:00,4.154,4.161,4.146,4.151,36383.23,4.151,4.1613500000000005,,4.160900184587601,4.161843893573267,-0.0009437089856660918,-0.00033335489574266505,46.03174603174604,0.002184385119415756,4.1613500000000005,4.180282289321351,4.14241771067865
2025-10-08 03:00:00,4.151,4.151,4.12,4.121,56915.08,4.121,4.15905,,4.154680892370759,4.158345420205256,-0.003664527834496667,-0.001001609158072962,40.27777777777775,0.002657673277958084,4.15905,4.184976820090399,4.1331231799096
2025-10-08 03:15:00,4.122,4.127,4.085,4.097,241021.52,4.097,4.1553,,4.145708269304517,4.153151048085975,-0.007442778781457271,-0.0022929653905333063,36.70886075949353,0.002869664860657212,4.1553,4.192559262359564,4.118040737640436
2025-10-08 03:30:00,4.096,4.108,4.087,4.097,63462.92,4.097,4.1518999999999995,,4.138144328829651,4.148446375032474,-0.010302046202823156,-0.0038978859207791853,32.88590604026851,0.002870336426352165,4.1518999999999995,4.197014590941172,4.106785409058827
2025-10-08 03:45:00,4.098,4.117,4.096,4.101,102754.65,4.101,4.14865,,4.132384480861376,4.14450926889992,-0.012124788038544665,-0.005545816393224529,31.506849315068052,0.0028892897454535025,4.14865,4.198594284747578,4.0987057152524216
2025-10-08 04:00:00,4.101,4.111,4.063,4.105,262865.37,4.105,4.145950000000001,,4.1281432367455695,4.141259725426413,-0.013116488680843474,-0.007061827581698534,24.24242424242398,0.0029068044179665687,4.145950000000001,4.199263274736764,4.092636725263238
2025-10-08 04:15:00,4.106,4.117,4.092,4.101,71868.43,4.101,4.142950000000001,,4.123943687782022,4.137975304067393,-0.014031616285370418,-0.008457167199858286,23.880597014924987,0.0028952181301247215,4.142950000000001,4.19936005882679,4.0865399411732115
2025-10-08 04:30:00,4.101,4.121,4.101,4.111,32670.9,4.111,4.141050000000001,,4.121942810083758,4.13579103343986,-0.013848223356101919,-0.009536233355394356,30.882352941176066,0.0029304326090436755,4.141050000000001,4.199136958405841,4.0829630415941605
2025-10-08 04:45:00,4.111,4.118,4.105,4.111,40437.57,4.111,4.13965,,4.120252480604938,4.133797383696184,-0.013544903091245786,-0.010338475784112788,26.562499999999503,0.0028951783886213087,4.13965,4.199274350377126,4.080025649622873
2025-10-08 05:00:00,4.112,4.112,4.09,4.094,66864.41,4.094,4.136950000000001,,4.116199801147625,4.130617126486944,-0.014417325339318943,-0.01115465954949005,24.28571428571388,0.002950545763827199,4.136950000000001,4.19978637900385,4.074113620996151
2025-10-08 05:15:00,4.094,4.098,4.077,4.086,79170.15,4.086,4.1335,,4.111540217003112,4.127072408794446,-0.015532191791334249,-0.012030521289590266,20.833333333333115,0.0029107421236216186,4.1335,4.199652932862536,4.067347067137463
2025-10-08 05:30:00,4.087,4.121,4.081,4.1,625961.14,4.1,4.129849999999999,,4.109760448499363,4.124933069993485,-0.015172621494122573,-0.012659145330661332,30.344827586206463,0.0028321320016096913,4.129849999999999,4.194872344337599,4.0648276556624
2025-10-08 05:45:00,4.1,4.112,4.095,4.106,71643.62,4.106,4.126600000000001,,4.109180718873681,4.123444292532774,-0.014263573659093254,-0.01298011432466268,27.33812949640273,0.0028794534846404707,4.126600000000001,4.189422724684954,4.063777275315047
2025-10-08 06:00:00,4.106,4.128,4.097,4.12,63097.33,4.12,4.12445,,4.110848141898559,4.12317468436021,-0.012326542461650547,-0.012849372798107548,37.41007194244594,0.003012116546552713,4.12445,4.184926963861408,4.063973036138592
2025-10-08 06:15:00,4.119,4.122,4.104,4.111,53602.1,4.111,4.12145,,4.110871539332517,4.12222567752513,-0.011354138192612773,-0.01255027618105899,36.11111111111103,0.002977046072443048,4.12145,4.178031473627805,4.064868526372195
2025-10-08 06:30:00,4.11,4.121,4.107,4.116,36439.37,4.116,4.11895,,4.111661523181821,4.121742264263363,-0.010080741081542222,-0.012056303500924077,47.89915966386522,0.0030054467059207404,4.11895,4.171519653042909,4.066380346957091
2025-10-08 06:45:00,4.116,4.133,4.116,4.129,40689.28,4.129,4.1169,,4.114331812421668,4.122303808005464,-0.007971995583796243,-0.011239355044637774,64.81481481481447,0.003104055880797696,4.1169,4.164000787790922,4.0697992122090785
2025-10-08 07:00:00,4.13,4.14,4.123,4.127,41783.17,4.127,4.1154,,4.116282514457006,4.122665966333811,-0.006383451876804891,-0.010268091785130985,63.63636363636341,0.0030419363675740284,4.1154,4.158896642338644,4.071903357661356
2025-10-08 07:15:00,4.127,4.146,4.124,4.142,50964.23,4.142,4.11405,,4.120242056537268,4.124152433741896,-0.003910377204627835,-0.008996462326413943,66.94214876033067,0.0030881651482955767,4.11405,4.151844318704202,4.076255681295797
2025-10-08 07:30:00,4.143,4.149,4.135,4.144,33122.1,4.144,4.1135,,4.123899474098616,4.125674108341055,-0.001774634242439177,-0.007552018066593131,66.38655462184865,0.003007686964234611,4.1135,4.149037970797727,4.077962029202273
2025-10-08 07:45:00,4.144,4.157,4.139,4.154,33646.9,4.154,4.11365,,4.128532842591531,4.127840181001857,0.0006926615896736266,-0.005903010310922222,71.20000000000013,0.0030527796800034848,4.11365,4.149873138868307,4.077426861131692
2025-10-08 08:00:00,4.155,4.16,4.145,4.148,62631.94,4.148,4.115,,4.131529167913882,4.129378112151837,0.0021510557620452175,-0.004292140965724335,65.28925619834713,0.0025627177373566197,4.115,4.154261605726328,4.075738394273673
2025-10-08 08:15:00,4.148,4.156,4.109,4.127,654809.61,4.127,4.1165,,4.130832101585841,4.12919709379516,0.0016350077906812643,-0.003106678168563488,55.63380281690144,0.0024705188882413395,4.1165,4.155153657823769,4.077846342176231
2025-10-08 08:30:00,4.127,4.166,4.122,4.161,113456.53,4.161,4.1197,,4.1354748454984325,4.131612944614834,0.0038619008835985014,-0.0017129312765367802,71.06918238993691,0.003029543155489171,4.1197,4.1619827574662125,4.077417242533787
2025-10-08 08:45:00,4.162,4.166,4.135,4.145,121989.36,4.145,4.1219,,4.1369406622938865,4.132627950820713,0.0043127114731733585,-0.0005077812259993902,67.66467065868244,0.003200108697043711,4.1219,4.164662009701176,4.0791379902988245
2025-10-08 09:00:00,4.145,4.15,4.133,4.136,47189.25,4.136,4.12345,4.141360000000001,4.136795910891586,4.132883173911247,0.0039127369803395595,0.0003763350337973184,61.11111111111126,0.0032543968083730886,4.12345,4.165878763828319,4.081021236171681
2025-10-08 09:15:00,4.135,4.136,4.123,4.136,53615.62,4.136,4.1251999999999995,4.1407,4.13667343863041,4.133118699638055,0.0035547389923555883,0.0010120230837833933,59.61538461538471,0.0032402962382308367,4.1251999999999995,4.166604805213116,4.083795194786883
2025-10-08 09:30:00,4.136,4.14,4.128,4.138,56020.16,4.138,4.12655,4.14002,4.1368775594499905,4.133487009977736,0.0033905494722548113,0.0014877327067926327,56.249999999999964,0.00320582385425419,4.12655,4.167765607672202,4.085334392327798
2025-10-08 09:45:00,4.138,4.14,4.123,4.132,47773.45,4.132,4.1276,4.138999999999999,4.136127058495585,4.133374964670033,0.0027520938255527483,0.001740606778424004,57.446808510638306,0.003230036845110608,4.1276,4.1682131946409875,4.086986805359013
2025-10-08 10:00:00,4.133,4.152,4.132,4.141,30044.82,4.141,4.129949999999999,4.13848,4.136876832417749,4.133948774703237,0.0029280577145121,0.00197809835401893,58.620689655172555,0.003083068503218144,4.129949999999999,4.167716456852044,4.0921835431479545
2025-10-08 10:15:00,4.141,4.151,4.139,4.146,26641.27,4.146,4.132949999999999,4.1382,4.138280540206816,4.134854602406501,0.003425937800314749,0.0022676675975370486,56.20437956204395,0.0030270906966929556,4.132949999999999,4.16513679036008,4.1007632096399185
2025-10-08 10:30:00,4.146,4.171,4.145,4.169,78734.69,4.169,4.1364,4.13824,4.143007019922692,4.137418337437012,0.005588682485679897,0.0029318730602532882,63.29113924050632,0.0031606191466945588,4.1364,4.168507713452651,4.1042922865473495
2025-10-08 10:45:00,4.169,4.178,4.161,4.177,54549.61,4.177,4.13995,4.13834,4.148237092095586,4.140387247860821,0.00784984423476498,0.0039154702392147885,61.58940397350977,0.003166986166642952,4.13995,4.173570012836964,4.106329987163035
2025-10-08 11:00:00,4.177,4.185,4.163,4.181,66715.93,4.181,4.143,4.138660000000001,4.153277851754934,4.143430657504443,0.009847194250490965,0.005101817882208262,62.09150326797387,0.0031101349044488427,4.143,4.179906710272764,4.1060932897272355
2025-10-08 11:15:00,4.181,4.181,4.162,4.163,43863.64,4.163,4.1456,4.1386,4.154773645281516,4.144895866232876,0.009877779048640178,0.0060570119452829484,52.795031055900736,0.0032481673685249976,4.1456,4.180273818425585,4.110926181574415
2025-10-08 11:30:00,4.163,4.163,4.147,4.148,35554.22,4.148,4.1472,4.13838,4.153731499781222,4.145128095530164,0.008603404251058322,0.006566291186906189,50.0,0.0033788153442419386,4.1472,4.178952994056922,4.115447005943078
2025-10-08 11:45:00,4.148,4.158,4.148,4.153,29177.29,4.153,4.1484,4.1382200000000005,4.153618957129317,4.145716580856911,0.007902376272405753,0.006833508531613614,58.44155844155838,0.0033224290995955757,4.1484,4.179051865230443,4.117748134769556
2025-10-08 12:00:00,4.153,4.166,4.147,4.16,77943.33,4.16,4.150049999999999,4.13844,4.154600687210677,4.146783646701122,0.007817040509555007,0.007030215120131153,49.60629921259865,0.0033310548335590546,4.150049999999999,4.179375577124487,4.1207244228755116
2025-10-08 12:15:00,4.16,4.16,4.146,4.154,60333.27,4.154,4.150650000000001,4.13874,4.154508271310204,4.1473224152119395,0.007185856098264942,0.0070613433401822846,53.84615384615397,0.003264654809929512,4.150650000000001,4.179772427602687,4.121527572397314
2025-10-08 12:30:00,4.154,4.16,4.14,4.156,30704.97,4.156,4.151249999999999,4.1389000000000005,4.154737773250187,4.1479698993888245,0.006767873861362794,0.007002649407575608,59.090909090908795,0.003264647333202637,4.151249999999999,4.180289899956331,4.1222101000436675
2025-10-08 12:45:00,4.156,4.158,4.139,4.144,63503.71,4.144,4.15075,4.13868,4.153085776350239,4.147673842870782,0.0054119334794568985,0.006684506062190414,53.278688524590144,0.0032863031964395334,4.15075,4.1799345308700575,4.121565469129943
2025-10-08 13:00:00,4.143,4.152,4.135,4.149,53105.59,4.149,4.1508,4.1382,4.152457185139777,4.147772691915616,0.004684493224161201,0.006284503333889671,54.40000000000002,0.00328333814308882,4.1508,4.179968115252249,4.121631884747751
2025-10-08 13:15:00,4.15,4.155,4.129,4.132,136497.61,4.132,4.15105,4.13742,4.149309882532044,4.1465975727821585,0.0027123097498851223,0.005570064387476937,50.0,0.003211032560675219,4.15105,4.179434391559633,4.122665608440366
2025-10-08 13:30:00,4.133,4.152,4.122,4.132,67915.87,4.132,4.1495999999999995,4.1368,4.14664679263962,4.145510470734703,0.0011363219049176365,0.004683315662973035,46.456692913385716,0.002572288295995453,4.1495999999999995,4.1787955295784895,4.1204044704215095
2025-10-08 13:45:00,4.132,4.158,4.113,4.154,46243.92,4.154,4.150049999999999,4.13646,4.147778066468072,4.146142446960775,0.0016356195072964042,0.004073776306462736,52.77777777777776,0.002728304968179549,4.150049999999999,4.179224430044494,4.120875569955505
2025-10-08 14:00:00,4.154,4.199,4.153,4.173,132240.09,4.173,4.1518999999999995,4.1366,4.151658396317885,4.148141037750448,0.0035173585674366237,0.003962492740345752,51.42857142857157,0.0028455855147700793,4.1518999999999995,4.182000883008556,4.1217991169914425
2025-10-08 14:15:00,4.173,4.192,4.158,4.158,78823.82,4.158,4.1530000000000005,4.13636,4.152634034543154,4.148874437627639,0.0037595969155148623,0.0039219135700377175,43.5374149659867,0.002985527420931097,4.1530000000000005,4.182250281150249,4.123749718849752
2025-10-08 14:30:00,4.157,4.165,4.139,4.143,85162.89,4.143,4.15325,4.13608,4.151151866526429,4.148437580818209,0.0027142857082198546,0.003680387972238531,37.97468354430381,0.00310773876786658,4.15325,4.182042360097778,4.1244576399022215
2025-10-08 14:45:00,4.144,4.148,4.122,4.131,63870.99,4.131,4.1532,4.13532,4.148051563693594,4.147141200579125,0.0009103631144684599,0.003126382954009686,39.47368421052637,0.003161221443633504,4.1532,4.182150774919182,4.124249225080818
2025-10-08 15:00:00,4.132,4.156,4.129,4.149,35907.54,4.149,4.1536,4.1352,4.148197477595736,4.1472793539442,0.0009181236515356517,0.0026847310637476,50.3225806451614,0.003275985652189916,4.1536,4.182057909824494,4.125142090175506
2025-10-08 15:15:00,4.148,4.16,4.137,4.151,43840.77,4.151,4.15385,4.1352,4.148628636449464,4.147555818066274,0.0010728183831902882,0.0023623485102533047,49.34210526315797,0.0032671016525434174,4.15385,4.182113981170017,4.125586018829983
2025-10-08 15:30:00,4.151,4.158,4.147,4.149,29290.49,4.149,4.15285,4.135759999999999,4.1486857694783925,4.147663103774857,0.0010226657035357078,0.0020944119373520966,46.258503401360485,0.003002038792384628,4.15285,4.18025937219658,4.12544062780342
2025-10-08 15:45:00,4.148,4.148,4.132,4.137,37401.05,4.137,4.15085,4.13656,4.146887954129862,4.146871130350594,1.682377926748302e-05,0.0016788942913961871,44.444444444444315,0.0030130056987721717,4.15085,4.176628612105879,4.125071387894121
2025-10-08 16:00:00,4.137,4.157,4.128,4.156,19719.84,4.156,4.1496,4.13774,4.1482898104149895,4.147549018264953,0.0007407921500366399,0.0014912738579446433,50.0,0.003207447395649553,4.1496,4.171329436740346,4.127870563259655
2025-10-08 16:15:00,4.156,4.16,4.147,4.155,51097.84,4.155,4.1492,4.13882,4.149322149189887,4.148102208733855,0.0012199404560320204,0.001437007176363607,53.459119496855386,0.0030656111541432452,4.1492,4.1701721619998375,4.128227838000163
2025-10-08 16:30:00,4.156,4.158,4.146,4.155,15325.82,4.155,4.14955,4.13982,4.150195666070705,4.148614241153315,0.0015814249173899952,0.0014658907250792127,51.94805194805202,0.0029521658761143374,4.14955,4.170670954922591,4.128429045077408
2025-10-08 16:45:00,4.155,4.176,4.149,4.174,65029.87,4.174,4.1506,4.14128,4.153857876156228,4.150498364186494,0.0033595119697338305,0.0018446149793633188,63.46153846153871,0.003110976181429981,4.1506,4.174365521244022,4.126834478755978
2025-10-08 17:00:00,4.174,4.201,4.17,4.198,92113.97,4.198,4.152500000000001,4.14302,4.160648979766782,4.154023407362774,0.006625572404007407,0.0028008064751045784,68.33333333333356,0.0033339707492423725,4.152500000000001,4.184185959035513,4.120814040964489
2025-10-08 17:15:00,4.199,4.237,4.196,4.23,151978.46,4.23,4.1563,4.1454,4.171318377644233,4.159660785233543,0.011657592410689865,0.004572163678245787,70.00000000000018,0.0036618064144859587,4.1563,4.203280847161372,4.109319152838628
2025-10-08 17:30:00,4.23,4.241,4.215,4.219,102144.26,4.219,4.1594500000000005,4.1479,4.178654017757297,4.164063138918249,0.01459087883904786,0.006575906724907301,62.63736263736274,0.0037448406738526305,4.1594500000000005,4.214158702280931,4.1047412977190705
2025-10-08 17:45:00,4.218,4.239,4.212,4.231,74429.05,4.231,4.1638,4.1508,4.186707251279471,4.169028585354,0.017678665925471293,0.008796458577876216,70.3910614525139,0.003669649735182888,4.1638,4.2265764622332815,4.101023537766719
2025-10-08 18:00:00,4.232,4.239,4.219,4.232,58613.09,4.232,4.167949999999999,4.15344,4.193675370482916,4.1736993711739805,0.019975999308935677,0.011032366734444125,76.96969696969722,0.0036738227288113986,4.167949999999999,4.237242590930742,4.098657409069257
2025-10-08 18:15:00,4.232,4.234,4.212,4.212,52638.36,4.212,4.171950000000001,4.1555599999999995,4.196494545629495,4.176539966695005,0.01995457893448993,0.012816809181065265,73.4104046242773,0.0037220678756236403,4.171950000000001,4.241739080732406,4.102160919267596
2025-10-08 18:30:00,4.213,4.227,4.203,4.206,42719.27,4.206,4.17565,4.15728,4.197956923828351,4.178724692342413,0.019232231485938556,0.014099893645843343,67.70186335403743,0.0037550065110814874,4.17565,4.244359227144084,4.106940772855916
2025-10-08 18:45:00,4.207,4.233,4.204,4.221,55776.8,4.221,4.179,4.15948,4.2015020137078505,4.181859519376186,0.01964249433166465,0.015208413785636374,70.11494252873577,0.0036653631204637046,4.179,4.249767224051821,4.10823277594818
2025-10-08 19:00:00,4.22,4.223,4.2,4.209,157795.64,4.209,4.1808,4.16134,4.202655550401267,4.1838719003715745,0.01878365002969229,0.0159234610358041,66.30434782608683,0.003639263176051432,4.1808,4.2527461787142276,4.108853821285772
2025-10-08 19:15:00,4.21,4.234,4.195,4.219,445919.59,4.219,4.1838500000000005,4.16314,4.205170081737324,4.186476348584203,0.018693733153121173,0.016477515460108408,72.52747252747268,0.0035346228313435824,4.1838500000000005,4.256890075517346,4.110809924482655
2025-10-08 19:30:00,4.22,4.23,4.214,4.216,65148.81,4.216,4.1875,4.16492,4.206836223360917,4.188665127415457,0.01817109594546018,0.016816231557590024,68.07228915662662,0.0034042965390714583,4.1875,4.25922902224051,4.11577097775949
2025-10-08 19:45:00,4.216,4.223,4.211,4.219,42174.17,4.219,4.1919,4.16646,4.208707573948006,4.190913907028566,0.017793666919439843,0.017011718630149872,69.04761904761895,0.0032872724651526785,4.1919,4.25972609341079,4.124073906589211
2025-10-08 20:00:00,4.22,4.223,4.208,4.219,25910.83,4.219,4.1954,4.16796,4.210291024349647,4.192995860249181,0.017295164100466387,0.017068407724257224,69.04761904761895,0.0032004587181495613,4.1954,4.26109595036787,4.129704049632131
2025-10-08 20:15:00,4.22,4.228,4.22,4.222,25223.32,4.222,4.19895,4.16932,4.212092405449763,4.195145751062708,0.01694665438705467,0.01704405705680158,65.78947368421044,0.003199513547381208,4.19895,4.262170499673351,4.135729500326649
2025-10-08 20:30:00,4.223,4.223,4.213,4.218,30506.96,4.218,4.2024,4.17072,4.213001266248344,4.196839706053754,0.016161560194589697,0.016867557684271426,57.57575757575733,0.0032114104218194384,4.2024,4.261542646470882,4.143257353529118
2025-10-08 20:45:00,4.218,4.218,4.191,4.194,56263.9,4.194,4.20525,4.17206,4.210077994249632,4.196629236930245,0.013448757319387106,0.01618379761102252,35.48387096774191,0.0034352050571734437,4.20525,4.256024527389034,4.154475472610967
2025-10-08 21:00:00,4.195,4.207,4.193,4.204,14987.27,4.204,4.207649999999999,4.1729199999999995,4.209142918138637,4.197175509034827,0.011967409103809779,0.015340519909311567,43.90243902439007,0.003337254991022981,4.207649999999999,4.2528549135661935,4.162445086433805
2025-10-08 21:15:00,4.205,4.223,4.205,4.218,15800.02,4.218,4.2108,4.17438,4.210505546206816,4.198718821629546,0.011786724577270036,0.014629760842722281,44.80000000000011,0.0033862207107739806,4.2108,4.248756207452948,4.172843792547051
2025-10-08 21:30:00,4.218,4.222,4.214,4.218,41019.37,4.218,4.2139500000000005,4.176019999999999,4.211658539162161,4.200147706628067,0.011510832534094462,0.014005975180869648,44.35483870967739,0.0033862207107739806,4.2139500000000005,4.241414618387275,4.186485381612726
2025-10-08 21:45:00,4.218,4.218,4.199,4.208,14350.7,4.208,4.21565,4.17746,4.211095686956895,4.200729602921378,0.010366084035517531,0.01327799695168059,48.245614035087925,0.003330018579531544,4.21565,4.235986899313439,4.195313100686561
2025-10-08 22:00:00,4.208,4.222,4.205,4.217,27265.73,4.217,4.2166,4.1790400000000005,4.2120040428458285,4.201935287425393,0.010068755420435949,0.012636148645347985,54.70085470085433,0.00311634811239073,4.2166,4.23516312133465,4.1980368786653495
2025-10-08 22:15:00,4.218,4.224,4.213,4.218,14354.67,4.218,4.216,4.18076,4.212926497823686,4.203125695719644,0.009800802104042106,0.012069079337027666,48.54368932038832,0.0025868920391668524,4.216,4.23348382711328,4.198516172886721
2025-10-08 22:30:00,4.218,4.219,4.213,4.214,12682.86,4.214,4.21575,4.18222,4.213091652009363,4.203931468982084,0.009160183027279167,0.011487300075029424,52.63157894736881,0.002529898884977191,4.21575,4.233196157773372,4.198303842226628
2025-10-08 22:45:00,4.215,4.215,4.203,4.203,15980.62,4.203,4.2143500000000005,4.18336,4.211539090124338,4.203862449925931,0.007676640198407192,0.010725168099654106,41.66666666666667,0.0024945217462999723,4.2143500000000005,4.231124353858471,4.19757564614153
2025-10-08 23:00:00,4.203,4.203,4.188,4.194,36712.73,4.194,4.2124500000000005,4.183859999999999,4.208840768511702,4.203131688737073,0.005709079774629089,0.009721950434595531,39.215686274509714,0.0025226603266543233,4.2124500000000005,4.229414048672684,4.195485951327317
2025-10-08 23:15:00,4.194,4.206,4.189,4.206,24535.59,4.206,4.212149999999999,4.18444,4.208403727194665,4.2033442126103475,0.005059514584317526,0.008789463264500096,44.14414414414422,0.0024135881461912574,4.212149999999999,4.229358015268311,4.194941984731688
2025-10-08 23:30:00,4.206,4.21,4.194,4.197,38563.59,4.197,4.2116999999999996,4.18476,4.20664930760063,4.202874155487871,0.003775152112758917,0.007786601034117587,40.83333333333331,0.0024398954127633032,4.2116999999999996,4.230019963226828,4.1933800367731715
2025-10-08 23:45:00,4.197,4.198,4.192,4.194,20991.65,4.194,4.21035,4.18538,4.204703260253406,4.202216661115746,0.002486599137659695,0.006726600654797028,38.333333333333236,0.0022837148086716484,4.21035,4.2297328464587345,4.190967153541266
2025-10-09 00:00:00,4.194,4.198,4.176,4.177,58024.16,4.177,4.20875,4.18596,4.20044122016985,4.20034836689434,9.28532755102296e-05,0.005399851178910649,34.5864661654135,0.0023686069998875695,4.20875,4.233218024246495,4.184281975753505
2025-10-09 00:15:00,4.178,4.196,4.176,4.178,73600.02,4.178,4.2067,4.186459999999999,4.196988724728554,4.19869260949001,-0.0017038847614561092,0.003979103990812437,42.7272727272728,0.002284516159793364,4.2067,4.234230652772973,4.179169347227027
2025-10-09 00:30:00,4.178,4.183,4.169,4.174,33192.34,4.174,4.2046,4.1867399999999995,4.193451997820757,4.196863197049338,-0.003411199228581019,0.0025010433469130552,35.57692307692352,0.002286458453856636,4.2046,4.235361561797335,4.173838438202665
2025-10-09 00:45:00,4.174,4.183,4.169,4.17,35658.99,4.17,4.20215,4.18706,4.189843998133167,4.1948729979323724,-0.005028999799205458,0.0009950347176724877,24.468085106383285,0.002270397362965859,4.20215,4.235756233757581,4.1685437662424185
2025-10-09 01:00:00,4.17,4.172,4.146,4.146,63598.4,4.146,4.1985,4.186859999999999,4.1830987676149824,4.191252215468236,-0.008153447853253226,-0.0008346617965290469,19.491525423729087,0.0025413878667460478,4.1985,4.239454403400556,4.157545596599444
2025-10-09 01:15:00,4.146,4.161,4.14,4.142,64623.62,4.142,4.1945,4.18682,4.176775880260919,4.187603380306849,-0.010827500045929916,-0.0028332294464235444,20.53571428571462,0.0025140204399090984,4.1945,4.241036912344148,4.147963087655851
2025-10-09 01:30:00,4.143,4.145,4.128,4.128,41935.05,4.128,4.1899999999999995,4.186400000000001,4.169271898653515,4.183187729177863,-0.01391583052434786,-0.005049749662021117,11.965811965812748,0.002571912272552661,4.1899999999999995,4.243806671470529,4.13619332852947
2025-10-09 01:45:00,4.128,4.145,4.128,4.143,37038.48,4.143,4.18745,4.1866200000000005,4.165230068078309,4.180210494558324,-0.014980426480014408,-0.007035885025628886,21.37404580152689,0.0025360778402460306,4.18745,4.245151500482183,4.1297484995178175
2025-10-09 02:00:00,4.142,4.143,4.105,4.12,81125.41,4.12,4.18325,4.186380000000001,4.15827159604714,4.175749950484386,-0.017478354437246324,-0.00912437890796004,18.666666666666828,0.00266092249619741,4.18325,4.247711738957883,4.118788261042117
2025-10-09 02:15:00,4.12,4.123,4.101,4.104,70942.68,4.104,4.17755,4.18538,4.14992211971278,4.170434579442273,-0.020512459729492782,-0.011401995072273274,18.064516129032427,0.002527904839144756,4.17755,4.248869813442509,4.106230186557491
2025-10-09 02:30:00,4.103,4.112,4.08,4.084,82777.84,4.084,4.17085,4.1836,4.139780255121629,4.164031393483391,-0.024251138361762514,-0.013971823730177156,16.867469879518225,0.0026224108541835094,4.17085,4.250821771335433,4.090878228664566
2025-10-09 02:45:00,4.085,4.092,4.065,4.076,104632.03,4.076,4.16425,4.18196,4.129967908163504,4.157509960584962,-0.027542052421457797,-0.016685869468438384,9.876543209876502,0.0026177315745201193,4.16425,4.252655465418095,4.075844534581905
2025-10-09 03:00:00,4.076,4.111,4.076,4.105,153682.57,4.105,4.15865,4.1812000000000005,4.126126691517554,4.15362000860342,-0.027493317085866664,-0.01884735899192729,24.725274725275,0.003169096633573567,4.15865,4.247175405214669,4.07012459478533
2025-10-09 03:15:00,4.105,4.117,4.091,4.1,132694.19,4.1,4.152749999999999,4.180580000000001,4.122107200510062,4.149647848572011,-0.027540648061949113,-0.020586016805933742,24.456521739130622,0.0031476076810638028,4.152749999999999,4.240344460291074,4.0651555397089245
2025-10-09 03:30:00,4.099,4.119,4.099,4.103,88996.31,4.103,4.1472,4.17966,4.119167631197857,4.146192204648809,-0.027024573450952438,-0.02187372813493872,28.235294117647328,0.0031828814481546382,4.1472,4.232489846375388,4.061910153624612
2025-10-09 03:45:00,4.103,4.116,4.102,4.11,22845.44,4.11,4.14255,4.17884,4.117757226396982,4.143511122633264,-0.025753896236281548,-0.022649761755207883,30.6818181818185,0.003237300161929405,4.14255,4.225128128874548,4.059971871125452
2025-10-09 04:00:00,4.11,4.119,4.1,4.101,27251.52,4.101,4.1379,4.17788,4.115179191564815,4.140361957032286,-0.02518276546747078,-0.023156362497660773,29.834254143646604,0.0032381281124469192,4.1379,4.218734854389743,4.057065145610257
2025-10-09 04:15:00,4.101,4.123,4.1,4.119,35965.29,4.119,4.1335500000000005,4.17752,4.11576700824751,4.138779499788215,-0.023012491540704616,-0.023127588306269528,36.92307692307701,0.0033528825912901706,4.1335500000000005,4.208071561697909,4.059028438302092
2025-10-09 04:30:00,4.12,4.12,4.106,4.11,57376.46,4.11,4.1292,4.1766,4.114879776208973,4.136647572649802,-0.02176779644082938,-0.02285562993318139,40.0000000000002,0.0033536785608357525,4.1292,4.198069365277202,4.060330634722798
2025-10-09 04:45:00,4.111,4.126,4.111,4.124,38651.4,4.124,4.1257,4.17598,4.116282887562052,4.135710669704491,-0.01942778214243912,-0.022170060375032715,45.26315789473669,0.0034982924201184197,4.1257,4.187450261026514,4.063949738973486
2025-10-09 05:00:00,4.125,4.13,4.116,4.116,25520.36,4.116,4.122649999999999,4.1752,4.116239366398643,4.134250554133961,-0.018011187735317513,-0.021338285847089467,46.7391304347825,0.003427165971962132,4.122649999999999,4.179568316356359,4.06573168364364
2025-10-09 05:15:00,4.115,4.119,4.105,4.113,25300.99,4.113,4.1194,4.173979999999999,4.115741002337158,4.132676373164911,-0.016935370827753538,-0.0204577028432221,41.27906976744208,0.003419585772239416,4.1194,4.170093713925687,4.068706286074312
2025-10-09 05:30:00,4.114,4.124,4.105,4.114,38305.11,4.114,4.1164000000000005,4.1723,4.115473155823678,4.1312928845310735,-0.015819728707395342,-0.019530108016056598,47.99999999999993,0.003426802791714178,4.1164000000000005,4.160109086132369,4.072690913867632
2025-10-09 05:45:00,4.114,4.114,4.092,4.106,149370.81,4.106,4.1132,4.16982,4.114015747235094,4.129419270336289,-0.015403523101195304,-0.018704791033084235,50.7042253521126,0.0034375209578878943,4.1132,4.149051154279303,4.077348845720697
2025-10-09 06:00:00,4.106,4.107,4.083,4.091,68833.82,4.091,4.11045,4.16726,4.1104748630444075,4.126573303956323,-0.016098440911915368,-0.018183521008850408,52.554744525547655,0.0033066224810769256,4.11045,4.144076274188349,4.076823725811652
2025-10-09 06:15:00,4.091,4.099,4.081,4.095,53089.23,4.095,4.1081,4.16454,4.108094114883347,4.124234468789747,-0.01614035390640023,-0.01777488758836034,57.14285714285724,0.0033257446399852,4.1081,4.138892343545972,4.077307656454028
2025-10-09 06:30:00,4.095,4.105,4.093,4.095,49414.25,4.095,4.106450000000001,4.1618,4.10607963567025,4.122068890931683,-0.01598925526143269,-0.017417761122974787,45.19230769230729,0.0032604163097117995,4.106450000000001,4.1362738689290195,4.076626131070982
2025-10-09 06:45:00,4.096,4.105,4.082,4.088,142781.58,4.088,4.1037,4.15932,4.103298153259122,4.119545202856756,-0.016247049597633456,-0.017183618817906504,44.33962264150949,0.003129089986250564,4.1037,4.129156671134767,4.078243328865232
2025-10-09 07:00:00,4.088,4.095,4.08,4.089,76520.4,4.089,4.10215,4.15698,4.101098437372889,4.117282540011991,-0.01618410263910164,-0.016983715582145523,43.269230769230916,0.0029135177976931776,4.10215,4.1271996349379965,4.0771003650620035
2025-10-09 07:15:00,4.089,4.095,4.074,4.082,63270.05,4.082,4.10105,4.1541999999999994,4.098160216238357,4.114668959464122,-0.016508743225765343,-0.016888721110869483,36.53846153846098,0.0028146120960919558,4.10105,4.127642242636183,4.074457757363817
2025-10-09 07:30:00,4.082,4.082,4.06,4.063,109391.23,4.063,4.1,4.15128,4.09275095220131,4.1108415490432675,-0.01809059684195713,-0.017129096257087018,33.33333333333282,0.002796129083840344,4.1,4.130758824151103,4.069241175848896
2025-10-09 07:45:00,4.062,4.078,4.054,4.056,92951.18,4.056,4.099,4.14802,4.087096959554622,4.1067791333662065,-0.019682173811584214,-0.01763971176798647,19.417475728154614,0.0027890448138889025,4.099,4.134045834650018,4.063954165349982
2025-10-09 08:00:00,4.057,4.061,4.032,4.032,202421.91,4.032,4.09535,4.14434,4.078620504238104,4.101239838926121,-0.022619334688017467,-0.018635636351992686,16.949152542372104,0.002485578141550518,4.09535,4.141280267511575,4.049419732488425
2025-10-09 08:15:00,4.032,4.039,4.001,4.001,231071.07,4.001,4.090400000000001,4.1399799999999995,4.066678888200968,4.093814542328691,-0.027135654127723008,-0.020335639907138773,4.444444444444031,0.002914148458123329,4.090400000000001,4.152657191510199,4.028142808489802
2025-10-09 08:30:00,4.002,4.019,3.996,4.004,269087.79,4.004,4.08545,4.13568,4.057035982323552,4.087161510938294,-0.03012552861474216,-0.022293617648659468,6.9230769230759535,0.002914788526931074,4.08545,4.158326174721963,4.012573825278037
2025-10-09 08:45:00,4.004,4.017,3.982,3.987,186493.9,3.987,4.0793,4.130979999999999,4.046261215811911,4.079742034093268,-0.033480818281357294,-0.024531057775199053,6.249999999999119,0.002904518532833573,4.0793,4.163355370222008,3.9952446297779924
2025-10-09 09:00:00,3.987,4.012,3.987,4.008,97723.29,4.008,4.07465,4.12678,4.04037487491762,4.074427739268322,-0.034052864350702094,-0.026435419090299672,17.682926829267927,0.0032689561243471896,4.07465,4.163786855157501,3.985513144842499
2025-10-09 09:15:00,4.009,4.019,3.997,4.014,88665.6,4.014,4.0694,4.12318,4.036317201853283,4.069951555780403,-0.033634353927119776,-0.027875206057663696,21.604938271604723,0.0030693078162611362,4.0694,4.159896641403226,3.9789033585967735
2025-10-09 09:30:00,4.014,4.024,4.01,4.016,161662.69,4.016,4.0647,4.11942,4.033191478491181,4.065955099059753,-0.03276362056857174,-0.028852888959845308,24.832214765100318,0.003086529638215341,4.0647,4.156077988827214,3.9733220111727867
2025-10-09 09:45:00,4.016,4.027,4.014,4.02,209657.66,4.02,4.0595,4.11546,4.031162020261737,4.062550982013891,-0.03138896175215411,-0.029360103518307066,24.832214765100318,0.0029429091440009076,4.0595,4.14847427185784,3.97052572814216
2025-10-09 10:00:00,4.02,4.031,4.016,4.025,140334.6,4.025,4.05495,4.1116,4.030214017144535,4.059769400830111,-0.029555383685575976,-0.029399159551760846,27.272727272727323,0.0029906067010717894,4.05495,4.141018455007451,3.9688815449925485
2025-10-09 10:15:00,4.025,4.026,4.005,4.01,380170.36,4.01,4.0498,4.10764,4.027104168353033,4.056082745460308,-0.02897857710727436,-0.02931504306286355,25.925925925925824,0.003044975195098711,4.0498,4.133537937073136,3.9660620629268646
2025-10-09 10:30:00,4.01,4.034,4.01,4.031,173694.14,4.031,4.04565,4.10392,4.027703527067956,4.054224748875569,-0.02652122180761296,-0.028756278811813436,34.06593406593383,0.003363094266616628,4.04565,4.124047838316073,3.9672521616839282
2025-10-09 10:45:00,4.031,4.04,4.02,4.03,67605.57,4.03,4.04185,4.10016,4.0280568305959665,4.052430309226095,-0.024373478630128176,-0.027879718775476382,35.227272727272705,0.0033597586837108093,4.04185,4.115131792094852,3.9685682079051485
2025-10-09 11:00:00,4.029,4.037,4.027,4.03,67974.14,4.03,4.0388,4.096480000000001,4.028355779735051,4.050768793001851,-0.02241301326680034,-0.026786377673741174,39.490445859872665,0.003302641125829913,4.0388,4.108456601304289,3.9691433986957114
2025-10-09 11:15:00,4.03,4.052,4.029,4.044,74727.92,4.044,4.03625,4.0933,4.030762582852749,4.050267397620153,-0.01950481476740329,-0.025330065092473594,46.34146341463396,0.0034164062967767107,4.03625,4.10079007323077,3.97170992676923
2025-10-09 11:30:00,4.044,4.049,4.031,4.049,47823.5,4.049,4.03395,4.0904,4.033568339336955,4.050173515741532,-0.01660517640457737,-0.023585087354894348,55.862068965517416,0.0034393416995727897,4.03395,4.092692883107582,3.9752071168924177
2025-10-09 11:45:00,4.048,4.049,4.035,4.037,36507.4,4.037,4.0314,4.08702,4.0340962871312716,4.0491976942419265,-0.015101407110654996,-0.021888351306046477,64.28571428571418,0.003472695667983394,4.0314,4.084412014527012,3.9783879854729873
2025-10-09 12:00:00,4.037,4.059,4.032,4.052,149177.65,4.052,4.0295499999999995,4.0841199999999995,4.036850704495701,4.049405273533231,-0.012554569037529717,-0.020021594852343127,67.39130434782612,0.0036025772914477653,4.0295499999999995,4.07631244557111,3.9827875544288887
2025-10-09 12:15:00,4.052,4.061,4.047,4.052,85327.07,4.052,4.0280499999999995,4.08128,4.0391813653425235,4.049597476425661,-0.010416111083137558,-0.018100498098502015,76.8595041322311,0.0035912917436490884,4.0280499999999995,4.0693319573179565,3.986768042682042
2025-10-09 12:30:00,4.053,4.079,4.045,4.074,79533.14,4.074,4.0286,4.07922,4.044538078366764,4.051405078879753,-0.006867000512989385,-0.01585379858139949,77.04918032786861,0.0036641408051574917,4.0286,4.072077277792109,3.9851227222078913
2025-10-09 12:45:00,4.073,4.077,4.061,4.07,72477.85,4.07,4.0293,4.07706,4.0484552970795775,4.052782486170037,-0.004327189090459704,-0.013548476683211533,73.33333333333333,0.00364800656556648,4.0293,4.075027338362142,3.9835726616378575
2025-10-09 13:00:00,4.07,4.074,4.049,4.05,66060.21,4.05,4.0302,4.07458,4.04869294368272,4.05257637529004,-0.003883431607319743,-0.011615467668033175,62.318840579710006,0.003565751200698627,4.0302,4.076850322952586,3.9835496770474137
2025-10-09 13:15:00,4.051,4.064,4.049,4.055,45230.39,4.055,4.0329,4.072279999999999,4.049663260039226,4.052755903686158,-0.0030926436469318475,-0.00991090286381291,62.58992805755391,0.003042889065942891,4.0329,4.078677034002945,3.9871229659970537
2025-10-09 13:30:00,4.055,4.055,4.023,4.031,86158.37,4.031,4.034249999999999,4.06998,4.046791989263957,4.051144349946955,-0.004352360682998047,-0.008799194427649938,51.898734177214976,0.0033808306940476436,4.034249999999999,4.07798544870795,3.9905145512920486
2025-10-09 13:45:00,4.031,4.048,4.012,4.014,97987.63,4.014,4.0356000000000005,4.06742,4.0417470678387275,4.048392908210558,-0.00664584037183058,-0.008368523616486066,51.25000000000014,0.0033788051923084187,4.0356000000000005,4.074605532671007,3.9965944673289946
2025-10-09 14:00:00,4.014,4.04,4.003,4.037,127778.59,4.037,4.03705,4.0656,4.041016749709692,4.047548986696266,-0.006532236986574347,-0.008001266290503722,51.851851851851926,0.0034156894248010506,4.03705,4.073827996854547,4.000272003145453
2025-10-09 14:15:00,4.036,4.042,4.007,4.01,72017.25,4.01,4.036849999999999,4.06294,4.0362449420620425,4.044767572988165,-0.008522630926122154,-0.008105539217627408,44.68085106382966,0.0037473140580975453,4.036849999999999,4.07419490735381,3.9995050926461886
2025-10-09 14:30:00,4.009,4.009,3.98,3.99,187355.18,3.99,4.03555,4.06034,4.0291303355909545,4.0407107058896745,-0.011580370298720055,-0.008800505433845937,40.384615384615344,0.003903127588966228,4.03555,4.077479640313788,3.9936203596862114
2025-10-09 14:45:00,3.99,4.022,3.981,4.017,131538.54,4.017,4.0354,4.0586,4.027264130115422,4.038954353360708,-0.011690223245286013,-0.009378448996133952,43.8914027149323,0.004206835140464985,4.0354,4.077584556914904,3.9932154430850955
2025-10-09 15:00:00,4.017,4.034,4.017,4.024,46032.21,4.024,4.035349999999999,4.0574,4.026761956251511,4.037846621178594,-0.0110846649270826,-0.009719692182323682,44.39461883408061,0.004216245708030375,4.035349999999999,4.077588794839285,3.993111205160714
2025-10-09 15:15:00,4.023,4.032,4.002,4.002,56174.22,4.002,4.03495,4.0559199999999995,4.022952424520508,4.035191310793373,-0.012238886272864846,-0.010223531000431916,42.48927038626602,0.004313957755089348,4.03495,4.078335542098255,3.9915644579017453
2025-10-09 15:30:00,4.003,4.011,3.985,3.986,74757.13,3.986,4.0327,4.05354,4.017267436132736,4.031547503497513,-0.01428006736477716,-0.011034838273300965,35.89743589743594,0.004206562534765901,4.0327,4.081301927620442,3.9840980723795587
2025-10-09 15:45:00,3.987,4.016,3.987,4.004,32772.01,4.004,4.0314,4.05162,4.015226292112314,4.02950694431436,-0.014280652202045552,-0.011684001059049884,40.47619047619039,0.00435691159798125,4.0314,4.081668332607711,3.981131667392288
2025-10-09 16:00:00,4.005,4.019,4.0,4.002,27357.21,4.002,4.029999999999999,4.049600000000001,4.013191477941188,4.027469389769256,-0.014277911828068035,-0.012202783212853516,34.48275862068948,0.004356445189878146,4.029999999999999,4.0819635499780125,3.9780364500219867
2025-10-09 16:15:00,4.003,4.016,3.987,4.008,51256.47,4.008,4.0282,4.04756,4.012392789027159,4.026027210708222,-0.013634421681062214,-0.012489110906495257,36.75213675213659,0.004287295947719416,4.0282,4.080613738656975,3.9757862613430253
2025-10-09 16:30:00,4.008,4.009,3.992,4.003,70028.76,4.003,4.0259,4.0456,4.0109477445614425,4.024321489161246,-0.013373744599803672,-0.01266603764515694,39.26940639269401,0.0042721811345971,4.0259,4.078507383912403,3.973292616087597
2025-10-09 16:45:00,4.002,4.005,3.962,3.974,107869.23,3.974,4.02275,4.0427,4.005263476167373,4.020593966922714,-0.015330490755340875,-0.01319892826719373,33.33333333333327,0.004499984930490003,4.02275,4.079906755828545,3.9655932441714556
2025-10-09 17:00:00,3.974,4.009,3.97,4.003,44546.48,4.003,4.020300000000001,4.04056,4.004915249064701,4.019290708649419,-0.014375459584718087,-0.013434234530698601,44.354838709677445,0.004752368666637829,4.020300000000001,4.076368003822442,3.9642319961775585
2025-10-09 17:15:00,4.002,4.018,3.999,4.005,28125.48,4.005,4.017950000000001,4.03818,4.004928287670132,4.018232136537145,-0.013303848867013635,-0.013408157397961609,48.0686695278969,0.004756985231630362,4.017950000000001,4.072338369499775,3.9635616305002266
2025-10-09 17:30:00,4.004,4.024,4.004,4.016,39459.35,4.016,4.01505,4.03618,4.006631628028573,4.0180667929306875,-0.011435164902114714,-0.013013558898792231,45.248868778280524,0.00461452470927097,4.01505,4.0626114837536,3.967488516246399
2025-10-09 17:45:00,4.017,4.038,4.014,4.035,61553.43,4.035,4.0133,4.03462,4.010995992947254,4.019321105684132,-0.008325112736878637,-0.012075869666409514,55.8685446009391,0.0047707625975968995,4.0133,4.054498364811724,3.972101635188277
2025-10-09 18:00:00,4.034,4.04,4.023,4.034,46461.62,4.034,4.0125,4.0330200000000005,4.014535070955368,4.020408432086929,-0.005873361131560451,-0.010835367959439702,61.34020618556696,0.004652090187004263,4.0125,4.051246137328729,3.9737538626712716
2025-10-09 18:15:00,4.034,4.039,4.024,4.029,54238.16,4.029,4.0112,4.03148,4.016760444654543,4.021044845011557,-0.004284400357013496,-0.00952517443895446,53.488372093023145,0.004645170840314036,4.0112,4.045422799417961,3.9769772005820387
2025-10-09 18:30:00,4.028,4.033,4.02,4.025,18506.09,4.025,4.0109,4.03016,4.018028068553844,4.021337819662569,-0.003309751108725223,-0.008282089772908613,50.29585798816579,0.004459077608960281,4.0109,4.044491352270644,3.9773086477293575
2025-10-09 18:45:00,4.025,4.029,4.018,4.018,41791.04,4.018,4.0111,4.02862,4.018023750314791,4.0210905735995555,-0.003066823284764375,-0.007239036475279765,55.194805194805234,0.00437118653734664,4.0111,4.044816464820648,3.9773835351793516
2025-10-09 19:00:00,4.017,4.03,4.016,4.027,17115.23,4.027,4.0106,4.02726,4.019404711804824,4.021528309154179,-0.0021235973493549665,-0.006215948650094806,63.945578231292515,0.0041991546031115955,4.0106,4.042968925969563,3.978231074030437
2025-10-09 19:15:00,4.028,4.044,4.022,4.042,41684.52,4.042,4.0122,4.02634,4.022880909988697,4.023044731550585,-0.0001638215618884331,-0.005005523232453532,63.19444444444452,0.003981238648712037,4.0122,4.0474769493847855,3.976923050615215
2025-10-09 19:30:00,4.042,4.042,4.026,4.029,16426.22,4.029,4.01415,4.02514,4.023822308451974,4.0234858627764005,0.0003364456755736711,-0.003937129450848091,58.70967741935487,0.0038732001377126766,4.01415,4.048560983558677,3.9797390164413224
2025-10-09 19:45:00,4.029,4.038,4.026,4.035,40532.48,4.035,4.01505,4.0242,4.025541953305517,4.024338762240968,0.00120319106454847,-0.0029090653477687784,58.70967741935487,0.0035929449383636297,4.01505,4.0506942953286424,3.9794057046713562
2025-10-09 20:00:00,4.036,4.052,4.029,4.029,17966.87,4.029,4.015300000000001,4.0235199999999995,4.026073960489284,4.024684039266055,0.001389921223228896,-0.0020492680335692437,58.333333333333236,0.00359394599768583,4.015300000000001,4.051277185753457,3.9793228142465447
2025-10-09 20:15:00,4.028,4.037,4.025,4.025,22618.22,4.025,4.01645,4.0229,4.025908735798625,4.024707443774534,0.0012012920240911384,-0.001399156022037167,69.46564885496186,0.0033630842142348557,4.01645,4.0521061059951675,3.980793894004832
2025-10-09 20:30:00,4.026,4.033,4.025,4.033,11774.31,4.033,4.018800000000001,4.02292,4.026999699521913,4.025321707433602,0.0016779920883109867,-0.0007837263999675362,63.636363636363704,0.0032247116545095367,4.018800000000001,4.05212519198826,3.985474808011741
2025-10-09 20:45:00,4.034,4.039,4.029,4.039,37922.99,4.039,4.02055,4.02368,4.028845899595464,4.026334914649223,0.002510984946241024,-0.00012478413072582406,64.91228070175433,0.003099401119514527,4.02055,4.054276297719975,3.986823702280025
2025-10-09 21:00:00,4.038,4.043,4.031,4.042,60498.2,4.042,4.022550000000001,4.02444,4.030869607350008,4.027495291722405,0.0033743156276022646,0.0005750358209397939,62.264150943396146,0.0030920249285736248,4.022550000000001,4.056388470787918,3.9887115292120834
2025-10-09 21:15:00,4.043,4.05,4.033,4.033,22725.01,4.033,4.0238,4.02536,4.031197360065391,4.02790304801493,0.0032943120504613788,0.001118891066844111,48.958333333333435,0.00314063358118955,4.0238,4.057219817631577,3.990380182368423
2025-10-09 21:30:00,4.034,4.048,4.03,4.045,18854.48,4.045,4.0259,4.0261000000000005,4.0333208431322545,4.029169489258778,0.004151353873476538,0.0017253836281705965,55.14018691588798,0.003171812675203821,4.0259,4.059094165625609,3.992705834374391
2025-10-09 21:45:00,4.045,4.051,4.042,4.049,18152.37,4.049,4.02965,4.0268,4.035733021111907,4.030638416362752,0.0050946047491553514,0.002399227852367548,59.43396226415125,0.002591256671837219,4.02965,4.053896757786541,4.005403242213459
2025-10-09 22:00:00,4.05,4.056,4.044,4.053,26059.63,4.053,4.03215,4.02754,4.038389479402383,4.032294830364779,0.0060946490376041496,0.003138312089414868,63.20754716981125,0.0021170113452403097,4.03215,4.055103270607477,4.009196729392523
2025-10-09 22:15:00,4.054,4.063,4.052,4.062,24590.54,4.062,4.035,4.028379999999999,4.042021867186632,4.034495213791822,0.007526653394809735,0.004015980350493842,70.37037037037082,0.0021465027773752295,4.035,4.057914026961229,4.012085973038771
2025-10-09 22:30:00,4.061,4.076,4.057,4.074,23591.13,4.074,4.0379000000000005,4.02936,4.04694157992715,4.037421494856422,0.009520085070728435,0.0051168012945407605,71.17117117117142,0.0021573513127867306,4.0379000000000005,4.064989714497939,4.010810285502062
2025-10-09 22:45:00,4.074,4.102,4.073,4.083,106524.41,4.083,4.0403,4.03082,4.052489029169127,4.040797681068641,0.01169134810048611,0.006431710655729831,69.52380952380994,0.0019766657415250617,4.0403,4.074005223708854,4.006594776291147
2025-10-09 23:00:00,4.083,4.087,4.062,4.064,63288.06,4.064,4.0418,4.031479999999999,4.054259947758492,4.042516371664361,0.01174357609413157,0.007494083743410179,65.76576576576599,0.0022951596841742474,4.0418,4.076963378078555,4.006636621921445
2025-10-09 23:15:00,4.064,4.072,4.039,4.071,115046.58,4.071,4.0439,4.032299999999999,4.056835340411031,4.044626270405723,0.012209070005308575,0.008437080995789858,66.07142857142863,0.0022811527175026864,4.0439,4.080817546819343,4.006982453180656
2025-10-09 23:30:00,4.071,4.08,4.067,4.08,58894.51,4.08,4.0466500000000005,4.0333,4.06039913419395,4.047246547069982,0.01315258712396794,0.009380182221425476,72.17391304347863,0.002281726122612921,4.0466500000000005,4.085768039989652,4.007531960010349
2025-10-09 23:45:00,4.081,4.081,4.071,4.075,38951.01,4.075,4.0495,4.03392,4.062645421241034,4.049302358687275,0.0133430625537585,0.010172758287892082,71.55172413793119,0.002255792228317242,4.0495,4.0881318657669015,4.010868134233099
2025-10-10 00:00:00,4.074,4.083,4.073,4.074,34172.81,4.074,4.05185,4.03442,4.064392279511644,4.051131813837576,0.013260465674068023,0.010790299765127272,68.8073394495412,0.0022352640831859874,4.05185,4.090437017178541,4.013262982821459
2025-10-10 00:15:00,4.075,4.089,4.074,4.087,41658.87,4.087,4.0541,4.035419999999999,4.067870390356006,4.053788716836649,0.01408167351935763,0.011448574515973345,70.68965517241386,0.002198652515316906,4.0541,4.095419805369696,4.012780194630304
2025-10-10 00:30:00,4.088,4.095,4.081,4.088,17949.23,4.088,4.05705,4.03614,4.07096725337816,4.0563228862428,0.014644367135359992,0.012087733039850676,70.17543859649136,0.0020146239860994023,4.05705,4.099239921470468,4.014860078529533
2025-10-10 00:45:00,4.088,4.088,4.074,4.081,14468.3,4.081,4.05935,4.03672,4.0725107528584426,4.058150820784157,0.014359932074285986,0.012542172846737741,71.42857142857143,0.0020772661371829962,4.05935,4.101493988770328,4.017206011229672
2025-10-10 01:00:00,4.082,4.092,4.078,4.091,20113.79,4.091,4.06245,4.03706,4.0753552524186825,4.060584093551581,0.014771158867101342,0.012987970050810465,70.90909090909096,0.0020586533818661937,4.06245,4.104314317176223,4.020585682823778
2025-10-10 01:15:00,4.091,4.093,4.083,4.088,36645.5,4.088,4.065600000000001,4.03742,4.077300598200424,4.062614901616643,0.014685696583780938,0.013327515357404562,67.8899082568806,0.002047775298447919,4.065600000000001,4.105008254545406,4.026191745454596
2025-10-10 01:30:00,4.088,4.09,4.07,4.073,31842.84,4.073,4.0676000000000005,4.03788,4.076638967708051,4.063384168226689,0.013254799481361879,0.013312972182196025,58.33333333333351,0.0022524723088750863,4.0676000000000005,4.103986232214074,4.031213767785927
2025-10-10 01:45:00,4.073,4.083,4.071,4.083,24488.95,4.083,4.0698,4.0384400000000005,4.077617588060658,4.064837192912901,0.012780395147757417,0.013206456775308306,58.67768595041322,0.002285044235134917,4.0698,4.104170121663406,4.035429878336593
2025-10-10 02:00:00,4.082,4.085,4.06,4.074,41642.25,4.074,4.0714,4.0393,4.077061036051326,4.065515919411551,0.011545116639775088,0.012874188748201664,50.0,0.002365191674501191,4.0714,4.103204666986225,4.039595333013774
2025-10-10 02:15:00,4.075,4.087,4.075,4.078,20097.95,4.078,4.07365,4.04058,4.077205492043429,4.066440666182051,0.010764825861378391,0.012452316170837011,47.78761061946908,0.00228533428633478,4.07365,4.0998980074431595,4.04740199255684
2025-10-10 02:30:00,4.077,4.082,4.07,4.075,129919.75,4.075,4.07515,4.04134,4.076866185575209,4.0670746909475515,0.009791494627657826,0.011920151862201175,55.67010309278354,0.0022286298388763297,4.07515,4.097668062924995,4.052631937075005
2025-10-10 02:45:00,4.074,4.075,4.062,4.07,15847.25,4.07,4.0762,4.04254,4.075809849332869,4.0672913805190944,0.008518468813774938,0.011239815252515929,49.47368421052661,0.002251306969640175,4.0762,4.095279887454134,4.057120112545866
2025-10-10 03:00:00,4.07,4.072,4.05,4.06,38177.2,4.06,4.07655,4.04394,4.07337756482012,4.066751278230489,0.006626286589630936,0.010317109519938932,39.583333333333194,0.0023234018278678868,4.07655,4.094027504338262,4.059072495661738
2025-10-10 03:15:00,4.06,4.109,4.057,4.106,91326.09,4.106,4.07875,4.04572,4.07839640100164,4.069658591093373,0.00873780990826667,0.01000124959760448,61.31386861313847,0.003404616783902922,4.07875,4.099319522676938,4.058180477323063
2025-10-10 03:30:00,4.107,4.13,4.107,4.13,101200.24,4.13,4.08155,4.04784,4.086335416232156,4.074128325284635,0.012207090947521593,0.010442417867587903,67.4999999999999,0.0035696804874550216,4.08155,4.112181768854523,4.050918231145477
2025-10-10 03:45:00,4.13,4.15,4.111,4.114,90042.18,4.114,4.0831,4.05008,4.0905915060425935,4.077081782792208,0.013509723250385797,0.011055878944147482,58.28220858895704,0.0036904491938012977,4.0831,4.117003267968536,4.049196732031464
2025-10-10 04:00:00,4.113,4.132,4.111,4.121,61191.6,4.121,4.08595,4.052779999999999,4.095269735882194,4.080334984190522,0.014934751691672687,0.011831653493652524,59.76331360946749,0.0035026354012912533,4.08595,4.122567367176605,4.049332632823396
2025-10-10 04:15:00,4.121,4.122,4.103,4.105,47165.3,4.105,4.08765,4.0548,4.096766699592626,4.082162022462937,0.014604677129689492,0.01238625822085992,56.7415730337078,0.003638332233440953,4.08765,4.124501194367546,4.050798805632454
2025-10-10 04:30:00,4.106,4.113,4.092,4.105,74212.29,4.105,4.0889,4.0568599999999995,4.09803336119376,4.083853724557851,0.01417963663590971,0.01274493390386988,54.16666666666668,0.003614639295214346,4.0889,4.1263497558139575,4.051450244186042
2025-10-10 04:45:00,4.105,4.113,4.101,4.111,75657.87,4.111,4.0907,4.0589200000000005,4.100028228702413,4.085864559836465,0.014163668865947443,0.013028680896285392,56.725146198830274,0.003604421713623061,4.0907,4.128791855739553,4.052608144260447
2025-10-10 05:00:00,4.111,4.112,4.083,4.089,61394.79,4.089,4.09145,4.06064,4.098331578132811,4.086096814669883,0.012234763462927845,0.012869897409613883,54.49438202247189,0.0038297644389037257,4.09145,4.128739620398609,4.054160379601391
2025-10-10 05:15:00,4.089,4.121,4.088,4.112,48897.63,4.112,4.092700000000001,4.063400000000001,4.100434412266224,4.08801556918842,0.012418843077803388,0.012779686543251786,57.59162303664916,0.003966351172760147,4.092700000000001,4.131023278620301,4.0543767213797
2025-10-10 05:30:00,4.112,4.125,4.098,4.125,50562.52,4.125,4.09455,4.06584,4.104213733456036,4.09075515672157,0.013458576734466376,0.012915464581494706,63.076923076923094,0.004017030153248628,4.09455,4.135406488243332,4.053693511756668
2025-10-10 05:45:00,4.124,4.149,4.124,4.146,64069.5,4.146,4.0978,4.0686599999999995,4.110642389847415,4.094847367425552,0.01579502242186326,0.013491376149568418,66.03773584905653,0.004110512671029794,4.0978,4.144096981827267,4.051503018172734
2025-10-10 06:00:00,4.147,4.151,4.134,4.139,126314.54,4.139,4.1002,4.0711200000000005,4.115005099101659,4.098117932868605,0.01688716623305453,0.01417053416626564,64.81481481481488,0.0041271159746538565,4.1002,4.149866678441051,4.050533321558949
2025-10-10 06:15:00,4.139,4.143,4.119,4.121,91737.79,4.121,4.10185,4.07284,4.115927391547557,4.099812900836495,0.01611449071106197,0.014559325475224908,61.135371179039375,0.00426507874931226,4.10185,4.152000405361203,4.051699594638796
2025-10-10 06:30:00,4.121,4.126,4.1,4.105,96216.12,4.105,4.1034500000000005,4.07426,4.114246254386395,4.100197130410928,0.014049123975467204,0.014457285175273367,59.574468085106616,0.0042760691430260124,4.1034500000000005,4.15173195696551,4.055168043034491
2025-10-10 06:45:00,4.105,4.114,4.089,4.1,85069.25,4.1,4.1043,4.07568,4.1120545229423335,4.100182528158029,0.011871994784304896,0.013940227097079674,48.453608247422615,0.0042620133770306465,4.1043,4.151655764390947,4.056944235609054
2025-10-10 07:00:00,4.099,4.101,4.076,4.09,138705.21,4.09,4.1051,4.07698,4.108661519412744,4.0994282668016035,0.009233252611140053,0.01299883219989175,38.8888888888888,0.004269347977189954,4.1051,4.150812603352482,4.0593873966475185
2025-10-10 07:15:00,4.091,4.094,4.073,4.092,94789.26,4.092,4.1058,4.07846,4.10609820873386,4.0988780248086085,0.007220183925251256,0.011843102544963654,43.37349397590348,0.004266047029139262,4.1058,4.1501744829473015,4.061425517052699
2025-10-10 07:30:00,4.091,4.101,4.078,4.101,131544.86,4.101,4.1071,4.079940000000001,4.105313868928651,4.099035208158154,0.006278660770496991,0.010730214190070322,44.04761904761885,0.004283339200107321,4.1071,4.149137076366843,4.065062923633157
2025-10-10 07:45:00,4.101,4.102,4.08,4.082,175898.46,4.082,4.1077,4.0807400000000005,4.101727119862704,4.097773340872059,0.003953778990645418,0.009374927150185342,43.274853801169364,0.004414080306101296,4.1077,4.147805649949762,4.067594350050238
2025-10-10 08:00:00,4.082,4.092,4.073,4.085,97749.38,4.085,4.10895,4.081860000000001,4.099153716806904,4.09682716746363,0.0023265493432740314,0.007965251588803079,44.252873563218216,0.004372119232177279,4.10895,4.14404070952168,4.07385929047832
2025-10-10 08:15:00,4.086,4.099,4.083,4.085,60259.16,4.085,4.1079,4.08286,4.096976221913534,4.095951080975842,0.001025140937692015,0.0065772294585808655,42.26190476190479,0.003521110430272987,4.1079,4.144582994769529,4.071217005230471
2025-10-10 08:30:00,4.084,4.087,4.062,4.068,101900.09,4.068,4.1048,4.08364,4.092518341619144,4.0938806305134925,-0.001362288894348751,0.004989325787994942,43.55828220858872,0.0033142462746522756,4.1048,4.14401116919287,4.06558883080713
2025-10-10 08:45:00,4.069,4.106,4.069,4.105,57087.2,4.105,4.104349999999999,4.08524,4.09443859675466,4.094704287519749,-0.00026569076508842215,0.003938322477378269,48.022598870056605,0.003889811780491643,4.104349999999999,4.143322459911804,4.065377540088194
2025-10-10 09:00:00,4.104,4.114,4.095,4.1,98750.32,4.1,4.1033,4.08658,4.095294197253943,4.095096562521485,0.00019763473245770768,0.0031901849283941567,42.60355029585799,0.0038733020522738345,4.1033,4.141507742395301,4.065092257604699
2025-10-10 09:15:00,4.1,4.146,4.095,4.137,136012.49,4.137,4.1049,4.08854,4.10171047459949,4.0982005208766665,0.003509953722823589,0.0032541386872800434,47.5675675675675,0.004288861582276188,4.1049,4.145979640238243,4.063820359761756
2025-10-10 09:30:00,4.136,4.138,4.118,4.119,67064.69,4.119,4.105600000000001,4.0900799999999995,4.104370401584184,4.099741223044723,0.0046291785394609875,0.0035291466577162325,44.89795918367341,0.004418453694653373,4.105600000000001,4.147161115430023,4.064038884569978
2025-10-10 09:45:00,4.119,4.128,4.097,4.106,54996.28,4.106,4.10535,4.09154,4.104621109032771,4.100204836155523,0.004416272877247884,0.0037065719016225627,46.07329842931927,0.004468298718161201,4.10535,4.146834429545735,4.063865570454264
2025-10-10 10:00:00,4.106,4.122,4.102,4.12,61446.69,4.12,4.1069,4.093039999999999,4.106987092258499,4.101671144597237,0.005315947661261866,0.004028447053550424,53.96825396825382,0.004349215547622885,4.1069,4.148127992534433,4.065672007465568
2025-10-10 10:15:00,4.121,4.13,4.115,4.119,63316.68,4.119,4.10725,4.09444,4.108835231911038,4.102954763523085,0.005880468387952753,0.00439885132043089,55.1351351351351,0.004171545724306408,4.10725,4.148778050127191,4.065721949872808
2025-10-10 10:30:00,4.118,4.126,4.11,4.119,20110.39,4.119,4.106949999999999,4.095759999999999,4.110399042386263,4.10414329956452,0.006255742821742238,0.00477022962069316,58.28571428571415,0.004108587155581607,4.106949999999999,4.148022336701281,4.065877663298718
2025-10-10 10:45:00,4.12,4.145,4.119,4.139,84910.06,4.139,4.106599999999999,4.097300000000001,4.114799189711453,4.106725277386843,0.008073912324610077,0.005430966161476544,62.17616580310876,0.0040933514929639035,4.106599999999999,4.146369864285176,4.066830135714823
2025-10-10 11:00:00,4.139,4.147,4.131,4.135,60275.06,4.135,4.1064,4.09852,4.117907006678922,4.108819701293342,0.009087305385580002,0.006162234006297236,59.042553191489155,0.004081555587211166,4.1064,4.1455187127115485,4.067281287288451
2025-10-10 11:15:00,4.135,4.151,4.132,4.148,184860.81,4.148,4.10775,4.099819999999999,4.122536697959088,4.111721945653823,0.010814752305265074,0.007092737666090805,68.13186813186778,0.0040084992114073304,4.10775,4.150669140620207,4.064830859379794
2025-10-10 11:30:00,4.148,4.168,4.145,4.164,133540.99,4.164,4.1107,4.10182,4.128915667503843,4.1155943941385384,0.013321273365304975,0.00833844480593364,70.25641025640988,0.00395320840002689,4.1107,4.160398459152203,4.061001540847796
2025-10-10 11:45:00,4.164,4.188,4.159,4.177,124329.45,4.177,4.1145499999999995,4.10394,4.136313257118636,4.120142957551593,0.016170299567042967,0.009904815758155506,72.11538461538422,0.003960269068012736,4.1145499999999995,4.172072444132227,4.057027555867772
2025-10-10 12:00:00,4.177,4.201,4.174,4.178,154635.3,4.178,4.11895,4.1059,4.142726602177308,4.124428664413503,0.01829793776380484,0.011583440159285373,78.64583333333299,0.003884618521931838,4.11895,4.181783028525465,4.056116971474535
2025-10-10 12:15:00,4.178,4.19,4.171,4.18,65165.39,4.18,4.12335,4.1080000000000005,4.148460971073106,4.128545059654477,0.019915911418629584,0.013249934411154218,73.88535031847084,0.0038847005740529532,4.12335,4.190418778523462,4.056281221476539
2025-10-10 12:30:00,4.181,4.193,4.181,4.189,72991.11,4.189,4.127750000000001,4.1103,4.154697744754167,4.133023203396209,0.021674541357958432,0.014934855800515063,77.63975155279493,0.0038840067810480606,4.127750000000001,4.199991918142029,4.0555080818579725
2025-10-10 12:45:00,4.188,4.24,4.188,4.234,202414.76,4.234,4.13535,4.11324,4.166898091715065,4.140502966126831,0.02639512558823398,0.017226909758058847,78.6982248520709,0.00420437214101022,4.13535,4.218486602870452,4.052213397129548
2025-10-10 13:00:00,4.233,4.275,4.228,4.246,350585.54,4.246,4.1434,4.1164000000000005,4.179067616066593,4.14831756124715,0.030750054819443484,0.019931538770335776,88.95705521472364,0.004201586686033873,4.1434,4.2365809784067485,4.050219021593251
2025-10-10 13:15:00,4.247,4.287,4.247,4.28,265600.27,4.28,4.153149999999999,4.12038,4.194595675133271,4.158071815991083,0.036523859142187476,0.02325000284470612,97.28260869565177,0.004384245011185208,4.153149999999999,4.260354232045276,4.045945767954723
2025-10-10 13:30:00,4.28,4.291,4.257,4.268,323523.84,4.268,4.16315,4.12392,4.20588864818969,4.166214644452807,0.039674003736883456,0.026534803023141595,90.65934065934009,0.004287661491486884,4.16315,4.274155500100796,4.052144499899204
2025-10-10 13:45:00,4.267,4.275,4.235,4.244,206451.49,4.244,4.1701,4.12704,4.211751933083584,4.171976522652376,0.0397754104312078,0.029182924504754838,80.48780487804851,0.004342817126940176,4.1701,4.283162441993217,4.057037558006782
2025-10-10 14:00:00,4.245,4.269,4.24,4.256,165659.59,4.256,4.177899999999999,4.1307,4.218559327993802,4.1782004839482765,0.040358844045525366,0.03141810841290894,81.56682027649747,0.0042949097122637805,4.177899999999999,4.292118442607026,4.0636815573929725
2025-10-10 14:15:00,4.257,4.265,4.228,4.229,238765.75,4.229,4.182499999999999,4.13362,4.220165585225525,4.181963411069315,0.03820217415620952,0.03277492156156906,70.08928571428551,0.004323667570242337,4.182499999999999,4.297192265604395,4.067807734395603
2025-10-10 14:30:00,4.228,4.236,4.216,4.234,100309.74,4.234,4.18825,4.13682,4.22229395672929,4.1858179732181116,0.036475983511178534,0.03351513395149096,71.9999999999999,0.004128519618414831,4.18825,4.301053275428349,4.075446724571651
2025-10-10 14:45:00,4.232,4.236,4.177,4.196,305852.55,4.196,4.19275,4.13918,4.218248732617091,4.186572197425225,0.03167653519186686,0.03314741419956614,59.59999999999994,0.004638926717146871,4.19275,4.2987110156713335,4.086788984328667
2025-10-10 15:00:00,4.195,4.202,4.131,4.171,575606.23,4.171,4.1953,4.1411,4.210979696829846,4.185418701318168,0.02556099551167801,0.031630130461988516,51.351351351351454,0.004860539813174629,4.1953,4.296224359377629,4.094375640622371
2025-10-10 15:15:00,4.17,4.182,4.086,4.089,519092.0,4.089,4.1937999999999995,4.14148,4.192213589625255,4.178276575286095,0.013937014339160392,0.02809150723742289,36.58536585365871,0.006652231247445157,4.1937999999999995,4.300240198184093,4.087359801815906
2025-10-10 15:30:00,4.088,4.106,4.012,4.105,1018536.55,4.105,4.193099999999999,4.14238,4.178796114298293,4.1728486808144725,0.005947433483820319,0.023662692486702375,39.35860058309047,0.0067200854294080185,4.193099999999999,4.30177217723621,4.0844278227637885
2025-10-10 15:45:00,4.105,4.106,4.048,4.058,233336.96,4.058,4.18905,4.14142,4.1602120967139395,4.164341371115826,-0.004129274401886818,0.018104299108984537,34.278350515464,0.007061402650764457,4.18905,4.311389432899212,4.066710567100788
2025-10-10 16:00:00,4.058,4.085,4.039,4.056,191342.41,4.056,4.1851,4.139939999999999,4.1441794664502565,4.156316084358919,-0.012136617908662828,0.012056115705455063,32.54593175853023,0.0070621877118140905,4.1851,4.319312557260159,4.050887442739842
2025-10-10 16:15:00,4.056,4.08,4.035,4.066,170823.37,4.066,4.181,4.13898,4.13215185622714,4.149626004030181,-0.017474147803040907,0.006150063003755869,25.722543352601193,0.007043142316082432,4.181,4.324661883748268,4.037338116251732
2025-10-10 16:30:00,4.066,4.088,4.054,4.055,113934.75,4.055,4.175549999999999,4.13766,4.120282339884503,4.142616670392635,-0.022334330508131828,0.00045318430137832825,22.318840579710084,0.006958569938337463,4.175549999999999,4.3298067579343495,4.021293242065649
2025-10-10 16:45:00,4.055,4.056,4.021,4.026,255244.88,4.026,4.168,4.13608,4.105777364517657,4.133978398505216,-0.028201033987559576,-0.005277659356409254,12.64705882352942,0.0069938916550247275,4.168,4.336116500959105,3.999883499040895
2025-10-10 17:00:00,4.025,4.034,4.004,4.012,241433.35,4.012,4.159699999999999,4.13422,4.091350077668786,4.124942961572626,-0.03359288390383952,-0.01094070426589531,12.573099415204709,0.006985778721766566,4.159699999999999,4.34156646344588,3.977833536554118
2025-10-10 17:15:00,4.013,4.039,4.009,4.034,115098.06,4.034,4.1524,4.13268,4.082526988796665,4.118206445896245,-0.035679457099580425,-0.015888454832632338,19.117647058823593,0.007166611786976327,4.1524,4.3423755108871624,3.9624244891128373
2025-10-10 17:30:00,4.035,4.036,3.99,4.0,284008.02,4.0,4.14295,4.1309,4.069830528981793,4.109450412861677,-0.03961988387988402,-0.020634740642082677,14.640883977900529,0.007253242429009704,4.14295,4.343754146528787,3.9421458534712133
2025-10-10 17:45:00,4.001,4.007,3.981,3.996,370491.16,3.996,4.13105,4.12858,4.058471986061517,4.101046678570992,-0.042574692509474765,-0.025022731015561097,15.634218289085524,0.006588374343187353,4.13105,4.337270602370622,3.924829397629378
2025-10-10 18:00:00,3.996,4.011,3.986,3.998,109437.09,3.998,4.118650000000001,4.12604,4.049168603590514,4.093413591265538,-0.044244987675023495,-0.028867182347453578,14.880952380952436,0.006502175386331933,4.118650000000001,4.325590901810402,3.9117090981895988
2025-10-10 18:15:00,3.997,4.022,3.989,4.01,80715.36,4.01,4.10515,4.12332,4.043142664576589,4.087234806724428,-0.0440921421478393,-0.031912174307530725,19.99999999999997,0.006143213355827271,4.10515,4.302790050277472,3.9075099497225283
2025-10-10 18:30:00,4.01,4.015,3.981,3.99,100000.7,3.99,4.0912500000000005,4.12034,4.034966870026344,4.080032228445391,-0.045065358419046575,-0.03454281112983389,20.32786885245899,0.006154546450854915,4.0912500000000005,4.279548615026905,3.9029513849730963
2025-10-10 18:45:00,3.99,4.002,3.971,3.978,138246.0,3.978,4.0779499999999995,4.11748,4.026202736176137,4.07247428559452,-0.04627154941838274,-0.036888558787543664,26.382978723404193,0.006131309672579292,4.0779499999999995,4.258226366784585,3.8976736332154136
2025-10-10 19:00:00,3.978,3.987,3.937,3.943,241327.47,3.943,4.0623000000000005,4.11424,4.013402315225963,4.062883597769103,-0.049481282543140104,-0.03940710353866295,18.110236220472373,0.006079358743649737,4.0623000000000005,4.231498855290387,3.893101144709614
2025-10-10 19:15:00,3.943,3.949,3.877,3.877,498880.75,3.877,4.044700000000001,4.10978,3.9924173436527375,4.049114442374012,-0.05669709872127493,-0.04286510257518535,16.849816849816804,0.006719415137478598,4.044700000000001,4.21411770242432,3.875282297575681
2025-10-10 19:30:00,3.877,3.947,3.876,3.947,319831.23,3.947,4.03035,4.10692,3.985430060013855,4.041550409603133,-0.05612034958927792,-0.04551615197800387,34.0175953079179,0.008315498279190885,4.03035,4.1796843475842715,3.881015652415729
2025-10-10 19:45:00,3.947,3.959,3.923,3.929,216531.75,3.929,4.017,4.10366,3.9767485123194155,4.033213342222639,-0.0564648299032231,-0.04770588756304772,30.372492836676244,0.008219736592187875,4.017,4.150925352342263,3.883074647657738
2025-10-10 20:00:00,3.929,3.952,3.918,3.947,204935.8,3.947,4.0058,4.10058,3.9721718181164287,4.026827168722903,-0.05465535060647442,-0.04909578017173307,34.831460674157384,0.008373375999697522,4.0058,4.121759339516281,3.889840660483719
2025-10-10 20:15:00,3.946,3.968,3.938,3.968,123449.83,3.968,3.99975,4.0983,3.9715299999446705,4.0224696006682406,-0.050939600723570067,-0.049464544282100474,41.6666666666667,0.007535171164532521,3.99975,4.109913275951747,3.8895867240482533
2025-10-10 20:30:00,3.968,3.968,3.945,3.948,90965.95,3.948,3.9919000000000002,4.09556,3.967909999953183,4.01695333395077,-0.04904333399758709,-0.049380302225197806,40.9604519774012,0.007463920040903334,3.9919000000000002,4.092439387411365,3.8913606125886355
2025-10-10 20:45:00,3.949,3.963,3.667,3.702,2407704.71,3.702,3.9741,4.0879,3.927000769191155,3.9936234573567138,-0.06662268816555894,-0.05282877941327004,21.280276816609017,0.015364254493349012,3.9741,4.133935309978083,3.814264690021917
2025-10-10 21:00:00,3.703,3.753,3.36,3.426,2898753.89,3.426,3.9426,4.07506,3.8499237277771314,3.951577275321763,-0.10165354754463163,-0.06259373303954237,15.000000000000014,0.021894116091167155,3.9426,4.231048043301063,3.6541519566989376
2025-10-10 21:15:00,3.426,3.7,0.633,2.105,5738663.613,2.105,3.8445499999999995,4.0350600000000005,3.5814739235037263,3.8147937734203894,-0.2333198499166631,-0.09673895641496652,5.755732335049132,0.08702885348755357,3.8445499999999995,4.710816149693768,2.9782838503062306
2025-10-10 21:30:00,2.101,3.032,2.036,2.865,3206911.09,2.865,3.7850500000000005,4.01036,3.471247166041615,3.7444386790807194,-0.2731915130391043,-0.1320294677397941,30.43177892918827,0.12305199696661458,3.7850500000000005,4.748476445448473,2.821623554551528
2025-10-10 21:45:00,2.865,3.204,2.782,2.886,3328508.73,2.886,3.7280500000000005,3.98534,3.3812091404967513,3.680850628768206,-0.29964148827145465,-0.16555187184612621,30.647382920110203,0.1231084079002734,3.7280500000000005,4.763643798643793,2.6924562013562077
2025-10-10 22:00:00,2.887,2.907,2.452,2.824,3841835.67,2.824,3.6686500000000004,3.9594400000000003,3.295484657343405,3.6173802118129506,-0.32189555446954543,-0.19682060837081009,30.21045485403937,0.12313436033752917,3.6686500000000004,4.769871384119521,2.5674286158804795
2025-10-10 22:15:00,2.826,3.0,2.563,2.696,3800087.76,2.696,3.60175,3.93124,3.203256248521343,3.549129825743311,-0.34587357722196765,-0.22663120214104165,29.06596995427826,0.12333166452427205,3.60175,4.770043920300254,2.433456079699746
2025-10-10 22:30:00,2.695,2.798,2.6,2.769,2790047.07,2.769,3.5402,3.9042200000000005,3.136447594902675,3.4913424312364203,-0.3548948363337452,-0.2522839289795824,31.06451612903227,0.12364242989837675,3.5402,4.749151455209283,2.3312485447907165
2025-10-10 22:45:00,2.77,2.902,2.738,2.878,3255728.21,2.878,3.4843,3.8794,3.0966864264561096,3.4459096585468645,-0.3492232320907549,-0.2716717896018169,34.1075405663379,0.12413110133816221,3.4843,4.707814024611515,2.260785975388485
2025-10-10 23:00:00,2.878,2.911,2.8,2.836,1938160.47,2.836,3.4262,3.85374,3.0565808223859388,3.4007311653162198,-0.344150342930281,-0.28616750026750976,32.166934189406106,0.12412062804402745,3.4262,4.657338044335623,2.195061955664377
2025-10-10 23:15:00,2.836,3.009,2.832,3.002,1545801.74,3.002,3.3757999999999995,3.8310000000000004,3.048183772788102,3.3711955234379474,-0.32301175064984555,-0.2935363503439769,35.795280416794355,0.12502249684122013,3.3757999999999995,4.588704231043914,2.1628957689560853
2025-10-10 23:30:00,3.002,3.095,2.98,3.074,1660393.23,3.074,3.3299999999999996,3.80978,3.052155500051471,3.3491810402182534,-0.2970255401667825,-0.29423418830853804,36.84051854085017,0.1252060102104597,3.3299999999999996,4.514086412209416,2.145913587790584
2025-10-10 23:45:00,3.074,3.08,2.923,2.946,2028083.72,2.946,3.2784,3.78574,3.0358238846589374,3.319315777977266,-0.2834918933183288,-0.2920857293104962,35.07593457943925,0.12547404038620324,3.2784,4.4331694050967005,2.123630594903299
2025-10-11 00:00:00,2.945,3.011,2.907,2.997,1301494.29,2.997,3.2311,3.7624,3.029850979326793,3.295440535162212,-0.2655895558354189,-0.2867864946154807,36.237337192474676,0.12558756893469647,3.2311,4.3481295006234975,2.1140704993765027
2025-10-11 00:15:00,2.997,3.002,2.873,2.983,1293273.28,2.983,3.1864,3.7385200000000003,3.02264313635344,3.272296791815137,-0.24965365546169682,-0.27935992678472393,38.84579584238287,0.12555952183039085,3.1864,4.265506921193838,2.107293078806162
2025-10-11 00:30:00,2.984,2.986,2.917,2.958,900284.8,2.958,3.13695,3.7141200000000003,3.0126980384529105,3.249015547975371,-0.23631750952246033,-0.27075144333227125,42.12651413189771,0.12544471164463405,3.13695,4.158402933197055,2.115497066802945
2025-10-11 00:45:00,2.958,3.002,2.946,2.95,814470.63,2.95,3.088,3.68952,3.003052186383232,3.2268662481239274,-0.22381406174069562,-0.26136396701395614,75.46714888487043,0.12544665887438977,3.088,4.041185683572959,2.1348143164270414
2025-10-11 01:00:00,2.949,2.97,2.896,2.921,872201.23,2.921,3.0366999999999997,3.66416,2.990428773093504,3.204209489002295,-0.21378071590879122,-0.25184731679292316,53.01724137931032,0.12542354359442331,3.0366999999999997,3.901575798810702,2.1718242011892976
2025-10-11 01:15:00,2.922,2.939,2.887,2.916,611751.2,2.916,2.9841,3.6378,2.9789781926175807,3.182860637963918,-0.20388244534633726,-0.24225434250360597,51.64473684210525,0.1253976091375474,2.9841,3.730313148609649,2.2378868513903516
2025-10-11 01:30:00,2.915,2.966,2.913,2.917,399303.73,2.917,2.93255,3.6112199999999994,2.9694430860610295,3.163167257372999,-0.1937241713119695,-0.2325483082652787,55.4641598119859,0.12540817336166554,2.93255,3.524995946901515,2.340104053098485
2025-10-11 01:45:00,2.917,2.97,2.893,2.909,534887.15,2.909,2.8929,3.5838,2.960144149743948,3.1443400531222623,-0.18419590337831426,-0.22287782728788583,64.56908344733242,0.12472820615543584,2.8929,3.3617781235426505,2.4240218764573496
2025-10-11 02:00:00,2.909,2.994,2.906,2.993,590738.52,2.993,2.87125,3.5583,2.9651988959371867,3.133129678816422,-0.16793078287923535,-0.21188841840615574,65.0943396226415,0.1237857028373256,2.87125,3.2714398891382146,2.471060110861785
2025-10-11 02:15:00,2.994,3.103,2.987,3.103,1282543.33,3.103,2.92115,3.53548,2.9863990657930044,3.130897850755857,-0.1444987849628525,-0.1984104917174951,65.1413189771198,0.08392688031802609,2.92115,3.1144539874885697,2.72784601251143
2025-10-11 02:30:00,3.104,3.166,3.085,3.165,1534811.71,3.165,2.93615,3.51366,3.0138761325940804,3.133423935885147,-0.1195478032910664,-0.1826379540322094,71.55963302752296,0.02648123842998115,2.93615,3.1558629946089516,2.7164370053910485
2025-10-11 02:45:00,3.165,3.193,3.131,3.15,1179818.71,3.15,2.94935,3.49208,3.0348182660411447,3.1346517924862893,-0.09983352644514465,-0.16607706851479645,62.09150326797387,0.02657047659558258,2.94935,3.1873383013489947,2.711361698651005
2025-10-11 03:00:00,3.15,3.157,3.049,3.07,1563550.7,3.07,2.96165,3.4688,3.040230840496353,3.129862770820485,-0.08963193032413175,-0.15078804087666353,49.67741935483871,0.026787146450560188,2.96165,3.1977813416858254,2.725518658314175
2025-10-11 03:15:00,3.071,3.116,3.056,3.092,1210934.97,3.092,2.98145,3.4467199999999996,3.048195326573837,3.1270581211299953,-0.07886279455615819,-0.13640299161256247,64.20233463035018,0.024080624564509066,2.98145,3.188398226426525,2.7745017735734754
2025-10-11 03:30:00,3.092,3.113,3.075,3.082,854432.44,3.082,2.9971,3.4249400000000003,3.053396045562478,3.123720482527682,-0.07032443696520385,-0.12318728068309075,58.98520084566594,0.023711407387216745,2.9971,3.182633540732863,2.811566459267137
2025-10-11 03:45:00,3.083,3.138,3.075,3.123,391704.56,3.123,3.00935,3.4056200000000003,3.0641043462451742,3.123667113451556,-0.05956276720638165,-0.11046237798774894,63.99999999999998,0.02244228363928188,3.00935,3.1941244286250523,2.8245755713749476
2025-10-11 04:00:00,3.123,3.152,3.1,3.108,552721.0,3.108,3.02295,3.38568,3.0708575237459166,3.1225065865291906,-0.05164906278327397,-0.09869971494685395,65.30612244897952,0.02211213490903421,3.02295,3.193493990312203,2.8524060096877966
2025-10-11 04:15:00,3.108,3.148,3.105,3.142,519039.83,3.142,3.02995,3.3673599999999997,3.0818025200926984,3.1239505430826155,-0.042148022989917155,-0.0873893765554666,68.60465116279062,0.01825124462581609,3.02995,3.208192265647594,2.8517077343524058
2025-10-11 04:30:00,3.142,3.148,3.104,3.14,420883.71,3.14,3.03325,3.34904,3.090755978539976,3.1251393917431862,-0.03438341320321037,-0.07678818388501535,72.39263803680981,0.01753802967611449,3.03325,3.2172761709077724,2.849223829092227
2025-10-11 04:45:00,3.14,3.2,3.123,3.181,298543.04,3.181,3.045,3.33134,3.1046396741492104,3.1292772145771015,-0.024637540427891125,-0.0663580551935905,75.23809523809521,0.014507451553241821,3.045,3.2354664634108574,2.8545335365891424
2025-10-11 05:00:00,3.181,3.189,3.142,3.169,254421.96,3.169,3.0536000000000003,3.3136200000000002,3.11454126274164,3.1322196431269966,-0.01767838038535663,-0.056622120231943726,73.50746268656715,0.014248685971169258,3.0536000000000003,3.250369060469179,2.8568309395308216
2025-10-11 05:15:00,3.169,3.171,3.107,3.109,273104.35,3.109,3.0599,3.2952799999999995,3.1136887607813875,3.130499669562006,-0.01681090878061875,-0.04865987794167873,67.00680272108843,0.014984878299220863,3.0599,3.2552144832531607,2.864585516746839
2025-10-11 05:30:00,3.108,3.14,3.099,3.121,267715.82,3.121,3.06805,3.2774599999999996,3.11481356681502,3.1297959903351806,-0.014982423520160548,-0.0419243870573751,62.40310077519379,0.01477955049509429,3.06805,3.259015937993434,2.877084062006566
2025-10-11 05:45:00,3.12,3.158,3.118,3.131,199100.06,3.131,3.0771,3.2594,3.117303787305017,3.1298851762362796,-0.012581388931262705,-0.03605578743215262,53.36538461538456,0.014722913290093039,3.0771,3.2615547013283552,2.892645298671645
2025-10-11 06:00:00,3.132,3.162,3.12,3.162,282668.25,3.162,3.0891499999999996,3.24264,3.1241801277196295,3.1322640520706595,-0.008083924351030003,-0.030461414815928095,49.6103896103896,0.01447090924939657,3.0891499999999996,3.2617758808431367,2.9165241191568625
2025-10-11 06:15:00,3.162,3.2,3.145,3.194,254107.62,3.194,3.10305,3.2265999999999995,3.134921646531994,3.1368370852506646,-0.0019154387186706145,-0.0247522195964766,55.472636815920396,0.014463926742260734,3.10305,3.261128561414803,2.9449714385851973
2025-10-11 06:30:00,3.194,3.21,3.179,3.185,291559.57,3.185,3.11645,3.21034,3.1426260086039948,3.140404708565469,0.0022213000385256088,-0.01935751566947616,67.37160120845923,0.014530717321761514,3.11645,3.251946708058766,2.980953291941234
2025-10-11 06:45:00,3.186,3.209,3.153,3.162,448118.08,3.162,3.1291,3.1933800000000003,3.1456066226649186,3.1420043597828577,0.0036022628820608915,-0.01476555995916875,60.542168674698765,0.014682003661234204,3.1291,3.2242959751472484,3.033904024852752
2025-10-11 07:00:00,3.162,3.191,3.144,3.187,199628.54,3.187,3.1388,3.17732,3.151974834562624,3.1453373701693437,0.006637464393280279,-0.010484955088678945,65.12968299711815,0.013537239977497053,3.1388,3.2127746756099915,3.064825324390008
2025-10-11 07:15:00,3.187,3.212,3.159,3.189,250733.15,3.189,3.1431,3.16154,3.157671013860682,3.1485716390457164,0.0090993748149657,-0.006568089107950015,60.714285714285694,0.011001863079283766,3.1431,3.2183005039178463,3.0678994960821537
2025-10-11 07:30:00,3.189,3.21,3.17,3.188,208601.74,3.188,3.1442500000000004,3.14644,3.162337011728269,3.151492258375687,0.01084475335258217,-0.003085520615843577,63.60544217687078,0.010099290911726474,3.1442500000000004,3.221535186161543,3.066964813838458
2025-10-11 07:45:00,3.188,3.202,3.174,3.195,253287.13,3.195,3.1465,3.1327999999999996,3.167362086846997,3.154715054051586,0.012647032795411128,6.09900664073647e-05,59.92509363295881,0.010031987841674188,3.1465,3.2270415878192455,3.0659584121807546
2025-10-11 08:00:00,3.195,3.196,3.165,3.185,206890.05,3.185,3.1522499999999996,3.1175599999999997,3.1700756119474587,3.1569583833811135,0.01311722856634523,0.0026722377663949384,58.18181818181818,0.008008033852157894,3.1522499999999996,3.2259231758656375,3.0785768241343616
2025-10-11 08:15:00,3.185,3.273,3.183,3.243,378384.3,3.243,3.1597999999999997,3.10384,3.1812947485709264,3.1633318364640344,0.01796291210689205,0.0057303726344943625,60.61643835616437,0.008739754200702516,3.1597999999999997,3.238268498540379,3.0813315014596205
2025-10-11 08:30:00,3.244,3.268,3.226,3.256,186193.68,3.256,3.1685,3.0900199999999995,3.1927878641753993,3.1701961448741462,0.022591719301253033,0.009102641967846098,64.84641638225256,0.008642516455805856,3.1685,3.249200877188359,3.087799122811641
2025-10-11 08:45:00,3.255,3.29,3.254,3.281,212265.96,3.281,3.1764,3.0762799999999997,3.2063589619945687,3.178403837846476,0.027955124148092647,0.012873138403895411,83.33333333333343,0.008369440761915299,3.1764,3.268478684887162,3.084321315112838
2025-10-11 09:00:00,3.281,3.306,3.267,3.273,266934.43,3.273,3.1846500000000004,3.0627799999999996,3.21661142938002,3.185410960968995,0.03120046841102475,0.016538604405321282,79.92125984251976,0.00827696958109065,3.1846500000000004,3.2804178662733436,3.088882133726657
2025-10-11 09:15:00,3.272,3.291,3.255,3.288,208953.03,3.288,3.19195,3.0545,3.2275942863984786,3.1930101490454015,0.03458413735307708,0.020147710994872444,80.30888030888038,0.008059984930838078,3.19195,3.2959347660908542,3.0879652339091455
2025-10-11 09:30:00,3.288,3.299,3.261,3.27,727816.69,3.27,3.1984500000000002,3.0513800000000004,3.234118242337174,3.198713100967989,0.03540514136918471,0.0231991970697349,71.95121951219522,0.008223827286580304,3.1984500000000002,3.3049828711318767,3.0919171288681238
2025-10-11 09:45:00,3.269,3.272,3.24,3.259,784931.02,3.259,3.20235,3.0744599999999997,3.2379462050545316,3.2031787971926007,0.03476740786193089,0.025512839228174097,64.44444444444449,0.007880935965501566,3.20235,3.3118623641182072,3.092837635881793
2025-10-11 10:00:00,3.26,3.301,3.259,3.298,164534.92,3.298,3.2088,3.08312,3.2471852504307575,3.210202589993175,0.03698266043758247,0.027806803470055774,72.15686274509808,0.008135634108107054,3.2088,3.3250313482491327,3.0925686517508675
2025-10-11 10:15:00,3.298,3.317,3.28,3.314,266618.87,3.314,3.21905,3.09168,3.2574644426721795,3.217891287030744,0.0395731556414356,0.03016007390433174,80.64516129032269,0.006480195444087785,3.21905,3.3343774057903723,3.103722594209628
2025-10-11 10:30:00,3.313,3.315,3.256,3.264,263914.41,3.264,3.2262,3.10048,3.2584699130303054,3.2213067472507,0.03716316577960521,0.03156069227938644,64.10256410256412,0.0076591321826555165,3.2262,3.3333754095913504,3.1190245904086495
2025-10-11 10:45:00,3.264,3.269,3.255,3.26,129972.21,3.26,3.2326500000000005,3.11176,3.258705311025643,3.224172914121027,0.03453239690461585,0.03215503320443232,62.909090909090885,0.007694671954197329,3.2326500000000005,3.3308533872286437,3.1344466127713573
2025-10-11 11:00:00,3.26,3.263,3.222,3.228,179282.17,3.228,3.23595,3.12094,3.253981417021698,3.224456401963915,0.029525015057783044,0.03162902957510246,56.53594771241833,0.00789613821834133,3.23595,3.328425828990008,3.143474171009992
2025-10-11 11:15:00,3.227,3.228,3.194,3.226,224357.62,3.226,3.23755,3.1279000000000003,3.2496765836337445,3.2245707425591807,0.025105841074563706,0.03032439187499471,55.1495016611296,0.007607691708995267,3.23755,3.32805612075853,3.1470438792414703
2025-10-11 11:30:00,3.226,3.226,3.211,3.221,161739.91,3.221,3.2393499999999995,3.1356,3.2452648015362455,3.224306243110352,0.020958558425893337,0.02845122518517444,56.081081081081095,0.007583606224544033,3.2393499999999995,3.3268372020717107,3.1518627979282883
2025-10-11 11:45:00,3.221,3.231,3.213,3.223,139707.16,3.223,3.2424,3.1400199999999994,3.241839447453746,3.224209484361437,0.017629963092309353,0.026286972766601423,45.83333333333333,0.007357876517597569,3.2424,3.3224720727977353,3.1623279272022646
2025-10-11 12:00:00,3.223,3.223,3.188,3.197,211348.23,3.197,3.2429,3.14248,3.2349410709224005,3.2221939670013264,0.012747103921074032,0.023578998997495944,38.339920948616644,0.007433187904952231,3.2429,3.3216291158608495,3.1641708841391507
2025-10-11 12:15:00,3.197,3.209,3.166,3.183,228476.89,3.183,3.2426000000000004,3.1472200000000004,3.2269501369343385,3.219290710186408,0.007659426747930631,0.020395084547582883,29.752066115702377,0.007501416422706398,3.2426000000000004,3.3222344278894735,3.162965572110527
2025-10-11 12:30:00,3.182,3.184,3.147,3.165,404228.92,3.165,3.2414499999999995,3.1505799999999997,3.217419346636748,3.2152691760985186,0.0021501705382291902,0.016746101745712144,28.5714285714285,0.007605010188210519,3.2414499999999995,3.3249736493456825,3.1579263506543165
2025-10-11 12:45:00,3.165,3.166,3.122,3.144,338880.34,3.144,3.2388999999999997,3.1538,3.206124062538787,3.2099899778689904,-0.0038659153302034177,0.01262369833052903,22.09302325581396,0.007706055005390181,3.2388999999999997,3.3310620997568936,3.1467379002431057
2025-10-11 13:00:00,3.144,3.148,3.121,3.144,110209.87,3.144,3.2368499999999996,3.1575199999999994,3.196566514455897,3.205101831360169,-0.008535316904272339,0.008391895283568757,23.75,0.007687496878861436,3.2368499999999996,3.3356454292572586,3.1380545707427405
2025-10-11 13:15:00,3.144,3.146,3.115,3.125,150461.31,3.125,3.23095,3.1610199999999997,3.185556281462682,3.1991683623705187,-0.01361208090783661,0.0039911000452876825,22.983870967741936,0.006358960558964369,3.23095,3.341583534461254,3.120316465538746
2025-10-11 13:30:00,3.125,3.128,3.077,3.115,515089.84,3.115,3.2238999999999995,3.1649000000000003,3.174701468929962,3.1929336688615835,-0.018232199931621285,-0.00045355995009411246,8.219178082191704,0.0062130903239883415,3.2238999999999995,3.3452622676123895,3.1025377323876095
2025-10-11 13:45:00,3.115,3.15,3.111,3.138,201339.83,3.138,3.21675,3.16934,3.1690550890945834,3.188864508205165,-0.01980941911058176,-0.004324731782191643,11.061946902654668,0.006188766154847365,3.21675,3.3407684621231457,3.0927315378768547
2025-10-11 14:00:00,3.138,3.147,3.123,3.133,123920.53,3.133,3.2097499999999997,3.1736600000000004,3.163508152310801,3.18472639648626,-0.021218244175459144,-0.007703434260845144,13.81215469613241,0.006189991078825227,3.2097499999999997,3.3361809672260163,3.083319032773983
2025-10-11 14:15:00,3.133,3.136,3.099,3.112,143044.24,3.112,3.20095,3.17772,3.1555838211860627,3.179339256005791,-0.023755434819728194,-0.010913834372621757,12.626262626262445,0.006055393946972499,3.20095,3.328939267642257,3.0729607323577435
2025-10-11 14:30:00,3.111,3.13,3.11,3.113,80062.17,3.113,3.1931,3.18012,3.1490324640805145,3.1744252370423944,-0.025392772961879917,-0.013809622090473391,15.568862275448822,0.006055798487213736,3.1931,3.322508207662995,3.063691792337005
2025-10-11 14:45:00,3.114,3.131,3.113,3.13,179283.23,3.13,3.1866499999999998,3.1806599999999996,3.1461043926835117,3.1711344787429554,-0.02503008605944368,-0.01605371488426745,23.626373626373393,0.006301435056597257,3.1866499999999998,3.3150839273098556,3.058216072690144
2025-10-11 15:00:00,3.13,3.153,3.13,3.14,192865.05,3.14,3.17875,3.1801599999999994,3.145165255347587,3.1688282210582903,-0.023662965710703254,-0.017575565049554612,28.3422459893047,0.005537180884135865,3.17875,3.2974107282173666,3.0600892717826333
2025-10-11 15:15:00,3.14,3.158,3.126,3.152,165138.35,3.152,3.17065,3.1801999999999997,3.146216754524881,3.1675816861650827,-0.02136493164020159,-0.01833343836768401,31.97969543147208,0.005470223630941116,3.17065,3.2711671365333572,3.070132863466643
2025-10-11 15:30:00,3.153,3.154,3.129,3.131,121564.58,3.131,3.164,3.18142,3.1438757153672072,3.164871931634334,-0.020996216267126666,-0.018865993947572542,32.8124999999999,0.004722186547152703,3.164,3.2557272845824285,3.0722727154175717
2025-10-11 15:45:00,3.13,3.156,3.13,3.144,138662.62,3.144,3.1582,3.1824600000000003,3.1438948360799452,3.163325862624382,-0.019431026544436847,-0.018979000466945405,39.79057591623044,0.004921527381138728,3.1582,3.2383015145400065,3.0780984854599933
2025-10-11 16:00:00,3.144,3.151,3.128,3.15,133166.1,3.15,3.1543,3.18382,3.144834092067646,3.162338761689242,-0.017504669621596136,-0.018684134297875552,45.810055865921754,0.004604309084900616,3.1543,3.2273799130010064,3.081220086998994
2025-10-11 16:15:00,3.15,3.167,3.144,3.149,137310.09,3.149,3.15045,3.18434,3.145475000980316,3.161350705267816,-0.015875704287499737,-0.01812244829580039,51.57232704402513,0.0046068505630272915,3.15045,3.2152719423540406,3.08562805764596
2025-10-11 16:30:00,3.15,3.153,3.114,3.125,145898.37,3.125,3.14565,3.18468,3.1423250008294983,3.158658060433161,-0.016333059603662825,-0.017764570557372877,44.80874316939886,0.004826153484483176,3.14565,3.2021599898017405,3.089140010198259
2025-10-11 16:45:00,3.124,3.138,3.114,3.126,76206.04,3.126,3.1407999999999996,3.18436,3.139813462240345,3.1562389448455184,-0.016425482605173514,-0.017496752966933007,50.30303030303027,0.0048196557082596245,3.1407999999999996,3.1845726182137617,3.0970273817862375
2025-10-11 17:00:00,3.127,3.15,3.126,3.147,100769.18,3.147,3.1383,3.1845000000000003,3.140919083434138,3.1555545785606647,-0.014635495126526621,-0.01692450139885173,59.09090909090899,0.004895189637378073,3.1383,3.1734124509334087,3.1031875490665914
2025-10-11 17:15:00,3.147,3.154,3.131,3.148,101277.58,3.148,3.13655,3.18384,3.1420084552135013,3.1549949801487633,-0.01298652493526209,-0.016136906106133803,53.246753246753315,0.004825426283392506,3.13655,3.165170750661816,3.1079292493381843
2025-10-11 17:30:00,3.148,3.15,3.12,3.131,66298.34,3.131,3.13485,3.18308,3.140314846719116,3.153217574211817,-0.012902727492700716,-0.015490070383447185,49.397590361445715,0.004811532359323792,3.13485,3.1602086899882385,3.109491310011762
2025-10-11 17:45:00,3.131,3.148,3.123,3.148,50510.32,3.148,3.13505,3.18386,3.1414971779930982,3.152831087233164,-0.011333909240065942,-0.014658838154770936,61.111111111111036,0.0047617219006749045,3.13505,3.1607730185677223,3.109326981432278
2025-10-11 18:00:00,3.147,3.147,3.133,3.133,47124.26,3.133,3.1345,3.1841000000000004,3.1401899198403136,3.151362117808485,-0.011172197968171371,-0.013961510117451024,55.68181818181814,0.00488328940134876,3.1345,3.1598854496248627,3.1091145503751374
2025-10-11 18:15:00,3.133,3.139,3.122,3.132,38672.78,3.132,3.13485,3.1841199999999996,3.138929932172573,3.149927886859708,-0.010997954687134825,-0.013368799031387784,50.62500000000007,0.004684255668962306,3.13485,3.1598744091370095,3.109825590862991
2025-10-11 18:30:00,3.131,3.137,3.125,3.137,56643.99,3.137,3.1359500000000002,3.1836199999999995,3.138633019530639,3.1489702656108407,-0.010337246080201812,-0.012762488441150589,49.0322580645161,0.0046276501997145345,3.1359500000000002,3.159169547119741,3.1127304528802595
2025-10-11 18:45:00,3.137,3.14,3.127,3.128,124831.12,3.128,3.13545,3.1823,3.1369971703720787,3.1474169126026297,-0.010419742230550977,-0.012293939199030669,42.10526315789478,0.004369575524818717,3.13545,3.1589130728912163,3.111986927108784
2025-10-11 19:00:00,3.127,3.131,3.071,3.082,249357.88,3.082,3.1329,3.18024,3.128536067237913,3.1425712153728043,-0.014035148134891262,-0.012642180986202787,36.15819209039557,0.005448084866216214,3.1329,3.1664160605652634,3.0993839394347362
2025-10-11 19:15:00,3.082,3.083,3.028,3.056,412630.06,3.056,3.1301,3.1781200000000003,3.117376672278234,3.136158532752595,-0.018781860474360812,-0.013870116883834393,26.84210526315792,0.005559466535842911,3.1301,3.1774637658533877,3.0827362341466125
2025-10-11 19:30:00,3.056,3.056,3.02,3.027,312496.85,3.027,3.1258000000000004,3.1749199999999997,3.1034725688508136,3.1280727155116606,-0.024600146660846978,-0.016016122839236913,21.1267605633804,0.005870814820325973,3.1258000000000004,3.19169177730047,3.059908222699531
2025-10-11 19:45:00,3.027,3.044,2.984,3.015,347468.75,3.015,3.12005,3.17144,3.089861404412227,3.1196969588070917,-0.02983555439486496,-0.018780009150362525,20.089285714285822,0.005667256278121559,3.12005,3.202411143112285,3.037688856887715
2025-10-11 20:00:00,3.016,3.023,2.976,2.995,263621.77,2.995,3.1128,3.1675800000000005,3.0752673421949615,3.1104601470436015,-0.03519280484864007,-0.022062568290018035,20.454545454545567,0.005632372693809426,3.1128,3.211645120743325,3.013954879256675
2025-10-11 20:15:00,2.995,3.009,2.956,2.973,252432.77,2.973,3.10385,3.1631400000000003,3.059533904934198,3.100277913929259,-0.040744008995061254,-0.02579885643102668,18.2572614107885,0.005541560082287416,3.10385,3.21884615554226,2.98885384445774
2025-10-11 20:30:00,2.974,2.974,2.921,2.948,552392.85,2.948,3.0947,3.1584000000000003,3.042374842636629,3.088998068453016,-0.04662322581638678,-0.029963730308098707,9.387755102041027,0.005617146521280779,3.0947,3.2282287865672847,2.9611712134327153
2025-10-11 20:45:00,2.947,2.984,2.936,2.957,353518.88,2.957,3.08535,3.15268,3.0292402514617636,3.0792204337527913,-0.04998018229102774,-0.03396702070468451,12.252964426877497,0.00554853462930984,3.08535,3.230063546450712,2.940636453549288
2025-10-11 21:00:00,2.957,2.958,2.901,2.93,325356.69,2.93,3.07435,3.1461600000000005,3.013972520467646,3.06816706828962,-0.05419454782197386,-0.03801252612814238,11.78707224334606,0.005578672977431727,3.07435,3.231300243540414,2.9173997564595857
2025-10-11 21:15:00,2.93,3.012,2.926,2.985,399532.28,2.985,3.06615,3.14024,3.00951520962647,3.0620065447126104,-0.052491335086140456,-0.040908287919742,22.923588039867,0.007478882889310856,3.06615,3.2238135658610676,2.9084864341389323
2025-10-11 21:30:00,2.985,2.993,2.967,2.977,229132.31,2.977,3.05875,3.13432,3.0045128696839365,3.0557097636227866,-0.051196893938850074,-0.04296600912356362,23.469387755101934,0.007386856007047888,3.05875,3.2186603367187407,2.898839663281259
2025-10-11 21:45:00,2.978,3.006,2.978,3.001,99372.6,3.001,3.0525,3.12858,3.0039724281941003,3.051657188539617,-0.04768476034551661,-0.04390975936795422,29.337539432176584,0.007731537530292735,3.0525,3.211109085822001,2.8938909141779994
2025-10-11 22:00:00,3.001,3.016,2.989,3.005,143617.26,3.005,3.0454,3.12328,3.0041305161642384,3.048201100499645,-0.04407058433540678,-0.043941924361444736,29.113924050632846,0.007501951118434654,3.0454,3.1988259979342915,2.8919740020657083
2025-10-11 22:15:00,3.006,3.012,2.987,3.004,138662.46,3.004,3.0382000000000002,3.1181799999999997,3.004110436754356,3.0449269449070786,-0.04081650815272253,-0.0433168411197003,29.870129870129816,0.007491501231477212,3.0382000000000002,3.184712582538612,2.8916874174613887
2025-10-11 22:30:00,3.004,3.025,3.0,3.003,93430.33,3.003,3.0318,3.11228,3.0039396003306087,3.0418212452843316,-0.037881644953722926,-0.04222980188650483,34.980988593155885,0.007467201503001767,3.0318,3.1723037553348177,2.8912962446651824
2025-10-11 22:45:00,3.002,3.017,3.002,3.007,44212.89,3.007,3.02475,3.1061400000000003,3.0044104310489765,3.039241893781788,-0.03483146273281168,-0.040750134055766205,39.83402489626555,0.0073053986433157594,3.02475,3.1544376815155193,2.895062318484481
2025-10-11 23:00:00,3.008,3.013,2.992,2.999,124490.46,2.999,3.01805,3.10084,3.0035780570414414,3.036261012760915,-0.03268295571947366,-0.039136698388507696,43.63636363636361,0.00728259037881908,3.01805,3.1376431260127546,2.8984568739872456
2025-10-11 23:15:00,2.999,3.01,2.997,3.007,32065.77,3.007,3.0118,3.0957800000000004,3.004104509804297,3.0340935303341805,-0.029989020529883614,-0.03730716281678288,48.148148148148145,0.007352570508573653,3.0118,3.1187118672947496,2.9048881327052505
2025-10-11 23:30:00,3.006,3.008,2.994,2.998,46388.55,2.998,3.00485,3.09118,3.00316535444979,3.031419935494611,-0.028254581044821148,-0.035496646462390535,50.7317073170732,0.007305599537086322,3.00485,3.094107227335428,2.9155927726645716
2025-10-11 23:45:00,2.998,3.005,2.993,2.997,57109.48,2.997,2.9982999999999995,3.0866000000000002,3.002216838380592,3.0288703106431583,-0.026653472262566424,-0.03372801162242572,56.52173913043481,0.007316068794331194,2.9982999999999995,3.066170154668796,2.930429845331203
2025-10-12 00:00:00,2.997,3.002,2.971,2.98,117043.8,2.98,2.9932000000000003,3.08178,2.998798863245116,3.0252502876325535,-0.026451424387437417,-0.03227269417542806,59.090909090909136,0.006754929532976497,2.9932000000000003,3.048809919600054,2.9375900803999464
2025-10-12 00:15:00,2.98,2.997,2.96,2.961,123923.68,2.961,2.98845,3.0765400000000005,2.992983653515098,3.0204910070671787,-0.02750735355208045,-0.03131962605075854,51.0752688172043,0.006661211760217424,2.98845,3.037291203485629,2.9396087965143707
2025-10-12 00:30:00,2.961,2.994,2.961,2.972,210543.79,2.972,2.9857,3.07204,2.9897553991281605,3.0168990806177582,-0.027143681489597782,-0.030484437138526388,62.35294117647054,0.006485641922926012,2.9857,3.031500942302746,2.939899057697254
2025-10-12 00:45:00,2.972,2.977,2.937,2.942,113335.44,2.942,2.98205,3.06722,2.9824084146469048,3.0113510005719983,-0.028942585925093578,-0.030176066895839824,35.17241379310356,0.006776564159689381,2.98205,3.0296203357370475,2.9344796642629527
2025-10-12 01:00:00,2.943,2.97,2.94,2.967,81495.47,2.967,2.98065,3.06326,2.9800378893166117,3.008065741270369,-0.02802785195375712,-0.029746423907423287,46.91358024691365,0.006979970565112947,2.98065,3.028263686665967,2.9330363133340325
2025-10-12 01:15:00,2.968,2.982,2.95,2.956,129209.46,2.956,2.9798,3.0595,2.976339752498671,3.0042090196947857,-0.02786926719611449,-0.02937099256516153,34.89932885906043,0.006836644157192029,2.9798,3.0285813596844307,2.9310186403155694
2025-10-12 01:30:00,2.956,2.971,2.945,2.96,77461.99,2.96,2.9804000000000004,3.0558200000000006,2.973825944421953,3.000934277495172,-0.02710833307321936,-0.0289184606667731,34.89932885906043,0.006567762145860194,2.9804000000000004,3.0278104141349904,2.9329895858650104
2025-10-12 01:45:00,2.961,2.975,2.924,2.928,218262.01,2.928,2.97895,3.0518799999999997,2.9667757991262675,2.9955317384214553,-0.028755939295187716,-0.028885956392456023,28.888888888888886,0.006972562175384084,2.97895,3.0309276267661462,2.926972373233854
2025-10-12 02:00:00,2.928,2.932,2.918,2.924,115534.18,2.924,2.97865,3.04806,2.960194906952996,2.990233091130977,-0.030038184177981098,-0.029116401949561044,28.41530054644808,0.006674728671030518,2.97865,3.0318715824843223,2.9254284175156777
2025-10-12 02:15:00,2.925,2.958,2.924,2.951,93713.38,2.951,2.97695,3.0443200000000004,2.958780305883304,2.987326936232386,-0.028546630349082225,-0.029002447629465283,36.40776699029128,0.00549300799790453,2.97695,3.0314736790667847,2.9224263209332153
2025-10-12 02:30:00,2.951,2.965,2.922,2.933,400942.56,2.933,2.97475,3.04032,2.95481410497818,2.983302718733691,-0.028488613755510706,-0.02889968085467437,34.7222222222222,0.005614405727309559,2.97475,3.0327077886326617,2.916792211367338
2025-10-12 02:45:00,2.934,2.944,2.907,2.939,286927.76,2.939,2.97165,3.03686,2.9523811657507677,2.9800210358645285,-0.02763987011376079,-0.028647718706491652,34.11214953271033,0.00526916198358223,2.97165,3.030324032631938,2.912975967368062
2025-10-12 03:00:00,2.938,2.982,2.933,2.965,355446.32,2.965,2.96965,3.0339,2.954322524866034,2.97890836654123,-0.02458584167519584,-0.027835343300232494,42.8571428571428,0.005696991002456768,2.96965,3.0262270085349825,2.9130729914650177
2025-10-12 03:15:00,2.964,2.984,2.951,2.975,109050.87,2.975,2.9682,3.0307999999999997,2.9575036748866443,2.978618857908546,-0.02111518302190163,-0.026491311244566322,45.41666666666672,0.005767813155400756,2.9682,3.02251138293047,2.9138886170695297
2025-10-12 03:30:00,2.976,3.002,2.974,2.99,95462.28,2.99,2.96755,3.0277999999999996,2.962503109519468,2.979461905470876,-0.016958795951408145,-0.024584808185934687,52.10084033613449,0.00589823864218004,2.96755,3.020399239401281,2.9147007605987194
2025-10-12 03:45:00,2.99,2.995,2.973,2.977,107687.13,2.977,2.96605,3.0243,2.964733400362627,2.979279542102663,-0.014546141740036322,-0.022577074896755017,53.44827586206896,0.0059570191011364924,2.96605,3.0157966211497853,2.916303378850215
2025-10-12 04:00:00,2.977,3.017,2.976,3.015,127932.29,3.015,2.96685,3.0219799999999997,2.9724667233837616,2.9819255019469106,-0.009458778563149028,-0.01995341563003382,58.30115830115829,0.006621879146753193,2.96685,3.0192704660718372,2.9144295339281627
2025-10-12 04:15:00,3.015,3.035,3.012,3.028,161885.74,3.028,2.9679,3.01966,2.9810103044016443,2.985338427728621,-0.0043281233269767405,-0.016828357169422405,67.76859504132219,0.0066630691513784234,2.9679,3.024389961847256,2.9114100381527446
2025-10-12 04:30:00,3.028,3.037,3.016,3.023,91787.54,3.023,2.96915,3.01712,2.9874702575706222,2.9881281738227976,-0.0006579162521753723,-0.013594268985972997,62.61261261261256,0.006634127455503046,2.96915,3.0294240233829424,2.9088759766170575
2025-10-12 04:45:00,3.023,3.034,3.01,3.019,50422.52,3.019,2.97025,3.01452,2.992320987175142,2.9904149757618494,0.0019060114132924966,-0.010494212906119899,64.65116279069764,0.006643854463176987,2.97025,3.0333985300077195,2.9071014699922806
2025-10-12 05:00:00,3.019,3.02,3.006,3.014,44517.2,3.014,2.97195,3.0122999999999998,2.9956562199174277,2.9921620145943053,0.00349420532312239,-0.007696529260271441,62.499999999999865,0.006510437189276665,2.97195,3.037969056260327,2.905930943739673
2025-10-12 05:15:00,3.015,3.026,3.005,3.021,36200.69,3.021,2.97495,3.0102,2.9995552630070543,2.9942981616613937,0.0052571013456605975,-0.005105803139085033,74.34554973821969,0.00630817665568368,2.97495,3.044245629086954,2.9056543709130462
2025-10-12 05:30:00,3.022,3.032,3.018,3.023,56580.09,3.023,2.9775,3.00772,3.0031621456213538,2.9964242237605503,0.006737921860803464,-0.0027370581391073334,76.19047619047598,0.006276451189373096,2.9775,3.0500171486073158,2.9049828513926843
2025-10-12 05:45:00,3.024,3.03,3.018,3.021,49671.86,3.021,2.9814499999999997,3.0051799999999997,3.0059064309103762,2.9982446516301393,0.0076617792802369244,-0.0006572906552384814,71.34146341463385,0.005740759169018771,2.9814499999999997,3.054430098224599,2.9084699017754003
2025-10-12 06:00:00,3.021,3.043,3.017,3.037,54013.96,3.037,2.98495,3.0033,3.0106900569241644,3.001115418176055,0.009574638748109265,0.0013890952254310687,82.09876543209846,0.005572900244219007,2.98495,3.0616324621411564,2.9082675378588436
2025-10-12 06:15:00,3.038,3.06,3.036,3.054,69384.27,3.054,2.9898499999999997,3.00142,3.0173531250896772,3.0050327946074584,0.012320330482218811,0.0035753422767886177,83.23699421965284,0.005531541136168885,2.9898499999999997,3.071129958039956,2.9085700419600435
2025-10-12 06:30:00,3.053,3.053,3.038,3.048,59033.78,3.048,2.99425,2.99972,3.0220680289220345,3.0082155505624617,0.013852478359572817,0.005630769493345459,77.12418300653577,0.005590243333522299,2.99425,3.0782095767399125,2.9102904232600877
2025-10-12 06:45:00,3.048,3.05,3.031,3.034,202166.57,3.034,2.99955,2.99776,3.0239037167801825,3.010125509780057,0.013778207000125331,0.007260256994701435,68.7898089171972,0.005013892066723447,2.99955,3.0791714068017004,2.9199285931983
2025-10-12 07:00:00,3.034,3.041,3.02,3.029,280962.19,3.029,3.0048,2.9956,3.0246877603524625,3.0115236201667197,0.013164140185742745,0.008441033632909697,63.26530612244878,0.005023621910405303,3.0048,3.0769419653040013,2.9326580346959985
2025-10-12 07:15:00,3.029,3.039,3.023,3.026,106348.12,3.026,3.00855,2.99356,3.0248896433751606,3.0125959445988144,0.012293698776346229,0.009211566661597004,67.88321167883197,0.004736949534835222,3.00855,3.076597893350952,2.940502106649048
2025-10-12 07:30:00,3.026,3.026,3.016,3.024,56178.38,3.024,3.0131,2.9924,3.0247527751635976,3.0134406894433465,0.011312085720251108,0.009631670473327825,54.455445544554394,0.004438549185563367,3.0131,3.0713405176382,2.9548594823618
2025-10-12 07:45:00,3.025,3.038,3.015,3.02,209421.13,3.02,3.01715,2.99168,3.0240215789845823,3.013926564299395,0.010095014685187476,0.009724339315699757,45.6521739130435,0.00448197552815082,3.01715,3.0638078813788763,2.9704921186211237
2025-10-12 08:00:00,3.019,3.028,3.016,3.024,70183.8,3.024,3.0201000000000002,2.99162,3.0240182591408002,3.0146727447216617,0.009345514419138556,0.009648574336387517,50.54945054945048,0.004122756159394394,3.0201000000000002,3.0598195431153417,2.980380456884659
2025-10-12 08:15:00,3.024,3.038,3.024,3.03,133882.98,3.03,3.02285,2.99192,3.024938526965293,3.015808096964502,0.009130430000790835,0.00954494546926818,55.91397849462345,0.004092163452391734,3.02285,3.05658753181043,2.98911246818957
2025-10-12 08:30:00,3.031,3.031,3.011,3.012,71021.78,3.012,3.02395,2.9922599999999995,3.022947984355248,3.0155260157078723,0.007421968647375543,0.009120350104889654,49.05660377358501,0.004244562294549596,3.02395,3.0544578074567417,2.9934421925432586
2025-10-12 08:45:00,3.011,3.016,2.997,2.999,98285.21,2.999,3.0250500000000002,2.99278,3.019263679069825,3.0143018663961785,0.004961812673646371,0.008288642618640997,40.17857142857149,0.0042427080212735545,3.0250500000000002,3.0493938093292665,3.000706190670734
2025-10-12 09:00:00,2.999,2.999,2.962,2.982,336740.77,2.982,3.0234,2.9934600000000002,3.0135308053667744,3.011909135552017,0.0016216698147575315,0.0069552480578643034,33.85826771653538,0.0033095538180444033,3.0234,3.0542230945546174,2.992576905445383
2025-10-12 09:15:00,2.983,2.998,2.983,2.992,53007.51,2.992,3.0216,2.99416,3.0102183737718864,3.010434384770386,-0.0002160109984994385,0.005520996246591555,39.259259259259196,0.003241780624233904,3.0216,3.055357026559421,2.9878429734405785
2025-10-12 09:30:00,2.993,3.002,2.991,3.001,48163.27,3.001,3.0204999999999997,2.99558,3.0088001624223653,3.009735541454061,-0.0009353790316959376,0.004229721190934056,35.93749999999986,0.0033279852663434055,3.0204999999999997,3.055476683963476,2.9855233160365233
2025-10-12 09:45:00,3.002,3.019,2.99,3.016,96009.63,3.016,3.02035,2.9962,3.009907829742002,3.010199575420427,-0.0002917456784250483,0.0033254278170622353,34.92063492063488,0.0035259834536009254,3.02035,3.0553794612850815,2.9853205387149186
2025-10-12 10:00:00,3.016,3.031,3.01,3.017,76053.35,3.017,3.0204999999999997,2.997,3.010998932858617,3.01070331057447,0.0002956222841468126,0.0027194667104791506,37.19008264462795,0.003506101591603681,3.0204999999999997,3.055440551015853,2.9855594489841466
2025-10-12 10:15:00,3.016,3.019,3.003,3.019,48268.64,3.019,3.0204,2.99736,3.012229866264984,3.0113178801615463,0.0009119861034374566,0.002357970589070812,43.11926605504596,0.003469069866413383,3.0204,3.055345973339712,2.985454026660288
2025-10-12 10:30:00,3.019,3.022,3.008,3.008,92977.97,3.008,3.01965,2.99742,3.0115791176088322,3.0110721112606913,0.000507006348140937,0.001987777740884837,40.86956521739129,0.0035565292951349947,3.01965,3.055002510519457,2.984297489480543
2025-10-12 10:45:00,3.007,3.017,3.0,3.009,108665.31,3.009,3.01905,2.99752,3.0111823302843965,3.010918621537677,0.00026370874671943767,0.001642963942051757,42.47787610619467,0.003557312553312217,3.01905,3.054712009861991,2.983387990138009
2025-10-12 11:00:00,3.01,3.038,3.009,3.031,100956.74,3.031,3.01875,2.99808,3.014231202548335,3.0124061310534045,0.001825071494930608,0.0016793854526275273,52.631578947368475,0.00374458114469666,3.01875,3.053873091819709,2.9836269081802906
2025-10-12 11:15:00,3.03,3.035,3.018,3.028,63645.03,3.028,3.0174499999999997,2.9984999999999995,3.0163494790793606,3.013561232456856,0.002788246622504431,0.0019011576866029083,53.030303030303045,0.003499454356536071,3.0174499999999997,3.0488018235854573,2.9860981764145422
2025-10-12 11:30:00,3.029,3.035,3.016,3.023,74817.85,3.023,3.0162,2.9989800000000004,3.0173726361440742,3.014260400423015,0.003112235721059342,0.0021433732934941956,49.624060150375975,0.003492877007745101,3.0162,3.0442420736530895,2.9881579263469105
2025-10-12 11:45:00,3.022,3.03,3.018,3.023,51535.91,3.023,3.01565,2.9993,3.0182383844296012,3.014907778169458,0.003330606260143032,0.002380819886823963,47.2440944881891,0.0033512007491607637,3.01565,3.042633620763384,2.9886663792366157
2025-10-12 12:00:00,3.023,3.058,3.022,3.049,131984.46,3.049,3.0166500000000003,3.00032,3.0229709406712013,3.0174331279346833,0.0055378127365179886,0.0030122184567627683,63.703703703703695,0.0038593569152719203,3.0166500000000003,3.0469903500661037,2.986309649933897
2025-10-12 12:15:00,3.048,3.058,3.038,3.047,74687.09,3.047,3.0177,3.00132,3.026667719029478,3.019623266606188,0.007044452423289993,0.0038186652500682137,69.3548387096775,0.0038540268278028835,3.0177,3.0507365029375717,2.9846634970624284
2025-10-12 12:30:00,3.048,3.056,3.029,3.041,69189.08,3.041,3.01855,3.00254,3.0288726853326353,3.0212067283390627,0.007665956993572642,0.0045881235987691,76.10619469026537,0.0038831309317455273,3.01855,3.0531087219553363,2.9839912780446634
2025-10-12 12:45:00,3.041,3.045,3.026,3.04,72952.9,3.04,3.01955,3.00412,3.0305845798968454,3.022598822536169,0.007985757360676526,0.005267650351150586,73.07692307692308,0.00386776831207623,3.01955,3.0554180329750884,2.983681967024912
2025-10-12 13:00:00,3.039,3.051,3.029,3.046,97658.63,3.046,3.0206500000000003,3.0056,3.032956182989638,3.024332243089045,0.008623939900592958,0.005938908261039061,72.27722772277224,0.0038791973018175137,3.0206500000000003,3.05839303700199,2.9829069629980105
2025-10-12 13:15:00,3.046,3.052,3.009,3.023,113499.27,3.023,3.0202999999999998,3.00722,3.0314244625296936,3.0242335584157827,0.007190904113910879,0.006189307431613425,53.211009174312,0.004239523898352084,3.0202999999999998,3.057807051968886,2.9827929480311135
2025-10-12 13:30:00,3.024,3.025,2.996,3.015,162355.4,3.015,3.02045,3.00818,3.02889762214051,3.023549591125725,0.005348031014785093,0.006021052148247759,49.137931034482854,0.004061199077438623,3.02045,3.0578411050501373,2.9830588949498624
2025-10-12 13:45:00,3.015,3.015,2.985,3.006,173414.32,3.006,3.0208,3.00918,3.0253749110419696,3.022249621412708,0.0031252896292617294,0.005441899644450554,44.7154471544714,0.003996141027648046,3.0208,3.0574697925306213,2.9841302074693785
2025-10-12 14:00:00,3.005,3.027,3.003,3.024,102989.92,3.024,3.0229,3.01046,3.025163386266282,3.0223792790858406,0.0027841071804415307,0.0049103411516487495,56.15384615384617,0.003956669232040231,3.0229,3.054701357137986,2.991098642862014
2025-10-12 14:15:00,3.024,3.031,3.018,3.028,67065.94,3.028,3.0247,3.01246,3.0255997883791617,3.0227956287831854,0.002804159595976241,0.004489104840514248,57.14285714285719,0.00391097357832111,3.0247,3.053022206277924,2.9963777937220764
2025-10-12 14:30:00,3.027,3.038,3.008,3.022,113406.15,3.022,3.02575,3.01442,3.0250459747823673,3.022736693317764,0.0023092814646030746,0.004053140165332014,46.153846153846004,0.0039087875184171655,3.02575,3.0518419426971697,2.99965805730283
2025-10-12 14:45:00,3.023,3.148,3.02,3.105,767471.03,3.105,3.0302,3.0175,3.0373465940466184,3.028830271590522,0.008516322456096237,0.004945776623484859,69.54314720812181,0.007176046946918768,3.0302,3.073784642394536,2.9866153576054635
2025-10-12 15:00:00,3.106,3.184,3.1,3.176,504761.84,3.176,3.0381500000000004,3.02236,3.058677887270216,3.0397317329541873,0.01894615431602853,0.007745852161993594,79.08745247148286,0.008611846505979794,3.0381500000000004,3.1160737819250426,2.960226218074958
2025-10-12 15:15:00,3.176,3.208,3.158,3.192,400986.77,3.192,3.0468,3.02742,3.0791889815363365,3.0510108638464697,0.028178117689866777,0.011832305267568233,80.28673835125446,0.008615453078536795,3.0468,3.150061752230494,2.9435382477695065
2025-10-12 15:30:00,3.192,3.194,3.133,3.166,390479.74,3.166,3.0547,3.03144,3.092544522838439,3.0595285776356196,0.03301594520281936,0.01606903325461846,70.9677419354838,0.008848983642972477,3.0547,3.169044079081866,2.940355920918134
2025-10-12 15:45:00,3.167,3.21,3.166,3.202,305616.86,3.202,3.06435,3.0359800000000003,3.1093838270171403,3.0700820163292777,0.03930181068786265,0.0207155887412673,74.76038338658135,0.009042255181645814,3.06435,3.1940058602813246,2.9346941397186757
2025-10-12 16:00:00,3.202,3.254,3.202,3.239,409604.38,3.239,3.0747500000000003,3.04096,3.1293247767068113,3.082594459564146,0.04673031714266518,0.025918534421546877,78.7790697674418,0.009193539745715107,3.0747500000000003,3.224892213286448,2.9246077867135525
2025-10-12 16:15:00,3.239,3.259,3.22,3.246,347685.15,3.246,3.0856500000000002,3.0463400000000003,3.147274811059609,3.094698573670506,0.05257623738910322,0.03125007501505815,79.42857142857135,0.009141859953530547,3.0856500000000002,3.252252299851521,2.9190477001484796
2025-10-12 16:30:00,3.247,3.271,3.211,3.271,275513.09,3.271,3.0980499999999997,3.05146,3.166309455511977,3.107757938583802,0.05855151692817495,0.036710363397681516,80.4878048780487,0.009102470207375514,3.0980499999999997,3.2811214269580242,2.9149785730419753
2025-10-12 16:45:00,3.27,3.289,3.226,3.246,293412.13,3.246,3.1092,3.0558199999999998,3.178569539279365,3.117998091281298,0.06057144799806702,0.04148258031775862,80.05390835579502,0.009433181792391802,3.1092,3.300024912861102,2.918375087138898
2025-10-12 17:00:00,3.247,3.272,3.235,3.268,147422.05,3.268,3.1201499999999998,3.06072,3.1923280716979243,3.1291093437789796,0.06321872791894467,0.04582980983799584,82.85714285714272,0.009391098878045923,3.1201499999999998,3.3212849638532203,2.9190150361467793
2025-10-12 17:15:00,3.268,3.281,3.25,3.262,151864.92,3.262,3.1309,3.0655799999999997,3.2030468298982435,3.138953096091648,0.06409373380659567,0.04948259463171581,83.50785340314134,0.009422342693187773,3.1309,3.3384530623340356,2.9233469376659644
2025-10-12 17:30:00,3.263,3.275,3.247,3.272,133531.57,3.272,3.1424499999999997,3.0707400000000002,3.2136550099138983,3.1488084223070816,0.06484658760681672,0.052555393226736,83.1550802139037,0.009336616622973823,3.1424499999999997,3.354597391663199,2.9303026083368007
2025-10-12 17:45:00,3.273,3.282,3.231,3.26,207205.28,3.26,3.15345,3.0755199999999996,3.220785008388683,3.15704483546952,0.06374017291916267,0.05479234916522133,80.36649214659681,0.009441852965793016,3.15345,3.3660444743551454,2.9408555256448543
2025-10-12 18:00:00,3.261,3.277,3.256,3.267,80315.96,3.267,3.1645,3.0803999999999996,3.227895007098116,3.165189662471778,0.06270534462633792,0.05637494825744464,81.98433420365537,0.009440415812936991,3.1645,3.376552128645723,2.9524478713542766
2025-10-12 18:15:00,3.267,3.278,3.25,3.257,106168.33,3.257,3.1762,3.08512,3.2323726983137906,3.171990428214609,0.0603822700991814,0.057176412625792004,74.51612903225812,0.009213183481306642,3.1762,3.3810800419244678,2.9713199580755325
2025-10-12 18:30:00,3.257,3.263,3.218,3.222,180706.7,3.222,3.18655,3.08882,3.2307768985732075,3.1756948409394528,0.05508205763375473,0.056757541627384556,58.39416058394159,0.009676653793624888,3.18655,3.3775886844264593,2.9955113155735407
2025-10-12 18:45:00,3.222,3.232,3.209,3.23,91940.85,3.23,3.19775,3.0923399999999996,3.230657375715791,3.1797174453143078,0.050939930401483036,0.05559401938220425,57.142857142857125,0.00956425097211896,3.19775,3.369512228554238,3.025987771445762
2025-10-12 19:00:00,3.23,3.259,3.227,3.256,70313.89,3.256,3.2093499999999997,3.0965,3.234556240990284,3.1853680049206554,0.049188236069628744,0.05431286271968916,66.91729323308273,0.009601887128373544,3.2093499999999997,3.3619751341652826,3.056724865834717
2025-10-12 19:15:00,3.257,3.272,3.254,3.271,64027.34,3.271,3.2215000000000003,3.10124,3.2401629731456247,3.1917111156672733,0.04845185747835146,0.05314066167142162,64.08163265306126,0.009586330588833186,3.2215000000000003,3.35014393945273,3.0928560605472706
2025-10-12 19:30:00,3.27,3.275,3.26,3.263,63687.84,3.263,3.23355,3.1059200000000002,3.2436763618924513,3.1969917737659936,0.046684588126457705,0.05184944696242883,55.55555555555557,0.009601896933875838,3.23355,3.322552601972735,3.144547398027265
2025-10-12 19:45:00,3.263,3.282,3.262,3.279,87761.11,3.279,3.24225,3.11098,3.2491107677551514,3.203066457190735,0.0460443105644166,0.0506884196828264,57.33333333333334,0.007851878049300265,3.24225,3.309768028781566,3.1747319712184336
2025-10-12 20:00:00,3.279,3.285,3.263,3.266,76415.44,3.266,3.24675,3.11582,3.2517091111774357,3.2077282011025323,0.043980910074903345,0.049346917761241796,48.82629107981223,0.006392016674571126,3.24675,3.307315319240955,3.186184680759045
2025-10-12 20:15:00,3.267,3.277,3.262,3.277,65609.13,3.277,3.251,3.1209599999999993,3.255600017150138,3.2128594454653077,0.042740571684830364,0.04802564854595952,57.788944723618144,0.006353028917489291,3.251,3.3071576727664893,3.1948423272335105
2025-10-12 20:30:00,3.277,3.296,3.269,3.284,198102.98,3.284,3.2569000000000004,3.12616,3.259969245280886,3.2181291161715815,0.04184012910930468,0.046788544658628556,54.347826086956545,0.005948714759807873,3.2569000000000004,3.298316498111394,3.2154835018886065
2025-10-12 20:45:00,3.284,3.307,3.26,3.27,145396.88,3.27,3.2603,3.13096,3.261512438314596,3.2219714038625753,0.03954103445202062,0.04533904261730697,52.08333333333334,0.005651276495440661,3.2603,3.292984134248905,3.227615865751095
2025-10-12 21:00:00,3.269,3.289,3.257,3.276,155850.75,3.276,3.2621499999999997,3.1362400000000004,3.263741293958504,3.2259735220949772,0.03776777186352698,0.043824788466550975,51.06382978723405,0.005092057632589652,3.2621499999999997,3.2939339747774405,3.230366025222559
2025-10-12 21:15:00,3.275,3.279,3.219,3.246,174163.27,3.246,3.2621499999999997,3.14118,3.2610118641187342,3.227456964902757,0.03355489921597732,0.04177081061643625,46.60194174757285,0.005518270109608259,3.2621499999999997,3.2939339747774405,3.230366025222559
2025-10-12 21:30:00,3.246,3.248,3.195,3.233,168003.99,3.233,3.26025,3.1462,3.2567023465620055,3.227867560095145,0.02883478646686033,0.03918360578652107,41.9811320754717,0.005275481856499657,3.26025,3.294270891414733,3.226229108585267
2025-10-12 21:45:00,3.234,3.253,3.23,3.247,86929.31,3.247,3.2603,3.1513,3.2552096778601585,3.229284777865875,0.02592489999428338,0.03653186462807353,47.68518518518512,0.005107389207210214,3.2603,3.294235542616158,3.226364457383842
2025-10-12 22:00:00,3.247,3.272,3.232,3.246,135621.74,3.246,3.2592,3.1562,3.2537928043432105,3.230522942468403,0.023269861874807507,0.033879464077420325,56.59340659340664,0.004854006928029999,3.2592,3.2935088142736473,3.2248911857263525
2025-10-12 22:15:00,3.246,3.258,3.224,3.231,98766.8,3.231,3.2576499999999995,3.1605000000000003,3.2502862190596398,3.230558280063336,0.019727938996303873,0.031049159061197033,50.26455026455024,0.004938801440526621,3.2576499999999995,3.2941568126305567,3.2211431873694423
2025-10-12 22:30:00,3.232,3.248,3.228,3.239,70094.8,3.239,3.2560000000000002,3.16494,3.248549877665849,3.2311835926512367,0.017366285014612348,0.028312584251880102,45.029239766081865,0.004918330906967865,3.2560000000000002,3.2927580997163686,3.219241900283632
2025-10-12 22:45:00,3.239,3.254,3.234,3.248,53516.6,3.248,3.2554000000000003,3.16952,3.2484652811018724,3.2324292524548484,0.016036028647024025,0.025857273130908884,43.03030303030309,0.004910711259670222,3.2554000000000003,3.29227475245263,3.2185252475473707
2025-10-12 23:00:00,3.247,3.248,3.219,3.233,114249.57,3.233,3.2537,3.17402,3.2460860070861997,3.2324715300507854,0.013614477035414296,0.02340871391180997,41.27906976744188,0.004975074661194928,3.2537,3.29144763847644,3.2159523615235597
2025-10-12 23:15:00,3.233,3.241,3.212,3.234,61857.46,3.234,3.2525500000000003,3.1785200000000002,3.2442266213806303,3.2325847500470233,0.011641871333607057,0.02105534539616939,35.66878980891714,0.00494112740843774,3.2525500000000003,3.291263386777848,3.2138366132221527
2025-10-12 23:30:00,3.233,3.248,3.229,3.235,78747.69,3.235,3.2531999999999996,3.1826,3.2428071411682255,3.2327636574509477,0.010043483717277812,0.018852973060391076,39.3103448275861,0.004291746655370665,3.2531999999999996,3.290150037390774,3.216249962609225
2025-10-12 23:45:00,3.236,3.247,3.23,3.241,52264.04,3.241,3.25375,3.1868600000000002,3.2425291194500367,3.2333737568990255,0.009155362551011237,0.016913450958515108,37.14285714285706,0.004276508503553257,3.25375,3.289555762547398,3.217944237452602
2025-10-13 00:00:00,3.241,3.242,3.22,3.231,89468.67,3.231,3.2525,3.19102,3.240755408765416,3.2331979230546533,0.007557485710762535,0.015042257908964593,31.468531468531467,0.003906723149325328,3.2525,3.289693661033493,3.215306338966507
2025-10-13 00:15:00,3.232,3.266,3.228,3.231,112700.93,3.231,3.2505,3.1951799999999997,3.2392545766476597,3.233035113939494,0.006219462708165757,0.013277698868804826,34.8837209302325,0.003729113287197576,3.2505,3.2878066947571885,3.213193305242812
2025-10-13 00:30:00,3.231,3.231,3.197,3.211,193892.65,3.211,3.2479,3.1984200000000005,3.2349077187018658,3.231402883277309,0.003504835424556596,0.01132312617995518,27.272727272727337,0.003915537893893557,3.2479,3.2886296607299865,3.2071703392700135
2025-10-13 00:45:00,3.211,3.229,3.201,3.215,65934.42,3.215,3.2446999999999995,3.2017799999999994,3.2318449927477326,3.2301878548863967,0.0016571378613359222,0.009389928516231329,36.75213675213674,0.0037156561963195725,3.2446999999999995,3.2851974333172502,3.2042025666827487
2025-10-13 01:00:00,3.215,3.221,3.194,3.201,84554.19,3.201,3.2414499999999995,3.20498,3.2270996092480817,3.2280257915614783,-0.0009261823133965841,0.007326706350305746,36.44067796610172,0.0037331329576247266,3.2414499999999995,3.28506301109605,3.197836988903949
2025-10-13 01:15:00,3.202,3.233,3.2,3.22,126967.67,3.22,3.2386000000000004,3.20858,3.2260073616714533,3.22743128848285,-0.001423926811396914,0.005576579717965214,39.02439024390262,0.003930132494821373,3.2386000000000004,3.2798152245761725,3.1973847754238283
2025-10-13 01:30:00,3.22,3.243,3.22,3.232,35289.86,3.232,3.2359999999999998,3.2123000000000004,3.226929306029691,3.2277697115581945,-0.0008404055285033962,0.004293182668671492,44.77611940298519,0.004009451034677599,3.2359999999999998,3.2712912692352196,3.20070873076478
2025-10-13 01:45:00,3.232,3.251,3.228,3.251,72794.71,3.251,3.2350499999999998,3.2168600000000005,3.230632489717431,3.229490473664995,0.0011420160524360234,0.0036629493454243983,57.24637681159419,0.004184599269146677,3.2350499999999998,3.267386878084206,3.2027131219157936
2025-10-13 02:00:00,3.251,3.261,3.225,3.232,124049.9,3.232,3.23285,3.2212,3.230842875914749,3.2296763645046247,0.0011665114101244711,0.003163661758364413,47.6510067114095,0.004329831785322027,3.23285,3.258815766937526,3.206884233062474
2025-10-13 02:15:00,3.232,3.238,3.216,3.226,83155.56,3.226,3.23185,3.2256,3.2300978180817106,3.2294040412079856,0.0006937768737249606,0.0026696847814365226,42.46575342465745,0.0038584256726502462,3.23185,3.2572169905694133,3.206483009430587
2025-10-13 02:30:00,3.226,3.233,3.215,3.227,100363.52,3.227,3.23155,3.22966,3.2296212306845242,3.229225964081468,0.0003952666030562213,0.0022148011457604625,47.727272727272634,0.0037598474652038314,3.23155,3.257001501869061,3.206098498130939
2025-10-13 02:45:00,3.228,3.242,3.226,3.24,40981.14,3.24,3.2312,3.2338999999999998,3.231217964425367,3.2300240408161742,0.001193923609192904,0.002010625638446951,52.08333333333341,0.003741749206100646,3.2312,3.255939484741715,3.206460515258285
2025-10-13 03:00:00,3.24,3.25,3.235,3.24,85323.51,3.24,3.2308999999999997,3.2382600000000004,3.2325690468214643,3.2307630007557173,0.001806046065746969,0.0019697097239069544,51.74825174825186,0.0037414873787093,3.2308999999999997,3.255021621661931,3.2067783783380683
2025-10-13 03:15:00,3.239,3.25,3.236,3.246,70927.3,3.246,3.2316499999999997,3.24108,3.2346353473104696,3.231891667366405,0.0027436799440647697,0.0021245037679385177,51.74825174825171,0.0036060428151862022,3.2316499999999997,3.2566996349384314,3.206600365061568
2025-10-13 03:30:00,3.246,3.249,3.223,3.233,96643.32,3.233,3.23135,3.2422199999999997,3.2343837554165513,3.2319737660800043,0.0024099893365470137,0.002181600881660217,50.6849315068494,0.0036846645942899665,3.23135,3.2561716798282485,3.2065283201717514
2025-10-13 03:45:00,3.233,3.235,3.221,3.223,76394.3,3.223,3.2301,3.2428399999999997,3.2326324084293896,3.23130904266667,0.0013233657627194084,0.0020099538578720556,47.43589743589743,0.0036783006462576553,3.2301,3.253887657127203,3.2063123428727973
2025-10-13 04:00:00,3.224,3.234,3.212,3.216,58291.14,3.216,3.2292499999999995,3.24384,3.23007357636333,3.230175039506176,-0.00010146314284620317,0.0015876704577284038,51.74825174825188,0.003568991476491405,3.2292499999999995,3.253803914898943,3.204696085101056
2025-10-13 04:15:00,3.217,3.226,3.2,3.208,93559.16,3.208,3.22795,3.24396,3.226677641538203,3.2285324439872,-0.0018548024489968284,0.0008991758763833574,47.61904761904772,0.0036002701637774482,3.22795,3.2541434101801308,3.201756589819869
2025-10-13 04:30:00,3.207,3.228,3.207,3.216,49190.31,3.216,3.2269999999999994,3.2434999999999996,3.2250349274554027,3.227604114802963,-0.0025691873475603977,0.00020550323159460618,55.319148936170265,0.003655548989342148,3.2269999999999994,3.253493296073999,3.200506703926
2025-10-13 04:45:00,3.215,3.243,3.211,3.239,45504.7,3.239,3.2268999999999997,3.2433599999999996,3.227183400154572,3.228448254447188,-0.0012648542926161355,-8.856827324754225e-05,56.55172413793096,0.0039950943117580216,3.2268999999999997,3.2531850768151886,3.2006149231848107
2025-10-13 05:00:00,3.239,3.242,3.225,3.234,56845.49,3.234,3.2270500000000006,3.24262,3.2282321078230996,3.228859494858508,-0.0006273870354083222,-0.0001963320256796983,50.724637681159344,0.0039474882200563974,3.2270500000000006,3.2534674981886784,3.200632501811323
2025-10-13 05:15:00,3.233,3.244,3.218,3.23,83789.06,3.23,3.2270000000000003,3.2422999999999997,3.2285040912349303,3.2289439767208403,-0.00043988548591000765,-0.00024504271772576023,41.46341463414633,0.003958049903022289,3.2270000000000003,3.25338979068985,3.2006102093101507
2025-10-13 05:30:00,3.229,3.237,3.225,3.227,30056.59,3.227,3.2278,3.2414799999999997,3.228272692583403,3.228799978445222,-0.000527285861819049,-0.00030149134654441803,47.663551401869,0.0036914105669011675,3.2278,3.2530948923494414,3.202505107650558
2025-10-13 05:45:00,3.227,3.238,3.226,3.233,25454.8,3.233,3.2287,3.2409,3.2289999706474948,3.2291110911529834,-0.00011112050548867103,-0.0002634171783332686,53.27102803738324,0.0037026105392449172,3.2287,3.253349970642052,3.2040500293579477
2025-10-13 06:00:00,3.232,3.245,3.211,3.242,103972.42,3.242,3.2307499999999996,3.2402999999999995,3.230999975163265,3.230065825141651,0.0009341500216137888,-2.3903738343857057e-05,56.521739130434845,0.003573569059601527,3.2307499999999996,3.2523284980702956,3.2091715019297036
2025-10-13 06:15:00,3.243,3.26,3.236,3.259,66187.63,3.259,3.2327,3.2402800000000003,3.2353076712919933,3.2322090973533806,0.003098573938612681,0.0006005917970474508,57.98319327731084,0.0035226125810298428,3.2327,3.257057858345516,3.2083421416544837
2025-10-13 06:30:00,3.26,3.286,3.252,3.256,119159.68,3.256,3.2338999999999998,3.24006,3.23849110647784,3.2339713864383155,0.004519720039524611,0.001384417445542883,56.557377049180175,0.003458761642612267,3.2338999999999998,3.2603845535920404,3.207415446407959
2025-10-13 06:45:00,3.255,3.28,3.248,3.277,55164.79,3.277,3.2352,3.24046,3.2444155516350954,3.2371586911465884,0.007256860488507044,0.002558906054135716,61.31386861313874,0.003508567338090385,3.2352,3.267197368313185,3.2032026316868145
2025-10-13 07:00:00,3.276,3.306,3.272,3.298,174296.05,3.298,3.2384999999999997,3.24198,3.2526593129220043,3.24166545476536,0.010993858156644443,0.004245896474637462,72.41379310344826,0.0034288949806483026,3.2384999999999997,3.28099829717977,3.1960017028202294
2025-10-13 07:15:00,3.298,3.32,3.292,3.314,124702.82,3.314,3.2429,3.24366,3.2620963417032347,3.247023569227185,0.015072772476049767,0.006411271674919924,80.13245033112594,0.003460967842659356,3.2429,3.2966749697205224,3.189125030279478
2025-10-13 07:30:00,3.313,3.328,3.302,3.317,117012.12,3.317,3.2474000000000003,3.24488,3.2705430583642756,3.2522070085436896,0.01833604982058601,0.008796227304053142,84.35374149659857,0.0034540857480090136,3.2474000000000003,3.309923763903443,3.1848762360965575
2025-10-13 07:45:00,3.316,3.316,3.278,3.295,265672.14,3.295,3.25015,3.24536,3.2743056647697713,3.2553768597626753,0.018928805007095928,0.0108227428446617,77.01863354037252,0.003826697706072646,3.25015,3.3160503234559644,3.184249676544036
2025-10-13 08:00:00,3.295,3.314,3.287,3.308,195702.04,3.308,3.2535499999999997,3.24626,3.279489408651345,3.2592748701506253,0.020214538500719748,0.012701101975873312,77.7108433734938,0.0038819253552631163,3.2535499999999997,3.324098154513671,3.1830018454863285
2025-10-13 08:15:00,3.308,3.329,3.302,3.326,112707.58,3.326,3.2575499999999997,3.2472,3.286644884243446,3.26421747236169,0.022427411881755788,0.01464636395704981,77.01863354037258,0.004002246260289656,3.2575499999999997,3.3350272632183855,3.180072736781614
2025-10-13 08:30:00,3.326,3.352,3.325,3.335,146342.4,3.335,3.26265,3.24858,3.2940841328213777,3.2694606225571206,0.02462351026425713,0.016641793218491276,80.60606060606042,0.003817698054837889,3.26265,3.346490136098852,3.1788098639011477
2025-10-13 08:45:00,3.335,3.348,3.321,3.34,171956.34,3.34,3.2685000000000004,3.2498400000000003,3.30114811238732,3.274685761626963,0.026462350760356745,0.01860590472686437,83.13253012048173,0.003657782410059873,3.2685000000000004,3.356895046300953,3.1801049536990478
2025-10-13 09:00:00,3.34,3.345,3.316,3.321,169527.77,3.321,3.2737499999999997,3.25058,3.304202248943117,3.2781164459508916,0.026085802992225293,0.020101884379936555,75.82417582417585,0.00393251567687423,3.2737499999999997,3.361486147504711,3.1860138524952886
2025-10-13 09:15:00,3.321,3.336,3.312,3.32,150402.56,3.32,3.27935,3.25158,3.3066326721826376,3.2812189314360105,0.025413740746627056,0.021164255653274656,74.57627118644054,0.0038418081013751023,3.27935,3.3636459073740883,3.1950540926259117
2025-10-13 09:30:00,3.32,3.349,3.32,3.339,143757.79,3.339,3.2855,3.25284,3.311612261077616,3.2854990105888984,0.02611325048871782,0.02215405462036329,75.93582887700524,0.003942383470517847,3.2855,3.368269178092608,3.202730821907392
2025-10-13 09:45:00,3.34,3.357,3.338,3.355,68313.01,3.355,3.2913000000000006,3.25502,3.318287297834906,3.2906472320267572,0.027640065808148595,0.023251256857920354,75.80645161290313,0.003809557809973792,3.2913000000000006,3.3765688627072565,3.2060311372927446
2025-10-13 10:00:00,3.356,3.365,3.341,3.344,105295.02,3.344,3.2968,3.25724,3.3222430981679976,3.2945992889136644,0.027643809254333185,0.02412976733720292,72.68041237113394,0.003907431987368413,3.2968,3.380686138369498,3.2129138616305024
2025-10-13 10:15:00,3.345,3.358,3.323,3.342,110365.66,3.342,3.3024,3.25914,3.325282621526767,3.298110452697837,0.027172168828930143,0.02473824763554837,68.57142857142853,0.003884871759793769,3.3024,3.3823721003983596,3.2224278996016404
2025-10-13 10:30:00,3.342,3.345,3.327,3.334,84513.24,3.334,3.30775,3.2609,3.3266237566764953,3.3007689376831824,0.02585481899331299,0.024961561907101297,61.11111111111109,0.0039505598386560346,3.30775,3.3804711690023783,3.2350288309976216
2025-10-13 10:45:00,3.334,3.344,3.324,3.342,85971.9,3.342,3.3131999999999997,3.2631200000000002,3.328989332572419,3.3038230904473913,0.025166242125027605,0.025002497950686563,59.09090909090908,0.003953985352530253,3.3131999999999997,3.378268708624998,3.2481312913750013
2025-10-13 11:00:00,3.342,3.356,3.284,3.323,488331.67,3.323,3.31725,3.2647999999999997,3.3280678967920467,3.305243602266103,0.02282429452594359,0.02456685726573797,51.76470588235287,0.004269003433679715,3.31725,3.3730876405776846,3.2614123594223154
2025-10-13 11:15:00,3.322,3.325,3.22,3.222,541214.67,3.222,3.3153999999999995,3.26428,3.3117497588240394,3.299077409505651,0.012672349318388232,0.022187955676268026,35.3413654618474,0.008168263428955378,3.3153999999999995,3.3809676428544844,3.2498323571455145
2025-10-13 11:30:00,3.223,3.291,3.223,3.278,352774.92,3.278,3.3165,3.2651799999999995,3.306557488235726,3.29751611991264,0.009041368323085663,0.019558638205631557,44.863013698630176,0.00909566737948142,3.3165,3.3785135808556954,3.2544864191443046
2025-10-13 11:45:00,3.278,3.293,3.267,3.273,121326.22,3.273,3.3162999999999996,3.26596,3.3013947977379217,3.295700111030223,0.005694686707698793,0.016785847906045006,40.50179211469535,0.008989600447762716,3.3162999999999996,3.3788732412963824,3.2537267587036167
2025-10-13 12:00:00,3.273,3.306,3.246,3.286,207086.23,3.286,3.3157000000000005,3.26698,3.2990263673167033,3.2949815842872434,0.004044783029459875,0.01423763493072798,41.34275618374559,0.008914062159335948,3.3157000000000005,3.379234822611149,3.2521651773888522
2025-10-13 12:15:00,3.286,3.288,3.245,3.264,222705.32,3.264,3.3131999999999997,3.2674399999999997,3.293637695421826,3.292686652117818,0.0009510433040076371,0.011580316605383912,37.333333333333336,0.008947340442744364,3.3131999999999997,3.3808199908156924,3.245580009184307
2025-10-13 12:30:00,3.263,3.297,3.259,3.284,106588.89,3.284,3.3115499999999995,3.2684999999999995,3.292154973049237,3.292043196405387,0.00011177664385009223,0.009286608613077148,43.85382059800659,0.009072632999383075,3.3115499999999995,3.3803792318561987,3.2427207681438004
2025-10-13 12:45:00,3.283,3.295,3.248,3.256,134710.98,3.256,3.3095999999999997,3.2689999999999997,3.286592669503201,3.289373330004988,-0.0027806605017870467,0.006873154790104309,40.243902439024396,0.009149989384922884,3.3095999999999997,3.3824932889844264,3.236706711015573
2025-10-13 13:00:00,3.254,3.272,3.249,3.255,143010.15,3.255,3.3069499999999996,3.26988,3.281732258810401,3.2868271574120262,-0.005094898601625264,0.004479544111758394,36.4516129032258,0.00908911323279271,3.3069499999999996,3.3838326172949715,3.2300673827050277
2025-10-13 13:15:00,3.254,3.274,3.238,3.25,255325.02,3.25,3.30315,3.2705800000000007,3.27685037283957,3.28409921982595,-0.007248846986380286,0.002133865892130657,32.44147157190635,0.00897139405252422,3.30315,3.3835025783165995,3.2227974216834006
2025-10-13 13:30:00,3.251,3.35,3.248,3.307,941006.76,3.307,3.3017499999999997,3.2727,3.281488777018098,3.2857955739129174,-0.004306796894819609,0.0008457333347406035,44.637681159420296,0.009871886988221466,3.3017499999999997,3.3807300107956637,3.2227699892043358
2025-10-13 13:45:00,3.307,3.342,3.281,3.336,302311.77,3.336,3.30155,3.27502,3.289875119015313,3.289514420289738,0.0003606987255748706,0.0007487264129074569,49.19354838709674,0.010076260684555352,3.30155,3.3801414820616817,3.2229585179383187
2025-10-13 14:00:00,3.335,3.347,3.311,3.319,200208.4,3.319,3.30145,3.27676,3.2943558699360342,3.2916985373053134,0.0026573326307208767,0.0011304476564701412,48.031496062992105,0.010059542453037938,3.30145,3.379942306026025,3.222957693973975
2025-10-13 14:15:00,3.319,3.326,3.266,3.295,283384.69,3.295,3.3001999999999994,3.2776399999999994,3.2944549668689516,3.2919430900975124,0.0025118767714391588,0.001406733479463945,44.08060453400501,0.010189631650533151,3.3001999999999994,3.378243442693082,3.2221565573069166
2025-10-13 14:30:00,3.294,3.325,3.263,3.295,181861.34,3.295,3.2979999999999996,3.2788999999999997,3.294538818119882,3.292169527868067,0.0023692902518148706,0.0015992448339341304,46.29629629629629,0.010090634417180647,3.2979999999999996,3.373889115785842,3.2221108842141573
2025-10-13 14:45:00,3.295,3.302,3.259,3.274,167778.95,3.274,3.29395,3.2798599999999998,3.2913789999475926,3.290823636914877,0.0005553630327157499,0.0013904684736904544,58.724832214765115,0.01008464588356549,3.29395,3.3655555716739776,3.2223444283260227
2025-10-13 15:00:00,3.274,3.319,3.273,3.306,125755.23,3.306,3.2920499999999997,3.2814399999999995,3.29362838457104,3.291947811958219,0.001680572612821063,0.0014484893015165763,55.109489051094904,0.010359781027391761,3.2920499999999997,3.359986425389898,3.2241135746101013
2025-10-13 15:15:00,3.305,3.335,3.302,3.305,155488.31,3.305,3.2902,3.28274,3.295377863867803,3.292914640702054,0.0024632231657486514,0.0016514360743629915,55.925925925925945,0.010359874652943152,3.2902,3.3543169983210745,3.2260830016789255
2025-10-13 15:30:00,3.306,3.332,3.297,3.303,95637.15,3.303,3.2886499999999996,3.284,3.2965505001958335,3.2936617043537537,0.0028887958420797943,0.001898908027906352,53.281853281853266,0.010350429666035646,3.2886499999999996,3.349735875704182,3.2275641242958173
2025-10-13 15:45:00,3.304,3.331,3.304,3.319,79777.71,3.319,3.2875,3.28546,3.300004269396474,3.2955386151423647,0.004465654254109275,0.0024122572731469366,60.86956521739135,0.010399742004206005,3.2875,3.34512492150943,3.2298750784905703
2025-10-13 16:00:00,3.32,3.34,3.316,3.327,85085.48,3.327,3.2877,3.2873400000000004,3.304157458720093,3.297869088094782,0.006288370625310957,0.0031874799435797413,58.92116182572619,0.01033619753721118,3.2877,3.3458689010782576,3.2295310989217425
2025-10-13 16:15:00,3.327,3.339,3.289,3.311,272179.78,3.311,3.2921500000000004,3.2891000000000004,3.30521015737854,3.2988417482359096,0.006368409142630593,0.0038236657833899124,62.00873362445421,0.007576978932472914,3.2921500000000004,3.3422079663991697,3.242092033600831
2025-10-13 16:30:00,3.311,3.314,3.286,3.291,101612.6,3.291,3.2927999999999997,3.2906,3.3030239793203036,3.2982608779962126,0.004763101324090968,0.004011552891530124,57.25806451612904,0.006739168304558027,3.2927999999999997,3.3424200299117337,3.2431799700882658
2025-10-13 16:45:00,3.291,3.327,3.29,3.318,90275.76,3.318,3.29505,3.2927999999999997,3.3053279825017956,3.2997230351816778,0.005604947320117848,0.0043302317772476685,62.5925925925926,0.006954328249435494,3.29505,3.3449698304655016,3.245130169534498
2025-10-13 17:00:00,3.319,3.348,3.307,3.315,164461.13,3.315,3.2965000000000004,3.2947800000000003,3.3068159851938272,3.300854662205257,0.005961322988570217,0.004656450019512179,51.85185185185185,0.006919186085353613,3.2965000000000004,3.3469943978134857,3.246005602186515
2025-10-13 17:15:00,3.315,3.33,3.308,3.319,60492.11,3.319,3.29925,3.2963800000000005,3.3086904490101614,3.302198761301164,0.006491687708997329,0.005023497557409209,45.54973821989532,0.006711479904357684,3.29925,3.348260739961757,3.2502392600382426
2025-10-13 17:30:00,3.319,3.337,3.312,3.324,100952.34,3.324,3.3012500000000005,3.29818,3.3110457645470595,3.303813667871448,0.007232096675611643,0.005465217381049697,51.396648044692704,0.006599096127945869,3.3012500000000005,3.350900886460725,3.251599113539276
2025-10-13 17:45:00,3.325,3.377,3.309,3.371,286066.43,3.371,3.307,3.301,3.320269493078281,3.3087904332143037,0.011479059863977348,0.006667985877635228,68.81188118811879,0.006884672941315464,3.307,3.361029231854215,3.2529707681457847
2025-10-13 18:00:00,3.371,3.374,3.353,3.361,217967.21,3.361,3.3123000000000005,3.30368,3.326535724912392,3.312657808531762,0.013877916380629962,0.008109971978234176,65.56603773584911,0.0069520369597811165,3.3123000000000005,3.365643376247602,3.258956623752399
2025-10-13 18:15:00,3.361,3.393,3.361,3.389,108150.11,3.389,3.3192500000000003,3.3068,3.336145613387409,3.318312785677558,0.017832827709851173,0.010054543124557577,76.25570776255704,0.007064981240175327,3.3192500000000003,3.37459913112063,3.2639008688793707
2025-10-13 18:30:00,3.39,3.4,3.371,3.385,117038.69,3.385,3.3231499999999996,3.30966,3.3436616728662694,3.3232525793310717,0.02040909353519771,0.012125453206685604,70.68062827225125,0.006087089975142071,3.3231499999999996,3.385423674424549,3.2608763255754503
2025-10-13 18:45:00,3.385,3.385,3.353,3.363,97376.04,3.363,3.3245000000000005,3.31174,3.3466368001176123,3.326196832713955,0.020439967403657278,0.01378835604607994,63.679245283018844,0.006042984958824211,3.3245000000000005,3.3890747221198905,3.2599252778801104
2025-10-13 19:00:00,3.362,3.397,3.358,3.395,91380.02,3.395,3.3283,3.31452,3.35407729240721,3.3312933636240327,0.022783928783177476,0.015587470593499447,69.00826446280996,0.006221559498022729,3.3283,3.400057192927684,3.256542807072316
2025-10-13 19:15:00,3.395,3.411,3.383,3.393,171196.69,3.393,3.3332,3.3168400000000005,3.360065401267639,3.335864225577808,0.024201175689831267,0.017310211612765813,66.22807017543857,0.005920575705368273,3.3332,3.4086707332610855,3.257729266738915
2025-10-13 19:30:00,3.392,3.405,3.388,3.399,122822.06,3.399,3.3384,3.3188600000000004,3.366055339534156,3.3405409496090814,0.02551438992507471,0.018951047275227593,65.92920353982302,0.00591045729076538,3.3384,3.4170528682517607,3.2597471317482394
2025-10-13 19:45:00,3.4,3.409,3.381,3.397,135676.41,3.397,3.3445500000000004,3.3205199999999997,3.370816056528901,3.34472310148989,0.026092955039011212,0.020379428827984318,70.28301886792448,0.005636389367602502,3.3445500000000004,3.4212104955564824,3.2678895044435183
2025-10-13 20:00:00,3.396,3.4,3.381,3.389,101766.92,3.389,3.3487,3.3219600000000002,3.3736135862936854,3.348002871749898,0.02561071454378716,0.02142568597114489,74.49999999999994,0.005387151501650503,3.3487,3.4255596807587283,3.2718403192412717
2025-10-13 20:15:00,3.388,3.389,3.377,3.388,84661.81,3.388,3.35285,3.32382,3.3758268807100413,3.3509656219906465,0.02486125871939482,0.022112800520794878,70.1149425287356,0.005387039082910341,3.35285,3.428731555903483,3.276968444096517
2025-10-13 20:30:00,3.387,3.407,3.381,3.404,50637.23,3.404,3.3579,3.32574,3.3801612067546505,3.3548940944357835,0.025267112318867024,0.02274366288040931,73.79679144385028,0.005421845315643246,3.3579,3.4332543209393327,3.282545679060667
2025-10-13 20:45:00,3.404,3.423,3.396,3.42,160322.36,3.42,3.36295,3.32762,3.38629025186932,3.359716754107207,0.02657349776211282,0.023509629856750015,75.37688442211056,0.0054173023086662355,3.36295,3.440822973488992,3.2850770265110083
2025-10-13 21:00:00,3.419,3.438,3.409,3.428,251879.64,3.428,3.368,3.3294799999999998,3.392707136197117,3.364774772321488,0.02793236387562903,0.02439417666052582,75.74257425742576,0.005416705659247083,3.368,3.449089943565065,3.2869100564349347
2025-10-13 21:15:00,3.426,3.448,3.422,3.425,322281.08,3.425,3.3736999999999995,3.33118,3.397675269089868,3.3692359002976735,0.028439368792194664,0.025203215086859597,67.08860759493666,0.005243815977272782,3.3736999999999995,3.4539420023889305,3.2934579976110685
2025-10-13 21:30:00,3.426,3.43,3.41,3.421,127704.94,3.421,3.3802,3.33318,3.4012636892298884,3.3730702780534014,0.028193411176486993,0.02580125430478508,69.73684210526301,0.004971016039555058,3.3802,3.4529464233160616,3.307453576683938
2025-10-13 21:45:00,3.42,3.42,3.4,3.407,224656.05,3.407,3.3846499999999997,3.3349200000000003,3.402146198579137,3.3755835907901863,0.026562607788950476,0.02595352500161816,56.52173913043485,0.004916993270634146,3.3846499999999997,3.452069425593702,3.3172305744062975
2025-10-13 22:00:00,3.406,3.422,3.406,3.414,111423.38,3.414,3.3896,3.33642,3.403969860336193,3.378429250731654,0.02554060960453919,0.02587094192220237,60.2836879432625,0.004890490968231138,3.3896,3.4496189443778102,3.32958105562219
2025-10-13 22:15:00,3.413,3.424,3.405,3.405,25052.65,3.405,3.3939,3.33742,3.404128343361394,3.380397454381161,0.02373088898023301,0.025442931333808504,66.4062499999998,0.0049766821636925765,3.3939,3.4441494828464108,3.343650517153589
2025-10-13 22:30:00,3.405,3.415,3.399,3.406,129489.75,3.406,3.3979999999999997,3.33866,3.4044162905365645,3.3822939392418157,0.02212235129474882,0.02477881532599657,55.6701030927835,0.004981312773889789,3.3979999999999997,3.436163084946678,3.359836915053321
2025-10-13 22:45:00,3.405,3.415,3.395,3.406,58460.37,3.406,3.39975,3.3399400000000004,3.4046599381463234,3.384049943742422,0.02060999440390132,0.023945051141577522,56.842105263158,0.003949298542128919,3.39975,3.4358543808395217,3.3636456191604784
2025-10-13 23:00:00,3.405,3.41,3.391,3.396,67402.53,3.396,3.4015,3.34118,3.4033276399699663,3.3849351330948356,0.01839250687513072,0.022834542288288164,48.48484848484844,0.003947886179635844,3.4015,3.4327645755484735,3.3702354244515265
2025-10-13 23:15:00,3.397,3.403,3.379,3.38,360442.43,3.38,3.40105,3.3419399999999997,3.399738772282279,3.3845695676804035,0.015169204601875652,0.021301474751005665,42.47787610619479,0.003657200893806581,3.40105,3.4333151841042144,3.368784815895786
2025-10-13 23:30:00,3.381,3.392,3.37,3.381,91945.39,3.381,3.4008499999999997,3.3431,3.396855884238852,3.384305155259633,0.012550728979218828,0.019551325596648298,46.22641509433965,0.0036497046099670206,3.4008499999999997,3.43358031750879,3.3681196824912094
2025-10-13 23:45:00,3.38,3.38,3.367,3.374,38686.11,3.374,3.4013999999999998,3.34614,3.3933395943559512,3.3835418104255863,0.0097977839303649,0.01760061726339162,43.75000000000012,0.0033609178545297106,3.4013999999999998,3.431734277988248,3.3710657220117515
2025-10-14 00:00:00,3.375,3.385,3.373,3.377,47182.08,3.377,3.4005,3.34812,3.3908258106088818,3.383057231875543,0.0077685787333385825,0.015634209557381012,36.363636363636324,0.0025552624476313608,3.4005,3.4326476855189645,3.3683523144810357
2025-10-14 00:15:00,3.378,3.399,3.377,3.383,81209.06,3.383,3.4,3.35032,3.3896218397459768,3.3830529924773547,0.006568847268622058,0.01382113709962922,29.21348314606756,0.002593825163542357,3.4,3.432940137091316,3.367059862908684
2025-10-14 00:30:00,3.382,3.395,3.371,3.381,53309.46,3.381,3.3991,3.35222,3.3882954028619805,3.3829009189605137,0.005394483901466796,0.012135806459996736,21.686746987951935,0.0025556277123457206,3.3991,3.433121046118001,3.3650789538819987
2025-10-14 00:45:00,3.381,3.386,3.359,3.386,111244.2,3.386,3.3985499999999993,3.35466,3.3879422639601375,3.3831304805189943,0.0048117834411431915,0.010671001856226029,27.058823529412166,0.00258340068191687,3.3985499999999993,3.433066052711059,3.36403394728894
2025-10-14 01:00:00,3.386,3.386,3.348,3.361,108128.54,3.361,3.39715,3.3562,3.3837973002739625,3.3814911856657353,0.002306114608227272,0.008998024406626278,21.698113207547564,0.0030167059486634635,3.39715,3.4353697248608213,3.3589302751391785
2025-10-14 01:15:00,3.362,3.373,3.356,3.367,32076.6,3.367,3.3960999999999997,3.3584200000000006,3.3812131002318146,3.38041776450531,0.0007953357265044758,0.007357486670601918,29.591836734694013,0.003056491858431603,3.3960999999999997,3.4364714333606674,3.355728566639332
2025-10-14 01:30:00,3.367,3.374,3.364,3.374,20642.33,3.374,3.3945999999999996,3.3608,3.380103392503843,3.379942374541954,0.00016101796188872086,0.005918192928859279,29.591836734694013,0.0028796120087793953,3.3945999999999996,3.4359529099086226,3.3532470900913767
2025-10-14 01:45:00,3.375,3.377,3.354,3.358,38630.84,3.358,3.3914999999999997,3.3629599999999997,3.3767028705801745,3.378317013464772,-0.0016141428845974914,0.004411725766167925,27.619047619047848,0.0027644869556755812,3.3914999999999997,3.434112081311528,3.3488879186884715
2025-10-14 02:00:00,3.358,3.36,3.339,3.339,66165.66,3.339,3.38705,3.3636,3.3709024289524554,3.3754046420970107,-0.004502213144555345,0.002628937984023271,22.764227642276396,0.0028468264440238335,3.38705,3.4321299290152085,3.3419700709847913
2025-10-14 02:15:00,3.339,3.345,3.32,3.334,96064.26,3.334,3.3825000000000003,3.36356,3.365225132190539,3.3723376315713063,-0.00711249938076719,0.0006806505110651782,21.875,0.0028452173849585144,3.3825000000000003,3.4297685496867647,3.335231450313236
2025-10-14 02:30:00,3.333,3.343,3.321,3.326,32537.67,3.326,3.37775,3.3637,3.359190496468918,3.368905214417876,-0.009714717948958285,-0.0013984231809395149,22.22222222222227,0.0028545712696486695,3.37775,3.4277431574266948,3.327756842573305
2025-10-14 02:45:00,3.326,3.333,3.312,3.316,53770.13,3.316,3.3731999999999998,3.36412,3.3525458047044685,3.3649863096461816,-0.012440504941713115,-0.003606839533094236,23.33333333333333,0.0028107261036201836,3.3731999999999998,3.428288827790989,3.3181111722090106
2025-10-14 03:00:00,3.317,3.318,3.291,3.303,181821.37,3.303,3.36765,3.36428,3.3449233732114734,3.3603947311538716,-0.015471357942398178,-0.005979743214955025,20.45454545454554,0.0027467337660439517,3.36765,3.4275842622336397,3.30771573776636
2025-10-14 03:15:00,3.304,3.318,3.29,3.292,68142.46,3.292,3.3619999999999997,3.36464,3.3367813157943242,3.355328454772103,-0.018547138977778932,-0.008493222367519808,19.85294117647061,0.0027642100879781335,3.3619999999999997,3.4280972170766697,3.2959027829233296
2025-10-14 03:30:00,3.292,3.306,3.29,3.297,36519.52,3.297,3.35655,3.3644600000000002,3.3306611133644286,3.351007828492688,-0.020346715128259252,-0.010863920919667697,21.014492753623585,0.002823251926372157,3.35655,3.4252935355813765,3.2878064644186233
2025-10-14 03:45:00,3.296,3.314,3.296,3.3,44686.05,3.3,3.3512500000000003,3.3643600000000005,3.32594401900067,3.3472294708265626,-0.021285451825892476,-0.012948227100912656,19.259259259259338,0.0028578708067172843,3.3512500000000003,3.4202850788025976,3.282214921197403
2025-10-14 04:00:00,3.301,3.313,3.27,3.293,169636.28,3.293,3.3461,3.36416,3.320875708385182,3.343212472987558,-0.02233676460237577,-0.01482593460120528,18.57142857142874,0.0028432285346810687,3.3461,3.4164342396217924,3.2757657603782073
2025-10-14 04:15:00,3.293,3.301,3.286,3.293,74612.69,3.293,3.34175,3.3636399999999997,3.316587137864385,3.339493030544035,-0.02290589267964993,-0.016441926216894213,15.555555555555515,0.0027601585779159477,3.34175,3.413991918142171,3.2695080818578295
2025-10-14 04:30:00,3.294,3.294,3.262,3.266,89251.68,3.266,3.336,3.3624199999999997,3.308804501269864,3.334049102355588,-0.025244601085723684,-0.01820246119066011,15.328467153284592,0.003130545288648366,3.336,3.413222849086723,3.258777150913277
2025-10-14 04:45:00,3.266,3.272,3.236,3.253,158676.41,3.253,3.32995,3.3612599999999997,3.300219193382193,3.3280454651440627,-0.02782627176186958,-0.020127223304902006,10.416666666666742,0.003170542861340972,3.32995,3.413350050486022,3.2465499495139785
2025-10-14 05:00:00,3.253,3.279,3.247,3.272,96137.5,3.272,3.3247,3.36088,3.2958777790157017,3.3238939492074655,-0.028016170191763834,-0.021705012682274375,17.30769230769215,0.0035623211934443302,3.3247,3.4088454880425165,3.2405545119574835
2025-10-14 05:15:00,3.271,3.277,3.248,3.249,79352.78,3.249,3.318,3.3594999999999997,3.2886658130132855,3.318346249266172,-0.029680436252886633,-0.02330009739639683,16.56441717791398,0.003669240633815033,3.318,3.4039204038019637,3.2320795961980364
2025-10-14 05:30:00,3.249,3.251,3.197,3.212,395703.94,3.212,3.30955,3.3574400000000004,3.2768710725497034,3.31046874932053,-0.03359767677082637,-0.025359613271282742,14.917127071823103,0.004204384956486133,3.30955,3.402348536739928,3.2167514632600724
2025-10-14 05:45:00,3.213,3.226,3.207,3.217,106262.35,3.217,3.3011000000000004,3.3553999999999995,3.267660138311287,3.3035451382597496,-0.035884999948462504,-0.0274646906067187,17.67955801104958,0.004208345508454691,3.3011000000000004,3.3953536331842993,3.2068463668157015
2025-10-14 06:00:00,3.217,3.238,3.212,3.213,179752.18,3.213,3.2937,3.35318,3.2592508862633967,3.2968380909812494,-0.03758720471785271,-0.029489193428945504,18.079096045197588,0.004058346473045984,3.2937,3.391331099445653,3.1960689005543466
2025-10-14 06:15:00,3.212,3.214,3.184,3.185,133212.64,3.185,3.2845999999999997,3.3494599999999997,3.2478276729921043,3.2885537879456015,-0.040726114953497206,-0.031736577733855846,16.41025641025628,0.004187149614617333,3.2845999999999997,3.3872622464303466,3.181937753569653
2025-10-14 06:30:00,3.185,3.2,3.121,3.134,595564.72,3.134,3.2725999999999997,3.34492,3.2303157233010116,3.2771053592088903,-0.04678963590787877,-0.03474718936866043,13.733905579399007,0.004966911741268458,3.2725999999999997,3.386729012871258,3.1584709871287413
2025-10-14 06:45:00,3.134,3.158,3.072,3.133,863210.2,3.133,3.26135,3.3398000000000003,3.215344073562394,3.2664308881563797,-0.051086814593985785,-0.03801511441372551,14.349775784753248,0.005014938912191663,3.26135,3.38406880566229,3.1386311943377105
2025-10-14 07:00:00,3.134,3.152,3.115,3.144,213984.72,3.144,3.2516,3.33498,3.204368062245103,3.257361933478129,-0.05299387123302601,-0.041010865777585614,16.593886462881898,0.005217447757861718,3.2516,3.379230057505936,3.1239699424940635
2025-10-14 07:15:00,3.144,3.157,3.121,3.141,444446.09,3.141,3.24195,3.3305400000000005,3.19461912959201,3.2487425309982676,-0.05412340140625771,-0.04363337290332004,15.28384279475975,0.0052270393079502635,3.24195,3.3724994058525075,3.1114005941474927
2025-10-14 07:30:00,3.14,3.141,3.099,3.116,256340.8,3.116,3.23145,3.32496,3.1825238788855468,3.238909750924322,-0.0563858720387751,-0.04618387273041106,14.170040485829873,0.005342009408498046,3.23145,3.3672121371913355,3.095687862808665
2025-10-14 07:45:00,3.116,3.122,3.102,3.116,126181.06,3.116,3.22145,3.31942,3.172289435980078,3.2298053249299277,-0.057515888949849714,-0.048450275974298795,14.170040485829873,0.0053910639646369335,3.22145,3.3604153118398954,3.0824846881601045
2025-10-14 08:00:00,3.115,3.131,3.091,3.126,197776.91,3.126,3.2126000000000006,3.3139600000000002,3.1651679842908353,3.222116041601785,-0.05694805731094954,-0.05014983224162895,19.565217391304202,0.005566261330080409,3.2126000000000006,3.352240742056637,3.072959257943364
2025-10-14 08:15:00,3.127,3.142,3.104,3.14,110783.14,3.14,3.2050000000000005,3.30882,3.16129598670763,3.216033371853505,-0.054737385145875006,-0.05106734282247818,25.54112554112548,0.0057916380886178995,3.2050000000000005,3.3429809292696953,3.0670190707303058
2025-10-14 08:30:00,3.14,3.167,3.136,3.163,226802.61,3.163,3.1983,3.3043,3.1615581425987638,3.21210497393843,-0.0505468313396662,-0.05096324052591578,26.808510638297818,0.006131057170487343,3.1983,3.330357563206442,3.066242436793558
2025-10-14 08:45:00,3.163,3.164,3.139,3.145,71603.22,3.145,3.19055,3.2994399999999997,3.159010736045108,3.207134235128176,-0.04812349908306812,-0.05039529223734626,27.391304347826022,0.006140733581464214,3.19055,3.315477726474666,3.065622273525334
2025-10-14 09:00:00,3.144,3.162,3.143,3.152,49424.27,3.152,3.1835,3.2944,3.1579321612689375,3.203050217711274,-0.045118056442336574,-0.04933984507834433,34.99999999999997,0.006226870311962638,3.1835,3.2996931241738823,3.0673068758261177
2025-10-14 09:15:00,3.153,3.171,3.149,3.158,110242.06,3.158,3.17675,3.28916,3.157942597996793,3.199713164547476,-0.0417705665506829,-0.04782598937281205,35.323383084577046,0.006276092840647903,3.17675,3.2812566102166354,3.072243389783365
2025-10-14 09:30:00,3.158,3.173,3.156,3.163,63858.05,3.163,3.1716,3.2838600000000002,3.1587206598434405,3.1969936708772924,-0.038273011033851834,-0.04591539370502001,37.62376237623752,0.006153439525239691,3.1716,3.2673747357084557,3.0758252642915447
2025-10-14 09:45:00,3.163,3.167,3.142,3.156,73728.93,3.156,3.16675,3.27848,3.1583020967906035,3.193957102664159,-0.035655005873555634,-0.04386331613872714,41.98895027624308,0.006129842854678625,3.16675,3.254670717874706,3.078829282125294
2025-10-14 10:00:00,3.155,3.155,3.121,3.129,85774.46,3.129,3.1596,3.27264,3.1537940818997416,3.1891454654297764,-0.03535138353003475,-0.04216092961698867,48.40764331210194,0.006068069101403459,3.1596,3.2336452208914737,3.0855547791085267
2025-10-14 10:15:00,3.129,3.129,3.097,3.107,213358.41,3.107,3.1525000000000003,3.2666399999999998,3.1465949923767043,3.1830606161386816,-0.03646562376197737,-0.04102186844598641,42.69662921348316,0.006068138458606217,3.1525000000000003,3.2170779822346516,3.087922017765349
2025-10-14 10:30:00,3.107,3.127,3.074,3.104,280680.86,3.104,3.1471,3.26044,3.1400419166264424,3.1772042742024826,-0.03716235757604025,-0.04024996627199718,38.23529411764699,0.005673554004263666,3.1471,3.2087233038628473,3.0854766961371527
2025-10-14 10:45:00,3.104,3.122,3.092,3.116,158061.03,3.116,3.1420500000000002,3.25466,3.136343160222374,3.1726706242615577,-0.03632746403918352,-0.03946546582543445,43.0167597765363,0.005765923997535543,3.1420500000000002,3.1955760880813164,3.088523911918684
2025-10-14 11:00:00,3.117,3.154,3.115,3.148,436406.94,3.148,3.1388000000000003,3.2495,3.138136520188163,3.170843170612554,-0.032706650424390915,-0.03811370274522574,58.60215053763446,0.0063465418829550466,3.1388000000000003,3.1808505960909566,3.096749403909044
2025-10-14 11:15:00,3.149,3.154,3.139,3.147,82798.89,3.147,3.1369,3.2443199999999996,3.1395001324669067,3.169077009826439,-0.029576877359532183,-0.036406337668087034,58.28877005347588,0.006081702196875662,3.1369,3.173202240035634,3.1005977599643657
2025-10-14 11:30:00,3.147,3.164,3.139,3.14,63934.41,3.14,3.1372,3.2392000000000003,3.139577035164306,3.166923157246703,-0.02734612208239673,-0.03459429455094897,53.80434782608704,0.0049089248281781895,3.1372,3.1735005002143954,3.1008994997856045
2025-10-14 11:45:00,3.141,3.154,3.137,3.139,87614.7,3.139,3.1375,3.2343800000000003,3.1394882605236436,3.164854775228429,-0.02536651470478546,-0.03274873858171627,49.70760233918119,0.004908922044199116,3.1375,3.173753493479933,3.1012465065200674
2025-10-14 12:00:00,3.14,3.143,3.122,3.136,101286.07,3.136,3.1370999999999998,3.2294800000000006,3.1389516050584674,3.162717384470768,-0.023765779412300514,-0.03095214674783312,41.059602649006685,0.004847127827492807,3.1370999999999998,3.1732278431774916,3.100972156822508
2025-10-14 12:15:00,3.136,3.136,3.108,3.118,116819.07,3.118,3.1359500000000002,3.2243600000000003,3.1357282812033187,3.1594049856210815,-0.023676704417762817,-0.029497058281819064,41.059602649006564,0.005006183559977563,3.1359500000000002,3.1730074234345143,3.0988925765654862
2025-10-14 12:30:00,3.118,3.124,3.097,3.106,157750.56,3.106,3.1354499999999996,3.21894,3.1311546994797315,3.1554490607602608,-0.02429436128052931,-0.028456518881561116,35.25641025641015,0.004755692714090619,3.1354499999999996,3.1738850443164157,3.0970149556835835
2025-10-14 12:45:00,3.105,3.117,3.091,3.097,116836.59,3.097,3.1345,3.21322,3.1259001303290037,3.1511195007039454,-0.025219370374941708,-0.027809089180237234,30.81761006289308,0.004794859735225483,3.1345,3.1757922829546263,3.093207717045374
2025-10-14 13:00:00,3.098,3.109,3.086,3.1,197823.86,3.1,3.1332,3.2076,3.121915494893772,3.147332871022172,-0.025417376128400004,-0.02733074656986979,29.936305732484158,0.004734474624707414,3.1332,3.1771693673275374,3.0892306326724626
2025-10-14 13:15:00,3.099,3.123,3.084,3.121,226378.42,3.121,3.13225,3.2023,3.1217746495254994,3.1453822879834927,-0.023607638457993296,-0.026586124947494492,39.766081871345,0.0048845970354670035,3.13225,3.1764213172000106,3.0880786827999893
2025-10-14 13:30:00,3.12,3.138,3.066,3.111,494575.15,3.111,3.12965,3.1973000000000003,3.120117011136961,3.142835451836567,-0.022718440699605935,-0.02581258809791678,44.155844155844214,0.004578241215948147,3.12965,3.172295540274328,3.0870044597256716
2025-10-14 13:45:00,3.111,3.151,3.101,3.134,199182.53,3.134,3.1291,3.19264,3.1222528555774285,3.142180973922747,-0.0199281183453186,-0.024635694147397146,58.70967741935475,0.004775919292022428,3.1291,3.1711921295309144,3.087007870469086
2025-10-14 14:00:00,3.133,3.166,3.12,3.164,168658.54,3.164,3.1297,3.18844,3.1286754931809013,3.143797198076618,-0.015121704895716626,-0.022732896297061045,66.4835164835165,0.005230338136481754,3.1297,3.1734750229195274,3.085924977080473
2025-10-14 14:15:00,3.164,3.191,3.16,3.165,185399.23,3.165,3.1300499999999998,3.1845799999999995,3.134263878845378,3.1453677759968683,-0.011103897151490294,-0.020407096467946896,64.32748538011695,0.005215196160811598,3.1300499999999998,3.174877036015343,3.0852229639846565
2025-10-14 14:30:00,3.166,3.181,3.138,3.176,99257.91,3.176,3.1307,3.18132,3.140684820561474,3.14763682962673,-0.0069520090652557265,-0.01771607898740866,59.33333333333335,0.005260041720128487,3.1307,3.177855286582288,3.083544713417712
2025-10-14 14:45:00,3.176,3.195,3.154,3.16,94643.78,3.16,3.1309,3.1778399999999998,3.1436563866289395,3.1485526200247502,-0.00489623339581069,-0.015152109869089067,53.93939393939405,0.005365622119061607,3.1309,3.178538551394574,3.083261448605426
2025-10-14 15:00:00,3.16,3.185,3.148,3.152,120771.95,3.152,3.13205,3.1743599999999996,3.1449400194552566,3.148807981504399,-0.003867962049142193,-0.012895280305099692,53.6144578313253,0.0050130642909292705,3.13205,3.180597209795965,3.083502790204035
2025-10-14 15:15:00,3.153,3.172,3.144,3.165,54014.47,3.165,3.13495,3.1713400000000003,3.148026170308294,3.1500073902818504,-0.0019812199735564917,-0.010712468238791054,57.30337078651695,0.0047594875475841505,3.13495,3.1841219860342473,3.0857780139657525
2025-10-14 15:30:00,3.166,3.207,3.166,3.2,131342.59,3.2,3.1397500000000003,3.16928,3.156022144107018,3.1537105465572695,0.002311597549748523,-0.008107655081083139,65.23809523809526,0.005241648236251259,3.1397500000000003,3.1946139465551346,3.084886053444866
2025-10-14 15:45:00,3.201,3.24,3.195,3.238,183941.83,3.238,3.1458500000000003,3.1682,3.1686341219367073,3.159954209775249,0.008679912161458248,-0.00475014163257486,76.08695652173921,0.0057136191681714426,3.1458500000000003,3.2148923973483274,3.076807602651673
2025-10-14 16:00:00,3.238,3.242,3.211,3.237,104162.28,3.237,3.1503,3.167,3.1791519493310596,3.165661305347453,0.013490643983606443,-0.0011019845093385983,79.9086757990869,0.00538170652949446,3.1503,3.2304973880663,3.0701026119337
2025-10-14 16:15:00,3.237,3.283,3.229,3.249,213867.93,3.249,3.1553999999999998,3.1659800000000002,3.189897803280127,3.171834541988383,0.01806326129174396,0.0027310646508779146,84.23423423423434,0.0053890013943071365,3.1553999999999998,3.24689150089963,3.0639084991003696
2025-10-14 16:30:00,3.25,3.262,3.221,3.242,170291.66,3.242,3.1605,3.16496,3.197913525852415,3.1770319833225766,0.020881542529838537,0.006361160226670041,81.41592920353986,0.005386408406851542,3.1605,3.2594449607771034,3.0615550392228963
2025-10-14 16:45:00,3.243,3.259,3.219,3.228,162910.82,3.228,3.16495,3.1636599999999997,3.202542214182813,3.180807391965349,0.021734822217464256,0.009435892624828884,74.42922374429236,0.005534141472248187,3.16495,3.2677537988240517,3.0621462011759486
2025-10-14 17:00:00,3.228,3.264,3.185,3.257,212882.43,3.257,3.1710000000000003,3.1634800000000003,3.2109203350777653,3.186451288856804,0.024469046220961133,0.012442523344055335,80.67226890756307,0.005752196528347229,3.1710000000000003,3.280644401301965,3.0613555986980354
2025-10-14 17:15:00,3.257,3.264,3.243,3.247,69813.43,3.247,3.17745,3.16336,3.216471052758109,3.190936378571115,0.025534674186993733,0.015060953512643015,75.1111111111111,0.005594138402271309,3.17745,3.289125234025995,3.065774765974005
2025-10-14 17:30:00,3.248,3.257,3.228,3.245,57734.93,3.245,3.1844,3.1628200000000004,3.220860121564554,3.1949410912695506,0.02591903029500342,0.0172325688691151,70.5583756345178,0.005460017862482539,3.1844,3.2946445129319484,3.074155487068052
2025-10-14 17:45:00,3.245,3.257,3.236,3.239,114085.47,3.239,3.1915000000000004,3.16262,3.2236508720930845,3.198204714138473,0.025446157954611692,0.01887528668621442,68.31683168316829,0.005413269758656297,3.1915000000000004,3.2961950458789824,3.0868049541210185
2025-10-14 18:00:00,3.24,3.275,3.239,3.272,109016.79,3.272,3.2001,3.16382,3.2310891994633786,3.203671031609697,0.027418167853681563,0.02058386291970785,71.42857142857137,0.005683519456785361,3.2001,3.301348833651614,3.098851166348386
2025-10-14 18:15:00,3.272,3.279,3.251,3.254,95607.37,3.254,3.2067500000000004,3.1645600000000003,3.2346139380074743,3.2073991033423117,0.027214834665162613,0.021910057268798803,70.79646017699116,0.005881891176459854,3.2067500000000004,3.3034946448947538,3.110005355105247
2025-10-14 18:30:00,3.255,3.263,3.241,3.248,134215.43,3.248,3.2136000000000005,3.1652599999999995,3.236673332160171,3.210406577168807,0.026266754991364216,0.02278139681331189,71.42857142857152,0.0058248582507770055,3.2136000000000005,3.3007209685317886,3.1264790314682123
2025-10-14 18:45:00,3.248,3.265,3.24,3.253,66201.43,3.253,3.2195500000000004,3.1666200000000004,3.2391851272124526,3.213561645526673,0.02562348168577966,0.023349813787805446,70.37037037037045,0.005694367640109811,3.2195500000000004,3.299761496747961,3.1393385032520396
2025-10-14 19:00:00,3.254,3.262,3.248,3.261,52736.98,3.261,3.2244,3.1691599999999998,3.24254126148746,3.2170755977098824,0.02546566377757742,0.023772983785759844,66.13756613756618,0.005403358210046661,3.2244,3.3021618496640834,3.146638150335917
2025-10-14 19:15:00,3.261,3.282,3.258,3.275,81781.25,3.275,3.2298999999999998,3.1719999999999997,3.247534913566312,3.221366294175817,0.02616861939049464,0.024252110906706807,61.21212121212125,0.005429651678485267,3.2298999999999998,3.305502561917189,3.1542974380828106
2025-10-14 19:30:00,3.274,3.274,3.19,3.202,623737.86,3.202,3.2312,3.17316,3.240529542248418,3.219931753866497,0.020597788381921056,0.02352124640174966,42.6160337552742,0.0076107200840140506,3.2312,3.303731953031389,3.158668046968611
2025-10-14 19:45:00,3.203,3.246,3.194,3.236,129431.12,3.236,3.2350000000000003,3.1750599999999998,3.2398326895948153,3.2211219943208307,0.018710695273984612,0.022559136176196655,47.4903474903475,0.007820419386284442,3.2350000000000003,3.299324833544654,3.1706751664553465
2025-10-14 20:00:00,3.235,3.25,3.21,3.224,116236.89,3.224,3.2386000000000004,3.17722,3.237396891195613,3.221335179926695,0.016061711268917644,0.021259651194740856,46.59090909090912,0.007854465178283714,3.2386000000000004,3.290158449203128,3.187041550796873
2025-10-14 20:15:00,3.224,3.242,3.223,3.235,75113.91,3.235,3.2420999999999998,3.1795999999999998,3.23702813870398,3.2223473888210137,0.014680749882966193,0.019943870932385924,51.34099616858232,0.007841915628189165,3.2420999999999998,3.280427673114038,3.2037723268859617
2025-10-14 20:30:00,3.235,3.244,3.227,3.243,65489.41,3.243,3.24425,3.1819399999999995,3.2379468865956746,3.2238772118713093,0.014069674724365377,0.018769031690781816,47.08333333333328,0.007496852943200293,3.24425,3.277061262508308,3.211438737491692
2025-10-14 20:45:00,3.243,3.245,3.237,3.242,20830.16,3.242,3.2444499999999996,3.18398,3.2385704425040327,3.2252196406215825,0.013350801882450192,0.01768538572911549,48.91774891774894,0.007020393335402259,3.2444499999999996,3.2771494286127387,3.2117505713872605
2025-10-14 21:00:00,3.242,3.248,3.215,3.22,34755.64,3.22,3.2436,3.18512,3.2357134513495662,3.224833000575539,0.010880450774027217,0.016324398738097837,45.0199203187251,0.007186951628892874,3.2436,3.277956643424367,3.2092433565756324
2025-10-14 21:15:00,3.22,3.236,3.217,3.233,45258.48,3.233,3.2428000000000003,3.1868800000000004,3.235295997295787,3.225437963495869,0.009858033799917898,0.015031125750461848,48.83720930232562,0.007196863122249089,3.2428000000000003,3.2773716646984314,3.2082283353015693
2025-10-14 21:30:00,3.233,3.241,3.227,3.236,32569.39,3.236,3.2424999999999997,3.18856,3.2354043054041277,3.226220336570249,0.00918396883387862,0.013861694367145204,42.10526315789479,0.007186299151074419,3.2424999999999997,3.277204769883293,3.2077952301167065
2025-10-14 21:45:00,3.235,3.249,3.23,3.245,14015.48,3.245,3.2433500000000004,3.1903,3.2368805661111852,3.2276114227502304,0.009269143360954857,0.012943184165907133,47.94520547945206,0.00714049534535573,3.2433500000000004,3.2773857397299975,3.2093142602700033
2025-10-14 22:00:00,3.246,3.267,3.246,3.257,31879.93,3.257,3.2433500000000004,3.19218,3.2399758636325413,3.2297883543983614,0.010187509234179881,0.012392049179561685,51.99999999999999,0.0068952657807827104,3.2433500000000004,3.2773857397299975,3.2093142602700033
2025-10-14 22:15:00,3.256,3.258,3.249,3.25,16399.43,3.25,3.2435,3.19406,3.241518038458304,3.231285513331816,0.010232525126488312,0.011960144368947013,49.33920704845812,0.006876570186624434,3.2435,3.2776297832586714,3.2093702167413287
2025-10-14 22:30:00,3.251,3.251,3.245,3.246,71307.34,3.246,3.2435500000000004,3.1963999999999997,3.24220757100318,3.232375475307237,0.00983209569594301,0.011534534634346214,46.636771300448395,0.006881165058936048,3.2435500000000004,3.277691963684464,3.2094080363155366
2025-10-14 22:45:00,3.246,3.249,3.233,3.246,34838.32,3.246,3.2439,3.19918,3.2427910216180753,3.233384699358553,0.009406322259522426,0.011108892159381456,43.06220095693781,0.006866883779010667,3.2439,3.2779890474773854,3.2098109525226146
2025-10-14 23:00:00,3.245,3.259,3.244,3.254,29382.39,3.254,3.243,3.2021800000000002,3.244515479830679,3.2349117586653264,0.009603721165352574,0.01080785796057568,68.05555555555561,0.006477625211911577,3.243,3.274841713786523,3.2111582862134767
2025-10-14 23:15:00,3.255,3.26,3.25,3.255,17970.34,3.255,3.24305,3.20496,3.246128482933651,3.2363997765419694,0.009728706391681552,0.010592027646796856,58.55855855855847,0.006359192635546632,3.24305,3.27496749231707,3.2111325076829305
2025-10-14 23:30:00,3.256,3.261,3.248,3.248,24008.44,3.248,3.24305,3.2069600000000005,3.246416408636166,3.2372590523536755,0.009157356282490703,0.010305093373935627,61.320754716981256,0.006364328204460232,3.24305,3.27496749231707,3.2111325076829305
2025-10-14 23:45:00,3.249,3.259,3.247,3.248,34907.56,3.248,3.2428,3.2089800000000004,3.2466600380767563,3.238054678105255,0.008605359971501247,0.009965146693448751,56.842105263158125,0.006354278646034289,3.2428,3.2744666851342097,3.21113331486579
2025-10-15 00:00:00,3.248,3.254,3.231,3.234,26031.04,3.234,3.2414500000000004,3.2108600000000003,3.2447123399111018,3.2377543315789397,0.006958008332162091,0.00936371902119142,45.54455445544558,0.006393337975158594,3.2414500000000004,3.272136702074862,3.210763297925139
2025-10-15 00:15:00,3.234,3.241,3.222,3.23,37770.59,3.23,3.2392000000000003,3.2126799999999998,3.242448903001702,3.2371799366471663,0.005268966354535554,0.008544768487860246,44.230769230769205,0.006298746431275884,3.2392000000000003,3.265864385867766,3.2125356141322348
2025-10-15 00:30:00,3.229,3.238,3.218,3.232,32603.73,3.232,3.2406999999999995,3.2146,3.2408413794629785,3.236796237636265,0.004045141826713561,0.007644843155630909,57.14285714285714,0.003712844172744598,3.2406999999999995,3.261220592994914,3.220179407005085
2025-10-15 00:45:00,3.233,3.241,3.228,3.24,17585.11,3.24,3.2409,3.21704,3.2407119364686743,3.237033553366912,0.0036783831017621615,0.006851551144857159,54.430379746835506,0.0028990271532905224,3.2409,3.261305365651937,3.220494634348063
2025-10-15 01:00:00,3.239,3.242,3.212,3.223,75003.79,3.223,3.2408499999999996,3.2193799999999997,3.2379870231658012,3.235994030895289,0.001992992270512417,0.005879839369988211,43.01075268817189,0.0030222470264723834,3.2408499999999996,3.2614338465030936,3.2202661534969055
2025-10-15 01:15:00,3.222,3.229,3.213,3.213,24942.49,3.213,3.23975,3.2217000000000002,3.234142865755678,3.23429076934749,-0.00014790359181171553,0.004674290777628226,32.97872340425536,0.002984730196760274,3.23975,3.2637225720469702,3.2157774279530296
2025-10-15 01:30:00,3.212,3.22,3.209,3.217,25900.5,3.217,3.2384500000000003,3.22404,3.231505501793266,3.233009971618046,-0.0015044698247801414,0.003438538657146552,26.744186046511686,0.002936120208737344,3.2384500000000003,3.2644173884551146,3.212482611544886
2025-10-15 01:45:00,3.216,3.232,3.212,3.229,35186.42,3.229,3.2378,3.2262,3.2311200399789173,3.232712936683376,-0.0015928967044587239,0.002432251584825497,38.46153846153854,0.0030780719560694627,3.2378,3.2640425929403225,3.2115574070596775
2025-10-15 02:00:00,3.229,3.239,3.223,3.238,71549.38,3.238,3.2387,3.22874,3.2321784953667763,3.2331045710031256,-0.0009260756363493883,0.0017605861405905199,45.833333333333336,0.002723323362212124,3.2387,3.2635710357861014,3.213828964213899
2025-10-15 02:15:00,3.238,3.262,3.234,3.261,65872.62,3.261,3.2401000000000004,3.23128,3.2366125730026565,3.2351708990769685,0.0014416739256879474,0.0016968036976100053,56.3025210084034,0.0030163381612045717,3.2401000000000004,3.2667114340288816,3.213488565971119
2025-10-15 02:30:00,3.261,3.266,3.241,3.244,41495.8,3.244,3.2405,3.23288,3.237749100233017,3.2358249065527485,0.0019241936802685267,0.0017422816941417096,46.093750000000085,0.0032658317047723593,3.2405,3.2670924405566257,3.213907559443374
2025-10-15 02:45:00,3.245,3.257,3.241,3.244,42615.98,3.244,3.24045,3.2344600000000003,3.2387107771202452,3.2364304690303225,0.0022803080899227446,0.0018498869732979167,45.669291338582816,0.003205591489779483,3.24045,3.267010556430835,3.213889443569165
2025-10-15 03:00:00,3.244,3.25,3.228,3.234,50545.91,3.234,3.2393,3.23562,3.2379860421786697,3.236250434287336,0.001735607891333757,0.0018270311569050849,44.615384615384556,0.003150824435868012,3.2393,3.2648144953645,3.2137855046355
2025-10-15 03:15:00,3.234,3.234,3.218,3.232,52834.77,3.232,3.2384,3.23706,3.2370651126127203,3.235935587303089,0.0011295253096315072,0.0016875299874503694,43.939393939393966,0.003123279000448586,3.2384,3.263593148609553,3.213206851390447
2025-10-15 03:30:00,3.232,3.232,3.212,3.216,50060.6,3.216,3.2369,3.23834,3.2338243260569173,3.2344588771324894,-0.0006345510755720873,0.001223113774845878,43.28358208955234,0.0032896345715954355,3.2369,3.263708482554279,3.2100915174457207
2025-10-15 03:45:00,3.216,3.227,3.201,3.223,46172.54,3.223,3.2357500000000003,3.2395,3.232159045125084,3.2336100714189717,-0.001451026293887825,0.0006882857610991373,47.44525547445251,0.003341219179939233,3.2357500000000003,3.262886109173455,3.2086138908265456
2025-10-15 04:00:00,3.224,3.228,3.207,3.224,56062.7,3.224,3.2342500000000003,3.23998,3.2309038074135326,3.232898214276825,-0.0019944068632926637,0.00015174723622077702,47.05882352941176,0.0032798627375358724,3.2342500000000003,3.2604385873098236,3.208061412690177
2025-10-15 04:15:00,3.223,3.24,3.223,3.236,21668.39,3.236,3.2333,3.2399400000000003,3.23168783704222,3.2331279761822453,-0.0014401391400253871,-0.00016663003902845592,48.57142857142856,0.0034081645546372866,3.2333,3.2576319153640703,3.2089680846359294
2025-10-15 04:30:00,3.236,3.24,3.226,3.232,14924.32,3.232,3.2325000000000004,3.2398400000000005,3.2317358621126475,3.2330444223909676,-0.0013085602783200478,-0.0003950160868867744,53.54330708661432,0.003387924420331729,3.2325000000000004,3.25582832026394,3.2091716797360608
2025-10-15 04:45:00,3.231,3.259,3.231,3.254,37631.15,3.254,3.2328,3.2399400000000003,3.235161114095317,3.234596687399044,0.0005644266962727684,-0.0002031275302548658,64.74820143884892,0.003737343692122904,3.2328,3.2571016135487705,3.2084983864512298
2025-10-15 05:00:00,3.255,3.272,3.255,3.269,63218.25,3.269,3.23455,3.24048,3.240367096542191,3.237145080925041,0.003222015617150298,0.0004819010992261672,67.33333333333336,0.0037156452296013827,3.23455,3.2637604883834563,3.2053395116165437
2025-10-15 05:15:00,3.27,3.276,3.253,3.255,37487.76,3.255,3.2358,3.2410200000000002,3.242618312458777,3.238467667523186,0.004150644935590808,0.0012156498664990956,58.5526315789473,0.0038524172691063664,3.2358,3.266301768715238,3.2052982312847615
2025-10-15 05:30:00,3.255,3.266,3.247,3.263,46427.12,3.263,3.23735,3.24114,3.2457539566958875,3.240284877336283,0.00546907935960439,0.0020663357651201546,58.278145695364195,0.0038799462199270605,3.23735,3.270106036004954,3.2045939639950465
2025-10-15 05:45:00,3.263,3.263,3.252,3.257,27183.85,3.257,3.2382000000000004,3.24134,3.2474841172042126,3.241523034570632,0.005961082633580528,0.0028452851388122294,48.50746268656716,0.0038833669630404214,3.2382000000000004,3.2721076144222865,3.2042923855777143
2025-10-15 06:00:00,3.257,3.264,3.241,3.246,61578.99,3.246,3.2393500000000004,3.24136,3.2472557914804874,3.2418546616394743,0.0054011298410130415,0.0033564540792523924,50.781249999999915,0.003764281753893278,3.2393500000000004,3.27264153519756,3.2060584648024406
2025-10-15 06:15:00,3.247,3.25,3.232,3.241,63250.54,3.241,3.2407500000000007,3.2414000000000005,3.2462933620219507,3.2417913533698837,0.004502008652067069,0.003585564993815328,48.872180451127775,0.003704323682717936,3.2407500000000007,3.2716445575179742,3.209855442482027
2025-10-15 06:30:00,3.242,3.274,3.235,3.261,62461.69,3.261,3.2429499999999996,3.24118,3.248555921710881,3.243214216083226,0.0053417056276550134,0.003936793120583265,59.440559440559504,0.003918218278527797,3.2429499999999996,3.2729778817806263,3.212922118219373
2025-10-15 06:45:00,3.26,3.273,3.257,3.273,69623.92,3.273,3.24515,3.24156,3.252316549139976,3.2454205704474317,0.0068959786925444355,0.004528630234975499,63.39869281045749,0.003916176342852601,3.24515,3.277250336119238,3.213049663880762
2025-10-15 07:00:00,3.273,3.279,3.262,3.274,49982.95,3.274,3.2469500000000004,3.24208,3.255652464656903,3.2475375652291034,0.008114899427799749,0.005245884073540349,71.01449275362314,0.0038852293241419594,3.2469500000000004,3.2813193559962888,3.212580644003712
2025-10-15 07:15:00,3.274,3.286,3.268,3.268,67195.04,3.268,3.2473,3.24238,3.2575520854789177,3.249053301138059,0.008498784340858823,0.005896464127004045,66.42335766423349,0.003596249279491072,3.2473,3.2824064546474774,3.2121935453525228
2025-10-15 07:30:00,3.268,3.272,3.261,3.263,62925.13,3.263,3.24825,3.24242,3.258390226174469,3.250086389942647,0.008303836231821737,0.006377938547967584,63.82978723404245,0.003397972001157043,3.24825,3.2840028062942666,3.2124971937057336
2025-10-15 07:45:00,3.264,3.282,3.262,3.279,24177.3,3.279,3.25,3.2425,3.261560960609166,3.2522281388357848,0.009332821773381017,0.006968915193050272,64.82758620689646,0.0035489220605206934,3.25,3.288218210044008,3.211781789955992
2025-10-15 08:00:00,3.279,3.29,3.273,3.287,43599.68,3.287,3.25265,3.2442,3.265474658976986,3.2548038322553565,0.010670826721629556,0.0077092974987661295,68.45637583892608,0.003465874022907656,3.25265,3.29345905472305,3.21184094527695
2025-10-15 08:15:00,3.286,3.313,3.279,3.313,147034.75,3.313,3.2567,3.24574,3.272786249903603,3.2591146594957006,0.013671590407902556,0.008901756080593416,69.28104575163398,0.003789287861212614,3.2567,3.3043791910919036,3.2090208089080963
2025-10-15 08:30:00,3.313,3.341,3.313,3.318,165569.19,3.318,3.2618,3.24762,3.2797422114568953,3.263476536570093,0.016265674886802195,0.010374539841835173,67.13286713286708,0.003497455375437943,3.2618,3.3128504394539484,3.2107495605460517
2025-10-15 08:45:00,3.318,3.318,3.3,3.301,72466.51,3.301,3.2657000000000003,3.24894,3.2830126404635265,3.266256052379716,0.01675658808381053,0.011650949490230246,65.75342465753434,0.0037985925788052216,3.2657000000000003,3.316184390500734,3.2152156094992663
2025-10-15 09:00:00,3.3,3.309,3.291,3.292,66495.28,3.292,3.2691000000000003,3.2499200000000004,3.284395311161446,3.2681630114627005,0.0162322996987454,0.012567219531933278,59.863945578231245,0.0038956151578073,3.2691000000000003,3.316844495411778,3.2213555045882227
2025-10-15 09:15:00,3.292,3.292,3.267,3.27,64251.86,3.27,3.2708,3.25048,3.2821806479058386,3.268299084687686,0.013881563218152593,0.01283008826917714,53.98773006134966,0.004202837448994589,3.2708,3.315931853613011,3.225668146386989
2025-10-15 09:30:00,3.269,3.277,3.257,3.272,69018.18,3.272,3.2728,3.2515199999999997,3.280614394381863,3.268573226562672,0.012041167819190957,0.012672304179179904,58.44155844155838,0.004182203832219016,3.2728,3.3140723942404087,3.2315276057595916
2025-10-15 09:45:00,3.271,3.278,3.261,3.268,75121.36,3.268,3.2735,3.25222,3.2786737183231147,3.2685307653358078,0.010142952987306941,0.012166433940805313,58.8235294117646,0.003935500427564607,3.2735,3.313895414018228,3.2331045859817715
2025-10-15 10:00:00,3.267,3.278,3.257,3.273,30931.7,3.273,3.2737000000000003,3.25296,3.277800838581097,3.268861819755378,0.008939018825719014,0.011520950917788054,54.347826086956516,0.003813134494960561,3.2737000000000003,3.314041176561123,3.2333588234388775
2025-10-15 10:15:00,3.272,3.272,3.249,3.257,98226.39,3.257,3.2738,3.2532,3.2746007095686207,3.2679831664401644,0.006617543128456305,0.010540269359921705,44.3661971830986,0.003851726284201859,3.2738,3.3139554872702925,3.2336445127297075
2025-10-15 10:30:00,3.257,3.258,3.236,3.251,66923.47,3.251,3.2732,3.2530799999999997,3.2709698311734487,3.266725154111263,0.0042446770621857866,0.009281150900374522,42.17687074829931,0.0038294798752737187,3.2732,3.31438047570108,3.23201952429892
2025-10-15 10:45:00,3.251,3.255,3.241,3.248,25256.94,3.248,3.27275,3.25304,3.267436010992918,3.265338105658577,0.002097905334341288,0.007844501787167875,43.055555555555706,0.0038140083100914888,3.27275,3.3148620060392693,3.2306379939607304
2025-10-15 11:00:00,3.247,3.257,3.241,3.243,42225.67,3.243,3.2725999999999997,3.25298,3.2636766246863154,3.2636834311653486,-6.8064790332833525e-06,0.006274240133927643,43.05555555555558,0.0037533433292248767,3.2725999999999997,3.315132464381172,3.2300675356188275
2025-10-15 11:15:00,3.244,3.245,3.215,3.237,130783.78,3.237,3.2724,3.2527999999999997,3.259572528580728,3.261706880708656,-0.0021343521279280075,0.004592521681556513,34.32835820895532,0.0037604951423687465,3.2724,3.3155906422615744,3.229209357738426
2025-10-15 11:30:00,3.236,3.244,3.228,3.243,108468.59,3.243,3.2714999999999996,3.2525800000000005,3.257022908799077,3.2603211858413483,-0.003298277042271369,0.003014361936790936,33.33333333333333,0.003499122000847271,3.2714999999999996,3.3164069212813265,3.2265930787186727
2025-10-15 11:45:00,3.243,3.243,3.221,3.224,72458.19,3.224,3.26905,3.2519600000000004,3.2519424612915264,3.257630727630878,-0.0056882663393516,0.0012738362815624287,14.399999999999892,0.0035813831527496437,3.26905,3.3187076702086022,3.2193923297913978
2025-10-15 12:00:00,3.224,3.238,3.219,3.221,98927.83,3.221,3.2664,3.25142,3.2471820826312916,3.2549173403989613,-0.007735257767669701,-0.0005279825282839978,10.569105691056862,0.0035729039406756044,3.2664,3.3204113048597383,3.2123886951402616
2025-10-15 12:15:00,3.221,3.224,3.196,3.199,148695.25,3.199,3.26295,3.2504399999999998,3.2397694545341698,3.250775315184223,-0.011005860650053378,-0.002623558152637875,10.156249999999915,0.003814783183869271,3.26295,3.3247799024916374,3.2011200975083627
2025-10-15 12:30:00,3.199,3.209,3.181,3.197,137550.28,3.197,3.2596499999999997,3.2497,3.2331895384519895,3.246791958503911,-0.01360242005192136,-0.004819330532494573,10.743801652892515,0.0038142751175319813,3.2596499999999997,3.328153630330379,3.1911463696696205
2025-10-15 12:45:00,3.196,3.208,3.194,3.201,68858.18,3.201,3.25575,3.2491200000000005,3.2282373017670682,3.2433999615776954,-0.015162659810627144,-0.006887996388121088,16.504854368931987,0.0035973006878143006,3.25575,3.3283726729857777,3.183127327014222
2025-10-15 13:00:00,3.2,3.201,3.17,3.179,125452.04,3.179,3.25035,3.2480600000000006,3.220662332264442,3.2386295940534215,-0.01796726178897945,-0.009103849468292761,12.19512195121959,0.0037029569398874217,3.25035,3.3289998569612202,3.17170014303878
2025-10-15 13:15:00,3.179,3.187,3.173,3.176,62223.23,3.176,3.2434999999999996,3.2467799999999998,3.213791204223759,3.2339903648642796,-0.02019916064052074,-0.011322911702738359,12.295081967213221,0.0029512809703270415,3.2434999999999996,3.323034170081461,3.163965829918538
2025-10-15 13:30:00,3.175,3.212,3.161,3.177,170024.62,3.177,3.23645,3.24586,3.2081310189585652,3.2297688563558147,-0.02163783739724945,-0.013385896841640578,9.322033898304852,0.002885650212176816,3.23645,3.313124225409364,3.1597757745906363
2025-10-15 13:45:00,3.176,3.186,3.12,3.185,326492.17,3.185,3.23065,3.2453,3.204572400657247,3.226452644773903,-0.021880244116655678,-0.015084766296643598,17.272727272727067,0.0029777231259182618,3.23065,3.304252846054953,3.1570471539450464
2025-10-15 14:00:00,3.185,3.223,3.184,3.213,137529.16,3.213,3.2267,3.2452199999999998,3.2058689544022863,3.225456152568429,-0.019587198166142628,-0.015985252670543404,35.606060606060595,0.0037888830858874493,3.2267,3.294706501237361,3.158693498762639
2025-10-15 14:15:00,3.213,3.221,3.199,3.21,88806.82,3.21,3.2237,3.24484,3.2065044998788577,3.224311252378175,-0.01780675249931729,-0.01634955263629818,35.60606060606047,0.003562919026657213,3.2237,3.288899612527262,3.158500387472738
2025-10-15 14:30:00,3.211,3.212,3.175,3.18,110836.64,3.18,3.2191,3.24368,3.20242688451288,3.2210289373871994,-0.018602052874319597,-0.016800052683902465,29.93630573248406,0.004005878222212252,3.2191,3.2829184926179003,3.1552815073821
2025-10-15 14:45:00,3.18,3.181,3.143,3.165,144501.57,3.165,3.2139499999999996,3.2417599999999998,3.196668902280129,3.2168786457288885,-0.020209743448759365,-0.017481990836873847,28.313253012048108,0.0040725852403486204,3.2139499999999996,3.2777769865381985,3.150123013461801
2025-10-15 15:00:00,3.165,3.183,3.146,3.166,163717.01,3.166,3.2085999999999997,3.2401999999999997,3.191950609621648,3.213109857156378,-0.021159247534729975,-0.018217442176445074,26.086956521739083,0.004032451488903062,3.2085999999999997,3.269454961308102,3.1477450386918973
2025-10-15 15:15:00,3.166,3.19,3.15,3.164,131303.0,3.164,3.20395,3.2386,3.1876505158337025,3.2094720899596094,-0.021821574125906906,-0.018938268566337443,29.1666666666666,0.003964444256343707,3.20395,3.2634301160939314,3.1444698839060683
2025-10-15 15:30:00,3.164,3.171,3.136,3.145,79339.06,3.145,3.1986499999999998,3.23682,3.181088898013133,3.204696379592231,-0.02360748157909809,-0.019872111168889574,26.24999999999993,0.0040938429489506736,3.1986499999999998,3.259355588054758,3.1379444119452415
2025-10-15 15:45:00,3.145,3.147,3.125,3.145,108343.74,3.145,3.1935,3.23508,3.175536759857266,3.200274425548362,-0.024737665691096034,-0.02084522207333087,30.434782608695627,0.004107624694150006,3.1935,3.2540535865339675,3.132946413466032
2025-10-15 16:00:00,3.146,3.152,3.128,3.143,125989.76,3.143,3.1885000000000003,3.23362,3.1705311044946103,3.196031875507743,-0.025500771013132528,-0.021776331861291204,30.434782608695542,0.004113312881874248,3.1885000000000003,3.248354208839572,3.128645791160429
2025-10-15 16:15:00,3.142,3.161,3.13,3.153,76597.45,3.153,3.1843,3.23222,3.167834011495439,3.1928443291738358,-0.0250103176783969,-0.022423129024712347,33.33333333333333,0.004246165287689119,3.1843,3.241556946257712,3.127043053742288
2025-10-15 16:30:00,3.153,3.158,3.143,3.146,35959.85,3.146,3.17945,3.2306600000000003,3.164474932803833,3.1893743788646627,-0.02489944606082961,-0.022918392431935802,37.209302325581426,0.004183916773150978,3.17945,3.2320116430090544,3.126888356990946
2025-10-15 16:45:00,3.147,3.168,3.143,3.151,101119.56,3.151,3.1757999999999997,3.2289599999999994,3.1624018662186284,3.186531832282095,-0.0241299660634664,-0.023160707158241926,40.458015267175455,0.0041071282690055295,3.1757999999999997,3.225390321636604,3.1262096783633955
2025-10-15 17:00:00,3.151,3.151,3.124,3.125,93787.98,3.125,3.171,3.2268199999999996,3.156647732954224,3.181973918779718,-0.02532618582549384,-0.02359380289169231,33.33333333333333,0.004403353280636366,3.171,3.2207530744886648,3.121246925511335
2025-10-15 17:15:00,3.125,3.15,3.122,3.135,138327.06,3.135,3.1678,3.22444,3.153317312499728,3.1784943692404792,-0.025177056740751436,-0.023910453661504138,34.17721518987332,0.004335291461795687,3.1678,3.218198830396005,3.1174011696039954
2025-10-15 17:30:00,3.135,3.15,3.125,3.145,33640.72,3.145,3.1651999999999996,3.2219599999999997,3.1520377259613084,3.176013304852296,-0.02397557889098767,-0.023923478707400848,25.714285714285722,0.004435467872733561,3.1651999999999996,3.214611696889459,3.11578830311054
2025-10-15 17:45:00,3.145,3.165,3.145,3.164,45455.69,3.164,3.16335,3.2201400000000002,3.1538780758134153,3.1751234304187927,-0.021245354605377464,-0.023387853886996175,35.256410256410334,0.0046754771948611775,3.16335,3.2097998597813424,3.1169001402186574
2025-10-15 18:00:00,3.164,3.168,3.15,3.155,48121.07,3.155,3.16215,3.21798,3.1540506795344285,3.1736328059433263,-0.019582126408897782,-0.0226267083913765,40.74074074074066,0.004472040015209673,3.16215,3.2081352379061516,3.1161647620938484
2025-10-15 18:15:00,3.155,3.188,3.154,3.168,129277.83,3.168,3.16175,3.2162,3.1561967288368242,3.1732155610586354,-0.01701883222181122,-0.021505133157463444,51.12781954887222,0.004579873532454632,3.16175,3.207365671360909,3.1161343286390912
2025-10-15 18:30:00,3.167,3.176,3.158,3.161,113078.91,3.161,3.16095,3.2144999999999997,3.156935693631159,3.172310704683922,-0.015375011052762844,-0.020279108736523326,48.201438848920915,0.004602103809410287,3.16095,3.205997226680465,3.1159027733195352
2025-10-15 18:45:00,3.16,3.187,3.156,3.184,49656.89,3.184,3.1609,3.21336,3.1610994330725193,3.1731765784110384,-0.012077145338519113,-0.018638716056922484,56.24999999999994,0.004867637549790717,3.1609,3.2058369148452774,3.115963085154722
2025-10-15 19:00:00,3.183,3.184,3.152,3.16,48951.03,3.16,3.15825,3.2113400000000003,3.1609302895229012,3.1722005355657763,-0.011270246042875076,-0.017165022054113004,54.54545454545455,0.00468052357806577,3.15825,3.1959126298103677,3.120587370189632
2025-10-15 19:15:00,3.16,3.179,3.157,3.175,81764.01,3.175,3.1565000000000003,3.20938,3.163094860365532,3.1724079033016443,-0.00931304293611257,-0.015594626230512918,58.33333333333323,0.004842857387426937,3.1565000000000003,3.1865140318065652,3.1264859681934354
2025-10-15 19:30:00,3.175,3.179,3.149,3.157,117553.65,3.157,3.1553500000000003,3.20704,3.162157189540065,3.171266577131152,-0.009109387591086815,-0.0142975785026277,53.57142857142862,0.004551927130926177,3.1553500000000003,3.1832617028845807,3.12743829711542
2025-10-15 19:45:00,3.157,3.158,3.134,3.148,53578.01,3.148,3.1544999999999996,3.20464,3.1599791603800553,3.169543126973289,-0.009563966593233886,-0.013350856120748938,48.717948717948744,0.004476261833443165,3.1544999999999996,3.1822090143041315,3.1267909856958678
2025-10-15 20:00:00,3.149,3.162,3.145,3.155,30233.72,3.155,3.15395,3.20248,3.159213135706201,3.168465858308601,-0.009252722602399732,-0.012531229417079097,52.307692307692285,0.004509377264510186,3.15395,3.181129520154187,3.126770479845813
2025-10-15 20:15:00,3.156,3.168,3.134,3.14,149222.79,3.14,3.15275,3.1996999999999995,3.1562572686744783,3.166357276211668,-0.010100007537189537,-0.012044985041101186,47.31707317073179,0.004624620562776672,3.15275,3.1801793350461702,3.12532066495383
2025-10-15 20:30:00,3.139,3.15,3.089,3.146,497791.31,3.146,3.1528,3.1968799999999997,3.1546792273399435,3.164849329825618,-0.010170102485674626,-0.011670008530015876,55.67567567567566,0.0044525447410797316,3.1528,3.180173440835604,3.125426559164396
2025-10-15 20:45:00,3.145,3.151,3.123,3.124,105423.91,3.124,3.15175,3.1931,3.149959346210721,3.161823453542239,-0.011864107331517992,-0.0117088282903163,47.20812182741124,0.004721112227525575,3.15175,3.1818577014106517,3.121642298589348
2025-10-15 21:00:00,3.124,3.135,3.098,3.119,168563.81,3.119,3.15055,3.18912,3.14519636987061,3.1586513458724434,-0.01345497600183343,-0.012058057832619727,43.2291666666667,0.004729382615372189,3.15055,3.1838680842316087,3.117231915768391
2025-10-15 21:15:00,3.119,3.145,3.105,3.143,69228.38,3.143,3.15005,3.18596,3.1448584668135933,3.157491986918929,-0.012633520105335805,-0.012173150287162943,44.6700507614212,0.0050073894104883465,3.15005,3.183513098293357,3.1165869017066425
2025-10-15 21:30:00,3.144,3.156,3.136,3.14,128880.61,3.14,3.14975,3.18292,3.144111010380733,3.1561962841841935,-0.012085273803460694,-0.012155574990422495,46.073298429319415,0.004987769133318815,3.14975,3.1834725521919425,3.1160274478080576
2025-10-15 21:45:00,3.142,3.145,3.112,3.125,124522.96,3.125,3.14845,3.1800200000000003,3.141170854937543,3.153885448318698,-0.01271459338115477,-0.01226737866856895,38.860103626942845,0.005077722928520789,3.14845,3.183928533168833,3.112971466831167
2025-10-15 22:00:00,3.124,3.141,3.122,3.141,47076.21,3.141,3.1492500000000003,3.1774,3.1411445695625364,3.152930970665461,-0.011786401102924504,-0.012171183155440062,45.049504950494985,0.004865675527314559,3.1492500000000003,3.183190350152047,3.1153096498479536
2025-10-15 22:15:00,3.141,3.15,3.134,3.137,93204.21,3.137,3.1493499999999996,3.17478,3.1405069434759922,3.1517508987643157,-0.011243955288323448,-0.01198573758201674,37.15846994535499,0.004826395603559052,3.1493499999999996,3.1831249517903952,3.115575048209604
2025-10-15 22:30:00,3.137,3.149,3.135,3.143,24784.52,3.143,3.14925,3.17218,3.140890490633532,3.151102684041033,-0.010212193407500791,-0.011631028747113551,44.84848484848467,0.004790887306913496,3.14925,3.1830909592999115,3.1154090407000883
2025-10-15 22:45:00,3.143,3.143,3.117,3.126,103414.84,3.126,3.1473500000000003,3.16956,3.1385996459206815,3.149243225963919,-0.0106435800432374,-0.011433539006338322,35.32934131736508,0.004711817151835435,3.1473500000000003,3.181962288660797,3.1127377113392036
2025-10-15 23:00:00,3.126,3.139,3.114,3.137,109424.24,3.137,3.14645,3.16728,3.138353546548269,3.148336320336962,-0.009982773788693056,-0.01114338596280927,43.749999999999915,0.004766340920689284,3.14645,3.181160683931175,3.1117393160688254
2025-10-15 23:15:00,3.135,3.14,3.123,3.135,75355.98,3.135,3.1448,3.16502,3.1378376163100734,3.147348444756446,-0.009510828446372521,-0.010816874459521921,45.75163398692794,0.004652782720182261,3.1448,3.1783141761053826,3.1112858238946175
2025-10-15 23:30:00,3.136,3.144,3.133,3.138,53947.05,3.138,3.14365,3.16292,3.137862598416216,3.1466559673670793,-0.008793368950863467,-0.010412173357790232,44.2953020134228,0.004645887905320539,3.14365,3.176393179282048,3.110906820717952
2025-10-15 23:45:00,3.139,3.142,3.126,3.137,110932.03,3.137,3.1413,3.16092,3.137729890967567,3.1459407105250734,-0.008210819557506355,-0.009971902597733458,48.888888888888836,0.004285755457185967,3.1413,3.1680471592199715,3.114552840780029
2025-10-16 00:00:00,3.137,3.145,3.127,3.128,53017.89,3.128,3.1397,3.1586199999999995,3.1362329846648644,3.1446117690046975,-0.008378784339833079,-0.009653278946153383,43.478260869565254,0.004014248863662852,3.1397,3.16555058280971,3.11384941719029
2025-10-16 00:15:00,3.128,3.151,3.128,3.146,99326.48,3.146,3.13825,3.15706,3.1377356024087315,3.1447146009302753,-0.006978998521543822,-0.00911842286123147,58.20895522388059,0.004089205132373446,3.13825,3.1583850702172693,3.118114929782731
2025-10-16 00:30:00,3.146,3.146,3.125,3.135,74069.72,3.135,3.1371499999999997,3.15534,3.1373147404996957,3.1439950008613655,-0.006680260361669799,-0.008630790361319137,55.71428571428559,0.0039704019619838105,3.1371499999999997,3.1552755852906342,3.119024414709365
2025-10-16 00:45:00,3.135,3.145,3.124,3.127,56901.65,3.127,3.1361,3.1539000000000006,3.1357278573458967,3.1427361119086723,-0.007008254562775651,-0.00830628320161044,43.54838709677417,0.003961011219352127,3.1361,3.154010890542428,3.118189109457572
2025-10-16 01:00:00,3.127,3.157,3.124,3.146,60774.23,3.146,3.13565,3.15288,3.1373081869849897,3.142977881396919,-0.005669694411929438,-0.007778965443674239,52.14285714285707,0.004179245835460791,3.13565,3.151940455714659,3.119359544285341
2025-10-16 01:15:00,3.145,3.154,3.142,3.148,98915.12,3.148,3.13605,3.1518199999999994,3.1389530812949915,3.143349890182333,-0.004396808887341397,-0.007102534132407671,59.05511811023625,0.004037023968681973,3.13605,3.1531623224306404,3.1189376775693596
2025-10-16 01:30:00,3.148,3.161,3.143,3.154,58353.91,3.154,3.13645,3.1513199999999997,3.141267991864993,3.144138787205864,-0.0028707953408710907,-0.006256186374100355,55.555555555555515,0.004036911686328693,3.13645,3.154865954182281,3.1180340458177187
2025-10-16 01:45:00,3.154,3.17,3.148,3.166,69430.66,3.166,3.13855,3.15112,3.1450729161934556,3.1457581363017257,-0.0006852201082701015,-0.005141993120934305,61.599999999999966,0.0037449683793748406,3.13855,3.1602704730010927,3.1168295269989073
2025-10-16 02:00:00,3.166,3.177,3.151,3.16,67444.04,3.16,3.1406,3.15078,3.1473693906252316,3.1468130891682646,0.0005563014569669456,-0.004002334205354055,56.80000000000013,0.0037549549688487773,3.1406,3.162290647997444,3.118909352002556
2025-10-16 02:15:00,3.161,3.164,3.154,3.163,42060.67,3.163,3.1416,3.15034,3.1497740997598114,3.148012119600245,0.001761980159566523,-0.002849471332369939,66.66666666666666,0.0033733718965265245,3.1416,3.165489218004464,3.117710781995536
2025-10-16 02:30:00,3.163,3.164,3.133,3.137,85070.51,3.137,3.14145,3.14882,3.1478088536429176,3.1471964070372636,0.0006124466056540712,-0.002157087744765137,50.0,0.0038724374701366187,3.14145,3.1654190590031477,3.117480940996852
2025-10-16 02:45:00,3.136,3.15,3.132,3.145,83894.16,3.145,3.14245,3.14752,3.147376722313238,3.147033710219689,0.0003430120935492553,-0.0016570677771022583,53.787878787878896,0.0037452728765511416,3.14245,3.1651654016849116,3.119734598315089
2025-10-16 03:00:00,3.145,3.151,3.134,3.134,74212.31,3.134,3.1421,3.1466,3.1453187650342787,3.146068250203416,-0.0007494851691371984,-0.0014755512555092464,48.57142857142856,0.0036594042174420663,3.1421,3.165123100527892,3.119076899472108
2025-10-16 03:15:00,3.135,3.148,3.132,3.144,54475.69,3.144,3.1424499999999997,3.1461799999999998,3.1451158781059276,3.145915046484644,-0.0007991683787165194,-0.0013402746801507012,52.34899328859065,0.003720043154200537,3.1424499999999997,3.165359202931792,3.1195407970682076
2025-10-16 03:30:00,3.144,3.144,3.124,3.129,62063.07,3.129,3.14175,3.1454400000000002,3.1426365122434774,3.144662080078374,-0.002025567834896602,-0.0014773333110998815,50.32258064516125,0.0038483354690174417,3.14175,3.1654309939341005,3.1180690060658995
2025-10-16 03:45:00,3.129,3.135,3.119,3.123,41681.29,3.123,3.1415999999999995,3.1446199999999997,3.139615510359866,3.1430574815540497,-0.0034419711941837683,-0.0018702608877166592,41.95804195804205,0.0036757042956760957,3.1415999999999995,3.1657347096636563,3.1174652903363427
2025-10-16 04:00:00,3.123,3.146,3.122,3.142,47472.83,3.142,3.14185,3.1445600000000002,3.1399823549198866,3.1429791495870836,-0.0029967946671969337,-0.0020955676436127143,52.31788079470203,0.0038472197430449535,3.14185,3.1658874707492837,3.117812529250716
2025-10-16 04:15:00,3.143,3.151,3.143,3.149,30675.74,3.149,3.14255,3.14464,3.141369684932212,3.143425138506559,-0.0020554535743468882,-0.002087544829759549,57.333333333333435,0.003872104479285334,3.14255,3.16656293511119,3.1185370648888098
2025-10-16 04:30:00,3.149,3.151,3.128,3.132,52224.84,3.132,3.1422499999999998,3.14442,3.139928194942641,3.1425788319505172,-0.0026506370078762664,-0.0022001632653828925,45.27027027027032,0.0040652719448916585,3.1422499999999998,3.166649094030237,3.1178509059697626
2025-10-16 04:45:00,3.132,3.139,3.116,3.126,50748.52,3.126,3.1417,3.1438800000000002,3.1377853957206967,3.141350770324553,-0.0035653746038564194,-0.002473205533077598,42.76315789473673,0.0040856783819424826,3.1417,3.1670738365047555,3.116326163495245
2025-10-16 05:00:00,3.127,3.137,3.119,3.134,46379.43,3.134,3.1420000000000003,3.1436399999999995,3.1372030271482823,3.140806268819031,-0.003603241670748769,-0.0026992127606118325,43.50649350649348,0.004077074301759929,3.1420000000000003,3.166827828190445,3.1171721718095555
2025-10-16 05:15:00,3.135,3.137,3.125,3.13,36662.27,3.13,3.1412,3.14322,3.1360948691254693,3.1400058044620662,-0.003910935336596921,-0.0029415572758088506,37.671232876712274,0.003861619766493039,3.1412,3.1665115326330358,3.1158884673669642
2025-10-16 05:30:00,3.13,3.153,3.13,3.145,51133.23,3.145,3.1417,3.1436200000000003,3.1374648892600128,3.140375744872284,-0.0029108556122712237,-0.0029354169431013255,45.1612903225806,0.003938634463737809,3.1417,3.1668906415375893,3.116509358462411
2025-10-16 05:45:00,3.145,3.149,3.115,3.135,39919.21,3.135,3.1421,3.14362,3.1370856755277026,3.139977541548411,-0.0028918660207084557,-0.0029267067586227517,41.35802469135804,0.0039638618437324875,3.1421,3.1665510251646354,3.117648974835365
2025-10-16 06:00:00,3.135,3.147,3.134,3.139,73759.36,3.139,3.1417499999999996,3.1435000000000004,3.137380186984979,3.139905131063344,-0.00252494407836501,-0.002846354222571204,50.71428571428563,0.0037232330780931524,3.1417499999999996,3.1661663448279938,3.1173336551720054
2025-10-16 06:15:00,3.138,3.153,3.137,3.151,55478.03,3.151,3.1419,3.1432399999999996,3.1394755428334435,3.1407269732067995,-0.001251430373355955,-0.0025273694527281542,52.08333333333325,0.0038234527911512545,3.1419,3.1665140738522015,3.1172859261477988
2025-10-16 06:30:00,3.151,3.165,3.151,3.158,76404.29,3.158,3.1421,3.1433,3.1423254593206065,3.142006456672963,0.0003190026476436181,-0.0019580950326537998,58.57142857142854,0.003832135721067822,3.1421,3.1671884750228076,3.1170115249771926
2025-10-16 06:45:00,3.158,3.177,3.158,3.171,105182.05,3.171,3.14235,3.14336,3.1467369271174364,3.14415412654904,0.002582800568396326,-0.0010499159124437742,59.44055944055931,0.003848727803015554,3.14235,3.1685176779337354,3.1161823220662646
2025-10-16 07:00:00,3.171,3.173,3.152,3.157,81364.3,3.157,3.1422,3.1432800000000003,3.148315861407062,3.1451056727305926,0.003210188676469272,-0.00019789499466116463,59.85915492957748,0.0039567255021171754,3.1422,3.1679730989910335,3.1164269010089662
2025-10-16 07:15:00,3.158,3.159,3.137,3.138,99271.17,3.138,3.14095,3.14236,3.146728805805976,3.1445793266024005,0.002149479203575666,0.00027157984498620165,54.838709677419246,0.004166229070528985,3.14095,3.164831064950722,3.117068935049278
2025-10-16 07:30:00,3.137,3.155,3.135,3.154,87682.46,3.154,3.1418,3.1422399999999997,3.1478474510665952,3.1452771542614824,0.0025702968051128927,0.00073132323701154,53.947368421052616,0.0039047726155949196,3.1418,3.1662914593066653,3.1173085406933345
2025-10-16 07:45:00,3.153,3.157,3.142,3.149,133997.71,3.149,3.142,3.1417200000000003,3.148024766287119,3.1455529206124835,0.002471845674635542,0.0010794277245363406,50.0,0.0038875474108739307,3.142,3.1666661925042,3.1173338074958
2025-10-16 08:00:00,3.149,3.151,3.134,3.149,103225.39,3.149,3.14275,3.14156,3.148174802242947,3.1458082598263735,0.002366542416573747,0.0013368506629438221,56.39097744360896,0.003796173245530932,3.14275,3.1673039148989472,3.1181960851010526
2025-10-16 08:15:00,3.148,3.148,3.132,3.134,57871.93,3.134,3.1422499999999998,3.14128,3.14599406343634,3.144933573913309,0.0010604895230312827,0.0012815784349613144,52.816901408450704,0.003886958130918443,3.1422499999999998,3.167102194650976,3.1173978053490234
2025-10-16 08:30:00,3.134,3.139,3.118,3.125,115674.77,3.125,3.1420500000000002,3.1406799999999997,3.142764207523057,3.1434570128826933,-0.0006928053596362282,0.0008867016760418058,46.853146853146896,0.0037901692222827668,3.1420500000000002,3.1674103503217865,3.116689649678214
2025-10-16 08:45:00,3.124,3.137,3.122,3.134,86609.84,3.134,3.1426000000000003,3.1405600000000002,3.1414158679041253,3.1427564934099013,-0.0013406255057759608,0.00044123623967825236,51.35135135135135,0.0038179428958080765,3.1426000000000003,3.1666648247343785,3.118535175265622
2025-10-16 09:00:00,3.133,3.147,3.125,3.139,85450.97,3.139,3.1424499999999997,3.1404199999999998,3.141044195918875,3.1424782346387974,-0.0014340387199225368,6.618124775809442e-05,47.82608695652166,0.003577133413639767,3.1424499999999997,3.166567912103521,3.1183320878964786
2025-10-16 09:15:00,3.138,3.149,3.127,3.127,44499.99,3.127,3.14135,3.14048,3.138883550392894,3.141331698739627,-0.0024481483467333476,-0.0004366846711401941,47.14285714285714,0.003630555385468973,3.14135,3.1662055828743303,3.11649441712567
2025-10-16 09:30:00,3.127,3.145,3.047,3.138,707276.54,3.138,3.14165,3.14086,3.138747619563218,3.1410849062403954,-0.0023372866771773637,-0.0008168050723476281,49.659863945578266,0.0035230917776546047,3.14165,3.166173028919591,3.117126971080409
2025-10-16 09:45:00,3.139,3.179,3.135,3.161,323249.77,3.161,3.1433999999999997,3.14122,3.1421710627073383,3.142560098370737,-0.00038903566339865137,-0.0007312511905578328,53.164556962025394,0.003837013965742495,3.1433999999999997,3.168214257362324,3.1185857426376753
2025-10-16 10:00:00,3.16,3.19,3.157,3.18,125504.08,3.18,3.1456999999999997,3.14202,3.1479908992139016,3.1453334244173488,0.0026574747965528722,-5.350599313569163e-05,56.47058823529419,0.004005407998738211,3.1456999999999997,3.174972584623651,3.1164274153763483
2025-10-16 10:15:00,3.181,3.2,3.174,3.174,121356.81,3.174,3.1479,3.1429999999999993,3.15199229933484,3.147456874460508,0.004535424874331895,0.0008642801803578259,50.92024539877304,0.0040238372714896985,3.1479,3.178774278172194,3.117025721827806
2025-10-16 10:30:00,3.175,3.182,3.165,3.177,78630.22,3.177,3.1494999999999997,3.14372,3.1558396378987106,3.1496452541300997,0.006194383768610923,0.0019303008980084458,56.578947368421034,0.003908509285671556,3.1494999999999997,3.1829506706725503,3.116049329327449
2025-10-16 10:45:00,3.176,3.184,3.172,3.175,91914.57,3.175,3.1515,3.1444799999999997,3.1587873859142936,3.151523383453796,0.007264002460497743,0.0029970412105063057,63.70370370370361,0.0038223316355126507,3.1515,3.1860649655305417,3.116935034469458
2025-10-16 11:00:00,3.175,3.188,3.169,3.177,61120.13,3.177,3.1534000000000004,3.1451599999999997,3.1615893265428636,3.1534105402349963,0.00817878630786728,0.004033390229978501,59.504132231404945,0.0038194128758650384,3.1534000000000004,3.1892264824135372,3.1175735175864636
2025-10-16 11:15:00,3.177,3.183,3.162,3.164,83267.06,3.164,3.15405,3.14592,3.1619601993824236,3.1541949446620334,0.007765254720390136,0.004779763128060829,55.8139534883721,0.0038784423343308683,3.15405,3.190163709308546,3.1179362906914534
2025-10-16 11:30:00,3.164,3.176,3.156,3.172,58659.29,3.172,3.15475,3.14662,3.1635047840928197,3.1555138376500307,0.007990946442788971,0.005421999791006458,58.3941605839416,0.0038874047990505906,3.15475,3.1917186923023855,3.1177813076976144
2025-10-16 11:45:00,3.172,3.183,3.171,3.183,102297.96,3.183,3.15535,3.1475799999999996,3.16650404807854,3.1575498496759544,0.0089541984025856,0.006128439513322287,68.42105263157886,0.0038558347372627637,3.15535,3.193789426032478,3.116910573967522
2025-10-16 12:00:00,3.184,3.208,3.177,3.179,110609.97,3.179,3.1564500000000004,3.1483999999999996,3.168426502220303,3.159138749699958,0.00928775252034475,0.00676030211472678,71.09374999999983,0.0037193114621310052,3.1564500000000004,3.19632071211093,3.116579287889071
2025-10-16 12:15:00,3.178,3.19,3.174,3.179,73252.66,3.179,3.1584999999999996,3.14924,3.17005319418641,3.1606099534258876,0.009443240760522276,0.0072968898438858796,68.90756302520995,0.003406968303242359,3.1584999999999996,3.198591999464664,3.1184080005353354
2025-10-16 12:30:00,3.18,3.195,3.174,3.187,86089.4,3.187,3.1601500000000002,3.1504200000000004,3.1726603950808085,3.162564771690637,0.01009562339017167,0.007856636553143038,69.67213114754088,0.0032761065177743373,3.1601500000000002,3.20213383147457,3.1181661685254305
2025-10-16 12:45:00,3.187,3.195,3.179,3.179,42193.82,3.179,3.16165,3.15108,3.1736357189145297,3.163782196009849,0.009853522904680556,0.008256013823450542,72.03389830508462,0.003313784221770124,3.16165,3.204097614774235,3.1192023852257647
2025-10-16 13:00:00,3.179,3.187,3.167,3.174,83473.2,3.174,3.1628999999999996,3.1518599999999997,3.1736917621584477,3.1645390703794902,0.0091526917789575,0.008435349414551934,66.0714285714285,0.00334428250635214,3.1628999999999996,3.205251412081357,3.120548587918642
2025-10-16 13:15:00,3.173,3.179,3.16,3.172,112869.58,3.172,3.1648,3.1527599999999993,3.173431491057148,3.165091731832861,0.008339759224287313,0.00841623137649901,56.04395604395609,0.003129149806503031,3.1648,3.2050497466487045,3.1245502533512957
2025-10-16 13:30:00,3.172,3.191,3.167,3.178,138921.34,3.178,3.1674499999999997,3.1534000000000004,3.1741343385868177,3.1660478998452417,0.008086438741575996,0.008350272849514407,48.71794871794857,0.0030301114225751266,3.1674499999999997,3.2034176755466923,3.131482324453307
2025-10-16 13:45:00,3.179,3.187,3.144,3.153,184884.27,3.153,3.1683999999999997,3.1535,3.1708829018811535,3.165081388745594,0.005801513135559322,0.007840520906723391,39.175257731958766,0.003557340647931032,3.1683999999999997,3.2015402124952765,3.135259787504723
2025-10-16 14:00:00,3.153,3.159,3.119,3.129,190137.81,3.129,3.1679000000000004,3.153,3.1644393785148224,3.1624086932829574,0.0020306852318650037,0.006678553771751713,29.661016949152426,0.0039554817999432135,3.1679000000000004,3.2031429164218337,3.132657083578167
2025-10-16 14:15:00,3.128,3.139,3.103,3.122,242018.67,3.122,3.16765,3.15212,3.157910243358696,3.1594154567434787,-0.0015052133847826,0.00504180034044485,28.45528455284544,0.003893435315589408,3.16765,3.204162578943074,3.131137421056926
2025-10-16 14:30:00,3.121,3.178,3.121,3.174,214602.44,3.174,3.1694500000000003,3.1523999999999996,3.1603855905342813,3.1604957932809987,-0.00011020274671746932,0.004011399723012387,49.132947976878576,0.005362382377392534,3.1694500000000003,3.2032573489366856,3.135642651063315
2025-10-16 14:45:00,3.175,3.181,3.139,3.141,180998.12,3.141,3.16845,3.1519600000000003,3.157403191990546,3.159051660445369,-0.0016484684548228046,0.002879426087445348,44.041450777202016,0.005646238034142119,3.16845,3.204423528279329,3.132476471720671
2025-10-16 15:00:00,3.142,3.151,3.123,3.15,102644.65,3.15,3.16695,3.1522200000000002,3.1562642393766156,3.158381167079045,-0.0021169277024295496,0.0018801553294703684,44.32989690721641,0.005503133617918499,3.16695,3.203394478320064,3.130505521679936
2025-10-16 15:15:00,3.15,3.153,3.111,3.118,142395.5,3.118,3.1641500000000002,3.1516800000000003,3.150377433318675,3.1553899695176346,-0.005012536198959694,0.0005016170237843556,34.88372093023253,0.005911727703408314,3.1641500000000002,3.2064485628724473,3.121851437127553
2025-10-16 15:30:00,3.117,3.13,3.084,3.096,421269.93,3.096,3.1601,3.1509200000000006,3.142011674346571,3.150990712516328,-0.008979038169756759,-0.001394514014923868,32.18884120171673,0.006051277020021297,3.1601,3.211705385276108,3.1084946147238917
2025-10-16 15:45:00,3.096,3.097,3.044,3.06,533403.2,3.06,3.15435,3.14924,3.129394493677868,3.1442506597373407,-0.01485616605947282,-0.004086844423833659,27.881040892193283,0.006474646845427653,3.15435,3.222074752530262,3.0866252474697378
2025-10-16 16:00:00,3.059,3.084,3.022,3.07,470852.6,3.07,3.149,3.1480599999999996,3.120256879265888,3.138750610867908,-0.01849373160202017,-0.006968221859470963,28.413284132841255,0.006553638968720211,3.149,3.2255245058789814,3.0724754941210186
2025-10-16 16:15:00,3.07,3.08,3.042,3.061,177297.94,3.061,3.14385,3.1468199999999995,3.1111404363019055,3.132991306359174,-0.0218508700572686,-0.009944751499030492,28.308823529411697,0.006536380903455651,3.14385,3.2294494958176334,3.0582505041823667
2025-10-16 16:30:00,3.06,3.085,3.035,3.065,225563.27,3.065,3.1384999999999996,3.14528,3.104041907640074,3.1279549132955315,-0.02391300565545773,-0.012738402330315942,29.889298892988847,0.006501056006758579,3.1384999999999996,3.229871998474838,3.047128001525161
2025-10-16 16:45:00,3.066,3.129,3.06,3.128,172854.78,3.128,3.13575,3.14486,3.1077277680031394,3.127958253051418,-0.020230485048278624,-0.01423681887390848,43.37349397590359,0.008133032577830802,3.13575,3.2247630091025825,3.046736990897417
2025-10-16 17:00:00,3.127,3.127,3.087,3.089,210073.02,3.089,3.1312499999999996,3.1439999999999997,3.1048465729257333,3.125072456529091,-0.02022588360335753,-0.015434631819798292,37.80821917808218,0.008539486094652337,3.1312499999999996,3.2201565150654075,3.042343484934592
2025-10-16 17:15:00,3.088,3.117,3.086,3.105,106256.59,3.105,3.1275500000000003,3.1435799999999996,3.104870177091005,3.123585607897306,-0.018715430806301114,-0.016090791617098858,43.25842696629213,0.0086618609393779,3.1275500000000003,3.214220519482645,3.0408794805173556
2025-10-16 17:30:00,3.103,3.108,3.074,3.077,58661.58,3.077,3.1220499999999998,3.14244,3.100582457538543,3.120134822127135,-0.01955236458859222,-0.01678310621139753,42.777777777777764,0.008788543564920542,3.1220499999999998,3.206774879835743,3.0373251201642564
2025-10-16 17:45:00,3.077,3.085,3.067,3.073,61994.67,3.073,3.11675,3.1412999999999998,3.096339002532613,3.1166433538214213,-0.020304351288808142,-0.017487355226879654,43.13725490196079,0.008786969494964464,3.11675,3.1997182881716184,3.033781711828382
2025-10-16 18:00:00,3.074,3.075,3.037,3.048,239913.06,3.048,3.11045,3.13936,3.088902232912211,3.111558660945761,-0.022656428033549947,-0.018521169788213714,30.909090909090907,0.008905367973565616,3.11045,3.194245427585485,3.0266545724145155
2025-10-16 18:15:00,3.048,3.061,3.037,3.043,80562.9,3.043,3.104,3.1375200000000003,3.0818403509257166,3.106480241616445,-0.02463989069072836,-0.019744913968716644,33.7748344370861,0.008900137191295673,3.104,3.187706253303616,3.0202937466963844
2025-10-16 18:30:00,3.042,3.076,3.038,3.065,87180.19,3.065,3.09835,3.13604,3.079249527706376,3.1034076311263377,-0.02415810341996183,-0.020627551858965684,36.5079365079365,0.009101886856494735,3.09835,3.1760654729565876,3.0206345270434123
2025-10-16 18:45:00,3.065,3.077,3.051,3.065,104634.11,3.065,3.0939500000000004,3.13432,3.077057292674626,3.1005626214132755,-0.023505328738649744,-0.0212031072349025,40.636042402826845,0.008993867759641835,3.0939500000000004,3.168539331818142,3.019360668181859
2025-10-16 19:00:00,3.066,3.071,3.04,3.044,162783.36,3.044,3.0896999999999997,3.13204,3.0719715553400677,3.0963727976048845,-0.02440124226481677,-0.021842734240885356,40.780141843971606,0.008967693942876493,3.0896999999999997,3.1655560964487712,3.013843903551228
2025-10-16 19:15:00,3.045,3.048,3.011,3.027,169488.03,3.027,3.08495,3.12916,3.065052854518519,3.0912340718563747,-0.0261812173378555,-0.022710430860279386,43.726235741444874,0.00901646725230656,3.08495,3.1641153167014795,3.0057846832985207
2025-10-16 19:30:00,3.027,3.03,2.993,3.013,213773.1,3.013,3.0768999999999997,3.12628,3.057044723054131,3.085438955422569,-0.028394232368437855,-0.023847191161911082,39.32584269662922,0.007953441304371308,3.0768999999999997,3.1504846093749697,3.00331539062503
2025-10-16 19:45:00,3.013,3.047,2.999,3.021,167352.74,3.021,3.0709,3.12394,3.051499381045803,3.0806656994653414,-0.029166318419538317,-0.024911016613436532,42.4812030075188,0.00781158668630628,3.0709,3.142005259262321,2.999794740737679
2025-10-16 20:00:00,3.022,3.031,3.007,3.009,60584.26,3.009,3.06385,3.12104,3.044961014731064,3.0753571291345754,-0.0303961144035112,-0.02600803617145147,39.78102189781021,0.007740576692102652,3.06385,3.1296991897406414,2.9980008102593585
2025-10-16 20:15:00,3.009,3.024,2.997,3.01,122278.31,3.01,3.0584499999999997,3.11826,3.0395823970801312,3.070515860309792,-0.03093346322966095,-0.02699312158309337,22.169811320754604,0.007529643557487918,3.0584499999999997,3.1233076579094496,2.9935923420905497
2025-10-16 20:30:00,3.011,3.014,2.97,2.989,353815.74,2.989,3.0531,3.1150599999999997,3.031800489837034,3.0644776484349925,-0.03267715859795839,-0.028129928986066376,24.226804123711247,0.007526722876394524,3.0531,3.12241514606282,2.9837848539371805
2025-10-16 20:45:00,2.989,3.006,2.982,2.988,92911.82,2.988,3.0495,3.11214,3.0250619529390286,3.0588126374398077,-0.033750684500779116,-0.029254080089008927,17.318435754189835,0.007159781599638712,3.0495,3.124548054780532,2.974451945219468
2025-10-16 21:00:00,2.99,3.007,2.985,3.004,97162.32,3.004,3.0462,3.10972,3.0218216524868704,3.054752442073896,-0.032930789587025444,-0.02998942198861223,28.143712574850227,0.007242519184022385,3.0462,3.123230684248652,2.9691693157513477
2025-10-16 21:15:00,3.004,3.017,2.995,3.014,80788.06,3.014,3.04385,3.1073199999999996,3.020618321335044,3.051733742661015,-0.031115421325970782,-0.030214621856083944,32.94797687861259,0.007292544970148389,3.04385,3.121841295060983,2.965858704939017
2025-10-16 21:30:00,3.015,3.034,3.012,3.02,216144.81,3.02,3.0416,3.1049400000000005,3.0205231949758065,3.0493830950564957,-0.028859900080689282,-0.029943677501005017,40.90909090909087,0.00730428290823124,3.0416,3.119618621259185,2.9635813787408147
2025-10-16 21:45:00,3.021,3.035,3.018,3.032,97820.27,3.032,3.0368000000000004,3.1030399999999996,3.022288857287221,3.0480954583856446,-0.025806601098423698,-0.029116262220488753,46.58385093167698,0.005475150787909959,3.0368000000000004,3.103416261646958,2.9701837383530427
2025-10-16 22:00:00,3.033,3.039,3.011,3.012,47649.06,3.012,3.0329500000000005,3.1005199999999995,3.0207059561661103,3.0454217207274485,-0.024715764561338283,-0.02823616268865866,33.33333333333333,0.004994865473526219,3.0329500000000005,3.0956488625769856,2.9702511374230154
2025-10-16 22:15:00,3.013,3.019,3.011,3.016,37893.77,3.016,3.0285,3.09762,3.0199819629097853,3.043242334006897,-0.023260371097111765,-0.027241004370349285,34.96932515337423,0.004804562617795321,3.0285,3.0815600454304315,2.975439954569569
2025-10-16 22:30:00,3.016,3.018,2.997,3.0,205645.88,3.0,3.0246500000000003,3.09402,3.016907814769818,3.0400391981545343,-0.02313138338471621,-0.026419080173222673,36.07594936708859,0.004562061124516776,3.0246500000000003,3.073932323082907,2.9753676769170934
2025-10-16 22:45:00,2.999,3.01,2.989,2.989,94098.41,2.989,3.02045,3.09032,3.0126143048052305,3.036258516809754,-0.02364421200452327,-0.025864106539482793,37.49999999999993,0.004593833698676733,3.02045,3.0666006685818687,2.974299331418131
2025-10-16 23:00:00,2.989,3.008,2.984,3.004,72957.0,3.004,3.0182499999999997,3.0868599999999997,3.0112890271428876,3.0338689970460684,-0.022579969903180785,-0.0252072792122224,47.058823529411804,0.004515930045950935,3.0182499999999997,3.063046028959647,2.9734539710403523
2025-10-16 23:15:00,3.005,3.023,3.005,3.012,52189.82,3.012,3.0166999999999997,3.0836,3.011398407582443,3.0322490713389523,-0.020850663756509125,-0.024335956121079746,47.058823529411804,0.0045718019334341515,3.0166999999999997,3.060010871371685,2.9733891286283143
2025-10-16 23:30:00,3.012,3.021,3.005,3.008,46339.75,3.008,3.01385,3.0802200000000006,3.0108755756466827,3.0304528438323635,-0.01957726818568073,-0.023384218533999947,49.65517241379314,0.004195040036268913,3.01385,3.050815275313121,2.9768847246868795
2025-10-16 23:45:00,3.009,3.02,3.006,3.016,40158.29,3.016,3.0113999999999996,3.07726,3.011663948624116,3.029382262807744,-0.017718314183627903,-0.02225103766392554,51.973684210526386,0.004267590628374778,3.0113999999999996,3.0395305228500464,2.983269477149953
2025-10-17 00:00:00,3.017,3.028,3.013,3.026,43502.12,3.026,3.0105,3.07434,3.0138694949896365,3.029131724821985,-0.015262229832348595,-0.020853276097610153,63.12056737588649,0.004111078281837234,3.0105,3.0351789917056293,2.9858210082943706
2025-10-17 00:15:00,3.026,3.037,3.022,3.032,195520.12,3.032,3.01075,3.07132,3.0166588034527693,3.0293441896499864,-0.012685386197217152,-0.019219698117531554,65.0684931506849,0.00394276723330457,3.01075,3.036221346130736,2.9852786538692637
2025-10-17 00:30:00,3.032,3.041,3.027,3.03,75349.79,3.03,3.0116,3.06834,3.0187112952292665,3.0293927681944317,-0.010681472965165195,-0.017512053087058284,59.84848484848473,0.003789928552608728,3.0116,3.0384829822912125,2.9847170177087876
2025-10-17 00:45:00,3.03,3.038,3.021,3.038,30365.94,3.038,3.01245,3.0655200000000002,3.021678788270918,3.03003034092077,-0.008351552649851879,-0.015679952999617004,59.230769230769184,0.0037894403126068287,3.01245,3.041566643820947,2.9833333561790525
2025-10-17 01:00:00,3.038,3.061,3.036,3.049,73716.75,3.049,3.01445,3.0627599999999995,3.0258820516138534,3.031435500852565,-0.005553449238711483,-0.0136546522474359,60.74074074074066,0.0037199418460508336,3.01445,3.04776176495231,2.9811382350476903
2025-10-17 01:15:00,3.049,3.06,3.041,3.048,69091.37,3.048,3.01635,3.0601399999999996,3.0292848129040295,3.032662500789412,-0.0033776878853823966,-0.011599259375025199,56.45161290322578,0.0037259946120952823,3.01635,3.0527817675146,2.9799182324854003
2025-10-17 01:30:00,3.048,3.052,3.027,3.029,57593.04,3.029,3.01835,3.0572399999999997,3.029240995534179,3.032391204434641,-0.003150208900462026,-0.009909449280112566,56.910569105690975,0.003649011374516653,3.01835,3.052797671986513,2.9839023280134866
2025-10-17 01:45:00,3.03,3.035,3.019,3.031,21685.42,3.031,3.0204999999999997,3.05442,3.029511611605843,3.032288152254297,-0.0027765406484538957,-0.008482867553780832,56.198347107438025,0.003641351724024599,3.0204999999999997,3.052232434013926,2.9887675659860733
2025-10-17 02:00:00,3.032,3.037,3.016,3.021,32717.78,3.021,3.02135,3.0512799999999998,3.0282021328972517,3.0314519928280528,-0.003249859930801069,-0.007436266029184879,59.13043478260857,0.003575318330276654,3.02135,3.0521175495496515,2.9905824504503484
2025-10-17 02:15:00,3.02,3.022,3.008,3.012,36925.85,3.012,3.0212499999999998,3.04846,3.0257094970669054,3.0300111044704194,-0.004301607403514041,-0.006809334304050712,60.176991150442454,0.003571202552970197,3.0212499999999998,3.0521309258114853,2.9903690741885143
2025-10-17 02:30:00,3.012,3.031,3.012,3.028,43404.97,3.028,3.02165,3.04644,3.026061882133535,3.0298621337689067,-0.0038002516353716764,-0.006207517770314905,60.52631578947362,0.0037430650686210943,3.02165,3.0526696881457354,2.990630311854265
2025-10-17 02:45:00,3.029,3.041,3.022,3.032,32966.41,3.032,3.0216499999999997,3.04464,3.0269754387283756,3.030020494230469,-0.00304505550209333,-0.005575025316670591,59.09090909090904,0.003645774568301718,3.0216499999999997,3.052669688145735,2.9906303118542645
2025-10-17 03:00:00,3.031,3.042,3.03,3.037,21875.43,3.037,3.0229,3.0419,3.0285176789240102,3.0305374946578416,-0.002019815733831365,-0.004863983400102746,63.06306306306295,0.0033106402459868803,3.0229,3.054294937574236,2.9915050624257638
2025-10-17 03:15:00,3.036,3.043,3.032,3.039,40537.6,3.039,3.02405,3.03986,3.030130343704932,3.031164346905409,-0.001034003200476974,-0.004097987360177592,60.95238095238093,0.003304339566527347,3.02405,3.0560597024768827,2.992040297523117
2025-10-17 03:30:00,3.039,3.045,3.031,3.034,99980.97,3.034,3.02575,3.0375399999999995,3.030725675442634,3.031374395282786,-0.0006487198401519123,-0.0034081338561724557,53.99999999999994,0.0030653366007108683,3.02575,3.055941494097119,2.995558505902881
2025-10-17 03:45:00,3.034,3.046,3.034,3.044,48157.28,3.044,3.0285,3.03606,3.0327678792206902,3.0323096252618384,0.0004582539588517953,-0.0026348562931676053,55.76923076923069,0.0029523727379864068,3.0285,3.0542967766249447,3.0027032233750557
2025-10-17 04:00:00,3.044,3.047,3.037,3.04,35568.25,3.04,3.0303,3.0349399999999997,3.0338805131867375,3.0328792826498505,0.0010012305368869434,-0.0019076389271566955,54.71698113207552,0.0028261471433239605,3.0303,3.0538224416926596,3.0067775583073404
2025-10-17 04:15:00,3.039,3.044,3.028,3.031,40074.16,3.031,3.03125,3.0343600000000004,3.033437357311855,3.032740076527639,0.0006972807842160478,-0.0013866549848821467,46.72897196261701,0.002889093087248557,3.03125,3.053138473294968,3.009361526705032
2025-10-17 04:30:00,3.031,3.042,3.029,3.029,70370.36,3.029,3.0323,3.03354,3.032754686956185,3.032463033821888,0.0002916531342971318,-0.001050993361046291,39.79591836734705,0.002872869664113479,3.0323,3.051319103969852,3.0132808960301483
2025-10-17 04:45:00,3.03,3.041,3.028,3.032,76024.3,3.032,3.0331,3.0329600000000005,3.032638581270618,3.0324287350202668,0.00020984625035103122,-0.0007988254387668266,42.00000000000011,0.0028261659811366618,3.0331,3.0505102208343327,3.0156897791656676
2025-10-17 05:00:00,3.033,3.035,3.026,3.029,47226.83,3.029,3.03325,3.03224,3.0320787995366767,3.0321747546483953,-9.595511171855975e-05,-0.0006582513733571733,50.0,0.0027446278728707413,3.03325,3.050453120892663,3.0160468791073365
2025-10-17 05:15:00,3.028,3.036,3.018,3.032,41267.38,3.032,3.03325,3.0303199999999997,3.0320666765310342,3.032161809859625,-9.513332859079071e-05,-0.0005456277644038968,50.58823529411758,0.002716734200110619,3.03325,3.050453120892663,3.0160468791073365
2025-10-17 05:30:00,3.033,3.036,3.007,3.012,95563.11,3.012,3.03235,3.02878,3.0289794955262597,3.030668342462616,-0.001688846936356292,-0.0007742715987943759,45.263157894736956,0.0030914808800710275,3.03235,3.0519810709691293,3.012718929030871
2025-10-17 05:45:00,3.012,3.015,3.002,3.011,64211.97,3.011,3.0309999999999997,3.0269,3.0262134192914503,3.029211428206126,-0.0029980089146759425,-0.0012190190619706894,49.42528735632192,0.003013492896307208,3.0309999999999997,3.052608965001769,3.0093910349982305
2025-10-17 06:00:00,3.011,3.017,3.003,3.005,79930.32,3.005,3.0287999999999995,3.02546,3.0229498163235347,3.027417989079747,-0.004468172756212141,-0.00186884980081898,35.06493506493524,0.0028733350817048784,3.0287999999999995,3.0516182752248553,3.0059817247751437
2025-10-17 06:15:00,3.006,3.007,2.972,2.975,164802.48,2.975,3.02515,3.0235000000000003,3.0155729215045297,3.0235351750738397,-0.007962253569310018,-0.0030875305545171885,22.330097087378974,0.003537836033619238,3.02515,3.0567146371088976,2.9935853628911024
2025-10-17 06:30:00,2.975,2.979,2.916,2.933,563010.34,2.933,3.0203499999999996,3.0212,3.0028693951192174,3.016828865809111,-0.01395947068989356,-0.005261918581592463,12.857142857143202,0.004449394399493793,3.0203499999999996,3.0721564210613415,2.968543578938658
2025-10-17 06:45:00,2.933,2.941,2.893,2.904,452253.72,2.904,3.0140000000000002,3.01842,2.98765871894703,3.0084711720454735,-0.020812453098443484,-0.00837202548496267,9.580838323353504,0.004780247766220474,3.0140000000000002,3.087076744086907,2.9409232559130936
2025-10-17 07:00:00,2.904,2.913,2.85,2.867,582755.75,2.867,3.0063,3.01446,2.9690958391090256,2.9979918259680307,-0.028895986859005074,-0.012476817759771153,8.040201005025324,0.00533603207779947,3.0063,3.1044300962472855,2.9081699037527144
2025-10-17 07:15:00,2.867,2.888,2.856,2.865,323481.91,2.865,2.99895,3.01046,2.953081094630714,2.988140579600029,-0.03505948496931488,-0.016993351201679902,3.141361256544613,0.0053518437052163,2.99895,3.1155626742232667,2.882337325776733
2025-10-17 07:30:00,2.865,2.874,2.826,2.834,420143.19,2.834,2.9892499999999997,3.0062599999999997,2.9347609262259886,2.976722758888916,-0.04196183266292719,-0.021987047493929362,2.752293577981746,0.005330507730265141,2.9892499999999997,3.1261908247153225,2.852309175284677
2025-10-17 07:45:00,2.835,2.856,2.811,2.821,415011.5,2.821,2.9787000000000003,3.00214,2.917259245268144,2.9651877397119586,-0.04792849444381453,-0.027175336883906397,2.702702702702794,0.005224078467931146,2.9787000000000003,3.1331635538685854,2.8242364461314153
2025-10-17 08:00:00,2.821,2.841,2.796,2.809,446358.1,2.809,2.9673,2.9980599999999997,2.900603976765353,2.953618277511073,-0.05301430074572,-0.03234312965626912,2.586206896551815,0.005077373492373834,2.9673,3.136589661449581,2.7980103385504185
2025-10-17 08:15:00,2.809,2.813,2.772,2.797,608432.89,2.797,2.9552000000000005,2.99358,2.8846649034168372,2.9420169236213636,-0.057352020204526344,-0.03734490776592057,1.244813278008337,0.004963727379715817,2.9552000000000005,3.1370404158654934,2.7733595841345076
2025-10-17 08:30:00,2.796,2.831,2.789,2.802,316008.06,2.802,2.9436,2.98944,2.871947225968093,2.9316452996494107,-0.05969807368131752,-0.04181554094899996,3.2921810699588576,0.005111284797271326,2.9436,3.133687403719085,2.753512596280915
2025-10-17 08:45:00,2.802,2.81,2.79,2.8,182940.29,2.8,2.9314,2.98524,2.860878421973002,2.9218937959716764,-0.061015373998674516,-0.045655507558934876,2.066115702479294,0.004885467190244955,2.9314,3.1256308989458024,2.7371691010541976
2025-10-17 09:00:00,2.8,2.829,2.793,2.825,147487.24,2.825,2.92065,2.9819600000000004,2.8553586647463867,2.9147164777515524,-0.05935781300516574,-0.048395968648181055,12.145748987854347,0.005672663289963047,2.92065,3.1133660714900504,2.72793392850995
2025-10-17 09:15:00,2.826,2.843,2.818,2.843,146474.79,2.843,2.91125,2.97906,2.8534573317084813,2.9094041460662527,-0.05594681435777149,-0.04990613779009915,18.181818181818187,0.006099703686582269,2.91125,3.0995933315154747,2.722906668484525
2025-10-17 09:30:00,2.843,2.895,2.841,2.861,239918.99,2.861,2.90285,2.9762,2.8546177422148684,2.9058186537650488,-0.05120091155018036,-0.0501650925421154,23.913043478260946,0.00644235531117715,2.90285,3.0839266339659916,2.721773366034008
2025-10-17 09:45:00,2.86,2.872,2.842,2.842,115375.14,2.842,2.8933500000000003,2.97276,2.8526765511048886,2.901091346078749,-0.04841479497386025,-0.04981503302846438,24.905660377358544,0.006430204675782832,2.8933500000000003,3.065619403459971,2.7210805965400295
2025-10-17 10:00:00,2.843,2.861,2.824,2.839,167664.03,2.839,2.88385,2.96914,2.8505724663195213,2.8964919871099526,-0.04591952079043127,-0.04903593058085776,29.203539823008924,0.006429018869970553,2.88385,3.045233851015071,2.7224661489849287
2025-10-17 10:15:00,2.839,2.843,2.797,2.814,344935.52,2.814,2.8729500000000003,2.96478,2.8449459330395945,2.890381469546252,-0.04543553650665766,-0.04831585176601775,29.729729729729797,0.006464906351718713,2.8729500000000003,3.0211084855556356,2.724791514444365
2025-10-17 10:30:00,2.814,2.843,2.81,2.829,209505.16,2.829,2.8638000000000003,2.96112,2.8424927125719646,2.8858346940243074,-0.043341981452342804,-0.04732107770328277,40.50000000000007,0.006728758233948348,2.8638000000000003,2.997720007545875,2.7298799924541255
2025-10-17 10:45:00,2.829,2.857,2.827,2.847,191300.3,2.847,2.8556,2.95774,2.843186141407047,2.8829580500225065,-0.03977190861545932,-0.045811243885718084,45.83333333333329,0.0070337102366534055,2.8556,2.9702700529897257,2.740929947010274
2025-10-17 11:00:00,2.848,2.908,2.844,2.903,358605.41,2.903,2.8505,2.9558,2.8523882734982706,2.884442638909728,-0.032054365411457564,-0.043059868190865984,64.31535269709539,0.008643800130053156,2.8505,2.9443812239511256,2.756618776048874
2025-10-17 11:15:00,2.902,2.938,2.9,2.917,468789.23,2.917,2.8476000000000004,2.95436,2.8623285391139213,2.8868542952867857,-0.024525756172864455,-0.03935304578726568,69.83471074380155,0.008529377607815997,2.8476000000000004,2.927887378571791,2.7673126214282098
2025-10-17 11:30:00,2.917,2.92,2.887,2.9,335801.33,2.9,2.84595,2.95228,2.8681241484810105,2.887828051191468,-0.0197039027104573,-0.035423217171904005,68.42105263157887,0.008043359002434688,2.84595,2.9199584632431614,2.771941536756839
2025-10-17 11:45:00,2.899,2.913,2.893,2.91,156661.87,2.91,2.84625,2.95024,2.8745665871762394,2.889470417769878,-0.014903830593638645,-0.03131933985625093,73.06122448979586,0.007775536927119929,2.84625,2.9212906907163925,2.7712093092836074
2025-10-17 12:00:00,2.91,2.925,2.899,2.909,214095.9,2.909,2.84835,2.9482600000000003,2.8798640353029716,2.8909170534906274,-0.011053018187655805,-0.027266075522531907,72.19917012448118,0.0071655253759351995,2.84835,2.928042236959532,2.768657763040468
2025-10-17 12:15:00,2.908,2.926,2.903,2.908,115105.46,2.908,2.8505,2.9461,2.8841926452563604,2.8921824569357666,-0.007989811679406156,-0.023410822753906758,72.49999999999996,0.00716219472565514,2.8505,2.9342980027398804,2.7667019972601192
2025-10-17 12:30:00,2.908,2.92,2.9,2.905,180145.2,2.905,2.85405,2.9436800000000005,2.8873937767553817,2.8931319045701542,-0.0057381278147725645,-0.01987628376607992,68.3486238532109,0.006644255188944403,2.85405,2.940866139659041,2.767233860340959
2025-10-17 12:45:00,2.905,2.91,2.889,2.891,108900.5,2.891,2.85755,2.9408600000000003,2.887948580331477,2.892973985713106,-0.005025405381628989,-0.016906108089189735,61.21495327102802,0.006655198046243585,2.85755,2.944400082568412,2.7706999174315876
2025-10-17 13:00:00,2.892,2.905,2.886,2.886,86951.62,2.886,2.8614,2.93798,2.887648798742019,2.892457394178802,-0.004808595436782692,-0.014486605558708326,56.2189054726368,0.006568755474382733,2.8614,2.945985428632104,2.7768145713678964
2025-10-17 13:15:00,2.886,2.907,2.881,2.891,161239.81,2.891,2.8661,2.9350399999999994,2.888164368166324,2.892349439054446,-0.004185070888122144,-0.01242629862459109,63.10160427807486,0.0064329648690308085,2.8661,2.945931137573945,2.7862688624260548
2025-10-17 13:30:00,2.891,2.921,2.874,2.884,281983.69,2.884,2.8701999999999996,2.9317400000000005,2.887523696140735,2.89173096208745,-0.004207265946714944,-0.010782492089015862,61.780104712041876,0.006497561718072492,2.8701999999999996,2.9443934881525635,2.7960065118474358
2025-10-17 13:45:00,2.884,2.931,2.864,2.912,287127.48,2.912,2.8758,2.9290200000000004,2.8912892813498527,2.8932323723031943,-0.001943090953341553,-0.009014611861881001,75.25773195876286,0.006727654877333377,2.8758,2.944378345516045,2.8072216544839548
2025-10-17 14:00:00,2.911,2.921,2.885,2.903,154204.92,2.903,2.8796999999999997,2.9265000000000003,2.893090930372952,2.8939559002807353,-0.0008649699077833972,-0.00738468347106148,69.68085106382978,0.006610502062849162,2.8796999999999997,2.944902841397821,2.8144971586021783
2025-10-17 14:15:00,2.903,2.909,2.882,2.884,95610.41,2.884,2.88175,2.92356,2.8916923257001903,2.893218426185866,-0.0015261004856759186,-0.006212966873984368,59.78835978835977,0.006727436857893674,2.88175,2.9446312581904377,2.818868741809562
2025-10-17 14:30:00,2.885,2.899,2.856,2.883,356013.39,2.883,2.88285,2.9208,2.890355044823238,2.8924615057276544,-0.002106460904416352,-0.005391665680070765,42.5373134328358,0.006599701957592703,2.88285,2.944967969262498,2.820732030737502
2025-10-17 14:45:00,2.884,2.912,2.878,2.881,217381.14,2.881,2.8848,2.91818,2.8889158071581247,2.891612505303384,-0.002696698145259191,-0.00485267217310845,35.2459016393443,0.006396435151538442,2.8848,2.9438935030717976,2.825706496928202
2025-10-17 15:00:00,2.881,2.901,2.877,2.878,173998.11,2.878,2.88675,2.9151800000000003,2.887236452210721,2.8906041715772073,-0.003367719366486277,-0.004555681611784016,39.81481481481492,0.006396229406177857,2.88675,2.9419238877982163,2.831576112201784
2025-10-17 15:15:00,2.878,2.906,2.876,2.893,240077.7,2.893,2.8907,2.9123999999999994,2.88812315187061,2.890781640349266,-0.002658488478656018,-0.004176242985158416,42.47787610619451,0.006058681183501582,2.8907,2.933971967345244,2.8474280326547556
2025-10-17 15:30:00,2.894,2.902,2.866,2.892,209232.4,2.892,2.8938499999999996,2.9095000000000004,2.8887195900443623,2.8908718892122836,-0.0021522991679212566,-0.003771454221710984,42.47787610619467,0.005997641031273897,2.8938499999999996,2.925937216671397,2.861762783328602
2025-10-17 15:45:00,2.891,2.924,2.89,2.923,146102.9,2.923,2.8976499999999996,2.9071800000000003,2.8939934992683067,2.8932517492706333,0.0007417499976734021,-0.0028688133778341065,55.24475524475532,0.006270998587744434,2.8976499999999996,2.923833763551426,2.871466236448573
2025-10-17 16:00:00,2.923,2.96,2.919,2.927,298949.72,2.927,2.89885,2.90504,2.8990714224577983,2.8957516196950306,0.003319802762767665,-0.001631090149713752,57.638888888889014,0.0045556888026642125,2.89885,2.928087862979563,2.869612137020437
2025-10-17 16:15:00,2.928,2.944,2.918,2.921,227481.89,2.921,2.89905,2.90258,2.902445049771983,2.897621870087991,0.0048231796839921515,-0.0003402361829725709,61.029411764705834,0.004464534942354465,2.89905,2.92885974761155,2.8692402523884497
2025-10-17 16:30:00,2.921,2.928,2.902,2.91,123006.34,2.91,2.89955,2.89998,2.903607349807063,2.898538768599991,0.005068581207071876,0.0007415272950363189,58.450704225352155,0.004343126880009161,2.89955,2.929759618545495,2.869340381454505
2025-10-17 16:45:00,2.909,2.916,2.892,2.901,120511.13,2.901,2.8991,2.89738,2.9032062190675147,2.898721082037029,0.0044851370304859195,0.0014902492421262395,53.424657534246506,0.004330408949345352,2.8991,2.9289198097355484,2.869280190264451
2025-10-17 17:00:00,2.901,2.916,2.897,2.911,82849.72,2.911,2.8991999999999996,2.89502,2.9044052622878973,2.8996306315157674,0.0047746307721299175,0.0021471255481269754,59.0604026845638,0.004403641110395124,2.8991999999999996,2.92917261908425,2.869227380915749
2025-10-17 17:15:00,2.911,2.915,2.895,2.9,74674.41,2.9,2.8988,2.89238,2.903727529628221,2.899657992144229,0.0040695374839918586,0.002531607935299952,45.45454545454545,0.004485762157617159,2.8988,2.9284903315829656,2.8691096684170345
2025-10-17 17:30:00,2.901,2.914,2.895,2.908,68876.98,2.908,2.89895,2.88996,2.9043848327623407,2.900275918652064,0.004108914110276807,0.0028470691702953232,51.908396946564835,0.004525474338831033,2.89895,2.928802091525617,2.8690979084743833
2025-10-17 17:45:00,2.907,2.921,2.893,2.915,133581.42,2.915,2.90015,2.88762,2.906017935414288,2.9013665913445035,0.004651344069784624,0.0032079241501931834,63.02521008403365,0.004402094222429037,2.90015,2.9305804210675515,2.8697195789324486
2025-10-17 18:00:00,2.916,2.923,2.905,2.905,122512.23,2.905,2.9011,2.88548,2.905861329965936,2.901635732726392,0.004225597239543966,0.0034114587680633404,58.593749999999886,0.004461889696630804,2.9011,2.9308491264804273,2.8713508735195727
2025-10-17 18:15:00,2.904,2.929,2.903,2.919,48788.27,2.919,2.9025,2.88364,2.9078826638173303,2.9029219747466595,0.004960689070670821,0.003721304828584837,63.571428571428605,0.004564878110635874,2.9025,2.932876583779909,2.8721234162200906
2025-10-17 18:30:00,2.921,2.933,2.915,2.915,51740.93,2.915,2.9040500000000002,2.8818399999999995,2.9089776386146644,2.9038166432839443,0.0051609953307201195,0.004009242929011894,63.12056737588641,0.004535532214366643,2.9040500000000002,2.933604410126532,2.8744955898734683
2025-10-17 18:45:00,2.915,2.921,2.904,2.911,31093.32,2.911,2.904,2.88056,2.9092887711354853,2.9043487437814304,0.0049400273540549655,0.004195399814020509,56.92307692307695,0.004002633478826068,2.904,2.9335011150553028,2.874498884944697
2025-10-17 19:00:00,2.911,2.922,2.911,2.916,29505.9,2.916,2.9046499999999997,2.88022,2.910321267883872,2.9052117997976206,0.005109468086251567,0.004378213468466721,58.95522388059694,0.003951912448357912,2.9046499999999997,2.9346273598786756,2.874672640121324
2025-10-17 19:15:00,2.917,2.919,2.9,2.905,46586.3,2.905,2.9057000000000004,2.88024,2.9095026112863533,2.9051961109237228,0.004306500362630583,0.004363870847299493,42.10526315789472,0.0037449190867333416,2.9057000000000004,2.934059348222613,2.877340651777388
2025-10-17 19:30:00,2.905,2.906,2.891,2.9,89407.99,2.9,2.90655,2.8808999999999996,2.9080406710884525,2.904811213818262,0.00322945727019075,0.004136988131877744,38.26086956521745,0.0037712717218565625,2.90655,2.9329993557782617,2.8801006442217387
2025-10-17 19:45:00,2.902,2.909,2.898,2.904,32652.18,2.904,2.9076999999999997,2.8816800000000002,2.9074190293825373,2.9047511239057977,0.0026679054767395627,0.0038431716008501078,42.47787610619479,0.0037709888636134926,2.9076999999999997,2.931320686741448,2.8840793132585514
2025-10-17 20:00:00,2.905,2.916,2.898,2.913,29552.12,2.913,2.90945,2.8832600000000004,2.9082776402467623,2.9053621517646273,0.0029154884821349647,0.0036576349771070796,51.35135135135119,0.0038009789171638414,2.90945,2.9285615837023324,2.8903384162976677
2025-10-17 20:15:00,2.913,2.933,2.913,2.931,44887.79,2.931,2.9113499999999997,2.88546,2.9117733879011065,2.907261251633914,0.004512136267192712,0.0038285352351242067,62.5,0.0038681549425314357,2.9113499999999997,2.9311199932122185,2.891580006787781
2025-10-17 20:30:00,2.931,2.935,2.919,2.923,57473.08,2.923,2.9129,2.88774,2.9135005589932437,2.908427084846217,0.005073474147026857,0.004077523017504738,55.08474576271183,0.003936881266648067,2.9129,2.9310792246962976,2.8947207753037025
2025-10-17 20:45:00,2.923,2.933,2.923,2.926,35309.71,2.926,2.91305,2.8903200000000004,2.9154235499173606,2.9097287822650157,0.00569476765234489,0.004400971944472768,61.81818181818185,0.0031323058373152824,2.91305,2.931625309022875,2.894474690977125
2025-10-17 21:00:00,2.926,2.947,2.924,2.944,74039.4,2.944,2.9139,2.89316,2.919819926853151,2.912267390986126,0.007552535867024979,0.005031284728983211,64.99999999999994,0.003408252273427742,2.9139,2.9363208549541318,2.891479145045868
2025-10-17 21:15:00,2.943,2.948,2.933,2.939,42488.17,2.939,2.9148,2.89594,2.922770707337282,2.914247584246413,0.00852312309086889,0.005729652401360348,60.16949152542371,0.0033964089984000042,2.9148,2.9397259957311634,2.8898740042688367
2025-10-17 21:30:00,2.939,2.941,2.931,2.936,54618.62,2.936,2.9160999999999997,2.89816,2.924805983131546,2.9158588743022347,0.008947108829311379,0.006373143686950555,63.963963963964,0.003276256205233518,2.9160999999999997,2.9426322048606757,2.8895677951393237
2025-10-17 21:45:00,2.936,2.94,2.93,2.939,35332.85,2.939,2.918,2.90008,2.9269896780343854,2.9175730317613287,0.009416646273056717,0.006981844204171788,60.0,0.003169533049873781,2.918,2.9454072598916565,2.8905927401083438
2025-10-17 22:00:00,2.939,2.944,2.924,2.925,57529.35,2.925,2.9187000000000003,2.9013600000000004,2.926683573721403,2.9181231775567853,0.008560396164617678,0.007297554596260966,54.54545454545444,0.0033172424491731837,2.9187000000000003,2.946069595117101,2.8913304048828996
2025-10-17 22:15:00,2.924,2.929,2.917,2.92,125741.98,2.92,2.9196999999999997,2.90292,2.925655331610418,2.9182622014414683,0.007393130168949824,0.007316669710798738,54.054054054054006,0.003215849811861855,2.9196999999999997,2.9456156526574855,2.893784347342514
2025-10-17 22:30:00,2.921,2.921,2.906,2.908,85585.1,2.908,2.9196999999999997,2.9043,2.922939126747277,2.91750203837173,0.005437088375547017,0.006940753443748394,46.61016949152543,0.003310278135191617,2.9196999999999997,2.9456156526574855,2.893784347342514
2025-10-17 22:45:00,2.907,2.91,2.905,2.908,34069.84,2.908,2.91935,2.90618,2.9206407995553882,2.916798183677528,0.003842615877860389,0.0063211259305707935,51.40186915887856,0.0032617545748844473,2.91935,2.9457180428595375,2.8929819571404627
2025-10-17 23:00:00,2.908,2.908,2.895,2.897,49217.9,2.897,2.9189499999999997,2.90754,2.9170037534699436,2.9153316515532666,0.0016721019166769935,0.005391321127792034,48.67256637168137,0.0032814835025895142,2.9189499999999997,2.946452918506,2.8914470814939994
2025-10-17 23:15:00,2.897,2.902,2.893,2.893,34971.67,2.893,2.9176499999999996,2.90846,2.9133108683207216,2.9136774551419133,-0.0003665868211917278,0.004239739537995282,45.132743362831825,0.003075431133123527,2.9176499999999996,2.947500681029529,2.8877993189704703
2025-10-17 23:30:00,2.893,2.895,2.885,2.894,92660.03,2.894,2.9166,2.9082799999999995,2.91033996550215,2.912219865872142,-0.0018799003699920824,0.003015811556397809,40.952380952381176,0.0030721264908870893,2.9166,2.948265355467358,2.884934644532642
2025-10-17 23:45:00,2.894,2.895,2.889,2.892,39922.93,2.892,2.9156500000000003,2.90778,2.9075184323479726,2.9107220980297615,-0.00320366568178887,0.0017719161087604732,28.08988764044956,0.0030640442400586398,2.9156500000000003,2.949111840010289,2.8821881599897115
2025-10-18 00:00:00,2.892,2.899,2.889,2.899,79633.12,2.899,2.9148,2.9077599999999997,2.906207904294438,2.9098537944720015,-0.003645890177563338,0.0006883548514957107,36.363636363636495,0.0030925771536503225,2.9148,2.9490781194600335,2.8805218805399666
2025-10-18 00:15:00,2.899,2.917,2.895,2.913,53687.76,2.913,2.9151999999999996,2.9078199999999996,2.9072528420952937,2.9100868467333347,-0.0028340046380410655,-1.611704641164471e-05,43.434343434343305,0.0031793683728938297,2.9151999999999996,2.949182038599832,2.881217961400167
2025-10-18 00:30:00,2.914,2.917,2.904,2.916,34419.81,2.916,2.916,2.90796,2.9085985586960175,2.9105248580864207,-0.00192629939040323,-0.0003981535152099619,33.33333333333351,0.0031539120902709557,2.916,2.9492201587503803,2.8827798412496195
2025-10-18 00:45:00,2.915,2.917,2.906,2.912,27164.37,2.912,2.9164000000000003,2.9080399999999997,2.9091218573581683,2.910634127857797,-0.001512270499628876,-0.0006209769120937448,33.734939759036266,0.0031634147304734103,2.9164000000000003,2.9492017971271225,2.883598202872878
2025-10-18 01:00:00,2.913,2.926,2.911,2.923,65217.1,2.923,2.9169,2.9084,2.911256956226142,2.9115501183868493,-0.00029316216070718326,-0.0005554139618164325,42.857142857143,0.0032002057781558985,2.9169,2.949788327797186,2.884011672202814
2025-10-18 01:15:00,2.924,2.939,2.922,2.938,31802.33,2.938,2.91725,2.90934,2.9153712706528894,2.9135093688767126,0.0018619017761767331,-7.195081421779925e-05,49.514563106796174,0.0031039140202187253,2.91725,2.950910065359889,2.8835899346401113
2025-10-18 01:30:00,2.938,2.939,2.928,2.932,36409.14,2.932,2.9177,2.91026,2.917929536706291,2.9148790452562157,0.003050491450075299,0.0005525376386408206,53.68421052631581,0.003074327128458418,2.9177,2.951919723460545,2.883480276539455
2025-10-18 01:45:00,2.931,2.942,2.926,2.94,28060.17,2.94,2.9183999999999997,2.9112400000000003,2.9213249925976315,2.9167398567187184,0.004585135878913071,0.0013590572866952711,60.20408163265295,0.003122803947218512,2.9183999999999997,2.953884021608403,2.8829159783915963
2025-10-18 02:00:00,2.94,2.947,2.928,2.929,144872.49,2.929,2.91765,2.91214,2.9225057629672264,2.917648015480295,0.004857747486931352,0.0020587953267424876,60.82474226804105,0.002914227232364048,2.91765,2.951449875428459,2.8838501245715413
2025-10-18 02:15:00,2.93,2.937,2.922,2.935,27086.36,2.935,2.91745,2.9126,2.924427953279961,2.91893334766694,0.005494605613020731,0.0027459573839981365,63.10679611650473,0.002936656121391047,2.91745,2.9507617649523787,2.8841382350476215
2025-10-18 02:30:00,2.935,2.937,2.921,2.921,42021.03,2.921,2.9167,2.91296,2.9239005758522745,2.919086433024945,0.004814142827329615,0.0031595944726644327,61.320754716980964,0.003115186988326458,2.9167,2.9489104919165436,2.8844895080834565
2025-10-18 02:45:00,2.922,2.923,2.913,2.921,29841.81,2.921,2.9158,2.9137,2.9234543334134626,2.919228178726801,0.004226154686661765,0.0033729065154638996,63.725490196078226,0.003101555186823305,2.9158,2.9463500452240248,2.885249954775975
2025-10-18 03:00:00,2.921,2.93,2.921,2.929,20024.38,2.929,2.9159999999999995,2.9146199999999998,2.9243075128883143,2.9199520173396305,0.004355495548683752,0.00356942432210787,66.0550458715593,0.002985125234886886,2.9159999999999995,2.9468544972416018,2.885145502758397
2025-10-18 03:15:00,2.929,2.935,2.926,2.933,15583.28,2.933,2.9166499999999997,2.91566,2.9256448185978043,2.920918534573732,0.004726284024072491,0.003800796262500795,68.46846846846826,0.0029676533679985806,2.9166499999999997,2.948394207926394,2.8849057920736056
2025-10-18 03:30:00,2.934,2.941,2.934,2.936,38033.5,2.936,2.91805,2.9168199999999995,2.9272379234289114,2.922035680160863,0.005202243268048523,0.004081085663610341,67.28971962616802,0.002789544853587038,2.91805,2.9506462542250738,2.8854537457749263
2025-10-18 03:45:00,2.936,2.939,2.932,2.936,31890.38,2.936,2.91945,2.9176800000000003,2.9285859352090786,2.923070074223021,0.005515860986057497,0.004368040728099772,62.36559139784936,0.002789544853587038,2.91945,2.9526287820599135,2.8862712179400862
2025-10-18 04:00:00,2.935,2.935,2.915,2.916,65396.58,2.916,2.9204,2.91816,2.926649637484605,2.9225463650213155,0.0041032724632894535,0.004315087075137709,50.0,0.0030984832732370003,2.9204,2.9519187496417483,2.8888812503582515
2025-10-18 04:15:00,2.917,2.919,2.911,2.918,25623.86,2.918,2.92165,2.9180599999999997,2.9253189240254347,2.9222095972419586,0.003109326783476085,0.004073935016805384,52.77777777777785,0.0030727303345723066,2.92165,2.9504599032686256,2.8928400967313745
2025-10-18 04:30:00,2.918,2.919,2.904,2.906,25318.61,2.906,2.92225,2.91764,2.9223467818676756,2.9210088863351467,0.0013378955325289432,0.0035267271199500958,42.201834862385454,0.003236853584586958,2.92225,2.9490661381110264,2.8954338618889737
2025-10-18 04:45:00,2.906,2.911,2.903,2.904,18257.71,2.904,2.92285,2.9173,2.9195242000418795,2.91974896882884,-0.0002247687869605386,0.0027764279385679687,32.2916666666668,0.0032368117465835333,2.92285,2.9472439164122215,2.8984560835877784
2025-10-18 05:00:00,2.904,2.915,2.904,2.912,18881.53,2.912,2.9234999999999998,2.91734,2.918366630804667,2.9191749711378145,-0.0008083403331475836,0.0020594742842248584,39.79591836734705,0.0032496561379387417,2.9234999999999998,2.9458229879161673,2.9011770120838323
2025-10-18 05:15:00,2.912,2.914,2.904,2.904,21784.49,2.904,2.92305,2.9174,2.9161563799116412,2.91805089920168,-0.0018945192900385877,0.001268675569372169,31.6326530612247,0.003124327172413387,2.92305,2.9465936883939112,2.8995063116060886
2025-10-18 05:30:00,2.904,2.915,2.899,2.915,53098.45,2.915,2.9229999999999996,2.91748,2.9159784753098505,2.9178249066682223,-0.001846431358371703,0.0006456541838233944,42.857142857143046,0.003237947871975955,2.9229999999999996,2.946610880632501,2.8993891193674983
2025-10-18 05:45:00,2.915,2.924,2.913,2.922,56276.75,2.922,2.9234999999999998,2.9179199999999996,2.91690486372372,2.9181341728409462,-0.001229309117226407,0.000270661523613434,43.43434343434355,0.0032643748157441107,2.9234999999999998,2.946546863013619,2.9004531369863806
2025-10-18 06:00:00,2.923,2.935,2.918,2.931,81843.88,2.931,2.9238999999999997,2.9183800000000004,2.9190733462277634,2.91908719707495,-1.3850847186525073e-05,0.0002137590494534422,55.31914893617029,0.0032274005427805077,2.9238999999999997,2.9471867705842216,2.900613229415778
2025-10-18 06:15:00,2.93,2.931,2.919,2.922,64506.11,2.922,2.9231000000000003,2.9185200000000004,2.9195236006542613,2.919302960254583,0.00022064039967828464,0.00021513531949841067,50.485436893204046,0.0030775908688638037,2.9231000000000003,2.945426759965522,2.9007732400344786
2025-10-18 06:30:00,2.923,2.925,2.923,2.925,1122.71,2.925,2.9227499999999997,2.91892,2.920366123630529,2.919724963198688,0.0006411604318410369,0.00030034034196693596,47.9591836734694,0.0030609622614011446,2.9227499999999997,2.9447056970194674,2.900794302980532
