timestamp,Open,High,Low,Close,Volume,Adj Close,SMA_20,SMA_50,EMA_12,EMA_26,MACD,MACD_signal,RSI,volatility,BB_middle,BB_upper,BB_lower
2025-10-07 20:45:00,4505.77,4515.0,4505.76,4509.3,2324.8987,4509.3,,,4509.3,4509.3,0.0,0.0,,,,,
2025-10-07 21:00:00,4509.29,4513.44,4500.78,4506.93,2401.649,4506.93,,,4508.01625,4508.069423076923,-0.053173076923485496,-0.029540598290825275,,,,,
2025-10-07 21:15:00,4506.93,4513.98,4503.91,4512.45,2125.6463,4512.45,,,4509.746743648961,4509.643321833415,0.10342181554551644,0.02495219426505247,,,,,
2025-10-07 21:30:00,4512.45,4512.56,4489.55,4498.81,3143.8764,4498.81,,,4506.294441091954,4506.614798460402,-0.32035736844864005,-0.09202258985205203,,,,,
2025-10-07 21:45:00,4498.81,4499.07,4480.44,4493.46,2655.8145,4493.46,,,4502.807369317262,4503.564146439167,-0.756777121905543,-0.28977203418019665,,,,,
2025-10-07 22:00:00,4493.47,4498.35,4483.11,4496.09,1960.4196,4496.09,,,4501.17469517368,4502.067134519056,-0.892439345375351,-0.4531283831683879,,,,,
2025-10-07 22:15:00,4496.08,4506.06,4495.04,4499.74,2451.7098,4499.74,,,4500.8545479652885,4501.653265708387,-0.7987177430986776,-0.5405878306815602,,,,,
2025-10-07 22:30:00,4499.74,4505.4,4491.79,4495.98,2226.7648,4495.98,,,4499.837304936857,4500.73916202874,-0.901857091882448,-0.6274076278180962,,,,,
2025-10-07 22:45:00,4495.98,4500.82,4494.37,4498.19,1062.8893,4498.19,,,4499.511409387866,4500.3613202544875,-0.8499108666219399,-0.678806979826044,,,,,
2025-10-07 23:00:00,4498.2,4499.29,4482.04,4483.48,4275.7431,4483.48,,,4496.4734635393825,4498.03186235999,-1.5583988206071808,-0.8758866123973027,,,,,
2025-10-07 23:15:00,4483.48,4486.2,4469.17,4473.34,3593.7019,4473.34,,,4492.240597498879,4494.829319989506,-2.588722490627333,-1.2506453155193173,,,,,
2025-10-07 23:30:00,4473.35,4473.35,4452.25,4461.4,3676.0812,4461.4,,,4486.7572405089295,4490.722001302672,-3.9647607937422435,-1.8335234946334589,,,,,
2025-10-07 23:45:00,4461.4,4466.48,4430.43,4447.7,10217.6766,4447.7,,,4479.975419792204,4485.681981610095,-5.70656181789127,-2.6531929649630395,,,,,
2025-10-08 00:00:00,4447.7,4460.95,4445.61,4451.46,6350.0871,4451.46,,,4475.120154247848,4481.838445807469,-6.718291559620411,-3.5036146239994364,19.029770828870937,,,,
2025-10-08 00:15:00,4451.47,4466.58,4451.46,4456.44,5334.2439,4456.44,,,4471.990908618253,4479.090956116942,-7.100047498688582,-4.24913175092978,23.129320862138442,,,,
2025-10-08 00:30:00,4456.44,4474.72,4434.31,4470.03,6212.0237,4470.03,,,4471.666853008195,4478.143105673133,-6.4762526649374195,-4.707456632261175,33.16298594634017,,,,
2025-10-08 00:45:00,4470.04,4481.02,4467.28,4471.6,4232.2463,4471.6,,,4471.655929675614,4477.478923307223,-5.822993631609279,-4.935703699157918,30.663637224273685,,,,
2025-10-08 01:00:00,4471.6,4475.0,4460.6,4462.12,3938.5771,4462.12,,,4470.112557581038,4475.961488763036,-5.848931181997614,-5.121699803673819,31.920764758056535,,,,
2025-10-08 01:15:00,4462.12,4487.25,4457.5,4480.04,3158.3136,4480.04,,,4471.706540305967,4476.354716261895,-4.648175955928309,-5.025610237535096,44.11609961417048,,,,
2025-10-08 01:30:00,4480.05,4488.0,4475.9,4478.0,2555.3106,4478.0,4482.3279999999995,,4472.710296484441,4476.509879023809,-3.7995825393682026,-4.777544696938661,42.027324812692804,,4482.3279999999995,4522.346637026687,4442.309362973312
2025-10-08 01:45:00,4478.0,4489.36,4476.3,4483.02,1771.8206,4483.02,4481.014,,4474.345379881557,4477.111656826513,-2.7662769449561893,-4.371546473884638,42.719038495036095,0.0020316411462863856,4481.014,4518.976701584306,4443.051298415694
2025-10-08 02:00:00,4483.03,4486.73,4476.26,4482.01,1965.7028,4482.01,4479.768,,4475.5552149858795,4477.556281560617,-2.001066574737706,-3.8939262790558753,43.76728830195451,0.00203091990491595,4479.768,4515.732440098229,4443.803559901771
2025-10-08 02:15:00,4482.01,4498.22,4480.82,4497.43,3242.4142,4497.43,4479.017000000001,,4478.994319585973,4479.330602894893,-0.3362833089195192,-3.178172621173636,49.69667943805902,0.0021725399239789053,4479.017000000001,4512.660323010043,4445.373676989959
2025-10-08 02:30:00,4497.44,4498.0,4478.05,4479.23,3385.4597,4479.23,4478.038,,4479.031248223011,4479.32175561907,-0.2905073960591835,-2.5978993129289876,48.34977090937333,0.002253986668738755,4478.038,4510.370194546777,4445.705805453222
2025-10-08 02:45:00,4479.22,4487.36,4471.34,4480.83,3740.3653,4480.83,4477.4065,,4479.312294568308,4479.452580148809,-0.1402855805008585,-2.1045126041580873,53.114863178906916,0.0022453396435860302,4477.4065,4508.954267140942,4445.858732859058
2025-10-08 03:00:00,4480.83,4480.83,4457.74,4463.72,3824.2331,4463.72,4475.7880000000005,,4476.881903900855,4478.105009977469,-1.2231060766143855,-1.9276969059922822,50.925039872408526,0.0023823884315937833,4475.7880000000005,4506.612969099745,4444.963030900256
2025-10-08 03:15:00,4463.72,4466.76,4435.75,4441.73,6779.8253,4441.73,4472.8875,,4471.413805700574,4475.0249864478665,-3.6111807472925648,-2.2652097301875798,47.76722267933275,0.002572005868325841,4472.8875,4505.108251649245,4440.6667483507545
2025-10-08 03:30:00,4441.74,4450.41,4433.68,4439.64,4361.3932,4439.64,4470.0705,,4466.479629668233,4472.060219129813,-5.5805894615796205,-2.929570737546534,45.52340554461464,0.0025718806051287335,4470.0705,4503.6146983218105,4436.526301678189
2025-10-08 03:45:00,4439.64,4450.64,4436.58,4443.6,2326.9413,4443.6,4467.341,,4462.931761323004,4469.698586587956,-6.766825264951876,-3.6982110563106114,45.09923664122177,0.002582583870850716,4467.341,4500.12655708974,4434.55544291026
2025-10-08 04:00:00,4443.59,4447.84,4410.08,4440.55,15452.5105,4440.55,4465.1945000000005,,4459.465326666342,4467.301184612516,-7.835857946174656,-4.526766135791061,37.763572970281054,0.002505842561418692,4465.1945000000005,4499.132157069528,4431.256842930473
2025-10-08 04:15:00,4440.55,4452.84,4440.55,4446.74,3518.9637,4446.74,4463.8645,,4457.496488796585,4465.623786339357,-8.127297542771885,-5.247586282884194,40.0623600895426,0.0025022114384179285,4463.8645,4498.535048991455,4429.193951008544
2025-10-08 04:30:00,4446.74,4465.5,4446.74,4459.84,4242.836,4459.84,4463.7865,,4457.858756442523,4465.15545595148,-7.296699508956408,-5.657733880503827,49.114219114219225,0.0025366071051113,4463.7865,4498.487400200677,4429.085599799323
2025-10-08 04:45:00,4459.84,4463.78,4455.0,4461.63,1678.8823,4461.63,4464.483,,4458.441298230987,4464.871945206715,-6.43064697572845,-5.812414540064219,41.822865772408456,0.0024331256555535207,4464.483,4498.3741477962585,4430.591852203742
2025-10-08 05:00:00,4461.64,4461.97,4445.76,4448.2,3272.3534,4448.2,4464.32,,4456.86031624374,4463.539669840563,-6.679353596822693,-5.985890314083537,37.979993546305366,0.0025268265285313847,4464.32,4498.504955755427,4430.135044244573
2025-10-08 05:15:00,4448.19,4451.19,4424.04,4433.67,6569.1013,4433.67,4463.1815,,4453.282238714442,4461.166600226054,-7.884361511611132,-6.365738638375067,31.51269948302992,0.0026104489226758255,4463.1815,4499.894634477437,4426.468365522563
2025-10-08 05:30:00,4433.67,4440.5,4430.0,4430.0,2204.8595,4430.0,4461.179999999999,,4449.691578751153,4458.703726764594,-9.01214801344031,-6.895192330934654,30.896936751634527,0.0024936507609307655,4461.179999999999,4500.586912564869,4421.77308743513
2025-10-08 05:45:00,4430.0,4440.0,4421.05,4437.49,3612.5169,4437.49,4459.4745,,4447.810522094392,4457.0356128097155,-9.225090715323859,-7.361293014468238,26.622464898595865,0.0025338748051171936,4459.4745,4499.921379249866,4419.027620750135
2025-10-08 06:00:00,4437.5,4448.94,4424.17,4447.36,4086.5582,4447.36,4458.7365,,4447.741089485641,4456.278236871624,-8.53714738598319,-7.596512741997321,36.70643196796533,0.0025628757068111574,4458.7365,4499.517383692453,4417.955616307547
2025-10-08 06:15:00,4447.35,4453.46,4439.26,4443.35,2560.2403,4443.35,4456.902,,4447.064535352106,4455.270491225519,-8.205955873413586,-7.718421623867914,34.67451750081784,0.0023694889433466424,4456.902,4496.94205815234,4416.86194184766
2025-10-08 06:30:00,4443.35,4453.9,4438.66,4449.64,3482.9319,4449.64,4455.484,,4447.46125780124,4454.833293166724,-7.372035365483498,-7.649135162440604,43.68383276511752,0.002404216455628107,4455.484,4494.370139541253,4416.597860458748
2025-10-08 06:45:00,4449.65,4458.42,4447.11,4455.6,2220.9308,4455.6,4454.112999999999,,4448.7147009927685,4454.892614619016,-6.177913626247573,-7.354859562452719,57.26710677983916,0.002411566300017147,4454.112999999999,4490.781689124455,4417.444310875544
2025-10-08 07:00:00,4455.6,4463.08,4448.6,4451.15,2791.0977,4451.15,4452.570000000001,,4449.089698813151,4454.60399374158,-5.514294928429081,-6.986715317399223,55.88505982206734,0.0024164353034864237,4452.570000000001,4486.812895229302,4418.327104770699
2025-10-08 07:15:00,4451.15,4455.69,4446.05,4451.63,3337.466,4451.63,4450.28,,4449.480811289099,4454.375342812083,-4.894531522983925,-6.568250079247821,54.25723677234636,0.0022510844356551365,4450.28,4477.24320065338,4423.3167993466195
2025-10-08 07:30:00,4451.63,4454.46,4442.74,4450.7,4266.5352,4450.7,4448.8535,,4449.668499344205,4454.0935613721,-4.425062027895365,-6.139589130455367,55.50493545937715,0.0020915876567239805,4448.8535,4472.135267228111,4425.571732771889
2025-10-08 07:45:00,4450.71,4464.7,4443.93,4463.48,5591.7375,4463.48,4447.986,,4451.794501135273,4454.811339592076,-3.0168384568032707,-5.515011791545082,58.47337517716121,0.0022066583032598844,4447.986,4467.186219735606,4428.785780264394
2025-10-08 08:00:00,4463.48,4471.64,4458.92,4460.53,3539.3296,4460.53,4447.8265,,4453.139042400469,4455.247598765748,-2.108556365278673,-4.833696965935041,50.38925871601016,0.0020401906559062172,4447.8265,4466.52276731676,4429.13023268324
2025-10-08 08:15:00,4460.54,4476.95,4458.22,4472.37,4474.2253,4472.37,4449.3585,,4456.0988030570625,4456.550930457404,-0.45212740034185117,-3.957358624068816,55.44183218483977,0.0017696305425996491,4449.3585,4470.774873740932,4427.942126259069
2025-10-08 08:30:00,4472.37,4496.71,4470.33,4494.69,11264.3961,4494.69,4452.111,,4462.037865905482,4459.4480965787225,2.589769326759779,-2.6479038320854325,71.60918471692847,0.0020380968785248237,4452.111,4481.085074000926,4423.136925999073
2025-10-08 08:45:00,4494.69,4496.83,4469.94,4475.51,7081.6847,4475.51,4453.706499999999,,4464.111079565493,4460.665909696078,3.4451698694147126,-1.429267350584073,68.64195330600623,0.002310003105914072,4453.706499999999,4484.182631316172,4423.230368683827
2025-10-08 09:00:00,4475.5,4484.0,4474.86,4479.74,2532.5146,4479.74,4455.665999999999,4468.2328,4466.516095865208,4462.109586231518,4.406509633689893,-0.2620952952930507,72.05178223089213,0.002299878138180068,4455.665999999999,4487.585738423945,4423.746261576053
2025-10-08 09:15:00,4479.73,4479.73,4471.28,4476.97,1760.0861,4476.97,4457.1775,4467.5862,4468.124709707588,4463.2325265733325,4.892183134255902,0.768772161042328,68.26762909494771,0.002300054204560612,4457.1775,4490.1627451065215,4424.192254893478
2025-10-08 09:30:00,4476.97,4484.62,4473.92,4481.01,1950.0951,4481.01,4458.236,4467.0678,4470.107396732339,4464.573896042723,5.533500689615721,1.7217265714097008,66.45798689230216,0.002222333231013904,4458.236,4492.89711450816,4423.57488549184
2025-10-08 09:45:00,4481.01,4484.4,4475.49,4484.39,1368.9557,4484.39,4459.374,4466.506600000001,4472.305034197073,4466.067027560737,6.23800663633574,2.6249891849938516,70.19685039370088,0.0022250886019641682,4459.374,4495.946142634011,4422.801857365988
2025-10-08 10:00:00,4484.39,4494.15,4480.38,4481.48,3215.6937,4481.48,4461.0380000000005,4466.16,4473.716738008733,4467.226906544169,6.489831464564304,3.3979621597130154,66.20851150478475,0.0021018566660783284,4461.0380000000005,4498.487381190872,4423.588618809129
2025-10-08 10:15:00,4481.47,4493.25,4479.61,4488.01,1411.6901,4488.01,4463.755,4466.0509999999995,4475.915926284892,4468.789063200296,7.126863084595243,4.1437458325744485,66.40348213381898,0.0019294729398502144,4463.755,4500.725845697375,4426.784154302625
2025-10-08 10:30:00,4488.0,4499.21,4485.45,4494.53,3519.0796,4494.53,4466.9815,4466.0198,4478.779877748771,4470.72176705038,8.05811069839092,4.926621734824239,71.5050565139799,0.0019072268980475336,4466.9815,4502.793879085862,4431.169120914138
2025-10-08 10:45:00,4494.53,4504.68,4493.63,4500.08,7653.3907,4500.08,4470.111,4466.0266,4482.057059579021,4472.923846452427,9.133213126594455,5.767942531382128,72.86887567261404,0.0018977785962423764,4470.111,4506.0111175192305,4434.210882480769
2025-10-08 11:00:00,4500.09,4506.85,4492.82,4504.54,2829.2723,4504.54,4472.969999999999,4466.1978,4485.5161877928,4475.293075365335,10.223112427464912,6.658978644206293,74.5934587977346,0.0018654861166785678,4472.969999999999,4510.3194395082255,4435.620560491773
2025-10-08 11:15:00,4504.54,4504.54,4489.64,4493.3,2277.5304,4493.3,4475.4675,4466.1,4486.71376014185,4476.641301712384,10.072458429465769,7.341675909046332,63.8157894736846,0.0019661457101802344,4475.4675,4511.118948261711,4439.8160517382885
2025-10-08 11:30:00,4493.29,4493.3,4483.0,4485.09,1977.2559,4485.09,4477.24,4466.1322,4486.463939808033,4477.273373463646,9.190566344386752,7.711454562798553,60.84997349355033,0.002024788843755409,4477.24,4510.957307752915,4443.522692247085
2025-10-08 11:45:00,4485.08,4491.66,4483.21,4487.3,1145.5769,4487.3,4478.825,4466.4114,4486.592569280756,4478.022940816252,8.569628464503694,7.883089553563468,57.209077740222305,0.0020129031891337767,4478.825,4511.213235355961,4446.436764644039
2025-10-08 12:00:00,4487.3,4496.66,4480.0,4490.93,2120.001,4490.93,4480.814,4467.0019999999995,4487.259887507446,4478.987183471755,8.272704035691277,7.961012526415659,47.784586377563436,0.0019892949191269048,4480.814,4510.846412245148,4450.781587754853
2025-10-08 12:15:00,4490.93,4492.55,4473.25,4479.97,5670.1333,4479.97,4482.231000000001,4467.6474,4486.138336213575,4479.060559950899,7.077776262675798,7.78436513506348,52.90970772442589,0.0020911540463529207,4482.231000000001,4508.958045950917,4455.503954049084
2025-10-08 12:30:00,4479.97,4484.33,4473.32,4481.98,1799.7023,4481.98,4483.795,4468.2578,4485.498577633718,4479.278396051995,6.220181581723409,7.471528228024557,51.50497178177895,0.0020875762463257314,4483.795,4506.037814570084,4461.552185429916
2025-10-08 12:45:00,4481.99,4483.0,4469.05,4477.85,2093.0352,4477.85,4484.513499999999,4468.686000000001,4484.32185074207,4479.171872959059,5.149977783010399,7.007217905859876,50.580628134072384,0.0020177969158868443,4484.513499999999,4504.838994776113,4464.188005223885
2025-10-08 13:00:00,4477.86,4486.11,4469.1,4484.2,2919.2917,4484.2,4485.697,4468.9694,4484.303104168864,4479.5466592829025,4.756444885961173,6.557063121037424,52.04251504674071,0.002026668120857537,4485.697,4502.613039227815,4468.780960772186
2025-10-08 13:15:00,4484.2,4490.71,4476.44,4476.79,5298.5022,4476.79,4485.918,4469.0732,4483.147226066316,4479.341278800922,3.8059472653940247,6.006839773073779,45.372625426205275,0.0019880459222860617,4485.918,4502.204725107765,4469.631274892235
2025-10-08 13:30:00,4476.78,4481.59,4448.74,4456.21,9491.1977,4456.21,4483.994000000001,4468.955,4479.002989134936,4477.618659505234,1.3843296297018242,5.082337506700529,37.338410662391034,0.0018877361836522808,4483.994000000001,4504.4701966040475,4463.517803395954
2025-10-08 13:45:00,4456.21,4478.9,4439.75,4476.29,7532.2309,4476.29,4484.033,4468.88,4478.5856020744595,4477.519751639602,1.0658504348575661,4.2790399271032085,44.82971589906453,0.0019663757548440282,4484.033,4504.444026019215,4463.621973980786
2025-10-08 14:00:00,4476.29,4522.6,4476.2,4494.5,15110.5112,4494.5,4484.771,4469.21,4481.033991419158,4478.783327957589,2.2506634615692747,3.8733645672423567,49.98800287930907,0.002159052506328413,4484.771,4505.591702146994,4463.950297853005
2025-10-08 14:15:00,4494.5,4508.11,4482.21,4486.16,5876.1163,4486.16,4485.2305,4469.272800000001,4481.822613692832,4479.332072362228,2.4905413306041737,3.5967998835076442,44.55484274761371,0.002200066000256025,4485.2305,4505.729453477758,4464.731546522241
2025-10-08 14:30:00,4486.16,4496.69,4458.35,4466.07,8019.0359,4466.07,4484.4835,4468.954000000001,4479.399120182324,4478.345828744398,1.053291437925509,3.088098140818671,36.59114674102447,0.0024158058243233084,4484.4835,4506.650975724564,4462.316024275437
2025-10-08 14:45:00,4466.06,4472.8,4438.87,4450.09,7393.7927,4450.09,4482.7685,4468.0072,4474.890001971859,4476.2451762281435,-1.3551742562840445,2.1994435865291297,35.4207436399215,0.0025210567293126106,4482.7685,4509.750814890337,4455.786185109663
2025-10-08 15:00:00,4450.1,4469.34,4447.12,4458.32,3397.5891,4458.32,4481.6105,4467.589,4472.340759993361,4474.9129058456165,-2.572145852255744,1.2451256344512522,40.96889548613423,0.0025685211271856048,4481.6105,4510.729005221166,4452.491994778834
2025-10-08 15:15:00,4458.32,4466.24,4437.08,4460.38,7844.7766,4460.38,4480.229,4467.18,4470.50063641019,4473.833032351732,-3.3323959415420177,0.32962126988870083,40.90909090909074,0.0025431050039922535,4480.229,4510.661235609791,4449.796764390209
2025-10-08 15:30:00,4460.38,4460.87,4452.15,4455.56,2953.1421,4455.56,4478.2805,4467.0168,4468.202069921923,4472.475561261677,-4.2734913397544005,-0.5910012917518155,38.150753768844034,0.0025138349068738242,4478.2805,4509.827232235467,4446.733767764533
2025-10-08 15:45:00,4455.56,4455.94,4440.27,4447.14,2785.2195,4447.14,4475.6335,4467.125,4464.961743074173,4470.593830423107,-5.632087348933965,-1.5992185379805435,38.81126030945385,0.002501836793119187,4475.6335,4508.341338606598,4442.925661393402
2025-10-08 16:00:00,4447.15,4457.59,4439.0,4457.59,4352.9208,4457.59,4473.286,4467.4839999999995,4463.827626267897,4469.6281972371,-5.800570969202454,-2.4394890474222612,42.13986464711578,0.002564648606884762,4473.286,4503.932816199362,4442.639183800638
2025-10-08 16:15:00,4457.58,4465.36,4455.0,4463.89,5090.043,4463.89,4471.8155,4467.889800000001,4463.83722224449,4469.202170690113,-5.364948445623668,-3.024580939984641,45.56318332062035,0.002555160415771823,4471.8155,4501.215847634888,4442.415152365112
2025-10-08 16:30:00,4463.89,4468.39,4455.21,4467.57,2561.8664,4467.57,4470.9395,4468.4302,4464.411496647046,4469.081012441743,-4.669515794696963,-3.3535679167398027,44.623343032654304,0.002541881808427051,4470.9395,4499.711824037623,4442.167175962378
2025-10-08 16:45:00,4467.56,4499.0,4464.09,4496.35,8396.5968,4496.35,4471.392,4469.4223999999995,4469.3251190757655,4471.104908117278,-1.779789041512231,-3.0388121372452854,55.556186796955025,0.002942792095114414,4471.392,4501.501288372783,4441.2827116272165
2025-10-08 17:00:00,4496.35,4515.65,4490.0,4513.4,8042.9382,4513.4,4472.5154999999995,4470.4936,4476.105877610145,4474.243579501494,1.8622981086509753,-2.0585900769818575,66.57777262449996,0.0030538551349191872,4472.5154999999995,4507.046637725698,4437.984362274301
2025-10-08 17:15:00,4513.4,4547.0,4509.66,4539.36,15049.9011,4539.36,4475.485,4472.0482,4485.837290311743,4479.075144792857,6.7621455188864275,-0.29444294184927267,67.67954252396706,0.00321840150854092,4475.485,4521.138515458107,4429.831484541893
2025-10-08 17:30:00,4539.36,4558.0,4527.75,4527.75,8996.6475,4527.75,4477.7735,4473.6392,4492.285404684663,4482.686313714068,9.59909097059517,1.6842638549595277,59.67864004191659,0.00329818443257315,4477.7735,4529.041335520399,4426.505664479601
2025-10-08 17:45:00,4527.75,4545.55,4524.89,4538.46,4063.5838,4538.46,4480.803999999999,4475.735,4499.389193417524,4486.823664155985,12.565529261539268,3.8605169488751203,65.0166532674861,0.003304812759707561,4480.803999999999,4538.813117032984,4422.794882967014
2025-10-08 18:00:00,4538.47,4543.95,4525.76,4539.44,4306.3433,4539.44,4483.566,4477.9238000000005,4505.550859519593,4490.726381551507,14.824477968086285,6.053309162873672,73.66316196865151,0.0033015675895208536,4483.566,4547.239672457379,4419.8923275426205
2025-10-08 18:15:00,4539.44,4540.43,4528.21,4529.84,2726.1075,4529.84,4486.2185,4479.7708,4509.287652184912,4493.6272730716055,15.66037911330659,7.97472316007976,76.82475613858095,0.0033198657779018987,4486.2185,4553.045460293763,4419.3915397062365
2025-10-08 18:30:00,4529.84,4536.11,4513.22,4515.59,6677.6057,4515.59,4489.1875,4481.1354,4510.257244556529,4495.256006220367,15.001238336161805,9.380026199461877,68.51360962048267,0.003214615908971986,4489.1875,4555.676324822782,4422.698675177218
2025-10-08 18:45:00,4515.6,4535.22,4515.6,4523.48,3288.3405,4523.48,4491.5470000000005,4482.738,4512.291515334986,4497.348890781211,14.942624553775204,10.492545872962795,69.65732087227431,0.0030982954114746565,4491.5470000000005,4559.443071384671,4423.65092861533
2025-10-08 19:00:00,4523.48,4526.67,4500.02,4503.29,6309.1539,4503.29,4491.9865,4483.811000000001,4510.906666412799,4497.789405282378,13.117261130420957,11.017488925450317,63.56968215158933,0.0031718275056131897,4491.9865,4560.076576647727,4423.896423352273
2025-10-08 19:15:00,4503.28,4520.08,4500.0,4516.73,9490.5828,4516.73,4493.515,4485.0336,4511.802564111701,4499.1936884226625,12.608875689038541,11.335766278651015,69.23544695671417,0.0031990948093544016,4493.515,4562.42194640714,4424.60805359286
2025-10-08 19:30:00,4516.73,4526.09,4511.1,4514.19,2895.1822,4514.19,4495.921,4486.2944,4512.169862018359,4500.305461789211,11.864400229147577,11.4414930688787,66.36027286391504,0.003002167838938774,4495.921,4564.150096093109,4427.691903906892
2025-10-08 19:45:00,4514.18,4519.2,4509.22,4515.27,2406.8261,4515.27,4499.179999999999,4487.5672,4512.6468064085875,4501.4148103897105,11.231996018876998,11.399593658837661,65.31354315689106,0.0028437222056174258,4499.179999999999,4564.349781502248,4434.01021849775
2025-10-08 20:00:00,4515.28,4517.36,4505.04,4511.06,1710.5586,4511.06,4501.817,4488.7744,4512.402682308758,4502.129784650922,10.272897657835529,11.17425445846213,62.92114801830209,0.002854158978256793,4501.817,4564.235361704652,4439.398638295348
2025-10-08 20:15:00,4511.06,4527.06,4510.94,4520.98,2152.9415,4520.98,4504.847,4489.9244,4513.722269814964,4503.527030187599,10.195239627365481,10.978451492121078,58.24131700461747,0.0028763365365882393,4504.847,4564.623467857105,4445.070532142894
2025-10-08 20:30:00,4520.98,4521.11,4513.54,4517.22,1192.4546,4517.22,4507.93,4491.0582,4514.26038220947,4504.5419519476445,9.718430261825233,10.726447245936582,51.402967533421744,0.0028688503674318515,4507.93,4563.193215137795,4452.6667848622055
2025-10-08 20:45:00,4517.21,4517.31,4500.18,4503.66,2261.9724,4503.66,4510.755999999999,4491.683999999999,4512.629554027622,4504.476584740657,8.152969286965345,10.211751653937558,35.57459188621276,0.0029316008861751184,4510.755999999999,4558.1506305641615,4463.361369435837
2025-10-08 21:00:00,4503.65,4513.0,4502.16,4513.0,1125.4018,4513.0,4513.5265,4492.050200000001,4512.686545720105,4505.108283785638,7.578261934466354,9.685053709875676,43.928542026837775,0.0029237476877295478,4513.5265,4553.774653550293,4473.278346449707
2025-10-08 21:15:00,4512.99,4526.18,4511.23,4522.89,1260.7055,4522.89,4516.4765,4492.9978,4514.256308020125,4506.4260949453555,7.830213074769745,9.31408558276003,43.547451305428936,0.002939965145704733,4516.4765,4549.38605342014,4483.566946579859
2025-10-08 21:30:00,4522.89,4527.77,4521.03,4523.19,1002.3903,4523.19,4519.2575,4493.866800000001,4515.630722247268,4507.668430449388,7.962291797879516,9.043726825728854,43.22747353505029,0.002942631084442491,4519.2575,4542.845989498889,4495.66901050111
2025-10-08 21:45:00,4523.19,4525.6,4514.62,4525.59,1086.9073,4525.59,4520.719499999999,4494.8392,4517.162918896672,4508.996513137829,8.166405758842302,8.86826261232295,48.11563359049391,0.0026048798828298275,4520.719499999999,4541.823643244924,4499.615356755075
2025-10-08 22:00:00,4525.6,4539.31,4522.55,4529.39,4731.7321,4529.39,4521.519,4495.8068,4519.044008372042,4510.507730778907,8.53627759313531,8.801865608476765,56.7435496481628,0.0024788138341160647,4521.519,4542.667082306917,4500.370917693083
2025-10-08 22:15:00,4529.4,4533.54,4523.96,4525.37,970.5356,4525.37,4520.8195,4496.626399999999,4520.017237886038,4511.609037040691,8.408200845346983,8.723132655842598,50.959878110716275,0.0021105467433426514,4520.8195,4540.346213119728,4501.292786880271
2025-10-08 22:30:00,4525.37,4530.01,4525.37,4528.3,738.2499,4528.3,4520.847,4497.562800000001,4521.291509016801,4512.845817926186,8.445691090614673,8.667644342792382,65.40214312107406,0.0020387498230341064,4520.847,4540.416312281092,4501.277687718907
2025-10-08 22:45:00,4528.3,4528.74,4521.31,4521.32,680.2245,4521.32,4519.99,4498.229,4521.295892245091,4513.473729386098,7.8221628589926695,8.498548046021154,53.07105580088322,0.001987514045347171,4519.99,4537.727070309241,4502.252929690759
2025-10-08 23:00:00,4521.31,4521.81,4509.45,4513.77,1886.0746,4513.77,4518.7065,4498.6138,4520.138062645303,4513.495681646203,6.642380999100169,8.127314636617132,49.73664409330377,0.002011959671600563,4518.7065,4534.074312260741,4503.3386877392595
2025-10-08 23:15:00,4513.77,4532.0,4513.22,4531.88,1212.154,4531.88,4518.808500000001,4499.2498000000005,4521.944514577208,4514.8578443216975,7.086670255510398,7.9191857603868945,58.58220522889313,0.002177761679855368,4518.808500000001,4534.510890397889,4503.106109602113
2025-10-08 23:30:00,4531.88,4537.55,4529.06,4529.71,1835.1818,4529.71,4519.514499999999,4499.7532,4523.139204659702,4515.958274270929,7.180930388773049,7.77153468605908,59.84376649424666,0.002051388674824521,4519.514499999999,4535.863968331842,4503.165031668156
2025-10-08 23:45:00,4529.72,4530.0,4523.53,4525.72,1028.6711,4525.72,4519.6265,4500.4016,4523.536250101578,4516.68152954157,6.854720560007991,7.58817186084385,52.6689189189193,0.00202827855862852,4519.6265,4536.120399701573,4503.132600298428
2025-10-09 00:00:00,4525.72,4527.71,4514.28,4516.67,1664.0317,4516.67,4520.2955,4501.0332,4522.479903921058,4516.680675321584,5.799228599474191,7.230383208562094,49.707726644701786,0.0018035966903887071,4520.2955,4534.986276877355,4505.604723122646
2025-10-09 00:15:00,4516.68,4531.52,4516.67,4519.17,2022.4797,4519.17,4520.4175,4501.6706,4521.970687928697,4516.8651057002135,5.105582228483399,6.805423012538919,59.33999759123215,0.0016802062648537148,4520.4175,4535.023887751766,4505.811112248233
2025-10-09 00:30:00,4519.18,4522.71,4510.02,4515.72,1500.9467,4515.72,4520.494000000001,4502.1664,4521.009043624775,4516.780267740309,4.228775884465904,6.290093586917102,51.7630282603061,0.0016845225030473197,4520.494000000001,4534.9785753166025,4506.009424683399
2025-10-09 00:45:00,4515.72,4521.48,4507.92,4511.29,1798.3448,4511.29,4520.295,4502.7928,4519.513806134568,4516.373513250566,3.14029288400161,5.660133446326949,41.908482142856926,0.001698142162789837,4520.295,4535.1854441274545,4505.404555872546
2025-10-09 01:00:00,4511.28,4514.01,4500.0,4500.0,8309.9728,4500.0,4519.742,4503.1532,4516.511682097772,4515.1604726727,1.3512094250718292,4.798348642068205,35.97435587274748,0.0017759549948158455,4519.742,4536.747763233533,4502.736236766467
2025-10-09 01:15:00,4500.0,4501.95,4475.02,4481.52,15440.6964,4481.52,4517.768999999999,4503.2266,4511.128346366003,4512.668228651454,-1.5398822854513128,3.5307024565552156,27.686075949367236,0.0018978966776593243,4517.768999999999,4541.8531287769465,4493.684871223052
2025-10-09 01:30:00,4481.52,4481.52,4463.01,4464.1,6526.9996,4464.1,4515.112999999999,4502.8246,4503.893216128079,4509.070104642823,-5.1768885147439505,1.7891842622853973,20.948651775384874,0.002048383630272446,4515.112999999999,4549.122869836757,4481.103130163242
2025-10-09 01:45:00,4464.1,4479.67,4464.1,4478.99,6229.7241,4478.99,4513.879500000001,4502.8686,4500.061952095933,4506.8416749521175,-6.77972285618489,0.07540283858347899,31.18305744888002,0.002143497566658793,4513.879500000001,4551.260772809251,4476.498227190751
2025-10-09 02:00:00,4478.99,4481.5,4451.83,4463.02,7145.2897,4463.02,4511.3805,4503.004800000001,4494.363190219359,4503.595255636822,-9.232065417462763,-1.7860908126326005,26.049310243615807,0.00218904497725379,4511.3805,4555.146560137939,4467.614439862062
2025-10-09 02:15:00,4463.01,4464.68,4441.5,4447.45,5894.5527,4447.45,4507.6085,4502.428,4487.145776322675,4499.435909686766,-12.290133364090252,-3.8868993229302977,24.504728377165435,0.0021825095824720463,4507.6085,4559.45554966481,4455.761450335191
2025-10-09 02:30:00,4447.45,4453.14,4415.61,4421.84,9400.9262,4421.84,4502.541,4500.9748,4477.098733791727,4493.687503868412,-16.58877007668525,-6.427273473687253,21.788498128030085,0.002430017661593418,4502.541,4566.396783202614,4438.685216797387
2025-10-09 02:45:00,4421.84,4432.23,4398.17,4412.82,15181.9777,4412.82,4496.9025,4499.508,4467.209697807305,4487.6967773869455,-20.487079579640522,-9.239234694883189,11.303952158085991,0.0024054383845812702,4496.9025,4571.243340620813,4422.561659379187
2025-10-09 03:00:00,4412.82,4434.79,4412.05,4431.71,4974.7228,4431.71,4492.0185,4498.8207999999995,4461.748205829257,4483.549261883024,-21.801056053766843,-11.751598966663694,21.271106941838553,0.0026717100371951115,4492.0185,4570.112529767083,4413.924470232917
2025-10-09 03:15:00,4431.71,4444.6,4431.71,4440.85,3159.4556,4440.85,4487.7925000000005,4498.6359999999995,4458.533097236308,4480.386108690027,-21.853011453718864,-13.771881464077158,25.849410961242995,0.0027631146445535647,4487.7925000000005,4567.419828520852,4408.165171479149
2025-10-09 03:30:00,4440.85,4448.9,4436.96,4440.95,3138.8317,4440.95,4483.425,4498.2886,4455.828005351071,4477.464706020426,-21.636700669355378,-15.344845305134314,27.296713840249296,0.002747725112230337,4483.425,4563.279196739068,4403.570803260933
2025-10-09 03:45:00,4440.94,4453.32,4440.94,4450.8,2791.2328,4450.8,4479.899,4498.097,4455.054466065631,4475.489411493473,-20.43494542784265,-16.36286532967676,30.365860662799363,0.0028338080656442593,4479.899,4558.931300631816,4400.8666993681845
2025-10-09 04:00:00,4450.8,4453.02,4438.49,4438.68,2614.2146,4438.68,4476.1445,4497.7594,4452.53531743833,4472.762620825828,-20.22730338749807,-17.1357529412415,28.92548418864206,0.002860835936924881,4476.1445,4555.535381744761,4396.753618255239
2025-10-09 04:15:00,4438.68,4458.5,4438.68,4457.27,4468.9058,4457.27,4472.414,4497.962,4453.26373014057,4471.614953970286,-18.35122382971531,-17.37884711893638,36.28516299380531,0.002876756960199119,4472.414,4547.682362935218,4397.145637064781
2025-10-09 04:30:00,4457.28,4457.74,4444.37,4446.14,3069.0569,4446.14,4468.235500000001,4497.733,4452.167771656838,4469.727820902695,-17.560049245857044,-17.415087544320524,36.31466612460622,0.0028992568819968543,4468.235500000001,4539.270843160258,4397.200156839744
2025-10-09 04:45:00,4446.14,4455.94,4446.14,4455.04,2522.8439,4455.04,4464.7015,4497.556,4452.609652940595,4468.639781083122,-16.030128142527246,-17.13809566396178,42.9273504273503,0.002972381880476454,4464.7015,4530.537764610743,4398.865235389258
2025-10-09 05:00:00,4455.05,4460.0,4442.4,4442.4,3746.7187,4442.4,4460.988,4497.0526,4451.038937103,4466.696005782679,-15.657068679679469,-16.841890267105246,44.05218726016865,0.0029962372796519523,4460.988,4522.733309679114,4399.242690320886
2025-10-09 05:15:00,4442.4,4447.0,4437.73,4447.0,2294.5111,4447.0,4457.379500000001,4496.0656,4450.4175621638815,4465.236981360355,-14.819419196473063,-16.437396052978727,40.7076047173649,0.003009810484882853,4457.379500000001,4512.9329623394115,4401.82603766059
2025-10-09 05:30:00,4447.0,4454.66,4441.61,4447.18,1788.9167,4447.18,4453.9525,4494.7412,4449.919475676998,4463.899375378032,-13.9798997010339,-15.945896782589681,44.93411794806193,0.003015691099235458,4453.9525,4502.347624536975,4405.557375463026
2025-10-09 05:45:00,4447.17,4455.0,4443.55,4454.69,1411.1926,4454.69,4451.1224999999995,4493.0478,4450.6534024960865,4463.217174958694,-12.56377246260763,-15.269471918593185,52.4413272187752,0.003064096074038304,4451.1224999999995,4491.326441610925,4410.918558389074
2025-10-09 06:00:00,4454.69,4454.69,4431.57,4438.2,7460.9442,4438.2,4448.032499999999,4491.2568,4448.737494419402,4461.36398935077,-12.626494931368143,-14.740876521148119,55.87812589824648,0.0031140597161779956,4448.032499999999,4481.324554923884,4414.740445076115
2025-10-09 06:15:00,4438.19,4442.58,4423.86,4434.36,4605.911,4434.36,4445.6745,4489.174800000001,4446.525572200677,4459.363632339708,-12.838060139030858,-14.360313244724635,58.038513210926965,0.003009279923915502,4445.6745,4475.477487116313,4415.8715128836875
2025-10-09 06:30:00,4434.36,4444.18,4430.04,4440.66,1697.9377,4440.66,4444.5025000000005,4487.1992,4445.623176477373,4457.97813864897,-12.354962171597435,-13.959243030099167,53.68646511244741,0.0029301335022798043,4444.5025000000005,4473.072672797635,4415.932327202366
2025-10-09 06:45:00,4440.66,4443.78,4424.79,4429.55,3280.8167,4429.55,4442.0305,4485.1934,4443.1503800959545,4455.8722950908505,-12.721914994895997,-13.71177742305852,45.41990920881963,0.0028426539864022547,4442.0305,4466.262640879039,4417.79835912096
2025-10-09 07:00:00,4429.56,4433.68,4425.0,4427.67,1657.5996,4427.67,4440.263000000001,4483.435,4440.768783157883,4453.783185205465,-13.014402047581825,-13.572302347963173,44.69394278408194,0.0027526840698498312,4440.263000000001,4463.169527775716,4417.356472224285
2025-10-09 07:15:00,4427.67,4434.8,4419.0,4424.4,2553.0824,4424.4,4439.1105,4481.4534,4438.250508825694,4451.606603778467,-13.356094952772764,-13.52906086892509,38.86639676113341,0.0026569798923090186,4439.1105,4462.800535635767,4415.420464364232
2025-10-09 07:30:00,4424.39,4425.0,4411.0,4417.02,5958.2747,4417.02,4438.8695,4479.728,4434.984276698437,4449.044579516771,-14.060302818334094,-13.635309258806894,40.48497627833425,0.0023509920052680196,4438.8695,4463.383053265226,4414.355946734773
2025-10-09 07:45:00,4417.03,4437.5,4416.06,4426.6,4161.3968,4426.6,4439.558500000001,4477.9254,4433.6943879755245,4447.381985857682,-13.687597882157206,-13.645766983476955,35.36876252265995,0.002352046216468079,4439.558500000001,4461.643563564193,4417.473436435809
2025-10-09 08:00:00,4426.6,4426.69,4403.43,4403.85,4229.4981,4403.85,4438.1655,4475.7186,4429.102943671369,4444.157336461888,-15.05439279051916,-13.927492144885399,31.838873142660745,0.0024251855133070243,4438.1655,4465.27736065957,4411.05363934043
2025-10-09 08:15:00,4403.85,4405.51,4336.37,4340.43,31502.64,4340.43,4433.1445,4472.2218,4415.460952336736,4436.473702422347,-21.012750085610605,-15.34454373303046,16.478502486107104,0.003913836811431013,4433.1445,4484.509682340233,4381.779317659768
2025-10-09 08:30:00,4340.43,4360.1,4329.0,4339.36,19048.4319,4339.36,4428.0650000000005,4468.7878,4403.753113515282,4429.279984190292,-25.526870675010287,-17.381009121426445,17.67473961601209,0.003910107256970036,4428.0650000000005,4494.160456488511,4361.96954351149
2025-10-09 08:45:00,4339.36,4351.9,4320.0,4328.0,9063.867,4328.0,4421.925,4464.9282,4392.098788358732,4421.777656294826,-29.67886793609341,-19.84058088435986,14.186830384013362,0.003839823317487038,4421.925,4500.722577440745,4343.127422559255
2025-10-09 09:00:00,4328.01,4349.62,4325.9,4346.6,5418.2337,4346.6,4417.321,4461.5158,4385.098974764903,4416.20886758053,-31.109892815627063,-22.094443270613315,22.751408755960057,0.0040279301969467635,4417.321,4502.49848130879,4332.1435186912095
2025-10-09 09:15:00,4346.59,4356.66,4334.82,4351.02,7303.5769,4351.02,4412.0085,4458.463000000001,4379.856055570189,4411.380003615183,-31.52394804499454,-23.98034422548957,21.43605003581885,0.003870639568354675,4412.0085,4499.905164992742,4324.1118350072575
2025-10-09 09:30:00,4351.01,4353.57,4337.85,4338.0,9591.894,4338.0,4406.6015,4454.963000000001,4373.416662405427,4405.944386340256,-32.52772393482883,-25.689820167357432,21.853932584269856,0.003880957821212208,4406.6015,4498.854297367396,4314.348702632604
2025-10-09 09:45:00,4337.99,4345.0,4331.12,4334.82,7851.0085,4334.82,4400.5905,4451.201599999999,4367.478714342961,4400.675858127478,-33.19714378451681,-27.191284890789316,21.935265591519297,0.0038088606551421817,4400.5905,4495.190935622702,4305.990064377298
2025-10-09 10:00:00,4334.82,4346.08,4329.87,4344.26,8673.0883,4344.26,4395.6835,4447.623,4363.906604443998,4396.496865168621,-32.59026072462348,-28.27108005755615,23.293439716312363,0.003871052930589065,4395.6835,4491.328038683634,4300.038961316366
2025-10-09 10:15:00,4344.27,4348.68,4324.28,4329.65,6440.0729,4329.65,4389.816,4443.7042,4358.636357606401,4391.54520108752,-32.90884348111831,-29.198632742268586,22.850309816284565,0.0038677411943300534,4389.816,4486.596716087045,4293.035283912955
2025-10-09 10:30:00,4329.65,4357.52,4329.65,4350.07,5758.0632,4350.07,4384.9605,4440.1178,4357.318456436174,4388.47293844012,-31.154482003946214,-29.58980259460412,30.841398380407,0.004089828444275241,4384.9605,4479.337690258338,4290.583309741663
2025-10-09 10:45:00,4350.07,4358.48,4345.41,4354.7,4295.7067,4354.7,4379.961,4436.7044,4356.915616984452,4385.9712200476,-29.055603063147828,-29.48296268831286,32.90661173239181,0.004069793104781932,4379.961,4469.2412817624645,4290.680718237536
2025-10-09 11:00:00,4354.69,4363.0,4354.13,4359.53,5146.8241,4359.53,4376.0275,4433.329000000001,4357.317829756077,4384.012597201386,-26.69476744530857,-28.925323639712005,35.72244573585657,0.004051709075561407,4376.0275,4461.348315717755,4290.706684282245
2025-10-09 11:15:00,4359.52,4376.14,4358.79,4374.63,3759.4318,4374.63,4373.041,4430.3952,4359.98124056285,4383.317585416592,-23.336344853742048,-27.80752788251801,37.437756828619904,0.00416686671930937,4373.041,4453.825556080102,4292.256443919899
2025-10-09 11:30:00,4374.64,4387.15,4366.83,4384.4,4452.1916,4384.4,4370.228,4427.8078000000005,4363.737972783969,4383.397764764352,-19.65979198038349,-26.1779807020911,44.98375199876194,0.004192206067170988,4370.228,4444.77593543688,4295.68006456312
2025-10-09 11:45:00,4384.39,4384.78,4371.98,4373.05,2951.2553,4373.05,4367.403,4424.6312,4365.170592355672,4382.631259335732,-17.460666980059614,-24.434517957684804,61.50211565585311,0.004194292588481354,4367.403,4436.5738429904295,4298.232157009571
2025-10-09 12:00:00,4373.06,4391.99,4369.63,4382.34,5500.4838,4382.34,4365.1365,4421.6838,4367.812039685578,4382.609684457143,-14.797644771564592,-22.507143320460763,64.32475669910681,0.004239450229132562,4365.1365,4428.7391124174355,4301.533887582564
2025-10-09 12:15:00,4382.33,4390.46,4377.62,4383.97,2641.7416,4383.97,4363.115,4418.8488,4370.297879733958,4382.710449060003,-12.412569326044832,-20.48822852157758,69.94796492978813,0.004243511961310412,4363.115,4421.109459808053,4305.120540191947
2025-10-09 12:30:00,4383.96,4413.76,4378.0,4405.02,9682.0504,4405.02,4362.515,4416.6158,4375.639744390286,4384.3630158081105,-8.723271417824435,-18.135237100826952,70.46378029984567,0.004389863000726996,4362.515,4418.370127456347,4306.659872543653
2025-10-09 12:45:00,4405.02,4409.6,4395.57,4404.37,4632.495,4404.37,4361.403499999999,4414.3198,4380.059783714866,4385.8450207977685,-5.785237082902313,-15.665237097242024,69.1947902424979,0.004356537489035923,4361.403499999999,4412.577656008329,4310.22934399167
2025-10-09 13:00:00,4404.37,4407.39,4386.08,4389.5,5031.6133,4389.5,4360.686,4411.7954,4381.512124681813,4386.115761040022,-4.603636358209769,-13.452916949435574,68.28575486436566,0.00426919530604283,4360.686,4409.711631277039,4311.660368722961
2025-10-09 13:15:00,4389.49,4402.0,4387.37,4398.77,2162.9195,4398.77,4363.603,4409.545,4384.167182423076,4387.05311541475,-2.8859329916740535,-11.33952015788327,71.765026206521,0.0026639164782206993,4363.603,4414.462128912035,4312.743871087965
2025-10-09 13:30:00,4398.77,4398.77,4362.06,4367.95,11099.1959,4367.95,4365.032499999999,4406.904,4381.672231281062,4385.6380651589125,-3.965833877850855,-9.864782901876787,57.038445540435966,0.0031677005497146205,4365.032499999999,4414.613685257975,4315.451314742024
2025-10-09 13:45:00,4367.94,4387.36,4347.14,4350.81,7811.5428,4350.81,4366.173,4404.2898000000005,4376.924195699355,4383.058200597734,-6.134004898379317,-9.118627301177293,56.19365413885982,0.0032442818043734636,4366.173,4413.148368282429,4319.19763171757
2025-10-09 14:00:00,4350.81,4373.24,4335.99,4370.97,12261.2993,4370.97,4367.3915,4402.4272,4376.008165591761,4382.16277579794,-6.1546102061793135,-8.525823882177697,56.12687617260803,0.0032670391882538966,4367.3915,4413.485154900776,4321.297845099223
2025-10-09 14:15:00,4370.97,4374.83,4338.89,4341.51,5593.8411,4341.51,4366.916,4399.6776,4370.700755500717,4379.15145118374,-8.450695683023696,-8.510798242346898,46.62469931931021,0.0036171929730066483,4366.916,4413.908211852003,4319.923788147998
2025-10-09 14:30:00,4341.5,4341.5,4305.73,4318.49,14538.6363,4318.49,4365.9405,4396.787,4362.668331577524,4374.657999456253,-11.989667878728142,-9.206572169623147,40.39235883509697,0.003748783112964312,4365.9405,4416.159354280736,4315.7216457192635
2025-10-09 14:45:00,4318.5,4347.69,4316.0,4344.88,7168.0436,4344.88,4366.443499999999,4394.7356,4359.931665180981,4372.452216764843,-12.520551583861561,-9.869368052470831,43.38506692755817,0.004003100173058676,4366.443499999999,4415.538857814706,4317.348142185293
2025-10-09 15:00:00,4344.89,4363.5,4344.89,4348.39,5356.6433,4348.39,4366.65,4393.2666,4358.156024383906,4370.669826631314,-12.513802247408421,-10.39825489145835,41.763871735053506,0.00397774196937092,4366.65,4415.385916940247,4317.914083059753
2025-10-09 15:15:00,4348.39,4355.0,4313.62,4315.98,6801.905,4315.98,4365.9665,4391.3298,4351.6674052479175,4366.618720562026,-14.951315314108797,-11.30886697598844,38.094045979889025,0.004258007324716241,4365.9665,4417.2064023275125,4314.726597672488
2025-10-09 15:30:00,4316.07,4320.03,4291.82,4294.67,13835.101,4294.67,4363.1965,4388.589,4342.898573671312,4361.289176203818,-18.39060253250591,-12.725214087291937,32.58373395844109,0.004224433691687876,4363.1965,4423.281160018015,4303.111839981985
2025-10-09 15:45:00,4294.67,4325.0,4294.16,4314.79,5642.0629,4314.79,4361.201,4386.067800000001,4338.574177721878,4357.84478709537,-19.270609373491425,-14.034293144531835,37.19742393959587,0.004375820788496119,4361.201,4425.009345568721,4297.392654431279
2025-10-09 16:00:00,4314.78,4325.43,4312.14,4317.92,3439.7514,4317.92,4359.1205,4383.6071999999995,4335.3966119185125,4354.887390938284,-19.490779019771253,-15.12559031957972,32.73606596368832,0.004369455946825731,4359.1205,4425.806775231245,4292.434224768755
2025-10-09 16:15:00,4317.91,4327.9,4292.87,4308.14,7998.3509,4308.14,4355.796,4380.754,4331.203287007971,4351.424616338351,-20.221329330380286,-16.144738121739834,31.592639351161267,0.004284944632955191,4355.796,4425.774872721525,4285.817127278476
2025-10-09 16:30:00,4308.15,4309.03,4286.56,4303.61,8187.4827,4303.61,4351.7565,4378.052599999999,4326.958165929821,4347.882788264507,-20.92462233468632,-17.100714964329132,32.89384584744083,0.004226862496675337,4351.7565,4424.071295829046,4279.441704170955
2025-10-09 16:45:00,4303.62,4306.08,4265.06,4277.34,12403.3285,4277.34,4346.971,4374.454000000001,4319.324601940617,4342.65739020084,-23.332788260223424,-18.347129623507993,27.349375116582763,0.0043705175513211614,4346.971,4425.732696782175,4268.2093032178245
2025-10-09 17:00:00,4277.34,4309.87,4269.11,4304.86,8258.2882,4304.86,4343.097,4371.6284000000005,4317.099278565137,4339.857580373721,-22.758301808584292,-19.229364060523253,38.08498583569402,0.004635865837421355,4343.097,4422.155120951793,4264.038879048207
2025-10-09 17:15:00,4304.87,4317.09,4298.75,4301.68,4288.9378,4301.68,4338.9825,4368.5612,4314.727081862808,4337.029608515284,-22.302526652476445,-19.84399657891389,40.20495235057218,0.004626706338226278,4338.9825,4417.6484417711645,4260.316558228836
2025-10-09 17:30:00,4301.68,4322.29,4301.31,4316.67,4119.8884,4316.67,4334.5650000000005,4366.046600000001,4315.025992345453,4335.521487913356,-20.495495567903163,-19.97429637671175,38.946339874603,0.004549467892834063,4334.5650000000005,4407.317181374475,4261.812818625526
2025-10-09 17:45:00,4316.68,4335.9,4314.14,4334.4,4417.146,4334.4,4331.0665,4363.7946,4318.006608907691,4335.438414660499,-17.43180575280803,-19.465798251931005,48.48005472658075,0.004688907791926421,4331.0665,4395.993468940473,4266.139531059527
2025-10-09 18:00:00,4334.4,4338.03,4320.04,4329.71,3694.495,4329.71,4328.077,4361.445199999999,4319.8071306142,4335.014087298199,-15.206956683999124,-18.61402993834463,52.60252365930607,0.004650210517627418,4328.077,4386.893937446063,4269.260062553937
2025-10-09 18:15:00,4329.71,4340.62,4324.32,4325.59,4004.4116,4325.59,4324.418,4358.8632,4320.6968028274,4334.316006223816,-13.619203396416196,-17.615064629958944,45.01008846810488,0.004603797097899372,4324.418,4372.918074704309,4275.91792529569
2025-10-09 18:30:00,4325.6,4327.43,4307.6,4311.26,3521.8364,4311.26,4321.5835,4356.3244,4319.244987007799,4332.608152701792,-13.363165693993324,-16.76468484276582,40.90441428641407,0.004413050650743014,4321.5835,4365.809313027039,4277.35768697296
2025-10-09 18:45:00,4311.25,4314.33,4301.05,4308.24,3213.0715,4308.24,4319.455,4353.802,4317.5519120835215,4330.803103170212,-13.251191086690596,-16.061986091550775,47.7850274725275,0.004345284405396664,4319.455,4361.816557796608,4277.0934422033915
2025-10-09 19:00:00,4308.23,4323.2,4307.21,4320.83,2518.4391,4320.83,4316.948,4351.405400000001,4318.056233301442,4330.0643543388205,-12.00812103737826,-15.251213080716271,57.879518072289194,0.004255151129517624,4316.948,4351.729352898957,4282.166647101044
2025-10-09 19:15:00,4320.84,4335.6,4315.0,4334.67,2105.4253,4334.67,4316.606,4349.507799999999,4320.612197408913,4330.405513468426,-9.793316059513018,-14.159633676475622,56.223390934134834,0.004073064435853042,4316.606,4350.493476587697,4282.718523412303
2025-10-09 19:30:00,4334.68,4337.47,4328.23,4329.31,2375.5395,4329.31,4317.147,4347.5406,4321.950320884465,4330.324364280387,-8.374043395921944,-13.002515620364886,53.516517443655594,0.0038958294881083415,4317.147,4351.503348130297,4282.790651869703
2025-10-09 19:45:00,4329.32,4344.33,4323.7,4338.0,2854.315,4338.0,4316.803,4345.8126,4324.419502286855,4330.89293016321,-6.473427876354435,-11.696698071562796,59.28136267561857,0.0036656437991133026,4316.803,4350.111968983517,4283.494031016483
2025-10-09 20:00:00,4338.03,4347.48,4331.3,4331.45,1901.5895,4331.45,4315.956,4344.1012,4325.501117319647,4330.934194613975,-5.4330772943276315,-10.443973916115764,58.54616895874281,0.0036729658196433135,4315.956,4346.641203291827,4285.270796708173
2025-10-09 20:15:00,4331.45,4333.4,4327.89,4329.14,1010.3753,4329.14,4316.614,4342.152,4326.060945424317,4330.801291254333,-4.74034583001594,-9.3032482988958,68.64382378347293,0.0032547364720246458,4316.614,4347.860628719332,4285.367371280667
2025-10-09 20:30:00,4329.14,4341.99,4329.13,4341.44,2317.9769,4341.44,4318.9525,4340.9038,4328.426953820575,4331.589344055447,-3.162390234871964,-8.075076686091034,64.78577202910299,0.003073612293386946,4318.9525,4350.284644499785,4287.620355500216
2025-10-09 20:45:00,4341.44,4345.33,4333.55,4337.46,2963.9145,4337.46,4320.086,4340.8444,4329.816653232794,4332.024207612764,-2.2075543799701336,-6.901572224866854,64.3694779116468,0.002928421705376926,4320.086,4352.408699470506,4287.763300529495
2025-10-09 21:00:00,4337.45,4357.6,4335.91,4355.52,3700.3141,4355.52,4321.965999999999,4341.1676,4333.771014273903,4333.764637249238,0.006377024665198405,-5.519982374960443,65.22693423218665,0.0030549934718218986,4321.965999999999,4357.927336196817,4286.004663803182
2025-10-09 21:15:00,4355.52,4358.81,4345.62,4345.96,2194.1584,4345.96,4323.857,4341.526800000001,4335.646242847149,4334.6679977273,0.978245119848907,-4.220336875998573,54.84087102177576,0.00305176924513535,4323.857,4360.723245351591,4286.990754648409
2025-10-09 21:30:00,4345.96,4356.1,4340.75,4351.73,2820.9141,4351.73,4326.263,4341.6294,4338.12066702451,4335.9318501028365,2.188816921673606,-2.938506116464137,59.138446215139346,0.003036841032840496,4326.263,4363.839607000792,4288.686392999208
2025-10-09 21:45:00,4351.74,4359.54,4349.17,4357.85,2833.1256,4357.85,4330.288500000001,4341.7660000000005,4341.155949020739,4337.555417184544,3.600531836194932,-1.630698525932323,63.169497060744746,0.0026026589437743034,4330.288500000001,4362.691203769696,4297.8857962303055
2025-10-09 22:00:00,4357.85,4365.49,4352.82,4363.18,2074.9682,4363.18,4333.2045,4342.2696,4344.54426455601,4339.453534887663,5.090729668346285,-0.28641288707660123,72.8762777581954,0.0022618214512848123,4333.2045,4366.4575118779485,4299.951488122051
2025-10-09 22:15:00,4363.17,4373.75,4361.29,4373.74,2095.2372,4373.74,4336.8075,4343.048000000001,4349.0359161627775,4341.993273610974,7.04264255180351,1.1793982006994215,77.06164270368565,0.002268157860693668,4336.8075,4371.272047077695,4302.342952922305
2025-10-09 22:30:00,4373.74,4380.86,4367.81,4379.22,2706.0536,4379.22,4339.9349999999995,4343.7472,4353.679621368504,4344.750809468913,8.928811899590983,2.7292809404777345,75.62988324115568,0.0021842022341261175,4339.9349999999995,4377.88163815644,4301.988361843559
2025-10-09 22:45:00,4379.23,4383.0,4374.33,4377.83,1506.6715,4377.83,4342.1065,4344.7108,4357.395064234887,4347.201120347487,10.193943887400565,4.222213529862302,71.2694657993299,0.002042748627547477,4342.1065,4383.530714772051,4300.682285227948
2025-10-09 23:00:00,4377.83,4379.24,4363.98,4367.65,2809.0312,4367.65,4344.0035,4345.0624,4358.972746660289,4348.715852441971,10.256894218317939,5.429149667553429,68.03726006774525,0.0021112180641329804,4344.0035,4386.498481635693,4301.508518364307
2025-10-09 23:15:00,4367.65,4369.69,4357.69,4366.32,1829.665,4366.32,4346.04,4345.294800000001,4360.103093327937,4350.019863586119,10.083229741818286,6.3599656824064015,64.31459765467028,0.002093681272447049,4346.04,4388.722879595144,4303.357120404856
2025-10-09 23:30:00,4366.31,4368.33,4361.33,4367.4,921.071,4367.4,4348.847,4345.452200000001,4361.225694354408,4351.307281293815,9.918413060592684,7.07165515804366,69.234884965222,0.0018971837428345747,4348.847,4389.220780496581,4308.4732195034185
2025-10-09 23:45:00,4367.41,4369.12,4364.47,4368.09,1174.5423,4368.09,4351.8395,4345.3214,4362.281741376806,4352.550445817268,9.731295559538012,7.603583238342531,71.20766633997576,0.0018746266318097936,4351.8395,4388.214632323967,4315.464367676033
2025-10-10 00:00:00,4368.09,4371.96,4362.99,4366.65,1745.0439,4366.65,4354.1305,4344.966399999999,4362.95378116499,4353.5948573742235,9.358923790766312,7.954651348827288,65.56749413362937,0.0018109207559773492,4354.1305,4387.965243572822,4320.295756427178
2025-10-10 00:15:00,4366.66,4384.71,4366.65,4383.29,4445.9638,4383.29,4356.5615,4345.1712,4366.08243021653,4355.794497833963,10.287932382567305,8.421307555575293,74.47399337818997,0.0018625032631525713,4356.5615,4391.478309569794,4321.644690430206
2025-10-10 00:30:00,4383.28,4384.2,4376.09,4377.68,1198.9051,4377.68,4358.9800000000005,4345.0779999999995,4367.866671721679,4357.4156463235595,10.451025398119782,8.82725112408419,63.64868194136442,0.0018647257188343636,4358.9800000000005,4392.6267281588625,4325.333271841138
2025-10-10 00:45:00,4377.68,4381.49,4372.83,4380.7,1574.0767,4380.7,4361.115,4345.0126,4369.841029918344,4359.14041344086,10.70061647748389,9.20192419476413,73.27170418006378,0.001833825359993192,4361.115,4394.574856544922,4327.655143455077
2025-10-10 01:00:00,4380.7,4389.44,4377.27,4387.05,2486.8184,4387.05,4363.895,4344.6532,4372.48856377706,4361.207790420912,11.28077335614853,9.617694027041011,73.47779845785672,0.001782514971939185,4363.895,4396.196094979099,4331.593905020902
2025-10-10 01:15:00,4387.05,4393.63,4384.68,4392.31,2489.7209,4392.31,4367.0535,4344.411999999999,4375.538015503666,4363.5116580013355,12.026357502330939,10.099426722098997,73.1710597095208,0.0017645265616329057,4367.0535,4397.336179624988,4336.770820375012
2025-10-10 01:30:00,4392.31,4392.74,4371.18,4373.7,2307.9479,4373.7,4368.6665,4344.096,4375.255243887718,4364.266350063171,10.988893824547631,10.277320142588724,56.00182565038754,0.0020106309569319553,4368.6665,4396.546062237108,4340.786937762892
2025-10-10 01:45:00,4373.69,4382.02,4371.01,4373.38,2112.2483,4373.38,4370.4625,4343.5882,4374.96674482807,4364.941435294974,10.025309533095424,10.226918020690064,49.76744186046533,0.0019909210792909576,4370.4625,4394.1974024591045,4346.727597540895
2025-10-10 02:00:00,4373.38,4374.25,4359.48,4366.36,2617.3951,4366.36,4371.004500000001,4343.5563999999995,4373.642630239136,4365.046514169407,8.59611606972976,9.900757630498005,41.8545730934886,0.0018305585029069161,4371.004500000001,4393.778300713841,4348.23069928616
2025-10-10 02:15:00,4366.36,4380.24,4366.14,4376.5,2006.7885,4376.5,4372.5315,4344.070199999999,4374.082225586962,4365.894920582499,8.18730500446236,9.558067105290876,49.241646710001206,0.0018076708570871197,4372.5315,4392.10542172216,4352.95757827784
2025-10-10 02:30:00,4376.5,4379.72,4364.0,4368.28,1815.3807,4368.28,4373.359,4344.0163999999995,4373.18957549666,4366.071593142601,7.117982354058768,9.070050155044454,50.36743263734987,0.0018580155093112405,4373.359,4390.475229171722,4356.2427708282785
2025-10-10 02:45:00,4368.28,4368.5,4351.0,4359.19,6737.8561,4359.19,4373.4259999999995,4344.37,4371.035794651019,4365.561845473938,5.473949177081522,8.350829959451868,46.186757942025935,0.001901133327265621,4373.4259999999995,4390.295323638079,4356.55667636192
2025-10-10 03:00:00,4359.18,4361.57,4347.31,4354.67,3002.5473,4354.67,4373.0005,4345.0936,4368.517980089325,4364.7550420637735,3.7629380255511933,7.433251572671733,43.43340555039756,0.0018928249043339068,4373.0005,4391.324558933428,4354.676441066572
2025-10-10 03:15:00,4354.68,4377.68,4350.43,4376.96,2651.9897,4376.96,4373.1615,4345.7352,4369.816752383274,4365.659113065303,4.157639317971189,6.778129121731625,53.74166877583725,0.0021590610678505233,4373.1615,4391.569308726504,4354.753691273497
2025-10-10 03:30:00,4376.97,4392.63,4376.97,4385.93,4446.985,4385.93,4373.497,4346.486,4372.295713555079,4367.160660312226,5.1350532428523366,6.4495139459557675,57.64715214977013,0.0021897556149597028,4373.497,4392.6011644400805,4354.39283555992
2025-10-10 03:45:00,4385.94,4389.94,4342.98,4347.13,8615.8448,4347.13,4371.9619999999995,4347.1089999999995,4368.424065315836,4365.676907635593,2.747157680242708,5.709042692813156,37.80191607070586,0.0029644591135233236,4371.9619999999995,4394.265752434016,4349.658247565983
2025-10-10 04:00:00,4347.12,4361.93,4344.81,4357.03,6921.9252,4357.03,4371.431,4348.3562,4366.671132190323,4365.036395934535,1.6347362557880842,4.894181405408142,43.22995213428615,0.0029814533121692243,4371.431,4394.653741032423,4348.2082589675765
2025-10-10 04:15:00,4357.04,4357.85,4346.15,4348.46,4105.4653,4348.46,4370.538,4349.0296,4363.869419545658,4363.808514710981,0.06090483467687591,3.927526091261889,39.801341262811746,0.003009979201864395,4370.538,4395.86637028036,4345.209629719639
2025-10-10 04:30:00,4348.46,4355.08,4333.0,4342.13,3625.2423,4342.13,4369.2745,4349.5138,4360.524893461711,4362.202698754131,-1.6778052924200892,2.806459814525493,35.788407997975256,0.003020709844082272,4369.2745,4397.605211975859,4340.943788024142
2025-10-10 04:45:00,4342.13,4346.15,4338.85,4344.49,1396.3245,4344.49,4368.0945,4350.2408000000005,4358.057986775294,4360.890646954974,-2.832660179679806,1.6786358156844332,34.58811396158292,0.003024917724468811,4368.0945,4398.52132090743,4337.66767909257
2025-10-10 05:00:00,4344.49,4344.92,4327.37,4334.38,2728.0187,4334.38,4366.481,4350.8562,4354.415219579096,4358.926895273811,-4.51167569471545,0.4405735136044562,36.593016912165886,0.0030598850039899334,4366.481,4400.446997176839,4332.51500282316
2025-10-10 05:15:00,4334.39,4363.68,4333.89,4355.2,3305.9676,4355.2,4365.0765,4352.4133999999995,4354.535955028466,4358.65082895009,-4.1148739216241665,-0.4705159734412687,44.561445494794675,0.00313826034678782,4365.0765,4398.43354346053,4331.71945653947
2025-10-10 05:30:00,4355.2,4358.51,4345.0,4358.07,2031.7838,4358.07,4364.096,4353.4776,4355.079654254856,4358.607804582386,-3.5281503275300565,-1.0820428442590264,47.4568991962697,0.0031368880287482095,4364.096,4397.043498523469,4331.14850147653
2025-10-10 05:45:00,4358.08,4370.08,4357.64,4368.34,2024.5661,4368.34,4363.478,4354.8108,4357.119707446417,4359.328707962643,-2.209000516226297,-1.3074343786524807,47.498773908778844,0.0031841082603869513,4363.478,4395.566640784164,4331.3893592158365
2025-10-10 06:00:00,4368.35,4377.14,4364.16,4367.8,2491.1057,4367.8,4362.5154999999995,4355.8333999999995,4358.762829377738,4359.956211089409,-1.1933817116714636,-1.2846238452562773,49.845599588265706,0.0031622232098828438,4362.5154999999995,4392.727022706034,4332.303977293965
2025-10-10 06:15:00,4367.8,4372.2,4350.92,4351.61,2233.4643,4351.61,4360.4805,4356.1776,4357.662394088856,4359.337973219178,-1.6755791303221486,-1.3628149022694516,47.66826627291744,0.0032361580243219223,4360.4805,4387.562790562507,4333.398209437492
2025-10-10 06:30:00,4351.62,4357.3,4337.86,4348.67,3804.791,4348.67,4359.229,4356.5568,4356.278948844417,4358.547752966806,-2.268804122389156,-1.5440127462933926,48.13618290258448,0.0031130568529492055,4359.229,4386.05121145572,4332.406788544281
2025-10-10 06:45:00,4348.67,4354.45,4320.8,4328.0,5468.9967,4328.0,4356.96,4356.605,4351.928341329891,4356.284956413856,-4.356615083965153,-2.1065332138277446,34.63662608259061,0.0032685188976508805,4356.96,4386.301294055463,4327.618705944537
2025-10-10 07:00:00,4328.01,4330.13,4315.23,4327.14,2937.8855,4327.14,4354.999,4356.9226,4348.114750356061,4354.126070720981,-6.011320364919811,-2.8874906440461583,30.562719037227907,0.003258975200502594,4354.999,4386.831759623857,4323.166240376143
2025-10-10 07:15:00,4327.15,4332.87,4318.37,4328.0,2943.8718,4328.0,4352.574,4357.317800000001,4345.020173378206,4352.190806196081,-7.17063281787523,-3.7441190788119734,41.55706593697572,0.0031980606314205204,4352.574,4384.895842964762,4320.252157035237
2025-10-10 07:30:00,4328.0,4334.67,4321.88,4332.83,3878.0213,4332.83,4350.8015,4357.5578,4343.144762089251,4350.756672385219,-7.611910295967391,-4.517677322243057,38.819072260210596,0.003202797571849875,4350.8015,4383.383846705683,4318.219153294316
2025-10-10 07:45:00,4332.83,4332.84,4318.76,4323.39,4680.2587,4323.39,4349.0115,4357.332200000001,4340.105567921674,4348.729511443503,-8.62394352182855,-5.338930562160156,38.509487579063105,0.0032055686719130137,4349.0115,4383.529491205303,4314.493508794696
2025-10-10 08:00:00,4323.4,4332.88,4313.39,4324.89,4034.0062,4324.89,4347.5225,4357.243799999999,4337.764711318339,4346.963621687354,-9.198910369014811,-6.110926523531088,41.73220794168423,0.003206199846866867,4347.5225,4383.5490147240935,4311.495985275907
2025-10-10 08:15:00,4324.89,4336.48,4324.16,4335.01,1757.7786,4335.01,4345.425,4357.183999999999,4337.340909577056,4346.078168219935,-8.73725864287917,-6.636192947400705,45.768612747723765,0.003011592859319003,4345.425,4379.039149589706,4311.810850410295
2025-10-10 08:30:00,4335.0,4338.85,4326.16,4331.62,1752.6837,4331.62,4342.7095,4357.1874,4336.4607696421235,4345.007192786049,-8.546423143925495,-7.018238986705664,48.689458689458576,0.0029525482777972185,4342.7095,4370.880114383511,4314.538885616489
2025-10-10 08:45:00,4331.62,4349.7,4331.62,4346.12,2680.9387,4346.12,4342.659000000001,4357.526999999999,4337.946805081797,4345.089622950772,-7.1428178689748165,-7.043154763159495,45.41321479086686,0.0023645633887070952,4342.659000000001,4370.799853913039,4314.518146086962
2025-10-10 09:00:00,4346.12,4346.12,4334.7,4339.39,2113.4983,4339.39,4341.777,4357.486,4338.168835069212,4344.667428654679,-6.498593585466551,-6.934242527620906,40.91793076623905,0.0023242778708287538,4341.777,4369.11566981724,4314.43833018276
2025-10-10 09:15:00,4339.38,4350.57,4331.85,4348.62,1862.4268,4348.62,4341.785,4357.7092,4339.776706597025,4344.960211719506,-5.18350512248162,-6.584095046593048,40.31434184675806,0.002340716766636004,4341.785,4369.131996371338,4314.438003628662
2025-10-10 09:30:00,4348.62,4351.27,4340.9,4342.22,2479.9889,4342.22,4341.7895,4357.4432,4340.15259788979,4344.757233072198,-4.604635182407947,-6.1882030737560285,38.120007430800484,0.0023412461860577304,4341.7895,4369.136765022634,4314.442234977366
2025-10-10 09:45:00,4342.22,4345.07,4318.89,4322.12,5493.3778,4322.12,4340.671,4356.9664,4337.378352060591,4343.080400981919,-5.702048921328242,-6.090972243270472,36.78408174240372,0.002554450339532752,4340.671,4369.350616748657,4311.991383251344
2025-10-10 10:00:00,4322.12,4330.25,4320.96,4325.0,1462.4646,4325.0,4340.202,4356.4318,4335.473990205116,4341.741112012267,-6.267121807150943,-6.126202156046567,39.38660209846631,0.002514027136282932,4340.202,4369.61226072304,4310.7917392769605
2025-10-10 10:15:00,4325.0,4334.71,4323.94,4325.21,4146.6849,4325.21,4338.7025,4355.779,4333.894914788944,4340.516585189746,-6.6216704008020315,-6.2252958049976606,48.46787479406918,0.0022346969205701115,4338.7025,4367.950716769888,4309.454283230113
2025-10-10 10:30:00,4325.2,4332.47,4322.78,4332.46,1281.3955,4332.46,4337.4220000000005,4355.1646,4333.674158667568,4339.919801098549,-6.245642430981206,-6.22936513019437,52.72988505747116,0.0022700010721680495,4337.4220000000005,4365.310882976772,4309.533117023229
2025-10-10 10:45:00,4332.47,4345.66,4329.97,4342.89,2168.2708,4342.89,4336.1495,4354.5476,4335.091980411019,4340.139815833037,-5.04783542201767,-5.993059188559031,56.95729371086834,0.0022731508727198923,4336.1495,4360.149906553738,4312.149093446263
2025-10-10 11:00:00,4342.89,4347.74,4336.1,4336.11,1847.1672,4336.11,4334.5650000000005,4353.6854,4335.248598809324,4339.8413109552,-4.5927121458762485,-5.712989780022475,51.5051395007341,0.002290287831795217,4334.5650000000005,4353.394580871528,4315.735419128473
2025-10-10 11:15:00,4336.1,4339.08,4328.8,4334.99,1210.2477,4334.99,4333.7339999999995,4352.8286,4335.208814377121,4339.481954586682,-4.273140209561461,-5.425019865930273,55.76311605723342,0.0021507535196596725,4333.7339999999995,4350.7786143989215,4316.689385601077
2025-10-10 11:30:00,4334.99,4340.44,4334.71,4338.32,1223.1134,4338.32,4333.2165,4352.242,4335.687458319102,4339.395883876232,-3.7084255571298854,-5.0817010041701955,56.55313750365929,0.0021577833443678397,4333.2165,4348.928083759077,4317.504916240924
2025-10-10 11:45:00,4338.32,4347.12,4337.74,4343.02,1606.2885,4343.02,4333.967500000001,4351.776,4336.815541654625,4339.664336923376,-2.8487952687510187,-4.6351198570863605,54.12673879443592,0.0018737399954288322,4333.967500000001,4350.060470515351,4317.87452948465
2025-10-10 12:00:00,4343.02,4352.68,4336.21,4338.03,6347.5118,4338.03,4334.512000000001,4351.1885999999995,4337.002381400067,4339.54327492866,-2.5408935285931875,-4.216274591387726,53.24885960466283,0.0018956326360550309,4334.512000000001,4350.367479677304,4318.656520322697
2025-10-10 12:15:00,4338.03,4347.4,4334.53,4344.43,1310.4637,4344.43,4335.3335,4350.7154,4338.145091953903,4339.90525456466,-1.7601626107571064,-3.725052195261602,49.06681391496435,0.0019195036009716593,4335.3335,4351.468427495066,4319.1985725049335
2025-10-10 12:30:00,4344.43,4348.78,4339.02,4339.03,3639.3831,4339.03,4335.6435,4350.1630000000005,4338.281231653303,4339.840420893023,-1.559189239720581,-3.2918796041533978,49.79825151311333,0.0019321226366708192,4335.6435,4351.814103966441,4319.47289603356
2025-10-10 12:45:00,4339.03,4348.54,4338.2,4348.54,1121.2923,4348.54,4336.901,4349.468,4339.859503706641,4340.484834161864,-0.6253304552228656,-2.7585697743672917,49.955307262569875,0.0019110517188980017,4336.901,4352.970686271048,4320.8313137289515
2025-10-10 13:00:00,4348.54,4361.5,4348.54,4354.49,6256.4697,4354.49,4338.380999999999,4349.0042,4342.110349290235,4341.5222538560465,0.5880954341882898,-2.0892367326561754,56.88938798427793,0.00192618887466593,4338.380999999999,4355.226528408933,4321.535471591066
2025-10-10 13:15:00,4354.5,4368.46,4349.18,4365.24,4701.3266,4365.24,4339.8925,4348.695,4345.6687570917375,4343.279123944656,2.3896331470814403,-1.193462756708652,77.05144291091469,0.0019334174697446008,4339.8925,4360.474892961162,4319.3101070388375
2025-10-10 13:30:00,4365.24,4390.46,4359.57,4376.24,8323.9597,4376.24,4342.1235,4348.4788,4350.37202523147,4345.720670324109,4.6513549073606555,-0.024499223894790142,79.17330904121944,0.001972315171416882,4342.1235,4367.93832664564,4316.30867335436
2025-10-10 13:45:00,4376.25,4378.37,4344.85,4356.1,7900.988,4356.1,4342.6224999999995,4347.7546,4351.253252118936,4346.489509560813,4.76374255812334,0.9331491325088362,64.33410672853807,0.002163125451493382,4342.6224999999995,4369.138892447477,4316.106107552522
2025-10-10 14:00:00,4356.11,4375.7,4345.62,4351.24,7078.6833,4351.24,4343.215,4347.3054,4351.251213331408,4346.841397742109,4.409815589298887,1.628482423866847,58.9123006833709,0.002147696509348459,4343.215,4369.955888069479,4316.474111930521
2025-10-10 14:15:00,4351.23,4355.4,4320.99,4326.52,14195.5323,4326.52,4342.11,4346.3682,4347.446411280422,4345.336109018032,2.1103022623892684,1.7248463915713315,43.159214375261364,0.002454918552461117,4342.11,4369.722717131352,4314.497282868648
2025-10-10 14:30:00,4326.53,4341.0,4324.11,4330.5,3969.9625,4330.5,4341.523999999999,4345.651000000001,4344.839271083434,4344.237137978011,0.6021331054234906,1.5003037343417633,47.59948652118117,0.002450615330150349,4341.523999999999,4369.620103045145,4313.427896954854
2025-10-10 14:45:00,4330.5,4332.42,4279.12,4280.35,15971.0738,4280.35,4339.4355,4343.728,4334.917844762906,4339.504757380473,-4.586912617567577,0.28286046395989495,33.530262840607946,0.0034223228953438422,4339.4355,4377.901106496786,4300.969893503213
2025-10-10 15:00:00,4280.35,4284.28,4245.03,4258.47,30342.3129,4258.47,4336.1089999999995,4341.531800000001,4323.156637876305,4333.502182751978,-10.345544875673113,-1.8428206039667074,28.352220354606374,0.003561525493160104,4336.1089999999995,4388.732449205878,4283.485550794121
2025-10-10 15:15:00,4258.46,4268.21,4161.24,4162.01,56654.3977,4162.01,4327.949,4337.5882,4298.364847433796,4320.799058088555,-22.434210654759227,-5.961098614125213,17.230891777399634,0.006041172211232989,4327.949,4421.996906918749,4233.90109308125
2025-10-10 15:30:00,4162.0,4162.0,4073.55,4139.19,91462.9892,4139.19,4318.2855,4333.2786,4273.876409367058,4307.346535252348,-33.470125885290145,-11.4629040683582,16.1859737432828,0.006029973884046714,4318.2855,4444.573173353583,4191.997826646417
2025-10-10 15:45:00,4139.2,4142.48,4093.11,4103.11,27548.265,4103.11,4306.2964999999995,4327.801600000001,4247.604654079818,4292.217902995987,-44.61324891616914,-18.092973037920395,12.724745134383582,0.006089377563539926,4306.2964999999995,4464.294587966474,4148.298412033525
2025-10-10 16:00:00,4103.1,4130.08,4086.4,4112.49,27876.5859,4112.49,4295.1155,4322.3328,4226.8177842213845,4278.9047249836985,-52.08694076231404,-24.89176658279913,15.432739257812443,0.006191084655365518,4295.1155,4474.440520707063,4115.790479292937
2025-10-10 16:15:00,4112.49,4129.7,4097.79,4117.3,19866.7057,4117.3,4284.231000000001,4317.7362,4209.968894341171,4266.934004604058,-56.96511026288681,-31.30643531881667,14.202117778190583,0.006227944002112751,4284.231000000001,4479.116596119229,4089.345403880772
2025-10-10 16:30:00,4117.3,4138.52,4110.82,4113.12,15197.7007,4113.12,4272.971,4312.858,4195.069064442529,4255.540374624153,-60.47131018162327,-37.13941029137799,12.428006600043616,0.006190527061820275,4272.971,4480.322459264115,4065.619540735884
2025-10-10 16:45:00,4113.11,4119.03,4100.21,4108.99,13445.0732,4108.99,4261.269499999999,4308.0686000000005,4181.826131451371,4244.684791310514,-62.85865985914279,-42.283260204930954,9.272386280555665,0.006141792985649014,4261.269499999999,4478.170586015603,4044.3684139843963
2025-10-10 17:00:00,4108.99,4112.64,4090.0,4093.02,10327.9464,4093.02,4249.018999999999,4303.0864,4168.163649689622,4233.450362316743,-65.28671262712123,-46.883950689369016,5.685943171861339,0.0061347896143044995,4249.018999999999,4475.145704202966,4022.8922957970326
2025-10-10 17:15:00,4093.03,4110.66,4088.38,4105.33,8071.9722,4105.33,4237.064,4298.3032,4158.496934352756,4223.959965101989,-65.46303074923253,-50.59976670134173,9.777692233663743,0.006201308797172752,4237.064,4467.198029360036,4006.9299706399643
2025-10-10 17:30:00,4105.32,4107.62,4091.31,4095.9,4708.9904,4095.9,4224.9075,4293.533600000001,4148.866636760024,4214.47404175545,-65.6074049954259,-53.60129436015856,9.636421119190643,0.006191780165089911,4224.9075,4458.0293517496175,3991.785648250383
2025-10-10 17:45:00,4095.87,4104.63,4077.57,4093.97,7199.525,4093.97,4212.178999999999,4288.309,4140.421000335406,4205.547816435308,-65.1268160999025,-55.906398708107346,10.384654696603164,0.006105445749101634,4212.178999999999,4444.6765965829645,3979.6814034170343
2025-10-10 18:00:00,4093.97,4100.26,4075.0,4084.71,8940.5741,4084.71,4198.6900000000005,4282.8418,4131.850077206881,4196.596867065158,-64.74678985827722,-57.67447693814133,8.869105391746828,0.006022335146553849,4198.6900000000005,4427.701027911926,3969.678972088075
2025-10-10 18:15:00,4084.71,4100.0,4078.28,4088.19,4881.6827,4088.19,4184.8375,4277.2388,4125.133142251976,4188.566728760238,-63.433586508262124,-58.82629885216549,11.8911629382835,0.005953039917183248,4184.8375,4404.76679685652,3964.908203143479
2025-10-10 18:30:00,4088.19,4094.0,4061.22,4074.34,7170.1792,4074.34,4169.7425,4271.3696,4117.318812674749,4180.105489589108,-62.786676914359305,-59.618374464604265,12.282354869105802,0.005795843743588301,4169.7425,4375.332717960552,3964.1522820394484
2025-10-10 18:45:00,4074.33,4084.23,4053.1,4053.84,9235.6578,4053.84,4154.6295,4265.4142,4107.552841494018,4170.752490356494,-63.19964886247544,-60.3346293441785,17.831439957176173,0.005800733112689544,4154.6295,4346.520955334888,3962.7380446651123
2025-10-10 19:00:00,4053.83,4064.24,4023.23,4031.17,17049.0252,4031.17,4138.625999999999,4259.064200000001,4095.8016351103224,4160.4130466225015,-64.61141151217907,-61.189985777778624,17.847362781283707,0.005787274186941489,4138.625999999999,4314.167501873532,3963.0844981264668
2025-10-10 19:15:00,4031.16,4032.42,3951.65,3951.65,30368.447,3951.65,4119.882500000001,4251.537200000001,4073.624460477965,4144.949117237682,-71.32465675971707,-63.216919974166316,14.180304606943722,0.006792764904252882,4119.882500000001,4290.947205009585,3948.8177949904166
2025-10-10 19:30:00,3951.86,4028.55,3950.69,4026.51,27389.5997,4026.51,4104.683,4245.524600000001,4066.3760819428935,4136.175849291327,-69.7997673484333,-64.53348944901973,34.4745395449622,0.008524456294961402,4104.683,4248.859850189421,3960.506149810579
2025-10-10 19:45:00,4026.51,4039.85,3992.49,3997.56,15028.0913,3997.56,4090.5434999999998,4238.9158,4055.788992413218,4125.90800860002,-70.11901618680258,-65.6505947965763,30.11227743821418,0.008363059728251397,4090.5434999999998,4216.497553991362,3964.589446008638
2025-10-10 20:00:00,3997.56,4020.39,3995.9,4003.63,8354.0133,4003.63,4077.8015,4232.331800000001,4047.7645320419538,4116.850378330853,-69.08584628889957,-66.33764509504095,31.928168223682093,0.008421934248787148,4077.8015,4181.890013401443,3973.7129865985567
2025-10-10 20:15:00,4003.62,4024.82,3997.19,4024.4,5489.2051,4024.4,4070.9210000000007,4226.352,4044.169988650884,4110.002202156448,-65.83221350556414,-66.23655877714559,36.76502800638363,0.0072270453398230305,4070.9210000000007,4169.625568848643,3972.216431151359
2025-10-10 20:30:00,4024.4,4024.99,4008.0,4017.18,3745.7202,4017.18,4064.8205000000003,4220.1978,4040.0176827045943,4103.126483476566,-63.1088007719718,-65.61100717611083,37.80001286918474,0.007171062601514159,4064.8205000000003,4160.8034242435,3968.837575756501
2025-10-10 20:45:00,4017.17,4020.14,3850.0,3871.3,56315.0656,3871.3,4053.2300000000005,4210.9236,4014.0611161346565,4085.9541513634294,-71.89303522877299,-66.86741278664326,23.668399378923965,0.010514514313400506,4053.2300000000005,4180.598287055242,3925.8617129447593
2025-10-10 21:00:00,3871.31,3914.9,3640.0,3731.82,86236.2069,3731.82,4034.1964999999996,4198.9276,3970.639405960094,4059.721991997855,-89.0825860377613,-71.31044743686687,18.31000626697309,0.012776624408050625,4034.1964999999996,4223.157587977107,3845.235412022892
2025-10-10 21:15:00,3731.16,3789.49,3435.0,3590.0,140999.3834,3590.0,4007.8314999999993,4183.8052,3912.0794973508487,4024.92777036185,-112.84827301100131,-79.61801255169377,14.724287094200193,0.014679613618292101,4007.8314999999993,4277.765981350798,3737.897018649201
2025-10-10 21:30:00,3603.17,3875.51,3562.44,3813.49,59592.5091,3813.49,3992.85,4173.2872,3896.911882373795,4009.265713295286,-112.35383092149095,-86.16517622565321,35.39566640820193,0.021299340544694817,3992.85,4271.304761931135,3714.395238068865
2025-10-10 21:45:00,3813.48,4380.0,3789.7,3949.99,114477.8824,3949.99,3984.9000000000005,4165.314600000001,3905.0777466239797,4004.87491971715,-99.79717309317039,-88.89157559915665,43.49083441662427,0.02304933891666741,3984.9000000000005,4258.428768274389,3711.3712317256122
2025-10-10 22:00:00,3950.0,4200.0,3835.54,3895.51,85795.1026,3895.51,3975.0245000000004,4156.3804,3903.605785604906,3996.773814551709,-93.16802894680313,-89.74686626868596,41.887662060768825,0.02320422455597709,3975.0245000000004,4246.370294647074,3703.678705352927
2025-10-10 22:15:00,3895.73,3913.63,3833.54,3867.31,64953.8785,3867.31,3963.1235,4147.2842,3898.021818588767,3987.1839023613697,-89.16208377260273,-89.62990976946932,41.59706642880954,0.023195924607983417,3963.1235,4231.265559935282,3694.981440064718
2025-10-10 22:30:00,3867.31,3887.52,3850.0,3867.75,37658.1652,3867.75,3951.7159999999994,4138.1392000000005,3893.364615728957,3978.336946629767,-84.97233090081045,-88.69839399573756,42.48768020005884,0.02320454989503645,3951.7159999999994,4215.450182316449,3687.9818176835497
2025-10-10 22:45:00,3867.74,3898.57,3836.0,3855.09,48175.2836,3855.09,3939.772,4128.7368,3887.476213309117,3969.2075431746302,-81.73132986551309,-87.30498116969268,45.27046883877667,0.023199424996264744,3939.772,4197.958740056638,3681.5852599433615
2025-10-10 23:00:00,3855.08,3875.0,3791.81,3825.52,34844.1547,3825.52,3926.8125,4118.598,3877.944488184638,3958.5640214568243,-80.61953327218635,-85.96789159019143,39.69842034586327,0.023224961561187543,3926.8125,4180.345177588679,3673.2798224113208
2025-10-10 23:15:00,3825.52,3882.91,3817.0,3865.51,32943.4459,3865.51,3915.6784999999995,4109.0504,3876.0314900023864,3951.671130977842,-75.63964097545568,-83.90224146724428,43.30762135479491,0.023407704042377353,3915.6784999999995,4158.712120483433,3672.644879516566
2025-10-10 23:30:00,3865.51,3917.91,3861.12,3901.14,26774.0161,3901.14,3907.0184999999997,4100.351,3879.8943376943266,3947.928084238391,-68.03374654406434,-80.7285424826083,44.956846072844996,0.02355289384440239,3907.0184999999997,4138.307042804554,3675.729957195445
2025-10-10 23:45:00,3901.14,3901.14,3806.26,3829.72,32081.0914,3829.72,3895.8125,4090.2456,3872.1752088182766,3939.1719298496005,-66.99672103132389,-77.98217819235143,40.87534449464743,0.023830977259166105,3895.8125,4118.714588099171,3672.9104119008293
2025-10-11 00:00:00,3829.72,3878.3,3822.5,3871.39,20365.3232,3871.39,3887.8235,4080.907,3872.0544074616187,3934.151046156633,-62.09663869501446,-74.80507029288404,43.3805835293263,0.024005146307622773,3887.8235,4101.563968525,3674.083031475
2025-10-11 00:15:00,3871.38,3874.31,3806.35,3847.31,23949.7007,3847.31,3882.6065000000003,4070.9928000000004,3868.2475755444466,3927.718376070477,-59.470800526030416,-71.73821633951331,48.77530808735692,0.023660287067341006,3882.6065000000003,4094.875878139696,3670.3371218603047
2025-10-11 00:30:00,3847.3,3848.68,3821.15,3842.4,12677.1445,3842.4,3873.4010000000003,4061.0802000000003,3864.271025460686,3921.398496361117,-57.127470900431035,-68.81606725169686,56.544279525601866,0.023187194446767898,3873.4010000000003,4075.0992597738846,3671.702740226116
2025-10-11 00:45:00,3842.39,3870.41,3835.8,3838.48,11760.8385,3838.48,3865.447,4050.9611999999997,3860.303175389811,3915.25638551916,-54.95321012934937,-66.04349582722736,67.57383727509338,0.023156718443560063,3865.447,4058.9080471441976,3671.9859528558027
2025-10-11 01:00:00,3838.47,3840.23,3801.5,3808.47,12024.4219,3808.47,3855.689,4040.35,3852.3288407144555,3907.346282887643,-55.017442173187646,-63.83828509641942,49.51117862428917,0.0231809071591121,3855.689,4039.2368170195878,3672.141182980412
2025-10-11 01:15:00,3808.47,3810.39,3756.7,3764.99,21754.6652,3764.99,3842.7185000000004,4028.679,3838.8920959891543,3896.801373043536,-57.90927705438162,-62.65248348801187,28.000285401702897,0.02319811005140752,3842.7185000000004,4012.1912334411795,3673.2457665588213
2025-10-11 01:30:00,3765.0,3794.67,3745.93,3749.5,16873.9963,3749.5,3829.3345,4016.5791999999997,3825.139465836977,3885.8901602249425,-60.75069438796572,-62.27212566800265,30.86219099798147,0.023197178682876497,3829.3345,3982.2672541903166,3676.4017458096832
2025-10-11 01:45:00,3749.49,3774.05,3726.16,3733.35,21177.0028,3733.35,3822.4369999999994,4003.9414,3811.0180095543647,3874.590889096638,-63.57287954227331,-62.53227644285679,31.868875534621836,0.021856997593733867,3822.4369999999994,3979.7803661372277,3665.093633862771
2025-10-11 02:00:00,3733.34,3779.33,3730.1,3775.33,15330.7122,3775.33,3824.6125,3991.9232,3805.5275465460004,3867.2382306447153,-61.710684098714864,-62.367957974028414,38.75559665174225,0.020447163485605966,3824.6125,3977.8295207496344,3671.395479250366
2025-10-11 02:15:00,3775.33,3816.48,3774.02,3806.93,15859.1507,3806.93,3835.4590000000003,3980.9397999999997,3805.7433086158467,3862.770954300482,-57.027645684635445,-61.29989551614983,44.3986973714817,0.018339035691472067,3835.4590000000003,3942.500681778268,3728.417318221733
2025-10-11 02:30:00,3806.98,3862.07,3804.69,3857.73,19375.5595,3857.73,3837.671,3971.0696000000003,3813.7412611364857,3862.397550278211,-48.65628914172521,-58.77117424126491,53.56992441203201,0.012302459751329039,3837.671,3944.6295550625928,3730.712444937407
2025-10-11 02:45:00,3857.73,3857.73,3832.29,3841.17,14103.5558,3841.17,3832.2299999999996,3961.3626,3817.961067115488,3860.8251391464373,-42.8640720309495,-55.58975379920183,47.15454758007948,0.009132055165179821,3832.2299999999996,3925.3006862100206,3739.1593137899786
2025-10-11 03:00:00,3841.16,3847.99,3778.46,3790.79,14732.9308,3790.79,3826.994,3950.5683999999997,3813.7809029438745,3855.63735106135,-41.85644811747534,-52.84309266285654,37.52966436885525,0.0090846872802122,3826.994,3916.8006065792965,3737.1873934207038
2025-10-11 03:15:00,3790.8,3791.01,3769.4,3778.34,10350.7253,3778.34,3822.5455,3940.5281999999993,3808.328456337125,3849.9116213529323,-41.58316501580748,-50.591107133446734,43.30082403254412,0.008991687810670113,3822.5455,3912.7568017719727,3732.3341982280276
2025-10-11 03:30:00,3778.34,3788.81,3756.61,3777.21,12814.0409,3777.21,3818.0184999999997,3930.9030000000002,3803.5410015160287,3844.526316067382,-40.98531455135344,-48.66994861702808,36.268735055694904,0.008989168717724962,3818.0184999999997,3907.7641772219454,3728.272822778054
2025-10-11 03:45:00,3777.21,3796.06,3771.12,3792.26,8097.4666,3792.26,3814.8770000000004,3923.508,3801.8054628212553,3840.65473709933,-38.84927427807452,-46.70581374923738,41.756760803809456,0.00904506175093474,3814.8770000000004,3903.551075034272,3726.202924965729
2025-10-11 04:00:00,3792.27,3810.52,3784.42,3798.65,13073.7129,3798.65,3813.5335,3916.6972000000005,3801.320007002601,3837.543275091899,-36.22326808929802,-44.609304617249514,43.477742329824984,0.008911013307838594,3813.5335,3902.342730500726,3724.724269499274
2025-10-11 04:15:00,3798.64,3819.29,3793.4,3810.67,9948.9235,3810.67,3810.7915000000003,3910.8484,3802.7584674637387,3835.552662122085,-32.79419465834644,-42.2462826254689,45.951847215348344,0.00859072726344445,3810.7915000000003,3896.163625433765,3725.4193745662355
2025-10-11 04:30:00,3810.67,3812.52,3781.0,3796.17,8210.8657,3796.17,3805.543,3904.522,3801.744857084702,3832.635427890761,-30.89057080605926,-39.97514026158697,48.124885663760026,0.008289383680709387,3805.543,3879.6977469043422,3731.388253095658
2025-10-11 04:45:00,3796.17,3820.54,3781.43,3820.54,7029.7798,3820.54,3805.0840000000003,3898.5868,3804.636417533209,3831.739470269207,-27.103052735997608,-37.4007227564691,58.99245637323149,0.007422668763198171,3805.0840000000003,3878.72047534394,3731.4475246560605
2025-10-11 05:00:00,3820.54,3831.98,3805.41,3812.24,6507.9031,3812.24,3802.1265,3892.5692000000004,3805.806199451177,3830.2950650640555,-24.488865612878726,-34.818351327751024,60.39843542826832,0.006966783318566421,3802.1265,3868.9898428877987,3735.263157112201
2025-10-11 05:15:00,3812.24,3812.87,3762.36,3769.99,11547.9501,3769.99,3798.2604999999994,3885.7891999999997,3800.2960149202268,3825.828023207387,-25.53200828716035,-32.96108271963289,55.58911465007015,0.00724707370130849,3798.2604999999994,3863.032396594489,3733.48860340551
2025-10-11 05:30:00,3769.99,3788.0,3768.71,3775.98,6564.5923,3775.98,3794.9394999999995,3879.4484,3796.555089547884,3822.135577043822,-25.580487495938087,-31.48496367489393,50.111381472977165,0.007269393515213363,3794.9394999999995,3856.9338761373388,3732.9451238626602
2025-10-11 05:45:00,3775.98,3802.89,3774.07,3789.47,5698.2807,3789.47,3792.489,3873.1312,3795.4650757712866,3819.7159046701727,-24.250828898886084,-30.038136719692364,46.81014323297282,0.007335852497900149,3792.489,3851.0142603674603,3733.9637396325397
2025-10-11 06:00:00,3789.47,3809.91,3780.98,3800.83,6999.0325,3800.83,3792.107,3867.2297999999996,3796.2904487295505,3818.3169487686605,-22.026500039110033,-28.4358093835759,37.85433743169399,0.007173908975776452,3792.107,3850.2918061558585,3733.9221938441415
2025-10-11 06:15:00,3800.82,3812.45,3792.26,3803.52,6465.3782,3803.52,3794.0335,3861.4207999999994,3797.4026873865428,3817.2208784894874,-19.81819110294464,-26.712285727449647,41.457548668149016,0.006658934323791556,3794.0335,3850.9761068490297,3737.0908931509703
2025-10-11 06:30:00,3803.51,3807.36,3782.0,3788.64,5627.7789,3788.64,3795.9905,3855.4994,3796.0545816347667,3815.103776379132,-19.049194744365195,-25.179667530832756,49.4185103045383,0.006651666255921733,3795.9905,3849.046473412643,3742.9345265873567
2025-10-11 06:45:00,3788.63,3794.58,3773.42,3781.78,7204.1044,3781.78,3798.4120000000003,3849.3712,3793.858492152495,3812.6353484991714,-18.776856346676595,-23.899105294001526,50.959393128067845,0.0065789337316283815,3798.4120000000003,3843.208100206496,3753.6158997935045
2025-10-11 07:00:00,3781.79,3784.45,3755.0,3772.52,13726.1516,3772.52,3798.2715000000003,3843.3347999999996,3790.575647205957,3809.6638412029083,-19.088193996951304,-22.936923034591484,48.748732725041336,0.006116251713843777,3798.2715000000003,3843.3888964700623,3753.1541035299383
2025-10-11 07:15:00,3772.52,3785.0,3751.08,3762.7,11227.2465,3762.7,3796.06,3837.512,3786.287086097348,3806.1850381508107,-19.89795205346263,-22.329128838365715,41.88714458228117,0.005808485164343257,3796.06,3843.65820828146,3748.46179171854
2025-10-11 07:30:00,3762.71,3771.47,3746.44,3757.43,13120.0252,3757.43,3791.0449999999996,3832.0371999999998,3781.8475343900636,3802.5735538433146,-20.726019453250956,-22.008506961342764,38.61703302772557,0.004797505304470988,3791.0449999999996,3831.949595804397,3750.140404195602
2025-10-11 07:45:00,3757.44,3765.0,3733.7,3758.81,11471.9646,3758.81,3786.9270000000006,3828.1803999999997,3778.303298330054,3799.331809114156,-21.028510784101854,-21.812507725894584,34.78464968900366,0.00475777915650369,3786.9270000000006,3822.865703430106,3750.9882965698953
2025-10-11 08:00:00,3758.82,3770.91,3749.13,3770.91,9777.5849,3770.91,3785.9329999999995,3823.0683999999997,3777.165867817738,3797.2264899205,-20.060622102761954,-21.46213060126806,42.4830377336031,0.003907638846770238,3785.9329999999995,3822.515754695063,3749.350245304936
2025-10-11 08:15:00,3770.91,3816.09,3770.52,3800.85,15904.488,3800.85,3787.0585,3819.1342,3780.809580461163,3797.494898074539,-16.6853176133759,-20.50676800368963,44.32859035658736,0.004241491824830216,3787.0585,3824.0405538415907,3750.0764461584095
2025-10-11 08:30:00,3800.85,3819.9,3786.95,3807.31,11156.9201,3807.31,3788.5635,3815.2077999999997,3784.886568082523,3798.2219426616143,-13.335374579091422,-19.07248931876999,48.56477438136832,0.004250032375414024,3788.5635,3826.3001867569865,3750.826813243014
2025-10-11 08:45:00,3807.3,3821.52,3806.27,3815.36,8794.5436,3815.36,3789.7185,3811.0269999999996,3789.5747883775193,3799.4914283903904,-9.916640012871085,-17.24131945759021,66.49218466012364,0.004187258213337703,3789.7185,3829.30047637449,3750.13652362551
2025-10-11 09:00:00,3815.34,3846.88,3813.15,3832.59,13844.7607,3832.59,3791.4155,3807.3352,3796.1925132425167,3801.9431744355593,-5.750661193042561,-14.943187804680678,69.02345587741111,0.004282871014265648,3791.4155,3835.2875116874084,3747.5434883125918
2025-10-11 09:15:00,3832.58,3838.38,3822.54,3827.7,6963.0598,3827.7,3792.267,3806.4632,3801.039818897514,3803.8510874403414,-2.8112685428272925,-12.516803952310001,63.635066695199285,0.004249917133033617,3792.267,3838.319388520547,3746.2146114794527
2025-10-11 09:30:00,3827.71,3842.18,3817.56,3834.78,9027.4541,3834.78,3794.1975000000007,3808.5224,3806.2306159902037,3806.142118000326,0.08849798987785107,-9.99574356387243,62.489883010815966,0.0041542547333336625,3794.1975000000007,3844.0213834614915,3744.37361653851
2025-10-11 09:45:00,3834.79,3835.98,3821.61,3829.37,5768.5889,3829.37,3794.639,3813.3098,3809.79052122248,3807.8627018521606,1.927819370319412,-7.611030977034062,59.323378778042134,0.003931426600671109,3794.639,3845.5894836609964,3743.688516339004
2025-10-11 10:00:00,3829.36,3834.61,3818.32,3833.73,5341.3956,3833.73,3795.7135000000003,3813.7146000000002,3813.473517957483,3809.778798011267,3.6947199462160825,-5.349880792384033,67.59815783311203,0.003899268814303104,3795.7135000000003,3849.076193562421,3742.3508064375796
2025-10-11 10:15:00,3833.73,3854.55,3825.0,3854.3,7077.735,3854.3,3799.929,3811.8007999999995,3819.7545151947934,3813.076664825259,6.6778503695345535,-2.944334560000315,75.56762092793646,0.0030072823350470036,3799.929,3857.860469095864,3741.997530904136
2025-10-11 10:30:00,3854.3,3857.24,3828.75,3837.02,8824.5509,3837.02,3802.9810000000007,3810.6310000000003,3822.410743626364,3814.8502452085786,7.560498417785311,-0.8433679644431894,71.52295782167617,0.0032529542703919664,3802.9810000000007,3862.0209603838903,3743.941039616111
2025-10-11 10:45:00,3837.01,3838.31,3826.38,3833.89,3658.7913,3833.89,3805.202,3809.9625999999994,3824.1767830684616,3816.260597415355,7.916185653106822,0.9085427590668136,74.86552567237132,0.0032042385393314284,3805.202,3865.4319413565663,3744.972058643434
2025-10-11 11:00:00,3833.9,3833.9,3808.11,3812.81,7326.4575,3812.81,3805.8010000000004,3808.8637999999996,3822.4280472117757,3816.0049976068094,6.423049604966309,2.011444128246713,67.4194765978861,0.0034235894556337355,3805.8010000000004,3866.0861277463555,3745.5158722536453
2025-10-11 11:15:00,3812.8,3828.36,3788.5,3823.66,8829.7059,3823.66,3806.808,3808.2351999999996,3822.617578409964,3816.572034821121,6.045543588842975,2.8182640203659655,69.25132102357041,0.003474494292687482,3806.808,3867.6033753783486,3746.0126246216514
2025-10-11 11:30:00,3823.66,3834.8,3815.0,3829.44,5417.0366,3829.44,3808.8479999999995,3808.3136,3823.6671817315078,3817.5252174269667,6.141964304541034,3.483004077200979,68.05255690580455,0.003339968014698118,3808.8479999999995,3869.8143723014964,3747.8816276985026
2025-10-11 11:45:00,3829.44,3842.73,3826.96,3839.99,6162.1402,3839.99,3811.7585,3807.8032000000003,3826.1783845420446,3819.189275395343,6.989109146701594,4.184225091101102,63.712163677129844,0.0033267756401761067,3811.7585,3872.84169685413,3750.6753031458697
2025-10-11 12:00:00,3839.99,3839.99,3822.02,3829.54,5074.9236,3829.54,3814.6095,3806.3712,3826.695556150961,3819.9559957364304,6.739560414530388,4.69529215578696,57.57617067684541,0.0033411903884656546,3814.6095,3873.2555449514425,3755.9634550485575
2025-10-11 12:15:00,3829.55,3845.0,3826.0,3845.0,4216.8777,3845.0,3818.7244999999994,3806.6767999999997,3829.5116244354285,3821.8111071633653,7.70051727206328,5.296337179042224,59.615883726965876,0.0033197153453481997,3818.7244999999994,3873.4530648404834,3763.9959351595153
2025-10-11 12:30:00,3845.0,3845.0,3818.45,3824.66,6049.7814,3824.66,3822.0860000000002,3805.7421999999997,3828.765220676132,3822.0221362623756,6.743084413756151,5.5856866259850095,47.478216625325885,0.003577092958640837,3822.0860000000002,3868.60593546658,3775.5660645334206
2025-10-11 12:45:00,3824.69,3825.81,3806.0,3823.52,5991.3932,3823.52,3825.3214999999996,3805.2663999999995,3827.958263649035,3822.1330891318294,5.825174517205596,5.633584204229128,48.638259056554666,0.0035853257174967945,3825.3214999999996,3861.064238254362,3789.578761745637
2025-10-11 13:00:00,3823.53,3829.3,3810.0,3827.25,4862.8958,3827.25,3828.1385,3804.9633999999996,3827.849300010722,3822.512119566509,5.337180444212663,5.574303452225835,47.49217344967688,0.003542468586377189,3828.1385,3853.070951291308,3803.206048708692
2025-10-11 13:15:00,3827.25,3829.49,3814.77,3820.49,4548.7994,3820.49,3829.1205,3804.6036,3826.717100009072,3822.3623329319526,4.354767077119504,5.33039617720457,47.068919989437525,0.0031482485091357004,3829.1205,3850.8716267469486,3807.3693732530514
2025-10-11 13:30:00,3820.49,3821.51,3786.07,3804.83,10089.9049,3804.83,3828.9964999999997,3804.5307999999995,3823.3498538538297,3821.063641603658,2.286212250171502,4.721559391797956,41.12298808207395,0.0032734417112090753,3828.9964999999997,3851.2926061274393,3806.70039387256
2025-10-11 13:45:00,3804.83,3838.37,3803.27,3832.39,6021.4409,3832.39,3829.8479999999995,3805.8788,3824.740645568625,3821.9026311144994,2.8380144541256414,4.344850404263493,43.547152029215916,0.0036314148487680245,3829.8479999999995,3851.233500843813,3808.462499156186
2025-10-11 14:00:00,3832.38,3837.7,3816.17,3821.41,4198.3049,3821.41,3829.2889999999998,3807.317,3824.2282385580675,3821.866139920832,2.362098637235249,3.9483000508578443,45.22542362512995,0.0035468815631487663,3829.2889999999998,3850.9553453801104,3807.622654619889
2025-10-11 14:15:00,3821.41,3823.52,3798.12,3804.46,5435.1926,3804.46,3828.1270000000004,3808.7392,3821.1869710875953,3820.576796222991,0.6101748646042324,3.280675013607122,41.70003948333242,0.0036684190574783845,3828.1270000000004,3852.478567203944,3803.775432796057
2025-10-11 14:30:00,3804.47,3812.73,3799.85,3808.48,2810.9955,3808.48,3826.8119999999994,3809.4022000000004,3819.2320524587344,3819.6807372435096,-0.448684784775196,2.5348030539306587,48.6488173250952,0.003648212993474778,3826.8119999999994,3852.4569528023653,3801.1670471976336
2025-10-11 14:45:00,3808.49,3816.1,3801.28,3814.2,2574.8082,3814.2,3826.0534999999995,3809.5476,3818.457890542006,3819.2747567069528,-0.8168661649465321,1.8644692101552205,46.95035460992906,0.0036612357869689467,3826.0534999999995,3852.2708701162896,3799.8361298837094
2025-10-11 15:00:00,3814.21,3855.06,3814.2,3842.94,7585.2916,3842.94,3826.514,3809.2518,3822.224368920159,3821.0277376916247,1.196631228534443,1.7309016138310653,53.79085701448951,0.004043056243469684,3826.514,3853.6079841064748,3799.4200158935255
2025-10-11 15:15:00,3842.93,3851.65,3835.39,3839.11,6424.4637,3839.11,3825.7545,3809.2106,3824.822158317058,3822.3671645292834,2.4549937877745833,1.875720048619769,49.74320065367116,0.0038551786958239873,3825.7545,3850.3007377656154,3801.2082622343846
2025-10-11 15:30:00,3839.1,3839.47,3817.61,3818.33,3798.2228,3818.33,3824.8199999999997,3809.7614000000003,3823.823364729818,3822.068115304892,1.7552494249257506,1.8516259238809651,46.91473550944019,0.003914790061645194,3824.8199999999997,3848.9804522444565,3800.659547755543
2025-10-11 15:45:00,3818.33,3833.32,3816.65,3825.13,3126.3496,3825.13,3824.382,3810.6972000000005,3824.0243855406156,3822.2949215786043,1.729463962011323,1.827193531507037,44.257557366626244,0.003937572090478275,3824.382,3848.1647877615164,3800.5992122384837
2025-10-11 16:00:00,3825.14,3845.65,3817.0,3841.8,4327.9071,3841.8,3825.8314999999993,3811.9889999999996,3826.759095457444,3823.7397422024123,3.0193532550315467,2.065625476211939,55.060824376993125,0.003842954945122781,3825.8314999999993,3850.1718682674164,3801.4911317325823
2025-10-11 16:15:00,3841.77,3848.0,3828.35,3831.46,4862.5821,3831.46,3826.2214999999997,3812.7730000000006,3827.482311540914,3824.311613150382,3.170698390531925,2.2866400590759364,52.223591352077975,0.003855845549129427,3826.2214999999997,3850.6651057944723,3801.777894205527
2025-10-11 16:30:00,3831.46,3832.0,3809.79,3812.82,4577.3789,3812.82,3825.3905000000004,3813.0563999999995,3825.2265713038505,3823.4603825466493,1.7661887572012347,2.1825497987009963,46.270354096665855,0.003994883729386143,3825.3905000000004,3850.4945239807307,3800.28647601927
2025-10-11 16:45:00,3812.81,3827.19,3809.52,3820.07,2256.9501,3820.07,3824.3945,3813.2444,3824.4332526417197,3823.209243098749,1.2240095429706344,1.9908417475549238,49.89171908837795,0.003965999557511454,3824.3945,3848.6250987289204,3800.1639012710793
2025-10-11 17:00:00,3820.06,3834.55,3813.4,3830.99,3053.5797,3830.99,3824.4670000000006,3813.9407999999994,3825.441983004532,3823.785595461805,1.656387542727316,1.9239509065894025,56.913319238900606,0.0039794292031305415,3824.4670000000006,3848.7709889302123,3800.163011069789
2025-10-11 17:15:00,3830.99,3841.36,3824.45,3835.21,3977.7817,3835.21,3823.9774999999995,3814.2342000000003,3826.944754849989,3824.6318476498195,2.3129072001693203,2.0017421653053864,50.850114554443564,0.003876524458316502,3823.9774999999995,3846.895037183376,3801.059962816623
2025-10-11 17:30:00,3835.21,3835.8,3813.51,3819.9,3254.1323,3819.9,3823.7395000000006,3814.3874,3825.8609464115293,3824.2813404164995,1.5796059950298513,1.9173149312502793,49.556378165579716,0.0037954356791668874,3823.7395000000006,3846.7259559440395,3800.7530440559617
2025-10-11 17:45:00,3819.9,3827.34,3813.56,3825.14,2586.6717,3825.14,3823.8205000000003,3815.4903999999997,3825.750031578986,3824.344944830092,1.405086748894064,1.8148692947790366,56.524482584553205,0.0038081622667711828,3823.8205000000003,3846.8151149078863,3800.8258850921143
2025-10-11 18:00:00,3825.14,3825.14,3813.76,3817.03,1950.0335,3817.03,3823.3095000000003,3816.3113999999996,3824.408488259142,3823.8030970648997,0.6053911942422019,1.5729736746716696,52.62963646429237,0.0038304731704808543,3823.3095000000003,3846.4370661227463,3800.1819338772543
2025-10-11 18:15:00,3817.02,3823.82,3814.12,3816.03,1573.0103,3816.03,3823.0865,3816.8425999999995,3823.1194900654277,3823.227312097129,-0.10782203170128923,1.236814533397078,50.57966423820095,0.0038113056880064813,3823.0865,3846.413680690613,3799.7593193093867
2025-10-11 18:30:00,3816.03,3825.92,3811.11,3822.75,1825.0402,3822.75,3823.9825000000005,3817.281,3823.0626454399776,3823.19195564549,-0.1293102055124109,0.9635895856151802,42.567915777074234,0.0037076123509392042,3823.9825000000005,3845.676566979947,3802.288433020054
2025-10-11 18:45:00,3822.75,3823.17,3814.51,3815.48,993.9093,3815.48,3823.137,3817.5202000000004,3821.896084603058,3822.62069967175,-0.7246150686919464,0.6259486547537548,41.51647878222152,0.0033448005174273204,3823.137,3844.769400748193,3801.504599251807
2025-10-11 19:00:00,3815.48,3816.15,3771.0,3785.0,9300.129,3785.0,3821.3165,3817.4474,3816.2197638948956,3819.833981177546,-3.6142172826503156,-0.22208453272705952,38.813183862522635,0.0037321533298839598,3821.3165,3848.8768737470637,3793.756126252936
2025-10-11 19:15:00,3785.01,3785.28,3745.71,3768.79,11013.2686,3768.79,3819.5330000000004,3817.1876,3808.9228771418348,3816.052945534764,-7.130068392929388,-1.6036813047675258,32.21366334133083,0.0037237572777267893,3819.5330000000004,3855.130905379302,3783.9350946206987
2025-10-11 19:30:00,3768.8,3770.2,3739.14,3753.08,8399.9536,3753.08,3816.7630000000004,3816.7988,3800.3316652738604,3811.388282902559,-11.056617628698405,-3.494268569553702,21.820607292592825,0.0037940624593830563,3816.7630000000004,3863.010904123483,3770.5150958765175
2025-10-11 19:45:00,3753.07,3762.93,3731.03,3760.61,9621.256,3760.61,3814.0834999999997,3816.757,3794.2206398471126,3807.62692861348,-13.406288766367197,-5.4766726089164015,27.087510510316193,0.003811287098893557,3814.0834999999997,3866.724532734872,3761.4424672651276
2025-10-11 20:00:00,3760.61,3766.66,3740.97,3747.59,5530.0821,3747.59,3809.3160000000003,3816.5602000000003,3787.046695255249,3803.1797487161843,-16.13305346093557,-7.607948779320236,28.109269078461537,0.0033225902389151032,3809.3160000000003,3867.8898020837983,3750.7421979162023
2025-10-11 20:15:00,3747.6,3753.5,3707.0,3720.36,11603.9876,3720.36,3803.3785000000003,3815.7912,3776.7872036775184,3797.0449525149847,-20.25774883746635,-10.13790879094946,20.49476238385499,0.003582948703365163,3803.3785000000003,3872.3821433136122,3734.3748566863883
2025-10-11 20:30:00,3720.36,3720.59,3683.77,3692.49,16695.1284,3692.49,3797.0865,3814.2228000000005,3763.8184031117466,3789.300141217577,-25.481738105830573,-13.206674653925685,12.752796901893305,0.003727688220257169,3797.0865,3881.5639215305314,3712.6090784694684
2025-10-11 20:45:00,3692.46,3722.7,3660.57,3695.15,13895.357,3695.15,3790.5875,3812.1088,3753.2540334022474,3782.326056682941,-29.07202328069343,-16.379744379279238,12.014536775873339,0.0036833318514522947,3790.5875,3885.3536244995166,3695.8213755004836
2025-10-11 21:00:00,3695.16,3696.31,3643.33,3671.57,14970.6242,3671.57,3782.076,3809.3940000000002,3740.6872590326707,3774.121904336055,-33.434645303384514,-19.790724564100294,11.49872813165139,0.0035301526452160537,3782.076,3887.4589804296556,3676.6930195703444
2025-10-11 21:15:00,3671.58,3743.65,3665.56,3723.63,12558.5654,3723.63,3776.6845000000003,3807.5594,3738.063065335337,3770.3817632741243,-32.31869793878741,-22.296319239037718,28.8035080392567,0.00509141092233604,3776.6845000000003,3882.462081641488,3670.9069183585125
2025-10-11 21:30:00,3723.63,3740.14,3710.5,3722.26,4806.522,3722.26,3772.1564999999996,3805.3527999999997,3735.6318245145158,3766.8171882167812,-31.185363702265477,-24.074128131683274,29.63774655150192,0.005029916147339112,3772.1564999999996,3879.1670315575875,3665.1459684424117
2025-10-11 21:45:00,3722.26,3737.92,3721.74,3735.75,2147.5353,3735.75,3767.9404999999997,3803.5138,3735.6500053584364,3764.515915015538,-28.865909657101838,-25.03248443676699,33.62969004893962,0.005099889788744205,3767.9404999999997,3873.6388717398154,3662.242128260184
2025-10-11 22:00:00,3735.75,3747.52,3726.1,3738.41,4170.286,3738.41,3763.3115,3801.5864,3736.074619918677,3762.582143532906,-26.50752361422883,-25.32749227225936,32.512233557269624,0.0050342939252906475,3763.3115,3865.4321207900916,3661.190879209908
2025-10-11 22:15:00,3738.41,3745.64,3725.57,3740.86,2517.8871,3740.86,3758.594,3799.8162000000007,3736.8108322388807,3760.9730958638015,-24.162263624920797,-25.09444654279165,34.21208530805694,0.005024488569403469,3758.594,3855.303581607845,3661.884418392155
2025-10-11 22:30:00,3740.86,3763.14,3738.5,3745.08,3728.5953,3745.08,3754.853,3798.0432,3738.083011894438,3759.7958295035196,-21.712817609081412,-24.418120756049607,40.49795296581929,0.005006907101826964,3754.853,3847.2706230860213,3662.435376913979
2025-10-11 22:45:00,3745.08,3755.97,3742.24,3742.94,2167.25,3742.94,3750.743,3795.8160000000003,3738.8302408337554,3758.547249540296,-19.717008706540582,-23.477898346147803,43.40527577937653,0.004977705264691672,3750.743,3837.112641620839,3664.373358379161
2025-10-11 23:00:00,3742.95,3749.42,3732.52,3739.82,3794.4271,3739.82,3746.8824999999997,3793.8720000000003,3738.982511474716,3757.1600458706444,-18.177534395928433,-22.41782555610393,46.38495092693573,0.004971781479668965,3746.8824999999997,3827.4866954963077,3666.2783045036917
2025-10-11 23:15:00,3739.82,3749.19,3734.08,3747.24,1849.4846,3747.24,3743.443,3792.139,3740.252894324759,3756.4252276580037,-16.17233333324475,-21.168727111532096,46.3527742921053,0.005014736526777602,3743.443,3817.2037375521613,3669.682262447839
2025-10-11 23:30:00,3747.23,3750.98,3740.22,3749.3,1834.745,3749.3,3739.7705,3790.8688,3741.6447567363343,3755.89743301667,-14.25267628033589,-19.785516945292855,50.496141124586565,0.004988187602105154,3739.7705,3803.5431710897633,3675.997828910237
2025-10-11 23:45:00,3749.31,3752.44,3742.46,3746.79,1685.8132,3746.79,3736.3360000000002,3789.3314,3742.4363326230523,3755.222808348769,-12.786475725716627,-18.38570870137761,58.95264548472319,0.004983522259802343,3736.3360000000002,3789.4485095387354,3683.223490461265
2025-10-12 00:00:00,3746.8,3748.26,3729.06,3732.99,3934.4104,3732.99,3733.7355000000002,3787.4024,3740.9830506810445,3753.5759336562674,-12.592882975222892,-17.227143556146668,65.16399580649993,0.004748482149563808,3733.7355000000002,3781.6547687211055,3685.816231278895
2025-10-12 00:15:00,3732.99,3743.43,3715.41,3719.12,5678.8326,3719.12,3731.2519999999995,3784.985,3737.6195044224223,3751.023642274322,-13.404137851899577,-16.46254241529725,58.27979274611395,0.0047274867258519536,3731.2519999999995,3776.6013037610023,3685.9026962389967
2025-10-12 00:30:00,3719.12,3763.97,3718.91,3725.81,9886.463,3725.81,3729.8884999999996,3782.9104,3735.8026575882036,3749.1559650688164,-13.353307480612784,-15.840695428360357,71.21069920225243,0.004681996022676164,3729.8884999999996,3774.100020420853,3685.676979579146
2025-10-12 00:45:00,3725.81,3731.0,3694.74,3701.01,8956.0761,3701.01,3726.9085000000005,3780.0306,3730.4499410361723,3745.5895972859407,-15.13965624976845,-15.700487592641977,38.757455268389656,0.00484981182924123,3726.9085000000005,3770.430248356758,3683.386751643243
2025-10-12 01:00:00,3701.01,3729.98,3695.29,3729.08,7274.0786,3729.08,3725.983,3778.119,3730.2391808767607,3744.366664153649,-14.127483276888142,-15.38588672949121,52.67871170463462,0.005148950883012253,3725.983,3768.426863160991,3683.539136839009
2025-10-12 01:15:00,3729.08,3740.0,3708.98,3721.0,6422.1957,3721.0,3726.0149999999994,3776.0686000000005,3728.817768434182,3742.6358001422673,-13.818031708085073,-15.072315725209984,43.94946263024035,0.004902837888571287,3726.0149999999994,3768.441974786126,3683.5880252138727
2025-10-12 01:30:00,3720.99,3734.73,3710.96,3726.33,8173.6272,3726.33,3727.707,3774.0502,3728.4350348289236,3741.427963094692,-12.992928265768569,-14.656438233321703,45.150931278098916,0.004578634390427392,3727.707,3767.0948026007172,3688.3191973992825
2025-10-12 01:45:00,3726.32,3737.46,3713.18,3719.24,4875.1246,3719.24,3728.9114999999997,3772.0252,3727.0204140860124,3739.7844102728627,-12.763996186850363,-14.277949824027436,41.63312693498435,0.004608440281852679,3728.9114999999997,3765.479707805881,3692.3432921941185
2025-10-12 02:00:00,3719.25,3723.62,3708.63,3713.81,6217.517,3713.81,3731.0235000000002,3770.2048000000004,3724.9880426881646,3737.86037988228,-12.872337194115516,-13.996827298045053,38.010888735526365,0.004355386099119579,3731.0235000000002,3756.989702548036,3705.0572974519646
2025-10-12 02:15:00,3713.78,3740.91,3713.19,3735.82,5346.1959,3735.82,3731.6330000000003,3768.2733999999996,3726.654497659216,3737.7092406317406,-11.054742972524764,-13.408410432940995,47.631088634548874,0.0032499181359187178,3731.6330000000003,3757.4402622179623,3705.8257377820382
2025-10-12 02:30:00,3735.82,3749.5,3717.44,3724.95,4121.4614,3724.95,3731.7675000000004,3766.3442,3726.3922672501058,3736.7641116960563,-10.3718444459505,-12.801097235542896,45.29519711447183,0.0033209181955545647,3731.7675000000004,3757.3965040266335,3706.1384959733673
2025-10-12 02:45:00,3724.95,3735.33,3707.02,3734.06,4802.6655,3734.06,3731.683,3764.9362,3727.5719184423974,3736.5638071259777,-8.991888683580328,-12.039255525150384,45.87402955171557,0.003263969052364631,3731.683,3757.2678237093646,3706.0981762906354
2025-10-12 03:00:00,3734.07,3773.0,3727.97,3759.11,10844.762,3759.11,3732.718,3763.9488,3732.423930989721,3738.2338954870165,-5.809964497295368,-10.793397319579382,52.68458212467843,0.0035933152125023566,3732.718,3760.983037060452,3704.452962939548
2025-10-12 03:15:00,3759.11,3791.51,3754.31,3782.04,13221.5868,3782.04,3734.7769999999996,3763.3056,3740.057172375918,3741.478792117608,-1.4216197416899377,-8.919041804001493,58.67670949638162,0.003822023558125816,3734.7769999999996,3770.5435277809056,3699.0104722190936
2025-10-12 03:30:00,3782.05,3819.22,3778.27,3794.88,12770.0925,3794.88,3737.267,3762.3444,3748.491453548854,3745.4344371459333,3.057016402920908,-6.5238301626170125,65.30642528565076,0.003873200536357166,3737.267,3781.890874233503,3692.6431257664967
2025-10-12 03:45:00,3794.89,3795.3,3778.83,3781.61,5533.7274,3781.61,3739.2005,3761.1944,3753.5866145413383,3748.114108468457,5.472506072881515,-4.124562915517307,65.50081857419264,0.0039763286132799254,3739.2005,3788.013739134126,3690.387260865874
2025-10-12 04:00:00,3781.62,3812.84,3776.27,3808.69,12832.4843,3808.69,3742.6440000000002,3761.0015999999996,3762.064058458055,3752.6012115448675,9.462846913187605,-1.4070809497763241,68.67003063615067,0.004226871609747604,3742.6440000000002,3800.5172398484374,3684.770760151563
2025-10-12 04:15:00,3808.69,3822.61,3805.83,3812.51,4716.6619,3812.51,3745.9075,3760.7491999999997,3769.824972541431,3757.038899578581,12.786072962850085,1.4315498327489584,77.73907851527508,0.004219575282805699,3745.9075,3811.6924088039505,3680.122591196049
2025-10-12 04:30:00,3812.52,3820.64,3797.0,3800.99,5501.5248,3800.99,3748.4919999999997,3759.933,3774.619592150442,3760.294536646834,14.325055503607928,4.010250966920753,69.49520143143724,0.004308571078819035,3748.4919999999997,3818.7476797031704,3678.236320296829
2025-10-12 04:45:00,3801.0,3812.71,3795.63,3801.9,3398.3243,3801.9,3751.2475,3759.3418,3778.816577973451,3763.3764228211426,15.440155152308307,6.296231803998265,72.81958704727501,0.004298217851912225,3751.2475,3825.4350284952843,3677.0599715047156
2025-10-12 05:00:00,3801.9,3808.9,3796.63,3807.79,2531.6105,3807.79,3754.9875,3759.2412,3783.2740275159967,3766.6663174269843,16.60771008901247,8.358527461001108,72.90518501855792,0.004172276357816659,3754.9875,3832.754988234762,3677.2200117652383
2025-10-12 05:15:00,3807.79,3813.36,3802.0,3812.09,2016.6003,3812.09,3759.636,3759.0816000000004,3787.7072540519976,3770.031034654615,17.676219397382738,10.222065848277435,76.52402445295078,0.004021978347278148,3759.636,3839.463461941539,3679.8085380584607
2025-10-12 05:30:00,3812.08,3817.29,3809.65,3812.44,2797.4407,3812.44,3763.9675,3758.7106,3791.5122918901516,3773.172439495014,18.33985239513777,11.845623157649502,79.01735804648402,0.004027669879042281,3763.9675,3845.450903250545,3682.4840967494556
2025-10-12 05:45:00,3812.44,3817.42,3805.93,3806.33,2709.1828,3806.33,3769.2335,3758.133,3793.791939291667,3775.6285550879757,18.163384203691294,13.109175366857862,72.88542680947714,0.0036527256240442537,3769.2335,3847.118919559938,3691.3480804400615
2025-10-12 06:00:00,3806.34,3825.82,3804.14,3820.42,3697.1791,3820.42,3773.8005,3758.1433999999995,3797.8885640160256,3778.946439896274,18.942124119751497,14.275765117436592,80.35226044382254,0.0034018787668097347,3773.8005,3852.4800803043554,3695.1209196956443
2025-10-12 06:15:00,3820.43,3839.19,3814.46,3831.09,5992.5133,3831.09,3779.3050000000003,3758.2624000000005,3802.9964772443295,3782.8089258298833,20.18755141444626,15.458122376838526,80.54523704589795,0.0033221336757320087,3779.3050000000003,3857.8348686724457,3700.775131327555
2025-10-12 06:30:00,3831.09,3835.0,3822.61,3834.86,3700.8469,3834.86,3784.7315000000003,3758.619,3807.898557668279,3786.6645609535954,21.2339967146836,16.61329724440754,77.53544165757884,0.0033238713664031426,3784.7315000000003,3862.846173673933,3706.6168263260674
2025-10-12 06:45:00,3834.85,3837.5,3829.12,3832.84,2768.3429,3832.84,3790.4114999999997,3758.9552000000003,3811.73570264239,3790.084963845922,21.650738796467976,17.62078555481963,71.77640603566515,0.003264719726966526,3790.4114999999997,3864.9120529546813,3715.910947045318
2025-10-12 07:00:00,3832.84,3844.5,3831.45,3832.35,4949.0549,3832.35,3796.3385000000003,3759.1472000000003,3814.9071330050992,3793.2157072647424,21.691425740356863,18.434913591927078,67.96433023300379,0.003214123129701207,3796.3385000000003,3863.6985541553845,3728.978445844616
2025-10-12 07:15:00,3832.36,3839.42,3820.02,3820.77,4776.9927,3820.77,3800.5860000000002,3759.2529999999997,3815.809112542776,3795.2567659858723,20.552346556903558,18.858400184922374,69.08382066276772,0.003199581124573793,3800.5860000000002,3862.359992960974,3738.8120070390264
2025-10-12 07:30:00,3820.77,3826.53,3816.8,3824.03,3651.8788,3824.03,3805.54,3760.0335999999998,3817.0738644592716,3797.3881166535853,19.685747805686333,19.023869709075168,59.73597359735964,0.003057010038954683,3805.54,3856.7651969252097,3754.3148030747902
2025-10-12 07:45:00,3824.03,3833.56,3822.06,3827.99,3478.2432,3827.99,3810.2365,3761.2176,3818.7532699270764,3799.6549228273934,19.098347099682996,19.038765187196734,59.807399898631125,0.0030458705633444557,3810.2365,3849.7535014181112,3770.7194985818887
2025-10-12 08:00:00,3827.98,3838.1,3825.0,3833.89,4409.5603,3833.89,3813.9754999999996,3762.8338,3821.0819976306034,3802.190854469809,18.8911431607944,19.00924078191627,72.4420190995906,0.002764400959481364,3813.9754999999996,3846.689685865895,3781.261314134104
2025-10-12 08:15:00,3833.9,3845.64,3833.61,3840.66,3170.0536,3840.66,3816.9065,3764.4348,3824.0939979951263,3805.0404208053783,19.05357718974801,19.018108063482618,74.48206164729638,0.0024998927325591436,3816.9065,3848.0391751859956,3785.7738248140045
2025-10-12 08:30:00,3840.66,3841.16,3832.0,3832.7,3076.8323,3832.7,3818.7974999999997,3766.137,3825.4179983035683,3807.0892785234983,18.32871978007006,18.880230406800106,65.3330050473961,0.002496942873876431,3818.7974999999997,3848.87339268964,3788.7216073103596
2025-10-12 08:45:00,3832.7,3833.25,3821.7,3823.17,3315.5821,3823.17,3820.8754999999996,3768.1932,3825.0721524107116,3808.280443077313,16.791709333398558,18.462526192119796,56.407587323617804,0.0024209124790807958,3820.8754999999996,3845.355367969732,3796.3956320302673
2025-10-12 09:00:00,3823.17,3823.74,3806.34,3813.06,6267.2131,3813.06,3821.094,3770.6045999999997,3823.22412896291,3808.634484330845,14.589644632064847,17.687949880108807,50.32217834130112,0.0019606174863797915,3821.094,3845.190929178124,3796.997070821876
2025-10-12 09:15:00,3813.07,3828.65,3813.07,3820.16,4154.3734,3820.16,3821.4764999999998,3773.1047999999996,3822.752724507078,3809.488226232264,13.264498274813832,16.803259559049813,57.11346569282992,0.0019915482744967622,3821.4764999999998,3845.240274532385,3797.7127254676147
2025-10-12 09:30:00,3820.16,3832.15,3816.42,3831.8,2851.2913,3831.8,3823.017,3776.3094,3824.1446130444506,3811.1409502150595,13.003662829391033,16.043340213118057,56.004643309413304,0.0019524898115104814,3823.017,3845.1259208959614,3800.9080791040383
2025-10-12 09:45:00,3831.8,3848.81,3826.62,3843.8,6192.9451,3843.8,3825.112,3778.7128000000002,3827.16851872992,3813.5601390880183,13.608379641901593,15.556348098874764,56.613591424706016,0.002044480207240873,3825.112,3846.730927964673,3803.4930720353273
2025-10-12 10:00:00,3843.8,3866.6,3830.22,3831.08,12310.8967,3831.08,3826.2765,3780.8891999999996,3827.7702850791634,3814.85790656298,12.912378516183253,15.027554182336461,48.20068545316062,0.0022020874828802012,3826.2765,3846.4258886814564,3806.1271113185435
2025-10-12 10:15:00,3831.07,3833.27,3813.99,3821.25,11430.7716,3821.25,3826.7345,3782.5991999999997,3826.767164297754,3815.331394965722,11.435769332031668,14.309197212275503,44.86486486486482,0.0022830133623042183,3826.7345,3845.919491365911,3807.549508634089
2025-10-12 10:30:00,3821.25,3829.13,3817.48,3824.57,2526.7599,3824.57,3827.3409999999994,3784.3224,3826.429139021176,3816.0157360793723,10.413402941803724,13.53003835818115,46.63727524204715,0.002289067262670878,3827.3409999999994,3845.3544393111174,3809.3275606888815
2025-10-12 10:45:00,3824.56,3828.6,3819.06,3820.0,1798.871,3820.0,3828.0244999999995,3785.9051999999997,3825.4400407102257,3816.31086674016,9.129173970065949,12.64986548055811,49.645716389067836,0.002274297926467599,3828.0244999999995,3843.546190732124,3812.502809267875
2025-10-12 11:00:00,3819.99,3833.62,3814.62,3829.65,3968.6192,3829.65,3828.486,3787.5966,3826.0877267548067,3817.2989506853332,8.788776069473442,11.877647598341179,52.44220406744302,0.0021922485404682595,3828.486,3843.5991722269896,3813.37282777301
2025-10-12 11:15:00,3829.64,3830.32,3814.99,3821.02,3496.8632,3821.02,3827.9825000000005,3789.1582,3825.308076484837,3817.5745839679007,7.733492516936167,11.048816582060178,47.08928422283482,0.0021589297176209223,3827.9825000000005,3843.3983358437904,3812.5666641562107
2025-10-12 11:30:00,3821.02,3830.23,3815.44,3820.01,3552.2816,3820.01,3827.2400000000002,3790.7619999999997,3824.4929877948625,3817.754985155464,6.7380026393984735,10.186653793527839,43.95680947405104,0.002143032020219298,3827.2400000000002,3842.6915378224467,3811.788462177554
2025-10-12 11:45:00,3820.0,3822.58,3815.8,3820.36,1991.1827,3820.36,3826.6160000000004,3792.2244,3823.8571435187296,3817.947949218022,5.909194300707441,9.33116189496376,40.63825862387031,0.0021424058167534123,3826.6160000000004,3842.123210412022,3811.1087895879787
2025-10-12 12:00:00,3820.36,3839.94,3818.72,3838.6,5622.5449,3838.6,3826.9284999999995,3794.0104000000006,3826.1252752850787,3819.4777307574277,6.647544527651007,8.79443842150121,52.48525695029489,0.0024100948101797256,3826.9284999999995,3843.157349264409,3810.6996507355902
2025-10-12 12:15:00,3838.59,3849.76,3832.59,3842.93,5559.5268,3842.93,3828.0364999999997,3795.9332,3828.710617548913,3821.214935886507,7.4956816624057865,8.534687069682127,58.70484581497783,0.0023049667753261512,3828.0364999999997,3845.4757265347716,3810.5972734652278
2025-10-12 12:30:00,3842.94,3846.93,3828.55,3833.37,4738.2785,3833.37,3828.5035,3797.9408000000003,3829.4274456183107,3822.1153110060254,7.312134612285263,8.290176578202754,58.99070385126158,0.0023819085929044385,3828.5035,3845.99114288605,3811.0158571139496
2025-10-12 12:45:00,3833.37,3837.76,3822.71,3832.1,4092.8624,3832.1,3828.7090000000003,3800.2003999999997,3829.838607830878,3822.8549175981716,6.983690232706522,8.028879309103507,55.573188946975364,0.002373993703475874,3828.7090000000003,3846.267685840542,3811.1503141594585
2025-10-12 13:00:00,3832.1,3833.29,3821.22,3831.44,3831.1597,3831.44,3828.5865000000003,3802.313,3830.084975856897,3823.4908496279368,6.594126228960249,7.741928693074855,49.81277303931759,0.00234836386327638,3828.5865000000003,3846.0267791812676,3811.146220818733
2025-10-12 13:15:00,3831.43,3835.01,3801.07,3815.18,7281.3689,3815.18,3827.3125,3804.5964000000004,3827.791902648144,3822.8752311369785,4.916671511165532,7.176877256692991,35.74701195219107,0.0024869653066529394,3827.3125,3844.761850312881,3809.863149687119
2025-10-12 13:30:00,3815.18,3828.2,3793.56,3819.66,10759.6323,3819.66,3826.6605000000004,3806.408,3826.5408407022755,3822.6370658675733,3.90377483470229,6.522256772294851,43.80425347222217,0.0024731504118530217,3826.6605000000004,3844.236276961926,3809.084723038075
2025-10-12 13:45:00,3819.66,3821.66,3800.38,3810.13,5658.7383,3810.13,3826.008500000001,3808.1906,3824.0160959788486,3821.710616544049,2.3054794347995085,5.678901304795783,43.94731112562599,0.002473570033074787,3826.008500000001,3845.036924472895,3806.9800755271067
2025-10-12 14:00:00,3810.14,3826.94,3808.63,3824.08,3367.0437,3824.08,3826.5594999999994,3810.1456,3824.0259273667184,3821.886126429675,2.139800937043219,4.971081231245271,49.76095228802798,0.0025422132409825735,3826.5594999999994,3844.622943135809,3808.49605686419
2025-10-12 14:15:00,3824.07,3834.58,3818.0,3832.16,4208.2924,3832.16,3827.1595,3812.4039999999995,3825.2773231564543,3822.6471541015508,2.63016905490349,4.502898795976915,55.735849056603755,0.0025517212715280104,3827.1595,3845.1248461455975,3809.194153854403
2025-10-12 14:30:00,3832.15,3843.69,3818.24,3837.01,7284.4611,3837.01,3827.4200000000005,3814.868,3827.082350363154,3823.7110686125475,3.371281750606613,4.276575386902855,53.63636363636372,0.002475596993691872,3827.4200000000005,3845.814626218276,3809.025373781725
2025-10-12 14:45:00,3837.01,4027.29,3837.01,3975.19,80330.456,3975.19,3833.9894999999997,3819.6554000000006,3849.8681426149765,3834.9317301968035,14.93641241817295,6.408542793156874,83.40628385698824,0.008413064164189285,3833.9894999999997,3902.5256567197953,3765.453343280204
2025-10-12 15:00:00,3975.19,4041.45,3965.77,4032.7,37761.567,4032.7,3844.0705000000003,3825.8104,3877.996120674211,3849.5812316637066,28.41488901050434,10.80981203662637,87.02175805047872,0.00878513646902301,3844.0705000000003,3956.232590504507,3731.9084094954937
2025-10-12 15:15:00,4032.71,4080.0,4024.17,4052.2,36380.4826,4052.2,3855.618,3832.1732,3904.796717493563,3864.5900293182467,40.20668817531623,16.689187264364346,87.83289817232381,0.008711490279297244,3855.618,4000.6311083150167,3710.604891684983
2025-10-12 15:30:00,4052.21,4052.21,3983.64,4009.25,27633.6436,4009.25,3864.8520000000003,3837.176,3920.8664532637845,3875.3055827020803,45.56087056170418,22.463523923832316,75.769381776449,0.009219914870293893,3864.8520000000003,4024.3382049933552,3705.3657950066454
2025-10-12 15:45:00,4009.25,4043.91,4009.25,4034.59,12326.9019,4034.59,3875.5815000000002,3842.2270000000003,3938.3623835308945,3887.104428427852,51.257955103042605,28.222410159674382,77.21515392479844,0.009218820034368688,3875.5815000000002,4050.4902755344815,3700.672724465519
2025-10-12 16:00:00,4034.59,4105.66,4034.58,4083.35,27342.0898,4083.35,3888.2665,3847.9964,3960.6681706799873,3901.641137433196,59.027033246791234,34.38333477709775,81.94061126443837,0.009450086930939329,3888.2665,4084.631890484229,3691.901109515771
2025-10-12 16:15:00,4083.35,4086.39,4064.88,4073.85,11023.9722,4073.85,3900.9079999999994,3853.8412,3978.0807598061424,3914.3973494751817,63.68341033096067,40.24334988787034,80.25278438243029,0.009452341563953519,3900.9079999999994,4111.11090173775,3690.705098262248
2025-10-12 16:30:00,4073.86,4126.76,4055.0,4120.91,16355.6383,4120.91,3915.953,3860.0856000000003,4000.0544890667356,3929.694582847391,70.3599062193448,46.266661154165234,82.45543222334345,0.009589371734008674,3915.953,4144.084696784812,3687.821303215188
2025-10-12 16:45:00,4120.92,4170.0,4085.16,4106.27,30596.6646,4106.27,3930.2485,3865.9608000000003,4016.3953369026226,3942.7742433772137,73.62109352540892,51.73754762841398,82.75605968536915,0.00969837340300535,3930.2485,4168.754662363335,3691.742337636665
2025-10-12 17:00:00,4106.28,4150.01,4098.5,4141.12,14177.2787,4141.12,3945.3745000000004,3872.7634000000003,4035.583746609911,3957.4665216455683,78.11722496434277,57.013483095599746,83.85927954497592,0.009756203467628208,3945.3745000000004,4197.396251147795,3693.3527488522063
2025-10-12 17:15:00,4141.11,4158.1,4129.53,4137.29,10875.2343,4137.29,3960.0925,3879.4712,4051.2308625160786,3970.786779301452,80.44408321462652,61.699603119405104,84.87846481876345,0.00979700335841966,3960.0925,4221.143157546164,3699.0418424538366
2025-10-12 17:30:00,4137.3,4144.49,4120.0,4140.45,6733.7525,4140.45,3975.4465000000005,3886.1244,4064.956883667451,3983.354425279122,81.60245838832907,65.6801741731899,84.52238056786202,0.009714818337036796,3975.4465000000005,4241.194975088005,3709.6980249119965
2025-10-12 17:45:00,4140.45,4151.66,4109.28,4127.85,9162.077,4127.85,3990.2339999999995,3892.4395999999997,4074.632747718613,3994.0578011843722,80.57494653424055,68.65912864540003,81.95059754068268,0.009795640438578794,3990.2339999999995,4255.310315398571,3725.1576846014277
2025-10-12 18:00:00,4127.85,4147.0,4126.44,4135.38,4830.5552,4135.38,4005.4309999999996,3898.8984,4083.978478838826,4004.5261122077522,79.4523666310738,70.81777624253479,82.05453256268686,0.00976348328638376,4005.4309999999996,4267.002667699651,3743.859332300348
2025-10-12 18:15:00,4135.38,4144.4,4116.53,4119.63,4710.9617,4119.63,4020.6535000000003,3905.1644,4089.4633282482373,4013.052326118289,76.41100212994843,71.93642142001752,71.05662137733997,0.009744916629032964,4020.6535000000003,4270.792505925269,3770.5144940747314
2025-10-12 18:30:00,4119.63,4129.18,4099.14,4103.59,6745.7846,4103.59,4034.85,3910.8278000000005,4091.636662363893,4019.758820479897,71.87784188399564,71.92470551281315,61.75582899406337,0.009884157798292355,4034.85,4268.65355884018,3801.0464411598196
2025-10-12 18:45:00,4103.58,4113.5,4095.6,4109.5,5802.5074,4109.5,4049.8185,3916.3959999999997,4094.384868154063,4026.406315259164,67.97855289489917,71.13547498923036,59.950680744651414,0.009794422972362292,4049.8185,4260.2050709418,3839.4319290582002
2025-10-12 19:00:00,4109.49,4131.68,4108.15,4130.01,4210.8979,4130.01,4065.1150000000002,3922.2990000000004,4099.865657668822,4034.0806622770037,65.78499539181803,70.06537906974789,72.74370950730776,0.009797700981608336,4065.1150000000002,4249.243140106189,3880.986859893812
2025-10-12 19:15:00,4130.0,4139.47,4125.0,4138.08,3160.5824,4138.08,4080.411,3928.4038,4105.744787258234,4041.784316923152,63.96047033508239,68.8443973228148,70.84726642762196,0.00979929144887159,4080.411,4230.790571527012,3930.031428472988
2025-10-12 19:30:00,4138.08,4139.61,4120.55,4122.89,4273.3211,4122.89,4094.7049999999995,3934.2146000000002,4108.382512295429,4047.792145299215,60.59036699621356,67.19359125749455,59.21077152441318,0.009930231345294986,4094.7049999999995,4192.996321777955,3996.4136782220435
2025-10-12 19:45:00,4122.9,4140.28,4122.89,4135.68,2785.9079,4135.68,4102.7295,3940.5128000000004,4112.58212578844,4054.302356758533,58.27976902990713,65.41082681197706,64.18574771715717,0.006374768413424154,4102.7295,4184.805058378687,4020.653941621314
2025-10-12 20:00:00,4135.68,4145.0,4126.03,4132.49,5888.9099,4132.49,4107.718999999999,3946.6820000000002,4115.644875667142,4060.0940340356783,55.5508416314633,63.43882977587431,53.326439158910745,0.005678947744267022,4107.718999999999,4183.782050549937,4031.655949450061
2025-10-12 20:15:00,4132.56,4149.13,4126.04,4148.12,8772.418,4148.12,4112.515,3953.0845999999997,4120.641048641427,4066.6144759589615,54.026572682465485,61.55637835719256,61.953727506426695,0.005648636608334563,4112.515,4185.88700168725,4039.1429983127505
2025-10-12 20:30:00,4148.12,4159.85,4136.84,4151.04,14458.214,4151.04,4119.6044999999995,3959.4276,4125.3178103888995,4072.8682184805198,52.449591908379716,59.73502106742999,53.46562325321413,0.004926824165900549,4119.6044999999995,4176.519368458017,4062.6896315419813
2025-10-12 20:45:00,4151.03,4197.7,4129.59,4136.24,19013.2956,4136.24,4124.687,3965.3392,4126.998147252146,4077.5624245189997,49.43572273314612,57.67516140057322,49.65929002530982,0.004940120994929334,4124.687,4165.518680734367,4083.8553192656327
2025-10-12 21:00:00,4136.24,4165.03,4122.35,4150.55,14636.6409,4150.55,4128.0470000000005,3971.6962,4130.621509213354,4082.9689115916667,47.65259762168762,55.670648644796096,53.05616073589942,0.004276968660452187,4128.0470000000005,4165.47392366133,4090.6200763386705
2025-10-12 21:15:00,4150.56,4153.24,4097.17,4121.9,11621.6782,4121.9,4130.449500000001,3977.6708000000003,4129.2797385651465,4085.8526959182104,43.427042646936115,53.221927445224104,48.35898284516501,0.004567023223432335,4130.449500000001,4158.127004051854,4102.771995948147
2025-10-12 21:30:00,4121.89,4122.21,4080.7,4121.02,9758.2686,4121.02,4130.455,3983.83,4128.009009555124,4088.4576814057505,39.5513281493736,50.48780758605401,45.88868529546506,0.003769759745445123,4130.455,4158.1245648875565,4102.785435112443
2025-10-12 21:45:00,4121.02,4135.88,4117.06,4135.53,3985.9138,4135.53,4131.918,3990.1374,4129.166085008182,4091.9445198201392,37.221565188042405,47.83455910645169,54.58477508650509,0.0037498826076679446,4131.918,4157.193979527342,4106.642020472657
2025-10-12 22:00:00,4135.54,4155.0,4111.59,4129.93,8303.4218,4129.93,4131.3585,3996.1,4129.283610391539,4094.758259092722,34.525351298816986,45.17271754492476,58.081737849779174,0.003238361689929439,4131.3585,4156.269590132569,4106.447409867432
2025-10-12 22:15:00,4129.94,4144.68,4119.4,4127.49,5223.932,4127.49,4130.8685000000005,4001.7738,4129.0076703313025,4097.182832493261,31.824837838041276,42.503141603548066,55.63985202834027,0.003234907357672181,4130.8685000000005,4155.673644012639,4106.063355987362
2025-10-12 22:30:00,4127.49,4140.62,4126.7,4140.42,3570.2563,4140.42,4130.867,4007.9606000000003,4130.763413357256,4100.385585641909,30.37782771534694,40.078078825907845,53.426370877493206,0.003311190314703278,4130.867,4155.669707916961,4106.06429208304
2025-10-12 22:45:00,4140.41,4150.88,4132.2,4134.57,4616.4795,4134.57,4131.2029999999995,4014.2270000000003,4131.349042071523,4102.917764483249,28.431277588274497,37.74871857838118,48.82757699245099,0.003251740326466442,4131.2029999999995,4156.015687841279,4106.39031215872
2025-10-12 23:00:00,4134.56,4136.68,4118.64,4126.96,4784.4417,4126.96,4130.782,4020.2748000000006,4130.67380482975,4104.698670817823,25.975134011927366,35.39400166509042,51.431989304060124,0.0032519143935881714,4130.782,4155.582003905207,4105.981996094793
2025-10-12 23:15:00,4126.96,4143.69,4108.82,4140.75,5856.9024,4140.75,4131.838,4026.6898000000006,4132.223988702097,4107.369139646132,24.854849055965133,33.28617114326536,51.77136468450831,0.0032152024488835986,4131.838,4156.436383002339,4107.23961699766
2025-10-12 23:30:00,4140.75,4152.57,4133.67,4143.0,3681.1632,4143.0,4133.8085,4032.9568000000004,4133.8818365940815,4110.008462635307,23.87337395877421,31.403611706367133,53.69627910248302,0.003062948688476474,4133.8085,4154.950204632095,4112.666795367905
2025-10-12 23:45:00,4143.0,4161.35,4137.45,4152.29,5420.2352,4152.29,4135.947999999999,4039.5822,4136.713861733454,4113.140428366025,23.57343336742906,29.83757603857952,51.535006994036685,0.0030813457703973528,4135.947999999999,4155.318237180655,4116.577762819344
2025-10-13 00:00:00,4152.29,4155.32,4132.18,4148.22,9063.3519,4148.22,4136.8585,4046.1464,4138.484036851384,4115.738915153727,22.74512169765694,28.419085170395007,48.970652650022004,0.0029101373296983512,4136.8585,4156.758200368363,4116.958799631638
2025-10-13 00:15:00,4148.23,4186.03,4148.23,4148.96,11223.6634,4148.96,4137.4025,4052.7183999999997,4140.095723489632,4118.199736253451,21.8959872361811,27.114465583552224,55.17409697364153,0.002881526947080574,4137.4025,4158.024544286153,4116.780455713847
2025-10-13 00:30:00,4148.96,4150.09,4126.47,4132.25,8326.4979,4132.25,4137.8705,4058.5914000000002,4138.888689106612,4119.240496530973,19.64819257563886,25.621210981969554,42.69869135014349,0.002907314767110813,4137.8705,4157.50710113727,4118.23389886273
2025-10-13 00:45:00,4132.25,4152.99,4124.54,4139.8,5558.9137,4139.8,4138.0765,4064.5288,4139.028890782518,4120.763422713864,18.265468068653718,24.15006239930639,58.58760314718903,0.0028518681850023563,4138.0765,4157.702784497367,4118.450215502633
2025-10-13 01:00:00,4139.78,4150.0,4126.54,4137.16,6773.5647,4137.16,4138.31,4070.6046,4138.741369123669,4121.9779839943185,16.763385129350354,22.672726945315183,57.614644272503995,0.002849989620304596,4138.31,4157.766823996061,4118.85317600394
2025-10-13 01:15:00,4137.15,4163.07,4131.06,4155.41,6626.6048,4155.41,4138.674499999999,4077.0708,4141.3057738738735,4124.454429624369,16.85134424950411,21.50845040615297,59.05942398833396,0.0028963180091353563,4138.674499999999,4159.151520214273,4118.197479785726
2025-10-13 01:30:00,4155.4,4175.37,4154.56,4165.51,4847.4617,4165.51,4139.398,4083.7522,4145.029500970201,4127.495582985527,17.53391798467419,20.713543921857216,65.5752057433022,0.0029409147170465152,4139.398,4162.56096554082,4116.2350344591805
2025-10-13 01:45:00,4165.5,4199.73,4163.0,4198.77,7399.071,4198.77,4142.5244999999995,4091.4240000000004,4153.297270051709,4132.775169431044,20.522100620665697,20.675255261618915,74.57253171538893,0.003281432667856099,4142.5244999999995,4177.672444448584,4107.376555551415
2025-10-13 02:00:00,4198.77,4220.89,4170.0,4172.14,12978.3392,4172.14,4143.603999999999,4098.4736,4156.196151582215,4135.691082806522,20.505068775692962,20.641217964433725,59.991180546806135,0.0035751576051011808,4143.603999999999,4181.041409604673,4106.166590395325
2025-10-13 02:15:00,4172.14,4183.4,4160.0,4168.43,5992.3654,4168.43,4145.9305,4105.6395999999995,4158.078282108027,4138.116187783817,19.96209432421074,20.50539323638913,60.810983397190455,0.003170549576144952,4145.9305,4183.471839726152,4108.389160273849
2025-10-13 02:30:00,4168.43,4176.07,4153.33,4160.28,5522.8233,4160.28,4147.8935,4112.363600000001,4158.417007937562,4139.757951651682,18.65905628588007,20.136125846287317,60.60201094565338,0.0032166753050120868,4147.8935,4184.029881012004,4111.757118987996
2025-10-13 02:45:00,4160.27,4168.55,4155.69,4158.51,4461.1655,4158.51,4149.0425,4118.8906,4158.4313144087055,4141.146992270076,17.28432213862925,19.565765104755705,56.11907386990082,0.003140395245789915,4149.0425,4184.984501745684,4113.100498254315
2025-10-13 03:00:00,4158.51,4169.93,4153.08,4163.53,5972.8761,4163.53,4150.722500000001,4125.420999999999,4159.215727576597,4142.8049928426635,16.410734733933168,18.9347590305912,56.94096963959689,0.003122344727231529,4150.722500000001,4186.038614035088,4115.406385964913
2025-10-13 03:15:00,4163.53,4166.93,4154.45,4155.87,4969.0414,4155.87,4152.1415,4129.0346,4158.70100025712,4143.772771150614,14.928229106505569,18.133453045774072,51.22384794202103,0.0031557235921557377,4152.1415,4185.767332973635,4118.515667026364
2025-10-13 03:30:00,4155.87,4157.98,4135.68,4144.48,6256.6328,4144.48,4152.3445,4131.2702,4156.513154063717,4143.8251584727905,12.68799559092622,17.044361554804503,48.78239354082541,0.003156173234491811,4152.3445,4185.720475901558,4118.968524098443
2025-10-13 03:45:00,4144.47,4148.66,4132.55,4139.78,4151.1006,4139.78,4152.6050000000005,4133.0217999999995,4153.938822669298,4143.5255171044355,10.41330556486264,15.71815035681613,47.0864542338453,0.003149962910957156,4152.6050000000005,4185.474331410623,4119.735668589378
2025-10-13 04:00:00,4139.79,4146.93,4125.02,4127.91,3807.5091,4127.91,4152.6525,4135.395,4149.934388412483,4142.368812133737,7.565576278745539,14.087635541202012,48.578912901113256,0.0031908010425084742,4152.6525,4185.368175866186,4119.936824133814
2025-10-13 04:15:00,4127.93,4131.88,4116.07,4122.97,5190.0888,4122.97,4151.7635,4137.1626,4145.786020964409,4140.931863086794,4.854157877614853,12.24094000848458,44.39336398161107,0.0031020239378047997,4151.7635,4186.729869572285,4116.797130427715
2025-10-13 04:30:00,4122.97,4138.0,4121.4,4128.55,5040.7972,4128.55,4151.041,4138.0666,4143.134325431422,4140.014688043328,3.119637388094816,10.416679484406629,47.18682611252706,0.0031176343135022873,4151.041,4187.341502476041,4114.74049752396
2025-10-13 04:45:00,4128.54,4145.54,4124.37,4142.16,6046.0626,4142.16,4150.5345,4139.4328,4142.984429211204,4140.173600040119,2.810829171085061,8.895509421742316,45.535413437563165,0.003169056431340062,4150.5345,4187.0437118009795,4114.02528819902
2025-10-13 05:00:00,4142.15,4144.7,4126.77,4132.85,3305.1461,4132.85,4149.7660000000005,4139.6716,4141.425286255634,4139.631111148258,1.7941751073758496,7.475242558869023,38.93631436314357,0.003199742474996145,4149.7660000000005,4187.117685314087,4112.414314685914
2025-10-13 05:15:00,4132.85,4137.63,4123.22,4133.74,2680.6365,4133.74,4149.005,4140.221,4140.242934523998,4139.194732544684,1.048201979314399,6.189834442958098,21.782521912695515,0.003199971450825332,4149.005,4187.039763876894,4110.970236123107
2025-10-13 05:30:00,4133.74,4138.67,4126.5,4126.5,2040.0378,4126.5,4148.717500000001,4139.9286,4138.128636904921,4138.254381985818,-0.12574508089710434,4.926718538187058,26.18948247078383,0.003094634239163759,4148.717500000001,4187.367474126941,4110.067525873061
2025-10-13 05:45:00,4126.5,4133.2,4124.25,4131.55,1657.7228,4131.55,4148.304999999999,4139.8138,4137.1165389195485,4137.75776109798,-0.6412221784312351,3.813130394863399,31.024902243259405,0.0030781159339167683,4148.304999999999,4187.527564665769,4109.08243533423
2025-10-13 06:00:00,4131.55,4145.64,4116.84,4142.16,5031.0344,4142.16,4148.554999999999,4139.848000000001,4137.892456008848,4138.0838528685,-0.19139685965183162,3.012224943960353,40.90726615816916,0.00313138719172192,4148.554999999999,4187.541490237847,4109.568509762152
2025-10-13 06:15:00,4142.15,4160.0,4140.91,4159.8,4268.753,4159.8,4148.7745,4140.487,4141.262847392102,4139.692456359722,1.57039103238003,2.7238581616442885,50.55839321270886,0.0031204071040365046,4148.7745,4187.972354117051,4109.57664588295
2025-10-13 06:30:00,4159.8,4183.19,4153.13,4154.89,6562.3073,4154.89,4148.2435,4140.8772,4143.359332408701,4140.818200333077,2.5411320756247733,2.687312944440386,46.256499133449054,0.0030800730201283994,4148.2435,4186.768745462006,4109.718254537993
2025-10-13 06:45:00,4154.87,4174.38,4149.24,4170.0,4744.9311,4170.0,4146.805,4141.8846,4147.457896653516,4142.979815123219,4.478081530297459,3.0454666616118007,55.7509157509159,0.0025925554457691476,4146.805,4179.0179640462475,4114.592035953753
2025-10-13 07:00:00,4170.0,4188.91,4159.3,4183.67,6742.1103,4183.67,4147.3814999999995,4143.4862,4153.028989476053,4145.99390289187,7.035086584182864,3.8433906461260134,65.65971389754708,0.0022958904437757476,4147.3814999999995,4181.838110258983,4112.924889741016
2025-10-13 07:15:00,4183.67,4194.51,4177.5,4188.36,5217.5355,4188.36,4148.378,4145.0634,4158.46452955666,4149.132132307287,9.332397249372661,4.941191966775344,69.41336317135591,0.00229243807347418,4148.378,4186.369171606218,4110.386828393782
2025-10-13 07:30:00,4188.37,4198.0,4178.0,4187.9,5972.6603,4187.9,4149.759,4146.2212,4162.99306347102,4152.003826210451,10.989237260569098,6.150801025534095,76.37850672764102,0.0022358298949964836,4149.759,4191.4041197117085,4108.1138802882915
2025-10-13 07:45:00,4187.89,4187.89,4162.45,4178.3,6482.6663,4178.3,4150.7485,4147.0256,4165.34797678317,4153.9516909356025,11.396285847567924,7.199897989940862,73.3716313255053,0.002307009927523871,4150.7485,4194.171577674779,4107.325422325221
2025-10-13 08:00:00,4178.29,4192.93,4170.0,4186.95,5127.6492,4186.95,4151.919500000001,4148.3068,4168.671364970375,4156.396010125558,12.27535484481723,8.214989360916135,74.04479578392669,0.002333968485149603,4151.919500000001,4197.977094367926,4105.861905632076
2025-10-13 08:15:00,4186.95,4195.52,4178.73,4185.28,3213.3445,4185.28,4153.39,4149.2988000000005,4171.226539590317,4158.535564931072,12.690974659244603,9.11018642058183,69.68949771689542,0.002286751477274766,4153.39,4201.796727675226,4104.983272324775
2025-10-13 08:30:00,4185.29,4191.57,4174.0,4174.82,3739.557,4174.82,4154.907,4150.1454,4171.779379653345,4159.7418193806225,12.037560272722658,9.695661191009997,68.96520560325358,0.002270123161801435,4154.907,4204.034298917813,4105.779701082187
2025-10-13 08:45:00,4174.83,4183.72,4167.56,4175.36,2719.7783,4175.36,4156.686,4150.6902,4172.330244322061,4160.898721648725,11.431522673336076,10.042833487475214,68.86672710788781,0.0022435727215851975,4156.686,4206.08296747577,4107.28903252423
2025-10-13 09:00:00,4175.36,4177.0,4147.78,4149.47,5344.292,4149.47,4157.764,4150.6588,4168.8132836571285,4160.052149674745,8.761133982383399,9.786493586456851,58.90655292749151,0.002597358942538189,4157.764,4205.427420112858,4110.100579887142
2025-10-13 09:15:00,4149.47,4157.41,4142.63,4148.69,4845.5544,4148.69,4159.05,4150.9078,4165.717393863724,4159.210508958097,6.5068849056269755,9.130571850290876,56.87359640680126,0.0025772225751105366,4159.05,4204.075599268487,4114.024400731513
2025-10-13 09:30:00,4148.69,4165.03,4146.81,4157.4,3462.9656,4157.4,4160.492499999999,4151.0448,4164.437794807766,4159.076397183423,5.361397624343226,8.376737005101345,56.2062225118097,0.0025983691096174667,4160.492499999999,4203.192316775299,4117.792683224699
2025-10-13 09:45:00,4157.41,4165.67,4157.4,4164.56,2779.9316,4164.56,4161.6125,4151.898,4164.456595606572,4159.482589984651,4.974005621920696,7.696190728465216,52.119323241318,0.0025273283116436823,4161.6125,4203.4541291699015,4119.770870830099
2025-10-13 10:00:00,4164.56,4167.13,4150.54,4152.7,4324.5128,4152.7,4162.6050000000005,4152.5316,4162.647888590176,4158.980175911714,3.6677126784625216,6.890495118464678,49.08176100628909,0.0025621554020518957,4162.6050000000005,4202.4689245963455,4122.7410754036555
2025-10-13 10:15:00,4152.7,4160.88,4140.0,4154.08,3670.7741,4154.08,4163.621999999999,4152.9026,4161.329751883995,4158.617199918253,2.7125519657420227,6.054906487920147,42.456406368460954,0.002562223117379568,4163.621999999999,4201.366796560332,4125.877203439667
2025-10-13 10:30:00,4154.07,4156.68,4144.23,4152.24,2126.026,4152.24,4164.909,4153.3488,4159.931328517227,4158.144814739124,1.7865137781027443,5.201227945956667,33.226598356281286,0.0025249000642466476,4164.909,4198.892155517988,4130.925844482012
2025-10-13 10:45:00,4152.24,4161.12,4147.8,4151.75,1709.634,4151.75,4165.919,4153.834,4158.6726625915,4157.671124758448,1.0015378330517706,4.361289923375688,29.54520058107086,0.0025172683168791232,4165.919,4196.785418406993,4135.052581593007
2025-10-13 11:00:00,4151.75,4154.99,4113.95,4126.11,13909.9907,4126.11,4165.1165,4153.5478,4153.663022192807,4155.333263665229,-1.6702414724222763,3.154983644216095,23.05746925961479,0.002832479010838479,4165.1165,4199.245917022976,4130.987082977024
2025-10-13 11:15:00,4126.1,4130.4,4042.29,4043.12,18398.7376,4043.12,4159.282499999999,4151.7188,4136.656403393913,4147.021170060398,-10.364766666484684,0.4510335820759385,14.059342762948162,0.005129238990684399,4159.282499999999,4223.694089305456,4094.8709106945425
2025-10-13 11:30:00,4043.11,4090.0,4042.75,4081.5,16637.0454,4081.5,4155.612999999999,4150.8096,4128.170802871773,4142.1677500559235,-13.996947184150486,-2.4385625711693475,25.790899490334965,0.005679921650908504,4155.612999999999,4228.837341106896,4082.3886588931023
2025-10-13 11:45:00,4081.5,4096.37,4070.05,4080.39,5637.6667,4080.39,4151.1325,4149.6024,4120.819910122269,4137.591620422151,-16.771710299882216,-5.305192116911923,25.8573861805462,0.0055829223660589945,4151.1325,4231.288382307128,4070.9766176928715
2025-10-13 12:00:00,4080.38,4113.31,4056.57,4101.78,11783.3381,4101.78,4147.038,4148.778,4117.890693180381,4134.938907798288,-17.048214617906524,-7.653796617110845,33.99368863955131,0.00567987077110005,4147.038,4228.550372609527,4065.5256273904724
2025-10-13 12:15:00,4101.77,4110.52,4090.0,4108.24,3941.546,4108.24,4143.032,4147.897,4116.40597115263,4132.961210924341,-16.555239771711058,-9.434085248030888,35.663021189337115,0.00568957451686312,4143.032,4223.86592216542,4062.1980778345805
2025-10-13 12:30:00,4108.24,4133.64,4102.36,4117.99,6719.412,4117.99,4139.5365,4147.2924,4116.649667898379,4131.852232337353,-15.20256443897324,-10.58778108621936,42.7778287602092,0.005735773095372418,4139.5365,4218.218642767848,4060.854357232152
2025-10-13 12:45:00,4117.98,4125.76,4087.21,4097.12,9874.5827,4097.12,4135.4775,4146.2555999999995,4113.645103606321,4129.279474386438,-15.634370780117024,-11.597099024998894,39.167331848926736,0.005806277065328148,4135.4775,4214.115536832413,4056.839463167586
2025-10-13 13:00:00,4097.12,4112.66,4092.08,4100.26,9936.7103,4100.26,4131.143,4145.6158,4111.585856897656,4127.1298836911465,-15.544026793490048,-12.386484578697125,37.70971349909685,0.005777660885348712,4131.143,4207.354361523577,4054.931638476423
2025-10-13 13:15:00,4100.26,4117.08,4095.64,4102.06,8173.2454,4102.06,4126.981999999999,4144.861,4110.120340451864,4125.27285526958,-15.15251481771611,-12.939690626500925,36.23954205195957,0.0057855071446204455,4126.981999999999,4199.757853311916,4054.2061466880828
2025-10-13 13:30:00,4102.06,4180.0,4101.39,4136.23,32856.3043,4136.23,4125.0525,4144.8423999999995,4114.137211151577,4126.084495619982,-11.947284468405087,-12.741209394881759,46.698207770337945,0.00613291468352089,4125.0525,4194.456177704873,4055.6488222951266
2025-10-13 13:45:00,4136.22,4170.7,4116.67,4164.66,10650.1061,4164.66,4124.5175,4145.0274,4121.909947897488,4128.941940388871,-7.0319924913837895,-11.599366014182166,51.91347753743759,0.006347863375643193,4124.5175,4192.437452537131,4056.597547462869
2025-10-13 14:00:00,4164.66,4175.7,4128.36,4137.0,8719.9416,4137.0,4123.894,4144.457200000001,4124.231494374797,4129.538833693399,-5.307339318602317,-10.340960675066198,47.479158396189,0.006370857805978913,4123.894,4191.074401716211,4056.7135982837895
2025-10-13 14:15:00,4136.99,4145.8,4096.87,4109.32,11810.7891,4109.32,4121.925499999999,4142.668199999999,4121.937418317136,4128.041142308703,-6.103723991566767,-9.493513338366311,43.56087048896709,0.006537670482998361,4121.925499999999,4188.34964002386,4055.5013599761387
2025-10-13 14:30:00,4109.32,4133.99,4084.23,4111.83,11101.5743,4111.83,4119.647,4141.462,4120.38243088373,4126.840316952503,-6.4578860687724955,-8.886387884447549,47.66925638179805,0.00651547877585207,4119.647,4184.042877638689,4055.251122361311
2025-10-13 14:45:00,4111.84,4116.2,4081.29,4095.45,12928.8264,4095.45,4116.1915,4140.0024,4116.546672286234,4124.5151082893535,-7.9684360031196775,-8.702797508181975,60.914361990572694,0.006536526812156264,4116.1915,4177.796259992222,4054.5867400077777
2025-10-13 15:00:00,4095.45,4127.6,4093.32,4115.24,12779.2859,4115.24,4114.3185,4139.1016,4116.345645780659,4123.828063230883,-7.482417450224602,-8.4587214965905,57.62865153296548,0.006635713818143223,4114.3185,4173.478973744718,4055.158026255283
2025-10-13 15:15:00,4115.23,4140.93,4113.14,4117.21,9462.6937,4117.21,4112.475,4138.2756,4116.478623352865,4123.337836324892,-6.859212972027308,-8.138819791677863,58.29279279279282,0.006636681903435101,4112.475,4168.640604571281,4056.30939542872
2025-10-13 15:30:00,4117.22,4140.0,4116.57,4121.46,4919.8765,4121.46,4110.936,4137.4342,4117.244988990886,4123.198737337863,-5.953748346977591,-7.701805502737808,54.80328028897789,0.006644660481665008,4110.936,4164.12154706739,4057.7504529326097
2025-10-13 15:45:00,4121.45,4148.2,4121.45,4135.0,5463.9993,4135.0,4110.0985,4137.0168,4119.9765291461335,4124.072904942466,-4.0963757963327225,-6.980719561456791,56.313107483250015,0.006694328832423252,4110.0985,4161.058963219975,4059.1380367800252
2025-10-13 16:00:00,4135.01,4164.38,4133.38,4150.01,8042.5116,4150.01,4111.2935,4137.1274,4124.5970631236505,4125.9941712430245,-1.3971081193740247,-5.863997273040238,57.37108655616951,0.0065904256196531045,4111.2935,4164.88768871693,4057.6993112830696
2025-10-13 16:15:00,4150.02,4167.9,4129.14,4152.48,9176.4221,4152.48,4116.7615,4137.3814,4128.886745720012,4127.956084484282,0.9306612357304402,-4.505065571286102,63.92354124748481,0.004511872083297749,4116.7615,4162.860529000099,4070.6624709999005
2025-10-13 16:30:00,4152.47,4155.5,4140.99,4141.99,4601.2177,4141.99,4119.786,4137.663,4130.902630993856,4128.995633781742,1.90699721211422,-3.2226530146060375,60.12127091923348,0.004155921409317422,4119.786,4164.04474657552,4075.527253424481
2025-10-13 16:45:00,4142.0,4174.68,4139.69,4165.01,6656.5429,4165.01,4124.017,4138.5038,4136.149918533263,4131.663364612725,4.486553920538427,-1.6808116275771445,63.843075163829845,0.004283393083827973,4124.017,4168.595994864989,4079.4380051350113
2025-10-13 17:00:00,4165.01,4188.58,4157.2,4163.61,8289.6221,4163.61,4127.1085,4139.205,4140.374546451223,4134.0297820488195,6.344764402403598,-0.0756964215809955,57.034943473792374,0.004175314879305477,4127.1085,4173.723578326471,4080.493421673529
2025-10-13 17:15:00,4163.62,4173.96,4158.35,4168.99,3021.8378,4168.99,4130.146,4139.7416,4144.776923920266,4136.6194278229805,8.15749609728573,1.57094208219235,51.26202273389679,0.0041728761165237115,4130.146,4179.4252213713025,4080.866778628697
2025-10-13 17:30:00,4169.0,4188.0,4161.7,4183.45,6898.2003,4183.45,4133.419,4140.7536,4150.726627932533,4140.088359095352,10.638268837181386,3.384407433190158,64.66687717082395,0.004202483601063595,4133.419,4187.736575676596,4079.1014243234035
2025-10-13 17:45:00,4183.45,4239.0,4170.31,4234.62,16217.8017,4234.62,4140.294,4142.7712,4163.633300558297,4147.090702866067,16.54259769223063,6.016045484998253,84.45336559612832,0.0046844326088522235,4140.294,4208.339043719222,4072.2489562807777
2025-10-13 18:00:00,4234.62,4236.53,4200.0,4206.26,7082.448,4206.26,4145.594,4144.3664,4170.191254318559,4151.473613764877,18.71764055368203,8.556364498735011,72.73340074148973,0.005043109828023866,4145.594,4216.942071755106,4074.2459282448945
2025-10-13 18:15:00,4206.26,4230.6,4205.87,4228.48,4604.5487,4228.48,4151.915,4146.305,4179.158753654165,4157.177790523035,21.98096313113001,11.241284225214011,81.15018966889896,0.005115914354190474,4151.915,4229.178566548555,4074.6514334514445
2025-10-13 18:30:00,4228.47,4235.75,4217.3,4235.61,5183.9767,4235.61,4156.884,4148.174,4187.843560784294,4162.987583817625,24.855976966669004,13.964222773505014,79.96216458405934,0.004860546376293172,4156.884,4242.257351543076,4071.510648456924
2025-10-13 18:45:00,4235.61,4239.75,4214.02,4228.35,3672.6214,4228.35,4160.068499999999,4149.545,4194.075320663633,4167.829244275578,26.246076388054462,16.420593496414902,76.95479239425711,0.004709864823932842,4160.068499999999,4251.219035587608,4068.9179644123906
2025-10-13 19:00:00,4228.35,4252.92,4223.42,4252.05,7113.3704,4252.05,4165.820999999999,4151.4882,4202.994502099997,4174.067818773684,28.92668332631274,18.92181146239447,78.94153627942043,0.004486403173251503,4165.820999999999,4265.008871902992,4066.6331280970057
2025-10-13 19:15:00,4252.06,4265.31,4241.45,4248.51,8336.9228,4248.51,4172.7805,4153.0584,4209.996886392305,4179.582054420078,30.414831972227148,21.22041556436101,76.32299058485248,0.004106771798276805,4172.7805,4274.76917439193,4070.7918256080693
2025-10-13 19:30:00,4248.51,4265.99,4244.4,4265.46,5256.661,4265.46,4180.4619999999995,4154.6942,4218.529673101181,4185.943383722294,32.58628937888716,23.49359032726624,76.53413008503809,0.004130124781004948,4180.4619999999995,4286.194974013297,4074.7290259867023
2025-10-13 19:45:00,4265.46,4271.12,4249.45,4251.96,9552.114,4251.96,4188.2875,4155.9662,4223.672800316384,4190.833503446569,32.83929686981537,25.36273163577607,71.76043398372582,0.004072990733956414,4188.2875,4290.641476473863,4085.933523526138
2025-10-13 20:00:00,4251.96,4267.83,4250.52,4261.55,4493.6403,4261.55,4195.603,4157.4392,4229.500061806171,4196.071762450527,33.42829935564441,26.975845179749737,76.25614898102616,0.0040151950471762,4195.603,4296.882939531926,4094.3230604680734
2025-10-13 20:15:00,4261.54,4262.36,4244.36,4250.07,3911.2184,4250.07,4202.246,4158.8746,4232.664667682145,4200.071631898636,32.59303578350864,28.09928330050152,69.67706116406026,0.004129357143240321,4202.246,4299.212979599465,4105.279020400535
2025-10-13 20:30:00,4250.07,4262.71,4243.72,4255.94,4064.8944,4255.94,4208.969999999999,4160.2544,4236.245488038738,4204.210029535774,32.03545850296359,28.886518340993938,70.92606862789549,0.0041275808798259955,4208.969999999999,4300.867827933845,4117.072172066154
2025-10-13 20:45:00,4255.94,4291.57,4255.94,4286.21,8484.4823,4286.21,4216.5305,4162.273,4243.932336032778,4210.284101422013,33.64823461076503,29.83886159494816,73.87372708757651,0.004294444290844845,4216.5305,4307.68217775117,4125.37882224883
2025-10-13 21:00:00,4286.21,4292.0,4267.1,4267.81,5745.6479,4267.81,4222.4205,4164.132799999999,4247.605822796966,4214.545279094456,33.060543702509676,30.483198016460467,66.9098781270047,0.00447881056185901,4222.4205,4310.6507644043,4134.1902355957
2025-10-13 21:15:00,4267.8,4282.01,4264.36,4267.1,3250.697,4267.1,4228.1515,4165.9676,4250.604926982048,4218.438221383756,32.16670559829163,30.8198995328267,58.1616242838478,0.004489327128574849,4228.1515,4312.036697056892,4144.266302943108
2025-10-13 21:30:00,4267.11,4270.39,4259.72,4265.89,1864.2886,4265.89,4234.346500000001,4168.295999999999,4252.956476677117,4221.953167947922,31.00330872919494,30.85658137210035,67.3514520165281,0.0044142172147857445,4234.346500000001,4309.260176152937,4159.432823847064
2025-10-13 21:45:00,4265.89,4266.64,4255.22,4258.29,1558.596,4258.29,4239.0105,4170.488,4253.7770187267915,4224.644785136966,29.132233589825773,30.511711815645434,59.480949049042806,0.004362502513989752,4239.0105,4307.047583843334,4170.973416156667
2025-10-13 22:00:00,4258.29,4272.17,4255.22,4261.7,3428.9388,4261.7,4243.915,4172.5740000000005,4254.99593892267,4227.389615867561,27.606323055108987,29.93063406353815,58.498925011401454,0.0043499589868821005,4243.915,4302.560156483354,4185.269843516646
2025-10-13 22:15:00,4261.7,4268.4,4251.84,4253.01,2539.3432,4253.01,4248.116,4174.343,4254.690409857644,4229.287422099594,25.402987758050585,29.025104802440637,57.95894655305959,0.004408576312365448,4248.116,4295.025663868121,4201.206336131879
2025-10-13 22:30:00,4253.01,4265.92,4251.9,4264.92,1717.8264,4264.92,4252.1895,4176.5874,4256.264192956468,4231.926872314439,24.337320642029226,28.087547970358354,54.495912806539465,0.0043914443266580075,4252.1895,4288.379840365889,4215.9991596341115
2025-10-13 22:45:00,4264.92,4276.13,4261.88,4271.15,2054.3249,4271.15,4254.0160000000005,4178.9288,4258.554317117011,4234.832289180036,23.722027936974882,27.21444396368166,57.76299547387171,0.003510243542247745,4254.0160000000005,4290.160038396232,4217.871961603769
2025-10-13 23:00:00,4271.16,4271.16,4253.94,4256.01,3460.331,4256.01,4256.5035,4181.0042,4258.1628837143935,4236.401008500034,21.76187521435986,26.1239302138173,46.718977848760545,0.00323293098659028,4256.5035,4284.806176291693,4228.200823708306
2025-10-13 23:15:00,4256.01,4260.53,4249.14,4251.35,3072.2306,4251.35,4257.647,4182.9962000000005,4257.114747758333,4237.508341203735,19.606406554597925,24.820425481973427,49.774358215580506,0.0030556987695010583,4257.647,4282.862021504707,4232.431978495293
2025-10-13 23:30:00,4251.34,4255.52,4236.08,4243.93,3566.0275,4243.93,4258.063,4185.3526,4255.086325026281,4237.984019633088,17.10230539319309,23.276801464217364,43.37593984962406,0.003068553493436024,4258.063,4281.988774782784,4234.137225217216
2025-10-13 23:45:00,4243.94,4244.37,4236.73,4240.85,2211.4541,4240.85,4258.688,4189.3072,4252.896121176083,4238.196314475082,14.699806701001762,21.561402511574247,46.300160513643874,0.0030456314675809592,4258.688,4279.837668754621,4237.53833124538
2025-10-14 00:00:00,4240.86,4247.33,4235.36,4236.71,2278.6031,4236.71,4257.921,4192.4114,4250.405948687455,4238.086217106557,12.319731580897496,19.713068325438897,42.174656140636564,0.002768368143619502,4257.921,4281.09956986662,4234.74243013338
2025-10-14 00:15:00,4236.7,4257.38,4235.7,4250.87,3121.1037,4250.87,4258.039,4195.821,4250.477341197077,4239.033163987553,11.444177209524241,18.059290102255968,33.44885724990603,0.002871801072390266,4258.039,4281.039183889624,4235.038816110376
2025-10-14 00:30:00,4250.88,4263.38,4244.46,4248.44,3409.2538,4248.44,4257.188,4198.754199999999,4250.163904089834,4239.729966655142,10.43393743469278,16.53421956874333,39.33252560854664,0.002717931908430801,4257.188,4280.291318148761,4234.084681851239
2025-10-14 00:45:00,4248.44,4248.44,4227.38,4242.11,4112.0646,4242.11,4256.6955,4201.4316,4248.924841922168,4239.906265421428,9.018576500739982,15.03109095514266,37.03972616948399,0.0026465126002349175,4256.6955,4280.671534943004,4232.719465056995
2025-10-14 01:00:00,4242.11,4243.86,4203.0,4217.33,9003.3435,4217.33,4254.4845000000005,4203.4184000000005,4244.064097011065,4238.233949464285,5.8301475467806085,13.19090227347025,29.76329388231332,0.002874662339848017,4254.4845000000005,4284.074130811963,4224.894869188038
2025-10-14 01:15:00,4217.33,4231.43,4214.06,4224.38,4207.8348,4224.38,4253.2,4205.9636,4241.0357743939785,4237.2077309854485,3.828043408529993,11.3183305004822,35.80339948086733,0.0028664379020294966,4253.2,4285.68526467588,4220.71473532412
2025-10-14 01:30:00,4224.38,4228.28,4215.0,4220.64,1786.4,4220.64,4251.4349999999995,4208.3712,4237.89796294875,4235.980491653193,1.917471295557334,9.438158659497226,32.85738142952572,0.002841200379715322,4251.4349999999995,4286.984759048839,4215.88524095116
2025-10-14 01:45:00,4220.65,4220.7,4203.0,4211.33,2834.3103,4211.33,4247.691,4210.5566,4233.810584033558,4234.154529308512,-0.3439452749535121,7.481737872607078,32.688154178434715,0.002243419966142901,4247.691,4283.590685323487,4211.791314676512
2025-10-14 02:00:00,4211.33,4211.64,4193.56,4201.85,5046.7351,4201.85,4244.393,4211.869,4228.893571105318,4231.761601211585,-2.868030106266815,5.411784276832299,23.264094955489483,0.002123097143850995,4244.393,4284.395176835626,4204.390823164374
2025-10-14 02:15:00,4201.84,4207.38,4182.7,4191.25,7213.3961,4191.25,4240.6005000000005,4212.400799999999,4223.102252473731,4228.7607418625785,-5.658489388847556,3.197729543696328,17.339764551994833,0.0021526400189149707,4240.6005000000005,4285.607485878914,4195.593514121087
2025-10-14 02:30:00,4191.24,4199.16,4178.52,4181.89,6084.8553,4181.89,4236.4005,4213.2986,4216.76190593931,4225.288835057943,-8.526929118633234,0.8527978112304151,18.199759739145392,0.0021676267093198977,4236.4005,4286.822510012438,4185.978489987561
2025-10-14 02:45:00,4181.89,4186.43,4167.86,4172.31,6103.6263,4172.31,4232.1015,4214.5584,4209.923151179417,4221.364476905503,-11.441325726085779,-1.6060268962328246,17.46253910752513,0.0021803479701066357,4232.1015,4288.9209085725715,4175.282091427428
2025-10-14 03:00:00,4172.31,4174.59,4140.84,4152.9,13131.6211,4152.9,4226.6615,4215.3798,4201.150358690275,4216.293034171762,-15.142675481486549,-4.31335661328357,15.893593106032156,0.002279728625517729,4226.6615,4291.7768616850835,4161.546138314917
2025-10-14 03:15:00,4152.9,4164.35,4137.63,4141.33,7559.6154,4141.33,4221.077499999999,4216.2973999999995,4191.9472265840795,4210.740216825706,-18.792990241626285,-7.2092833389521145,14.942933633929812,0.002298688996154108,4221.077499999999,4295.2091742802295,4146.945825719769
2025-10-14 03:30:00,4141.33,4156.54,4138.53,4154.05,5033.0356,4154.05,4215.534,4217.0736,4186.116884032683,4206.540941505284,-20.424057472600907,-9.852238165681875,22.541854903003056,0.002324958987198313,4215.534,4292.39280763836,4138.675192361639
2025-10-14 03:45:00,4154.05,4166.24,4150.98,4153.56,5538.7716,4153.56,4209.6545,4217.8006,4181.108132643039,4202.616427319707,-21.5082946766679,-12.183449467879083,14.446474241870945,0.0022514477650304814,4209.6545,4286.590330123902,4132.718669876097
2025-10-14 04:00:00,4153.56,4160.75,4139.08,4150.24,5045.5909,4150.24,4204.366,4218.376200000001,4176.359189159495,4198.736691962692,-22.377502803196876,-14.222260134942644,14.353129083781283,0.002196339238616347,4204.366,4282.418229584875,4126.313770415125
2025-10-14 04:15:00,4150.24,4158.82,4140.57,4155.7,3637.5311,4155.7,4199.5835,4218.7902,4173.180852365726,4195.548788854344,-22.367936488617488,-15.851395405677613,18.433550084021576,0.0022704857043130667,4199.5835,4277.234747666879,4121.93225233312
2025-10-14 04:30:00,4155.71,4155.71,4116.01,4123.39,8650.8035,4123.39,4193.5565,4218.2578,4165.520721232538,4190.203693383652,-24.682972151113972,-17.617710754764886,17.472299168975326,0.0027130124905166892,4193.5565,4275.318021068172,4111.794978931827
2025-10-14 04:45:00,4123.4,4123.4,4087.17,4100.09,13239.7083,4100.09,4186.5185,4217.21,4155.454456427532,4183.528604984863,-28.074148557330773,-19.708998315278066,11.316526610644402,0.002864419477275314,4186.5185,4275.088588398739,4097.948411601261
2025-10-14 05:00:00,4100.1,4126.84,4097.3,4120.09,7451.9068,4120.09,4180.6875,4216.772,4150.013770823296,4178.829449060058,-28.815678236762324,-21.53033429957492,21.58159516138157,0.0032177062878668695,4180.6875,4270.688301604692,4090.6866983953078
2025-10-14 05:15:00,4120.09,4120.09,4095.62,4100.91,4426.0182,4100.91,4173.1895,4215.49,4142.459344542789,4173.057638018572,-30.598293475783066,-23.343926134816552,20.441160723846323,0.0030932331908631663,4173.1895,4263.557346511754,4082.821653488247
2025-10-14 05:30:00,4100.91,4104.4,4057.03,4060.56,14749.6064,4060.56,4163.7955,4213.429,4129.85944538236,4164.724479646826,-34.865034264465976,-25.648147760746436,17.5419251091202,0.0035601129025293744,4163.7955,4260.093254573011,4067.4977454269892
2025-10-14 05:45:00,4060.56,4074.43,4055.29,4069.99,6736.0802,4069.99,4155.1894999999995,4211.4490000000005,4120.648761477381,4157.707110784098,-37.05834930671699,-27.93018806994055,21.992793791574286,0.0037023333260709492,4155.1894999999995,4252.7740323108665,4057.604967689133
2025-10-14 06:00:00,4070.0,4091.1,4064.32,4064.89,8346.8888,4064.89,4147.567499999999,4209.0778,4112.070490480861,4150.831769244536,-38.761278763675364,-30.096406208687515,22.434266327396074,0.0035964815308994853,4147.567499999999,4248.472541108299,4046.6624588916993
2025-10-14 06:15:00,4064.89,4072.9,4044.32,4045.55,11060.0689,4045.55,4138.626,4205.2964,4101.836568868421,4143.033119670868,-41.196550802446836,-32.316435127439384,21.447878187224077,0.0035538324394199677,4138.626,4242.5207660705655,4034.7312339294344
2025-10-14 06:30:00,4045.55,4059.83,3989.46,3993.93,23110.4297,3993.93,4127.290500000001,4201.0498,4085.235558273279,4131.988444139693,-46.752885866413635,-35.203725275234234,18.730083795586026,0.0042536462429988795,4127.290500000001,4242.376597285629,4012.2044027143734
2025-10-14 06:45:00,3993.93,4014.66,3965.56,4003.38,24424.1759,4003.38,4116.893,4196.547799999999,4072.642395462005,4122.461892721937,-49.81949725993218,-38.12687967217383,22.636569206966428,0.004404498537314771,4116.893,4237.454721096294,3996.3312789037063
2025-10-14 07:00:00,4003.39,4018.74,3986.4,4004.69,13291.808,4004.69,4107.035,4191.9294,4062.188180775542,4113.738048816608,-51.54986804106602,-40.81147734595227,18.968669492229708,0.004450263442609054,4107.035,4230.553657359146,3983.516342640854
2025-10-14 07:15:00,4004.69,4025.78,3996.0,4016.21,8440.5387,4016.21,4098.283,4187.6866,4055.1146145023818,4106.513748904266,-51.39913440188457,-42.92900875713873,22.714450315864738,0.004602977959723377,4098.283,4221.481721131504,3975.0842788684968
2025-10-14 07:30:00,4016.21,4018.01,3976.88,3987.19,12545.5384,3987.19,4088.5480000000002,4182.3894,4044.6646738097074,4097.674952689135,-53.010278879427915,-44.945262781596576,20.609971520242297,0.004742659745701064,4088.5480000000002,4214.66512427663,3962.4308757233707
2025-10-14 07:45:00,3987.2,3988.09,3969.3,3981.19,15713.4242,3981.19,4078.9919999999997,4177.043,4034.8993393774444,4089.046437675125,-54.147098297680714,-46.78562988481341,18.605404238477334,0.004746607672810852,4078.9919999999997,4207.329210192593,3950.6547898074073
2025-10-14 08:00:00,3981.19,3991.06,3951.14,3987.24,15877.5307,3987.24,4070.709,4171.4786,4027.5671333193754,4081.50522006956,-53.93808675018454,-48.21612125788764,22.950689394842357,0.004788200496739311,4070.709,4200.3388073098,3941.0791926901998
2025-10-14 08:15:00,3987.25,3993.38,3965.46,3992.97,8739.9441,3992.97,4063.291,4166.2988000000005,4022.244497424087,4074.947055619963,-52.70255819587601,-49.11340864548532,27.120888509184027,0.004845526626531443,4063.291,4192.884660485045,3933.6973395149553
2025-10-14 08:30:00,3992.98,4011.0,3992.18,4005.01,8516.3224,4005.01,4055.839,4161.168,4019.5930362819195,4069.7665329814477,-50.17349669952819,-49.3254262562939,24.55558503581858,0.004842562601479288,4055.839,4180.505112206366,3931.1728877936343
2025-10-14 08:45:00,4005.0,4007.23,3980.51,3996.3,4856.3319,3996.3,4047.976,4156.0926,4016.009492238547,4064.3245675754147,-48.31507533686772,-49.12335607240867,25.747670051467594,0.004826460955178302,4047.976,4166.370302032247,3929.5816979677525
2025-10-14 09:00:00,3996.31,4005.92,3988.19,3996.28,4466.1089,3996.28,4040.278,4150.8994,4012.9741857403087,4059.284229236495,-46.310043496186154,-48.56069355716417,31.669898482947502,0.004839391750145903,4040.278,4150.408179161411,3930.1478208385893
2025-10-14 09:15:00,3996.28,4010.0,3990.1,3999.75,5206.0152,3999.75,4032.4805,4145.1702000000005,4010.939695626415,4054.8742863300877,-43.93459070367271,-47.635472986465885,29.265556736332584,0.004824872503216423,4032.4805,4129.505052828645,3935.455947171356
2025-10-14 09:30:00,3999.74,4014.61,3992.98,3997.85,5432.0709,3997.85,4026.2035000000005,4139.771,4008.925896299274,4050.6502651204514,-41.72436882117745,-46.4532521534082,29.829100974846597,0.004629161830972265,4026.2035000000005,4114.296869193198,3938.1101308068023
2025-10-14 09:45:00,3997.85,3999.08,3970.0,3985.27,12121.9047,3985.27,4020.4625,4134.1344,4005.2865276378475,4045.807282518936,-40.52075488108858,-45.26675269894428,31.093965625392045,0.004545075009058178,4020.4625,4103.076699079174,3937.8483009208253
2025-10-14 10:00:00,3985.26,3986.12,3959.11,3966.29,5619.9013,3966.29,4012.7725,4128.1424,3999.2870618474094,4039.917113443459,-40.630051596049725,-44.339412478365375,39.099227007414484,0.004350219109308344,4012.7725,4084.2170710435653,3941.327928956435
2025-10-14 10:15:00,3966.29,3966.58,3916.0,3919.57,21313.7741,3919.57,4003.7055,4121.3679999999995,3987.0228984862697,4031.0025124476474,-43.97961396137771,-44.26745277496784,24.45595854922277,0.004851250310248677,4003.7055,4074.0727012339134,3933.3382987660866
2025-10-14 10:30:00,3919.57,3941.13,3888.74,3929.81,27127.2177,3929.81,3997.168,4114.7302,3978.220914103767,4023.506770784859,-45.2858566810919,-44.47113355619266,28.355879292403657,0.004619134900041175,3997.168,4069.5604420598524,3924.775557940148
2025-10-14 10:45:00,3929.81,3947.99,3918.24,3942.37,9571.2046,3942.37,3990.7870000000003,4108.5174,3972.705388857033,4017.49663961561,-44.79125075857701,-44.535156996669535,28.784047810596377,0.004662362492025176,3990.7870000000003,4058.4993883870115,3923.074611612989
2025-10-14 11:00:00,3942.37,3982.97,3941.12,3976.29,13091.3712,3976.29,3986.357,4102.7447999999995,3973.2568674944127,4014.4442959403796,-41.187428445966816,-43.865611286528996,46.95394589760784,0.0051900115047659005,3986.357,4044.585237353402,3928.128762646598
2025-10-14 11:15:00,3976.29,3982.09,3959.1,3969.23,8601.2331,3969.23,3982.541,4096.7064,3972.6373494183495,4011.0950888336847,-38.457739415335254,-42.784036912290254,46.677408600955644,0.005121426305833896,3982.541,4034.051432219013,3931.0305677809874
2025-10-14 11:30:00,3969.22,3986.0,3966.57,3970.31,6069.9771,3970.31,3981.3599999999997,4090.9924,3972.2792956616804,4008.0739711423003,-35.794675480619844,-41.38616462595618,45.1631335352266,0.004301809185940994,3981.3599999999997,4032.854066699808,3929.8659333001915
2025-10-14 11:45:00,3970.3,3984.6,3968.25,3971.85,6506.1831,3971.85,3979.7835,4085.4024,3972.213250175268,4005.3907140206484,-33.177463845380316,-39.74442446984101,43.81805409202672,0.0042601194462682825,3979.7835,4030.361501157359,3929.205498842641
2025-10-14 12:00:00,3971.85,3973.97,3951.85,3968.97,6864.2575,3968.97,3977.9975,4079.9032,3971.7142886098422,4002.6928833524526,-30.978594742610312,-37.99125852439487,38.85314858344656,0.004257336331506058,3977.9975,4027.3809397452615,3928.6140602547384
2025-10-14 12:15:00,3968.97,3969.54,3938.16,3950.4,5708.9466,3950.4,3974.707,4074.0942,3968.4351672852517,3998.8193364374565,-30.384169152204777,-36.46984064995686,36.61963619402975,0.004282755235945782,3974.707,4022.0996901316653,3927.3143098683345
2025-10-14 12:30:00,3950.39,3953.87,3931.5,3942.4,7817.011,3942.4,3972.4674999999997,4068.208,3964.429756933675,3994.6401263309785,-30.210369397303566,-35.217946399426204,34.99164345403889,0.004023180266269077,3972.4674999999997,4021.5783914388253,3923.356608561174
2025-10-14 12:45:00,3942.4,3963.8,3933.33,3941.1,6613.8664,3941.1,3970.4630000000006,4062.0126,3960.840563559263,3990.6741910472024,-29.83362748793934,-34.14108261712883,33.46303501945518,0.004017185621410484,3970.4630000000006,4021.3165689791413,3919.60943102086
2025-10-14 13:00:00,3941.1,3948.49,3924.21,3940.68,6002.2811,3940.68,3968.1349999999998,4055.8574,3957.7389383962995,3986.9709176362985,-29.231979239998964,-33.15926194170286,33.74466875177701,0.0039905622470900156,3968.1349999999998,4020.007462423874,3916.2625375761254
2025-10-14 13:15:00,3940.68,3954.56,3924.43,3948.01,6967.3564,3948.01,3965.887,4049.9754000000003,3956.242178643023,3984.0849237373136,-27.84274509429042,-32.09595857222037,39.07971864009385,0.004002914789759898,3965.887,4017.120710161023,3914.6532898389773
2025-10-14 13:30:00,3948.0,3968.87,3893.77,3938.49,23678.5425,3938.49,3962.561,4044.3986,3953.5110742364045,3980.707521978994,-27.1964477425895,-31.116056406294195,41.37396053121505,0.003931203747750644,3962.561,4011.69450872899,3913.4274912710102
2025-10-14 13:45:00,3938.47,3976.24,3928.0,3956.03,38875.9356,3956.03,3960.5474999999997,4039.0316,3953.8986012769574,3978.879557387957,-24.980956110999614,-29.88903634723528,63.81479236132153,0.004088104528834845,3960.5474999999997,4007.091724979788,3914.0032750202113
2025-10-14 14:00:00,3956.02,3983.94,3940.13,3983.79,39059.2223,3983.79,3959.9230000000002,4034.2946,3958.4972780035796,3979.243293877738,-20.746015874158275,-28.06043225261988,68.05592721434294,0.004420719753597231,3959.9230000000002,4004.752115116485,3915.0938848835153
2025-10-14 14:15:00,3983.79,4017.56,3968.37,3977.95,25748.9379,3977.95,3958.833,4029.6269999999995,3961.4900044645674,3979.1474943312387,-17.657489866671312,-25.979843775430165,62.46147380218536,0.0044233105466593365,3958.833,4000.5358491267084,3917.1301508732918
2025-10-14 14:30:00,3977.94,3999.86,3952.86,3988.51,12642.5172,3988.51,3958.3659999999995,4025.3602,3965.6469268546334,3979.8410132696654,-14.194086415031961,-23.622692303350526,55.11725293132332,0.004470555714007084,3958.3659999999995,3998.4051715569785,3918.3268284430205
2025-10-14 14:45:00,3988.52,4011.29,3967.44,3970.14,12739.9564,3970.14,3957.6094999999996,4020.9380000000006,3966.3381688769973,3979.1224196941344,-12.784250817137035,-21.45500400610783,50.34809884477081,0.004534212815784905,3957.6094999999996,3996.048100377345,3919.1708996226544
2025-10-14 15:00:00,3970.13,3994.95,3960.24,3963.77,10662.046,3963.77,3957.4835,4016.5756,3965.943065972844,3977.9852034204946,-12.042137447650475,-19.57243069441636,47.595588235294166,0.004419787466200219,3957.4835,3995.818674599848,3919.148325400152
2025-10-14 15:15:00,3963.77,3989.12,3950.15,3980.47,7764.694,3980.47,3960.5284999999994,4012.7388,3968.177978900099,3978.169262426384,-9.991283526285315,-17.65620126079015,52.851283408309015,0.0035398985835649027,3960.5284999999994,3995.7302848085287,3925.32671519147
2025-10-14 15:30:00,3980.48,4031.72,3978.56,4023.01,16973.8168,4023.01,3965.1884999999993,4010.1410000000005,3976.6136744539303,3981.4907985429486,-4.877124089018253,-15.10038582643577,64.15994130594274,0.004165440965976161,3965.1884999999993,4007.271216680123,3923.1057833198756
2025-10-14 15:45:00,4023.02,4088.79,4023.02,4085.4,24040.2867,4085.4,3972.34,4009.0224,3993.3500322302493,3989.1877764286564,4.162255801592892,-11.247857500830039,78.76747357654253,0.005248064530893313,3972.34,4039.3345452612252,3905.345454738775
2025-10-14 16:00:00,4085.41,4101.81,4057.59,4091.56,13946.6183,4091.56,3978.1035,4007.7726000000002,4008.4592580409803,3996.770904100608,11.688353940372508,-6.660615212589529,82.0360824742265,0.004997500284387145,3978.1035,4063.7622175089873,3892.444782491013
2025-10-14 16:15:00,4091.56,4164.62,4087.89,4132.32,32121.6089,4132.32,3986.2579999999994,4007.3478000000005,4027.514756803906,4006.811577870933,20.70317893297306,-1.1878563834770102,85.11716741350156,0.005280958379132287,3986.2579999999994,4096.020229070602,3876.495770929397
2025-10-14 16:30:00,4132.33,4144.18,4109.35,4129.59,15184.1652,4129.59,3994.222,4006.9348,4043.218640372536,4015.906275806419,27.312364566116685,4.51218780644173,84.40106348107943,0.005301365418192414,3994.222,4120.9193314387685,3867.524668561232
2025-10-14 16:45:00,4129.59,4149.1,4078.43,4096.23,17562.3871,4096.23,4000.4410000000003,4005.7454,4051.3742341613765,4021.85618130224,29.518052859136333,9.513360816980653,74.65402528276758,0.005754027274466939,4000.4410000000003,4134.510598563463,3866.371401436538
2025-10-14 17:00:00,4096.23,4136.79,4048.49,4125.19,23112.3377,4125.19,4008.2520000000004,4005.7813999999994,4062.730505828857,4029.510538242815,33.219967586042,14.254682170792925,79.16822897137847,0.00585432342306043,4008.2520000000004,4152.423883323598,3864.080116676403
2025-10-14 17:15:00,4125.18,4141.22,4111.21,4122.65,9709.8117,4122.65,4016.8644999999997,4006.2326000000003,4071.9488895474938,4036.409757632236,35.53913191525771,18.511572119685884,77.31117230527131,0.0056801545599406995,4016.8644999999997,4166.943652516331,3866.785347483669
2025-10-14 17:30:00,4122.65,4133.69,4091.43,4112.37,11718.3436,4112.37,4025.363,4006.0782,4078.1675219248023,4042.0364422520706,36.13107967273163,22.035473630295034,72.35707330644036,0.0056992165839239465,4025.363,4176.9300223957525,3873.795977604247
2025-10-14 17:45:00,4112.37,4123.0,4099.53,4101.42,7315.1976,4101.42,4033.379,4006.0883999999996,4081.7448262440635,4046.4352243074723,35.30960193659121,24.690299291554272,71.09372330611272,0.005775532960510112,4033.379,4183.128938778719,3883.629061221281
2025-10-14 18:00:00,4101.42,4133.88,4097.06,4129.1,8466.3426,4129.1,4042.8,4007.4592,4089.030237591131,4052.558541025437,36.47169656569395,27.046578746382213,72.69117789470289,0.0058462153213129486,4042.8,4191.700008978185,3893.8999910218154
2025-10-14 18:15:00,4129.09,4137.92,4112.51,4115.68,6744.1844,4115.68,4051.1835,4008.373,4093.1302010386494,4057.2342046531826,35.89599638546679,28.81646227419913,73.87153916808828,0.005979107829269003,4051.1835,4196.448375353948,3905.918624646052
2025-10-14 18:30:00,4115.67,4127.79,4093.91,4103.79,11144.1508,4103.79,4059.4485,4009.151,4094.770170109626,4060.68278208628,34.08738802334619,29.870647424028544,72.55767495811315,0.005998989675076343,4059.4485,4196.281370362343,3922.6156296376566
2025-10-14 18:45:00,4103.79,4130.0,4100.97,4120.91,11255.1785,4120.91,4067.6925,4010.6582,4098.791682400453,4065.144057487296,33.647624913157415,30.62604292185432,72.59476156766844,0.005993438454088142,4067.6925,4198.002432226445,3937.382567773555
2025-10-14 19:00:00,4120.9,4130.79,4114.77,4129.16,5125.5514,4129.16,4074.9610000000002,4013.3628000000003,4103.463731261922,4069.885979154904,33.57775210701766,31.21638475888699,69.19599262179459,0.005878975493793512,4074.9610000000002,4201.734917938557,3948.187082061443
2025-10-14 19:15:00,4129.16,4148.49,4127.04,4133.19,7259.3372,4133.19,4082.7229999999995,4015.9590000000003,4108.037003375472,4074.5751658841705,33.46183749130114,31.665475305369817,60.95447668821336,0.005832533414500703,4082.7229999999995,4203.34833051612,3962.0976694838787
2025-10-14 19:30:00,4133.19,4135.0,4049.16,4057.44,24655.4074,4057.44,4086.1695,4017.014,4100.252849010014,4073.3058943371952,26.94695467281872,30.7217711788596,44.07062421798972,0.007377977176339743,4086.1695,4199.15790899573,3973.1810910042695
2025-10-14 19:45:00,4057.45,4122.75,4051.33,4102.94,17512.9487,4102.94,4092.8095000000003,4018.7486000000004,4100.666256854627,4075.501013275181,25.16524357944627,29.61046565897694,44.97709088422345,0.0076031390525532335,4092.8095000000003,4191.833070288338,3993.785929711663
2025-10-14 20:00:00,4102.96,4115.18,4072.69,4087.64,10655.4759,4087.64,4099.003,4020.7576,4098.66221733853,4076.400197477019,22.262019861511362,28.140776499483824,43.12362718421133,0.00766593712294316,4099.003,4177.388367619598,4020.6176323804007
2025-10-14 20:15:00,4087.64,4115.97,4085.4,4107.2,6959.4207,4107.2,4105.3395,4023.2778000000003,4099.975722363372,4078.681664330573,21.294058032799512,26.77143280614696,51.88339113415518,0.007677384488674683,4105.3395,4160.398046628652,4050.280953371348
2025-10-14 20:30:00,4107.2,4126.0,4098.76,4122.38,4452.4285,4122.38,4110.308,4025.9806,4103.422534307469,4081.9185780838634,21.5039562236052,25.717937489638608,49.49360245089215,0.007395672403756935,4110.308,4149.825801771598,4070.7901982284025
2025-10-14 20:45:00,4122.38,4124.99,4113.0,4118.0,2465.5592,4118.0,4111.938,4028.4812000000006,4105.665221337089,4084.591276003577,21.0739453335118,24.789139058413248,49.167531956031425,0.006599185453016247,4111.938,4149.78391897649,4074.09208102351
2025-10-14 21:00:00,4118.0,4122.63,4092.73,4097.03,2743.785,4097.03,4112.211499999999,4030.3216,4104.336725746767,4085.512662966275,18.824062780492113,23.596123802829023,47.35498999931027,0.006705991872133299,4112.211499999999,4149.512492099354,4074.9105079006454
2025-10-14 21:15:00,4097.03,4115.0,4097.02,4110.6,1733.8378,4110.6,4111.1255,4032.6075999999994,4105.300306401111,4087.3709842280327,17.929322173078162,22.46276347687885,51.568694463431356,0.006345857029173213,4111.1255,4147.206217390119,4075.044782609882
2025-10-14 21:30:00,4110.6,4119.14,4099.51,4110.33,1823.3791,4110.33,4110.1625,4034.8885999999998,4106.0741054163245,4089.0716520629935,17.00245335333102,21.37070145216929,46.461027942230025,0.006345196873346181,4110.1625,4145.180642591284,4075.1443574087166
2025-10-14 21:45:00,4110.33,4122.5,4102.45,4117.9,2083.7572,4117.9,4111.246,4037.2515999999996,4107.893473813813,4091.2070852435127,16.68638857030055,20.433838875795544,50.42800956273606,0.006080329795936379,4111.246,4145.786773404566,4076.7052265954344
2025-10-14 22:00:00,4117.9,4141.47,4117.9,4130.7,5378.3049,4130.7,4111.5215,4039.9086000000007,4111.40217015015,4094.1324863365853,17.26968381356437,19.801007863349312,55.170028818443775,0.005909678306378049,4111.5215,4146.614050881712,4076.4289491182876
2025-10-14 22:15:00,4130.7,4131.24,4121.17,4122.37,2005.6647,4122.37,4111.5075,4042.6506,4113.089528588588,4096.224154015356,16.865374573231747,19.2138812053258,50.290304621013284,0.005926678328396943,4111.5075,4146.581576121925,4076.4334238780743
2025-10-14 22:30:00,4122.38,4123.36,4110.67,4112.59,1904.838,4112.59,4111.5185,4045.5766,4113.012678036497,4097.436438903108,15.576239133389208,18.486352790938483,46.72516700264838,0.005924043193746333,4111.5185,4146.593853035193,4076.4431469648066
2025-10-14 22:45:00,4112.6,4120.22,4101.84,4119.22,3453.4862,4119.22,4112.4085,4049.5696000000003,4113.967650646267,4099.050036021396,14.917614624871021,17.772605157724993,47.26710747681847,0.005899244857442737,4112.4085,4147.3078236402,4077.5091763597993
2025-10-14 23:00:00,4119.22,4144.54,4117.2,4140.73,4233.1597,4140.73,4112.99,4053.788,4118.0849351622255,4102.137440760552,15.947494401673794,17.407583006514752,70.6828904891978,0.00581982382838854,4112.99,4149.414577012553,4076.5654229874467
2025-10-14 23:15:00,4140.73,4143.4,4132.25,4137.61,3313.2499,4137.61,4114.086499999999,4057.6928,4121.088791291114,4104.765037741252,16.323753549861976,17.1908171151842,60.904573189910046,0.005769459410396568,4114.086499999999,4152.136117620545,4076.0368823794543
2025-10-14 23:30:00,4137.6,4142.99,4134.79,4134.79,1906.8942,4134.79,4115.6365,4060.8628000000003,4123.1966695540195,4106.989109019678,16.20756053434161,16.994165799015683,66.09324868591713,0.00572656796591781,4115.6365,4154.438265166253,4076.8347348337466
2025-10-14 23:45:00,4134.79,4139.76,4121.74,4125.02,2438.5,4125.02,4115.842,4063.9786,4123.477181930324,4108.324730573776,15.152451356548227,16.625822910522192,56.517922457937324,0.005685836103494136,4115.842,4154.804563192677,4076.8794368073222
2025-10-15 00:00:00,4125.01,4132.23,4110.33,4114.09,3664.1349,4114.09,4115.0885,4066.8541999999998,4122.03300009489,4108.751787568311,13.281212526579111,15.956900833733576,46.87051717629295,0.005697571990802248,4115.0885,4153.546218286536,4076.6307817134643
2025-10-15 00:15:00,4114.09,4118.37,4097.06,4104.12,5252.7015,4104.12,4113.635,4069.4995999999996,4119.277153926445,4108.40869219288,10.8684617335648,14.939213013699822,44.972471747319574,0.005712355872551567,4113.635,4151.403329534235,4075.8666704657653
2025-10-15 00:30:00,4104.09,4114.47,4093.6,4102.12,4258.4829,4102.12,4115.869000000001,4072.1625999999997,4116.637591783915,4107.942863141556,8.694728642359223,13.690316139431703,52.13739816914426,0.0038420067819304486,4115.869000000001,4143.59139824091,4088.146601759091
2025-10-15 00:45:00,4102.12,4123.99,4102.12,4119.49,3940.3013,4119.49,4116.6965,4075.5444,4117.07642381716,4108.798206612551,8.278217204608154,12.607896352466993,53.61764466509298,0.003060306999739806,4116.6965,4143.774482724681,4089.6185172753194
2025-10-15 01:00:00,4119.5,4121.08,4087.09,4099.79,6705.7686,4099.79,4117.304,4078.6921999999995,4114.416973999135,4108.130932048659,6.286041950475919,11.343525472068778,46.29655657062541,0.003139604552125664,4117.304,4142.0849344375065,4092.5230655624937
2025-10-15 01:15:00,4099.78,4102.7,4085.78,4087.03,3355.6905,4087.03,4116.2955,4081.6108000000004,4110.203593383883,4106.567900045055,3.635693338828787,9.80195904542078,39.53488372093031,0.003020750708435164,4116.2955,4144.246708222002,4088.3442917779985
2025-10-15 01:30:00,4087.02,4098.44,4082.6,4097.3,4242.63,4097.3,4115.0415,4084.7432,4108.218425170978,4105.881388930606,2.337036240372072,8.308974484411038,38.47958057395141,0.0029503426544834825,4115.0415,4144.072845147439,4086.0101548525618
2025-10-15 01:45:00,4097.3,4118.82,4092.1,4113.41,3825.2147,4113.41,4114.812,4088.0512,4109.017128990827,4106.439063824634,2.578065166192573,7.162792620767345,47.066911090742394,0.0030905234401414094,4114.812,4143.81742932872,4085.8065706712796
2025-10-15 02:00:00,4113.41,4124.82,4107.34,4124.29,5012.1941,4124.29,4116.175,4091.7672000000002,4111.366801453777,4107.76135539318,3.6054460605973873,6.451323308733353,53.80265210608423,0.002904982414413117,4116.175,4144.2077759298445,4088.1422240701563
2025-10-15 02:15:00,4124.29,4143.65,4119.89,4141.71,6095.6113,4141.71,4117.7305,4095.4808000000003,4116.034985845503,4110.276069808499,5.758916037003473,6.312841854387378,56.830468322905915,0.002960759106132669,4117.7305,4147.83658434775,4087.6244156522494
2025-10-15 02:30:00,4141.71,4145.73,4121.5,4122.93,3021.4352,4122.93,4118.3605,4098.2636,4117.095757253887,4111.213397970832,5.882359283054939,6.226745340120891,44.5027794935147,0.0031582851486792805,4118.3605,4148.34160596282,4088.3793940371797
2025-10-15 02:45:00,4122.94,4130.5,4115.17,4118.54,2522.9121,4118.54,4118.3925,4101.075400000001,4117.317948445597,4111.756109232252,5.561839213344683,6.09376411476565,44.156401299258505,0.00314355854738389,4118.3925,4148.372902634425,4088.4120973655745
2025-10-15 03:00:00,4118.53,4123.55,4095.61,4103.31,5589.9034,4103.31,4117.023,4103.3714,4115.1628794539665,4111.130471511345,4.03240794262183,5.6814928803368865,41.03542544708972,0.0031591399333032086,4117.023,4147.138263554623,4086.9077364453774
2025-10-15 03:15:00,4103.3,4105.35,4080.53,4097.02,12050.0873,4097.02,4115.755499999999,4105.909,4112.37166723028,4110.085251399393,2.2864158308866536,5.00247747044684,41.865194654270745,0.0031473606864415933,4115.755499999999,4147.03458901312,4084.4764109868784
2025-10-15 03:30:00,4097.01,4097.1,4069.34,4075.7,13926.2132,4075.7,4113.911,4108.1476,4106.729872271775,4107.538195740179,-0.8083234684036142,3.8403172826767493,39.481615430982416,0.003305038084943468,4113.911,4149.9626903175695,4077.8593096824306
2025-10-15 03:45:00,4075.7,4084.86,4060.11,4080.7,10221.4993,4080.7,4111.985,4110.1521999999995,4102.725276537656,4105.550181240907,-2.8249047032504677,2.5072728854913056,43.4035601622352,0.0032935164148214786,4111.985,4150.84855700621,4073.1214429937886
2025-10-15 04:00:00,4080.7,4089.79,4072.0,4086.81,3553.9317,4086.81,4109.289,4111.4282,4100.27677245494,4104.162019667506,-3.885247212565446,1.228768865879955,45.785387876452134,0.0030514709964987873,4109.289,4147.226409894335,4071.3515901056644
2025-10-15 04:15:00,4086.81,4109.37,4086.39,4101.86,4771.3373,4101.86,4107.5015,4111.7573999999995,4100.520345923412,4103.991499692135,-3.471153768723525,0.2887843389592587,45.08393285371697,0.0032011602129917386,4107.5015,4143.118265582286,4071.8847344177148
2025-10-15 04:30:00,4101.86,4105.39,4093.02,4102.54,3755.7898,4102.54,4105.889,4111.977,4100.831061935194,4103.883981196422,-3.0529192612275438,-0.379556381078102,50.8578202008859,0.0032032472370442855,4105.889,4139.145839676679,4072.632160323321
2025-10-15 04:45:00,4102.55,4123.66,4099.4,4116.04,4474.063,4116.04,4105.4400000000005,4111.6514,4103.170898560549,4104.784427033724,-1.6135284731744832,-0.6263507994973785,59.00763832826173,0.0032684533733728827,4105.4400000000005,4137.840773870166,4073.039226129835
2025-10-15 05:00:00,4116.04,4123.0,4111.26,4118.24,4317.7816,4118.24,4105.647500000001,4111.4244,4105.489221858926,4105.781136142336,-0.29191428341073333,-0.5594634962800494,56.844926778242545,0.003215034136717619,4105.647500000001,4138.333420275063,4072.961579724939
2025-10-15 05:15:00,4118.24,4125.0,4102.14,4106.27,4425.2184,4106.27,4105.754999999999,4111.6252,4105.609341572937,4105.81734827994,-0.20800670700282353,-0.4891721384246043,47.601128880527,0.0032363859468890763,4105.754999999999,4138.433909020253,4073.0760909797455
2025-10-15 05:30:00,4106.28,4116.06,4093.74,4110.51,5674.3301,4110.51,4106.1745,4111.3316,4106.363289023254,4106.164952111056,0.19833691219810134,-0.3516703283000631,45.154030102686804,0.003241411092411428,4106.1745,4138.872334774867,4073.4766652251324
2025-10-15 05:45:00,4110.51,4112.76,4099.52,4110.35,4741.6198,4110.35,4105.7175,4111.0856,4106.976629173522,4106.474955658385,0.5016735151375542,-0.18100155961253964,37.44796669868721,0.0030924556517033437,4105.7175,4137.88289551192,4073.5521044880797
2025-10-15 06:00:00,4110.36,4118.79,4090.16,4100.66,6493.1931,4100.66,4105.761,4110.8514000000005,4106.004840069903,4106.044218202208,-0.03937813230459142,-0.15267687415095,40.38677372010686,0.002943446048942272,4105.761,4137.894980637266,4073.627019362735
2025-10-15 06:15:00,4100.66,4103.23,4075.0,4082.07,7194.3618,4082.07,4105.513000000001,4110.4644,4102.322556982226,4104.26835018723,-1.9457932050036106,-0.5113001403214822,35.97631315850188,0.003038521248704404,4105.513000000001,4138.325059464974,4072.7009405350273
2025-10-15 06:30:00,4082.06,4123.33,4077.0,4110.43,9867.3851,4110.43,4106.1695,4110.090999999999,4103.569855908037,4104.724768691879,-1.1549127838416098,-0.6400226690255078,52.4867281363509,0.003378638279758966,4106.1695,4138.814648249437,4073.5243517505633
2025-10-15 06:45:00,4110.43,4119.09,4106.17,4118.52,5634.6424,4118.52,4106.425,4110.147800000001,4105.8698780760315,4105.746637677666,0.12324039836585143,-0.4873700555472359,57.415838852097124,0.00329081420313982,4106.425,4139.387200041808,4073.462799958193
2025-10-15 07:00:00,4118.52,4124.55,4104.5,4119.12,8561.4966,4119.12,4106.1665,4110.4544,4107.908358372027,4106.73725710895,1.1711012630767073,-0.15567579182244717,67.4742433998714,0.0032347499788000183,4106.1665,4138.615893328468,4073.7171066715327
2025-10-15 07:15:00,4119.13,4129.37,4113.01,4113.02,5683.3578,4113.02,4104.732,4110.2966,4108.694764776331,4107.2026454712495,1.49211930508136,0.17388322755831434,62.8929312270628,0.0030854111360611304,4104.732,4132.807271457024,4076.6567285429755
2025-10-15 07:30:00,4113.02,4118.29,4107.85,4114.52,4767.5791,4114.52,4104.311500000001,4110.0038,4109.590954810741,4107.744671732639,1.8462830781018056,0.5083631976670128,61.47602087302282,0.0029254651203755463,4104.311500000001,4131.476300967358,4077.146699032643
2025-10-15 07:45:00,4114.53,4124.71,4111.6,4122.04,4235.8883,4122.04,4104.4865,4109.7807999999995,4111.506192532165,4108.803584937629,2.702607594535948,0.9472120770408,58.91342756183774,0.002946576769136069,4104.4865,4132.078975919816,4076.894024080184
2025-10-15 08:00:00,4122.03,4138.85,4119.08,4138.01,4973.1624,4138.01,4106.2215,4111.392199999999,4115.583701373371,4110.967023090398,4.616678282973226,1.6811053182272857,63.80263055490731,0.0029265301803209545,4106.2215,4137.605786564698,4074.8372134353017
2025-10-15 08:15:00,4138.0,4177.59,4131.61,4173.82,18026.8802,4173.82,4110.061500000001,4112.8098,4124.543131931314,4115.622799157775,8.920332773538576,3.1289508092895444,69.15782493368724,0.003413717741159574,4110.061500000001,4153.2711515901665,4066.851848409835
2025-10-15 08:30:00,4173.83,4217.6,4172.25,4193.77,21441.0035,4193.77,4115.965,4114.9324,4135.193419326496,4121.411480701644,13.781938624852046,5.259548372402046,72.40581429842817,0.003191593725511948,4115.965,4170.25074592417,4061.67925407583
2025-10-15 08:45:00,4193.77,4195.0,4178.83,4181.79,6817.5857,4181.79,4121.0195,4116.4241999999995,4142.362124045497,4125.883963612633,16.47816043286366,7.50327078449437,72.40151874703362,0.003333006113343675,4121.0195,4180.093630940142,4061.945369059859
2025-10-15 09:00:00,4181.8,4185.79,4169.78,4177.77,9078.2186,4177.77,4125.5675,4117.531999999999,4147.809489576959,4129.727373715401,18.082115861558123,9.61903979990712,69.977426636569,0.003367770202150622,4125.5675,4187.489300897043,4063.6456991029577
2025-10-15 09:15:00,4177.77,4181.0,4146.67,4153.5,8593.2948,4153.5,4128.1495,4118.241999999999,4148.684952718965,4131.488308995742,17.196643723223133,11.134560584570325,61.21070407898147,0.0036432028643889293,4128.1495,4190.21536364938,4066.08363635062
2025-10-15 09:30:00,4153.51,4165.83,4137.03,4160.83,8659.2571,4160.83,4131.064,4119.518,4150.553421531432,4133.66176758865,16.891653942781886,12.285979256212638,65.82671366194968,0.0036499711247056327,4131.064,4193.539421154548,4068.588578845452
2025-10-15 09:45:00,4160.82,4169.56,4147.92,4155.87,3801.8113,4155.87,4133.0555,4120.423400000001,4151.371356680443,4135.306821841343,16.064534839099906,13.041690372790093,70.91125467528049,0.003620807322931388,4133.0555,4196.05156052024,4070.059439479761
2025-10-15 10:00:00,4155.88,4157.61,4144.32,4154.99,2823.7633,4154.99,4134.893,4121.3166,4151.928071037298,4136.76483503828,15.16323599901807,13.465999498035691,64.95502752047241,0.0036241447633831693,4134.893,4198.212552846247,4071.5734471537535
2025-10-15 10:15:00,4154.99,4154.99,4116.65,4127.57,9669.7824,4127.57,4135.9580000000005,4121.51,4148.1806754930985,4136.083736146555,12.096939346543877,13.192187467737329,52.68849147406551,0.003888594113727239,4135.9580000000005,4197.953166399157,4073.962833600844
2025-10-15 10:30:00,4127.57,4131.91,4112.5,4123.22,6065.8183,4123.22,4136.5935,4121.3604,4144.340571571083,4135.130866802366,9.209704768717529,12.39569092793337,51.19144484482168,0.0038949259157646837,4136.5935,4197.745135266822,4075.4418647331777
2025-10-15 10:45:00,4123.22,4127.27,4117.47,4118.66,3019.2661,4118.66,4137.009,4121.2862,4140.389714406301,4133.910802594783,6.478911811518628,11.212335104650423,51.6537649542574,0.0039051110796343587,4137.009,4197.519404812258,4076.4985951877425
2025-10-15 11:00:00,4118.66,4131.17,4111.58,4114.37,2991.534,4114.37,4137.6945,4121.3218,4136.386681420716,4132.46333573591,3.9233456848060086,9.754537220681541,49.956724943742266,0.0038723300758686957,4137.6945,4196.7645645444045,4078.6244354555947
2025-10-15 11:15:00,4114.37,4116.15,4087.78,4104.37,9706.4165,4104.37,4138.809499999999,4121.0248,4131.461038125221,4130.38234790362,1.0786902216013914,8.019367820865511,44.974116843961546,0.003764839805852866,4138.809499999999,4194.184997707313,4083.4340022926854
2025-10-15 11:30:00,4104.38,4115.53,4097.44,4115.06,3109.9762,4115.06,4139.041,4120.5114,4128.937801490572,4129.247359170018,-0.3095576794457884,6.353582720803251,43.27018943170498,0.0034739979411187445,4139.041,4193.953731109568,4084.1282688904325
2025-10-15 11:45:00,4115.06,4115.52,4096.09,4099.9,2814.5932,4099.9,4138.11,4119.7572,4124.470447415099,4127.073480712979,-2.603033297879847,4.562259517066631,25.336981182437313,0.0035400466862013026,4138.11,4195.0804621528705,4081.1395378471284
2025-10-15 12:00:00,4099.89,4107.14,4089.07,4101.8,4710.9253,4101.8,4137.244000000001,4119.0974,4120.982686274315,4125.201371030536,-4.218684756221592,2.8060706624089864,15.11266216523832,0.0035424891268241504,4137.244000000001,4195.9306007841315,4078.5573992158697
2025-10-15 12:15:00,4101.8,4106.6,4070.2,4077.9,7409.9072,4077.9,4135.487999999999,4118.155,4114.354580693651,4121.6975657690155,-7.342985075364595,0.7762595148542697,13.85931955750415,0.0037519771997118266,4135.487999999999,4199.119825403861,4071.856174596138
2025-10-15 12:30:00,4077.9,4088.87,4075.0,4083.86,6214.8438,4083.86,4133.955,4117.5504,4109.663106740782,4118.894783119459,-9.231676378677548,-1.2253276638520945,17.76618384018714,0.003772043856031795,4133.955,4201.094423354972,4066.8155766450286
2025-10-15 12:45:00,4083.86,4096.0,4081.65,4094.8,3840.0838,4094.8,4132.593,4117.3640000000005,4107.376474934507,4117.109984369869,-9.733509435362066,-2.9269640181540897,27.822275955871646,0.0038027867656702393,4132.593,4201.822794650753,4063.3632053492465
2025-10-15 13:00:00,4094.8,4094.8,4068.75,4071.66,6004.4235,4071.66,4129.275500000001,4116.754800000001,4101.881632636891,4113.74331886099,-11.861686224099685,-4.71390845934321,19.905501181235692,0.0038454797744836102,4129.275500000001,4203.58495494149,4054.966045058511
2025-10-15 13:15:00,4071.65,4086.1,4067.05,4076.83,3498.2534,4076.83,4124.426,4115.9016,4098.027535308139,4111.008998945362,-12.981463637222987,-6.367419494919166,23.362092208142798,0.003188258393795328,4124.426,4199.153528472419,4049.6984715275826
2025-10-15 13:30:00,4076.83,4103.82,4056.1,4078.21,13868.4903,4078.21,4118.647999999999,4115.47,4094.978683722271,4108.579443467927,-13.600759745656433,-7.814087545066622,24.21066774150259,0.0028930357991534743,4118.647999999999,4188.511911804654,4048.784088195344
2025-10-15 13:45:00,4078.21,4086.15,4018.03,4055.23,23271.4867,4055.23,4112.32,4114.834,4088.863501611152,4104.627632840674,-15.764131229521809,-9.404096281957662,24.954992383326925,0.0030304875851430405,4112.32,4181.020184938204,4043.619815061796
2025-10-15 14:00:00,4055.24,4105.23,4053.25,4086.88,13003.7156,4086.88,4107.7755,4114.6256,4088.558347517129,4103.312993370994,-14.75464585386544,-10.474206196339217,39.418821337060464,0.0036812705782628906,4107.7755,4169.962128610271,4045.5888713897284
2025-10-15 14:15:00,4086.88,4099.79,4073.02,4079.93,6266.9818,4079.93,4104.097,4113.956,4087.230909437571,4101.580919787958,-14.350010350387038,-11.249367027148782,38.87772098098921,0.0035150996088400546,4104.097,4163.538442959181,4044.6555570408177
2025-10-15 14:30:00,4079.93,4080.27,4032.76,4040.22,9844.4647,4040.22,4098.0665,4112.2746,4079.998461831791,4097.035666470332,-17.037204638541425,-12.406934549427312,32.30563642437859,0.00396939309785737,4098.0665,4157.745295767237,4038.387704232763
2025-10-15 14:45:00,4040.23,4040.56,3993.26,4009.87,13031.9415,4009.87,4090.7665,4109.6377999999995,4069.209467703823,4090.578950435493,-21.369482731669905,-14.199444185875834,29.445797807552026,0.004192068063701039,4090.7665,4156.122177327716,4025.410822672285
2025-10-15 15:00:00,4009.86,4021.78,3988.88,4005.63,9071.5575,4005.63,4083.2985,4107.2918,4059.4280111340045,4084.2864355884194,-24.858424454414944,-16.331240239583657,25.511345835384844,0.004179683407868515,4083.2985,4151.812235626448,4014.7847643735527
2025-10-15 15:15:00,4005.63,4035.69,3991.5,4009.4,9858.6486,4009.4,4077.3900000000003,4105.1089999999995,4051.731394036465,4078.7392922114996,-27.00789817503437,-18.4665718266738,28.659686851537685,0.0040644281788689215,4077.3900000000003,4150.0824914678715,4004.697508532129
2025-10-15 15:30:00,4009.39,4018.86,3975.25,3985.39,13189.8079,3985.39,4070.4985,4102.7506,4041.525025723163,4071.8245298254624,-30.29950410229958,-20.83315828179896,25.142002989536664,0.00418744699042846,4070.4985,4150.647962558635,3990.349037441365
2025-10-15 15:45:00,3985.39,3985.4,3959.33,3980.97,10773.1224,3980.97,4063.614,4100.4296,4032.2088679195995,4065.094564653206,-32.88569673360644,-23.243665972160457,27.423487212931505,0.004187424144399975,4063.614,4149.773696378394,3977.4543036216064
2025-10-15 16:00:00,3980.98,3993.37,3966.44,3987.39,7365.1384,3987.39,4057.2650000000003,4098.6633999999995,4025.3136574704304,4059.338670975191,-34.02501350476041,-25.39993547868045,27.578673360293834,0.0042506508920138845,4057.2650000000003,4146.341340647643,3968.1886593523577
2025-10-15 16:15:00,3987.39,4003.11,3974.89,3994.45,5132.8666,3994.45,4051.7690000000002,4096.9384,4020.5654024749797,4054.532102754806,-33.966700279826455,-27.11328843890966,26.248520710059196,0.004308651984560431,4051.7690000000002,4142.16234696068,3961.3756530393207
2025-10-15 16:30:00,3994.45,3998.34,3980.0,3984.41,3324.8272,3984.41,4045.2365,4094.8903999999998,4015.0030328634443,4049.337872921117,-34.334840057672864,-28.557598762662302,27.983850618218582,0.004212485740718543,4045.2365,4135.254111908454,3955.2188880915455
2025-10-15 16:45:00,3984.41,3994.32,3974.1,3976.07,4660.5532,3976.07,4039.0449999999996,4092.3746,4009.0133354998375,4043.9106230751086,-34.89728757527109,-29.825536525184067,24.975163918140353,0.004186068361033147,4039.0449999999996,4130.258194682718,3947.8318053172816
2025-10-15 17:00:00,3976.08,3976.69,3936.0,3938.11,11915.3492,3938.11,4030.8605,4089.086,3998.105130038324,4036.07353988436,-37.968409846035684,-31.454111189354393,20.554854981084517,0.004521013692837424,4030.8605,4127.574115320894,3934.146884679106
2025-10-15 17:15:00,3938.11,3956.97,3929.66,3947.22,14125.9873,3947.22,4024.3265,4085.7096,3990.2766484939666,4029.491796189222,-39.21514769525538,-33.00631849053459,25.89385350176309,0.004527097150954694,4024.3265,4125.226024442132,3923.4269755578684
2025-10-15 17:30:00,3947.22,3971.2,3935.52,3968.59,6336.5094,3968.59,4018.5630000000006,4082.7165999999997,3986.9402410333564,4024.980552027057,-38.04031099370059,-34.01311699116779,22.329824561403527,0.004749386258033388,4018.5630000000006,4118.306199551945,3918.819800448057
2025-10-15 17:45:00,3968.59,3994.32,3968.59,3993.0,6930.4122,3993.0,4013.4729999999995,4080.4512,3987.872511643609,4022.611622247275,-34.73911060366618,-34.15831571366747,31.201072617966346,0.004965615136384922,4013.4729999999995,4107.033650320729,3919.91234967927
2025-10-15 18:00:00,3992.99,3995.69,3970.11,3982.27,5049.1079,3982.27,4009.0035,4077.8864000000003,3987.0105867753614,4019.6233539326618,-32.61276715730037,-33.84920600239405,35.672254363843166,0.004870555521037058,4009.0035,4099.34548097997,3918.6615190200305
2025-10-15 18:15:00,3982.26,4005.5,3982.17,3994.7,5028.5259,3994.7,4004.8969999999995,4075.5733999999998,3988.193573425306,4017.7771795672793,-29.583606141973178,-32.996086030309876,45.88465085996416,0.004935100763844217,4004.8969999999995,4089.5446765249308,3920.249323475068
2025-10-15 18:30:00,3994.69,3999.19,3978.86,3987.05,3614.8164,3987.05,4000.339,4073.3012000000003,3988.017639052182,4015.5010921919256,-27.483453139743688,-31.893559452196637,45.05113999573834,0.004928522592466568,4000.339,4077.884301639316,3922.7936983606837
2025-10-15 18:45:00,3987.05,4013.17,3984.61,4007.81,3724.7946,4007.81,3997.968,4071.8160000000003,3991.0626176595383,4014.9313816591903,-23.868763999651947,-30.288600361687703,49.61164574275801,0.005001285649528658,3997.968,4071.22804399625,3924.7079560037496
2025-10-15 19:00:00,4007.8,4008.7,3980.32,3991.0,3682.9895,3991.0,3993.174,4069.4274,3991.0529841734556,4013.158686721473,-22.105702548017234,-28.65202079895361,51.42018125664528,0.004650408319035,3993.174,4053.3088874659547,3933.039112534045
2025-10-15 19:15:00,3991.0,4009.76,3985.82,4001.97,5828.2064,4001.97,3989.2759999999994,4067.0964000000004,3992.7325250698473,4012.329895112475,-19.597370042627517,-26.841090647688393,55.145545427815385,0.004729737257668987,3989.2759999999994,4033.817761078977,3944.7342389210216
2025-10-15 19:30:00,4001.97,4006.41,3980.6,3994.94,4887.1716,3994.94,3987.0119999999997,4064.6128000000003,3993.072136597563,4011.0417547337734,-17.969618136210556,-25.066796145392825,51.84443250109939,0.0042638173655012756,3987.0119999999997,4024.731535968791,3949.2924640312085
2025-10-15 19:45:00,3994.93,3994.99,3971.75,3983.21,5410.4912,3983.21,3985.679,4062.0166000000004,3991.5548848133226,4008.9801432720124,-17.42525845868977,-23.538488608052216,47.315372121906975,0.003984469885861286,3985.679,4021.8498093417575,3949.5081906582427
2025-10-15 20:00:00,3983.21,3996.16,3981.16,3985.21,2715.0521,3985.21,3984.6579999999994,4059.4303999999997,3990.578748688196,4007.2193919185297,-16.640643230333808,-22.158919532508538,50.198708395429755,0.003984661574647067,3984.6579999999994,4019.5891627424994,3949.7268372574995
2025-10-15 20:15:00,3985.22,3994.75,3957.0,3960.75,4927.4263,3960.75,3982.2254999999996,4056.2045999999996,3985.9897104284732,4003.7772147393794,-17.787504310906115,-21.284636488188056,46.476865053812844,0.00418293801041165,3982.2254999999996,4016.6744519971344,3947.7765480028647
2025-10-15 20:30:00,3960.75,3985.29,3937.02,3983.29,13023.9247,3983.29,3982.1205,4053.1102,3985.5743703625544,4002.2596432772034,-16.685272914648976,-20.36476377348024,61.18316831683172,0.0042065498283835445,3982.1205,4016.541630276189,3947.699369723811
2025-10-15 20:45:00,3983.29,3985.0,3960.0,3961.52,5942.1147,3961.52,3981.1479999999997,4048.8642,3981.8736979990845,3999.241891923336,-17.3681939242515,-19.765449803634496,53.33084878412379,0.004375414929715571,3981.1479999999997,4016.783609984453,3945.5123900155463
2025-10-15 21:00:00,3961.52,3974.23,3926.74,3956.78,9255.3911,3956.78,3979.6175000000003,4044.1244,3978.013129076148,3996.0965665956815,-18.083437519533618,-19.429047346814322,47.01812856637883,0.004358009315610702,3979.6175000000003,4016.7233161849804,3942.51168381502
2025-10-15 21:15:00,3956.7,3976.88,3944.67,3973.56,4402.7919,3973.56,3978.5730000000003,4039.9597999999996,3977.3280322952023,3994.4271912922973,-17.099158997094946,-18.963069676870447,44.894957983193216,0.004455958989039745,3978.5730000000003,4015.0922615941936,3942.053738405807
2025-10-15 21:30:00,3973.56,3981.77,3965.19,3970.09,2849.6715,3970.09,3977.857,4035.8062,3976.2144888651715,3992.624436381757,-16.409947516585362,-18.45244524481343,46.67467511193623,0.004427160655034937,3977.857,4014.4558375428833,3941.2581624571167
2025-10-15 21:45:00,3970.09,3972.33,3939.66,3954.17,4380.8768,3954.17,3976.762,4031.8196000000003,3972.8230290397605,3989.7759596127376,-16.95293057297704,-18.15254231044615,39.141617103359565,0.004491253872462639,3976.762,4014.865476620159,3938.6585233798414
2025-10-15 22:00:00,3954.17,3971.3,3951.74,3970.0,3426.0844,3970.0,3978.3565000000003,4028.0029999999997,3972.3887168797974,3988.3110737154975,-15.922356835700157,-17.706505215496954,45.62394127611511,0.004014302667056922,3978.3565000000003,4012.0651740518297,3944.647825948171
2025-10-15 22:15:00,3970.01,3980.79,3963.36,3965.5,3695.2375,3965.5,3979.2705,4024.1956,3971.3289142829058,3986.6213645513867,-15.292450268480934,-17.223694226093752,38.15177821338554,0.004002305846228555,3979.2705,4010.3100499664856,3948.2309500335145
2025-10-15 22:30:00,3965.5,3979.92,3964.71,3974.67,2452.6255,3974.67,3979.5745,4020.5892000000003,3971.842927470151,3985.736078288321,-13.893150818169943,-16.55758554450899,45.22263179451172,0.003848353549303246,3979.5745,4010.2910242519715,3948.857975748029
2025-10-15 22:45:00,3974.67,3975.7,3953.11,3961.65,2584.9798,3961.65,3978.007,4017.2708000000002,3970.2747847824357,3983.951924341038,-13.677139558602448,-15.981496347327681,38.34412580943574,0.0036376508182813035,3978.007,4009.0368688705244,3946.9771311294758
2025-10-15 23:00:00,3961.65,3985.89,3953.66,3979.78,3702.1047,3979.78,3977.8825000000006,4014.402,3971.7371255851376,3983.6428929083686,-11.905767323230975,-15.166350542508342,45.88177768119094,0.0037566406794845133,3977.8825000000006,4008.860288222767,3946.9047117772343
2025-10-15 23:15:00,3979.78,3985.14,3967.22,3980.42,3659.6872,3980.42,3977.1685000000007,4011.6371999999997,3973.0729524181934,3983.4041601003414,-10.331207682148033,-14.19932197043628,49.19350176331156,0.003683777004341865,3977.1685000000007,4007.156657855988,3947.180342144013
2025-10-15 23:30:00,3980.41,3993.8,3977.27,3988.21,3151.8102,3988.21,3977.2264999999998,4009.114,3975.40172896924,3983.760148241057,-8.358419271816729,-13.031141430712369,50.839113895726115,0.0036891291229085997,3977.2264999999998,4007.299495597831,3947.1535044021684
2025-10-15 23:45:00,3988.22,3989.04,3978.38,3985.61,1606.3974,3985.61,3976.1165,4006.7388,3976.9722322047414,3983.8971742972753,-6.924942092533911,-11.809901563076679,57.92224346717663,0.003482492753306034,3976.1165,4002.8948087987633,3949.338191201237
2025-10-16 00:00:00,3985.61,3994.4,3976.33,3976.34,3869.2941,3976.34,3975.383500000001,4003.9644,3976.8749657117046,3983.337383608588,-6.46241789688338,-10.74040482983802,47.580589013437354,0.0033957123977731533,3975.383500000001,4001.232882584826,3949.534117415176
2025-10-16 00:15:00,3976.34,3997.64,3976.07,3994.5,3088.6682,3994.5,3975.0100000000007,4001.8564,3979.586509448365,3984.164244082026,-4.577734633660839,-9.507870790602585,61.77688901585496,0.003500921629172209,3975.0100000000007,3999.4175648328405,3950.602435167161
2025-10-16 00:30:00,3994.49,3994.49,3979.1,3980.97,3870.8932,3980.97,3974.3115,3999.4397999999997,3979.7993541486167,3983.9276334092833,-4.128279260666659,-8.4319524846154,58.12781399099512,0.003560315591627478,3974.3115,3997.0608086306934,3951.562191369306
2025-10-16 00:45:00,3980.97,3990.0,3978.6,3981.89,2609.2358,3981.89,3974.2455,3997.5196,3980.1209919719063,3983.7766976011885,-3.655705629282238,-7.4767031135487665,53.13275667544187,0.0035006980070061275,3974.2455,3996.893542532258,3951.597457467742
2025-10-16 01:00:00,3981.89,4009.99,3980.0,4000.18,3604.1792,4000.18,3974.994,3995.8459999999995,3983.206993206998,3984.9917570381376,-1.7847638311395713,-6.338315257066927,60.18136292887585,0.003648649195917887,3974.994,4000.0312719216736,3949.9567280783267
2025-10-16 01:15:00,4000.19,4002.53,3988.05,3994.19,3279.7737,3994.19,3976.666,3993.8338,3984.896686559767,3985.6731083686464,-0.7764218088791495,-5.225936567429372,64.51683110853166,0.0033610457904134088,3976.666,4002.1602382761253,3951.171761723875
2025-10-16 01:30:00,3994.18,4005.1,3990.6,3998.3,2986.6975,3998.3,3977.4165000000003,3992.3666,3986.9587347813413,3986.6084336746726,0.35030110666866676,-4.1106890326097645,61.2194735172852,0.00313043372841965,3977.4165000000003,4004.5620315895612,3950.2709684104393
2025-10-16 01:45:00,3998.3,4011.51,3993.51,4010.22,4252.1446,4010.22,3979.8515000000007,3991.0344,3990.5373909688274,3988.35743858766,2.179952381167368,-2.8525607498543377,66.74404672757225,0.0028872472013609122,3979.8515000000007,4009.6047514103993,3950.098248589602
2025-10-16 02:00:00,4010.22,4035.66,4000.25,4018.52,12305.5336,4018.52,3982.9384999999993,3989.8406,3994.842407742854,3990.591702395981,4.250705346873019,-1.4319075305088662,66.52596668425417,0.0028717182736405313,3982.9384999999993,4015.309160058891,3950.5678399411076
2025-10-16 02:15:00,4018.51,4028.88,4016.0,4026.49,8926.9089,4026.49,3985.585,3989.2658,3999.7112680901073,3993.250835551834,6.4604325382733805,0.14656048324758353,75.40354176461369,0.0027710634434906577,3985.585,4022.9904060266263,3948.179593973374
2025-10-16 02:30:00,4026.49,4026.92,4011.42,4016.74,8212.9827,4016.74,3987.9175000000005,3987.863,4002.331072999322,3994.990773659105,7.340299340216916,1.5853082546414505,65.49815498154973,0.002837147613748081,3987.9175000000005,4027.0334108159864,3948.8015891840146
2025-10-16 02:45:00,4016.71,4035.0,4014.9,4031.33,9610.1119,4031.33,3991.7754999999997,3986.8910000000005,4006.7924463840413,3997.6825682028752,9.109878181166096,3.0902222399463803,69.1117951798183,0.0026964253684246507,3991.7754999999997,4032.0791550388485,3951.471844961151
2025-10-16 03:00:00,4031.33,4036.61,4023.14,4025.26,3193.2161,4025.26,3994.5385,3986.5918,4009.633608478805,3999.7253409285886,9.908267550216351,4.453831302000376,64.09066707233603,0.0026512756437319777,3994.5385,4036.1132465228343,3952.963753477166
2025-10-16 03:15:00,4025.26,4036.84,4021.36,4031.26,2453.4728,4031.26,3997.8265,3987.0196,4012.960745635912,4002.0612416005447,10.8995040353675,5.742965848673801,66.92370430785212,0.002620793084260221,3997.8265,4040.126675575299,3955.526324424701
2025-10-16 03:30:00,4031.25,4031.26,4022.48,4027.5,3230.3908,4027.5,4000.468,3987.4570000000003,4015.197553999618,4003.9455940745784,11.2519599250395,6.844764663946942,69.77427334570191,0.0026243720351725396,4000.468,4043.27464168851,3957.6613583114895
2025-10-16 03:45:00,4027.49,4028.0,4011.81,4014.85,2037.8216,4014.85,4003.1279999999997,3987.5660000000003,4015.1440841535227,4004.7533278468313,10.3907563066914,7.553962992495834,58.215583366976155,0.002613871383420679,4003.1279999999997,4042.2295776235246,3964.026422376475
2025-10-16 04:00:00,4014.85,4028.61,4012.85,4025.58,1492.0085,4025.58,4005.418,3988.3698,4016.749609668366,4006.296044302622,10.453565365743998,8.133883467145468,68.42627013630741,0.0024961562633370876,4005.418,4044.124764593287,3966.711235406713
2025-10-16 04:15:00,4025.58,4031.53,4024.97,4025.91,1979.7242,4025.91,4007.6924999999997,3989.2686,4018.1589004886173,4007.7489299098347,10.409970578782577,8.58910088947289,68.27162543582938,0.002496907302520143,4007.6924999999997,4045.5511561751127,3969.8338438248866
2025-10-16 04:30:00,4025.91,4028.11,4006.66,4008.3,2909.2485,4008.3,4008.697,3989.6868000000004,4016.642146567291,4007.789749916514,8.852396650776882,8.641760041733688,53.38954750375705,0.0027046687382670364,4008.697,4045.4284310268495,3971.9655689731508
2025-10-16 04:45:00,4008.31,4010.19,3993.27,3999.01,5600.534,3999.01,4009.3670000000006,3989.778,4013.9295086338616,4007.1393980708467,6.790110563014878,8.271430145989926,51.958076048098874,0.002759157514045571,4009.3670000000006,4044.7908724742188,3973.9431275257825
2025-10-16 05:00:00,3999.02,4006.57,3991.68,4004.82,3035.9764,4004.82,4010.7909999999997,3990.1862,4012.5280457671133,4006.9675908063396,5.560454960773768,7.729235108946694,52.61259817278412,0.002708053458673343,4010.7909999999997,4042.7445122197064,3978.837487780293
2025-10-16 05:15:00,4004.83,4006.57,3995.69,3999.22,2721.8059,3999.22,4011.0269999999996,3990.6492,4010.4806541106345,4006.3936951910555,4.086958919579047,7.000779871073166,45.357082559513756,0.0025438842821577314,4011.0269999999996,4042.5405907860013,3979.513409213998
2025-10-16 05:30:00,3999.22,4020.37,3999.22,4017.4,2789.8853,4017.4,4012.8485,3992.235,4011.545168862845,4007.208977028755,4.336191834090187,6.467862263676571,49.563659030699746,0.0025957004661884913,4012.8485,4041.088412237381,3984.608587762619
2025-10-16 05:45:00,4017.4,4019.67,3979.36,3996.5,5210.5011,3996.5,4013.5789999999993,3993.2206,4009.23052749933,4006.415719471069,2.8148080282608134,5.73725141659342,39.385573724074575,0.0028885995512014247,4013.5789999999993,4039.0689863933435,3988.089013606655
2025-10-16 06:00:00,3996.51,4013.18,3994.61,4002.1,3500.7774,4002.1,4013.675,3993.8908,4008.133523268664,4006.096036547286,2.037486721377718,4.99729847755028,44.661610268378126,0.002715319263932822,4013.675,4038.9661971375153,3988.383802862485
2025-10-16 06:15:00,4002.1,4018.32,4000.18,4018.02,2754.3066,4018.02,4014.8665,3994.3912,4009.6545196888696,4006.979293099339,2.6752265895306664,4.532884099946357,45.193210545323254,0.002827195100419128,4014.8665,4038.482428857586,3991.250571142414
2025-10-16 06:30:00,4018.01,4030.75,4017.78,4020.29,4659.3936,4020.29,4015.9659999999994,3995.1515999999997,4011.2907474290437,4007.965271388277,3.3254760407667163,4.291402488110429,48.154474563683536,0.002822809212802825,4015.9659999999994,4038.3498281852676,3993.5821718147313
2025-10-16 06:45:00,4020.3,4049.88,4020.29,4042.08,6053.9561,4042.08,4017.5589999999997,3996.0992000000006,4016.0275555168832,4010.492288322479,5.535267194404241,4.540175429369191,53.59611805370901,0.002993252872346751,4017.5589999999997,4042.598301234916,3992.5196987650834
2025-10-16 07:00:00,4042.08,4046.03,4027.11,4033.7,3253.9786,4033.7,4018.318,3997.0321999999996,4018.7463931296707,4012.2113780763693,6.535015053301322,4.939143354155618,51.999226106023414,0.003014894914168202,4018.318,4044.379377432924,3992.2566225670766
2025-10-16 07:15:00,4033.7,4034.18,4003.0,4003.0,5993.2463,4003.0,4017.1434999999997,3996.9359999999997,4016.3238711097215,4011.529053774416,4.794817335305652,4.910278150385626,46.57732077869566,0.0034472894685074465,4017.1434999999997,4043.765408884388,3990.5215911156115
2025-10-16 07:30:00,4003.01,4010.8,3999.94,4008.44,3244.4854,4008.44,4016.7285,3997.2848,4015.1109678620714,4011.3002349763115,3.8107328857599896,4.690369097460499,44.89333810034565,0.003427673186521272,4016.7285,4043.6341529183824,3989.822847081618
2025-10-16 07:45:00,4008.43,4011.19,3994.95,4004.3,5555.5742,4004.3,4015.3770000000004,3997.3313999999996,4013.4477420371372,4010.78169905214,2.666042984997148,4.285503874967829,43.70448056866525,0.003317434597508619,4015.3770000000004,4041.9073203705584,3988.8466796294424
2025-10-16 08:00:00,4004.31,4007.04,3991.76,4005.72,2689.7168,4005.72,4014.4,3997.5469999999996,4012.2588586468087,4010.406758381611,1.8521002651978051,3.7988231530138243,49.170097786927315,0.003308835886272664,4014.4,4040.8368896971483,3987.963110302852
2025-10-16 08:15:00,4005.72,4007.13,3994.11,3996.02,3618.5741,3996.02,4012.638,3997.8032000000003,4009.7605727011455,4009.3410725755652,0.41950012558027083,3.1229585475271135,49.04074430542181,0.0033168907254659307,4012.638,4039.0409118014663,3986.2350881985335
2025-10-16 08:30:00,3996.01,4001.86,3982.41,3992.1,5985.4086,3992.1,4010.868,3997.9410000000003,4007.0435615163537,4008.063956088486,-1.020394572132318,2.294287923595227,45.869056897895476,0.0033172904477820927,4010.868,4037.816538560437,3983.919461439563
2025-10-16 08:45:00,3992.11,3997.84,3987.82,3994.77,4046.9903,3994.77,4009.864,3998.6214,4005.155321283069,4007.0792186004496,-1.923897317380579,1.4506508754000658,48.52678275839243,0.0032627322910726534,4009.864,4037.6704425707085,3982.0575574292916
2025-10-16 09:00:00,3994.77,4007.51,3991.53,4001.28,2864.4103,4001.28,4008.649,3998.9812,4004.5591180087504,4006.6496468522682,-2.090528843517859,0.7424149316164808,44.21641791044778,0.003221713709680039,4008.649,4035.676703448522,3981.621296551478
2025-10-16 09:15:00,4001.28,4004.32,3988.41,3988.42,2589.8069,3988.42,4006.7745000000004,3999.5192000000006,4002.0761767766353,4005.299302640989,-3.223125864353733,-0.0506932275775622,46.92354553761805,0.003284944240558656,4006.7745000000004,4033.9613965925287,3979.587603407472
2025-10-16 09:30:00,3988.41,4027.93,3940.66,4019.81,20351.2488,4019.81,4007.35,4000.7798000000003,4004.804457272538,4006.3741691120267,-1.5697118394887184,-0.35449694995979353,55.63617847368089,0.0036394432560405174,4007.35,4035.1531728597593,3979.5468271402406
2025-10-16 09:45:00,4019.81,4047.88,4015.05,4030.13,13888.4594,4030.13,4008.906,4001.9112,4008.7006946152246,4008.133860288913,0.5668343263114366,-0.17023069470554747,53.99643587881993,0.00362904385958165,4008.906,4038.187853838642,3979.624146161358
2025-10-16 10:00:00,4030.13,4068.83,4029.7,4058.87,8840.8629,4058.87,4011.6085,4003.6868000000004,4016.419049289805,4011.892092860105,4.5269564297000215,0.7692067301755666,60.838296437802,0.003926212270683918,4011.6085,4048.333405804274,3974.8835941957254
2025-10-16 10:15:00,4058.86,4078.96,4048.0,4049.76,8031.0892,4049.76,4014.1355000000003,4005.5986,4021.5484263221424,4014.697123018616,6.8513033035264925,1.9856260448457523,52.32304900181497,0.003954220769422626,4014.1355000000003,4054.0848397483974,3974.1861602516033
2025-10-16 10:30:00,4049.77,4059.74,4045.18,4055.98,4391.5319,4055.98,4016.0645000000004,4007.3182,4026.845591503351,4017.755113906126,9.09047759722489,3.4065963553215806,56.82849086674033,0.003853557236106698,4016.0645000000004,4060.1854955870904,3971.9435044129104
2025-10-16 10:45:00,4055.98,4060.96,4046.48,4049.09,2639.844,4049.09,4018.6940000000004,4008.99,4030.267808195143,4020.076216579747,10.191591615396192,4.763595407336503,66.53986937486559,0.003655973008341035,4018.6940000000004,4064.1536970839497,3973.234302916051
2025-10-16 11:00:00,4049.09,4055.49,4037.09,4047.67,4886.2838,4047.67,4020.9725,4010.45,4032.945068472813,4022.1202005368023,10.824867936010833,5.97584991307137,64.49634173379658,0.003658271246243436,4020.9725,4067.486087771591,3974.4589122284087
2025-10-16 11:15:00,4047.67,4052.4,4035.25,4038.9,3140.402,4038.9,4022.0165,4011.995,4033.8612117846883,4023.3631486451873,10.498063139501028,6.8802925583573025,62.36244104616269,0.0036149978046655503,4022.0165,4069.183772451812,3974.8492275481885
2025-10-16 11:30:00,4038.9,4056.31,4033.22,4053.22,3316.2148,4053.22,4023.6630000000005,4013.4638,4036.839486894736,4025.5747672640628,11.264719630673426,7.757177972820529,65.53912588327671,0.003688683206489964,4023.6630000000005,4072.833013155391,3974.4929868446097
2025-10-16 11:45:00,4053.23,4063.85,4050.31,4061.85,2681.003,4061.85,4024.6515,4015.0924000000005,4040.6872581416997,4028.2618215407983,12.425436600901321,8.690829698436687,71.68742175660543,0.0035233378131189395,4024.6515,4076.121566630659,3973.181433369341
2025-10-16 12:00:00,4061.86,4086.49,4047.56,4047.57,11163.7419,4047.57,4025.3450000000003,4016.2796,4041.746141504515,4029.6920569822205,12.054084522294488,9.363480663208248,67.1066428174923,0.003587571522140665,4025.3450000000003,4077.6946550033,3972.9953449967006
2025-10-16 12:15:00,4047.56,4055.0,4040.3,4046.29,5198.3791,4046.29,4027.5095,4017.4932,4042.4451966576667,4030.9215342427965,11.52366241487016,9.795517013540632,66.02588030359593,0.003090421136016316,4027.5095,4079.5479535857485,3975.4710464142518
2025-10-16 12:30:00,4046.29,4059.21,4039.78,4052.58,8784.5482,4052.58,4029.7165,4019.018,4044.0043971718715,4032.5258650396263,11.478532132245164,10.132120037281538,65.97931721903814,0.0030934478377471672,4029.7165,4082.0926099720723,3977.3403900279277
2025-10-16 12:45:00,4052.59,4061.25,4048.87,4054.63,5311.7485,4054.63,4032.233,4020.2206,4045.6391052992763,4034.163208370024,11.47589692925203,10.400875415675637,72.1127513192173,0.0030710041050017456,4032.233,4084.3027888366264,3980.163211163374
2025-10-16 13:00:00,4054.62,4057.18,4043.51,4051.23,4250.8166,4051.23,4034.5085,4021.6258000000003,4046.499242945541,4035.42741515743,11.071827788111023,10.535065890162715,62.90667104830769,0.0030881603822362773,4034.5085,4085.669520637285,3983.3474793627147
2025-10-16 13:15:00,4051.23,4055.0,4034.61,4045.38,5833.7033,4045.38,4036.9765000000007,4022.8956,4046.3270517231504,4036.164643664287,10.162408058863548,10.460534323902882,56.50319829424312,0.0030457736463232426,4036.9765000000007,4084.9850344497954,3988.967965550206
2025-10-16 13:30:00,4045.39,4068.72,4041.8,4053.34,8263.0515,4053.34,4040.0385,4023.9588,4047.4059668426657,4037.4368922817466,9.969074560919125,10.362242371306131,47.13382398673174,0.0030356281905094982,4040.0385,4083.60149505213,3996.4755049478704
2025-10-16 13:45:00,4053.35,4060.36,4007.18,4021.3,10770.3133,4021.3,4041.3650000000002,4024.5009999999997,4043.389664251486,4036.2415669275433,7.148097323942693,9.719413361833444,38.08207705192625,0.0036024675590090732,4041.3650000000002,4080.516369674452,4002.2136303255484
2025-10-16 14:00:00,4021.3,4026.52,3983.34,3987.71,11228.7133,3987.71,4040.6865,4024.2892000000006,4034.82356205895,4032.6466360440218,2.1769260149280854,8.210915892452373,26.742522313824352,0.0040745946187553525,4040.6865,4083.097486300303,3998.2755136996966
2025-10-16 14:15:00,3987.7,4000.95,3970.01,3996.53,13850.007,3996.53,4041.0919999999996,4024.0154,4028.932244819111,4029.9713296703903,-1.0390848512793127,6.360915743706036,32.32683254875593,0.0040411830559949355,4041.0919999999996,4081.5069704417383,4000.677029558261
2025-10-16 14:30:00,3996.52,4059.35,3995.34,4055.0,13047.0009,4055.0,4042.8514999999998,4024.745,4032.9426686930938,4031.825305250361,1.117363442732767,5.312205283511383,51.78128797083838,0.004913087794877773,4042.8514999999998,4082.4204906634272,4003.2825093365723
2025-10-16 14:45:00,4055.0,4057.64,4012.54,4015.52,8061.1046,4015.52,4042.121,4024.5256,4030.2622581249257,4030.617504861445,-0.3552467365193479,4.178714879505237,45.05624629958554,0.005381596668982957,4042.121,4083.189878164632,4001.0521218353683
2025-10-16 15:00:00,4015.52,4020.8,3985.89,4012.8,8944.4548,4012.8,4039.8175,4024.4467999999997,4027.575756874937,4029.2976896865234,-1.721932811586612,2.9985853412868666,41.0121853597795,0.005100070674457252,4039.8175,4082.081508266538,3997.553491733462
2025-10-16 15:15:00,4012.81,4014.4,3973.21,3979.18,9145.7997,3979.18,4036.2884999999997,4023.4038,4020.1302558172542,4025.5852682282625,-5.455012411008283,1.3078657908278364,33.45607364418653,0.005383358329381362,4036.2884999999997,4086.159167795137,3986.4178322048624
2025-10-16 15:30:00,3979.18,3986.6,3945.01,3954.0,15129.3231,3954.0,4031.1894999999995,4021.9786000000004,4009.9563703069075,4020.2826557669096,-10.326285460002055,-1.0189644593381426,32.057526366251196,0.005484995797241871,4031.1894999999995,4092.1938875817764,3970.1851124182226
2025-10-16 15:45:00,3953.99,3954.61,3892.0,3907.18,30553.2342,3907.18,4024.094,4019.4970000000003,3994.144621028922,4011.904681265657,-17.76006023673517,-4.36718361481755,27.291129321884497,0.005974864717639684,4024.094,4105.82307551955,3942.3649244804506
2025-10-16 16:00:00,3907.17,3914.86,3871.15,3902.34,22660.9297,3902.34,4016.8275000000003,4016.9938,3980.0208331783188,4003.7887789496817,-23.767945771362974,-8.247336046126637,25.357564624065134,0.0059670936587563105,4016.8275000000003,4114.095947607727,3919.5590523922738
2025-10-16 16:15:00,3902.35,3910.5,3868.0,3879.73,14742.7165,3879.73,4008.8689999999997,4014.2914,3964.5914742278082,3994.5992397682244,-30.00776554041613,-12.599421944984538,23.12538414259373,0.006033272317541516,4008.8689999999997,4123.100751121251,3894.6372488787483
2025-10-16 16:30:00,3879.73,3909.41,3857.12,3894.16,16320.1296,3894.16,4000.916,4011.6630000000005,3953.7558628081456,3987.1592960816893,-33.40343327354367,-16.760224210696368,26.656362393365598,0.0060417863099710475,4000.916,4123.955044620274,3877.876955379727
2025-10-16 16:45:00,3894.16,3967.6,3885.6,3964.41,14272.9705,3964.41,3996.0440000000003,4010.433,3955.3949608376615,3985.474163038601,-30.079202200939562,-19.424019808745008,39.89970810568068,0.00748643079252828,3996.0440000000003,4116.615785894135,3875.472214105865
2025-10-16 17:00:00,3964.41,3964.91,3926.31,3929.01,12720.1861,3929.01,3990.1159999999995,4008.8471999999997,3951.335736093406,3981.2916324431494,-29.955896349743398,-21.53039511694469,35.48462418567725,0.007670674660574649,3990.1159999999995,4111.675336760699,3868.5566632393
2025-10-16 17:15:00,3929.0,3961.74,3927.91,3946.22,7370.9639,3946.22,3985.1125,4007.7914,3950.5486997713438,3978.693733743657,-28.145033972313286,-22.85332288801841,40.92008513931882,0.007778579533527254,3985.1125,4105.164974469844,3865.0600255301556
2025-10-16 17:30:00,3946.23,3953.93,3920.79,3927.16,7103.0081,3927.16,3978.8415,4006.2382000000002,3946.95043826806,3974.8764201330164,-27.925981864956157,-23.867854683405962,42.4105687999799,0.0077896054248631,3978.8415,4097.145260544474,3860.537739455526
2025-10-16 17:45:00,3927.16,3934.76,3916.04,3921.37,6363.1135,3921.37,3972.1784999999995,4004.6812,3943.01498622682,3970.912981604645,-27.897995377825282,-24.67388282228983,40.50722441143774,0.007774778028317562,3972.1784999999995,4087.4823266175426,3856.8746733824564
2025-10-16 18:00:00,3921.37,3921.95,3877.83,3885.99,9398.3518,3885.99,3963.9165000000003,4002.053,3934.2419114226936,3964.622390374671,-30.38047895197724,-25.815202048227317,27.33174173126953,0.007943847064336656,3963.9165000000003,4079.0504942987072,3848.7825057012933
2025-10-16 18:15:00,3885.98,3907.18,3878.38,3888.8,8069.6144,3888.8,3956.0875,3999.8990000000003,3927.250848126894,3959.0059170135846,-31.755068886690424,-27.00317541591994,31.149589432345593,0.007967294912469974,3956.0875,4069.1739094166655,3843.0010905833346
2025-10-16 18:30:00,3888.79,3915.88,3881.8,3907.31,8140.3792,3907.31,3948.786,3998.0032,3924.1830253381413,3955.1765898273934,-30.993564489252094,-27.80125323058637,35.011792787928684,0.008063287973180797,3948.786,4054.0180780391506,3843.5539219608495
2025-10-16 18:45:00,3907.4,3918.56,3891.41,3904.89,10870.3154,3904.89,3942.9655,3995.7406,3921.2148675938115,3951.451657247587,-30.236789653775304,-28.288360515224156,38.41788531695298,0.007936660560779197,3942.9655,4044.1079403555173,3841.8230596444823
2025-10-16 19:00:00,3904.9,3912.5,3879.51,3883.26,6855.569,3883.26,3937.743,3993.0,3915.3756571947633,3946.4004233773953,-31.024766182631993,-28.83564164870572,38.84790011350737,0.007831874496903129,3937.743,4039.938585670532,3835.5474143294678
2025-10-16 19:15:00,3883.27,3889.47,3860.0,3874.57,5772.3988,3874.57,3931.6450000000004,3989.6497999999997,3909.0978637801845,3941.079651275366,-31.98178749518138,-29.464870818000854,44.15654230727882,0.007790036570222816,3931.6450000000004,4033.625296032931,3829.6647039670697
2025-10-16 19:30:00,3874.58,3877.43,3851.11,3862.07,10178.8396,3862.07,3921.9985,3986.2172000000005,3901.8628078140023,3935.227084514228,-33.36427670022567,-30.244751994445824,42.976734451846916,0.0068023226344119374,3921.9985,4010.4507280283246,3833.5462719716757
2025-10-16 19:45:00,3862.07,3890.6,3852.66,3867.01,6707.8779,3867.01,3914.5730000000003,3983.4973999999997,3896.500837381079,3930.1739671428036,-33.673129761724795,-30.93042754790162,47.63586350457218,0.006621677745950081,3914.5730000000003,3994.4910332987038,3834.654966701297
2025-10-16 20:00:00,3867.14,3880.85,3857.61,3861.17,4103.0995,3861.17,3906.9915,3980.552,3891.0653239378357,3925.0625621692625,-33.99723823142676,-31.54378968460665,43.66624428829247,0.006616454332964402,3906.9915,3975.6500621679065,3838.3329378320936
2025-10-16 20:15:00,3861.17,3871.74,3852.4,3858.31,2512.84,3858.31,3900.9480000000003,3977.6322000000005,3886.026043332015,3920.117927934502,-34.09188460248697,-32.05340866818271,22.518648984666342,0.006441166232329575,3900.9480000000003,3963.892791716452,3838.0032082835487
2025-10-16 20:30:00,3858.3,3861.43,3826.04,3846.91,12615.6221,3846.91,3895.5935000000004,3974.456,3880.008190511705,3914.695118457872,-34.68692794616709,-32.58011252377959,25.715806909607082,0.006352235269974711,3895.5935000000004,3957.751024259918,3833.435975740083
2025-10-16 20:45:00,3846.92,3864.0,3839.24,3850.99,7744.7815,3850.99,3892.7839999999997,3971.5553999999997,3875.5438535099042,3909.976220794326,-34.432367284421616,-32.950563475908,19.459944839971826,0.005867679083062772,3892.7839999999997,3957.7524280896346,3827.8155719103647
2025-10-16 21:00:00,3850.99,3864.86,3839.87,3859.34,8142.8271,3859.34,3890.6339999999996,3968.9001999999996,3873.0509529699193,3906.2253896243756,-33.17443665445626,-32.99533811161765,26.646005509642094,0.005900814504104582,3890.6339999999996,3957.0996509311476,3824.1683490688515
2025-10-16 21:15:00,3859.33,3873.63,3855.29,3870.37,6063.9151,3870.37,3890.166,3966.4121999999998,3872.6384986668545,3903.5694348373854,-30.930936170530913,-32.5824577234003,33.04972081893119,0.005811635405730774,3890.166,3957.085189412275,3823.246810587725
2025-10-16 21:30:00,3870.36,3879.92,3866.25,3872.31,5104.6973,3872.31,3889.0735,3963.8327999999997,3872.5879604104152,3901.2539211457274,-28.665960735312183,-31.799158325782678,44.15384615384624,0.005744345300895109,3889.0735,3956.4301448956294,3821.7168551043706
2025-10-16 21:45:00,3872.32,3885.87,3870.63,3883.82,3497.2323,3883.82,3885.0440000000003,3961.7407999999996,3874.3159665011203,3899.962519579377,-25.646553078256602,-30.568637276277467,48.01909307875894,0.003913497585655557,3885.0440000000003,3942.3109322790096,3827.777067720991
2025-10-16 22:00:00,3884.0,3889.49,3865.87,3866.9,4587.2664,3866.9,3881.9385,3958.6825999999996,3873.175048577871,3897.513444054979,-24.33839547710795,-29.322588916443568,33.72008701957954,0.0035430644633438623,3881.9385,3935.801767935103,3828.0752320648976
2025-10-16 22:15:00,3866.9,3878.73,3863.7,3874.06,3247.5808,3874.06,3878.3305,3955.5612000000006,3873.3111949505064,3895.7761519027586,-22.464956952252123,-27.95106252360528,38.03647652308892,0.0033906815849782646,3878.3305,3922.9353179957966,3833.7256820042035
2025-10-16 22:30:00,3874.07,3880.31,3868.36,3871.98,3063.5383,3871.98,3875.5714999999996,3951.8233999999998,3873.1063957273514,3894.013473984036,-20.9070782566846,-26.54226567022115,44.83989021042994,0.0032634205714219145,3875.5714999999996,3913.8346295803185,3837.3083704196806
2025-10-16 22:45:00,3871.97,3878.47,3864.06,3865.45,2393.6341,3865.45,3872.7755000000006,3948.1372,3871.9284886923742,3891.8976610963296,-19.969172403955326,-25.22764701696799,45.74388650363997,0.003266405530049176,3872.7755000000006,3904.5739061006757,3840.9770938993256
2025-10-16 23:00:00,3865.44,3885.0,3861.5,3880.02,3352.6509,3880.02,3872.477,3944.618,3873.1733365858554,3891.017834348453,-17.84449776259771,-23.751017166093938,58.218111894515,0.0027680325531473596,3872.477,3903.8625019163856,3841.091498083614
2025-10-16 23:15:00,3880.02,3898.05,3880.02,3893.01,3644.8211,3893.01,3872.6875,3941.4964,3876.2251309572616,3891.165402174494,-14.940271217232294,-21.98886797632161,61.08647450110855,0.0028681895250870994,3872.6875,3904.5862337649414,3840.7887662350586
2025-10-16 23:30:00,3893.01,3896.0,3884.09,3887.2,2553.797,3887.2,3871.682,3938.2869999999994,3877.913572348452,3890.8716686800867,-12.958096331634806,-20.18271364738425,61.1021069692056,0.0026620725906892715,3871.682,3900.058930289387,3843.3050697106128
2025-10-16 23:45:00,3887.21,3895.89,3884.31,3894.51,1844.4352,3894.51,3871.1629999999996,3935.3992,3880.466868910228,3891.141174703784,-10.674305793555959,-18.281032076618594,64.8750821827744,0.0027024282895648233,3871.1629999999996,3897.2716693409293,3845.05433065907
2025-10-17 00:00:00,3894.5,3905.63,3888.24,3903.5,3412.6696,3903.5,3872.175,3932.4048,3884.0104275394237,3892.0566432442442,-8.046215704820497,-16.234068802258975,73.72348453089609,0.0024318068353179952,3872.175,3901.614531961674,3842.7354680383264
2025-10-17 00:15:00,3903.51,3915.56,3899.22,3914.53,4074.7143,3914.53,3874.173,3929.4583999999995,3888.705746379512,3893.7213363372634,-5.015589957751217,-13.990373033357422,75.17033750594186,0.002421326198080834,3874.173,3909.19217856526,3839.1538214347397
2025-10-17 00:30:00,3914.53,3927.3,3909.0,3920.37,3982.369,3920.37,3877.0880000000006,3926.9144,3893.5771700134333,3895.695311423392,-2.1181414099587528,-11.615926708677687,74.66655888772098,0.002262155981701843,3877.0880000000006,3917.200642238895,3836.9753577611064
2025-10-17 00:45:00,3920.37,3927.99,3914.3,3927.99,3241.0085,3927.99,3880.1369999999997,3924.5484,3898.871451549828,3898.0875105772147,0.7839409726134363,-9.135953172419462,73.94846217788835,0.0022751524526569036,3880.1369999999997,3925.8969775029414,3834.377022497058
2025-10-17 01:00:00,3927.99,3950.45,3923.04,3934.67,7828.6754,3934.67,3883.8119999999994,3922.1902,3904.3789205421617,3900.797324608532,3.5815959336296146,-6.5924433512096465,74.93602047344828,0.0022172107262309507,3883.8119999999994,3934.6789519848353,3832.9450480151636
2025-10-17 01:15:00,3934.67,3942.38,3926.64,3930.69,4432.429,3930.69,3887.4309999999996,3919.7114,3908.4267789202904,3903.011596859752,5.415182060538427,-4.190918268860032,69.94298357586564,0.0022288476395990096,3887.4309999999996,3940.891509734473,3833.970490265526
2025-10-17 01:30:00,3930.7,3933.72,3909.92,3919.53,3807.2252,3919.53,3891.0619999999994,3917.0774,3910.134966778707,3904.235182277548,5.899784501159047,-2.1727777148562155,73.54809843400433,0.002218375086499348,3891.0619999999994,3942.770362593707,3839.353637406292
2025-10-17 01:45:00,3919.56,3923.46,3906.06,3920.21,2765.8425,3920.21,3894.523,3914.5739999999996,3911.684971889675,3905.4185021088406,6.266469780834541,-0.4849282157180637,71.91982521136111,0.0022246514624723384,3894.523,3944.162978413162,3844.8830215868384
2025-10-17 02:00:00,3920.2,3925.5,3908.88,3914.7,2978.339,3914.7,3897.2909999999997,3911.8012,3912.1488223681868,3906.1060204711484,6.042801897038316,0.8206178068332128,69.65041398344036,0.002260115289437367,3897.2909999999997,3944.7986432190396,3849.78335678096
2025-10-17 02:15:00,3914.7,3915.17,3900.03,3902.7,3147.1326,3902.7,3898.9075,3909.4292000000005,3910.6951573884658,3905.853722658471,4.841434729994944,1.6247811914655594,66.31339230971344,0.0023507716748140868,3898.9075,3944.7284154152417,3853.086584584758
2025-10-17 02:30:00,3902.7,3925.0,3901.63,3920.74,4981.9859,3920.74,3901.329,3908.0897999999997,3912.2405177902406,3906.9564098689543,5.28410792128625,2.356646537429698,67.30703842230514,0.0025320300489397505,3901.329,3946.343267165401,3856.3147328345995
2025-10-17 02:45:00,3920.75,3930.88,3915.04,3922.3,3654.4051,3922.3,3903.2530000000006,3906.6051999999995,3913.7881304378957,3908.092972100884,5.69515833701189,3.0243488973461368,63.788720459466944,0.0024711040229418455,3903.2530000000006,3948.405449184795,3858.100550815206
2025-10-17 03:00:00,3922.31,3932.0,3918.97,3924.81,3630.6179,3924.81,3906.1485000000002,3904.0013999999996,3915.4838026782195,3909.331270463781,6.152532214438452,3.6499855607646006,68.2732484695365,0.0021914475426589334,3906.1485000000002,3948.8457639455746,3863.451236054426
2025-10-17 03:15:00,3924.8,3933.33,3924.42,3928.9,2603.4059,3928.9,3908.8905,3902.2690000000002,3917.5478330354167,3910.780805984982,6.767027050434535,4.273393858698588,67.24847025779911,0.0021773788766538136,3908.8905,3949.9222086501873,3867.8587913498127
2025-10-17 03:30:00,3928.9,3932.69,3922.33,3923.46,2643.5894,3923.46,3911.4645000000005,3900.4822000000004,3918.457397183814,3911.72000554165,6.737391642163857,4.766193415391642,60.380694820054075,0.0022108269153081916,3911.4645000000005,3949.062039379399,3873.866960620602
2025-10-17 03:45:00,3923.47,3935.42,3923.46,3933.25,2040.6922,3933.25,3914.8545,3899.5636,3920.733182232458,3913.3148199459724,7.418362286485717,5.296627189610458,59.86301369863002,0.0021743802531460073,3914.8545,3946.781762381464,3882.927237618536
2025-10-17 04:00:00,3933.26,3935.97,3925.8,3929.64,1443.2543,3929.64,3917.3355,3899.0763999999995,3922.103461889003,3914.524092542567,7.579369346436124,5.7531756209755915,55.001618646811224,0.0020968843646685963,3917.3355,3945.3354033647975,3889.335596635203
2025-10-17 04:15:00,3929.64,3930.98,3918.09,3921.0,2421.3859,3921.0,3918.7349999999997,3899.3527999999997,3921.933698521464,3915.0037893912654,6.929909130198666,5.988522322820208,46.26961255203343,0.002086329633445901,3918.7349999999997,3944.3084274099233,3893.161572590076
2025-10-17 04:30:00,3921.0,3929.65,3919.51,3919.7,2081.6135,3919.7,3920.3599999999997,3899.7,3921.590052595085,3915.351656843764,6.23839575132115,6.038497008520396,41.52417619748602,0.0020478651392077133,3920.3599999999997,3941.185911997875,3899.5340880021245
2025-10-17 04:45:00,3919.69,3922.26,3910.33,3912.83,2895.6759,3912.83,3921.2760000000003,3900.3619999999996,3920.2423521958412,3915.1648674479297,5.077484747911512,5.84629455639862,40.20833333333329,0.0020723352780322155,3921.2760000000003,3938.6381529108903,3903.9138470891103
2025-10-17 05:00:00,3912.83,3917.41,3908.69,3911.02,3865.3752,3911.02,3921.6520000000005,3900.6992,3918.8235287810967,3914.8578402295648,3.965688551531912,5.4701733554252785,44.801466096517906,0.0020184703705103243,3921.6520000000005,3937.6666808968353,3905.6373191031657
2025-10-17 05:15:00,3911.03,3923.46,3906.37,3920.89,2777.0223,3920.89,3921.9700000000003,3899.8288000000002,3919.1414474301587,3915.3046668792267,3.8367805509319624,5.143494794526616,50.373462214411155,0.001998016296244171,3921.9700000000003,3937.638055332799,3906.3019446672015
2025-10-17 05:30:00,3920.89,3923.41,3896.9,3900.83,6725.1111,3900.83,3920.9929999999995,3899.2652000000003,3916.324301671673,3914.2324693326177,2.091832339055145,4.533162303432322,43.43214319537841,0.0022793522166745656,3920.9929999999995,3939.296389505371,3902.689610494628
2025-10-17 05:45:00,3900.82,3904.66,3893.4,3895.66,5694.3082,3895.66,3919.3765,3898.2540000000004,3913.145178337569,3912.8567308635347,0.2884474740344558,3.6842193375527486,46.435803969218334,0.0022306557597804168,3919.3765,3940.561689737821,3898.191310262179
2025-10-17 06:00:00,3895.66,3906.18,3890.68,3895.74,4854.4614,3895.74,3917.4300000000003,3897.6256,3910.467458593328,3911.588824873643,-1.12136628031476,2.7231022139792467,34.529702970297066,0.002177970589372039,3917.4300000000003,3939.8183146216043,3895.0416853783963
2025-10-17 06:15:00,3895.75,3899.5,3862.48,3866.62,8651.2373,3866.62,3914.2264999999998,3896.5306,3903.721695732816,3908.2578008089286,-4.5361050761125625,1.2712607559608846,24.307862679955477,0.002680267001152126,3914.2264999999998,3945.2831689340655,3883.169831065934
2025-10-17 06:30:00,3866.61,3871.11,3825.37,3828.56,16245.8059,3828.56,3909.678,3895.382,3892.1583579277676,3902.354260008267,-10.195902080499309,-1.0221718113311549,16.55896046139945,0.0033356919841964297,3909.678,3958.8357467688,3860.5202532311996
2025-10-17 06:45:00,3828.56,3837.17,3807.6,3819.71,15248.7662,3819.71,3904.653,3894.0001999999995,3881.0124567081107,3896.2324629706172,-15.220006262506558,-3.8617387015662366,13.277729198896765,0.0033293636279436334,3904.653,3967.826286859627,3841.4797131403725
2025-10-17 07:00:00,3819.71,3824.33,3768.45,3779.01,32704.8988,3779.01,3897.8684999999996,3891.4341999999997,3865.319771060709,3887.5493175653864,-22.229546504677273,-7.5353002621884455,10.732343826455633,0.003933532179306701,3897.8684999999996,3982.1252970146925,3813.6117029853067
2025-10-17 07:15:00,3779.0,3803.02,3778.03,3784.84,14200.7428,3784.84,3891.9755000000005,3889.0332,3852.9382678206002,3879.9412199679505,-27.002952147350243,-11.428830639220807,8.768128021336778,0.003987322865837527,3891.9755000000005,3990.1469790773162,3793.8040209226847
2025-10-17 07:30:00,3784.83,3796.54,3765.69,3777.39,19775.9626,3777.39,3884.808,3886.9158,3841.3154573866614,3872.3448333036577,-31.029375916996287,-15.348939694775908,8.584951852456228,0.003715659810379018,3884.808,3994.4041638976023,3775.2118361023977
2025-10-17 07:45:00,3777.4,3790.29,3752.89,3756.49,23561.4914,3756.49,3876.5174999999995,3884.5542,3828.265387019482,3863.762993799683,-35.49760678020084,-19.378673111860895,8.048146070280893,0.0037628431689930627,3876.5174999999995,3998.551987942491,3754.483012057508
2025-10-17 08:00:00,3756.49,3770.0,3735.26,3742.8,22906.2986,3742.8,3867.417,3882.1688,3815.116865939562,3854.8027720367436,-39.68590609718149,-23.440119708925018,7.569797563081551,0.0037172960551109945,3867.417,4000.8973746032666,3733.9366253967332
2025-10-17 08:15:00,3742.8,3744.83,3706.0,3731.41,51185.0463,3731.41,3857.5425000000005,3879.4568,3802.238886564245,3845.6625667006883,-43.42368013644318,-27.436831794428656,7.409146398722783,0.00363148830937566,3857.5425000000005,4000.737934486973,3714.347065513028
2025-10-17 08:30:00,3731.41,3759.37,3721.77,3721.77,15985.0971,3721.77,3847.4579999999996,3876.6688,3789.8590578620533,3836.485339537674,-46.6262816756207,-31.274721770667064,7.146415470313755,0.0036207871031548287,3847.4579999999996,3999.256718058581,3695.659281941418
2025-10-17 08:45:00,3721.78,3728.39,3704.21,3708.8,28549.6634,3708.8,3836.2355,3873.6785999999997,3777.388433575584,3827.0271662385876,-49.63873266300379,-34.947523949134414,2.6394533517930654,0.0034165118051063047,3836.2355,3994.3829494495144,3678.088050550485
2025-10-17 09:00:00,3708.8,3739.71,3696.74,3735.55,23070.1835,3735.55,3826.531,3871.4514,3770.951751487032,3820.251079850544,-49.299328363511904,-37.817884832009916,14.163052905463985,0.004086330272621712,3826.531,3984.365055280647,3668.696944719353
2025-10-17 09:15:00,3735.58,3744.3,3723.77,3743.94,10034.2183,3743.94,3817.678,3869.3104,3766.7960974121042,3814.5984072690226,-47.80230985691833,-39.8147698369916,17.556239842613905,0.0042233724612003275,3817.678,3973.0447423059245,3662.3112576940753
2025-10-17 09:30:00,3743.93,3769.02,3742.7,3745.35,19009.6068,3745.35,3808.9605,3867.0306,3763.4966978102416,3809.4688956194655,-45.97219780922387,-41.046255431438055,18.022538805017987,0.004243657292400577,3808.9605,3959.7216368986265,3658.199363101374
2025-10-17 09:45:00,3745.35,3751.57,3724.0,3724.36,9193.6573,3724.36,3799.5369999999994,3864.1104000000005,3757.4756673778966,3803.1645329809867,-45.68886560309011,-41.97477746576847,18.66795877015234,0.004306173312065533,3799.5369999999994,3946.473933424614,3652.6000665753845
2025-10-17 10:00:00,3724.35,3738.98,3701.67,3718.91,12355.3874,3718.91,3789.9314999999997,3861.0424000000003,3751.542487781297,3796.9234564638764,-45.38096868257935,-42.65601570913065,21.79929015997108,0.004287559608219036,3789.9314999999997,3931.1902306329043,3648.672769367095
2025-10-17 10:15:00,3718.9,3719.68,3674.5,3686.67,20577.7011,3686.67,3778.2204999999994,3857.0994,3741.5621050457125,3788.7565337628484,-47.19442871713591,-43.5636983107317,19.45821854912755,0.00432674526631742,3778.2204999999994,3912.424975488235,3644.016024511764
2025-10-17 10:30:00,3686.66,3711.44,3680.8,3697.71,9478.2288,3697.71,3768.0644999999995,3853.7156,3734.815627346372,3782.0123460767113,-47.1967187303394,-44.290302394653246,28.39374933560103,0.004501072805484032,3768.0644999999995,3893.6682715617894,3642.4607284382096
2025-10-17 10:45:00,3697.71,3731.85,3695.75,3725.36,10671.19,3725.36,3759.5495,3850.7416,3733.3609154469304,3777.815875996955,-44.45496055002468,-44.32323402572754,35.835397218517784,0.005037012883231045,3759.5495,3871.0280025253,3648.0709974747
2025-10-17 11:00:00,3725.37,3783.28,3720.65,3777.43,16623.4995,3777.43,3753.6339999999996,3848.8505999999998,3740.1407746089412,3777.787292589773,-37.64651798083196,-42.987890816748425,50.007856076675296,0.006197024308178973,3753.6339999999996,3845.517697288413,3661.7503027115863
2025-10-17 11:15:00,3777.43,3817.7,3776.32,3797.78,24081.5263,3797.78,3750.192,3847.4972,3749.008347746027,3779.2682338794193,-30.25988613339223,-40.44228988007719,58.12699287485741,0.006214177854928246,3750.192,3828.393496176422,3671.990503823578
2025-10-17 11:30:00,3797.78,3804.08,3767.95,3782.95,11740.1809,3782.95,3747.9115000000006,3845.5558,3754.2301404004843,3779.5409572957587,-25.310816895274456,-37.415995283116644,57.86730415017432,0.005897124656588757,3747.9115000000006,3818.809545485787,3677.013454514214
2025-10-17 11:45:00,3782.94,3796.39,3769.47,3778.54,6908.2202,3778.54,3745.853,3843.2664,3757.9701188004096,3779.4668123108877,-21.496693510478053,-34.23213492858893,59.494741931584706,0.005884996524147753,3745.853,3810.0473808331135,3681.6586191668866
2025-10-17 12:00:00,3778.53,3794.0,3771.58,3786.55,6155.9136,3786.55,3746.2300000000005,3841.2534,3762.3670236003463,3779.991492880452,-17.624469280105586,-30.91060179889226,63.13676184295917,0.005401025461656145,3746.2300000000005,3811.3264945294336,3681.1335054705673
2025-10-17 12:15:00,3786.56,3811.42,3781.84,3787.47,8073.729,3787.47,3746.3615,3839.1126,3766.2290199695244,3780.545456370789,-14.316436401264582,-27.591768719366723,66.77327192870234,0.005390732734258283,3746.3615,3811.796142772444,3680.926857227556
2025-10-17 12:30:00,3787.47,3799.68,3779.09,3788.05,6281.4727,3788.05,3746.8945,3836.8035999999997,3769.586093820367,3781.1013484914715,-11.515254671104685,-24.376465909714316,62.59959681290198,0.005369789350345033,3746.8945,3813.555497347691,3680.2335026523087
2025-10-17 12:45:00,3788.06,3790.33,3770.94,3775.44,4820.3659,3775.44,3747.8419999999996,3834.0218,3770.4866947710793,3780.681989343955,-10.19529457287581,-21.540231642346615,57.409672563041006,0.0052685869569620535,3747.8419999999996,3815.606821676608,3680.0771783233913
2025-10-17 13:00:00,3775.44,3787.68,3758.58,3758.59,6482.1024,3758.59,3748.6315000000004,3830.7862,3768.656434037067,3779.045545688847,-10.38911165178024,-19.31000764423334,52.90350877192987,0.005303621888833028,3748.6315000000004,3816.5168042853547,3680.746195714646
2025-10-17 13:15:00,3758.58,3789.76,3757.82,3778.5,6205.5225,3778.5,3750.986,3827.7963999999997,3770.1708288005952,3779.0051348970806,-8.834306096485307,-17.214867334683735,61.92931429578701,0.00536080916384413,3750.986,3819.618726396756,3682.353273603244
2025-10-17 13:30:00,3778.52,3806.5,3744.86,3754.21,17669.2406,3754.21,3752.608,3824.1872000000003,3767.715316677427,3777.1684582380376,-9.453141560610675,-15.662522179869123,57.1818033854167,0.0055481964284244895,3752.608,3819.8527919644052,3685.363208035595
2025-10-17 13:45:00,3754.2,3809.08,3740.08,3789.57,15086.5682,3789.57,3756.6465000000003,3821.3648,3771.0775756501303,3778.087090961146,-7.009515311015548,-13.93192080609841,70.6726133076181,0.005810757407672485,3756.6465000000003,3822.500730819761,3690.7922691802396
2025-10-17 14:00:00,3789.56,3798.29,3756.5,3782.2,10704.7477,3782.2,3758.9790000000003,3818.6182,3772.7887178578026,3778.39175088995,-5.603033032147323,-12.266143251308192,67.2280902083927,0.0056621262269079715,3758.9790000000003,3824.991457484766,3692.9665425152343
2025-10-17 14:15:00,3782.21,3790.96,3753.33,3756.69,8975.8605,3756.69,3759.6165,3815.3478000000005,3770.3119920335253,3776.7842137869907,-6.472221753465419,-11.107358951739638,56.44464557534864,0.005880270847089037,3759.6165,3825.2626831256584,3693.9703168743417
2025-10-17 14:30:00,3756.68,3765.4,3714.0,3748.24,24995.1109,3748.24,3759.7609999999995,3812.0186,3766.916300951444,3774.6698275805466,-7.753526629102453,-10.436592487212202,42.682376535472585,0.005905063882918274,3759.7609999999995,3825.2875724807323,3694.234427519267
2025-10-17 14:45:00,3748.24,3781.99,3745.2,3750.31,13525.446,3750.31,3761.0585,3808.9707999999996,3764.361485420453,3772.8653959079134,-8.503910487460416,-10.050056087261845,36.89904509576641,0.005753028408913434,3761.0585,3824.6321556744188,3697.4848443255814
2025-10-17 15:00:00,3750.31,3773.63,3746.4,3747.74,8706.5739,3747.74,3762.5,3805.5108,3761.804333817306,3771.0042554702904,-9.199921652984358,-9.880029200406348,39.577289680895184,0.005742650305971198,3762.5,3823.2964230251387,3701.7035769748613
2025-10-17 15:15:00,3747.73,3780.9,3746.84,3770.26,6581.2155,3770.26,3766.6795000000006,3802.47,3763.1052055377204,3770.9491254354543,-7.84391989773394,-9.472807339871867,47.78633301251212,0.005452989172863928,3766.6795000000006,3815.921412603615,3717.4375873963863
2025-10-17 15:30:00,3770.26,3786.42,3744.79,3770.85,10330.2188,3770.85,3770.3365,3799.3908,3764.2967123780704,3770.941782810606,-6.645070432535704,-8.907259958404635,45.629175946547825,0.00543898007859713,3770.3365,3807.35929939114,3733.3137006088596
2025-10-17 15:45:00,3770.84,3800.94,3770.4,3797.75,8569.8702,3797.75,3773.9559999999997,3796.7677999999996,3769.4433720122133,3772.927576676487,-3.484204664273875,-7.822648899578484,52.50024321432049,0.005417904095827891,3773.9559999999997,3806.326764197907,3741.5852358020925
2025-10-17 16:00:00,3797.76,3846.19,3794.88,3821.82,18313.7682,3821.82,3776.1755000000003,3794.735,3777.501314779565,3776.549237663414,0.9520771161510311,-6.067703696432581,57.37110926790934,0.004670916889362449,3776.1755000000003,3814.9942027498023,3737.3567972501983
2025-10-17 16:15:00,3821.82,3840.62,3804.36,3813.33,11132.3533,3813.33,3776.9530000000004,3792.3365999999996,3783.013420198093,3779.2737385772352,3.7396816208579367,-4.106226632974478,58.421871527005926,0.004568765430863197,3776.9530000000004,3818.144076754925,3735.7619232450756
2025-10-17 16:30:00,3813.33,3819.79,3789.13,3797.2,12069.4937,3797.2,3777.6655,3789.6878,3785.1959709368484,3780.6016097937363,4.59436114311211,-2.3661090777571596,58.60946349730175,0.004584736657945897,3777.6655,3819.776060483447,3735.554939516553
2025-10-17 16:45:00,3797.2,3811.94,3779.01,3787.94,6412.5751,3787.94,3778.1355000000003,3787.0266,3785.618129254256,3781.14519425346,4.472935000796042,-0.9983002620465189,52.209944751381215,0.004613409289691118,3778.1355000000003,3820.4962422406343,3735.7747577593664
2025-10-17 17:00:00,3787.95,3805.84,3782.81,3798.91,4478.3572,3798.91,3778.7535,3784.6108000000004,3787.663032445909,3782.461105790241,5.2019266556676484,0.2417451214963149,61.16049136123029,0.00463420850862984,3778.7535,3821.9828561443037,3735.524143855696
2025-10-17 17:15:00,3798.91,3803.13,3780.01,3792.36,3254.0298,3792.36,3778.9979999999996,3782.2014,3788.3856428388463,3783.1943572131863,5.19128562565993,1.2316532223290384,50.81364829396324,0.0046534839928560725,3778.9979999999996,3822.4894528084296,3735.5065471915696
2025-10-17 17:30:00,3792.36,3814.84,3787.1,3803.71,4320.3713,3803.71,3779.781,3780.0552,3790.743236248254,3784.7140344566537,6.0292017916003715,2.1911629361833054,56.13065040186974,0.004699099393788501,3779.781,3824.5050384677143,3735.0569615322856
2025-10-17 17:45:00,3803.7,3826.47,3789.71,3817.61,6119.9599,3817.61,3781.8895,3777.9896000000003,3794.8765845177536,3787.1507726450495,7.725811872704071,3.298092723487459,68.59357831766569,0.004681182799277096,3781.8895,3829.626524569576,3734.1524754304246
2025-10-17 18:00:00,3817.61,3830.18,3814.05,3815.39,3376.6129,3815.39,3784.7295,3776.2807999999995,3798.032494591945,3789.2425672639347,8.789927328010435,4.396459644392055,71.30528586839262,0.004540047361413366,3784.7295,3833.379737182506,3736.079262817494
2025-10-17 18:15:00,3815.39,3840.43,3812.44,3835.62,3994.8785,3835.62,3787.5854999999997,3775.08,3803.815187731646,3792.6779326517913,11.13725507985464,5.7446187314845725,74.27027027027019,0.004540311065147707,3787.5854999999997,3841.153790099925,3734.0172099000742
2025-10-17 18:30:00,3835.62,3849.29,3830.68,3838.44,4518.6638,3838.44,3791.797,3773.934,3809.142081926777,3796.0677154183254,13.074366508451476,7.210568286877955,75.76704545454547,0.004214204257329573,3791.797,3847.5179959862826,3736.0760040137175
2025-10-17 18:45:00,3838.45,3843.05,3825.31,3835.69,3401.5163,3835.69,3794.103,3773.3154,3813.2263770149652,3799.0026994614122,14.223677553552989,8.613190140212962,70.9402803558855,0.003747042964595538,3794.103,3853.1537771152402,3735.05222288476
2025-10-17 19:00:00,3835.69,3847.43,3832.3,3844.89,3050.5323,3844.89,3797.2375,3773.6420000000003,3818.097703628048,3802.4017587605667,15.695944867481103,10.029741085666592,72.45814122785728,0.003716819422271154,3797.2375,3860.1565942068337,3734.3184057931667
2025-10-17 19:15:00,3844.88,3850.36,3828.31,3832.94,3696.263,3832.94,3801.05,3773.9066000000003,3820.3811338391174,3804.663850704229,15.717283134888476,11.16724949551097,61.73860831276272,0.003402463475868612,3801.05,3862.8548279498746,3739.245172050126
2025-10-17 19:30:00,3832.93,3832.93,3815.25,3822.0,3980.4044,3822.0,3804.7380000000003,3774.7664,3820.630190171561,3805.948009911323,14.682180260238056,11.870235648456388,50.06580871599878,0.0034354946888772845,3804.7380000000003,3861.9029582028584,3747.573041797142
2025-10-17 19:45:00,3822.0,3833.43,3818.83,3827.76,2566.2855,3827.76,3808.6105,3775.6248000000005,3821.7270839913213,3807.563712880855,14.163371110466414,12.328862740858394,55.38312318137742,0.0034358654458614877,3808.6105,3860.500838407246,3756.7201615927534
2025-10-17 20:00:00,3827.77,3842.99,3818.25,3841.24,3606.6128,3841.24,3813.2855000000004,3776.9018,3824.7290710695797,3810.0582526674584,14.670818402121313,12.79725387311098,66.76054193941248,0.0034541716339704202,3813.2855000000004,3858.5036572638055,3768.0673427361953
2025-10-17 20:15:00,3841.24,3863.3,3839.36,3858.19,5613.4822,3858.19,3817.682,3778.9358,3829.876906289644,3813.6235672846838,16.253339004960253,13.488470899480836,75.25706478751712,0.00335516355632882,3817.682,3862.381875238462,3772.9821247615378
2025-10-17 20:30:00,3858.2,3860.17,3845.31,3851.45,3503.8121,3851.45,3821.7120000000004,3781.1087999999995,3833.195843783545,3816.425525263596,16.770318519949342,14.144840423574538,69.4823494512014,0.003411609478360976,3821.7120000000004,3863.0402065526714,3780.3837934473295
2025-10-17 20:45:00,3851.45,3863.48,3850.88,3858.95,3139.1182,3858.95,3824.772,3783.6596000000004,3837.158021663,3819.575486355181,17.582535307818944,14.83237940042342,74.51947860667188,0.003109681064286619,3824.772,3867.6630917510497,3781.88090824895
2025-10-17 21:00:00,3858.94,3882.85,3853.33,3872.42,9460.1489,3872.42,3827.3019999999997,3786.6726,3842.5829414071536,3823.4898947733154,19.093046633838185,15.684512847106372,74.91117395402786,0.00290118955638428,3827.3019999999997,3875.1436619146402,3779.460338085359
2025-10-17 21:15:00,3872.42,3883.17,3868.13,3876.51,4195.8236,3876.51,3830.4610000000002,3790.0268,3847.802488882976,3827.4173099752925,20.38517890768344,16.62464605922179,72.98985167837616,0.0028212164332732225,3830.4610000000002,3882.5712914981086,3778.350708501892
2025-10-17 21:30:00,3876.51,3880.89,3864.32,3875.93,5074.0321,3875.93,3834.3975,3792.8343999999993,3852.1297982855954,3831.0108425697154,21.11895571588002,17.523507990553437,73.93642258421616,0.00257299128243313,3834.3975,3887.807053600523,3780.987946399477
2025-10-17 21:45:00,3875.92,3880.95,3871.86,3876.73,2602.5829,3876.73,3838.8369999999995,3795.4902,3855.9144447031963,3834.3974468238107,21.5169978793856,18.32220596831987,69.20489582360072,0.0024503893512383156,3838.8369999999995,3890.726183580483,3786.947816419516
2025-10-17 22:00:00,3876.72,3882.68,3862.75,3864.05,4123.9213,3864.05,3842.094,3797.8642000000004,3857.1660685950123,3836.5939322442696,20.572136350742767,18.772192044804452,60.95474377619983,0.00260389532053836,3842.094,3891.5514438654245,3792.6365561345756
2025-10-17 22:15:00,3864.05,3870.42,3858.94,3868.99,1953.6524,3868.99,3845.9255000000003,3800.7568,3858.9851349650107,3838.993640966916,19.99149399809494,19.01605243546255,63.98219684245869,0.0025330399034517114,3845.9255000000003,3890.823044875046,3801.0279551249546
2025-10-17 22:30:00,3869.0,3870.06,3846.74,3849.19,3908.0641,3849.19,3848.1995,3803.3624,3857.4781911242394,3839.7489268212184,17.729264303020955,18.758694808974234,51.65792720542881,0.0028296905011846356,3848.1995,3888.462026119096,3807.936973880904
2025-10-17 22:45:00,3849.19,3854.74,3849.19,3854.43,1009.4167,3854.43,3850.0405,3806.7176,3857.009238643587,3840.8364137233507,16.172824920236508,18.24152083122669,58.73790355371218,0.002744522773071152,3850.0405,3887.6965704411623,3812.384429558838
2025-10-17 23:00:00,3854.43,3854.74,3842.28,3844.4,2473.0959,3844.4,3851.4909999999995,3809.6514,3855.0693557753434,3841.1003830771765,13.968972698166908,17.387011204614733,59.175815172865846,0.002821900443387015,3851.4909999999995,3885.594503076991,3817.3874969230083
2025-10-17 23:15:00,3844.4,3848.26,3838.4,3839.38,2246.5469,3839.38,3851.679,3811.9318,3852.655608732983,3840.9729472936815,11.682661439301683,16.246141251552125,54.7889878008572,0.002593148585152314,3851.679,3885.4539928671347,3817.9040071328654
2025-10-17 23:30:00,3839.38,3844.67,3836.03,3838.86,1741.858,3838.86,3851.7,3813.1604,3850.5332073894474,3840.816432679335,9.716774710112531,14.940267943264205,48.90180878552987,0.00258838241925975,3851.7,3885.4408389128575,3817.959161087142
2025-10-17 23:45:00,3838.87,3840.75,3828.74,3831.57,2882.977,3831.57,3851.494,3813.8361999999997,3847.615790867994,3840.131511740125,7.484279127868831,13.44907018018513,36.514690982776116,0.002619142245840781,3851.494,3885.6935939652144,3817.294406034786
2025-10-18 00:00:00,3831.58,3836.3,3820.33,3822.19,2545.7755,3822.19,3850.3589999999995,3814.6209999999996,3843.704130734456,3838.802510870486,4.901619863970154,11.739580116942134,35.56344977304131,0.0026047998303212376,3850.3589999999995,3886.907468698806,3813.810531301193
2025-10-18 00:15:00,3822.19,3843.46,3819.07,3840.11,4107.0209,3840.11,3850.7174999999997,3815.8523999999998,3843.1511875445403,3838.8993619171165,4.251825627423841,10.242029219038477,41.571224051539126,0.00274113417940135,3850.7174999999997,3886.682556652494,3814.7524433475055
2025-10-18 00:30:00,3840.11,3844.0,3830.87,3842.91,2026.1278,3842.91,3851.763,3816.9796,3843.1140817684573,3839.196446219553,3.9176355489044,8.977150485011661,35.40409536056957,0.002653799319391166,3851.763,3885.3501404592234,3818.1758595407764
2025-10-18 00:45:00,3842.91,3843.01,3835.35,3840.25,1424.8707,3840.25,3852.3875,3818.0352000000003,3842.673453804079,3839.2744872403264,3.398966563752765,7.861513700759882,31.808147702187128,0.002645663809321125,3852.3875,3884.528836477243,3820.2461635227564
2025-10-18 01:00:00,3840.25,3852.5,3839.62,3848.18,2701.8636,3848.18,3852.7345,3819.2378000000003,3843.5206147572976,3839.9341548521543,3.586459905143329,7.006502941636572,37.033922063358375,0.0025673200090829606,3852.7345,3884.516948963576,3820.952051036424
2025-10-18 01:15:00,3848.17,3877.38,3844.68,3874.83,13328.8665,3874.83,3853.5665,3821.2255999999998,3848.3374432561745,3842.519032270513,5.818410985661558,6.76888455044157,49.2849616137287,0.002837118915131049,3853.5665,3886.7888559958014,3820.3441440041984
2025-10-18 01:30:00,3874.83,3878.9,3863.09,3864.5,3255.5842,3864.5,3854.219,3823.3438,3850.823990447532,3844.1472521023265,6.676738345205649,6.750455309394385,50.17240058233079,0.002877785499180122,3854.219,3887.77724529658,3820.66075470342
2025-10-18 01:45:00,3864.5,3871.05,3860.03,3868.36,1836.9228,3868.36,3854.6895000000004,3825.1410000000005,3853.5218380709885,3845.9407889836357,7.581049087352767,6.916574064986062,49.756625202812465,0.0028547310397267506,3854.6895000000004,3888.786569777115,3820.592430222886
2025-10-18 02:00:00,3868.37,3882.28,3858.61,3861.9,3935.4284,3861.9,3854.1635,3827.2947999999997,3854.8107860600676,3847.1229527626256,7.687833297442012,7.070825911477251,55.474201050908825,0.0027664355760564138,3854.1635,3887.42319729609,3820.90380270391
2025-10-18 02:15:00,3861.91,3868.84,3854.54,3866.91,2536.694,3866.91,3853.6835,3828.8416,3856.6722035892876,3848.588659965394,8.083543623893547,7.273369453960511,55.38581046090113,0.002772406360332488,3853.6835,3885.844230075115,3821.5227699248853
2025-10-18 02:30:00,3866.91,3869.65,3854.7,3855.75,1886.0966,3855.75,3852.6745,3830.3126,3856.5303261140125,3849.119129597587,7.411196516425662,7.3009348664535425,54.850841952303604,0.002840611180067743,3852.6745,3883.1168067632807,3822.2321932367195
2025-10-18 02:45:00,3855.75,3857.0,3846.41,3851.24,2165.8964,3851.24,3851.4,3832.2036,3855.71642978878,3849.276231108877,6.4401986799030055,7.128787629143435,55.091002747252624,0.0028454538151720227,3851.4,3879.6577996688056,3823.1422003311945
2025-10-18 03:00:00,3851.23,3862.36,3849.59,3860.99,1610.2121,3860.99,3851.2470000000003,3834.4586,3856.5277482828133,3850.1439176934045,6.383830589408717,6.979796221196491,58.80200461379354,0.0028251300529222086,3851.2470000000003,3879.248382748118,3823.245617251883
2025-10-18 03:15:00,3860.99,3871.43,3858.0,3871.43,1288.4157,3871.43,3851.3689999999997,3836.8810000000003,3858.82040239315,3851.72066453093,7.0997378622196265,7.003784549401118,65.46639764085046,0.002877529827513953,3851.3689999999997,3879.7150183041867,3823.0229816958126
2025-10-18 03:30:00,3871.44,3878.74,3867.74,3869.18,2566.7103,3869.18,3852.3684999999996,3839.3098,3860.4141866403575,3853.01394863975,7.40023800060726,7.083075239642346,69.30091185410333,0.0026169543961275677,3852.3684999999996,3881.780682420791,3822.956317579208
2025-10-18 03:45:00,3869.17,3875.0,3867.74,3870.57,1221.6819,3870.57,3853.1755,3841.3160000000003,3861.976619464918,3854.314396888658,7.662222576259865,7.198904706965851,64.47718631178711,0.0026043671650287014,3853.1755,3883.6908390076837,3822.660160992316
2025-10-18 04:00:00,3870.56,3870.57,3849.07,3852.3,3134.9906,3852.3,3853.5705000000003,3842.945,3860.4879087780073,3854.165182304313,6.322726473694274,7.023669060311536,53.89077649788693,0.002763059638326573,3853.5705000000003,3883.810834497875,3823.3301655021255
2025-10-18 04:15:00,3852.3,3858.0,3847.43,3856.82,1456.474,3856.82,3854.4425,3844.1264,3859.9236151198525,3854.361835466956,5.561779652896348,6.731291178828498,56.76160940177921,0.002751964429949759,3854.4425,3883.956995903506,3824.928004096494
2025-10-18 04:30:00,3856.82,3857.2,3842.34,3844.1,1953.3895,3844.1,3854.7045,3844.572,3857.489212793721,3853.6016995064406,3.887513287280399,6.162535600518878,48.39773798303491,0.002862716668033315,3854.7045,3883.7254764247964,3825.6835235752033
2025-10-18 04:45:00,3844.1,3847.46,3841.3,3844.44,2044.7358,3844.44,3855.3479999999995,3845.1942000000004,3855.481641594687,3852.9230550985562,2.558586496130829,5.441745779641269,34.956934956935115,0.002824939144903468,3855.3479999999995,3882.73375934229,3827.962240657709
2025-10-18 05:00:00,3844.43,3855.63,3843.16,3855.27,2335.1532,3855.27,3857.0020000000004,3846.3556,3855.4490813493503,3853.0969028690333,2.3521784803169794,4.823832319776411,45.453649886710686,0.002813280206145,3857.0020000000004,3879.518627400449,3834.4853725995517
2025-10-18 05:15:00,3855.27,3860.48,3853.13,3854.99,2018.8514,3854.99,3857.7460000000005,3847.6965999999998,3855.3784534494507,3853.237132286142,2.1413211633089304,4.287330088482915,43.17369549678329,0.0026298541891542813,3857.7460000000005,3878.8516524236397,3836.6403475763614
2025-10-18 05:30:00,3855.0,3864.0,3847.53,3863.3,2308.0541,3863.3,3858.7655,3848.9844,3856.597152918766,3853.9825298945757,2.614623024190223,3.952788675624377,50.70154339547007,0.0026641760116380277,3858.7655,3878.796176973505,3838.7348230264947
2025-10-18 05:45:00,3863.3,3868.7,3863.29,3867.35,1611.9115,3867.35,3860.1205,3850.4842,3858.251437085109,3854.9727128653476,3.2787242197614432,3.8179757844517908,50.222626998583316,0.002659583900211759,3860.1205,3878.47365831177,3841.76734168823
2025-10-18 06:00:00,3867.35,3876.65,3861.74,3875.21,3324.8647,3875.21,3861.4719999999993,3851.9142000000006,3860.860446764323,3856.471771171618,4.388675592705113,3.9321157461024554,60.186348408710096,0.002658491506599043,3861.4719999999993,3880.101738083759,3842.8422619162397
2025-10-18 06:15:00,3875.21,3875.86,3866.05,3868.88,1238.7869,3868.88,3861.1744999999996,3852.9396,3862.0942241851963,3857.3908992329793,4.703324952216917,4.086357587325348,59.061023217587916,0.0021930301901115774,3861.1744999999996,3879.0821055296715,3843.2668944703278
2025-10-18 06:30:00,3868.89,3869.81,3868.89,3869.8,14.3348,3869.8,3861.4394999999995,3854.0278000000003,3863.2797281567046,3858.3100918823884,4.969636274316144,4.263013324723508,54.976838775279795,0.002106868420728002,3861.4394999999995,3879.7075445476735,3843.1714554523255
