timestamp,Open,High,Low,Close,Volume,Adj Close,SMA_20,SMA_50,EMA_12,EMA_26,MACD,MACD_signal,RSI,volatility,BB_middle,BB_upper,BB_lower
2025-07-27 00:00:00,3741.11,3787.8,3731.0,3774.03,41045.2346,3774.03,,,3774.03,3774.03,0.0,0.0,,,,,
2025-07-27 04:00:00,3774.03,3811.0,3763.0,3768.01,60429.0286,3768.01,,,3770.7691666666665,3770.9042307692307,-0.13506410256422896,-0.07503561253568275,,,,,
2025-07-27 08:00:00,3768.0,3842.95,3751.0,3815.26,90831.0542,3815.26,,,3788.133949191686,3786.840827994086,1.2931211976001578,0.48568439161835014,,,,,
2025-07-27 12:00:00,3815.26,3836.54,3791.48,3818.53,90376.2482,3818.53,,,3797.72879454023,3795.6997356834454,2.029058856784559,1.0085077199266863,,,,,
2025-07-27 16:00:00,3818.53,3868.08,3809.01,3828.32,109495.5836,3828.32,,,3806.0403157313954,3803.264509523962,2.775806207433561,1.5342390643778032,,,,,
2025-07-27 20:00:00,3828.33,3879.82,3816.01,3872.1,65175.3113,3872.1,,,3822.096294395741,3817.051709254135,5.044585141606149,2.485738022773031,,,,,
2025-07-28 00:00:00,3872.11,3907.4,3843.0,3879.81,101123.9194,3879.81,,,3834.9749058764837,3828.212945932932,6.761959943551574,3.5679357117020203,,,,,
2025-07-28 04:00:00,3879.81,3941.0,3868.34,3893.0,116692.6349,3893.0,,,3847.0838486731263,3838.6517456578677,8.43210301525869,4.736886585433105,,,,,
2025-07-28 08:00:00,3893.01,3901.94,3860.01,3879.79,61307.7424,3879.79,,,3853.5542895147787,3844.749338056879,8.804951457899733,5.676629752746798,,,,,
2025-07-28 12:00:00,3879.8,3889.99,3773.33,3808.11,175985.1258,3808.11,,,3844.942614313397,3839.693466004272,5.249148309124848,5.580849094111736,,,,,
2025-07-28 16:00:00,3808.11,3822.8,3754.0,3797.36,100389.1324,3797.36,,,3836.2361431919117,3834.2028020522566,2.033341139655022,4.804674623910286,,,,,
2025-07-28 20:00:00,3797.37,3803.98,3765.88,3799.0,65496.1914,3799.0,,,3829.615679173419,3829.8775831503,-0.26190397688105804,3.7165860245624254,,,,,
2025-07-29 00:00:00,3799.0,3821.48,3731.21,3791.9,98310.4444,3791.9,,,3823.06680446976,3825.428516134394,-2.3617116646341856,2.430207054984216,,,,,
2025-07-29 04:00:00,3791.91,3880.0,3775.77,3877.36,85485.2262,3877.36,,,3832.3112021841152,3831.261039796966,1.0501623871491574,2.141500680800063,66.10254012778559,,,,
2025-07-29 08:00:00,3877.36,3886.44,3811.78,3825.9,82993.7615,3825.9,,,3831.2372160623254,3830.681106611907,0.556109450418262,1.8128593975293552,56.96596921919905,,,,
2025-07-29 12:00:00,3825.89,3874.54,3747.0,3761.57,140877.5291,3761.57,,,3819.7241593130366,3823.451517126113,-3.727357813076196,0.6727239968735874,49.25224095490223,,,,
2025-07-29 16:00:00,3761.56,3797.0,3716.04,3765.89,117271.5126,3765.89,,,3810.9280192103015,3817.6085204606134,-6.680501250311863,-0.8317999193048587,43.63279940158368,,,,
2025-07-29 20:00:00,3765.89,3801.77,3739.14,3793.79,59271.9655,3793.79,,,3808.1542633726162,3815.255292632373,-7.101029259756615,-2.1086474272389744,46.99990298797048,,,,
2025-07-30 00:00:00,3793.79,3828.71,3756.0,3817.47,65329.138,3817.47,,,3809.6500286087526,3815.4688224691886,-5.818793860436017,-2.861526849836998,48.72715328124629,,,,
2025-07-30 04:00:00,3817.46,3834.03,3786.87,3811.44,52195.7236,3811.44,3818.932,,3809.935514641969,3815.088873888223,-5.15335924625424,-3.3252395728233544,42.192246305925956,,3818.932,3901.5227558482115,3736.341244151788
2025-07-30 08:00:00,3811.44,3825.73,3744.16,3758.18,74284.4796,3758.18,3818.1395,,3801.727268636391,3809.8283730145677,-8.101104378176842,-4.289304463044228,35.98765005414619,0.010097165013728097,3818.1395,3902.822079200211,3733.4569207997893
2025-07-30 12:00:00,3758.18,3832.0,3749.74,3797.25,90460.8437,3797.25,3819.6015000000007,,3801.020546491773,3808.6866286412182,-7.666082149445174,-4.969680287809773,39.58990193307094,0.010360170279775833,3819.6015000000007,3901.607362248732,3737.5956377512694
2025-07-30 16:00:00,3797.25,3822.0,3677.65,3760.68,175379.9749,3760.68,3816.8725,,3794.678296320144,3804.4006070975106,-9.722310777366602,-5.925850619126796,37.67615106052765,0.010181663962861041,3816.8725,3903.014992204242,3730.730007795758
2025-07-30 20:00:00,3760.67,3811.93,3742.79,3810.0,67774.7405,3810.0,3816.446,,3797.0790458110673,3804.893032027229,-7.813986216161538,-6.305269493509096,50.20503807850028,0.010637210109575397,3816.446,3902.638390041422,3730.2536099585777
2025-07-31 00:00:00,3810.0,3868.0,3801.53,3863.31,100247.8735,3863.31,3818.1955000000003,,3807.4273150155864,3809.9600970601987,-2.532782044612304,-5.547910783419308,56.54980633627965,0.01108307800858984,3818.1955000000003,3906.789649854384,3729.6013501456164
2025-07-31 04:00:00,3863.31,3878.67,3854.77,3863.81,57223.3568,3863.81,3817.781,,3816.215755407844,3814.572596869183,1.6431585386608276,-4.105337007291632,56.451195476896736,0.010780862779332554,3817.781,3905.3852985967674,3730.1767014032325
2025-07-31 08:00:00,3863.81,3873.28,3826.3,3838.46,55333.2924,3838.46,3815.7135000000003,,3819.6759865851946,3816.595242739235,3.0807438459596597,-2.664637438828127,54.472106961733516,0.010864834063669636,3815.7135000000003,3898.999273669874,3732.4277263301265
2025-07-31 12:00:00,3838.45,3845.09,3762.27,3788.38,109596.7847,3788.38,3810.4825000000005,,3814.816011410288,3814.23119973847,0.5848116718179881,-2.01348811072263,40.83020734572735,0.011173777553613323,3810.4825000000005,3886.120307832355,3734.844692167646
2025-07-31 16:00:00,3788.39,3819.0,3735.0,3737.72,99597.7602,3737.72,3803.379,,3802.860988431673,3807.8822908177526,-5.021302386079697,-2.6159832819139104,40.897642346917685,0.011490404484201537,3803.379,3878.2919712329403,3728.4660287670595
2025-07-31 20:00:00,3737.71,3758.56,3684.33,3698.39,94089.3827,3698.39,3797.893,,3786.680766969695,3798.876810105684,-12.19604313598893,-4.534370100582581,43.12334015412075,0.011010587881235061,3797.893,3886.216760670317,3709.569239329683
2025-08-01 00:00:00,3698.39,3724.02,3616.66,3704.98,149144.9601,3704.98,3793.274,,3774.040182706855,3791.216631468384,-17.176448761529173,-7.065292336749875,43.4030109390231,0.01102746998672017,3793.274,3890.8887099354884,3695.6592900645114
2025-08-01 04:00:00,3704.98,3704.98,3624.11,3650.74,100331.0096,3650.74,3785.8609999999994,,3754.9800361763837,3779.841820670904,-24.86178449452018,-10.627412971029013,35.342937355273676,0.011420013845379415,3785.8609999999994,3902.3401400163452,3669.3818599836536
2025-08-01 08:00:00,3650.73,3650.73,3585.69,3642.72,106483.8433,3642.72,3778.4019999999996,,3737.639293991341,3768.814733668013,-31.175439676671886,-14.739624736013662,31.501280884127652,0.011420162103986962,3778.4019999999996,3911.213893506727,3645.5901064932723
2025-08-01 12:00:00,3642.72,3675.85,3565.0,3616.1,152982.1001,3616.1,3765.339,,3718.876884167012,3756.6111140428507,-37.73422987583854,-19.340878877008087,30.185425626876594,0.00990197334249418,3765.339,3908.183530562354,3622.494469437646
2025-08-01 16:00:00,3616.1,3634.0,3515.13,3518.4,133452.712,3518.4,3749.964,,3687.944928481621,3737.685844376635,-49.74091589501404,-25.42335362549433,27.689072502605384,0.011033142328536572,3749.964,3927.3752570332153,3572.5527429667845
2025-08-01 20:00:00,3518.42,3553.21,3431.75,3488.2,141474.5266,3488.2,3736.2955,,3657.139638390502,3717.9707628256006,-60.831124435098445,-32.507206629146225,20.76103615962461,0.010682756657813933,3736.2955,3948.6280181209404,3523.96298187906
2025-08-02 00:00:00,3488.21,3532.3,3478.42,3528.79,76611.6359,3528.79,3724.4404999999997,,3637.352613562696,3703.094778329065,-65.74216476636866,-39.1559243624007,28.226699968075764,0.011179708627362683,3724.4404999999997,3955.4684519634397,3493.4125480365597
2025-08-02 04:00:00,3528.79,3537.69,3455.0,3519.16,78666.8207,3519.16,3710.7090000000003,,3619.137254989046,3688.6969538166313,-69.55969882758518,-45.23794244117215,20.49226898259002,0.010900373298921238,3710.7090000000003,3956.552657199579,3464.865342800422
2025-08-02 08:00:00,3519.17,3524.25,3474.23,3508.67,52942.9471,3508.67,3695.2690000000002,,3602.1170876188567,3674.663997838818,-72.54691021996132,-50.700643643851386,10.59555555555562,0.010650155978787577,3695.2690000000002,3951.4513846115574,3439.086615388443
2025-08-02 12:00:00,3508.67,3517.56,3451.43,3459.33,61057.5545,3459.33,3677.6635,,3580.122282467409,3657.9436794727717,-77.82139700536254,-56.1255154052955,9.457942426429355,0.010855102716044266,3677.6635,3948.22321429807,3407.10378570193
2025-08-02 16:00:00,3459.33,3481.64,3372.47,3383.2,155907.9965,3383.2,3658.9145,,3549.7943904920667,3636.6862791639037,-86.89188867183702,-62.27944445658613,8.584112659655801,0.011350575476740968,3658.9145,3956.5923552996346,3361.236644700365
2025-08-02 20:00:00,3383.2,3441.69,3368.29,3393.94,69008.7547,3393.94,3638.749,,3525.7952607926277,3617.9663063057255,-92.17104551309785,-68.25827329039522,11.350631026103386,0.010936295945225367,3638.749,3951.242984305889,3326.2550156941106
2025-08-03 00:00:00,3393.94,3452.29,3354.28,3444.12,70214.7952,3444.12,3622.921,,3513.2202899042736,3604.600400732105,-91.38011082783123,-72.88295553744669,21.20439387995296,0.011785569920973286,3622.921,3941.4214654313723,3304.4205345686273
2025-08-03 04:00:00,3444.13,3459.62,3433.98,3456.25,33125.7736,3456.25,3605.2335,,3504.449996334975,3593.226661824595,-88.77666548961997,-76.06187060448026,24.912971404890243,0.011220302316645038,3605.2335,3919.248522320842,3291.218477679158
2025-08-03 08:00:00,3456.24,3516.31,3454.11,3485.46,58025.3762,3485.46,3586.3410000000003,,3501.526869643192,3584.9857766748974,-83.45890703170517,-77.54134233000724,28.274810973437354,0.010792113120331006,3586.3410000000003,3879.7706268111447,3292.911373188856
2025-08-03 12:00:00,3485.45,3504.27,3454.34,3476.49,51259.7992,3476.49,3566.975,,3497.6732712502553,3576.7089645366036,-79.0356932863483,-77.84022293574456,31.057723665615853,0.0107402773840206,3566.975,3833.1592852334907,3300.790714766509
2025-08-03 16:00:00,3476.49,3515.0,3467.85,3496.74,46815.2855,3496.74,3549.889,,3497.529635161717,3570.6218460067003,-73.09221084498313,-76.89059404580239,34.541911982718474,0.011012079943575104,3549.889,3784.722455959529,3315.0555440404714
2025-08-03 20:00:00,3496.75,3521.79,3483.5,3496.74,36906.6461,3496.74,3535.307,,3497.4081128140247,3565.0095438766766,-67.60143106265195,-75.03272001719698,36.6056198940659,0.01087046716759596,3535.307,3742.3621601156738,3328.251839884326
2025-08-04 00:00:00,3496.75,3576.07,3490.73,3556.8,75541.3278,3556.8,3526.2609999999995,,3506.5478727766185,3564.387096464418,-57.839223687799404,-71.59395940177804,54.70680525593252,0.01159737021804422,3526.2609999999995,3710.6493550267605,3341.8726449732385
2025-08-04 04:00:00,3556.79,3565.67,3520.69,3551.99,47698.2079,3551.99,3518.941,3693.4727999999996,3513.540617868895,3563.4487871145043,-49.908169245609315,-67.25673946767286,58.33790813792378,0.011440110275206727,3518.941,3685.2998396588314,3352.582160341168
2025-08-04 08:00:00,3552.0,3574.47,3542.25,3555.7,45699.2755,3555.7,3511.477,3689.1062,3520.027970804972,3562.86324314604,-42.83527234106805,-62.37239027294295,53.89266599160997,0.011428616088386094,3511.477,3654.441103275138,3368.5128967248615
2025-08-04 12:00:00,3555.71,3665.6,3551.1,3648.89,135330.5801,3648.89,3511.3845,3686.7238,3539.856245331198,3569.3542479376174,-29.498002606419504,-55.79745268162542,65.11264881992494,0.012635615351831025,3511.3845,3653.971107989306,3368.7978920106943
2025-08-04 16:00:00,3648.89,3718.54,3648.85,3669.73,85223.4994,3669.73,3512.7349999999997,3683.8132,3559.8396771746084,3576.9175005008756,-17.077823326267207,-48.05347022133855,68.32059332059325,0.012685222766281817,3512.7349999999997,3660.9594212423603,3364.510578757639
2025-08-04 20:00:00,3669.73,3736.73,3661.21,3720.99,73857.0954,3720.99,3517.9795,3681.8624000000004,3584.6350311703923,3587.7594497042496,-3.1244185338573516,-39.067607352429135,79.63441152487079,0.012891208230257408,3517.9795,3687.4961513758612,3348.4628486241386
2025-08-05 00:00:00,3720.99,3722.24,3648.24,3651.94,75119.4199,3651.94,3524.6565,3678.3347999999996,3594.9907007486663,3592.583566674687,2.4071340739792504,-30.772620273108423,80.9323204419889,0.012014761211174764,3524.6565,3704.451174621098,3344.8618253789023
2025-08-05 04:00:00,3651.94,3679.69,3601.53,3613.49,70853.7586,3613.49,3530.921,3673.1626,3597.836993074703,3594.153282046499,3.6837110282040157,-23.881328229461346,73.75516651879414,0.012111852928137174,3530.921,3714.0669176549814,3347.7750823450183
2025-08-05 08:00:00,3613.49,3694.06,3608.1,3673.79,67427.9027,3673.79,3538.171,3669.0422,3609.522926672294,3600.126610773504,9.396315898789908,-17.225779482719737,74.31759947483212,0.01237673890652026,3538.171,3732.1228599956967,3344.219140004303
2025-08-05 12:00:00,3673.8,3680.58,3555.0,3570.43,165645.9535,3570.43,3540.7344999999996,3662.5908,3603.5082576352697,3597.901227196906,5.607030438363836,-12.659206563733278,60.13204131615372,0.014083245968252367,3540.7344999999996,3734.983435942356,3346.485564057643
2025-08-05 16:00:00,3570.43,3612.26,3559.71,3571.66,64656.721,3571.66,3543.8839999999996,3656.4282000000003,3598.608268825912,3595.9364767132133,2.6717921126987676,-9.593000954763841,58.04885336520501,0.014055640306758984,3543.8839999999996,3737.9864963531563,3349.781503646843
2025-08-05 20:00:00,3571.65,3624.56,3546.0,3612.0,45367.2032,3612.0,3551.5174999999995,3652.5060000000003,3600.668626551213,3597.1382357238517,3.530390827361316,-6.9683185760247675,61.952897591955534,0.013767653385938989,3551.5174999999995,3743.6166820443436,3359.4183179556553
2025-08-06 00:00:00,3612.01,3614.0,3564.19,3583.66,41403.6119,3583.66,3561.5405,3648.2319999999995,3598.051816558273,3596.130634071123,1.921182487149963,-5.190416183687831,57.559049639962424,0.012783325981716295,3561.5405,3736.8466104378363,3386.234389562164
2025-08-06 04:00:00,3583.67,3662.0,3569.28,3639.82,70989.2724,3639.82,3573.8345,3645.0483999999997,3604.4778950159043,3599.3945185564094,5.083376459494957,-3.1356556397479958,61.33576295357312,0.013095945935567425,3573.8345,3733.4346632336606,3414.2343367663393
2025-08-06 08:00:00,3639.81,3644.6,3607.54,3619.64,48235.9133,3619.64,3582.6105000000002,3641.6032,3606.8105892372296,3600.9060337825053,5.904555454724232,-1.3276120021943187,55.314434559047356,0.012969198760561252,3582.6105000000002,3731.09401763571,3434.1269823642906
2025-08-06 12:00:00,3619.63,3669.38,3574.05,3664.69,102539.587,3664.69,3593.0325,3637.3498000000004,3615.7153164480005,3605.6653199057155,10.049996542285044,0.9479111350705764,58.92376397554873,0.013155902279527985,3593.0325,3733.199800770413,3452.865199229587
2025-08-06 16:00:00,3664.7,3698.6,3638.56,3683.65,63895.5877,3683.65,3602.942,3634.5047999999997,3626.1670073164896,3611.4810523936317,14.685954922857945,3.6955212723903186,59.892378345780955,0.013104928523009804,3602.942,3739.0521471293714,3466.8318528706286
2025-08-06 20:00:00,3683.66,3686.17,3652.38,3683.31,38245.9482,3683.31,3613.2830000000004,3632.9396,3634.958380084172,3616.8350354970266,18.12334458714531,6.581087094572692,53.10728342902538,0.013062551245203167,3613.2830000000004,3740.0472230948553,3486.5187769051454
2025-08-07 00:00:00,3683.31,3716.61,3647.63,3656.78,56122.7246,3656.78,3621.285,3630.7574,3638.315598626058,3619.8110710605088,18.504527565549324,8.96577595517747,48.8428201233134,0.01323660925502507,3621.285,3736.7771982327445,3505.7928017672552
2025-08-07 04:00:00,3656.78,3711.0,3655.09,3702.4,46356.287,3702.4,3631.5679999999993,3628.9295999999995,3648.1748522197804,3625.9615862925366,22.21326592724381,11.615274630803574,48.321929555342955,0.013414117576409241,3631.5679999999993,3736.5101010492513,3526.6258989507473
2025-08-07 08:00:00,3702.41,3843.66,3702.41,3827.0,183717.2969,3827.0,3645.078,3629.1201999999994,3675.686684762776,3640.9272568285705,34.75942793420563,16.244106243579424,64.3618941357923,0.014771409507642903,3645.078,3775.876376394235,3514.2796236057648
2025-08-07 12:00:00,3827.01,3865.64,3804.27,3837.01,151206.0077,3837.01,3659.329,3629.6315999999997,3700.505863466637,3655.5186518057585,44.98721166087853,21.992728272977622,69.23513820522528,0.014725550000241285,3659.329,3808.2724505052856,3510.3855494947147
2025-08-07 16:00:00,3837.01,3876.44,3780.54,3867.6,93776.6786,3867.6,3674.924,3631.82,3726.21283523469,3671.2952042240654,54.91763101062452,28.577709687356354,67.57722515463166,0.01473460348733431,3674.924,3842.349382393091,3507.4986176069087
2025-08-07 20:00:00,3867.6,3927.77,3851.22,3910.31,100499.9924,3910.31,3687.9950000000003,3634.0812,3754.535645202081,3689.0697126464643,65.46593255561675,35.95535503796517,84.63498145355231,0.013916148487397828,3687.9950000000003,3885.0577779748296,3490.932222025171
2025-08-08 00:00:00,3910.3,3969.06,3880.0,3939.18,130547.2077,3939.18,3701.4675,3637.6512,3782.9426126408657,3707.6639223305356,75.27869031033015,43.820022755035104,85.4543700559521,0.013934773576643638,3701.4675,3927.923205707247,3475.0117942927536
2025-08-08 04:00:00,3939.19,3939.34,3892.47,3915.97,66893.2103,3915.97,3711.2165,3639.7706,3803.4084520971182,3723.146058419308,80.26239367781045,51.10849743083239,80.32603707324856,0.01386759144524603,3711.2165,3957.1603194534823,3465.2726805465177
2025-08-08 08:00:00,3915.98,3927.54,3884.44,3917.97,56015.1438,3917.97,3724.518,3640.8638,3821.033369421575,3737.622530827647,83.41083859392802,57.568966011799276,85.2031253290651,0.01295869466370298,3724.518,3985.2919207658183,3463.7440792341818
2025-08-08 12:00:00,3917.97,4012.0,3891.52,3954.56,249634.108,3954.56,3741.5714999999996,3642.6788,3841.575990894485,3753.738429770016,87.83756112446918,63.62268529546598,84.56706058076699,0.012574300771583754,3741.5714999999996,4016.0241023905496,3467.1188976094495
2025-08-08 16:00:00,3954.56,4065.86,3950.0,4060.99,161157.1735,4060.99,3760.9315,3647.1294,3875.3320797837896,3776.558715807078,98.77336397671161,70.65282127431618,90.75178667060628,0.01327997463951202,3760.9315,4067.9469295642552,3453.916070435745
2025-08-08 20:00:00,4060.98,4071.0,4006.9,4009.5,59053.1676,4009.5,3782.8850000000007,3651.5517999999997,3895.973343545855,3793.8563755803184,102.11696796553679,76.94565078628635,81.46363719317459,0.01158545598664039,3782.8850000000007,4095.2896316456945,3470.480368354307
2025-08-09 00:00:00,4009.51,4053.01,4006.63,4051.01,54922.1013,4051.01,3806.8525,3657.8176000000003,3919.8251811072805,3812.948481712243,106.87669939503758,82.93186064024556,82.19631901840495,0.011549915153521498,3806.8525,4124.531682683605,3489.173317316395
2025-08-09 04:00:00,4051.02,4200.0,4045.0,4170.64,209400.9758,4170.64,3834.7845,3667.2626,3958.4121369096188,3839.5004092006952,118.91172770892354,90.127834181123,85.32451905652451,0.012627906495273126,3834.7845,4177.571902487616,3491.9970975123842
2025-08-09 08:00:00,4170.64,4246.65,4166.22,4190.0,132401.5516,4190.0,3865.1014999999998,3676.9630000000006,3994.041086260332,3865.5143785341725,128.52670772615966,97.80760899868223,89.05686912191265,0.012139322642458442,3865.1014999999998,4221.360525475324,3508.842474524676
2025-08-09 12:00:00,4190.0,4226.23,4153.17,4209.57,99517.9366,4209.57,3893.589,3688.1395999999995,4027.1994179585627,3891.0463607478055,136.1530572107572,105.4766987278179,88.62269064989263,0.012018037595854071,3893.589,4264.802765335732,3522.3752346642677
2025-08-09 16:00:00,4209.57,4271.45,4192.8,4258.57,81130.8834,4258.57,3925.5354999999995,3700.4565999999995,4062.7949259790075,3918.3162021422154,144.47872383679214,113.27710382017723,87.14219322856603,0.011655300037059953,3925.5354999999995,4307.304204155574,3543.7667958444254
2025-08-09 20:00:00,4258.57,4326.2,4242.87,4260.62,114558.6561,4260.62,3955.332,3713.347,4093.229577248433,3943.711590195783,149.51798705264991,120.52528051912687,86.9635782970629,0.01173402426849412,3955.332,4344.334638475688,3566.329361524312
2025-08-10 00:00:00,4260.63,4332.6,4206.55,4242.74,133032.1075,4242.74,3983.2864999999997,3727.8338,4116.231196414442,3965.893830708034,150.33736570640804,126.48769759110313,83.47670890594325,0.01202068273936003,3983.2864999999997,4370.434688262234,3596.1383117377654
2025-08-10 04:00:00,4242.73,4264.98,4176.0,4185.12,93255.556,4185.12,4008.3769999999995,3741.7722000000003,4126.82947999685,3982.15451801598,144.67496198086974,130.125150485904,73.88779750004348,0.01280188556247803,4008.3769999999995,4378.329448102232,3638.424551897767
2025-08-10 08:00:00,4185.12,4232.73,4160.0,4180.57,87280.442,4180.57,4034.5665,3754.8077999999996,4135.097256336657,3996.8701544611645,138.22710187549228,131.74554076982574,71.90909255931311,0.012527878364048397,4034.5665,4372.492074632224,3696.6409253677757
2025-08-10 12:00:00,4180.58,4237.43,4153.07,4217.94,77277.583,4217.94,4060.3435000000004,3768.7834,4147.842299082075,4013.264465914139,134.57783316793666,132.31199925112708,76.72064419077958,0.012468214806864162,4060.3435000000004,4368.964278594041,3751.7227214059594
2025-08-10 16:00:00,4217.94,4259.36,4214.45,4248.83,40487.6252,4248.83,4081.4350000000004,3783.5866000000005,4163.3788738783915,4030.7322797609063,132.64659411748517,132.3789182245574,77.85298178267166,0.010731858716228641,4081.4350000000004,4380.416841694692,3782.453158305309
2025-08-10 20:00:00,4248.8,4254.54,4186.16,4250.57,63510.4968,4250.57,4102.112999999999,3799.4114,4176.792897244487,4047.032553009956,129.7603442345312,131.85520342555859,76.47248206907653,0.010772121132827902,4102.112999999999,4386.778878686597,3817.4471213134025
2025-08-11 00:00:00,4250.58,4343.0,4238.52,4309.64,135191.5621,4309.64,4124.215,3817.9402,4197.230918161936,4066.50264968956,130.72826847237593,131.62981643458,74.29503839915584,0.010933044944788778,4124.215,4400.740733950446,3847.6892660495537
2025-08-11 04:00:00,4309.65,4349.81,4266.66,4273.69,91929.6929,4273.69,4142.384,3835.5352000000003,4208.993856317354,4081.862785198421,127.1310711189326,130.73006737035809,76.62185856224419,0.01126821588054049,4142.384,4407.237867426014,3877.5301325739856
2025-08-11 08:00:00,4273.69,4287.17,4170.02,4185.1,109276.4312,4185.1,4154.68,3850.3547999999996,4205.317877764475,4089.5159488407903,115.80192892368495,127.74443967812341,62.34100907467742,0.012569559095033116,4154.68,4402.070559067601,3907.2894409324
2025-08-11 12:00:00,4185.1,4332.17,4166.77,4329.74,176788.269,4329.74,4175.3685,3867.8245999999995,4224.459745622608,4107.323168858494,117.13657676411458,125.62286709367304,63.99838107974938,0.014194884962127716,4175.3685,4407.436176270229,3943.3008237297704
2025-08-11 16:00:00,4329.74,4366.46,4233.99,4259.39,127454.6271,4259.39,4192.4394999999995,3883.3032000000003,4229.8336316000505,4118.594907517941,111.23872408210991,122.74603848957203,55.60256430959035,0.014956138759767009,4192.4394999999995,4392.855080912816,3992.023919087183
2025-08-11 20:00:00,4259.38,4259.38,4190.0,4223.22,82023.4577,4223.22,4205.8724999999995,3898.2378000000003,4228.816149705106,4126.34971049068,102.46643921442592,118.69011863252571,51.07333259943074,0.015169372305448335,4205.8724999999995,4372.284984966187,4039.4600150338115
2025-08-12 00:00:00,4223.22,4311.12,4219.04,4286.09,69103.5726,4286.09,4217.1275,3914.0248000000006,4237.62751209734,4138.189104458098,99.43840763924163,114.839776432337,52.117770184997106,0.014407483530808838,4217.1275,4372.354128870553,4061.900871129447
2025-08-12 04:00:00,4286.09,4321.67,4267.41,4315.57,80593.4939,4315.57,4232.431,3930.4013999999997,4249.618665013249,4151.335400737516,98.28326427573302,111.52847399996226,54.0573268160137,0.013958353808348473,4232.431,4359.213457511367,4105.648542488632
2025-08-12 08:00:00,4315.57,4332.32,4256.92,4290.94,74576.0882,4290.94,4244.4275,3945.0842,4255.975793890334,4161.6815617400935,94.29423215024053,108.08162562914026,53.52380395367878,0.014021945406539706,4244.4275,4340.6530173236315,4148.201982676368
2025-08-12 12:00:00,4290.94,4480.66,4278.01,4472.62,319555.8459,4472.62,4259.5265,3963.4968000000003,4289.305673605897,4184.724513854146,104.58115975175133,107.38153245351987,67.79128196242482,0.015512178695097124,4259.5265,4394.121048458423,4124.931951541577
2025-08-12 16:00:00,4472.62,4518.89,4440.38,4516.97,155770.5931,4516.97,4275.875,3982.7221999999997,4324.330956236873,4209.345654163132,114.98530207374097,108.9022863778119,69.84005284389822,0.015575265670080921,4275.875,4448.865594024769,4102.884405975231
2025-08-12 20:00:00,4516.97,4639.7,4504.54,4590.52,185688.4715,4590.52,4294.9225,4001.5548,4365.28311844552,4237.59179959418,127.69131885133993,112.66009287300741,71.07448300828096,0.015820877633927505,4294.9225,4514.729242665102,4075.115757334898
2025-08-13 00:00:00,4590.52,4656.24,4564.33,4647.0,118706.8508,4647.0,4314.344,4021.1002000000003,4408.624178605631,4267.929280905088,140.69489770054315,118.26705383909935,71.88829641031282,0.01583741553388443,4314.344,4583.686059208986,4045.001940791014
2025-08-13 04:00:00,4646.99,4683.0,4608.21,4625.59,121530.1824,4625.59,4332.592500000001,4039.1921999999995,4442.0035366942875,4294.431522983476,147.57201371081192,124.1280458139309,70.1792901573363,0.015945740044380003,4332.592500000001,4634.138372350409,4031.0466276495927
2025-08-13 08:00:00,4625.6,4715.75,4609.04,4690.33,143405.6489,4690.33,4354.972,4059.96,4480.2076088931535,4323.766412004616,156.4411968885379,130.59067602928369,70.36014932238018,0.015958198333868304,4354.972,4692.705278169546,4017.2387218304543
2025-08-13 12:00:00,4690.28,4736.82,4616.0,4664.38,223447.5173,4664.38,4378.935,4080.9777999999997,4508.541823487609,4349.0042780900385,159.53754539757028,136.38004990325012,71.12089005179003,0.015557536670699552,4378.935,4733.514660799406,4024.355339200595
2025-08-13 16:00:00,4664.38,4750.0,4661.09,4738.99,178188.5048,4738.99,4406.856,4102.2818,4543.995389716882,4377.899773921788,166.09561579509318,142.32316308187265,80.40311337014637,0.015642706723669436,4406.856,4782.958248213925,4030.7537517860746
2025-08-13 20:00:00,4738.98,4783.85,4697.34,4749.3,140652.7946,4749.3,4433.424,4125.8592,4575.580714837154,4405.417660266391,170.16305457076305,147.891141379841,77.0133147904917,0.015658109622869665,4433.424,4827.955766683109,4038.892233316891
2025-08-14 00:00:00,4749.31,4779.0,4708.35,4774.08,110355.4978,4774.08,4459.6865,4149.9076,4606.1190667780875,4432.73219334175,173.38687343633774,152.99028779127977,85.2040327765694,0.015656284638229524,4459.6865,4872.0072574219885,4047.365742578011
2025-08-14 04:00:00,4774.09,4788.0,4716.0,4748.37,126732.0793,4748.37,4484.5765,4172.635,4628.003825964164,4456.117695789125,171.8861301750394,156.76945626811434,86.4409131913122,0.01581720668575401,4484.5765,4903.788327840106,4065.3646721598943
2025-08-14 08:00:00,4748.37,4766.66,4675.81,4718.17,152329.8792,4718.17,4505.003,4195.3252,4641.875545169346,4475.532762897621,166.3427822717249,158.68412146886993,81.40664069314418,0.01591099117065712,4505.003,4928.118375585468,4081.887624414531
2025-08-14 12:00:00,4718.18,4736.0,4451.33,4618.87,554409.1566,4618.87,4522.262000000001,4214.9062,4638.336230501408,4486.152253108755,152.1839773926531,157.38409265360835,70.01451761911048,0.01669173615381109,4522.262000000001,4933.6470746006735,4110.876925399328
2025-08-14 16:00:00,4618.87,4623.62,4480.63,4537.63,205989.8934,4537.63,4539.8885,4233.266,4622.842964172266,4489.966057036046,132.87690713622032,152.48265555007586,65.14717982095274,0.01645980028338069,4539.8885,4919.423691976201,4160.353308023799
2025-08-14 20:00:00,4537.64,4572.0,4453.13,4546.84,115632.539,4546.84,4550.7435,4250.909,4611.150200390774,4494.179593836779,116.97060655399582,145.38024575079623,55.781814782500334,0.014825747135123442,4550.7435,4917.1635580739785,4184.323441926021
2025-08-15 00:00:00,4546.84,4650.0,4537.32,4634.46,107623.8843,4634.46,4569.497,4269.925200000001,4614.736323423845,4504.572224373209,110.16409905063574,138.33701641071366,58.57453547605494,0.014580425357948812,4569.497,4910.652959155574,4228.341040844427
2025-08-15 04:00:00,4634.47,4662.6,4599.01,4640.16,91121.5734,4640.16,4590.344,4289.062199999999,4618.647658296727,4514.6170961815005,104.03056211522653,131.47572555157691,54.020996014645334,0.014289670082424077,4590.344,4890.95168133897,4289.73631866103
2025-08-15 08:00:00,4640.15,4666.66,4612.31,4634.16,69832.2749,4634.16,4607.7475,4308.6098,4621.034172412674,4523.473214181937,97.56095823073701,124.69277208737783,48.8672853664561,0.0141467310804212,4607.7475,4872.33271857705,4343.16228142295
2025-08-15 12:00:00,4634.17,4672.67,4395.47,4430.86,301257.0493,4430.86,4613.512,4323.179,4591.776607345708,4516.6121955718445,75.16441177386332,114.78710002463858,36.99493768950268,0.017707460839922404,4613.512,4855.339368578653,4371.684631421346
2025-08-15 16:00:00,4430.87,4462.26,4369.46,4383.45,168479.3926,4383.45,4618.1375,4334.308,4559.726359987228,4506.747290112422,52.979069874805646,102.42549399463569,29.019334372521655,0.017848575952227223,4618.1375,4836.374544264867,4399.900455735133
2025-08-15 20:00:00,4383.45,4490.73,4368.0,4439.47,142095.0846,4439.47,4616.4800000000005,4346.3571999999995,4541.225381491253,4501.763301040233,39.462080451019574,89.83281128588288,35.23069042959773,0.015307104940192459,4616.4800000000005,4839.8145247310285,4393.145475268972
2025-08-16 00:00:00,4439.47,4490.42,4423.53,4432.24,88860.8615,4432.24,4612.2435,4357.65,4524.458399695453,4496.612961772949,27.84543792250406,77.43533661318382,27.90081120412664,0.015119730562745362,4612.2435,4846.474672834361,4378.012327165638
2025-08-16 04:00:00,4432.25,4465.22,4407.69,4451.83,49806.4097,4451.83,4605.308999999999,4368.4803999999995,4513.284799726566,4493.295427938467,19.98937178809956,65.94614364814969,28.852142014190036,0.014637789618082236,4605.308999999999,4850.2167101276955,4360.401289872303
2025-08-16 08:00:00,4451.84,4459.12,4372.54,4387.87,81613.2986,4387.87,4592.352499999999,4377.4542,4493.990215130249,4485.4855323032625,8.504682826986937,54.45785148390332,23.992242319761914,0.014535330984521061,4592.352499999999,4854.765652420279,4329.939347579719
2025-08-16 12:00:00,4387.88,4427.92,4375.63,4400.42,70316.2787,4400.42,4581.094,4387.1432,4479.594797403385,4479.183930004843,0.4108673985419955,43.648454666820655,26.145914743668882,0.01458130486561172,4581.094,4856.502375777522,4305.6856242224785
2025-08-16 16:00:00,4400.41,4440.51,4390.58,4418.53,38344.5232,4418.53,4567.504,4397.1544,4470.2002131794625,4474.690748047953,-4.490534868490613,34.02065675975099,29.11159444537394,0.014158158617241113,4567.504,4847.01003506523,4287.99796493477
2025-08-16 20:00:00,4418.53,4437.88,4402.82,4421.99,29735.2167,4421.99,4555.3845,4406.503,4462.783257300343,4470.786748985633,-8.003491685289191,25.615827070737783,34.15835210814291,0.014166401021477506,4555.3845,4838.204484217209,4272.564515782791
2025-08-17 00:00:00,4422.0,4459.3,4393.98,4452.77,48880.8973,4452.77,4541.0735,4414.3386,4461.242756176272,4469.4520990327355,-8.209342856463081,18.85079308529428,42.56839597856172,0.013678937404313227,4541.0735,4813.552023752436,4268.594976247565
2025-08-17 04:00:00,4452.78,4491.0,4444.44,4467.12,79637.8047,4467.12,4526.9645,4423.491,4462.1469475342365,4469.279341853009,-7.13239431877264,13.65415560447885,43.080822108040536,0.013701854616284731,4526.9645,4782.756833655317,4271.172166344683
2025-08-17 08:00:00,4467.12,4576.0,4458.64,4551.68,102669.3254,4551.68,4515.8445,4433.5044,4475.921263304226,4475.383392128194,0.5378711760322403,11.030898718788702,42.77686642700085,0.014455290723389632,4515.8445,4744.27754116015,4287.411458839851
2025-08-17 12:00:00,4551.69,4565.49,4519.13,4561.99,52232.2505,4561.99,4506.5255,4441.331399999999,4489.16260741617,4481.798986248551,7.363621167619385,10.297443208554654,43.23355781382547,0.01447006033542358,4506.5255,4708.717322258991,4304.333677741009
2025-08-17 16:00:00,4561.99,4566.17,4427.44,4459.56,92723.5258,4459.56,4493.595,4446.722599999999,4484.608360119949,4480.1515850230235,4.456775096925412,9.129309586228569,37.048630685695684,0.01516205840184136,4493.595,4670.263401189736,4316.926598810264
2025-08-17 20:00:00,4459.55,4533.95,4457.02,4472.33,66317.5792,4472.33,4486.267999999999,4451.977800000001,4482.719381639456,4479.572185913657,3.1471957257981558,7.932886814142294,54.28825512377725,0.014570781205150917,4486.267999999999,4652.932090104966,4319.603909895032
2025-08-18 00:00:00,4472.34,4481.88,4278.13,4320.22,241372.5328,4320.22,4475.3975,4453.2108,4457.719476766241,4467.767896959152,-10.048420192910271,4.336625412731317,44.62540162861469,0.01592452984086293,4475.3975,4655.75439342316,4295.04060657684
2025-08-18 04:00:00,4320.22,4348.44,4230.74,4257.47,139718.9458,4257.47,4460.928999999999,4453.147800000001,4426.911864950204,4452.189757674245,-25.277892724040612,-1.586278214623679,34.704854107839154,0.01611510602104735,4460.928999999999,4662.351576155834,4259.506423844165
2025-08-18 08:00:00,4257.47,4319.77,4225.86,4274.37,122837.6062,4274.37,4442.9245,4453.780400000001,4403.443885723328,4439.017518774702,-35.57363305137369,-8.383749181974242,36.94490845641133,0.01533882596591069,4442.9245,4643.408398550193,4242.440601449807
2025-08-18 12:00:00,4274.36,4370.26,4270.77,4345.52,155521.8682,4345.52,4428.192499999999,4456.988399999999,4394.53251868776,4432.0915794700195,-37.55906078225962,-14.2188115020317,41.89944985446291,0.015985077894902527,4428.192499999999,4610.092227828822,4246.292772171177
2025-08-18 16:00:00,4345.52,4384.53,4299.44,4355.09,92501.2338,4355.09,4414.239,4460.4788,4388.464438888946,4426.387608411828,-37.923169522882745,-18.959683106202156,47.27650382186774,0.016025523400527788,4414.239,4570.641341064688,4257.836658935311
2025-08-18 20:00:00,4355.08,4388.65,4303.67,4312.99,71235.9401,4312.99,4408.3455,4462.379800000001,4376.852986751055,4417.987580543561,-41.134593792506166,-23.394665243463145,43.07594836461547,0.012964639333798605,4408.3455,4570.8738611817025,4245.817138818298
2025-08-19 00:00:00,4312.99,4355.0,4213.21,4218.66,118747.775,4218.66,4400.106,4461.7764,4352.5156041719665,4403.222240888726,-50.70663671675993,-28.85705953812268,35.87630905776105,0.01361669313599047,4400.106,4583.338087330132,4216.873912669867
2025-08-19 04:00:00,4218.65,4250.41,4193.77,4234.36,103979.9428,4234.36,4389.8505,4461.4522,4334.337818913475,4390.713665001587,-56.37584608811267,-34.36081684812082,36.96669954571342,0.013251070372893118,4389.8505,4586.289962267076,4193.411037732923
2025-08-19 08:00:00,4234.35,4317.41,4218.46,4308.93,72742.7152,4308.93,4383.685,4461.438,4330.428923695787,4384.655498362863,-54.22657466707642,-38.333968411912025,40.58145625982186,0.013979052248574386,4383.685,4582.251539768859,4185.118460231141
2025-08-19 12:00:00,4308.94,4340.15,4169.42,4192.14,237188.0218,4192.14,4370.700500000001,4459.807,4309.153704664604,4370.394835237906,-61.241130573301234,-42.915400844189946,34.124289871137606,0.01503555750429379,4370.700500000001,4583.926343745643,4157.474656254359
2025-08-19 16:00:00,4192.14,4206.33,4113.63,4142.0,191723.2518,4142.0,4358.407000000001,4458.945,4283.437750099734,4353.476418257882,-70.03866815814763,-48.34005430698155,25.368557754743705,0.014948266965989743,4358.407000000001,4594.581115618985,4122.232884381017
2025-08-19 20:00:00,4142.0,4164.97,4067.34,4075.59,106841.0885,4075.59,4342.1655,4453.862,4251.461173160172,4332.891922521449,-81.43074936127687,-54.95819331784068,22.603974226107326,0.015168965685197822,4342.1655,4608.876914353236,4075.454085646764
2025-08-20 00:00:00,4075.58,4158.32,4060.0,4140.92,114356.889,4140.92,4328.285,4451.4926,4234.454838827324,4318.67157759354,-84.21673876621571,-60.80990240751574,31.270132374033025,0.015716784680971325,4328.285,4606.892816000969,4049.677183999031
2025-08-20 04:00:00,4140.92,4211.74,4139.51,4185.22,75847.711,4185.22,4316.4465,4450.732599999999,4226.880248238312,4308.786145194672,-81.90589695636027,-65.02910131728468,33.726690472141954,0.01600023157086007,4316.4465,4598.390862729111,4034.5021372708893
2025-08-20 08:00:00,4185.22,4242.0,4150.26,4195.3,95308.3674,4195.3,4303.573,4448.9168,4222.021748509235,4300.379661427799,-78.35791291856367,-67.69486363754051,41.56082797384209,0.015888679768999835,4303.573,4582.8079699936525,4024.338030006348
2025-08-20 12:00:00,4195.29,4308.49,4106.37,4255.9,215624.9806,4255.9,4293.012000000001,4447.7234,4227.233787200218,4297.08483444322,-69.85104724300163,-68.12610035863274,49.89362711221319,0.016307169138545272,4293.012000000001,4561.991435535582,4024.032564464419
2025-08-20 16:00:00,4255.68,4364.77,4254.72,4346.65,159841.4222,4346.65,4282.760499999999,4448.8376,4245.605512246623,4300.756366621475,-55.150854374851406,-65.53105116187646,54.45172575201397,0.016479013141802064,4282.760499999999,4524.477270010269,4041.0437299897294
2025-08-20 20:00:00,4346.64,4378.0,4320.53,4336.16,67345.5231,4336.16,4271.469,4446.1084,4259.5369719011715,4303.378883401641,-43.841911500469905,-61.19322322959514,49.3769636295862,0.01644588337353787,4271.469,4476.593182556472,4066.344817443528
2025-08-21 00:00:00,4336.16,4340.26,4278.03,4295.23,84502.7984,4295.23,4263.2525,4441.6736,4265.02820699336,4302.775256991648,-37.747049998288276,-56.50398858333376,46.17517763124262,0.0158579135694698,4263.2525,4448.893246533919,4077.6117534660793
2025-08-21 04:00:00,4295.24,4321.36,4270.89,4310.76,44223.1556,4310.76,4255.174000000001,4436.078399999999,4272.063867455987,4303.366724351671,-31.302856895684272,-51.463762245803856,49.852503472451914,0.015870330476075327,4255.174000000001,4414.735986292039,4095.612013707963
2025-08-21 08:00:00,4310.79,4315.01,4256.34,4278.52,66951.7258,4278.52,4253.089000000001,4428.7088,4273.057118616613,4301.526212090215,-28.469093473602697,-46.86482849136362,54.31355028391898,0.014031162056906209,4253.089000000001,4410.142286015951,4096.035713984051
2025-08-21 12:00:00,4278.53,4328.37,4226.98,4242.66,123952.4312,4242.66,4252.3485,4421.050200000001,4268.38063882941,4297.165720869976,-28.78508204056652,-43.24887920120419,50.58121621243104,0.01377028771608213,4252.3485,4409.4544606594345,4095.242539340566
2025-08-21 16:00:00,4242.66,4274.38,4208.0,4224.1,66342.3596,4224.1,4249.835,4411.7256,4261.568232855615,4291.75340954731,-30.185176691695233,-40.63613869930239,43.5540493305573,0.01376741690980698,4249.835,4407.065987504263,4092.604012495737
2025-08-21 20:00:00,4224.1,4260.86,4204.2,4225.3,47863.9286,4225.3,4243.8240000000005,4402.944,4255.988504723955,4286.830904699707,-30.842399975752414,-38.6773909545924,53.05667195162419,0.013167961428949994,4243.8240000000005,4394.71693930671,4092.9310606932913
2025-08-22 00:00:00,4225.3,4314.89,4222.25,4278.93,77390.8514,4278.93,4240.016,4393.7428,4259.517965535669,4286.245649189821,-26.727683654152315,-36.28744949450438,62.541444560458714,0.013519843544429672,4240.016,4382.707066426323,4097.324933573676
2025-08-22 04:00:00,4278.93,4345.38,4272.55,4328.14,84613.359,4328.14,4240.7735,4385.3196,4270.075201607141,4289.348950685665,-19.273749078523906,-32.884709411308286,73.88360348773432,0.013616927690858566,4240.7735,4385.245442754102,4096.301557245898
2025-08-22 08:00:00,4328.13,4354.19,4273.75,4274.56,96665.0938,4274.56,4243.568499999999,4375.3292,4270.76517059066,4288.253467545458,-17.48829695479799,-29.805426920006227,62.925564840606654,0.012954146979815812,4243.568499999999,4388.401584221975,4098.735415778024
2025-08-22 12:00:00,4274.57,4668.18,4207.39,4616.08,510799.5805,4616.08,4262.6545,4372.6834,4323.8905289614595,4312.537023415255,11.35350554620436,-21.573640426764108,76.45975091503107,0.021951269905392756,4262.6545,4483.196162895287,4042.112837104713
2025-08-22 16:00:00,4616.09,4859.1,4616.09,4833.0,347174.1823,4833.0,4288.858,4374.98,4402.2150629675525,4351.089996758597,51.125066208955104,-7.033899099620262,81.22857534622241,0.023778679276145093,4288.858,4626.170464331917,3951.5455356680827
2025-08-22 20:00:00,4833.0,4887.59,4796.48,4832.07,161333.56826,4832.07,4320.8544999999995,4379.244000000001,4468.346591741892,4386.718282281288,81.6283094606033,10.698542612424456,79.96671347584126,0.022534735418030957,4320.8544999999995,4732.70601987092,3909.0029801290793
2025-08-23 00:00:00,4832.07,4832.07,4659.7,4694.64,183495.7612,4694.64,4348.4865,4382.3841999999995,4503.160962243191,4409.527379698381,93.63358254480954,27.28555059890148,67.26089501304529,0.02355664031046302,4348.4865,4783.326839206288,3913.6461607937117
2025-08-23 04:00:00,4694.63,4765.54,4694.33,4713.88,102546.7853,4713.88,4380.401,4385.725,4535.579275744279,4432.072092635109,103.50718310917,42.52987710095519,68.57432286236946,0.022964081786139425,4380.401,4824.503472001544,3936.298527998456
2025-08-23 08:00:00,4713.89,4746.09,4690.72,4704.93,55489.6245,4704.93,4408.6015,4387.1344,4561.63323332211,4452.283851233705,109.34938208840504,55.89377809844517,70.80117790414303,0.022965333905603263,4408.6015,4860.239649350128,3956.9633506498712
2025-08-23 12:00:00,4704.95,4768.9,4692.81,4751.0,93641.4714,4751.0,4436.8904999999995,4389.351200000001,4590.7665820418115,4474.411035965754,116.35554607605718,67.98613169396758,71.67943742982649,0.022957814399893597,4436.8904999999995,4900.338202856693,3973.442797143306
2025-08-23 16:00:00,4750.99,4761.97,4727.8,4758.66,37902.4266,4758.66,4465.0585,4391.8412,4616.596338650783,4495.46656993991,121.12976871087267,78.6148590973486,74.2308934555291,0.022966158297034064,4465.0585,4935.1142279514725,3995.0027720485277
2025-08-23 20:00:00,4758.66,4797.34,4738.0,4778.4,39366.0198,4778.4,4491.1835,4398.792,4641.489209627602,4516.424652630955,125.06455699664639,87.90479867720816,77.48399409012563,0.022895465650364807,4491.1835,4970.285542763323,4012.081457236677
2025-08-24 00:00:00,4778.4,4817.4,4753.42,4788.59,73990.7108,4788.59,4513.280500000001,4406.8948,4664.120100454137,4536.58509401017,127.53500644396718,95.83084023055997,79.20974468833766,0.022622086416781043,4513.280500000001,5004.916713495293,4021.644286504708
2025-08-24 04:00:00,4788.59,4800.01,4757.3,4758.7,44970.7774,4758.7,4534.4075,4413.2794,4678.67085423043,4553.038084223617,125.63277000681319,101.79122618581063,76.80509769236954,0.022704952951390613,4534.4075,5030.2929594773295,4038.522040522671
2025-08-24 08:00:00,4758.7,4786.5,4720.0,4747.73,59259.8944,4747.73,4557.0325,4419.589199999999,4689.295338194984,4567.459735382984,121.8356028119997,105.80010151104847,74.6140921978368,0.022523187839479028,4557.0325,5048.239209060764,4065.825790939237
2025-08-24 12:00:00,4747.73,4829.74,4738.67,4798.32,122996.9799,4798.32,4581.4105,4426.519,4706.068363088069,4584.5605262130775,121.50783687499188,108.94164858383716,74.65082627296366,0.02255123735757153,4581.4105,5069.539672527746,4093.281327472254
2025-08-24 16:00:00,4798.31,4956.78,4744.2,4813.04,305250.74042,4813.04,4608.1365,4435.0224,4722.525537997602,4601.484959617363,121.04057838023982,111.3614345431177,79.430926302442,0.022351595959915208,4608.1365,5084.837203157145,4131.435796842854
2025-08-24 20:00:00,4813.01,4824.31,4711.0,4780.15,174199.6755,4780.15,4635.011,4442.617,4731.390839844126,4614.719427282049,116.67141256207742,112.42343014690964,63.532885728896844,0.022301317385238835,4635.011,5084.801058390979,4185.220941609022
2025-08-25 00:00:00,4780.15,4797.97,4670.0,4727.41,111875.813,4727.41,4660.1765,4448.794599999999,4730.7784029450295,4623.0668889270155,107.71151401801399,111.48104692113051,38.05570009728285,0.022516314798086096,4660.1765,5067.478634449796,4252.874365550203
2025-08-25 04:00:00,4727.41,4740.01,4581.55,4591.36,161725.1176,4591.36,4678.4794999999995,4452.182,4709.32941787656,4620.718227410184,88.61119046637577,106.90707563017958,29.145946320586347,0.023797661718623755,4678.4794999999995,5032.975296336137,4323.983703663862
2025-08-25 08:00:00,4591.37,4615.05,4519.96,4600.08,168097.6886,4600.08,4694.537,4455.1282,4692.521815126317,4619.189467969285,73.33234715703202,100.19212993555007,39.45631327773068,0.02372255094140541,4694.537,4998.292214196516,4390.781785803484
2025-08-25 12:00:00,4600.08,4690.02,4585.56,4612.57,205755.3975,4612.57,4708.7585,4458.0372,4680.221535876113,4618.699136457712,61.52239941840162,92.4581838321204,38.5310299544909,0.0236553467267397,4708.7585,4962.8600749883735,4454.656925011626
2025-08-25 16:00:00,4612.58,4645.54,4416.0,4420.34,146228.7221,4420.34,4716.0475,4455.4104,4640.239761125938,4604.005851805431,36.23390932050643,81.21332892979761,27.23097847827829,0.025520330298288874,4716.0475,4921.392115489472,4510.702884510527
2025-08-25 20:00:00,4420.34,4446.19,4334.13,4376.18,250234.4271,4376.18,4704.0525,4451.694200000001,4599.615182491174,4587.129846527556,12.485335963618127,67.46773033656171,19.920069337442285,0.01783395968932034,4704.0525,4956.588800162952,4451.516199837048
2025-08-26 00:00:00,4376.17,4451.72,4311.04,4402.58,172417.3867,4402.58,4682.5315,4450.5546,4569.30207749253,4573.459475333357,-4.157397840826889,53.14270470108399,22.25840630745742,0.013729060586261672,4682.5315,4960.843861604902,4404.2191383950985
2025-08-26 04:00:00,4402.58,4454.0,4393.86,4429.7,93610.1147,4429.7,4662.413,4449.702,4547.82483480137,4562.810616514803,-14.985781713432516,39.5170074181807,23.14221455419316,0.01390778653008792,4662.413,4953.107751829207,4371.718248170792
2025-08-26 08:00:00,4429.7,4465.86,4405.09,4427.24,81044.3995,4427.24,4649.043,4451.8423999999995,4529.273321755005,4552.768340946167,-23.4950191911621,26.914602096312134,21.832468079135666,0.012699638976678461,4649.043,4957.548380459763,4340.537619540236
2025-08-26 12:00:00,4427.24,4579.0,4405.84,4519.02,227815.4318,4519.02,4639.3,4457.073399999999,4527.69588763885,4550.268462069146,-22.5725744302963,17.017166790990444,32.9608144230223,0.013684940774958314,4639.3,4951.469852349296,4327.130147650704
2025-08-26 16:00:00,4519.03,4598.28,4498.58,4596.7,170031.4537,4596.7,4633.8885,4463.52,4538.311904925182,4553.707837503889,-15.395932578707288,10.534546917050896,40.19323922444581,0.014343501391013381,4633.8885,4945.018649059321,4322.758350940679
2025-08-26 20:00:00,4596.69,4633.46,4563.21,4600.63,89831.4903,4600.63,4626.37,4468.622200000001,4547.899304167462,4557.183555354067,-9.284251186604706,6.570787296319775,36.33548529798032,0.014125053978977167,4626.37,4932.816465969596,4319.923534030404
2025-08-27 00:00:00,4600.63,4626.82,4538.69,4603.55,103641.6975,4603.55,4618.6145,4473.5914,4556.46094968016,4560.618108739635,-4.157159059474907,4.425198025160839,35.279733546945494,0.01411536606885288,4618.6145,4918.750250372344,4318.478749627655
2025-08-27 04:00:00,4603.56,4645.93,4560.22,4580.45,100967.802,4580.45,4608.717,4478.9406,4560.15157280629,4562.087138486361,-1.9355656800717043,3.15304528411433,35.77189432585712,0.014069015420666858,4608.717,4899.578836985755,4317.855163014245
2025-08-27 08:00:00,4580.46,4619.68,4550.01,4608.87,72044.2122,4608.87,4599.731000000001,4486.7447999999995,4567.646715451476,4565.552537305316,2.09417814615972,2.941271856523408,41.25114397898031,0.01416140396898779,4599.731000000001,4878.027945679841,4321.434054320161
2025-08-27 12:00:00,4608.87,4663.93,4575.17,4657.57,132483.3513,4657.57,4594.674499999999,4495.209,4581.48106692048,4572.368648694118,9.112418226362024,4.175501130491132,55.60997102235178,0.014381857460956313,4594.674499999999,4864.351302856563,4324.997697143435
2025-08-27 16:00:00,4657.58,4658.0,4535.01,4565.7,80996.8873,4565.7,4585.572999999999,4500.3444,4579.053210471176,4571.874674512711,7.178535958464636,4.776108096085833,47.44675162641475,0.014981696473902944,4585.572999999999,4845.614812435476,4325.531187564523
2025-08-27 20:00:00,4565.7,4614.0,4481.53,4506.71,116535.4108,4506.71,4570.9925,4506.6358,4567.923485783302,4567.047659739478,0.8758260438235084,3.9960516856333683,42.64615983105481,0.014873473188760923,4570.9925,4812.8752694196,4329.1097305804005
2025-08-28 00:00:00,4506.71,4549.0,4467.63,4541.63,69573.9921,4541.63,4557.4220000000005,4514.6284,4563.8783341243325,4565.164869462313,-1.28653533798024,2.939534280910647,60.78229175926749,0.015010560565323489,4557.4220000000005,4770.915028073002,4343.928971926999
2025-08-28 04:00:00,4541.62,4600.85,4534.99,4596.82,57664.7504,4596.82,4548.2555,4525.053,4568.946282720589,4567.5096947155425,1.4365880050463602,2.6389450257377898,69.23693938759848,0.015338117747627075,4548.2555,4735.62818963216,4360.882810367841
2025-08-28 08:00:00,4596.82,4633.97,4581.28,4594.8,71841.8208,4594.8,4541.625,4534.1306,4572.923777686652,4569.531199424509,3.392578262142706,2.7896716730187734,67.5031870333273,0.01518611471258054,4541.625,4710.806483309274,4372.443516690726
2025-08-28 12:00:00,4594.79,4616.02,4485.0,4504.01,141018.1746,4504.01,4537.2575,4540.5064,4562.3216580425515,4564.677775880358,-2.356117837806778,1.7605137708536631,56.06344958140905,0.014443209867512427,4537.2575,4705.540528993887,4368.974471006112
2025-08-28 16:00:00,4504.01,4530.5,4436.34,4438.46,92574.3377,4438.46,4529.1765,4545.3696,4543.266018343697,4555.328308566408,-12.062290222710544,-1.0040470278591793,50.830053561388475,0.014743239855439358,4529.1765,4700.256243213169,4358.09675678683
2025-08-28 20:00:00,4438.49,4515.78,4430.0,4511.21,52570.3271,4511.21,4524.1085,4550.4758,4538.334323213898,4552.060284921899,-13.725961708001705,-3.5484299638876853,49.40547782531245,0.015265801143477914,4524.1085,4690.7337965283095,4357.483203471691
2025-08-29 00:00:00,4511.2,4516.75,4434.79,4489.75,69637.5081,4489.75,4527.579,4553.3378,4530.859811950221,4547.444707230872,-16.584895280650926,-6.1557230272403345,41.096551838963734,0.01196317569507216,4527.579,4687.87521749482,4367.282782505179
2025-08-29 04:00:00,4489.75,4497.0,4367.5,4381.03,118788.5306,4381.03,4527.8215,4554.2352,4507.8090716501865,4535.117689332979,-27.30861768279283,-10.386301958350835,34.43436348171247,0.013017789008934886,4527.8215,4687.165182486662,4368.477817513338
2025-08-29 08:00:00,4381.03,4398.43,4318.57,4346.48,135466.2144,4346.48,4525.0165,4555.2602,4482.989214473234,4521.144524486422,-38.15531001318777,-15.940103569318225,32.56041138081213,0.013057960460545926,4525.0165,4695.246307059657,4354.786692940343
2025-08-29 12:00:00,4346.48,4454.4,4265.0,4316.09,215781.3752,4316.09,4519.336,4555.366800000001,4457.312412246582,4505.955297759246,-48.64288551266327,-22.480659957987235,32.24150902837488,0.013032877736208062,4519.336,4709.38645029922,4329.28554970078
2025-08-29 16:00:00,4316.1,4366.66,4296.13,4340.78,88846.0782,4340.78,4515.013,4556.612,4439.384348824031,4493.720088510628,-54.33573968659675,-28.851675903709143,31.900241699185727,0.013124883487040134,4515.013,4717.4158709074245,4312.610129092575
2025-08-29 20:00:00,4340.79,4379.55,4305.57,4360.18,50544.1712,4360.18,4507.071,4558.9624,4427.199064389564,4483.828228599873,-56.62916421030877,-34.407173565029076,29.09502453289096,0.012184087963133576,4507.071,4720.951721692179,4293.190278307821
2025-08-30 00:00:00,4360.18,4381.61,4257.2,4352.45,102136.5521,4352.45,4494.8585,4561.5294,4415.699208329632,4474.096506594109,-58.397298264477286,-39.20519850491872,32.99848521087458,0.011344288787060144,4494.8585,4714.992415058392,4274.724584941609
2025-08-30 04:00:00,4352.46,4415.61,4347.58,4402.39,97596.3012,4402.39,4484.9465,4565.0712,4413.651637817381,4468.784912821342,-55.13327500396099,-42.39081380472718,41.56123604594728,0.011758634807431277,4484.9465,4702.868661890766,4267.024338109234
2025-08-30 08:00:00,4402.39,4408.07,4378.41,4392.08,41144.3265,4392.08,4474.3730000000005,4567.3342,4410.332924307014,4463.10306674204,-52.77014243502617,-44.46667953078698,37.4007986655209,0.011740571978333312,4474.3730000000005,4688.554057012858,4260.191942987143
2025-08-30 12:00:00,4392.07,4393.48,4332.15,4376.35,53086.3116,4376.35,4464.168,4568.2984,4405.104782105935,4456.676912932557,-51.572130826622015,-45.88776978995399,30.103063011028368,0.01172734560893953,4464.168,4676.509622823091,4251.826377176908
2025-08-30 16:00:00,4376.24,4376.24,4335.82,4354.63,21764.9766,4354.63,4451.456,4569.8998,4397.339431012714,4449.117881563509,-51.77845055079524,-47.06590594212225,29.06942289927322,0.011570378338701165,4451.456,4657.675396953792,4245.236603046208
2025-08-30 20:00:00,4354.63,4378.66,4334.4,4373.7,24590.7146,4373.7,4437.2625,4565.0522,4393.702595472297,4443.531371283313,-49.828775811016385,-47.618479915901084,37.02117487699447,0.011273960537421896,4437.2625,4621.673079771238,4252.851920228762
2025-08-31 00:00:00,4373.7,4488.58,4372.63,4488.12,86870.5588,4488.12,4433.383500000001,4558.1546,4408.228350015021,4446.834232962472,-38.60588294745139,-45.81596052221115,54.50733372059249,0.01232780591859657,4433.383500000001,4609.495817782494,4257.271182217508
2025-08-31 04:00:00,4488.12,4491.46,4433.04,4450.84,46105.6365,4450.84,4430.59,4550.53,4414.783988474248,4447.130956471085,-32.34696799683661,-43.12216201713625,44.14349740982909,0.012130339357223864,4430.59,4603.549220140367,4257.630779859634
2025-08-31 08:00:00,4450.84,4483.8,4440.47,4476.98,64280.1686,4476.98,4427.3575,4546.1768,4424.352605632056,4449.341996900495,-24.98939126843925,-39.49560786739685,48.772327866330784,0.012069882655782536,4427.3575,4593.875338826215,4260.839661173785
2025-08-31 12:00:00,4476.98,4498.47,4451.03,4485.27,74632.1358,4485.27,4421.780000000001,4541.604600000001,4433.724512457894,4452.003330650668,-18.27881819277445,-35.252249932472374,62.419577753419496,0.011709361938659677,4421.780000000001,4570.969426886498,4272.5905731135035
2025-08-31 16:00:00,4485.28,4490.87,4454.89,4456.01,33871.4872,4456.01,4414.8405,4536.6262,4437.1530490028335,4452.300120992176,-15.147071989342294,-31.231214343846357,63.216449067258786,0.011768472789967723,4414.8405,4541.328022575757,4288.352977424243
2025-08-31 20:00:00,4456.0,4477.1,4378.43,4391.83,50826.1992,4391.83,4409.2315,4529.4428,4430.180272233167,4447.820852500339,-17.64058026717248,-28.513087528511583,58.450107104605436,0.011384977474970429,4409.2315,4528.831499344238,4289.631500655762
2025-09-01 00:00:00,4391.83,4432.25,4360.0,4404.16,97484.5196,4404.16,4407.5165,4522.352800000001,4426.177153428064,4444.586715097456,-18.409561669392133,-26.492382356687695,57.27168425883431,0.01096733062656876,4407.5165,4526.332899412949,4288.700100587051
2025-09-01 04:00:00,4404.15,4464.0,4358.67,4463.29,82667.9879,4463.29,4405.1205,4516.0506,4431.886822131439,4445.972143680404,-14.085321548965112,-24.01097019514318,60.841587281559455,0.010747240639293195,4405.1205,4516.854087934046,4293.386912065954
2025-09-01 08:00:00,4463.29,4491.84,4381.99,4392.83,81553.9294,4392.83,4400.2745,4508.1354,4425.8780802650635,4442.03568840447,-16.157608139406875,-22.44029778399592,53.75097536506521,0.011249554735199199,4400.2745,4504.723031263687,4295.825968736314
2025-09-01 12:00:00,4392.83,4423.78,4346.19,4362.01,65084.4647,4362.01,4399.3234999999995,4500.2016,4416.052221762746,4436.107859370943,-20.055637608196776,-21.963365748836093,46.11087567900758,0.009968382383572623,4399.3234999999995,4504.85058572726,4293.796414272739
2025-09-01 16:00:00,4362.01,4371.54,4309.69,4368.06,58822.6622,4368.06,4400.4025,4492.6082,4408.6688030300165,4431.067276988384,-22.398473958367504,-22.050387390742376,47.667417650714775,0.009804934377924734,4400.4025,4504.079654540756,4296.725345459245
2025-09-01 20:00:00,4368.05,4368.15,4210.61,4314.5,128216.4757,4314.5,4400.323,4482.9318,4394.181294871552,4422.43266354991,-28.25136867835772,-23.290583648265446,44.404841598668355,0.010078018940583824,4400.323,4504.274445365939,4296.371554634062
2025-09-02 00:00:00,4314.5,4394.97,4290.98,4367.11,80296.0877,4367.11,4401.6395,4474.0132,4390.016480275929,4418.334688327904,-28.31820805197458,-24.296108529007277,51.06922549691566,0.010370120078365698,4401.6395,4503.0517491251185,4300.227250874882
2025-09-02 04:00:00,4367.11,4416.78,4360.84,4377.53,63965.5878,4377.53,4402.507,4465.9608,4388.0954833104015,4415.312118723629,-27.216635413227777,-24.88021390585138,50.333072441081825,0.010337011534498376,4402.507,4502.715663371589,4302.298336628411
2025-09-02 08:00:00,4377.53,4408.0,4340.98,4347.98,62250.6809,4347.98,4402.2835,4458.372200000001,4381.923870493417,4410.324554223228,-28.400683729811135,-25.584307870643336,35.70233431276526,0.010447584120862347,4402.2835,4502.980992212459,4301.58600778754
2025-09-02 12:00:00,4347.98,4397.44,4271.31,4295.66,179101.1244,4295.66,4396.947,4452.4582,4368.652505802122,4401.83088330271,-33.178377500588795,-27.103121796632433,34.639293633196075,0.010411065676915597,4396.947,4508.3626969191655,4285.531303080835
2025-09-02 16:00:00,4295.65,4331.57,4257.85,4274.41,83144.9375,4274.41,4391.063499999999,4445.9448,4354.153658755641,4392.392299110179,-38.23864035453789,-29.330225508213527,29.75231393558971,0.010442677733330753,4391.063499999999,4515.256253797363,4266.870746202636
2025-09-02 20:00:00,4274.41,4337.4,4266.31,4326.5,55846.6329,4326.5,4388.571,4440.2234,4349.899249716312,4387.511387948061,-37.61213823174967,-30.986608052920758,35.40797382497287,0.010849104586882779,4388.571,4515.966734688509,4261.175265311491
2025-09-03 00:00:00,4326.49,4355.37,4283.23,4335.02,59970.9699,4335.02,4387.5905,4438.517,4347.610134375341,4383.6231369027055,-36.01300252736473,-31.991886947809554,38.439488620076865,0.010810251236166293,4387.5905,4516.380364176959,4258.800635823041
2025-09-03 04:00:00,4335.02,4342.59,4285.71,4310.21,45196.6997,4310.21,4384.416,4437.1975999999995,4341.856267548365,4378.185126650084,-36.32885910171899,-32.85928137859145,41.56678789882628,0.010822494084611235,4384.416,4517.698987487777,4251.133012512223
2025-09-03 08:00:00,4310.2,4385.88,4300.01,4371.51,70248.1912,4371.51,4378.5855,4436.5761999999995,4346.418380233233,4377.69067281475,-31.272292581516922,-32.541883619176545,46.93651597890751,0.009514584020748595,4378.5855,4502.6507084017585,4254.520291598242
2025-09-03 12:00:00,4371.51,4486.98,4339.99,4480.03,163360.9229,4480.03,4380.045,4437.5828,4366.974014043504,4385.271363850835,-18.297349807330647,-29.692976856807366,51.43745277186232,0.010994500363366733,4380.045,4508.3050210098845,4251.784978990116
2025-09-03 16:00:00,4480.02,4490.64,4455.42,4475.32,112106.49,4475.32,4379.962,4438.5444,4383.642627267581,4391.941633303963,-8.299006036381797,-25.414182692722253,57.98501539116796,0.010921337710166316,4379.962,4507.959779849099,4251.964220150902
2025-09-03 20:00:00,4475.32,4480.79,4436.6,4450.46,36208.4124,4450.46,4378.2215,4437.1732,4393.922223072568,4396.276327198731,-2.3541041261632927,-20.802166979410462,58.66188769414573,0.010982003725662381,4378.2215,4501.031500154209,4255.41149984579
2025-09-04 00:00:00,4450.46,4482.05,4388.9,4398.03,101700.4604,4398.03,4375.3225,4433.199799999999,4394.554188753711,4396.40622888953,-1.852040135819152,-17.0121416106922,52.69054672771337,0.011198770888656309,4375.3225,4493.032356113657,4257.612643886343
2025-09-04 04:00:00,4398.03,4414.9,4355.29,4371.04,68607.1967,4371.04,4374.283,4428.608,4390.93662125314,4394.52724894747,-3.590627694329669,-14.327838827419694,55.33014065387081,0.010808075923975157,4374.283,4491.745988231156,4256.820011768845
2025-09-04 08:00:00,4371.05,4433.85,4365.4,4407.03,66351.3837,4407.03,4374.4265,4424.6776,4393.412525675734,4395.453378666163,-2.0408529904289026,-11.870441660021536,53.88508252880724,0.010954188534638892,4374.4265,4492.050073232503,4256.8029267674965
2025-09-04 12:00:00,4407.04,4428.39,4293.06,4305.33,129618.4637,4305.33,4366.5285,4419.1752,4379.861367879467,4388.777572764969,-8.916204885501429,-11.279594305117515,44.03345233373001,0.011634956478813449,4366.5285,4480.174057261359,4252.882942738642
2025-09-04 16:00:00,4305.32,4323.79,4265.33,4275.92,63186.7386,4275.92,4360.683,4412.5162,4363.870388205703,4380.417752474271,-16.547364268567435,-12.3331482978075,44.04364357745086,0.011231065267638465,4360.683,4480.492031572319,4240.873968427681
2025-09-04 20:00:00,4275.92,4353.33,4272.3,4297.55,42331.4665,4297.55,4357.460000000001,4405.315799999999,4353.667251558672,4374.2794003807485,-20.61214882207605,-13.988948402661213,50.164573936364775,0.011231486532385952,4357.460000000001,4480.542111573758,4234.377888426244
2025-09-05 00:00:00,4297.56,4335.69,4291.02,4328.88,45816.7221,4328.88,4355.500999999999,4400.5794,4349.853828241953,4370.9164818044055,-21.062653562452397,-15.403689434619452,54.6612127539407,0.01136555151104431,4355.500999999999,4479.118774381918,4231.88322561808
2025-09-05 04:00:00,4328.89,4428.67,4316.57,4417.29,72860.7888,4417.29,4360.6404999999995,4398.791,4360.228623897037,4374.3515572543165,-14.12293335727918,-15.147538219151397,57.314577593013325,0.011905598331560928,4360.6404999999995,4485.620449124406,4235.660550875593
2025-09-05 08:00:00,4417.29,4426.31,4373.2,4417.39,81554.0064,4417.39,4363.1545,4396.3062,4369.022681759031,4377.539590074367,-8.516908315335968,-13.821412238388312,56.72748656462862,0.011624241984945018,4363.1545,4490.679266548068,4235.629733451931
2025-09-05 12:00:00,4417.38,4490.0,4256.03,4283.39,318985.246,4283.39,4358.4475,4390.0376,4355.848423026872,4370.565546316392,-14.717123289519805,-14.00055444861461,48.14106296265493,0.013514048919664854,4358.4475,4490.603542038757,4226.291457961243
2025-09-05 16:00:00,4283.4,4331.9,4272.35,4331.54,59666.9203,4331.54,4357.6255,4384.772400000001,4352.108665638123,4367.674765089055,-15.566099450931688,-14.313663449078026,47.17817658105415,0.013708496344992153,4357.6255,4490.2593241331815,4224.991675866819
2025-09-05 20:00:00,4331.54,4343.03,4286.71,4307.45,45286.1918,4307.45,4358.214999999999,4380.8412,4345.238101693797,4363.213671352012,-17.975569658215136,-15.046044690905449,36.16704071817889,0.013486575738960302,4358.214999999999,4489.789778498096,4226.6402215019025
2025-09-06 00:00:00,4307.46,4329.3,4302.77,4320.42,20383.2609,4320.42,4360.5155,4378.4804,4341.419932202443,4360.043769752787,-18.623837550343524,-15.761603262793065,37.74641647944817,0.013443322167096379,4360.5155,4487.44769830819,4233.58330169181
2025-09-06 04:00:00,4320.43,4320.43,4290.71,4312.26,18863.6631,4312.26,4359.8035,4374.501399999999,4336.933788786683,4356.504231234389,-19.570442447706228,-16.523371099775698,38.77080083203329,0.013171709263488277,4359.8035,4487.69520522044,4231.91179477956
2025-09-06 08:00:00,4312.27,4315.05,4286.08,4299.99,17622.5479,4299.99,4358.052000000001,4370.7062,4331.250128973347,4352.3179918637725,-21.067862890425204,-17.4322694579056,41.47774687065368,0.013176239450938005,4358.052000000001,4488.310404816136,4227.793595183865
2025-09-06 12:00:00,4300.0,4308.39,4263.19,4270.24,44936.6069,4270.24,4356.0535,4368.4904,4321.86395528514,4346.238140587815,-24.37418530267496,-18.820652626859474,41.27967333379471,0.013204707532534563,4356.0535,4490.559737346987,4221.547262653013
2025-09-06 16:00:00,4270.23,4304.25,4236.0,4255.48,59382.7999,4255.48,4350.2519999999995,4366.6704,4311.651039087426,4339.5153153316605,-27.864276244234134,-20.62937735033441,36.38927307671582,0.012759816599012309,4350.2519999999995,4491.7772515463,4208.726748453699
2025-09-06 20:00:00,4255.48,4288.0,4253.35,4273.14,29977.1899,4273.14,4339.907499999999,4365.8114,4305.726263843207,4334.5986252885195,-28.87236144531289,-22.277974169330108,46.59501999196095,0.011287332497498246,4339.907499999999,4471.379644398011,4208.435355601988
2025-09-07 00:00:00,4273.15,4304.08,4270.81,4296.9,21924.9924,4296.9,4330.9865,4364.9338,4304.368377098098,4331.80613451664,-27.437757418541878,-23.309930819172465,52.2460602946214,0.01142185722402227,4330.9865,4447.08519454355,4214.88780545645
2025-09-07 04:00:00,4296.9,4307.2,4276.76,4294.56,20002.1344,4294.56,4323.1915,4363.6214,4302.859396006083,4329.047161580545,-26.18776557446199,-23.885497770230373,49.66610831937467,0.01139399691711587,4323.1915,4425.648207011099,4220.734792988901
2025-09-07 08:00:00,4294.57,4315.35,4291.65,4310.87,41022.6191,4310.87,4318.8335,4362.7898000000005,4304.091796620532,4327.700705163134,-23.608908542602876,-23.830179924704876,47.919025720426106,0.01120081778789983,4318.8335,4415.115667398362,4222.551332601637
2025-09-07 12:00:00,4310.88,4311.23,4288.95,4299.38,27581.9045,4299.38,4315.2505,4360.729600000001,4303.366904832757,4325.602875145226,-22.235970312468453,-23.511338002257595,33.43076360979174,0.011142798680183487,4315.2505,4408.642573477356,4221.858426522645
2025-09-07 16:00:00,4299.39,4301.62,4270.81,4293.48,26890.3039,4293.48,4309.572999999999,4358.7576,4301.845842550795,4323.223402906129,-21.377560355334026,-23.084582472872885,32.86690080473426,0.010939599492480214,4309.572999999999,4392.716091645665,4226.429908354334
2025-09-07 20:00:00,4293.47,4336.02,4281.34,4306.19,32198.8829,4306.19,4309.616,4357.3544,4302.514174466057,4321.961669354524,-19.44749488846719,-22.35716495599175,54.74367509986671,0.009682021971797235,4309.616,4392.750741208282,4226.481258791718
2025-09-08 00:00:00,4306.19,4330.97,4279.0,4311.87,51316.817,4311.87,4311.4135,4356.4992,4303.953532240509,4321.214138289579,-17.260606049069793,-21.33785317460736,45.02906242102602,0.009547528945441816,4311.4135,4393.021187531194,4229.805812468805
2025-09-08 04:00:00,4311.87,4313.59,4287.68,4291.78,32212.3104,4291.78,4311.125,4354.8607999999995,4302.080681126585,4319.03383174516,-16.95315061857491,-20.460912663400872,45.95821511477946,0.009548585538316837,4311.125,4392.979469961085,4229.270530038915
2025-09-08 08:00:00,4291.78,4337.77,4288.3,4312.41,81225.5367,4312.41,4310.3015,4351.3466,4303.6698071071105,4318.543177540888,-14.873370433777382,-19.343404217476177,48.012505582849435,0.009464247974144045,4310.3015,4391.734172681046,4228.868827318953
2025-09-08 12:00:00,4312.42,4384.06,4306.19,4371.64,105874.0459,4371.64,4308.018999999999,4349.7626,4314.126759859862,4322.4762755077045,-8.349515647842054,-17.144626503549354,61.75469158286482,0.008793502463137304,4308.018999999999,4378.670490362941,4237.367509637058
2025-09-08 16:00:00,4371.64,4373.43,4284.44,4293.0,59748.4888,4293.0,4301.799499999999,4346.0830000000005,4310.876489112191,4320.292847688782,-9.416358576590937,-15.59897291815767,48.904216961906286,0.009622318457630487,4301.799499999999,4350.358023117435,4253.240976882564
2025-09-08 20:00:00,4293.0,4332.5,4281.8,4306.37,42505.2367,4306.37,4302.9485,4342.505,4310.18318309493,4319.261525636214,-9.078342541283746,-14.294846842782885,55.9705192186932,0.006825872901378757,4302.9485,4350.754564479633,4255.142435520368
2025-09-09 00:00:00,4306.36,4316.03,4276.76,4306.63,48368.7809,4306.63,4301.7029999999995,4339.5174,4309.636539541864,4318.325857069269,-8.689317527404455,-13.173740979707201,58.87805047384324,0.0063209267932706715,4301.7029999999995,4347.633836379325,4255.772163620674
2025-09-09 04:00:00,4306.62,4381.87,4302.5,4361.53,87658.4546,4361.53,4304.407,4338.9114,4317.620148843116,4321.526163957143,-3.906015114026559,-11.320195806571073,63.585503058620944,0.006820261619142492,4304.407,4357.561804347692,4251.252195652309
2025-09-09 08:00:00,4361.53,4366.77,4342.16,4347.34,47693.0197,4347.34,4305.753,4337.775,4322.192433636483,4323.438299962595,-1.2458663261122638,-9.305329910479312,57.98758472160647,0.006849723208409512,4305.753,4361.894550088095,4249.611449911905
2025-09-09 12:00:00,4347.33,4367.44,4277.06,4284.94,150845.4071,4284.94,4304.387,4334.208,4316.4612900001,4320.586574036295,-4.125284036194898,-8.26932073562243,48.72006386375721,0.007589624861995238,4304.387,4361.187520049318,4247.586479950682
2025-09-09 16:00:00,4284.94,4299.99,4278.13,4295.0,41784.0676,4295.0,4304.137499999999,4332.2514,4313.159553077007,4318.691272253894,-5.531719176886327,-7.721800423875209,47.85279393857397,0.007586443032317307,4304.137499999999,4361.063042828276,4247.211957171722
2025-09-09 20:00:00,4295.0,4319.67,4281.0,4310.09,29136.0522,4310.09,4306.13,4331.213,4312.687314142083,4318.054140975226,-5.366826833143023,-7.250805705728771,51.43507972665147,0.007445248872087211,4306.13,4360.80501767602,4251.45498232398
2025-09-10 00:00:00,4310.08,4326.09,4285.1,4320.44,43917.563,4320.44,4309.378,4330.2606,4313.8800350433,4318.230871273512,-4.350836230211826,-6.670811810625383,53.56991525423728,0.0073968504128281605,4309.378,4358.8548673643445,4259.901132635655
2025-09-10 04:00:00,4320.45,4333.28,4294.92,4329.82,50979.881,4329.82,4312.2119999999995,4330.566999999999,4316.332337344331,4319.089325253947,-2.7569879096163277,-5.888047030423572,53.15681192721832,0.007362610093751193,4312.2119999999995,4359.3888532002,4265.035146799799
2025-09-10 08:00:00,4329.83,4335.02,4309.5,4331.31,60442.2299,4331.31,4313.9325,4329.851000000001,4318.63659313751,4319.994560421001,-1.357967283490325,-4.982031081036923,52.62645914396893,0.007272654530531977,4313.9325,4361.267670800531,4266.597329199469
2025-09-10 12:00:00,4331.3,4453.57,4330.0,4404.9,204214.2372,4404.9,4319.449500000001,4330.3984,4331.907886500971,4326.283852246037,5.6240342549335764,-2.8608180138428225,63.35284952075165,0.008153346197793742,4319.449500000001,4380.89521227369,4258.003787726311
2025-09-10 16:00:00,4404.9,4409.31,4300.59,4322.72,108167.4643,4322.72,4320.0419999999995,4329.8932,4330.494365500821,4326.019863190605,4.474502310215939,-1.39375394903107,51.06260177684335,0.009262016993693745,4320.0419999999995,4381.367792839125,4258.716207160874
2025-09-10 20:00:00,4322.71,4355.7,4320.75,4349.32,38912.5344,4349.32,4322.539,4330.9664,4333.390616962233,4327.745799251588,5.644817710644929,0.013960382904130247,47.53370165745849,0.009329201004340046,4322.539,4384.3870889036325,4260.690911096367
2025-09-11 00:00:00,4349.33,4408.0,4338.82,4404.1,49171.4106,4404.1,4328.070000000001,4333.5602,4344.268983583428,4333.401665976812,10.86731760661587,2.184631827646479,62.959593131765644,0.00968816647587331,4328.070000000001,4398.206057248002,4257.933942751999
2025-09-11 04:00:00,4404.11,4450.0,4395.05,4440.41,80121.8045,4440.41,4334.781,4335.8384,4359.059909185978,4341.328209241837,17.731699944140928,5.29404545094537,64.84122414633069,0.009806660359320376,4334.781,4420.136426281924,4249.425573718076
2025-09-11 08:00:00,4440.4,4442.47,4406.3,4429.8,51898.3732,4429.8,4340.6775,4337.734,4369.943000080442,4347.881675227022,22.061324853420047,8.647501331440308,63.33210659623757,0.00984686406728513,4340.6775,4435.173034815036,4246.181965184964
2025-09-11 12:00:00,4429.81,4481.09,4350.01,4412.52,178527.7981,4412.52,4346.7145,4339.7802,4376.493307760375,4352.669699286376,23.82360847399832,11.682722759951911,56.00857863354633,0.009823751138612963,4346.7145,4443.457404970262,4249.971595029738
2025-09-11 16:00:00,4412.52,4441.5,4407.4,4423.73,35769.3949,4423.73,4352.2805,4340.8246,4383.760491181855,4357.933425267298,25.827065914557352,14.511591390873003,59.06534070680936,0.00979583045047377,4352.2805,4453.422539044531,4251.138460955469
2025-09-11 20:00:00,4423.73,4469.0,4415.4,4458.82,45770.8836,4458.82,4356.6395,4340.4003999999995,4395.308107923108,4365.406504879933,29.901603043174873,17.58959372133338,72.06486980356341,0.009489962439236718,4356.6395,4468.265746201479,4245.013253798522
2025-09-12 00:00:00,4458.83,4539.0,4450.71,4505.55,102293.7078,4505.55,4367.267,4341.005,4412.26839901186,4375.787504522065,36.48089448979499,21.367853875025705,74.44333511342279,0.008578319662190467,4367.267,4492.96711549625,4241.56688450375
2025-09-12 04:00:00,4505.55,4563.0,4500.01,4525.81,72173.8339,4525.81,4378.239,4342.512,4429.736337625421,4386.900281968452,42.83605565696871,25.661494231414313,74.74647822695376,0.00858948038062766,4378.239,4518.968084997352,4237.509915002647
2025-09-12 08:00:00,4525.81,4536.53,4504.5,4520.76,39122.7204,4520.76,4388.9455,4344.966600000001,4443.73997799074,4396.81581664041,46.924161350329996,29.914027655197458,73.26272761055384,0.008611229638063628,4388.9455,4539.00795134674,4238.88304865326
2025-09-12 12:00:00,4520.76,4571.24,4504.11,4541.98,80075.7928,4541.98,4397.968,4348.3854,4458.853827530626,4407.568719114458,51.28510841616844,34.18824380739166,73.97830018083192,0.008287252232678342,4397.968,4562.127005152365,4233.8089948476345
2025-09-12 16:00:00,4541.99,4660.0,4533.69,4657.18,102055.1911,4657.18,4413.46,4353.3884,4489.365546372068,4426.058443629222,63.30710274284593,40.01201559448251,79.2990595385806,0.009675419024787742,4413.46,4612.315395967137,4214.604604032863
2025-09-12 20:00:00,4657.19,4748.4,4630.24,4712.16,115056.2942,4712.16,4434.821000000001,4361.525,4523.64161616098,4447.251151513553,76.3904646474275,47.28770540507152,78.58232558139547,0.008870597072025792,4434.821000000001,4664.882743922859,4204.759256077143
2025-09-13 00:00:00,4712.16,4769.36,4691.85,4756.81,99948.8795,4756.81,4457.9115,4371.1428,4559.5136752131375,4470.181436591646,89.33223862149134,55.69661204835549,93.41160469628184,0.008909961775321882,4457.9115,4719.434774139852,4196.388225860148
2025-09-13 04:00:00,4756.8,4756.91,4702.33,4711.7,53829.5804,4711.7,4477.992,4379.4258,4582.926955949578,4488.071700551449,94.85525539812897,63.52834071831019,84.9463817312143,0.009491128872223264,4477.992,4753.048505628223,4202.935494371777
2025-09-13 08:00:00,4711.7,4738.58,4709.01,4719.53,42906.5137,4719.53,4497.9465,4387.2388,4603.9428088804125,4505.2167597730795,98.72604910733298,70.56788239611477,83.4475006892456,0.009501199586849784,4497.9465,4782.614623464555,4213.278376535445
2025-09-13 12:00:00,4719.53,4730.18,4645.0,4653.92,92866.3813,4653.92,4514.1515,4391.9714,4611.631607514196,4516.231814606619,95.39979290757674,75.53426449840717,71.31561607731169,0.010347917665782936,4514.1515,4795.400552266923,4232.902447733077
2025-09-13 16:00:00,4653.92,4667.92,4605.0,4638.21,72101.4936,4638.21,4529.4965,4396.3878,4615.72059097355,4525.267235748324,90.453355225226,78.51808264377094,70.59672286679972,0.010443759994501332,4529.4965,4802.098004592888,4256.894995407112
2025-09-13 20:00:00,4638.21,4672.94,4637.35,4666.53,32740.8384,4666.53,4542.5779999999995,4404.0506,4623.537423131465,4535.731144212971,87.80627891849417,80.3757218987156,74.5671895854691,0.009975828180050803,4542.5779999999995,4815.114385178763,4270.041614821236
2025-09-14 00:00:00,4666.54,4692.36,4650.44,4663.22,35235.7663,4663.22,4559.603,4410.6842,4629.642434957394,4545.174763161463,84.46767179593098,81.19411187815868,73.52230538039959,0.008650413056046897,4559.603,4816.3975422522035,4302.808457747797
2025-09-14 04:00:00,4663.22,4681.47,4634.0,4650.58,28423.3555,4650.58,4574.666,4417.5468,4632.863598810102,4552.982558483834,79.8810403262687,80.9314975677807,69.7032592166372,0.0087517798470748,4574.666,4814.29348303849,4335.03851696151
2025-09-14 08:00:00,4650.58,4674.38,4626.68,4635.0,26149.13,4635.0,4586.211,4423.8384,4633.192275916241,4559.057924522787,74.13435139345347,79.57206833291525,64.21059564845103,0.008593989340087543,4586.211,4813.150830272706,4359.271169727294
2025-09-14 12:00:00,4634.99,4644.74,4576.89,4582.22,126074.0988,4582.22,4593.3015,4429.2376,4625.350387313742,4560.773633817584,64.57675349615874,76.57300536556396,55.77983155392528,0.009024877917250264,4593.3015,4809.676176918472,4376.926823081527
2025-09-14 16:00:00,4582.23,4629.27,4579.36,4615.47,36584.1214,4615.47,4602.585,4435.5472,4623.830327727012,4564.825216498174,59.00511122883836,73.05942653821884,59.173947577442426,0.009057486173892208,4602.585,4804.898221619597,4400.271778380403
2025-09-14 20:00:00,4615.46,4636.51,4598.46,4604.49,25777.8485,4604.49,4612.1835,4442.2322,4620.854892692088,4567.763348609697,53.09154408239101,69.06585004705327,56.17748789406068,0.009010744294364572,4612.1835,4793.67256828322,4430.69443171678
2025-09-15 00:00:00,4604.48,4643.57,4580.1,4636.2,40470.4038,4636.2,4622.807,4449.8466,4623.215678431767,4572.832730194605,50.382948237162054,65.32926968507503,47.516924679259525,0.009072349963266111,4622.807,4781.26120033627,4464.3527996637295
2025-09-15 04:00:00,4636.2,4670.28,4587.9,4597.37,73965.8632,4597.37,4629.7345000000005,4456.3312,4619.239420211495,4574.650305735891,44.58911447560331,61.181238643180684,35.87408628879429,0.009278256026950421,4629.7345000000005,4768.948257861397,4490.520742138604
2025-09-15 08:00:00,4597.37,4597.37,4498.22,4530.65,130686.3861,4530.65,4630.989500000001,4461.0062,4605.610278640495,4571.3910238292865,34.219254811208884,55.78884187678633,23.60287595125814,0.009689260713644284,4630.989500000001,4765.87477826891,4496.1042217310915
2025-09-15 12:00:00,4530.66,4541.92,4466.0,4500.01,94350.6605,4500.01,4629.6995,4465.115199999999,4589.364081926573,4566.103540582308,23.26054134426522,49.283181770282106,24.428015752216652,0.009760789148084814,4629.6995,4769.233538175172,4490.165461824828
2025-09-15 16:00:00,4500.01,4514.28,4474.04,4493.41,48005.1889,4493.41,4628.332,4468.766,4574.601915476331,4560.718833872163,13.883081604168183,42.203161737059325,22.603470000969253,0.009762759689101378,4628.332,4772.809945226387,4483.854054773614
2025-09-15 20:00:00,4493.41,4529.99,4488.49,4523.74,24813.4662,4523.74,4627.42,4473.253199999999,4566.777005403049,4557.979660992581,8.797344410468213,35.521998271741104,32.75304716481182,0.009828254049913929,4627.42,4774.401629929861,4480.438370070139
2025-09-16 00:00:00,4523.74,4538.25,4503.0,4520.78,23762.6618,4520.78,4620.6,4477.7991999999995,4559.700543033349,4555.224130548535,4.476412484814318,29.312881114355747,33.898258604140906,0.007781513782372342,4620.6,4774.273119794467,4466.926880205534
2025-09-16 04:00:00,4520.77,4536.21,4487.53,4512.86,36219.6541,4512.86,4610.635,4481.9326,4552.494305643603,4552.086046804039,0.4082588395640414,23.531956659397405,27.68046477850399,0.007128553855883233,4610.635,4765.154241724626,4456.115758275374
2025-09-16 08:00:00,4512.87,4531.35,4493.31,4501.26,29726.7817,4501.26,4597.8575,4485.7204,4544.612104775357,4548.321154448007,-3.709049672650508,18.083755392987822,27.029556929710097,0.006584107137580088,4597.8575,4743.490348503188,4452.224651496812
2025-09-16 12:00:00,4501.26,4512.49,4424.0,4468.2,109689.5711,4468.2,4585.6825,4489.2488,4532.856396348378,4542.386254118267,-9.529857769888622,12.561032760412532,25.549656799656788,0.006485394097300053,4585.6825,4731.954590495379,4439.4104095046205
2025-09-16 16:00:00,4468.19,4510.51,4447.03,4491.21,64203.9793,4491.21,4574.2665,4492.824799999999,4526.449258448628,4538.5954204797235,-12.146162031095628,7.6195938021108995,31.09966087436581,0.0066516309641121985,4574.2665,4711.940516242767,4436.592483757232
2025-09-16 20:00:00,4491.22,4525.4,4483.61,4501.29,29704.4619,4501.29,4566.635,4495.417799999999,4522.578603302685,4535.832055999641,-13.25345269695572,3.444984502297575,38.01711629008852,0.006150164716639918,4566.635,4702.628988799013,4430.641011200987
2025-09-17 00:00:00,4501.3,4553.02,4492.99,4497.79,44974.6362,4497.79,4559.614,4499.5136,4518.764972025349,4533.014125925496,-14.249153900146666,-0.09384317819127443,30.8923816327856,0.0061391788748729635,4559.614,4694.544000003871,4424.6839999961285
2025-09-17 04:00:00,4497.79,4557.67,4464.0,4544.07,68978.6327,4544.07,4553.491,4504.2676,4522.658053252218,4533.833079560671,-11.175026308452289,-2.310079804243478,41.1985782542827,0.006474728882205823,4553.491,4678.761033027569,4428.220966972431
2025-09-17 08:00:00,4544.07,4545.81,4479.0,4491.64,35585.1247,4491.64,4544.911999999999,4507.967799999999,4517.886045059569,4530.707666259787,-12.821621200218033,-4.4123880834383895,30.140674799428538,0.00686308378276778,4544.911999999999,4661.759060202153,4428.064939797846
2025-09-17 12:00:00,4491.64,4513.46,4467.36,4489.54,43543.3845,4489.54,4536.86,4510.528,4513.525115050405,4527.65820949972,-14.13309444931565,-6.3565293566138426,33.52382116554105,0.006866611085617569,4536.86,4644.911163904157,4428.808836095843
2025-09-17 16:00:00,4489.53,4533.31,4412.0,4517.62,201430.1583,4517.62,4530.991,4513.9336,4514.155097350343,4526.914638425648,-12.759541075305606,-7.637131700352197,47.74247201912752,0.007080468336514236,4530.991,4628.869895504869,4433.112104495131
2025-09-17 20:00:00,4517.62,4616.77,4486.74,4590.53,82469.5197,4590.53,4531.4065,4520.0454,4525.905082373367,4531.626887431266,-5.7218050578994735,-7.2540663718616525,63.67950190412858,0.007659494887480179,4531.4065,4630.266689054998,4432.546310945002
2025-09-18 00:00:00,4590.54,4644.47,4580.27,4614.42,64147.7225,4614.42,4531.354,4526.4338,4539.522762008234,4537.75971058464,1.7630514235943338,-5.450642812770455,67.37900330317396,0.007572090736846502,4531.354,4630.027160303096,4432.6808396969045
2025-09-18 04:00:00,4614.42,4619.99,4553.7,4574.75,48241.4781,4574.75,4529.867,4531.727,4544.94233708389,4540.49973202287,4.442605061020004,-3.471993238012363,57.134465299728696,0.007799820873448629,4529.867,4624.721991400949,4435.012008599051
2025-09-18 08:00:00,4574.75,4607.76,4568.59,4576.12,36532.7406,4576.12,4526.863,4536.8405999999995,4549.738900609445,4543.138270391596,6.600630217849357,-1.4574685468400186,57.77465580219166,0.007617543550948501,4526.863,4610.705122838673,4443.020877161328
2025-09-18 12:00:00,4576.12,4625.0,4558.15,4599.34,62066.7091,4599.34,4526.961499999999,4542.231000000001,4557.3698389772235,4547.301361473772,10.068477503451504,0.8477206632182867,61.64870689655179,0.007489866850065349,4526.961499999999,4611.156282754916,4442.766717245083
2025-09-18 16:00:00,4599.35,4636.22,4581.03,4588.23,54659.6496,4588.23,4529.8405,4547.3694,4562.11755605765,4550.333112475763,11.78444358188699,3.035065246952028,61.73019341264049,0.006698790975647156,4529.8405,4618.3914881010605,4441.28951189894
2025-09-18 20:00:00,4588.24,4605.65,4570.61,4587.66,25012.0771,4587.66,4534.223,4551.0246,4566.047162818012,4553.098067107228,12.949095710783695,5.017871339718362,67.660102891609,0.00647265233790219,4534.223,4625.200357298631,4443.2456427013685
2025-09-19 00:00:00,4587.66,4620.72,4542.27,4549.98,46833.9789,4549.98,4537.0515,4555.5698,4563.575291615241,4552.867099173357,10.708192441884421,6.155935560151574,58.3269574088242,0.006775847904069697,4537.0515,4626.185050485187,4447.917949514812
2025-09-19 04:00:00,4549.98,4559.15,4518.33,4539.06,48598.3711,4539.06,4537.817499999999,4559.3646,4559.80370828982,4551.844351086428,7.959357203391846,6.51661988879963,55.33881774234592,0.006649862109899092,4537.817499999999,4626.732426311856,4448.902573688142
2025-09-19 08:00:00,4539.06,4549.0,4507.93,4513.8,35221.8394,4513.8,4537.4685,4561.5586,4552.726214706771,4549.026251005919,3.699963700852095,5.953288651210124,52.13188100881518,0.006772213274448575,4537.4685,4626.719161156277,4448.217838843723
2025-09-19 12:00:00,4513.79,4544.44,4445.64,4474.93,121002.2486,4474.93,4535.572,4562.249,4540.7575662903455,4543.537639820236,-2.7800735298906147,4.206616214989976,40.608019995653194,0.007031384043773357,4535.572,4628.5581720562495,4442.585827943751
2025-09-19 16:00:00,4474.93,4489.21,4435.7,4440.68,52976.9531,4440.68,4532.543,4562.4666,4525.361017630293,4535.918555389031,-10.557537758738363,1.2537854202443075,42.71791940554445,0.007203786904613912,4532.543,4633.813056279916,4431.272943720083
2025-09-19 20:00:00,4440.68,4478.21,4438.4,4468.59,26977.7571,4468.59,4532.5625,4563.588,4516.62701491794,4530.931254989798,-14.304240071857748,-1.8578196781761047,47.21194538340744,0.007182059971275502,4532.5625,4633.780526660485,4431.344473339515
2025-09-20 00:00:00,4468.59,4475.91,4454.45,4465.52,17981.8216,4465.52,4531.278,4564.4238000000005,4508.7643972382575,4526.085976842363,-17.321579604105864,-4.950571663362058,42.571998859424085,0.007080898061382606,4531.278,4635.318317205401,4427.237682794599
2025-09-20 04:00:00,4465.52,4484.81,4462.82,4483.22,16057.3768,4483.22,4530.3745,4564.9118,4504.834489970834,4522.910719298459,-18.076229327625697,-7.5757031962147865,31.84202511083292,0.007123251406238774,4530.3745,4635.815734413899,4424.933265586101
2025-09-20 08:00:00,4483.21,4483.21,4456.43,4469.96,16915.9373,4469.96,4528.983,4564.2,4499.469183821474,4518.98844379484,-19.51925997336639,-9.964414551645108,24.64368461700481,0.007149557501017408,4528.983,4636.939368203915,4421.026631796085
2025-09-20 12:00:00,4469.96,4507.19,4463.41,4498.2,29833.4577,4498.2,4526.6895,4563.6478,4499.2739247720165,4517.448559069286,-18.174634297269222,-11.606458500769932,36.001901766448384,0.006890826282732431,4526.6895,4635.243648986094,4418.135351013907
2025-09-20 16:00:00,4498.21,4508.71,4470.0,4480.18,34323.1909,4480.18,4526.1165,4562.8362,4496.336397884014,4514.687925064136,-18.351527180121593,-12.955472236640267,33.46318257032544,0.0064464212479969,4526.1165,4635.566911799808,4416.6660882001925
2025-09-20 20:00:00,4480.18,4501.39,4478.23,4480.42,15670.1287,4480.42,4525.6605,4561.605,4493.887721286474,4512.149560244556,-18.26183895808208,-14.01674558092863,27.738674653687625,0.006445944814461754,4525.6605,4635.826199213265,4415.494800786735
2025-09-21 00:00:00,4480.41,4490.0,4458.0,4478.26,23270.3085,4478.26,4523.6925,4558.0266,4491.48345647317,4509.639222448649,-18.15576597547897,-14.8445496598387,28.700368003098916,0.006271042227749734,4523.6925,4635.85120651607,4411.53379348393
2025-09-21 04:00:00,4478.26,4492.24,4466.9,4477.78,17415.038,4477.78,4518.055,4553.339,4489.375232400374,4507.279280045033,-17.90404764465893,-15.456449256802747,28.71037743160491,0.004920053402601884,4518.055,4627.366781519362,4408.7432184806385
2025-09-21 08:00:00,4477.78,4479.57,4444.34,4460.57,22522.2855,4460.57,4510.3625,4547.4142,4484.943658184932,4503.819333375015,-18.875675190082802,-16.14029444345876,31.18397238941023,0.0047086119716922906,4510.3625,4612.541787606531,4408.183212393469
2025-09-21 12:00:00,4460.58,4486.4,4460.32,4482.8,23238.0389,4482.8,4505.765,4542.8362,4484.61386461802,4502.2623457176,-17.64848109957984,-16.441931774682978,38.69827239855358,0.004637847678789061,4505.765,4603.942158346742,4407.587841653259
2025-09-21 16:00:00,4482.8,4498.16,4464.59,4494.4,34203.4693,4494.4,4501.678999999999,4538.3336,4486.119423907556,4501.6799497385155,-15.560525830959705,-16.265650585938324,45.87655160686945,0.00469952064447439,4501.678999999999,4594.164575296274,4409.193424703724
2025-09-21 20:00:00,4494.4,4494.41,4443.0,4444.97,28700.686,4444.97,4493.960499999999,4534.1546,4479.788743306393,4497.479212720832,-17.690469414438667,-16.550614351638394,43.90561432058579,0.004991095116251995,4493.960499999999,4577.458054574895,4410.4629454251035
2025-09-22 00:00:00,4444.98,4455.76,4261.6,4305.87,197204.8652,4305.87,4479.842500000001,4527.507799999999,4453.032013566948,4483.285937704425,-30.253924137477043,-19.291276308806125,30.77712819050322,0.008294761422878204,4479.842500000001,4588.053975969815,4371.631024030186
2025-09-22 04:00:00,4305.87,4310.49,4077.0,4193.38,216713.4996,4193.38,4460.1285,4518.0448,4413.085549941264,4461.811423800325,-48.72587385906172,-25.178195818857247,18.38338349838007,0.009713768288585308,4460.1285,4617.9321764663655,4302.324823533634
2025-09-22 08:00:00,4193.38,4207.35,4136.47,4181.62,106293.2083,4181.62,4441.7105,4508.4128,4377.4754653349155,4441.056503518759,-63.5810381838437,-32.85876429185454,18.023517750946,0.009678345356267803,4441.7105,4636.912818523184,4246.508181476816
2025-09-22 12:00:00,4181.63,4219.34,4159.16,4167.88,87845.1542,4167.88,4423.1515,4498.7588,4345.230009129544,4420.821206961758,-75.59119783221468,-41.40525099992657,14.162651150104466,0.009671857509108272,4423.1515,4647.749961566142,4198.553038433858
2025-09-22 16:00:00,4167.88,4183.28,4122.0,4134.98,66207.1206,4134.98,4404.2105,4488.758400000001,4312.883853878844,4399.647784223797,-86.76393034495322,-50.47698686893191,13.557441253263619,0.009702976623469277,4404.2105,4658.546233646406,4149.874766353594
2025-09-22 20:00:00,4134.99,4207.91,4134.34,4199.08,33979.3869,4199.08,4390.418,4481.0956,4295.375568666715,4384.790911318296,-89.41534265158134,-58.26465802546181,19.813910305574638,0.010599421286034166,4390.418,4658.170546371462,4122.665453628538
2025-09-23 00:00:00,4199.09,4211.56,4114.39,4188.01,62240.6868,4188.01,4377.7845,4472.5464,4278.8577888718355,4370.214547516909,-91.35675864507357,-64.88307814938416,20.095801518904437,0.010545763920122556,4377.7845,4659.054139237551,4096.514860762449
2025-09-23 04:00:00,4188.02,4215.78,4154.44,4205.24,50387.0735,4205.24,4364.617,4464.5614,4267.531975199246,4357.99421066378,-90.46223546453439,-69.99890961241421,22.781404549950523,0.010457358784630085,4364.617,4652.565534078356,4076.6684659216444
2025-09-23 08:00:00,4205.23,4229.03,4178.27,4192.08,49069.2995,4192.08,4350.945,4455.679,4255.923979014747,4345.704269133107,-89.78029011836043,-73.95518571360346,22.296224588576933,0.010443425197439694,4350.945,4644.630234687858,4057.259765312141
2025-09-23 12:00:00,4192.09,4211.5,4161.87,4181.01,67923.3258,4181.01,4335.8345,4447.3518,4244.3987514740165,4333.504693641745,-89.10594216772824,-76.98533700442842,21.848261207763386,0.010311834995237112,4335.8345,4631.952191927735,4039.7168080722654
2025-09-23 16:00:00,4181.01,4207.0,4137.7,4153.43,56635.5887,4153.43,4320.008,4439.807400000001,4230.403558939553,4320.165827446039,-89.76226850648618,-79.54072330483997,21.42671082499163,0.010335096336755176,4320.008,4619.754982889828,4020.2610171101715
2025-09-23 20:00:00,4153.43,4190.86,4139.53,4164.26,28971.9314,4164.26,4303.311,4433.0923999999995,4220.227626795006,4308.617247635204,-88.3896208401984,-81.31050281191166,19.72398585712648,0.010179566862756898,4303.311,4598.43219179821,4008.1898082017897
2025-09-24 00:00:00,4164.25,4194.37,4129.24,4147.51,60731.1373,4147.51,4286.6775,4426.1744,4209.040299595774,4296.683377439987,-87.64307784421362,-82.57701781837206,17.34907098887446,0.010179584878689703,4286.6775,4577.29075422553,3996.06424577447
2025-09-24 04:00:00,4147.51,4184.22,4073.74,4175.08,91708.3675,4175.08,4271.4105,4419.2011999999995,4203.815638119501,4287.675719851829,-83.86008173232767,-82.83363060116318,23.50642976342391,0.010415032678850352,4271.4105,4551.04278549947,3991.7782145005303
2025-09-24 08:00:00,4175.08,4198.34,4164.66,4182.08,41367.3825,4182.08,4256.6015,4412.4272,4200.4716937934245,4279.853814677611,-79.3821208841864,-82.14332865776782,33.5931080185553,0.0104587304954837,4256.6015,4521.069034433709,3992.1339655662905
2025-09-24 12:00:00,4182.08,4206.9,4145.96,4166.18,75410.2601,4166.18,4241.0215,4405.4936,4195.1960485944355,4271.43353210889,-76.23748351445465,-80.9621596291052,45.154279199030874,0.010430790586382773,4241.0215,4486.670374553587,3995.3726254464123
2025-09-24 16:00:00,4166.17,4194.42,4155.0,4161.5,46228.0265,4161.5,4226.068,4398.698399999999,4190.012041118369,4263.290307508224,-73.27826638985516,-79.4253809812552,46.32283061627313,0.010444455078528604,4226.068,4450.980140656538,4001.1558593434625
2025-09-24 20:00:00,4161.5,4172.23,4131.2,4152.81,38220.3932,4152.81,4209.568499999999,4392.3906,4184.288650177082,4255.106581026125,-70.81793084904348,-77.70389095481286,47.19398205042272,0.010263415565151385,4209.568499999999,4401.122660022886,4018.014339977113
2025-09-25 00:00:00,4152.81,4161.04,4022.0,4062.78,146839.1013,4062.78,4187.987500000001,4383.822,4165.5950116883,4240.86016761677,-75.26515592847045,-77.21614394954439,38.9148191365228,0.01088825399505665,4187.987500000001,4336.94515641695,4039.0298435830523
2025-09-25 04:00:00,4062.77,4071.08,3966.0,4009.18,161897.2918,4009.18,4166.198,4373.9798,4141.531163736253,4223.698673719217,-82.16750998296448,-78.20641715622841,19.87244574184524,0.010962921542044347,4166.198,4280.2905678836305,4052.10543211637
2025-09-25 08:00:00,4009.17,4052.81,3991.39,4002.51,95222.3112,4002.51,4151.03,4364.0742,4120.143292392214,4207.314327517782,-87.17103512556787,-79.99934075009631,20.153816449993414,0.009074631694574078,4151.03,4267.572669845429,4034.487330154571
2025-09-25 12:00:00,4002.51,4022.87,3924.12,4003.26,211278.3785,4003.26,4141.524,4353.258,4102.161247408796,4192.199192146084,-90.03794473728794,-82.00706154753465,15.682343346472692,0.007388997377404105,4141.524,4273.51330632906,4009.5346936709407
2025-09-25 16:00:00,4003.27,4006.77,3815.0,3911.59,229844.5748,3911.59,4128.0225,4341.657,4072.842593961289,4171.413326061176,-98.57073209988721,-85.31979565800516,12.379623916950493,0.00871046274243974,4128.0225,4293.689722419442,3962.3552775805583
2025-09-25 20:00:00,3911.59,3937.2,3850.0,3874.36,85246.0375,3874.36,4113.346500000001,4329.3534,4042.3068102749367,4149.409375982558,-107.10256570762158,-89.67634966792845,11.567865647324155,0.008820854084606701,4113.346500000001,4312.721882450617,3913.971117549384
2025-09-26 00:00:00,3874.35,3971.09,3867.65,3965.32,100004.6252,3965.32,4104.8634999999995,4318.3074,4030.462685617254,4135.773125909769,-105.31044029251507,-92.80316779284578,29.656306101702214,0.010623599988549037,4104.8634999999995,4314.534766738554,3895.192233261445
2025-09-26 04:00:00,3965.33,3976.98,3906.09,3938.11,113344.8842,3938.11,4091.815,4305.259,4016.2545801376764,4121.131412879408,-104.87683274173196,-95.21790078262303,26.37922750725906,0.009827271837555414,4091.815,4309.140564315896,3874.4894356841037
2025-09-26 08:00:00,3938.11,3944.58,3873.0,3906.0,64785.9249,3906.0,4077.7144999999996,4291.0905999999995,3999.2923370395724,4105.195752666112,-105.9034156265393,-97.3550037514063,25.559131297184578,0.009889127314967274,4077.7144999999996,4305.12169726369,3850.3073027363093
2025-09-26 12:00:00,3906.0,3985.41,3875.71,3946.0,139542.1374,3946.0,4064.7524999999996,4278.5156,3991.093515956561,4093.403474690839,-102.3099587342781,-98.34599474798067,27.385982230997044,0.0102244164298506,4064.7524999999996,4291.104506245883,3838.400493754116
2025-09-26 16:00:00,3945.98,4068.3,3942.94,4024.07,120662.6594,4024.07,4056.3520000000003,4267.4746,3996.166821194013,4088.267661750775,-92.1008405567618,-97.0969639097369,36.32113856329105,0.01143611367361288,4056.3520000000003,4275.151957432786,3837.5520425672153
2025-09-26 20:00:00,4024.08,4039.56,4005.0,4032.24,37370.8548,4032.24,4048.9135,4256.1326,4001.7165410103185,4084.1174645840492,-82.40092357373078,-94.15775584253569,38.24757826758385,0.011469578494340134,4048.9135,4259.843220126369,3837.9837798736316
2025-09-27 00:00:00,4032.24,4032.44,4005.74,4019.41,28037.3209,4019.41,4042.2125,4244.756200000001,4004.4386116241153,4079.3243190593034,-74.88570743518812,-90.30334616106619,37.7082648488728,0.01141890080550225,4042.2125,4247.604339726587,3836.8206602734135
2025-09-27 04:00:00,4019.4,4027.85,4006.38,4007.93,16424.5113,4007.93,4034.3959999999997,4233.1616,4004.9757482973287,4074.0358509808348,-69.0601026835061,-86.05469746555418,37.52711870243461,0.011378815901679783,4034.3959999999997,4231.9816010520835,3836.810398947916
2025-09-27 08:00:00,4007.92,4017.9,3972.98,4002.16,39530.1331,4002.16,4027.1285000000003,4222.2052,4004.5425562515857,4068.7117138711415,-64.16915761955579,-81.67758949635451,43.895512768871306,0.011367513453695112,4027.1285000000003,4217.7664223636075,3836.490577636393
2025-09-27 12:00:00,4002.15,4039.01,3994.77,4018.92,34659.9793,4018.92,4019.3205000000003,4211.8024,4006.754470674419,4065.0234387695746,-58.26896809515574,-76.99586521611477,51.05943264879919,0.011285223968439345,4019.3205000000003,4196.780247070936,3841.8607529290643
2025-09-27 16:00:00,4018.92,4019.88,3980.98,4002.45,37164.2545,4002.45,4010.339,4201.575400000001,4006.092244416816,4060.388369231086,-54.296124814270115,-72.45591713574584,49.99360995143559,0.011264268915043837,4010.339,4170.449113937929,3850.2288860620706
2025-09-27 20:00:00,4002.45,4033.23,4000.9,4018.38,16877.0647,4018.38,4002.9490000000005,4192.4444,4007.9826683526903,4057.2766381769306,-49.29396982424032,-67.82352767344473,51.55985639417322,0.011337732287777928,4002.9490000000005,4145.448070489879,3860.4499295101223
2025-09-28 00:00:00,4018.39,4031.75,3994.27,4002.74,22549.9823,4002.74,3995.011,4183.6856,4007.1761039907383,4053.2368872008606,-46.06078321012228,-63.47097878078024,61.15312140567254,0.011346663418716015,3995.011,4116.453918260975,3873.5680817390253
2025-09-28 04:00:00,4002.73,4019.87,3996.24,4014.32,15964.0227,4014.32,3988.0865000000003,4174.6002,4008.27516491524,4050.3541548156113,-42.0789899003712,-59.19258100469845,68.27249464724,0.011396454694912551,3988.0865000000003,4084.951197229824,3891.2218027701765
2025-09-28 08:00:00,4014.32,4016.0,3984.45,3992.39,24299.9091,3992.39,3984.567,4165.137599999999,4005.8312933898183,4046.060513718158,-40.22922032833958,-55.399908869426675,54.311196050326416,0.010431133125908548,3984.567,4074.899507431704,3894.234492568296
2025-09-28 12:00:00,3992.39,4029.48,3966.0,4021.69,47406.3129,4021.69,3985.1925,4155.907,4008.271094406769,4044.255290479776,-35.98419607300684,-51.51676631014271,63.223009745601736,0.010156259944357211,3985.1925,4076.4115093009473,3893.973490699053
2025-09-28 16:00:00,4021.68,4055.12,4021.68,4039.45,49060.9871,4039.45,3987.0395000000003,4147.2968,4013.06784911342,4043.899343036829,-30.831493923409198,-47.37971183279601,72.11707381749464,0.010188330898059041,3987.0395000000003,4081.1839172756,3892.8950827244007
2025-09-28 20:00:00,4039.46,4144.88,4035.58,4142.16,81050.6448,4142.16,3993.9845,4140.176,4032.928180019048,4051.1779102192872,-18.249730200239355,-41.55371550628468,76.91547749725564,0.011610330814097332,3993.9845,4110.905227165908,3877.063772834091
2025-09-29 00:00:00,4142.16,4146.38,4103.81,4121.8,41433.1935,4121.8,4004.495,4133.0084,4046.600767708425,4056.4091761289706,-9.808408420545675,-35.20465408913688,65.9330268349147,0.010211307221109307,4004.495,4127.845765832774,3881.144234167225
2025-09-29 04:00:00,4121.8,4123.99,4088.15,4108.25,37102.3136,4108.25,4016.1894999999995,4125.565,4056.085264984052,4060.2492371564545,-4.163972172402282,-28.99651770578996,62.178357419809636,0.00991052921189463,4016.1894999999995,4131.691114930411,3900.6878850695884
2025-09-29 08:00:00,4108.26,4141.0,4095.0,4103.21,58678.3125,4103.21,4023.0840000000003,4118.063999999999,4063.3352242172746,4063.4315158856066,-0.09629166833201452,-23.21647249829837,63.770211647167045,0.008685305304639509,4023.0840000000003,4142.205466782339,3903.9625332176624
2025-09-29 12:00:00,4103.21,4205.59,4082.25,4164.8,124528.7518,4164.8,4034.4185000000007,4111.8044,4078.9451897223094,4070.9402924866736,8.00489723563578,-16.97219855151154,72.13239651231689,0.00891826390452509,4034.4185000000007,4162.312835049878,3906.524164950123
2025-09-29 16:00:00,4164.81,4193.44,4128.53,4188.32,69503.2107,4188.32,4048.5345,4106.3594,4095.772083611185,4079.63508563581,16.136997975374925,-10.350359246134245,75.01209222335669,0.00854917131567994,4048.5345,4179.043379225894,3918.0256207741068
2025-09-29 20:00:00,4188.32,4235.86,4182.07,4215.07,49482.8963,4215.07,4061.9880000000003,4101.0048,4114.125609209464,4089.66730151464,24.458307694823816,-3.388625857942631,75.66534948839389,0.008432588157680264,4061.9880000000003,4203.040817072784,3920.935182927216
2025-09-30 00:00:00,4215.07,4245.0,4188.03,4198.68,53170.266,4198.68,4070.7185,4095.0904000000005,4127.133977023392,4097.74231621726,29.391660806131767,3.167431474872251,75.68119356105227,0.007625196130391041,4070.7185,4223.053316323023,3918.3836836769774
2025-09-30 04:00:00,4198.69,4206.85,4169.38,4182.13,57421.8089,4182.13,4078.2129999999997,4089.8336,4135.594903635178,4103.993255756723,31.60164787845497,8.854274755588797,71.39571954948127,0.0077462418546198775,4078.2129999999997,4237.181109360473,3919.2448906395266
2025-09-30 08:00:00,4182.12,4183.21,4134.0,4165.39,56698.7314,4165.39,4085.512,4087.0240000000003,4140.17876461438,4108.541162737706,31.637601876674125,13.410940179805865,71.19107798942085,0.007776449889147448,4085.512,4246.504391137501,3924.519608862499
2025-09-30 12:00:00,4165.38,4175.95,4094.59,4119.87,73946.4531,4119.87,4091.1089999999995,4085.5538,4137.054339289091,4109.380335868246,27.67400342084511,16.263552828013715,62.63436355366161,0.008227940060893354,4091.1089999999995,4248.487584632766,3933.730415367233
2025-09-30 16:00:00,4119.88,4170.43,4092.1,4160.1,85179.584,4160.1,4099.005999999999,4085.1234000000004,4140.599825552308,4113.1373480261545,27.462477526153634,18.5033377676417,69.23235705603089,0.008403267921873563,4099.005999999999,4253.413983894898,3944.598016105101
2025-09-30 20:00:00,4160.11,4201.52,4116.64,4145.15,64709.7738,4145.15,4105.317499999999,4084.6688,4141.299852390415,4115.508655579773,25.79119681064185,19.960909576241733,64.63975715031063,0.00847503475498198,4105.317499999999,4256.2217720436165,3954.4132279563823
2025-10-01 00:00:00,4145.15,4174.63,4124.12,4128.66,48730.697,4128.66,4111.628,4084.5424,4139.355259714966,4116.482829240531,22.872430474435532,20.543213755880494,60.61038559432907,0.008470844682924045,4111.628,4254.776192127722,3968.4798078722765
2025-10-01 04:00:00,4128.65,4156.79,4123.08,4145.8,40423.0346,4145.8,4117.999,4083.4768,4140.346758220356,4118.65447151901,21.692286701345438,20.773028344973483,50.543575652589496,0.008473479215166798,4117.999,4254.877675883212,3981.120324116788
2025-10-01 08:00:00,4145.8,4329.0,4142.92,4298.2,174933.893,4298.2,4132.772,4085.6806,4164.631872340301,4131.95414029538,32.67773204492096,23.15396908496298,68.89217324251375,0.011443152810865243,4132.772,4280.611065643997,3984.9329343560034
2025-10-01 12:00:00,4298.21,4344.0,4280.0,4327.23,97899.3215,4327.23,4148.4175,4088.1204000000002,4189.646968903332,4146.419018792019,43.227950111312566,27.1687652902329,72.69975535929007,0.011462642951882146,4148.4175,4309.142995553809,3987.6920044461904
2025-10-01 16:00:00,4327.24,4340.0,4288.64,4334.53,79548.398,4334.53,4165.5244999999995,4090.9694,4211.936665995127,4160.3531655481665,51.5835004469609,32.051712321578506,73.86710689228225,0.011267675685764112,4165.5244999999995,4329.132212014112,4001.916787985887
2025-10-01 20:00:00,4334.52,4355.46,4287.5,4348.03,65491.0381,4348.03,4181.8414999999995,4094.3098000000005,4232.874101995877,4174.2551532853395,58.61894871053755,37.365159599370315,70.98806442005905,0.011244895282130383,4181.8414999999995,4350.077268557323,4013.6057314426766
2025-10-02 00:00:00,4348.03,4399.11,4332.73,4376.3,100457.8046,4376.3,4198.683999999999,4098.767199999999,4254.939624765741,4189.221438227167,65.71818653857463,43.03576498721118,71.30036713048996,0.01125893391233304,4198.683999999999,4374.186840570716,4023.181159429282
2025-10-02 04:00:00,4376.3,4423.35,4358.26,4375.78,100115.3105,4375.78,4210.365,4102.9976,4273.530451724858,4203.040590951081,70.48986077377685,48.52658414452432,69.36125099390398,0.010098004768546772,4210.365,4400.514547185123,4020.2154528148767
2025-10-02 08:00:00,4375.77,4395.98,4369.32,4378.93,35078.555,4378.93,4223.221500000001,4107.626,4289.74576684411,4216.069436065816,73.67633077829396,53.55653347127826,72.4308718484779,0.009949069167770183,4223.221500000001,4422.699580608196,4023.7434193918057
2025-10-02 12:00:00,4378.92,4443.0,4335.74,4437.09,132455.0483,4437.09,4239.663500000001,4112.8662,4312.414110406555,4232.4413296905705,79.9727807159843,58.83978292021948,78.75056382498857,0.010080240794633155,4239.663500000001,4452.9703702497945,4026.3566297502066
2025-10-02 16:00:00,4437.1,4516.74,4426.12,4495.61,116624.1945,4495.61,4259.2835,4119.1368,4340.598093420931,4251.935305269047,88.66278815188434,64.80438396655245,84.03066903005049,0.010208550408714554,4259.2835,4491.12478620783,4027.4422137921692
2025-10-02 20:00:00,4495.62,4497.87,4457.27,4484.35,41680.2442,4484.35,4275.261,4125.5002,4362.713771356173,4269.151208582451,93.56256277372268,70.5560197279865,90.41515124634078,0.010020364387734834,4275.261,4523.172912191189,4027.349087808811
2025-10-03 00:00:00,4484.35,4560.0,4461.01,4500.59,75124.2742,4500.59,4290.8745,4132.282,4383.925498839839,4286.294822761529,97.63067607830999,75.9709509980512,89.87656056027915,0.01001041092010323,4290.8745,4554.563030415354,4027.1859695846456
2025-10-03 04:00:00,4500.59,4510.79,4454.0,4462.33,56599.2094,4462.33,4303.2375,4138.4724,4395.987729787556,4299.334465519934,96.65326426762203,80.10741365196537,85.22343638948122,0.01034407923417066,4303.2375,4575.02266514835,4031.452334851651
2025-10-03 08:00:00,4462.32,4495.0,4428.0,4478.45,56813.7237,4478.45,4317.226000000001,4146.785800000001,4408.674232897163,4312.602282888828,96.07195000833508,83.30032092323933,88.87678662724788,0.010220065388500997,4317.226000000001,4595.083469209971,4039.3685307900305
2025-10-03 12:00:00,4478.46,4541.66,4436.26,4534.75,97652.2957,4534.75,4334.857,4157.2972,4428.070504759138,4329.057669341508,99.01283541763041,86.44282382211755,89.76749892644624,0.010272867298546613,4334.857,4621.239662963905,4048.474337036095
2025-10-03 16:00:00,4534.75,4591.59,4450.62,4519.48,163628.1193,4519.48,4352.5615,4167.636600000001,4442.133504026963,4343.163027168062,98.97047685890084,88.94835442947421,81.44075021312865,0.010247423577232065,4352.5615,4638.612284028188,4066.5107159718114
2025-10-03 20:00:00,4519.49,4542.97,4493.72,4512.87,35866.4044,4512.87,4372.2115,4177.8288,4453.016041868968,4355.733914044503,97.28212782446553,90.61510910847248,78.17166444093723,0.009720035917715456,4372.2115,4644.627599475912,4099.795400524089
2025-10-04 00:00:00,4512.88,4516.91,4463.17,4487.06,42001.2332,4487.06,4388.5595,4189.3382,4458.253573889127,4365.461772263428,92.79180162569901,91.05044761191779,71.91585965113951,0.009902789675835461,4388.5595,4646.22258924025,4130.89641075975
2025-10-04 04:00:00,4487.07,4517.93,4479.66,4498.29,29248.0201,4498.29,4406.2165,4201.8168000000005,4464.413024060031,4375.300900243916,89.11212381611494,90.66278285275723,71.7314589841491,0.009754781545841907,4406.2165,4641.033775368674,4171.399224631327
2025-10-04 08:00:00,4498.28,4503.9,4479.93,4483.83,26306.8309,4483.83,4423.975,4212.187,4467.400251127719,4383.340092818441,84.06015830927754,89.3422579440613,66.19866831369951,0.009722774098492341,4423.975,4621.107033819684,4226.842966180317
2025-10-04 12:00:00,4483.84,4511.71,4441.34,4455.05,49716.961,4455.05,4439.4375,4222.525799999999,4465.500212492685,4388.651937794853,76.84827469783158,86.84346129481537,61.0045256406698,0.010007460126235176,4439.4375,4586.973387498573,4291.901612501427
2025-10-04 16:00:00,4455.08,4476.46,4440.0,4467.12,33938.1125,4467.12,4447.8835,4233.7482,4465.749410570733,4394.464386847087,71.28502372364619,83.73177378058153,61.94695060825276,0.006280715508265347,4447.8835,4579.899505453058,4315.867494546942
2025-10-04 20:00:00,4467.13,4494.5,4467.13,4487.15,18521.5511,4487.15,4455.8795,4244.5712,4469.041808944466,4401.329987821377,67.71182112308907,80.52778324908304,57.56284747401497,0.006209396090494413,4455.8795,4575.958371181418,4335.800628818582
2025-10-05 00:00:00,4487.16,4575.0,4467.05,4531.54,109994.6239,4531.54,4465.7300000000005,4254.7206,4478.656915260702,4410.975173908682,67.68174135201934,77.95857486967031,55.670233248114215,0.006464978524890463,4465.7300000000005,4575.79993547164,4355.660064528361
2025-10-05 04:00:00,4531.55,4615.0,4529.0,4605.97,122504.7734,4605.97,4478.627,4266.195199999999,4498.243543682132,4425.419235100632,72.82430858150019,76.9317216120363,66.00263157894739,0.007202287224567619,4478.627,4591.050467507061,4366.20353249294
2025-10-05 08:00:00,4605.98,4618.17,4523.45,4551.06,147092.095,4551.06,4487.365,4276.8282,4506.36915234642,4434.725958426511,71.64319391990921,75.87401607361089,56.027420163852234,0.007866299308813636,4487.365,4593.278661859163,4381.451338140837
2025-10-05 12:00:00,4551.07,4551.07,4526.74,4532.0,44543.8238,4532.0,4495.176,4287.3096000000005,4510.3123596777405,4441.93144298751,68.38091669023015,74.37539619693474,58.72030440333444,0.007975554486959453,4495.176,4588.765168828995,4401.5868311710055
2025-10-05 16:00:00,4532.0,4540.71,4482.06,4487.26,56477.4501,4487.26,4500.5925,4297.0116,4506.765842804241,4445.289113877325,61.47672892691662,71.79566274293113,51.02898923123647,0.00839089265897227,4500.5925,4576.774678569375,4424.410321430624
2025-10-05 20:00:00,4487.26,4523.48,4474.0,4514.32,25975.1952,4514.32,4504.454,4306.9196,4507.928020834358,4450.402512849375,57.52550798498305,68.94163179134152,47.43888679954866,0.007991049969287766,4504.454,4574.6797168069525,4434.228283193047
2025-10-06 00:00:00,4514.32,4552.44,4488.25,4537.08,65211.5851,4537.08,4506.5275,4317.6122,4512.412940705995,4456.823067453125,55.58987325287035,66.27128008364728,52.16567406605312,0.007525372873921081,4506.5275,4578.08990585375,4434.9650941462505
2025-10-06 04:00:00,4537.09,4577.8,4509.0,4533.19,54394.5922,4533.19,4508.9695,4327.908399999999,4515.609411366611,4462.479877271412,53.12953409519923,63.642930885957675,52.51721916654276,0.007499888404650804,4508.9695,4580.678525043084,4437.260474956916
2025-10-06 08:00:00,4533.2,4593.65,4533.2,4571.71,55734.3992,4571.71,4512.5255,4339.2878,4524.240271156364,4470.570997473529,53.6692736828345,61.64819944533304,60.16621430115529,0.007681405383369119,4512.5255,4589.355629636741,4435.695370363259
2025-10-06 12:00:00,4571.71,4693.8,4570.25,4673.39,142820.9472,4673.39,4523.0785,4352.4692,4547.186383286154,4485.594627290305,61.59175599584887,61.63691075543621,67.27574095268164,0.00872468232231988,4523.0785,4624.820288604389,4421.33671139561
2025-10-06 16:00:00,4673.39,4733.18,4659.99,4722.62,82331.19,4722.62,4535.287,4367.0738,4574.1761704729,4503.152062305838,71.02410816706197,63.51435023776137,72.04690240974978,0.008912679149394387,4535.287,4668.279494936647,4402.294505063353
2025-10-06 20:00:00,4722.61,4735.93,4672.56,4684.01,55707.9391,4684.01,4542.75,4380.3202,4591.073682707838,4516.548946579479,74.52473612835911,65.71642741588093,70.76245057854837,0.008910088933896814,4542.75,4691.440836159783,4394.059163840217
2025-10-07 00:00:00,4684.02,4698.99,4663.71,4690.59,42932.2933,4690.59,4551.3055,4393.343,4606.383885368171,4529.44087646248,76.94300890569048,67.96174371384284,70.46840938650645,0.008831983863601007,4551.3055,4713.441780361539,4389.169219638462
2025-10-07 04:00:00,4690.59,4730.94,4665.03,4678.19,70809.1724,4678.19,4559.5715,4404.0635999999995,4617.430979926914,4540.459330057853,76.97164986906137,69.76372494488655,67.74607067216583,0.008859531517456987,4559.5715,4730.096804345448,4389.046195654552
2025-10-07 08:00:00,4678.2,4713.17,4638.92,4708.81,69221.7102,4708.81,4570.659,4415.8038,4631.489290707389,4552.929750053567,78.5595406538223,71.5228880866737,66.89927358004918,0.008732486461938428,4570.659,4749.944268940174,4391.373731059825
2025-10-07 12:00:00,4708.82,4755.0,4477.43,4511.99,272531.478,4511.99,4571.344,4423.8786,4613.104784444714,4549.897175975524,63.207608469189836,69.85983216317693,42.73590155824881,0.013196333219437861,4571.344,4749.566587782225,4393.121412217775
2025-10-07 16:00:00,4511.99,4524.0,4446.13,4479.44,129849.5741,4479.44,4571.1245,4431.4032,4592.540971453219,4544.678125903263,47.86284554995564,65.46043484053267,44.26599628514695,0.013281402537747067,4571.1245,4749.8111193529685,4392.437880647031
2025-10-07 20:00:00,4479.48,4517.09,4430.43,4447.7,55341.7039,4447.7,4570.757,4437.0612,4570.257745075801,4537.49456102154,32.76318405426082,58.9209846832783,43.385122410546145,0.013299290686986265,4570.757,4750.476037576355,4391.037962423644
2025-10-08 00:00:00,4447.7,4498.22,4433.68,4443.6,63178.9578,4443.6,4569.581,4442.1668,4550.7719381410625,4530.539408353278,20.232529787784188,51.183293704179476,46.34068660319165,0.01328517126336022,4569.581,4752.435871748358,4386.726128251642
2025-10-08 04:00:00,4443.59,4465.5,4410.08,4463.48,68889.5212,4463.48,4568.397500000001,4447.135,4537.342409196283,4525.572044771554,11.77036442472945,43.30070784828948,45.6869931114052,0.013284986290165727,4568.397500000001,4753.78760566627,4383.007394333732
2025-10-08 08:00:00,4463.48,4506.85,4458.22,4487.3,58000.7768,4487.3,4566.1855,4452.9074,4529.64357701224,4522.7370784921795,6.906498520060268,36.02186598264364,45.784499695142635,0.01314146995468804,4566.1855,4754.460524978166,4377.910475021833
2025-10-08 12:00:00,4487.3,4522.6,4437.08,4447.14,90304.2777,4447.14,4558.244000000001,4458.2076,4516.950719010357,4517.137294900166,-0.18657588980931905,28.780177608153046,43.13478323307437,0.012646444656679058,4558.244000000001,4752.749164363861,4363.73883563614
2025-10-08 16:00:00,4447.15,4558.0,4439.0,4515.27,94654.6396,4515.27,4556.4545,4465.2052,4516.692146854917,4516.9989767594125,-0.30682990449531644,22.962776105623373,45.700268161872295,0.012948304249787056,4556.4545,4751.894267916256,4361.014732083744
2025-10-08 20:00:00,4515.28,4539.31,4500.18,4525.72,24876.1556,4525.72,4556.1404999999995,4473.3222000000005,4518.081047338776,4517.644978480937,0.43606885783901816,18.457434656066503,36.93393972641526,0.012927530416955666,4556.1404999999995,4751.765788266817,4360.515211733182
2025-10-09 00:00:00,4525.72,4531.52,4398.17,4450.8,95180.185,4450.8,4554.3175,4479.1362,4507.730116978964,4512.69349859346,-4.963381614496029,13.773271401953997,26.994820406919715,0.013278003735773009,4554.3175,4753.296253044539,4355.338746955461
2025-10-09 04:00:00,4450.8,4460.0,4411.0,4426.6,53292.3234,4426.6,4549.931500000001,4484.7652,4495.248560520662,4506.316202401352,-11.067641880689735,8.80508874542525,27.66972604403425,0.013236742230477355,4549.931500000001,4756.350493748157,4343.512506251845
2025-10-09 08:00:00,4426.6,4426.69,4320.0,4373.05,135485.784,4373.05,4541.7300000000005,4489.653,4476.448781979021,4496.444631853104,-19.995849874082523,3.0449010215236934,24.529149420861856,0.013386023018245059,4541.7300000000005,4762.812702601254,4320.647297398747
2025-10-09 12:00:00,4373.06,4413.76,4291.82,4314.79,119759.5748,4314.79,4530.8099999999995,4493.0328,4451.578200136095,4482.988733197318,-31.41053306122285,-3.8461857950256175,22.848176927674885,0.013630074588097342,4530.8099999999995,4774.125831401341,4287.494168598658
2025-10-09 16:00:00,4314.78,4344.33,4265.06,4338.0,77400.7073,4338.0,4519.1245,4493.8288,4434.104630884388,4472.248827034553,-38.144196150165044,-10.705787866053505,21.98431526617202,0.013516506677495132,4519.1245,4776.2274646270125,4262.021535372987
2025-10-09 20:00:00,4338.03,4383.0,4327.89,4368.09,34859.6084,4368.09,4503.8595000000005,4494.646,4423.948533825252,4464.533358365326,-40.584824540074806,-16.681595200857767,35.466408112148045,0.012429669450948694,4503.8595000000005,4758.640049408388,4249.078950591613
2025-10-10 00:00:00,4368.09,4393.63,4342.98,4347.13,50255.5122,4347.13,4485.085,4494.898,4412.130297852136,4455.836813301227,-43.70651544909106,-22.08657925050443,36.31662771216418,0.011996959131690469,4485.085,4727.005257631782,4243.164742368218
2025-10-10 04:00:00,4347.12,4377.14,4315.23,4323.39,54577.6885,4323.39,4467.054,4494.405199999999,4398.477944336423,4446.025938241877,-47.54799390545395,-27.17886218149434,36.92767156708103,0.011963308632807562,4467.054,4700.141957502369,4233.966042497631
2025-10-10 08:00:00,4323.4,4351.27,4313.39,4343.02,37120.3316,4343.02,4449.6755,4493.7396,4389.9459529000505,4438.395868742478,-48.4499158424278,-31.43307291368103,39.75763747454176,0.012057062895490881,4449.6755,4663.632369876528,4235.718630123472
2025-10-10 12:00:00,4343.02,4390.46,4073.55,4103.11,286824.6116,4103.11,4420.9215,4488.2862,4345.817344761581,4413.5598784652575,-67.7425337036766,-38.694965071680144,24.658593870863456,0.016656737651680888,4420.9215,4658.805259342537,4183.0377406574635
2025-10-10 16:00:00,4103.1,4138.52,3950.69,3997.56,226757.7565,3997.56,4385.359,4480.6588,4292.239291721337,4382.745072653016,-90.5057809316786,-49.05712824367984,19.111710984408916,0.016897780528819198,4385.359,4652.845384180753,4117.872615819248
2025-10-10 20:00:00,3997.56,4380.0,3435.0,3829.72,838435.124,3829.72,4351.2455,4468.511399999999,4221.082477610363,4341.780252456497,-120.69777484613405,-63.38525756417069,16.46060579722743,0.016917536230618837,4351.2455,4709.393442878926,3993.0975571210743
2025-10-11 00:00:00,3829.72,3878.3,3726.16,3792.26,251247.2349,3792.26,4316.8865,4454.4444,4155.10978874723,4301.07504857083,-145.96525982360072,-79.90125801605672,9.370961034874185,0.016920802455202846,4316.8865,4747.724703714553,3886.0482962854467
2025-10-11 04:00:00,3792.27,3831.98,3733.7,3758.81,144423.69,3758.81,4282.442,4439.9336,4094.1405904784256,4260.9072671952135,-166.76667671678797,-97.27434175620297,7.989964613210361,0.016919490171464,4282.442,4774.978108410744,3789.9058915892556
2025-10-11 08:00:00,3758.82,3857.24,3749.13,3839.99,133875.2131,3839.99,4252.2615000000005,4426.7216,4055.040499635591,4229.728210365938,-174.68771073034713,-112.75701555103183,16.768767069627756,0.018137560802463266,4252.2615000000005,4776.191136829602,3728.3318631703987
2025-10-11 12:00:00,3839.99,3855.06,3786.07,3825.13,82809.6458,3825.13,4220.344,4413.9776,4019.669653537808,4199.757972561054,-180.08831902324619,-126.2232762454747,16.940935923226604,0.017952013745946172,4220.344,4767.362576241848,3673.3254237581523
2025-10-11 16:00:00,3825.14,3848.0,3731.03,3760.61,73573.5841,3760.61,4184.0095,4399.620800000001,3979.814322224299,4167.228493112088,-187.4141708877887,-138.46145517393754,16.73907848717225,0.017800304026813058,4184.0095,4752.483951602914,3615.535048397086
2025-10-11 20:00:00,3760.61,3766.66,3643.33,3746.79,103956.2903,3746.79,4148.992,4383.8616,3943.9644264974836,4136.084901029711,-192.12047453222704,-149.19325904559545,17.588048663577652,0.01783453528127785,4148.992,4735.224203881138,3562.759796118862
2025-10-12 00:00:00,3746.8,3819.22,3694.74,3781.61,118058.8167,3781.61,4112.309,4369.1042,3918.9868224209476,4109.827500953436,-190.8406785324887,-157.5227429429741,18.665735557482876,0.017460051929252783,4112.309,4693.835312203693,3530.782687796307
2025-10-12 04:00:00,3781.62,3844.5,3776.27,3827.99,69518.8814,3827.99,4077.4225000000006,4355.406599999999,3904.987311279263,4088.9506490309595,-183.9633377516966,-162.81086190471862,20.131177277352535,0.017925342115000634,4077.4225000000006,4637.8562281211325,3516.9887718788686
2025-10-12 08:00:00,3827.98,3866.6,3806.34,3820.36,74514.0971,3820.36,4045.9005000000006,4342.0726,3891.967724928607,4069.0550453990368,-177.08732047042986,-165.66615361786089,20.43242515070891,0.01786296053034518,4045.9005000000006,4588.546254156586,3503.2547458434155
2025-10-12 12:00:00,3820.36,4080.0,3793.56,4034.59,256836.9601,4034.59,4026.3,4332.7986,3913.9096134011293,4066.5020790731824,-152.5924656720531,-163.05141602869935,36.64545723586859,0.022832688608602932,4026.3,4538.512578196899,3514.0874218031013
2025-10-12 16:00:00,4034.59,4170.0,4034.58,4135.68,162787.2256,4135.68,4014.4315,4325.8356,3948.0281344163404,4071.626369512206,-123.59823509586568,-155.16077984213263,41.08399126201901,0.023667665393760754,4014.4315,4503.281792669559,3525.581207330441
2025-10-12 20:00:00,4135.68,4197.7,4080.7,4152.29,129592.1711,4152.29,4006.3065,4319.780400000001,3979.4530368138267,4077.601453252043,-98.14841643821637,-143.7583071613494,52.617516818530206,0.023568490188832013,4006.3065,4479.281144041593,3533.331855958408
2025-10-13 00:00:00,4152.29,4220.89,4124.54,4139.78,110123.4734,4139.78,3996.3955,4313.2336,4004.1187234578533,4082.2072715296695,-78.08854807181615,-130.62435534344274,58.40146502835539,0.023511339684796868,3996.3955,4447.925962898371,3544.8650371016292
2025-10-13 04:00:00,4139.79,4198.0,4116.07,4178.3,74789.9991,4178.3,3986.9060000000004,4307.0566,4030.9158429258755,4089.325251416361,-58.409408490485475,-116.18136597285128,74.30551681820722,0.02356500794252461,3986.9060000000004,4412.794616147655,3561.0173838523465
2025-10-13 08:00:00,4178.29,4195.52,4042.29,4080.39,97647.4599,4080.39,3973.5690000000004,4298.033600000001,4038.52725170651,4088.6633809410746,-50.13612923456458,-102.97231862519395,68.52854552235924,0.024046854071649127,3973.5690000000004,4367.464712936084,3579.6732870639166
2025-10-13 12:00:00,4080.38,4180.0,4056.57,4135.0,171122.2317,4135.0,3964.1495000000004,4288.6142,4053.3692129824317,4092.0957230935874,-38.726510111155676,-90.1231569223863,73.5504388436064,0.024308408619994063,3964.1495000000004,4330.8966239207775,3597.4023760792234
2025-10-13 16:00:00,4135.01,4271.12,4129.14,4251.96,113706.8192,4251.96,3959.5964999999997,4282.6322,4083.9216417543653,4103.937521382952,-20.01587962858639,-76.10170146362633,74.68453030066989,0.02520508693755324,3959.5964999999997,4308.359376239872,3610.833623760127
2025-10-13 20:00:00,4251.96,4292.0,4236.08,4240.85,55423.9414,4240.85,3966.4835,4276.8092,4108.064466099848,4114.079186465696,-6.014720365848007,-62.08430524407066,75.02166795069338,0.021724454384106737,3966.4835,4332.206324138364,3600.7606758616357
2025-10-14 00:00:00,4240.86,4263.38,4137.63,4153.56,86464.5703,4153.56,3974.2835,4270.135200000001,4115.063779007563,4117.003691171941,-1.939912164377347,-50.055426628132004,73.02018769991447,0.021408810338885736,3974.2835,4349.332322773999,3599.234677226001
2025-10-14 04:00:00,4153.56,4160.75,3965.56,3981.19,180870.118,3981.19,3981.857,4259.4726,4094.4678130063994,4106.943417751797,-12.475604745397504,-42.53946225158511,61.58056993794712,0.021356281408303097,3981.857,4350.680058024413,3613.033941975588
2025-10-14 08:00:00,3981.19,4014.61,3888.74,3971.85,163117.091,3971.85,3990.8365,4248.168000000001,4075.6035340823373,4096.93649791833,-21.332963835992814,-38.29816256846665,59.641582873824184,0.02120168914271113,3990.8365,4348.808894658929,3632.8641053410706
2025-10-14 12:00:00,3971.85,4088.79,3893.77,4085.4,252159.6744,4085.4,4007.166,4239.2122,4077.1106826850546,4096.081942516972,-18.97125983191745,-34.43278202115681,62.21422945156729,0.02178978899685654,4007.166,4350.050981568482,3664.2810184315185
2025-10-14 16:00:00,4085.41,4164.62,4048.49,4102.94,222833.5711,4102.94,4020.3135,4229.8368,4081.0844238104305,4096.589946774974,-15.505522964543616,-30.64733020983417,63.2836297995562,0.021411200709695512,4020.3135,4356.30401811646,3684.322981883541
2025-10-14 20:00:00,4102.96,4144.54,4072.69,4125.02,57551.741,4125.02,4035.3079999999995,4218.8694,4087.843743224211,4098.695876643495,-10.852133419283746,-26.688290851724087,55.18824082892519,0.021342666135834337,4035.3079999999995,4361.238533806401,3709.377466193598
2025-10-15 00:00:00,4125.01,4145.73,4060.11,4080.7,93684.7803,4080.7,4051.3125,4206.031,4086.7447058051016,4097.362848743976,-10.618142938874826,-23.474261269154233,46.62583464257657,0.021069802979544656,4051.3125,4350.811888690987,3751.8131113090135
2025-10-15 04:00:00,4080.7,4129.37,4072.0,4122.04,88151.9759,4122.04,4070.075,4194.7916000000005,4092.1747510658556,4099.190785874052,-7.016034808196764,-20.18261597696274,48.19822502829234,0.021020794160176666,4070.075,4334.173166078972,3805.9768339210273
2025-10-15 08:00:00,4122.03,4217.6,4087.78,4099.9,121592.3636,4099.9,4085.9894999999997,4182.977800000001,4093.363250901877,4099.243320253752,-5.880069351875136,-17.32210665194522,47.65157582324398,0.021118408600148533,4085.9894999999997,4312.5957174530595,3859.3832825469403
2025-10-15 12:00:00,4099.89,4107.14,3959.33,3980.97,153858.654,3980.97,4093.6384999999996,4169.0334,4076.0719815323578,4090.482333568289,-14.410352035931282,-16.73975572874243,39.38503910746755,0.022279574677686452,4093.6384999999996,4292.164385282829,3895.11261471717
2025-10-15 16:00:00,3980.98,4013.17,3929.66,3983.21,97017.747,3983.21,4101.781000000001,4154.5214000000005,4061.785522835072,4082.536234785453,-20.750711950381174,-17.54194697307018,44.172603199731384,0.022261606240029815,4101.781000000001,4262.958778786968,3940.6032212130335
2025-10-15 20:00:00,3983.21,3996.16,3926.74,3985.61,71776.1758,3985.61,4099.332,4143.9938,4050.066211629676,4075.3565136902344,-25.290302060558133,-19.09161799056777,40.44344366116097,0.01831848679276851,4099.332,4266.196541040947,3932.467458959054
2025-10-16 00:00:00,3985.61,4036.84,3976.07,4014.85,77531.3247,4014.85,4093.2905,4134.702,4044.648332917418,4070.87454971318,-26.226216795761957,-20.51853775160661,32.91443888800822,0.017426755562811935,4093.2905,4263.333199464033,3923.2478005359667
2025-10-16 04:00:00,4014.85,4049.88,3979.36,4004.3,60755.4021,4004.3,4085.8909999999996,4125.834,4038.440897083969,4065.9431015862783,-27.50220450230927,-21.91527110174714,32.94102375492193,0.017382622730842217,4085.8909999999996,4257.990900229226,3913.791099770773
2025-10-16 08:00:00,4004.31,4078.96,3940.66,4061.85,93961.8468,4061.85,4081.9945,4118.199,4042.0422975325887,4065.639908876183,-23.597611343594508,-22.251739150116617,43.08985970252714,0.017742803230115328,4081.9945,4252.478378228269,3911.5106217717303
2025-10-16 12:00:00,4061.86,4086.49,3892.0,3907.18,169535.94,3907.18,4068.4384999999993,4107.073,4021.294251758344,4053.902137848318,-32.60788608997382,-24.32296853808806,44.270696248587214,0.01940800772301669,4068.4384999999993,4249.469252173745,3887.407747826253
2025-10-16 16:00:00,3907.17,3967.6,3851.11,3867.01,167547.364,3867.01,4057.7695,4094.6672,3997.5582130262915,4040.05827578548,-42.500062759188495,-27.958387382308146,42.253812507388616,0.018901451247763327,4057.7695,4259.770898585471,3855.768101414529
2025-10-16 20:00:00,3867.14,3898.05,3826.04,3894.51,74472.7387,3894.51,4045.745,4083.6146000000003,3981.7046417914776,4029.2769220235928,-47.57228023211519,-31.881165952269555,33.8412311442938,0.01867453025689912,4045.745,4256.816963831648,3834.6730361683526
2025-10-17 00:00:00,3894.5,3950.45,3888.24,3933.25,59225.1015,3933.25,4029.8095000000003,4071.9741999999997,3974.250081515866,4022.163816688512,-47.91373517264583,-35.08767979634481,36.1334924085182,0.017478572542897274,4029.8095000000003,4222.666535511473,3836.952464488528
2025-10-17 04:00:00,3933.26,3935.97,3752.89,3756.49,163147.1128,3756.49,4005.5915,4056.5896,3940.748530513425,4002.484274711585,-61.735744198159864,-40.417292676707824,25.961776792120503,0.019749731656786774,4005.5915,4208.261024962132,3802.921975037868
2025-10-17 08:00:00,3756.49,3817.7,3674.5,3778.54,292369.7055,3778.54,3986.8405,4043.1444,3915.793371972898,3985.895809918134,-70.10243794523603,-46.354321730413474,29.701187725049707,0.019596846511773323,3986.8405,4200.939175870327,3772.7418241296728
2025-10-17 12:00:00,3778.53,3811.42,3714.0,3797.75,163163.9584,3797.75,3977.6684999999998,4030.5674,3897.632853207837,3971.959083257532,-74.32623004969491,-51.94870339426977,27.54690853700754,0.01764317714659202,3977.6684999999998,4207.896044949854,3747.440955050146
2025-10-17 16:00:00,3797.76,3850.36,3779.01,3827.76,94686.0652,3827.76,3970.464,4019.6616000000004,3886.883183483554,3961.2776696828996,-74.39448619934547,-56.43785995528492,31.360784636037394,0.017787119092264332,3970.464,4210.276663148275,3730.6513368517253
2025-10-17 20:00:00,3827.77,3883.17,3818.25,3831.57,57535.1451,3831.57,3957.7725,4009.9972,3878.3734629476226,3951.669694150833,-73.29623120321048,-59.80953420487003,37.851683200520434,0.0163246732524724,3957.7725,4198.837162377793,3716.707837622207
2025-10-18 00:00:00,3831.58,3882.28,3819.07,3870.57,48438.1674,3870.57,3946.154,4000.6486,3877.17293018645,3945.662309398919,-68.48937921246943,-61.54550320638991,41.35745634226438,0.016516363840754545,3946.154,4180.05172685368,3712.256273146321
2025-10-18 04:00:00,3870.56,3876.65,3841.3,3869.69,21545.2971,3869.69,3933.3875,3990.6806,3876.021710157765,3940.0347309249255,-64.01302076716047,-62.03900671854403,41.08499707755251,0.016417835705481183,3933.3875,4153.65419164292,3713.12080835708
