nohup: ignoring input
/home/johan/itbot_linux/config.py:225: UserWarning: Configuración PostgreSQL incompleta; haciendo fallback a SQLite por defecto.
  warnings.warn("Configuración PostgreSQL incompleta; haciendo fallback a SQLite por defecto.")
[37m2025-09-03 15:45:32 - root               - INFO     - --- ITBOT Logging iniciado ---[0m
[37m2025-09-03 15:45:34 - dynamic_pair_selector - INFO     - 🔍 INICIANDO EVALUACIÓN DINÁMICA DE PARES[0m
[37m2025-09-03 15:45:34 - dynamic_pair_selector - INFO     - ============================================================[0m
[37m2025-09-03 15:45:34 - utils.binance_client - INFO     - Inicializando cliente de Binance asíncrono centralizado...[0m
[37m2025-09-03 15:45:35 - utils.binance_client - INFO     - Cliente de Binance asíncrono inicializado y conexión verificada exitosamente.[0m
[37m2025-09-03 15:45:36 - dynamic_pair_selector - INFO     - 📊 Descubiertos 412 pares USDT activos[0m
[37m2025-09-03 15:45:36 - dynamic_pair_selector - INFO     - 📊 Analizando 412 pares USDT[0m
[37m2025-09-03 15:45:36 - dynamic_pair_selector - INFO     - 📥 Procesando lote 1/42: 10 pares[0m
[37m2025-09-03 15:45:39 - dynamic_pair_selector - INFO     - 📥 Procesando lote 2/42: 10 pares[0m
[37m2025-09-03 15:45:43 - dynamic_pair_selector - INFO     - 📥 Procesando lote 3/42: 10 pares[0m
[37m2025-09-03 15:45:46 - dynamic_pair_selector - INFO     - 📥 Procesando lote 4/42: 10 pares[0m
[37m2025-09-03 15:45:50 - dynamic_pair_selector - INFO     - 📥 Procesando lote 5/42: 10 pares[0m
[37m2025-09-03 15:45:54 - dynamic_pair_selector - INFO     - 📥 Procesando lote 6/42: 10 pares[0m
[37m2025-09-03 15:45:57 - dynamic_pair_selector - INFO     - 📥 Procesando lote 7/42: 10 pares[0m
[37m2025-09-03 15:45:59 - dynamic_pair_selector - INFO     - 📥 Procesando lote 8/42: 10 pares[0m
[37m2025-09-03 15:46:02 - dynamic_pair_selector - INFO     - 📥 Procesando lote 9/42: 10 pares[0m
[37m2025-09-03 15:46:05 - dynamic_pair_selector - INFO     - 📥 Procesando lote 10/42: 10 pares[0m
[37m2025-09-03 15:46:08 - dynamic_pair_selector - INFO     - 📥 Procesando lote 11/42: 10 pares[0m
[37m2025-09-03 15:46:11 - dynamic_pair_selector - INFO     - 📥 Procesando lote 12/42: 10 pares[0m
[37m2025-09-03 15:46:15 - dynamic_pair_selector - INFO     - 📥 Procesando lote 13/42: 10 pares[0m
[37m2025-09-03 15:46:18 - dynamic_pair_selector - INFO     - 📥 Procesando lote 14/42: 10 pares[0m
[37m2025-09-03 15:46:21 - dynamic_pair_selector - INFO     - 📥 Procesando lote 15/42: 10 pares[0m
[37m2025-09-03 15:46:25 - dynamic_pair_selector - INFO     - 📥 Procesando lote 16/42: 10 pares[0m
[37m2025-09-03 15:46:25 - dynamic_pair_selector - INFO     - 📥 Procesando lote 17/42: 10 pares[0m
[37m2025-09-03 15:46:28 - dynamic_pair_selector - INFO     - 📥 Procesando lote 18/42: 10 pares[0m
[37m2025-09-03 15:46:32 - dynamic_pair_selector - INFO     - 📥 Procesando lote 19/42: 10 pares[0m
[37m2025-09-03 15:46:34 - dynamic_pair_selector - INFO     - 📥 Procesando lote 20/42: 10 pares[0m
[37m2025-09-03 15:46:38 - dynamic_pair_selector - INFO     - 📥 Procesando lote 21/42: 10 pares[0m
[37m2025-09-03 15:46:41 - dynamic_pair_selector - INFO     - 📥 Procesando lote 22/42: 10 pares[0m
[37m2025-09-03 15:46:44 - dynamic_pair_selector - INFO     - 📥 Procesando lote 23/42: 10 pares[0m
[37m2025-09-03 15:46:47 - dynamic_pair_selector - INFO     - 📥 Procesando lote 24/42: 10 pares[0m
[37m2025-09-03 15:46:50 - dynamic_pair_selector - INFO     - 📥 Procesando lote 25/42: 10 pares[0m
[37m2025-09-03 15:46:52 - dynamic_pair_selector - INFO     - 📥 Procesando lote 26/42: 10 pares[0m
[37m2025-09-03 15:46:52 - dynamic_pair_selector - INFO     - 📥 Procesando lote 27/42: 10 pares[0m
[37m2025-09-03 15:46:55 - dynamic_pair_selector - INFO     - 📥 Procesando lote 28/42: 10 pares[0m
[37m2025-09-03 15:46:58 - dynamic_pair_selector - INFO     - 📥 Procesando lote 29/42: 10 pares[0m
[37m2025-09-03 15:47:01 - dynamic_pair_selector - INFO     - 📥 Procesando lote 30/42: 10 pares[0m
[37m2025-09-03 15:47:04 - dynamic_pair_selector - INFO     - 📥 Procesando lote 31/42: 10 pares[0m
[37m2025-09-03 15:47:07 - dynamic_pair_selector - INFO     - 📥 Procesando lote 32/42: 10 pares[0m
[37m2025-09-03 15:47:10 - dynamic_pair_selector - INFO     - 📥 Procesando lote 33/42: 10 pares[0m
[37m2025-09-03 15:47:13 - dynamic_pair_selector - INFO     - 📥 Procesando lote 34/42: 10 pares[0m
[37m2025-09-03 15:47:15 - dynamic_pair_selector - INFO     - 📥 Procesando lote 35/42: 10 pares[0m
[37m2025-09-03 15:47:19 - dynamic_pair_selector - INFO     - 📥 Procesando lote 36/42: 10 pares[0m
[37m2025-09-03 15:47:20 - dynamic_pair_selector - INFO     - 📥 Procesando lote 37/42: 10 pares[0m
[37m2025-09-03 15:47:23 - dynamic_pair_selector - INFO     - 📥 Procesando lote 38/42: 10 pares[0m
[37m2025-09-03 15:47:27 - dynamic_pair_selector - INFO     - 📥 Procesando lote 39/42: 10 pares[0m
[37m2025-09-03 15:47:30 - dynamic_pair_selector - INFO     - 📥 Procesando lote 40/42: 10 pares[0m
[37m2025-09-03 15:47:33 - dynamic_pair_selector - INFO     - 📥 Procesando lote 41/42: 10 pares[0m
[37m2025-09-03 15:47:36 - dynamic_pair_selector - INFO     - 📥 Procesando lote 42/42: 2 pares[0m
[37m2025-09-03 15:47:36 - dynamic_pair_selector - INFO     - ✅ Evaluación completada: 409/412 pares analizados[0m
[37m2025-09-03 15:47:40 - utils.technical_analysis - INFO     - Iniciando análisis de mercado para SOLUSDT - 5m.[0m
[37m2025-09-03 15:47:40 - utils.technical_analysis - INFO     - Umbrales dinámicos activos: high=0.71, medium=0.71, low=0.55[0m
[37m2025-09-03 15:47:40 - utils.technical_analysis - INFO     - 🎯 Umbrales ML configurados: Alto=0.71, Medio=0.71, Bajo=0.55[0m
[37m2025-09-03 15:47:40 - utils.technical_analysis - INFO     - Obteniendo klines históricos para SOLUSDT (orig=SOLUSDT) - 5m (limit: 300) desde la BD.[0m
[37m2025-09-03 15:47:40 - database.database_manager - INFO     - Creating new database engine for: sqlite[0m
[33m2025-09-03 15:47:40 - utils.technical_analysis - WARNING  - No se encontraron klines en la BD para SOLUSDT-5m. Probando alias…[0m
[37m2025-09-03 15:47:40 - utils.technical_analysis - INFO     - Intentando fallback: lectura desde CSV para SOLUSDT-5m (con alias)[0m
[37m2025-09-03 15:47:41 - utils.technical_analysis - INFO     - ✅ Backfill Binance para SOLUSDT-5m: 300 registros (orig=SOLUSDT)[0m
[33m2025-09-03 15:47:41 - utils.technical_analysis - WARNING  - MLflow no disponible, intentando fallback: Run '5006527129a74ad4bb014b9ce8553f51' not found[0m
[37m2025-09-03 15:47:42 - utils.technical_analysis - INFO     - Modelo sklearn cargado desde: /home/johan/itbot_linux/utils/../data/ml_models/lightgbm_model.pkl[0m
[37m2025-09-03 15:47:42 - utils.feature_pipeline - INFO     - FeaturePipeline inicializado.[0m
[37m2025-09-03 15:47:42 - utils.technical_analysis - INFO     - Modelo PKL envuelto exitosamente con SimpleMLModelWrapper[0m
[37m2025-09-03 15:47:42 - utils.feature_pipeline - INFO     - Generación de features completada por FeaturePipeline.[0m
[37m2025-09-03 15:47:42 - utils.technical_analysis - INFO     - 🤖 ML Predicción: COMPRAR=0.697, VENDER=0.303[0m
[37m2025-09-03 15:47:42 - utils.technical_analysis - INFO     - 🎯 Decisión: MANTENER, Score: 69.7[0m
[37m2025-09-03 15:47:42 - utils.technical_analysis - INFO     - Análisis completado para SOLUSDT. Decisión: MANTENER, Score: 69.68390696647359[0m
[37m2025-09-03 15:47:42 - utils.feature_pipeline - INFO     - FeaturePipeline inicializado.[0m
[37m2025-09-03 15:47:42 - utils.feature_pipeline - INFO     - Generación de features completada por FeaturePipeline.[0m
[37m2025-09-03 15:47:42 - utils.feature_pipeline - INFO     - Generación de features completada por FeaturePipeline.[0m
[37m2025-09-03 15:47:44 - utils.binance_client - INFO     - Cerrando cliente de Binance asíncrono...[0m
[37m2025-09-03 15:47:44 - utils.binance_client - INFO     - Cliente de Binance cerrado exitosamente.[0m
[37m2025-09-03 15:50:31 - utils.technical_analysis - INFO     - Iniciando análisis de mercado para ETHUSDT - 5m.[0m
[37m2025-09-03 15:50:31 - utils.technical_analysis - INFO     - Umbrales dinámicos activos: high=0.71, medium=0.71, low=0.55[0m
[37m2025-09-03 15:50:31 - utils.technical_analysis - INFO     - 🎯 Umbrales ML configurados: Alto=0.71, Medio=0.71, Bajo=0.55[0m
[37m2025-09-03 15:50:31 - utils.technical_analysis - INFO     - Obteniendo klines históricos para ETHUSDT (orig=ETHUSDT) - 5m (limit: 300) desde la BD.[0m
[33m2025-09-03 15:50:31 - utils.technical_analysis - WARNING  - No se encontraron klines en la BD para ETHUSDT-5m. Probando alias…[0m
[37m2025-09-03 15:50:31 - utils.binance_client - INFO     - Inicializando cliente de Binance asíncrono centralizado...[0m
[37m2025-09-03 15:50:32 - utils.binance_client - INFO     - Cliente de Binance asíncrono inicializado y conexión verificada exitosamente.[0m
[37m2025-09-03 15:50:32 - utils.technical_analysis - INFO     - Intentando fallback: lectura desde CSV para ETHUSDT-5m (con alias)[0m
[37m2025-09-03 15:50:32 - utils.technical_analysis - INFO     - ✅ Backfill Binance para ETHUSDT-5m: 300 registros (orig=ETHUSDT)[0m
[37m2025-09-03 15:50:32 - utils.feature_pipeline - INFO     - Generación de features completada por FeaturePipeline.[0m
[37m2025-09-03 15:50:32 - utils.technical_analysis - INFO     - 🤖 ML Predicción: COMPRAR=0.517, VENDER=0.483[0m
[37m2025-09-03 15:50:32 - utils.technical_analysis - INFO     - 🎯 Decisión: MANTENER, Score: 51.7[0m
[37m2025-09-03 15:50:32 - utils.technical_analysis - INFO     - Análisis completado para ETHUSDT. Decisión: MANTENER, Score: 51.71700221378469[0m
[37m2025-09-03 15:50:32 - utils.feature_pipeline - INFO     - FeaturePipeline inicializado.[0m
[37m2025-09-03 15:50:32 - utils.feature_pipeline - INFO     - Generación de features completada por FeaturePipeline.[0m
[37m2025-09-03 15:50:32 - utils.feature_pipeline - INFO     - Generación de features completada por FeaturePipeline.[0m
[37m2025-09-03 15:50:35 - utils.binance_client - INFO     - Cerrando cliente de Binance asíncrono...[0m
[37m2025-09-03 15:50:35 - utils.binance_client - INFO     - Cliente de Binance cerrado exitosamente.[0m
[37m2025-09-03 16:49:01 - dynamic_pair_selector - INFO     - 🔍 INICIANDO EVALUACIÓN DINÁMICA DE PARES[0m
[37m2025-09-03 16:49:01 - dynamic_pair_selector - INFO     - ============================================================[0m
[37m2025-09-03 16:49:01 - utils.binance_client - INFO     - Inicializando cliente de Binance asíncrono centralizado...[0m
[37m2025-09-03 16:49:02 - utils.binance_client - INFO     - Cliente de Binance asíncrono inicializado y conexión verificada exitosamente.[0m
[37m2025-09-03 16:49:03 - dynamic_pair_selector - INFO     - 📊 Descubiertos 412 pares USDT activos[0m
[37m2025-09-03 16:49:03 - dynamic_pair_selector - INFO     - 📊 Analizando 412 pares USDT[0m
[37m2025-09-03 16:49:03 - dynamic_pair_selector - INFO     - 📥 Procesando lote 1/42: 10 pares[0m
[37m2025-09-03 16:49:06 - dynamic_pair_selector - INFO     - 📥 Procesando lote 2/42: 10 pares[0m
[37m2025-09-03 16:49:10 - dynamic_pair_selector - INFO     - 📥 Procesando lote 3/42: 10 pares[0m
[37m2025-09-03 16:49:11 - dynamic_pair_selector - INFO     - 📥 Procesando lote 4/42: 10 pares[0m
[37m2025-09-03 16:49:15 - dynamic_pair_selector - INFO     - 📥 Procesando lote 5/42: 10 pares[0m
[37m2025-09-03 16:49:19 - dynamic_pair_selector - INFO     - 📥 Procesando lote 6/42: 10 pares[0m
[37m2025-09-03 16:49:22 - dynamic_pair_selector - INFO     - 📥 Procesando lote 7/42: 10 pares[0m
[37m2025-09-03 16:49:26 - dynamic_pair_selector - INFO     - 📥 Procesando lote 8/42: 10 pares[0m
[37m2025-09-03 16:49:30 - dynamic_pair_selector - INFO     - 📥 Procesando lote 9/42: 10 pares[0m
[37m2025-09-03 16:49:33 - dynamic_pair_selector - INFO     - 📥 Procesando lote 10/42: 10 pares[0m
[37m2025-09-03 16:49:36 - dynamic_pair_selector - INFO     - 📥 Procesando lote 11/42: 10 pares[0m
[37m2025-09-03 16:49:37 - dynamic_pair_selector - INFO     - 📥 Procesando lote 12/42: 10 pares[0m
[37m2025-09-03 16:49:40 - dynamic_pair_selector - INFO     - 📥 Procesando lote 13/42: 10 pares[0m
[37m2025-09-03 16:49:43 - dynamic_pair_selector - INFO     - 📥 Procesando lote 14/42: 10 pares[0m
[37m2025-09-03 16:49:45 - dynamic_pair_selector - INFO     - 📥 Procesando lote 15/42: 10 pares[0m
[37m2025-09-03 16:49:48 - dynamic_pair_selector - INFO     - 📥 Procesando lote 16/42: 10 pares[0m
[37m2025-09-03 16:49:51 - dynamic_pair_selector - INFO     - 📥 Procesando lote 17/42: 10 pares[0m
[37m2025-09-03 16:49:54 - dynamic_pair_selector - INFO     - 📥 Procesando lote 18/42: 10 pares[0m
[37m2025-09-03 16:49:57 - dynamic_pair_selector - INFO     - 📥 Procesando lote 19/42: 10 pares[0m
[37m2025-09-03 16:50:00 - dynamic_pair_selector - INFO     - 📥 Procesando lote 20/42: 10 pares[0m
[37m2025-09-03 16:50:03 - dynamic_pair_selector - INFO     - 📥 Procesando lote 21/42: 10 pares[0m
[37m2025-09-03 16:50:03 - dynamic_pair_selector - INFO     - 📥 Procesando lote 22/42: 10 pares[0m
[37m2025-09-03 16:50:07 - dynamic_pair_selector - INFO     - 📥 Procesando lote 23/42: 10 pares[0m
[37m2025-09-03 16:50:11 - dynamic_pair_selector - INFO     - 📥 Procesando lote 24/42: 10 pares[0m
[37m2025-09-03 16:50:14 - dynamic_pair_selector - INFO     - 📥 Procesando lote 25/42: 10 pares[0m
[37m2025-09-03 16:50:17 - dynamic_pair_selector - INFO     - 📥 Procesando lote 26/42: 10 pares[0m
[37m2025-09-03 16:50:20 - dynamic_pair_selector - INFO     - 📥 Procesando lote 27/42: 10 pares[0m
[37m2025-09-03 16:50:23 - dynamic_pair_selector - INFO     - 📥 Procesando lote 28/42: 10 pares[0m
[37m2025-09-03 16:50:26 - dynamic_pair_selector - INFO     - 📥 Procesando lote 29/42: 10 pares[0m
[37m2025-09-03 16:50:29 - dynamic_pair_selector - INFO     - 📥 Procesando lote 30/42: 10 pares[0m
[37m2025-09-03 16:50:32 - dynamic_pair_selector - INFO     - 📥 Procesando lote 31/42: 10 pares[0m
[37m2025-09-03 16:50:33 - dynamic_pair_selector - INFO     - 📥 Procesando lote 32/42: 10 pares[0m
[37m2025-09-03 16:50:35 - dynamic_pair_selector - INFO     - 📥 Procesando lote 33/42: 10 pares[0m
[37m2025-09-03 16:50:39 - dynamic_pair_selector - INFO     - 📥 Procesando lote 34/42: 10 pares[0m
[37m2025-09-03 16:50:41 - dynamic_pair_selector - INFO     - 📥 Procesando lote 35/42: 10 pares[0m
[37m2025-09-03 16:50:44 - dynamic_pair_selector - INFO     - 📥 Procesando lote 36/42: 10 pares[0m
[37m2025-09-03 16:50:47 - dynamic_pair_selector - INFO     - 📥 Procesando lote 37/42: 10 pares[0m
[37m2025-09-03 16:50:50 - dynamic_pair_selector - INFO     - 📥 Procesando lote 38/42: 10 pares[0m
[37m2025-09-03 16:50:53 - dynamic_pair_selector - INFO     - 📥 Procesando lote 39/42: 10 pares[0m
[37m2025-09-03 16:50:56 - dynamic_pair_selector - INFO     - 📥 Procesando lote 40/42: 10 pares[0m
[37m2025-09-03 16:51:00 - dynamic_pair_selector - INFO     - 📥 Procesando lote 41/42: 10 pares[0m
[37m2025-09-03 16:51:00 - dynamic_pair_selector - INFO     - 📥 Procesando lote 42/42: 2 pares[0m
[37m2025-09-03 16:51:01 - dynamic_pair_selector - INFO     - ✅ Evaluación completada: 409/412 pares analizados[0m
[37m2025-09-03 16:51:04 - utils.technical_analysis - INFO     - Iniciando análisis de mercado para SOLUSDT - 5m.[0m
[37m2025-09-03 16:51:05 - utils.technical_analysis - INFO     - Umbrales dinámicos activos: high=0.71, medium=0.71, low=0.55[0m
[37m2025-09-03 16:51:05 - utils.technical_analysis - INFO     - 🎯 Umbrales ML configurados: Alto=0.71, Medio=0.71, Bajo=0.55[0m
[37m2025-09-03 16:51:05 - utils.technical_analysis - INFO     - Obteniendo klines históricos para SOLUSDT (orig=SOLUSDT) - 5m (limit: 300) desde la BD.[0m
[33m2025-09-03 16:51:05 - utils.technical_analysis - WARNING  - No se encontraron klines en la BD para SOLUSDT-5m. Probando alias…[0m
[37m2025-09-03 16:51:05 - utils.technical_analysis - INFO     - Intentando fallback: lectura desde CSV para SOLUSDT-5m (con alias)[0m
[37m2025-09-03 16:51:05 - utils.technical_analysis - INFO     - ✅ Backfill Binance para SOLUSDT-5m: 300 registros (orig=SOLUSDT)[0m
[37m2025-09-03 16:51:05 - utils.feature_pipeline - INFO     - Generación de features completada por FeaturePipeline.[0m
[37m2025-09-03 16:51:05 - utils.technical_analysis - INFO     - 🤖 ML Predicción: COMPRAR=0.551, VENDER=0.449[0m
[37m2025-09-03 16:51:05 - utils.technical_analysis - INFO     - 🎯 Decisión: MANTENER, Score: 55.1[0m
[37m2025-09-03 16:51:05 - utils.technical_analysis - INFO     - Análisis completado para SOLUSDT. Decisión: MANTENER, Score: 55.13289215745041[0m
[37m2025-09-03 16:51:05 - utils.feature_pipeline - INFO     - FeaturePipeline inicializado.[0m
[37m2025-09-03 16:51:05 - utils.feature_pipeline - INFO     - Generación de features completada por FeaturePipeline.[0m
[37m2025-09-03 16:51:05 - utils.feature_pipeline - INFO     - Generación de features completada por FeaturePipeline.[0m
[37m2025-09-03 16:51:08 - utils.technical_analysis - INFO     - Iniciando análisis de mercado para ETHUSDT - 5m.[0m
[37m2025-09-03 16:51:08 - utils.technical_analysis - INFO     - Umbrales dinámicos activos: high=0.71, medium=0.71, low=0.55[0m
[37m2025-09-03 16:51:08 - utils.technical_analysis - INFO     - 🎯 Umbrales ML configurados: Alto=0.71, Medio=0.71, Bajo=0.55[0m
[37m2025-09-03 16:51:08 - utils.technical_analysis - INFO     - Obteniendo klines históricos para ETHUSDT (orig=ETHUSDT) - 5m (limit: 300) desde la BD.[0m
[33m2025-09-03 16:51:08 - utils.technical_analysis - WARNING  - No se encontraron klines en la BD para ETHUSDT-5m. Probando alias…[0m
[37m2025-09-03 16:51:08 - utils.technical_analysis - INFO     - Intentando fallback: lectura desde CSV para ETHUSDT-5m (con alias)[0m
[37m2025-09-03 16:51:08 - utils.technical_analysis - INFO     - ✅ Backfill Binance para ETHUSDT-5m: 300 registros (orig=ETHUSDT)[0m
[37m2025-09-03 16:51:08 - utils.feature_pipeline - INFO     - Generación de features completada por FeaturePipeline.[0m
[37m2025-09-03 16:51:08 - utils.technical_analysis - INFO     - 🤖 ML Predicción: COMPRAR=0.712, VENDER=0.288[0m
[37m2025-09-03 16:51:08 - utils.technical_analysis - INFO     - 🎯 Decisión: COMPRAR, Score: 71.2[0m
[37m2025-09-03 16:51:08 - utils.technical_analysis - INFO     - Análisis completado para ETHUSDT. Decisión: COMPRAR, Score: 71.19787698764621[0m
[37m2025-09-03 16:51:08 - utils.feature_pipeline - INFO     - FeaturePipeline inicializado.[0m
[37m2025-09-03 16:51:08 - utils.feature_pipeline - INFO     - Generación de features completada por FeaturePipeline.[0m
[37m2025-09-03 16:51:09 - utils.feature_pipeline - INFO     - Generación de features completada por FeaturePipeline.[0m
[37m2025-09-03 16:51:09 - utils.binance_client - INFO     - Cerrando cliente de Binance asíncrono...[0m
[37m2025-09-03 16:51:09 - utils.binance_client - INFO     - Cliente de Binance cerrado exitosamente.[0m
[37m2025-09-03 16:53:58 - utils.technical_analysis - INFO     - Iniciando análisis de mercado para ETHUSDT - 5m.[0m
[37m2025-09-03 16:53:59 - utils.technical_analysis - INFO     - Umbrales dinámicos activos: high=0.71, medium=0.71, low=0.55[0m
[37m2025-09-03 16:53:59 - utils.technical_analysis - INFO     - 🎯 Umbrales ML configurados: Alto=0.71, Medio=0.71, Bajo=0.55[0m
[37m2025-09-03 16:53:59 - utils.technical_analysis - INFO     - Obteniendo klines históricos para ETHUSDT (orig=ETHUSDT) - 5m (limit: 300) desde la BD.[0m
[33m2025-09-03 16:53:59 - utils.technical_analysis - WARNING  - No se encontraron klines en la BD para ETHUSDT-5m. Probando alias…[0m
[37m2025-09-03 16:53:59 - utils.binance_client - INFO     - Inicializando cliente de Binance asíncrono centralizado...[0m
[37m2025-09-03 16:54:00 - utils.binance_client - INFO     - Cliente de Binance asíncrono inicializado y conexión verificada exitosamente.[0m
[37m2025-09-03 16:54:00 - utils.technical_analysis - INFO     - Intentando fallback: lectura desde CSV para ETHUSDT-5m (con alias)[0m
[37m2025-09-03 16:54:00 - utils.technical_analysis - INFO     - ✅ Backfill Binance para ETHUSDT-5m: 300 registros (orig=ETHUSDT)[0m
[37m2025-09-03 16:54:00 - utils.feature_pipeline - INFO     - Generación de features completada por FeaturePipeline.[0m
[37m2025-09-03 16:54:00 - utils.technical_analysis - INFO     - 🤖 ML Predicción: COMPRAR=0.712, VENDER=0.288[0m
[37m2025-09-03 16:54:00 - utils.technical_analysis - INFO     - 🎯 Decisión: COMPRAR, Score: 71.2[0m
[37m2025-09-03 16:54:00 - utils.technical_analysis - INFO     - Análisis completado para ETHUSDT. Decisión: COMPRAR, Score: 71.19787698764621[0m
[37m2025-09-03 16:54:00 - utils.feature_pipeline - INFO     - FeaturePipeline inicializado.[0m
[37m2025-09-03 16:54:00 - utils.feature_pipeline - INFO     - Generación de features completada por FeaturePipeline.[0m
[37m2025-09-03 16:54:00 - utils.feature_pipeline - INFO     - Generación de features completada por FeaturePipeline.[0m
[37m2025-09-03 16:54:01 - utils.binance_client - INFO     - Cerrando cliente de Binance asíncrono...[0m
[37m2025-09-03 16:54:01 - utils.binance_client - INFO     - Cliente de Binance cerrado exitosamente.[0m
[37m2025-09-03 16:56:47 - utils.technical_analysis - INFO     - Iniciando análisis de mercado para SOLUSDT - 5m.[0m
[37m2025-09-03 16:56:48 - utils.technical_analysis - INFO     - Umbrales dinámicos activos: high=0.71, medium=0.71, low=0.55[0m
[37m2025-09-03 16:56:48 - utils.technical_analysis - INFO     - 🎯 Umbrales ML configurados: Alto=0.71, Medio=0.71, Bajo=0.55[0m
[37m2025-09-03 16:56:48 - utils.technical_analysis - INFO     - Obteniendo klines históricos para SOLUSDT (orig=SOLUSDT) - 5m (limit: 300) desde la BD.[0m
[33m2025-09-03 16:56:48 - utils.technical_analysis - WARNING  - No se encontraron klines en la BD para SOLUSDT-5m. Probando alias…[0m
[37m2025-09-03 16:56:48 - utils.binance_client - INFO     - Inicializando cliente de Binance asíncrono centralizado...[0m
[37m2025-09-03 16:56:48 - utils.binance_client - INFO     - Cliente de Binance asíncrono inicializado y conexión verificada exitosamente.[0m
[37m2025-09-03 16:56:48 - utils.technical_analysis - INFO     - Intentando fallback: lectura desde CSV para SOLUSDT-5m (con alias)[0m
[37m2025-09-03 16:56:49 - utils.technical_analysis - INFO     - ✅ Backfill Binance para SOLUSDT-5m: 300 registros (orig=SOLUSDT)[0m
[37m2025-09-03 16:56:49 - utils.feature_pipeline - INFO     - Generación de features completada por FeaturePipeline.[0m
[37m2025-09-03 16:56:49 - utils.technical_analysis - INFO     - 🤖 ML Predicción: COMPRAR=0.664, VENDER=0.336[0m
[37m2025-09-03 16:56:49 - utils.technical_analysis - INFO     - 🎯 Decisión: MANTENER, Score: 66.4[0m
[37m2025-09-03 16:56:49 - utils.technical_analysis - INFO     - Análisis completado para SOLUSDT. Decisión: MANTENER, Score: 66.40452576284237[0m
[37m2025-09-03 16:56:49 - utils.feature_pipeline - INFO     - FeaturePipeline inicializado.[0m
[37m2025-09-03 16:56:49 - utils.feature_pipeline - INFO     - Generación de features completada por FeaturePipeline.[0m
[37m2025-09-03 16:56:49 - utils.feature_pipeline - INFO     - Generación de features completada por FeaturePipeline.[0m
[37m2025-09-03 16:56:51 - utils.technical_analysis - INFO     - Iniciando análisis de mercado para ETHUSDT - 5m.[0m
[37m2025-09-03 16:56:51 - utils.technical_analysis - INFO     - Umbrales dinámicos activos: high=0.71, medium=0.71, low=0.55[0m
[37m2025-09-03 16:56:51 - utils.technical_analysis - INFO     - 🎯 Umbrales ML configurados: Alto=0.71, Medio=0.71, Bajo=0.55[0m
[37m2025-09-03 16:56:51 - utils.technical_analysis - INFO     - Obteniendo klines históricos para ETHUSDT (orig=ETHUSDT) - 5m (limit: 300) desde la BD.[0m
[33m2025-09-03 16:56:51 - utils.technical_analysis - WARNING  - No se encontraron klines en la BD para ETHUSDT-5m. Probando alias…[0m
[37m2025-09-03 16:56:51 - utils.technical_analysis - INFO     - Intentando fallback: lectura desde CSV para ETHUSDT-5m (con alias)[0m
[37m2025-09-03 16:56:52 - utils.technical_analysis - INFO     - ✅ Backfill Binance para ETHUSDT-5m: 300 registros (orig=ETHUSDT)[0m
[37m2025-09-03 16:56:52 - utils.feature_pipeline - INFO     - Generación de features completada por FeaturePipeline.[0m
[37m2025-09-03 16:56:52 - utils.technical_analysis - INFO     - 🤖 ML Predicción: COMPRAR=0.715, VENDER=0.285[0m
[37m2025-09-03 16:56:52 - utils.technical_analysis - INFO     - 🎯 Decisión: COMPRAR, Score: 71.5[0m
[37m2025-09-03 16:56:52 - utils.technical_analysis - INFO     - Análisis completado para ETHUSDT. Decisión: COMPRAR, Score: 71.49414663316425[0m
[37m2025-09-03 16:56:52 - utils.feature_pipeline - INFO     - FeaturePipeline inicializado.[0m
[37m2025-09-03 16:56:52 - utils.feature_pipeline - INFO     - Generación de features completada por FeaturePipeline.[0m
[37m2025-09-03 16:56:52 - utils.feature_pipeline - INFO     - Generación de features completada por FeaturePipeline.[0m
[37m2025-09-03 16:56:53 - utils.binance_client - INFO     - Cerrando cliente de Binance asíncrono...[0m
[37m2025-09-03 16:56:53 - utils.binance_client - INFO     - Cliente de Binance cerrado exitosamente.[0m
[37m2025-09-03 16:59:39 - utils.technical_analysis - INFO     - Iniciando análisis de mercado para SOLUSDT - 5m.[0m
[37m2025-09-03 16:59:39 - utils.technical_analysis - INFO     - Umbrales dinámicos activos: high=0.71, medium=0.71, low=0.55[0m
[37m2025-09-03 16:59:39 - utils.technical_analysis - INFO     - 🎯 Umbrales ML configurados: Alto=0.71, Medio=0.71, Bajo=0.55[0m
[37m2025-09-03 16:59:39 - utils.technical_analysis - INFO     - Obteniendo klines históricos para SOLUSDT (orig=SOLUSDT) - 5m (limit: 300) desde la BD.[0m
[33m2025-09-03 16:59:40 - utils.technical_analysis - WARNING  - No se encontraron klines en la BD para SOLUSDT-5m. Probando alias…[0m
[37m2025-09-03 16:59:40 - utils.binance_client - INFO     - Inicializando cliente de Binance asíncrono centralizado...[0m
[37m2025-09-03 16:59:40 - utils.binance_client - INFO     - Cliente de Binance asíncrono inicializado y conexión verificada exitosamente.[0m
[37m2025-09-03 16:59:40 - utils.technical_analysis - INFO     - Intentando fallback: lectura desde CSV para SOLUSDT-5m (con alias)[0m
[37m2025-09-03 16:59:41 - utils.technical_analysis - INFO     - ✅ Backfill Binance para SOLUSDT-5m: 300 registros (orig=SOLUSDT)[0m
[37m2025-09-03 16:59:41 - utils.feature_pipeline - INFO     - Generación de features completada por FeaturePipeline.[0m
[37m2025-09-03 16:59:41 - utils.technical_analysis - INFO     - 🤖 ML Predicción: COMPRAR=0.535, VENDER=0.465[0m
[37m2025-09-03 16:59:41 - utils.technical_analysis - INFO     - 🎯 Decisión: MANTENER, Score: 53.5[0m
[37m2025-09-03 16:59:41 - utils.technical_analysis - INFO     - Análisis completado para SOLUSDT. Decisión: MANTENER, Score: 53.45414455520192[0m
[37m2025-09-03 16:59:41 - utils.feature_pipeline - INFO     - FeaturePipeline inicializado.[0m
[37m2025-09-03 16:59:41 - utils.feature_pipeline - INFO     - Generación de features completada por FeaturePipeline.[0m
[37m2025-09-03 16:59:41 - utils.feature_pipeline - INFO     - Generación de features completada por FeaturePipeline.[0m
[37m2025-09-03 16:59:44 - utils.technical_analysis - INFO     - Iniciando análisis de mercado para ETHUSDT - 5m.[0m
[37m2025-09-03 16:59:44 - utils.technical_analysis - INFO     - Umbrales dinámicos activos: high=0.71, medium=0.71, low=0.55[0m
[37m2025-09-03 16:59:44 - utils.technical_analysis - INFO     - 🎯 Umbrales ML configurados: Alto=0.71, Medio=0.71, Bajo=0.55[0m
[37m2025-09-03 16:59:44 - utils.technical_analysis - INFO     - Obteniendo klines históricos para ETHUSDT (orig=ETHUSDT) - 5m (limit: 300) desde la BD.[0m
[33m2025-09-03 16:59:44 - utils.technical_analysis - WARNING  - No se encontraron klines en la BD para ETHUSDT-5m. Probando alias…[0m
[37m2025-09-03 16:59:44 - utils.technical_analysis - INFO     - Intentando fallback: lectura desde CSV para ETHUSDT-5m (con alias)[0m
[37m2025-09-03 16:59:44 - utils.technical_analysis - INFO     - ✅ Backfill Binance para ETHUSDT-5m: 300 registros (orig=ETHUSDT)[0m
[37m2025-09-03 16:59:44 - utils.feature_pipeline - INFO     - Generación de features completada por FeaturePipeline.[0m
[37m2025-09-03 16:59:44 - utils.technical_analysis - INFO     - 🤖 ML Predicción: COMPRAR=0.623, VENDER=0.377[0m
[37m2025-09-03 16:59:44 - utils.technical_analysis - INFO     - 🎯 Decisión: MANTENER, Score: 62.3[0m
[37m2025-09-03 16:59:44 - utils.technical_analysis - INFO     - Análisis completado para ETHUSDT. Decisión: MANTENER, Score: 62.27494188701371[0m
[37m2025-09-03 16:59:44 - utils.feature_pipeline - INFO     - FeaturePipeline inicializado.[0m
[37m2025-09-03 16:59:44 - utils.feature_pipeline - INFO     - Generación de features completada por FeaturePipeline.[0m
[37m2025-09-03 16:59:44 - utils.feature_pipeline - INFO     - Generación de features completada por FeaturePipeline.[0m
[37m2025-09-03 16:59:45 - utils.binance_client - INFO     - Cerrando cliente de Binance asíncrono...[0m
[37m2025-09-03 16:59:45 - utils.binance_client - INFO     - Cliente de Binance cerrado exitosamente.[0m
[37m2025-09-03 17:02:33 - utils.technical_analysis - INFO     - Iniciando análisis de mercado para SOLUSDT - 5m.[0m
[37m2025-09-03 17:02:33 - utils.technical_analysis - INFO     - Umbrales dinámicos activos: high=0.71, medium=0.71, low=0.55[0m
[37m2025-09-03 17:02:33 - utils.technical_analysis - INFO     - 🎯 Umbrales ML configurados: Alto=0.71, Medio=0.71, Bajo=0.55[0m
[37m2025-09-03 17:02:33 - utils.technical_analysis - INFO     - Obteniendo klines históricos para SOLUSDT (orig=SOLUSDT) - 5m (limit: 300) desde la BD.[0m
[33m2025-09-03 17:02:33 - utils.technical_analysis - WARNING  - No se encontraron klines en la BD para SOLUSDT-5m. Probando alias…[0m
[37m2025-09-03 17:02:33 - utils.binance_client - INFO     - Inicializando cliente de Binance asíncrono centralizado...[0m
[37m2025-09-03 17:02:34 - utils.binance_client - INFO     - Cliente de Binance asíncrono inicializado y conexión verificada exitosamente.[0m
[37m2025-09-03 17:02:34 - utils.technical_analysis - INFO     - Intentando fallback: lectura desde CSV para SOLUSDT-5m (con alias)[0m
[37m2025-09-03 17:02:34 - utils.technical_analysis - INFO     - ✅ Backfill Binance para SOLUSDT-5m: 300 registros (orig=SOLUSDT)[0m
[37m2025-09-03 17:02:34 - utils.feature_pipeline - INFO     - Generación de features completada por FeaturePipeline.[0m
[37m2025-09-03 17:02:34 - utils.technical_analysis - INFO     - 🤖 ML Predicción: COMPRAR=0.519, VENDER=0.481[0m
[37m2025-09-03 17:02:34 - utils.technical_analysis - INFO     - 🎯 Decisión: MANTENER, Score: 51.9[0m
[37m2025-09-03 17:02:34 - utils.technical_analysis - INFO     - Análisis completado para SOLUSDT. Decisión: MANTENER, Score: 51.938571851239665[0m
[37m2025-09-03 17:02:34 - utils.feature_pipeline - INFO     - FeaturePipeline inicializado.[0m
[37m2025-09-03 17:02:34 - utils.feature_pipeline - INFO     - Generación de features completada por FeaturePipeline.[0m
[37m2025-09-03 17:02:34 - utils.feature_pipeline - INFO     - Generación de features completada por FeaturePipeline.[0m
[37m2025-09-03 17:02:37 - utils.technical_analysis - INFO     - Iniciando análisis de mercado para ETHUSDT - 5m.[0m
[37m2025-09-03 17:02:37 - utils.technical_analysis - INFO     - Umbrales dinámicos activos: high=0.71, medium=0.71, low=0.55[0m
[37m2025-09-03 17:02:37 - utils.technical_analysis - INFO     - 🎯 Umbrales ML configurados: Alto=0.71, Medio=0.71, Bajo=0.55[0m
[37m2025-09-03 17:02:37 - utils.technical_analysis - INFO     - Obteniendo klines históricos para ETHUSDT (orig=ETHUSDT) - 5m (limit: 300) desde la BD.[0m
[33m2025-09-03 17:02:37 - utils.technical_analysis - WARNING  - No se encontraron klines en la BD para ETHUSDT-5m. Probando alias…[0m
[37m2025-09-03 17:02:37 - utils.technical_analysis - INFO     - Intentando fallback: lectura desde CSV para ETHUSDT-5m (con alias)[0m
[37m2025-09-03 17:02:37 - utils.technical_analysis - INFO     - ✅ Backfill Binance para ETHUSDT-5m: 300 registros (orig=ETHUSDT)[0m
[37m2025-09-03 17:02:37 - utils.feature_pipeline - INFO     - Generación de features completada por FeaturePipeline.[0m
[37m2025-09-03 17:02:37 - utils.technical_analysis - INFO     - 🤖 ML Predicción: COMPRAR=0.644, VENDER=0.356[0m
[37m2025-09-03 17:02:37 - utils.technical_analysis - INFO     - 🎯 Decisión: MANTENER, Score: 64.4[0m
[37m2025-09-03 17:02:37 - utils.technical_analysis - INFO     - Análisis completado para ETHUSDT. Decisión: MANTENER, Score: 64.40605763798888[0m
[37m2025-09-03 17:02:37 - utils.feature_pipeline - INFO     - FeaturePipeline inicializado.[0m
[37m2025-09-03 17:02:37 - utils.feature_pipeline - INFO     - Generación de features completada por FeaturePipeline.[0m
[37m2025-09-03 17:02:37 - utils.feature_pipeline - INFO     - Generación de features completada por FeaturePipeline.[0m
[37m2025-09-03 17:02:39 - utils.binance_client - INFO     - Cerrando cliente de Binance asíncrono...[0m
[37m2025-09-03 17:02:39 - utils.binance_client - INFO     - Cliente de Binance cerrado exitosamente.[0m
[LOOP] Iniciando modo autónomo. Intervalo=180s
[SKIP] BTCUSDT minNotional(100.0) > margen(37.599999999999994)
[ML] SOLUSDT decision=MANTENER score=69.7 buy=0.697 sell=0.303
[CANDIDATE] SOLUSDT px=209.76500000 score=69.3 trend=0.0058
[FILTERS] minNotional=5.0 step=0.01 tick=0.01 qty=0.03
[COST] spread=0.0048% taker(round‑trip)≈0.0800% → Profit/Cost=47.19x
[ROI] TP Neto≈3.9152% (0.2464 USDT) sobre margen≈1.2586 → 19.58%
[INFO] Enviando LIMIT_MAKER BUY SOLUSDT qty=0.03 px=209.77 (try 1/3, testnet=False)
[INFO] Enviando LIMIT_MAKER BUY SOLUSDT qty=0.03 px=209.76 (try 2/3, testnet=False)
[OK] Entrada ejecutada. orderId=141180430818
[OK] TP/SL colocados. SL@205.56000000, TP@218.16000000
[LOOP] Posiciones abiertas: ['SOLUSDT'] (1/2). Gestionando y evaluando nuevas entradas…
[SKIP] BTCUSDT minNotional(100.0) > margen(37.599999999999994)
[SKIP] SOLUSDT ya tiene posición abierta. Buscando paralela en otro par…
[ML] ETHUSDT decision=MANTENER score=51.7 buy=0.517 sell=0.483
[CANDIDATE] ETHUSDT px=4462.00500000 score=69.0 trend=0.0036
[FILTERS] minNotional=20.0 step=0.001 tick=0.01 qty=0.005
[COST] spread=0.0002% taker(round‑trip)≈0.0800% → Profit/Cost=49.86x
[ROI] TP Neto≈3.9198% (0.8745 USDT) sobre margen≈4.4620 → 19.60%
[INFO] Enviando LIMIT_MAKER BUY ETHUSDT qty=0.005 px=4462.01 (try 1/3, testnet=False)
[INFO] Enviando LIMIT_MAKER BUY ETHUSDT qty=0.005 px=4461.98 (try 2/3, testnet=False)
[OK] Entrada ejecutada. orderId=8389765951048980486
[OK] TP/SL colocados. SL@4372.76000000, TP@4640.48000000
[LOOP] Posiciones abiertas: ['SOLUSDT', 'ETHUSDT'] (2/2). Gestionando y evaluando nuevas entradas…
[LOOP] Posiciones abiertas: ['SOLUSDT', 'ETHUSDT'] (2/2). Gestionando y evaluando nuevas entradas…
[LOOP] Posiciones abiertas: ['SOLUSDT', 'ETHUSDT'] (2/2). Gestionando y evaluando nuevas entradas…
[LOOP] Posiciones abiertas: ['SOLUSDT', 'ETHUSDT'] (2/2). Gestionando y evaluando nuevas entradas…
[LOOP] Posiciones abiertas: ['SOLUSDT', 'ETHUSDT'] (2/2). Gestionando y evaluando nuevas entradas…
[LOOP] Posiciones abiertas: ['SOLUSDT', 'ETHUSDT'] (2/2). Gestionando y evaluando nuevas entradas…
[LOOP] Posiciones abiertas: ['SOLUSDT', 'ETHUSDT'] (2/2). Gestionando y evaluando nuevas entradas…
[LOOP] Posiciones abiertas: ['SOLUSDT', 'ETHUSDT'] (2/2). Gestionando y evaluando nuevas entradas…
[LOOP] Posiciones abiertas: ['SOLUSDT', 'ETHUSDT'] (2/2). Gestionando y evaluando nuevas entradas…
[LOOP] Posiciones abiertas: ['SOLUSDT', 'ETHUSDT'] (2/2). Gestionando y evaluando nuevas entradas…
[LOOP] Posiciones abiertas: ['SOLUSDT', 'ETHUSDT'] (2/2). Gestionando y evaluando nuevas entradas…
[LOOP] Posiciones abiertas: ['SOLUSDT', 'ETHUSDT'] (2/2). Gestionando y evaluando nuevas entradas…
[LOOP] Posiciones abiertas: ['SOLUSDT', 'ETHUSDT'] (2/2). Gestionando y evaluando nuevas entradas…
[LOOP] Posiciones abiertas: ['SOLUSDT', 'ETHUSDT'] (2/2). Gestionando y evaluando nuevas entradas…
[LOOP] Posiciones abiertas: ['SOLUSDT', 'ETHUSDT'] (2/2). Gestionando y evaluando nuevas entradas…
[LOOP] Posiciones abiertas: ['SOLUSDT', 'ETHUSDT'] (2/2). Gestionando y evaluando nuevas entradas…
[LOOP] Posiciones abiertas: ['SOLUSDT', 'ETHUSDT'] (2/2). Gestionando y evaluando nuevas entradas…
[LOOP] Posiciones abiertas: ['SOLUSDT', 'ETHUSDT'] (2/2). Gestionando y evaluando nuevas entradas…
[LOOP] Posiciones abiertas: ['SOLUSDT', 'ETHUSDT'] (2/2). Gestionando y evaluando nuevas entradas…
[CIRCUIT] Límite diario alcanzado (0.1343 >= 0.0943). Cerrando posiciones: ['SOLUSDT', 'ETHUSDT']
[CIRCUIT] Todas las posiciones cerradas por límite diario.
[SKIP] BTCUSDT minNotional(100.0) > margen(37.599999999999994)
[ML] SOLUSDT decision=MANTENER score=55.1 buy=0.551 sell=0.449
[CANDIDATE] SOLUSDT px=208.82500000 score=69.2 trend=0.0058
[FILTERS] minNotional=5.0 step=0.01 tick=0.01 qty=0.03
[COST] spread=0.0048% taker(round‑trip)≈0.0800% → Profit/Cost=47.18x
[ROI] TP Neto≈3.9152% (0.2453 USDT) sobre margen≈1.2529 → 19.58%
[CIRCUIT] Pérdida diaria 0.1512 >= límite 0.0943. No se abrirán nuevas entradas hoy.
[ML] ETHUSDT decision=COMPRAR score=71.2 buy=0.712 sell=0.288
[CANDIDATE] ETHUSDT px=4453.15500000 score=69.0 trend=0.0036
[FILTERS] minNotional=20.0 step=0.001 tick=0.01 qty=0.005
[COST] spread=0.0002% taker(round‑trip)≈0.0800% → Profit/Cost=49.86x
[ROI] TP Neto≈3.9198% (0.8728 USDT) sobre margen≈4.4532 → 19.60%
[CIRCUIT] Pérdida diaria 0.1512 >= límite 0.0943. No se abrirán nuevas entradas hoy.
[ABORT] Ningún candidato cumplió minNotional/spread/ratio con los parámetros actuales.
[SKIP] BTCUSDT minNotional(100.0) > margen(37.599999999999994)
[SKIP] SOLUSDT ADX 24.96 < min 25.0
[ML] ETHUSDT decision=COMPRAR score=71.2 buy=0.712 sell=0.288
[CANDIDATE] ETHUSDT px=4452.09500000 score=69.0 trend=0.0036
[FILTERS] minNotional=20.0 step=0.001 tick=0.01 qty=0.005
[COST] spread=0.0002% taker(round‑trip)≈0.0800% → Profit/Cost=49.86x
[ROI] TP Neto≈3.9198% (0.8726 USDT) sobre margen≈4.4521 → 19.60%
[CIRCUIT] Pérdida diaria 0.1511 >= límite 0.0943. No se abrirán nuevas entradas hoy.
[ABORT] Ningún candidato cumplió minNotional/spread/ratio con los parámetros actuales.
[SKIP] BTCUSDT minNotional(100.0) > margen(37.599999999999994)
[ML] SOLUSDT decision=MANTENER score=66.4 buy=0.664 sell=0.336
[CANDIDATE] SOLUSDT px=208.96500000 score=69.2 trend=0.0058
[FILTERS] minNotional=5.0 step=0.01 tick=0.01 qty=0.03
[COST] spread=0.0048% taker(round‑trip)≈0.0800% → Profit/Cost=47.18x
[ROI] TP Neto≈3.9152% (0.2454 USDT) sobre margen≈1.2538 → 19.58%
[CIRCUIT] Pérdida diaria 0.1513 >= límite 0.0943. No se abrirán nuevas entradas hoy.
[ML] ETHUSDT decision=COMPRAR score=71.5 buy=0.715 sell=0.285
[CANDIDATE] ETHUSDT px=4459.39500000 score=69.0 trend=0.0036
[FILTERS] minNotional=20.0 step=0.001 tick=0.01 qty=0.005
[COST] spread=0.0002% taker(round‑trip)≈0.0800% → Profit/Cost=49.86x
[ROI] TP Neto≈3.9198% (0.8740 USDT) sobre margen≈4.4594 → 19.60%
[CIRCUIT] Pérdida diaria 0.1513 >= límite 0.0943. No se abrirán nuevas entradas hoy.
[ABORT] Ningún candidato cumplió minNotional/spread/ratio con los parámetros actuales.
[SKIP] BTCUSDT minNotional(100.0) > margen(37.599999999999994)
[ML] SOLUSDT decision=MANTENER score=53.5 buy=0.535 sell=0.465
[CANDIDATE] SOLUSDT px=208.76500000 score=69.2 trend=0.0058
[FILTERS] minNotional=5.0 step=0.01 tick=0.01 qty=0.03
[COST] spread=0.0048% taker(round‑trip)≈0.0800% → Profit/Cost=47.18x
[ROI] TP Neto≈3.9152% (0.2452 USDT) sobre margen≈1.2526 → 19.58%
[CIRCUIT] Pérdida diaria 0.1514 >= límite 0.0943. No se abrirán nuevas entradas hoy.
[ML] ETHUSDT decision=MANTENER score=62.3 buy=0.623 sell=0.377
[CANDIDATE] ETHUSDT px=4459.14500000 score=69.0 trend=0.0036
[FILTERS] minNotional=20.0 step=0.001 tick=0.01 qty=0.005
[COST] spread=0.0002% taker(round‑trip)≈0.0800% → Profit/Cost=49.86x
[ROI] TP Neto≈3.9198% (0.8739 USDT) sobre margen≈4.4591 → 19.60%
[CIRCUIT] Pérdida diaria 0.1508 >= límite 0.0943. No se abrirán nuevas entradas hoy.
[ABORT] Ningún candidato cumplió minNotional/spread/ratio con los parámetros actuales.
[SKIP] BTCUSDT minNotional(100.0) > margen(37.599999999999994)
[ML] SOLUSDT decision=MANTENER score=51.9 buy=0.519 sell=0.481
[CANDIDATE] SOLUSDT px=208.71500000 score=69.2 trend=0.0058
[FILTERS] minNotional=5.0 step=0.01 tick=0.01 qty=0.03
[COST] spread=0.0048% taker(round‑trip)≈0.0800% → Profit/Cost=47.17x
[ROI] TP Neto≈3.9152% (0.2451 USDT) sobre margen≈1.2523 → 19.58%
[CIRCUIT] Pérdida diaria 0.1510 >= límite 0.0943. No se abrirán nuevas entradas hoy.
[ML] ETHUSDT decision=MANTENER score=64.4 buy=0.644 sell=0.356
[CANDIDATE] ETHUSDT px=4464.22500000 score=69.0 trend=0.0036
[FILTERS] minNotional=20.0 step=0.001 tick=0.01 qty=0.005
[COST] spread=0.0002% taker(round‑trip)≈0.0800% → Profit/Cost=49.86x
[ROI] TP Neto≈3.9198% (0.8749 USDT) sobre margen≈4.4642 → 19.60%
[CIRCUIT] Pérdida diaria 0.1517 >= límite 0.0943. No se abrirán nuevas entradas hoy.
[ABORT] Ningún candidato cumplió minNotional/spread/ratio con los parámetros actuales.
[37m2025-09-03 17:05:27 - utils.technical_analysis - INFO     - Iniciando análisis de mercado para SOLUSDT - 5m.[0m
[37m2025-09-03 17:05:27 - utils.technical_analysis - INFO     - Umbrales dinámicos activos: high=0.71, medium=0.71, low=0.55[0m
[37m2025-09-03 17:05:27 - utils.technical_analysis - INFO     - 🎯 Umbrales ML configurados: Alto=0.71, Medio=0.71, Bajo=0.55[0m
[37m2025-09-03 17:05:27 - utils.technical_analysis - INFO     - Obteniendo klines históricos para SOLUSDT (orig=SOLUSDT) - 5m (limit: 300) desde la BD.[0m
[33m2025-09-03 17:05:27 - utils.technical_analysis - WARNING  - No se encontraron klines en la BD para SOLUSDT-5m. Probando alias…[0m
[37m2025-09-03 17:05:27 - utils.binance_client - INFO     - Inicializando cliente de Binance asíncrono centralizado...[0m
[37m2025-09-03 17:05:28 - utils.binance_client - INFO     - Cliente de Binance asíncrono inicializado y conexión verificada exitosamente.[0m
[37m2025-09-03 17:05:28 - utils.technical_analysis - INFO     - Intentando fallback: lectura desde CSV para SOLUSDT-5m (con alias)[0m
[37m2025-09-03 17:05:28 - utils.technical_analysis - INFO     - ✅ Backfill Binance para SOLUSDT-5m: 300 registros (orig=SOLUSDT)[0m
[37m2025-09-03 17:05:28 - utils.feature_pipeline - INFO     - Generación de features completada por FeaturePipeline.[0m
[37m2025-09-03 17:05:28 - utils.technical_analysis - INFO     - 🤖 ML Predicción: COMPRAR=0.432, VENDER=0.568[0m
[37m2025-09-03 17:05:28 - utils.technical_analysis - INFO     - 🎯 Decisión: MANTENER, Score: 56.8[0m
[37m2025-09-03 17:05:28 - utils.technical_analysis - INFO     - Análisis completado para SOLUSDT. Decisión: MANTENER, Score: 56.76267461241428[0m
[37m2025-09-03 17:05:28 - utils.feature_pipeline - INFO     - FeaturePipeline inicializado.[0m
[37m2025-09-03 17:05:28 - utils.feature_pipeline - INFO     - Generación de features completada por FeaturePipeline.[0m
[37m2025-09-03 17:05:28 - utils.feature_pipeline - INFO     - Generación de features completada por FeaturePipeline.[0m
[37m2025-09-03 17:05:30 - utils.technical_analysis - INFO     - Iniciando análisis de mercado para ETHUSDT - 5m.[0m
[37m2025-09-03 17:05:30 - utils.technical_analysis - INFO     - Umbrales dinámicos activos: high=0.71, medium=0.71, low=0.55[0m
[37m2025-09-03 17:05:30 - utils.technical_analysis - INFO     - 🎯 Umbrales ML configurados: Alto=0.71, Medio=0.71, Bajo=0.55[0m
[37m2025-09-03 17:05:30 - utils.technical_analysis - INFO     - Obteniendo klines históricos para ETHUSDT (orig=ETHUSDT) - 5m (limit: 300) desde la BD.[0m
[33m2025-09-03 17:05:30 - utils.technical_analysis - WARNING  - No se encontraron klines en la BD para ETHUSDT-5m. Probando alias…[0m
[37m2025-09-03 17:05:30 - utils.technical_analysis - INFO     - Intentando fallback: lectura desde CSV para ETHUSDT-5m (con alias)[0m
[37m2025-09-03 17:05:30 - utils.technical_analysis - INFO     - ✅ Backfill Binance para ETHUSDT-5m: 300 registros (orig=ETHUSDT)[0m
[37m2025-09-03 17:05:30 - utils.feature_pipeline - INFO     - Generación de features completada por FeaturePipeline.[0m
[37m2025-09-03 17:05:30 - utils.technical_analysis - INFO     - 🤖 ML Predicción: COMPRAR=0.633, VENDER=0.367[0m
[37m2025-09-03 17:05:30 - utils.technical_analysis - INFO     - 🎯 Decisión: MANTENER, Score: 63.3[0m
[37m2025-09-03 17:05:30 - utils.technical_analysis - INFO     - Análisis completado para ETHUSDT. Decisión: MANTENER, Score: 63.26876539735141[0m
[37m2025-09-03 17:05:30 - utils.feature_pipeline - INFO     - FeaturePipeline inicializado.[0m
[37m2025-09-03 17:05:30 - utils.feature_pipeline - INFO     - Generación de features completada por FeaturePipeline.[0m
[37m2025-09-03 17:05:30 - utils.feature_pipeline - INFO     - Generación de features completada por FeaturePipeline.[0m
[37m2025-09-03 17:05:31 - utils.binance_client - INFO     - Cerrando cliente de Binance asíncrono...[0m
[37m2025-09-03 17:05:31 - utils.binance_client - INFO     - Cliente de Binance cerrado exitosamente.[0m
[37m2025-09-03 17:08:16 - utils.technical_analysis - INFO     - Iniciando análisis de mercado para SOLUSDT - 5m.[0m
[37m2025-09-03 17:08:16 - utils.technical_analysis - INFO     - Umbrales dinámicos activos: high=0.71, medium=0.71, low=0.55[0m
[37m2025-09-03 17:08:16 - utils.technical_analysis - INFO     - 🎯 Umbrales ML configurados: Alto=0.71, Medio=0.71, Bajo=0.55[0m
[37m2025-09-03 17:08:16 - utils.technical_analysis - INFO     - Obteniendo klines históricos para SOLUSDT (orig=SOLUSDT) - 5m (limit: 300) desde la BD.[0m
[33m2025-09-03 17:08:16 - utils.technical_analysis - WARNING  - No se encontraron klines en la BD para SOLUSDT-5m. Probando alias…[0m
[37m2025-09-03 17:08:16 - utils.binance_client - INFO     - Inicializando cliente de Binance asíncrono centralizado...[0m
[37m2025-09-03 17:08:17 - utils.binance_client - INFO     - Cliente de Binance asíncrono inicializado y conexión verificada exitosamente.[0m
[37m2025-09-03 17:08:17 - utils.technical_analysis - INFO     - Intentando fallback: lectura desde CSV para SOLUSDT-5m (con alias)[0m
[37m2025-09-03 17:08:17 - utils.technical_analysis - INFO     - ✅ Backfill Binance para SOLUSDT-5m: 300 registros (orig=SOLUSDT)[0m
[37m2025-09-03 17:08:17 - utils.feature_pipeline - INFO     - Generación de features completada por FeaturePipeline.[0m
[37m2025-09-03 17:08:17 - utils.technical_analysis - INFO     - 🤖 ML Predicción: COMPRAR=0.502, VENDER=0.498[0m
[37m2025-09-03 17:08:17 - utils.technical_analysis - INFO     - 🎯 Decisión: MANTENER, Score: 50.2[0m
[37m2025-09-03 17:08:17 - utils.technical_analysis - INFO     - Análisis completado para SOLUSDT. Decisión: MANTENER, Score: 50.2188230690762[0m
[37m2025-09-03 17:08:17 - utils.feature_pipeline - INFO     - FeaturePipeline inicializado.[0m
[37m2025-09-03 17:08:17 - utils.feature_pipeline - INFO     - Generación de features completada por FeaturePipeline.[0m
[37m2025-09-03 17:08:17 - utils.feature_pipeline - INFO     - Generación de features completada por FeaturePipeline.[0m
[37m2025-09-03 17:08:20 - utils.technical_analysis - INFO     - Iniciando análisis de mercado para ETHUSDT - 5m.[0m
[37m2025-09-03 17:08:20 - utils.technical_analysis - INFO     - Umbrales dinámicos activos: high=0.71, medium=0.71, low=0.55[0m
[37m2025-09-03 17:08:20 - utils.technical_analysis - INFO     - 🎯 Umbrales ML configurados: Alto=0.71, Medio=0.71, Bajo=0.55[0m
[37m2025-09-03 17:08:20 - utils.technical_analysis - INFO     - Obteniendo klines históricos para ETHUSDT (orig=ETHUSDT) - 5m (limit: 300) desde la BD.[0m
[33m2025-09-03 17:08:20 - utils.technical_analysis - WARNING  - No se encontraron klines en la BD para ETHUSDT-5m. Probando alias…[0m
[37m2025-09-03 17:08:20 - utils.technical_analysis - INFO     - Intentando fallback: lectura desde CSV para ETHUSDT-5m (con alias)[0m
[37m2025-09-03 17:08:20 - utils.technical_analysis - INFO     - ✅ Backfill Binance para ETHUSDT-5m: 300 registros (orig=ETHUSDT)[0m
[37m2025-09-03 17:08:20 - utils.feature_pipeline - INFO     - Generación de features completada por FeaturePipeline.[0m
[37m2025-09-03 17:08:20 - utils.technical_analysis - INFO     - 🤖 ML Predicción: COMPRAR=0.615, VENDER=0.385[0m
[37m2025-09-03 17:08:20 - utils.technical_analysis - INFO     - 🎯 Decisión: MANTENER, Score: 61.5[0m
[37m2025-09-03 17:08:20 - utils.technical_analysis - INFO     - Análisis completado para ETHUSDT. Decisión: MANTENER, Score: 61.51942921174843[0m
[37m2025-09-03 17:08:20 - utils.feature_pipeline - INFO     - FeaturePipeline inicializado.[0m
[37m2025-09-03 17:08:20 - utils.feature_pipeline - INFO     - Generación de features completada por FeaturePipeline.[0m
[37m2025-09-03 17:08:20 - utils.feature_pipeline - INFO     - Generación de features completada por FeaturePipeline.[0m
[37m2025-09-03 17:08:21 - utils.binance_client - INFO     - Cerrando cliente de Binance asíncrono...[0m
[37m2025-09-03 17:08:21 - utils.binance_client - INFO     - Cliente de Binance cerrado exitosamente.[0m
[37m2025-09-03 17:11:09 - utils.technical_analysis - INFO     - Iniciando análisis de mercado para SOLUSDT - 5m.[0m
[37m2025-09-03 17:11:09 - utils.technical_analysis - INFO     - Umbrales dinámicos activos: high=0.71, medium=0.71, low=0.55[0m
[37m2025-09-03 17:11:09 - utils.technical_analysis - INFO     - 🎯 Umbrales ML configurados: Alto=0.71, Medio=0.71, Bajo=0.55[0m
[37m2025-09-03 17:11:09 - utils.technical_analysis - INFO     - Obteniendo klines históricos para SOLUSDT (orig=SOLUSDT) - 5m (limit: 300) desde la BD.[0m
[33m2025-09-03 17:11:09 - utils.technical_analysis - WARNING  - No se encontraron klines en la BD para SOLUSDT-5m. Probando alias…[0m
[37m2025-09-03 17:11:09 - utils.binance_client - INFO     - Inicializando cliente de Binance asíncrono centralizado...[0m
[37m2025-09-03 17:11:10 - utils.binance_client - INFO     - Cliente de Binance asíncrono inicializado y conexión verificada exitosamente.[0m
[37m2025-09-03 17:11:10 - utils.technical_analysis - INFO     - Intentando fallback: lectura desde CSV para SOLUSDT-5m (con alias)[0m
[37m2025-09-03 17:11:11 - utils.technical_analysis - INFO     - ✅ Backfill Binance para SOLUSDT-5m: 300 registros (orig=SOLUSDT)[0m
[37m2025-09-03 17:11:11 - utils.feature_pipeline - INFO     - Generación de features completada por FeaturePipeline.[0m
[37m2025-09-03 17:11:11 - utils.technical_analysis - INFO     - 🤖 ML Predicción: COMPRAR=0.621, VENDER=0.379[0m
[37m2025-09-03 17:11:11 - utils.technical_analysis - INFO     - 🎯 Decisión: MANTENER, Score: 62.1[0m
[37m2025-09-03 17:11:11 - utils.technical_analysis - INFO     - Análisis completado para SOLUSDT. Decisión: MANTENER, Score: 62.14403499816211[0m
[37m2025-09-03 17:11:11 - utils.feature_pipeline - INFO     - FeaturePipeline inicializado.[0m
[37m2025-09-03 17:11:11 - utils.feature_pipeline - INFO     - Generación de features completada por FeaturePipeline.[0m
[37m2025-09-03 17:11:11 - utils.feature_pipeline - INFO     - Generación de features completada por FeaturePipeline.[0m
[37m2025-09-03 17:11:13 - utils.technical_analysis - INFO     - Iniciando análisis de mercado para ETHUSDT - 5m.[0m
[37m2025-09-03 17:11:13 - utils.technical_analysis - INFO     - Umbrales dinámicos activos: high=0.71, medium=0.71, low=0.55[0m
[37m2025-09-03 17:11:13 - utils.technical_analysis - INFO     - 🎯 Umbrales ML configurados: Alto=0.71, Medio=0.71, Bajo=0.55[0m
[37m2025-09-03 17:11:13 - utils.technical_analysis - INFO     - Obteniendo klines históricos para ETHUSDT (orig=ETHUSDT) - 5m (limit: 300) desde la BD.[0m
[33m2025-09-03 17:11:13 - utils.technical_analysis - WARNING  - No se encontraron klines en la BD para ETHUSDT-5m. Probando alias…[0m
[37m2025-09-03 17:11:13 - utils.technical_analysis - INFO     - Intentando fallback: lectura desde CSV para ETHUSDT-5m (con alias)[0m
[37m2025-09-03 17:11:14 - utils.technical_analysis - INFO     - ✅ Backfill Binance para ETHUSDT-5m: 300 registros (orig=ETHUSDT)[0m
[37m2025-09-03 17:11:14 - utils.feature_pipeline - INFO     - Generación de features completada por FeaturePipeline.[0m
[37m2025-09-03 17:11:14 - utils.technical_analysis - INFO     - 🤖 ML Predicción: COMPRAR=0.643, VENDER=0.357[0m
[37m2025-09-03 17:11:14 - utils.technical_analysis - INFO     - 🎯 Decisión: MANTENER, Score: 64.3[0m
[37m2025-09-03 17:11:14 - utils.technical_analysis - INFO     - Análisis completado para ETHUSDT. Decisión: MANTENER, Score: 64.30845619347055[0m
[37m2025-09-03 17:11:14 - utils.feature_pipeline - INFO     - FeaturePipeline inicializado.[0m
[37m2025-09-03 17:11:14 - utils.feature_pipeline - INFO     - Generación de features completada por FeaturePipeline.[0m
[37m2025-09-03 17:11:14 - utils.feature_pipeline - INFO     - Generación de features completada por FeaturePipeline.[0m
[37m2025-09-03 17:11:15 - utils.binance_client - INFO     - Cerrando cliente de Binance asíncrono...[0m
[37m2025-09-03 17:11:15 - utils.binance_client - INFO     - Cliente de Binance cerrado exitosamente.[0m
[37m2025-09-03 17:14:03 - utils.technical_analysis - INFO     - Iniciando análisis de mercado para SOLUSDT - 5m.[0m
[37m2025-09-03 17:14:03 - utils.technical_analysis - INFO     - Umbrales dinámicos activos: high=0.71, medium=0.71, low=0.55[0m
[37m2025-09-03 17:14:03 - utils.technical_analysis - INFO     - 🎯 Umbrales ML configurados: Alto=0.71, Medio=0.71, Bajo=0.55[0m
[37m2025-09-03 17:14:03 - utils.technical_analysis - INFO     - Obteniendo klines históricos para SOLUSDT (orig=SOLUSDT) - 5m (limit: 300) desde la BD.[0m
[33m2025-09-03 17:14:03 - utils.technical_analysis - WARNING  - No se encontraron klines en la BD para SOLUSDT-5m. Probando alias…[0m
[37m2025-09-03 17:14:03 - utils.binance_client - INFO     - Inicializando cliente de Binance asíncrono centralizado...[0m
[37m2025-09-03 17:14:04 - utils.binance_client - INFO     - Cliente de Binance asíncrono inicializado y conexión verificada exitosamente.[0m
[37m2025-09-03 17:14:04 - utils.technical_analysis - INFO     - Intentando fallback: lectura desde CSV para SOLUSDT-5m (con alias)[0m
[37m2025-09-03 17:14:05 - utils.technical_analysis - INFO     - ✅ Backfill Binance para SOLUSDT-5m: 300 registros (orig=SOLUSDT)[0m
[37m2025-09-03 17:14:05 - utils.feature_pipeline - INFO     - Generación de features completada por FeaturePipeline.[0m
[37m2025-09-03 17:14:05 - utils.technical_analysis - INFO     - 🤖 ML Predicción: COMPRAR=0.627, VENDER=0.373[0m
[37m2025-09-03 17:14:05 - utils.technical_analysis - INFO     - 🎯 Decisión: MANTENER, Score: 62.7[0m
[37m2025-09-03 17:14:05 - utils.technical_analysis - INFO     - Análisis completado para SOLUSDT. Decisión: MANTENER, Score: 62.71124106756015[0m
[37m2025-09-03 17:14:05 - utils.feature_pipeline - INFO     - FeaturePipeline inicializado.[0m
[37m2025-09-03 17:14:05 - utils.feature_pipeline - INFO     - Generación de features completada por FeaturePipeline.[0m
[37m2025-09-03 17:14:05 - utils.feature_pipeline - INFO     - Generación de features completada por FeaturePipeline.[0m
[37m2025-09-03 17:14:08 - utils.technical_analysis - INFO     - Iniciando análisis de mercado para ETHUSDT - 5m.[0m
[37m2025-09-03 17:14:09 - utils.technical_analysis - INFO     - Umbrales dinámicos activos: high=0.71, medium=0.71, low=0.55[0m
[37m2025-09-03 17:14:09 - utils.technical_analysis - INFO     - 🎯 Umbrales ML configurados: Alto=0.71, Medio=0.71, Bajo=0.55[0m
[37m2025-09-03 17:14:09 - utils.technical_analysis - INFO     - Obteniendo klines históricos para ETHUSDT (orig=ETHUSDT) - 5m (limit: 300) desde la BD.[0m
[33m2025-09-03 17:14:09 - utils.technical_analysis - WARNING  - No se encontraron klines en la BD para ETHUSDT-5m. Probando alias…[0m
[37m2025-09-03 17:14:09 - utils.technical_analysis - INFO     - Intentando fallback: lectura desde CSV para ETHUSDT-5m (con alias)[0m
[37m2025-09-03 17:14:09 - utils.technical_analysis - INFO     - ✅ Backfill Binance para ETHUSDT-5m: 300 registros (orig=ETHUSDT)[0m
[37m2025-09-03 17:14:09 - utils.feature_pipeline - INFO     - Generación de features completada por FeaturePipeline.[0m
[37m2025-09-03 17:14:09 - utils.technical_analysis - INFO     - 🤖 ML Predicción: COMPRAR=0.602, VENDER=0.398[0m
[37m2025-09-03 17:14:09 - utils.technical_analysis - INFO     - 🎯 Decisión: MANTENER, Score: 60.2[0m
[37m2025-09-03 17:14:09 - utils.technical_analysis - INFO     - Análisis completado para ETHUSDT. Decisión: MANTENER, Score: 60.16727372316827[0m
[37m2025-09-03 17:14:09 - utils.feature_pipeline - INFO     - FeaturePipeline inicializado.[0m
[37m2025-09-03 17:14:09 - utils.feature_pipeline - INFO     - Generación de features completada por FeaturePipeline.[0m
[37m2025-09-03 17:14:09 - utils.feature_pipeline - INFO     - Generación de features completada por FeaturePipeline.[0m
[37m2025-09-03 17:14:09 - utils.binance_client - INFO     - Cerrando cliente de Binance asíncrono...[0m
[37m2025-09-03 17:14:09 - utils.binance_client - INFO     - Cliente de Binance cerrado exitosamente.[0m
[37m2025-09-03 17:16:54 - utils.technical_analysis - INFO     - Iniciando análisis de mercado para SOLUSDT - 5m.[0m
[37m2025-09-03 17:16:55 - utils.technical_analysis - INFO     - Umbrales dinámicos activos: high=0.71, medium=0.71, low=0.55[0m
[37m2025-09-03 17:16:55 - utils.technical_analysis - INFO     - 🎯 Umbrales ML configurados: Alto=0.71, Medio=0.71, Bajo=0.55[0m
[37m2025-09-03 17:16:55 - utils.technical_analysis - INFO     - Obteniendo klines históricos para SOLUSDT (orig=SOLUSDT) - 5m (limit: 300) desde la BD.[0m
[33m2025-09-03 17:16:55 - utils.technical_analysis - WARNING  - No se encontraron klines en la BD para SOLUSDT-5m. Probando alias…[0m
[37m2025-09-03 17:16:55 - utils.binance_client - INFO     - Inicializando cliente de Binance asíncrono centralizado...[0m
[37m2025-09-03 17:16:56 - utils.binance_client - INFO     - Cliente de Binance asíncrono inicializado y conexión verificada exitosamente.[0m
[37m2025-09-03 17:16:56 - utils.technical_analysis - INFO     - Intentando fallback: lectura desde CSV para SOLUSDT-5m (con alias)[0m
[37m2025-09-03 17:16:56 - utils.technical_analysis - INFO     - ✅ Backfill Binance para SOLUSDT-5m: 300 registros (orig=SOLUSDT)[0m
[37m2025-09-03 17:16:56 - utils.feature_pipeline - INFO     - Generación de features completada por FeaturePipeline.[0m
[37m2025-09-03 17:16:56 - utils.technical_analysis - INFO     - 🤖 ML Predicción: COMPRAR=0.655, VENDER=0.345[0m
[37m2025-09-03 17:16:56 - utils.technical_analysis - INFO     - 🎯 Decisión: MANTENER, Score: 65.5[0m
[37m2025-09-03 17:16:56 - utils.technical_analysis - INFO     - Análisis completado para SOLUSDT. Decisión: MANTENER, Score: 65.5414226089801[0m
[37m2025-09-03 17:16:56 - utils.feature_pipeline - INFO     - FeaturePipeline inicializado.[0m
[37m2025-09-03 17:16:56 - utils.feature_pipeline - INFO     - Generación de features completada por FeaturePipeline.[0m
[37m2025-09-03 17:16:56 - utils.feature_pipeline - INFO     - Generación de features completada por FeaturePipeline.[0m
[37m2025-09-03 17:16:58 - utils.binance_client - INFO     - Cerrando cliente de Binance asíncrono...[0m
[37m2025-09-03 17:16:58 - utils.binance_client - INFO     - Cliente de Binance cerrado exitosamente.[0m
[37m2025-09-03 17:19:43 - dynamic_pair_selector - INFO     - 🔍 INICIANDO EVALUACIÓN DINÁMICA DE PARES[0m
[37m2025-09-03 17:19:43 - dynamic_pair_selector - INFO     - ============================================================[0m
[37m2025-09-03 17:19:43 - utils.binance_client - INFO     - Inicializando cliente de Binance asíncrono centralizado...[0m
[37m2025-09-03 17:19:44 - utils.binance_client - INFO     - Cliente de Binance asíncrono inicializado y conexión verificada exitosamente.[0m
[37m2025-09-03 17:19:45 - dynamic_pair_selector - INFO     - 📊 Descubiertos 412 pares USDT activos[0m
[37m2025-09-03 17:19:45 - dynamic_pair_selector - INFO     - 📊 Analizando 412 pares USDT[0m
[37m2025-09-03 17:19:45 - dynamic_pair_selector - INFO     - 📥 Procesando lote 1/42: 10 pares[0m
[37m2025-09-03 17:19:48 - dynamic_pair_selector - INFO     - 📥 Procesando lote 2/42: 10 pares[0m
[37m2025-09-03 17:19:51 - dynamic_pair_selector - INFO     - 📥 Procesando lote 3/42: 10 pares[0m
[37m2025-09-03 17:19:55 - dynamic_pair_selector - INFO     - 📥 Procesando lote 4/42: 10 pares[0m
[37m2025-09-03 17:19:58 - dynamic_pair_selector - INFO     - 📥 Procesando lote 5/42: 10 pares[0m
[37m2025-09-03 17:20:02 - dynamic_pair_selector - INFO     - 📥 Procesando lote 6/42: 10 pares[0m
[37m2025-09-03 17:20:04 - dynamic_pair_selector - INFO     - 📥 Procesando lote 7/42: 10 pares[0m
[37m2025-09-03 17:20:08 - dynamic_pair_selector - INFO     - 📥 Procesando lote 8/42: 10 pares[0m
[37m2025-09-03 17:20:11 - dynamic_pair_selector - INFO     - 📥 Procesando lote 9/42: 10 pares[0m
[37m2025-09-03 17:20:15 - dynamic_pair_selector - INFO     - 📥 Procesando lote 10/42: 10 pares[0m
[37m2025-09-03 17:20:18 - dynamic_pair_selector - INFO     - 📥 Procesando lote 11/42: 10 pares[0m
[37m2025-09-03 17:20:22 - dynamic_pair_selector - INFO     - 📥 Procesando lote 12/42: 10 pares[0m
[37m2025-09-03 17:20:25 - dynamic_pair_selector - INFO     - 📥 Procesando lote 13/42: 10 pares[0m
[37m2025-09-03 17:20:28 - dynamic_pair_selector - INFO     - 📥 Procesando lote 14/42: 10 pares[0m
[37m2025-09-03 17:20:32 - dynamic_pair_selector - INFO     - 📥 Procesando lote 15/42: 10 pares[0m
[37m2025-09-03 17:20:32 - dynamic_pair_selector - INFO     - 📥 Procesando lote 16/42: 10 pares[0m
[37m2025-09-03 17:20:36 - dynamic_pair_selector - INFO     - 📥 Procesando lote 17/42: 10 pares[0m
[37m2025-09-03 17:20:40 - dynamic_pair_selector - INFO     - 📥 Procesando lote 18/42: 10 pares[0m
[37m2025-09-03 17:20:42 - dynamic_pair_selector - INFO     - 📥 Procesando lote 19/42: 10 pares[0m
[37m2025-09-03 17:20:46 - dynamic_pair_selector - INFO     - 📥 Procesando lote 20/42: 10 pares[0m
[37m2025-09-03 17:20:49 - dynamic_pair_selector - INFO     - 📥 Procesando lote 21/42: 10 pares[0m
[37m2025-09-03 17:20:52 - dynamic_pair_selector - INFO     - 📥 Procesando lote 22/42: 10 pares[0m
[37m2025-09-03 17:20:55 - dynamic_pair_selector - INFO     - 📥 Procesando lote 23/42: 10 pares[0m
[37m2025-09-03 17:20:58 - dynamic_pair_selector - INFO     - 📥 Procesando lote 24/42: 10 pares[0m
[37m2025-09-03 17:20:58 - dynamic_pair_selector - INFO     - 📥 Procesando lote 25/42: 10 pares[0m
[37m2025-09-03 17:21:01 - dynamic_pair_selector - INFO     - 📥 Procesando lote 26/42: 10 pares[0m
[37m2025-09-03 17:21:04 - dynamic_pair_selector - INFO     - 📥 Procesando lote 27/42: 10 pares[0m
[37m2025-09-03 17:21:07 - dynamic_pair_selector - INFO     - 📥 Procesando lote 28/42: 10 pares[0m
[37m2025-09-03 17:21:10 - dynamic_pair_selector - INFO     - 📥 Procesando lote 29/42: 10 pares[0m
[37m2025-09-03 17:21:13 - dynamic_pair_selector - INFO     - 📥 Procesando lote 30/42: 10 pares[0m
[37m2025-09-03 17:21:15 - dynamic_pair_selector - INFO     - 📥 Procesando lote 31/42: 10 pares[0m
[37m2025-09-03 17:21:18 - dynamic_pair_selector - INFO     - 📥 Procesando lote 32/42: 10 pares[0m
[37m2025-09-03 17:21:21 - dynamic_pair_selector - INFO     - 📥 Procesando lote 33/42: 10 pares[0m
[37m2025-09-03 17:21:24 - dynamic_pair_selector - INFO     - 📥 Procesando lote 34/42: 10 pares[0m
[37m2025-09-03 17:21:27 - dynamic_pair_selector - INFO     - 📥 Procesando lote 35/42: 10 pares[0m
[37m2025-09-03 17:21:28 - dynamic_pair_selector - INFO     - 📥 Procesando lote 36/42: 10 pares[0m
[37m2025-09-03 17:21:32 - dynamic_pair_selector - INFO     - 📥 Procesando lote 37/42: 10 pares[0m
[37m2025-09-03 17:21:36 - dynamic_pair_selector - INFO     - 📥 Procesando lote 38/42: 10 pares[0m
[37m2025-09-03 17:21:39 - dynamic_pair_selector - INFO     - 📥 Procesando lote 39/42: 10 pares[0m
[37m2025-09-03 17:21:43 - dynamic_pair_selector - INFO     - 📥 Procesando lote 40/42: 10 pares[0m
[37m2025-09-03 17:21:46 - dynamic_pair_selector - INFO     - 📥 Procesando lote 41/42: 10 pares[0m
[37m2025-09-03 17:21:49 - dynamic_pair_selector - INFO     - 📥 Procesando lote 42/42: 2 pares[0m
[37m2025-09-03 17:21:50 - dynamic_pair_selector - INFO     - ✅ Evaluación completada: 409/412 pares analizados[0m
[37m2025-09-03 17:21:53 - utils.technical_analysis - INFO     - Iniciando análisis de mercado para SOLUSDT - 5m.[0m
[37m2025-09-03 17:21:53 - utils.technical_analysis - INFO     - Umbrales dinámicos activos: high=0.71, medium=0.71, low=0.55[0m
[37m2025-09-03 17:21:53 - utils.technical_analysis - INFO     - 🎯 Umbrales ML configurados: Alto=0.71, Medio=0.71, Bajo=0.55[0m
[37m2025-09-03 17:21:53 - utils.technical_analysis - INFO     - Obteniendo klines históricos para SOLUSDT (orig=SOLUSDT) - 5m (limit: 300) desde la BD.[0m
[33m2025-09-03 17:21:53 - utils.technical_analysis - WARNING  - No se encontraron klines en la BD para SOLUSDT-5m. Probando alias…[0m
[37m2025-09-03 17:21:53 - utils.technical_analysis - INFO     - Intentando fallback: lectura desde CSV para SOLUSDT-5m (con alias)[0m
[37m2025-09-03 17:21:54 - utils.technical_analysis - INFO     - ✅ Backfill Binance para SOLUSDT-5m: 300 registros (orig=SOLUSDT)[0m
[37m2025-09-03 17:21:54 - utils.feature_pipeline - INFO     - Generación de features completada por FeaturePipeline.[0m
[37m2025-09-03 17:21:54 - utils.technical_analysis - INFO     - 🤖 ML Predicción: COMPRAR=0.633, VENDER=0.367[0m
[37m2025-09-03 17:21:54 - utils.technical_analysis - INFO     - 🎯 Decisión: MANTENER, Score: 63.3[0m
[37m2025-09-03 17:21:54 - utils.technical_analysis - INFO     - Análisis completado para SOLUSDT. Decisión: MANTENER, Score: 63.271176735470725[0m
[37m2025-09-03 17:21:54 - utils.feature_pipeline - INFO     - FeaturePipeline inicializado.[0m
[37m2025-09-03 17:21:54 - utils.feature_pipeline - INFO     - Generación de features completada por FeaturePipeline.[0m
[37m2025-09-03 17:21:54 - utils.feature_pipeline - INFO     - Generación de features completada por FeaturePipeline.[0m
[37m2025-09-03 17:21:53 - utils.binance_client - INFO     - Cerrando cliente de Binance asíncrono...[0m
[37m2025-09-03 17:21:53 - utils.binance_client - INFO     - Cliente de Binance cerrado exitosamente.[0m
[37m2025-09-03 17:24:41 - utils.technical_analysis - INFO     - Iniciando análisis de mercado para SOLUSDT - 5m.[0m
[37m2025-09-03 17:24:42 - utils.technical_analysis - INFO     - Umbrales dinámicos activos: high=0.71, medium=0.71, low=0.55[0m
[37m2025-09-03 17:24:42 - utils.technical_analysis - INFO     - 🎯 Umbrales ML configurados: Alto=0.71, Medio=0.71, Bajo=0.55[0m
[37m2025-09-03 17:24:42 - utils.technical_analysis - INFO     - Obteniendo klines históricos para SOLUSDT (orig=SOLUSDT) - 5m (limit: 300) desde la BD.[0m
[33m2025-09-03 17:24:42 - utils.technical_analysis - WARNING  - No se encontraron klines en la BD para SOLUSDT-5m. Probando alias…[0m
[37m2025-09-03 17:24:42 - utils.binance_client - INFO     - Inicializando cliente de Binance asíncrono centralizado...[0m
[37m2025-09-03 17:24:42 - utils.binance_client - INFO     - Cliente de Binance asíncrono inicializado y conexión verificada exitosamente.[0m
[37m2025-09-03 17:24:42 - utils.technical_analysis - INFO     - Intentando fallback: lectura desde CSV para SOLUSDT-5m (con alias)[0m
[37m2025-09-03 17:24:43 - utils.technical_analysis - INFO     - ✅ Backfill Binance para SOLUSDT-5m: 300 registros (orig=SOLUSDT)[0m
[37m2025-09-03 17:24:43 - utils.feature_pipeline - INFO     - Generación de features completada por FeaturePipeline.[0m
[37m2025-09-03 17:24:43 - utils.technical_analysis - INFO     - 🤖 ML Predicción: COMPRAR=0.623, VENDER=0.377[0m
[37m2025-09-03 17:24:43 - utils.technical_analysis - INFO     - 🎯 Decisión: MANTENER, Score: 62.3[0m
[37m2025-09-03 17:24:43 - utils.technical_analysis - INFO     - Análisis completado para SOLUSDT. Decisión: MANTENER, Score: 62.30714378541319[0m
[37m2025-09-03 17:24:43 - utils.feature_pipeline - INFO     - FeaturePipeline inicializado.[0m
[37m2025-09-03 17:24:43 - utils.feature_pipeline - INFO     - Generación de features completada por FeaturePipeline.[0m
[37m2025-09-03 17:24:43 - utils.feature_pipeline - INFO     - Generación de features completada por FeaturePipeline.[0m
[37m2025-09-03 17:24:44 - utils.binance_client - INFO     - Cerrando cliente de Binance asíncrono...[0m
[37m2025-09-03 17:24:44 - utils.binance_client - INFO     - Cliente de Binance cerrado exitosamente.[0m
[37m2025-09-03 17:27:32 - utils.technical_analysis - INFO     - Iniciando análisis de mercado para SOLUSDT - 5m.[0m
[37m2025-09-03 17:27:33 - utils.technical_analysis - INFO     - Umbrales dinámicos activos: high=0.71, medium=0.71, low=0.55[0m
[37m2025-09-03 17:27:33 - utils.technical_analysis - INFO     - 🎯 Umbrales ML configurados: Alto=0.71, Medio=0.71, Bajo=0.55[0m
[37m2025-09-03 17:27:33 - utils.technical_analysis - INFO     - Obteniendo klines históricos para SOLUSDT (orig=SOLUSDT) - 5m (limit: 300) desde la BD.[0m
[33m2025-09-03 17:27:33 - utils.technical_analysis - WARNING  - No se encontraron klines en la BD para SOLUSDT-5m. Probando alias…[0m
[37m2025-09-03 17:27:33 - utils.binance_client - INFO     - Inicializando cliente de Binance asíncrono centralizado...[0m
[37m2025-09-03 17:27:33 - utils.binance_client - INFO     - Cliente de Binance asíncrono inicializado y conexión verificada exitosamente.[0m
[37m2025-09-03 17:27:33 - utils.technical_analysis - INFO     - Intentando fallback: lectura desde CSV para SOLUSDT-5m (con alias)[0m
[37m2025-09-03 17:27:34 - utils.technical_analysis - INFO     - ✅ Backfill Binance para SOLUSDT-5m: 300 registros (orig=SOLUSDT)[0m
[37m2025-09-03 17:27:34 - utils.feature_pipeline - INFO     - Generación de features completada por FeaturePipeline.[0m
[37m2025-09-03 17:27:34 - utils.technical_analysis - INFO     - 🤖 ML Predicción: COMPRAR=0.632, VENDER=0.368[0m
[37m2025-09-03 17:27:34 - utils.technical_analysis - INFO     - 🎯 Decisión: MANTENER, Score: 63.2[0m
[37m2025-09-03 17:27:34 - utils.technical_analysis - INFO     - Análisis completado para SOLUSDT. Decisión: MANTENER, Score: 63.20220104661528[0m
[37m2025-09-03 17:27:34 - utils.feature_pipeline - INFO     - FeaturePipeline inicializado.[0m
[37m2025-09-03 17:27:34 - utils.feature_pipeline - INFO     - Generación de features completada por FeaturePipeline.[0m
[37m2025-09-03 17:27:34 - utils.feature_pipeline - INFO     - Generación de features completada por FeaturePipeline.[0m
[37m2025-09-03 17:27:37 - utils.binance_client - INFO     - Cerrando cliente de Binance asíncrono...[0m
[37m2025-09-03 17:27:37 - utils.binance_client - INFO     - Cliente de Binance cerrado exitosamente.[0m
[37m2025-09-03 17:30:24 - utils.technical_analysis - INFO     - Iniciando análisis de mercado para SOLUSDT - 5m.[0m
[37m2025-09-03 17:30:25 - utils.technical_analysis - INFO     - Umbrales dinámicos activos: high=0.71, medium=0.71, low=0.55[0m
[37m2025-09-03 17:30:25 - utils.technical_analysis - INFO     - 🎯 Umbrales ML configurados: Alto=0.71, Medio=0.71, Bajo=0.55[0m
[37m2025-09-03 17:30:25 - utils.technical_analysis - INFO     - Obteniendo klines históricos para SOLUSDT (orig=SOLUSDT) - 5m (limit: 300) desde la BD.[0m
[33m2025-09-03 17:30:25 - utils.technical_analysis - WARNING  - No se encontraron klines en la BD para SOLUSDT-5m. Probando alias…[0m
[37m2025-09-03 17:30:25 - utils.binance_client - INFO     - Inicializando cliente de Binance asíncrono centralizado...[0m
[37m2025-09-03 17:30:26 - utils.binance_client - INFO     - Cliente de Binance asíncrono inicializado y conexión verificada exitosamente.[0m
[37m2025-09-03 17:30:26 - utils.technical_analysis - INFO     - Intentando fallback: lectura desde CSV para SOLUSDT-5m (con alias)[0m
[37m2025-09-03 17:30:26 - utils.technical_analysis - INFO     - ✅ Backfill Binance para SOLUSDT-5m: 300 registros (orig=SOLUSDT)[0m
[37m2025-09-03 17:30:26 - utils.feature_pipeline - INFO     - Generación de features completada por FeaturePipeline.[0m
[37m2025-09-03 17:30:26 - utils.technical_analysis - INFO     - 🤖 ML Predicción: COMPRAR=0.630, VENDER=0.370[0m
[37m2025-09-03 17:30:26 - utils.technical_analysis - INFO     - 🎯 Decisión: MANTENER, Score: 63.0[0m
[37m2025-09-03 17:30:26 - utils.technical_analysis - INFO     - Análisis completado para SOLUSDT. Decisión: MANTENER, Score: 63.03433086091245[0m
[37m2025-09-03 17:30:26 - utils.feature_pipeline - INFO     - FeaturePipeline inicializado.[0m
[37m2025-09-03 17:30:26 - utils.feature_pipeline - INFO     - Generación de features completada por FeaturePipeline.[0m
[37m2025-09-03 17:30:26 - utils.feature_pipeline - INFO     - Generación de features completada por FeaturePipeline.[0m
[37m2025-09-03 17:30:28 - utils.binance_client - INFO     - Cerrando cliente de Binance asíncrono...[0m
[37m2025-09-03 17:30:28 - utils.binance_client - INFO     - Cliente de Binance cerrado exitosamente.[0m
[37m2025-09-03 17:33:16 - utils.technical_analysis - INFO     - Iniciando análisis de mercado para SOLUSDT - 5m.[0m
[37m2025-09-03 17:33:16 - utils.technical_analysis - INFO     - Umbrales dinámicos activos: high=0.71, medium=0.71, low=0.55[0m
[37m2025-09-03 17:33:16 - utils.technical_analysis - INFO     - 🎯 Umbrales ML configurados: Alto=0.71, Medio=0.71, Bajo=0.55[0m
[37m2025-09-03 17:33:16 - utils.technical_analysis - INFO     - Obteniendo klines históricos para SOLUSDT (orig=SOLUSDT) - 5m (limit: 300) desde la BD.[0m
[33m2025-09-03 17:33:16 - utils.technical_analysis - WARNING  - No se encontraron klines en la BD para SOLUSDT-5m. Probando alias…[0m
[37m2025-09-03 17:33:16 - utils.binance_client - INFO     - Inicializando cliente de Binance asíncrono centralizado...[0m
[37m2025-09-03 17:33:14 - utils.binance_client - INFO     - Cliente de Binance asíncrono inicializado y conexión verificada exitosamente.[0m
[37m2025-09-03 17:33:14 - utils.technical_analysis - INFO     - Intentando fallback: lectura desde CSV para SOLUSDT-5m (con alias)[0m
[37m2025-09-03 17:33:15 - utils.technical_analysis - INFO     - ✅ Backfill Binance para SOLUSDT-5m: 300 registros (orig=SOLUSDT)[0m
[37m2025-09-03 17:33:15 - utils.feature_pipeline - INFO     - Generación de features completada por FeaturePipeline.[0m
[37m2025-09-03 17:33:15 - utils.technical_analysis - INFO     - 🤖 ML Predicción: COMPRAR=0.667, VENDER=0.333[0m
[37m2025-09-03 17:33:15 - utils.technical_analysis - INFO     - 🎯 Decisión: MANTENER, Score: 66.7[0m
[37m2025-09-03 17:33:15 - utils.technical_analysis - INFO     - Análisis completado para SOLUSDT. Decisión: MANTENER, Score: 66.65974794973532[0m
[37m2025-09-03 17:33:15 - utils.feature_pipeline - INFO     - FeaturePipeline inicializado.[0m
[37m2025-09-03 17:33:15 - utils.feature_pipeline - INFO     - Generación de features completada por FeaturePipeline.[0m
[37m2025-09-03 17:33:15 - utils.feature_pipeline - INFO     - Generación de features completada por FeaturePipeline.[0m
[37m2025-09-03 17:33:18 - utils.binance_client - INFO     - Cerrando cliente de Binance asíncrono...[0m
[37m2025-09-03 17:33:18 - utils.binance_client - INFO     - Cliente de Binance cerrado exitosamente.[0m
[37m2025-09-03 17:36:07 - utils.technical_analysis - INFO     - Iniciando análisis de mercado para SOLUSDT - 5m.[0m
[37m2025-09-03 17:36:07 - utils.technical_analysis - INFO     - Umbrales dinámicos activos: high=0.71, medium=0.71, low=0.55[0m
[37m2025-09-03 17:36:07 - utils.technical_analysis - INFO     - 🎯 Umbrales ML configurados: Alto=0.71, Medio=0.71, Bajo=0.55[0m
[37m2025-09-03 17:36:07 - utils.technical_analysis - INFO     - Obteniendo klines históricos para SOLUSDT (orig=SOLUSDT) - 5m (limit: 300) desde la BD.[0m
[33m2025-09-03 17:36:07 - utils.technical_analysis - WARNING  - No se encontraron klines en la BD para SOLUSDT-5m. Probando alias…[0m
[37m2025-09-03 17:36:07 - utils.binance_client - INFO     - Inicializando cliente de Binance asíncrono centralizado...[0m
[37m2025-09-03 17:36:08 - utils.binance_client - INFO     - Cliente de Binance asíncrono inicializado y conexión verificada exitosamente.[0m
[37m2025-09-03 17:36:08 - utils.technical_analysis - INFO     - Intentando fallback: lectura desde CSV para SOLUSDT-5m (con alias)[0m
[37m2025-09-03 17:36:08 - utils.technical_analysis - INFO     - ✅ Backfill Binance para SOLUSDT-5m: 300 registros (orig=SOLUSDT)[0m
[37m2025-09-03 17:36:08 - utils.feature_pipeline - INFO     - Generación de features completada por FeaturePipeline.[0m
[37m2025-09-03 17:36:08 - utils.technical_analysis - INFO     - 🤖 ML Predicción: COMPRAR=0.656, VENDER=0.344[0m
[37m2025-09-03 17:36:08 - utils.technical_analysis - INFO     - 🎯 Decisión: MANTENER, Score: 65.6[0m
[37m2025-09-03 17:36:08 - utils.technical_analysis - INFO     - Análisis completado para SOLUSDT. Decisión: MANTENER, Score: 65.56024430633319[0m
[37m2025-09-03 17:36:08 - utils.feature_pipeline - INFO     - FeaturePipeline inicializado.[0m
[37m2025-09-03 17:36:08 - utils.feature_pipeline - INFO     - Generación de features completada por FeaturePipeline.[0m
[37m2025-09-03 17:36:08 - utils.feature_pipeline - INFO     - Generación de features completada por FeaturePipeline.[0m
[37m2025-09-03 17:36:11 - utils.binance_client - INFO     - Cerrando cliente de Binance asíncrono...[0m
[37m2025-09-03 17:36:11 - utils.binance_client - INFO     - Cliente de Binance cerrado exitosamente.[0m
[SKIP] BTCUSDT minNotional(100.0) > margen(37.599999999999994)
[ML] SOLUSDT decision=MANTENER score=56.8 buy=0.432 sell=0.568
[CANDIDATE] SOLUSDT px=208.46500000 score=69.2 trend=0.0058
[FILTERS] minNotional=5.0 step=0.01 tick=0.01 qty=0.03
[COST] spread=0.0048% taker(round‑trip)≈0.0800% → Profit/Cost=47.17x
[ROI] TP Neto≈3.9152% (0.2449 USDT) sobre margen≈1.2508 → 19.58%
[CIRCUIT] Pérdida diaria 0.1512 >= límite 0.0943. No se abrirán nuevas entradas hoy.
[ML] ETHUSDT decision=MANTENER score=63.3 buy=0.633 sell=0.367
[CANDIDATE] ETHUSDT px=4469.04500000 score=69.0 trend=0.0036
[FILTERS] minNotional=20.0 step=0.001 tick=0.01 qty=0.005
[COST] spread=0.0002% taker(round‑trip)≈0.0800% → Profit/Cost=49.86x
[ROI] TP Neto≈3.9198% (0.8759 USDT) sobre margen≈4.4690 → 19.60%
[CIRCUIT] Pérdida diaria 0.1512 >= límite 0.0943. No se abrirán nuevas entradas hoy.
[ABORT] Ningún candidato cumplió minNotional/spread/ratio con los parámetros actuales.
[SKIP] BTCUSDT minNotional(100.0) > margen(37.599999999999994)
[ML] SOLUSDT decision=MANTENER score=50.2 buy=0.502 sell=0.498
[CANDIDATE] SOLUSDT px=208.62500000 score=69.2 trend=0.0058
[FILTERS] minNotional=5.0 step=0.01 tick=0.01 qty=0.03
[COST] spread=0.0048% taker(round‑trip)≈0.0800% → Profit/Cost=47.17x
[ROI] TP Neto≈3.9152% (0.2450 USDT) sobre margen≈1.2517 → 19.58%
[CIRCUIT] Pérdida diaria 0.1516 >= límite 0.0943. No se abrirán nuevas entradas hoy.
[ML] ETHUSDT decision=MANTENER score=61.5 buy=0.615 sell=0.385
[CANDIDATE] ETHUSDT px=4474.29500000 score=69.0 trend=0.0036
[FILTERS] minNotional=20.0 step=0.001 tick=0.01 qty=0.005
[COST] spread=0.0002% taker(round‑trip)≈0.0800% → Profit/Cost=49.86x
[ROI] TP Neto≈3.9198% (0.8769 USDT) sobre margen≈4.4743 → 19.60%
[CIRCUIT] Pérdida diaria 0.1515 >= límite 0.0943. No se abrirán nuevas entradas hoy.
[ABORT] Ningún candidato cumplió minNotional/spread/ratio con los parámetros actuales.
[SKIP] BTCUSDT minNotional(100.0) > margen(37.599999999999994)
[ML] SOLUSDT decision=MANTENER score=62.1 buy=0.621 sell=0.379
[CANDIDATE] SOLUSDT px=208.69500000 score=69.2 trend=0.0058
[FILTERS] minNotional=5.0 step=0.01 tick=0.01 qty=0.03
[COST] spread=0.0048% taker(round‑trip)≈0.0800% → Profit/Cost=47.17x
[ROI] TP Neto≈3.9152% (0.2451 USDT) sobre margen≈1.2522 → 19.58%
[CIRCUIT] Pérdida diaria 0.1512 >= límite 0.0943. No se abrirán nuevas entradas hoy.
[ML] ETHUSDT decision=MANTENER score=64.3 buy=0.643 sell=0.357
[CANDIDATE] ETHUSDT px=4469.40500000 score=69.0 trend=0.0036
[FILTERS] minNotional=20.0 step=0.001 tick=0.01 qty=0.005
[COST] spread=0.0002% taker(round‑trip)≈0.0800% → Profit/Cost=49.86x
[ROI] TP Neto≈3.9198% (0.8760 USDT) sobre margen≈4.4694 → 19.60%
[CIRCUIT] Pérdida diaria 0.1513 >= límite 0.0943. No se abrirán nuevas entradas hoy.
[ABORT] Ningún candidato cumplió minNotional/spread/ratio con los parámetros actuales.
[SKIP] BTCUSDT minNotional(100.0) > margen(37.599999999999994)
[ML] SOLUSDT decision=MANTENER score=62.7 buy=0.627 sell=0.373
[CANDIDATE] SOLUSDT px=208.70500000 score=69.2 trend=0.0058
[FILTERS] minNotional=5.0 step=0.01 tick=0.01 qty=0.03
[COST] spread=0.0048% taker(round‑trip)≈0.0800% → Profit/Cost=47.17x
[ROI] TP Neto≈3.9152% (0.2451 USDT) sobre margen≈1.2522 → 19.58%
[CIRCUIT] Pérdida diaria 0.1516 >= límite 0.0943. No se abrirán nuevas entradas hoy.
[ML] ETHUSDT decision=MANTENER score=60.2 buy=0.602 sell=0.398
[CANDIDATE] ETHUSDT px=4464.93500000 score=69.0 trend=0.0036
[FILTERS] minNotional=20.0 step=0.001 tick=0.01 qty=0.005
[COST] spread=0.0002% taker(round‑trip)≈0.0800% → Profit/Cost=49.86x
[ROI] TP Neto≈3.9198% (0.8751 USDT) sobre margen≈4.4649 → 19.60%
[CIRCUIT] Pérdida diaria 0.1512 >= límite 0.0943. No se abrirán nuevas entradas hoy.
[ABORT] Ningún candidato cumplió minNotional/spread/ratio con los parámetros actuales.
[SKIP] BTCUSDT minNotional(100.0) > margen(37.599999999999994)
[ML] SOLUSDT decision=MANTENER score=65.5 buy=0.655 sell=0.345
[CANDIDATE] SOLUSDT px=209.12500000 score=69.2 trend=0.0058
[FILTERS] minNotional=5.0 step=0.01 tick=0.01 qty=0.03
[COST] spread=0.0048% taker(round‑trip)≈0.0800% → Profit/Cost=47.18x
[ROI] TP Neto≈3.9152% (0.2456 USDT) sobre margen≈1.2548 → 19.58%
[CIRCUIT] Pérdida diaria 0.1512 >= límite 0.0943. No se abrirán nuevas entradas hoy.
[SKIP] ETHUSDT ADX 23.18 < min 25.0
[ABORT] Ningún candidato cumplió minNotional/spread/ratio con los parámetros actuales.
[SKIP] BTCUSDT minNotional(100.0) > margen(37.599999999999994)
[ML] SOLUSDT decision=MANTENER score=63.3 buy=0.633 sell=0.367
[CANDIDATE] SOLUSDT px=209.18500000 score=69.3 trend=0.0058
[FILTERS] minNotional=5.0 step=0.01 tick=0.01 qty=0.03
[COST] spread=0.0048% taker(round‑trip)≈0.0800% → Profit/Cost=47.18x
[ROI] TP Neto≈3.9152% (0.2457 USDT) sobre margen≈1.2551 → 19.58%
[CIRCUIT] Pérdida diaria 0.1511 >= límite 0.0943. No se abrirán nuevas entradas hoy.
[SKIP] ETHUSDT ADX 20.38 < min 25.0
[ABORT] Ningún candidato cumplió minNotional/spread/ratio con los parámetros actuales.
[SKIP] BTCUSDT minNotional(100.0) > margen(37.599999999999994)
[ML] SOLUSDT decision=MANTENER score=62.3 buy=0.623 sell=0.377
[CANDIDATE] SOLUSDT px=209.12500000 score=69.3 trend=0.0058
[FILTERS] minNotional=5.0 step=0.01 tick=0.01 qty=0.03
[COST] spread=0.0048% taker(round‑trip)≈0.0800% → Profit/Cost=47.18x
[ROI] TP Neto≈3.9152% (0.2456 USDT) sobre margen≈1.2548 → 19.58%
[CIRCUIT] Pérdida diaria 0.1516 >= límite 0.0943. No se abrirán nuevas entradas hoy.
[SKIP] ETHUSDT ADX 20.38 < min 25.0
[ABORT] Ningún candidato cumplió minNotional/spread/ratio con los parámetros actuales.
[SKIP] BTCUSDT minNotional(100.0) > margen(37.599999999999994)
[ML] SOLUSDT decision=MANTENER score=63.2 buy=0.632 sell=0.368
[CANDIDATE] SOLUSDT px=208.81500000 score=69.3 trend=0.0058
[FILTERS] minNotional=5.0 step=0.01 tick=0.01 qty=0.03
[COST] spread=0.0048% taker(round‑trip)≈0.0800% → Profit/Cost=47.18x
[ROI] TP Neto≈3.9152% (0.2453 USDT) sobre margen≈1.2529 → 19.58%
[CIRCUIT] Pérdida diaria 0.1517 >= límite 0.0943. No se abrirán nuevas entradas hoy.
[SKIP] ETHUSDT ADX 19.48 < min 25.0
[ABORT] Ningún candidato cumplió minNotional/spread/ratio con los parámetros actuales.
[SKIP] BTCUSDT minNotional(100.0) > margen(37.599999999999994)
[ML] SOLUSDT decision=MANTENER score=63.0 buy=0.63 sell=0.37
[CANDIDATE] SOLUSDT px=208.85500000 score=69.3 trend=0.0058
[FILTERS] minNotional=5.0 step=0.01 tick=0.01 qty=0.03
[COST] spread=0.0048% taker(round‑trip)≈0.0800% → Profit/Cost=47.18x
[ROI] TP Neto≈3.9152% (0.2453 USDT) sobre margen≈1.2531 → 19.58%
[CIRCUIT] Pérdida diaria 0.1523 >= límite 0.0943. No se abrirán nuevas entradas hoy.
[SKIP] ETHUSDT ADX 20.79 < min 25.0
[ABORT] Ningún candidato cumplió minNotional/spread/ratio con los parámetros actuales.
[SKIP] BTCUSDT minNotional(100.0) > margen(37.599999999999994)
[ML] SOLUSDT decision=MANTENER score=66.7 buy=0.667 sell=0.333
[CANDIDATE] SOLUSDT px=209.21500000 score=69.3 trend=0.0058
[FILTERS] minNotional=5.0 step=0.01 tick=0.01 qty=0.03
[COST] spread=0.0048% taker(round‑trip)≈0.0800% → Profit/Cost=47.18x
[ROI] TP Neto≈3.9152% (0.2457 USDT) sobre margen≈1.2553 → 19.58%
[CIRCUIT] Pérdida diaria 0.1522 >= límite 0.0943. No se abrirán nuevas entradas hoy.
[SKIP] ETHUSDT ADX 20.92 < min 25.0
[ABORT] Ningún candidato cumplió minNotional/spread/ratio con los parámetros actuales.
[SKIP] BTCUSDT minNotional(100.0) > margen(37.599999999999994)
[ML] SOLUSDT decision=MANTENER score=65.6 buy=0.656 sell=0.344
[CANDIDATE] SOLUSDT px=209.09500000 score=69.3 trend=0.0058
[FILTERS] minNotional=5.0 step=0.01 tick=0.01 qty=0.03
[COST] spread=0.0048% taker(round‑trip)≈0.0800% → Profit/Cost=47.18x
[ROI] TP Neto≈3.9152% (0.2456 USDT) sobre margen≈1.2546 → 19.58%
[CIRCUIT] Pérdida diaria 0.1522 >= límite 0.0943. No se abrirán nuevas entradas hoy.
[SKIP] ETHUSDT ADX 22.45 < min 25.0
[ABORT] Ningún candidato cumplió minNotional/spread/ratio con los parámetros actuales.
[SKIP] BTCUSDT minNotional(100.0) > margen(37.599999999999994)
[37m2025-09-03 17:38:58 - utils.technical_analysis - INFO     - Iniciando análisis de mercado para SOLUSDT - 5m.[0m
[37m2025-09-03 17:38:59 - utils.technical_analysis - INFO     - Umbrales dinámicos activos: high=0.71, medium=0.71, low=0.55[0m
[37m2025-09-03 17:38:59 - utils.technical_analysis - INFO     - 🎯 Umbrales ML configurados: Alto=0.71, Medio=0.71, Bajo=0.55[0m
[37m2025-09-03 17:38:59 - utils.technical_analysis - INFO     - Obteniendo klines históricos para SOLUSDT (orig=SOLUSDT) - 5m (limit: 300) desde la BD.[0m
[33m2025-09-03 17:38:59 - utils.technical_analysis - WARNING  - No se encontraron klines en la BD para SOLUSDT-5m. Probando alias…[0m
[37m2025-09-03 17:38:59 - utils.binance_client - INFO     - Inicializando cliente de Binance asíncrono centralizado...[0m
[37m2025-09-03 17:38:59 - utils.binance_client - INFO     - Cliente de Binance asíncrono inicializado y conexión verificada exitosamente.[0m
[37m2025-09-03 17:38:59 - utils.technical_analysis - INFO     - Intentando fallback: lectura desde CSV para SOLUSDT-5m (con alias)[0m
[37m2025-09-03 17:39:00 - utils.technical_analysis - INFO     - ✅ Backfill Binance para SOLUSDT-5m: 300 registros (orig=SOLUSDT)[0m
[37m2025-09-03 17:39:00 - utils.feature_pipeline - INFO     - Generación de features completada por FeaturePipeline.[0m
[37m2025-09-03 17:39:00 - utils.technical_analysis - INFO     - 🤖 ML Predicción: COMPRAR=0.656, VENDER=0.344[0m
[37m2025-09-03 17:39:00 - utils.technical_analysis - INFO     - 🎯 Decisión: MANTENER, Score: 65.6[0m
[37m2025-09-03 17:39:00 - utils.technical_analysis - INFO     - Análisis completado para SOLUSDT. Decisión: MANTENER, Score: 65.58017633160783[0m
[37m2025-09-03 17:39:00 - utils.feature_pipeline - INFO     - FeaturePipeline inicializado.[0m
[37m2025-09-03 17:39:00 - utils.feature_pipeline - INFO     - Generación de features completada por FeaturePipeline.[0m
[37m2025-09-03 17:39:00 - utils.feature_pipeline - INFO     - Generación de features completada por FeaturePipeline.[0m
[37m2025-09-03 17:39:03 - utils.binance_client - INFO     - Cerrando cliente de Binance asíncrono...[0m
[37m2025-09-03 17:39:03 - utils.binance_client - INFO     - Cliente de Binance cerrado exitosamente.[0m
[37m2025-09-03 17:41:51 - utils.technical_analysis - INFO     - Iniciando análisis de mercado para SOLUSDT - 5m.[0m
[37m2025-09-03 17:41:51 - utils.technical_analysis - INFO     - Umbrales dinámicos activos: high=0.71, medium=0.71, low=0.55[0m
[37m2025-09-03 17:41:51 - utils.technical_analysis - INFO     - 🎯 Umbrales ML configurados: Alto=0.71, Medio=0.71, Bajo=0.55[0m
[37m2025-09-03 17:41:51 - utils.technical_analysis - INFO     - Obteniendo klines históricos para SOLUSDT (orig=SOLUSDT) - 5m (limit: 300) desde la BD.[0m
[33m2025-09-03 17:41:51 - utils.technical_analysis - WARNING  - No se encontraron klines en la BD para SOLUSDT-5m. Probando alias…[0m
[37m2025-09-03 17:41:51 - utils.binance_client - INFO     - Inicializando cliente de Binance asíncrono centralizado...[0m
[37m2025-09-03 17:41:52 - utils.binance_client - INFO     - Cliente de Binance asíncrono inicializado y conexión verificada exitosamente.[0m
[37m2025-09-03 17:41:52 - utils.technical_analysis - INFO     - Intentando fallback: lectura desde CSV para SOLUSDT-5m (con alias)[0m
[37m2025-09-03 17:41:52 - utils.technical_analysis - INFO     - ✅ Backfill Binance para SOLUSDT-5m: 300 registros (orig=SOLUSDT)[0m
[37m2025-09-03 17:41:53 - utils.feature_pipeline - INFO     - Generación de features completada por FeaturePipeline.[0m
[37m2025-09-03 17:41:53 - utils.technical_analysis - INFO     - 🤖 ML Predicción: COMPRAR=0.606, VENDER=0.394[0m
[37m2025-09-03 17:41:53 - utils.technical_analysis - INFO     - 🎯 Decisión: MANTENER, Score: 60.6[0m
[37m2025-09-03 17:41:53 - utils.technical_analysis - INFO     - Análisis completado para SOLUSDT. Decisión: MANTENER, Score: 60.5634133653769[0m
[37m2025-09-03 17:41:53 - utils.feature_pipeline - INFO     - FeaturePipeline inicializado.[0m
[37m2025-09-03 17:41:53 - utils.feature_pipeline - INFO     - Generación de features completada por FeaturePipeline.[0m
[37m2025-09-03 17:41:54 - utils.feature_pipeline - INFO     - Generación de features completada por FeaturePipeline.[0m
[37m2025-09-03 17:41:54 - utils.binance_client - INFO     - Cerrando cliente de Binance asíncrono...[0m
[37m2025-09-03 17:41:54 - utils.binance_client - INFO     - Cliente de Binance cerrado exitosamente.[0m
[37m2025-09-03 17:44:42 - utils.technical_analysis - INFO     - Iniciando análisis de mercado para SOLUSDT - 5m.[0m
[37m2025-09-03 17:44:42 - utils.technical_analysis - INFO     - Umbrales dinámicos activos: high=0.71, medium=0.71, low=0.55[0m
[37m2025-09-03 17:44:42 - utils.technical_analysis - INFO     - 🎯 Umbrales ML configurados: Alto=0.71, Medio=0.71, Bajo=0.55[0m
[37m2025-09-03 17:44:42 - utils.technical_analysis - INFO     - Obteniendo klines históricos para SOLUSDT (orig=SOLUSDT) - 5m (limit: 300) desde la BD.[0m
[33m2025-09-03 17:44:42 - utils.technical_analysis - WARNING  - No se encontraron klines en la BD para SOLUSDT-5m. Probando alias…[0m
[37m2025-09-03 17:44:42 - utils.binance_client - INFO     - Inicializando cliente de Binance asíncrono centralizado...[0m
[37m2025-09-03 17:44:43 - utils.binance_client - INFO     - Cliente de Binance asíncrono inicializado y conexión verificada exitosamente.[0m
[37m2025-09-03 17:44:43 - utils.technical_analysis - INFO     - Intentando fallback: lectura desde CSV para SOLUSDT-5m (con alias)[0m
[37m2025-09-03 17:44:43 - utils.technical_analysis - INFO     - ✅ Backfill Binance para SOLUSDT-5m: 300 registros (orig=SOLUSDT)[0m
[37m2025-09-03 17:44:43 - utils.feature_pipeline - INFO     - Generación de features completada por FeaturePipeline.[0m
[37m2025-09-03 17:44:43 - utils.technical_analysis - INFO     - 🤖 ML Predicción: COMPRAR=0.682, VENDER=0.318[0m
[37m2025-09-03 17:44:43 - utils.technical_analysis - INFO     - 🎯 Decisión: MANTENER, Score: 68.2[0m
[37m2025-09-03 17:44:43 - utils.technical_analysis - INFO     - Análisis completado para SOLUSDT. Decisión: MANTENER, Score: 68.21759302785769[0m
[37m2025-09-03 17:44:43 - utils.feature_pipeline - INFO     - FeaturePipeline inicializado.[0m
[37m2025-09-03 17:44:43 - utils.feature_pipeline - INFO     - Generación de features completada por FeaturePipeline.[0m
[37m2025-09-03 17:44:43 - utils.feature_pipeline - INFO     - Generación de features completada por FeaturePipeline.[0m
[37m2025-09-03 17:44:45 - utils.binance_client - INFO     - Cerrando cliente de Binance asíncrono...[0m
[37m2025-09-03 17:44:45 - utils.binance_client - INFO     - Cliente de Binance cerrado exitosamente.[0m
[37m2025-09-03 17:50:19 - dynamic_pair_selector - INFO     - 🔍 INICIANDO EVALUACIÓN DINÁMICA DE PARES[0m
[37m2025-09-03 17:50:19 - dynamic_pair_selector - INFO     - ============================================================[0m
[37m2025-09-03 17:50:19 - utils.binance_client - INFO     - Inicializando cliente de Binance asíncrono centralizado...[0m
[37m2025-09-03 17:50:20 - utils.binance_client - INFO     - Cliente de Binance asíncrono inicializado y conexión verificada exitosamente.[0m
[37m2025-09-03 17:50:21 - dynamic_pair_selector - INFO     - 📊 Descubiertos 412 pares USDT activos[0m
[37m2025-09-03 17:50:21 - dynamic_pair_selector - INFO     - 📊 Analizando 412 pares USDT[0m
[37m2025-09-03 17:50:21 - dynamic_pair_selector - INFO     - 📥 Procesando lote 1/42: 10 pares[0m
[37m2025-09-03 17:50:24 - dynamic_pair_selector - INFO     - 📥 Procesando lote 2/42: 10 pares[0m
[37m2025-09-03 17:50:28 - dynamic_pair_selector - INFO     - 📥 Procesando lote 3/42: 10 pares[0m
[37m2025-09-03 17:50:31 - dynamic_pair_selector - INFO     - 📥 Procesando lote 4/42: 10 pares[0m
[37m2025-09-03 17:50:33 - dynamic_pair_selector - INFO     - 📥 Procesando lote 5/42: 10 pares[0m
[37m2025-09-03 17:50:36 - dynamic_pair_selector - INFO     - 📥 Procesando lote 6/42: 10 pares[0m
[37m2025-09-03 17:50:40 - dynamic_pair_selector - INFO     - 📥 Procesando lote 7/42: 10 pares[0m
[37m2025-09-03 17:50:44 - dynamic_pair_selector - INFO     - 📥 Procesando lote 8/42: 10 pares[0m
[37m2025-09-03 17:50:47 - dynamic_pair_selector - INFO     - 📥 Procesando lote 9/42: 10 pares[0m
[37m2025-09-03 17:50:51 - dynamic_pair_selector - INFO     - 📥 Procesando lote 10/42: 10 pares[0m
[37m2025-09-03 17:50:55 - dynamic_pair_selector - INFO     - 📥 Procesando lote 11/42: 10 pares[0m
[37m2025-09-03 17:50:58 - dynamic_pair_selector - INFO     - 📥 Procesando lote 12/42: 10 pares[0m
[37m2025-09-03 17:50:59 - dynamic_pair_selector - INFO     - 📥 Procesando lote 13/42: 10 pares[0m
[37m2025-09-03 17:51:03 - dynamic_pair_selector - INFO     - 📥 Procesando lote 14/42: 10 pares[0m
[37m2025-09-03 17:51:06 - dynamic_pair_selector - INFO     - 📥 Procesando lote 15/42: 10 pares[0m
[37m2025-09-03 17:51:09 - dynamic_pair_selector - INFO     - 📥 Procesando lote 16/42: 10 pares[0m
[37m2025-09-03 17:51:12 - dynamic_pair_selector - INFO     - 📥 Procesando lote 17/42: 10 pares[0m
[37m2025-09-03 17:51:15 - dynamic_pair_selector - INFO     - 📥 Procesando lote 18/42: 10 pares[0m
[37m2025-09-03 17:51:18 - dynamic_pair_selector - INFO     - 📥 Procesando lote 19/42: 10 pares[0m
[37m2025-09-03 17:51:21 - dynamic_pair_selector - INFO     - 📥 Procesando lote 20/42: 10 pares[0m
[37m2025-09-03 17:51:24 - dynamic_pair_selector - INFO     - 📥 Procesando lote 21/42: 10 pares[0m
[37m2025-09-03 17:51:27 - dynamic_pair_selector - INFO     - 📥 Procesando lote 22/42: 10 pares[0m
[37m2025-09-03 17:51:27 - dynamic_pair_selector - INFO     - 📥 Procesando lote 23/42: 10 pares[0m
[37m2025-09-03 17:51:30 - dynamic_pair_selector - INFO     - 📥 Procesando lote 24/42: 10 pares[0m
[37m2025-09-03 17:51:32 - dynamic_pair_selector - INFO     - 📥 Procesando lote 25/42: 10 pares[0m
[37m2025-09-03 17:51:35 - dynamic_pair_selector - INFO     - 📥 Procesando lote 26/42: 10 pares[0m
[37m2025-09-03 17:51:38 - dynamic_pair_selector - INFO     - 📥 Procesando lote 27/42: 10 pares[0m
[37m2025-09-03 17:51:41 - dynamic_pair_selector - INFO     - 📥 Procesando lote 28/42: 10 pares[0m
[37m2025-09-03 17:51:44 - dynamic_pair_selector - INFO     - 📥 Procesando lote 29/42: 10 pares[0m
[37m2025-09-03 17:51:46 - dynamic_pair_selector - INFO     - 📥 Procesando lote 30/42: 10 pares[0m
[37m2025-09-03 17:51:50 - dynamic_pair_selector - INFO     - 📥 Procesando lote 31/42: 10 pares[0m
[37m2025-09-03 17:51:53 - dynamic_pair_selector - INFO     - 📥 Procesando lote 32/42: 10 pares[0m
[37m2025-09-03 17:51:53 - dynamic_pair_selector - INFO     - 📥 Procesando lote 33/42: 10 pares[0m
[37m2025-09-03 17:51:57 - dynamic_pair_selector - INFO     - 📥 Procesando lote 34/42: 10 pares[0m
[37m2025-09-03 17:52:00 - dynamic_pair_selector - INFO     - 📥 Procesando lote 35/42: 10 pares[0m
[37m2025-09-03 17:52:03 - dynamic_pair_selector - INFO     - 📥 Procesando lote 36/42: 10 pares[0m
[37m2025-09-03 17:52:07 - dynamic_pair_selector - INFO     - 📥 Procesando lote 37/42: 10 pares[0m
[37m2025-09-03 17:52:09 - dynamic_pair_selector - INFO     - 📥 Procesando lote 38/42: 10 pares[0m
[37m2025-09-03 17:52:13 - dynamic_pair_selector - INFO     - 📥 Procesando lote 39/42: 10 pares[0m
[37m2025-09-03 17:52:15 - dynamic_pair_selector - INFO     - 📥 Procesando lote 40/42: 10 pares[0m
[37m2025-09-03 17:52:18 - dynamic_pair_selector - INFO     - 📥 Procesando lote 41/42: 10 pares[0m
[37m2025-09-03 17:52:21 - dynamic_pair_selector - INFO     - 📥 Procesando lote 42/42: 2 pares[0m
[37m2025-09-03 17:52:22 - dynamic_pair_selector - INFO     - ✅ Evaluación completada: 409/412 pares analizados[0m
[37m2025-09-03 17:52:25 - utils.binance_client - INFO     - Cerrando cliente de Binance asíncrono...[0m
[37m2025-09-03 17:52:25 - utils.binance_client - INFO     - Cliente de Binance cerrado exitosamente.[0m
[37m2025-09-03 18:12:10 - utils.technical_analysis - INFO     - Iniciando análisis de mercado para SOLUSDT - 5m.[0m
[37m2025-09-03 18:12:10 - utils.technical_analysis - INFO     - Umbrales dinámicos activos: high=0.71, medium=0.71, low=0.55[0m
[37m2025-09-03 18:12:10 - utils.technical_analysis - INFO     - 🎯 Umbrales ML configurados: Alto=0.71, Medio=0.71, Bajo=0.55[0m
[37m2025-09-03 18:12:10 - utils.technical_analysis - INFO     - Obteniendo klines históricos para SOLUSDT (orig=SOLUSDT) - 5m (limit: 300) desde la BD.[0m
[33m2025-09-03 18:12:10 - utils.technical_analysis - WARNING  - No se encontraron klines en la BD para SOLUSDT-5m. Probando alias…[0m
[37m2025-09-03 18:12:10 - utils.binance_client - INFO     - Inicializando cliente de Binance asíncrono centralizado...[0m
[37m2025-09-03 18:12:11 - utils.binance_client - INFO     - Cliente de Binance asíncrono inicializado y conexión verificada exitosamente.[0m
[37m2025-09-03 18:12:11 - utils.technical_analysis - INFO     - Intentando fallback: lectura desde CSV para SOLUSDT-5m (con alias)[0m
[37m2025-09-03 18:12:12 - utils.technical_analysis - INFO     - ✅ Backfill Binance para SOLUSDT-5m: 300 registros (orig=SOLUSDT)[0m
[37m2025-09-03 18:12:12 - utils.feature_pipeline - INFO     - Generación de features completada por FeaturePipeline.[0m
[37m2025-09-03 18:12:12 - utils.technical_analysis - INFO     - 🤖 ML Predicción: COMPRAR=0.738, VENDER=0.262[0m
[37m2025-09-03 18:12:12 - utils.technical_analysis - INFO     - 🎯 Decisión: COMPRAR, Score: 73.8[0m
[37m2025-09-03 18:12:12 - utils.technical_analysis - INFO     - Análisis completado para SOLUSDT. Decisión: COMPRAR, Score: 73.75086632613296[0m
[37m2025-09-03 18:12:12 - utils.feature_pipeline - INFO     - FeaturePipeline inicializado.[0m
[37m2025-09-03 18:12:12 - utils.feature_pipeline - INFO     - Generación de features completada por FeaturePipeline.[0m
[37m2025-09-03 18:12:12 - utils.feature_pipeline - INFO     - Generación de features completada por FeaturePipeline.[0m
[37m2025-09-03 18:12:14 - utils.binance_client - INFO     - Cerrando cliente de Binance asíncrono...[0m
[37m2025-09-03 18:12:14 - utils.binance_client - INFO     - Cliente de Binance cerrado exitosamente.[0m
[37m2025-09-03 18:15:02 - utils.technical_analysis - INFO     - Iniciando análisis de mercado para SOLUSDT - 5m.[0m
[37m2025-09-03 18:15:02 - utils.technical_analysis - INFO     - Umbrales dinámicos activos: high=0.71, medium=0.71, low=0.55[0m
[37m2025-09-03 18:15:02 - utils.technical_analysis - INFO     - 🎯 Umbrales ML configurados: Alto=0.71, Medio=0.71, Bajo=0.55[0m
[37m2025-09-03 18:15:02 - utils.technical_analysis - INFO     - Obteniendo klines históricos para SOLUSDT (orig=SOLUSDT) - 5m (limit: 300) desde la BD.[0m
[33m2025-09-03 18:15:02 - utils.technical_analysis - WARNING  - No se encontraron klines en la BD para SOLUSDT-5m. Probando alias…[0m
[37m2025-09-03 18:15:02 - utils.binance_client - INFO     - Inicializando cliente de Binance asíncrono centralizado...[0m
[37m2025-09-03 18:15:03 - utils.binance_client - INFO     - Cliente de Binance asíncrono inicializado y conexión verificada exitosamente.[0m
[37m2025-09-03 18:15:03 - utils.technical_analysis - INFO     - Intentando fallback: lectura desde CSV para SOLUSDT-5m (con alias)[0m
[37m2025-09-03 18:15:04 - utils.technical_analysis - INFO     - ✅ Backfill Binance para SOLUSDT-5m: 300 registros (orig=SOLUSDT)[0m
[37m2025-09-03 18:15:04 - utils.feature_pipeline - INFO     - Generación de features completada por FeaturePipeline.[0m
[37m2025-09-03 18:15:04 - utils.technical_analysis - INFO     - 🤖 ML Predicción: COMPRAR=0.651, VENDER=0.349[0m
[37m2025-09-03 18:15:04 - utils.technical_analysis - INFO     - 🎯 Decisión: MANTENER, Score: 65.1[0m
[37m2025-09-03 18:15:04 - utils.technical_analysis - INFO     - Análisis completado para SOLUSDT. Decisión: MANTENER, Score: 65.05770759425793[0m
[37m2025-09-03 18:15:04 - utils.feature_pipeline - INFO     - FeaturePipeline inicializado.[0m
[37m2025-09-03 18:15:04 - utils.feature_pipeline - INFO     - Generación de features completada por FeaturePipeline.[0m
[37m2025-09-03 18:15:04 - utils.feature_pipeline - INFO     - Generación de features completada por FeaturePipeline.[0m
[37m2025-09-03 18:15:07 - utils.binance_client - INFO     - Cerrando cliente de Binance asíncrono...[0m
[37m2025-09-03 18:15:07 - utils.binance_client - INFO     - Cliente de Binance cerrado exitosamente.[0m
[37m2025-09-03 18:17:53 - utils.technical_analysis - INFO     - Iniciando análisis de mercado para SOLUSDT - 5m.[0m
[37m2025-09-03 18:17:53 - utils.technical_analysis - INFO     - Umbrales dinámicos activos: high=0.71, medium=0.71, low=0.55[0m
[37m2025-09-03 18:17:53 - utils.technical_analysis - INFO     - 🎯 Umbrales ML configurados: Alto=0.71, Medio=0.71, Bajo=0.55[0m
[37m2025-09-03 18:17:53 - utils.technical_analysis - INFO     - Obteniendo klines históricos para SOLUSDT (orig=SOLUSDT) - 5m (limit: 300) desde la BD.[0m
[33m2025-09-03 18:17:53 - utils.technical_analysis - WARNING  - No se encontraron klines en la BD para SOLUSDT-5m. Probando alias…[0m
[37m2025-09-03 18:17:53 - utils.binance_client - INFO     - Inicializando cliente de Binance asíncrono centralizado...[0m
[37m2025-09-03 18:17:54 - utils.binance_client - INFO     - Cliente de Binance asíncrono inicializado y conexión verificada exitosamente.[0m
[37m2025-09-03 18:17:54 - utils.technical_analysis - INFO     - Intentando fallback: lectura desde CSV para SOLUSDT-5m (con alias)[0m
[37m2025-09-03 18:17:54 - utils.technical_analysis - INFO     - ✅ Backfill Binance para SOLUSDT-5m: 300 registros (orig=SOLUSDT)[0m
[37m2025-09-03 18:17:54 - utils.feature_pipeline - INFO     - Generación de features completada por FeaturePipeline.[0m
[37m2025-09-03 18:17:54 - utils.technical_analysis - INFO     - 🤖 ML Predicción: COMPRAR=0.730, VENDER=0.270[0m
[37m2025-09-03 18:17:54 - utils.technical_analysis - INFO     - 🎯 Decisión: COMPRAR, Score: 73.0[0m
[37m2025-09-03 18:17:54 - utils.technical_analysis - INFO     - Análisis completado para SOLUSDT. Decisión: COMPRAR, Score: 72.96438374186978[0m
[37m2025-09-03 18:17:54 - utils.feature_pipeline - INFO     - FeaturePipeline inicializado.[0m
[37m2025-09-03 18:17:55 - utils.feature_pipeline - INFO     - Generación de features completada por FeaturePipeline.[0m
[37m2025-09-03 18:17:55 - utils.feature_pipeline - INFO     - Generación de features completada por FeaturePipeline.[0m
[37m2025-09-03 18:17:56 - utils.binance_client - INFO     - Cerrando cliente de Binance asíncrono...[0m
[37m2025-09-03 18:17:56 - utils.binance_client - INFO     - Cliente de Binance cerrado exitosamente.[0m
[37m2025-09-03 18:20:41 - dynamic_pair_selector - INFO     - 🔍 INICIANDO EVALUACIÓN DINÁMICA DE PARES[0m
[37m2025-09-03 18:20:41 - dynamic_pair_selector - INFO     - ============================================================[0m
[37m2025-09-03 18:20:41 - utils.binance_client - INFO     - Inicializando cliente de Binance asíncrono centralizado...[0m
[37m2025-09-03 18:20:42 - utils.binance_client - INFO     - Cliente de Binance asíncrono inicializado y conexión verificada exitosamente.[0m
[37m2025-09-03 18:20:43 - dynamic_pair_selector - INFO     - 📊 Descubiertos 412 pares USDT activos[0m
[37m2025-09-03 18:20:43 - dynamic_pair_selector - INFO     - 📊 Analizando 412 pares USDT[0m
[37m2025-09-03 18:20:43 - dynamic_pair_selector - INFO     - 📥 Procesando lote 1/42: 10 pares[0m
[37m2025-09-03 18:20:46 - dynamic_pair_selector - INFO     - 📥 Procesando lote 2/42: 10 pares[0m
[37m2025-09-03 18:20:50 - dynamic_pair_selector - INFO     - 📥 Procesando lote 3/42: 10 pares[0m
[37m2025-09-03 18:20:54 - dynamic_pair_selector - INFO     - 📥 Procesando lote 4/42: 10 pares[0m
[37m2025-09-03 18:20:57 - dynamic_pair_selector - INFO     - 📥 Procesando lote 5/42: 10 pares[0m
[37m2025-09-03 18:21:01 - dynamic_pair_selector - INFO     - 📥 Procesando lote 6/42: 10 pares[0m
[37m2025-09-03 18:21:02 - dynamic_pair_selector - INFO     - 📥 Procesando lote 7/42: 10 pares[0m
[37m2025-09-03 18:21:06 - dynamic_pair_selector - INFO     - 📥 Procesando lote 8/42: 10 pares[0m
[37m2025-09-03 18:21:09 - dynamic_pair_selector - INFO     - 📥 Procesando lote 9/42: 10 pares[0m
[37m2025-09-03 18:21:13 - dynamic_pair_selector - INFO     - 📥 Procesando lote 10/42: 10 pares[0m
[37m2025-09-03 18:21:16 - dynamic_pair_selector - INFO     - 📥 Procesando lote 11/42: 10 pares[0m
[37m2025-09-03 18:21:20 - dynamic_pair_selector - INFO     - 📥 Procesando lote 12/42: 10 pares[0m
[37m2025-09-03 18:21:24 - dynamic_pair_selector - INFO     - 📥 Procesando lote 13/42: 10 pares[0m
[37m2025-09-03 18:21:27 - dynamic_pair_selector - INFO     - 📥 Procesando lote 14/42: 10 pares[0m
[37m2025-09-03 18:21:28 - dynamic_pair_selector - INFO     - 📥 Procesando lote 15/42: 10 pares[0m
[37m2025-09-03 18:21:31 - dynamic_pair_selector - INFO     - 📥 Procesando lote 16/42: 10 pares[0m
[37m2025-09-03 18:21:34 - dynamic_pair_selector - INFO     - 📥 Procesando lote 17/42: 10 pares[0m
[37m2025-09-03 18:21:37 - dynamic_pair_selector - INFO     - 📥 Procesando lote 18/42: 10 pares[0m
[37m2025-09-03 18:21:40 - dynamic_pair_selector - INFO     - 📥 Procesando lote 19/42: 10 pares[0m
[37m2025-09-03 18:21:43 - dynamic_pair_selector - INFO     - 📥 Procesando lote 20/42: 10 pares[0m
[37m2025-09-03 18:21:46 - dynamic_pair_selector - INFO     - 📥 Procesando lote 21/42: 10 pares[0m
[37m2025-09-03 18:21:49 - dynamic_pair_selector - INFO     - 📥 Procesando lote 22/42: 10 pares[0m
[37m2025-09-03 18:21:52 - dynamic_pair_selector - INFO     - 📥 Procesando lote 23/42: 10 pares[0m
[37m2025-09-03 18:21:54 - dynamic_pair_selector - INFO     - 📥 Procesando lote 24/42: 10 pares[0m
[37m2025-09-03 18:21:54 - dynamic_pair_selector - INFO     - 📥 Procesando lote 25/42: 10 pares[0m
[37m2025-09-03 18:21:57 - dynamic_pair_selector - INFO     - 📥 Procesando lote 26/42: 10 pares[0m
[37m2025-09-03 18:22:00 - dynamic_pair_selector - INFO     - 📥 Procesando lote 27/42: 10 pares[0m
[37m2025-09-03 18:22:03 - dynamic_pair_selector - INFO     - 📥 Procesando lote 28/42: 10 pares[0m
[37m2025-09-03 18:22:06 - dynamic_pair_selector - INFO     - 📥 Procesando lote 29/42: 10 pares[0m
[37m2025-09-03 18:22:08 - dynamic_pair_selector - INFO     - 📥 Procesando lote 30/42: 10 pares[0m
[37m2025-09-03 18:22:11 - dynamic_pair_selector - INFO     - 📥 Procesando lote 31/42: 10 pares[0m
[37m2025-09-03 18:22:14 - dynamic_pair_selector - INFO     - 📥 Procesando lote 32/42: 10 pares[0m
[37m2025-09-03 18:22:18 - dynamic_pair_selector - INFO     - 📥 Procesando lote 33/42: 10 pares[0m
[37m2025-09-03 18:22:22 - dynamic_pair_selector - INFO     - 📥 Procesando lote 34/42: 10 pares[0m
[37m2025-09-03 18:22:23 - dynamic_pair_selector - INFO     - 📥 Procesando lote 35/42: 10 pares[0m
[37m2025-09-03 18:22:26 - dynamic_pair_selector - INFO     - 📥 Procesando lote 36/42: 10 pares[0m
[37m2025-09-03 18:22:29 - dynamic_pair_selector - INFO     - 📥 Procesando lote 37/42: 10 pares[0m
[37m2025-09-03 18:22:32 - dynamic_pair_selector - INFO     - 📥 Procesando lote 38/42: 10 pares[0m
[37m2025-09-03 18:22:36 - dynamic_pair_selector - INFO     - 📥 Procesando lote 39/42: 10 pares[0m
[37m2025-09-03 18:22:38 - dynamic_pair_selector - INFO     - 📥 Procesando lote 40/42: 10 pares[0m
[37m2025-09-03 18:22:42 - dynamic_pair_selector - INFO     - 📥 Procesando lote 41/42: 10 pares[0m
[37m2025-09-03 18:22:45 - dynamic_pair_selector - INFO     - 📥 Procesando lote 42/42: 2 pares[0m
[37m2025-09-03 18:22:46 - dynamic_pair_selector - INFO     - ✅ Evaluación completada: 409/412 pares analizados[0m
[37m2025-09-03 18:22:48 - utils.technical_analysis - INFO     - Iniciando análisis de mercado para SOLUSDT - 5m.[0m
[37m2025-09-03 18:22:49 - utils.technical_analysis - INFO     - Umbrales dinámicos activos: high=0.71, medium=0.71, low=0.55[0m
[37m2025-09-03 18:22:49 - utils.technical_analysis - INFO     - 🎯 Umbrales ML configurados: Alto=0.71, Medio=0.71, Bajo=0.55[0m
[37m2025-09-03 18:22:49 - utils.technical_analysis - INFO     - Obteniendo klines históricos para SOLUSDT (orig=SOLUSDT) - 5m (limit: 300) desde la BD.[0m
[33m2025-09-03 18:22:49 - utils.technical_analysis - WARNING  - No se encontraron klines en la BD para SOLUSDT-5m. Probando alias…[0m
[37m2025-09-03 18:22:49 - utils.technical_analysis - INFO     - Intentando fallback: lectura desde CSV para SOLUSDT-5m (con alias)[0m
[37m2025-09-03 18:22:49 - utils.technical_analysis - INFO     - ✅ Backfill Binance para SOLUSDT-5m: 300 registros (orig=SOLUSDT)[0m
[37m2025-09-03 18:22:49 - utils.feature_pipeline - INFO     - Generación de features completada por FeaturePipeline.[0m
[37m2025-09-03 18:22:49 - utils.technical_analysis - INFO     - 🤖 ML Predicción: COMPRAR=0.749, VENDER=0.251[0m
[37m2025-09-03 18:22:49 - utils.technical_analysis - INFO     - 🎯 Decisión: COMPRAR, Score: 74.9[0m
[37m2025-09-03 18:22:49 - utils.technical_analysis - INFO     - Análisis completado para SOLUSDT. Decisión: COMPRAR, Score: 74.93984313411148[0m
[37m2025-09-03 18:22:49 - utils.feature_pipeline - INFO     - FeaturePipeline inicializado.[0m
[37m2025-09-03 18:22:49 - utils.feature_pipeline - INFO     - Generación de features completada por FeaturePipeline.[0m
[37m2025-09-03 18:22:49 - utils.feature_pipeline - INFO     - Generación de features completada por FeaturePipeline.[0m
[37m2025-09-03 18:22:49 - utils.binance_client - INFO     - Cerrando cliente de Binance asíncrono...[0m
[37m2025-09-03 18:22:49 - utils.binance_client - INFO     - Cliente de Binance cerrado exitosamente.[0m
[37m2025-09-03 18:25:37 - utils.technical_analysis - INFO     - Iniciando análisis de mercado para SOLUSDT - 5m.[0m
[37m2025-09-03 18:25:37 - utils.technical_analysis - INFO     - Umbrales dinámicos activos: high=0.71, medium=0.71, low=0.55[0m
[37m2025-09-03 18:25:37 - utils.technical_analysis - INFO     - 🎯 Umbrales ML configurados: Alto=0.71, Medio=0.71, Bajo=0.55[0m
[37m2025-09-03 18:25:37 - utils.technical_analysis - INFO     - Obteniendo klines históricos para SOLUSDT (orig=SOLUSDT) - 5m (limit: 300) desde la BD.[0m
[33m2025-09-03 18:25:37 - utils.technical_analysis - WARNING  - No se encontraron klines en la BD para SOLUSDT-5m. Probando alias…[0m
[37m2025-09-03 18:25:37 - utils.binance_client - INFO     - Inicializando cliente de Binance asíncrono centralizado...[0m
[37m2025-09-03 18:25:38 - utils.binance_client - INFO     - Cliente de Binance asíncrono inicializado y conexión verificada exitosamente.[0m
[37m2025-09-03 18:25:38 - utils.technical_analysis - INFO     - Intentando fallback: lectura desde CSV para SOLUSDT-5m (con alias)[0m
[37m2025-09-03 18:25:38 - utils.technical_analysis - INFO     - ✅ Backfill Binance para SOLUSDT-5m: 300 registros (orig=SOLUSDT)[0m
[37m2025-09-03 18:25:38 - utils.feature_pipeline - INFO     - Generación de features completada por FeaturePipeline.[0m
[37m2025-09-03 18:25:38 - utils.technical_analysis - INFO     - 🤖 ML Predicción: COMPRAR=0.758, VENDER=0.242[0m
[37m2025-09-03 18:25:38 - utils.technical_analysis - INFO     - 🎯 Decisión: COMPRAR, Score: 75.8[0m
[37m2025-09-03 18:25:38 - utils.technical_analysis - INFO     - Análisis completado para SOLUSDT. Decisión: COMPRAR, Score: 75.77606148735143[0m
[37m2025-09-03 18:25:38 - utils.feature_pipeline - INFO     - FeaturePipeline inicializado.[0m
[37m2025-09-03 18:25:38 - utils.feature_pipeline - INFO     - Generación de features completada por FeaturePipeline.[0m
[37m2025-09-03 18:25:38 - utils.feature_pipeline - INFO     - Generación de features completada por FeaturePipeline.[0m
[37m2025-09-03 18:25:41 - utils.binance_client - INFO     - Cerrando cliente de Binance asíncrono...[0m
[37m2025-09-03 18:25:41 - utils.binance_client - INFO     - Cliente de Binance cerrado exitosamente.[0m
[37m2025-09-03 18:28:28 - utils.technical_analysis - INFO     - Iniciando análisis de mercado para SOLUSDT - 5m.[0m
[37m2025-09-03 18:28:28 - utils.technical_analysis - INFO     - Umbrales dinámicos activos: high=0.71, medium=0.71, low=0.55[0m
[37m2025-09-03 18:28:28 - utils.technical_analysis - INFO     - 🎯 Umbrales ML configurados: Alto=0.71, Medio=0.71, Bajo=0.55[0m
[37m2025-09-03 18:28:28 - utils.technical_analysis - INFO     - Obteniendo klines históricos para SOLUSDT (orig=SOLUSDT) - 5m (limit: 300) desde la BD.[0m
[33m2025-09-03 18:28:28 - utils.technical_analysis - WARNING  - No se encontraron klines en la BD para SOLUSDT-5m. Probando alias…[0m
[37m2025-09-03 18:28:28 - utils.binance_client - INFO     - Inicializando cliente de Binance asíncrono centralizado...[0m
[37m2025-09-03 18:28:29 - utils.binance_client - INFO     - Cliente de Binance asíncrono inicializado y conexión verificada exitosamente.[0m
[37m2025-09-03 18:28:29 - utils.technical_analysis - INFO     - Intentando fallback: lectura desde CSV para SOLUSDT-5m (con alias)[0m
[37m2025-09-03 18:28:29 - utils.technical_analysis - INFO     - ✅ Backfill Binance para SOLUSDT-5m: 300 registros (orig=SOLUSDT)[0m
[37m2025-09-03 18:28:29 - utils.feature_pipeline - INFO     - Generación de features completada por FeaturePipeline.[0m
[37m2025-09-03 18:28:29 - utils.technical_analysis - INFO     - 🤖 ML Predicción: COMPRAR=0.749, VENDER=0.251[0m
[37m2025-09-03 18:28:29 - utils.technical_analysis - INFO     - 🎯 Decisión: COMPRAR, Score: 74.9[0m
[37m2025-09-03 18:28:29 - utils.technical_analysis - INFO     - Análisis completado para SOLUSDT. Decisión: COMPRAR, Score: 74.93984313411148[0m
[37m2025-09-03 18:28:29 - utils.feature_pipeline - INFO     - FeaturePipeline inicializado.[0m
[37m2025-09-03 18:28:29 - utils.feature_pipeline - INFO     - Generación de features completada por FeaturePipeline.[0m
[37m2025-09-03 18:28:30 - utils.feature_pipeline - INFO     - Generación de features completada por FeaturePipeline.[0m
[37m2025-09-03 18:28:32 - utils.binance_client - INFO     - Cerrando cliente de Binance asíncrono...[0m
[37m2025-09-03 18:28:32 - utils.binance_client - INFO     - Cliente de Binance cerrado exitosamente.[0m
[37m2025-09-03 18:31:20 - utils.technical_analysis - INFO     - Iniciando análisis de mercado para SOLUSDT - 5m.[0m
[37m2025-09-03 18:31:20 - utils.technical_analysis - INFO     - Umbrales dinámicos activos: high=0.71, medium=0.71, low=0.55[0m
[37m2025-09-03 18:31:20 - utils.technical_analysis - INFO     - 🎯 Umbrales ML configurados: Alto=0.71, Medio=0.71, Bajo=0.55[0m
[37m2025-09-03 18:31:20 - utils.technical_analysis - INFO     - Obteniendo klines históricos para SOLUSDT (orig=SOLUSDT) - 5m (limit: 300) desde la BD.[0m
[33m2025-09-03 18:31:20 - utils.technical_analysis - WARNING  - No se encontraron klines en la BD para SOLUSDT-5m. Probando alias…[0m
[37m2025-09-03 18:31:20 - utils.binance_client - INFO     - Inicializando cliente de Binance asíncrono centralizado...[0m
[37m2025-09-03 18:31:21 - utils.binance_client - INFO     - Cliente de Binance asíncrono inicializado y conexión verificada exitosamente.[0m
[37m2025-09-03 18:31:21 - utils.technical_analysis - INFO     - Intentando fallback: lectura desde CSV para SOLUSDT-5m (con alias)[0m
[37m2025-09-03 18:31:21 - utils.technical_analysis - INFO     - ✅ Backfill Binance para SOLUSDT-5m: 300 registros (orig=SOLUSDT)[0m
[37m2025-09-03 18:31:21 - utils.feature_pipeline - INFO     - Generación de features completada por FeaturePipeline.[0m
[37m2025-09-03 18:31:21 - utils.technical_analysis - INFO     - 🤖 ML Predicción: COMPRAR=0.730, VENDER=0.270[0m
[37m2025-09-03 18:31:21 - utils.technical_analysis - INFO     - 🎯 Decisión: COMPRAR, Score: 73.0[0m
[37m2025-09-03 18:31:21 - utils.technical_analysis - INFO     - Análisis completado para SOLUSDT. Decisión: COMPRAR, Score: 72.99976012871164[0m
[37m2025-09-03 18:31:21 - utils.feature_pipeline - INFO     - FeaturePipeline inicializado.[0m
[37m2025-09-03 18:31:21 - utils.feature_pipeline - INFO     - Generación de features completada por FeaturePipeline.[0m
[37m2025-09-03 18:31:21 - utils.feature_pipeline - INFO     - Generación de features completada por FeaturePipeline.[0m
[37m2025-09-03 18:31:25 - utils.binance_client - INFO     - Cerrando cliente de Binance asíncrono...[0m
[37m2025-09-03 18:31:25 - utils.binance_client - INFO     - Cliente de Binance cerrado exitosamente.[0m
[37m2025-09-03 18:34:13 - utils.technical_analysis - INFO     - Iniciando análisis de mercado para SOLUSDT - 5m.[0m
[37m2025-09-03 18:34:10 - utils.technical_analysis - INFO     - Umbrales dinámicos activos: high=0.71, medium=0.71, low=0.55[0m
[37m2025-09-03 18:34:10 - utils.technical_analysis - INFO     - 🎯 Umbrales ML configurados: Alto=0.71, Medio=0.71, Bajo=0.55[0m
[37m2025-09-03 18:34:10 - utils.technical_analysis - INFO     - Obteniendo klines históricos para SOLUSDT (orig=SOLUSDT) - 5m (limit: 300) desde la BD.[0m
[33m2025-09-03 18:34:10 - utils.technical_analysis - WARNING  - No se encontraron klines en la BD para SOLUSDT-5m. Probando alias…[0m
[37m2025-09-03 18:34:10 - utils.binance_client - INFO     - Inicializando cliente de Binance asíncrono centralizado...[0m
[37m2025-09-03 18:34:10 - utils.binance_client - INFO     - Cliente de Binance asíncrono inicializado y conexión verificada exitosamente.[0m
[37m2025-09-03 18:34:10 - utils.technical_analysis - INFO     - Intentando fallback: lectura desde CSV para SOLUSDT-5m (con alias)[0m
[37m2025-09-03 18:34:11 - utils.technical_analysis - INFO     - ✅ Backfill Binance para SOLUSDT-5m: 300 registros (orig=SOLUSDT)[0m
[37m2025-09-03 18:34:11 - utils.feature_pipeline - INFO     - Generación de features completada por FeaturePipeline.[0m
[37m2025-09-03 18:34:11 - utils.technical_analysis - INFO     - 🤖 ML Predicción: COMPRAR=0.612, VENDER=0.388[0m
[37m2025-09-03 18:34:11 - utils.technical_analysis - INFO     - 🎯 Decisión: MANTENER, Score: 61.2[0m
[37m2025-09-03 18:34:11 - utils.technical_analysis - INFO     - Análisis completado para SOLUSDT. Decisión: MANTENER, Score: 61.24616114687643[0m
[37m2025-09-03 18:34:11 - utils.feature_pipeline - INFO     - FeaturePipeline inicializado.[0m
[37m2025-09-03 18:34:11 - utils.feature_pipeline - INFO     - Generación de features completada por FeaturePipeline.[0m
[37m2025-09-03 18:34:11 - utils.feature_pipeline - INFO     - Generación de features completada por FeaturePipeline.[0m
[ML] SOLUSDT decision=MANTENER score=65.6 buy=0.656 sell=0.344
[CANDIDATE] SOLUSDT px=209.17500000 score=69.3 trend=0.0058
[FILTERS] minNotional=5.0 step=0.01 tick=0.01 qty=0.03
[COST] spread=0.0048% taker(round‑trip)≈0.0800% → Profit/Cost=47.18x
[ROI] TP Neto≈3.9152% (0.2457 USDT) sobre margen≈1.2550 → 19.58%
[CIRCUIT] Pérdida diaria 0.1519 >= límite 0.0943. No se abrirán nuevas entradas hoy.
[SKIP] ETHUSDT ADX 22.54 < min 25.0
[ABORT] Ningún candidato cumplió minNotional/spread/ratio con los parámetros actuales.
[SKIP] BTCUSDT minNotional(100.0) > margen(37.599999999999994)
[ML] SOLUSDT decision=MANTENER score=60.6 buy=0.606 sell=0.394
[CANDIDATE] SOLUSDT px=208.89500000 score=69.3 trend=0.0058
[FILTERS] minNotional=5.0 step=0.01 tick=0.01 qty=0.03
[COST] spread=0.0048% taker(round‑trip)≈0.0800% → Profit/Cost=47.18x
[ROI] TP Neto≈3.9152% (0.2454 USDT) sobre margen≈1.2534 → 19.58%
[CIRCUIT] Pérdida diaria 0.1514 >= límite 0.0943. No se abrirán nuevas entradas hoy.
[SKIP] ETHUSDT ADX 21.47 < min 25.0
[ABORT] Ningún candidato cumplió minNotional/spread/ratio con los parámetros actuales.
[SKIP] BTCUSDT minNotional(100.0) > margen(37.599999999999994)
[ML] SOLUSDT decision=MANTENER score=68.2 buy=0.682 sell=0.318
[CANDIDATE] SOLUSDT px=209.26500000 score=69.3 trend=0.0058
[FILTERS] minNotional=5.0 step=0.01 tick=0.01 qty=0.03
[COST] spread=0.0048% taker(round‑trip)≈0.0800% → Profit/Cost=47.18x
[ROI] TP Neto≈3.9152% (0.2458 USDT) sobre margen≈1.2556 → 19.58%
[CIRCUIT] Pérdida diaria 0.1508 >= límite 0.0943. No se abrirán nuevas entradas hoy.
[SKIP] ETHUSDT ADX 21.09 < min 25.0
[ABORT] Ningún candidato cumplió minNotional/spread/ratio con los parámetros actuales.
[SKIP] BTCUSDT minNotional(100.0) > margen(37.599999999999994)
[SKIP] SOLUSDT ADX 24.39 < min 25.0
[SKIP] ETHUSDT ADX 19.16 < min 25.0
[ABORT] Ningún candidato cumplió minNotional/spread/ratio con los parámetros actuales.
[SKIP] BTCUSDT minNotional(100.0) > margen(37.599999999999994)
[SKIP] SOLUSDT ADX 23.77 < min 25.0
[SKIP] ETHUSDT ADX 16.86 < min 25.0
[ABORT] Ningún candidato cumplió minNotional/spread/ratio con los parámetros actuales.
[SKIP] BTCUSDT minNotional(100.0) > margen(37.599999999999994)
[SKIP] SOLUSDT ADX 24.56 < min 25.0
[SKIP] ETHUSDT ADX 16.30 < min 25.0
[ABORT] Ningún candidato cumplió minNotional/spread/ratio con los parámetros actuales.
[SKIP] BTCUSDT minNotional(100.0) > margen(37.599999999999994)
[SKIP] SOLUSDT ADX 24.73 < min 25.0
[SKIP] ETHUSDT ADX 16.33 < min 25.0
[ABORT] Ningún candidato cumplió minNotional/spread/ratio con los parámetros actuales.
[SKIP] BTCUSDT minNotional(100.0) > margen(37.599999999999994)
[SKIP] SOLUSDT ADX 24.50 < min 25.0
[SKIP] ETHUSDT ADX 16.72 < min 25.0
[ABORT] Ningún candidato cumplió minNotional/spread/ratio con los parámetros actuales.
[SKIP] BTCUSDT minNotional(100.0) > margen(37.599999999999994)
[SKIP] SOLUSDT ADX 24.50 < min 25.0
[SKIP] ETHUSDT ADX 15.84 < min 25.0
[ABORT] Ningún candidato cumplió minNotional/spread/ratio con los parámetros actuales.
[SKIP] BTCUSDT minNotional(100.0) > margen(37.599999999999994)
[SKIP] SOLUSDT ADX 24.56 < min 25.0
[SKIP] ETHUSDT ADX 15.53 < min 25.0
[ABORT] Ningún candidato cumplió minNotional/spread/ratio con los parámetros actuales.
[SKIP] BTCUSDT minNotional(100.0) > margen(37.599999999999994)
[SKIP] SOLUSDT ADX 24.56 < min 25.0
[SKIP] ETHUSDT ADX 15.03 < min 25.0
[ABORT] Ningún candidato cumplió minNotional/spread/ratio con los parámetros actuales.
[SKIP] BTCUSDT minNotional(100.0) > margen(37.599999999999994)
[ML] SOLUSDT decision=COMPRAR score=73.8 buy=0.738 sell=0.262
[CANDIDATE] SOLUSDT px=209.96500000 score=69.3 trend=0.0058
[FILTERS] minNotional=5.0 step=0.01 tick=0.01 qty=0.03
[COST] spread=0.0048% taker(round‑trip)≈0.0800% → Profit/Cost=47.19x
[ROI] TP Neto≈3.9152% (0.2466 USDT) sobre margen≈1.2598 → 19.58%
[CIRCUIT] Pérdida diaria 0.1511 >= límite 0.0943. No se abrirán nuevas entradas hoy.
[SKIP] ETHUSDT ADX 14.27 < min 25.0
[ABORT] Ningún candidato cumplió minNotional/spread/ratio con los parámetros actuales.
[SKIP] BTCUSDT minNotional(100.0) > margen(37.599999999999994)
[ML] SOLUSDT decision=MANTENER score=65.1 buy=0.651 sell=0.349
[CANDIDATE] SOLUSDT px=209.67500000 score=69.3 trend=0.0058
[FILTERS] minNotional=5.0 step=0.01 tick=0.01 qty=0.03
[COST] spread=0.0048% taker(round‑trip)≈0.0800% → Profit/Cost=47.19x
[ROI] TP Neto≈3.9152% (0.2463 USDT) sobre margen≈1.2581 → 19.58%
[CIRCUIT] Pérdida diaria 0.1514 >= límite 0.0943. No se abrirán nuevas entradas hoy.
[SKIP] ETHUSDT ADX 17.46 < min 25.0
[ABORT] Ningún candidato cumplió minNotional/spread/ratio con los parámetros actuales.
[SKIP] BTCUSDT minNotional(100.0) > margen(37.599999999999994)
[ML] SOLUSDT decision=COMPRAR score=73.0 buy=0.73 sell=0.27
[CANDIDATE] SOLUSDT px=209.89500000 score=69.3 trend=0.0058
[FILTERS] minNotional=5.0 step=0.01 tick=0.01 qty=0.03
[COST] spread=0.0048% taker(round‑trip)≈0.0800% → Profit/Cost=47.19x
[ROI] TP Neto≈3.9152% (0.2465 USDT) sobre margen≈1.2594 → 19.58%
[CIRCUIT] Pérdida diaria 0.1512 >= límite 0.0943. No se abrirán nuevas entradas hoy.
[SKIP] ETHUSDT ADX 17.46 < min 25.0
[ABORT] Ningún candidato cumplió minNotional/spread/ratio con los parámetros actuales.
[SKIP] BTCUSDT minNotional(100.0) > margen(37.599999999999994)
[ML] SOLUSDT decision=COMPRAR score=74.9 buy=0.749 sell=0.251
[CANDIDATE] SOLUSDT px=210.06500000 score=69.3 trend=0.0058
[FILTERS] minNotional=5.0 step=0.01 tick=0.01 qty=0.03
[COST] spread=0.0048% taker(round‑trip)≈0.0800% → Profit/Cost=47.19x
[ROI] TP Neto≈3.9152% (0.2467 USDT) sobre margen≈1.2604 → 19.58%
[CIRCUIT] Pérdida diaria 0.1517 >= límite 0.0943. No se abrirán nuevas entradas hoy.
[SKIP] ETHUSDT ADX 19.76 < min 25.0
[ABORT] Ningún candidato cumplió minNotional/spread/ratio con los parámetros actuales.
[SKIP] BTCUSDT minNotional(100.0) > margen(37.599999999999994)
[ML] SOLUSDT decision=COMPRAR score=75.8 buy=0.758 sell=0.242
[CANDIDATE] SOLUSDT px=209.99500000 score=69.3 trend=0.0058
[FILTERS] minNotional=5.0 step=0.01 tick=0.01 qty=0.03
[COST] spread=0.0048% taker(round‑trip)≈0.0800% → Profit/Cost=47.19x
[ROI] TP Neto≈3.9152% (0.2467 USDT) sobre margen≈1.2600 → 19.58%
[CIRCUIT] Pérdida diaria 0.1511 >= límite 0.0943. No se abrirán nuevas entradas hoy.
[SKIP] ETHUSDT ADX 22.10 < min 25.0
[ABORT] Ningún candidato cumplió minNotional/spread/ratio con los parámetros actuales.
[SKIP] BTCUSDT minNotional(100.0) > margen(37.599999999999994)
[ML] SOLUSDT decision=COMPRAR score=74.9 buy=0.749 sell=0.251
[CANDIDATE] SOLUSDT px=210.10500000 score=69.3 trend=0.0058
[FILTERS] minNotional=5.0 step=0.01 tick=0.01 qty=0.03
[COST] spread=0.0048% taker(round‑trip)≈0.0800% → Profit/Cost=47.19x
[ROI] TP Neto≈3.9152% (0.2468 USDT) sobre margen≈1.2606 → 19.58%
[CIRCUIT] Pérdida diaria 0.1511 >= límite 0.0943. No se abrirán nuevas entradas hoy.
[SKIP] ETHUSDT ADX 22.10 < min 25.0
[ABORT] Ningún candidato cumplió minNotional/spread/ratio con los parámetros actuales.
[SKIP] BTCUSDT minNotional(100.0) > margen(37.599999999999994)
[ML] SOLUSDT decision=COMPRAR score=73.0 buy=0.73 sell=0.27
[CANDIDATE] SOLUSDT px=210.64500000 score=69.3 trend=0.0058
[FILTERS] minNotional=5.0 step=0.01 tick=0.01 qty=0.03
[COST] spread=0.0047% taker(round‑trip)≈0.0800% → Profit/Cost=47.20x
[ROI] TP Neto≈3.9153% (0.2474 USDT) sobre margen≈1.2639 → 19.58%
[CIRCUIT] Pérdida diaria 0.1503 >= límite 0.0943. No se abrirán nuevas entradas hoy.
[SKIP] ETHUSDT ADX 23.95 < min 25.0
[ABORT] Ningún candidato cumplió minNotional/spread/ratio con los parámetros actuales.
[SKIP] BTCUSDT minNotional(100.0) > margen(37.599999999999994)
[ML] SOLUSDT decision=MANTENER score=61.2 buy=0.612 sell=0.388
[CANDIDATE] SOLUSDT px=210.11500000 score=69.3 trend=0.0058
[FILTERS] minNotional=5.0 step=0.01 tick=0.01 qty=0.03
[COST] spread=0.0048% taker(round‑trip)≈0.0800% → Profit/Cost=47.19x
[ROI] TP Neto≈3.9152% (0.2468 USDT) sobre margen≈1.2607 → 19.58%
[37m2025-09-03 18:34:13 - utils.binance_client - INFO     - Cerrando cliente de Binance asíncrono...[0m
[37m2025-09-03 18:34:13 - utils.binance_client - INFO     - Cliente de Binance cerrado exitosamente.[0m
[37m2025-09-03 18:37:01 - utils.technical_analysis - INFO     - Iniciando análisis de mercado para SOLUSDT - 5m.[0m
[37m2025-09-03 18:37:01 - utils.technical_analysis - INFO     - Umbrales dinámicos activos: high=0.71, medium=0.71, low=0.55[0m
[37m2025-09-03 18:37:01 - utils.technical_analysis - INFO     - 🎯 Umbrales ML configurados: Alto=0.71, Medio=0.71, Bajo=0.55[0m
[37m2025-09-03 18:37:01 - utils.technical_analysis - INFO     - Obteniendo klines históricos para SOLUSDT (orig=SOLUSDT) - 5m (limit: 300) desde la BD.[0m
[33m2025-09-03 18:37:01 - utils.technical_analysis - WARNING  - No se encontraron klines en la BD para SOLUSDT-5m. Probando alias…[0m
[37m2025-09-03 18:37:01 - utils.binance_client - INFO     - Inicializando cliente de Binance asíncrono centralizado...[0m
[37m2025-09-03 18:37:02 - utils.binance_client - INFO     - Cliente de Binance asíncrono inicializado y conexión verificada exitosamente.[0m
[37m2025-09-03 18:37:02 - utils.technical_analysis - INFO     - Intentando fallback: lectura desde CSV para SOLUSDT-5m (con alias)[0m
[37m2025-09-03 18:37:02 - utils.technical_analysis - INFO     - ✅ Backfill Binance para SOLUSDT-5m: 300 registros (orig=SOLUSDT)[0m
[37m2025-09-03 18:37:02 - utils.feature_pipeline - INFO     - Generación de features completada por FeaturePipeline.[0m
[37m2025-09-03 18:37:02 - utils.technical_analysis - INFO     - 🤖 ML Predicción: COMPRAR=0.622, VENDER=0.378[0m
[37m2025-09-03 18:37:02 - utils.technical_analysis - INFO     - 🎯 Decisión: MANTENER, Score: 62.2[0m
[37m2025-09-03 18:37:02 - utils.technical_analysis - INFO     - Análisis completado para SOLUSDT. Decisión: MANTENER, Score: 62.22554525226987[0m
[37m2025-09-03 18:37:02 - utils.feature_pipeline - INFO     - FeaturePipeline inicializado.[0m
[37m2025-09-03 18:37:02 - utils.feature_pipeline - INFO     - Generación de features completada por FeaturePipeline.[0m
[37m2025-09-03 18:37:03 - utils.feature_pipeline - INFO     - Generación de features completada por FeaturePipeline.[0m
[37m2025-09-03 18:37:05 - utils.technical_analysis - INFO     - Iniciando análisis de mercado para ETHUSDT - 5m.[0m
[37m2025-09-03 18:37:06 - utils.technical_analysis - INFO     - Umbrales dinámicos activos: high=0.71, medium=0.71, low=0.55[0m
[37m2025-09-03 18:37:06 - utils.technical_analysis - INFO     - 🎯 Umbrales ML configurados: Alto=0.71, Medio=0.71, Bajo=0.55[0m
[37m2025-09-03 18:37:06 - utils.technical_analysis - INFO     - Obteniendo klines históricos para ETHUSDT (orig=ETHUSDT) - 5m (limit: 300) desde la BD.[0m
[33m2025-09-03 18:37:06 - utils.technical_analysis - WARNING  - No se encontraron klines en la BD para ETHUSDT-5m. Probando alias…[0m
[37m2025-09-03 18:37:06 - utils.technical_analysis - INFO     - Intentando fallback: lectura desde CSV para ETHUSDT-5m (con alias)[0m
[37m2025-09-03 18:37:06 - utils.technical_analysis - INFO     - ✅ Backfill Binance para ETHUSDT-5m: 300 registros (orig=ETHUSDT)[0m
[37m2025-09-03 18:37:06 - utils.feature_pipeline - INFO     - Generación de features completada por FeaturePipeline.[0m
[37m2025-09-03 18:37:06 - utils.technical_analysis - INFO     - 🤖 ML Predicción: COMPRAR=0.393, VENDER=0.607[0m
[37m2025-09-03 18:37:06 - utils.technical_analysis - INFO     - 🎯 Decisión: MANTENER, Score: 60.7[0m
[37m2025-09-03 18:37:06 - utils.technical_analysis - INFO     - Análisis completado para ETHUSDT. Decisión: MANTENER, Score: 60.722154286736085[0m
[37m2025-09-03 18:37:06 - utils.feature_pipeline - INFO     - FeaturePipeline inicializado.[0m
[37m2025-09-03 18:37:06 - utils.feature_pipeline - INFO     - Generación de features completada por FeaturePipeline.[0m
[37m2025-09-03 18:37:06 - utils.feature_pipeline - INFO     - Generación de features completada por FeaturePipeline.[0m
[37m2025-09-03 18:37:07 - utils.binance_client - INFO     - Cerrando cliente de Binance asíncrono...[0m
[37m2025-09-03 18:37:07 - utils.binance_client - INFO     - Cliente de Binance cerrado exitosamente.[0m
[37m2025-09-03 18:39:55 - utils.technical_analysis - INFO     - Iniciando análisis de mercado para SOLUSDT - 5m.[0m
[37m2025-09-03 18:39:55 - utils.technical_analysis - INFO     - Umbrales dinámicos activos: high=0.71, medium=0.71, low=0.55[0m
[37m2025-09-03 18:39:55 - utils.technical_analysis - INFO     - 🎯 Umbrales ML configurados: Alto=0.71, Medio=0.71, Bajo=0.55[0m
[37m2025-09-03 18:39:55 - utils.technical_analysis - INFO     - Obteniendo klines históricos para SOLUSDT (orig=SOLUSDT) - 5m (limit: 300) desde la BD.[0m
[33m2025-09-03 18:39:55 - utils.technical_analysis - WARNING  - No se encontraron klines en la BD para SOLUSDT-5m. Probando alias…[0m
[37m2025-09-03 18:39:55 - utils.binance_client - INFO     - Inicializando cliente de Binance asíncrono centralizado...[0m
[37m2025-09-03 18:39:56 - utils.binance_client - INFO     - Cliente de Binance asíncrono inicializado y conexión verificada exitosamente.[0m
[37m2025-09-03 18:39:56 - utils.technical_analysis - INFO     - Intentando fallback: lectura desde CSV para SOLUSDT-5m (con alias)[0m
[37m2025-09-03 18:39:56 - utils.technical_analysis - INFO     - ✅ Backfill Binance para SOLUSDT-5m: 300 registros (orig=SOLUSDT)[0m
[37m2025-09-03 18:39:56 - utils.feature_pipeline - INFO     - Generación de features completada por FeaturePipeline.[0m
[37m2025-09-03 18:39:56 - utils.technical_analysis - INFO     - 🤖 ML Predicción: COMPRAR=0.622, VENDER=0.378[0m
[37m2025-09-03 18:39:56 - utils.technical_analysis - INFO     - 🎯 Decisión: MANTENER, Score: 62.2[0m
[37m2025-09-03 18:39:56 - utils.technical_analysis - INFO     - Análisis completado para SOLUSDT. Decisión: MANTENER, Score: 62.22554525226987[0m
[37m2025-09-03 18:39:56 - utils.feature_pipeline - INFO     - FeaturePipeline inicializado.[0m
[37m2025-09-03 18:39:56 - utils.feature_pipeline - INFO     - Generación de features completada por FeaturePipeline.[0m
[37m2025-09-03 18:39:56 - utils.feature_pipeline - INFO     - Generación de features completada por FeaturePipeline.[0m
[37m2025-09-03 18:39:59 - utils.technical_analysis - INFO     - Iniciando análisis de mercado para ETHUSDT - 5m.[0m
[37m2025-09-03 18:39:59 - utils.technical_analysis - INFO     - Umbrales dinámicos activos: high=0.71, medium=0.71, low=0.55[0m
[37m2025-09-03 18:39:59 - utils.technical_analysis - INFO     - 🎯 Umbrales ML configurados: Alto=0.71, Medio=0.71, Bajo=0.55[0m
[37m2025-09-03 18:39:59 - utils.technical_analysis - INFO     - Obteniendo klines históricos para ETHUSDT (orig=ETHUSDT) - 5m (limit: 300) desde la BD.[0m
[33m2025-09-03 18:39:59 - utils.technical_analysis - WARNING  - No se encontraron klines en la BD para ETHUSDT-5m. Probando alias…[0m
[37m2025-09-03 18:39:59 - utils.technical_analysis - INFO     - Intentando fallback: lectura desde CSV para ETHUSDT-5m (con alias)[0m
[37m2025-09-03 18:39:59 - utils.technical_analysis - INFO     - ✅ Backfill Binance para ETHUSDT-5m: 300 registros (orig=ETHUSDT)[0m
[37m2025-09-03 18:39:59 - utils.feature_pipeline - INFO     - Generación de features completada por FeaturePipeline.[0m
[37m2025-09-03 18:39:59 - utils.technical_analysis - INFO     - 🤖 ML Predicción: COMPRAR=0.410, VENDER=0.590[0m
[37m2025-09-03 18:39:59 - utils.technical_analysis - INFO     - 🎯 Decisión: MANTENER, Score: 59.0[0m
[37m2025-09-03 18:39:59 - utils.technical_analysis - INFO     - Análisis completado para ETHUSDT. Decisión: MANTENER, Score: 58.990279911100416[0m
[37m2025-09-03 18:39:59 - utils.feature_pipeline - INFO     - FeaturePipeline inicializado.[0m
[37m2025-09-03 18:39:59 - utils.feature_pipeline - INFO     - Generación de features completada por FeaturePipeline.[0m
[37m2025-09-03 18:39:59 - utils.feature_pipeline - INFO     - Generación de features completada por FeaturePipeline.[0m
[37m2025-09-03 18:40:01 - utils.binance_client - INFO     - Cerrando cliente de Binance asíncrono...[0m
[37m2025-09-03 18:40:01 - utils.binance_client - INFO     - Cliente de Binance cerrado exitosamente.[0m
[37m2025-09-03 18:42:48 - utils.technical_analysis - INFO     - Iniciando análisis de mercado para SOLUSDT - 5m.[0m
[37m2025-09-03 18:42:48 - utils.technical_analysis - INFO     - Umbrales dinámicos activos: high=0.71, medium=0.71, low=0.55[0m
[37m2025-09-03 18:42:48 - utils.technical_analysis - INFO     - 🎯 Umbrales ML configurados: Alto=0.71, Medio=0.71, Bajo=0.55[0m
[37m2025-09-03 18:42:48 - utils.technical_analysis - INFO     - Obteniendo klines históricos para SOLUSDT (orig=SOLUSDT) - 5m (limit: 300) desde la BD.[0m
[33m2025-09-03 18:42:48 - utils.technical_analysis - WARNING  - No se encontraron klines en la BD para SOLUSDT-5m. Probando alias…[0m
[37m2025-09-03 18:42:48 - utils.binance_client - INFO     - Inicializando cliente de Binance asíncrono centralizado...[0m
[37m2025-09-03 18:42:49 - utils.binance_client - INFO     - Cliente de Binance asíncrono inicializado y conexión verificada exitosamente.[0m
[37m2025-09-03 18:42:49 - utils.technical_analysis - INFO     - Intentando fallback: lectura desde CSV para SOLUSDT-5m (con alias)[0m
[37m2025-09-03 18:42:50 - utils.technical_analysis - INFO     - ✅ Backfill Binance para SOLUSDT-5m: 300 registros (orig=SOLUSDT)[0m
[37m2025-09-03 18:42:50 - utils.feature_pipeline - INFO     - Generación de features completada por FeaturePipeline.[0m
[37m2025-09-03 18:42:50 - utils.technical_analysis - INFO     - 🤖 ML Predicción: COMPRAR=0.600, VENDER=0.400[0m
[37m2025-09-03 18:42:50 - utils.technical_analysis - INFO     - 🎯 Decisión: MANTENER, Score: 60.0[0m
[37m2025-09-03 18:42:50 - utils.technical_analysis - INFO     - Análisis completado para SOLUSDT. Decisión: MANTENER, Score: 60.044687762434876[0m
[37m2025-09-03 18:42:50 - utils.feature_pipeline - INFO     - FeaturePipeline inicializado.[0m
[37m2025-09-03 18:42:50 - utils.feature_pipeline - INFO     - Generación de features completada por FeaturePipeline.[0m
[37m2025-09-03 18:42:50 - utils.feature_pipeline - INFO     - Generación de features completada por FeaturePipeline.[0m
[37m2025-09-03 18:42:49 - utils.technical_analysis - INFO     - Iniciando análisis de mercado para ETHUSDT - 5m.[0m
[37m2025-09-03 18:42:50 - utils.technical_analysis - INFO     - Umbrales dinámicos activos: high=0.71, medium=0.71, low=0.55[0m
[37m2025-09-03 18:42:50 - utils.technical_analysis - INFO     - 🎯 Umbrales ML configurados: Alto=0.71, Medio=0.71, Bajo=0.55[0m
[37m2025-09-03 18:42:50 - utils.technical_analysis - INFO     - Obteniendo klines históricos para ETHUSDT (orig=ETHUSDT) - 5m (limit: 300) desde la BD.[0m
[33m2025-09-03 18:42:50 - utils.technical_analysis - WARNING  - No se encontraron klines en la BD para ETHUSDT-5m. Probando alias…[0m
[37m2025-09-03 18:42:50 - utils.technical_analysis - INFO     - Intentando fallback: lectura desde CSV para ETHUSDT-5m (con alias)[0m
[37m2025-09-03 18:42:50 - utils.technical_analysis - INFO     - ✅ Backfill Binance para ETHUSDT-5m: 300 registros (orig=ETHUSDT)[0m
[37m2025-09-03 18:42:50 - utils.feature_pipeline - INFO     - Generación de features completada por FeaturePipeline.[0m
[37m2025-09-03 18:42:50 - utils.technical_analysis - INFO     - 🤖 ML Predicción: COMPRAR=0.410, VENDER=0.590[0m
[37m2025-09-03 18:42:50 - utils.technical_analysis - INFO     - 🎯 Decisión: MANTENER, Score: 59.0[0m
[37m2025-09-03 18:42:50 - utils.technical_analysis - INFO     - Análisis completado para ETHUSDT. Decisión: MANTENER, Score: 58.990279911100416[0m
[37m2025-09-03 18:42:50 - utils.feature_pipeline - INFO     - FeaturePipeline inicializado.[0m
[37m2025-09-03 18:42:50 - utils.feature_pipeline - INFO     - Generación de features completada por FeaturePipeline.[0m
[37m2025-09-03 18:42:50 - utils.feature_pipeline - INFO     - Generación de features completada por FeaturePipeline.[0m
[37m2025-09-03 18:42:51 - utils.binance_client - INFO     - Cerrando cliente de Binance asíncrono...[0m
[37m2025-09-03 18:42:51 - utils.binance_client - INFO     - Cliente de Binance cerrado exitosamente.[0m
[37m2025-09-03 18:45:39 - utils.technical_analysis - INFO     - Iniciando análisis de mercado para SOLUSDT - 5m.[0m
[37m2025-09-03 18:45:39 - utils.technical_analysis - INFO     - Umbrales dinámicos activos: high=0.71, medium=0.71, low=0.55[0m
[37m2025-09-03 18:45:39 - utils.technical_analysis - INFO     - 🎯 Umbrales ML configurados: Alto=0.71, Medio=0.71, Bajo=0.55[0m
[37m2025-09-03 18:45:39 - utils.technical_analysis - INFO     - Obteniendo klines históricos para SOLUSDT (orig=SOLUSDT) - 5m (limit: 300) desde la BD.[0m
[33m2025-09-03 18:45:39 - utils.technical_analysis - WARNING  - No se encontraron klines en la BD para SOLUSDT-5m. Probando alias…[0m
[37m2025-09-03 18:45:39 - utils.binance_client - INFO     - Inicializando cliente de Binance asíncrono centralizado...[0m
[37m2025-09-03 18:45:40 - utils.binance_client - INFO     - Cliente de Binance asíncrono inicializado y conexión verificada exitosamente.[0m
[37m2025-09-03 18:45:40 - utils.technical_analysis - INFO     - Intentando fallback: lectura desde CSV para SOLUSDT-5m (con alias)[0m
[37m2025-09-03 18:45:40 - utils.technical_analysis - INFO     - ✅ Backfill Binance para SOLUSDT-5m: 300 registros (orig=SOLUSDT)[0m
[37m2025-09-03 18:45:40 - utils.feature_pipeline - INFO     - Generación de features completada por FeaturePipeline.[0m
[37m2025-09-03 18:45:41 - utils.technical_analysis - INFO     - 🤖 ML Predicción: COMPRAR=0.560, VENDER=0.440[0m
[37m2025-09-03 18:45:41 - utils.technical_analysis - INFO     - 🎯 Decisión: MANTENER, Score: 56.0[0m
[37m2025-09-03 18:45:41 - utils.technical_analysis - INFO     - Análisis completado para SOLUSDT. Decisión: MANTENER, Score: 56.02164133731126[0m
[37m2025-09-03 18:45:41 - utils.feature_pipeline - INFO     - FeaturePipeline inicializado.[0m
[37m2025-09-03 18:45:41 - utils.feature_pipeline - INFO     - Generación de features completada por FeaturePipeline.[0m
[37m2025-09-03 18:45:41 - utils.feature_pipeline - INFO     - Generación de features completada por FeaturePipeline.[0m
[37m2025-09-03 18:45:42 - utils.technical_analysis - INFO     - Iniciando análisis de mercado para ETHUSDT - 5m.[0m
[37m2025-09-03 18:45:42 - utils.technical_analysis - INFO     - Umbrales dinámicos activos: high=0.71, medium=0.71, low=0.55[0m
[37m2025-09-03 18:45:42 - utils.technical_analysis - INFO     - 🎯 Umbrales ML configurados: Alto=0.71, Medio=0.71, Bajo=0.55[0m
[37m2025-09-03 18:45:42 - utils.technical_analysis - INFO     - Obteniendo klines históricos para ETHUSDT (orig=ETHUSDT) - 5m (limit: 300) desde la BD.[0m
[33m2025-09-03 18:45:42 - utils.technical_analysis - WARNING  - No se encontraron klines en la BD para ETHUSDT-5m. Probando alias…[0m
[37m2025-09-03 18:45:42 - utils.technical_analysis - INFO     - Intentando fallback: lectura desde CSV para ETHUSDT-5m (con alias)[0m
[37m2025-09-03 18:45:43 - utils.technical_analysis - INFO     - ✅ Backfill Binance para ETHUSDT-5m: 300 registros (orig=ETHUSDT)[0m
[37m2025-09-03 18:45:43 - utils.feature_pipeline - INFO     - Generación de features completada por FeaturePipeline.[0m
[37m2025-09-03 18:45:43 - utils.technical_analysis - INFO     - 🤖 ML Predicción: COMPRAR=0.468, VENDER=0.532[0m
[37m2025-09-03 18:45:43 - utils.technical_analysis - INFO     - 🎯 Decisión: MANTENER, Score: 53.2[0m
[37m2025-09-03 18:45:43 - utils.technical_analysis - INFO     - Análisis completado para ETHUSDT. Decisión: MANTENER, Score: 53.19649616882942[0m
[37m2025-09-03 18:45:43 - utils.feature_pipeline - INFO     - FeaturePipeline inicializado.[0m
[37m2025-09-03 18:45:43 - utils.feature_pipeline - INFO     - Generación de features completada por FeaturePipeline.[0m
[37m2025-09-03 18:45:43 - utils.feature_pipeline - INFO     - Generación de features completada por FeaturePipeline.[0m
[37m2025-09-03 18:45:43 - utils.binance_client - INFO     - Cerrando cliente de Binance asíncrono...[0m
[37m2025-09-03 18:45:43 - utils.binance_client - INFO     - Cliente de Binance cerrado exitosamente.[0m
[37m2025-09-03 18:48:31 - utils.technical_analysis - INFO     - Iniciando análisis de mercado para SOLUSDT - 5m.[0m
[37m2025-09-03 18:48:31 - utils.technical_analysis - INFO     - Umbrales dinámicos activos: high=0.71, medium=0.71, low=0.55[0m
[37m2025-09-03 18:48:31 - utils.technical_analysis - INFO     - 🎯 Umbrales ML configurados: Alto=0.71, Medio=0.71, Bajo=0.55[0m
[37m2025-09-03 18:48:31 - utils.technical_analysis - INFO     - Obteniendo klines históricos para SOLUSDT (orig=SOLUSDT) - 5m (limit: 300) desde la BD.[0m
[33m2025-09-03 18:48:31 - utils.technical_analysis - WARNING  - No se encontraron klines en la BD para SOLUSDT-5m. Probando alias…[0m
[37m2025-09-03 18:48:31 - utils.binance_client - INFO     - Inicializando cliente de Binance asíncrono centralizado...[0m
[37m2025-09-03 18:48:32 - utils.binance_client - INFO     - Cliente de Binance asíncrono inicializado y conexión verificada exitosamente.[0m
[37m2025-09-03 18:48:32 - utils.technical_analysis - INFO     - Intentando fallback: lectura desde CSV para SOLUSDT-5m (con alias)[0m
[37m2025-09-03 18:48:32 - utils.technical_analysis - INFO     - ✅ Backfill Binance para SOLUSDT-5m: 300 registros (orig=SOLUSDT)[0m
[37m2025-09-03 18:48:32 - utils.feature_pipeline - INFO     - Generación de features completada por FeaturePipeline.[0m
[37m2025-09-03 18:48:32 - utils.technical_analysis - INFO     - 🤖 ML Predicción: COMPRAR=0.536, VENDER=0.464[0m
[37m2025-09-03 18:48:32 - utils.technical_analysis - INFO     - 🎯 Decisión: MANTENER, Score: 53.6[0m
[37m2025-09-03 18:48:32 - utils.technical_analysis - INFO     - Análisis completado para SOLUSDT. Decisión: MANTENER, Score: 53.62724542931944[0m
[37m2025-09-03 18:48:32 - utils.feature_pipeline - INFO     - FeaturePipeline inicializado.[0m
[37m2025-09-03 18:48:32 - utils.feature_pipeline - INFO     - Generación de features completada por FeaturePipeline.[0m
[37m2025-09-03 18:48:32 - utils.feature_pipeline - INFO     - Generación de features completada por FeaturePipeline.[0m
[37m2025-09-03 18:48:34 - utils.technical_analysis - INFO     - Iniciando análisis de mercado para ETHUSDT - 5m.[0m
[37m2025-09-03 18:48:34 - utils.technical_analysis - INFO     - Umbrales dinámicos activos: high=0.71, medium=0.71, low=0.55[0m
[37m2025-09-03 18:48:34 - utils.technical_analysis - INFO     - 🎯 Umbrales ML configurados: Alto=0.71, Medio=0.71, Bajo=0.55[0m
[37m2025-09-03 18:48:34 - utils.technical_analysis - INFO     - Obteniendo klines históricos para ETHUSDT (orig=ETHUSDT) - 5m (limit: 300) desde la BD.[0m
[33m2025-09-03 18:48:34 - utils.technical_analysis - WARNING  - No se encontraron klines en la BD para ETHUSDT-5m. Probando alias…[0m
[37m2025-09-03 18:48:34 - utils.technical_analysis - INFO     - Intentando fallback: lectura desde CSV para ETHUSDT-5m (con alias)[0m
[37m2025-09-03 18:48:35 - utils.technical_analysis - INFO     - ✅ Backfill Binance para ETHUSDT-5m: 300 registros (orig=ETHUSDT)[0m
[37m2025-09-03 18:48:35 - utils.feature_pipeline - INFO     - Generación de features completada por FeaturePipeline.[0m
[37m2025-09-03 18:48:35 - utils.technical_analysis - INFO     - 🤖 ML Predicción: COMPRAR=0.482, VENDER=0.518[0m
[37m2025-09-03 18:48:35 - utils.technical_analysis - INFO     - 🎯 Decisión: MANTENER, Score: 51.8[0m
[37m2025-09-03 18:48:35 - utils.technical_analysis - INFO     - Análisis completado para ETHUSDT. Decisión: MANTENER, Score: 51.79057936420134[0m
[37m2025-09-03 18:48:35 - utils.feature_pipeline - INFO     - FeaturePipeline inicializado.[0m
[37m2025-09-03 18:48:35 - utils.feature_pipeline - INFO     - Generación de features completada por FeaturePipeline.[0m
[37m2025-09-03 18:48:35 - utils.feature_pipeline - INFO     - Generación de features completada por FeaturePipeline.[0m
[37m2025-09-03 18:48:35 - utils.binance_client - INFO     - Cerrando cliente de Binance asíncrono...[0m
[37m2025-09-03 18:48:35 - utils.binance_client - INFO     - Cliente de Binance cerrado exitosamente.[0m
[37m2025-09-03 18:51:20 - dynamic_pair_selector - INFO     - 🔍 INICIANDO EVALUACIÓN DINÁMICA DE PARES[0m
[37m2025-09-03 18:51:20 - dynamic_pair_selector - INFO     - ============================================================[0m
[37m2025-09-03 18:51:20 - utils.binance_client - INFO     - Inicializando cliente de Binance asíncrono centralizado...[0m
[37m2025-09-03 18:51:21 - utils.binance_client - INFO     - Cliente de Binance asíncrono inicializado y conexión verificada exitosamente.[0m
[37m2025-09-03 18:51:22 - dynamic_pair_selector - INFO     - 📊 Descubiertos 412 pares USDT activos[0m
[37m2025-09-03 18:51:22 - dynamic_pair_selector - INFO     - 📊 Analizando 412 pares USDT[0m
[37m2025-09-03 18:51:22 - dynamic_pair_selector - INFO     - 📥 Procesando lote 1/42: 10 pares[0m
[37m2025-09-03 18:51:25 - dynamic_pair_selector - INFO     - 📥 Procesando lote 2/42: 10 pares[0m
[37m2025-09-03 18:51:28 - dynamic_pair_selector - INFO     - 📥 Procesando lote 3/42: 10 pares[0m
[37m2025-09-03 18:51:29 - dynamic_pair_selector - INFO     - 📥 Procesando lote 4/42: 10 pares[0m
[37m2025-09-03 18:51:33 - dynamic_pair_selector - INFO     - 📥 Procesando lote 5/42: 10 pares[0m
[37m2025-09-03 18:51:37 - dynamic_pair_selector - INFO     - 📥 Procesando lote 6/42: 10 pares[0m
[37m2025-09-03 18:51:40 - dynamic_pair_selector - INFO     - 📥 Procesando lote 7/42: 10 pares[0m
[37m2025-09-03 18:51:44 - dynamic_pair_selector - INFO     - 📥 Procesando lote 8/42: 10 pares[0m
[37m2025-09-03 18:51:47 - dynamic_pair_selector - INFO     - 📥 Procesando lote 9/42: 10 pares[0m
[37m2025-09-03 18:51:51 - dynamic_pair_selector - INFO     - 📥 Procesando lote 10/42: 10 pares[0m
[37m2025-09-03 18:51:55 - dynamic_pair_selector - INFO     - 📥 Procesando lote 11/42: 10 pares[0m
[37m2025-09-03 18:51:56 - dynamic_pair_selector - INFO     - 📥 Procesando lote 12/42: 10 pares[0m
[37m2025-09-03 18:51:59 - dynamic_pair_selector - INFO     - 📥 Procesando lote 13/42: 10 pares[0m
[37m2025-09-03 18:52:02 - dynamic_pair_selector - INFO     - 📥 Procesando lote 14/42: 10 pares[0m
[37m2025-09-03 18:52:05 - dynamic_pair_selector - INFO     - 📥 Procesando lote 15/42: 10 pares[0m
[37m2025-09-03 18:52:08 - dynamic_pair_selector - INFO     - 📥 Procesando lote 16/42: 10 pares[0m
[37m2025-09-03 18:52:10 - dynamic_pair_selector - INFO     - 📥 Procesando lote 17/42: 10 pares[0m
[37m2025-09-03 18:52:13 - dynamic_pair_selector - INFO     - 📥 Procesando lote 18/42: 10 pares[0m
[37m2025-09-03 18:52:16 - dynamic_pair_selector - INFO     - 📥 Procesando lote 19/42: 10 pares[0m
[37m2025-09-03 18:52:19 - dynamic_pair_selector - INFO     - 📥 Procesando lote 20/42: 10 pares[0m
[37m2025-09-03 18:52:22 - dynamic_pair_selector - INFO     - 📥 Procesando lote 21/42: 10 pares[0m
[37m2025-09-03 18:52:22 - dynamic_pair_selector - INFO     - 📥 Procesando lote 22/42: 10 pares[0m
[37m2025-09-03 18:52:25 - dynamic_pair_selector - INFO     - 📥 Procesando lote 23/42: 10 pares[0m
[37m2025-09-03 18:52:28 - dynamic_pair_selector - INFO     - 📥 Procesando lote 24/42: 10 pares[0m
[37m2025-09-03 18:52:31 - dynamic_pair_selector - INFO     - 📥 Procesando lote 25/42: 10 pares[0m
[37m2025-09-03 18:52:34 - dynamic_pair_selector - INFO     - 📥 Procesando lote 26/42: 10 pares[0m
[37m2025-09-03 18:52:36 - dynamic_pair_selector - INFO     - 📥 Procesando lote 27/42: 10 pares[0m
[37m2025-09-03 18:52:40 - dynamic_pair_selector - INFO     - 📥 Procesando lote 28/42: 10 pares[0m
[37m2025-09-03 18:52:43 - dynamic_pair_selector - INFO     - 📥 Procesando lote 29/42: 10 pares[0m
[37m2025-09-03 18:52:47 - dynamic_pair_selector - INFO     - 📥 Procesando lote 30/42: 10 pares[0m
[37m2025-09-03 18:52:50 - dynamic_pair_selector - INFO     - 📥 Procesando lote 31/42: 10 pares[0m
[37m2025-09-03 18:52:51 - dynamic_pair_selector - INFO     - 📥 Procesando lote 32/42: 10 pares[0m
[37m2025-09-03 18:52:54 - dynamic_pair_selector - INFO     - 📥 Procesando lote 33/42: 10 pares[0m
[37m2025-09-03 18:52:57 - dynamic_pair_selector - INFO     - 📥 Procesando lote 34/42: 10 pares[0m
[37m2025-09-03 18:53:00 - dynamic_pair_selector - INFO     - 📥 Procesando lote 35/42: 10 pares[0m
[37m2025-09-03 18:53:03 - dynamic_pair_selector - INFO     - 📥 Procesando lote 36/42: 10 pares[0m
[37m2025-09-03 18:53:06 - dynamic_pair_selector - INFO     - 📥 Procesando lote 37/42: 10 pares[0m
[37m2025-09-03 18:53:08 - dynamic_pair_selector - INFO     - 📥 Procesando lote 38/42: 10 pares[0m
[37m2025-09-03 18:53:11 - dynamic_pair_selector - INFO     - 📥 Procesando lote 39/42: 10 pares[0m
[37m2025-09-03 18:53:14 - dynamic_pair_selector - INFO     - 📥 Procesando lote 40/42: 10 pares[0m
[37m2025-09-03 18:53:17 - dynamic_pair_selector - INFO     - 📥 Procesando lote 41/42: 10 pares[0m
[37m2025-09-03 18:53:17 - dynamic_pair_selector - INFO     - 📥 Procesando lote 42/42: 2 pares[0m
[37m2025-09-03 18:53:18 - dynamic_pair_selector - INFO     - ✅ Evaluación completada: 409/412 pares analizados[0m
[37m2025-09-03 18:53:21 - utils.technical_analysis - INFO     - Iniciando análisis de mercado para SOLUSDT - 5m.[0m
[37m2025-09-03 18:53:21 - utils.technical_analysis - INFO     - Umbrales dinámicos activos: high=0.71, medium=0.71, low=0.55[0m
[37m2025-09-03 18:53:21 - utils.technical_analysis - INFO     - 🎯 Umbrales ML configurados: Alto=0.71, Medio=0.71, Bajo=0.55[0m
[37m2025-09-03 18:53:21 - utils.technical_analysis - INFO     - Obteniendo klines históricos para SOLUSDT (orig=SOLUSDT) - 5m (limit: 300) desde la BD.[0m
[33m2025-09-03 18:53:21 - utils.technical_analysis - WARNING  - No se encontraron klines en la BD para SOLUSDT-5m. Probando alias…[0m
[37m2025-09-03 18:53:21 - utils.technical_analysis - INFO     - Intentando fallback: lectura desde CSV para SOLUSDT-5m (con alias)[0m
[37m2025-09-03 18:53:21 - utils.technical_analysis - INFO     - ✅ Backfill Binance para SOLUSDT-5m: 300 registros (orig=SOLUSDT)[0m
[37m2025-09-03 18:53:21 - utils.feature_pipeline - INFO     - Generación de features completada por FeaturePipeline.[0m
[37m2025-09-03 18:53:21 - utils.technical_analysis - INFO     - 🤖 ML Predicción: COMPRAR=0.542, VENDER=0.458[0m
[37m2025-09-03 18:53:21 - utils.technical_analysis - INFO     - 🎯 Decisión: MANTENER, Score: 54.2[0m
[37m2025-09-03 18:53:21 - utils.technical_analysis - INFO     - Análisis completado para SOLUSDT. Decisión: MANTENER, Score: 54.23514551834633[0m
[37m2025-09-03 18:53:21 - utils.feature_pipeline - INFO     - FeaturePipeline inicializado.[0m
[37m2025-09-03 18:53:21 - utils.feature_pipeline - INFO     - Generación de features completada por FeaturePipeline.[0m
[37m2025-09-03 18:53:21 - utils.feature_pipeline - INFO     - Generación de features completada por FeaturePipeline.[0m
[37m2025-09-03 18:53:24 - utils.technical_analysis - INFO     - Iniciando análisis de mercado para ETHUSDT - 5m.[0m
[37m2025-09-03 18:53:24 - utils.technical_analysis - INFO     - Umbrales dinámicos activos: high=0.71, medium=0.71, low=0.55[0m
[37m2025-09-03 18:53:24 - utils.technical_analysis - INFO     - 🎯 Umbrales ML configurados: Alto=0.71, Medio=0.71, Bajo=0.55[0m
[37m2025-09-03 18:53:24 - utils.technical_analysis - INFO     - Obteniendo klines históricos para ETHUSDT (orig=ETHUSDT) - 5m (limit: 300) desde la BD.[0m
[33m2025-09-03 18:53:24 - utils.technical_analysis - WARNING  - No se encontraron klines en la BD para ETHUSDT-5m. Probando alias…[0m
[37m2025-09-03 18:53:24 - utils.technical_analysis - INFO     - Intentando fallback: lectura desde CSV para ETHUSDT-5m (con alias)[0m
[37m2025-09-03 18:53:25 - utils.technical_analysis - INFO     - ✅ Backfill Binance para ETHUSDT-5m: 300 registros (orig=ETHUSDT)[0m
[37m2025-09-03 18:53:25 - utils.feature_pipeline - INFO     - Generación de features completada por FeaturePipeline.[0m
[37m2025-09-03 18:53:25 - utils.technical_analysis - INFO     - 🤖 ML Predicción: COMPRAR=0.471, VENDER=0.529[0m
[37m2025-09-03 18:53:25 - utils.technical_analysis - INFO     - 🎯 Decisión: MANTENER, Score: 52.9[0m
[37m2025-09-03 18:53:25 - utils.technical_analysis - INFO     - Análisis completado para ETHUSDT. Decisión: MANTENER, Score: 52.86801278010454[0m
[37m2025-09-03 18:53:25 - utils.feature_pipeline - INFO     - FeaturePipeline inicializado.[0m
[37m2025-09-03 18:53:25 - utils.feature_pipeline - INFO     - Generación de features completada por FeaturePipeline.[0m
[37m2025-09-03 18:53:25 - utils.feature_pipeline - INFO     - Generación de features completada por FeaturePipeline.[0m
[37m2025-09-03 18:53:26 - utils.binance_client - INFO     - Cerrando cliente de Binance asíncrono...[0m
[37m2025-09-03 18:53:26 - utils.binance_client - INFO     - Cliente de Binance cerrado exitosamente.[0m
[37m2025-09-03 18:56:17 - utils.technical_analysis - INFO     - Iniciando análisis de mercado para SOLUSDT - 5m.[0m
[37m2025-09-03 18:56:17 - utils.technical_analysis - INFO     - Umbrales dinámicos activos: high=0.71, medium=0.71, low=0.55[0m
[37m2025-09-03 18:56:17 - utils.technical_analysis - INFO     - 🎯 Umbrales ML configurados: Alto=0.71, Medio=0.71, Bajo=0.55[0m
[37m2025-09-03 18:56:17 - utils.technical_analysis - INFO     - Obteniendo klines históricos para SOLUSDT (orig=SOLUSDT) - 5m (limit: 300) desde la BD.[0m
[33m2025-09-03 18:56:17 - utils.technical_analysis - WARNING  - No se encontraron klines en la BD para SOLUSDT-5m. Probando alias…[0m
[37m2025-09-03 18:56:17 - utils.binance_client - INFO     - Inicializando cliente de Binance asíncrono centralizado...[0m
[37m2025-09-03 18:56:18 - utils.binance_client - INFO     - Cliente de Binance asíncrono inicializado y conexión verificada exitosamente.[0m
[37m2025-09-03 18:56:18 - utils.technical_analysis - INFO     - Intentando fallback: lectura desde CSV para SOLUSDT-5m (con alias)[0m
[37m2025-09-03 18:56:18 - utils.technical_analysis - INFO     - ✅ Backfill Binance para SOLUSDT-5m: 300 registros (orig=SOLUSDT)[0m
[37m2025-09-03 18:56:18 - utils.feature_pipeline - INFO     - Generación de features completada por FeaturePipeline.[0m
[37m2025-09-03 18:56:18 - utils.technical_analysis - INFO     - 🤖 ML Predicción: COMPRAR=0.541, VENDER=0.459[0m
[37m2025-09-03 18:56:18 - utils.technical_analysis - INFO     - 🎯 Decisión: MANTENER, Score: 54.1[0m
[37m2025-09-03 18:56:18 - utils.technical_analysis - INFO     - Análisis completado para SOLUSDT. Decisión: MANTENER, Score: 54.13203970254321[0m
[37m2025-09-03 18:56:18 - utils.feature_pipeline - INFO     - FeaturePipeline inicializado.[0m
[37m2025-09-03 18:56:18 - utils.feature_pipeline - INFO     - Generación de features completada por FeaturePipeline.[0m
[37m2025-09-03 18:56:18 - utils.feature_pipeline - INFO     - Generación de features completada por FeaturePipeline.[0m
[37m2025-09-03 18:56:21 - utils.technical_analysis - INFO     - Iniciando análisis de mercado para ETHUSDT - 5m.[0m
[37m2025-09-03 18:56:21 - utils.technical_analysis - INFO     - Umbrales dinámicos activos: high=0.71, medium=0.71, low=0.55[0m
[37m2025-09-03 18:56:21 - utils.technical_analysis - INFO     - 🎯 Umbrales ML configurados: Alto=0.71, Medio=0.71, Bajo=0.55[0m
[37m2025-09-03 18:56:21 - utils.technical_analysis - INFO     - Obteniendo klines históricos para ETHUSDT (orig=ETHUSDT) - 5m (limit: 300) desde la BD.[0m
[33m2025-09-03 18:56:21 - utils.technical_analysis - WARNING  - No se encontraron klines en la BD para ETHUSDT-5m. Probando alias…[0m
[37m2025-09-03 18:56:21 - utils.technical_analysis - INFO     - Intentando fallback: lectura desde CSV para ETHUSDT-5m (con alias)[0m
[37m2025-09-03 18:56:21 - utils.technical_analysis - INFO     - ✅ Backfill Binance para ETHUSDT-5m: 300 registros (orig=ETHUSDT)[0m
[37m2025-09-03 18:56:21 - utils.feature_pipeline - INFO     - Generación de features completada por FeaturePipeline.[0m
[37m2025-09-03 18:56:21 - utils.technical_analysis - INFO     - 🤖 ML Predicción: COMPRAR=0.512, VENDER=0.488[0m
[37m2025-09-03 18:56:21 - utils.technical_analysis - INFO     - 🎯 Decisión: MANTENER, Score: 51.2[0m
[37m2025-09-03 18:56:21 - utils.technical_analysis - INFO     - Análisis completado para ETHUSDT. Decisión: MANTENER, Score: 51.16947230172529[0m
[37m2025-09-03 18:56:21 - utils.feature_pipeline - INFO     - FeaturePipeline inicializado.[0m
[37m2025-09-03 18:56:21 - utils.feature_pipeline - INFO     - Generación de features completada por FeaturePipeline.[0m
[37m2025-09-03 18:56:21 - utils.feature_pipeline - INFO     - Generación de features completada por FeaturePipeline.[0m
[37m2025-09-03 18:56:22 - utils.binance_client - INFO     - Cerrando cliente de Binance asíncrono...[0m
[37m2025-09-03 18:56:22 - utils.binance_client - INFO     - Cliente de Binance cerrado exitosamente.[0m
[37m2025-09-03 18:59:10 - utils.technical_analysis - INFO     - Iniciando análisis de mercado para SOLUSDT - 5m.[0m
[37m2025-09-03 18:59:10 - utils.technical_analysis - INFO     - Umbrales dinámicos activos: high=0.71, medium=0.71, low=0.55[0m
[37m2025-09-03 18:59:10 - utils.technical_analysis - INFO     - 🎯 Umbrales ML configurados: Alto=0.71, Medio=0.71, Bajo=0.55[0m
[37m2025-09-03 18:59:10 - utils.technical_analysis - INFO     - Obteniendo klines históricos para SOLUSDT (orig=SOLUSDT) - 5m (limit: 300) desde la BD.[0m
[33m2025-09-03 18:59:10 - utils.technical_analysis - WARNING  - No se encontraron klines en la BD para SOLUSDT-5m. Probando alias…[0m
[37m2025-09-03 18:59:10 - utils.binance_client - INFO     - Inicializando cliente de Binance asíncrono centralizado...[0m
[37m2025-09-03 18:59:11 - utils.binance_client - INFO     - Cliente de Binance asíncrono inicializado y conexión verificada exitosamente.[0m
[37m2025-09-03 18:59:11 - utils.technical_analysis - INFO     - Intentando fallback: lectura desde CSV para SOLUSDT-5m (con alias)[0m
[37m2025-09-03 18:59:11 - utils.technical_analysis - INFO     - ✅ Backfill Binance para SOLUSDT-5m: 300 registros (orig=SOLUSDT)[0m
[37m2025-09-03 18:59:11 - utils.feature_pipeline - INFO     - Generación de features completada por FeaturePipeline.[0m
[37m2025-09-03 18:59:11 - utils.technical_analysis - INFO     - 🤖 ML Predicción: COMPRAR=0.543, VENDER=0.457[0m
[37m2025-09-03 18:59:11 - utils.technical_analysis - INFO     - 🎯 Decisión: MANTENER, Score: 54.3[0m
[37m2025-09-03 18:59:11 - utils.technical_analysis - INFO     - Análisis completado para SOLUSDT. Decisión: MANTENER, Score: 54.25568556199131[0m
[37m2025-09-03 18:59:11 - utils.feature_pipeline - INFO     - FeaturePipeline inicializado.[0m
[37m2025-09-03 18:59:11 - utils.feature_pipeline - INFO     - Generación de features completada por FeaturePipeline.[0m
[37m2025-09-03 18:59:11 - utils.feature_pipeline - INFO     - Generación de features completada por FeaturePipeline.[0m
[37m2025-09-03 18:59:11 - utils.technical_analysis - INFO     - Iniciando análisis de mercado para ETHUSDT - 5m.[0m
[37m2025-09-03 18:59:11 - utils.technical_analysis - INFO     - Umbrales dinámicos activos: high=0.71, medium=0.71, low=0.55[0m
[37m2025-09-03 18:59:11 - utils.technical_analysis - INFO     - 🎯 Umbrales ML configurados: Alto=0.71, Medio=0.71, Bajo=0.55[0m
[37m2025-09-03 18:59:11 - utils.technical_analysis - INFO     - Obteniendo klines históricos para ETHUSDT (orig=ETHUSDT) - 5m (limit: 300) desde la BD.[0m
[33m2025-09-03 18:59:11 - utils.technical_analysis - WARNING  - No se encontraron klines en la BD para ETHUSDT-5m. Probando alias…[0m
[37m2025-09-03 18:59:11 - utils.technical_analysis - INFO     - Intentando fallback: lectura desde CSV para ETHUSDT-5m (con alias)[0m
[37m2025-09-03 18:59:11 - utils.technical_analysis - INFO     - ✅ Backfill Binance para ETHUSDT-5m: 300 registros (orig=ETHUSDT)[0m
[37m2025-09-03 18:59:11 - utils.feature_pipeline - INFO     - Generación de features completada por FeaturePipeline.[0m
[37m2025-09-03 18:59:11 - utils.technical_analysis - INFO     - 🤖 ML Predicción: COMPRAR=0.501, VENDER=0.499[0m
[37m2025-09-03 18:59:11 - utils.technical_analysis - INFO     - 🎯 Decisión: MANTENER, Score: 50.1[0m
[37m2025-09-03 18:59:11 - utils.technical_analysis - INFO     - Análisis completado para ETHUSDT. Decisión: MANTENER, Score: 50.07284954908645[0m
[37m2025-09-03 18:59:11 - utils.feature_pipeline - INFO     - FeaturePipeline inicializado.[0m
[37m2025-09-03 18:59:11 - utils.feature_pipeline - INFO     - Generación de features completada por FeaturePipeline.[0m
[37m2025-09-03 18:59:11 - utils.feature_pipeline - INFO     - Generación de features completada por FeaturePipeline.[0m
[37m2025-09-03 18:59:13 - utils.binance_client - INFO     - Cerrando cliente de Binance asíncrono...[0m
[37m2025-09-03 18:59:13 - utils.binance_client - INFO     - Cliente de Binance cerrado exitosamente.[0m
[37m2025-09-03 19:02:01 - utils.technical_analysis - INFO     - Iniciando análisis de mercado para SOLUSDT - 5m.[0m
[37m2025-09-03 19:02:02 - utils.technical_analysis - INFO     - Umbrales dinámicos activos: high=0.71, medium=0.71, low=0.55[0m
[37m2025-09-03 19:02:02 - utils.technical_analysis - INFO     - 🎯 Umbrales ML configurados: Alto=0.71, Medio=0.71, Bajo=0.55[0m
[37m2025-09-03 19:02:02 - utils.technical_analysis - INFO     - Obteniendo klines históricos para SOLUSDT (orig=SOLUSDT) - 5m (limit: 300) desde la BD.[0m
[33m2025-09-03 19:02:02 - utils.technical_analysis - WARNING  - No se encontraron klines en la BD para SOLUSDT-5m. Probando alias…[0m
[37m2025-09-03 19:02:02 - utils.binance_client - INFO     - Inicializando cliente de Binance asíncrono centralizado...[0m
[37m2025-09-03 19:02:02 - utils.binance_client - INFO     - Cliente de Binance asíncrono inicializado y conexión verificada exitosamente.[0m
[37m2025-09-03 19:02:02 - utils.technical_analysis - INFO     - Intentando fallback: lectura desde CSV para SOLUSDT-5m (con alias)[0m
[37m2025-09-03 19:02:03 - utils.technical_analysis - INFO     - ✅ Backfill Binance para SOLUSDT-5m: 300 registros (orig=SOLUSDT)[0m
[37m2025-09-03 19:02:03 - utils.feature_pipeline - INFO     - Generación de features completada por FeaturePipeline.[0m
[37m2025-09-03 19:02:03 - utils.technical_analysis - INFO     - 🤖 ML Predicción: COMPRAR=0.543, VENDER=0.457[0m
[37m2025-09-03 19:02:03 - utils.technical_analysis - INFO     - 🎯 Decisión: MANTENER, Score: 54.3[0m
[37m2025-09-03 19:02:03 - utils.technical_analysis - INFO     - Análisis completado para SOLUSDT. Decisión: MANTENER, Score: 54.25568556199131[0m
[37m2025-09-03 19:02:03 - utils.feature_pipeline - INFO     - FeaturePipeline inicializado.[0m
[37m2025-09-03 19:02:03 - utils.feature_pipeline - INFO     - Generación de features completada por FeaturePipeline.[0m
[37m2025-09-03 19:02:03 - utils.feature_pipeline - INFO     - Generación de features completada por FeaturePipeline.[0m
[CIRCUIT] Pérdida diaria 0.1518 >= límite 0.0943. No se abrirán nuevas entradas hoy.
[SKIP] ETHUSDT ADX 24.81 < min 25.0
[ABORT] Ningún candidato cumplió minNotional/spread/ratio con los parámetros actuales.
[SKIP] BTCUSDT minNotional(100.0) > margen(37.599999999999994)
[ML] SOLUSDT decision=MANTENER score=62.2 buy=0.622 sell=0.378
[CANDIDATE] SOLUSDT px=209.79500000 score=69.3 trend=0.0058
[FILTERS] minNotional=5.0 step=0.01 tick=0.01 qty=0.03
[COST] spread=0.0048% taker(round‑trip)≈0.0800% → Profit/Cost=47.19x
[ROI] TP Neto≈3.9152% (0.2464 USDT) sobre margen≈1.2588 → 19.58%
[CIRCUIT] Pérdida diaria 0.1524 >= límite 0.0943. No se abrirán nuevas entradas hoy.
[ML] ETHUSDT decision=MANTENER score=60.7 buy=0.393 sell=0.607
[CANDIDATE] ETHUSDT px=4452.02500000 score=69.0 trend=0.0036
[FILTERS] minNotional=20.0 step=0.001 tick=0.01 qty=0.005
[COST] spread=0.0002% taker(round‑trip)≈0.0800% → Profit/Cost=49.86x
[ROI] TP Neto≈3.9198% (0.8725 USDT) sobre margen≈4.4520 → 19.60%
[CIRCUIT] Pérdida diaria 0.1520 >= límite 0.0943. No se abrirán nuevas entradas hoy.
[ABORT] Ningún candidato cumplió minNotional/spread/ratio con los parámetros actuales.
[SKIP] BTCUSDT minNotional(100.0) > margen(37.599999999999994)
[ML] SOLUSDT decision=MANTENER score=62.2 buy=0.622 sell=0.378
[CANDIDATE] SOLUSDT px=209.75500000 score=69.3 trend=0.0058
[FILTERS] minNotional=5.0 step=0.01 tick=0.01 qty=0.03
[COST] spread=0.0048% taker(round‑trip)≈0.0800% → Profit/Cost=47.19x
[ROI] TP Neto≈3.9152% (0.2464 USDT) sobre margen≈1.2585 → 19.58%
[CIRCUIT] Pérdida diaria 0.1504 >= límite 0.0943. No se abrirán nuevas entradas hoy.
[ML] ETHUSDT decision=MANTENER score=59.0 buy=0.41 sell=0.59
[CANDIDATE] ETHUSDT px=4450.96500000 score=69.0 trend=0.0036
[FILTERS] minNotional=20.0 step=0.001 tick=0.01 qty=0.005
[COST] spread=0.0002% taker(round‑trip)≈0.0800% → Profit/Cost=49.86x
[ROI] TP Neto≈3.9198% (0.8723 USDT) sobre margen≈4.4510 → 19.60%
[CIRCUIT] Pérdida diaria 0.1504 >= límite 0.0943. No se abrirán nuevas entradas hoy.
[ABORT] Ningún candidato cumplió minNotional/spread/ratio con los parámetros actuales.
[SKIP] BTCUSDT minNotional(100.0) > margen(37.599999999999994)
[ML] SOLUSDT decision=MANTENER score=60.0 buy=0.6 sell=0.4
[CANDIDATE] SOLUSDT px=210.18500000 score=69.3 trend=0.0058
[FILTERS] minNotional=5.0 step=0.01 tick=0.01 qty=0.03
[COST] spread=0.0048% taker(round‑trip)≈0.0800% → Profit/Cost=47.19x
[ROI] TP Neto≈3.9152% (0.2469 USDT) sobre margen≈1.2611 → 19.58%
[CIRCUIT] Pérdida diaria 0.1517 >= límite 0.0943. No se abrirán nuevas entradas hoy.
[ML] ETHUSDT decision=MANTENER score=59.0 buy=0.41 sell=0.59
[CANDIDATE] ETHUSDT px=4450.39500000 score=69.0 trend=0.0036
[FILTERS] minNotional=20.0 step=0.001 tick=0.01 qty=0.005
[COST] spread=0.0002% taker(round‑trip)≈0.0800% → Profit/Cost=49.86x
[ROI] TP Neto≈3.9198% (0.8722 USDT) sobre margen≈4.4504 → 19.60%
[CIRCUIT] Pérdida diaria 0.1518 >= límite 0.0943. No se abrirán nuevas entradas hoy.
[ABORT] Ningún candidato cumplió minNotional/spread/ratio con los parámetros actuales.
[SKIP] BTCUSDT minNotional(100.0) > margen(37.599999999999994)
[ML] SOLUSDT decision=MANTENER score=56.0 buy=0.56 sell=0.44
[CANDIDATE] SOLUSDT px=209.91500000 score=69.3 trend=0.0058
[FILTERS] minNotional=5.0 step=0.01 tick=0.01 qty=0.03
[COST] spread=0.0048% taker(round‑trip)≈0.0800% → Profit/Cost=47.19x
[ROI] TP Neto≈3.9152% (0.2466 USDT) sobre margen≈1.2595 → 19.58%
[CIRCUIT] Pérdida diaria 0.1510 >= límite 0.0943. No se abrirán nuevas entradas hoy.
[ML] ETHUSDT decision=MANTENER score=53.2 buy=0.468 sell=0.532
[CANDIDATE] ETHUSDT px=4446.79500000 score=69.0 trend=0.0036
[FILTERS] minNotional=20.0 step=0.001 tick=0.01 qty=0.005
[COST] spread=0.0002% taker(round‑trip)≈0.0800% → Profit/Cost=49.86x
[ROI] TP Neto≈3.9198% (0.8715 USDT) sobre margen≈4.4468 → 19.60%
[CIRCUIT] Pérdida diaria 0.1509 >= límite 0.0943. No se abrirán nuevas entradas hoy.
[ABORT] Ningún candidato cumplió minNotional/spread/ratio con los parámetros actuales.
[SKIP] BTCUSDT minNotional(100.0) > margen(37.599999999999994)
[ML] SOLUSDT decision=MANTENER score=53.6 buy=0.536 sell=0.464
[CANDIDATE] SOLUSDT px=210.27500000 score=69.3 trend=0.0058
[FILTERS] minNotional=5.0 step=0.01 tick=0.01 qty=0.03
[COST] spread=0.0048% taker(round‑trip)≈0.0800% → Profit/Cost=47.19x
[ROI] TP Neto≈3.9152% (0.2470 USDT) sobre margen≈1.2616 → 19.58%
[CIRCUIT] Pérdida diaria 0.1511 >= límite 0.0943. No se abrirán nuevas entradas hoy.
[ML] ETHUSDT decision=MANTENER score=51.8 buy=0.482 sell=0.518
[CANDIDATE] ETHUSDT px=4445.45500000 score=69.0 trend=0.0036
[FILTERS] minNotional=20.0 step=0.001 tick=0.01 qty=0.005
[COST] spread=0.0002% taker(round‑trip)≈0.0800% → Profit/Cost=49.86x
[ROI] TP Neto≈3.9198% (0.8713 USDT) sobre margen≈4.4455 → 19.60%
[CIRCUIT] Pérdida diaria 0.1509 >= límite 0.0943. No se abrirán nuevas entradas hoy.
[ABORT] Ningún candidato cumplió minNotional/spread/ratio con los parámetros actuales.
[SKIP] BTCUSDT minNotional(100.0) > margen(37.599999999999994)
[ML] SOLUSDT decision=MANTENER score=54.2 buy=0.542 sell=0.458
[CANDIDATE] SOLUSDT px=210.58500000 score=69.3 trend=0.0058
[FILTERS] minNotional=5.0 step=0.01 tick=0.01 qty=0.03
[COST] spread=0.0047% taker(round‑trip)≈0.0800% → Profit/Cost=47.20x
[ROI] TP Neto≈3.9153% (0.2473 USDT) sobre margen≈1.2635 → 19.58%
[CIRCUIT] Pérdida diaria 0.1518 >= límite 0.0943. No se abrirán nuevas entradas hoy.
[ML] ETHUSDT decision=MANTENER score=52.9 buy=0.471 sell=0.529
[CANDIDATE] ETHUSDT px=4451.10500000 score=69.0 trend=0.0036
[FILTERS] minNotional=20.0 step=0.001 tick=0.01 qty=0.005
[COST] spread=0.0002% taker(round‑trip)≈0.0800% → Profit/Cost=49.86x
[ROI] TP Neto≈3.9198% (0.8724 USDT) sobre margen≈4.4511 → 19.60%
[CIRCUIT] Pérdida diaria 0.1508 >= límite 0.0943. No se abrirán nuevas entradas hoy.
[ABORT] Ningún candidato cumplió minNotional/spread/ratio con los parámetros actuales.
[SKIP] BTCUSDT minNotional(100.0) > margen(37.599999999999994)
[ML] SOLUSDT decision=MANTENER score=54.1 buy=0.541 sell=0.459
[CANDIDATE] SOLUSDT px=210.38500000 score=69.3 trend=0.0058
[FILTERS] minNotional=5.0 step=0.01 tick=0.01 qty=0.03
[COST] spread=0.0048% taker(round‑trip)≈0.0800% → Profit/Cost=47.20x
[ROI] TP Neto≈3.9152% (0.2471 USDT) sobre margen≈1.2623 → 19.58%
[CIRCUIT] Pérdida diaria 0.1509 >= límite 0.0943. No se abrirán nuevas entradas hoy.
[ML] ETHUSDT decision=MANTENER score=51.2 buy=0.512 sell=0.488
[CANDIDATE] ETHUSDT px=4443.10500000 score=69.0 trend=0.0036
[FILTERS] minNotional=20.0 step=0.001 tick=0.01 qty=0.005
[COST] spread=0.0002% taker(round‑trip)≈0.0800% → Profit/Cost=49.86x
[ROI] TP Neto≈3.9198% (0.8708 USDT) sobre margen≈4.4431 → 19.60%
[CIRCUIT] Pérdida diaria 0.1513 >= límite 0.0943. No se abrirán nuevas entradas hoy.
[ABORT] Ningún candidato cumplió minNotional/spread/ratio con los parámetros actuales.
[SKIP] BTCUSDT minNotional(100.0) > margen(37.599999999999994)
[ML] SOLUSDT decision=MANTENER score=54.3 buy=0.543 sell=0.457
[CANDIDATE] SOLUSDT px=210.63500000 score=69.3 trend=0.0058
[FILTERS] minNotional=5.0 step=0.01 tick=0.01 qty=0.03
[COST] spread=0.0047% taker(round‑trip)≈0.0800% → Profit/Cost=47.20x
[ROI] TP Neto≈3.9153% (0.2474 USDT) sobre margen≈1.2638 → 19.58%
[CIRCUIT] Pérdida diaria 0.1508 >= límite 0.0943. No se abrirán nuevas entradas hoy.
[ML] ETHUSDT decision=MANTENER score=50.1 buy=0.501 sell=0.499
[CANDIDATE] ETHUSDT px=4446.35500000 score=69.0 trend=0.0036
[FILTERS] minNotional=20.0 step=0.001 tick=0.01 qty=0.005
[COST] spread=0.0002% taker(round‑trip)≈0.0800% → Profit/Cost=49.86x
[ROI] TP Neto≈3.9198% (0.8714 USDT) sobre margen≈4.4464 → 19.60%
[CIRCUIT] Pérdida diaria 0.1511 >= límite 0.0943. No se abrirán nuevas entradas hoy.
[ABORT] Ningún candidato cumplió minNotional/spread/ratio con los parámetros actuales.
[SKIP] BTCUSDT minNotional(100.0) > margen(37.599999999999994)
[ML] SOLUSDT decision=MANTENER score=54.3 buy=0.543 sell=0.457
[37m2025-09-03 19:02:05 - utils.binance_client - INFO     - Cerrando cliente de Binance asíncrono...[0m
[37m2025-09-03 19:02:05 - utils.binance_client - INFO     - Cliente de Binance cerrado exitosamente.[0m
[37m2025-09-03 19:04:55 - utils.technical_analysis - INFO     - Iniciando análisis de mercado para SOLUSDT - 5m.[0m
[37m2025-09-03 19:04:55 - utils.technical_analysis - INFO     - Umbrales dinámicos activos: high=0.71, medium=0.71, low=0.55[0m
[37m2025-09-03 19:04:55 - utils.technical_analysis - INFO     - 🎯 Umbrales ML configurados: Alto=0.71, Medio=0.71, Bajo=0.55[0m
[37m2025-09-03 19:04:55 - utils.technical_analysis - INFO     - Obteniendo klines históricos para SOLUSDT (orig=SOLUSDT) - 5m (limit: 300) desde la BD.[0m
[33m2025-09-03 19:04:55 - utils.technical_analysis - WARNING  - No se encontraron klines en la BD para SOLUSDT-5m. Probando alias…[0m
[37m2025-09-03 19:04:55 - utils.binance_client - INFO     - Inicializando cliente de Binance asíncrono centralizado...[0m
[37m2025-09-03 19:04:56 - utils.binance_client - INFO     - Cliente de Binance asíncrono inicializado y conexión verificada exitosamente.[0m
[37m2025-09-03 19:04:56 - utils.technical_analysis - INFO     - Intentando fallback: lectura desde CSV para SOLUSDT-5m (con alias)[0m
[37m2025-09-03 19:04:57 - utils.technical_analysis - INFO     - ✅ Backfill Binance para SOLUSDT-5m: 300 registros (orig=SOLUSDT)[0m
[37m2025-09-03 19:04:57 - utils.feature_pipeline - INFO     - Generación de features completada por FeaturePipeline.[0m
[37m2025-09-03 19:04:57 - utils.technical_analysis - INFO     - 🤖 ML Predicción: COMPRAR=0.727, VENDER=0.273[0m
[37m2025-09-03 19:04:57 - utils.technical_analysis - INFO     - 🎯 Decisión: COMPRAR, Score: 72.7[0m
[37m2025-09-03 19:04:57 - utils.technical_analysis - INFO     - Análisis completado para SOLUSDT. Decisión: COMPRAR, Score: 72.72723458221336[0m
[37m2025-09-03 19:04:57 - utils.feature_pipeline - INFO     - FeaturePipeline inicializado.[0m
[37m2025-09-03 19:04:57 - utils.feature_pipeline - INFO     - Generación de features completada por FeaturePipeline.[0m
[37m2025-09-03 19:04:57 - utils.feature_pipeline - INFO     - Generación de features completada por FeaturePipeline.[0m
[37m2025-09-03 19:05:00 - utils.technical_analysis - INFO     - Iniciando análisis de mercado para ETHUSDT - 5m.[0m
[37m2025-09-03 19:05:00 - utils.technical_analysis - INFO     - Umbrales dinámicos activos: high=0.71, medium=0.71, low=0.55[0m
[37m2025-09-03 19:05:00 - utils.technical_analysis - INFO     - 🎯 Umbrales ML configurados: Alto=0.71, Medio=0.71, Bajo=0.55[0m
[37m2025-09-03 19:05:00 - utils.technical_analysis - INFO     - Obteniendo klines históricos para ETHUSDT (orig=ETHUSDT) - 5m (limit: 300) desde la BD.[0m
[33m2025-09-03 19:05:00 - utils.technical_analysis - WARNING  - No se encontraron klines en la BD para ETHUSDT-5m. Probando alias…[0m
[37m2025-09-03 19:05:00 - utils.technical_analysis - INFO     - Intentando fallback: lectura desde CSV para ETHUSDT-5m (con alias)[0m
[37m2025-09-03 19:05:00 - utils.technical_analysis - INFO     - ✅ Backfill Binance para ETHUSDT-5m: 300 registros (orig=ETHUSDT)[0m
[37m2025-09-03 19:05:01 - utils.feature_pipeline - INFO     - Generación de features completada por FeaturePipeline.[0m
[37m2025-09-03 19:05:01 - utils.technical_analysis - INFO     - 🤖 ML Predicción: COMPRAR=0.461, VENDER=0.539[0m
[37m2025-09-03 19:05:01 - utils.technical_analysis - INFO     - 🎯 Decisión: MANTENER, Score: 53.9[0m
[37m2025-09-03 19:05:01 - utils.technical_analysis - INFO     - Análisis completado para ETHUSDT. Decisión: MANTENER, Score: 53.8567847979534[0m
[37m2025-09-03 19:05:01 - utils.feature_pipeline - INFO     - FeaturePipeline inicializado.[0m
[37m2025-09-03 19:05:01 - utils.feature_pipeline - INFO     - Generación de features completada por FeaturePipeline.[0m
[37m2025-09-03 19:05:01 - utils.feature_pipeline - INFO     - Generación de features completada por FeaturePipeline.[0m
[37m2025-09-03 19:05:04 - utils.binance_client - INFO     - Cerrando cliente de Binance asíncrono...[0m
[37m2025-09-03 19:05:04 - utils.binance_client - INFO     - Cliente de Binance cerrado exitosamente.[0m
[37m2025-09-03 19:07:52 - utils.technical_analysis - INFO     - Iniciando análisis de mercado para SOLUSDT - 5m.[0m
[37m2025-09-03 19:07:54 - utils.technical_analysis - INFO     - Umbrales dinámicos activos: high=0.71, medium=0.71, low=0.55[0m
[37m2025-09-03 19:07:54 - utils.technical_analysis - INFO     - 🎯 Umbrales ML configurados: Alto=0.71, Medio=0.71, Bajo=0.55[0m
[37m2025-09-03 19:07:54 - utils.technical_analysis - INFO     - Obteniendo klines históricos para SOLUSDT (orig=SOLUSDT) - 5m (limit: 300) desde la BD.[0m
[33m2025-09-03 19:07:54 - utils.technical_analysis - WARNING  - No se encontraron klines en la BD para SOLUSDT-5m. Probando alias…[0m
[37m2025-09-03 19:07:54 - utils.binance_client - INFO     - Inicializando cliente de Binance asíncrono centralizado...[0m
[37m2025-09-03 19:07:55 - utils.binance_client - INFO     - Cliente de Binance asíncrono inicializado y conexión verificada exitosamente.[0m
[37m2025-09-03 19:07:55 - utils.technical_analysis - INFO     - Intentando fallback: lectura desde CSV para SOLUSDT-5m (con alias)[0m
[37m2025-09-03 19:07:55 - utils.technical_analysis - INFO     - ✅ Backfill Binance para SOLUSDT-5m: 300 registros (orig=SOLUSDT)[0m
[37m2025-09-03 19:07:55 - utils.feature_pipeline - INFO     - Generación de features completada por FeaturePipeline.[0m
[37m2025-09-03 19:07:55 - utils.technical_analysis - INFO     - 🤖 ML Predicción: COMPRAR=0.651, VENDER=0.349[0m
[37m2025-09-03 19:07:55 - utils.technical_analysis - INFO     - 🎯 Decisión: MANTENER, Score: 65.1[0m
[37m2025-09-03 19:07:55 - utils.technical_analysis - INFO     - Análisis completado para SOLUSDT. Decisión: MANTENER, Score: 65.13152261559793[0m
[37m2025-09-03 19:07:55 - utils.feature_pipeline - INFO     - FeaturePipeline inicializado.[0m
[37m2025-09-03 19:07:56 - utils.feature_pipeline - INFO     - Generación de features completada por FeaturePipeline.[0m
[37m2025-09-03 19:07:56 - utils.feature_pipeline - INFO     - Generación de features completada por FeaturePipeline.[0m
[37m2025-09-03 19:07:58 - utils.technical_analysis - INFO     - Iniciando análisis de mercado para ETHUSDT - 5m.[0m
[37m2025-09-03 19:07:59 - utils.technical_analysis - INFO     - Umbrales dinámicos activos: high=0.71, medium=0.71, low=0.55[0m
[37m2025-09-03 19:07:59 - utils.technical_analysis - INFO     - 🎯 Umbrales ML configurados: Alto=0.71, Medio=0.71, Bajo=0.55[0m
[37m2025-09-03 19:07:59 - utils.technical_analysis - INFO     - Obteniendo klines históricos para ETHUSDT (orig=ETHUSDT) - 5m (limit: 300) desde la BD.[0m
[33m2025-09-03 19:07:59 - utils.technical_analysis - WARNING  - No se encontraron klines en la BD para ETHUSDT-5m. Probando alias…[0m
[37m2025-09-03 19:07:59 - utils.technical_analysis - INFO     - Intentando fallback: lectura desde CSV para ETHUSDT-5m (con alias)[0m
[37m2025-09-03 19:07:59 - utils.technical_analysis - INFO     - ✅ Backfill Binance para ETHUSDT-5m: 300 registros (orig=ETHUSDT)[0m
[37m2025-09-03 19:07:59 - utils.feature_pipeline - INFO     - Generación de features completada por FeaturePipeline.[0m
[37m2025-09-03 19:08:00 - utils.technical_analysis - INFO     - 🤖 ML Predicción: COMPRAR=0.467, VENDER=0.533[0m
[37m2025-09-03 19:08:00 - utils.technical_analysis - INFO     - 🎯 Decisión: MANTENER, Score: 53.3[0m
[37m2025-09-03 19:08:00 - utils.technical_analysis - INFO     - Análisis completado para ETHUSDT. Decisión: MANTENER, Score: 53.270373844717355[0m
[37m2025-09-03 19:08:00 - utils.feature_pipeline - INFO     - FeaturePipeline inicializado.[0m
[37m2025-09-03 19:08:00 - utils.feature_pipeline - INFO     - Generación de features completada por FeaturePipeline.[0m
[37m2025-09-03 19:08:00 - utils.feature_pipeline - INFO     - Generación de features completada por FeaturePipeline.[0m
[37m2025-09-03 19:08:01 - utils.binance_client - INFO     - Cerrando cliente de Binance asíncrono...[0m
[37m2025-09-03 19:08:01 - utils.binance_client - INFO     - Cliente de Binance cerrado exitosamente.[0m
[37m2025-09-03 19:10:48 - utils.technical_analysis - INFO     - Iniciando análisis de mercado para SOLUSDT - 5m.[0m
[37m2025-09-03 19:10:49 - utils.technical_analysis - INFO     - Umbrales dinámicos activos: high=0.71, medium=0.71, low=0.55[0m
[37m2025-09-03 19:10:49 - utils.technical_analysis - INFO     - 🎯 Umbrales ML configurados: Alto=0.71, Medio=0.71, Bajo=0.55[0m
[37m2025-09-03 19:10:49 - utils.technical_analysis - INFO     - Obteniendo klines históricos para SOLUSDT (orig=SOLUSDT) - 5m (limit: 300) desde la BD.[0m
[33m2025-09-03 19:10:49 - utils.technical_analysis - WARNING  - No se encontraron klines en la BD para SOLUSDT-5m. Probando alias…[0m
[37m2025-09-03 19:10:49 - utils.binance_client - INFO     - Inicializando cliente de Binance asíncrono centralizado...[0m
[37m2025-09-03 19:10:49 - utils.binance_client - INFO     - Cliente de Binance asíncrono inicializado y conexión verificada exitosamente.[0m
[37m2025-09-03 19:10:49 - utils.technical_analysis - INFO     - Intentando fallback: lectura desde CSV para SOLUSDT-5m (con alias)[0m
[37m2025-09-03 19:10:50 - utils.technical_analysis - INFO     - ✅ Backfill Binance para SOLUSDT-5m: 300 registros (orig=SOLUSDT)[0m
[37m2025-09-03 19:10:50 - utils.feature_pipeline - INFO     - Generación de features completada por FeaturePipeline.[0m
[37m2025-09-03 19:10:50 - utils.technical_analysis - INFO     - 🤖 ML Predicción: COMPRAR=0.714, VENDER=0.286[0m
[37m2025-09-03 19:10:50 - utils.technical_analysis - INFO     - 🎯 Decisión: COMPRAR, Score: 71.4[0m
[37m2025-09-03 19:10:50 - utils.technical_analysis - INFO     - Análisis completado para SOLUSDT. Decisión: COMPRAR, Score: 71.42883351844274[0m
[37m2025-09-03 19:10:50 - utils.feature_pipeline - INFO     - FeaturePipeline inicializado.[0m
[37m2025-09-03 19:10:50 - utils.feature_pipeline - INFO     - Generación de features completada por FeaturePipeline.[0m
[37m2025-09-03 19:10:50 - utils.feature_pipeline - INFO     - Generación de features completada por FeaturePipeline.[0m
[37m2025-09-03 19:10:52 - utils.technical_analysis - INFO     - Iniciando análisis de mercado para ETHUSDT - 5m.[0m
[37m2025-09-03 19:10:53 - utils.technical_analysis - INFO     - Umbrales dinámicos activos: high=0.71, medium=0.71, low=0.55[0m
[37m2025-09-03 19:10:53 - utils.technical_analysis - INFO     - 🎯 Umbrales ML configurados: Alto=0.71, Medio=0.71, Bajo=0.55[0m
[37m2025-09-03 19:10:53 - utils.technical_analysis - INFO     - Obteniendo klines históricos para ETHUSDT (orig=ETHUSDT) - 5m (limit: 300) desde la BD.[0m
[33m2025-09-03 19:10:53 - utils.technical_analysis - WARNING  - No se encontraron klines en la BD para ETHUSDT-5m. Probando alias…[0m
[37m2025-09-03 19:10:53 - utils.technical_analysis - INFO     - Intentando fallback: lectura desde CSV para ETHUSDT-5m (con alias)[0m
[37m2025-09-03 19:10:53 - utils.technical_analysis - INFO     - ✅ Backfill Binance para ETHUSDT-5m: 300 registros (orig=ETHUSDT)[0m
[37m2025-09-03 19:10:53 - utils.feature_pipeline - INFO     - Generación de features completada por FeaturePipeline.[0m
[37m2025-09-03 19:10:53 - utils.technical_analysis - INFO     - 🤖 ML Predicción: COMPRAR=0.519, VENDER=0.481[0m
[37m2025-09-03 19:10:53 - utils.technical_analysis - INFO     - 🎯 Decisión: MANTENER, Score: 51.9[0m
[37m2025-09-03 19:10:53 - utils.technical_analysis - INFO     - Análisis completado para ETHUSDT. Decisión: MANTENER, Score: 51.915966839093684[0m
[37m2025-09-03 19:10:53 - utils.feature_pipeline - INFO     - FeaturePipeline inicializado.[0m
[37m2025-09-03 19:10:53 - utils.feature_pipeline - INFO     - Generación de features completada por FeaturePipeline.[0m
[37m2025-09-03 19:10:53 - utils.feature_pipeline - INFO     - Generación de features completada por FeaturePipeline.[0m
[37m2025-09-03 19:10:54 - utils.binance_client - INFO     - Cerrando cliente de Binance asíncrono...[0m
[37m2025-09-03 19:10:54 - utils.binance_client - INFO     - Cliente de Binance cerrado exitosamente.[0m
[37m2025-09-03 19:13:42 - utils.technical_analysis - INFO     - Iniciando análisis de mercado para SOLUSDT - 5m.[0m
[37m2025-09-03 19:13:44 - utils.technical_analysis - INFO     - Umbrales dinámicos activos: high=0.71, medium=0.71, low=0.55[0m
[37m2025-09-03 19:13:44 - utils.technical_analysis - INFO     - 🎯 Umbrales ML configurados: Alto=0.71, Medio=0.71, Bajo=0.55[0m
[37m2025-09-03 19:13:44 - utils.technical_analysis - INFO     - Obteniendo klines históricos para SOLUSDT (orig=SOLUSDT) - 5m (limit: 300) desde la BD.[0m
[33m2025-09-03 19:13:44 - utils.technical_analysis - WARNING  - No se encontraron klines en la BD para SOLUSDT-5m. Probando alias…[0m
[37m2025-09-03 19:13:44 - utils.binance_client - INFO     - Inicializando cliente de Binance asíncrono centralizado...[0m
[37m2025-09-03 19:13:45 - utils.binance_client - INFO     - Cliente de Binance asíncrono inicializado y conexión verificada exitosamente.[0m
[37m2025-09-03 19:13:45 - utils.technical_analysis - INFO     - Intentando fallback: lectura desde CSV para SOLUSDT-5m (con alias)[0m
[37m2025-09-03 19:13:45 - utils.technical_analysis - INFO     - ✅ Backfill Binance para SOLUSDT-5m: 300 registros (orig=SOLUSDT)[0m
[37m2025-09-03 19:13:45 - utils.feature_pipeline - INFO     - Generación de features completada por FeaturePipeline.[0m
[37m2025-09-03 19:13:45 - utils.technical_analysis - INFO     - 🤖 ML Predicción: COMPRAR=0.651, VENDER=0.349[0m
[37m2025-09-03 19:13:45 - utils.technical_analysis - INFO     - 🎯 Decisión: MANTENER, Score: 65.1[0m
[37m2025-09-03 19:13:45 - utils.technical_analysis - INFO     - Análisis completado para SOLUSDT. Decisión: MANTENER, Score: 65.11625269447082[0m
[37m2025-09-03 19:13:45 - utils.feature_pipeline - INFO     - FeaturePipeline inicializado.[0m
[37m2025-09-03 19:13:46 - utils.feature_pipeline - INFO     - Generación de features completada por FeaturePipeline.[0m
[37m2025-09-03 19:13:46 - utils.feature_pipeline - INFO     - Generación de features completada por FeaturePipeline.[0m
[37m2025-09-03 19:13:45 - utils.technical_analysis - INFO     - Iniciando análisis de mercado para ETHUSDT - 5m.[0m
[37m2025-09-03 19:13:46 - utils.technical_analysis - INFO     - Umbrales dinámicos activos: high=0.71, medium=0.71, low=0.55[0m
[37m2025-09-03 19:13:46 - utils.technical_analysis - INFO     - 🎯 Umbrales ML configurados: Alto=0.71, Medio=0.71, Bajo=0.55[0m
[37m2025-09-03 19:13:46 - utils.technical_analysis - INFO     - Obteniendo klines históricos para ETHUSDT (orig=ETHUSDT) - 5m (limit: 300) desde la BD.[0m
[33m2025-09-03 19:13:46 - utils.technical_analysis - WARNING  - No se encontraron klines en la BD para ETHUSDT-5m. Probando alias…[0m
[37m2025-09-03 19:13:46 - utils.technical_analysis - INFO     - Intentando fallback: lectura desde CSV para ETHUSDT-5m (con alias)[0m
[37m2025-09-03 19:13:46 - utils.technical_analysis - INFO     - ✅ Backfill Binance para ETHUSDT-5m: 300 registros (orig=ETHUSDT)[0m
[37m2025-09-03 19:13:47 - utils.feature_pipeline - INFO     - Generación de features completada por FeaturePipeline.[0m
[37m2025-09-03 19:13:47 - utils.technical_analysis - INFO     - 🤖 ML Predicción: COMPRAR=0.608, VENDER=0.392[0m
[37m2025-09-03 19:13:47 - utils.technical_analysis - INFO     - 🎯 Decisión: MANTENER, Score: 60.8[0m
[37m2025-09-03 19:13:47 - utils.technical_analysis - INFO     - Análisis completado para ETHUSDT. Decisión: MANTENER, Score: 60.80941504976589[0m
[37m2025-09-03 19:13:47 - utils.feature_pipeline - INFO     - FeaturePipeline inicializado.[0m
[37m2025-09-03 19:13:47 - utils.feature_pipeline - INFO     - Generación de features completada por FeaturePipeline.[0m
[37m2025-09-03 19:13:47 - utils.feature_pipeline - INFO     - Generación de features completada por FeaturePipeline.[0m
[37m2025-09-03 19:13:48 - utils.binance_client - INFO     - Cerrando cliente de Binance asíncrono...[0m
[37m2025-09-03 19:13:48 - utils.binance_client - INFO     - Cliente de Binance cerrado exitosamente.[0m
[37m2025-09-03 19:16:36 - utils.technical_analysis - INFO     - Iniciando análisis de mercado para SOLUSDT - 5m.[0m
[37m2025-09-03 19:16:37 - utils.technical_analysis - INFO     - Umbrales dinámicos activos: high=0.71, medium=0.71, low=0.55[0m
[37m2025-09-03 19:16:37 - utils.technical_analysis - INFO     - 🎯 Umbrales ML configurados: Alto=0.71, Medio=0.71, Bajo=0.55[0m
[37m2025-09-03 19:16:37 - utils.technical_analysis - INFO     - Obteniendo klines históricos para SOLUSDT (orig=SOLUSDT) - 5m (limit: 300) desde la BD.[0m
[33m2025-09-03 19:16:37 - utils.technical_analysis - WARNING  - No se encontraron klines en la BD para SOLUSDT-5m. Probando alias…[0m
[37m2025-09-03 19:16:37 - utils.binance_client - INFO     - Inicializando cliente de Binance asíncrono centralizado...[0m
[37m2025-09-03 19:16:38 - utils.binance_client - INFO     - Cliente de Binance asíncrono inicializado y conexión verificada exitosamente.[0m
[37m2025-09-03 19:16:38 - utils.technical_analysis - INFO     - Intentando fallback: lectura desde CSV para SOLUSDT-5m (con alias)[0m
[37m2025-09-03 19:16:38 - utils.technical_analysis - INFO     - ✅ Backfill Binance para SOLUSDT-5m: 300 registros (orig=SOLUSDT)[0m
[37m2025-09-03 19:16:38 - utils.feature_pipeline - INFO     - Generación de features completada por FeaturePipeline.[0m
[37m2025-09-03 19:16:38 - utils.technical_analysis - INFO     - 🤖 ML Predicción: COMPRAR=0.671, VENDER=0.329[0m
[37m2025-09-03 19:16:38 - utils.technical_analysis - INFO     - 🎯 Decisión: MANTENER, Score: 67.1[0m
[37m2025-09-03 19:16:38 - utils.technical_analysis - INFO     - Análisis completado para SOLUSDT. Decisión: MANTENER, Score: 67.09234517416067[0m
[37m2025-09-03 19:16:38 - utils.feature_pipeline - INFO     - FeaturePipeline inicializado.[0m
[37m2025-09-03 19:16:38 - utils.feature_pipeline - INFO     - Generación de features completada por FeaturePipeline.[0m
[37m2025-09-03 19:16:38 - utils.feature_pipeline - INFO     - Generación de features completada por FeaturePipeline.[0m
[37m2025-09-03 19:16:41 - utils.technical_analysis - INFO     - Iniciando análisis de mercado para ETHUSDT - 5m.[0m
[37m2025-09-03 19:16:41 - utils.technical_analysis - INFO     - Umbrales dinámicos activos: high=0.71, medium=0.71, low=0.55[0m
[37m2025-09-03 19:16:41 - utils.technical_analysis - INFO     - 🎯 Umbrales ML configurados: Alto=0.71, Medio=0.71, Bajo=0.55[0m
[37m2025-09-03 19:16:41 - utils.technical_analysis - INFO     - Obteniendo klines históricos para ETHUSDT (orig=ETHUSDT) - 5m (limit: 300) desde la BD.[0m
[33m2025-09-03 19:16:41 - utils.technical_analysis - WARNING  - No se encontraron klines en la BD para ETHUSDT-5m. Probando alias…[0m
[37m2025-09-03 19:16:41 - utils.technical_analysis - INFO     - Intentando fallback: lectura desde CSV para ETHUSDT-5m (con alias)[0m
[37m2025-09-03 19:16:42 - utils.technical_analysis - INFO     - ✅ Backfill Binance para ETHUSDT-5m: 300 registros (orig=ETHUSDT)[0m
[37m2025-09-03 19:16:42 - utils.feature_pipeline - INFO     - Generación de features completada por FeaturePipeline.[0m
[37m2025-09-03 19:16:42 - utils.technical_analysis - INFO     - 🤖 ML Predicción: COMPRAR=0.663, VENDER=0.337[0m
[37m2025-09-03 19:16:42 - utils.technical_analysis - INFO     - 🎯 Decisión: MANTENER, Score: 66.3[0m
[37m2025-09-03 19:16:42 - utils.technical_analysis - INFO     - Análisis completado para ETHUSDT. Decisión: MANTENER, Score: 66.3135068904879[0m
[37m2025-09-03 19:16:42 - utils.feature_pipeline - INFO     - FeaturePipeline inicializado.[0m
[37m2025-09-03 19:16:42 - utils.feature_pipeline - INFO     - Generación de features completada por FeaturePipeline.[0m
[37m2025-09-03 19:16:42 - utils.feature_pipeline - INFO     - Generación de features completada por FeaturePipeline.[0m
[37m2025-09-03 19:16:42 - utils.binance_client - INFO     - Cerrando cliente de Binance asíncrono...[0m
[37m2025-09-03 19:16:42 - utils.binance_client - INFO     - Cliente de Binance cerrado exitosamente.[0m
[37m2025-09-03 19:19:30 - utils.technical_analysis - INFO     - Iniciando análisis de mercado para SOLUSDT - 5m.[0m
[37m2025-09-03 19:19:30 - utils.technical_analysis - INFO     - Umbrales dinámicos activos: high=0.71, medium=0.71, low=0.55[0m
[37m2025-09-03 19:19:30 - utils.technical_analysis - INFO     - 🎯 Umbrales ML configurados: Alto=0.71, Medio=0.71, Bajo=0.55[0m
[37m2025-09-03 19:19:30 - utils.technical_analysis - INFO     - Obteniendo klines históricos para SOLUSDT (orig=SOLUSDT) - 5m (limit: 300) desde la BD.[0m
[33m2025-09-03 19:19:30 - utils.technical_analysis - WARNING  - No se encontraron klines en la BD para SOLUSDT-5m. Probando alias…[0m
[37m2025-09-03 19:19:30 - utils.binance_client - INFO     - Inicializando cliente de Binance asíncrono centralizado...[0m
[37m2025-09-03 19:19:31 - utils.binance_client - INFO     - Cliente de Binance asíncrono inicializado y conexión verificada exitosamente.[0m
[37m2025-09-03 19:19:31 - utils.technical_analysis - INFO     - Intentando fallback: lectura desde CSV para SOLUSDT-5m (con alias)[0m
[37m2025-09-03 19:19:31 - utils.technical_analysis - INFO     - ✅ Backfill Binance para SOLUSDT-5m: 300 registros (orig=SOLUSDT)[0m
[37m2025-09-03 19:19:32 - utils.feature_pipeline - INFO     - Generación de features completada por FeaturePipeline.[0m
[37m2025-09-03 19:19:32 - utils.technical_analysis - INFO     - 🤖 ML Predicción: COMPRAR=0.679, VENDER=0.321[0m
[37m2025-09-03 19:19:32 - utils.technical_analysis - INFO     - 🎯 Decisión: MANTENER, Score: 67.9[0m
[37m2025-09-03 19:19:32 - utils.technical_analysis - INFO     - Análisis completado para SOLUSDT. Decisión: MANTENER, Score: 67.86891988974679[0m
[37m2025-09-03 19:19:32 - utils.feature_pipeline - INFO     - FeaturePipeline inicializado.[0m
[37m2025-09-03 19:19:32 - utils.feature_pipeline - INFO     - Generación de features completada por FeaturePipeline.[0m
[37m2025-09-03 19:19:32 - utils.feature_pipeline - INFO     - Generación de features completada por FeaturePipeline.[0m
[37m2025-09-03 19:19:35 - utils.technical_analysis - INFO     - Iniciando análisis de mercado para ETHUSDT - 5m.[0m
[37m2025-09-03 19:19:35 - utils.technical_analysis - INFO     - Umbrales dinámicos activos: high=0.71, medium=0.71, low=0.55[0m
[37m2025-09-03 19:19:35 - utils.technical_analysis - INFO     - 🎯 Umbrales ML configurados: Alto=0.71, Medio=0.71, Bajo=0.55[0m
[37m2025-09-03 19:19:35 - utils.technical_analysis - INFO     - Obteniendo klines históricos para ETHUSDT (orig=ETHUSDT) - 5m (limit: 300) desde la BD.[0m
[33m2025-09-03 19:19:35 - utils.technical_analysis - WARNING  - No se encontraron klines en la BD para ETHUSDT-5m. Probando alias…[0m
[37m2025-09-03 19:19:35 - utils.technical_analysis - INFO     - Intentando fallback: lectura desde CSV para ETHUSDT-5m (con alias)[0m
[37m2025-09-03 19:19:35 - utils.technical_analysis - INFO     - ✅ Backfill Binance para ETHUSDT-5m: 300 registros (orig=ETHUSDT)[0m
[37m2025-09-03 19:19:35 - utils.feature_pipeline - INFO     - Generación de features completada por FeaturePipeline.[0m
[37m2025-09-03 19:19:35 - utils.technical_analysis - INFO     - 🤖 ML Predicción: COMPRAR=0.638, VENDER=0.362[0m
[37m2025-09-03 19:19:35 - utils.technical_analysis - INFO     - 🎯 Decisión: MANTENER, Score: 63.8[0m
[37m2025-09-03 19:19:35 - utils.technical_analysis - INFO     - Análisis completado para ETHUSDT. Decisión: MANTENER, Score: 63.81105780370518[0m
[37m2025-09-03 19:19:35 - utils.feature_pipeline - INFO     - FeaturePipeline inicializado.[0m
[37m2025-09-03 19:19:35 - utils.feature_pipeline - INFO     - Generación de features completada por FeaturePipeline.[0m
[37m2025-09-03 19:19:35 - utils.feature_pipeline - INFO     - Generación de features completada por FeaturePipeline.[0m
[37m2025-09-03 19:19:36 - utils.binance_client - INFO     - Cerrando cliente de Binance asíncrono...[0m
[37m2025-09-03 19:19:36 - utils.binance_client - INFO     - Cliente de Binance cerrado exitosamente.[0m
[37m2025-09-03 19:22:21 - dynamic_pair_selector - INFO     - 🔍 INICIANDO EVALUACIÓN DINÁMICA DE PARES[0m
[37m2025-09-03 19:22:21 - dynamic_pair_selector - INFO     - ============================================================[0m
[37m2025-09-03 19:22:21 - utils.binance_client - INFO     - Inicializando cliente de Binance asíncrono centralizado...[0m
[37m2025-09-03 19:22:22 - utils.binance_client - INFO     - Cliente de Binance asíncrono inicializado y conexión verificada exitosamente.[0m
[37m2025-09-03 19:22:23 - dynamic_pair_selector - INFO     - 📊 Descubiertos 412 pares USDT activos[0m
[37m2025-09-03 19:22:23 - dynamic_pair_selector - INFO     - 📊 Analizando 412 pares USDT[0m
[37m2025-09-03 19:22:23 - dynamic_pair_selector - INFO     - 📥 Procesando lote 1/42: 10 pares[0m
[37m2025-09-03 19:22:26 - dynamic_pair_selector - INFO     - 📥 Procesando lote 2/42: 10 pares[0m
[37m2025-09-03 19:22:30 - dynamic_pair_selector - INFO     - 📥 Procesando lote 3/42: 10 pares[0m
[37m2025-09-03 19:22:34 - dynamic_pair_selector - INFO     - 📥 Procesando lote 4/42: 10 pares[0m
[37m2025-09-03 19:22:38 - dynamic_pair_selector - INFO     - 📥 Procesando lote 5/42: 10 pares[0m
[37m2025-09-03 19:22:41 - dynamic_pair_selector - INFO     - 📥 Procesando lote 6/42: 10 pares[0m
[37m2025-09-03 19:22:44 - dynamic_pair_selector - INFO     - 📥 Procesando lote 7/42: 10 pares[0m
[37m2025-09-03 19:22:48 - dynamic_pair_selector - INFO     - 📥 Procesando lote 8/42: 10 pares[0m
[37m2025-09-03 19:22:51 - dynamic_pair_selector - INFO     - 📥 Procesando lote 9/42: 10 pares[0m
[37m2025-09-03 19:22:52 - dynamic_pair_selector - INFO     - 📥 Procesando lote 10/42: 10 pares[0m
[37m2025-09-03 19:22:56 - dynamic_pair_selector - INFO     - 📥 Procesando lote 11/42: 10 pares[0m
[37m2025-09-03 19:22:59 - dynamic_pair_selector - INFO     - 📥 Procesando lote 12/42: 10 pares[0m
[37m2025-09-03 19:23:02 - dynamic_pair_selector - INFO     - 📥 Procesando lote 13/42: 10 pares[0m
[37m2025-09-03 19:23:05 - dynamic_pair_selector - INFO     - 📥 Procesando lote 14/42: 10 pares[0m
[37m2025-09-03 19:23:08 - dynamic_pair_selector - INFO     - 📥 Procesando lote 15/42: 10 pares[0m
[37m2025-09-03 19:23:11 - dynamic_pair_selector - INFO     - 📥 Procesando lote 16/42: 10 pares[0m
[37m2025-09-03 19:23:14 - dynamic_pair_selector - INFO     - 📥 Procesando lote 17/42: 10 pares[0m
[37m2025-09-03 19:23:17 - dynamic_pair_selector - INFO     - 📥 Procesando lote 18/42: 10 pares[0m
[37m2025-09-03 19:23:17 - dynamic_pair_selector - INFO     - 📥 Procesando lote 19/42: 10 pares[0m
[37m2025-09-03 19:23:21 - dynamic_pair_selector - INFO     - 📥 Procesando lote 20/42: 10 pares[0m
[37m2025-09-03 19:23:25 - dynamic_pair_selector - INFO     - 📥 Procesando lote 21/42: 10 pares[0m
[37m2025-09-03 19:23:28 - dynamic_pair_selector - INFO     - 📥 Procesando lote 22/42: 10 pares[0m
[37m2025-09-03 19:23:31 - dynamic_pair_selector - INFO     - 📥 Procesando lote 23/42: 10 pares[0m
[37m2025-09-03 19:23:34 - dynamic_pair_selector - INFO     - 📥 Procesando lote 24/42: 10 pares[0m
[37m2025-09-03 19:23:37 - dynamic_pair_selector - INFO     - 📥 Procesando lote 25/42: 10 pares[0m
[37m2025-09-03 19:23:40 - dynamic_pair_selector - INFO     - 📥 Procesando lote 26/42: 10 pares[0m
[37m2025-09-03 19:23:44 - dynamic_pair_selector - INFO     - 📥 Procesando lote 27/42: 10 pares[0m
[37m2025-09-03 19:23:44 - dynamic_pair_selector - INFO     - 📥 Procesando lote 28/42: 10 pares[0m
[37m2025-09-03 19:23:47 - dynamic_pair_selector - INFO     - 📥 Procesando lote 29/42: 10 pares[0m
[37m2025-09-03 19:23:50 - dynamic_pair_selector - INFO     - 📥 Procesando lote 30/42: 10 pares[0m
[37m2025-09-03 19:23:53 - dynamic_pair_selector - INFO     - 📥 Procesando lote 31/42: 10 pares[0m
[37m2025-09-03 19:23:56 - dynamic_pair_selector - INFO     - 📥 Procesando lote 32/42: 10 pares[0m
[37m2025-09-03 19:23:59 - dynamic_pair_selector - INFO     - 📥 Procesando lote 33/42: 10 pares[0m
[37m2025-09-03 19:24:02 - dynamic_pair_selector - INFO     - 📥 Procesando lote 34/42: 10 pares[0m
[37m2025-09-03 19:24:04 - dynamic_pair_selector - INFO     - 📥 Procesando lote 35/42: 10 pares[0m
[37m2025-09-03 19:24:08 - dynamic_pair_selector - INFO     - 📥 Procesando lote 36/42: 10 pares[0m
[37m2025-09-03 19:24:11 - dynamic_pair_selector - INFO     - 📥 Procesando lote 37/42: 10 pares[0m
[37m2025-09-03 19:24:13 - dynamic_pair_selector - INFO     - 📥 Procesando lote 38/42: 10 pares[0m
[37m2025-09-03 19:24:13 - dynamic_pair_selector - INFO     - 📥 Procesando lote 39/42: 10 pares[0m
[37m2025-09-03 19:24:17 - dynamic_pair_selector - INFO     - 📥 Procesando lote 40/42: 10 pares[0m
[37m2025-09-03 19:24:21 - dynamic_pair_selector - INFO     - 📥 Procesando lote 41/42: 10 pares[0m
[37m2025-09-03 19:24:24 - dynamic_pair_selector - INFO     - 📥 Procesando lote 42/42: 2 pares[0m
[37m2025-09-03 19:24:25 - dynamic_pair_selector - INFO     - ✅ Evaluación completada: 410/412 pares analizados[0m
[37m2025-09-03 19:24:29 - utils.technical_analysis - INFO     - Iniciando análisis de mercado para SOLUSDT - 5m.[0m
[37m2025-09-03 19:24:29 - utils.technical_analysis - INFO     - Umbrales dinámicos activos: high=0.71, medium=0.71, low=0.55[0m
[37m2025-09-03 19:24:29 - utils.technical_analysis - INFO     - 🎯 Umbrales ML configurados: Alto=0.71, Medio=0.71, Bajo=0.55[0m
[37m2025-09-03 19:24:29 - utils.technical_analysis - INFO     - Obteniendo klines históricos para SOLUSDT (orig=SOLUSDT) - 5m (limit: 300) desde la BD.[0m
[33m2025-09-03 19:24:29 - utils.technical_analysis - WARNING  - No se encontraron klines en la BD para SOLUSDT-5m. Probando alias…[0m
[37m2025-09-03 19:24:29 - utils.technical_analysis - INFO     - Intentando fallback: lectura desde CSV para SOLUSDT-5m (con alias)[0m
[37m2025-09-03 19:24:30 - utils.technical_analysis - INFO     - ✅ Backfill Binance para SOLUSDT-5m: 300 registros (orig=SOLUSDT)[0m
[37m2025-09-03 19:24:30 - utils.feature_pipeline - INFO     - Generación de features completada por FeaturePipeline.[0m
[37m2025-09-03 19:24:30 - utils.technical_analysis - INFO     - 🤖 ML Predicción: COMPRAR=0.705, VENDER=0.295[0m
[37m2025-09-03 19:24:30 - utils.technical_analysis - INFO     - 🎯 Decisión: MANTENER, Score: 70.5[0m
[37m2025-09-03 19:24:30 - utils.technical_analysis - INFO     - Análisis completado para SOLUSDT. Decisión: MANTENER, Score: 70.50609296582017[0m
[37m2025-09-03 19:24:30 - utils.feature_pipeline - INFO     - FeaturePipeline inicializado.[0m
[37m2025-09-03 19:24:30 - utils.feature_pipeline - INFO     - Generación de features completada por FeaturePipeline.[0m
[37m2025-09-03 19:24:30 - utils.feature_pipeline - INFO     - Generación de features completada por FeaturePipeline.[0m
[37m2025-09-03 19:24:32 - utils.technical_analysis - INFO     - Iniciando análisis de mercado para ETHUSDT - 5m.[0m
[37m2025-09-03 19:24:32 - utils.technical_analysis - INFO     - Umbrales dinámicos activos: high=0.71, medium=0.71, low=0.55[0m
[37m2025-09-03 19:24:32 - utils.technical_analysis - INFO     - 🎯 Umbrales ML configurados: Alto=0.71, Medio=0.71, Bajo=0.55[0m
[37m2025-09-03 19:24:32 - utils.technical_analysis - INFO     - Obteniendo klines históricos para ETHUSDT (orig=ETHUSDT) - 5m (limit: 300) desde la BD.[0m
[33m2025-09-03 19:24:32 - utils.technical_analysis - WARNING  - No se encontraron klines en la BD para ETHUSDT-5m. Probando alias…[0m
[37m2025-09-03 19:24:32 - utils.technical_analysis - INFO     - Intentando fallback: lectura desde CSV para ETHUSDT-5m (con alias)[0m
[37m2025-09-03 19:24:32 - utils.technical_analysis - INFO     - ✅ Backfill Binance para ETHUSDT-5m: 300 registros (orig=ETHUSDT)[0m
[37m2025-09-03 19:24:32 - utils.feature_pipeline - INFO     - Generación de features completada por FeaturePipeline.[0m
[37m2025-09-03 19:24:32 - utils.technical_analysis - INFO     - 🤖 ML Predicción: COMPRAR=0.649, VENDER=0.351[0m
[37m2025-09-03 19:24:32 - utils.technical_analysis - INFO     - 🎯 Decisión: MANTENER, Score: 64.9[0m
[37m2025-09-03 19:24:32 - utils.technical_analysis - INFO     - Análisis completado para ETHUSDT. Decisión: MANTENER, Score: 64.8972509618653[0m
[37m2025-09-03 19:24:32 - utils.feature_pipeline - INFO     - FeaturePipeline inicializado.[0m
[37m2025-09-03 19:24:33 - utils.feature_pipeline - INFO     - Generación de features completada por FeaturePipeline.[0m
[37m2025-09-03 19:24:33 - utils.feature_pipeline - INFO     - Generación de features completada por FeaturePipeline.[0m
[CANDIDATE] SOLUSDT px=210.60500000 score=69.3 trend=0.0058
[FILTERS] minNotional=5.0 step=0.01 tick=0.01 qty=0.03
[COST] spread=0.0047% taker(round‑trip)≈0.0800% → Profit/Cost=47.20x
[ROI] TP Neto≈3.9153% (0.2474 USDT) sobre margen≈1.2636 → 19.58%
[INFO] Enviando LIMIT_MAKER BUY SOLUSDT qty=0.03 px=210.61 (try 1/3, testnet=False)
[INFO] Enviando LIMIT_MAKER BUY SOLUSDT qty=0.03 px=210.6 (try 2/3, testnet=False)
[INFO] Enviando LIMIT_MAKER BUY SOLUSDT qty=0.03 px=210.6 (try 3/3, testnet=False)
[WARN] LIMIT_MAKER falló (3 intentos): APIError(code=-5022): Due to the order could not be executed as maker, the Post Only order will be rejected. The order will not be recorded in the order history. Enviando MARKET…
[INFO] Enviando MARKET BUY SOLUSDT qty=0.03 (testnet=False)
[OK] Entrada ejecutada. orderId=141206101431
[OK] TP/SL colocados. SL@206.39000000, TP@219.03000000
[LOOP] Posiciones abiertas: ['SOLUSDT'] (1/2). Gestionando y evaluando nuevas entradas…
[MANAGER] Time‑stop ejecutado en SOLUSDT (edad 197.1m)
[SKIP] BTCUSDT minNotional(100.0) > margen(37.599999999999994)
[ML] SOLUSDT decision=COMPRAR score=72.7 buy=0.727 sell=0.273
[CANDIDATE] SOLUSDT px=210.94500000 score=69.3 trend=0.0058
[FILTERS] minNotional=5.0 step=0.01 tick=0.01 qty=0.03
[COST] spread=0.0047% taker(round‑trip)≈0.0800% → Profit/Cost=47.20x
[ROI] TP Neto≈3.9153% (0.2478 USDT) sobre margen≈1.2657 → 19.58%
[SKIP] SOLUSDT cooldown de entrada (2.9m < 60m) y no es oportunidad excepcional
[ML] ETHUSDT decision=MANTENER score=53.9 buy=0.461 sell=0.539
[CANDIDATE] ETHUSDT px=4449.55500000 score=69.0 trend=0.0036
[FILTERS] minNotional=20.0 step=0.001 tick=0.01 qty=0.005
[COST] spread=0.0002% taker(round‑trip)≈0.0800% → Profit/Cost=49.86x
[ROI] TP Neto≈3.9198% (0.8721 USDT) sobre margen≈4.4496 → 19.60%
[INFO] Enviando LIMIT_MAKER BUY ETHUSDT qty=0.005 px=4449.56 (try 1/3, testnet=False)
[INFO] Enviando LIMIT_MAKER BUY ETHUSDT qty=0.005 px=4449.54 (try 2/3, testnet=False)
[OK] Entrada ejecutada. orderId=8389765951135066987
[OK] TP/SL colocados. SL@4360.56000000, TP@4627.54000000
[LOOP] Posiciones abiertas: ['ETHUSDT'] (1/2). Gestionando y evaluando nuevas entradas…
[MANAGER] Time‑stop ejecutado en ETHUSDT (edad 197.3m)
[SKIP] BTCUSDT minNotional(100.0) > margen(37.599999999999994)
[ML] SOLUSDT decision=MANTENER score=65.1 buy=0.651 sell=0.349
[CANDIDATE] SOLUSDT px=210.67500000 score=69.3 trend=0.0058
[FILTERS] minNotional=5.0 step=0.01 tick=0.01 qty=0.03
[COST] spread=0.0047% taker(round‑trip)≈0.0800% → Profit/Cost=47.20x
[ROI] TP Neto≈3.9153% (0.2475 USDT) sobre margen≈1.2640 → 19.58%
[SKIP] SOLUSDT cooldown de entrada (5.9m < 60m) y no es oportunidad excepcional
[ML] ETHUSDT decision=MANTENER score=53.3 buy=0.467 sell=0.533
[CANDIDATE] ETHUSDT px=4448.00500000 score=69.0 trend=0.0036
[FILTERS] minNotional=20.0 step=0.001 tick=0.01 qty=0.005
[COST] spread=0.0002% taker(round‑trip)≈0.0800% → Profit/Cost=49.86x
[ROI] TP Neto≈3.9198% (0.8718 USDT) sobre margen≈4.4480 → 19.60%
[SKIP] ETHUSDT cooldown de entrada (3.0m < 60m) y no es oportunidad excepcional
[ABORT] Ningún candidato cumplió minNotional/spread/ratio con los parámetros actuales.
[SKIP] BTCUSDT minNotional(100.0) > margen(37.599999999999994)
[ML] SOLUSDT decision=COMPRAR score=71.4 buy=0.714 sell=0.286
[CANDIDATE] SOLUSDT px=211.13500000 score=69.3 trend=0.0058
[FILTERS] minNotional=5.0 step=0.01 tick=0.01 qty=0.03
[COST] spread=0.0047% taker(round‑trip)≈0.0800% → Profit/Cost=47.21x
[ROI] TP Neto≈3.9153% (0.2480 USDT) sobre margen≈1.2668 → 19.58%
[SKIP] SOLUSDT cooldown de entrada (8.8m < 60m) y no es oportunidad excepcional
[ML] ETHUSDT decision=MANTENER score=51.9 buy=0.519 sell=0.481
[CANDIDATE] ETHUSDT px=4444.09500000 score=69.0 trend=0.0036
[FILTERS] minNotional=20.0 step=0.001 tick=0.01 qty=0.005
[COST] spread=0.0002% taker(round‑trip)≈0.0800% → Profit/Cost=49.86x
[ROI] TP Neto≈3.9198% (0.8710 USDT) sobre margen≈4.4441 → 19.60%
[SKIP] ETHUSDT cooldown de entrada (5.9m < 60m) y no es oportunidad excepcional
[ABORT] Ningún candidato cumplió minNotional/spread/ratio con los parámetros actuales.
[SKIP] BTCUSDT minNotional(100.0) > margen(37.599999999999994)
[ML] SOLUSDT decision=MANTENER score=65.1 buy=0.651 sell=0.349
[CANDIDATE] SOLUSDT px=211.63500000 score=69.3 trend=0.0058
[FILTERS] minNotional=5.0 step=0.01 tick=0.01 qty=0.03
[COST] spread=0.0047% taker(round‑trip)≈0.0800% → Profit/Cost=47.21x
[ROI] TP Neto≈3.9153% (0.2486 USDT) sobre margen≈1.2698 → 19.58%
[WARN] No se pudo leer equity para circuit breaker: APIError(code=-1021): Timestamp for this request was 1000ms ahead of the server's time.
[CIRCUIT] Pérdida diaria 6.1386 >= límite 0.0921. No se abrirán nuevas entradas hoy.
[ML] ETHUSDT decision=MANTENER score=60.8 buy=0.608 sell=0.392
[CANDIDATE] ETHUSDT px=4451.70500000 score=69.0 trend=0.0036
[FILTERS] minNotional=20.0 step=0.001 tick=0.01 qty=0.005
[COST] spread=0.0002% taker(round‑trip)≈0.0800% → Profit/Cost=49.86x
[ROI] TP Neto≈3.9198% (0.8725 USDT) sobre margen≈4.4517 → 19.60%
[SKIP] ETHUSDT cooldown de entrada (8.8m < 60m) y no es oportunidad excepcional
[ABORT] Ningún candidato cumplió minNotional/spread/ratio con los parámetros actuales.
[SKIP] BTCUSDT minNotional(100.0) > margen(37.599999999999994)
[ML] SOLUSDT decision=MANTENER score=67.1 buy=0.671 sell=0.329
[CANDIDATE] SOLUSDT px=211.26500000 score=69.3 trend=0.0058
[FILTERS] minNotional=5.0 step=0.01 tick=0.01 qty=0.03
[COST] spread=0.0047% taker(round‑trip)≈0.0800% → Profit/Cost=47.21x
[ROI] TP Neto≈3.9153% (0.2481 USDT) sobre margen≈1.2676 → 19.58%
[SKIP] SOLUSDT cooldown de entrada (14.6m < 60m) y no es oportunidad excepcional
[ML] ETHUSDT decision=MANTENER score=66.3 buy=0.663 sell=0.337
[CANDIDATE] ETHUSDT px=4455.17500000 score=69.0 trend=0.0036
[FILTERS] minNotional=20.0 step=0.001 tick=0.01 qty=0.005
[COST] spread=0.0002% taker(round‑trip)≈0.0800% → Profit/Cost=49.86x
[ROI] TP Neto≈3.9198% (0.8732 USDT) sobre margen≈4.4552 → 19.60%
[SKIP] ETHUSDT cooldown de entrada (11.7m < 60m) y no es oportunidad excepcional
[ABORT] Ningún candidato cumplió minNotional/spread/ratio con los parámetros actuales.
[SKIP] BTCUSDT minNotional(100.0) > margen(37.599999999999994)
[ML] SOLUSDT decision=MANTENER score=67.9 buy=0.679 sell=0.321
[CANDIDATE] SOLUSDT px=211.60500000 score=69.3 trend=0.0058
[FILTERS] minNotional=5.0 step=0.01 tick=0.01 qty=0.03
[COST] spread=0.0047% taker(round‑trip)≈0.0800% → Profit/Cost=47.21x
[ROI] TP Neto≈3.9153% (0.2485 USDT) sobre margen≈1.2696 → 19.58%
[SKIP] SOLUSDT cooldown de entrada (17.5m < 60m) y no es oportunidad excepcional
[ML] ETHUSDT decision=MANTENER score=63.8 buy=0.638 sell=0.362
[CANDIDATE] ETHUSDT px=4462.85500000 score=69.0 trend=0.0036
[FILTERS] minNotional=20.0 step=0.001 tick=0.01 qty=0.005
[COST] spread=0.0002% taker(round‑trip)≈0.0800% → Profit/Cost=49.86x
[ROI] TP Neto≈3.9198% (0.8747 USDT) sobre margen≈4.4629 → 19.60%
[SKIP] ETHUSDT cooldown de entrada (14.6m < 60m) y no es oportunidad excepcional
[ABORT] Ningún candidato cumplió minNotional/spread/ratio con los parámetros actuales.
[SKIP] BTCUSDT minNotional(100.0) > margen(37.599999999999994)
[ML] SOLUSDT decision=MANTENER score=70.5 buy=0.705 sell=0.295
[CANDIDATE] SOLUSDT px=211.33500000 score=69.2 trend=0.0055
[FILTERS] minNotional=5.0 step=0.01 tick=0.01 qty=0.03
[COST] spread=0.0047% taker(round‑trip)≈0.0800% → Profit/Cost=47.21x
[ROI] TP Neto≈3.9153% (0.2482 USDT) sobre margen≈1.2680 → 19.58%
[SKIP] SOLUSDT cooldown de entrada (22.4m < 60m) y no es oportunidad excepcional
[ML] ETHUSDT decision=MANTENER score=64.9 buy=0.649 sell=0.351
[CANDIDATE] ETHUSDT px=4470.50500000 score=68.8 trend=0.0026
[FILTERS] minNotional=20.0 step=0.001 tick=0.01 qty=0.005
[COST] spread=0.0002% taker(round‑trip)≈0.0800% → Profit/Cost=49.86x
[ROI] TP Neto≈3.9198% (0.8762 USDT) sobre margen≈4.4705 → 19.60%
[SKIP] ETHUSDT cooldown de entrada (19.5m < 60m) y no es oportunidad excepcional
[37m2025-09-03 19:24:33 - utils.binance_client - INFO     - Cerrando cliente de Binance asíncrono...[0m
[37m2025-09-03 19:24:33 - utils.binance_client - INFO     - Cliente de Binance cerrado exitosamente.[0m
[37m2025-09-03 19:27:21 - utils.technical_analysis - INFO     - Iniciando análisis de mercado para SOLUSDT - 5m.[0m
[37m2025-09-03 19:27:22 - utils.technical_analysis - INFO     - Umbrales dinámicos activos: high=0.71, medium=0.71, low=0.55[0m
[37m2025-09-03 19:27:22 - utils.technical_analysis - INFO     - 🎯 Umbrales ML configurados: Alto=0.71, Medio=0.71, Bajo=0.55[0m
[37m2025-09-03 19:27:22 - utils.technical_analysis - INFO     - Obteniendo klines históricos para SOLUSDT (orig=SOLUSDT) - 5m (limit: 300) desde la BD.[0m
[33m2025-09-03 19:27:22 - utils.technical_analysis - WARNING  - No se encontraron klines en la BD para SOLUSDT-5m. Probando alias…[0m
[37m2025-09-03 19:27:22 - utils.binance_client - INFO     - Inicializando cliente de Binance asíncrono centralizado...[0m
[37m2025-09-03 19:27:23 - utils.binance_client - INFO     - Cliente de Binance asíncrono inicializado y conexión verificada exitosamente.[0m
[37m2025-09-03 19:27:23 - utils.technical_analysis - INFO     - Intentando fallback: lectura desde CSV para SOLUSDT-5m (con alias)[0m
[37m2025-09-03 19:27:23 - utils.technical_analysis - INFO     - ✅ Backfill Binance para SOLUSDT-5m: 300 registros (orig=SOLUSDT)[0m
[37m2025-09-03 19:27:23 - utils.feature_pipeline - INFO     - Generación de features completada por FeaturePipeline.[0m
[37m2025-09-03 19:27:23 - utils.technical_analysis - INFO     - 🤖 ML Predicción: COMPRAR=0.546, VENDER=0.454[0m
[37m2025-09-03 19:27:23 - utils.technical_analysis - INFO     - 🎯 Decisión: MANTENER, Score: 54.6[0m
[37m2025-09-03 19:27:23 - utils.technical_analysis - INFO     - Análisis completado para SOLUSDT. Decisión: MANTENER, Score: 54.62188185306189[0m
[37m2025-09-03 19:27:23 - utils.feature_pipeline - INFO     - FeaturePipeline inicializado.[0m
[37m2025-09-03 19:27:24 - utils.feature_pipeline - INFO     - Generación de features completada por FeaturePipeline.[0m
[37m2025-09-03 19:27:24 - utils.feature_pipeline - INFO     - Generación de features completada por FeaturePipeline.[0m
[37m2025-09-03 19:27:23 - utils.technical_analysis - INFO     - Iniciando análisis de mercado para ETHUSDT - 5m.[0m
[37m2025-09-03 19:27:24 - utils.technical_analysis - INFO     - Umbrales dinámicos activos: high=0.71, medium=0.71, low=0.55[0m
[37m2025-09-03 19:27:24 - utils.technical_analysis - INFO     - 🎯 Umbrales ML configurados: Alto=0.71, Medio=0.71, Bajo=0.55[0m
[37m2025-09-03 19:27:24 - utils.technical_analysis - INFO     - Obteniendo klines históricos para ETHUSDT (orig=ETHUSDT) - 5m (limit: 300) desde la BD.[0m
[33m2025-09-03 19:27:24 - utils.technical_analysis - WARNING  - No se encontraron klines en la BD para ETHUSDT-5m. Probando alias…[0m
[37m2025-09-03 19:27:24 - utils.technical_analysis - INFO     - Intentando fallback: lectura desde CSV para ETHUSDT-5m (con alias)[0m
[37m2025-09-03 19:27:24 - utils.technical_analysis - INFO     - ✅ Backfill Binance para ETHUSDT-5m: 300 registros (orig=ETHUSDT)[0m
[37m2025-09-03 19:27:24 - utils.feature_pipeline - INFO     - Generación de features completada por FeaturePipeline.[0m
[37m2025-09-03 19:27:24 - utils.technical_analysis - INFO     - 🤖 ML Predicción: COMPRAR=0.728, VENDER=0.272[0m
[37m2025-09-03 19:27:24 - utils.technical_analysis - INFO     - 🎯 Decisión: COMPRAR, Score: 72.8[0m
[37m2025-09-03 19:27:24 - utils.technical_analysis - INFO     - Análisis completado para ETHUSDT. Decisión: COMPRAR, Score: 72.83056441230285[0m
[37m2025-09-03 19:27:24 - utils.feature_pipeline - INFO     - FeaturePipeline inicializado.[0m
[37m2025-09-03 19:27:25 - utils.feature_pipeline - INFO     - Generación de features completada por FeaturePipeline.[0m
[37m2025-09-03 19:27:25 - utils.feature_pipeline - INFO     - Generación de features completada por FeaturePipeline.[0m
[37m2025-09-03 19:27:25 - utils.binance_client - INFO     - Cerrando cliente de Binance asíncrono...[0m
[37m2025-09-03 19:27:25 - utils.binance_client - INFO     - Cliente de Binance cerrado exitosamente.[0m
[37m2025-09-03 19:30:15 - utils.technical_analysis - INFO     - Iniciando análisis de mercado para SOLUSDT - 5m.[0m
[37m2025-09-03 19:30:15 - utils.technical_analysis - INFO     - Umbrales dinámicos activos: high=0.71, medium=0.71, low=0.55[0m
[37m2025-09-03 19:30:15 - utils.technical_analysis - INFO     - 🎯 Umbrales ML configurados: Alto=0.71, Medio=0.71, Bajo=0.55[0m
[37m2025-09-03 19:30:15 - utils.technical_analysis - INFO     - Obteniendo klines históricos para SOLUSDT (orig=SOLUSDT) - 5m (limit: 300) desde la BD.[0m
[33m2025-09-03 19:30:15 - utils.technical_analysis - WARNING  - No se encontraron klines en la BD para SOLUSDT-5m. Probando alias…[0m
[37m2025-09-03 19:30:16 - utils.binance_client - INFO     - Inicializando cliente de Binance asíncrono centralizado...[0m
[37m2025-09-03 19:30:16 - utils.binance_client - INFO     - Cliente de Binance asíncrono inicializado y conexión verificada exitosamente.[0m
[37m2025-09-03 19:30:16 - utils.technical_analysis - INFO     - Intentando fallback: lectura desde CSV para SOLUSDT-5m (con alias)[0m
[37m2025-09-03 19:30:17 - utils.technical_analysis - INFO     - ✅ Backfill Binance para SOLUSDT-5m: 300 registros (orig=SOLUSDT)[0m
[37m2025-09-03 19:30:17 - utils.feature_pipeline - INFO     - Generación de features completada por FeaturePipeline.[0m
[37m2025-09-03 19:30:17 - utils.technical_analysis - INFO     - 🤖 ML Predicción: COMPRAR=0.562, VENDER=0.438[0m
[37m2025-09-03 19:30:17 - utils.technical_analysis - INFO     - 🎯 Decisión: MANTENER, Score: 56.2[0m
[37m2025-09-03 19:30:17 - utils.technical_analysis - INFO     - Análisis completado para SOLUSDT. Decisión: MANTENER, Score: 56.20282824209705[0m
[37m2025-09-03 19:30:17 - utils.feature_pipeline - INFO     - FeaturePipeline inicializado.[0m
[37m2025-09-03 19:30:17 - utils.feature_pipeline - INFO     - Generación de features completada por FeaturePipeline.[0m
[37m2025-09-03 19:30:17 - utils.feature_pipeline - INFO     - Generación de features completada por FeaturePipeline.[0m
[37m2025-09-03 19:30:19 - utils.technical_analysis - INFO     - Iniciando análisis de mercado para ETHUSDT - 5m.[0m
[37m2025-09-03 19:30:20 - utils.technical_analysis - INFO     - Umbrales dinámicos activos: high=0.71, medium=0.71, low=0.55[0m
[37m2025-09-03 19:30:20 - utils.technical_analysis - INFO     - 🎯 Umbrales ML configurados: Alto=0.71, Medio=0.71, Bajo=0.55[0m
[37m2025-09-03 19:30:20 - utils.technical_analysis - INFO     - Obteniendo klines históricos para ETHUSDT (orig=ETHUSDT) - 5m (limit: 300) desde la BD.[0m
[33m2025-09-03 19:30:20 - utils.technical_analysis - WARNING  - No se encontraron klines en la BD para ETHUSDT-5m. Probando alias…[0m
[37m2025-09-03 19:30:20 - utils.technical_analysis - INFO     - Intentando fallback: lectura desde CSV para ETHUSDT-5m (con alias)[0m
[37m2025-09-03 19:30:20 - utils.technical_analysis - INFO     - ✅ Backfill Binance para ETHUSDT-5m: 300 registros (orig=ETHUSDT)[0m
[37m2025-09-03 19:30:20 - utils.feature_pipeline - INFO     - Generación de features completada por FeaturePipeline.[0m
[37m2025-09-03 19:30:21 - utils.technical_analysis - INFO     - 🤖 ML Predicción: COMPRAR=0.632, VENDER=0.368[0m
[37m2025-09-03 19:30:21 - utils.technical_analysis - INFO     - 🎯 Decisión: MANTENER, Score: 63.2[0m
[37m2025-09-03 19:30:21 - utils.technical_analysis - INFO     - Análisis completado para ETHUSDT. Decisión: MANTENER, Score: 63.22954527899552[0m
[37m2025-09-03 19:30:21 - utils.feature_pipeline - INFO     - FeaturePipeline inicializado.[0m
[37m2025-09-03 19:30:21 - utils.feature_pipeline - INFO     - Generación de features completada por FeaturePipeline.[0m
[37m2025-09-03 19:30:21 - utils.feature_pipeline - INFO     - Generación de features completada por FeaturePipeline.[0m
[37m2025-09-03 19:30:21 - utils.binance_client - INFO     - Cerrando cliente de Binance asíncrono...[0m
[37m2025-09-03 19:30:21 - utils.binance_client - INFO     - Cliente de Binance cerrado exitosamente.[0m
[37m2025-09-03 19:33:09 - utils.technical_analysis - INFO     - Iniciando análisis de mercado para SOLUSDT - 5m.[0m
[37m2025-09-03 19:33:09 - utils.technical_analysis - INFO     - Umbrales dinámicos activos: high=0.71, medium=0.71, low=0.55[0m
[37m2025-09-03 19:33:09 - utils.technical_analysis - INFO     - 🎯 Umbrales ML configurados: Alto=0.71, Medio=0.71, Bajo=0.55[0m
[37m2025-09-03 19:33:09 - utils.technical_analysis - INFO     - Obteniendo klines históricos para SOLUSDT (orig=SOLUSDT) - 5m (limit: 300) desde la BD.[0m
[33m2025-09-03 19:33:09 - utils.technical_analysis - WARNING  - No se encontraron klines en la BD para SOLUSDT-5m. Probando alias…[0m
[37m2025-09-03 19:33:09 - utils.binance_client - INFO     - Inicializando cliente de Binance asíncrono centralizado...[0m
[37m2025-09-03 19:33:11 - utils.binance_client - INFO     - Cliente de Binance asíncrono inicializado y conexión verificada exitosamente.[0m
[37m2025-09-03 19:33:11 - utils.technical_analysis - INFO     - Intentando fallback: lectura desde CSV para SOLUSDT-5m (con alias)[0m
[37m2025-09-03 19:33:12 - utils.technical_analysis - INFO     - ✅ Backfill Binance para SOLUSDT-5m: 300 registros (orig=SOLUSDT)[0m
[37m2025-09-03 19:33:12 - utils.feature_pipeline - INFO     - Generación de features completada por FeaturePipeline.[0m
[37m2025-09-03 19:33:12 - utils.technical_analysis - INFO     - 🤖 ML Predicción: COMPRAR=0.578, VENDER=0.422[0m
[37m2025-09-03 19:33:12 - utils.technical_analysis - INFO     - 🎯 Decisión: MANTENER, Score: 57.8[0m
[37m2025-09-03 19:33:12 - utils.technical_analysis - INFO     - Análisis completado para SOLUSDT. Decisión: MANTENER, Score: 57.809251407459485[0m
[37m2025-09-03 19:33:12 - utils.feature_pipeline - INFO     - FeaturePipeline inicializado.[0m
[37m2025-09-03 19:33:12 - utils.feature_pipeline - INFO     - Generación de features completada por FeaturePipeline.[0m
[37m2025-09-03 19:33:12 - utils.feature_pipeline - INFO     - Generación de features completada por FeaturePipeline.[0m
[37m2025-09-03 19:33:15 - utils.technical_analysis - INFO     - Iniciando análisis de mercado para ETHUSDT - 5m.[0m
[37m2025-09-03 19:33:15 - utils.technical_analysis - INFO     - Umbrales dinámicos activos: high=0.71, medium=0.71, low=0.55[0m
[37m2025-09-03 19:33:15 - utils.technical_analysis - INFO     - 🎯 Umbrales ML configurados: Alto=0.71, Medio=0.71, Bajo=0.55[0m
[37m2025-09-03 19:33:15 - utils.technical_analysis - INFO     - Obteniendo klines históricos para ETHUSDT (orig=ETHUSDT) - 5m (limit: 300) desde la BD.[0m
[33m2025-09-03 19:33:15 - utils.technical_analysis - WARNING  - No se encontraron klines en la BD para ETHUSDT-5m. Probando alias…[0m
[37m2025-09-03 19:33:15 - utils.technical_analysis - INFO     - Intentando fallback: lectura desde CSV para ETHUSDT-5m (con alias)[0m
[37m2025-09-03 19:33:15 - utils.technical_analysis - INFO     - ✅ Backfill Binance para ETHUSDT-5m: 300 registros (orig=ETHUSDT)[0m
[37m2025-09-03 19:33:15 - utils.feature_pipeline - INFO     - Generación de features completada por FeaturePipeline.[0m
[37m2025-09-03 19:33:15 - utils.technical_analysis - INFO     - 🤖 ML Predicción: COMPRAR=0.632, VENDER=0.368[0m
[37m2025-09-03 19:33:15 - utils.technical_analysis - INFO     - 🎯 Decisión: MANTENER, Score: 63.2[0m
[37m2025-09-03 19:33:15 - utils.technical_analysis - INFO     - Análisis completado para ETHUSDT. Decisión: MANTENER, Score: 63.22954527899552[0m
[37m2025-09-03 19:33:15 - utils.feature_pipeline - INFO     - FeaturePipeline inicializado.[0m
[37m2025-09-03 19:33:15 - utils.feature_pipeline - INFO     - Generación de features completada por FeaturePipeline.[0m
[37m2025-09-03 19:33:15 - utils.feature_pipeline - INFO     - Generación de features completada por FeaturePipeline.[0m
[37m2025-09-03 19:33:16 - utils.binance_client - INFO     - Cerrando cliente de Binance asíncrono...[0m
[37m2025-09-03 19:33:16 - utils.binance_client - INFO     - Cliente de Binance cerrado exitosamente.[0m
[37m2025-09-03 19:36:01 - utils.technical_analysis - INFO     - Iniciando análisis de mercado para SOLUSDT - 5m.[0m
[37m2025-09-03 19:36:01 - utils.technical_analysis - INFO     - Umbrales dinámicos activos: high=0.71, medium=0.71, low=0.55[0m
[37m2025-09-03 19:36:01 - utils.technical_analysis - INFO     - 🎯 Umbrales ML configurados: Alto=0.71, Medio=0.71, Bajo=0.55[0m
[37m2025-09-03 19:36:01 - utils.technical_analysis - INFO     - Obteniendo klines históricos para SOLUSDT (orig=SOLUSDT) - 5m (limit: 300) desde la BD.[0m
[33m2025-09-03 19:36:01 - utils.technical_analysis - WARNING  - No se encontraron klines en la BD para SOLUSDT-5m. Probando alias…[0m
[37m2025-09-03 19:36:01 - utils.binance_client - INFO     - Inicializando cliente de Binance asíncrono centralizado...[0m
[37m2025-09-03 19:36:02 - utils.binance_client - INFO     - Cliente de Binance asíncrono inicializado y conexión verificada exitosamente.[0m
[37m2025-09-03 19:36:02 - utils.technical_analysis - INFO     - Intentando fallback: lectura desde CSV para SOLUSDT-5m (con alias)[0m
[37m2025-09-03 19:36:02 - utils.technical_analysis - INFO     - ✅ Backfill Binance para SOLUSDT-5m: 300 registros (orig=SOLUSDT)[0m
[37m2025-09-03 19:36:03 - utils.feature_pipeline - INFO     - Generación de features completada por FeaturePipeline.[0m
[37m2025-09-03 19:36:03 - utils.technical_analysis - INFO     - 🤖 ML Predicción: COMPRAR=0.623, VENDER=0.377[0m
[37m2025-09-03 19:36:03 - utils.technical_analysis - INFO     - 🎯 Decisión: MANTENER, Score: 62.3[0m
[37m2025-09-03 19:36:03 - utils.technical_analysis - INFO     - Análisis completado para SOLUSDT. Decisión: MANTENER, Score: 62.286030285346605[0m
[37m2025-09-03 19:36:03 - utils.feature_pipeline - INFO     - FeaturePipeline inicializado.[0m
[37m2025-09-03 19:36:03 - utils.feature_pipeline - INFO     - Generación de features completada por FeaturePipeline.[0m
[37m2025-09-03 19:36:03 - utils.feature_pipeline - INFO     - Generación de features completada por FeaturePipeline.[0m
[37m2025-09-03 19:36:06 - utils.technical_analysis - INFO     - Iniciando análisis de mercado para ETHUSDT - 5m.[0m
[37m2025-09-03 19:36:06 - utils.technical_analysis - INFO     - Umbrales dinámicos activos: high=0.71, medium=0.71, low=0.55[0m
[37m2025-09-03 19:36:06 - utils.technical_analysis - INFO     - 🎯 Umbrales ML configurados: Alto=0.71, Medio=0.71, Bajo=0.55[0m
[37m2025-09-03 19:36:06 - utils.technical_analysis - INFO     - Obteniendo klines históricos para ETHUSDT (orig=ETHUSDT) - 5m (limit: 300) desde la BD.[0m
[33m2025-09-03 19:36:06 - utils.technical_analysis - WARNING  - No se encontraron klines en la BD para ETHUSDT-5m. Probando alias…[0m
[37m2025-09-03 19:36:06 - utils.technical_analysis - INFO     - Intentando fallback: lectura desde CSV para ETHUSDT-5m (con alias)[0m
[37m2025-09-03 19:36:06 - utils.technical_analysis - INFO     - ✅ Backfill Binance para ETHUSDT-5m: 300 registros (orig=ETHUSDT)[0m
[37m2025-09-03 19:36:06 - utils.feature_pipeline - INFO     - Generación de features completada por FeaturePipeline.[0m
[37m2025-09-03 19:36:06 - utils.technical_analysis - INFO     - 🤖 ML Predicción: COMPRAR=0.717, VENDER=0.283[0m
[37m2025-09-03 19:36:06 - utils.technical_analysis - INFO     - 🎯 Decisión: COMPRAR, Score: 71.7[0m
[37m2025-09-03 19:36:06 - utils.technical_analysis - INFO     - Análisis completado para ETHUSDT. Decisión: COMPRAR, Score: 71.65579802885858[0m
[37m2025-09-03 19:36:06 - utils.feature_pipeline - INFO     - FeaturePipeline inicializado.[0m
[37m2025-09-03 19:36:07 - utils.feature_pipeline - INFO     - Generación de features completada por FeaturePipeline.[0m
[37m2025-09-03 19:36:07 - utils.feature_pipeline - INFO     - Generación de features completada por FeaturePipeline.[0m
[37m2025-09-03 19:36:08 - utils.binance_client - INFO     - Cerrando cliente de Binance asíncrono...[0m
[37m2025-09-03 19:36:08 - utils.binance_client - INFO     - Cliente de Binance cerrado exitosamente.[0m
[37m2025-09-03 19:38:55 - utils.technical_analysis - INFO     - Iniciando análisis de mercado para SOLUSDT - 5m.[0m
[37m2025-09-03 19:38:56 - utils.technical_analysis - INFO     - Umbrales dinámicos activos: high=0.71, medium=0.71, low=0.55[0m
[37m2025-09-03 19:38:56 - utils.technical_analysis - INFO     - 🎯 Umbrales ML configurados: Alto=0.71, Medio=0.71, Bajo=0.55[0m
[37m2025-09-03 19:38:56 - utils.technical_analysis - INFO     - Obteniendo klines históricos para SOLUSDT (orig=SOLUSDT) - 5m (limit: 300) desde la BD.[0m
[33m2025-09-03 19:38:56 - utils.technical_analysis - WARNING  - No se encontraron klines en la BD para SOLUSDT-5m. Probando alias…[0m
[37m2025-09-03 19:38:56 - utils.binance_client - INFO     - Inicializando cliente de Binance asíncrono centralizado...[0m
[37m2025-09-03 19:38:56 - utils.binance_client - INFO     - Cliente de Binance asíncrono inicializado y conexión verificada exitosamente.[0m
[37m2025-09-03 19:38:56 - utils.technical_analysis - INFO     - Intentando fallback: lectura desde CSV para SOLUSDT-5m (con alias)[0m
[37m2025-09-03 19:38:57 - utils.technical_analysis - INFO     - ✅ Backfill Binance para SOLUSDT-5m: 300 registros (orig=SOLUSDT)[0m
[37m2025-09-03 19:38:57 - utils.feature_pipeline - INFO     - Generación de features completada por FeaturePipeline.[0m
[37m2025-09-03 19:38:57 - utils.technical_analysis - INFO     - 🤖 ML Predicción: COMPRAR=0.608, VENDER=0.392[0m
[37m2025-09-03 19:38:57 - utils.technical_analysis - INFO     - 🎯 Decisión: MANTENER, Score: 60.8[0m
[37m2025-09-03 19:38:57 - utils.technical_analysis - INFO     - Análisis completado para SOLUSDT. Decisión: MANTENER, Score: 60.819338994097315[0m
[37m2025-09-03 19:38:57 - utils.feature_pipeline - INFO     - FeaturePipeline inicializado.[0m
[37m2025-09-03 19:38:57 - utils.feature_pipeline - INFO     - Generación de features completada por FeaturePipeline.[0m
[37m2025-09-03 19:38:57 - utils.feature_pipeline - INFO     - Generación de features completada por FeaturePipeline.[0m
[37m2025-09-03 19:39:00 - utils.technical_analysis - INFO     - Iniciando análisis de mercado para ETHUSDT - 5m.[0m
[37m2025-09-03 19:39:00 - utils.technical_analysis - INFO     - Umbrales dinámicos activos: high=0.71, medium=0.71, low=0.55[0m
[37m2025-09-03 19:39:00 - utils.technical_analysis - INFO     - 🎯 Umbrales ML configurados: Alto=0.71, Medio=0.71, Bajo=0.55[0m
[37m2025-09-03 19:39:00 - utils.technical_analysis - INFO     - Obteniendo klines históricos para ETHUSDT (orig=ETHUSDT) - 5m (limit: 300) desde la BD.[0m
[33m2025-09-03 19:39:00 - utils.technical_analysis - WARNING  - No se encontraron klines en la BD para ETHUSDT-5m. Probando alias…[0m
[37m2025-09-03 19:39:00 - utils.technical_analysis - INFO     - Intentando fallback: lectura desde CSV para ETHUSDT-5m (con alias)[0m
[37m2025-09-03 19:39:00 - utils.technical_analysis - INFO     - ✅ Backfill Binance para ETHUSDT-5m: 300 registros (orig=ETHUSDT)[0m
[37m2025-09-03 19:39:00 - utils.feature_pipeline - INFO     - Generación de features completada por FeaturePipeline.[0m
[37m2025-09-03 19:39:00 - utils.technical_analysis - INFO     - 🤖 ML Predicción: COMPRAR=0.722, VENDER=0.278[0m
[37m2025-09-03 19:39:00 - utils.technical_analysis - INFO     - 🎯 Decisión: COMPRAR, Score: 72.2[0m
[37m2025-09-03 19:39:00 - utils.technical_analysis - INFO     - Análisis completado para ETHUSDT. Decisión: COMPRAR, Score: 72.19619621118576[0m
[37m2025-09-03 19:39:00 - utils.feature_pipeline - INFO     - FeaturePipeline inicializado.[0m
[37m2025-09-03 19:39:00 - utils.feature_pipeline - INFO     - Generación de features completada por FeaturePipeline.[0m
[37m2025-09-03 19:39:00 - utils.feature_pipeline - INFO     - Generación de features completada por FeaturePipeline.[0m
[37m2025-09-03 19:39:01 - utils.binance_client - INFO     - Cerrando cliente de Binance asíncrono...[0m
[37m2025-09-03 19:39:01 - utils.binance_client - INFO     - Cliente de Binance cerrado exitosamente.[0m
[37m2025-09-03 19:41:49 - utils.technical_analysis - INFO     - Iniciando análisis de mercado para SOLUSDT - 5m.[0m
[37m2025-09-03 19:41:49 - utils.technical_analysis - INFO     - Umbrales dinámicos activos: high=0.71, medium=0.71, low=0.55[0m
[37m2025-09-03 19:41:49 - utils.technical_analysis - INFO     - 🎯 Umbrales ML configurados: Alto=0.71, Medio=0.71, Bajo=0.55[0m
[37m2025-09-03 19:41:49 - utils.technical_analysis - INFO     - Obteniendo klines históricos para SOLUSDT (orig=SOLUSDT) - 5m (limit: 300) desde la BD.[0m
[33m2025-09-03 19:41:49 - utils.technical_analysis - WARNING  - No se encontraron klines en la BD para SOLUSDT-5m. Probando alias…[0m
[37m2025-09-03 19:41:49 - utils.binance_client - INFO     - Inicializando cliente de Binance asíncrono centralizado...[0m
[37m2025-09-03 19:41:50 - utils.binance_client - INFO     - Cliente de Binance asíncrono inicializado y conexión verificada exitosamente.[0m
[37m2025-09-03 19:41:50 - utils.technical_analysis - INFO     - Intentando fallback: lectura desde CSV para SOLUSDT-5m (con alias)[0m
[37m2025-09-03 19:41:50 - utils.technical_analysis - INFO     - ✅ Backfill Binance para SOLUSDT-5m: 300 registros (orig=SOLUSDT)[0m
[37m2025-09-03 19:41:50 - utils.feature_pipeline - INFO     - Generación de features completada por FeaturePipeline.[0m
[37m2025-09-03 19:41:50 - utils.technical_analysis - INFO     - 🤖 ML Predicción: COMPRAR=0.579, VENDER=0.421[0m
[37m2025-09-03 19:41:50 - utils.technical_analysis - INFO     - 🎯 Decisión: MANTENER, Score: 57.9[0m
[37m2025-09-03 19:41:50 - utils.technical_analysis - INFO     - Análisis completado para SOLUSDT. Decisión: MANTENER, Score: 57.85288131865999[0m
[37m2025-09-03 19:41:50 - utils.feature_pipeline - INFO     - FeaturePipeline inicializado.[0m
[37m2025-09-03 19:41:50 - utils.feature_pipeline - INFO     - Generación de features completada por FeaturePipeline.[0m
[37m2025-09-03 19:41:50 - utils.feature_pipeline - INFO     - Generación de features completada por FeaturePipeline.[0m
[37m2025-09-03 19:41:52 - utils.technical_analysis - INFO     - Iniciando análisis de mercado para ETHUSDT - 5m.[0m
[37m2025-09-03 19:41:52 - utils.technical_analysis - INFO     - Umbrales dinámicos activos: high=0.71, medium=0.71, low=0.55[0m
[37m2025-09-03 19:41:52 - utils.technical_analysis - INFO     - 🎯 Umbrales ML configurados: Alto=0.71, Medio=0.71, Bajo=0.55[0m
[37m2025-09-03 19:41:52 - utils.technical_analysis - INFO     - Obteniendo klines históricos para ETHUSDT (orig=ETHUSDT) - 5m (limit: 300) desde la BD.[0m
[33m2025-09-03 19:41:52 - utils.technical_analysis - WARNING  - No se encontraron klines en la BD para ETHUSDT-5m. Probando alias…[0m
[37m2025-09-03 19:41:52 - utils.technical_analysis - INFO     - Intentando fallback: lectura desde CSV para ETHUSDT-5m (con alias)[0m
[37m2025-09-03 19:41:53 - utils.technical_analysis - INFO     - ✅ Backfill Binance para ETHUSDT-5m: 300 registros (orig=ETHUSDT)[0m
[37m2025-09-03 19:41:53 - utils.feature_pipeline - INFO     - Generación de features completada por FeaturePipeline.[0m
[37m2025-09-03 19:41:53 - utils.technical_analysis - INFO     - 🤖 ML Predicción: COMPRAR=0.584, VENDER=0.416[0m
[37m2025-09-03 19:41:53 - utils.technical_analysis - INFO     - 🎯 Decisión: MANTENER, Score: 58.4[0m
[37m2025-09-03 19:41:53 - utils.technical_analysis - INFO     - Análisis completado para ETHUSDT. Decisión: MANTENER, Score: 58.36364896060394[0m
[37m2025-09-03 19:41:53 - utils.feature_pipeline - INFO     - FeaturePipeline inicializado.[0m
[37m2025-09-03 19:41:53 - utils.feature_pipeline - INFO     - Generación de features completada por FeaturePipeline.[0m
[37m2025-09-03 19:41:53 - utils.feature_pipeline - INFO     - Generación de features completada por FeaturePipeline.[0m
[37m2025-09-03 19:41:53 - utils.binance_client - INFO     - Cerrando cliente de Binance asíncrono...[0m
[37m2025-09-03 19:41:53 - utils.binance_client - INFO     - Cliente de Binance cerrado exitosamente.[0m
[37m2025-09-03 19:44:41 - utils.technical_analysis - INFO     - Iniciando análisis de mercado para SOLUSDT - 5m.[0m
[37m2025-09-03 19:44:39 - utils.technical_analysis - INFO     - Umbrales dinámicos activos: high=0.71, medium=0.71, low=0.55[0m
[37m2025-09-03 19:44:39 - utils.technical_analysis - INFO     - 🎯 Umbrales ML configurados: Alto=0.71, Medio=0.71, Bajo=0.55[0m
[37m2025-09-03 19:44:39 - utils.technical_analysis - INFO     - Obteniendo klines históricos para SOLUSDT (orig=SOLUSDT) - 5m (limit: 300) desde la BD.[0m
[33m2025-09-03 19:44:39 - utils.technical_analysis - WARNING  - No se encontraron klines en la BD para SOLUSDT-5m. Probando alias…[0m
[37m2025-09-03 19:44:39 - utils.binance_client - INFO     - Inicializando cliente de Binance asíncrono centralizado...[0m
[37m2025-09-03 19:44:39 - utils.binance_client - INFO     - Cliente de Binance asíncrono inicializado y conexión verificada exitosamente.[0m
[37m2025-09-03 19:44:39 - utils.technical_analysis - INFO     - Intentando fallback: lectura desde CSV para SOLUSDT-5m (con alias)[0m
[37m2025-09-03 19:44:40 - utils.technical_analysis - INFO     - ✅ Backfill Binance para SOLUSDT-5m: 300 registros (orig=SOLUSDT)[0m
[37m2025-09-03 19:44:40 - utils.feature_pipeline - INFO     - Generación de features completada por FeaturePipeline.[0m
[37m2025-09-03 19:44:40 - utils.technical_analysis - INFO     - 🤖 ML Predicción: COMPRAR=0.581, VENDER=0.419[0m
[37m2025-09-03 19:44:40 - utils.technical_analysis - INFO     - 🎯 Decisión: MANTENER, Score: 58.1[0m
[37m2025-09-03 19:44:40 - utils.technical_analysis - INFO     - Análisis completado para SOLUSDT. Decisión: MANTENER, Score: 58.125722184730996[0m
[37m2025-09-03 19:44:40 - utils.feature_pipeline - INFO     - FeaturePipeline inicializado.[0m
[37m2025-09-03 19:44:40 - utils.feature_pipeline - INFO     - Generación de features completada por FeaturePipeline.[0m
[37m2025-09-03 19:44:40 - utils.feature_pipeline - INFO     - Generación de features completada por FeaturePipeline.[0m
[37m2025-09-03 19:44:43 - utils.technical_analysis - INFO     - Iniciando análisis de mercado para ETHUSDT - 5m.[0m
[37m2025-09-03 19:44:43 - utils.technical_analysis - INFO     - Umbrales dinámicos activos: high=0.71, medium=0.71, low=0.55[0m
[37m2025-09-03 19:44:43 - utils.technical_analysis - INFO     - 🎯 Umbrales ML configurados: Alto=0.71, Medio=0.71, Bajo=0.55[0m
[37m2025-09-03 19:44:43 - utils.technical_analysis - INFO     - Obteniendo klines históricos para ETHUSDT (orig=ETHUSDT) - 5m (limit: 300) desde la BD.[0m
[33m2025-09-03 19:44:43 - utils.technical_analysis - WARNING  - No se encontraron klines en la BD para ETHUSDT-5m. Probando alias…[0m
[37m2025-09-03 19:44:43 - utils.technical_analysis - INFO     - Intentando fallback: lectura desde CSV para ETHUSDT-5m (con alias)[0m
[37m2025-09-03 19:44:44 - utils.technical_analysis - INFO     - ✅ Backfill Binance para ETHUSDT-5m: 300 registros (orig=ETHUSDT)[0m
[37m2025-09-03 19:44:44 - utils.feature_pipeline - INFO     - Generación de features completada por FeaturePipeline.[0m
[37m2025-09-03 19:44:44 - utils.technical_analysis - INFO     - 🤖 ML Predicción: COMPRAR=0.626, VENDER=0.374[0m
[37m2025-09-03 19:44:44 - utils.technical_analysis - INFO     - 🎯 Decisión: MANTENER, Score: 62.6[0m
[37m2025-09-03 19:44:44 - utils.technical_analysis - INFO     - Análisis completado para ETHUSDT. Decisión: MANTENER, Score: 62.644274452960204[0m
[37m2025-09-03 19:44:44 - utils.feature_pipeline - INFO     - FeaturePipeline inicializado.[0m
[37m2025-09-03 19:44:44 - utils.feature_pipeline - INFO     - Generación de features completada por FeaturePipeline.[0m
[37m2025-09-03 19:44:44 - utils.feature_pipeline - INFO     - Generación de features completada por FeaturePipeline.[0m
[37m2025-09-03 19:44:45 - utils.binance_client - INFO     - Cerrando cliente de Binance asíncrono...[0m
[37m2025-09-03 19:44:45 - utils.binance_client - INFO     - Cliente de Binance cerrado exitosamente.[0m
[37m2025-09-03 19:47:33 - utils.technical_analysis - INFO     - Iniciando análisis de mercado para SOLUSDT - 5m.[0m
[37m2025-09-03 19:47:33 - utils.technical_analysis - INFO     - Umbrales dinámicos activos: high=0.71, medium=0.71, low=0.55[0m
[37m2025-09-03 19:47:33 - utils.technical_analysis - INFO     - 🎯 Umbrales ML configurados: Alto=0.71, Medio=0.71, Bajo=0.55[0m
[37m2025-09-03 19:47:33 - utils.technical_analysis - INFO     - Obteniendo klines históricos para SOLUSDT (orig=SOLUSDT) - 5m (limit: 300) desde la BD.[0m
[33m2025-09-03 19:47:33 - utils.technical_analysis - WARNING  - No se encontraron klines en la BD para SOLUSDT-5m. Probando alias…[0m
[37m2025-09-03 19:47:33 - utils.binance_client - INFO     - Inicializando cliente de Binance asíncrono centralizado...[0m
[37m2025-09-03 19:47:34 - utils.binance_client - INFO     - Cliente de Binance asíncrono inicializado y conexión verificada exitosamente.[0m
[37m2025-09-03 19:47:34 - utils.technical_analysis - INFO     - Intentando fallback: lectura desde CSV para SOLUSDT-5m (con alias)[0m
[37m2025-09-03 19:47:34 - utils.technical_analysis - INFO     - ✅ Backfill Binance para SOLUSDT-5m: 300 registros (orig=SOLUSDT)[0m
[37m2025-09-03 19:47:34 - utils.feature_pipeline - INFO     - Generación de features completada por FeaturePipeline.[0m
[37m2025-09-03 19:47:35 - utils.technical_analysis - INFO     - 🤖 ML Predicción: COMPRAR=0.584, VENDER=0.416[0m
[37m2025-09-03 19:47:35 - utils.technical_analysis - INFO     - 🎯 Decisión: MANTENER, Score: 58.4[0m
[37m2025-09-03 19:47:35 - utils.technical_analysis - INFO     - Análisis completado para SOLUSDT. Decisión: MANTENER, Score: 58.4353526764513[0m
[37m2025-09-03 19:47:35 - utils.feature_pipeline - INFO     - FeaturePipeline inicializado.[0m
[37m2025-09-03 19:47:35 - utils.feature_pipeline - INFO     - Generación de features completada por FeaturePipeline.[0m
[37m2025-09-03 19:47:35 - utils.feature_pipeline - INFO     - Generación de features completada por FeaturePipeline.[0m
[37m2025-09-03 19:47:38 - utils.technical_analysis - INFO     - Iniciando análisis de mercado para ETHUSDT - 5m.[0m
[37m2025-09-03 19:47:38 - utils.technical_analysis - INFO     - Umbrales dinámicos activos: high=0.71, medium=0.71, low=0.55[0m
[37m2025-09-03 19:47:38 - utils.technical_analysis - INFO     - 🎯 Umbrales ML configurados: Alto=0.71, Medio=0.71, Bajo=0.55[0m
[37m2025-09-03 19:47:38 - utils.technical_analysis - INFO     - Obteniendo klines históricos para ETHUSDT (orig=ETHUSDT) - 5m (limit: 300) desde la BD.[0m
[33m2025-09-03 19:47:38 - utils.technical_analysis - WARNING  - No se encontraron klines en la BD para ETHUSDT-5m. Probando alias…[0m
[37m2025-09-03 19:47:38 - utils.technical_analysis - INFO     - Intentando fallback: lectura desde CSV para ETHUSDT-5m (con alias)[0m
[37m2025-09-03 19:47:38 - utils.technical_analysis - INFO     - ✅ Backfill Binance para ETHUSDT-5m: 300 registros (orig=ETHUSDT)[0m
[37m2025-09-03 19:47:38 - utils.feature_pipeline - INFO     - Generación de features completada por FeaturePipeline.[0m
[37m2025-09-03 19:47:38 - utils.technical_analysis - INFO     - 🤖 ML Predicción: COMPRAR=0.604, VENDER=0.396[0m
[37m2025-09-03 19:47:38 - utils.technical_analysis - INFO     - 🎯 Decisión: MANTENER, Score: 60.4[0m
[37m2025-09-03 19:47:38 - utils.technical_analysis - INFO     - Análisis completado para ETHUSDT. Decisión: MANTENER, Score: 60.43801648752294[0m
[37m2025-09-03 19:47:38 - utils.feature_pipeline - INFO     - FeaturePipeline inicializado.[0m
[37m2025-09-03 19:47:38 - utils.feature_pipeline - INFO     - Generación de features completada por FeaturePipeline.[0m
[37m2025-09-03 19:47:38 - utils.feature_pipeline - INFO     - Generación de features completada por FeaturePipeline.[0m
[37m2025-09-03 19:47:40 - utils.binance_client - INFO     - Cerrando cliente de Binance asíncrono...[0m
[37m2025-09-03 19:47:40 - utils.binance_client - INFO     - Cliente de Binance cerrado exitosamente.[0m
[37m2025-09-03 19:50:28 - utils.technical_analysis - INFO     - Iniciando análisis de mercado para SOLUSDT - 5m.[0m
[37m2025-09-03 19:50:28 - utils.technical_analysis - INFO     - Umbrales dinámicos activos: high=0.71, medium=0.71, low=0.55[0m
[37m2025-09-03 19:50:28 - utils.technical_analysis - INFO     - 🎯 Umbrales ML configurados: Alto=0.71, Medio=0.71, Bajo=0.55[0m
[37m2025-09-03 19:50:28 - utils.technical_analysis - INFO     - Obteniendo klines históricos para SOLUSDT (orig=SOLUSDT) - 5m (limit: 300) desde la BD.[0m
[33m2025-09-03 19:50:28 - utils.technical_analysis - WARNING  - No se encontraron klines en la BD para SOLUSDT-5m. Probando alias…[0m
[37m2025-09-03 19:50:28 - utils.binance_client - INFO     - Inicializando cliente de Binance asíncrono centralizado...[0m
[37m2025-09-03 19:50:29 - utils.binance_client - INFO     - Cliente de Binance asíncrono inicializado y conexión verificada exitosamente.[0m
[37m2025-09-03 19:50:29 - utils.technical_analysis - INFO     - Intentando fallback: lectura desde CSV para SOLUSDT-5m (con alias)[0m
[37m2025-09-03 19:50:29 - utils.technical_analysis - INFO     - ✅ Backfill Binance para SOLUSDT-5m: 300 registros (orig=SOLUSDT)[0m
[37m2025-09-03 19:50:29 - utils.feature_pipeline - INFO     - Generación de features completada por FeaturePipeline.[0m
[37m2025-09-03 19:50:29 - utils.technical_analysis - INFO     - 🤖 ML Predicción: COMPRAR=0.607, VENDER=0.393[0m
[37m2025-09-03 19:50:29 - utils.technical_analysis - INFO     - 🎯 Decisión: MANTENER, Score: 60.7[0m
[37m2025-09-03 19:50:29 - utils.technical_analysis - INFO     - Análisis completado para SOLUSDT. Decisión: MANTENER, Score: 60.698945586621974[0m
[37m2025-09-03 19:50:29 - utils.feature_pipeline - INFO     - FeaturePipeline inicializado.[0m
[37m2025-09-03 19:50:29 - utils.feature_pipeline - INFO     - Generación de features completada por FeaturePipeline.[0m
[37m2025-09-03 19:50:29 - utils.feature_pipeline - INFO     - Generación de features completada por FeaturePipeline.[0m
[ABORT] Ningún candidato cumplió minNotional/spread/ratio con los parámetros actuales.
[SKIP] BTCUSDT minNotional(100.0) > margen(37.599999999999994)
[ML] SOLUSDT decision=MANTENER score=54.6 buy=0.546 sell=0.454
[CANDIDATE] SOLUSDT px=211.43500000 score=69.2 trend=0.0055
[FILTERS] minNotional=5.0 step=0.01 tick=0.01 qty=0.03
[COST] spread=0.0047% taker(round‑trip)≈0.0800% → Profit/Cost=47.21x
[ROI] TP Neto≈3.9153% (0.2483 USDT) sobre margen≈1.2686 → 19.58%
[SKIP] SOLUSDT cooldown de entrada (25.3m < 60m) y no es oportunidad excepcional
[ML] ETHUSDT decision=COMPRAR score=72.8 buy=0.728 sell=0.272
[CANDIDATE] ETHUSDT px=4475.39500000 score=68.8 trend=0.0026
[FILTERS] minNotional=20.0 step=0.001 tick=0.01 qty=0.005
[COST] spread=0.0002% taker(round‑trip)≈0.0800% → Profit/Cost=49.86x
[ROI] TP Neto≈3.9198% (0.8771 USDT) sobre margen≈4.4754 → 19.60%
[SKIP] ETHUSDT cooldown de entrada (22.4m < 60m) y no es oportunidad excepcional
[ABORT] Ningún candidato cumplió minNotional/spread/ratio con los parámetros actuales.
[SKIP] BTCUSDT minNotional(100.0) > margen(37.599999999999994)
[ML] SOLUSDT decision=MANTENER score=56.2 buy=0.562 sell=0.438
[CANDIDATE] SOLUSDT px=211.20500000 score=69.2 trend=0.0055
[FILTERS] minNotional=5.0 step=0.01 tick=0.01 qty=0.03
[COST] spread=0.0047% taker(round‑trip)≈0.0800% → Profit/Cost=47.21x
[ROI] TP Neto≈3.9153% (0.2481 USDT) sobre margen≈1.2672 → 19.58%
[SKIP] SOLUSDT cooldown de entrada (28.2m < 60m) y no es oportunidad excepcional
[ML] ETHUSDT decision=MANTENER score=63.2 buy=0.632 sell=0.368
[CANDIDATE] ETHUSDT px=4473.06000000 score=68.8 trend=0.0026
[FILTERS] minNotional=20.0 step=0.001 tick=0.01 qty=0.005
[COST] spread=0.0018% taker(round‑trip)≈0.0800% → Profit/Cost=48.91x
[ROI] TP Neto≈3.9182% (0.8763 USDT) sobre margen≈4.4731 → 19.59%
[SKIP] ETHUSDT cooldown de entrada (25.3m < 60m) y no es oportunidad excepcional
[ABORT] Ningún candidato cumplió minNotional/spread/ratio con los parámetros actuales.
[SKIP] BTCUSDT minNotional(100.0) > margen(37.599999999999994)
[ML] SOLUSDT decision=MANTENER score=57.8 buy=0.578 sell=0.422
[CANDIDATE] SOLUSDT px=210.95500000 score=69.2 trend=0.0055
[FILTERS] minNotional=5.0 step=0.01 tick=0.01 qty=0.03
[COST] spread=0.0047% taker(round‑trip)≈0.0800% → Profit/Cost=47.20x
[ROI] TP Neto≈3.9153% (0.2478 USDT) sobre margen≈1.2657 → 19.58%
[SKIP] SOLUSDT cooldown de entrada (31.1m < 60m) y no es oportunidad excepcional
[ML] ETHUSDT decision=MANTENER score=63.2 buy=0.632 sell=0.368
[CANDIDATE] ETHUSDT px=4472.97500000 score=68.8 trend=0.0026
[FILTERS] minNotional=20.0 step=0.001 tick=0.01 qty=0.005
[COST] spread=0.0002% taker(round‑trip)≈0.0800% → Profit/Cost=49.86x
[ROI] TP Neto≈3.9198% (0.8767 USDT) sobre margen≈4.4730 → 19.60%
[SKIP] ETHUSDT cooldown de entrada (28.2m < 60m) y no es oportunidad excepcional
[ABORT] Ningún candidato cumplió minNotional/spread/ratio con los parámetros actuales.
[SKIP] BTCUSDT minNotional(100.0) > margen(37.599999999999994)
[ML] SOLUSDT decision=MANTENER score=62.3 buy=0.623 sell=0.377
[CANDIDATE] SOLUSDT px=211.16500000 score=69.2 trend=0.0055
[FILTERS] minNotional=5.0 step=0.01 tick=0.01 qty=0.03
[COST] spread=0.0047% taker(round‑trip)≈0.0800% → Profit/Cost=47.21x
[ROI] TP Neto≈3.9153% (0.2480 USDT) sobre margen≈1.2670 → 19.58%
[SKIP] SOLUSDT cooldown de entrada (34.0m < 60m) y no es oportunidad excepcional
[ML] ETHUSDT decision=COMPRAR score=71.7 buy=0.717 sell=0.283
[CANDIDATE] ETHUSDT px=4477.49500000 score=68.8 trend=0.0026
[FILTERS] minNotional=20.0 step=0.001 tick=0.01 qty=0.005
[COST] spread=0.0002% taker(round‑trip)≈0.0800% → Profit/Cost=49.86x
[ROI] TP Neto≈3.9198% (0.8775 USDT) sobre margen≈4.4775 → 19.60%
[SKIP] ETHUSDT cooldown de entrada (31.1m < 60m) y no es oportunidad excepcional
[ABORT] Ningún candidato cumplió minNotional/spread/ratio con los parámetros actuales.
[SKIP] BTCUSDT minNotional(100.0) > margen(37.599999999999994)
[ML] SOLUSDT decision=MANTENER score=60.8 buy=0.608 sell=0.392
[CANDIDATE] SOLUSDT px=211.07500000 score=69.2 trend=0.0055
[FILTERS] minNotional=5.0 step=0.01 tick=0.01 qty=0.03
[COST] spread=0.0047% taker(round‑trip)≈0.0800% → Profit/Cost=47.20x
[ROI] TP Neto≈3.9153% (0.2479 USDT) sobre margen≈1.2664 → 19.58%
[SKIP] SOLUSDT cooldown de entrada (36.9m < 60m) y no es oportunidad excepcional
[ML] ETHUSDT decision=COMPRAR score=72.2 buy=0.722 sell=0.278
[CANDIDATE] ETHUSDT px=4474.10500000 score=68.8 trend=0.0026
[FILTERS] minNotional=20.0 step=0.001 tick=0.01 qty=0.005
[COST] spread=0.0002% taker(round‑trip)≈0.0800% → Profit/Cost=49.86x
[ROI] TP Neto≈3.9198% (0.8769 USDT) sobre margen≈4.4741 → 19.60%
[SKIP] ETHUSDT cooldown de entrada (34.0m < 60m) y no es oportunidad excepcional
[ABORT] Ningún candidato cumplió minNotional/spread/ratio con los parámetros actuales.
[SKIP] BTCUSDT minNotional(100.0) > margen(37.599999999999994)
[ML] SOLUSDT decision=MANTENER score=57.9 buy=0.579 sell=0.421
[CANDIDATE] SOLUSDT px=211.13500000 score=69.2 trend=0.0055
[FILTERS] minNotional=5.0 step=0.01 tick=0.01 qty=0.03
[COST] spread=0.0047% taker(round‑trip)≈0.0800% → Profit/Cost=47.21x
[ROI] TP Neto≈3.9153% (0.2480 USDT) sobre margen≈1.2668 → 19.58%
[SKIP] SOLUSDT cooldown de entrada (39.8m < 60m) y no es oportunidad excepcional
[ML] ETHUSDT decision=MANTENER score=58.4 buy=0.584 sell=0.416
[CANDIDATE] ETHUSDT px=4469.24500000 score=68.8 trend=0.0026
[FILTERS] minNotional=20.0 step=0.001 tick=0.01 qty=0.005
[COST] spread=0.0002% taker(round‑trip)≈0.0800% → Profit/Cost=49.86x
[ROI] TP Neto≈3.9198% (0.8759 USDT) sobre margen≈4.4692 → 19.60%
[SKIP] ETHUSDT cooldown de entrada (36.8m < 60m) y no es oportunidad excepcional
[ABORT] Ningún candidato cumplió minNotional/spread/ratio con los parámetros actuales.
[SKIP] BTCUSDT minNotional(100.0) > margen(37.599999999999994)
[ML] SOLUSDT decision=MANTENER score=58.1 buy=0.581 sell=0.419
[CANDIDATE] SOLUSDT px=210.94500000 score=69.2 trend=0.0055
[FILTERS] minNotional=5.0 step=0.01 tick=0.01 qty=0.03
[COST] spread=0.0047% taker(round‑trip)≈0.0800% → Profit/Cost=47.20x
[ROI] TP Neto≈3.9153% (0.2478 USDT) sobre margen≈1.2657 → 19.58%
[SKIP] SOLUSDT cooldown de entrada (42.6m < 60m) y no es oportunidad excepcional
[ML] ETHUSDT decision=MANTENER score=62.6 buy=0.626 sell=0.374
[CANDIDATE] ETHUSDT px=4468.00500000 score=68.8 trend=0.0026
[FILTERS] minNotional=20.0 step=0.001 tick=0.01 qty=0.005
[COST] spread=0.0002% taker(round‑trip)≈0.0800% → Profit/Cost=49.86x
[ROI] TP Neto≈3.9198% (0.8757 USDT) sobre margen≈4.4680 → 19.60%
[SKIP] ETHUSDT cooldown de entrada (39.7m < 60m) y no es oportunidad excepcional
[ABORT] Ningún candidato cumplió minNotional/spread/ratio con los parámetros actuales.
[SKIP] BTCUSDT minNotional(100.0) > margen(37.599999999999994)
[ML] SOLUSDT decision=MANTENER score=58.4 buy=0.584 sell=0.416
[CANDIDATE] SOLUSDT px=210.80500000 score=69.2 trend=0.0055
[FILTERS] minNotional=5.0 step=0.01 tick=0.01 qty=0.03
[COST] spread=0.0047% taker(round‑trip)≈0.0800% → Profit/Cost=47.20x
[ROI] TP Neto≈3.9153% (0.2476 USDT) sobre margen≈1.2648 → 19.58%
[SKIP] SOLUSDT cooldown de entrada (45.5m < 60m) y no es oportunidad excepcional
[ML] ETHUSDT decision=MANTENER score=60.4 buy=0.604 sell=0.396
[CANDIDATE] ETHUSDT px=4466.39500000 score=68.8 trend=0.0026
[FILTERS] minNotional=20.0 step=0.001 tick=0.01 qty=0.005
[COST] spread=0.0002% taker(round‑trip)≈0.0800% → Profit/Cost=49.86x
[ROI] TP Neto≈3.9198% (0.8754 USDT) sobre margen≈4.4664 → 19.60%
[SKIP] ETHUSDT cooldown de entrada (42.6m < 60m) y no es oportunidad excepcional
[ABORT] Ningún candidato cumplió minNotional/spread/ratio con los parámetros actuales.
[SKIP] BTCUSDT minNotional(100.0) > margen(37.599999999999994)
[ML] SOLUSDT decision=MANTENER score=60.7 buy=0.607 sell=0.393
[CANDIDATE] SOLUSDT px=211.05500000 score=69.2 trend=0.0055
[FILTERS] minNotional=5.0 step=0.01 tick=0.01 qty=0.03
[COST] spread=0.0047% taker(round‑trip)≈0.0800% → Profit/Cost=47.20x
[37m2025-09-03 19:50:33 - utils.technical_analysis - INFO     - Iniciando análisis de mercado para ETHUSDT - 5m.[0m
[37m2025-09-03 19:50:33 - utils.technical_analysis - INFO     - Umbrales dinámicos activos: high=0.71, medium=0.71, low=0.55[0m
[37m2025-09-03 19:50:33 - utils.technical_analysis - INFO     - 🎯 Umbrales ML configurados: Alto=0.71, Medio=0.71, Bajo=0.55[0m
[37m2025-09-03 19:50:33 - utils.technical_analysis - INFO     - Obteniendo klines históricos para ETHUSDT (orig=ETHUSDT) - 5m (limit: 300) desde la BD.[0m
[33m2025-09-03 19:50:33 - utils.technical_analysis - WARNING  - No se encontraron klines en la BD para ETHUSDT-5m. Probando alias…[0m
[37m2025-09-03 19:50:33 - utils.technical_analysis - INFO     - Intentando fallback: lectura desde CSV para ETHUSDT-5m (con alias)[0m
[37m2025-09-03 19:50:33 - utils.technical_analysis - INFO     - ✅ Backfill Binance para ETHUSDT-5m: 300 registros (orig=ETHUSDT)[0m
[37m2025-09-03 19:50:33 - utils.feature_pipeline - INFO     - Generación de features completada por FeaturePipeline.[0m
[37m2025-09-03 19:50:33 - utils.technical_analysis - INFO     - 🤖 ML Predicción: COMPRAR=0.604, VENDER=0.396[0m
[37m2025-09-03 19:50:33 - utils.technical_analysis - INFO     - 🎯 Decisión: MANTENER, Score: 60.4[0m
[37m2025-09-03 19:50:33 - utils.technical_analysis - INFO     - Análisis completado para ETHUSDT. Decisión: MANTENER, Score: 60.43801648752294[0m
[37m2025-09-03 19:50:33 - utils.feature_pipeline - INFO     - FeaturePipeline inicializado.[0m
[37m2025-09-03 19:50:33 - utils.feature_pipeline - INFO     - Generación de features completada por FeaturePipeline.[0m
[37m2025-09-03 19:50:33 - utils.feature_pipeline - INFO     - Generación de features completada por FeaturePipeline.[0m
[37m2025-09-03 19:50:34 - utils.binance_client - INFO     - Cerrando cliente de Binance asíncrono...[0m
[37m2025-09-03 19:50:34 - utils.binance_client - INFO     - Cliente de Binance cerrado exitosamente.[0m
[37m2025-09-03 19:53:19 - dynamic_pair_selector - INFO     - 🔍 INICIANDO EVALUACIÓN DINÁMICA DE PARES[0m
[37m2025-09-03 19:53:19 - dynamic_pair_selector - INFO     - ============================================================[0m
[37m2025-09-03 19:53:19 - utils.binance_client - INFO     - Inicializando cliente de Binance asíncrono centralizado...[0m
[37m2025-09-03 19:53:21 - utils.binance_client - INFO     - Cliente de Binance asíncrono inicializado y conexión verificada exitosamente.[0m
[37m2025-09-03 19:53:19 - dynamic_pair_selector - INFO     - 📊 Descubiertos 412 pares USDT activos[0m
[37m2025-09-03 19:53:19 - dynamic_pair_selector - INFO     - 📊 Analizando 412 pares USDT[0m
[37m2025-09-03 19:53:19 - dynamic_pair_selector - INFO     - 📥 Procesando lote 1/42: 10 pares[0m
[37m2025-09-03 19:53:22 - dynamic_pair_selector - INFO     - 📥 Procesando lote 2/42: 10 pares[0m
[37m2025-09-03 19:53:25 - dynamic_pair_selector - INFO     - 📥 Procesando lote 3/42: 10 pares[0m
[37m2025-09-03 19:53:29 - dynamic_pair_selector - INFO     - 📥 Procesando lote 4/42: 10 pares[0m
[37m2025-09-03 19:53:33 - dynamic_pair_selector - INFO     - 📥 Procesando lote 5/42: 10 pares[0m
[37m2025-09-03 19:53:36 - dynamic_pair_selector - INFO     - 📥 Procesando lote 6/42: 10 pares[0m
[37m2025-09-03 19:53:40 - dynamic_pair_selector - INFO     - 📥 Procesando lote 7/42: 10 pares[0m
[37m2025-09-03 19:53:44 - dynamic_pair_selector - INFO     - 📥 Procesando lote 8/42: 10 pares[0m
[37m2025-09-03 19:53:45 - dynamic_pair_selector - INFO     - 📥 Procesando lote 9/42: 10 pares[0m
[37m2025-09-03 19:53:48 - dynamic_pair_selector - INFO     - 📥 Procesando lote 10/42: 10 pares[0m
[37m2025-09-03 19:53:51 - dynamic_pair_selector - INFO     - 📥 Procesando lote 11/42: 10 pares[0m
[37m2025-09-03 19:53:55 - dynamic_pair_selector - INFO     - 📥 Procesando lote 12/42: 10 pares[0m
[37m2025-09-03 19:53:58 - dynamic_pair_selector - INFO     - 📥 Procesando lote 13/42: 10 pares[0m
[37m2025-09-03 19:54:02 - dynamic_pair_selector - INFO     - 📥 Procesando lote 14/42: 10 pares[0m
[37m2025-09-03 19:54:05 - dynamic_pair_selector - INFO     - 📥 Procesando lote 15/42: 10 pares[0m
[37m2025-09-03 19:54:09 - dynamic_pair_selector - INFO     - 📥 Procesando lote 16/42: 10 pares[0m
[37m2025-09-03 19:54:11 - dynamic_pair_selector - INFO     - 📥 Procesando lote 17/42: 10 pares[0m
[37m2025-09-03 19:54:12 - dynamic_pair_selector - INFO     - 📥 Procesando lote 18/42: 10 pares[0m
[37m2025-09-03 19:54:15 - dynamic_pair_selector - INFO     - 📥 Procesando lote 19/42: 10 pares[0m
[37m2025-09-03 19:54:18 - dynamic_pair_selector - INFO     - 📥 Procesando lote 20/42: 10 pares[0m
[37m2025-09-03 19:54:21 - dynamic_pair_selector - INFO     - 📥 Procesando lote 21/42: 10 pares[0m
[37m2025-09-03 19:54:24 - dynamic_pair_selector - INFO     - 📥 Procesando lote 22/42: 10 pares[0m
[37m2025-09-03 19:54:27 - dynamic_pair_selector - INFO     - 📥 Procesando lote 23/42: 10 pares[0m
[37m2025-09-03 19:54:30 - dynamic_pair_selector - INFO     - 📥 Procesando lote 24/42: 10 pares[0m
[37m2025-09-03 19:54:33 - dynamic_pair_selector - INFO     - 📥 Procesando lote 25/42: 10 pares[0m
[37m2025-09-03 19:54:36 - dynamic_pair_selector - INFO     - 📥 Procesando lote 26/42: 10 pares[0m
[37m2025-09-03 19:54:38 - dynamic_pair_selector - INFO     - 📥 Procesando lote 27/42: 10 pares[0m
[37m2025-09-03 19:54:39 - dynamic_pair_selector - INFO     - 📥 Procesando lote 28/42: 10 pares[0m
[37m2025-09-03 19:54:42 - dynamic_pair_selector - INFO     - 📥 Procesando lote 29/42: 10 pares[0m
[37m2025-09-03 19:54:45 - dynamic_pair_selector - INFO     - 📥 Procesando lote 30/42: 10 pares[0m
[37m2025-09-03 19:54:47 - dynamic_pair_selector - INFO     - 📥 Procesando lote 31/42: 10 pares[0m
[37m2025-09-03 19:54:50 - dynamic_pair_selector - INFO     - 📥 Procesando lote 32/42: 10 pares[0m
[37m2025-09-03 19:54:53 - dynamic_pair_selector - INFO     - 📥 Procesando lote 33/42: 10 pares[0m
[37m2025-09-03 19:54:57 - dynamic_pair_selector - INFO     - 📥 Procesando lote 34/42: 10 pares[0m
[37m2025-09-03 19:55:00 - dynamic_pair_selector - INFO     - 📥 Procesando lote 35/42: 10 pares[0m
[37m2025-09-03 19:55:04 - dynamic_pair_selector - INFO     - 📥 Procesando lote 36/42: 10 pares[0m
[37m2025-09-03 19:55:06 - dynamic_pair_selector - INFO     - 📥 Procesando lote 37/42: 10 pares[0m
[37m2025-09-03 19:55:07 - dynamic_pair_selector - INFO     - 📥 Procesando lote 38/42: 10 pares[0m
[37m2025-09-03 19:55:10 - dynamic_pair_selector - INFO     - 📥 Procesando lote 39/42: 10 pares[0m
[37m2025-09-03 19:55:13 - dynamic_pair_selector - INFO     - 📥 Procesando lote 40/42: 10 pares[0m
[37m2025-09-03 19:55:16 - dynamic_pair_selector - INFO     - 📥 Procesando lote 41/42: 10 pares[0m
[37m2025-09-03 19:55:19 - dynamic_pair_selector - INFO     - 📥 Procesando lote 42/42: 2 pares[0m
[37m2025-09-03 19:55:20 - dynamic_pair_selector - INFO     - ✅ Evaluación completada: 410/412 pares analizados[0m
[37m2025-09-03 19:55:23 - utils.technical_analysis - INFO     - Iniciando análisis de mercado para SOLUSDT - 5m.[0m
[37m2025-09-03 19:55:23 - utils.technical_analysis - INFO     - Umbrales dinámicos activos: high=0.71, medium=0.71, low=0.55[0m
[37m2025-09-03 19:55:23 - utils.technical_analysis - INFO     - 🎯 Umbrales ML configurados: Alto=0.71, Medio=0.71, Bajo=0.55[0m
[37m2025-09-03 19:55:23 - utils.technical_analysis - INFO     - Obteniendo klines históricos para SOLUSDT (orig=SOLUSDT) - 5m (limit: 300) desde la BD.[0m
[33m2025-09-03 19:55:23 - utils.technical_analysis - WARNING  - No se encontraron klines en la BD para SOLUSDT-5m. Probando alias…[0m
[37m2025-09-03 19:55:23 - utils.technical_analysis - INFO     - Intentando fallback: lectura desde CSV para SOLUSDT-5m (con alias)[0m
[37m2025-09-03 19:55:23 - utils.technical_analysis - INFO     - ✅ Backfill Binance para SOLUSDT-5m: 300 registros (orig=SOLUSDT)[0m
[37m2025-09-03 19:55:23 - utils.feature_pipeline - INFO     - Generación de features completada por FeaturePipeline.[0m
[37m2025-09-03 19:55:23 - utils.technical_analysis - INFO     - 🤖 ML Predicción: COMPRAR=0.561, VENDER=0.439[0m
[37m2025-09-03 19:55:23 - utils.technical_analysis - INFO     - 🎯 Decisión: MANTENER, Score: 56.1[0m
[37m2025-09-03 19:55:23 - utils.technical_analysis - INFO     - Análisis completado para SOLUSDT. Decisión: MANTENER, Score: 56.06406274563999[0m
[37m2025-09-03 19:55:23 - utils.feature_pipeline - INFO     - FeaturePipeline inicializado.[0m
[37m2025-09-03 19:55:23 - utils.feature_pipeline - INFO     - Generación de features completada por FeaturePipeline.[0m
[37m2025-09-03 19:55:23 - utils.feature_pipeline - INFO     - Generación de features completada por FeaturePipeline.[0m
[37m2025-09-03 19:55:26 - utils.technical_analysis - INFO     - Iniciando análisis de mercado para ETHUSDT - 5m.[0m
[37m2025-09-03 19:55:26 - utils.technical_analysis - INFO     - Umbrales dinámicos activos: high=0.71, medium=0.71, low=0.55[0m
[37m2025-09-03 19:55:26 - utils.technical_analysis - INFO     - 🎯 Umbrales ML configurados: Alto=0.71, Medio=0.71, Bajo=0.55[0m
[37m2025-09-03 19:55:26 - utils.technical_analysis - INFO     - Obteniendo klines históricos para ETHUSDT (orig=ETHUSDT) - 5m (limit: 300) desde la BD.[0m
[33m2025-09-03 19:55:26 - utils.technical_analysis - WARNING  - No se encontraron klines en la BD para ETHUSDT-5m. Probando alias…[0m
[37m2025-09-03 19:55:26 - utils.technical_analysis - INFO     - Intentando fallback: lectura desde CSV para ETHUSDT-5m (con alias)[0m
[37m2025-09-03 19:55:27 - utils.technical_analysis - INFO     - ✅ Backfill Binance para ETHUSDT-5m: 300 registros (orig=ETHUSDT)[0m
[37m2025-09-03 19:55:27 - utils.feature_pipeline - INFO     - Generación de features completada por FeaturePipeline.[0m
[37m2025-09-03 19:55:27 - utils.technical_analysis - INFO     - 🤖 ML Predicción: COMPRAR=0.550, VENDER=0.450[0m
[37m2025-09-03 19:55:27 - utils.technical_analysis - INFO     - 🎯 Decisión: MANTENER, Score: 55.0[0m
[37m2025-09-03 19:55:27 - utils.technical_analysis - INFO     - Análisis completado para ETHUSDT. Decisión: MANTENER, Score: 54.95225988271055[0m
[37m2025-09-03 19:55:27 - utils.feature_pipeline - INFO     - FeaturePipeline inicializado.[0m
[37m2025-09-03 19:55:27 - utils.feature_pipeline - INFO     - Generación de features completada por FeaturePipeline.[0m
[37m2025-09-03 19:55:27 - utils.feature_pipeline - INFO     - Generación de features completada por FeaturePipeline.[0m
[37m2025-09-03 19:55:28 - utils.binance_client - INFO     - Cerrando cliente de Binance asíncrono...[0m
[37m2025-09-03 19:55:28 - utils.binance_client - INFO     - Cliente de Binance cerrado exitosamente.[0m
[37m2025-09-03 19:58:16 - utils.technical_analysis - INFO     - Iniciando análisis de mercado para SOLUSDT - 5m.[0m
[37m2025-09-03 19:58:16 - utils.technical_analysis - INFO     - Umbrales dinámicos activos: high=0.71, medium=0.71, low=0.55[0m
[37m2025-09-03 19:58:16 - utils.technical_analysis - INFO     - 🎯 Umbrales ML configurados: Alto=0.71, Medio=0.71, Bajo=0.55[0m
[37m2025-09-03 19:58:16 - utils.technical_analysis - INFO     - Obteniendo klines históricos para SOLUSDT (orig=SOLUSDT) - 5m (limit: 300) desde la BD.[0m
[33m2025-09-03 19:58:16 - utils.technical_analysis - WARNING  - No se encontraron klines en la BD para SOLUSDT-5m. Probando alias…[0m
[37m2025-09-03 19:58:16 - utils.binance_client - INFO     - Inicializando cliente de Binance asíncrono centralizado...[0m
[37m2025-09-03 19:58:17 - utils.binance_client - INFO     - Cliente de Binance asíncrono inicializado y conexión verificada exitosamente.[0m
[37m2025-09-03 19:58:17 - utils.technical_analysis - INFO     - Intentando fallback: lectura desde CSV para SOLUSDT-5m (con alias)[0m
[37m2025-09-03 19:58:17 - utils.technical_analysis - INFO     - ✅ Backfill Binance para SOLUSDT-5m: 300 registros (orig=SOLUSDT)[0m
[37m2025-09-03 19:58:17 - utils.feature_pipeline - INFO     - Generación de features completada por FeaturePipeline.[0m
[37m2025-09-03 19:58:17 - utils.technical_analysis - INFO     - 🤖 ML Predicción: COMPRAR=0.580, VENDER=0.420[0m
[37m2025-09-03 19:58:17 - utils.technical_analysis - INFO     - 🎯 Decisión: MANTENER, Score: 58.0[0m
[37m2025-09-03 19:58:17 - utils.technical_analysis - INFO     - Análisis completado para SOLUSDT. Decisión: MANTENER, Score: 58.006361954351995[0m
[37m2025-09-03 19:58:17 - utils.feature_pipeline - INFO     - FeaturePipeline inicializado.[0m
[37m2025-09-03 19:58:17 - utils.feature_pipeline - INFO     - Generación de features completada por FeaturePipeline.[0m
[37m2025-09-03 19:58:17 - utils.feature_pipeline - INFO     - Generación de features completada por FeaturePipeline.[0m
[37m2025-09-03 19:58:17 - utils.technical_analysis - INFO     - Iniciando análisis de mercado para ETHUSDT - 5m.[0m
[37m2025-09-03 19:58:17 - utils.technical_analysis - INFO     - Umbrales dinámicos activos: high=0.71, medium=0.71, low=0.55[0m
[37m2025-09-03 19:58:17 - utils.technical_analysis - INFO     - 🎯 Umbrales ML configurados: Alto=0.71, Medio=0.71, Bajo=0.55[0m
[37m2025-09-03 19:58:17 - utils.technical_analysis - INFO     - Obteniendo klines históricos para ETHUSDT (orig=ETHUSDT) - 5m (limit: 300) desde la BD.[0m
[33m2025-09-03 19:58:17 - utils.technical_analysis - WARNING  - No se encontraron klines en la BD para ETHUSDT-5m. Probando alias…[0m
[37m2025-09-03 19:58:17 - utils.technical_analysis - INFO     - Intentando fallback: lectura desde CSV para ETHUSDT-5m (con alias)[0m
[37m2025-09-03 19:58:18 - utils.technical_analysis - INFO     - ✅ Backfill Binance para ETHUSDT-5m: 300 registros (orig=ETHUSDT)[0m
[37m2025-09-03 19:58:18 - utils.feature_pipeline - INFO     - Generación de features completada por FeaturePipeline.[0m
[37m2025-09-03 19:58:18 - utils.technical_analysis - INFO     - 🤖 ML Predicción: COMPRAR=0.602, VENDER=0.398[0m
[37m2025-09-03 19:58:18 - utils.technical_analysis - INFO     - 🎯 Decisión: MANTENER, Score: 60.2[0m
[37m2025-09-03 19:58:18 - utils.technical_analysis - INFO     - Análisis completado para ETHUSDT. Decisión: MANTENER, Score: 60.18372034236875[0m
[37m2025-09-03 19:58:18 - utils.feature_pipeline - INFO     - FeaturePipeline inicializado.[0m
[37m2025-09-03 19:58:18 - utils.feature_pipeline - INFO     - Generación de features completada por FeaturePipeline.[0m
[37m2025-09-03 19:58:18 - utils.feature_pipeline - INFO     - Generación de features completada por FeaturePipeline.[0m
[37m2025-09-03 19:58:19 - utils.binance_client - INFO     - Cerrando cliente de Binance asíncrono...[0m
[37m2025-09-03 19:58:19 - utils.binance_client - INFO     - Cliente de Binance cerrado exitosamente.[0m
[37m2025-09-03 20:01:07 - utils.technical_analysis - INFO     - Iniciando análisis de mercado para SOLUSDT - 5m.[0m
[37m2025-09-03 20:01:07 - utils.technical_analysis - INFO     - Umbrales dinámicos activos: high=0.71, medium=0.71, low=0.55[0m
[37m2025-09-03 20:01:07 - utils.technical_analysis - INFO     - 🎯 Umbrales ML configurados: Alto=0.71, Medio=0.71, Bajo=0.55[0m
[37m2025-09-03 20:01:07 - utils.technical_analysis - INFO     - Obteniendo klines históricos para SOLUSDT (orig=SOLUSDT) - 5m (limit: 300) desde la BD.[0m
[33m2025-09-03 20:01:07 - utils.technical_analysis - WARNING  - No se encontraron klines en la BD para SOLUSDT-5m. Probando alias…[0m
[37m2025-09-03 20:01:07 - utils.binance_client - INFO     - Inicializando cliente de Binance asíncrono centralizado...[0m
[37m2025-09-03 20:01:08 - utils.binance_client - INFO     - Cliente de Binance asíncrono inicializado y conexión verificada exitosamente.[0m
[37m2025-09-03 20:01:08 - utils.technical_analysis - INFO     - Intentando fallback: lectura desde CSV para SOLUSDT-5m (con alias)[0m
[37m2025-09-03 20:01:08 - utils.technical_analysis - INFO     - ✅ Backfill Binance para SOLUSDT-5m: 300 registros (orig=SOLUSDT)[0m
[37m2025-09-03 20:01:08 - utils.feature_pipeline - INFO     - Generación de features completada por FeaturePipeline.[0m
[37m2025-09-03 20:01:08 - utils.technical_analysis - INFO     - 🤖 ML Predicción: COMPRAR=0.563, VENDER=0.437[0m
[37m2025-09-03 20:01:08 - utils.technical_analysis - INFO     - 🎯 Decisión: MANTENER, Score: 56.3[0m
[37m2025-09-03 20:01:08 - utils.technical_analysis - INFO     - Análisis completado para SOLUSDT. Decisión: MANTENER, Score: 56.29250207118675[0m
[37m2025-09-03 20:01:08 - utils.feature_pipeline - INFO     - FeaturePipeline inicializado.[0m
[37m2025-09-03 20:01:08 - utils.feature_pipeline - INFO     - Generación de features completada por FeaturePipeline.[0m
[37m2025-09-03 20:01:08 - utils.feature_pipeline - INFO     - Generación de features completada por FeaturePipeline.[0m
[37m2025-09-03 20:01:11 - utils.technical_analysis - INFO     - Iniciando análisis de mercado para ETHUSDT - 5m.[0m
[37m2025-09-03 20:01:11 - utils.technical_analysis - INFO     - Umbrales dinámicos activos: high=0.71, medium=0.71, low=0.55[0m
[37m2025-09-03 20:01:11 - utils.technical_analysis - INFO     - 🎯 Umbrales ML configurados: Alto=0.71, Medio=0.71, Bajo=0.55[0m
[37m2025-09-03 20:01:11 - utils.technical_analysis - INFO     - Obteniendo klines históricos para ETHUSDT (orig=ETHUSDT) - 5m (limit: 300) desde la BD.[0m
[33m2025-09-03 20:01:11 - utils.technical_analysis - WARNING  - No se encontraron klines en la BD para ETHUSDT-5m. Probando alias…[0m
[37m2025-09-03 20:01:11 - utils.technical_analysis - INFO     - Intentando fallback: lectura desde CSV para ETHUSDT-5m (con alias)[0m
[37m2025-09-03 20:01:12 - utils.technical_analysis - INFO     - ✅ Backfill Binance para ETHUSDT-5m: 300 registros (orig=ETHUSDT)[0m
[37m2025-09-03 20:01:12 - utils.feature_pipeline - INFO     - Generación de features completada por FeaturePipeline.[0m
[37m2025-09-03 20:01:12 - utils.technical_analysis - INFO     - 🤖 ML Predicción: COMPRAR=0.610, VENDER=0.390[0m
[37m2025-09-03 20:01:12 - utils.technical_analysis - INFO     - 🎯 Decisión: MANTENER, Score: 61.0[0m
[37m2025-09-03 20:01:12 - utils.technical_analysis - INFO     - Análisis completado para ETHUSDT. Decisión: MANTENER, Score: 60.99692363203041[0m
[37m2025-09-03 20:01:12 - utils.feature_pipeline - INFO     - FeaturePipeline inicializado.[0m
[37m2025-09-03 20:01:12 - utils.feature_pipeline - INFO     - Generación de features completada por FeaturePipeline.[0m
[37m2025-09-03 20:01:12 - utils.feature_pipeline - INFO     - Generación de features completada por FeaturePipeline.[0m
[37m2025-09-03 20:01:13 - utils.binance_client - INFO     - Cerrando cliente de Binance asíncrono...[0m
[37m2025-09-03 20:01:13 - utils.binance_client - INFO     - Cliente de Binance cerrado exitosamente.[0m
[37m2025-09-03 20:04:00 - utils.technical_analysis - INFO     - Iniciando análisis de mercado para SOLUSDT - 5m.[0m
[37m2025-09-03 20:04:01 - utils.technical_analysis - INFO     - Umbrales dinámicos activos: high=0.71, medium=0.71, low=0.55[0m
[37m2025-09-03 20:04:01 - utils.technical_analysis - INFO     - 🎯 Umbrales ML configurados: Alto=0.71, Medio=0.71, Bajo=0.55[0m
[37m2025-09-03 20:04:01 - utils.technical_analysis - INFO     - Obteniendo klines históricos para SOLUSDT (orig=SOLUSDT) - 5m (limit: 300) desde la BD.[0m
[33m2025-09-03 20:04:01 - utils.technical_analysis - WARNING  - No se encontraron klines en la BD para SOLUSDT-5m. Probando alias…[0m
[37m2025-09-03 20:04:01 - utils.binance_client - INFO     - Inicializando cliente de Binance asíncrono centralizado...[0m
[37m2025-09-03 20:04:01 - utils.binance_client - INFO     - Cliente de Binance asíncrono inicializado y conexión verificada exitosamente.[0m
[37m2025-09-03 20:04:01 - utils.technical_analysis - INFO     - Intentando fallback: lectura desde CSV para SOLUSDT-5m (con alias)[0m
[37m2025-09-03 20:04:02 - utils.technical_analysis - INFO     - ✅ Backfill Binance para SOLUSDT-5m: 300 registros (orig=SOLUSDT)[0m
[37m2025-09-03 20:04:02 - utils.feature_pipeline - INFO     - Generación de features completada por FeaturePipeline.[0m
[37m2025-09-03 20:04:02 - utils.technical_analysis - INFO     - 🤖 ML Predicción: COMPRAR=0.560, VENDER=0.440[0m
[37m2025-09-03 20:04:02 - utils.technical_analysis - INFO     - 🎯 Decisión: MANTENER, Score: 56.0[0m
[37m2025-09-03 20:04:02 - utils.technical_analysis - INFO     - Análisis completado para SOLUSDT. Decisión: MANTENER, Score: 56.00853548475245[0m
[37m2025-09-03 20:04:02 - utils.feature_pipeline - INFO     - FeaturePipeline inicializado.[0m
[37m2025-09-03 20:04:02 - utils.feature_pipeline - INFO     - Generación de features completada por FeaturePipeline.[0m
[37m2025-09-03 20:04:08 - utils.feature_pipeline - INFO     - Generación de features completada por FeaturePipeline.[0m
[37m2025-09-03 20:04:09 - utils.binance_client - INFO     - Cerrando cliente de Binance asíncrono...[0m
[37m2025-09-03 20:04:09 - utils.binance_client - INFO     - Cliente de Binance cerrado exitosamente.[0m
[37m2025-09-03 20:06:56 - utils.technical_analysis - INFO     - Iniciando análisis de mercado para ETHUSDT - 5m.[0m
[37m2025-09-03 20:06:56 - utils.technical_analysis - INFO     - Umbrales dinámicos activos: high=0.71, medium=0.71, low=0.55[0m
[37m2025-09-03 20:06:56 - utils.technical_analysis - INFO     - 🎯 Umbrales ML configurados: Alto=0.71, Medio=0.71, Bajo=0.55[0m
[37m2025-09-03 20:06:56 - utils.technical_analysis - INFO     - Obteniendo klines históricos para ETHUSDT (orig=ETHUSDT) - 5m (limit: 300) desde la BD.[0m
[33m2025-09-03 20:06:56 - utils.technical_analysis - WARNING  - No se encontraron klines en la BD para ETHUSDT-5m. Probando alias…[0m
[37m2025-09-03 20:06:56 - utils.binance_client - INFO     - Inicializando cliente de Binance asíncrono centralizado...[0m
[37m2025-09-03 20:06:57 - utils.binance_client - INFO     - Cliente de Binance asíncrono inicializado y conexión verificada exitosamente.[0m
[37m2025-09-03 20:06:57 - utils.technical_analysis - INFO     - Intentando fallback: lectura desde CSV para ETHUSDT-5m (con alias)[0m
[37m2025-09-03 20:06:57 - utils.technical_analysis - INFO     - ✅ Backfill Binance para ETHUSDT-5m: 300 registros (orig=ETHUSDT)[0m
[37m2025-09-03 20:06:57 - utils.feature_pipeline - INFO     - Generación de features completada por FeaturePipeline.[0m
[37m2025-09-03 20:06:57 - utils.technical_analysis - INFO     - 🤖 ML Predicción: COMPRAR=0.531, VENDER=0.469[0m
[37m2025-09-03 20:06:57 - utils.technical_analysis - INFO     - 🎯 Decisión: MANTENER, Score: 53.1[0m
[37m2025-09-03 20:06:57 - utils.technical_analysis - INFO     - Análisis completado para ETHUSDT. Decisión: MANTENER, Score: 53.074954548138464[0m
[37m2025-09-03 20:06:57 - utils.feature_pipeline - INFO     - FeaturePipeline inicializado.[0m
[37m2025-09-03 20:06:57 - utils.feature_pipeline - INFO     - Generación de features completada por FeaturePipeline.[0m
[37m2025-09-03 20:06:58 - utils.feature_pipeline - INFO     - Generación de features completada por FeaturePipeline.[0m
[37m2025-09-03 20:07:02 - utils.binance_client - INFO     - Cerrando cliente de Binance asíncrono...[0m
[37m2025-09-03 20:07:02 - utils.binance_client - INFO     - Cliente de Binance cerrado exitosamente.[0m
