tree
version=v4
num_class=1
num_tree_per_iteration=1
label_index=0
max_feature_idx=22
objective=binary sigmoid:1
feature_names=Column_0 Column_1 Column_2 Column_3 Column_4 Column_5 Column_6 Column_7 Column_8 Column_9 Column_10 Column_11 Column_12 Column_13 Column_14 Column_15 Column_16 Column_17 Column_18 Column_19 Column_20 Column_21 Column_22
feature_infos=[-28.695311659192523:24.837684491431652] [-0.99153014584981247:40.163041499647072] [-1.4616627918120391:359.89887605050717] [-0.46494861498340462:2.4392760268456928] [-0.46448334267167696:2.4130363133461379] [-0.45760164522751229:2.3820625652493796] [-8.9521314647399368:6.0220189915190128] [-5.9203324267966275:4.8200998329126161] [-2.0957580193414276:2.092980974007836] [-0.3902249435830209:14.439173809161241] [-1.0437686316835029:10.628686423231585] [-0.86140964664576136:10.538143215669781] [-1.3829259275008798:20.645229660561249] [-33.435421234907935:20.656525147974115] [-30.014039163580236:18.978799606069128] [-34.240436278726627:33.253505545814377] [-0.46509174417347415:2.4425687165501975] [-0.47795928680285271:2.4528781175404188] [-0.45133753104751939:2.4768032545819683] [-2.1535546812393691:2.0566390600364142] [-1:0.91666666666666663] [-0.75:0.75] [0:1]
tree_sizes=3443 3501 3498 3507 3512 3519 3504 3471 3479 3510 3508 3511 3500 3525 3504 3515 3489 3526 3506 3533 3508 3510 3510 3504 3490 3490 3496 3507 3499 3487 3530 3494 3481 3476 3490 3500

Tree=0
num_leaves=31
num_cat=0
split_feature=11 19 10 11 18 9 21 20 11 10 7 5 17 20 19 20 7 10 5 9 13 15 15 7 7 20 19 15 13 10
split_gain=139.641 80.6865 66.6285 44.8436 43.7004 45.3878 38.249 38.1969 39.2362 34.4585 31.581 41.3844 31.3684 27.8504 27.0662 31.5624 26.1191 23.1221 22.7879 22.0576 21.7067 28.9822 21.2133 25.7853 21.1325 20.2692 19.803 19.6597 19.6134 19.2126
threshold=0.73210575379799236 -0.5681153438695733 -0.42558233737185786 -0.583405345468757 0.27811763480086488 -0.33734946884101813 1.0000000180025095e-35 -0.70833333333333315 -0.093001704341176689 -0.19534940357726699 -0.55482227488752167 0.4680680696774539 0.48468585325833863 0.45833333333333343 0.5029490803875416 -0.70833333333333315 0.64657901459561828 1.47593504687094 0.62290185359195249 -0.31386932584048116 0.027293443652263504 -0.94123219491884402 -0.2660968156042034 1.3989387848185428 0.20510827778978835 0.37500000000000006 -0.22812613478480148 0.25157160783296156 -1.0984203586857306 3.7865822068456443
decision_type=2 2 2 2 2 2 2 2 2 2 2 2 2 2 2 2 2 2 2 2 2 2 2 2 2 2 2 2 2 2
left_child=1 6 10 4 5 -4 16 26 20 -8 18 13 -13 24 19 -16 25 -11 27 -2 -9 -22 23 -10 -12 -1 -5 -3 -20 -17
right_child=14 2 3 7 -6 -7 9 8 22 17 11 12 -14 -15 15 29 -18 -19 28 -21 21 -23 -24 -25 -26 -27 -28 -29 -30 -31
leaf_value=-0.25012670323401576 -0.26378502447052071 -0.24282443277496116 -0.28116865656776696 -0.24293097007564607 -0.29367788301195619 -0.22888254462818158 -0.23850054868457479 -0.24492211777349018 -0.2525949788845514 -0.21269897946404351 -0.26651940844676081 -0.30151697454102749 -0.26632918885135681 -0.23683359543978993 -0.2664325074042842 -0.23775174601727078 -0.22488358134250555 -0.24976733042805099 -0.26787892380567097 -0.22785637779115644 -0.21975413178539333 -0.25935699003829499 -0.23761375772322318 -0.19228854930358372 -0.24787488075108438 -0.23498874506930567 -0.26227743607198956 -0.27352472043538889 -0.20560213656099133 -0.18442151817990682
leaf_weight=712.44619756937027 42.865020185709 221.96197234094143 43.111370876431465 173.43088626861572 28.823030814528465 702.59216994047165 394.90015722811222 720.32941967248917 423.72318804264069 331.09532833099365 354.49864394962788 74.15155790746212 440.96773639321327 193.13894152641296 100.26473112404346 512.65578739345074 180.82140699028969 47.545683309435844 15.27374282479286 1701.0515194386244 48.284735381603241 745.94989150762558 1487.2191198915243 17.490899041295052 268.02955150604248 319.27049517631531 563.6503803730011 67.253738567233086 57.399710938334465 16.50549627840519
leaf_count=2892 174 901 175 704 117 2852 1603 2924 1720 1344 1439 301 1790 784 407 2081 734 193 62 6905 196 3028 6037 71 1088 1296 2288 273 233 67
internal_value=-0.2427 -0.245652 -0.248295 -0.245366 -0.234325 -0.231959 -0.236813 -0.247415 -0.2452 -0.228133 -0.256857 -0.260416 -0.271508 -0.253379 -0.231961 -0.240862 -0.242361 -0.217373 -0.243742 -0.228754 -0.251221 -0.256917 -0.240472 -0.250084 -0.258521 -0.245434 -0.257738 -0.250057 -0.218921 -0.235972
internal_weight=11006.7 8633.36 6647.28 4954.61 774.527 745.704 1986.08 4180.08 3443 773.541 1692.68 1330.79 515.119 815.667 2373.34 629.426 1212.54 378.641 361.889 1743.92 1514.56 794.235 1928.43 441.214 622.528 1031.72 737.081 289.216 72.6735 529.161
internal_count=44679 35045 26983 20112 3144 3027 8062 16968 13976 3140 6871 5402 2091 3311 9634 2555 4922 1537 1469 7079 6148 3224 7828 1791 2527 4188 2992 1174 295 2148
is_linear=0
shrinkage=1


Tree=1
num_leaves=31
num_cat=0
split_feature=1 1 0 13 6 10 11 11 12 4 7 6 10 20 19 10 19 20 11 20 19 1 0 11 7 0 19 13 20 5
split_gain=277.175 84.0521 68.3767 45.5541 25.3536 25.0186 23.173 21.6129 19.7823 17.4748 21.2131 16.3583 16.256 16.0904 25.1823 21.3932 15.2408 17.4569 15.5459 15.1395 19.2831 15.0603 14.2687 13.9777 28.8011 18.6179 13.696 13.6439 15.5656 13.6013
threshold=-0.0800639649597399 -0.71870021449543442 -0.99808096993880924 -0.1089583719304955 0.57772711603278737 0.19773992939319951 0.31108296166852073 -0.59010070249663804 0.079386966337091538 -0.40560955761087131 -1.81542923157054 -3.4999416349912909 -0.45206098841696307 -0.70833333333333315 0.30985343925863035 0.36444634997897102 -0.68928473986275252 0.37500000000000006 0.74899937327740951 -0.70833333333333315 -0.10277921015138704 -0.53940016954168157 0.50278134550916131 0.90323506733012771 1.2223985215809694 1.2548064929115947 0.45168566194956034 -0.29753700945754252 1.0000000180025095e-35 -0.10940882073404633
decision_type=2 2 2 2 2 2 2 2 2 2 2 2 2 2 2 2 2 2 2 2 2 2 2 2 2 2 2 2 2 2
left_child=1 7 5 4 9 -2 21 -1 11 27 -11 26 -10 14 -14 29 17 -12 -18 20 -8 -5 -13 -15 25 -25 -4 28 -3 -16
right_child=2 3 8 6 -6 -7 19 -9 12 10 16 22 13 23 15 -17 18 -19 -20 -21 -22 -23 -24 24 -26 -27 -28 -29 -30 -31
leaf_value=-0.049658369808762037 0.010384021983907116 -0.057420398076402285 0.058623319352040584 -0.018849868278827904 0.036118563796981799 0.023717194805437186 0.026783612562252132 -0.023209789231115656 -0.0078648251493681539 -0.053968362208951785 -0.00076941118337594226 0.011471974424549032 0.0078327431625331116 0.0025277856028777918 -0.021520630341923603 -0.036895430219098684 -0.0066359017760043732 0.024043426428714237 0.013806702464290069 0.001979601281136396 -0.02857921177328231 -0.0099374076180793885 0.0027998201620184331 0.028511418535692796 -0.010889599268506776 0.0055956971096406466 -0.010534870428850217 0.0226787897178992 0.030374742715453248 0.016313664404889249
leaf_weight=101.373474791646 722.52257271111012 11.337624639272692 26.885953560471535 662.97944933176041 47.076003178954124 693.64888210594654 18.236971244215965 342.88859908282757 389.14585304260254 18.718794733285904 198.84732994437218 1048.840655207634 155.74794517457485 1465.8455823510885 46.490660026669502 88.759580731391907 937.52870471775532 108.78586377203465 102.15592412650585 513.16199244558811 86.850313916802406 1699.3869041353464 870.1006713360548 213.37573593854904 102.37416884303093 153.17693138122559 9.1102532744407636 116.7790030837059 7.6395148634910575 46.474529579281807
leaf_count=413 2931 46 109 2695 191 2813 74 1394 1581 76 807 4255 632 5948 189 361 3808 441 414 2082 353 6904 3530 865 415 621 37 474 31 189
internal_value=0.000117144 -0.0086199 0.00732183 -0.00657911 0.000373867 0.0169303 -0.0101928 -0.0293541 0.00437007 -0.000766567 -0.00247401 0.00818836 0.00156143 0.00318072 -0.00687352 -0.0194788 -0.00171538 0.00803823 -0.00461114 -0.00156257 -0.0187624 -0.0124477 0.00754589 0.00493966 0.012447 0.0189902 0.0411733 0.0162704 -0.0220756 -0.00258123
internal_weight=11006.2 4973.75 6032.5 4529.48 1548.87 1416.17 2980.62 444.262 4616.33 1501.79 1366.04 1954.94 2661.39 2272.25 337.473 181.725 1347.32 307.633 1039.68 618.249 105.087 2362.37 1918.94 1934.77 468.927 366.553 35.9962 135.756 18.9771 92.9652
internal_count=44679 20203 24476 18396 6288 5744 12108 1807 18732 6097 5546 7931 10801 9220 1371 739 5470 1248 4222 2509 427 9599 7785 7849 1901 1486 146 551 77 378
is_linear=0
shrinkage=0.05


Tree=2
num_leaves=31
num_cat=0
split_feature=1 0 1 13 10 13 6 6 10 10 20 21 20 12 1 8 10 5 18 12 1 6 6 12 18 0 6 10 1 4
split_gain=252.453 80.2409 56.3897 29.6778 33.8116 27.968 28.9345 25.445 24.4461 22.4343 31.936 32.6409 18.4657 14.8553 14.5408 14.4425 14.1669 29.9038 15.4875 13.829 14.4535 13.6415 14.2491 15.7421 13.3028 13.0595 13.0053 13.528 12.8073 12.3227
threshold=-0.30795846442125946 -0.99808096993880924 -0.71870021449543442 -0.17124378713381933 1.739092014438502 -0.014603105152335667 0.65471342162401336 -1.3449493686767762 0.19773992939319951 0.12322219097028815 -0.70833333333333315 0.37500000000000006 -0.62499999999999989 0.10287785874410278 0.028088056181119789 0.55150184106057154 1.2971823786229904 0.47591915710912708 1.2762833459752232 0.095570593940836446 0.59567338891611687 -0.18725398556837505 -1.0697939662184774 -0.4911892308971611 2.1809936490166026 0.40485878254366842 0.24140678912117033 0.69159530245299361 1.8753019060236902 -0.43396346634460264
decision_type=2 2 2 2 2 2 2 2 2 2 2 2 2 2 2 2 2 2 2 2 2 2 2 2 2 2 2 2 2 2
left_child=2 8 -1 4 13 6 21 28 -2 19 15 14 -7 25 -12 -11 -14 -18 -19 24 -21 22 -4 -24 -9 29 27 -10 -5 -3
right_child=1 3 5 7 -6 12 -8 9 26 10 11 -13 16 -15 -16 -17 17 18 -20 20 -22 -23 23 -25 -26 -27 -28 -29 -30 -31
leaf_value=-0.02801085078362783 0.0093464514771800719 0.055358688052986875 -0.019806905730206142 -0.032653617931078113 -0.010330817945393896 -0.02388613731770135 0.042409821798636491 0.0023100677024021766 0.027852618614809324 0.0054979094710595946 0.0039971137387954372 -0.0066782680013772674 -0.012403670205595546 0.0048705136154306543 0.016375116569088206 -0.018252593533900199 0.027750134851415351 -0.034879884356073226 0.051930854021638641 -0.0093476430012689425 0.0027239296779376296 -0.010285357320447108 0.013522210183946124 -0.0030768821855375749 -0.057531008379714137 0.0072454171271053554 0.031117459412818876 0.0096895688629576437 0.010982900860728707 0.017079361405460344
leaf_weight=442.47635927796364 734.22381575405598 21.239847272634506 81.971465587615967 84.299208298325539 241.28973598778248 339.30253215134144 32.098921775817871 1035.916805550456 171.59953248500824 96.53726714849472 355.27736063301563 284.81586618721485 1026.1247014254332 934.00101721286774 725.55059663951397 185.21665054559708 65.709455862641335 40.593764215707779 4.9217094331979743 900.60861496627331 340.71337546408176 631.14841483533382 208.01277175545692 449.50231146812439 8.3669636398553831 458.91460075974464 268.5131877809763 260.0426762253046 20.219608813524246 556.12636178731918
leaf_count=1807 2975 86 333 342 978 1382 130 4204 694 392 1442 1155 4175 3788 2941 755 267 165 20 3659 1383 2565 845 1827 34 1861 1086 1052 82 2254
internal_value=0.000110623 0.00509037 -0.0114041 0.00264024 0.00729454 -0.00884155 -0.00377663 8.84138e-05 0.015752 0.000739536 0.00518685 0.00835088 -0.0136437 0.0094597 0.0123184 -0.0101066 -0.0105655 0.00630814 -0.0244707 -0.00246464 -0.00603073 -0.00489205 -0.000274463 0.00217941 0.00177125 0.0135824 0.0224391 0.0169695 -0.0241405 0.0185895
internal_weight=11005.3 7683.47 3321.86 6249.09 2211.57 2879.39 1402.73 4037.52 1434.38 3933 1647.4 1365.64 1476.65 1970.28 1080.83 281.754 1137.35 111.225 45.5155 2285.61 1241.32 1370.63 739.487 657.515 1044.28 1036.28 700.155 431.642 104.519 577.366
internal_count=44679 31163 13516 25356 8967 11709 5700 16389 5807 15965 6685 5538 6009 7989 4383 1147 4627 452 185 9280 5042 5570 3005 2672 4238 4201 2832 1746 424 2340
is_linear=0
shrinkage=0.05


Tree=3
num_leaves=31
num_cat=0
split_feature=0 11 7 13 3 11 9 10 10 10 16 3 14 15 15 6 11 6 13 15 12 15 19 7 6 17 10 19 10 12
split_gain=153.539 67.9131 48.3104 46.6346 46.3515 60.9935 46.7202 33.6745 29.4487 27.8583 27.0416 25.7497 47.1467 27.8595 25.657 19.2326 18.9732 18.3022 17.5513 17.3475 17.0407 16.4576 22.0025 16.3807 15.8293 14.7215 29.3026 16.5544 14.2354 14.0003
threshold=-0.78317349431299044 0.73210575379799236 1.3677101319263312 -0.16472921371978141 0.2211213584983644 -0.54466277111501327 0.060076274634562325 1.2059400005824112 0.19773992939319951 0.79119623665080507 0.24173887533549104 -0.33191574620533798 -0.80789903622976211 1.4068881122771064 -0.16215914746167537 0.077730150791690905 0.15570787156055044 0.60228897553974259 4.7091140030251699 2.4184159976311101 -0.25926153010036601 -0.45150789127488405 -0.48683630129345062 1.2223985215809694 0.24140678912117033 -0.35019668987701058 -0.042291876963822507 -0.46408565074820723 -0.36169171469485967 0.30809077369089372
decision_type=2 2 2 2 2 2 2 2 2 2 2 2 2 2 2 2 2 2 2 2 2 2 2 2 2 2 2 2 2 2
left_child=8 2 3 7 6 15 9 11 -1 14 -7 25 13 -13 -5 -6 -9 -14 -4 -8 -12 -18 -23 -3 -10 27 -27 -2 -17 -25
right_child=1 23 18 4 5 10 19 16 24 -11 20 12 17 -15 -16 28 21 -19 -20 -21 -22 22 -24 29 -26 26 -28 -29 -30 -31
leaf_value=0.0072502244287711223 0.023507531205173328 0.0086792374005949524 0.016041785628073506 0.0045225699350067844 -0.05428251544637528 -0.04403806913935656 0.02224338464772467 -0.024508820246793572 0.014328208055157936 0.0091440752188193166 -0.016935105705823253 0.013510333832665295 -0.010801615153368764 -0.0067880796606517987 -0.010189120705318676 0.0096495856350507763 -0.016462166471265055 0.020691465856471927 -0.042023123876090987 -0.020574988411143743 -0.0065646263394406644 0.065902274367683131 -0.0011911899622614431 0.0028684396327282738 0.028164907136387446 -0.01365631246917973 0.074430631817515455 -0.00012313894170604868 -0.05274870883568146 -0.018680816359966494
leaf_weight=999.49213480949402 142.7403115183115 1401.9392892867327 325.1701362580061 347.13843515515327 117.83392155170441 61.758687391877174 202.10757477581501 194.5491865426302 529.37475651502609 262.62664018571377 644.49413204193115 636.18373169004917 730.15971997380257 229.00914470851421 1988.2985600233078 24.678658023476601 61.557708784937859 48.228106170892715 12.571719631552694 25.860483050346375 1037.9570291489363 17.250573769211769 36.446470528841019 272.31650607287884 346.05938789248466 14.058857843279837 25.673785775899887 152.11992944777012 13.21315713226795 102.98482291400433
leaf_count=4048 578 5678 1319 1410 484 252 820 790 2139 1067 2628 2582 2968 930 8092 101 250 195 51 105 4224 70 148 1103 1397 57 104 617 54 418
internal_value=0.000104899 -0.00257161 -0.00469237 -0.00558287 -0.00841917 -0.0144577 -0.00435402 0.000274619 0.0131338 -0.00626152 -0.0117611 0.00267938 9.91987e-05 0.00813011 -0.00799924 -0.0443612 -0.0150235 -0.00881988 0.013748 0.0172956 -0.0105479 0.00101771 0.0210825 0.00619596 0.0198295 0.0153008 0.0435694 0.0113402 -0.0127774 -0.00306544
internal_weight=11003.9 9128.93 7351.69 7013.94 4725.97 1899.94 2826.03 2287.98 1874.93 2598.06 1744.21 1978.17 1643.58 865.193 2335.44 155.726 309.804 778.388 337.742 227.968 1682.45 115.255 53.697 1777.24 875.434 334.593 39.7326 294.86 37.8918 375.301
internal_count=44679 37095 29896 28526 19237 7743 11494 9289 7584 10569 7104 8031 6675 3512 9502 639 1258 3163 1370 925 6852 468 218 7199 3536 1356 161 1195 155 1521
is_linear=0
shrinkage=0.05


Tree=4
num_leaves=31
num_cat=0
split_feature=1 1 0 19 1 20 19 10 10 10 0 11 2 19 18 20 4 15 13 20 18 10 10 0 6 2 1 11 6 19
split_gain=211.916 64.8148 49.7615 32.1227 28.925 22.6543 18.5109 17.9923 15.1684 15.1557 17.9974 16.854 16.4079 16.09 15.8635 24.5418 16.7517 16.4459 15.1413 14.7864 14.0764 13.0112 12.8987 12.7354 16.6326 12.3447 12.2141 12.008 11.4949 11.3237
threshold=-0.0800639649597399 -0.53940016954168157 -0.99808096993880924 -0.59364047319534985 -0.77927613840793575 -0.79166666666666663 0.05999759664920546 0.19773992939319951 -0.49798762348844189 -0.45206098841696307 0.019920211072723643 -0.19241763005816273 0.04334401613446117 1.4699475792561068 0.58152105538817633 -0.29166666666666657 0.5363806378777346 9.4622372017762135 -0.074065087228889326 -0.70833333333333315 -0.42946201152059643 1.3316495626268396 0.59991808501824939 0.38300269265944503 -2.2119913636623347 0.028933418007840099 2.6634467866015474 1.9423302905906243 -0.55905067091135618 -0.61830803781769128
decision_type=2 2 2 2 2 2 2 2 2 2 2 2 2 2 2 2 2 2 2 2 2 2 2 2 2 2 2 2 2 2
left_child=1 4 7 -3 -1 -5 -6 26 -7 11 14 -4 25 -14 15 16 22 18 -16 -8 -13 -20 -11 24 -10 -12 -2 28 29 -22
right_child=2 3 9 5 6 8 19 -9 23 10 12 20 13 -15 17 -17 -18 -19 21 -21 27 -23 -24 -25 -26 -27 -28 -29 -30 -31
leaf_value=-0.032804506081638825 0.011026155854905292 0.0069328824351847567 -0.012960318582287864 -0.017640811936696973 -0.0078662807349690056 -0.011975091778645414 -0.036810793602623494 0.020291275829162434 -0.064723562609533936 0.0079639439744439815 0.0061063941220830861 0.058347378499987695 -0.0022379898875892106 0.023947862483176152 0.0093120005575246349 0.019038666582026263 0.072935184256460867 0.045710756816211312 -0.015166480249694345 -0.016061747647510574 0.069105428483740725 0.026074400770386433 -0.012605203173895475 -0.0094694687170467865 0.00039054890133735111 0.042985876640716361 -0.011752974875267745 -0.043837913592260337 -0.00079834362258965645 0.01281254625085422
leaf_weight=221.99010829627514 661.12813566625118 583.45581245422363 263.27765066921711 360.21276472508907 720.01558867096901 503.35132074356079 105.57213686406612 698.19594253599644 8.8714179247617704 207.28566665947437 1208.0460884273052 10.364954441785811 1344.0201368033886 60.322354540228844 180.89913713932037 622.28996908664703 7.1690125316381446 18.767220929265022 174.83606494963169 479.89108285307884 9.8830682933330518 20.464502677321434 119.17842558026314 466.77818709611893 1508.0335256755352 22.212199524044991 63.567129492759705 12.853073656558989 282.31750772893429 56.648910135030746
leaf_count=915 2674 2367 1071 1469 2938 2052 433 2813 36 840 4894 42 5450 245 732 2519 29 76 709 1962 40 83 483 1898 6133 90 257 52 1147 230
internal_value=9.88545e-05 -0.00756128 0.00638414 -0.00374273 -0.0161264 -0.00593379 -0.0132636 0.0145583 -0.00422978 0.00386339 0.00500709 -0.00329974 0.00259679 -0.0010934 0.00969872 0.013179 0.00221051 0.00125081 -0.00106918 -0.0198682 0.00353917 -0.0107088 0.000424174 -0.00225687 -2.93575e-05 0.00681068 0.00900774 0.00179826 0.00361448 0.0221482
internal_weight=11001.9 4958.17 6043.73 3430.7 1527.47 2847.25 1305.48 1422.89 2487.03 4620.84 3985.49 635.345 2634.6 1404.34 1350.89 955.923 333.633 394.967 376.2 585.463 372.068 195.301 326.464 1983.68 1516.9 1230.26 724.695 361.703 348.849 66.532
internal_count=44679 20203 24476 13955 6248 11588 5333 5744 10119 18732 16150 2582 10679 5695 5471 3871 1352 1600 1524 2395 1511 792 1323 8067 6169 4984 2931 1469 1417 270
is_linear=0
shrinkage=0.05


Tree=5
num_leaves=31
num_cat=0
split_feature=0 11 7 13 16 11 9 16 10 14 15 10 9 10 15 15 11 19 7 15 12 7 7 20 19 15 20 17 17 8
split_gain=120.893 58.3792 37.0646 36.3635 36.5604 52.8058 39.2997 25.9278 24.7525 37.1869 25.9517 22.1598 21.2887 21.0737 18.9975 17.4128 18.2633 23.5743 16.7655 19.02 16.6412 14.969 21.372 17.0833 23.0391 16.6577 15.437 22.6294 20.3134 17.6881
threshold=-0.78317349431299044 0.80035353604376391 1.3677101319263312 -0.13572194085661535 0.22121387066587969 -0.54466277111501327 0.012185717102680111 -0.33362155619057804 1.2059400005824112 -0.78211401616941656 1.5753965249078452 0.2066840422718032 1.6036727086662153 0.79119623665080507 -0.23839791027777738 -1.1317442314089543 -0.72371643397834495 -0.39724037811497631 -0.42316324828611046 2.9123315456507801 -0.20168831866737644 1.2223985215809694 1.4336179617615252 -0.70833333333333315 0.76343341502368078 -1.3237368645823382 0.70833333333333337 0.39180133333782524 -0.37603516502747203 -0.33754276338214922
decision_type=2 2 2 2 2 2 2 2 2 2 2 2 2 2 2 2 2 2 2 2 2 2 2 2 2 2 2 2 2 2
left_child=11 2 3 7 6 -6 13 15 9 10 -9 -1 20 14 -5 -2 -17 -18 -8 -20 -7 23 -23 24 -3 -24 27 28 -25 -30
right_child=1 21 -4 4 5 12 18 8 -10 -11 -12 -13 -14 -15 -16 16 17 -19 19 -21 -22 22 25 26 -26 -27 -28 -29 29 -31
leaf_value=0.0062447416005387887 -0.074014518538097138 0.0018446700119022998 0.011305366856717902 0.0072385756443460909 -0.042386722147021827 -0.019325836343796345 0.0006295359447783883 0.010766219432965629 -0.01863946323617937 -0.0085227703926325591 -0.0089860726379186687 0.017126691087072324 0.0018064703850575172 0.0076275204767526361 -0.0090862525350552878 0.041989147982096318 0.017016412476998158 -0.0054006555631858936 0.030512057772694848 -0.047518976530529854 -0.0085865803578518557 -0.024823751089176522 0.024803112896441399 0.0056308465521971631 -0.046850670922130452 -0.0034710528349118815 -0.0033734384760096495 0.0037543573020461622 0.0077352364613438897 0.032514838463174989
leaf_weight=1004.0349926203489 5.1721856892108908 183.76376524567604 354.99074947834015 194.42656138539314 142.15557055175304 631.32447119057178 121.4114578962326 691.27168241143227 223.26708041131496 848.16039454936981 217.75989386439323 881.44024710357189 281.58968833088875 250.5111817419529 2013.5785066485405 41.324945658445358 279.43518960475922 200.47549925744534 132.16151787340641 7.3727857917547217 853.29262615740299 85.11263233423233 68.904975607991219 176.03230985999107 26.953021109104156 202.98559749126434 159.07432763278484 366.38412566483021 98.037078469991684 284.93793289363384
leaf_count=4060 21 745 1438 789 590 2586 492 2802 909 3453 885 3549 1146 1017 8211 167 1131 814 535 30 3480 345 279 712 110 823 643 1481 396 1152
internal_value=-0.000182774 -0.00256103 -0.00443804 -0.00522354 -0.00785033 -0.0131552 -0.00412236 -0.000371153 -0.0029953 -0.000995251 0.00602436 0.011341 -0.010777 -0.00608329 -0.00764388 0.00947892 0.0104571 0.00764986 0.0142863 0.0260446 -0.0131667 0.00594236 -0.00310562 0.00844067 -0.00455226 0.00374075 0.0109717 0.013444 0.0197679 0.0262212
internal_weight=11027.3 9141.87 7489.68 7134.69 4627.82 1908.36 2719.46 2506.87 1980.46 1757.19 909.032 1885.48 1766.21 2458.52 2208.01 526.408 521.236 479.911 260.946 139.534 1484.62 1652.19 357.003 1295.18 210.717 271.891 1084.47 925.391 559.007 382.975
internal_count=44791 37182 30496 29058 18876 7802 11074 10182 8049 7140 3687 7609 7212 10017 9000 2133 2112 1945 1057 565 6066 6686 1447 5239 855 1102 4384 3741 2260 1548
is_linear=0
shrinkage=0.05


Tree=6
num_leaves=31
num_cat=0
split_feature=1 1 0 19 20 21 3 13 6 6 17 14 16 18 6 8 20 12 11 18 5 16 6 11 8 12 13 19 5 21
split_gain=185.042 52.7277 44.7735 25.3095 42.2 19.3668 23.769 17.4729 20.6204 17.368 16.564 18.6551 23.45 22.1008 19.1465 16.328 17.0495 15.7581 15.3583 14.5663 15.8125 14.7156 12.7895 16.7769 16.3735 12.735 14.2095 12.7092 12.6593 19.7494
threshold=-0.30795846442125946 -0.75169117999124768 -0.78317349431299044 0.043221909116369181 -0.70833333333333315 0.62500000000000011 -0.43944451284413355 -0.14079710450234292 -1.3449493686767762 -3.4999416349912909 2.241366512499221 0.55750358769733788 0.23171714139891539 0.097190115998264243 0.13368406645462536 0.64198658755932259 -0.12499999999999999 0.049205098854861989 -0.52552697759690015 0.86985993640908454 0.71722774029188063 1.6072115765024237 -0.36889474094689428 -0.39921102793193558 -0.80633261050861849 3.9572995209188373 0.052919359645632762 -0.33391721521095091 0.47591915710912708 1.0000000180025095e-35
decision_type=2 2 2 2 2 2 2 2 2 2 2 2 2 2 2 2 2 2 2 2 2 2 2 2 2 2 2 2 2 2
left_child=1 18 9 5 -5 22 -7 17 -9 -2 11 25 13 -13 -14 16 -11 -4 -1 20 27 -21 23 -3 -25 26 -10 -8 -6 -30
right_child=2 3 7 4 28 6 19 8 10 15 -12 12 14 -15 -16 -17 -18 -19 -20 21 -22 -23 -24 24 -26 -27 -28 -29 29 -31
leaf_value=-0.043440136536038426 0.047189041920511737 -0.022803253830790432 0.0097149528467677243 -0.031720679493899284 -0.0046589817206896507 -0.059550578328643328 0.02523811876251654 -0.023592238277444302 0.0019862786681538575 0.0026419959031960213 -0.042083442984102867 0.0088868825046023031 0.014387500767349097 0.037162954850937735 -0.0031262796916199697 0.023966670668939524 0.012904100832794011 0.0012228594957998994 -0.020299279361937098 -0.030283112970373179 0.084632035529877428 0.040170335191278918 -0.0087534095780303408 -0.014222406778787442 0.015787854363696879 0.019344222069581286 -0.0067302676683666726 -0.0009445800920008145 -0.0051019387575204442 -0.025379761269425278
leaf_weight=124.47592286765575 31.327731087803841 50.806219071149826 1083.2966851294041 245.13890892267227 706.14277541637421 11.036599457263945 116.03833796083927 90.962997123599052 778.71898578107357 709.60996443033218 21.807914212346077 458.04419057071209 192.49928715825081 80.88202890753746 805.14442484080791 190.73704546689987 947.44267851114273 1104.6771006286144 178.92947825789452 31.855379343032837 7.5986329615116111 8.5923968702554685 1016.933075517416 59.051799640059471 185.69147236645222 63.472464859485626 1165.0437012016773 76.025188893079758 243.28242190182209 238.77119433879852
leaf_count=521 126 207 4383 1009 2884 45 473 370 3168 2862 89 1853 782 327 3271 768 3820 4476 739 130 31 35 4150 240 755 258 4733 311 996 979
internal_value=-0.000174616 -0.0100831 0.00405945 -0.00806377 -0.0128623 -0.00365645 0.00903193 0.00189902 -0.000214661 0.0107717 0.000386775 0.000661337 0.00480706 0.0132008 0.00025909 0.0101264 0.00851676 0.00543222 -0.0299211 0.012439 0.0179844 -0.0145878 -0.00609324 0.00304174 0.0084982 -0.0025106 -0.00323641 0.014897 -0.00894404 -0.0151881
internal_weight=11024 3300.37 7723.67 2996.96 1433.34 1563.63 251.147 5844.55 3656.58 1879.12 3565.61 3543.81 1536.57 538.926 997.644 1847.79 1657.05 2187.97 303.405 240.11 199.662 40.4478 1312.48 295.549 244.743 2007.24 1943.76 192.064 1188.2 482.054
internal_count=44791 13505 31286 12245 5868 6377 1025 23710 14851 7576 14481 14392 6233 2180 4053 7450 6682 8859 1260 980 815 165 5352 1202 995 8159 7901 784 4859 1975
is_linear=0
shrinkage=0.05


Tree=7
num_leaves=31
num_cat=0
split_feature=0 11 19 3 11 4 9 14 14 7 6 10 7 21 21 19 8 14 21 6 10 11 6 6 6 17 8 21 11 9
split_gain=98.5869 48.0322 35.6099 32.6187 60.9868 41.2411 35.2763 27.6836 24.7213 34.8792 24.6664 24.5945 23.8985 22.4382 20.9944 18.4356 19.0606 18.4113 17.5558 17.4823 20.8779 16.6221 15.8833 15.6816 17.6968 14.4797 14.1415 13.975 19.9406 14.5853
threshold=-0.63597379360929895 0.73210575379799236 -0.59364047319534985 0.2211213584983644 -0.44874197136936472 0.25142090908292897 -0.23456382869938966 0.59822277379978994 0.061117719691098943 0.8817036868799083 2.0107381254385697 0.19773992939319951 1.3989387848185428 0.37500000000000006 0.62500000000000011 -0.30972824058040721 0.78243669568790131 5.5016895710601101 1.0000000180025095e-35 -0.74736550880162622 2.688145328393563 0.20586691818255795 2.0107381254385697 0.24140678912117033 -3.4999416349912909 0.45798655665929383 0.55150184106057154 0.37500000000000006 1.8069604343153711 -0.16014411218621058
decision_type=2 2 2 2 2 2 2 2 2 2 2 2 2 2 2 2 2 2 2 2 2 2 2 2 2 2 2 2 2 2
left_child=11 2 19 6 7 -6 8 -5 9 14 25 -1 13 -7 -4 18 -17 -14 -10 -2 -21 -11 27 24 -13 -9 -24 -3 -29 -30
right_child=1 22 3 4 5 12 -8 10 15 21 -12 23 17 -15 -16 16 -18 -19 -20 20 -22 -23 26 -25 -26 -27 -28 28 29 -31
leaf_value=0.0042914357645530516 0.019257858582514116 0.0090226151666949455 -0.0081360479681008985 -0.035619709031045006 -0.044053249014571201 -0.0038736740945513586 0.0041261408600728666 0.087328784060909381 -0.012857019699752212 0.040337662389269488 -0.069329225722952831 0.047418582933392815 0.028354190543997668 -0.01499649040956925 0.0096372882657782943 -0.023895888888723189 -0.0025276749517434511 -0.063779860487714959 0.044750465231963417 0.0022136048372748264 -0.04987358509949251 0 0.0013303429723760659 0.022200321940144714 0.0077846022333236328 0.0088138054919352643 -0.029333197503364924 -0.0086988951693950604 -0.042932739277718693 0.026860073337226589
leaf_weight=1238.5156458467245 153.76710318028927 1202.5070958435535 1060.3638245761395 285.38004349172115 72.888610318303108 1609.0405420064926 1217.889113292098 7.386288836598399 28.727419719099998 63.640754267573357 6.6157235056161872 28.682230621576309 70.028200954198837 632.03537279367447 195.87936894595623 386.3705198764801 143.94019708037376 4.904106304049491 22.860390469431877 977.77656473219395 18.619931116700172 41.898169115185738 100.40688179433346 419.53781425952911 599.96481122076511 21.088564708828926 58.758976325392723 272.89373713731766 7.4026721268892279 71.017881765961647
leaf_count=5007 622 4863 4331 1189 300 6569 4941 30 117 259 27 115 284 2586 801 1577 587 20 93 3972 76 170 406 1687 2415 87 238 1105 30 287
internal_value=-0.000166518 -0.00258686 -0.00441866 -0.00599494 -0.0100206 -0.00726296 -0.00254143 -0.0304747 -0.0067218 -0.00302645 0.0110571 0.00907293 -0.00608444 -0.00701809 -0.00535531 -0.0153412 -0.0181211 0.0214979 0.0129414 0.0036212 0.0011862 0.0244374 0.00491652 0.0147084 0.00967329 0.0316218 -0.0100709 0.00646046 -0.00229601 0.0197513
internal_weight=11020.8 8734.09 7021.1 5870.94 2709.37 2388.9 3161.57 320.471 1943.68 1361.78 35.0906 2286.7 2316.01 2241.08 1256.24 581.899 530.311 74.9323 51.5878 1150.16 996.396 105.539 1712.99 1048.18 628.647 28.4749 159.166 1553.82 351.314 78.4206
internal_count=44791 35567 28638 23968 11092 9759 12876 1333 7935 5561 144 9224 9459 9155 5132 2374 2164 304 210 4670 4048 429 6929 4217 2530 117 644 6285 1422 317
is_linear=0
shrinkage=0.05


Tree=8
num_leaves=31
num_cat=0
split_feature=1 1 11 19 20 6 19 20 20 6 7 7 14 9 10 10 6 7 8 19 14 16 5 5 19 12 11 7 14 11
split_gain=155.529 45.4237 26.0149 22.2354 38.4118 22.1122 18.0014 23.4327 22.6395 19.7734 31.8134 39.4086 26.3646 20.8548 18.0495 16.5843 15.9886 19.0885 15.5541 15.0945 14.9954 14.6936 14.5669 16.3391 14.2907 18.4455 15.2894 14.0022 15.6142 13.7122
threshold=-0.30795846442125946 -0.75169117999124768 0.78280516111754628 0.043221909116369181 -0.70833333333333315 -3.4999416349912909 0.5029490803875416 -0.54166666666666663 0.54166666666666685 -0.45876874026473707 -0.33974674372277275 -1.9533122049598892 -0.16533272022453585 -0.31386932584048116 3.7865822068456443 -0.47535140789677299 -4.0538566191817909 -3.7564845228077171 1.2698525987345488 0.60945117904504598 -5.4474209158558482 0.15711888606749944 1.7668349591034584 1.1741487498465324 -0.35876921085901187 0.11908341625939926 0.49031511979894676 0.7510958851470847 -1.0178694877057179 -0.52552697759690015
decision_type=2 2 2 2 2 2 2 2 2 2 2 2 2 2 2 2 2 2 2 2 2 2 2 2 2 2 2 2 2 2
left_child=1 29 5 -3 -5 19 9 -8 18 12 11 -11 16 -12 -10 24 -4 -18 27 20 -2 -19 23 -15 25 26 -7 -9 -29 -1
right_child=2 3 6 4 -6 15 7 8 14 10 13 -13 -14 22 -16 -17 17 21 -20 -21 -22 -23 -24 -25 -26 -27 -28 28 -30 -31
leaf_value=-0.040673264680684329 0.0018520198991589451 -0.0032603220592213548 0.049211498781895444 -0.029961666155001052 -0.0081633676718186332 0.025442694413358398 -0.018195044374875055 0.017389393547271769 -0.014913411178484668 -0.0097779112459245292 -0.033168928050240493 0.046445989493247498 -0.026914578625761992 0.012015691223392053 0.059360872214437616 0.0028664542800658521 0.054171288354162274 0.014266247305328859 0.039452668605939635 -0.024572496883132268 0.078313193603494188 -0.0031287188586977405 -0.035104853694316179 0.047517333437216841 -0.0093449490588058265 -0.0052261429022198045 -0.029185075022244836 0.062489044435522834 -0.013124094580247695 -0.018681857718296092
leaf_weight=122.52204981446266 9.4228188395500201 1561.5540142208338 21.158736482262611 243.40094877779484 1185.0850727409124 108.06259153783321 125.53484679758549 165.37042437493801 132.14368218183517 39.172995761036873 24.64925754070282 143.41802184283733 60.708739325404167 709.88167978823185 7.7157222479581824 4650.3964017927647 18.631293997168541 201.99267122149467 48.817812666296959 6.6428464055061331 20.384992122650146 300.54646833240986 14.642851293087004 33.239190101623535 569.34772716462612 211.82552960515022 13.58739013969898 6.4249592125415793 83.297686815261841 177.74859130382538
leaf_count=521 38 6377 85 1009 4859 438 511 667 534 158 100 578 245 2863 31 18839 75 814 197 27 82 1211 59 134 2323 859 55 26 337 739
internal_value=-0.000159002 -0.00926164 0.00371712 -0.00739192 -0.0118995 0.00192128 0.00840826 0.00078136 0.00618953 0.0111719 0.0156093 0.0343689 0.00404866 0.0111867 -0.010388 0.0016618 0.00756706 0.00577578 0.013844 0.040219 0.0551493 0.0038676 0.0126779 0.0136721 -0.00453409 0.003668 0.0191122 0.00878871 -0.00702528 -0.027777
internal_weight=11017.3 3290.31 7727.02 2990.04 1428.49 5589.67 2137.35 569.305 443.77 1568.04 965.004 182.591 603.038 782.413 139.859 5553.22 542.329 521.17 303.911 36.4507 29.8078 502.539 757.764 743.121 902.823 333.476 121.65 255.093 89.7226 300.271
internal_count=44791 13505 31286 12245 5868 22661 8625 2303 1792 6322 3892 736 2430 3156 565 22514 2185 2100 1227 147 120 2025 3056 2997 3675 1352 493 1030 363 1260
is_linear=0
shrinkage=0.05


Tree=9
num_leaves=31
num_cat=0
split_feature=1 1 6 13 6 20 14 1 15 6 7 10 15 10 20 15 3 18 6 6 15 15 10 20 12 18 13 7 17 15
split_gain=140.624 41.6293 22.7967 20.0506 22.8251 19.1447 19.1016 17.6157 17.3331 16.6962 15.5061 15.2905 14.1449 22.7734 13.5083 17.2911 13.2479 22.5177 17.7134 15.2348 26.9129 21.9845 15.0481 14.5771 14.0668 14.6839 13.1616 21.8286 14.6371 17.6721
threshold=-0.30795846442125946 -0.71870021449543442 -3.4999416349912909 -0.018256967637371356 0.82107510830435948 -0.87499999999999989 -0.97597035488316963 0.035315531926241699 1.640138513309914 -0.37861535033348737 0.30719831088790844 1.1770144234478528 0.13236383850929087 0.25362087984551501 -0.70833333333333315 -0.18321612875494961 0.44182130922488477 -0.18841924102810972 3.4412039295366292 0.1646278766942991 -3.7422550834486779 -0.2975157982641729 0.341848444308329 -0.37499999999999994 -0.58937971068989525 1.9563094932656144 0.052919359645632762 1.3677101319263312 -0.38579241709922202 0.24287734202037942
decision_type=2 2 2 2 2 2 2 2 2 2 2 2 2 2 2 2 2 2 2 2 2 2 2 2 2 2 2 2 2 2
left_child=1 -1 6 4 8 10 11 26 9 -3 12 -2 -4 -14 15 -5 17 18 23 20 -19 -21 -18 -9 -24 -26 27 -7 29 -28
right_child=2 3 5 14 -6 7 -8 16 -10 -11 -12 -13 13 -15 -16 -17 22 19 -20 21 -22 -23 24 -25 25 -27 28 -29 -30 -31
leaf_value=-0.023326123637741645 0.058362494536521627 0.006603889109209277 -0.0026465014695476945 0.0038979885642405768 0.052729874998885089 0.0025058595832247628 -0.017365628049745681 -0.0026280265742109781 -0.02855192184551484 -0.0056123164470340287 0.0045551688778836591 0.010275397197188042 -0.0052252128376815629 -0.04114591757113966 -0.0084967337525305425 -0.028102955845843731 -0.0020036688519470777 -0.039191625231424769 -0.042713033205179919 0.029960401375674739 0.010227996206475368 0.0093823915500360101 0.04165761386358599 0.0073060893238709804 0.008152089619841393 -0.024690898947068302 -0.023309823322228584 0.036499474402760607 -0.00095174324458948344 0.016248329226346798
leaf_weight=429.06981697678566 43.259092211723328 406.45399904251099 228.66960388422012 53.086262688040733 17.597823202610016 1120.4774990826845 17.361563235521317 479.62725180387497 62.456245064735413 890.01631669700146 266.27320241928101 27.638275310397148 98.808344110846519 79.773257434368134 1229.8872253894806 196.21099109947681 948.66572761535645 28.039940565824509 18.62617290019989 257.98030349612236 532.7497723698616 264.73918518424034 28.494400888681412 1588.2405981719494 584.38090202212334 35.108907118439674 156.92635720968246 48.352842718362808 841.27539473772049 33.475209042429924
leaf_count=1802 174 1657 927 219 71 4545 70 1940 256 3637 1080 111 402 325 5046 817 3839 113 75 1040 2151 1068 115 6419 2359 142 639 195 3421 136
internal_value=-0.000150812 -0.00881611 0.00353193 -0.00662683 -0.00227656 0.00323726 0.0286636 0.00401591 -0.00303081 -0.00177644 -0.00480391 0.0400897 -0.0109316 -0.0214388 -0.0106675 -0.0212802 0.00572391 0.00759483 0.00455079 0.0134425 0.00768271 0.0195857 0.0020038 0.00499937 0.00787258 0.0062459 0.00031293 0.0039464 -0.00379857 -0.0162803
internal_weight=11013.7 3284.78 7728.94 2855.71 1376.52 7640.68 88.2589 6967.16 1358.93 1296.47 673.524 70.8974 407.251 178.582 1479.18 249.297 4766.65 3170 2086.49 1083.51 560.79 522.719 1596.65 2067.87 647.984 619.49 2200.51 1168.83 1031.68 190.402
internal_count=44791 13505 31286 11703 5621 30931 355 28197 5550 5294 2734 285 1654 727 6082 1036 19261 12806 8434 4372 2264 2108 6455 8359 2616 2501 8936 4740 4196 775
is_linear=0
shrinkage=0.05


Tree=10
num_leaves=31
num_cat=0
split_feature=1 1 19 21 6 6 7 5 7 20 7 20 9 21 19 20 19 12 17 8 5 15 7 7 19 7 5 9 3 17
split_gain=115.521 32.7261 30.8125 29.5876 27.4423 23.3222 18.6588 20.3969 20.3932 18.3606 17.5368 17.1093 19.1882 16.9044 16.8496 17.7385 16.6393 15.5935 15.2833 22.1782 14.5203 13.8646 13.6752 14.5739 13.4319 14.3458 13.1576 13.0654 25.1778 17.6091
threshold=-0.13802382491471657 -0.53940016954168157 0.5029490803875416 -1.0000000180025095e-35 -3.4999416349912909 0.8912689303144482 -0.52637214396351106 -0.42377216060304768 -0.96053303628977005 -0.70833333333333315 -1.6597122957718708 0.20833333333333334 -0.19648475808067353 -0.37499999999999994 -0.61830803781769128 -0.70833333333333315 -0.12767519461373439 -0.17872635321147215 0.44512475096338006 0.11628042603283158 -0.38517432255017797 -3.5260820616717399 -0.24770682564396226 -0.13734558046896414 -0.58513170417798055 1.2223985215809694 0.72527916716806828 0.97157140049755164 0.15734998641573605 0.76260661568421961
decision_type=2 2 2 2 2 2 2 2 2 2 2 2 2 2 2 2 2 2 2 2 2 2 2 2 2 2 2 2 2 2
left_child=1 6 4 -4 20 11 8 13 -1 22 -3 12 -6 -8 17 16 -16 -12 19 -13 -2 -19 -5 -24 25 -20 -26 29 -29 -7
right_child=2 10 3 9 5 27 7 -9 -10 -11 14 18 -14 -15 15 -17 -18 21 24 -21 -22 -23 23 -25 26 -27 -28 28 -30 -31
leaf_value=-0.023161023793048255 -0.010959039999508202 -0.031934178991591261 0.0060035087109102294 -0.043025320365273935 -0.0055012940904905468 0.011349450324894171 -0.027688467492596014 -0.015323959637726904 0.017338474158475985 -0.0038881762590226676 0.018297160157678294 0.0083651123710890909 0.0045985361919584355 0.020911293205580762 0.0011308679826574344 -0.0020607974248369877 -0.01995535614049836 -0.036682564226870669 0.0077398285156010703 0.027043075842971664 0.046696423545428307 0.0026156323727107756 0.050652507195984291 -0.017121749514888793 -0.019495929083402995 0.06312998523550882 0.0024946248392877573 0.071688574797081003 0.017569026209992619 -0.022729821157353204
leaf_weight=43.48855747282505 12.680787578225134 49.944204092025757 782.71817123889923 52.820717677474022 659.97595545649529 611.55665105581284 22.859858363866806 1268.2803322374821 101.98846840858459 771.59911192953587 171.65925164520741 741.3663018643856 1627.2753522843122 70.467732220888138 136.76926884055138 2100.0254679769278 291.46255055069923 23.415872186422348 220.21431222558022 202.51402233541012 61.108375027775764 276.39792104065418 7.5757550299167624 105.6703977137804 104.27521494030952 11.422465994954107 190.80720300972462 22.666524544358253 264.8272227793932 39.398454815149307
leaf_count=179 51 204 3173 216 2673 2466 94 5264 421 3126 695 2992 6572 290 558 8574 1205 95 888 818 245 1122 31 431 422 46 772 91 1068 160
internal_value=0.000283564 -0.00581738 0.00456786 -0.00116569 0.00663658 0.00615532 -0.0118437 -0.0136624 0.00512205 -0.00715553 -0.00283476 0.00439031 0.00168096 0.00878682 -0.00233812 -0.00395776 -0.0132222 0.00632652 0.00859681 0.0124022 0.0367073 -0.000548731 -0.0221926 -0.0121405 0.00175745 0.0107523 -0.00529904 0.0132055 0.0220869 0.00924746
internal_weight=11047.2 4556.76 6490.47 1720.38 4770.09 4696.3 1507.08 1361.61 145.477 937.666 3049.67 3757.85 2287.25 93.3276 2999.73 2528.26 428.232 471.473 1470.6 943.88 73.7892 299.814 166.067 113.246 526.719 231.637 295.082 938.449 287.494 650.955
internal_count=44942 18701 26241 6977 19264 18968 6248 5648 600 3804 12453 15183 9245 384 12249 10337 1763 1912 5938 3810 296 1217 678 462 2128 934 1194 3785 1159 2626
is_linear=0
shrinkage=0.05


Tree=11
num_leaves=31
num_cat=0
split_feature=0 13 5 9 5 10 20 19 10 10 21 21 13 10 3 3 19 17 4 12 6 19 16 9 10 6 14 9 21 5
split_gain=99.1509 29.4659 34.3073 44.9975 41.8422 33.816 23.2678 30.0289 24.2201 21.4786 20.8679 18.2706 18.1471 17.8521 20.2269 17.4355 16.4895 16.0797 15.1652 15.2426 17.3656 15.0834 28.0211 19.2851 17.6552 14.2442 13.8675 13.7858 16.2618 17.8734
threshold=-0.63597379360929895 -0.12511225460846856 0.4832094977684232 0.074308653159313107 0.66863379099056675 1.739092014438502 -0.45833333333333331 -0.23677177316215972 0.69159530245299361 0.19773992939319951 -1.0000000180025095e-35 0.37500000000000006 0.76368970303867034 -0.66913313721068868 1.3134575974333582 0.93211774947944115 0.77351359233301176 -0.38394327089567432 0.46889971903611166 -0.27655129523843658 0.6987635853713029 0.56970184146583513 0.22121387066587969 0.15866677870954357 0.0069573126697057459 2.1681676072119758 2.8640330618615075 0.62899793809509685 -1.0000000180025095e-35 0.86807858965845119
decision_type=2 2 2 2 2 2 2 2 2 2 2 2 2 2 2 2 2 2 2 2 2 2 2 2 2 2 2 2 2 2
left_child=9 5 3 6 11 13 7 -3 12 -1 -5 18 17 14 15 -2 -15 -8 -4 -20 -21 22 -12 -23 -25 -24 -13 28 -6 -30
right_child=1 2 4 10 27 -7 8 -9 -10 -11 21 26 -14 16 -16 -17 -18 -19 19 20 -22 23 25 24 -26 -27 -28 -29 29 -31
leaf_value=0.0050707617417578036 -0.011399288457875729 0.0072497155046740164 0.044345011274109378 0.018588007029783821 -0.032652008216052034 -0.014894538992459553 -0.0070639561606992869 -0.015630640887702173 0.011761928708523469 0.014801011308277752 0.029075501144282659 -0.027478358913804797 -0.03007510785051434 0.0049052547908103681 0.066332812819607817 -0.06495816341746273 -0.017385163297407916 0.0022511239498904795 -0.027093278067226986 -0.014222145099641726 0.01590189492461808 0.032570377066350041 0.00063519705377163005 0.014418388898926516 -0.024241829057769476 -0.052181003950755783 -0.076307956744753838 -0.00019086643990150795 0.011877257585236273 -0.020293316177304805
leaf_weight=1243.3026256561279 110.9391388297081 177.48394744098186 9.9595827460288984 329.5253974199295 77.354227438569069 278.18819466233253 1005.0547084212303 729.18762755393982 291.75044429302216 1047.8201471567154 107.7128914296627 215.36037866771221 62.002099215984344 2651.2164393663406 6.3599202930927268 16.836506769061089 84.595119133591652 856.91704171895981 171.28583042323589 245.93193958699703 58.314527109265327 23.387595742940903 134.06743712723255 37.809418886899948 123.42889019846916 13.087423846125601 15.200543954968451 748.94813045859337 80.946733027696609 90.144438996911049
leaf_count=5020 457 725 41 1335 318 1130 4107 3000 1182 4209 434 905 252 10758 26 69 344 3501 710 1011 237 95 546 153 501 53 62 3054 334 373
internal_value=0.000269516 -0.00215402 -0.00432819 -0.00172987 -0.0102219 0.00171535 -0.00439947 -0.0111432 -0.00163391 0.00952748 0.00909443 -0.0194364 -0.0036729 0.00333174 -0.0144037 -0.018945 0.00420808 -0.00277538 -0.0138655 -0.0151857 -0.00839875 0.00193891 0.00981593 -0.00890232 -0.0151124 -0.00434884 -0.0310349 -0.00358865 -0.0137695 -0.00506313
internal_weight=11044.1 8753 5604.86 3891.41 1713.45 3148.14 3122.4 906.672 2215.72 2291.12 769.019 716.053 1923.97 2869.95 134.136 127.776 2735.81 1861.97 485.492 475.532 304.246 439.494 254.868 184.626 161.238 147.155 230.561 997.394 248.445 171.091
internal_count=44942 35713 22929 15884 7045 12784 12767 3725 9042 9229 3117 2966 7860 11654 552 526 11102 7608 1999 1958 1248 1782 1033 749 654 599 967 4079 1025 707
is_linear=0
shrinkage=0.05


Tree=12
num_leaves=31
num_cat=0
split_feature=1 0 1 7 11 8 5 7 20 7 12 19 21 19 20 2 19 12 21 20 19 0 15 17 12 11 11 19 3 7
split_gain=97.575 47.2915 28.3255 16.7488 19.0618 19.9402 18.3963 16.6369 16.3426 16.0159 15.9073 15.8878 15.3014 14.6319 15.6247 16.607 14.493 14.0202 13.7717 13.4074 13.9613 13.6076 12.5292 12.2932 12.242 12.0827 11.9813 11.8927 12.6769 11.6929
threshold=-0.13802382491471657 -0.63597379360929895 -0.53940016954168157 -0.52637214396351106 0.0065132870914103259 0.16316321381810731 -0.42377216060304768 -0.77204715342892027 0.29166666666666669 -1.6597122957718708 0.079386966337091538 -1.278233217592021 -0.37499999999999994 -0.61830803781769128 -0.70833333333333315 0.58502928706915436 -0.12767519461373439 -0.17872635321147215 0.37500000000000006 0.62500000000000011 0.81813339830041298 -0.59404668375878855 -3.5260820616717399 -0.45634459052686077 1.7515628168391555 1.1053448416083567 -0.63385648283684504 0.05999759664920546 1.3616625853900148 -2.7430869134411897
decision_type=2 2 2 2 2 2 2 2 2 2 2 2 2 2 2 2 2 2 2 2 2 2 2 2 2 2 2 2 2 2
left_child=2 8 3 4 5 7 12 18 11 -4 19 24 -5 17 16 -16 -15 -11 -1 20 21 -3 -19 -14 -2 29 -22 -8 -29 -13
right_child=1 10 9 6 -6 -7 27 -9 -10 13 -12 25 23 14 15 -17 -18 22 -20 -21 26 -23 -24 -25 -26 -27 -28 28 -30 -31
leaf_value=-0.051933061580248588 0.01567615810016304 -0.025849757015258181 -0.030464547216175565 -0.026233406672369536 0.044505336741109347 -0.026637447926426729 -0.0098949800945784191 0.037367517366910456 0.016486450872127897 0.017294337496240583 -0.0014071176451201785 -0.032730515766590619 -0.020398897217927561 0.0010439764726500808 0.00013701452547325746 -0.011808808956060068 -0.018649014470395395 -0.03500443300189212 0.012521347025544988 -0.0028527791206777145 0.027051739196792157 0.0087738691352516555 0.0024352609799326384 0.030451323670757535 -0.016968167666394439 0.017756916129103656 -0.025494281637016267 -0.021165451898618324 0.018173443426287142 0.0069965700730262002
leaf_weight=11.918126493692396 37.990093871951103 27.965141370892525 49.693479672074318 22.72712966799736 24.380829185247421 51.018388658761978 698.37627117335796 36.00526662170887 717.1425965577364 171.97787766158581 2478.1152946799994 17.886287942528725 14.10283452272415 136.78846316039562 1750.6966987550259 347.7305494248867 289.90683294832706 23.298546448349953 22.132794767618179 452.13036923110485 12.56562380492687 1367.224826797843 276.49094192683697 56.535584822297096 107.84438420832157 299.08508816361427 53.870553642511368 543.88463960587978 20.411845952272415 920.92261399328709
leaf_count=49 153 113 204 94 100 212 2897 148 2882 695 10052 72 58 558 7150 1424 1205 95 91 1827 51 5528 1122 232 434 1201 219 2282 85 3709
internal_value=0.000254821 0.00418904 -0.00536018 -0.0109797 0.0050904 -0.0031052 -0.0127096 0.0140955 0.0103573 -0.0025863 0.00123561 0.00716751 0.00859964 -0.00211236 -0.00362388 -0.00184483 -0.0123365 0.00595799 -0.0107336 0.00465923 0.00698673 0.00805828 -0.000564494 0.0200863 -0.00838138 0.00900862 -0.0152279 -0.0142948 -0.019704 0.00620034
internal_weight=11040.8 6492.74 4548.08 1501.49 145.455 121.075 1356.04 70.0562 2100.87 3046.58 4391.87 1383.73 93.3655 2996.89 2525.12 2098.43 426.695 471.767 34.0509 1913.76 1461.63 1395.19 299.789 70.6384 145.834 1237.89 66.4362 1262.67 564.296 938.809
internal_count=44942 26241 18701 6248 600 500 5648 288 8451 12453 17790 5569 384 12249 10337 8574 1763 1912 140 7738 5911 5641 1217 290 587 4982 270 5264 2367 3781
is_linear=0
shrinkage=0.05


Tree=13
num_leaves=31
num_cat=0
split_feature=1 1 19 21 6 6 10 10 21 15 18 6 19 20 19 21 20 10 5 17 14 11 15 11 19 14 21 16 6 19
split_gain=88.1337 26.1068 24.4623 25.7132 24.5012 20.204 23.5572 22.9797 25.4344 28.2259 20.448 20.0261 18.8835 29.1879 16.7712 16.5401 16.452 15.0266 15.0091 16.7625 21.1613 14.955 14.3282 15.2272 14.7981 14.1321 28.1963 14.1131 14.0324 13.8541
threshold=-0.13802382491471657 -0.69164898141417563 0.5029490803875416 -1.0000000180025095e-35 -3.4999416349912909 0.8912689303144482 1.739092014438502 -0.3733358665026934 1.0000000180025095e-35 0.042091910322428115 -0.42946201152059643 -0.31661878678913435 -0.21199020242839767 -0.70833333333333315 -0.12767519461373439 1.0000000180025095e-35 -0.70833333333333315 2.4623665412855735 0.4832094977684232 0.45094691015901073 -0.49569194756826557 2.1085415140240125 -3.0649868168176 -0.43004895110902436 -0.80978410756060148 -0.49569194756826557 0.37500000000000006 0.48850951713828344 -1.1345705761748692 0.5473150762844422
decision_type=2 2 2 2 2 2 2 2 2 2 2 2 2 2 2 2 2 2 2 2 2 2 2 2 2 2 2 2 2 2
left_child=1 18 4 -4 -2 6 7 10 9 -9 -6 -8 15 -14 -10 22 -5 -7 -1 -20 -21 -12 -3 -24 -25 26 28 -22 -15 -28
right_child=2 12 3 16 5 17 11 8 14 -11 21 -13 13 25 -16 -17 -18 -19 19 20 27 -23 23 24 -26 -27 29 -29 -30 -31
leaf_value=-0.0051615950298056941 0.034233625349082669 -0.028221651892962885 0.0055454493480647541 -0.020992716669332438 0.045282448140848475 0.010402167437749073 -0.015788536560052375 -0.0014937569553538834 0.018353090929492902 0.012330985478485545 -0.0027201612635099123 0.014460471398976858 -0.01840913495907184 -0.016162367468160105 0.0049972944915165542 0.0066562661276583536 -0.0036334492265245851 0.038645908774021187 -0.06786885879254527 0.0062617395264785566 0.05542139551623157 -0.048433107350958696 -0.015349896391296056 0.017773300843188858 -0.0021528043705296655 -0.0054758120056274499 -0.0046700181359048071 -0.027671563360903428 0.025207952835011618 -0.051745480342938105
leaf_weight=217.49291343986988 73.781546950340271 55.534404963254929 783.22729559242725 165.3527794778347 20.801705881953239 890.72331143915653 250.92135825753212 1062.1223458200693 636.02751517295837 564.38374452292919 764.83307002484798 68.884512022137642 418.27620369195938 23.081817880272865 375.93028599023819 658.63219511508942 770.98422749340534 49.083604007959366 18.156721904873848 63.669322937726974 4.2839607745409003 17.345757991075516 170.49154251813889 112.85243728756905 511.09572738409042 1820.6853147000074 69.123313307762146 238.55476000905037 141.55499742925167 19.404252618551254
leaf_count=914 296 226 3173 678 84 3588 1014 4282 2561 2276 3100 278 1748 94 1518 2683 3126 197 78 265 18 70 697 458 2083 7477 283 1020 577 80
internal_value=0.000241224 -0.00509977 0.00397828 -0.00113234 0.00581966 0.00536547 0.00372313 0.00493087 0.0071847 0.00330487 -0.00246834 -0.00923271 -0.0037006 -0.00637261 0.0134063 0.000711382 -0.00672348 0.0119221 -0.0153896 -0.0221891 -0.019255 -0.00380083 -0.00389175 -0.00215137 0.00146587 -0.00393484 0.00710562 -0.0259639 0.0193152 -0.015507
internal_weight=11037.3 4542.89 6494.4 1719.56 4774.84 4701.06 3761.25 3441.44 2638.46 1626.51 802.981 319.806 4000.73 2492.13 1011.96 1508.61 936.337 939.807 542.158 324.665 306.508 782.179 849.974 794.44 623.948 2073.85 253.164 242.839 164.637 88.5276
internal_count=44942 18701 26241 6977 19264 18968 15183 13891 10637 6558 3254 1292 16406 10259 4079 6147 3804 3785 2295 1381 1303 3170 3464 3238 2541 8511 1034 1038 671 363
is_linear=0
shrinkage=0.05


Tree=14
num_leaves=31
num_cat=0
split_feature=1 0 1 7 10 0 20 12 6 14 20 19 10 7 7 12 2 19 7 18 21 20 19 6 14 7 12 1 12 2
split_gain=80.144 38.8991 26.6058 20.5829 18.3333 15.8405 15.767 16.1959 15.6302 20.3943 18.3152 16.5584 16.2375 15.1604 17.7324 14.3339 14.3315 13.9859 13.7245 12.7716 19.3996 12.1446 14.0382 12.1393 12.3955 11.957 11.8373 11.8059 10.9696 14.114
threshold=-0.0800639649597399 -0.17474600074081079 -0.53940016954168157 -1.6597122957718708 -0.0062984262947536349 0.40485878254366842 0.70833333333333337 0.079386966337091538 -1.1345705761748692 -1.2405492848761759 0.20833333333333334 -0.51154946613227859 1.0504906461218744 -0.52637214396351106 -0.96053303628977005 3.9572995209188373 -0.19981466095554465 -0.26197798558261759 1.3677101319263312 -0.41248163330627813 -0.37499999999999994 -0.87499999999999989 -0.24500389738465059 0.48751541404645421 0.84320542166128087 -0.037538311123915959 1.0129946285778459 -0.65321759749370212 1.039755607221805 0.22324219262895831
decision_type=2 2 2 2 2 2 2 2 2 2 2 2 2 2 2 2 2 2 2 2 2 2 2 2 2 2 2 2 2 2
left_child=2 4 13 -4 28 8 7 -3 -5 12 18 -12 -10 14 -1 16 26 -14 -11 20 -15 22 -18 -21 -25 -17 -9 -22 29 -2
right_child=1 6 3 5 -6 -7 -8 15 9 10 11 -13 17 19 -16 25 21 -19 -20 23 27 -23 -24 24 -26 -27 -28 -29 -30 -31
leaf_value=-0.021301959610270191 0.0008257103954243724 0.00642838895524414 -0.030642930370472957 -0.017843796700129835 0.011883999829867018 -0.008392847599504363 -0.0085144414111827989 0.010996721960716722 0.023567694909351566 -0.0048841439803626822 0.017011977185614324 0.0013045228554833426 -0.018985350497254819 -0.034535394469165308 0.016562212069890263 -0.0030454743261666244 0.010004569408925745 0.051164263664687251 0.016679346053244837 -0.014744622964081034 0.044862322050068966 -0.0032497433919551275 -0.027850090177012451 0.017659708859979539 -0.012467939835410438 0.034631851421160056 -0.0071181443763913936 0.0026621735406014025 -0.0038799644029969306 0.013843310915226465
leaf_weight=43.127741724252701 460.13530603051186 1120.4080977737904 60.98184871673584 114.4167607575655 1607.5271458625793 676.73173639178276 430.79899123311043 301.41398766636848 161.0597602725029 1410.860037073493 224.91387838125229 656.07551850378513 45.099146008491516 21.144468456506729 102.12068754434586 35.938935071229935 31.14100556075573 7.3957721740007392 76.803137794137001 1123.099980905652 26.289364546537399 1115.0422681868076 104.05619587004185 60.949638113379478 75.004337340593338 48.593445435166359 127.35106945037842 43.258034840226173 340.80679699778557 380.8666707277298
leaf_count=179 1856 4525 251 466 6461 2770 1743 1220 653 5784 911 2682 184 88 421 146 126 30 312 4710 108 4521 427 252 313 197 516 177 1376 1537
internal_value=0.000228484 0.00405806 -0.00451259 -0.0020859 0.00840816 -0.00155925 0.00039453 0.00172956 0.000156303 0.000962416 -0.000372464 0.005335 0.0157243 -0.0100788 0.00521646 -0.00125481 -0.00227331 -0.00823714 -0.00375708 -0.0117311 0.00629629 -0.00497996 -0.0190846 -0.0130376 0.00103243 0.0187066 0.0056006 0.0190948 0.00366996 0.0067364
internal_weight=11033.4 6104.08 4929.33 3434.34 2789.34 3373.36 3314.74 2883.95 2696.62 2582.21 2368.65 880.989 213.555 1494.99 145.248 1763.54 1679 52.4949 1487.66 1349.75 90.6919 1250.24 135.197 1259.05 135.954 84.5324 428.765 69.5474 1181.81 841.002
internal_count=44942 24651 20291 14043 11230 13792 13421 11678 11022 10556 9689 3593 867 6248 600 7153 6810 214 6096 5648 373 5074 553 5275 565 343 1736 285 4769 3393
is_linear=0
shrinkage=0.05


Tree=15
num_leaves=31
num_cat=0
split_feature=0 11 10 18 15 7 7 6 10 9 10 13 21 16 16 7 13 16 11 16 19 8 19 7 19 10 6 19 13 13
split_gain=49.3988 35.4751 31.1198 24.9349 25.4002 22.8012 20.5393 22.5751 38.6777 19.8519 19.109 19.1005 31.2115 18.3411 22.1347 18.2217 18.2189 17.871 21.5885 21.5535 21.8503 19.4747 18.7611 17.0222 16.8569 15.8983 15.2532 25.5325 16.7927 14.7479
threshold=-0.99808096993880924 0.73210575379799236 -0.51395472453789071 -0.3723424527991398 -0.12465015255805277 -0.50209420282155093 1.3677101319263312 -0.42511234497227923 1.2346867876803063 -0.30381503538017884 -0.76355123421851545 -0.21592913356601992 0.37500000000000006 -0.2277466993058743 0.30704387151882612 0.86549100521160505 4.5083507857999647 0.22121387066587969 -0.44276570449561098 -0.10664867818766322 0.48114363596089177 0.53346848314412554 1.4699475792561068 0.45866328552722196 -0.45694281394929148 -0.61750503489265329 -1.0697939662184774 0.42263032152070074 -0.87567631633945087 2.1918420667677325
decision_type=2 2 2 2 2 2 2 2 2 2 2 2 2 2 2 2 2 2 2 2 2 2 2 2 2 2 2 2 2 2
left_child=-1 2 3 15 5 10 7 8 26 -3 -5 12 -6 -7 -15 -2 29 19 21 24 -21 -19 -20 -14 -9 -12 27 -4 -28 -8
right_child=1 9 6 4 11 13 16 17 -10 -11 25 -13 23 14 -16 -17 -18 18 22 20 -22 -23 -24 -25 -26 -27 28 -29 -30 -31
leaf_value=0.0084539061991571237 -0.00036758606832297194 -0.022961921843039485 0.0060572692520831795 -0.032039730345779109 0.024328313762304744 0.015834440482291368 0.0090179363294472254 0.0059538364672781993 -0.015672352114591528 0.0055969100374614125 0.059298292427591798 -0.023177769563368499 -0.030286297462320734 -0.040415870989845143 -0.0069118840544522761 0.051743070947746841 -0.038379894410386937 -0.014469404736927306 -0.005968078294665116 0.027008513978048078 -0.0074926309122525627 -0.052385877246600293 0.037508766650457021 0.055889729177949279 -0.0047732266150546212 0.0096195952970911155 0.022003013173642321 -0.022681743311777389 0.0061601118689019289 0.039654769429288181
leaf_weight=1448.1930532753468 321.43963754177094 61.894782856106758 314.52471101284027 13.405055567622183 60.381158128380775 60.13147184252739 253.71762016415596 477.62447926402092 225.54274030029774 1842.1888051182032 28.251450330018997 554.60933622717857 70.186166763305664 62.489107817411423 225.84797269105911 16.688844949007034 16.684450745582581 172.43787884712219 1969.9319167882204 129.71285571157932 69.866194203495979 41.843679204583168 24.116040036082268 5.2821151614189139 1555.8360196352005 37.536898419260979 236.06991490721703 101.33603037893772 577.42265169322491 45.933997988700867
leaf_count=5813 1322 252 1273 55 247 245 1024 1936 919 7438 115 2313 290 257 936 68 68 728 8082 524 283 178 98 22 6366 153 955 413 2352 185
internal_value=-0.00014876 -0.00145144 -0.0029685 -0.00954524 -0.0131412 -0.00353938 -0.00142481 -0.0020921 0.00330999 0.00465438 0.0204972 -0.0190674 -0.00220359 -0.00905928 -0.0143048 0.00233466 0.0109646 -0.00386317 -0.00705171 -0.000705938 0.0149287 -0.0221057 -0.00542123 -0.0235373 -0.00224948 0.0315964 0.00680655 -0.000971407 0.0107851 0.0138472
internal_weight=11021.1 9572.93 7668.85 1456.25 1118.12 427.662 6212.6 5896.27 1454.9 1904.08 79.1934 690.459 135.849 348.469 288.337 338.128 316.336 4441.37 2208.33 2233.04 199.579 214.282 1994.05 75.4683 2033.46 65.7883 1229.35 415.861 813.493 299.652
internal_count=44910 39097 31407 6023 4633 1761 25384 24107 5912 7690 323 2872 559 1438 1193 1390 1277 18195 9086 9109 807 906 8180 312 8302 268 4993 1686 3307 1209
is_linear=0
shrinkage=0.05


Tree=16
num_leaves=31
num_cat=0
split_feature=1 19 0 20 1 9 11 8 20 9 4 11 15 8 5 11 18 15 11 20 15 4 14 2 11 15 9 17 6 14
split_gain=81.3222 26.5509 25.8327 23.4271 18.6 17.5378 19.8943 18.3719 14.8871 22.0161 17.5256 16.5181 16.4081 21.6988 14.8263 17.566 14.6635 13.232 13.0046 12.9953 12.8635 12.721 12.5437 11.7099 11.5806 11.5593 11.4074 11.3382 11.2567 15.9118
threshold=-0.30795846442125946 0.034211488310841594 -0.0065765431730432219 -0.54166666666666663 -0.67519507307271542 0.08886024326324822 -0.1396090026724173 0.73296042930769034 -0.29166666666666657 -0.08101116410013405 0.1920948584443426 1.0619141466165514 -0.13631830495155359 -1.2432448284984432 0.46259831217721137 -0.53259205937434329 1.9563094932656144 9.4622372017762135 -0.31409696176240404 0.62500000000000011 1.4068881122771064 -0.28282758905664601 -1.1949644901275966 0.47954258724943372 -0.22697262977792823 -0.0043346540695542186 1.3965946124250161 0.20957411794515751 0.14895714955326969 -0.080396912960410696
decision_type=2 2 2 2 2 2 2 2 2 2 2 2 2 2 2 2 2 2 2 2 2 2 2 2 2 2 2 2 2 2
left_child=1 4 8 5 -1 27 7 18 9 12 11 28 13 -2 -5 25 17 -11 -7 -13 -6 -15 -18 -4 -12 -16 -8 -3 -10 -30
right_child=2 3 23 14 20 6 26 -9 10 16 24 19 -14 21 15 -17 22 -19 -20 -21 -22 -23 -24 -25 -26 -27 -28 -29 29 -31
leaf_value=-0.012748698025841524 -0.039913749769234744 -0.021547177454501673 0.0016663376947152605 -0.0023654556626898152 0.0008631393860195481 -0.04892594425547156 -0.010634279883412463 0.049931796920770773 0.0049169934678062778 0.0072677650533514385 -0.01174779773910921 0.031124734370281217 -0.012340126412038308 0.021253797658575803 0.020229480066040601 -0.010628775585374889 0.020239145137945246 0.066968169825901119 0.016060400676100307 0.00422222912443573 -0.034874575703288543 -0.011028925545954468 -0.042834286735151945 -0.0041957628501474711 0.0048467367098660877 -0.048698910054927359 -0.04965693174562185 -0.043251420830701034 0.049858655797729842 0.012490827897411728
leaf_weight=348.055201202631 21.368747875094414 196.02001485228539 2626.4105124026537 611.75401195883751 1335.4041374027729 11.253302976489069 75.56685845553875 22.741431072354317 683.86776262521744 767.53275905549526 116.687011256814 165.52894103527069 372.67850750684738 114.14692154526711 6.2686048597097388 448.61852350831032 10.416919231414793 8.4361852556467039 19.683093369007111 62.550222426652908 24.661360219120979 40.579687908291817 25.369941055774689 1259.4859448373318 977.88105989992619 48.484261468052864 24.517801344394684 90.538706347346306 29.617398783564568 470.54784886538982
leaf_count=1472 86 824 10643 2525 5471 48 318 96 2758 3096 473 664 1514 460 27 1868 42 34 83 251 101 164 103 5122 3942 215 103 391 119 1897
internal_value=-0.000141567 -0.00676206 0.00264511 -0.0114869 -0.00245239 -0.021249 -0.00751631 0.0167916 0.0055377 0.00132104 0.00782291 0.0115034 -0.00640323 0.00613178 -0.00761216 -0.0139613 0.00655052 0.00800861 -0.008214 0.0238192 0.000186306 0.0127385 -0.0242877 -0.000232974 0.003064 -0.0404964 -0.0206398 -0.0285486 0.00910865 0.0148086
internal_weight=11016.7 3263.57 7753.11 1555.45 1708.12 440.321 153.762 53.6778 3867.21 1360.53 2506.68 1412.11 548.774 176.095 1115.13 503.371 811.756 775.969 30.9364 228.079 1360.07 154.727 35.7869 3885.9 1094.57 54.7529 100.085 286.559 1184.03 500.165
internal_count=44910 13542 31368 6498 7044 1863 648 227 15603 5499 10104 5689 2224 710 4635 2110 3275 3130 131 915 5572 624 145 15765 4415 242 421 1215 4774 2016
is_linear=0
shrinkage=0.05


Tree=17
num_leaves=31
num_cat=0
split_feature=1 13 0 1 1 19 13 12 17 16 20 9 4 11 15 8 18 15 19 15 15 21 9 17 9 20 20 4 13 0
split_gain=73.5637 24.8082 23.3175 16.8114 16.096 16.7266 15.0103 16.8028 15.0406 14.0553 13.4312 19.898 15.8146 14.9031 14.8143 19.6901 13.2833 13.1586 13.5678 12.2962 12.0668 12.0192 11.8191 13.871 13.653 11.8062 11.7077 11.4804 11.4682 16.1283
threshold=-0.30795846442125946 -0.010803593930961366 -0.0065765431730432219 -0.8645607470225305 -0.68349725061574185 -0.32563767375643698 -0.17124378713381933 3.9572995209188373 -0.32522298247121789 -0.45169539666555036 -0.29166666666666657 -0.08101116410013405 0.1920948584443426 1.0619141466165514 -0.13631830495155359 -1.2432448284984432 1.9563094932656144 -0.46927329946468171 -0.19554716886266862 1.640138513309914 9.4622372017762135 1.0000000180025095e-35 -0.31928617248383978 0.20957411794515751 0.074308653159313107 0.87500000000000011 0.62500000000000011 -0.28282758905664601 0.048508231462013066 -0.68121948471285043
decision_type=2 2 2 2 2 2 2 2 2 2 2 2 2 2 2 2 2 2 2 2 2 2 2 2 2 2 2 2 2 2
left_child=1 3 10 -1 -3 -6 17 8 25 -5 11 14 13 -12 15 -2 20 21 -19 -11 -13 -4 -10 24 -24 -8 -15 -17 29 -16
right_child=2 4 6 9 5 -7 7 -9 22 19 12 16 -14 26 28 27 -18 18 -20 -21 -22 -23 23 -25 -26 -27 -28 -29 -30 -31
leaf_value=-0.04437361779213983 -0.038127028527648599 -0.021746569680308987 -0.0075680996226809502 0.062392608084970692 0.0069489707187090095 -0.010514651721067029 -0.0071080689355081999 0.019694616679867674 -0.058065520561414341 -0.00085542763880420796 0.0086509582760863988 0.0069010826824339941 0.0029096515895544123 0.029549065284394785 -0.019018797667281196 0.020168451593477424 -0.023174888799063448 0.016105073408225649 0.0028981214552693171 -0.022415536070799432 0.06386986307557653 0.0074855285746835603 -0.00038198237411686038 -0.003724600961811301 0.015093505549039241 -0.035514733330833652 0.0040137816749268541 -0.010501950690200891 -0.021753709053781864 0.0085918541332944357
leaf_weight=22.151703953742981 21.300213947892189 278.1410970389843 353.44652272760868 7.5719947367906562 153.72785353660583 1200.1961153000593 888.96919369697571 81.130529820919037 7.7670926600694647 1528.4662033766508 1184.7614706009626 767.9414040595293 1094.7652849555016 165.68662002682686 96.268379896879196 114.32418198883533 35.66995806992054 315.19359056651592 509.69984805583954 68.170037910342216 8.4511860311031324 210.67369604110718 335.17277197539806 900.19176940619946 246.1150253713131 37.349381938576698 62.560364186763763 40.536433503031731 161.09853947162628 114.77390901744366
leaf_count=99 86 1200 1429 31 631 4995 3621 329 32 6303 4774 3096 4415 664 389 460 145 1272 2063 283 34 850 1361 3664 992 152 251 164 657 468
internal_value=-0.000135447 -0.00643876 0.00251326 -0.00206244 -0.0107928 -0.00852443 -0.000221327 -0.00254019 -0.00329689 -0.00144779 0.00526091 0.00125488 0.00743065 0.0109253 -0.0060932 0.00581085 0.00622382 0.00394197 0.00796397 -0.00179254 0.00760899 -0.0019341 -0.000180658 0.00015841 0.00617636 -0.00829589 0.0226199 0.0120922 -0.0117421 -0.00400965
internal_weight=11012.3 3258.43 7753.85 1626.36 1632.07 1353.92 3885.71 2496.7 2415.57 1604.21 3868.14 1360.36 2507.77 1413.01 548.302 176.161 812.063 1389.01 824.893 1596.64 776.393 564.12 1489.25 1481.48 581.288 926.319 228.247 154.861 372.141 211.042
internal_count=44910 13542 31368 6716 6826 5626 15765 10151 9822 6617 15603 5499 10104 5689 2224 710 3275 5614 3335 6586 3130 2279 6049 6017 2353 3773 915 624 1514 857
is_linear=0
shrinkage=0.05


Tree=18
num_leaves=31
num_cat=0
split_feature=0 11 7 6 16 11 4 14 14 9 8 6 19 11 7 14 9 11 5 21 7 7 8 14 9 7 7 6 6 19
split_gain=38.2062 28.4924 22.6557 23.9851 22.3857 29.3973 21.6498 21.6478 19.0445 17.6037 17.2756 17.2704 18.8259 17.4048 20.4879 18.3309 27.9071 17.2783 20.2407 14.5663 13.8898 13.817 13.2987 13.2356 13.1913 19.6103 14.7289 13.1279 19.852 18.1431
threshold=-0.99808096993880924 0.73210575379799236 1.3677101319263312 -0.43646633343263275 0.22121387066587969 -0.62610380819155831 0.26052043084697885 0.022471764781304377 1.3057874233230835 -0.30381503538017884 0.40763171423418304 -1.0697939662184774 0.39530958533556737 -0.3611253447751161 -1.6597122957718708 -1.0178694877057179 -0.23771148160961922 -0.37891730356600312 -0.32628623701807274 1.0000000180025095e-35 -0.66246494277315338 -0.63403706993542996 0.64198658755932259 -1.2850144177652509 0.067762267685910482 -0.61804836802836816 -1.1536138727359202 2.0860506067730973 -0.44810466969461654 0.33831729876337019
decision_type=2 2 2 2 2 2 2 2 2 2 2 2 2 2 2 2 2 2 2 2 2 2 2 2 2 2 2 2 2 2
left_child=-1 2 3 11 8 -6 7 -7 -5 21 -10 12 24 15 22 -13 -17 18 -14 -19 -12 -3 -15 -8 26 -26 -2 28 -11 -29
right_child=1 9 -4 4 5 6 23 -9 10 27 20 13 17 14 -16 16 -18 19 -20 -21 -22 -23 -24 -25 25 -27 -28 29 -30 -31
leaf_value=0.0074330290299787147 -0.010350019971589594 0.032221250499394512 0.0095241669174273187 -0.0024282779840338175 -0.038860629115666713 0.003603334703462694 0.0047879034769855271 -0.039786570158015601 0.053823678556359583 -0.00086145130405240733 -0.02391892198490142 -0.036599459693348289 0.070933662189506905 -0.038241730230295527 0.011380548234321023 -0.02111639497933197 0.014000385954432818 -0.016847719226353395 -0.012582440597234484 -0.060275344224646282 0.025269229801415563 -0.031749633923988746 0.043696409309354999 -0.0072979849749203506 0.0066402228685821622 -0.022105161008912213 0.017859878425079061 0.0081463612615902611 0.010422816415200681 -0.025866095691389635
leaf_weight=1449.0183040648699 66.548033908009529 9.1077024042606336 363.47024063766003 2806.7149829119444 74.279140785336494 40.780941188335419 250.10549287497997 93.585405394434929 26.916792005300522 607.9375477284193 22.829882994294167 38.338443353772163 7.7775080502033225 31.932003110647202 755.65322682261467 91.892362892627716 143.69399927556515 46.751132011413574 40.746479153633118 33.897199347615242 35.021173655986786 52.566244661808014 4.9147053062915793 2296.8116348534822 114.3008334338665 121.15089149773121 145.77912306785583 77.768797188997269 1080.4570007175207 77.030277565121651
leaf_count=5813 270 37 1468 11489 331 170 1016 395 108 2451 92 156 32 130 3077 377 584 191 166 140 141 215 20 9508 462 493 591 313 4362 312
internal_value=-0.00012931 -0.00127687 -0.00263912 -0.00324744 -0.00479463 -0.00801912 -0.00714869 -0.0266512 -0.00171828 0.00419262 0.0214862 0.00206574 -0.0048928 0.00583616 0.00959068 -0.00500335 0.00025031 -0.0216297 0.00186472 -0.0356766 0.00569645 -0.0218596 -0.0263147 -0.00610778 -1.60616e-05 -0.00816041 0.00898776 0.00507842 0.00635864 -0.00880403
internal_weight=11007.8 9558.76 7653.89 7290.42 5647.05 2755.56 2681.28 134.366 2891.48 1904.87 84.7678 1643.38 576.951 1066.42 792.5 273.925 235.586 129.172 48.524 80.6483 57.8511 61.6739 36.8467 2546.92 447.779 235.452 212.327 1843.19 1688.39 154.799
internal_count=44910 39097 31407 29939 23250 11420 11089 565 11830 7690 341 6689 2345 4344 3227 1117 961 529 198 331 233 252 150 10524 1816 955 861 7438 6813 625
is_linear=0
shrinkage=0.05


Tree=19
num_leaves=31
num_cat=0
split_feature=10 0 18 7 11 19 5 13 7 17 5 13 10 21 17 3 5 21 6 19 11 7 7 10 9 13 3 18 18 11
split_gain=37.7449 29.5104 22.6358 23.5804 24.0717 26.9374 17.3191 22.4368 21.766 20.4546 17.7793 15.7104 37.2181 24.6949 20.0858 26.3162 21.4383 19.1981 30.8568 22.5581 23.2546 21.7815 42.3433 18.8245 18.8881 24.365 21.9061 17.8373 19.8554 17.2749
threshold=-0.40464531059674208 -0.84394187356556027 -0.42946201152059643 -2.9547845069781933 -0.025386108328087683 0.4376173894273796 0.83063075926720753 -0.17124378713381933 -0.50209420282155093 1.1127007820545647 -0.33395462117167318 -0.014603105152335667 1.739092014438502 0.37500000000000006 0.46481991533177452 0.37815146569966923 0.66863379099056675 1.0000000180025095e-35 -0.24466645295264541 -0.11932632459130958 -0.53259205937434329 -0.044160499758692504 0.55914691731668353 0.21568926276945757 -0.08101116410013405 0.093997735640000787 0.49562681803589276 0.25702934802979943 0.16629305565401051 -0.25639347643847193
decision_type=2 2 2 2 2 2 2 2 2 2 2 2 2 2 2 2 2 2 2 2 2 2 2 2 2 2 2 2 2 2
left_child=2 -2 -1 -4 5 6 7 10 9 -8 -5 12 17 23 15 -15 -16 18 27 -19 -21 -20 -23 24 25 -13 -26 28 -3 -29
right_child=1 11 3 4 -6 -7 8 -9 -10 -11 -12 13 -14 14 16 -17 -18 19 21 20 -22 22 -24 -25 26 -27 -28 29 -30 -31
leaf_value=0.029798001882128968 0.0078857780318704156 0.003751006653656937 -0.046435394045320544 0.058770439977427404 0.0014811260060734 -0.021159429695950221 -0.046054096783813489 -0.0068653600926552125 -0.026411071117791202 0.057629649511285089 0.00663191333048164 0.0009219956577554083 -0.014349119934188262 -0.0062163683785381304 -0.034829373299895106 0.041916079825766311 -0.0079022457297076576 0.014364431509776815 0.0042286230362111373 0.027137399817729203 -0.0052492756383675995 -0.026303824766910552 0.0031371785336498253 0.0040736922407464344 0.012904968825148348 -0.020129030438528598 -0.00556916535150607 -0.013526579686569565 -0.032212848316571174 0.018280929579834893
leaf_weight=43.674024477601051 1481.7866338938475 529.18428316712379 34.770719334483147 16.841789096593857 819.31728763878345 356.17938856780529 5.891777545213702 882.04679581522942 157.37883375585079 14.791317418217657 207.14551958441734 241.00382758677006 291.78310792148113 643.77322961390018 130.53040002286434 28.694895312190056 171.97610929608345 765.27226294577122 303.16077017784119 64.851824566721916 349.04987655580044 264.95657631754875 224.97436021268368 1510.5041321963072 255.30954496562481 317.31101942062378 427.86454598605633 47.223533555865288 40.364046409726143 376.03903733193874
leaf_count=178 5943 2141 141 68 3343 1491 24 3664 652 60 854 992 1189 2633 549 118 707 3099 1237 267 1424 1084 910 6167 1036 1306 1756 193 163 1521
internal_value=-0.000123668 0.00147939 -0.00547109 -0.00610232 -0.00551147 -0.00900609 -0.00561729 -0.00327313 -0.0200506 0.0271019 0.0108183 0.000118465 0.00265556 -0.00209739 -0.00893105 -0.00409589 -0.0196141 0.00433489 0.00106107 0.00928389 -0.000109571 -0.00628463 -0.0127956 0.000324188 -0.00423337 -0.0110477 0.00133628 0.00693451 0.00114148 0.0146969
internal_weight=11003.7 8465.61 2538.04 2494.36 2459.59 1640.28 1284.1 1106.03 178.062 20.6831 223.987 6983.83 3256.86 3726.97 974.975 672.468 302.507 2965.08 1785.9 1179.17 413.902 793.092 489.931 2751.99 1241.49 558.315 683.174 992.811 569.548 423.263
internal_count=44910 34435 10475 10297 10156 6813 5322 4586 736 84 922 28492 13228 15264 4007 2751 1256 12039 7249 4790 1691 3231 1994 11257 5090 2298 2792 4018 2304 1714
is_linear=0
shrinkage=0.05


Tree=20
num_leaves=31
num_cat=0
split_feature=0 13 3 11 9 15 6 13 10 13 4 10 20 9 7 15 4 21 3 16 0 6 6 11 7 6 14 10 6 20
split_gain=32.0805 24.2397 26.1364 28.1561 27.5863 27.0067 22.5784 21.292 22.7606 26.1907 20.1921 19.4399 17.7819 22.1839 17.0626 21.5592 16.1826 14.5461 14.1058 17.4907 16.0811 14.7269 13.802 12.1864 12.0757 15.4954 13.4257 16.0874 15.3496 11.9991
threshold=-0.63597379360929895 -0.17124378713381933 0.45092469382714079 -0.54466277111501327 0.012185717102680111 -0.5836960552986018 -1.3907680858429308 0.81924259713175662 0.88050667746087075 0.067731430458365924 0.46224911988698936 2.2656584177883676 -0.12499999999999999 0.10640536819722955 -0.66246494277315338 -0.19056476943383613 -0.43396346634460264 1.0000000180025095e-35 0.27072589834138333 0.40482067381527231 -1.2539149602288144 -0.068848786284603933 -3.4999416349912909 0.20586691818255795 -0.52637214396351106 0.92851060614685321 0.21181169665161925 0.40890256235000089 0.14895714955326969 0.62500000000000011
decision_type=2 2 2 2 2 2 2 2 2 2 2 2 2 2 2 2 2 2 2 2 2 2 2 2 2 2 2 2 2 2
left_child=12 11 4 5 6 -4 -3 8 9 -8 -7 16 13 -1 15 17 -2 -6 21 20 -20 -15 -18 -13 25 -16 27 -26 -28 -24
right_child=1 2 3 -5 14 10 7 -9 -10 -11 -12 23 -14 18 24 -17 22 -19 19 -21 -22 -23 29 -25 26 -27 28 -29 -30 -31
leaf_value=-0.0075406762023197283 0.028409540064357704 -0.039658860606557461 0.059574050728754969 -0.0066183520189094895 0.048217800130626265 0.057992029385703484 0.00061623653988407585 -0.030486941009853771 0.011329549893338927 -0.0093183413827716659 -0.042956589233475326 -0.030093428300757105 0.0090313347901335942 0.0058477531450262426 0.091674631494486569 -0.014180950764990059 0.030885111110796695 -0.0063524248621434874 -0.064527526236143135 0.004990841002720312 0.0082865988706764364 0.035444746844631857 0.0037732831769648374 -0.0031085405211038843 0.0010647368557019736 0.00029132341018297495 0.033247023995842007 -0.064670716000889569 0.0093621346675920262 -0.0053057972887549029
leaf_weight=483.64676451683044 61.776412963867188 40.599497243762016 6.6131962686777106 1781.6289861351252 26.368363440036774 4.3177266865968695 1658.0744876116514 65.841475695371628 290.67811328172684 1103.840703561902 103.12074169516563 68.701105460524559 1289.9718253314495 95.697620660066605 9.6169498413801211 150.43825006484985 41.790275231003761 21.414278820157051 17.217574045062069 318.43696582317352 12.449584245681761 75.32935506105423 2155.2179850935936 106.5234676450491 46.822727516293526 8.4458445608615857 81.191072672605515 10.564036980271338 387.0332503169775 436.50773912668228
leaf_count=1951 249 167 28 7365 106 19 6816 269 1183 4545 469 283 5180 384 39 610 168 86 69 1281 50 302 8759 433 190 34 331 43 1565 1772
internal_value=-0.000106447 -0.0014983 -0.00335922 -0.00817418 -0.00101658 -0.0321659 -0.00305563 -0.00256492 -0.00195125 -0.00335439 -0.0383562 0.00225767 0.00515128 0.000150979 0.00765151 -0.00487038 0.00331 0.0240302 0.00732722 0.00151867 -0.0345348 0.0190432 0.00270876 -0.0138277 0.0122267 0.0514645 0.0107736 -0.0118509 0.0135765 0.00224077
internal_weight=10959.9 8667.13 5796.61 1895.68 3900.93 114.052 3159.03 3118.43 3052.59 2761.92 107.438 2870.52 2292.75 1002.78 741.895 198.221 2695.29 47.7826 519.131 348.104 29.6672 171.027 2633.52 175.225 543.674 18.0628 525.611 57.3868 468.224 2591.73
internal_count=44746 35529 23865 7881 15984 516 12980 12813 12544 11361 488 11664 9217 4037 3004 802 10948 192 2086 1400 119 686 10699 716 2202 73 2129 233 1896 10531
is_linear=0
shrinkage=0.05


Tree=21
num_leaves=31
num_cat=0
split_feature=1 0 1 19 20 9 5 10 18 5 7 14 7 12 20 20 19 5 0 5 9 5 21 8 14 5 19 10 9 10
split_gain=41.4854 17.5682 14.5807 14.7647 13.5948 13.239 12.7726 11.3884 15.7314 14.9628 12.4381 12.1374 11.8676 14.3479 11.1012 14.9089 28.6711 13.4953 12.9527 13.1179 10.4273 11.0659 9.87903 9.6618 12.5132 11.6826 10.3857 10.1155 12.4403 11.7114
threshold=-0.53940016954168157 -0.84394187356556027 -0.77927613840793575 0.043221909116369181 -0.79166666666666663 0.11582602404104482 -0.44594957046985484 -0.46417969308474644 -0.42946201152059643 -0.43715796464320494 1.6368924646786984 -0.38141593376302979 -2.9547845069781933 -0.58937971068989525 0.70833333333333337 -0.70833333333333315 -0.24500389738465059 0.45803978746922752 -0.63597379360929895 -0.36207578944256497 -0.35768892610842867 -0.45353833728413812 0.62500000000000011 0.64198658755932259 -1.8420118014590521 1.5937949269960687 0.48872454099299251 -0.26565746933079709 2.1465047172883001 1.0504906461218744
decision_type=2 2 2 2 2 2 2 2 2 2 2 2 2 2 2 2 2 2 2 2 2 2 2 2 2 2 2 2 2 2
left_child=2 23 -1 22 5 -5 20 8 -8 11 12 -9 -10 -14 15 16 -11 -17 -16 -20 -3 -22 -4 24 27 -26 -25 28 -2 -29
right_child=1 6 3 4 -6 -7 7 9 10 14 -12 -13 13 -15 18 17 -18 -19 19 -21 21 -23 -24 26 25 -27 -28 29 -30 -31
leaf_value=-0.020385726211526012 0.0031231790435299147 0.056061596024397045 -0.0036305530951323004 -0.045758494045806779 -0.0089453008439407868 0.0034840352759765453 0.050686057472403123 0.044414965359043698 -0.047083437811707173 0.0084606711521570278 0.024107123127096286 -0.023154326239833854 0.012976236907768704 -0.0066593144738553382 0.018746797166263658 0.0052658514081277826 -0.0094435905148678705 -0.00045079574829658847 -0.018257761804846943 -0.0024937076067184289 -0.014296293782073467 0.03136389131106114 0.012401017835878565 0.03104531693758842 0.0032888111979058922 -0.019961525267102334 0.0063810661082596785 0.025569117829854122 -0.077754198269619004 0.0039315687853581993
leaf_weight=201.12296119332314 19.419016987085346 15.734128028154371 581.96934700012207 49.897387519478798 511.93807385861874 18.217213615775108 11.867830410599707 6.1947500556707373 16.107078850269318 331.44287109375 35.041983932256699 92.345467060804367 100.01389364898205 1166.3818332701921 54.870019197463989 2780.8073270469904 681.27998778223991 1638.9447235316038 172.08376169204712 561.79322621226311 23.899798318743702 27.410897389054302 114.01229034364223 72.859350129961967 1245.0137029737234 55.441575273871422 104.28638756275177 153.43869058787823 5.2226516455411902 106.81263057887554
leaf_count=897 78 64 2418 218 2166 79 48 25 66 1341 142 376 411 4797 221 11264 2813 6665 700 2281 97 111 474 292 4997 223 418 615 21 428
internal_value=-0.000100923 0.00111346 -0.00789231 -0.00590482 -0.0117897 -0.0326564 8.3778e-05 -0.000107411 -0.00431261 0.000776939 -0.00484987 -0.0184528 -0.00566313 -0.00509563 0.00108525 0.00189084 -0.0035764 0.00314523 -0.00445229 -0.00621677 0.0216511 0.0101337 -0.000983142 0.00561598 0.00436784 0.00227917 0.0166708 0.0138432 -0.0161871 0.0167568
internal_weight=10955.9 9478.71 1477.16 1276.03 580.053 68.1146 7716.22 7649.17 1329.41 6319.76 1317.54 98.5402 1282.5 1266.4 6221.22 5432.47 1012.72 4419.75 788.747 733.877 67.0448 51.3107 695.982 1762.49 1585.35 1300.46 177.146 284.893 24.6417 260.251
internal_count=44746 38494 6252 5355 2463 297 31422 31150 5464 25686 5416 401 5274 5208 25285 22083 4154 17929 3202 2981 272 208 2892 7072 6362 5220 710 1142 99 1043
is_linear=0
shrinkage=0.05


Tree=22
num_leaves=31
num_cat=0
split_feature=1 1 7 19 21 21 4 15 20 6 0 10 7 14 6 10 14 14 13 6 7 16 0 20 16 12 14 10 8 12
split_gain=37.9327 21.9429 20.7198 15.5603 21.449 19.9981 19.3586 20.4214 16.9611 20.6849 17.731 15.7562 23.5828 21.5061 15.4911 14.4245 13.9589 13.6944 16.4485 13.9287 13.3722 13.1863 12.7835 15.9305 12.2457 11.4912 11.1592 11.5074 11.6526 11.1391
threshold=-0.0800639649597399 -0.76556225919579768 -1.6597122957718708 0.43032051809728949 0.62500000000000011 0.37500000000000006 -0.44153936438316516 0.10973843579665914 0.20833333333333334 -0.39617069574141323 0.40485878254366842 0.0069573126697057459 0.23100053790606703 1.0097814506884057 -3.4999416349912909 2.3515655957905941 5.1797669277922092 -0.18515886188981631 0.057882625431048045 -0.096697114784040555 -0.57019028757371748 0.65676853025931292 0.019920211072723643 0.70833333333333337 2.3207517835138893 2.7659076982916986 -0.97597035488316963 1.1770144234478528 0.7711624259044062 4.3354024552129298
decision_type=2 2 2 2 2 2 2 2 2 2 2 2 2 2 2 2 2 2 2 2 2 2 2 2 2 2 2 2 2 2
left_child=1 -1 -3 4 8 11 -6 20 9 15 21 -5 13 -13 26 -4 -11 -7 19 -19 -8 -10 25 24 29 -16 27 28 -2 -24
right_child=14 2 3 5 6 17 7 -9 10 16 -12 12 -14 -15 22 -17 -18 18 -20 -21 -22 -23 23 -25 -26 -27 -28 -29 -30 -31
leaf_value=-0.018175810742364951 0.055779308062809278 -0.030702369045437022 0.0072362093029126511 -0.010554078134421566 -0.045726669316219638 -0.040794429829606967 0.038239680786741975 -0.0084864509661056881 0.0085335307306202927 -0.0085143075877901018 -0.01358346956999097 0.005647732262363564 0.021274153410819601 -0.022297033297560911 0.0054438903370648229 -0.029876184968861293 0.024966291900187083 -0.011006230341949575 -0.01861582956108938 0.03419429902107083 0.011904635293168349 -0.0074562122541952979 0.00097290783699601152 -0.0095934287481576983 -0.062061750006827225 -0.0059262837178103468 -0.013774753325583693 0.0053494170271805343 -0.021102184871217424 0.02182966283573691
leaf_weight=237.32005472481251 39.905293405056 63.773965716362 392.94653570652008 350.12360590696335 14.822716534137724 50.455147862434387 55.771626323461533 110.90191304683685 715.73160859942436 1441.1784973740578 137.65418204665184 198.23858822882175 131.55798374116421 104.13214489817619 2767.8671266287565 27.025243401527405 30.80259682238102 37.536231830716133 255.90123991668224 29.545171782374382 345.58067114651203 156.07863400876522 2514.0817878693342 383.13784068822861 6.5954890251159659 240.37698455154896 15.875595167279242 27.127598166465759 4.9764748811721793 64.731057032942772
leaf_count=1059 161 265 1602 1458 61 213 228 463 2935 5959 563 820 540 432 11137 111 127 157 1073 124 1423 641 10190 1555 27 967 64 109 20 262
internal_value=-9.59471e-05 -0.00337405 -0.00261376 -0.00221545 -0.00052091 -0.00722561 0.00874622 0.0104182 -0.00220855 -0.00500106 0.00302003 -0.00267449 0.00368145 -0.00400134 0.00254493 0.00477085 -0.00779383 -0.0167349 -0.0128467 0.00903818 0.0156625 0.00565992 0.00223547 -9.08417e-05 0.0013186 0.00453202 0.0232723 0.0315852 0.0468716 0.00150663
internal_weight=10951.8 4887.08 4649.76 4585.98 3428.49 1157.49 527.077 512.254 2901.42 1891.95 1009.46 784.052 433.929 302.371 6064.68 419.972 1471.98 373.438 322.983 67.0814 401.352 871.81 5976.79 2968.55 2585.41 3008.24 87.885 72.0094 44.8818 2578.81
internal_count=44746 20254 19195 18930 14113 4817 2175 2114 11938 7799 4139 3250 1792 1252 24492 1713 6086 1567 1354 281 1651 3576 24138 12034 10479 12104 354 290 181 10452
is_linear=0
shrinkage=0.05


Tree=23
num_leaves=31
num_cat=0
split_feature=1 0 13 1 13 10 7 7 4 4 9 20 7 21 3 9 10 13 21 19 18 18 13 3 19 10 12 7 19 20
split_gain=35.1904 14.8229 13.975 14.4921 12.936 21.4042 13.0617 13.7396 13.4418 15.3385 14.0836 12.6205 12.5519 26.4613 14.6025 30.1599 18.2563 19.7654 12.9186 12.1167 11.9635 11.6373 11.6051 10.6899 10.6786 10.2796 10.0304 10.0232 10.5737 16.6387
threshold=-0.53940016954168157 -0.99808096993880924 -0.0033962178234141376 -0.83296898878058878 -0.16472921371978141 1.0979662969817403 1.3989387848185428 1.0425007455312567 -0.43259446589135225 -0.42624031008581781 -0.31386932584048116 0.45833333333333343 -1.3392684935734029 0.37500000000000006 0.45092469382714079 0.012185717102680111 0.79119623665080507 0.79161563325115225 -1.0000000180025095e-35 0.35957627200824049 0.517878884664562 0.23958199280417983 -0.19898702382355854 1.3909722091920103 0.64051923224888341 -0.38438839945866921 -0.42502782962934144 -0.39389179825162496 -0.44887758041308018 -0.54166666666666663
decision_type=2 2 2 2 2 2 2 2 2 2 2 2 2 2 2 2 2 2 2 2 2 2 2 2 2 2 2 2 2 2
left_child=2 -2 3 -1 5 6 7 8 10 -10 -3 20 13 23 15 16 17 -14 -18 21 -8 -17 25 -6 27 -9 -15 -5 29 -29
right_child=1 4 -4 24 12 -7 11 22 9 -11 -12 -13 14 26 -16 19 18 -19 -20 -21 -22 -23 -24 -25 -26 -27 -28 28 -30 -31
leaf_value=-0.03012612768874668 0.0056766338203317161 0.067601983535876861 -0.012543575305614202 0.013410385821127989 0.0010687816298011307 -0.0059836167922825804 0.017163117697082408 -0.049229218283306134 -0.05153758624327516 0.0048153770656900125 0.01245478408743082 -0.0086719504373629318 -0.0021397210607864534 -0.055315757487821943 -0.0046380395154993646 0.028569620246017242 0.020045695016304915 -0.036328513691213128 0.00076750445585080341 0.0058019178656940253 0.056500947580443744 0.0052563882471395621 0.050050390810129214 -0.056839487143703127 -0.033578259269140452 -0.0091343117711605356 -0.020879493206408598 0.026254006923368729 -0.0077211499436031436 -0.002896250312933299
leaf_weight=44.609950333833694 1449.3699304014444 15.890070185065268 679.14461955428123 116.1250207722187 223.61465790867805 538.11251249909401 61.536724925041199 18.919439643621445 11.143199026584623 1930.0170036256313 39.818951293826103 26.369698911905289 2291.1084503382444 29.925288528203964 1553.4684015959501 143.96380849182606 157.13469240069389 42.100142747163773 194.35269652307034 455.53101775050163 28.626678362488747 86.636605232954025 5.9403962641954413 7.259830877184867 23.455990627408028 87.523979112505913 77.721743643283844 68.804117649793625 377.07623764872551 162.55462688207626
leaf_count=204 5812 64 2921 480 908 2182 247 77 45 7805 160 106 9378 123 6378 578 637 172 789 1841 115 351 24 30 101 353 319 285 1586 675
internal_value=-9.2312e-05 0.00102463 -0.00728303 -0.00275922 0.000183403 0.00295315 0.00511769 0.00420854 0.00516948 0.00446294 0.0291875 0.0213549 -0.00127053 -0.01057 -0.000628206 0.0012191 -0.00117116 -0.00277406 0.00943255 0.0105671 0.0301904 0.0198929 -0.0127166 -0.000967853 -0.0010824 -0.0166992 -0.0309196 7.51288e-06 -0.00256014 0.00582695
internal_weight=10947.9 9476.09 1471.77 792.626 8026.72 2763.9 2225.79 2109.25 1996.87 1941.16 55.709 116.533 5262.82 338.522 4924.3 3370.83 2684.7 2333.21 351.487 686.131 90.1634 230.6 112.384 230.874 748.016 106.443 107.647 724.56 608.435 231.359
internal_count=44746 38494 6252 3331 32682 11178 8996 8528 8074 7850 224 468 21504 1380 20124 13746 10976 9550 1426 2770 362 929 454 938 3127 430 442 3026 2546 960
is_linear=0
shrinkage=0.05


Tree=24
num_leaves=31
num_cat=0
split_feature=1 11 13 6 0 5 20 9 18 6 11 7 10 18 13 21 15 13 7 21 6 12 7 7 4 8 10 21 21 18
split_gain=31.8392 17.0732 15.7485 15.5197 14.2021 13.932 13.0912 17.3054 12.0953 14.816 17.6742 24.4494 12.048 11.7726 11.7006 11.324 10.6035 15.1191 22.0046 14.3974 11.0128 10.5728 12.1141 11.6356 10.374 12.3209 11.6174 10.2778 12.4165 10.1025
threshold=-0.53940016954168157 -0.64158300397133583 -0.0033962178234141376 -3.4999416349912909 -0.0065765431730432219 -0.38646085234712929 -0.29166666666666657 -0.11714118483603167 0.47306409561883472 -0.011057740871637335 0.19649669795191235 -1.4350745236828462 3.7865822068456443 1.9151058141662911 -2.2961467069715291 0.62500000000000011 0.13236383850929087 -0.39402806519498729 -0.50209420282155093 0.62500000000000011 -0.53141959769947611 4.3354024552129298 0.064180032848077911 -0.55482227488752167 -0.3991884740361577 0.79408475518573263 1.4048517702376189 0.37500000000000006 0.62500000000000011 -0.43299404080734455
decision_type=2 2 2 2 2 2 2 2 2 2 2 2 2 2 2 2 2 2 2 2 2 2 2 2 2 2 2 2 2 2
left_child=1 5 16 24 6 -1 7 -5 9 10 11 -8 13 -9 -15 -12 19 18 -18 20 -3 -6 23 -23 29 26 -26 -20 -29 -2
right_child=3 2 -4 4 21 -7 8 12 -10 -11 15 -13 -14 14 -16 -17 17 -19 27 -21 -22 22 -24 -25 25 -27 -28 28 -30 -31
leaf_value=0.03241995787039053 0.032697047407851364 0.028131076377896375 -0.011186118521153799 -0.0069253944492968294 -0.0014617567741022476 -0.031398706891912848 -0.027639719190356595 0.0055952248131566256 0.00041455769352006486 0.0114355621997739 0.015285857785911489 0.0015513156062406371 -0.030786400254929042 0.024107945114278731 -0.028481891552439017 -0.013877835289447263 0.052893657719293399 -0.024420579016630431 0.0067206203459364462 0.022751491822496209 -0.0023669935462257586 0.038836669490117173 0.039388071440142287 -0.01797839968228369 0.048853694909181636 -0.035296168734527698 0.00046311299469120343 -0.044286330358394264 0.0095014741572232997 -0.041124600808339226
leaf_weight=8.474792927503584 6.7048221826553371 30.947769671678543 631.02927869558334 682.14852552115917 4639.9445867091417 98.842401117086411 81.724504500627518 937.84961614012718 1050.3022813051939 970.50450494885445 292.11058542132378 537.59921309351921 24.188826605677605 12.619628414511679 47.20970344543457 36.585286527872086 17.154236495494843 95.535863891243935 60.015597715973854 80.783769443631172 401.56986798346043 11.882003054022787 33.23792439699173 28.966558754444122 47.958257049322128 5.7113092690706244 16.917790576815605 28.13731724023819 16.291605219244957 10.656655386090277
leaf_count=36 27 127 2715 2786 18915 443 330 3798 4256 3916 1174 2174 98 51 194 147 70 411 248 335 1680 48 134 118 194 23 68 118 69 43
internal_value=-8.83793e-05 -0.00693599 -0.00540685 0.000973227 0.000775614 -0.02606 0.00272906 -0.00076142 0.00473375 0.00709426 0.00263735 -0.00233095 0.0033512 0.00421388 -0.0170931 0.0119924 -0.0003988 -0.00964195 0.00203279 0.00351262 -0.000113387 -0.00115987 0.017448 -0.00079947 0.0217626 0.0302177 0.0365093 -0.00669571 -0.0246779 -0.0121151
internal_weight=10943.6 1468.78 1361.47 9474.82 9386.87 107.317 4672.84 1704.02 2968.83 1918.52 948.02 619.324 1021.87 997.679 59.8293 328.696 730.436 217.135 121.599 513.301 432.518 4714.03 74.0865 40.8486 87.9488 70.5874 64.876 104.445 44.4289 17.3615
internal_count=44746 6252 5773 38494 38139 479 18924 6927 11997 7741 3825 2504 4141 4043 245 1321 3058 916 505 2142 1807 19215 300 166 355 285 262 435 187 70
is_linear=0
shrinkage=0.05


Tree=25
num_leaves=31
num_cat=0
split_feature=1 1 7 5 7 11 0 8 14 14 9 21 7 7 11 8 20 0 18 7 11 3 14 9 20 4 17 11 4 4
split_gain=37.7078 21.4625 15.6528 15.0721 14.0579 13.5188 13.1129 12 11.9542 15.9982 14.2247 14.2074 16.3772 12.3086 15.855 10.8703 10.4461 10.0855 9.98253 9.94712 12.9142 11.7119 10.7474 14.1848 9.36083 16.1938 10.6721 9.77661 12.9271 15.5351
threshold=-0.13177327150594728 -0.69164898141417563 -1.6597122957718708 -0.42752094919668504 1.3677101319263312 -0.72371643397834495 0.16607868154449998 -1.2432448284984432 4.9126314017751644 1.2125414391427254 1.6036727086662153 -0.37499999999999994 0.070936851215075494 -0.50209420282155093 -0.34894283428774259 0.20764480191696313 0.70833333333333337 -0.23976818817029261 0.23191292877612882 -1.3392684935734029 -0.84284826207091379 1.5735490862301316 -0.9059098826794848 0.17691666086817395 0.20833333333333334 -0.22634646103898193 -0.22319730522281953 1.1053448416083567 -0.3689484696856386 -0.43495333789938012
decision_type=2 2 2 2 2 2 2 2 2 2 2 2 2 2 2 2 2 2 2 2 2 2 2 2 2 2 2 2 2 2
left_child=1 3 -3 -1 8 -6 19 -8 9 13 18 12 -10 14 -4 -13 -9 -12 -11 20 -2 22 23 -22 27 -26 -27 -21 29 -29
right_child=6 2 4 -5 5 -7 7 16 11 10 17 15 -14 -15 -16 -17 -18 -19 -20 24 21 -23 -24 -25 25 26 -28 28 -30 -31
leaf_value=0.031785990486866068 0.051861136574182509 -0.0288211024787461 -0.0063736795540845007 -0.014386404318697808 -0.05473328353028354 0.01697250861991334 -0.020532864921205114 0.00181376257585275 -0.00016767091799751847 0.021056208409621593 -0.02205558158561496 0.038981011091567735 0.078262686223455738 -0.0029881540970928006 0.011472654327237845 -0.0089861119060235112 -0.0070480025195533424 0.022618150152058189 -0.018644930687991192 0.0015539830228005487 0.054498698398128591 -0.071814466843567362 -0.0082354572203773447 0.0030559625884473049 0.015934477265849442 -0.046556081074193914 0.0049140042737030355 0.034920591903296876 0.014647473947391991 -0.023089475602262304
leaf_weight=17.322440415620804 9.6991724073886854 53.120594054460526 190.42096015810966 512.64724199473858 5.9126981049776068 136.81491309404373 67.532428234815598 2503.75643658638 11.156700134277346 15.773972392082213 16.754807218909264 14.527030691504477 15.032466113567351 2787.3545916825533 354.10390193760395 48.213097304105759 382.35731944441795 42.787954241037369 305.25520475208759 1449.8281381428242 14.119270429015158 5.2333443611860266 284.75280754268169 121.83087520301342 505.18021532893181 9.2113678306341154 687.06699107587337 13.960916131734846 318.64525093138218 49.481564953923225
leaf_count=72 39 224 786 2256 24 556 274 10152 46 64 69 60 62 11513 1452 200 1554 178 1273 5849 57 21 1148 490 2031 37 2764 56 1279 199
internal_value=0.000130163 -0.00336375 -0.00210708 -0.0128108 -0.0017388 0.0136071 0.00259387 0.00014349 -0.00231972 -0.00275652 -0.0124566 0.0156871 0.0458898 -0.00164366 0.00522236 0.00247921 0.000635974 0.00980811 -0.0166193 0.00467813 -0.00237436 -0.00373967 -0.00271271 0.00879406 0.00569306 0.00912421 0.00416012 0.00343628 0.0105429 -0.00990261
internal_weight=10949.9 4527.2 3997.23 529.97 3944.11 142.728 6422.66 2953.65 3801.38 3712.45 380.572 88.9293 26.1892 3331.88 544.525 62.7401 2886.11 59.5428 321.029 3469.01 435.635 425.936 420.703 135.95 3033.37 1201.46 696.278 1831.92 382.088 63.4425
internal_count=44785 18835 16507 2328 16283 580 25950 11980 15703 15335 1584 368 108 13751 2238 260 11706 247 1337 13970 1755 1716 1695 547 12215 4832 2801 7383 1534 255
is_linear=0
shrinkage=0.05


Tree=26
num_leaves=31
num_cat=0
split_feature=1 1 7 5 7 0 10 7 10 10 7 14 2 12 10 9 14 14 21 19 7 9 7 21 2 12 20 19 7 20
split_gain=34.0463 19.4754 14.2642 13.6611 12.6469 11.8381 12.2384 11.338 17.1527 10.9603 10.8789 11.305 10.927 11.504 10.8577 13.5982 10.8387 14.5039 12.7677 19.4713 14.6248 12.1751 10.8577 13.2405 10.8058 13.2377 10.108 9.66446 9.53839 10.514
threshold=-0.13177327150594728 -0.69164898141417563 -1.6597122957718708 -0.42752094919668504 1.3677101319263312 0.16607868154449998 0.30126129626893572 0.23100053790606703 0.69159530245299361 3.4051734367461122 -2.7430869134411897 -0.11001625632996105 -0.088304648038696573 0.28014466325239812 3.7865822068456443 -0.0066272594657839868 4.9126314017751644 1.1681112755334004 -0.37499999999999994 0.41657569203931577 0.070936851215075494 1.6036727086662153 -0.50209420282155093 0.62500000000000011 -0.30659036648714089 2.6379175972630757 -0.87499999999999989 -0.66204230868665259 0.35033884318613912 -0.70833333333333315
decision_type=2 2 2 2 2 2 2 2 2 2 2 2 2 2 2 2 2 2 2 2 2 2 2 2 2 2 2 2 2 2
left_child=1 3 -3 -1 16 6 10 8 26 28 11 -2 13 -12 -10 -16 17 22 20 -20 -18 -19 23 -4 -7 -26 -8 -24 29 -9
right_child=5 2 4 -5 -6 24 7 9 14 -11 12 -13 -14 -15 15 -17 18 21 19 -21 -22 -23 27 -25 25 -27 -28 -29 -30 -31
leaf_value=0.03011674240888141 -0.032071090899439506 -0.027587074533409424 0.00084039204043556367 -0.013726985890290875 0.012892180614283204 0.0052029768288726691 -0.014651117621243409 -0.01378248941631887 0.00079954898313848574 0.042282860222484293 0.001875581984009504 0.013344087749023271 0.0052756115643905494 -0.012166713308774073 0.021618506328837737 -0.047330464861872701 -0.00015998095987416322 -0.015423687775505047 0.025864264614484163 -0.029630356797236829 0.073766539699806219 0.0088913664465209135 0.0040344630752104241 0.019896920112624845 -0.002921916074196812 0.010435306306716413 0.017652042732649805 -0.0040797900122111251 0.0094579532619913469 0.041659166310684531
leaf_weight=17.421210408210754 43.935295194387436 52.775613218545914 428.43485279381275 510.51391319930553 142.93435782194138 775.22951270639896 25.992517098784447 9.8684183955192548 506.7797074764967 29.841050669550896 460.23550362884998 18.866061374545097 1309.6262261718512 212.09518757462502 9.1759128272533399 24.283855468034744 11.156387135386469 333.13119196891785 36.390326157212257 26.364153891801834 15.207395955920218 59.906524047255516 433.73839299380779 115.03510470688343 1974.790252417326 203.61405093967915 240.40579146146774 2340.2212311923504 534.06171379983425 44.315581753849983
leaf_count=72 178 224 1758 2256 580 3136 105 40 2038 120 1854 76 5279 856 37 98 46 1392 150 110 62 248 1764 474 8016 828 966 9699 2145 178
internal_value=0.000123725 -0.00319831 -0.00200263 -0.0122165 -0.00165198 0.00246405 0.0044442 0.00800139 0.00407995 0.0130961 0.00196052 -0.0183543 0.00261568 -0.0025583 -0.00103598 -0.0281983 -0.00220367 -0.00262029 0.0149235 0.0023726 0.0434377 -0.0116918 -0.00154083 0.00491236 0.000135658 -0.00166692 0.0144385 -0.00280824 0.0115378 0.0314043
internal_weight=10946.3 4523.23 3995.3 527.935 3942.52 6423.12 3469.48 1424.72 806.638 618.087 2044.76 62.8014 1981.96 672.331 540.239 33.4598 3799.59 3710.47 89.1183 62.7545 26.3638 393.038 3317.43 543.47 2953.63 2178.4 266.398 2773.96 588.246 54.184
internal_count=44785 18835 16507 2328 16283 25950 13970 5727 3244 2483 8243 254 7989 2710 2173 135 15703 15335 368 260 108 1640 13695 2232 11980 8844 1071 11463 2363 218
is_linear=0
shrinkage=0.05


Tree=27
num_leaves=31
num_cat=0
split_feature=1 1 5 0 11 6 10 8 14 15 11 12 2 15 5 14 6 10 15 18 15 15 11 22 5 8 10 11 11 0
split_gain=30.7391 17.6718 12.3853 11.0363 10.6804 10.5542 14.3051 11.6285 17.4665 10.2338 9.49391 10.2894 11.7505 9.38603 10.4847 14.0165 16.1871 14.0346 19.6896 12.3086 16.1831 19.6375 13.3695 10.7371 10.3235 9.40762 11.4663 10.4665 9.04508 11.1779
threshold=-0.13177327150594728 -0.69164898141417563 -0.42752094919668504 -0.99808096993880924 3.710846128990871 2.1681676072119758 3.1543463602462656 0.61137147799592306 0.55750358769733788 -0.30776646912146838 2.7229480575499072 0.96587581403862599 -0.013447228362855524 9.4622372017762135 0.45803978746922752 -1.3422421557485527 -0.65843219530578134 1.7975340012912391 2.5309776068804282 -0.1197623597109307 -0.60431482274094339 -0.28629553833012605 -0.76633314785802364 1.0000000180025095e-35 0.52733716120951268 -0.8999947420201998 -0.49798762348844189 1.8710779388111387 -0.64158300397133583 -0.024617211311571206
decision_type=2 2 2 2 2 2 2 2 2 2 2 2 2 2 2 2 2 2 2 2 2 2 2 2 2 2 2 2 2 2
left_child=1 2 -1 4 10 13 7 8 -7 -9 11 12 -2 14 19 17 23 18 -16 20 22 -22 -5 -17 -18 27 -27 -21 -4 -30
right_child=3 -3 28 5 -6 6 -8 9 -10 -11 -12 -13 -14 -15 15 16 24 -19 -20 25 21 -23 -24 -25 -26 26 -28 -29 29 -31
leaf_value=0.02855538675564135 0.0023522471767411057 -0.0019028083835669271 -0.030931867849084155 0.016411587981384253 0.029196523779338179 -0.039904214846227894 0.0411770041379593 -0.077824926226482238 0.0039494055898797705 -0.021582417970436418 -0.014987557256514562 0.0007876247537327713 0.014686483695918691 0.020186945603854155 0.013505207577231807 -0.015595675382111677 -0.01688120074615071 -0.016629036316846733 -0.0086828044941147705 -9.2604004058629189e-05 0.015178515001795867 0.00070797308473341948 -0.018415686571211561 -0.062486228784302406 -0.0017583896404741225 -0.0077114838169229198 0.01211105842350322 -0.053344050534529876 -0.018835980762711955 -0.0029696434646708167
leaf_weight=17.507453665137291 323.16413979232311 3993.2420692741871 61.90681354701519 32.231574803590775 47.916407212615013 27.711396485567093 11.848780483007429 9.3765015453100187 107.25403752923012 46.405573084950447 53.895546108484268 529.60077574849129 484.39565606415272 66.740594685077667 360.15210607647896 39.507396295666695 129.72474421560764 68.350567266345024 137.19016997516155 44.617124676704407 267.35237650573254 1864.554580822587 161.24175156652927 17.662511259317398 836.74359411001205 80.938719019293785 664.1153911948204 10.697277680039404 212.28459300100803 234.25130750238895
leaf_count=72 1296 16507 294 130 193 112 48 38 432 188 216 2124 1942 270 1449 160 527 278 555 180 1077 7563 651 72 3402 329 2675 43 933 1029
internal_value=0.000118056 -0.0030405 -0.0116489 0.00234117 0.00619777 0.00122577 -0.00992046 -0.0133188 -0.00524521 -0.0323285 0.00538156 0.00621688 0.00976584 0.00170104 0.00143409 -0.0018697 -0.00536068 0.00443684 0.00736955 0.00311561 0.00127088 0.00253127 -0.0125334 -0.0309935 -0.00380878 0.00846075 0.00994349 -0.0112441 -0.0130964 -0.010549
internal_weight=10942.6 4519.19 525.95 6423.39 1438.97 4984.42 202.596 190.748 134.965 55.7821 1391.06 1337.16 807.56 4781.82 4715.08 1589.33 1023.64 565.693 497.342 3125.75 2325.38 2131.91 193.473 57.1699 966.468 800.369 745.054 55.3144 508.443 446.536
internal_count=44785 18835 2328 25950 5771 20179 818 770 544 226 5578 5362 3238 19361 19091 6443 4161 2282 2004 12648 9421 8640 781 232 3929 3227 3004 223 2256 1962
is_linear=0
shrinkage=0.05


Tree=28
num_leaves=31
num_cat=0
split_feature=7 11 14 7 6 14 21 6 7 11 15 20 16 9 6 11 5 3 9 21 11 11 21 5 6 11 7 6 20 7
split_gain=22.92 17.334 21.3618 20.5925 18.5139 18.7042 17.3287 16.0463 15.8854 25.7518 16.0017 14.6942 22.6461 21.0014 15.0965 20.377 18.6901 20.5538 16.2857 14.5191 14.335 23.1706 18.9038 21.9494 18.5634 17.5513 19.5089 16.8681 16.3168 16.1792
threshold=0.23100053790606703 0.73210575379799236 1.1254733562789196 -2.9547845069781933 -0.38736714586199555 1.0000000180025095e-35 -0.62499999999999989 -1.4945001274845493 -2.7430869134411897 0.19649669795191235 0.24287734202037942 0.20833333333333334 -0.38540141459531541 -0.25139573559722889 -0.47043968083306353 -0.1396090026724173 -0.29083181804512498 -0.35485181842787011 -0.34191903848165833 0.37500000000000006 -0.81573178524140777 -0.34307356747631784 1.0000000180025095e-35 0.4832094977684232 0.33904409441424621 -0.8462811274621469 -0.60207951463380249 -0.30760216283072805 -0.62499999999999989 -1.3886874070816522
decision_type=2 2 2 2 2 2 2 2 2 2 2 2 2 2 2 2 2 2 2 2 2 2 2 2 2 2 2 2 2 2
left_child=1 2 8 -4 5 19 -7 -2 9 -1 -11 13 -13 14 18 -16 17 -17 -9 -3 25 22 24 -24 -22 29 27 -27 -23 -10
right_child=7 4 3 -5 -6 6 -8 11 20 10 -12 12 -14 -15 15 16 -18 -19 -20 -21 21 28 23 -25 -26 26 -28 -29 -30 -31
leaf_value=-0.050700555420757736 0.022032822022802604 0.0058706843201764905 0.054937700324468097 -0.012728427975427864 0.010809730331962404 0.027116274282706878 -0.037732747652685319 0.056154832420939431 0.047652772644604234 0.061256880675027471 -0.021152053322935065 0.018837488701533532 0.0034112341872443832 0.0026838289363206942 -0.021908252395334456 -0.0033885748361828999 -0.040604837984864577 0.037465573792868995 -0.00086124226496673911 -0.013169097112475676 -0.014675711741427983 -0.0066420569617197667 0.0030475568899475279 -0.014011742529097327 0.006640249958848092 0.025403174101729487 0.0473529692188496 -0.044999101670152981 0.0026894199015791397 -0.0059311287297315243
leaf_weight=39.221747934818268 107.11178007721901 403.2855514138937 10.455444529652594 618.33763132989407 525.40173599123955 11.679229900240896 56.942066192626953 16.604188516736031 14.820881128311155 9.6294276267290133 12.279523700475691 293.1379382610321 1255.5425250977278 1944.2073443084955 230.06545507907867 244.56272841989994 27.753071829676628 34.188343062996864 42.726152151823044 132.0405170917511 748.04239451885223 587.84437294304371 695.97360879182816 257.39944358170033 117.32584711909294 21.728261530399323 52.205991938710213 12.594473347067831 2288.4816600233316 127.55088689923286
leaf_count=160 432 1624 42 2551 2119 47 230 68 60 39 50 1188 5102 7916 948 998 114 140 174 534 3110 2430 2870 1141 479 88 212 51 9348 520
internal_value=0.000110847 -0.00169396 -0.00283152 -0.0115099 0.0039538 -0.00201024 -0.0263928 0.00301227 -0.00173378 -0.0268632 0.015943 0.00250751 0.00634465 0.000164493 -0.00803754 -0.0106935 -0.00221548 0.00172026 0.0156787 0.00114932 -0.0014154 -0.00201282 -0.0064287 -0.00156287 -0.0117756 0.0107723 0.0283917 -0.00083145 0.000778931 -2.4712e-05
internal_weight=10939.1 6743.24 5613.89 628.793 1129.35 603.947 68.6213 4195.9 4985.1 61.1307 21.909 4088.79 1548.68 2540.11 595.9 536.57 306.504 278.751 59.3303 535.326 4923.97 4695.07 1818.74 953.373 865.368 228.9 86.5287 34.3227 2876.33 142.372
internal_count=44785 27705 23151 2593 4554 2435 277 17080 20558 249 89 16648 6290 10358 2442 2200 1252 1138 242 2158 20309 19378 7600 4011 3589 931 351 139 11778 580
is_linear=0
shrinkage=0.05


Tree=29
num_leaves=31
num_cat=0
split_feature=1 0 7 4 7 18 10 6 10 3 20 14 3 15 17 6 6 19 11 1 20 15 10 11 5 11 11 10 10 11
split_gain=26.3458 16.8044 13.4575 15.9624 26.3515 19.6572 18.7021 14.9263 14.9034 13.1905 12.5854 16.211 29.7302 24.3905 15.7206 17.7267 15.9241 14.1461 12.2267 12.1236 11.3333 16.6418 11.3083 11.6201 11.1158 10.6921 14.7871 13.5153 10.2796 9.9585
threshold=-0.69164898141417563 -0.99808096993880924 0.30719831088790844 2.024206827788599 0.23100053790606703 1.9955880478444687 0.74134050899703086 2.3492005779584884 3.1543463602462656 1.9395628771496749 0.20833333333333334 -1.772039362946433 2.0090783237558063 -1.630928776241783 -0.42132534357143775 -1.3449493686767762 -0.53141959769947611 -0.53448616572496699 -0.3611253447751161 0.7123286066133655 -0.87499999999999989 0.32523696697651278 0.80928274463947558 -0.25639347643847193 -0.42752094919668504 0.59041005191238727 1.4493233840167423 1.2346867876803063 0.80928274463947558 0.40296606813290808
decision_type=2 2 2 2 2 2 2 2 2 2 2 2 2 2 2 2 2 2 2 2 2 2 2 2 2 2 2 2 2 2
left_child=24 -2 3 9 5 -5 -7 10 19 20 11 22 13 -13 18 -16 -17 -14 -12 -9 21 -3 23 -4 -1 27 -27 -22 -23 -24
right_child=1 2 7 4 -6 6 -8 8 -10 -11 14 12 17 -15 15 16 -18 -19 -20 -21 25 28 29 -25 -26 26 -28 -29 -30 -31
leaf_value=0.027168542149216414 0.0056585897943798973 -0.0028235133067724466 -0.0307316143515395 0.047750272969453847 0.073363869425543127 0.0068058868752151423 -0.052511728976379728 -0.041737222305961302 0.042040448514574204 -0.03071559345199297 -0.024168503477617054 0.016248559394172784 0.021401502171249618 -0.0020193301799670709 0.042096597370391418 -0.016555171418438163 0.0058922363330216766 -0.061552291323685698 0.028038528591247433 -0.0068474595331431652 -0.0013195263572258939 -0.015676375422996318 0.023002399222344837 0.029928080940535763 -0.012218389923688884 0.0077006304911221395 -0.0048406643081392378 -0.011117220922088333 -0.047469810426854553 -0.022293251281113466
leaf_weight=17.576737955212593 1444.9394510388374 317.72613176703453 7.7006880193948737 22.137637779116631 16.303278669714928 71.554590627551079 15.257150053977965 40.769721433520317 9.4028918594121915 38.675600752234459 11.480959624052046 206.72182261943817 5.6456205248832694 1516.6872409582138 30.455293223261833 85.481971397995949 906.70299406349659 27.384160041809082 121.65764179825783 63.926958948373795 3731.213006734848 111.51615612208843 19.466795265674591 98.0682243257761 505.24278181791306 687.15995959937572 355.62293522059917 387.97982190549374 33.126029580831528 28.736748203635216
leaf_count=72 5796 1313 31 90 67 293 63 165 38 160 47 839 23 6197 123 345 3686 113 492 258 15318 465 79 395 2256 2780 1433 1593 139 116
internal_value=0.00010567 0.000656442 -0.000149445 -0.00158555 0.0159947 0.00677526 -0.00404152 0.00246243 -0.0152094 -0.00197802 0.00312641 0.000630935 -0.00073369 0.000177144 0.00724281 0.0051198 0.00393852 -0.0470142 0.0233527 -0.0207475 -0.00177409 -0.00926634 0.0161344 0.0252183 -0.0108354 -0.00110036 0.00341831 -0.00224604 -0.023268 -0.00380345
internal_weight=10936.3 10413.5 8968.56 5788.27 125.253 108.949 86.8117 3180.29 114.1 5663.02 3066.19 1910.41 1756.44 1723.41 1155.78 1022.64 992.185 33.0298 133.139 104.697 5624.34 462.368 153.972 105.769 522.82 5161.98 1042.78 4119.19 144.642 48.2035
internal_count=44785 42457 36661 23714 513 446 356 12947 461 23201 12486 7793 7172 7036 4693 4154 4031 136 539 423 23041 1917 621 426 2328 21124 4213 16911 604 195
is_linear=0
shrinkage=0.05


Tree=30
num_leaves=31
num_cat=0
split_feature=19 21 20 8 21 15 21 9 19 6 18 9 7 15 10 6 5 5 6 7 18 16 9 16 16 5 20 19 10 14
split_gain=21.6268 23.2494 21.7658 26.5815 29.8685 33.5241 33.3334 39.2043 28.8614 28.7849 24.0492 22.8799 21.1083 20.1404 18.9546 30.6525 17.2289 18.0201 17.4402 16.9984 16.786 16.3626 16.3221 16.6432 15.6991 14.9185 14.3178 14.2332 13.5582 13.1955
threshold=-0.59364047319534985 1.0000000180025095e-35 -0.79166666666666663 -0.63706757899727895 0.37500000000000006 0.069975263679387778 1.0000000180025095e-35 0.90636493032052512 0.28252996083910947 -0.80545413599441529 0.24444214165264563 -0.25969923440437603 -0.68076569908903228 -0.19832548632994842 -0.66045653077145883 0.36756355876213048 -0.42377216060304768 -0.43715796464320494 1.3158916941577123 -0.044160499758692504 0.51064480271763635 0.047042535801767378 3.0392276827388609 0.48437295873204989 0.23171714139891539 -0.44113585367369917 0.54166666666666685 -0.45694281394929148 -0.14733635039850465 5.5016895710601101
decision_type=2 2 2 2 2 2 2 2 2 2 2 2 2 2 2 2 2 2 2 2 2 2 2 2 2 2 2 2 2 2
left_child=1 -1 13 26 5 6 7 20 10 -10 11 19 -13 -2 15 -8 17 25 -18 -6 -5 -20 23 -11 -16 -7 28 -28 -4 -12
right_child=2 -3 3 4 8 16 14 -9 9 22 29 12 -14 -15 24 -17 18 -19 21 -21 -22 -23 -24 -25 -26 -27 27 -29 -30 -31
leaf_value=0.00056686540226295044 0.0050896661920332258 0.010811418930569363 -0.024206107232545408 -0.0059898775512590447 -0.012291588666093142 0.013013870107806719 -0.049536651090357868 0.011075489736282371 -0.035412933502615498 -0.0035083254602809796 -0.0079968952157249053 -0.0029728170898595473 0.027901754312573458 -0.01115978847053593 0.022802668398533323 0.057045200918023377 0.0065597448767418078 0.033733257481528549 0.0076275772426799941 0.011230954738830234 -0.020213329346039935 -0.022998870322018715 0.051531201367692993 -0.018446242579032903 0.0015797829426624607 -0.052010767847503518 -0.0089059710505347313 -0.042563118058224249 -0.0013577464058587181 0.035009497028318626
leaf_weight=1446.4956125020981 244.84284706413746 897.64986705780029 81.017931118607521 1098.8961064815521 158.13105264306068 32.080124124884605 26.554193869233131 306.63684007525444 102.41554315388203 588.92823188006878 496.04733572900295 77.07643173635006 191.4075736105442 847.61814180016518 219.7607105076313 7.9824185222387305 2565.155450463295 107.43399830162525 76.243672505021095 147.39597986638546 255.8654059022665 99.145207688212395 10.560701936483381 273.08812618255615 145.09852376580238 11.017331197857855 65.703899577260017 61.2435392588377 314.96711483597755 17.486634239554405
leaf_count=5850 1002 3632 333 4499 653 130 111 1243 421 2424 2089 312 774 3537 893 33 10480 436 307 603 1071 401 43 1161 598 45 267 250 1282 71
internal_value=0.000236759 0.00449491 -0.000919706 3.59951e-05 0.000847994 0.00295418 -0.00191625 -0.00503677 -0.00420522 -0.0104479 0.00139124 0.00842081 0.0190416 -0.00751206 0.0110321 -0.0238497 0.00642707 0.0228553 0.00551488 -0.000927634 -0.00869279 -0.00968907 -0.00747481 -0.00826237 0.0144037 -0.00429798 -0.0108271 -0.0253881 -0.00609428 -0.00645755
internal_weight=10973.9 2344.15 8629.8 7537.34 7014.41 4951.87 2060.79 1661.4 2062.54 974.993 1087.55 574.011 268.484 1092.46 399.396 34.5366 2891.08 150.531 2740.54 305.527 1354.76 175.389 872.577 862.016 364.859 43.0975 522.932 126.947 395.985 513.534
internal_count=44951 9482 35469 30930 28798 20247 8448 6813 8551 4049 4502 2342 1086 4539 1635 144 11799 611 11188 1256 5570 708 3628 3585 1491 175 2132 517 1615 2160
is_linear=0
shrinkage=0.05


Tree=31
num_leaves=31
num_cat=0
split_feature=1 7 0 10 0 13 6 13 6 7 15 1 5 2 8 6 20 8 5 3 8 7 12 15 15 7 20 10 13 0
split_gain=32.8765 16.7503 12.8855 13.3449 12.1865 14.6426 18.3041 21.5848 15.4143 17.0632 14.0566 12.5429 12.7552 12.1252 11.8992 11.7656 11.5567 12.4678 13.4207 11.5072 11.4384 14.0294 10.6977 10.5283 10.4516 10.2135 9.45378 10.9816 9.43875 9.90449
threshold=-0.13177327150594728 -1.6597122957718708 0.18010174163938128 0.30126129626893572 0.39328394937830996 -0.1304992844712019 0.65471342162401336 -0.6030574667458336 -1.1634456735919052 -0.13734558046896414 -4.1741711259152012 -0.70819998262917983 -0.42752094919668504 0.28683784261989015 -0.53026715514154743 -0.37861535033348737 -0.20833333333333329 -1.2432448284984432 1.0861971415122447 1.8868532341729189 1.3027816590566965 -0.11562710019304411 3.4207275232736869 -2.8053806647468971 1.5753965249078452 0.25602142490415175 0.37500000000000006 -0.028272145761593807 4.7091140030251699 -0.54390899951089733
decision_type=2 2 2 2 2 2 2 2 2 2 2 2 2 2 2 2 2 2 2 2 2 2 2 2 2 2 2 2 2 2
left_child=1 -1 3 -2 5 6 8 -8 24 23 19 12 -12 -4 -6 -11 17 -5 -19 -7 -13 -22 -15 -10 -3 -24 27 -16 29 -20
right_child=2 4 13 16 14 10 7 -9 9 15 11 20 -14 22 26 -17 -18 18 28 -21 21 -23 25 -25 -26 -27 -28 -29 -30 -31
leaf_value=-0.030313160404981821 0.0019984954679827171 -0.00478232692344933 0.002871224451678268 -0.017530505509147535 -0.025537370450190736 0.060991327646906623 -0.021939930001401868 0.074063532619694075 -0.021027135251452885 0.0080532418408413593 0.037207020968210665 -0.0035608816548948425 -0.015927632756117947 -0.0051008391955374892 -0.0088953157187761922 -0.0060807257136732788 0.011958905753605777 0.0021171960666737356 0.019399620826187042 -0.022197016010669479 -0.0095067337066919947 0.031014957924366222 -0.00039047510292432048 0.012820125703178281 -0.039352803484815242 0.029429867840478376 -0.016291078721733739 0.0085464981112116506 0.0014409366769491682 0.068604877104873549
leaf_weight=54.672009974718094 2072.5233986228704 61.617538928985596 1678.3590027540922 65.803463861346245 93.534504756331444 13.681573733687403 7.9355282783508327 17.373031347990036 23.277136743068695 216.49663875997066 10.78412254154682 2192.4807728081942 282.1822214871645 1149.7527705729008 221.70458464324474 454.20011998713017 856.33350315690041 435.49748022854328 27.654278948903084 5.0910551846027365 34.817893996834755 52.18101292848587 78.960759699344635 430.71881756186485 33.523331984877586 43.811656653881073 161.85500703752041 150.59086684882641 26.450333148241043 16.875455558300018
leaf_count=234 8355 251 6793 265 382 56 32 70 95 885 44 9141 1296 4680 924 1878 3440 1755 111 21 145 216 321 1779 139 177 669 622 107 68
internal_value=0.000224373 -0.0030454 0.00251527 0.00456622 -0.00270361 -0.00164411 0.00280826 0.0440817 0.00191244 0.00355587 -0.00378577 -0.00410881 -0.0138348 7.94714e-05 -0.00915833 -0.00150573 0.00828377 0.00276449 0.0054405 0.0381965 -0.00285108 0.0148172 -0.00359806 0.0110313 -0.017298 0.0103624 -0.00623851 -0.00182284 0.0254484 0.039254
internal_weight=10970.7 4518.72 6452.02 3501.14 4464.05 3836.36 1245.14 25.3086 1219.83 1124.69 2591.22 2572.45 292.966 2950.88 627.685 670.697 1428.61 572.281 506.478 18.7726 2279.48 86.9989 1272.53 453.996 95.1409 122.772 534.15 372.295 70.9801 44.5297
internal_count=44951 18879 26072 14101 18645 16048 5129 102 5027 4637 10919 10842 1340 11971 2597 2763 5746 2306 2041 77 9502 361 5178 1874 390 498 2215 1546 286 179
is_linear=0
shrinkage=0.05


Tree=32
num_leaves=31
num_cat=0
split_feature=1 7 19 21 21 20 7 11 3 7 7 7 7 8 8 7 3 8 20 4 14 11 11 11 6 21 7 2 20 0
split_gain=29.7039 15.291 12.1519 26.1306 23.3233 21.9044 21.2298 26.8503 21.1884 21.969 18.184 18.1376 17.9415 17.3376 17.215 16.4487 21.1063 15.869 15.2153 14.8964 14.3632 13.2905 13.1105 13.0626 20.9073 14.1146 13.7234 12.9206 12.8648 18.6483
threshold=-0.13177327150594728 -1.6597122957718708 0.025128800866606776 0.37500000000000006 1.0000000180025095e-35 -0.54166666666666663 -0.46504541147204298 0.2811041873731161 0.31899347415558449 -0.28346246954453486 -1.5892222968090406 -2.7430869134411897 1.2223985215809694 0.10194766644170057 0.087082522046637814 0.24806383090712616 0.45092469382714079 -0.4587484539984274 -0.12499999999999999 0.40627241229218625 -3.4453113299547287 0.76628571149586489 3.4080085001892821 0.31108296166852073 -1.6524139288337374 0.62500000000000011 -0.50209420282155093 5.4424853174131487 0.62500000000000011 0.79131553447957292
decision_type=2 2 2 2 2 2 2 2 2 2 2 2 2 2 2 2 2 2 2 2 2 2 2 2 2 2 2 2 2 2
left_child=1 -1 4 5 6 27 7 11 9 23 -9 -2 13 -7 28 18 -17 19 -15 -10 -13 -12 -23 24 -6 26 -25 -4 -8 -30
right_child=2 -3 3 -5 8 12 14 10 17 -11 21 20 -14 15 -16 16 -18 -19 -20 -21 -22 22 -24 25 -26 -27 -28 -29 29 -31
leaf_value=-0.029049503436721309 -0.046452913020906927 -0.0025707326990236901 -0.0072308964235874964 -0.0076619067299982455 0.031321817679689813 -0.0048917363386593339 -0.0014578732443780139 0.0039892728872206185 -0.04848833210146139 0.022200652689849665 0.015301072812714138 0.045581221534576243 -0.0066827289275964256 0.017782112138134652 0.017805219365204388 0.025578473340272918 0.0029213548529063 -0.0086603271983881763 0.0019478575292472711 0.011680121787525744 -0.0010811076483715997 0.047712232856858466 -0.02168675895651517 0.019690270486553724 -0.0067678284550249067 0.063277216689197321 -0.039516696526383809 0.044700604534726844 -0.0072823520889577055 -0.043572013760709689
leaf_weight=54.252104684710503 19.903852641582489 4460.6837684512138 522.77777779102325 796.54096360504627 42.17555758357048 235.99335291981697 1118.5045824348927 115.81956371665001 9.6924526095390302 442.09632734954357 90.111432775855064 16.579830139875412 258.0789837539196 197.75037167966366 99.538626104593277 289.37140701711178 160.37212923169136 213.84243726730347 646.43849861621857 269.10167162120342 263.58826239407063 86.96062359213829 6.7107551395893088 76.73965759575367 216.47331091761589 15.403550028800963 10.207224920392035 11.24836392700672 176.46467018127441 43.649737060070038
leaf_count=234 81 18645 2131 3244 170 955 4506 466 39 1778 363 67 1040 800 401 1166 649 863 2614 1082 1064 349 27 309 872 62 41 46 710 177
internal_value=0.000213451 -0.00289637 0.00239046 0.000145142 0.00448881 0.00282754 0.00114973 0.00904637 0.00973147 0.014735 0.0196096 -0.00151387 0.00548257 0.00754099 -0.00214349 0.00981441 0.0175348 0.00155125 0.00567958 0.00940463 0.00181479 0.0293516 0.042511 0.00554235 -0.000440923 0.020569 0.0123125 -0.0060462 -0.00364278 -0.0146659
internal_weight=10967.1 4514.94 6452.14 3118.57 3333.56 2322.03 2037.83 599.674 1295.73 803.096 299.602 300.072 1788 1529.93 1438.16 1293.93 449.744 492.637 844.189 278.794 280.168 183.783 93.6714 360.999 258.649 102.35 86.9469 534.026 1338.62 220.114
internal_count=44951 18879 26072 12645 13427 9401 8211 2417 5216 3232 1205 1212 7224 6184 5794 5229 1815 1984 3414 1121 1131 739 376 1454 1042 412 350 2177 5393 887
is_linear=0
shrinkage=0.05


Tree=33
num_leaves=31
num_cat=0
split_feature=1 7 1 7 20 10 18 7 7 11 6 8 10 20 6 6 5 10 13 12 11 9 15 13 14 20 11 20 1 7
split_gain=26.829 13.9612 11.1485 12.2336 9.9548 9.80668 20.6747 13.7248 12.9213 12.9175 11.6955 10.8467 11.6291 14.8029 10.4057 12.7868 18.2832 17.6186 16.0507 14.3762 15.1085 14.1631 12.3527 12.0271 12.0166 20.1162 12.005 11.7684 11.7099 13.1176
threshold=-0.13177327150594728 -1.6597122957718708 -0.81184533083709243 0.31596496907523958 -0.20833333333333329 -0.31186603767675142 -0.42946201152059643 -2.9547845069781933 2.6303558403883165 -0.050827911344710465 -3.4999416349912909 0.87246448997112147 0.80928274463947558 -0.12499999999999999 2.3492005779584884 -0.042464008572263963 1.1265548313583631 1.7975340012912391 -1.3954972030886659 -0.32096485409100917 0.71648974807126031 0.82703091903645054 -4.4210267054077912 0.02334937739923381 -0.55248515795095765 -0.54166666666666663 0.31951852424861971 0.54166666666666685 0.7123286066133655 2.9157313805756231
decision_type=2 2 2 2 2 2 2 2 2 2 2 2 2 2 2 2 2 2 2 2 2 2 2 2 2 2 2 2 2 2
left_child=1 -1 3 -3 -5 6 -2 9 -9 -8 11 12 -7 -14 15 17 18 23 21 20 -18 -17 -20 -12 26 -26 -19 -21 -16 -30
right_child=5 2 -4 4 -6 10 7 8 -10 -11 14 -13 13 -15 28 16 19 24 22 27 -22 -23 -24 -25 25 -27 -28 -29 29 -31
leaf_value=-0.027840830572808964 0.040372383895520982 -0.023181576931831097 -0.0020329948663909058 0.071431759846354401 -0.016093097979687474 0.051026770968761848 0.028931159450738566 -0.0018775903543306422 0.043465580330344353 -0.043669491080615214 0.0046130213806244167 -0.041067568154685076 0.04678476025148405 -0.0091935751541823187 -0.028018811153309016 0.069210429998767253 -0.0015123833043271171 -0.029580702677478778 0.033470460965892422 -0.0046749540921466838 0.057607156936465322 0.01841445446481638 0.0061179582348047318 -0.0042291092463610505 -0.042106334227220647 0.03125188388230575 -0.0060371620192087479 -0.031741969176482997 0.0063817817187270844 -0.033833087825604929
leaf_weight=53.831331267952919 28.094883933663368 103.76820994913578 4343.5189672708511 5.662822499871254 5.6134805232286435 29.389325335621834 6.6599504947662345 1368.1260270178318 14.888198927044867 32.844541028141975 1533.5355957597494 5.4602904915809622 17.515211075544357 31.641310960054398 53.45472215116024 15.953151673078535 28.565145298838615 93.235447764396667 41.320098683238029 215.21786084771156 16.18365278840065 83.207135006785393 1960.92991130054 511.7799985408783 11.738514915108679 34.137515693902969 130.46087276935577 48.71622060239315 115.06715136766434 23.565212234854698
leaf_count=234 113 496 18097 26 26 120 27 5557 60 135 6169 22 71 128 216 64 116 380 166 871 65 334 7917 2072 48 138 527 197 464 95
internal_value=0.000203002 -0.00275361 -0.00244342 -0.0177448 0.0296918 0.00227177 -0.00134457 -0.00219978 -0.0013548 -0.0308944 0.00332179 0.021722 0.0266112 0.0111878 0.00300206 0.00346711 0.00601583 0.000809963 0.00768567 -0.00532387 0.0205511 0.027246 0.00670135 0.00239711 -0.011178 0.0118769 -0.0159602 -0.00979073 -0.0083701 -0.000611619
internal_weight=10964.1 4512.39 4458.56 115.045 11.2763 6451.69 1450.61 1422.52 1383.01 39.5045 5001.07 84.0061 78.5458 49.1565 4917.07 4724.98 2410.09 2314.89 2101.41 308.683 44.7488 99.1603 2002.25 2045.32 269.572 45.876 223.696 263.934 192.087 138.632
internal_count=44951 18879 18645 548 52 26072 5892 5779 5617 162 20180 341 319 199 19839 19064 9730 9334 8481 1249 181 398 8083 8241 1093 186 907 1068 775 559
is_linear=0
shrinkage=0.05


Tree=34
num_leaves=31
num_cat=0
split_feature=1 7 19 0 7 7 9 19 9 14 6 8 10 2 3 7 0 10 19 7 0 13 2 10 9 20 8 5 19 20
split_gain=24.236 12.7477 11.9662 15.7616 14.3967 15.9913 17.344 15.4714 16.3957 20.5203 16.2344 14.6313 13.371 12.0477 11.3716 14.7244 11.3338 11.6661 11.9627 11.2672 14.5518 10.9011 10.7823 10.7357 10.576 10.3338 11.2076 12.212 10.2254 10.153
threshold=-0.13177327150594728 -1.6597122957718708 -0.59364047319534985 0.36454767526945864 -0.50209420282155093 -0.39389179825162496 -0.37127451314370419 0.4670261027093639 -0.25969923440437603 0.0072613060181915242 -1.1978006761821987 1.3027816590566965 -0.36775371084828445 -0.83572269399349486 -0.14456805510610249 -0.86845236107678492 0.18010174163938128 0.30126129626893572 0.15816398893237518 0.76505285926982036 -0.50804964724047785 0.18879381295262934 0.28683784261989015 -0.57927013133973315 -0.22142612083972232 -0.20833333333333329 -1.2432448284984432 1.0861971415122447 0.30985343925863035 -0.20833333333333329
decision_type=2 2 2 2 2 2 2 2 2 2 2 2 2 2 2 2 2 2 2 2 2 2 2 2 2 2 2 2 2 2
left_child=1 -1 3 19 7 6 -6 8 9 12 -10 -7 -4 -13 15 -9 17 18 -2 -3 -21 -8 -18 -5 -17 26 -19 -28 -29 -12
right_child=16 2 4 23 5 11 21 14 10 -11 29 13 -14 -15 -16 24 22 25 -20 20 -22 -23 -24 -25 -26 -27 27 28 -30 -31
leaf_value=-0.026683646476658437 0.0040263828830885834 0.0038900681438372741 0.023548472737925236 0.044777723315715348 0.051466237971778121 -0.0045192447022287911 -0.014264902288898493 -0.021079026503087531 -0.016620136168715518 -0.029116543719656107 0.011192109359947995 -0.037906155886177954 -0.015334675113408962 0.021990623579148952 -0.021396441834938044 0.0092261584899884803 0.0025068520337484627 -0.016914170024618529 -0.0044676294346476858 -0.016842383791850019 0.041684420002313885 -0.042418740977029724 -0.0035941856886091295 -0.026248881657558953 0.066657667705076695 0.011035391422506211 0.0017067426028635842 0.036969531819605286 -0.0030435562274348594 0.032585347338539225
leaf_weight=53.411774814128876 1501.5362858623266 596.74629351496696 60.702844873070717 4.8928100168704978 7.2495276480913153 2916.5802583396435 115.53805401921272 29.918861672282219 31.248671293258667 52.126127064228058 120.38838320970535 8.3893512189388257 33.45051996409893 80.678669929504395 86.562923148274422 32.470282927155495 1678.6439296901226 65.721005544066429 571.07048724591732 13.37076899409294 41.771416276693344 49.703812152147293 1271.9429259598255 58.215477615594864 9.9638616442680341 856.02979190647602 435.36409395933151 47.777690082788467 23.194606781005859 106.15709359943867
leaf_count=234 6043 2449 250 20 30 12283 487 125 128 218 500 35 137 334 365 135 6793 265 2312 54 169 212 5178 237 41 3440 1755 192 94 436
internal_value=0.000193369 -0.00261793 -0.00232243 0.00359731 -0.0034558 -0.00476186 -0.0195319 0.0039036 0.00910263 -0.00422414 0.016671 -0.00390635 0.00966566 0.0159352 -0.00925891 0.00528796 0.00215938 0.00408303 0.00168257 0.00592159 0.0273567 -0.0229677 -0.000121824 -0.0200516 0.0240508 0.00755975 0.00233987 0.00487726 0.0239627 0.0213379
internal_weight=10960.8 4509.54 4456.13 714.997 3741.13 3178.14 172.491 562.99 404.074 146.279 257.794 3005.65 94.1534 89.068 158.916 72.353 6451.28 3500.69 2072.61 651.888 55.1422 165.242 2950.59 63.1083 42.4341 1428.09 572.057 506.336 70.9723 226.545
internal_count=44951 18879 18645 2929 15716 13381 729 2335 1669 605 1064 12652 387 369 666 301 26072 14101 8355 2672 223 699 11971 257 176 5746 2306 2041 286 936
is_linear=0
shrinkage=0.05


Tree=35
num_leaves=31
num_cat=0
split_feature=11 7 10 14 15 16 10 17 7 9 10 17 8 4 12 4 9 21 19 21 19 4 15 9 7 7 7 7 19 9
split_gain=21.3711 16.2826 18.1065 27.6139 17.4495 24.3025 20.8879 18.099 16.1446 18.9637 16.3085 16.2981 37.2022 18.5565 16.2313 16.1238 22.8695 31.0419 26.6174 24.1723 22.9907 18.7795 18.9488 22.047 15.1385 15.2795 13.2528 16.1842 16.6488 15.1959
threshold=0.73210575379799236 0.30719831088790844 1.6392638317328636 -0.78211401616941656 2.3058980673190557 1.4618812417973321 1.1220672843815651 -0.017126793915205968 0.35033884318613912 0.84740212007908899 1.0285494618733468 1.40400042791005 0.02163853115070501 1.2905680018035817 -0.37786532391018113 0.2297520268344814 0.081641506902466895 0.37500000000000006 0.51078666555286234 1.0000000180025095e-35 0.034211488310841594 0.25142090908292897 -2.6846027546894891 -0.059546302369450889 0.12442952686560797 -2.7430869134411897 1.2223985215809694 1.4336179617615252 -0.5595414453199975 0.19718279228411056
decision_type=2 2 2 2 2 2 2 2 2 2 2 2 2 2 2 2 2 2 2 2 2 2 2 2 2 2 2 2 2 2
left_child=1 2 3 4 6 7 24 -6 9 -3 11 13 14 -10 -13 16 19 18 -18 -5 -21 -17 -23 -24 25 -1 -2 28 29 -28
right_child=26 8 -4 15 5 -7 -8 -9 10 -11 -12 12 -14 -15 -16 21 17 -19 -20 20 -22 22 23 -25 -26 -27 27 -29 -30 -31
leaf_value=-0.05289785777714983 0.0061160906961044712 0.0085744073925703868 -0.012970132812732214 -0.0068941056021681463 0.034997397813785885 0.017233394236605352 -0.013926818864470242 -0.028632550374232308 0.00054849532925257049 0.049592594886224174 0.011793939395323871 0.037353565305213096 -0.031529374962200089 0.042651818119930879 -0.0033186912670159739 -0.040747387567737568 0.04284433750697425 -0.012422124523694941 -0.00070955123166397142 0.0095793759898829666 -0.0041567269323621557 -0.023996940355323213 -0.014387003946712116 -0.0010385612691667194 -0.0099135796012661086 0.014850878486544676 0.044142284724666317 0.0020786778130283813 -0.029205885868292088 -0.021438413206995698
leaf_weight=7.4431602358818045 1895.4688503742218 151.53628087043762 391.75576642155647 1441.4969312399626 11.593357458710669 59.058289051055908 89.163932129740715 103.56538809835911 1795.7691660225391 33.946042194962502 307.14919331669807 30.487251073122025 127.03522591292858 25.564267680048943 109.71487857401371 40.214978322386742 95.588525831699371 73.273835003376007 54.683835983276367 604.76309955120087 611.3537889868021 141.15897612273693 433.66164906322956 1076.7561388164759 72.709074512124062 646.5955325961113 16.684168681502342 400.4426933825016 92.807228773832321 16.663901582360268
leaf_count=30 7646 624 1616 5925 47 241 362 426 7342 138 1246 124 524 106 445 175 385 296 221 2468 2542 575 1917 4495 295 2620 67 1614 376 67
internal_value=2.17696e-05 -0.00115404 -0.00259204 -0.00185811 0.00570671 -0.00860779 0.00877613 -0.0219376 0.0021612 0.0163338 0.00105548 -0.000526235 -0.0120346 0.00116528 0.00569207 -0.00349801 -0.00121997 0.0141001 0.0270622 -0.00251533 0.00267225 -0.0073716 -0.00653172 -0.00488137 0.0115837 0.0139927 0.00416648 -0.00283989 -0.0183853 0.0115562
internal_weight=10958.1 8536.04 5954.84 5563.08 990.129 174.217 815.912 115.159 2581.2 185.482 2395.72 2088.57 267.237 1821.33 140.202 4572.95 2881.16 223.546 150.272 2657.61 1216.12 1691.79 1651.58 1510.42 726.748 654.039 2422.07 526.598 126.155 33.3481
internal_count=44955 35185 24636 23020 4021 714 3307 473 10549 762 9787 8541 1093 7448 569 18999 11837 902 606 10935 5010 7162 6987 6412 2945 2650 9770 2124 510 134
is_linear=0
shrinkage=0.05


end of trees

feature_importances:
Column_7=113
Column_10=88
Column_6=79
Column_11=76
Column_19=75
Column_20=72
Column_1=55
Column_15=52
Column_9=49
Column_21=49
Column_0=44
Column_14=44
Column_5=43
Column_13=43
Column_8=33
Column_12=32
Column_18=29
Column_4=24
Column_3=23
Column_16=22
Column_17=21
Column_2=13
Column_22=1

parameters:
[boosting: gbdt]
[objective: binary]
[metric: binary_logloss]
[tree_learner: serial]
[device_type: cpu]
[data_sample_strategy: bagging]
[data: ]
[valid: ]
[num_iterations: 300]
[learning_rate: 0.05]
[num_leaves: 31]
[num_threads: 0]
[seed: 42]
[deterministic: 0]
[force_col_wise: 0]
[force_row_wise: 0]
[histogram_pool_size: -1]
[max_depth: 8]
[min_data_in_leaf: 20]
[min_sum_hessian_in_leaf: 0.001]
[bagging_fraction: 0.8]
[pos_bagging_fraction: 1]
[neg_bagging_fraction: 1]
[bagging_freq: 5]
[bagging_seed: 400]
[bagging_by_query: 0]
[feature_fraction: 0.8]
[feature_fraction_bynode: 1]
[feature_fraction_seed: 30056]
[extra_trees: 0]
[extra_seed: 12879]
[early_stopping_round: 0]
[early_stopping_min_delta: 0]
[first_metric_only: 0]
[max_delta_step: 0]
[lambda_l1: 0.1]
[lambda_l2: 1]
[linear_lambda: 0]
[min_gain_to_split: 0]
[drop_rate: 0.1]
[max_drop: 50]
[skip_drop: 0.5]
[xgboost_dart_mode: 0]
[uniform_drop: 0]
[drop_seed: 17869]
[top_rate: 0.2]
[other_rate: 0.1]
[min_data_per_group: 100]
[max_cat_threshold: 32]
[cat_l2: 10]
[cat_smooth: 10]
[max_cat_to_onehot: 4]
[top_k: 20]
[monotone_constraints: ]
[monotone_constraints_method: basic]
[monotone_penalty: 0]
[feature_contri: ]
[forcedsplits_filename: ]
[refit_decay_rate: 0.9]
[cegb_tradeoff: 1]
[cegb_penalty_split: 0]
[cegb_penalty_feature_lazy: ]
[cegb_penalty_feature_coupled: ]
[path_smooth: 0]
[interaction_constraints: ]
[verbosity: -1]
[saved_feature_importance_type: 0]
[use_quantized_grad: 0]
[num_grad_quant_bins: 4]
[quant_train_renew_leaf: 0]
[stochastic_rounding: 1]
[linear_tree: 0]
[max_bin: 255]
[max_bin_by_feature: ]
[min_data_in_bin: 3]
[bin_construct_sample_cnt: 200000]
[data_random_seed: 175]
[is_enable_sparse: 1]
[enable_bundle: 1]
[use_missing: 1]
[zero_as_missing: 0]
[feature_pre_filter: 1]
[pre_partition: 0]
[two_round: 0]
[header: 0]
[label_column: ]
[weight_column: ]
[group_column: ]
[ignore_column: ]
[categorical_feature: ]
[forcedbins_filename: ]
[precise_float_parser: 0]
[parser_config_file: ]
[objective_seed: 16083]
[num_class: 1]
[is_unbalance: 0]
[scale_pos_weight: 1]
[sigmoid: 1]
[boost_from_average: 1]
[reg_sqrt: 0]
[alpha: 0.9]
[fair_c: 1]
[poisson_max_delta_step: 0.7]
[tweedie_variance_power: 1.5]
[lambdarank_truncation_level: 30]
[lambdarank_norm: 1]
[label_gain: ]
[lambdarank_position_bias_regularization: 0]
[eval_at: ]
[multi_error_top_k: 1]
[auc_mu_weights: ]
[num_machines: 1]
[local_listen_port: 12400]
[time_out: 120]
[machine_list_filename: ]
[machines: ]
[gpu_platform_id: -1]
[gpu_device_id: -1]
[gpu_use_dp: 0]
[num_gpu: 1]

end of parameters

pandas_categorical:null
