tree
version=v4
num_class=1
num_tree_per_iteration=1
label_index=0
max_feature_idx=22
objective=binary sigmoid:1
feature_names=Column_0 Column_1 Column_2 Column_3 Column_4 Column_5 Column_6 Column_7 Column_8 Column_9 Column_10 Column_11 Column_12 Column_13 Column_14 Column_15 Column_16 Column_17 Column_18 Column_19 Column_20 Column_21 Column_22
feature_infos=[-26.390925071860547:36.344615115003101] [-0.98823792963083523:54.927060452758127] [-1.6105176760443296:162.85945071297795] [-0.95036121064675394:4.667865828645712] [-0.93515951225432337:4.493782482925833] [-0.93495371663217486:4.3365463589260038] [-11.855009701373273:15.809515080712627] [-10.464009703991529:10.960604931018171] [-2.2057472299538006:2.3048129034223068] [-0.64996844671576004:24.173393578789316] [-0.93705324261733036:37.716761742000955] [-0.79164723960584793:28.091064184990774] [-1.49664923747664:28.192659979031998] [-32.457664829933542:29.675596815927875] [-30.3039752228912:27.79456014656634] [-35.670962387393281:34.765640168537928] [-0.95036121064675394:4.667865828645712] [-0.93556094311658455:4.9039868267343403] [-1.0153912989405061:4.5897669129407355] [-2.1259796920397167:2.2276452746198285] [-1:0.91666666666666663] [-0.75:0.75] [0:1]
tree_sizes=3449 3489 3505 3487 3483 3492 3485 3489 3490 3518 3475 3467 3486 3467 3473 3497 3513 3457 3460 3487 3476 3489 3487 3486 3474 3455 3488 3482 3470 3495 3478 3470 3487 3457 3491

Tree=0
num_leaves=31
num_cat=0
split_feature=11 0 9 20 0 20 21 11 20 18 7 18 9 14 19 13 20 20 11 21 7 7 4 9 9 10 14 4 12 14
split_gain=333.043 185.092 114.309 91.0731 71.9006 61.9414 75.6366 68.7716 50.2067 44.7424 37.3447 32.1808 30.9247 28.8374 27.8807 26.5085 26.0106 33.0472 25.807 31.2925 25.6122 25.4159 24.1797 22.8564 22.2523 21.991 20.6201 20.4412 21.5904 21.6971
threshold=0.68818247265604959 -0.68923156963104026 -0.46286026763493965 -0.29166666666666657 -1.6278704423786139 0.62500000000000011 0.37500000000000006 -0.50048085760062733 -1.0000000180025095e-35 0.68393376305191456 -1.4831534614819297 -0.11974757283700141 0.30972348151409174 -1.4242841248571847 0.11110488564942453 0.0054911001991174635 0.12500000000000003 0.45833333333333343 2.3214935364771665 -0.62499999999999989 -0.84262306703571432 -2.3731549723101715 2.205605167660909 -0.42768008463964358 0.13469238993720514 1.0432867427095884 2.0648853643307992 2.4516508694788199 -0.79528041327461796 -2.9770669238084095
decision_type=2 2 2 2 2 2 2 2 2 2 2 2 2 2 2 2 2 2 2 2 2 2 2 2 2 2 2 2 2 2
left_child=1 8 20 10 -2 6 7 -5 14 16 15 24 -13 -10 -1 -4 23 -18 27 -20 -3 -8 -7 -9 -12 -15 -21 28 -6 -30
right_child=4 2 3 5 18 22 21 9 13 -11 11 12 -14 25 -16 -17 17 -19 19 26 -22 -23 -24 -25 -26 -27 -28 -29 29 -31
leaf_value=-0.64247375408865981 -0.59221124034603612 -0.63269151203429463 -0.59565753931043297 -0.67170216725769838 -0.68589922027486039 -0.67767377603054157 -0.5563850491853124 -0.71467107929384233 -0.57067819038897705 -0.6612663386670955 -0.67599042122236297 -0.70051170531402662 -0.67229871614013237 -0.63368482901409739 -0.68032050394753285 -0.68851910082519352 -0.60101610661433003 -0.64074611158996819 -0.56719836354798836 -0.61544989631052605 -0.69833443803727968 -0.67487832206869003 -0.59342130172518082 -0.63618803545104452 -0.64262859748304857 -0.58951428213416235 -0.65097211314228076 -0.67647129491852687 -0.59494372158447306 -0.63892965705149307
leaf_weight=462.06417560577393 294.55185890197754 38.673984527587891 55.537640571594238 397.30773639678955 56.661884307861328 900.9689302444458 10.567891120910643 23.833967208862305 65.655834197998047 299.0488338470459 687.13777160644531 712.77052879333496 386.73984527587891 465.4369068145752 169.08625793457031 29.005488395690918 380.4440803527832 210.00872993469238 62.283102989196777 311.19066619873047 932.89745235443115 722.21417617797852 21.135782241821289 457.34235191345215 155.82018184661865 85.442523956298828 159.19291305541992 96.010415077209473 76.673422813415527 1012.0442113876343
leaf_count=2055 1310 172 247 1767 252 4007 47 106 292 1330 3056 3170 1720 2070 752 129 1692 934 277 1384 4149 3212 94 2034 693 380 708 427 341 4501
internal_value=-0.65725 -0.664936 -0.670415 -0.665901 -0.628774 -0.657937 -0.651406 -0.642447 -0.636758 -0.633953 -0.679335 -0.681607 -0.690626 -0.620541 -0.652657 -0.627652 -0.626324 -0.615065 -0.634891 -0.620153 -0.695682 -0.672991 -0.675649 -0.640234 -0.669798 -0.62668 -0.6274 -0.641254 -0.638275 -0.635756
internal_weight=9737.75 7669.14 6421.46 5449.88 2068.61 3422.87 2500.77 1767.99 1247.69 1370.68 2027.01 1942.47 1099.51 616.535 631.15 84.5431 1071.63 590.453 1774.06 532.667 971.571 732.782 922.105 481.176 842.958 550.879 470.384 1241.39 1145.38 1088.72
internal_count=43308 34108 28559 24238 9200 15223 11122 7863 5549 6096 9015 8639 4890 2742 2807 376 4766 2626 7890 2369 4321 3259 4101 2140 3749 2450 2092 5521 5094 4842
is_linear=0
shrinkage=1


Tree=1
num_leaves=31
num_cat=0
split_feature=1 0 13 11 1 10 6 17 9 20 20 20 19 9 6 10 19 5 11 17 10 18 21 21 10 20 21 11 10 20
split_gain=443.828 119.154 76.9495 59.2452 55.5696 36.1352 34.8217 34.6961 30.9402 30.7259 39.31 29.5639 29.5454 26.6959 24.7033 23.2632 29.4462 21.2961 22.0938 19.9698 19.0386 19.253 18.9804 18.7276 19.8729 18.2535 23.4751 22.3046 18.2025 19.8363
threshold=-0.15632425167670647 -1.5108303291210585 -0.48007283957431163 -0.12145854026074777 -0.50869999403039634 1.5160483524755566 -2.1215151157087515 -0.64594055125610905 0.5198511146652105 -1.0000000180025095e-35 0.54166666666666685 -0.37499999999999994 0.33181178251293164 -0.43476122276559653 -0.17421542515231189 1.8705436014238082 0.27713640933184941 -0.12231871194521989 2.086742416082608 -0.40317984446962668 1.0692220081212582 1.4490145257120968 -0.62499999999999989 -1.0000000180025095e-35 -0.50175524171513775 0.54166666666666685 0.37500000000000006 -0.50048085760062733 -0.26695522386664911 -0.54166666666666663
decision_type=2 2 2 2 2 2 2 2 2 2 2 2 2 2 2 2 2 2 2 2 2 2 2 2 2 2 2 2 2 2
left_child=4 8 6 5 28 -4 15 -8 -2 14 -11 12 -6 -13 23 16 -3 18 -16 -18 -12 -22 -7 -5 -25 26 27 -15 -1 -30
right_child=1 2 3 9 11 22 7 -9 -10 10 20 13 -14 25 17 -17 19 -19 -20 -21 21 -23 -24 24 -26 -27 -28 -29 29 -31
leaf_value=-0.044771972251258813 0.023790417670880172 0.087576996840334903 -0.01384233393712472 0.05285326432544124 -0.016348953332015987 0.098029167552574861 0.099328258647566392 0.016724214362850778 0.058531667579720628 0.03194930089124428 -0.0076210674306050556 -0.029096674954085456 -0.047450241674694638 -0.018778570670432065 0.0050119037819072341 0.010797856311549104 0.11426304118699458 -0.013192105736265771 0.073185752196514894 -0.0029667569855918391 0.016440795358609896 0.11262376317357448 0.015908018379780006 0.070539975383503359 -0.014226475813724616 -0.01651965818699919 -0.016871931081624599 0.018716705452316008 -0.047855082041142437 -0.016259307145504231
leaf_weight=631.73001338541508 277.1716677993536 125.62006162106991 1270.1496897339821 91.762141019105911 619.93517814576626 23.033254131674767 32.288454681634903 1336.9975802898407 415.81291037797928 695.39274272322655 341.64020916819572 319.18741174042225 287.27954739332199 124.90087826550007 243.30488674342632 68.610329240560532 10.185422658920286 591.5838298946619 33.701214477419853 49.503794029355049 89.349515706300735 14.69961343705654 74.759873136878014 21.147835597395897 83.707172319293022 452.16567341983318 264.35272392630577 517.82649779319763 178.82039877772331 448.40127754211426
leaf_count=2838 1222 553 5663 408 2778 102 143 5927 1821 3073 1517 1434 1289 558 1082 302 45 2630 148 218 396 65 332 94 372 2019 1182 2290 803 2004
internal_value=-0.000216286 0.0135816 0.00941837 0.00285202 -0.0213572 -0.0102184 0.023857 0.0187661 0.0447187 0.0109625 0.0200775 -0.0146266 -0.0262604 -0.00831704 0.00117542 0.051046 0.0657181 -0.00461762 0.0136291 0.018698 0.00149158 0.0312723 0.0363251 0.0267006 0.00336133 -0.00340724 0.00312908 0.0113902 -0.0351439 -0.0253605
internal_weight=9735.02 5890.42 5197.44 3574.23 3844.6 1367.94 1623.21 1369.29 692.985 2206.29 1141.08 2585.65 907.215 1678.43 1065.21 253.92 185.309 868.59 277.006 59.6892 445.689 104.049 97.7931 196.617 104.855 1359.25 907.08 642.727 1258.95 627.222
internal_count=43308 26113 23070 15882 17195 6097 7188 6070 3043 9785 5051 11550 4067 7483 4734 1118 816 3860 1230 263 1978 461 434 874 466 6049 4030 2848 5645 2807
is_linear=0
shrinkage=0.08


Tree=2
num_leaves=31
num_cat=0
split_feature=1 0 6 1 20 9 8 7 9 20 21 20 9 6 10 7 6 17 7 20 21 8 14 1 20 9 20 13 4 7
split_gain=377.327 99.6447 52.7224 48.3535 31.5709 30.4667 28.4504 25.1523 22.9742 27.228 22.9907 22.4617 22.7919 20.4152 19.8889 22.8794 21.0839 19.6376 22.0129 19.5791 22.7089 19.5632 19.1712 18.8013 18.6072 23.478 19.0778 18.1812 17.1958 17.1171
threshold=-0.15632425167670647 -1.1477600455609722 -2.016487486020369 -0.48684940356647299 -0.29166666666666657 -0.094781711305649177 -1.3237589628870008 0.71307784247853567 -0.42768008463964358 0.62500000000000011 0.37500000000000006 -0.37499999999999994 -0.46286026763493965 -0.36359543430879354 -0.31016254126832837 -1.4831534614819297 0.82050973558259777 0.013909449819635971 3.1315901251691023 0.54166666666666685 0.37500000000000006 -0.34121761616791363 -1.3785926389051555 0.62166216465001123 -0.54166666666666663 -0.30263040850088241 0.62500000000000011 -0.34524771508079616 -0.41333652077773636 0.059631022332252905
decision_type=2 2 2 2 2 2 2 2 2 2 2 2 2 2 2 2 2 2 2 2 2 2 2 2 2 2 2 2 2 2
left_child=3 5 -3 24 7 -2 -6 13 -8 10 17 -5 -13 -4 15 -15 -16 22 -19 20 -14 -12 -10 -23 -1 28 -27 -9 29 -26
right_child=1 2 4 11 6 -7 8 27 9 -11 21 12 19 14 16 -17 -18 18 -20 -21 -22 23 -24 -25 25 26 -28 -29 -30 -31
leaf_value=-0.046768678728105084 0.0071895741406207171 0.041470595098383578 0.0044890345237464683 -0.023502518895229856 0.054949816304275652 0.041607469629894846 -0.018398001156025478 0.045309179408539908 0.11983051976736819 -0.002752948824149041 0.027225213592425357 -0.031171907726584035 0.011328540940688994 0.076873541846325971 -0.035534636182228838 -0.0060211216691733764 -0.0001701185818097727 0.0098739877998058091 0.074771277943585818 -0.017170881475637497 -0.016354644255283223 -0.02235470601222966 0.028678925362696998 0.016469730542955491 -0.034185741253341048 0.0016357256643357476 -0.040511545770375898 0.0046978796403410999 -0.045480979057241168 0.0082027805413288878
leaf_weight=382.96047265827656 206.46981647610664 276.75103661417961 424.91483552753925 844.09837511181831 88.246834084391594 839.58376701176167 180.96705888211727 87.260720640420914 14.149963662028311 689.85116827487946 126.67180827260017 219.55507616698742 648.90545843541622 22.701025754213333 386.03535652160645 194.57832273840904 150.52997130155563 836.6532778441906 33.767048597335815 445.64897641539574 266.38481946289539 235.28308729827404 644.69118644297123 119.1272079795599 165.91026477515697 263.96111364662647 91.462213337421417 354.88039709627628 393.3612839281559 94.753258749842644
leaf_count=1748 909 1204 1881 3817 389 3650 813 385 62 3066 561 998 2868 100 1726 873 670 3686 148 2001 1198 1047 2837 527 754 1184 412 1579 1785 430
internal_value=-0.000203964 0.0124513 0.00762923 -0.0198098 0.00557601 0.0348416 0.0104773 -0.00339669 0.00908872 0.0109427 0.0156472 -0.0129674 -0.00731978 -0.0095043 -0.0174023 0.00295933 -0.0256582 0.0204424 0.0125049 -0.00343893 0.00324771 0.000366143 0.0308691 -0.00925944 -0.0316944 -0.025915 -0.00927634 0.0128409 -0.0349052 -0.0187644
internal_weight=9730.12 5913.11 4867.06 3817 4590.31 1046.05 2969.41 1620.9 2881.16 2700.19 2010.34 2424.59 1580.49 1178.76 753.845 217.279 536.565 1529.26 870.42 1360.94 915.29 481.082 658.841 354.41 1392.41 1009.45 355.423 442.141 654.025 260.664
internal_count=43308 26113 21554 17195 20350 4559 13136 7214 12747 11934 8868 10882 7065 5250 3369 973 2396 6733 3834 6067 4066 2135 2899 1574 6313 4565 1596 1964 2969 1184
is_linear=0
shrinkage=0.08


Tree=3
num_leaves=31
num_cat=0
split_feature=1 1 0 11 19 19 9 9 0 10 1 5 6 3 9 11 14 10 17 5 17 14 6 14 9 6 9 22 7 13
split_gain=322.421 74.8009 62.1143 40.3443 38.9489 38.2455 29.8981 25.3816 25.203 23.1863 22.6929 19.4951 19.3858 19.3703 19.5049 19.3209 21.1088 26.9164 18.2025 18.1216 17.8244 19.208 15.973 16.8088 15.8718 16.3767 15.6842 15.5946 16.9476 20.1431
threshold=0.093715760962357189 -0.39817872789107805 -1.6278704423786139 0.70350047770744595 0.34707459402304369 0.17563167743134811 -0.45896429256322441 0.21409395936052314 -0.054585166749795154 3.3205979608701575 -0.74204458434181508 2.5040379598922766 -0.53328585386792415 -0.41719391084149932 0.94548109571919925 -0.14558224993360094 -0.76271803189637211 0.8005054908046686 3.7676438329610304 -0.48931208177793345 -0.64594055125610905 -0.36654177341782263 -0.54447988282978321 -2.631548699424358 -0.59178913834808256 -0.18127856507298948 -0.47865762783508387 1.0000000180025095e-35 -0.085282469532039398 -0.19922188121349801
decision_type=2 2 2 2 2 2 2 2 2 2 2 2 2 2 2 2 2 2 2 2 2 2 2 2 2 2 2 2 2 2
left_child=1 10 7 5 6 8 -3 -2 15 11 -1 -7 -8 24 26 16 17 -4 22 -18 21 -10 -5 -24 25 -12 -15 28 29 -6
right_child=2 4 3 18 27 9 12 -9 20 -11 13 -13 -14 14 -16 -17 19 -19 -20 -21 -22 -23 23 -25 -26 -27 -28 -29 -30 -31
leaf_value=-0.060629950238166773 0.012182148031308649 -0.027652879234106264 0.082033367329236564 0.036752916465342948 0.022401932187689825 -0.0092442146800605033 0.016239499083826565 0.048624605824247234 0.11312223392638057 0.049215777763535744 0.065215673140496089 0.10692339481080604 -0.0016379785117053506 -0.051428558748672401 0.030898756160749809 0.036423039889620284 0.028348209284431332 -0.0083861295938368538 -0.022049068846904038 -0.014687788631340857 -0.0020915009195284465 0.0093112058020097341 -0.067974207242039286 0.01959458054000433 -0.006983934528793305 -0.073989407388854816 -0.026595978936896837 -0.034260213433119087 -0.0021503951752125773 -0.034593718475108164
leaf_weight=111.7618569880724 168.84522001445293 224.10828205943108 50.323396772146225 454.74587984383106 45.226382598280907 1019.3427667468786 526.62789350748062 462.03123646974564 17.119316354393959 45.857689678668976 5.2037148028612128 8.1213611811399442 1463.4212530702353 193.29964354634285 33.077526763081551 395.19749045372009 93.724671542644501 34.924358516931534 54.730154603719711 182.80206249654293 539.96467210352421 31.642111971974373 13.053638592362402 867.5361026674509 518.09173746407032 39.40507036447525 1119.7912467569113 296.94426272809505 431.39554589986801 275.08982974290848
leaf_count=516 735 1022 220 1972 201 4531 2337 1972 74 201 24 36 6538 896 149 1731 415 151 240 810 2385 141 57 3806 2364 182 5092 1345 1931 1234
internal_value=-0.00019452 -0.0135487 0.0156933 0.0118303 -0.00604911 0.00557754 -2.60817e-05 0.0389319 0.0145581 -0.00567458 -0.025642 -0.00819067 0.00309386 -0.0235505 -0.0287654 0.024203 0.0107447 0.0452492 0.0226885 0 0.0021126 0.0478393 0.0245493 0.0181921 -0.0110186 -0.0562059 -0.0303043 -0.0187403 -0.0125488 -0.0264554
internal_weight=9723.41 5283.44 4439.96 3809.09 3262.81 2419.02 2214.16 630.876 1345.7 1073.32 2020.63 1027.46 1990.05 1908.87 1346.17 756.972 361.774 85.2478 1390.07 276.527 588.726 48.7614 1335.34 880.59 562.701 44.6088 1313.09 1048.66 751.712 320.316
internal_count=43308 23831 19477 16770 14608 10695 9897 2707 5927 4768 9223 4567 8875 8707 6137 3327 1596 371 6075 1225 2600 215 5835 3863 2570 206 5988 4711 3366 1435
is_linear=0
shrinkage=0.08


Tree=4
num_leaves=31
num_cat=0
split_feature=1 1 13 1 6 17 11 0 20 20 19 17 15 11 20 17 8 6 19 15 19 11 19 6 6 10 13 6 2 0
split_gain=276.405 73.7093 39.2873 36.9911 32.0895 30.8313 26.2833 23.912 24.0604 22.9997 28.2613 21.4665 21.3841 20.1791 19.9507 20.2811 19.6028 17.1611 16.793 31.1555 28.3502 16.7488 16.6337 16.4336 23.9671 18.1745 16.2004 17.7365 16.1875 18.2455
threshold=-0.15632425167670647 0.70844713336981557 -0.34524771508079616 -0.50869999403039634 -1.9140798412357165 -0.7688611807718907 -0.58192057834823774 0.011418366214007032 1.0000000180025095e-35 -0.29166666666666657 0.31660898911367047 -0.84111545702536439 0.87276547499790302 -0.24844498848357699 -1.0000000180025095e-35 -0.46397980412252871 -1.2325591284218345 -1.0576909692292875 0.093242565373844774 0.30293047221833896 -0.84874087000918419 1.6587050713685618 0.35459564350728084 1.1695117832151829 1.7362709560226854 0.8735055734965721 0.87209637930153694 -0.16781987777672405 -0.31649222020455309 -0.12468346679828397
decision_type=2 2 2 2 2 2 2 2 2 2 2 2 2 2 2 2 2 2 2 2 2 2 2 2 2 2 2 2 2 2
left_child=3 2 5 17 18 -2 23 8 12 10 26 -11 -6 14 15 -13 -8 -1 19 20 -3 -9 28 25 -25 -4 27 -5 -18 -30
right_child=1 4 6 9 7 -7 16 21 -10 11 -12 13 -14 -15 -16 -17 22 -19 -20 -21 -22 -23 -24 24 -26 -27 -28 -29 29 -31
leaf_value=0.044301865245630553 0.12663888275948287 0.091093718032262391 -0.03240070106163196 0.00029537105664364962 0.022672331056322725 0.013488052004252052 0.097716909235503469 0.0016845167753117866 0.038384648299443852 0.12833565555384377 -0.040814647364039544 0.044577014590084771 -0.015568080419740463 0.0023459699384621438 -0.022450627406542526 -0.015962337400220551 0.02347538167810885 -0.02983560126227533 0.018384152025907641 0.093780521496181907 0.0067387151402830241 0.02427276854469021 -0.0074912450485893249 0.09612749848831996 -0.072259625060559343 0.044407359029438764 0.043509481800879886 -0.026324853056231085 0.010677401452685474 -0.014614237250335456
leaf_weight=19.17664098739624 14.460782289505003 34.949905246496201 306.21753203868866 285.03094704449177 421.48977816104889 1209.7793127149343 12.073467463254927 672.74343959987164 522.32521626353264 6.4212287515401831 317.4011602550745 62.49865560233593 118.89297793805599 823.54593229293823 584.09078678488731 78.398903101682663 281.42008501291275 1198.0862410366535 103.89988535642624 89.682583943009377 88.51720018684864 305.29073756933212 951.34538543224335 15.243954658508303 6.943914756178855 19.915544301271439 30.996184706687927 361.8726264834404 480.55840149521828 292.62636475265026
leaf_count=87 62 148 1381 1292 1818 5296 53 2970 2244 29 1467 283 514 3676 2656 355 1244 5558 445 380 377 1327 4239 68 31 89 140 1652 2125 1302
internal_value=-0.000185279 0.0105515 0.00332876 -0.0171382 0.0215382 0.0149571 -0.00268668 0.0178299 0.0261386 -0.0116445 -0.021138 -0.0055485 0.0142208 -0.00621036 -0.0159342 0.0109566 0.000815058 -0.0286153 0.0452123 0.0580576 0.0313604 0.00876874 0.000167772 -0.0229417 0.0419123 -0.0275281 -0.0118516 -0.0145984 0.0070889 0.00108199
internal_weight=9715.9 5948.38 3590.58 3767.52 2357.79 1224.24 2366.34 2040.74 1062.71 2550.26 995.301 1554.96 540.383 1548.53 724.988 140.898 2018.02 1217.26 317.05 213.15 123.467 978.034 2005.95 348.321 22.1879 326.133 677.9 646.904 1054.6 773.185
internal_count=43308 26113 15890 17195 10223 5358 10532 8873 4576 11550 4551 6999 2332 6970 3294 638 8963 5645 1350 905 525 4297 8910 1569 99 1470 3084 2944 4671 3427
is_linear=0
shrinkage=0.08


Tree=5
num_leaves=31
num_cat=0
split_feature=11 13 10 16 0 0 11 17 21 0 20 4 20 7 7 8 7 9 4 5 17 20 7 8 10 7 11 5 5 19
split_gain=173.108 90.3009 63.4199 54.5964 47.1057 43.3193 41.8625 70.8036 35.0448 30.7644 27.1519 25.5712 25.062 24.0053 20.5013 20.5445 20.3819 19.9814 22.3467 22.1814 27.0472 19.798 20.5149 19.5352 18.3992 18.0232 22.1286 17.5084 31.5181 17.3934
threshold=0.68818247265604959 -0.34524771508079616 2.2346888000518592 -0.76475566587325916 -0.67520380816642833 -0.18897965401415698 -0.3509398134097661 -0.14373997890749599 -1.0000000180025095e-35 -1.7680250017072625 -1.0000000180025095e-35 -0.42120710786765292 -0.45833333333333331 -1.4831534614819297 -1.5987885869035223 -1.4044943724528205 -1.5370700583080572 -0.53757848103948025 -0.37421930951152077 0.066202549925003698 -0.17740670149616164 -0.37499999999999994 1.2876319762614721 -0.51607780949360549 2.9142679483835416 -0.25646559872591784 -0.65324931313717649 -0.51347811991124892 -0.67718661260021928 1.3436945458754497
decision_type=2 2 2 2 2 2 2 2 2 2 2 2 2 2 2 2 2 2 2 2 2 2 2 2 2 2 2 2 2 2
left_child=1 3 4 -1 12 14 11 10 -4 -2 -8 29 -3 -12 -5 -16 -7 -13 25 20 -20 22 -18 -15 -23 26 -19 28 -11 -6
right_child=9 2 8 5 6 16 7 -9 -10 27 13 17 -14 23 15 -17 21 18 19 -21 -22 24 -24 -25 -26 -27 -28 -29 -30 -31
leaf_value=0.10196980948223253 0.044746893172141283 -0.015843670394303861 0.065306763667822537 0.064479094500806994 -0.016367953875724758 0.034546099165858192 -0.0045524595443101161 -0.018793838156711408 -0.014979611291771116 -0.023247563694015937 -0.070444684144477743 -0.066490555012547178 0.015205065643908222 0.075530634224163867 0.054175877643541481 0.01243689566160976 -0.024910361649370782 0.054342472102005754 -0.023913672681665998 -0.038496545330657682 0.017962549437365173 0.003730288703300571 0.067011243010077409 0.020901275317920898 -0.063067455104855036 -0.070869544484905081 -0.05114622849300926 0.014975235936715885 0.090715703252259958 0.042766183195453111
leaf_weight=37.983556509017944 287.02319687604904 238.32022899389267 105.12468054890633 60.987147033214569 936.99944077432156 84.697681739926338 439.50011526048183 1538.5665697306395 50.827671229839325 21.759769350290298 15.625004932284353 99.173575296998024 542.60118767619133 46.40734526515007 83.220614418387413 750.21706932783127 358.03828723728657 18.189195394515991 341.95050694048405 347.59353323280811 137.24361653625965 756.00888492166996 15.044287443161009 386.55736042559147 26.136534705758095 125.64883315563202 35.769562140107155 1767.8047558963299 48.554197728633881 31.722120508551598
leaf_count=163 1200 1058 458 261 4314 368 1992 6994 225 93 69 473 2375 206 357 3280 1613 84 1575 1605 629 3352 66 1725 114 583 164 7690 208 144
internal_value=0.000219491 -0.00541704 -0.0109253 0.00836424 -0.0124146 0.00663642 -0.0155617 -0.0084145 0.0391491 0.0204013 0.00955474 -0.0239075 0.00570455 0.023378 0.0200448 0.0166909 -0.00303613 -0.0322302 -0.028767 -0.0231242 -0.0118802 -0.0058349 -0.0209687 0.0269769 0.00138963 -0.0543501 -0.0149604 0.0165665 0.0554819 -0.0143686
internal_weight=9735.3 7610.15 5437.82 2172.33 5281.87 2134.35 4500.95 2426.66 155.952 2125.14 888.09 2074.29 780.921 448.59 894.425 833.438 1239.93 1105.57 1006.4 826.788 479.194 1155.23 373.083 432.965 782.145 179.608 53.9588 1838.12 70.314 968.722
internal_count=43438 34247 24673 9574 23990 9411 20557 10986 683 9191 3992 9571 3433 2000 3898 3637 5513 5113 4640 3809 2204 5145 1679 1931 3466 831 248 7991 301 4458
is_linear=0
shrinkage=0.08


Tree=6
num_leaves=31
num_cat=0
split_feature=1 11 19 1 20 11 7 20 6 3 0 5 20 3 13 8 5 14 18 9 7 20 20 9 3 7 7 17 0 11
split_gain=222.282 58.4207 49.1937 33.6697 33.3031 27.0677 23.9722 23.3879 28.036 20.1176 19.4805 18.9707 18.7284 18.1008 39.3929 23.7561 18.3099 17.7649 17.3519 16.8681 21.6017 18.0251 16.5365 17.4398 17.7112 21.0241 16.9179 16.0774 15.7833 15.1577
threshold=-0.15632425167670647 1.7290250669742744 0.3246202654466766 -0.48110366012532108 -0.45833333333333331 0.19552119394197512 -0.45750848644849457 0.12500000000000003 -2.1215151157087515 -0.78851945825504388 0.29014665799885403 -0.79808104029775107 0.70833333333333337 -0.29016990727241893 0.60953746057805336 0.93607370560803849 -0.37053831470543297 -0.39642631758337227 -0.77709206205799397 -0.46286026763493965 -0.55677713335751433 -0.20833333333333329 -0.70833333333333315 -0.4744728026145022 -0.56228137085434848 -0.37777467310256868 0.12659942291691118 -0.66583757098846175 -1.0564938627040485 -0.60717376411151502
decision_type=2 2 2 2 2 2 2 2 2 2 2 2 2 2 2 2 2 2 2 2 2 2 2 2 2 2 2 2 2 2
left_child=3 2 5 22 11 7 17 9 -9 -2 18 -4 -10 14 16 -16 -6 -7 -5 20 -20 -21 -1 24 26 29 -24 -3 -29 -26
right_child=1 27 4 10 13 6 -8 8 12 -11 -12 -13 -14 -15 15 -17 -18 -19 19 21 -22 -23 23 -25 25 -27 -28 28 -30 -31
leaf_value=-0.04515528205947815 0.058770628255615381 0.10263041123975356 0.070338135183016876 0.039466013185363212 -0.011498006425562606 0.045880182959461696 0.013376370453907833 0.090187591814780588 0.02068305917120903 -0.0042968686513248427 -0.020495691917615019 -0.024025255754673094 -0.0077004680462673895 -0.004482901569228378 0.0087348943260402451 0.071234339903174404 0.039685651062404174 0.010586548385333745 0.043427862705309725 -0.013246717661431338 -0.037040312699777242 0.004926983751672138 -0.032811960112583284 -0.014574032726804685 0.073492446806758885 -0.064160088831290749 0.022906599035244828 0.04202533330179653 0.019395153315007223 -0.038727131212751238
leaf_weight=219.4914723187685 32.249354109168053 17.14861424267292 12.820898845791815 54.142824783921242 242.87172132730484 319.90939158201218 971.54826562106609 30.296281859278679 547.15423345565796 990.70331446826458 696.13085629045963 499.92142476141453 202.72386087477207 823.42527177929878 65.250732734799385 98.476935774087906 53.541820779442787 130.09252774715424 23.064283415675163 616.29237343370914 179.34788753092289 801.94826243817806 118.75836473703384 808.75695411860943 12.22139233350754 158.5464793741703 47.92925937473774 288.27551923692226 647.05076268315315 16.82882097363472
leaf_count=1050 140 72 57 247 1088 1375 4216 127 2390 4369 3175 2248 893 3647 285 429 238 566 107 2831 844 3603 563 3767 58 771 223 1203 2775 81
internal_value=0.000196348 0.00978336 0.00633089 -0.015056 -0.00427208 0.0122404 0.0204943 0.00571718 0.0161407 -0.00223037 -0.00925438 -0.0214837 0.0129938 0.00260769 0.015301 0.0466438 -0.00208953 0.0357589 -0.00456343 -0.00606988 -0.0276104 -0.00296641 -0.02498 -0.0211195 -0.0359281 -0.0527614 -0.01667 0.0279397 0.0264277 0.0091294
internal_weight=9726.92 5973.46 5020.99 3753.46 1796.31 3224.68 1421.55 1803.13 780.174 1022.95 2370.93 512.742 749.878 1283.57 460.141 163.728 296.414 450.002 1674.8 1620.65 202.412 1418.24 1382.53 1163.04 354.284 187.597 166.688 952.475 935.326 29.0502
internal_count=43438 26118 22068 17320 7992 14076 6157 7919 3410 4509 10807 2305 3283 5687 2040 714 1326 1941 7632 7385 951 6434 6513 5463 1696 910 786 4050 3978 139
is_linear=0
shrinkage=0.08


Tree=7
num_leaves=31
num_cat=0
split_feature=9 17 0 11 18 21 12 11 19 17 13 7 7 8 9 13 20 20 4 6 18 7 17 11 18 15 7 13 7 9
split_gain=129.772 62.7188 51.9623 48.2026 56.6395 44.7455 46.2226 33.5477 27.9572 31.0113 27.5888 29.8801 26.7011 41.6399 29.398 25.45 24.894 28.0623 40.0279 24.7565 27.7293 24.5072 24.6533 24.4729 28.7873 23.6542 27.6171 23.2712 21.4732 20.2464
threshold=0.028565827151393827 -0.41685903370671679 -1.2865966058739653 -0.51711691987334507 0.73559842301861378 0.37500000000000006 0.21559450868174276 0.68818247265604959 -0.54873167171681725 2.5818964849336319 0.048743756080440126 0.62292904829677209 -0.41685363727458996 0.15240510519149028 -0.13633085492702343 -0.79217827676866859 1.0000000180025095e-35 0.45833333333333343 -0.36775373191058608 -0.16781987777672405 -0.11974757283700141 0.77669787494388098 -0.57881779425658719 -0.11417767214501078 -0.040243732229198408 0.18167341748546831 -0.46770886792713029 0.088775141501638954 1.485350555776124 -0.42768008463964358
decision_type=2 2 2 2 2 2 2 2 2 2 2 2 2 2 2 2 2 2 2 2 2 2 2 2 2 2 2 2 2 2
left_child=3 21 -3 12 5 6 19 8 -4 -10 11 25 13 14 -1 -16 -8 18 29 27 -21 -2 -23 24 -13 26 -7 -5 -6 -18
right_child=1 2 7 4 28 10 16 -9 9 -11 -12 23 -14 -15 15 -17 17 -19 -20 20 -22 22 -24 -25 -26 -27 -28 -29 -30 -31
leaf_value=0.034327372905014163 0.030647492032340719 0.027731933379651661 0.013952860082658185 0.016087007365204801 -0.05023976003536057 0.046215207183992711 0.0068729169513974129 0.012660267489468278 -0.0083868140476775956 0.099841520080018009 -0.028839919718937464 0.066895769819211998 -0.02670147134255715 -0.035454056143163645 0.087418036105922567 -0.084253736198949256 -0.035887279070620642 0.0010705682626617388 0.07317756910442362 -0.002155753937722354 -0.032618662103274236 0.033032619178118894 0.12466436777432095 0.095407746567887752 -0.075843803248490882 -0.037701279737746507 -0.01205968036879956 -0.038547111482925028 0.082594184270927004 0.032843020203151892
leaf_weight=173.98072721064091 257.13445395231247 659.41110593080521 503.67611934244633 422.33203512430191 191.64384771883488 70.561666995286942 541.15660548210144 1514.3038737475872 1776.856082290411 15.897408798336981 491.91892828047276 17.915145486593246 1158.3402159512043 135.38426668941975 5.8975108414888409 24.951288402080536 36.752098694443703 125.58135731518269 160.3129396289587 530.47947116196156 298.84359395503998 37.154952615499496 40.470893889665604 32.804048508405685 15.958564758300779 130.15584352612495 187.95396815240383 55.308229073882103 6.9991153031587592 97.458233147859573
leaf_count=797 1103 2756 2209 1893 881 319 2438 6547 7967 70 2278 81 5420 626 26 112 166 557 696 2398 1370 160 175 146 74 600 869 252 32 420
internal_value=0.000178454 0.00952645 0.00701578 -0.0089621 -0.0037049 -0.00113229 0.00496276 0.0034203 -0.0026709 -0.00735426 -0.0157273 -0.00149675 -0.020919 -0.0011712 0.0215047 -0.0490157 0.0182705 0.0328624 0.0463182 -0.0048236 -0.0131787 0.0428716 0.0821284 0.0474618 -0.000303602 -0.0100467 0.00394025 0.00965486 -0.0450315 0.0137821
internal_weight=9717.59 4804.9 4470.14 4912.69 3414.14 3215.49 2268.22 3810.73 2296.43 1792.75 947.268 455.349 1498.55 340.214 204.83 30.8488 961.261 420.105 294.523 1306.96 829.323 334.76 77.6258 66.6778 33.8737 388.671 258.516 477.64 198.643 134.21
internal_count=43438 20987 19549 22451 15470 14557 10190 16793 10246 8037 4367 2089 6981 1561 935 138 4277 1839 1282 5913 3768 1438 335 301 155 1788 1188 2145 913 586
is_linear=0
shrinkage=0.08


Tree=8
num_leaves=31
num_cat=0
split_feature=1 1 19 20 6 11 17 10 6 1 10 11 18 20 20 17 3 3 11 0 20 20 22 11 20 7 8 18 5 9
split_gain=171.147 53.6492 39.0147 29.9532 28.6543 24.6986 23.6689 23.3116 23.0303 20.2798 19.2181 19.457 18.554 20.9156 33.0019 18.9408 18.2841 18.0643 20.9789 16.5707 15.341 25.1995 24.058 29.3298 40.2371 25.2963 18.799 17.5076 15.295 16.415
threshold=-0.2730695584348114 1.6293077261218456 0.36974556289061367 -0.45833333333333331 -0.67579118853729903 -0.19210820311050206 -0.84111545702536439 0.78143844938443097 -2.016487486020369 -0.69922990448893974 3.5948293182900648 2.470115059655583 0.68393376305191456 -1.0000000180025095e-35 0.54166666666666685 0.50125461225305223 0.17236352152601553 -0.75760998607290042 0.55045469375708189 1.6152640369769828 -0.54166666666666663 0.54166666666666685 1.0000000180025095e-35 -0.38816505447271843 -0.12499999999999999 -0.41685363727458996 0.32583561735906347 0.72074504422188912 -0.44580700747178975 -0.59178913834808256
decision_type=2 2 2 2 2 2 2 2 2 2 2 2 2 2 2 2 2 2 2 2 2 2 2 2 2 2 2 2 2 2
left_child=6 2 4 -4 7 -6 -1 8 -2 -8 11 -5 13 -7 -15 16 -16 -9 -19 -3 -11 22 23 25 -25 26 -22 -26 29 -24
right_child=1 19 3 10 5 12 9 17 -10 20 -12 -13 -14 14 15 -17 -18 18 -20 -21 21 -23 28 24 27 -27 -28 -29 -30 -31
leaf_value=0.1121804148514237 0.073797679114372364 0.03010190263120701 -0.021641224631200277 -0.0027704626014847136 -0.005374559241407827 0.0053202490254282446 -0.04061532797428348 0.089250200384720743 0.024144194138093066 -0.024791470103445526 0.059487398593601512 0.046545339597137587 -0.00084193822499489617 0.040867587575372309 0.0061364933179759466 0.067983089897327237 -0.053307432979309538 -0.01579666463475982 0.023588640836381694 0.0095085604800193967 0.059666335875084173 -0.025010709909770123 -0.078084258319760111 -0.009968233508193116 0.042420235263232027 -0.025412075936624718 -0.040256051743728642 -0.0096395373889002038 -0.026738656409747256 0.015667862847680961
leaf_weight=7.9640047401189795 66.571665078401566 736.18629589676857 529.58650833368301 1247.7570634484291 1039.782918035984 579.87348839640617 207.82581199705601 14.109924316406248 562.18858690559864 706.382866948843 33.609252974390984 52.182559102773666 638.03587992489338 376.29480361938477 140.86783890426159 22.714745491743088 41.926974892616272 208.13576538860798 146.35300289094448 383.67262655496597 42.114053949713707 579.56371895968914 12.175338134169577 238.60815072059631 251.28295965492725 281.52456288039684 15.582994014024733 48.537101730704308 386.7915585488081 110.19684399664402
leaf_count=36 278 3087 2414 5565 4672 2549 1020 59 2435 3369 142 221 2787 1612 614 99 184 897 621 1654 192 2708 59 1090 1115 1327 73 218 1826 515
internal_value=0.000160193 0.00707415 0.00392424 -0.00556747 0.00853674 0.00443002 -0.0161556 0.0201972 0.029551 -0.0165612 0.000820553 -0.000740489 0.0101011 0.0161164 0.026823 0.000960809 -0.00769147 0.00416492 0.000454802 0.0230749 -0.0146689 -0.0110136 -0.00513885 0.00287721 0.0144849 -0.015498 0.0322049 0.0339477 -0.018954 0.00557526
internal_weight=9708.4 6819.85 5699.99 1863.14 3836.86 2839.5 2888.55 997.359 628.76 2880.59 1333.55 1299.94 1799.71 1161.68 581.804 205.51 182.795 368.599 354.489 1119.86 2672.76 1966.38 1386.81 877.65 538.428 339.222 57.697 299.82 509.164 122.372
internal_count=43438 29890 25149 8342 16807 12517 13548 4290 2713 13512 5928 5786 7845 5058 2509 897 798 1577 1518 4741 12492 9123 6415 4015 2423 1592 265 1333 2400 574
is_linear=0
shrinkage=0.08


Tree=9
num_leaves=31
num_cat=0
split_feature=1 1 19 7 20 17 7 21 18 1 20 6 13 15 20 10 13 20 12 10 3 9 15 7 20 20 9 20 17 14
split_gain=145.724 45.141 24.5643 21.7922 21.3677 19.984 19.1081 21.9373 18.9699 18.3029 16.9228 16.3507 16.0048 15.5336 15.4909 24.7435 15.8745 15.2836 14.8869 19.9455 16.8556 18.9586 19.0382 17.5949 17.5453 17.2279 14.7827 14.084 14.0634 14.0108
threshold=-0.2730695584348114 0.70844713336981557 0.36974556289061367 2.6796732584567717 0.12500000000000003 -0.84111545702536439 0.08784374122366162 -0.37499999999999994 -0.77709206205799397 -0.74204458434181508 0.70833333333333337 -0.60544816659660283 -1.045915702712936 0.39677630024796035 -1.0000000180025095e-35 3.9551118499190472 1.4659298958359945 -0.54166666666666663 0.16503593680139481 -0.26145456106646497 -0.41719391084149932 -0.057957318309933649 0.19555217452156101 -0.64893904280287062 -0.20833333333333329 0.54166666666666685 0.30972348151409174 0.62500000000000011 -0.66583757098846175 -0.28947660730216029
decision_type=2 2 2 2 2 2 2 2 2 2 2 2 2 2 2 2 2 2 2 2 2 2 2 2 2 2 2 2 2 2
left_child=5 2 3 4 11 -1 17 8 -8 -7 -6 -2 -3 -10 15 -14 28 -4 20 -20 21 22 23 -11 26 -26 -22 -5 -16 -27
right_child=1 12 6 27 10 9 7 -9 13 18 -12 -13 14 -15 16 -17 -18 -19 19 -21 24 -23 -24 -25 25 29 -28 -29 -30 -31
leaf_value=0.10117611145166187 0.012122556212709532 0.025499735831914578 -0.035364091575331984 0.089916821977527775 0.01899891167850238 -0.048485301314598141 0.12529174710608365 -0.0071320730029193081 -0.0086455344459593682 0.050873839733363013 -0.0022607312698327245 -0.0052365020344551328 -0.00029950681836267711 0.035639792579722329 0.045962886789473856 0.069638931358719736 0.033091171604513893 -0.0090216841080677131 -0.017167868858254848 0.012067152257582408 -0.037537011518920804 0.05084442917318735 -0.037498486853706554 -0.0067190898562463587 -0.0043611781574239691 -0.0032626517928310722 -0.0072441055625446209 -0.040944673426715268 0.0064292996857837808 -0.037327352740666779
leaf_weight=8.2417177706956846 474.48979943990707 704.36318850517273 186.53523963689804 28.976577416062355 884.33965229988098 102.21516229212284 10.036283761262892 447.57225871086121 82.958594024181366 35.514763757586479 326.88418534398079 1284.5374511927366 740.02735707163811 126.13398563861847 63.472143366932869 32.640838325023651 303.57622846961021 580.15307313203812 304.40367564558983 290.65350703895092 529.51784634590149 33.94780832529068 123.02305193245411 446.86247184872627 493.09476859867573 111.19695587456226 130.05087493360043 5.5031545311212531 546.20095878839493 260.16768911480904
leaf_count=36 2052 2950 869 125 3848 515 43 2023 373 163 1448 5731 3203 558 271 138 1283 2613 1457 1345 2561 152 574 2106 2278 515 604 24 2338 1242
internal_value=0.000143983 0.00650181 0.00172394 0.00583623 0.00508317 -0.0149808 -0.00688571 0.00300299 0.0236845 -0.015362 0.0132549 -0.000542084 0.0153627 0.0180632 0.0111053 0.00274289 0.0181545 -0.0154917 -0.0141097 -0.00287246 -0.0171917 -0.00624755 -0.00956301 -0.0023383 -0.0217665 -0.0142118 -0.0316062 0.0680197 0.0106469 -0.027203
internal_weight=9697.29 6828.4 4438.12 3004.73 2970.25 2868.89 1433.39 666.701 219.129 2860.65 1211.22 1759.03 2390.28 209.093 1685.92 772.668 913.249 766.688 2758.43 595.057 2163.38 639.348 605.4 482.377 1524.03 864.459 659.569 34.4797 609.673 371.365
internal_count=43438 29890 19707 13228 13079 13548 6479 2997 974 13512 5296 7783 10183 931 7233 3341 3892 3482 12997 2802 10195 2995 2843 2269 7200 4035 3165 149 2609 1757
is_linear=0
shrinkage=0.08


Tree=10
num_leaves=31
num_cat=0
split_feature=1 1 6 11 19 20 5 5 21 15 6 9 3 7 20 7 20 20 21 20 11 5 20 5 11 14 13 5 15 19
split_gain=127.392 35.1374 33.5197 29.2038 27.7265 22.1163 22.026 24.7017 22.4156 20.6175 29.8726 20.4413 21.5123 19.6572 19.4574 23.9649 18.3222 17.438 21.0101 26.29 29.5512 21.1122 19.2584 16.8157 15.4477 17.2557 15.323 14.6252 15.7531 14.4227
threshold=0.11785242697016239 -0.38835052121846864 -2.1215151157087515 0.30097121830705692 0.82264984828884435 -0.54166666666666663 0.2691325300517769 -0.017170910587587723 1.0000000180025095e-35 -2.3495592535524126 -0.40023256941414159 -0.4744728026145022 -0.56228137085434848 0.19650179660639791 0.12500000000000003 -0.019975783521804878 -1.0000000180025095e-35 0.62500000000000011 0.37500000000000006 -0.12499999999999999 -0.52323727070640291 0.33417814253677242 0.45833333333333343 0.14483320427224891 -0.66043958263173452 -2.2343265733710003 -0.17098527885143347 3.7833372160677108 6.1454144859941993 0.22353194355464048
decision_type=2 2 2 2 2 2 2 2 2 2 2 2 2 2 2 2 2 2 2 2 2 2 2 2 2 2 2 2 2 2
left_child=1 5 14 16 6 -1 7 -5 23 -10 -11 12 26 -6 15 -2 -4 18 19 -13 -21 22 -22 -9 -18 -26 -7 28 -8 -3
right_child=2 29 3 4 13 11 27 8 9 10 -12 17 -14 -15 -16 -17 24 -19 -20 20 21 -23 -24 -25 25 -27 -28 -29 -30 -31
leaf_value=-0.03058363854784886 0.027074734276563327 0.0010485516829772403 -0.0075697976619204877 0.018906996930084508 -0.029556148707822576 0.09139346172965232 0.011288862918634273 0.093806748217365565 0.1180537488857184 0.086636834368925164 -0.019150859892193735 -0.01236493323664134 -0.04550900395273369 0.0097001786763302473 0.057105563190578579 -0.065392066399181561 -0.017267155989377427 -0.023664116289595558 -0.016163287234126252 -0.01954157896041743 0.068850057507606907 -0.0019790338220104222 0.0080881579313438756 0.033974835145922463 -0.066431633730185943 0.013348042879748251 -0.012840278449642568 -0.041717999195206648 0.069974200195639713 -0.0098213559261525404
leaf_weight=529.35607822239399 180.7565680295229 2033.1309255361557 869.47818541526794 474.71206599473953 137.9173110127449 8.2960401475429517 1036.142946973443 84.246525451540947 11.198410600423811 21.639786273241043 66.429590865969658 201.2159815877676 199.28979335725307 195.9766548871994 140.14095096290112 18.694065243005753 132.52505216002464 265.35690008103848 319.34646721184254 72.310655817389488 126.24218419194221 60.180458948016167 46.338616296648979 50.6267921179533 16.472425431013107 901.06651164591312 177.08725598454475 30.989855289459229 29.082233101129532 1265.6484528034925
leaf_count=2610 750 9106 3858 2010 602 39 4410 360 47 92 285 938 1015 846 577 78 587 1268 1527 342 560 274 211 214 70 3906 853 131 122 5816
internal_value=0.000142191 -0.00820353 0.0102088 0.00817857 0.014605 -0.0165539 0.0185222 0.0295156 0.0507669 0.0213728 0.00752332 -0.0114921 -0.0273289 -0.0065269 0.0343226 0.018009 0.00100668 -0.00587339 -0.000114934 0.00999837 0.0247784 0.0386279 0.0527728 0.0719338 0.00812016 0.0118178 -0.00755363 0.0113781 0.0129792 -0.00312034
internal_weight=9701.9 5303.8 4398.1 4058.5 2138.96 2005.02 1805.07 708.853 234.141 99.2678 88.0694 1475.66 384.673 333.894 339.592 199.451 1919.54 1090.99 825.634 506.288 305.072 232.761 172.581 134.873 1050.06 917.539 185.383 1096.22 1065.23 3298.78
internal_count=43504 24559 18945 17540 9119 9637 7671 3008 998 424 377 7027 1907 1448 1405 828 8421 5120 3852 2325 1387 1045 771 574 4563 3976 892 4663 4532 14922
is_linear=0
shrinkage=0.08


Tree=11
num_leaves=31
num_cat=0
split_feature=1 1 13 0 20 11 10 20 9 11 9 4 10 6 19 10 9 4 9 17 17 11 11 4 11 6 10 6 21 10
split_gain=107.983 30.2105 29.8153 24.2938 25.5924 22.5196 20.7697 19.34 20.8571 15.999 19.3468 15.1136 14.9762 16.8705 15.1658 14.8152 38.4608 21.3538 19.7327 17.4091 15.814 15.6516 13.8988 20.281 23.2007 16.452 20.5832 14.2191 19 14.1415
threshold=0.11785242697016239 -0.38835052121846864 -1.045915702712936 -0.13800077072515002 -0.12499999999999999 0.38832228148319292 -0.36892743195214933 -0.70833333333333315 0.94548109571919925 1.6587050713685618 5.3380423338751939 -0.45127677820054746 3.3205979608701575 -1.4376292496064587 -0.76678955663514714 0.8005054908046686 2.1225781676095901 0.33049230678952318 3.9158591181715385 0.15582017783067975 0.63562658087416135 1.3141871200117599 0.021149823294550462 -0.27093344109296008 0.28554628353139067 -0.17421542515231189 0.63013761184439465 -0.34439416332208544 -1.0000000180025095e-35 2.0076185537690612
decision_type=2 2 2 2 2 2 2 2 2 2 2 2 2 2 2 2 2 2 2 2 2 2 2 2 2 2 2 2 2 2
left_child=1 7 12 4 5 -4 -6 8 -1 10 -5 -7 13 15 -14 16 20 19 -18 -17 -2 -19 29 24 -24 26 27 -25 -29 -3
right_child=2 22 3 9 6 11 -8 -9 -10 -11 -12 -13 14 -15 -16 17 18 21 -20 -21 -22 -23 23 25 -26 -27 -28 28 -30 -31
leaf_value=-0.03707882648904786 0.088915753626685773 -0.0088138397433858966 -0.01220086860796335 -0.0054477499748148807 -0.0024237101665873953 0.075312326083482331 0.02758773756730741 -0.011967616382572576 0.095766573528174651 0.014718620270300589 0.11593602386236863 0.011374327719582999 0.042025753973162112 0.014339928785964887 -0.036259960853841401 0.0074041049639063652 -0.036051338329542208 -0.0017537958341565471 0.042276149847304573 -0.08725314050148647 0.024329218064080629 0.066264675400409201 0.05493211918776339 0.011328614710545002 -0.0030991910670536632 -0.0083042793264961751 -0.015400337273314493 0.083827013439015732 0.0084377541598274573 0.031306111333901619
leaf_weight=300.31622740626335 110.51935958862305 1767.7781337499619 373.43058478832245 1386.7481390237808 183.84415908157825 24.659241676330566 728.87274204194546 1682.7652957886457 6.5917578637599936 335.49816210567951 7.2488835752010337 303.50963062047958 21.169785127043724 555.9043153077364 52.829066544771194 94.626157954335213 37.888325825333595 30.326278880238533 42.216796576976776 13.076362341642378 33.14163713157177 71.153576716780663 94.749042749404907 315.65387290716171 80.666715681552887 744.94521634280682 148.48775912821293 44.245737954974174 41.724062204360962 56.799667105078697
leaf_count=1508 459 8111 1647 6131 788 103 3083 8098 31 1418 31 1290 88 2351 222 392 156 127 173 55 139 292 419 1398 354 3357 650 198 187 248
internal_value=0.000127917 -0.00758121 0.00937541 0.00565654 0.0127112 0.00119887 0.0215343 -0.0153635 -0.0338248 -0.0009256 -0.00470877 0.0164721 0.0210444 0.0236465 -0.013391 0.0354959 0.0498183 0.0199211 0.00509572 -0.00481302 0.0744239 0.0460382 -0.00287446 0.00290608 0.0283381 -0.000552484 0.00991824 0.0193268 0.0479956 -0.00753857
internal_weight=9691.39 5284.72 4406.66 3343.81 1614.32 701.599 912.717 1989.67 306.908 1729.5 1394 328.169 1062.85 988.853 73.9989 432.948 223.766 209.182 80.1051 107.703 143.661 101.48 3295.05 1470.47 175.416 1295.06 550.111 401.624 85.9698 1824.58
internal_count=43504 24559 18945 14491 6911 3040 3871 9637 1539 7580 6162 1393 4454 4144 310 1793 927 866 329 447 598 419 14922 6563 773 5790 2433 1783 385 8359
is_linear=0
shrinkage=0.08


Tree=12
num_leaves=31
num_cat=0
split_feature=1 0 19 7 9 20 21 7 7 10 8 11 21 11 7 12 17 5 9 9 9 17 8 17 3 12 1 15 5 12
split_gain=91.5925 28.4422 28.3914 23.3368 21.0843 21.0795 21.3632 19.4274 17.7811 17.6977 17.3578 17.3299 16.4612 15.9575 15.6091 15.3353 15.2452 35.7327 18.744 18.7785 17.3161 15.1939 14.9211 15.0289 13.807 13.7386 18.8517 13.625 13.3426 13.3364
threshold=0.042406531147574998 0.19834448001414534 0.3246202654466766 -0.40627252098623357 -0.25277141406143161 -0.70833333333333315 0.37500000000000006 0.75695863704385757 -0.92326874663913372 1.5584571187855873 -1.4570456741560232 -0.11417767214501078 1.0000000180025095e-35 -0.35790378949172025 2.8853972949105633 0.1901495342267919 -0.35751048607042807 -0.56418847580955844 0.23186012154759308 -0.14172757471345152 2.3644303265476356 -0.57881779425658719 0.3591385813456866 -0.84111545702536439 -0.084304484659721748 -0.6816880806540111 -0.57697543617848879 -0.45375422456916575 -0.49645799023966103 -0.40303251195773226
decision_type=2 2 2 2 2 2 2 2 2 2 2 2 2 2 2 2 2 2 2 2 2 2 2 2 2 2 2 2 2 2
left_child=2 4 3 16 11 -4 13 22 -3 -9 -6 28 24 15 -10 -7 17 -1 19 27 -20 -19 23 -5 -13 -23 -27 -18 -2 -25
right_child=1 8 5 7 10 6 -8 9 14 -11 -12 12 -14 -15 -16 -17 18 21 20 -21 -22 25 -24 29 -26 26 -28 -29 -30 -31
leaf_value=-0.0091236662119564011 0.00039528366471589037 0.015115875459732054 -0.038476756395315927 0.10715968935927869 0.050414603588727243 -0.035421418800697192 -0.026935778654340253 0.0060284348516413911 -0.0047816264708898425 0.088674311567909309 0.014780912946097487 0.073008479078812916 -0.02005695114491016 0.001990632817837415 0.026008130853547425 0.0038892236712671276 0.075867098777913713 0.15406327904716111 0.027221911250014913 -0.02972720054910492 -0.069319178515012875 -0.0090954010522562179 0.011953688139558603 -0.021794486712690353 -0.010317913937964029 0.16418116661541138 0.044754660904236153 0.00041734755585940656 -0.036451355302258917 -0.0078124859669369976
leaf_weight=112.54806166887283 141.78591178357601 453.13998077809811 237.09951257705688 5.5457649528980246 90.451836764812469 174.7985956966877 438.57198123633862 339.53999234735966 1571.9533918350935 16.289953827857971 2234.5835069417953 42.633876770734787 33.309614777565002 600.98123386502266 111.67415104806423 98.221030920743942 15.801925152540205 7.6504299491643897 178.03478525578976 164.67733526229858 11.538196966052054 25.13239024579525 180.42063026130199 649.88041241466999 17.217566505074501 8.4205780476331693 103.12050829827785 158.20499739050865 110.90417440235615 1347.0204540044069
leaf_count=518 625 1939 1171 24 374 842 2120 1539 6899 71 9489 182 144 2753 471 464 72 34 793 749 50 116 849 3101 74 40 465 739 497 6300
internal_value=0.000119149 0.00795385 -0.00760729 -0.00343093 0.0134561 -0.0165477 -0.0125458 -0.00716091 0.00106698 0.0101309 0.0161976 -0.00493234 0.0243115 -0.00528419 -0.00271517 -0.0212802 0.00860712 0.0245457 0.000796018 -0.0104467 0.020884 0.0507433 -0.00998916 -0.0119782 0.0491096 0.0435823 0.0555285 0.00781027 -0.0158251 -0.0123792
internal_weight=9681.15 4807.65 4873.5 3323.83 2670.89 1549.67 1312.57 2538.7 2136.77 355.83 2325.04 345.851 93.1611 874.001 1683.63 273.02 785.129 256.872 528.257 338.684 189.573 144.324 2182.87 2002.45 59.8514 136.673 111.541 174.007 252.69 1996.9
internal_count=43504 20694 22810 15460 11385 7350 6179 11884 9309 1610 9863 1522 400 4059 7370 1306 3576 1173 2403 1560 843 655 10274 9425 256 621 505 811 1122 9401
is_linear=0
shrinkage=0.08


Tree=13
num_leaves=31
num_cat=0
split_feature=1 19 9 18 20 6 10 9 10 21 6 19 13 21 20 11 20 10 5 19 17 17 5 18 19 6 14 9 4 16
split_gain=78.1909 26.09 25.9138 28.5826 25.4914 23.8691 24.2504 31.6224 23.4817 24.09 23.8365 21.0606 21.0421 18.574 28.1751 35.7777 38.6634 24.9469 23.9813 27.4558 28.1434 21.9291 20.9626 20.3439 19.4766 19.464 19.9886 18.6908 17.8363 30.3735
threshold=0.11785242697016239 0.11110488564942453 -0.49170558068104625 -0.74558610289891003 -0.54166666666666663 -1.2619630233105898 0.8005054908046686 2.1225781676095901 -0.49051634274725425 -0.62499999999999989 -0.10240075745425051 -0.88681690725889639 0.47899529056193468 0.37500000000000006 0.54166666666666685 -0.52323727070640291 0.12500000000000003 -0.38433839640323902 -0.45124266787962269 0.11938182944788432 -0.5705494024473553 -0.36348620370894247 -0.35232954838012814 2.3110956084974008 0.093242565373844774 0.10738886544451683 0.03729311575448125 -0.044685072521306428 0.6619408468999769 -0.35664904126916236
decision_type=2 2 2 2 2 2 2 2 2 2 2 2 2 2 2 2 2 2 2 2 2 2 2 2 2 2 2 2 2 2
left_child=2 5 3 -1 -4 6 7 -2 9 10 -5 -8 -3 14 15 21 17 -17 19 20 -15 22 24 -16 -6 27 -27 -19 29 -18
right_child=1 12 4 8 13 -7 11 -9 -10 -11 -12 -13 -14 18 23 16 28 25 -20 -21 -22 -23 -24 -25 -26 26 -28 -29 -30 -31
leaf_value=0.0057715228697396989 0.069278474987576152 -0.0092100222980749328 -0.014677967070631117 0.14001828898351565 -0.021487829896870342 0.0095492118406636847 0.065297176050783043 0 -0.056970750647374793 -0.025692719945388749 -0.011303778047507011 0.0039439134860920636 0.0076962382961032428 0.016971266420984048 -0.012860688036939832 -0.024777966855037883 0.0044898969085776378 0.038524483822572501 -0.015392934160153089 -0.013676926265375051 0.11500821745645617 -0.035665342106557862 0.11734713130548148 0.072530101178206546 0.038581815478058092 -0.07230794992472668 0.001218144006099201 0.0050216567107915205 0.00057297543815154422 0.053644049161406297
leaf_weight=176.06936767697334 149.92207273840904 769.28447912633419 1154.1973881423473 10.429874271154405 104.1041631102562 1959.4168245047331 41.354910090565681 58.500281259417534 158.00929693877697 279.37203554809093 14.910801395773886 230.50902456045151 1211.0533729493618 58.926139920949936 682.06870706379414 155.98892951011658 113.6909051835537 208.15801551938057 862.77486272156239 90.694446086883545 26.914029717445374 165.80461536347866 8.8680439889430982 17.11822672188282 50.186071395874023 24.498371794819832 295.15178708732128 219.82706747949123 93.517018988728523 280.67180892825127
leaf_count=852 617 3374 5520 52 486 8351 169 239 796 1417 76 957 5238 271 3159 711 496 933 4078 428 122 768 41 76 239 109 1331 973 412 1213
internal_value=0.000110432 0.00795124 -0.00648641 -0.0215777 -0.00438903 0.0134871 0.0294637 0.0499462 -0.0319982 -0.0188367 0.0540409 0.0135666 0.00112116 -0.000948423 0.00289009 0.00839603 0.0140088 0.00418127 -0.00988956 0.0168618 0.0490091 -0.0152743 0.00548355 -0.0106322 -0.0017248 0.0102695 -0.00462894 0.0214065 0.0321315 0.0395603
internal_weight=9671.99 4420.04 5251.95 638.791 4613.16 2439.7 480.286 208.422 462.722 304.713 25.3407 271.864 1980.34 3458.96 2419.65 1720.47 1391.5 903.624 1039.31 176.535 85.8402 328.963 163.158 699.187 154.29 747.635 319.65 427.985 487.88 394.363
internal_count=43504 18945 24559 3193 21366 10333 1982 856 2341 1545 128 1126 8612 15846 10947 7712 6178 4057 4899 821 393 1534 766 3235 725 3346 1440 1906 2121 1709
is_linear=0
shrinkage=0.08


Tree=14
num_leaves=31
num_cat=0
split_feature=1 0 11 19 19 7 11 12 10 3 9 0 11 4 3 4 13 13 10 6 4 6 9 4 6 4 6 10 20 14
split_gain=69.0272 31.77 22.1772 20.1172 17.0872 17.4991 16.0953 19.2345 16.4213 14.2986 24.2406 21.0237 17.286 16.2439 28.0375 14.2298 19.5973 28.1715 30.931 22.0154 21.4715 17.7926 20.7791 17.8464 17.1057 19.2045 17.9581 27.1143 17.6735 16.1578
threshold=-0.26819292451104088 -1.5108303291210585 0.12528491544680667 0.86012722596209334 0.3246202654466766 -0.40627252098623357 -0.54927771010876902 0.51737844252122689 -0.48484897816936207 -0.56228137085434848 -0.29875600506935729 0.22064829721214022 -0.14558224993360094 0.2834418264723258 0.25318748449179468 -0.29761161723460522 0.66331796636756823 -0.26242924571958431 -0.24058721330053581 0.99076142201625095 -0.74804952408387626 0.46990168409867622 0.3197531791336678 -0.40384220416448285 0.945266485258769 -0.22631855506076806 -1.4376292496064587 0.95762988348183764 0.29166666666666669 1.8929953486011837
decision_type=2 2 2 2 2 2 2 2 2 2 2 2 2 2 2 2 2 2 2 2 2 2 2 2 2 2 2 2 2 2
left_child=4 -2 15 -4 5 -1 -6 -8 -9 12 -11 13 -7 14 -12 16 17 18 -3 21 -20 23 -23 -18 26 -26 27 28 -17 -27
right_child=1 2 3 -5 6 9 7 8 -10 10 11 -13 -14 -15 -16 24 19 -19 20 -21 -22 22 -24 -25 25 29 -28 -29 -30 -31
leaf_value=0.0083614295954325263 0.020060551617271161 0.075076575712731033 0.0095609290353591489 -0.0091118399346074071 -0.03900194015648429 0.00030886615586443701 -0.018458147617615661 -0.034759254703278473 0.047135110306128158 -0.02591787556979086 0.011575031767955924 -0.027595424639310046 0.080931202694653218 -0.010444599108964234 0.11743232902975299 0.018499428786835546 0.059331873241111492 -0.0082928584020941568 0.068998760238494994 0.0036501934989354684 0.0014869291882530051 0.11616374007982609 -0.0098156790910899055 -0.070370203083117588 -0.050717870377817852 0.056815009125777874 -0.013756435488051505 -0.044097420429619526 0.10102159165249325 -0.0055387940923979345
leaf_weight=412.56252056360245 743.56836041808128 51.051627188920975 2798.5592032074928 423.74044744670391 210.22231858968735 304.89892852306366 578.71018975973129 20.651458159089088 54.422465085983276 581.59829044342041 241.87965229153633 170.22565080225468 16.847046986222267 229.94701071083546 16.030932545661926 53.965629130601883 15.441077351570131 873.80121886730194 32.528141736984253 101.63692374527454 288.78497904539108 37.557103365659714 10.245828151702879 10.250978723168371 19.8683180809021 66.920020684599876 1200.0764651596546 29.125310391187668 23.614732101559639 42.771340429782867
leaf_count=1934 3059 224 12034 1856 1066 1466 2816 104 254 2930 1137 798 76 1086 75 228 67 3994 136 441 1256 166 44 47 88 300 5406 125 100 191
internal_value=0.000100379 0.00446253 0.00254936 0.00709921 -0.0103809 -0.00625854 -0.0197637 -0.0134993 0.0242577 -0.0101326 -0.0140324 -0.00348208 0.00485255 0.00495419 0.0187145 -0.00257773 0.00309015 -0.000432111 0.0179494 0.0280535 0.00859 0.0610397 0.089338 0.00630441 -0.00819249 0.0193802 -0.0109506 0.0202963 0.0449269 0.0325967
internal_weight=9661.5 6823.51 6079.94 3222.3 2838 1973.99 864.006 653.784 75.0739 1561.43 1239.68 658.083 321.746 487.858 257.911 2857.64 1421.3 1246.17 372.365 175.132 321.313 73.495 47.8029 25.6921 1436.34 129.56 1306.78 106.706 77.5804 109.691
internal_count=43504 29762 26703 13890 13742 9502 4240 3174 358 7568 6026 3096 1542 2298 1212 12813 6375 5610 1616 765 1392 324 210 114 6438 579 5859 453 328 491
is_linear=0
shrinkage=0.08


Tree=15
num_leaves=31
num_cat=0
split_feature=9 13 18 0 7 16 16 11 11 18 11 16 11 19 16 12 19 6 7 6 5 16 7 15 20 11 7 6 10 15
split_gain=53.1229 33.894 33.902 29.2204 24.617 27.4617 23.774 22.8563 21.4827 21.3222 21.5927 21.2017 27.4479 20.7775 19.8938 19.7811 18.5144 18.4698 17.9251 16.0213 20.2856 15.7899 18.2515 18.0763 18.9346 16.8491 19.7277 20.6967 16.8321 15.7494
threshold=0.028565827151393827 -0.33535116980530139 0.17632276293722257 -0.081627271709162175 0.13358524305374772 0.23585839640351661 -0.42625613331250256 3.0032992759567496 -0.70417771324805967 -0.10065731884309674 -0.16996022574025946 -0.12686276000524682 -0.18479554747540475 0.21572809616999694 -0.76475566587325916 0.7382640587720799 0.41695516517844528 -0.12033052717682433 0.22536549383763185 0.06784219418685293 -0.44046191624598124 -0.41464576125759961 0.22536549383763185 -0.71186697019014755 0.20833333333333334 -0.62807176766709871 0.046510689274353527 0.16284042303599089 -0.013748915265554303 -1.4680854074151195
decision_type=2 2 2 2 2 2 2 2 2 2 2 2 2 2 2 2 2 2 2 2 2 2 2 2 2 2 2 2 2 2
left_child=1 2 9 6 -4 -6 18 8 -3 14 -11 12 21 19 -1 29 -8 -7 -2 20 -14 25 -23 -24 -25 -10 28 -28 -27 -13
right_child=3 7 4 -5 5 17 16 -9 11 10 -12 15 13 -15 -16 -17 -18 -19 -20 -21 -22 22 23 24 -26 26 27 -29 -30 -31
leaf_value=0.070254388371440907 0.020977156077414856 -0.045286486911822757 -0.032723498587062326 -0.00019703293906228202 -0.077325459084693723 0.080655026827226556 0.013656321833368413 0.10113063667827818 0.016625102119718065 0.0068643420643144624 0.077456957669406801 0.10774819120202453 0.0066344410211620587 -0.0036339979360531121 0.0064891074635998478 0.0014071631782480538 -0.0049235502286049089 -0.041582574251695273 0.074952328898239426 0.013198768217424939 0.086128159867106827 -0.01120681826562892 0.036153391977442682 -0.071770918609041126 -0.01373939370314795 -0.0087245361798878665 0.019792049403362596 -0.012176482128666417 -0.037883385689084982 -0.023378599940539188
leaf_weight=32.416266947984695 111.77954337000847 104.93313266336918 175.14287139475346 2590.7395157068968 11.504589006304739 36.245838046073914 1672.8632311969995 10.725257471203802 205.5734545737505 47.546775564551353 67.595129027962685 4.7018006443977347 35.001745760440826 340.39139440655708 477.44599702954292 281.5736820101738 430.02495573461056 9.0785871148109418 61.651427403092384 210.79659761488438 50.544314414262772 444.50640462338924 16.14990496635437 97.334293693304062 58.650157704949379 382.64143474400043 246.21637514233589 270.73408813774586 190.16944894194603 974.26000799238682
leaf_count=135 465 530 797 11373 52 164 7112 44 998 216 296 22 151 1529 2115 1291 1889 42 256 922 225 2188 74 482 286 1823 1153 1260 884 4702
internal_value=-0.000272297 -0.00626129 0.00813678 0.00560951 -0.0178931 0.027338 0.01222 -0.00940959 -0.00974645 0.0178328 0.048781 -0.00875033 -0.00454274 0.00982166 0.0107221 -0.0172358 0.00985053 0.0554716 0.0406162 0.02527 0.0542828 -0.00933587 -0.0198658 -0.0419244 -0.0502989 -0.00430012 -0.00827241 0.0030371 -0.0184849 -0.0226054
internal_weight=9648.94 4781.88 856.976 4867.06 231.972 56.829 2276.32 3924.9 3914.18 625.004 115.142 3809.25 2548.71 636.734 509.862 1260.54 2102.89 45.3244 173.431 296.343 85.5461 1911.98 616.641 172.134 155.984 1295.33 1089.76 516.95 572.811 978.962
internal_count=43476 22381 3817 21095 1055 258 9722 18564 18520 2762 512 17990 11975 2827 2250 6015 9001 206 721 1298 376 9148 3030 842 768 6118 5120 2413 2707 4724
is_linear=0
shrinkage=0.08


Tree=16
num_leaves=31
num_cat=0
split_feature=1 6 11 10 19 5 19 14 9 20 15 5 6 20 20 7 10 21 11 5 5 4 21 19 20 4 9 20 5 17
split_gain=49.6524 28.7341 23.0615 18.1622 26.9771 17.0173 30.2014 24.7717 20.1168 17.5804 15.5874 15.4313 15.2993 14.5854 15.8575 14.5437 14.0058 20.7212 14.8084 13.3608 16.0149 20.4819 16.5081 33.3443 26.8719 41.546 22.2637 18.4926 14.7319 13.7751
threshold=-0.35044742362279818 -1.9140798412357165 0.028518231914654021 2.0076185537690612 0.093242565373844774 0.12755512015259904 -0.57246812326622609 0.72015443756630149 1.7269314485783827 0.20833333333333334 1.1212434790722463 3.7833372160677108 0.9027437279391185 -0.54166666666666663 0.79166666666666685 -1.8014703478394081 0.12448995886857935 1.0000000180025095e-35 -0.12145854026074777 -0.51921467126825194 -0.50348800369253899 -0.47582943571564784 -1.0000000180025095e-35 -0.54873167171681725 0.54166666666666685 1.0000000180025095e-35 -0.070520219520230784 -0.12499999999999999 -0.27130870623097536 -0.3098573754353699
decision_type=2 2 2 2 2 2 2 2 2 2 2 2 2 2 2 2 2 2 2 2 2 2 2 2 2 2 2 2 2 2
left_child=13 3 5 4 -2 6 9 -8 10 12 -9 19 -3 15 -15 -1 17 18 -7 29 -21 -22 24 26 27 -26 -24 -23 -25 -4
right_child=1 2 11 -5 -6 16 7 8 -10 -11 -12 -13 -14 14 -16 -17 -18 -19 -20 20 21 22 23 28 25 -27 -28 -29 -30 -31
leaf_value=0.11995488293753633 0.049970154610618059 0.00033136250378920347 0.028680880281018707 -0.006606612937005824 0.0047379262807767889 -0.053512098115112983 -0.0091590533237086765 0.015510883895670511 -0.059139355546624098 0.034287250713718957 0.072071588991271848 -0.048871029273898907 0.064542858814300011 -0.004006633534429975 -0.028290337681307367 -0.022853453992885617 0.001489116363303468 -0.0062726464931558701 -0.010365858931477106 -0.060335094791268661 0.074208910191113669 0.0071260284628050135 -0.022986681095383665 0.0153998845107358 -0.052869531382236004 0.0074906592488043411 0.026691668148088828 0.025970691468623307 -0.0091517277568288185 -0.079307118414807726
leaf_weight=3.403022661805152 202.47091649472713 331.03818082809448 218.18460921943188 105.14913702011108 145.62583643198013 154.57719707489014 1519.3686563521624 179.95061467587948 18.340442985296249 207.78835989534855 37.103673040866852 31.678290411829948 24.417755365371704 1452.0478835552931 194.50606979429722 569.85441288352013 242.02317361533642 258.47592383623123 77.762508690357208 22.655683964490891 26.305701017379761 729.17852567136288 67.12025074660778 176.8685424476862 97.859591975808144 275.55148512125015 371.07262691855431 618.26478110253811 1273.7245157361031 6.6436057686805716
leaf_count=16 823 1474 917 436 606 706 6960 793 79 902 159 134 107 7040 967 2927 1074 1194 349 96 113 3181 289 760 426 1192 1557 2611 5561 27
internal_value=-0.000252391 0.00288725 0.00161357 0.02238 0.0311629 -0.00359763 -0.00023068 -0.00541023 0.0186598 0.0158619 0.0255776 0.00567733 0.00497828 -0.0107472 -0.00690104 -0.021736 -0.0142133 -0.0219654 -0.0392502 0.00614034 0.00496827 0.00539825 0.00486896 -0.000289635 0.0105342 -0.00841455 0.0190129 0.0157971 -0.00613967 0.0250327
internal_weight=9639.01 7419.2 6965.95 453.246 348.097 3050.85 2318.01 1754.76 235.395 563.244 217.054 3915.11 355.456 2219.81 1646.55 573.257 732.839 490.816 232.34 3883.43 3658.6 3635.95 3609.64 1888.79 1720.85 373.411 438.193 1347.44 1450.59 224.828
internal_count=43476 32526 30661 1865 1429 13797 10474 7991 1031 2483 952 16864 1581 10950 8007 2943 3323 2249 1055 16730 15786 15690 15577 8167 7410 1618 1846 5792 6321 944
is_linear=0
shrinkage=0.08


Tree=17
num_leaves=31
num_cat=0
split_feature=1 6 11 10 19 4 15 15 18 10 10 20 9 3 6 20 20 15 9 4 3 15 10 11 17 11 10 1 13 21
split_gain=42.1766 24.355 20.2693 14.9511 18.5668 14.6826 13.7936 12.8409 19.6613 22.8675 17.7472 20.8839 21.9962 13.8491 19.9669 12.6518 27.4929 23.9004 17.6375 21.7583 17.4107 22.3324 18.5848 15.4369 22.5211 14.2735 21.1474 13.8742 13.6445 13.4597
threshold=-0.35044742362279818 -2.1215151157087515 0.028518231914654021 2.0809208946836768 0.093242565373844774 1.3811796745072462 1.6677935991787047 -0.64250777606570664 0.25582415692518884 2.9142679483835416 2.1515296235180297 0.37500000000000006 0.18655467822811736 0.32331590287623435 1.0201730397465381 -0.29166666666666657 0.45833333333333343 1.1212434790722463 0.88264466910619377 -0.4660153744180246 -0.56601670750668154 0.24942986856142249 -0.22381891601358742 2.1987838613462203 2.0457111984656664 0.62424924655957248 -0.34718501620454051 0.56433058404921888 -1.0171161880736452 1.0000000180025095e-35
decision_type=2 2 2 2 2 2 2 2 2 2 2 2 2 2 2 2 2 2 2 2 2 2 2 2 2 2 2 2 2 2
left_child=-1 3 5 4 -2 7 -6 8 9 -3 -9 12 -12 -10 -15 17 -17 23 19 20 21 -18 -22 -4 29 26 -20 -28 -26 -25
right_child=1 2 15 -5 6 -7 -8 10 13 -11 11 -13 -14 14 -16 16 18 -19 25 -21 22 -23 -24 24 28 -27 27 -29 -30 -31
leaf_value=-0.0099371170289801348 0.049603370196196039 0.025067974274857772 0.00068631550519108076 -0.0052289621396053336 0.064019174549832164 -0.044613042863251143 -0.0049703593892968167 -0.006287264641094463 -0.077288387051941076 -0.057449112982146291 0.073588842525691076 0.076164328409222645 -0.029294898863991916 -0.015694763551747811 0.075075343920752366 0.015385161311196372 -0.053081531660274441 -0.021415170280269485 -0.10100000517624338 -0.01570782263910946 -0.045813333981968761 0.064044369252169761 0.12041979493248876 0.06507614286302231 0.022416564352521845 0.0030435224234113588 0.024274745275784132 0.092436024955873566 -0.069883879100186438 0.01106258483967858
leaf_weight=2209.1156840771437 159.21197593212128 327.63575276732445 986.79784922301769 91.982383459806442 21.539745315909386 52.887125432491302 98.709919080138206 2401.5270705521107 18.139525949954987 21.795637562870979 17.431635484099388 35.462631031870842 45.26947595179081 132.61646282672882 16.328795224428177 1554.2535874843597 21.523857712745667 283.15161636471748 5.2864215075969687 530.15133738517761 4.6722895503044155 18.037048563361168 18.826458767056465 74.300250798463821 18.818940073251724 307.20920218527317 55.097428351640701 29.776178747415543 19.882187873125076 50.418358460068703
leaf_count=10950 643 1422 4337 381 89 241 409 10984 81 93 73 149 193 587 72 6580 90 1249 23 2323 20 76 79 307 78 1288 242 125 83 209
internal_value=-0.000235822 0.0026525 0.00159644 0.022587 0.0317684 -0.0032851 0.00779905 -0.00253901 0.00892228 0.0197078 -0.00491522 0.0282009 0 -0.0135423 -0.00514327 0.00536531 0.00875021 -0.000638249 -0.00165417 -0.0103935 0.033557 0.000338743 0.0862616 0.00448302 0.0271641 0.0113542 0.0391286 0.0492825 -0.0253765 0.0436496
internal_weight=9627.86 7418.74 7047.3 371.444 279.462 3069.09 120.25 3016.21 516.516 349.431 2499.69 98.1637 62.7011 167.085 148.945 3978.2 2544.83 1433.37 990.58 593.211 63.0597 39.5609 23.4987 1150.22 163.42 397.369 90.16 84.8736 38.7011 124.719
internal_count=43476 32526 31004 1522 1141 13895 498 13654 2255 1515 11399 415 266 740 659 17109 10846 6263 4266 2588 265 166 99 5014 677 1678 390 367 161 516
is_linear=0
shrinkage=0.08


Tree=18
num_leaves=31
num_cat=0
split_feature=9 19 21 11 12 7 6 9 8 5 5 6 21 5 13 7 5 9 4 19 11 19 3 6 15 14 7 19 3 18
split_gain=36.14 27.8158 21.7619 19.0764 22.3898 20.5591 17.4612 18.4907 17.5764 18.1037 17.1286 17.9861 15.7421 30.071 29.012 25.6779 18.9595 17.1484 16.445 16.1734 18.5597 16.0137 15.4849 14.8601 27.3723 14.9911 14.9264 14.6365 14.4568 14.269
threshold=-0.46286026763493965 -0.50920059979652288 0.37500000000000006 0.68818247265604959 0.69045186309545703 -0.24897010371501951 -1.3372985907972181 1.3692856360600374 -1.4044943724528205 -0.46364678824069866 2.5669499972577667 -1.0353672355527257 0.62500000000000011 2.4057586569462455 6.7535039708179063 0.81696039591230252 -0.45124266787962269 -0.40566245335824064 -0.60960674404554693 0.068019015657733356 -0.71870557600796314 0.45727028261475683 0.68257157585089401 0.9027437279391185 -0.26361169319586863 -0.50990346851158241 2.6796732584567717 0.71987580848240906 0.72842155918348939 2.2736870242339555
decision_type=2 2 2 2 2 2 2 2 2 2 2 2 2 2 2 2 2 2 2 2 2 2 2 2 2 2 2 2 2 2
left_child=-1 6 3 4 23 10 7 -2 9 -8 22 -12 14 21 16 -15 17 27 -19 20 -18 -14 -5 24 25 -3 -25 -4 -24 -26
right_child=1 2 12 5 -6 -7 8 -9 -10 -11 11 -13 13 15 -16 -17 19 18 -20 -21 -22 -23 28 26 29 -27 -28 -29 -30 -31
leaf_value=-0.015281809705559401 0.058595780639328583 -0.0020393407274386923 0.086731907271549433 0.019278861938094218 0.010836704792977617 0.0022131433496206956 0.088283479283747593 0.011712578137854349 0.0044523563407378782 0.018903851362709889 0.02061232460042934 -0.061084465459297167 0.0046155984015796318 0.12251931414034506 0.080883180305547545 -0.021646438781603997 0.1150050787347181 -0.036830889921099751 0.020202829208172474 -0.03243321529406458 -0.011827580149169122 -0.01910221291437347 0.14941087066589673 0.0076380081240850252 -0.0043365894962295835 -0.036376433700096966 0.1064818973540482 -0.033831365419054932 0.04471968322663105 0.04217696868103514
leaf_weight=920.54795980453491 88.242395102977753 115.8962359726429 24.961074739694595 298.08682949841022 731.51419538259506 848.32446478307247 28.876473858952522 139.35835793614388 1778.2982429713011 130.48776169121265 39.701967641711235 28.57529890537262 509.03021892905235 21.419824942946434 18.266113296151161 11.47193658351898 6.358223244547843 58.86955127120018 68.783446058630943 462.8427724391222 305.80497759580612 281.85298086702824 8.4789174497127515 332.85499747097492 1914.8446445465088 279.35599660873413 8.9146268069744092 7.660738304257392 105.73418739438057 41.928551495075226
leaf_count=4657 363 511 117 1251 3246 3605 122 570 7785 549 163 121 2340 94 76 49 29 271 310 2186 1397 1328 36 1468 8832 1288 38 37 446 191
internal_value=-0.000217948 0.00137706 -0.00122663 0.00159497 -0.00155895 0.00972745 0.00923296 0.030154 0.00675222 0.0321159 0.0229284 -0.0138711 -0.00877695 -0.000658029 -0.0157687 0.0728934 -0.0177704 0.00717559 -0.00610425 -0.0229479 -0.00877541 -0.00383788 0.029074 -0.00493283 -0.00720139 -0.026375 0.0106148 0.0578688 0.0540684 -0.00330856
internal_weight=9617.34 8696.8 6531.53 4754.21 3425.31 1328.9 2165.26 227.601 1937.66 159.364 480.577 68.2773 1777.32 823.775 953.547 32.8918 935.281 160.275 127.653 775.006 312.163 790.883 412.3 2693.8 2352.03 395.252 341.77 32.6218 114.213 1956.77
internal_count=43476 38819 29430 21196 15574 5622 9389 933 8456 671 2017 284 8234 3811 4423 143 4347 735 581 3612 1426 3668 1733 12328 10822 1799 1506 154 482 9023
is_linear=0
shrinkage=0.08


Tree=19
num_leaves=31
num_cat=0
split_feature=9 20 20 11 21 19 6 17 20 11 13 7 10 9 11 5 17 0 7 8 15 13 20 11 8 9 13 12 4 13
split_gain=30.8288 30.1055 37.1966 24.5994 23.9345 22.518 21.2094 26.0918 20.7297 28.1132 27.4126 22.9706 20.7306 20.6851 20.4422 31.118 20.3546 21.7478 21.2456 19.0835 17.0958 16.6351 16.2525 16.1458 16.1307 20.1592 19.6008 21.3966 16.0822 32.3231
threshold=-0.46286026763493965 -0.29166666666666657 0.54166666666666685 2.1987838613462203 0.37500000000000006 0.36210932729883505 1.7362709560226854 1.8942584128652709 1.0000000180025095e-35 -0.52323727070640291 -3.4636105777128061 0.10690710854381813 2.0809208946836768 0.88264466910619377 0.26181167870170946 -0.248592613613588 -0.42752924516597757 0.083380685916305583 0.27280448711223271 -1.4044943724528205 1.4046385437456828 -1.9230315097094535 0.12500000000000003 -0.19210820311050206 0.47616414238847177 1.97356124543778 -0.41915376463767001 -0.3028555188017375 1.3060213358726196 1.0000000180025095e-35
decision_type=2 2 2 2 2 2 2 2 2 2 2 2 2 2 2 2 2 2 2 2 2 2 2 2 2 2 2 2 2 2
left_child=-1 3 4 5 8 -2 -5 -8 11 20 -11 12 14 16 15 -3 17 18 -4 -15 -10 22 -6 -19 26 -26 27 -13 -12 -30
right_child=1 2 13 6 21 -7 7 -9 9 10 28 24 -14 19 -16 -17 -18 23 -20 -21 -22 -23 -24 -25 25 -27 -28 -29 29 -31
leaf_value=-0.01416162106861665 -0.0025172336337327622 0.033862667550651142 0.0073374743879710928 0.030587499827763164 -0.00049302745656594569 -0.017929173988462284 0.012099678628418225 -0.082643575864825194 -0.012191792853001402 -0.027766984745357035 0.028627129431776997 -0.049873826498975468 -0.040683088743619415 0.083965941060603982 0.037686168155735257 -0.014587875365199428 -0.01503343335243904 -0.033689472850621537 0.066745964282859754 0.0065480822655323914 0.072348516447969954 -0.0040511558868920458 0.087348185670765605 0.017926785553863657 0.033538308737015146 -0.04172206447043135 -0.030175979946835241 0.030903783416467427 -0.036000162601796636 0.032328371897364531
leaf_weight=914.26052084565163 1984.9736763685942 148.76055774092674 116.99727991223335 210.33977533876896 27.507519751787186 874.45708657801151 61.271584630012512 25.275301694869995 226.26531204581261 64.041322588920593 1204.2705787271261 26.836566179990768 38.965676248073578 20.254367366433144 221.10059349238873 193.92772080004215 1030.0928788483143 97.809092313051224 56.91265869140625 430.95557279884815 15.196524396538733 904.95167358219624 24.713263794779778 62.456815540790558 95.774110734462738 28.547658279538155 240.71356534957886 81.970996886491776 76.751016885042191 101.39866119623184
leaf_count=4657 9042 661 526 866 115 4163 254 107 1029 262 5086 116 165 83 937 866 4753 456 249 1822 66 4120 102 269 418 120 1061 349 326 430
internal_value=-0.000196536 0.00127249 0.0048276 -0.00495995 0.00940721 -0.00724018 0.0169023 -0.0161844 0.0131813 0.0187134 0.0229309 0.00448545 0.0148408 -0.00455391 0.0187778 0.00645432 -0.00946797 0.00764412 0.0271718 0.0102633 -0.00649029 -0.00148339 0.0418811 -0.0135162 -0.00866607 0.0159272 -0.0174725 0.0105448 0.0253102 0.00278004
internal_weight=9607.75 8693.49 5537.17 3156.32 3721.69 2859.43 296.887 86.5469 2764.52 1687.92 1446.46 1076.6 602.755 1815.48 563.789 342.688 1364.27 334.176 173.91 451.21 241.462 957.172 52.2208 160.266 473.843 124.322 349.521 108.808 1382.42 178.15
internal_count=43476 38819 24387 14432 16229 13205 1227 361 11892 7199 6104 4693 2629 8158 2464 1527 6253 1500 775 1905 1095 4337 217 725 2064 538 1526 465 5842 756
is_linear=0
shrinkage=0.08


Tree=20
num_leaves=31
num_cat=0
split_feature=20 9 19 0 21 4 7 6 3 11 11 11 9 13 14 3 4 7 6 4 18 10 9 21 19 6 6 9 9 21
split_gain=28.5402 27.5943 23.7841 21.4921 21.2146 21.008 26.0802 18.1306 20.6336 17.6817 16.6839 16.7505 16.1533 14.864 14.693 14.3191 20.2723 14.0154 13.647 14.8692 13.2841 12.9626 12.5566 15.0937 20.1786 21.1408 17.2325 16.9575 17.6468 14.8366
threshold=-0.54166666666666663 -0.43476122276559653 -0.41195619182700433 0.2656030174134974 0.37500000000000006 -0.44106161903504443 -0.7780061645605314 -2.016487486020369 -0.60527909757073617 -0.6238322206349205 2.1987838613462203 4.2501138901161415 -0.1955739986667516 -3.0117284226796692 -3.409388895668418 0.054285611643623381 0.51726821344408036 0.12659942291691118 0.030550225346886426 -0.68318336340733776 -0.085617057961661788 -0.78722010332591741 -0.58252184097388982 0.62500000000000011 -0.60518880920170803 -0.10844688492467448 0.53557794674341663 -0.46286026763493965 -0.56710596528720247 -0.37499999999999994
decision_type=2 2 2 2 2 2 2 2 2 2 2 2 2 2 2 2 2 2 2 2 2 2 2 2 2 2 2 2 2 2
left_child=2 5 4 7 10 6 9 -3 -9 -2 15 -12 -6 -4 -14 20 -17 -15 19 -11 -1 -8 -23 24 25 -24 -27 28 -26 -29
right_child=1 3 13 -5 12 -7 21 8 -10 18 11 -13 14 17 -16 16 -18 -19 -20 -21 -22 22 23 -25 27 26 -28 29 -30 -31
leaf_value=-0.001116541004432298 0.17929822085049715 0.033106050003186914 0.034226990235252261 -0.001831183263580036 -0.00097675703303369164 -0.026285332985171585 0.094014732066930798 0.026599321907057667 0.0048539441189178337 0.16425414159887075 0.07776178068312882 -0.026140757267364638 -0.04230114541875455 -0.020866609727294302 0.061428772632002811 -0.047402217317075203 0.0012735036279491513 -0.0058655158114387885 -0.031916532482267779 0.014509366441167593 0.05573364104454076 -0.042580445270893275 0.086021755243301537 0.030904372673192602 0.039732953337401067 -0.023743850983963494 0.10310043609380878 -0.035899619640574698 -0.03684115864652187 0.048529115396367672
leaf_weight=222.34879775345325 5.9304049909114829 171.63581518828869 40.392697513103485 2403.0018329173326 62.05363804101944 346.67720504105091 6.9926709681749335 302.65342119336128 3519.4647050052881 6.3297823071479824 28.965120643377304 13.859140053391455 8.7390517592430097 896.27925527095795 85.397397980093956 105.30566176772118 111.62200905382633 724.28233101963997 10.996704399585722 10.786393240094187 28.575549304485321 56.018706262111664 24.619870185852051 70.235859021544456 20.193707972764969 41.588245019316673 6.9563376158475867 19.241152808070183 197.92907863855362 37.020811855792999
leaf_count=1014 27 699 168 10616 311 1828 33 1323 15587 29 118 56 36 4328 371 478 491 3387 52 51 126 288 115 343 100 195 32 89 973 171
internal_value=-0.000140568 0.00233034 -0.00784738 0.00414238 0.00489527 -0.0110972 -0.000809364 0.00773909 0.00658679 0.0655985 -0.00299094 0.0440674 0.0305823 -0.0129706 0.051262 -0.00742567 -0.0224315 -0.0141788 0.034846 0.0776752 0.00554448 -0.00568794 -0.00741847 -0.00256669 -0.00944829 0.0275136 -0.00327746 -0.0194246 -0.0295186 0.0192996
internal_weight=9586.09 7258.27 2327.82 6396.76 666.866 861.517 514.84 3993.75 3822.12 34.0433 510.676 42.8243 156.19 1660.95 94.1364 467.852 216.928 1620.56 28.1129 17.1162 250.924 480.796 473.804 417.785 347.549 73.1645 48.5446 274.385 218.123 56.262
internal_count=43435 32551 10884 28225 3001 4326 2498 17609 16910 159 2283 174 718 7883 407 2109 969 7715 132 80 1140 2339 2306 2018 1675 342 227 1333 1073 260
is_linear=0
shrinkage=0.08


Tree=21
num_leaves=31
num_cat=0
split_feature=1 20 9 18 15 20 20 4 15 5 15 14 14 21 3 9 10 21 19 9 4 9 4 17 0 14 19 21 5 15
split_gain=24.9478 25.885 19.3979 19.9547 18.6687 17.9826 25.9281 17.9208 19.2702 17.8144 24.4015 18.3391 18.954 17.8354 16.4895 23.1389 16.4159 15.6709 18.8651 16.4963 16.0173 22.3451 18.1685 15.3388 17.4577 17.1873 15.1157 15.0976 19.5749 17.5783
threshold=1.6293077261218456 -0.54166666666666663 -0.43476122276559653 0.25582415692518884 -0.12722840878913297 0.54166666666666685 -1.0000000180025095e-35 1.2198936540515886 1.0001404968907699 -0.3607508051013259 -0.42974977244590357 -0.36654177341782263 0.12744894680161153 0.37500000000000006 0.6448255436539797 -0.014456044735566323 2.4063811811224087 0.37500000000000006 -0.052057966653185232 0.65483116980893674 -0.36775373191058608 -0.083285525623804244 -0.3156670227535518 -0.61486708295359704 -0.14490037105704021 -0.61821528234125156 0.035623896952741776 0.62500000000000011 -0.2403763115968974 -0.24727773106550918
decision_type=2 2 2 2 2 2 2 2 2 2 2 2 2 2 2 2 2 2 2 2 2 2 2 2 2 2 2 2 2 2
left_child=1 4 3 -3 27 6 9 8 -6 10 26 16 -13 -14 17 -16 -12 20 19 -19 23 22 -22 24 -8 -25 -4 28 -1 -29
right_child=-2 2 5 -5 7 -7 14 -9 -10 -11 11 12 13 -15 15 -17 -18 18 -20 -21 21 -23 -24 25 -26 -27 -28 29 -30 -31
leaf_value=0.01580439965863668 0.010881197008897184 -0.0072500787826730549 -0.032678082935769744 -0.058986247583141006 -0.014136187737510056 -0.004772435454013459 0.06363679155223162 0.013199482656332607 -0.042785416029805443 -0.0058420459364894083 0.064577522711303889 -0.012319975084101023 0.049007158652626281 -0.015305123495349576 -0.04463803932343325 0.0055074863955069508 -0.059791314737579426 0.010411673433067439 -0.015879780655176767 0.082117509521120055 0.091004893880761731 0.015249820517681619 0.034538929302957384 0.044276059976011542 0.0030402431474294044 -0.01526326659012286 0.082083436057531683 0.038744529898852555 -0.013889384059198324 -0.036320259071137964
leaf_weight=203.70038910210133 1156.9663651436567 800.85775758326054 86.441543906927109 49.69025082886219 948.43709489703178 1527.6983274966478 51.196528166532516 123.64220829308033 178.80029918253422 1418.956848308444 79.37922964990139 113.86657780408859 100.12369124591351 36.927601754665375 66.21284019947052 464.27666778862476 6.389267921447753 179.25148893892765 197.45975390076637 22.185413181781769 41.54058963060379 514.3016569763422 300.37360268831253 35.381729319691658 73.938620880246162 202.01417300105095 6.8252088874578467 106.47853358089924 461.22732099890709 23.349279090762138
leaf_count=941 4805 4027 379 275 4671 6940 215 569 837 6402 341 523 446 172 311 2000 27 803 923 92 182 2171 1298 147 317 876 30 494 2105 116
internal_value=-0.000126325 -0.00164143 0.000869704 -0.0103655 -0.00946924 0.00260344 0.00542614 -0.0155563 -0.0187318 -0.0015132 0.0127218 0.0227599 0.0116629 0.0316094 0.011402 -0.000815458 0.0544776 0.0154136 0.00161081 0.0188078 0.0199154 0.0258812 0.0417285 0.00575362 0.0282961 -0.00616112 -0.0232169 0.000105301 -0.0047626 0.0249437
internal_weight=9577.89 8420.92 6375.29 850.548 2045.64 5524.74 3997.04 1250.88 1127.24 1848.91 429.953 336.686 250.918 137.051 2148.13 530.49 85.7685 1617.64 398.897 201.437 1218.75 856.216 341.914 362.531 125.135 237.396 93.2668 794.756 664.928 129.828
internal_count=43435 38630 28897 4302 9733 24595 17655 6077 5508 8320 1918 1509 1141 618 9335 2311 368 7024 1818 895 5206 3651 1480 1555 532 1023 409 3656 3046 610
is_linear=0
shrinkage=0.08


Tree=22
num_leaves=31
num_cat=0
split_feature=0 20 6 7 20 19 10 4 18 18 7 5 19 10 9 19 5 6 9 7 20 20 19 21 7 9 2 8 6 14
split_gain=21.8236 21.0553 15.0363 21.3327 22.0326 20.7882 17.8519 16.3631 21.715 20.59 19.102 17.5663 15.9871 14.8628 22.4106 14.5942 14.5563 18.9749 16.7827 15.3606 14.2908 14.0609 13.6371 13.453 13.0748 12.9349 12.8096 12.6112 12.4701 12.2391
threshold=-0.68923156963104026 0.20833333333333334 -0.50792184219701297 0.20291176577959394 -0.54166666666666663 0.83477344651116381 0.8554489091873837 0.13737985401771352 -0.080035589790571834 0.32676019698978848 0.44728838213759781 0.32445201871159296 1.4026178452255664 -0.30001963985478813 -0.21481781753915571 -0.060635430763152677 -0.33789852326948705 -1.5408812950113291 -0.070520219520230784 0.0813994982826962 0.45833333333333343 0.54166666666666685 -0.2676993930732548 0.62500000000000011 -1.1751762283838716 -0.54259705057697349 0.86630089546537736 -1.3607350936086127 -4.2462821351628479 3.894216991653638
decision_type=2 2 2 2 2 2 2 2 2 2 2 2 2 2 2 2 2 2 2 2 2 2 2 2 2 2 2 2 2 2
left_child=1 -1 5 4 13 6 7 8 15 -9 11 -11 -5 14 -4 16 19 -18 -19 -2 22 -3 -6 -12 -13 -22 -14 -8 -29 -27
right_child=2 21 3 12 20 -7 27 9 -10 10 23 24 26 -15 -16 -17 17 18 -20 -21 25 -23 -24 -25 -26 29 -28 28 -30 -31
leaf_value=0.0011569373710601577 0.061744498186962281 0.030411730013176898 -0.019665194987766827 0.00044304909870405648 -0.010364046446977139 -0.022959635860124707 0.034651295536858105 -0.026640217836935862 0.054198766754644384 0.15246816571099953 -0.033402821926906759 0.043184616989665851 0.097596469452212314 -0.028857794430105659 0.028856483192093919 0.00047009767994423985 0.093724053984815967 0.028521360074799391 -0.036570383067016675 0.0027645096719550138 -0.051540872383500823 0.0077900998363874732 0.0049631578365562836 0.065590554271154955 0.0073862004324291184 -0.011576826772033732 0.016700756496178599 0.040073640545148524 -0.013258303132366808 0.08848733262091496
leaf_weight=1262.074799284339 99.283476397395134 331.04435144364834 215.90025059878826 2456.7088536173105 566.05200009047985 162.46614314615726 43.711254328489304 120.5597552806139 105.91089926660061 5.0056788474321356 79.144687041640282 85.821387842297554 17.388353258371353 477.48791247606277 83.399856299161911 246.92946852743626 12.712868109345434 46.599718332290649 52.670962899923325 40.084512189030647 51.796134322881699 379.91011986136436 1075.1861900389194 8.673944413661955 269.33922427892685 769.65487864613533 42.000586122274399 28.786126911640167 425.44099327921867 6.6909807324409476
leaf_count=5379 435 1368 1137 11270 2619 732 184 533 464 22 341 364 77 2363 397 1117 53 211 228 176 278 1594 5027 38 1195 3659 187 117 1842 28
internal_value=-0.000117978 0.00737429 -0.00206665 -0.00407521 -0.00835999 0.00423901 0.00690573 0.0122938 0.0214498 0.00251797 0.0104418 0.0186138 0.00144942 -0.0201056 -0.00604347 0.0143515 0.0278741 0.00615992 -0.00591982 0.0450347 -0.00465236 0.0183738 -0.000319495 -0.022738 0.0161865 -0.013212 0.0420479 -0.00575922 -0.00975542 -0.0105638
internal_weight=9568.44 1973.03 7595.41 5762.27 3246.17 1833.14 1670.67 1172.74 604.192 568.545 447.985 360.166 2516.1 776.788 299.3 498.281 251.352 111.984 99.2707 139.368 2469.38 710.954 1641.24 87.8186 355.161 828.142 59.3889 497.938 454.227 776.346
internal_count=43435 8341 35094 27042 15508 8052 7320 5177 2684 2493 1960 1581 11534 3897 1534 2220 1103 492 439 611 11611 2962 7646 379 1559 3965 264 2143 1959 3687
is_linear=0
shrinkage=0.08


Tree=23
num_leaves=31
num_cat=0
split_feature=20 9 20 19 20 7 3 7 5 9 17 10 19 15 0 13 9 0 7 13 13 20 15 9 17 10 21 13 13 4
split_gain=19.1679 25.8134 21.73 19.2286 20.05 38.3605 20.1814 40.8698 17.2439 16.4693 18.5494 20.6141 17.9681 19.0598 16.4159 16.3686 19.6473 16.1152 16.0949 21.6146 15.7362 15.32 18.4317 25.3804 17.7583 22.4031 14.6123 34.0185 26.866 18.7016
threshold=-0.29166666666666657 -0.43476122276559653 0.54166666666666685 -0.043968023904480687 0.29166666666666669 -0.23359499038222797 -0.38162842632129917 -0.079966378740588942 -0.63198688826597416 0.79735081162487609 0.13134063142151511 0.18003119206864168 0.62656561209182537 0.25827263196372791 1.5538217570240411 -2.3327995827448427 1.2639391247444625 -1.7680250017072625 0.23373744101694696 0.22516532125879465 -0.086913338541225557 0.12500000000000003 0.01742884325984153 1.3692856360600374 0.91542042798408707 0.64846114088476381 0.37500000000000006 -1.8385647757716317 -2.0083322192422646 -0.36775373191058608
decision_type=2 2 2 2 2 2 2 2 2 2 2 2 2 2 2 2 2 2 2 2 2 2 2 2 2 2 2 2 2 2
left_child=15 3 21 4 5 20 7 -6 18 10 11 12 13 14 -4 16 -1 -11 -5 -20 -2 22 -3 -24 -25 -26 28 -28 -23 -30
right_child=1 2 9 8 6 -7 -8 -9 -10 17 -12 -13 -14 -15 -16 -17 -18 -19 19 -21 -22 26 23 24 25 -27 27 -29 29 -31
leaf_value=0.0876274040559126 0.090341258181874884 -0.0045820870569694494 0.012368550698152934 -0.021645086772571421 -0.018766944876976652 -0.039354883201418646 -0.017201700988856018 0.078478990828061632 -0.038374353924179816 0.045811546241880267 -0.020654124452760065 -0.014081787521509031 -0.020486597709290542 0.051228240486135335 -0.092909406636991085 -0.0062855247301793317 0.0080542739971654134 0.0038085861504194543 0.071205385692707374 -0.049218951961284445 -0.00083169293378182409 -0.019941613330042903 0.018375119114539519 -0.049027805639761876 -0.027922912171896352 0.059144501813991737 0.083267571912887278 -0.0048740898370533128 0.0035218583176294211 0.026321631949367281
leaf_weight=20.869487300515175 22.594097569584846 977.92121747136116 255.08720006048679 87.695533573627472 44.658494487404823 131.1548253595829 57.599959418177605 69.156430840492249 222.88265623152256 66.681370332837105 448.47952227294445 380.02428196370602 89.399159997701645 88.889404445886612 8.6318309754133207 3261.1018578857183 208.17086416482925 430.14964325726032 31.812652871012688 12.314557000994681 24.116178065538406 112.00482402741909 659.26203338801861 65.378545418381691 45.393837973475456 30.595644652843475 28.771858811378479 429.45137391984463 306.64000351727009 943.78504677116871
leaf_count=86 107 4280 1169 439 222 664 309 339 1168 268 2105 1709 421 403 38 15358 866 1834 153 60 117 462 2919 274 191 128 118 1938 1303 3987
internal_value=-0.000104973 0.00260969 0.0045013 -0.0117764 0.00152118 -0.017202 0.0210029 0.0404198 -0.0248652 -0.00275707 -0.00759022 -0.000428597 0.0112893 0.0194217 0.00847214 -0.00482939 0.0157758 0.00956684 -0.00179402 0.0369206 0.044177 0.00806849 0.0027762 0.0117723 -0.018831 0.00735206 0.0132266 0.000837246 0.0173803 0.0207488
internal_weight=9560.67 6070.53 5366.55 703.985 349.28 177.865 171.415 113.815 354.705 1767.34 1270.51 822.032 442.008 352.608 263.719 3490.14 229.04 496.831 131.823 44.1272 46.7103 3599.2 1778.55 800.63 141.368 75.9895 1820.65 458.223 1362.43 1250.43
internal_count=43435 27125 23547 3578 1758 888 870 561 1820 7947 5845 3740 2031 1610 1207 16310 952 2102 652 213 224 15600 7792 3512 593 319 7808 2056 5752 5290
is_linear=0
shrinkage=0.08


Tree=24
num_leaves=31
num_cat=0
split_feature=1 20 15 6 21 8 13 7 11 19 20 4 15 21 7 14 11 15 10 7 9 14 21 12 11 21 7 9 5 21
split_gain=18.1051 17.4822 15.6269 15.3738 17.9349 15.0199 20.3683 29.4974 15.9148 17.1892 15.2329 14.7396 17.2564 14.6511 14.2573 15.5833 14.2489 19.5825 23.318 14.2597 14.0818 17.0966 14.1402 14.0568 13.5703 13.3558 13.1891 13.944 12.6777 16.8454
threshold=1.6293077261218456 -0.54166666666666663 -0.12722840878913297 -0.56966481236866862 -0.62499999999999989 0.53769139217756934 -0.81121696849044655 -1.3184744916517228 -0.014780649206952601 0.026838162904500241 0.29166666666666669 1.2198936540515886 1.0001404968907699 0.62500000000000011 0.16856579273615016 -1.3785926389051555 0.27745918294617533 0.41801376768297988 1.1977614587746341 0.41752145755483466 1.0000000180025095e-35 -1.1500961821542779 0.37500000000000006 0.56986863505043406 -0.33871607215448962 1.0000000180025095e-35 -1.8878188757387362 -0.039274097544769952 -0.2403763115968974 0.62500000000000011
decision_type=2 2 2 2 2 2 2 2 2 2 2 2 2 2 2 2 2 2 2 2 2 2 2 2 2 2 2 2 2 2
left_child=1 2 28 4 -3 6 7 -6 9 10 -8 12 16 -10 -13 -16 26 18 19 -18 23 -22 -23 -19 -7 -12 27 -4 -1 -30
right_child=-2 3 11 -5 5 24 8 -9 13 -11 25 14 -14 -15 15 -17 17 20 -20 -21 21 22 -24 -25 -26 -27 -28 -29 29 -31
leaf_value=0.016033907492807822 0.0092659688724898992 0.029825240499691565 0.10382676839717447 -0.0014041365464576136 0.037525812007280272 -0.057550631696230932 0.003697191849328622 -0.0087399457164787451 0.03240294343722161 -0.018361777066613058 0.017626149814840213 -0.0054155200864672137 -0.039410149473784774 0.10852688309854532 -0.051683355236067804 0.076062515256057325 0.025875583047184913 -0.040882758416822762 -0.091773204174270137 -0.039320071513298686 -0.017592847858687671 0.050969968553286601 0.15543333799413772 0.094647399404893723 -0.0047689284254882128 0.098758268043544706 -0.018767865389932307 -0.041055403747394435 -0.012103324220184772 0.025492831522201713
leaf_weight=243.97392754256725 1159.0422071069479 206.2919352799654 10.31181710958481 4985.4163484871387 105.02325986325741 40.102125629782677 76.237348139286041 518.12381458282471 144.119389757514 89.506022274494171 26.629179641604424 86.110703721642494 175.13089317083359 17.676272436976433 6.5197450369596472 31.206888124346733 57.919091150164604 21.866210415959362 19.556851863861084 32.489436700940132 14.463753819465635 34.452835530042648 11.110902741551397 5.0080050975084296 130.75299607217312 26.283306986093521 723.61600105464458 5.7656358778476706 457.26524883508682 90.194438397884369
leaf_count=1131 4805 881 46 22940 434 188 332 2206 619 411 118 398 837 76 29 142 268 105 89 148 63 161 51 23 575 117 3690 27 2105 420
internal_value=-9.97451e-05 -0.00139567 -0.00786434 0.000663145 0.00813084 0.00428347 0.00802759 -0.000866101 0.0225831 0.00835776 0.0269661 -0.0134825 -0.0164035 0.0415309 0.0125493 0.0527651 -0.0120437 0.00700716 -0.0152912 0.00210755 0.0351837 0.0564318 0.0800353 -0.0122332 -0.0175423 0.0594452 -0.0171334 0.0519323 0.000898329 -0.00584525
internal_weight=9552.17 8393.12 2026.96 6366.16 1380.75 1174.45 1003.6 623.147 380.452 218.656 129.15 1235.53 1111.69 161.796 123.837 37.7266 936.561 196.867 109.965 90.4085 86.9017 60.0275 45.5637 26.8742 170.855 52.9125 739.693 16.0775 791.434 547.46
internal_count=43435 38630 9733 28897 5957 5076 4313 2640 1673 978 567 6077 5508 695 569 171 4671 908 505 416 403 275 212 128 763 235 3763 73 3656 2525
is_linear=0
shrinkage=0.08


Tree=25
num_leaves=31
num_cat=0
split_feature=1 3 12 11 9 3 18 21 9 21 6 7 6 15 7 7 21 7 20 9 14 17 5 5 13 15 5 17 11 7
split_gain=21.2996 16.8862 22.9153 23.9103 17.3111 15.8748 28.2948 17.0352 13.863 15.083 12.5527 13.8425 12.1424 15.6852 13.6917 13.2055 11.2221 22.2799 12.0892 12.4487 11.9521 11.8611 12.4703 11.159 15.0988 12.0646 16.9252 24.1283 16.6689 11.3504
threshold=-0.15632425167670647 -0.41464576125759961 -0.081146765292633177 -0.20789346924731034 0.30972348151409174 0.6448255436539797 0.5731288803024005 -1.0000000180025095e-35 -0.59178913834808256 -0.62499999999999989 -2.1215151157087515 0.059631022332252905 -0.12661161459488876 0.14057968820603658 -0.096439186223149523 -0.049950745838549089 0.62500000000000011 0.366376340686771 -0.20833333333333329 -0.24822542695498909 0.25359918299895395 0.28402369817143286 -0.053031778210161772 3.7833372160677108 -1.5514085313207044 6.1454144859941993 1.6457574292306669 0.4411804843453157 2.3214935364771665 -4.7806419326201492
decision_type=2 2 2 2 2 2 2 2 2 2 2 2 2 2 2 2 2 2 2 2 2 2 2 2 2 2 2 2 2 2
left_child=1 8 4 5 16 6 7 12 9 -1 11 -2 -4 15 -15 -14 -3 -18 20 -20 21 22 -19 25 -25 29 27 -27 -28 -12
right_child=10 2 3 -5 -6 -7 -8 -9 -10 -11 23 -13 13 14 -16 -17 17 18 19 -21 -22 -23 -24 24 -26 26 28 -29 -30 -31
leaf_value=0.081858793706275607 0.02156004530883451 -0.023192943624383552 -0.014607134681424732 0.012075485212629508 0.00079415076381441773 -0.053762229480646573 0.098482983198451834 -0.023832688212497403 0.0054393608478781963 -0.051871140685238258 -0.05704132430189153 -0.033685112842963862 0.0058277698090983803 0.061064859750024264 -0.072058796749231976 0.0919078566011306 -0.018656622587464814 0.090289238597144231 0.14509673898364767 0.029995789180657772 -0.052063307291060318 0.15194558994333768 -0.061229537465814686 -0.0020759593783520902 -0.11331560912446527 0.088204390363725335 -0.018749732787874271 -0.053984093926238277 0.085696160218954265 0.0016130572214237482
leaf_weight=4.951706036925315 336.07172207534313 973.56721125543118 56.886003538966179 532.2902959883213 340.00728441774845 52.845253825187683 14.306858167052267 248.49827042222023 975.35868065059185 45.72938583791256 19.986622422933578 30.535563141107559 19.062114417552948 6.5521460622549084 12.507889598608015 29.108397200703621 143.3470693230629 4.9113464802503577 9.9482968747615832 15.609669774770735 12.268305182456968 3.8306250274181357 6.8449583649635342 21.065489113330841 11.471077144145964 9.681720703840254 12.243575021624563 24.357761085033417 38.477472364902496 5539.6677602976561
leaf_count=27 1371 4906 285 2482 1588 271 73 1301 4726 250 82 126 97 34 63 150 758 24 51 74 63 20 36 88 50 40 52 102 159 24112
internal_value=-0.000371881 -0.00533009 -0.00889832 0.000671502 -0.0150611 -0.0130999 -0.00736629 -0.0117657 0.00329149 -0.0369828 0.00250498 0.016831 0.0122953 0.0350907 -0.0247971 0.0590568 -0.0196737 -0.00216499 0.0413119 0.0797445 0.00379885 0.0490608 0.00364299 0.00157435 -0.0442859 0.00185019 0.0315988 -0.011575 0.0604022 0.00138778
internal_weight=9551.99 3508.43 2482.39 972.057 1510.33 439.767 386.922 372.615 1026.04 50.6811 6043.56 366.607 124.117 67.2305 19.06 48.1705 1170.33 196.76 53.4132 25.558 27.8552 15.5869 11.7563 5676.95 32.5366 5644.41 84.7605 34.0395 50.721 5559.65
internal_count=43461 17279 12276 4756 7520 2274 2003 1930 5003 277 26182 1497 629 344 97 247 5932 1026 268 125 143 80 60 24685 138 24547 353 142 211 24194
is_linear=0
shrinkage=0.08


Tree=26
num_leaves=31
num_cat=0
split_feature=19 6 18 6 1 12 21 21 5 7 6 15 14 6 17 9 10 4 4 4 5 12 0 20 7 18 15 9 7 7
split_gain=19.5698 17.2932 20.3495 16.9925 14.5896 17.694 16.4976 13.8365 14.2118 13.8091 13.7904 13.9497 12.7336 12.068 11.7549 17.0153 19.8717 17.7217 16.8457 14.185 12.6418 12.5959 12.3789 11.5962 12.2089 11.7006 11.4014 13.1884 13.514 18.2805
threshold=-0.50920059979652288 -0.56966481236866862 -0.77067572954878616 0.46990168409867622 -0.15632425167670647 0.18181442164544417 0.62500000000000011 1.0000000180025095e-35 -0.78499916055785912 0.34738543273686523 0.12700542085416516 -0.15933026965420213 0.25359918299895395 0.018633376450182888 -0.45900536180447477 -0.49170558068104625 -0.1615173101942303 -0.76394073487264202 -0.75698237036503557 -0.76892561785075542 -0.81513035337243556 -0.48400635553427374 0.55974073512147837 0.20833333333333334 0.5968559071202636 0.33157189967189471 -0.50243703911796478 0.33189444652818828 0.49024715042615102 1.485350555776124
decision_type=2 2 2 2 2 2 2 2 2 2 2 2 2 2 2 2 2 2 2 2 2 2 2 2 2 2 2 2 2 2
left_child=1 2 -1 12 5 6 14 8 -5 -8 13 -12 23 -11 15 18 22 20 19 -2 -18 -16 -17 24 -3 -25 27 -4 -29 -30
right_child=4 3 26 7 -6 -7 9 -9 -10 10 11 -13 -14 -15 21 16 17 -19 -20 -21 -22 -23 -24 25 -26 -27 -28 28 29 -31
leaf_value=0.10585544579660504 -0.0091416756841427721 -0.011151890528477407 -0.023961321624615024 0.099601108225382443 0.00045759775691112283 0.0055019858649905037 -0.0037970276249799958 0.033011240741495376 -0.00049929211689783248 0.037660715739141745 0.032250706975487618 -0.058085230374960675 -0.036478692029007505 0.13513282358158729 -0.026426956163712888 0.043780139871389533 0.05506230971571531 0.0041547848761898281 -0.046849839286252866 0.094977626276572705 -0.067534389147866233 -0.01068921014792789 -0.057954715030887359 0.017762966505719662 0.019181019450558775 -0.0088700277010110278 0.028110486589477873 0.0060718273644589857 0.080454868024490964 -0.020078742740130547
leaf_weight=14.897822663187979 51.873452633619308 650.82684834301472 73.926052510738373 8.2333769649267179 4370.7800095081329 578.7319747209549 247.34853577613831 171.6319842338562 234.6867898106575 35.330281734466553 30.596996799111366 15.471816033124922 67.261354252696037 10.342075154185293 544.90204285085201 96.40990287065506 5.2119821757078162 216.58588886260986 90.618736535310745 8.7287416607141477 37.866929605603218 823.34718982875347 7.1838074922561637 312.63671311736107 96.282007351517677 157.50854301452637 247.37641340494156 285.62436857819557 36.47825725376606 15.873546943068503
leaf_count=61 267 3021 313 36 19103 2836 1285 742 1006 172 147 80 301 52 2753 460 23 1024 481 44 185 4070 35 1403 425 693 1045 1181 152 65
internal_value=-0.000343327 0.00595039 0.0167812 0.00163692 -0.00242846 -0.00693524 -0.0101815 0.0156997 0.00331721 0.00602079 0.0323275 0.000953892 -0.00290265 0.0628829 -0.0131079 -0.002763 0.00660444 -0.00519982 -0.0252187 0.00721379 -0.0513405 -0.0169832 0.0360279 -0.00100341 -0.00720228 0.00881503 0.0145616 0.00633744 0.0130614 0.0499812
internal_weight=9544.57 2373.24 674.176 1699.07 7171.33 2800.55 2221.82 414.552 242.92 339.09 91.7412 46.0688 1284.52 45.6724 1882.73 514.479 363.259 259.665 151.221 60.6022 43.0789 1368.25 103.594 1217.25 747.109 470.145 659.279 411.902 337.976 52.3518
internal_count=43461 10444 2817 7627 33017 13914 11078 1784 1042 1736 451 227 5843 224 9342 2519 1727 1232 792 311 208 6823 495 5542 3446 2096 2756 1711 1398 217
is_linear=0
shrinkage=0.08


Tree=27
num_leaves=31
num_cat=0
split_feature=0 10 1 20 18 5 20 20 9 11 2 21 11 6 10 17 11 6 0 19 8 19 8 14 6 19 14 10 4 8
split_gain=17.4954 14.9629 13.0468 12.0335 11.922 19.1748 23.0069 22.6788 16.3312 14.9903 14.539 14.4315 13.8017 13.2311 12.3719 15.0023 11.8244 11.5238 13.1473 10.8497 13.2191 10.6075 13.4779 10.315 12.4954 14.5367 10.2768 10.0599 13.9596 12.0676
threshold=-0.25474029857786912 -0.34718501620454051 -0.69922990448893974 0.62500000000000011 0.16563176098775881 0.36915059357196978 -0.37499999999999994 0.45833333333333343 -0.014456044735566323 -0.12145854026074777 0.73803236997511001 -0.62499999999999989 -0.41090074036058066 -0.11422481123886576 1.0000000180025095e-35 0.60519138566923381 0.43824882801387527 0.35981332613147132 0.44481008418594103 0.085098339146399651 -0.066000326446589153 -0.54873167171681725 -0.45355692006959453 -4.0655990990896376 -0.59222623814418174 0.83477344651116381 -0.72078915183275905 -0.57033197107637479 1.0776622829303684 -0.13324890164572942
decision_type=2 2 2 2 2 2 2 2 2 2 2 2 2 2 2 2 2 2 2 2 2 2 2 2 2 2 2 2 2 2
left_child=1 -1 -2 4 23 6 17 9 12 11 16 -8 13 -7 -14 -16 -11 -6 -19 20 21 -3 -23 -4 25 -25 -27 28 -10 -30
right_child=2 19 3 -5 5 8 7 -9 27 10 -12 -13 14 -15 15 -17 -18 18 -20 -21 -22 22 -24 24 -26 26 -28 -29 29 -31
leaf_value=-0.0054857545373816806 -0.024559084365698137 0.012373468982470912 -0.050715838880119546 -0.010395948382714152 -0.049933638992276007 -0.067272544856984584 0.056701841067294055 -0.046700109165906722 0.085632740639472599 0.037524457317218776 -0.027068631223182146 -0.034925378520234411 -0.036554584660804544 0.078793528463334414 -0.037868873564676817 0.10186087721687899 -0.0027722002936657782 0.020601912071672775 -0.048978295777821382 0 0.025240776312653656 -0.015741323864118324 0.010284266320133411 0.017894088533197385 0.00044130132273389712 0.025875911842971715 -0.046247273097520622 0.0014856669873446894 0.063915843592379895 -0.030534209125241171
leaf_weight=791.93433237075806 172.27047957479954 948.76744961738586 21.659231409430504 974.93601097166538 151.57178309559822 4.2668521404266384 11.414812907576559 69.948818027973175 20.919987797737122 126.27149105072021 44.649579107761383 85.499642893671989 153.24333481490612 13.950988054275511 8.7784036099910754 8.5885643661022169 72.379276588559151 38.372136101126671 29.712091788649559 933.08658914268017 324.75751331448555 238.80158111453056 269.83929085731506 520.37013505399227 2178.5891696363688 17.128652065992355 39.806824162602425 1230.952582642436 12.445862472057341 22.419884264469147
leaf_count=3639 977 4012 89 4569 776 23 53 324 92 566 193 421 764 73 42 41 308 194 139 4147 1408 1033 1174 2272 10256 74 183 5462 56 101
internal_value=-0.000315232 0.00417538 -0.00292931 -0.00228627 -0.000662461 -0.00520321 -0.0168749 -0.00561342 -0.000203583 0.00293339 0.0135551 -0.0234495 -0.022104 0.0419218 -0.0292556 0.0327033 0.0228537 -0.0377043 -0.00991221 0.00699875 0.0106559 0.00737956 -0.00191923 0.00277587 0.00322252 0.0136746 -0.0242568 0.00301857 0.0358891 0.00385331
internal_weight=9537.33 3507.19 6030.15 5857.88 4882.94 2105.39 629.82 410.164 1475.57 340.215 243.3 96.9145 188.828 18.2178 170.61 17.367 198.651 219.656 68.0842 2715.25 1782.17 1457.41 508.641 2777.55 2755.89 577.306 56.9355 1286.74 55.7857 34.8657
internal_count=43461 15413 28048 27071 22502 9628 2974 1865 6654 1541 1067 474 943 96 847 83 874 1109 333 11774 7627 6219 2207 12874 12785 2529 257 5711 249 157
is_linear=0
shrinkage=0.08


Tree=28
num_leaves=31
num_cat=0
split_feature=0 7 8 20 11 18 18 21 13 18 4 21 7 13 9 6 15 6 6 14 9 7 11 7 9 11 6 9 2 17
split_gain=14.8395 10.8018 13.096 13.7255 12.6315 14.3183 14.6361 13.7328 14.8324 13.2071 24.1708 13.9689 15.6361 19.2982 12.3669 19.4564 17.8907 13.5032 16.8083 12.253 14.3569 20.0793 17.5297 14.4515 11.8942 16.6765 16.5374 11.4542 12.3208 11.0172
threshold=-0.25474029857786912 -0.62098592301066458 0.64756096110196382 0.79166666666666685 -0.52323727070640291 -0.39350410104189532 -0.35944642097960716 -0.62499999999999989 5.7165308768776546 -0.43911977597980711 -0.44106161903504443 0.62500000000000011 0.24189749863485707 0.20890363722182867 -0.13633085492702343 -0.60544816659660283 0.49905984634714162 -0.67579118853729903 -0.2593020008437677 -1.1500961821542779 0.16029329544416873 -0.0070363387931303301 -0.48274136393330253 0.059631022332252905 1.9112794536029283 1.034327270170561 -1.2302225058411467 -0.56710596528720247 -0.62959487267612191 0.69825293210432837
decision_type=2 2 2 2 2 2 2 2 2 2 2 2 2 2 2 2 2 2 2 2 2 2 2 2 2 2 2 2 2 2
left_child=-1 2 14 -4 5 9 -7 8 19 11 -11 -3 -13 -14 16 -16 17 -2 -19 24 21 -21 -23 -24 26 -26 -6 -20 -29 -17
right_child=1 4 3 -5 7 6 -8 -9 -10 10 -12 12 13 -15 15 29 -18 18 27 20 -22 22 23 -25 25 -27 -28 28 -30 -31
leaf_value=0.0038386194153058112 0.082049420354860361 -0.016305515528569025 -0.0055073100124021094 -0.064674939101659834 0.13629518187420797 -0.048340960590202417 -0.014432833693387548 -0.0044114397545968282 0.085304189108863712 0.1390786369366207 0.008408896324971769 -0.0050137547202376218 0.10296082500988998 -0.047743355336963993 0.013832013981335387 -0.023885381784908701 -0.018811495838921048 -0.013895794514095144 -0.052404745485246158 -0.013794704752629939 -0.014504593378409703 0.14782610275525582 0.081720004074035485 0.014927317315312954 -0.099089524611355784 0.050311090242927847 0.030025965209663108 -0.016077017245489444 0.054579536373456819 0.0082975476600656468
leaf_weight=3509.4767399430275 29.843625634908676 220.52210657298565 233.52724599838257 27.059101060032845 11.744431406259535 95.854208365082741 539.37245075404644 3198.2227962166071 14.631624341011046 10.433243006467817 42.850928962230682 46.868091523647308 22.113825753331188 6.186949595808982 414.52177757024765 197.30377134680748 52.328095883131027 51.874477684497833 7.1596847474575034 113.27373230457306 196.47869545221329 6.4150460958480826 22.696601957082748 172.04822586476803 7.609275475144389 9.2506070435047132 39.640954166650772 17.539210289716721 111.08181872963905 102.16396318376064
leaf_count=15413 129 1115 1072 124 49 518 2739 14809 61 52 209 243 105 31 1761 884 242 244 39 529 861 29 105 789 33 38 171 83 525 459
internal_value=-0.000293955 -0.00270515 0.00392566 -0.0119654 -0.00443582 -0.0125085 -0.0196498 -0.00233413 0.00882069 0.00047917 0.0367144 -0.00613209 0.0233437 0.0690061 0.0081564 0.00260994 0.0227121 0.0328055 0.0244389 0.00669537 0.00237894 0.0129819 0.0281116 0.0232257 0.0382377 -0.0185563 0.0570986 0.0391656 0.0447926 -0.0128769
internal_weight=9530.09 6020.62 1244.4 260.586 4776.21 984.202 635.227 3792.01 593.789 348.975 53.2842 295.691 75.1689 28.3008 983.816 713.99 269.827 217.499 187.655 579.158 510.912 314.434 201.16 194.745 68.2453 16.8599 51.3854 135.781 128.621 299.468
internal_count=43461 28048 5562 1196 22486 5012 3257 17474 2665 1755 261 1494 379 136 4366 3104 1262 1020 891 2604 2313 1452 923 894 291 71 220 647 608 1343
is_linear=0
shrinkage=0.08


Tree=29
num_leaves=31
num_cat=0
split_feature=19 8 10 21 1 21 11 6 10 2 21 21 5 10 10 17 12 6 12 7 10 19 3 15 14 20 6 5 11 7
split_gain=14.3556 17.0391 16.1398 15.4557 13.5249 18.2356 13.0584 18.845 12.9821 12.3218 12.0323 25.9975 24.9676 21.2108 18.7601 22.3439 17.4916 15.3059 22.2139 20.2958 24.8976 18.4606 16.6134 15.1868 24.6736 15.8424 21.6889 17.3457 25.5077 14.1717
threshold=-0.50920059979652288 -0.70892050593979272 3.5948293182900648 1.0000000180025095e-35 -0.56567342138435095 0.37500000000000006 -0.68682372395853331 -0.43020254366759697 0.080161091591705383 -0.31010216611667774 0.37500000000000006 0.62500000000000011 2.4057586569462455 -0.78722010332591741 -0.43578471570148508 3.7676438329610304 -0.13729097514470245 -0.90276793950254175 -0.54464877665588329 0.24189749863485707 0.8735055734965721 -0.07820239667899602 0.13421813998447713 -0.74700572918664065 8.7224140879572314 0.12500000000000003 -0.90276793950254175 -0.42958908594394812 -0.47157220260002547 1.988523975877414
decision_type=2 2 2 2 2 2 2 2 2 2 2 2 2 2 2 2 2 2 2 2 2 2 2 2 2 2 2 2 2 2
left_child=3 2 -2 6 5 -5 7 -1 -7 -6 13 23 16 -3 -14 -16 -13 19 -19 20 -15 22 -21 29 25 26 -25 28 -27 -12
right_child=1 10 -4 4 9 8 -8 -9 -10 -11 11 12 14 17 15 -17 -18 18 -20 21 -22 -23 -24 24 -26 27 -28 -29 -30 -31
leaf_value=0.031213446281160732 -0.014460528378821646 0.063506427540075613 -0.084197719658599054 0.062532007913118845 0.030206668256160359 -0.053912726742937796 0.0018330228876095467 -0.051475984238876039 0.050112243820430752 0.0094799643084256483 -0.066521169955268467 0.013655390637325675 -0.027919655152163225 0.026925307790655408 0.15640362463609306 -0.003253657985591268 -0.0088475052483288769 -0.016165506614264274 0.00099308872844231866 0.086989382035661825 -0.0090963669354077441 -0.047596689250849124 -0.020180925122428833 -0.040263806663621546 0.13317978943195133 -0.037959638173134226 0.002000586176149381 -0.036860716877124715 0.042043678919817744 0.016809529474384202
leaf_weight=22.898934006690979 341.68328969180584 33.280710816383362 21.648029461503029 12.740932136774061 264.1964804828167 51.003610864281654 1339.4010829776525 65.305096864700317 7.9128719866275778 611.04811342060566 61.172733634710312 379.67114634811878 8.4629862159490568 438.75882288813591 16.135004743933678 8.0081469118595141 525.55411387979984 557.78270617127419 3540.1646971106529 14.223940342664717 169.05919554829597 63.430211380124092 21.997205749154091 92.033591404557228 6.1780859678983679 49.714790537953377 463.63433662056923 271.53836408257484 49.879961043596268 15.716782748699186
leaf_count=99 1532 151 93 64 1161 284 5820 315 39 2662 273 1832 37 1869 68 34 2533 2670 16170 60 716 272 93 413 25 251 2305 1330 224 66
internal_value=-0.000269234 -0.00206037 -0.018912 0.0051172 0.0130353 -0.0200668 -0.000132875 -0.0297437 -0.0390205 0.0157829 -0.00115321 -0.00646138 0.0031181 0.000982062 0.0706236 0.105326 0.000583043 0.000530796 -0.00134354 0.0113885 0.0168883 -0.0218401 0.0230238 -0.0153625 -0.0124899 -0.0136449 -0.00504967 -0.0264238 0.00201283 -0.0493375
internal_weight=9524.24 7149.73 363.331 2374.51 946.902 71.6574 1427.61 88.204 58.9165 875.245 6786.4 1947.7 937.831 4838.7 32.6061 24.1432 905.225 4805.42 4097.95 707.469 607.818 99.6514 36.2211 1009.87 932.979 926.801 555.668 371.133 99.5948 76.8895
internal_count=43461 33017 1625 10444 4210 387 6234 414 323 3823 31392 9391 4504 22001 139 102 4365 21850 18840 3010 2585 425 153 4887 4548 4523 2718 1805 475 339
is_linear=0
shrinkage=0.08


Tree=30
num_leaves=31
num_cat=0
split_feature=19 21 7 5 18 6 11 18 8 20 9 20 9 8 7 7 10 13 18 15 11 5 3 10 9 10 5 9 11 6
split_gain=16.028 16.0753 22.6495 18.1913 17.3032 15.3446 22.2505 15.5517 15.1266 14.1945 15.0231 15.747 12.9687 12.9004 14.1143 17.5965 19.6998 19.7019 16.3888 16.0795 14.7958 15.5251 19.2819 19.4081 17.1548 14.7054 13.5592 13.7774 13.5546 13.7993
threshold=0.22353194355464048 -0.62499999999999989 1.0000000180025095e-35 0.59928420156473361 -0.80127346043474923 -0.11422481123886576 3.1357635726414181 2.1873520377003177 0.12290812545600621 0.20833333333333334 -0.43124724761515287 0.62500000000000011 -0.59178913834808256 -1.4570456741560232 0.75695863704385757 -0.41685363727458996 0.81815845669202325 -0.48007283957431163 0.33157189967189471 -0.06198380526466956 -0.42999069690032954 1.2643974390389736 0.13929772997467718 2.0076185537690612 0.24033815245958187 -0.30001963985478813 0.26167751232621378 0.17795267988022606 3.6915981858310967 -0.53328585386792415
decision_type=2 2 2 2 2 2 2 2 2 2 2 2 2 2 2 2 2 2 2 2 2 2 2 2 2 2 2 2 2 2
left_child=8 2 3 -2 -4 7 -7 -5 13 -10 -11 -12 -3 -1 15 19 17 -17 26 -15 -21 22 23 -22 -24 -16 27 -19 -27 -30
right_child=1 12 4 5 -6 6 -8 -9 9 10 11 -13 -14 14 25 16 -18 18 -20 20 21 -23 24 -25 -26 28 -28 -29 29 -31
leaf_value=0.023231212283425999 -0.026194349967580466 -0.069399017316673625 0.1119526471312791 0.10156115146969213 0.018304340637818856 -0.037175671543529666 0.11912836465494346 -0.047797622012932146 0.0058817947403832539 -0.018001258836025321 0.05452419024089894 0.011358789440646198 -0.0054670578470042966 -0.001437547665259314 -0.0095328104257492389 0.0102176550733363 -0.021178887306778672 -0.0052429635693620304 -0.022312163533504879 0.036760511924938698 0.025128537304924942 0.039027019130427748 -0.049205540677778478 -0.053342717532014854 0.0039120283308436976 0.018952466742746883 0.054224837855750004 0.047376019869658392 0.065471027233159063 -0.033009492067158093
leaf_weight=166.83795216679573 150.69327153265476 19.286235943436623 12.089087560772894 20.224684432148937 315.99241541326046 30.190940618515015 5.9507817924022666 4.7438024878501883 555.72305916249752 37.029447242617607 128.41766929626465 95.54937356710434 3092.5849353820086 834.77641761302948 195.05745208263397 591.02046512067318 417.55929389595985 1165.8940281271935 343.73242734372616 156.69648985564709 187.67284728586674 83.522537797689438 70.231371462345123 21.3703393638134 84.288586676120758 626.15676073729992 25.122045412659645 31.511605829000473 9.52660124003887 58.898939996957779
leaf_count=696 703 112 51 89 1417 142 24 21 2555 196 551 432 14504 3595 852 2588 1841 5669 1656 710 800 352 326 89 359 2689 117 136 39 241
internal_value=0.000481155 -0.00368029 0.00904054 -0.011277 0.0221869 0.0251114 -0.00811742 0.0718351 0.00306497 0.0131624 0.0285209 0.0363208 -0.00589374 0.00143325 0.000683576 -0.0013354 -0.00529647 -0.00220667 -0.00690682 0.00574459 0.0156774 0.00818277 0.00095884 0.0167907 -0.0203467 0.00979471 -0.00254793 -0.00380216 0.0152467 -0.018234
internal_weight=9538.35 3651.76 539.885 211.803 328.082 61.1102 36.1417 24.9685 5886.6 816.72 260.996 223.967 3111.87 5069.88 4903.04 4013.4 2574.84 2157.28 1566.26 1438.56 603.782 447.086 363.563 209.043 154.52 889.64 1222.53 1197.41 694.582 68.4255
internal_count=43552 17063 2447 979 1468 276 166 110 26489 3734 1179 983 14616 22755 22059 18238 12007 10166 7578 6231 2636 1926 1574 889 685 3821 5922 5805 2969 280
is_linear=0
shrinkage=0.08


Tree=31
num_leaves=31
num_cat=0
split_feature=19 4 4 14 6 6 10 7 3 7 7 5 6 13 0 8 7 10 10 12 22 6 4 3 20 7 18 6 14 15
split_gain=13.5683 12.9007 20.9005 18.7452 15.821 19.7942 20.6371 19.5653 16.15 15.6355 15.3389 14.5419 32.5262 18.5372 14.5248 13.1674 12.8648 12.8534 12.8077 12.1781 12.0462 16.8365 21.6882 22.7683 13.6885 15.2151 14.3002 13.6905 19.7587 13.8961
threshold=0.22353194355464048 0.1318301665606407 1.0000000180025095e-35 -2.0158612500527475 1.2468979319174738 -0.45257239742441496 1.8705436014238082 -0.044431829653572036 0.044435551448811013 -3.8745130490015351 -0.37777467310256868 0.10774881408880778 0.080723855099785538 -0.0051313155071710725 -3.0864901596027359 0.39079894304441581 -2.9074572712564977 3.5948293182900648 -0.49051634274725425 -0.57960236002112742 1.0000000180025095e-35 -1.108997507232852 0.56294669232626082 0.60468759268371952 0.29166666666666669 -0.6344517788928391 -0.57311406204645754 -0.13379013206004486 0.23637894351771024 0.58314318565232248
decision_type=2 2 2 2 2 2 2 2 2 2 2 2 2 2 2 2 2 2 2 2 2 2 2 2 2 2 2 2 2 2
left_child=1 2 15 9 5 6 -4 8 -7 -3 -8 -10 -13 -14 -11 -1 -5 -16 -9 -17 -2 -22 24 -24 27 -26 -27 -23 -29 -30
right_child=20 3 4 16 -6 7 10 18 11 14 -12 12 13 -15 17 19 -18 -19 -20 -21 21 22 23 -25 25 26 -28 28 29 -31
leaf_value=0.0027819043417407403 -0.00057780098361119494 -0.059769321276951372 0.065914886056021318 0.062975700760499617 0.080800697464625565 0.046831491425802063 -0.078174560253145564 0.077147254397883641 -0.077686577092104456 0.062095858286779493 0.079548357421806881 -0.056608220130547976 0.14169972146097795 0.0023350039882555056 0.015143312942061921 -0.015721661348559297 -0.005091548964046259 -0.038492105072642772 0.01404890906241623 0.042246523540964455 -0.049184367578978254 -0.031191755058330283 0.13559803176420002 0.0078835945766082601 -0.073128602310668228 0.020740515370143289 -0.031943855454686212 0.024229703724365198 -0.029139305516555049 0.015114862924194259
leaf_weight=2765.6845787167549 2656.7348826080561 17.043422877788544 80.39283449947834 16.700969755649567 28.443157285451889 18.972360506653786 11.619431570172312 26.037510499358177 29.041020855307579 38.475057035684586 4.5319914519786826 36.460241600871086 9.3292721509933489 15.074802920222281 399.95804835855961 29.149049460887909 2141.4574045389891 29.542572766542435 90.667133063077927 98.845465421676636 67.469071045517921 110.95079107582569 8.1398803740739805 222.43610851466656 43.227390140295029 40.726717084646225 153.34443187713623 138.40407101809978 138.24000217020512 66.0384671241045
leaf_count=12583 12171 69 341 70 120 87 48 122 140 155 20 168 43 71 1667 139 9664 124 414 444 303 572 38 1072 213 200 769 727 690 308
internal_value=0.000443415 0.00281932 0.00619922 -0.00132558 0.0246201 0.0193409 0.0494351 0.0062149 -0.01801 0.01286 -0.0307861 -0.0322616 -0.00931103 0.0602247 0.0156768 0.0039541 -0.00452455 0.0113293 0.0288702 0.0289287 -0.00338979 -0.0109218 -0.00804702 0.0131227 -0.0151396 -0.0306756 -0.0207668 -0.00692671 0.000976149 -0.0147698
internal_weight=9533.14 5887.43 3244.25 2643.18 350.57 322.127 96.5443 225.582 108.878 485.019 16.1514 89.9053 60.8643 24.4041 467.976 2893.68 2158.16 429.501 116.705 127.995 3645.71 988.977 921.508 230.576 690.932 237.299 194.071 453.633 342.683 204.278
internal_count=43552 26489 14740 11749 1574 1454 409 1045 509 2015 68 422 282 114 1946 13166 9734 1791 536 583 17063 4892 4589 1110 3479 1182 969 2297 1725 998
is_linear=0
shrinkage=0.08


Tree=32
num_leaves=31
num_cat=0
split_feature=9 7 20 7 17 3 4 20 20 9 11 11 7 9 9 9 6 4 9 18 19 8 7 7 10 0 11 21 9 11
split_gain=11.8731 16.9098 17.685 15.7149 14.2692 18.7449 15.7107 15.4995 24.0378 23.2873 16.8741 16.1898 30.9331 16.1267 16.1056 13.6894 19.2444 19.0582 15.7099 16.9229 15.6703 14.2517 13.6041 15.1766 13.9162 13.4844 13.0344 13.0979 22.9994 19.4528
threshold=-0.46286026763493965 -0.55677713335751433 0.29166666666666669 0.040046173201068097 -0.42752924516597757 -0.45782144071542014 -0.4070116441745118 -0.12499999999999999 0.62500000000000011 -0.2606708100421124 0.37880027330771421 -0.69230203916653998 -0.13287978603500009 0.86051276049552083 0.96785778794543997 0.036364789128268134 -0.52033708767046105 -0.49828391460849764 -0.37648849590675154 -0.72714315591229051 0.075821183667699812 -1.4044943724528205 -1.1751762283838716 -1.4402540779711097 -0.61073743730675412 -1.8574038258916357 7.7784082165197868 0.37500000000000006 0.65483116980893674 -0.52323727070640291
decision_type=2 2 2 2 2 2 2 2 2 2 2 2 2 2 2 2 2 2 2 2 2 2 2 2 2 2 2 2 2 2
left_child=1 2 -1 -3 6 -6 15 9 26 10 11 12 -7 -10 -15 18 20 -18 19 -2 -17 -20 23 24 -23 -16 27 29 -29 -9
right_child=4 3 -4 -5 5 7 -8 8 13 -11 -12 -13 -14 14 25 16 17 -19 21 -21 -22 22 -24 -25 -26 -27 -28 28 -30 -31
leaf_value=0.045806677606241263 -0.01269089831701856 -0.023298830769134114 -0.030280711632639519 -0.00063989827012892234 -0.087444989869626802 -0.06727547681361086 0.083380972139276643 -0.0083523405694589572 -0.012726041708989595 -0.0014328437879242415 0.043447300446421318 -0.029293108976704892 0.09281693970465664 0.057893010596987454 0.040278886981406123 0.015763708656131425 0.02522970522279834 0.089536612801823443 0.060722661649340558 0.026157066710654188 -0.045610185858615829 0.11317893884904137 -0.0070738998800377482 0.081303166712565919 -0.0051816466874105961 -0.0048157196050197032 -0.046003739219948291 -0.011372286018398584 0.020260153670319105 0.014401198346848745
leaf_weight=65.690183326601982 92.825514674186707 401.97044262290001 26.460233747959137 383.3292088508606 14.545535787940024 11.557395771145822 16.368715047836304 277.66899098455906 793.65526460111141 2681.3503921180964 23.255094259977341 390.65356376767159 18.472270637750626 35.413512006402016 48.698121026158333 110.63929633796215 122.50345280766487 38.796827435493469 21.314034089446068 301.21142798662186 33.732473805546761 5.8357160836458197 800.78901448845863 22.028163522481918 63.961941480636597 281.77142748236656 27.674110382795334 472.74296949803829 212.04555067420006 1733.3332343101501
leaf_count=326 422 2180 138 2017 60 60 70 1263 3762 12165 109 2004 97 154 196 459 510 164 89 1394 142 24 3595 97 276 1198 113 2240 906 7322
internal_value=0.0004084 -0.00845048 0.0237219 -0.0122714 0.00130918 -0.000254718 0.00804976 -5.71051e-05 0.00331595 -0.00425145 -0.0211989 -0.0249144 0.030601 -0.0063206 0.00753725 0.00721678 0.0224325 0.041318 0.00363439 0.0169643 0.00108349 -0.00211435 -0.00370772 0.0252314 0.00629103 0.00191495 0.00742418 0.00799733 -0.00154147 0.0112504
internal_weight=9530.29 877.45 92.1504 785.3 8652.84 7022.84 1630.01 7008.29 3883 3125.29 443.938 420.683 30.0297 1159.54 365.883 1613.64 305.672 161.3 1307.97 394.037 144.372 913.929 892.615 91.8258 69.7977 330.47 2723.46 2695.79 684.789 2011
internal_count=43552 4661 464 4197 38891 31649 7242 31589 17154 14435 2270 2161 157 5310 1548 7172 1275 674 5897 1816 601 4081 3992 397 300 1394 11844 11731 3146 8585
is_linear=0
shrinkage=0.08


Tree=33
num_leaves=31
num_cat=0
split_feature=1 8 21 7 6 9 9 21 15 5 7 11 13 11 5 9 14 4 18 18 10 9 6 5 5 7 18 9 7 5
split_gain=11.3558 10.5282 12.2947 13.2215 9.36047 10.3965 15.8695 13.8057 11.4421 16.587 9.41908 9.49516 14.8955 14.2479 15.3215 19.6344 17.2886 11.3887 13.4816 12.1852 13.7707 10.9579 11.218 14.5771 14.3322 10.9523 18.5408 13.6809 10.9257 9.94046
threshold=-0.75849071046954275 -1.4570456741560232 -1.0000000180025095e-35 0.22536549383763185 -3.5863219836000049 1.626920809421122 3.4706196102239955 1.0000000180025095e-35 2.7201078630870508 -0.053031778210161772 -4.7806419326201492 0.68818247265604959 6.7535039708179063 0.60935469905991591 2.5040379598922766 1.4093201131671738 -0.3440834335072353 2.4516508694788199 2.0400709850809595 2.1347979129336636 -0.12745838678993607 -0.22005758118857519 1.6708499523120763 -0.25717320500686564 1.996983039914342 0.75695863704385757 1.238069276403517 2.8329961983806276 -1.4402540779711097 2.6442457624943962
decision_type=2 2 2 2 2 2 2 2 2 2 2 2 2 2 2 2 2 2 2 2 2 2 2 2 2 2 2 2 2 2
left_child=-1 2 3 -2 5 8 7 -7 -3 -10 -6 12 13 14 25 16 -16 18 21 -20 29 -13 24 -24 -23 27 -27 -12 -22 -21
right_child=1 4 -4 -5 10 6 -8 -9 9 -11 11 17 -14 -15 15 -17 -18 -19 19 20 28 22 23 -25 -26 26 -28 -29 -30 -31
leaf_value=-0.034847920463649269 -0.018256388168396059 0.093473642778248114 0.040709642078635477 0.063472258877548052 -0.049074769878644682 -0.06566203523120033 0.033902586571010217 0.038674723676086813 -0.10317212714588608 0.071740898379316201 -0.0021203322421058605 -0.047454385600352048 0.12111519236489866 -0.023032953621666404 0.063624526050063079 0.11934667099338166 -0.064530704828543312 -0.011105011019739887 0.085033617503694023 0.089800071106377152 -0.062141402837585985 0.010367594374832064 0.024055244335063387 -0.015262594296725383 -0.061709460136567092 0.010089217730292935 -0.035848906294800593 -0.062042159432670399 0.015621397080223013 -0.010476587125550774
leaf_weight=57.006581842899323 64.563040599226952 21.075285106897354 88.365175694227219 14.478771239519117 23.826482012867928 24.666428223252296 56.194758325815201 10.729557693004606 4.8828855454921722 6.8658825159072858 5929.5261857658625 23.714362502098083 5.1521660685539237 188.93260160088539 13.226398661732672 14.214020684361456 11.424145668745043 249.56596711277962 21.980492472648621 22.726344019174576 13.080051824450491 1288.4602695256472 75.866514012217522 275.54681605100632 16.677718222141266 849.76129710674286 58.94806769490242 23.303712397813797 59.504351660609245 8.0075591057539004
leaf_count=347 267 86 369 60 98 101 228 44 20 28 28055 102 21 832 57 60 52 1049 92 96 55 5469 314 1151 69 3779 264 102 252 33
internal_value=0.000376279 0.000594082 0.0204069 -0.00241057 0.000233478 0.021924 0.00763827 -0.0334755 0.0597584 -0.00285205 -6.22213e-05 7.05194e-05 -0.00131534 -0.00142649 -0.000829263 0.0484927 0.00352905 0.00485842 0.00707745 0.0322861 0.020102 0.00516878 0.00596316 -0.00668727 0.00938153 -0.00111881 0.00705267 -0.00236938 0.0006628 0.0638858
internal_weight=9522.27 9465.27 167.407 79.0418 9297.86 124.415 91.5907 35.396 32.8241 11.7488 9173.45 9149.62 7094.49 7089.34 6900.4 38.8646 24.6505 2055.13 1805.56 125.299 103.318 1680.27 1656.55 351.413 1305.14 6861.54 908.709 5952.83 72.5844 30.7339
internal_count=43552 43205 696 327 42509 507 373 145 134 48 42002 41904 33222 33201 32369 169 109 8682 7633 528 436 7105 7003 1465 5538 32200 4043 28157 307 129
is_linear=0
shrinkage=0.08


Tree=34
num_leaves=31
num_cat=0
split_feature=19 9 19 6 8 9 20 20 18 15 7 20 7 9 20 9 8 10 6 6 10 6 18 17 14 19 20 2 6 9
split_gain=11.6228 14.1493 13.054 13.6228 12.2148 11.8181 14.3756 12.3161 11.2037 10.7534 14.0572 22.1164 15.1246 15.8792 15.0145 21.0041 22.5531 18.8911 13.7016 12.7186 11.928 20.0798 16.9896 31.061 11.1984 10.7153 13.1728 14.5051 10.6044 13.6625
threshold=0.22353194355464048 5.3380423338751939 0.66270390117318423 6.9918282583695737 0.12290812545600621 -0.42768008463964358 0.20833333333333334 0.62500000000000011 0.31174077332050115 -0.20710428543340784 0.11282922133855132 -0.62499999999999989 -0.060861684965596997 -0.057957318309933649 0.29166666666666669 -0.43476122276559653 0.69361376527605689 1.3736655390401402 0.64992892101231781 0.7202725619911029 -0.20693415625046133 -0.11422481123886576 -0.66756490005080005 -0.63785900325150569 -2.0158612500527475 -0.56345246029199492 0.70833333333333337 1.1038588540032552 -1.3372985907972181 1.3692856360600374
decision_type=2 2 2 2 2 2 2 2 2 2 2 2 2 2 2 2 2 2 2 2 2 2 2 2 2 2 2 2 2 2
left_child=4 9 -3 -4 25 -6 -7 -8 -9 -2 11 -11 14 18 20 -16 19 -18 -14 -17 21 -13 -22 -24 -12 28 27 -27 29 -1
right_child=1 2 3 -5 5 6 7 8 -10 10 24 12 13 -15 15 16 17 -19 -20 -21 22 -23 23 -25 -26 26 -28 -29 -30 -31
leaf_value=0.048913118241718408 -0.021778708503993181 0.049332353615637502 0.014728586855574814 -0.084669448220273988 -0.012649649345338987 0.0075737828382961116 0.048116034621268525 0.031069526458620544 -0.024732664094202481 -0.024618863482997355 -0.089350029190768496 -0.00076538696198764 -0.011024867661299438 -0.044562672235164469 -0.05244061373722006 0.018837384369623827 -0.02869707590969724 0.039368348518332347 0.078097862330481174 -0.04094362379409093 -0.053321033477799706 0.043282847017246592 0.17408287909488113 0.0019983856955485477 0.0035651698769286954 0.001980125803111678 -0.01635610908143428 -0.017797555564298323 0.0035928565918791604 0.0056585291727316578
leaf_weight=77.667881146073341 206.68719975650311 60.811308175325394 45.579019099473953 9.664530545473097 109.84336763620377 484.67568926513195 129.12937295436859 59.509733438491821 35.798727303743362 384.35823680460453 7.1435474604368201 126.40972565114498 178.47751691937447 102.93260924518108 61.460644319653511 235.51215989887714 217.36674162745476 28.439174026250839 10.549133166670797 23.964681446552277 33.469324454665184 136.63743980228901 5.6488068401813498 351.56290876865387 1410.4481691941619 2316.2193153053522 360.07904998958111 263.20403131842613 1928.3598540872335 117.41747459769249
leaf_count=317 932 251 188 40 578 2178 548 266 164 1979 31 596 890 469 343 1085 1017 126 50 108 156 670 25 1593 6514 10589 1681 1174 8516 478
internal_value=0.000346557 -0.00320627 0.0241206 -0.0038783 0.00254572 0.0116043 0.0153932 0.032096 0.00993846 -0.00411829 -0.00300587 -0.00750978 -0.0031378 -0.0194562 0.00077132 -0.00873791 -0.00328674 -0.0206205 -0.00552677 0.0131071 0.00903448 0.0221623 0.000124048 0.00532688 0.00301332 0.00107568 -0.0020492 -4.06738e-05 0.00540585 0.023134
internal_weight=9519.03 3637.12 116.055 55.2435 5881.9 818.957 709.114 224.438 95.3085 3521.07 3314.38 1896.79 1512.43 291.959 1220.47 566.743 505.283 245.806 189.027 259.477 653.728 263.047 390.681 357.212 1417.59 5062.95 2939.5 2579.42 2123.45 195.085
internal_count=43552 17063 479 228 26489 3734 3156 978 430 16584 15652 9107 7128 1409 5719 2679 2336 1143 940 1193 3040 1266 1774 1618 6545 22755 13444 11763 9311 795
is_linear=0
shrinkage=0.08


end of trees

feature_importances:
Column_20=100
Column_9=98
Column_7=90
Column_6=80
Column_11=79
Column_10=63
Column_19=58
Column_5=52
Column_21=52
Column_4=41
Column_17=40
Column_13=38
Column_1=37
Column_18=37
Column_15=36
Column_0=32
Column_14=31
Column_8=27
Column_3=26
Column_12=17
Column_16=7
Column_2=6
Column_22=3

parameters:
[boosting: gbdt]
[objective: binary]
[metric: binary_logloss]
[tree_learner: serial]
[device_type: cpu]
[data_sample_strategy: bagging]
[data: ]
[valid: ]
[num_iterations: 400]
[learning_rate: 0.08]
[num_leaves: 31]
[num_threads: 0]
[seed: 42]
[deterministic: 0]
[force_col_wise: 0]
[force_row_wise: 0]
[histogram_pool_size: -1]
[max_depth: 10]
[min_data_in_leaf: 20]
[min_sum_hessian_in_leaf: 0.001]
[bagging_fraction: 0.85]
[pos_bagging_fraction: 1]
[neg_bagging_fraction: 1]
[bagging_freq: 5]
[bagging_seed: 400]
[bagging_by_query: 0]
[feature_fraction: 0.85]
[feature_fraction_bynode: 1]
[feature_fraction_seed: 30056]
[extra_trees: 0]
[extra_seed: 12879]
[early_stopping_round: 0]
[early_stopping_min_delta: 0]
[first_metric_only: 0]
[max_delta_step: 0]
[lambda_l1: 0.15]
[lambda_l2: 1.2]
[linear_lambda: 0]
[min_gain_to_split: 0]
[drop_rate: 0.1]
[max_drop: 50]
[skip_drop: 0.5]
[xgboost_dart_mode: 0]
[uniform_drop: 0]
[drop_seed: 17869]
[top_rate: 0.2]
[other_rate: 0.1]
[min_data_per_group: 100]
[max_cat_threshold: 32]
[cat_l2: 10]
[cat_smooth: 10]
[max_cat_to_onehot: 4]
[top_k: 20]
[monotone_constraints: ]
[monotone_constraints_method: basic]
[monotone_penalty: 0]
[feature_contri: ]
[forcedsplits_filename: ]
[refit_decay_rate: 0.9]
[cegb_tradeoff: 1]
[cegb_penalty_split: 0]
[cegb_penalty_feature_lazy: ]
[cegb_penalty_feature_coupled: ]
[path_smooth: 0]
[interaction_constraints: ]
[verbosity: -1]
[saved_feature_importance_type: 0]
[use_quantized_grad: 0]
[num_grad_quant_bins: 4]
[quant_train_renew_leaf: 0]
[stochastic_rounding: 1]
[linear_tree: 0]
[max_bin: 255]
[max_bin_by_feature: ]
[min_data_in_bin: 3]
[bin_construct_sample_cnt: 200000]
[data_random_seed: 175]
[is_enable_sparse: 1]
[enable_bundle: 1]
[use_missing: 1]
[zero_as_missing: 0]
[feature_pre_filter: 1]
[pre_partition: 0]
[two_round: 0]
[header: 0]
[label_column: ]
[weight_column: ]
[group_column: ]
[ignore_column: ]
[categorical_feature: ]
[forcedbins_filename: ]
[precise_float_parser: 0]
[parser_config_file: ]
[objective_seed: 16083]
[num_class: 1]
[is_unbalance: 0]
[scale_pos_weight: 1]
[sigmoid: 1]
[boost_from_average: 1]
[reg_sqrt: 0]
[alpha: 0.9]
[fair_c: 1]
[poisson_max_delta_step: 0.7]
[tweedie_variance_power: 1.5]
[lambdarank_truncation_level: 30]
[lambdarank_norm: 1]
[label_gain: ]
[lambdarank_position_bias_regularization: 0]
[eval_at: ]
[multi_error_top_k: 1]
[auc_mu_weights: ]
[num_machines: 1]
[local_listen_port: 12400]
[time_out: 120]
[machine_list_filename: ]
[machines: ]
[gpu_platform_id: -1]
[gpu_device_id: -1]
[gpu_use_dp: 0]
[num_gpu: 1]

end of parameters

pandas_categorical:null
