2025-10-16 18:15:18 | INFO | sicar.main | 🔄 SYNC INIT: ✅ ÉXITO
2025-10-16 18:15:18 | INFO | sicar.main |    Detalles: Archivo JSON creado con datos iniciales
2025-10-16 18:15:18 | INFO | sicar.main | 🔄 SYNC LOAD: ✅ ÉXITO
2025-10-16 18:15:18 | INFO | sicar.main |    Detalles: Datos cargados: 9 campos
2025-10-16 18:15:39 | INFO | sicar.main | 🔄 SYNC LOAD: ✅ ÉXITO
2025-10-16 18:15:39 | INFO | sicar.main |    Detalles: Datos cargados: 9 campos
2025-10-16 18:35:56 | INFO | sicar.main | 🔄 SYNC LOAD: ✅ ÉXITO
2025-10-16 18:35:56 | INFO | sicar.main |    Detalles: Datos cargados: 9 campos
2025-10-16 18:35:57 | INFO | sicar.main | 📢 ALERTA TEST: Prueba de alerta
2025-10-16 18:35:57 | INFO | sicar.main | 🤖 AUTO TRADING ACTIVADO
2025-10-16 18:35:57 | INFO | sicar.main |    Razón: Prueba de auto trading
2025-10-16 18:35:57 | INFO | sicar.main | 🔄 SYNC AUTO_SYNC: ✅ ÉXITO
2025-10-16 18:35:57 | INFO | sicar.main |    Detalles: Sincronización automática iniciada
2025-10-16 18:35:58 | INFO | sicar.main | 🔄 SYNC UPDATE: ✅ ÉXITO
2025-10-16 18:35:58 | INFO | sicar.main |    Detalles: Campos actualizados: ['test_field', 'timestamp']
2025-10-16 18:35:58 | INFO | sicar.main | 📢 ALERTA BREAKOUT_DETECTOR: Detector de breakouts iniciado
2025-10-16 18:36:01 | INFO | sicar.main | ⚠️ ALERTA STRONG_BREAKOUT: ETHUSDT - BULLISH breakout detectado (Confianza: 85.0%, Fuerza: strong)
2025-10-16 18:36:01 | INFO | sicar.main | 🔄 SYNC UPDATE: ✅ ÉXITO
2025-10-16 18:36:01 | INFO | sicar.main |    Detalles: Campos actualizados: ['auto_trading', 'auto_trading_changed_at', 'auto_trading_reason']
2025-10-16 18:36:01 | INFO | sicar.main | 🤖 AUTO TRADING ACTIVADO
2025-10-16 18:36:01 | INFO | sicar.main |    Razón: Prueba de integración
2025-10-16 18:36:01 | INFO | sicar.main | 🔄 SYNC UPDATE: ✅ ÉXITO
2025-10-16 18:36:01 | INFO | sicar.main |    Detalles: Campos actualizados: ['current_capital', 'capital_updated_at']
2025-10-16 18:36:01 | INFO | sicar.main | 🔄 SYNC UPDATE: ✅ ÉXITO
2025-10-16 18:36:01 | INFO | sicar.main |    Detalles: Campos actualizados: ['total_trades', 'last_trade', 'last_trade_at']
2025-10-16 18:36:06 | INFO | sicar.main | 📢 ALERTA BREAKOUT_DETECTOR: Detector de breakouts detenido
2025-10-16 18:36:07 | INFO | sicar.main | 🔄 SYNC AUTO_SYNC: ✅ ÉXITO
2025-10-16 18:36:07 | INFO | sicar.main |    Detalles: Sincronización automática detenida
2025-10-16 18:38:34 | INFO | sicar.main | 🔄 SYNC LOAD: ✅ ÉXITO
2025-10-16 18:38:34 | INFO | sicar.main |    Detalles: Datos cargados: 15 campos
2025-10-16 18:38:36 | INFO | sicar.main | 🔄 SYNC AUTO_SYNC: ✅ ÉXITO
2025-10-16 18:38:36 | INFO | sicar.main |    Detalles: Sincronización automática iniciada
2025-10-16 18:38:36 | INFO | sicar.main | 📢 ALERTA BREAKOUT_DETECTOR: Detector de breakouts iniciado
2025-10-16 18:38:36 | INFO | sicar.main | 📢 ALERTA DASHBOARD: Dashboard mejorado iniciado correctamente
2025-10-16 18:45:13 | INFO | sicar.main | 📢 ALERTA BREAKOUT_DETECTOR: Detector de breakouts detenido
2025-10-16 18:45:14 | INFO | sicar.main | 🔄 SYNC AUTO_SYNC: ✅ ÉXITO
2025-10-16 18:45:14 | INFO | sicar.main |    Detalles: Sincronización automática detenida
2025-10-16 18:45:14 | INFO | sicar.main | 📢 ALERTA DASHBOARD: Dashboard cerrado correctamente
2025-10-16 18:46:02 | INFO | sicar.main | 🔄 SYNC LOAD: ✅ ÉXITO
2025-10-16 18:46:02 | INFO | sicar.main |    Detalles: Datos cargados: 15 campos
2025-10-16 18:46:03 | INFO | sicar.main | 🔄 SYNC AUTO_SYNC: ✅ ÉXITO
2025-10-16 18:46:03 | INFO | sicar.main |    Detalles: Sincronización automática iniciada
2025-10-16 18:46:03 | INFO | sicar.main | 📢 ALERTA BREAKOUT_DETECTOR: Detector de breakouts iniciado
2025-10-16 18:46:03 | INFO | sicar.main | 📢 ALERTA DASHBOARD: Dashboard mejorado iniciado correctamente
2025-10-16 18:47:01 | INFO | sicar.main | 🔄 SYNC UPDATE: ✅ ÉXITO
2025-10-16 18:47:01 | INFO | sicar.main |    Detalles: Campos actualizados: ['auto_trading', 'auto_trading_changed_at', 'auto_trading_reason']
2025-10-16 18:47:01 | INFO | sicar.main | 🤖 AUTO TRADING DESACTIVADO
2025-10-16 18:47:01 | INFO | sicar.main |    Razón: Desactivado desde dashboard
2025-10-16 18:47:01 | INFO | sicar.main | 🔄 SYNC UPDATE: ✅ ÉXITO
2025-10-16 18:47:01 | INFO | sicar.main |    Detalles: Campos actualizados: ['auto_trading', 'auto_trading_changed_at', 'auto_trading_reason']
2025-10-16 18:47:01 | INFO | sicar.main | 🤖 AUTO TRADING ACTIVADO
2025-10-16 18:47:01 | INFO | sicar.main |    Razón: Activado desde dashboard
2025-10-16 18:52:12 | INFO | sicar.main | 🔄 SYNC LOAD: ✅ ÉXITO
2025-10-16 18:52:12 | INFO | sicar.main |    Detalles: Datos cargados: 15 campos
2025-10-16 18:52:14 | INFO | sicar.main | 🔄 SYNC AUTO_SYNC: ✅ ÉXITO
2025-10-16 18:52:14 | INFO | sicar.main |    Detalles: Sincronización automática iniciada
2025-10-16 18:52:14 | INFO | sicar.main | 📢 ALERTA BREAKOUT_DETECTOR: Detector de breakouts iniciado
2025-10-16 18:52:14 | INFO | sicar.main | 📢 ALERTA DASHBOARD: Dashboard mejorado iniciado correctamente
2025-10-16 18:52:19 | INFO | sicar.main | 📢 ALERTA BREAKOUT_DETECTOR: Detector de breakouts detenido
2025-10-16 18:52:20 | INFO | sicar.main | 🔄 SYNC AUTO_SYNC: ✅ ÉXITO
2025-10-16 18:52:20 | INFO | sicar.main |    Detalles: Sincronización automática detenida
2025-10-16 18:52:20 | INFO | sicar.main | 📢 ALERTA DASHBOARD: Dashboard cerrado correctamente
2025-10-16 18:52:35 | INFO | sicar.main | 🔄 SYNC LOAD: ✅ ÉXITO
2025-10-16 18:52:35 | INFO | sicar.main |    Detalles: Datos cargados: 15 campos
2025-10-16 18:52:36 | INFO | sicar.main | 🔄 SYNC AUTO_SYNC: ✅ ÉXITO
2025-10-16 18:52:36 | INFO | sicar.main |    Detalles: Sincronización automática iniciada
2025-10-16 18:52:36 | INFO | sicar.main | 📢 ALERTA BREAKOUT_DETECTOR: Detector de breakouts iniciado
2025-10-16 18:52:36 | INFO | sicar.main | 📢 ALERTA DASHBOARD: Dashboard mejorado iniciado correctamente
2025-10-16 18:54:36 | INFO | sicar.main | 🔄 SYNC LOAD: ✅ ÉXITO
2025-10-16 18:54:36 | INFO | sicar.main |    Detalles: Datos cargados: 15 campos
2025-10-16 18:54:38 | INFO | sicar.main | 📢 ALERTA OBSERVER_ADDED: Observador agregado al detector de breakouts
2025-10-16 18:54:38 | INFO | sicar.main | 🔄 SYNC AUTO_SYNC: ✅ ÉXITO
2025-10-16 18:54:38 | INFO | sicar.main |    Detalles: Sincronización automática iniciada
2025-10-16 18:54:38 | INFO | sicar.main | 📢 ALERTA BREAKOUT_DETECTOR: Detector de breakouts iniciado
2025-10-16 18:54:38 | INFO | sicar.main | 📢 ALERTA DASHBOARD: Dashboard mejorado iniciado correctamente
2025-10-16 18:59:24 | INFO | sicar.main | 🔄 SYNC LOAD: ✅ ÉXITO
2025-10-16 18:59:24 | INFO | sicar.main |    Detalles: Datos cargados: 15 campos
2025-10-16 18:59:25 | INFO | sicar.main | 📢 ALERTA OBSERVER_ADDED: Observador agregado al detector de breakouts
2025-10-16 18:59:25 | INFO | sicar.main | 🔄 SYNC AUTO_SYNC: ✅ ÉXITO
2025-10-16 18:59:25 | INFO | sicar.main |    Detalles: Sincronización automática iniciada
2025-10-16 18:59:25 | INFO | sicar.main | 📢 ALERTA BREAKOUT_DETECTOR: Detector de breakouts iniciado
2025-10-16 18:59:25 | INFO | sicar.main | 📢 ALERTA DASHBOARD: Dashboard mejorado iniciado correctamente
2025-10-16 19:07:25 | INFO | sicar.main | 🔄 SYNC LOAD: ✅ ÉXITO
2025-10-16 19:07:25 | INFO | sicar.main |    Detalles: Datos cargados: 15 campos
2025-10-16 19:07:27 | INFO | sicar.main | 📢 ALERTA OBSERVER_ADDED: Observador agregado al detector de breakouts
2025-10-16 19:07:27 | INFO | sicar.main | 🔄 SYNC AUTO_SYNC: ✅ ÉXITO
2025-10-16 19:07:27 | INFO | sicar.main |    Detalles: Sincronización automática iniciada
2025-10-16 19:07:27 | INFO | sicar.main | 📢 ALERTA BREAKOUT_DETECTOR: Detector de breakouts iniciado
2025-10-16 19:07:27 | INFO | sicar.main | 📢 ALERTA DASHBOARD: Dashboard mejorado iniciado correctamente
2025-10-16 19:10:03 | INFO | sicar.main | 🔄 SYNC LOAD: ✅ ÉXITO
2025-10-16 19:10:03 | INFO | sicar.main |    Detalles: Datos cargados: 15 campos
2025-10-16 19:10:05 | INFO | sicar.main | 📢 ALERTA OBSERVER_ADDED: Observador agregado al detector de breakouts
2025-10-16 19:10:05 | INFO | sicar.main | 🔄 SYNC AUTO_SYNC: ✅ ÉXITO
2025-10-16 19:10:05 | INFO | sicar.main |    Detalles: Sincronización automática iniciada
2025-10-16 19:10:05 | INFO | sicar.main | 📢 ALERTA BREAKOUT_DETECTOR: Detector de breakouts iniciado
2025-10-16 19:10:05 | INFO | sicar.main | 📢 ALERTA DASHBOARD: Dashboard mejorado iniciado correctamente
2025-10-16 19:11:42 | INFO | sicar.main | 📢 ALERTA SENSITIVITY_UPDATE: Sensibilidad actualizada a 75.0%
2025-10-16 19:17:41 | INFO | sicar.main | 🔄 SYNC LOAD: ✅ ÉXITO
2025-10-16 19:17:41 | INFO | sicar.main |    Detalles: Datos cargados: 15 campos
2025-10-16 19:17:43 | INFO | sicar.main | 📢 ALERTA OBSERVER_ADDED: Observador agregado al detector de breakouts
2025-10-16 19:17:43 | INFO | sicar.main | 🔄 SYNC AUTO_SYNC: ✅ ÉXITO
2025-10-16 19:17:43 | INFO | sicar.main |    Detalles: Sincronización automática iniciada
2025-10-16 19:17:43 | INFO | sicar.main | 📢 ALERTA BREAKOUT_DETECTOR: Detector de breakouts iniciado
2025-10-16 19:17:43 | INFO | sicar.main | 📢 ALERTA DASHBOARD: Dashboard mejorado iniciado correctamente
2025-10-16 19:18:26 | INFO | sicar.main | 📢 ALERTA SENSITIVITY_UPDATE: Sensibilidad actualizada a 75.0%
2025-10-16 19:19:02 | INFO | sicar.main | 📢 ALERTA SENSITIVITY_UPDATE: Sensibilidad actualizada a 70.0%
2025-10-16 19:21:57 | INFO | sicar.main | 🔄 SYNC LOAD: ✅ ÉXITO
2025-10-16 19:21:57 | INFO | sicar.main |    Detalles: Datos cargados: 15 campos
2025-10-16 19:21:58 | INFO | sicar.main | 📢 ALERTA OBSERVER_ADDED: Observador agregado al detector de breakouts
2025-10-16 19:21:58 | INFO | sicar.main | 🔄 SYNC AUTO_SYNC: ✅ ÉXITO
2025-10-16 19:21:58 | INFO | sicar.main |    Detalles: Sincronización automática iniciada
2025-10-16 19:21:58 | INFO | sicar.main | 📢 ALERTA BREAKOUT_DETECTOR: Detector de breakouts iniciado
2025-10-16 19:21:58 | INFO | sicar.main | 📢 ALERTA DASHBOARD: Dashboard mejorado iniciado correctamente
2025-10-16 19:31:16 | INFO | sicar.main | 📢 ALERTA SENSITIVITY_UPDATE: Sensibilidad actualizada a 75.0%
2025-10-16 19:34:53 | INFO | sicar.main | 🔄 SYNC LOAD: ✅ ÉXITO
2025-10-16 19:34:53 | INFO | sicar.main |    Detalles: Datos cargados: 15 campos
2025-10-16 19:34:54 | INFO | sicar.main | 📢 ALERTA OBSERVER_ADDED: Observador agregado al detector de breakouts
2025-10-16 19:34:54 | INFO | sicar.main | 🔄 SYNC AUTO_SYNC: ✅ ÉXITO
2025-10-16 19:34:54 | INFO | sicar.main |    Detalles: Sincronización automática iniciada
2025-10-16 19:34:54 | INFO | sicar.main | 📢 ALERTA BREAKOUT_DETECTOR: Detector de breakouts iniciado
2025-10-16 19:34:54 | INFO | sicar.main | 📢 ALERTA DASHBOARD: Dashboard mejorado iniciado correctamente
2025-10-16 19:35:14 | INFO | sicar.main | 📢 ALERTA SENSITIVITY_UPDATE: Sensibilidad actualizada a 75.0%
2025-10-16 19:35:31 | INFO | sicar.main | 📢 ALERTA BREAKOUT_DETECTOR: Detector de breakouts detenido
2025-10-16 19:35:32 | INFO | sicar.main | 🔄 SYNC AUTO_SYNC: ✅ ÉXITO
2025-10-16 19:35:32 | INFO | sicar.main |    Detalles: Sincronización automática detenida
2025-10-16 19:35:32 | INFO | sicar.main | 📢 ALERTA DASHBOARD: Dashboard cerrado correctamente
2025-10-16 19:35:38 | INFO | sicar.main | 🔄 SYNC LOAD: ✅ ÉXITO
2025-10-16 19:35:38 | INFO | sicar.main |    Detalles: Datos cargados: 15 campos
2025-10-16 19:35:39 | INFO | sicar.main | 📢 ALERTA OBSERVER_ADDED: Observador agregado al detector de breakouts
2025-10-16 19:35:40 | INFO | sicar.main | 🔄 SYNC AUTO_SYNC: ✅ ÉXITO
2025-10-16 19:35:40 | INFO | sicar.main |    Detalles: Sincronización automática iniciada
2025-10-16 19:35:40 | INFO | sicar.main | 📢 ALERTA BREAKOUT_DETECTOR: Detector de breakouts iniciado
2025-10-16 19:35:40 | INFO | sicar.main | 📢 ALERTA DASHBOARD: Dashboard mejorado iniciado correctamente
2025-10-16 19:35:52 | INFO | sicar.main | 📢 ALERTA SENSITIVITY_UPDATE: Sensibilidad actualizada a 75.0%
2025-10-16 19:37:37 | INFO | sicar.main | 🔄 SYNC EXTERNAL_CHANGE: ✅ ÉXITO
2025-10-16 19:37:37 | INFO | sicar.main |    Detalles: Cambios detectados: ['current_capital']
2025-10-16 19:37:45 | INFO | sicar.main | 🔄 SYNC EXTERNAL_CHANGE: ✅ ÉXITO
2025-10-16 19:37:45 | INFO | sicar.main |    Detalles: Cambios detectados: ['total_trades']
2025-10-16 19:38:34 | INFO | sicar.main | 🔄 SYNC LOAD: ✅ ÉXITO
2025-10-16 19:38:34 | INFO | sicar.main |    Detalles: Datos cargados: 15 campos
2025-10-16 19:38:35 | INFO | sicar.main | 📢 ALERTA OBSERVER_ADDED: Observador agregado al detector de breakouts
2025-10-16 19:38:35 | INFO | sicar.main | 🔄 SYNC AUTO_SYNC: ✅ ÉXITO
2025-10-16 19:38:35 | INFO | sicar.main |    Detalles: Sincronización automática iniciada
2025-10-16 19:38:35 | INFO | sicar.main | 📢 ALERTA BREAKOUT_DETECTOR: Detector de breakouts iniciado
2025-10-16 19:38:35 | INFO | sicar.main | 📢 ALERTA DASHBOARD: Dashboard mejorado iniciado correctamente
2025-10-16 19:43:20 | INFO | sicar.main | 🔄 SYNC LOAD: ✅ ÉXITO
2025-10-16 19:43:20 | INFO | sicar.main |    Detalles: Datos cargados: 15 campos
2025-10-16 19:43:22 | INFO | sicar.main | 📢 ALERTA OBSERVER_ADDED: Observador agregado al detector de breakouts
2025-10-16 19:43:22 | INFO | sicar.main | 🔄 SYNC AUTO_SYNC: ✅ ÉXITO
2025-10-16 19:43:22 | INFO | sicar.main |    Detalles: Sincronización automática iniciada
2025-10-16 19:43:22 | INFO | sicar.main | 📢 ALERTA BREAKOUT_DETECTOR: Detector de breakouts iniciado
2025-10-16 19:43:22 | INFO | sicar.main | 📢 ALERTA DASHBOARD: Dashboard mejorado iniciado correctamente
2025-10-16 22:12:37 | INFO | sicar.main | 📢 ALERTA BREAKOUT_DETECTOR: Detector de breakouts iniciado
2025-10-16 22:12:52 | INFO | sicar.main | 📢 ALERTA BREAKOUT_DETECTOR: Detector de breakouts detenido
2025-10-16 22:13:00 | INFO | sicar.main | 📢 ALERTA BREAKOUT_DETECTOR: Detector de breakouts iniciado
2025-10-16 22:13:05 | INFO | sicar.main | 📢 ALERTA BREAKOUT_DETECTOR: Detector de breakouts detenido
2025-10-16 22:13:13 | INFO | sicar.main | 📢 ALERTA BREAKOUT_DETECTOR: Detector de breakouts iniciado
2025-10-16 22:13:18 | INFO | sicar.main | 📢 ALERTA BREAKOUT_DETECTOR: Detector de breakouts detenido
2025-10-16 22:13:23 | INFO | sicar.main | 📢 ALERTA BREAKOUT_DETECTOR: Detector de breakouts iniciado
2025-10-16 22:13:28 | INFO | sicar.main | 📢 ALERTA BREAKOUT_DETECTOR: Detector de breakouts detenido
2025-10-16 22:13:34 | INFO | sicar.main | 📢 ALERTA BREAKOUT_DETECTOR: Detector de breakouts iniciado
2025-10-16 22:13:39 | INFO | sicar.main | 📢 ALERTA BREAKOUT_DETECTOR: Detector de breakouts detenido
2025-10-16 22:14:11 | INFO | sicar.main | 📢 ALERTA BREAKOUT_DETECTOR: Detector de breakouts iniciado
2025-10-16 22:14:26 | INFO | sicar.main | 📢 ALERTA BREAKOUT_DETECTOR: Detector de breakouts detenido
2025-10-16 22:14:34 | INFO | sicar.main | 📢 ALERTA BREAKOUT_DETECTOR: Detector de breakouts iniciado
2025-10-16 22:14:39 | INFO | sicar.main | 📢 ALERTA BREAKOUT_DETECTOR: Detector de breakouts detenido
2025-10-16 22:14:47 | INFO | sicar.main | 📢 ALERTA BREAKOUT_DETECTOR: Detector de breakouts iniciado
2025-10-16 22:14:52 | INFO | sicar.main | 📢 ALERTA BREAKOUT_DETECTOR: Detector de breakouts detenido
2025-10-16 22:14:57 | INFO | sicar.main | 📢 ALERTA BREAKOUT_DETECTOR: Detector de breakouts iniciado
2025-10-16 22:15:02 | INFO | sicar.main | 📢 ALERTA BREAKOUT_DETECTOR: Detector de breakouts detenido
2025-10-16 22:15:08 | INFO | sicar.main | 📢 ALERTA BREAKOUT_DETECTOR: Detector de breakouts iniciado
2025-10-16 22:15:13 | INFO | sicar.main | 📢 ALERTA BREAKOUT_DETECTOR: Detector de breakouts detenido
2025-10-16 22:15:21 | INFO | sicar.main | 📢 ALERTA BREAKOUT_DETECTOR: Detector de breakouts iniciado
2025-10-16 22:15:42 | INFO | sicar.main | 📢 ALERTA BREAKOUT_DETECTOR: Detector de breakouts detenido
2025-10-16 22:23:10 | INFO | sicar.main | 🔄 SYNC LOAD: ✅ ÉXITO
2025-10-16 22:23:10 | INFO | sicar.main |    Detalles: Datos cargados: 15 campos
2025-10-16 22:23:14 | INFO | sicar.main | 📢 ALERTA OBSERVER_ADDED: Observador agregado al detector de breakouts
2025-10-16 22:23:14 | INFO | sicar.main | 🔄 SYNC AUTO_SYNC: ✅ ÉXITO
2025-10-16 22:23:14 | INFO | sicar.main |    Detalles: Sincronización automática iniciada
2025-10-16 22:23:14 | INFO | sicar.main | 📢 ALERTA BREAKOUT_DETECTOR: Detector de breakouts iniciado
2025-10-16 22:23:14 | INFO | sicar.main | 📢 ALERTA DASHBOARD: Dashboard mejorado iniciado correctamente
2025-10-16 22:23:53 | INFO | sicar.main | 🔄 SYNC LOAD: ✅ ÉXITO
2025-10-16 22:23:53 | INFO | sicar.main |    Detalles: Datos cargados: 15 campos
2025-10-16 22:23:56 | INFO | sicar.main | 📢 ALERTA OBSERVER_ADDED: Observador agregado al detector de breakouts
2025-10-16 22:23:56 | INFO | sicar.main | 🔄 SYNC AUTO_SYNC: ✅ ÉXITO
2025-10-16 22:23:56 | INFO | sicar.main |    Detalles: Sincronización automática iniciada
2025-10-16 22:23:56 | INFO | sicar.main | 📢 ALERTA BREAKOUT_DETECTOR: Detector de breakouts iniciado
2025-10-16 22:23:56 | INFO | sicar.main | 📢 ALERTA DASHBOARD: Dashboard mejorado iniciado correctamente
2025-10-16 22:24:31 | INFO | sicar.main | 🔄 SYNC LOAD: ✅ ÉXITO
2025-10-16 22:24:31 | INFO | sicar.main |    Detalles: Datos cargados: 15 campos
2025-10-16 22:24:35 | INFO | sicar.main | 📢 ALERTA OBSERVER_ADDED: Observador agregado al detector de breakouts
2025-10-16 22:24:35 | INFO | sicar.main | 🔄 SYNC AUTO_SYNC: ✅ ÉXITO
2025-10-16 22:24:35 | INFO | sicar.main |    Detalles: Sincronización automática iniciada
2025-10-16 22:24:35 | INFO | sicar.main | 📢 ALERTA BREAKOUT_DETECTOR: Detector de breakouts iniciado
2025-10-16 22:24:35 | INFO | sicar.main | 📢 ALERTA DASHBOARD: Dashboard mejorado iniciado correctamente
2025-10-16 22:25:27 | INFO | sicar.main | 🔄 SYNC LOAD: ✅ ÉXITO
2025-10-16 22:25:27 | INFO | sicar.main |    Detalles: Datos cargados: 15 campos
2025-10-16 22:25:30 | INFO | sicar.main | 📢 ALERTA OBSERVER_ADDED: Observador agregado al detector de breakouts
2025-10-16 22:25:30 | INFO | sicar.main | 🔄 SYNC AUTO_SYNC: ✅ ÉXITO
2025-10-16 22:25:30 | INFO | sicar.main |    Detalles: Sincronización automática iniciada
2025-10-16 22:25:30 | INFO | sicar.main | 📢 ALERTA BREAKOUT_DETECTOR: Detector de breakouts iniciado
2025-10-16 22:25:30 | INFO | sicar.main | 📢 ALERTA DASHBOARD: Dashboard mejorado iniciado correctamente
2025-10-16 22:27:09 | INFO | sicar.main | 🔄 SYNC LOAD: ✅ ÉXITO
2025-10-16 22:27:09 | INFO | sicar.main |    Detalles: Datos cargados: 15 campos
2025-10-16 22:28:01 | INFO | sicar.main | 🔄 SYNC LOAD: ✅ ÉXITO
2025-10-16 22:28:01 | INFO | sicar.main |    Detalles: Datos cargados: 15 campos
2025-10-16 22:28:45 | INFO | sicar.main | 🔄 SYNC LOAD: ✅ ÉXITO
2025-10-16 22:28:45 | INFO | sicar.main |    Detalles: Datos cargados: 15 campos
2025-10-16 22:29:49 | INFO | sicar.main | 📢 ALERTA BREAKOUT_DETECTOR: Detector de breakouts detenido
2025-10-16 22:29:49 | INFO | sicar.main | 🔄 SYNC AUTO_SYNC: ✅ ÉXITO
2025-10-16 22:29:49 | INFO | sicar.main |    Detalles: Sincronización automática detenida
2025-10-16 22:29:49 | INFO | sicar.main | 📢 ALERTA DASHBOARD: Dashboard cerrado correctamente
2025-10-16 22:30:17 | INFO | sicar.main | 🔄 SYNC LOAD: ✅ ÉXITO
2025-10-16 22:30:17 | INFO | sicar.main |    Detalles: Datos cargados: 15 campos
2025-10-16 22:30:21 | INFO | sicar.main | 📢 ALERTA OBSERVER_ADDED: Observador agregado al detector de breakouts
2025-10-16 22:30:21 | INFO | sicar.main | 🔄 SYNC AUTO_SYNC: ✅ ÉXITO
2025-10-16 22:30:21 | INFO | sicar.main |    Detalles: Sincronización automática iniciada
2025-10-16 22:30:21 | INFO | sicar.main | 📢 ALERTA BREAKOUT_DETECTOR: Detector de breakouts iniciado
2025-10-16 22:30:21 | INFO | sicar.main | 📢 ALERTA DASHBOARD: Dashboard mejorado iniciado correctamente
2025-10-16 22:30:29 | INFO | sicar.main | 🔄 SYNC UPDATE: ✅ ÉXITO
2025-10-16 22:30:29 | INFO | sicar.main |    Detalles: Campos actualizados: ['auto_trading', 'auto_trading_changed_at', 'auto_trading_reason']
2025-10-16 22:30:29 | INFO | sicar.main | 🤖 AUTO TRADING DESACTIVADO
2025-10-16 22:30:29 | INFO | sicar.main |    Razón: Desactivado desde dashboard
2025-10-16 22:30:30 | INFO | sicar.main | 🔄 SYNC UPDATE: ✅ ÉXITO
2025-10-16 22:30:30 | INFO | sicar.main |    Detalles: Campos actualizados: ['auto_trading', 'auto_trading_changed_at', 'auto_trading_reason']
2025-10-16 22:30:30 | INFO | sicar.main | 🤖 AUTO TRADING ACTIVADO
2025-10-16 22:30:30 | INFO | sicar.main |    Razón: Activado desde dashboard
2025-10-16 22:34:17 | INFO | sicar.main | 🔄 SYNC LOAD: ✅ ÉXITO
2025-10-16 22:34:17 | INFO | sicar.main |    Detalles: Datos cargados: 15 campos
2025-10-16 22:34:21 | INFO | sicar.main | 📢 ALERTA OBSERVER_ADDED: Observador agregado al detector de breakouts
2025-10-16 22:34:21 | INFO | sicar.main | 🔄 SYNC AUTO_SYNC: ✅ ÉXITO
2025-10-16 22:34:21 | INFO | sicar.main |    Detalles: Sincronización automática iniciada
2025-10-16 22:34:21 | INFO | sicar.main | 📢 ALERTA BREAKOUT_DETECTOR: Detector de breakouts iniciado
2025-10-16 22:34:21 | INFO | sicar.main | 📢 ALERTA DASHBOARD: Dashboard mejorado iniciado correctamente
2025-10-16 22:34:44 | INFO | sicar.main | 🔄 SYNC UPDATE: ✅ ÉXITO
2025-10-16 22:34:44 | INFO | sicar.main |    Detalles: Campos actualizados: ['auto_trading', 'auto_trading_changed_at', 'auto_trading_reason']
2025-10-16 22:34:44 | INFO | sicar.main | 🤖 AUTO TRADING DESACTIVADO
2025-10-16 22:34:44 | INFO | sicar.main |    Razón: Desactivado desde dashboard
2025-10-16 22:34:44 | INFO | sicar.main | 🔄 SYNC UPDATE: ✅ ÉXITO
2025-10-16 22:34:44 | INFO | sicar.main |    Detalles: Campos actualizados: ['auto_trading', 'auto_trading_changed_at', 'auto_trading_reason']
2025-10-16 22:34:44 | INFO | sicar.main | 🤖 AUTO TRADING ACTIVADO
2025-10-16 22:34:44 | INFO | sicar.main |    Razón: Activado desde dashboard
2025-10-16 22:39:54 | INFO | sicar.main | 🔄 SYNC LOAD: ✅ ÉXITO
2025-10-16 22:39:54 | INFO | sicar.main |    Detalles: Datos cargados: 15 campos
2025-10-16 22:39:57 | INFO | sicar.main | 📢 ALERTA PAPER_TRADING: Motor de paper trading inicializado con $200.00
2025-10-16 22:39:58 | INFO | sicar.main | 📢 ALERTA OBSERVER_ADDED: Observador agregado al detector de breakouts
2025-10-16 22:39:58 | INFO | sicar.main | 🔄 SYNC AUTO_SYNC: ✅ ÉXITO
2025-10-16 22:39:58 | INFO | sicar.main |    Detalles: Sincronización automática iniciada
2025-10-16 22:39:58 | INFO | sicar.main | 📢 ALERTA BREAKOUT_DETECTOR: Detector de breakouts iniciado
2025-10-16 22:39:58 | INFO | sicar.main | 📢 ALERTA DASHBOARD: Dashboard mejorado iniciado correctamente
2025-10-16 22:45:57 | INFO | sicar.main | 🔄 SYNC LOAD: ✅ ÉXITO
2025-10-16 22:45:57 | INFO | sicar.main |    Detalles: Datos cargados: 15 campos
2025-10-16 22:46:00 | INFO | sicar.main | 📢 ALERTA PAPER_TRADING: Motor de paper trading inicializado con $200.00
2025-10-16 22:46:01 | INFO | sicar.main | 📢 ALERTA OBSERVER_ADDED: Observador agregado al detector de breakouts
2025-10-16 22:46:01 | INFO | sicar.main | 🔄 SYNC AUTO_SYNC: ✅ ÉXITO
2025-10-16 22:46:01 | INFO | sicar.main |    Detalles: Sincronización automática iniciada
2025-10-16 22:46:01 | INFO | sicar.main | 📢 ALERTA BREAKOUT_DETECTOR: Detector de breakouts iniciado
2025-10-16 22:46:02 | INFO | sicar.main | 📢 ALERTA DASHBOARD: Dashboard mejorado iniciado correctamente
2025-10-16 22:51:05 | INFO | sicar.main | 🔄 SYNC LOAD: ✅ ÉXITO
2025-10-16 22:51:05 | INFO | sicar.main |    Detalles: Datos cargados: 15 campos
2025-10-16 22:51:08 | INFO | sicar.main | 📢 ALERTA PAPER_TRADING: Motor de paper trading inicializado con $200.00
2025-10-16 22:51:09 | INFO | sicar.main | 📢 ALERTA OBSERVER_ADDED: Observador agregado al detector de breakouts
2025-10-16 22:51:09 | INFO | sicar.main | 🔄 SYNC AUTO_SYNC: ✅ ÉXITO
2025-10-16 22:51:09 | INFO | sicar.main |    Detalles: Sincronización automática iniciada
2025-10-16 22:51:09 | INFO | sicar.main | 📢 ALERTA BREAKOUT_DETECTOR: Detector de breakouts iniciado
2025-10-16 22:51:09 | INFO | sicar.main | 📢 ALERTA DASHBOARD: Dashboard mejorado iniciado correctamente
2025-10-16 23:12:26 | INFO | sicar.main | 🔄 SYNC LOAD: ✅ ÉXITO
2025-10-16 23:12:26 | INFO | sicar.main |    Detalles: Datos cargados: 15 campos
2025-10-16 23:12:30 | INFO | sicar.main | 📢 ALERTA PAPER_TRADING: Motor de paper trading inicializado con $200.00
2025-10-16 23:12:31 | INFO | sicar.main | 📢 ALERTA OBSERVER_ADDED: Observador agregado al detector de breakouts
2025-10-16 23:12:31 | INFO | sicar.main | 🔄 SYNC AUTO_SYNC: ✅ ÉXITO
2025-10-16 23:12:31 | INFO | sicar.main |    Detalles: Sincronización automática iniciada
2025-10-16 23:12:31 | INFO | sicar.main | 📢 ALERTA BREAKOUT_DETECTOR: Detector de breakouts iniciado
2025-10-16 23:12:31 | INFO | sicar.main | 📢 ALERTA DASHBOARD: Dashboard mejorado iniciado correctamente
2025-10-17 04:02:02 | INFO | sicar.main | 🔄 SYNC LOAD: ✅ ÉXITO
2025-10-17 04:02:02 | INFO | sicar.main |    Detalles: Datos cargados: 15 campos
2025-10-17 04:02:04 | INFO | sicar.main | 📢 ALERTA TEST: Prueba de alerta
2025-10-17 04:02:04 | INFO | sicar.main | 🤖 AUTO TRADING ACTIVADO
2025-10-17 04:02:04 | INFO | sicar.main |    Razón: Prueba de auto trading
2025-10-17 04:02:04 | INFO | sicar.main | 🔄 SYNC AUTO_SYNC: ✅ ÉXITO
2025-10-17 04:02:04 | INFO | sicar.main |    Detalles: Sincronización automática iniciada
2025-10-17 04:02:05 | INFO | sicar.main | 🔄 SYNC UPDATE: ✅ ÉXITO
2025-10-17 04:02:05 | INFO | sicar.main |    Detalles: Campos actualizados: ['test_field', 'timestamp']
2025-10-17 04:02:05 | INFO | sicar.main | 🔄 SYNC UPDATE: ✅ ÉXITO
2025-10-17 04:02:05 | INFO | sicar.main |    Detalles: Campos actualizados: ['auto_trading', 'auto_trading_changed_at', 'auto_trading_reason']
2025-10-17 04:02:05 | INFO | sicar.main | 🤖 AUTO TRADING ACTIVADO
2025-10-17 04:02:05 | INFO | sicar.main |    Razón: Prueba del sistema
2025-10-17 04:02:05 | INFO | sicar.main | 📢 ALERTA BREAKOUT_DETECTOR: Detector de breakouts iniciado
2025-10-17 04:02:08 | INFO | sicar.main | ⚠️ ALERTA STRONG_BREAKOUT: ETHUSDT - BULLISH breakout detectado (Confianza: 85.0%, Fuerza: strong)
2025-10-17 04:02:08 | INFO | sicar.main | 🔄 SYNC UPDATE: ✅ ÉXITO
2025-10-17 04:02:08 | INFO | sicar.main |    Detalles: Campos actualizados: ['auto_trading', 'auto_trading_changed_at', 'auto_trading_reason']
2025-10-17 04:02:08 | INFO | sicar.main | 🤖 AUTO TRADING ACTIVADO
2025-10-17 04:02:08 | INFO | sicar.main |    Razón: Prueba de integración
2025-10-17 04:02:08 | INFO | sicar.main | 🔄 SYNC UPDATE: ✅ ÉXITO
2025-10-17 04:02:08 | INFO | sicar.main |    Detalles: Campos actualizados: ['current_capital', 'capital_updated_at']
2025-10-17 04:02:08 | INFO | sicar.main | 🔄 SYNC UPDATE: ✅ ÉXITO
2025-10-17 04:02:08 | INFO | sicar.main |    Detalles: Campos actualizados: ['total_trades', 'last_trade', 'last_trade_at']
2025-10-17 04:02:08 | INFO | sicar.main | 🔄 SYNC EXTERNAL_CHANGE: ✅ ÉXITO
2025-10-17 04:02:08 | INFO | sicar.main |    Detalles: Cambios detectados: ['current_capital', 'total_trades']
2025-10-17 04:02:13 | INFO | sicar.main | 📢 ALERTA BREAKOUT_DETECTOR: Detector de breakouts detenido
2025-10-17 04:02:14 | INFO | sicar.main | 🔄 SYNC AUTO_SYNC: ✅ ÉXITO
2025-10-17 04:02:14 | INFO | sicar.main |    Detalles: Sincronización automática detenida
2025-10-17 04:24:10 | INFO | sicar.main | 📢 ALERTA SESSION_BREAKOUT: 🔥 MODO ULTRA-SENSIBLE ACTIVADO para ETHUSDT en Asian
2025-10-17 04:24:10 | INFO | sicar.main | 📢 ALERTA GUARANTEED_BREAKOUT: ✅ BREAKOUT GARANTIZADO generado para ETHUSDT en Asian: bullish 0.040% confianza 65.0%
2025-10-17 04:24:11 | INFO | sicar.main | 📢 ALERTA SESSION_BREAKOUT: 🔥 MODO ULTRA-SENSIBLE ACTIVADO para ETHUSDT en European
2025-10-17 04:24:11 | INFO | sicar.main | 📢 ALERTA GUARANTEED_BREAKOUT: ✅ BREAKOUT GARANTIZADO generado para ETHUSDT en European: bullish 0.040% confianza 65.0%
2025-10-17 04:24:12 | INFO | sicar.main | 📢 ALERTA SESSION_BREAKOUT: 🔥 MODO ULTRA-SENSIBLE ACTIVADO para ETHUSDT en American
2025-10-17 04:24:12 | INFO | sicar.main | 📢 ALERTA GUARANTEED_BREAKOUT: ✅ BREAKOUT GARANTIZADO generado para ETHUSDT en American: bullish 0.040% confianza 65.0%
2025-10-17 04:27:18 | INFO | sicar.main | 📢 ALERTA SESSION_BREAKOUT: 🔥 MODO ULTRA-SENSIBLE ACTIVADO para ETHUSDT en Asian
2025-10-17 04:27:18 | INFO | sicar.main | 📢 ALERTA FORCED_BREAKOUT: 🚨 BREAKOUT FORZADO en ETHUSDT: 0.081% durante Asian
2025-10-17 04:27:18 | INFO | sicar.main | 📢 ALERTA FORCED_CRITERIA: 🚨 CRITERIOS FORZADOS para ETHUSDT en Asian
2025-10-17 04:27:20 | INFO | sicar.main | 📢 ALERTA SESSION_BREAKOUT: 🔥 MODO ULTRA-SENSIBLE ACTIVADO para ETHUSDT en European
2025-10-17 04:27:20 | INFO | sicar.main | 📢 ALERTA FORCED_BREAKOUT: 🚨 BREAKOUT FORZADO en ETHUSDT: 0.081% durante European
2025-10-17 04:27:20 | INFO | sicar.main | 📢 ALERTA FORCED_CRITERIA: 🚨 CRITERIOS FORZADOS para ETHUSDT en European
2025-10-17 04:27:21 | INFO | sicar.main | 📢 ALERTA SESSION_BREAKOUT: 🔥 MODO ULTRA-SENSIBLE ACTIVADO para ETHUSDT en American
2025-10-17 04:27:21 | INFO | sicar.main | 📢 ALERTA FORCED_BREAKOUT: 🚨 BREAKOUT FORZADO en ETHUSDT: 0.081% durante American
2025-10-17 04:27:21 | INFO | sicar.main | 📢 ALERTA FORCED_CRITERIA: 🚨 CRITERIOS FORZADOS para ETHUSDT en American
2025-10-17 04:29:39 | INFO | sicar.main | 📢 ALERTA NORMAL_SESSION_BREAKOUT: ✅ BREAKOUT NORMAL generado para ETHUSDT en TEST: bullish 0.091% volumen 1.20x confianza 70.9%
2025-10-17 05:38:42 | INFO | sicar.main | 🔄 SYNC LOAD: ✅ ÉXITO
2025-10-17 05:38:42 | INFO | sicar.main |    Detalles: Datos cargados: 15 campos
2025-10-17 05:38:47 | INFO | sicar.main | 📢 ALERTA PAPER_TRADING: Motor de paper trading inicializado con $200.00
2025-10-17 05:38:48 | INFO | sicar.main | 📢 ALERTA OBSERVER_ADDED: Observador agregado al detector de breakouts
2025-10-17 05:38:48 | INFO | sicar.main | 🔄 SYNC AUTO_SYNC: ✅ ÉXITO
2025-10-17 05:38:48 | INFO | sicar.main |    Detalles: Sincronización automática iniciada
2025-10-17 05:38:48 | INFO | sicar.main | 📢 ALERTA BREAKOUT_DETECTOR: Detector de breakouts iniciado
2025-10-17 05:38:49 | INFO | sicar.main | 📢 ALERTA DASHBOARD: Dashboard mejorado iniciado correctamente
2025-10-17 05:39:22 | INFO | sicar.main | 📢 ALERTA SENSITIVITY_UPDATE: Sensibilidad actualizada a 75.0%
2025-10-17 05:39:22 | INFO | sicar.main | 🔄 SYNC UPDATE: ✅ ÉXITO
2025-10-17 05:39:22 | INFO | sicar.main |    Detalles: Campos actualizados: ['initial_capital', 'current_capital', 'total_trades', 'auto_trading']
2025-10-17 08:30:27 | INFO | sicar.main | 📢 ALERTA SESSION_WINDOW: 🚨 VENTANA CRÍTICA ACTIVA: Sesión Americana (09:30-09:35)
2025-10-17 08:30:27 | INFO | sicar.main | 📢 ALERTA SESSION_DETECTION: 🔥 DETECCIÓN ACELERADA: cada 10s durante american
2025-10-17 08:30:27 | INFO | sicar.main | 📢 ALERTA SESSION_WINDOW: 🚨 VENTANA CRÍTICA ACTIVA: Sesión Americana (09:30-09:35)
2025-10-17 08:30:27 | INFO | sicar.main | 📢 ALERTA SESSION_BREAKOUT: 🔥 MODO ULTRA-SENSIBLE ACTIVADO para ETHUSDT en american
2025-10-17 08:30:28 | INFO | sicar.main | 🚨 ALERTA STRONG_BREAKOUT: ETHUSDT - BEARISH breakout detectado (Confianza: 6000.0%, Fuerza: very_strong)
2025-10-17 08:30:28 | INFO | sicar.main | 📢 ALERTA SESSION_WINDOW: 🚨 VENTANA CRÍTICA ACTIVA: Sesión Americana (09:30-09:35)
2025-10-17 08:30:28 | INFO | sicar.main | 📢 ALERTA SESSION_BREAKOUT: 🔥 MODO ULTRA-SENSIBLE ACTIVADO para BTCUSDT en american
2025-10-17 08:30:28 | INFO | sicar.main | 📢 ALERTA FORCED_BREAKOUT: 🚨 BREAKOUT FORZADO en BTCUSDT: -0.078% durante american
2025-10-17 08:30:28 | INFO | sicar.main | 📢 ALERTA FORCED_CRITERIA: 🚨 CRITERIOS FORZADOS para BTCUSDT en american
2025-10-17 08:30:28 | INFO | sicar.main | 🚨 ALERTA STRONG_BREAKOUT: BTCUSDT - BEARISH breakout detectado (Confianza: 6000.0%, Fuerza: very_strong)
2025-10-17 08:30:28 | INFO | sicar.main | 📢 ALERTA SESSION_WINDOW: 🚨 VENTANA CRÍTICA ACTIVA: Sesión Americana (09:30-09:35)
2025-10-17 08:30:28 | INFO | sicar.main | 📢 ALERTA SESSION_BREAKOUT: 🔥 MODO ULTRA-SENSIBLE ACTIVADO para ADAUSDT en american
2025-10-17 08:30:28 | INFO | sicar.main | 📢 ALERTA FORCED_BREAKOUT: 🚨 BREAKOUT FORZADO en ADAUSDT: -0.162% durante american
2025-10-17 08:30:28 | INFO | sicar.main | 🚨 ALERTA STRONG_BREAKOUT: ADAUSDT - BEARISH breakout detectado (Confianza: 6000.0%, Fuerza: very_strong)
2025-10-17 08:30:38 | INFO | sicar.main | 📢 ALERTA SESSION_WINDOW: 🚨 VENTANA CRÍTICA ACTIVA: Sesión Americana (09:30-09:35)
2025-10-17 08:30:38 | INFO | sicar.main | 📢 ALERTA SESSION_DETECTION: 🔥 DETECCIÓN ACELERADA: cada 10s durante american
2025-10-17 08:30:38 | INFO | sicar.main | 📢 ALERTA SESSION_WINDOW: 🚨 VENTANA CRÍTICA ACTIVA: Sesión Americana (09:30-09:35)
2025-10-17 08:30:38 | INFO | sicar.main | 📢 ALERTA SESSION_BREAKOUT: 🔥 MODO ULTRA-SENSIBLE ACTIVADO para ETHUSDT en american
2025-10-17 08:30:38 | INFO | sicar.main | 📢 ALERTA SESSION_WINDOW: 🚨 VENTANA CRÍTICA ACTIVA: Sesión Americana (09:30-09:35)
2025-10-17 08:30:38 | INFO | sicar.main | 📢 ALERTA SESSION_BREAKOUT: 🔥 MODO ULTRA-SENSIBLE ACTIVADO para BTCUSDT en american
2025-10-17 08:30:38 | INFO | sicar.main | 📢 ALERTA SESSION_WINDOW: 🚨 VENTANA CRÍTICA ACTIVA: Sesión Americana (09:30-09:35)
2025-10-17 08:30:38 | INFO | sicar.main | 📢 ALERTA SESSION_BREAKOUT: 🔥 MODO ULTRA-SENSIBLE ACTIVADO para ADAUSDT en american
2025-10-17 08:30:38 | INFO | sicar.main | 📢 ALERTA FORCED_BREAKOUT: 🚨 BREAKOUT FORZADO en ADAUSDT: 0.147% durante american
2025-10-17 08:30:48 | INFO | sicar.main | 📢 ALERTA SESSION_WINDOW: 🚨 VENTANA CRÍTICA ACTIVA: Sesión Americana (09:30-09:35)
2025-10-17 08:30:48 | INFO | sicar.main | 📢 ALERTA SESSION_DETECTION: 🔥 DETECCIÓN ACELERADA: cada 10s durante american
2025-10-17 08:30:48 | INFO | sicar.main | 📢 ALERTA SESSION_WINDOW: 🚨 VENTANA CRÍTICA ACTIVA: Sesión Americana (09:30-09:35)
2025-10-17 08:30:48 | INFO | sicar.main | 📢 ALERTA SESSION_BREAKOUT: 🔥 MODO ULTRA-SENSIBLE ACTIVADO para ETHUSDT en american
2025-10-17 08:30:48 | INFO | sicar.main | 📢 ALERTA SESSION_WINDOW: 🚨 VENTANA CRÍTICA ACTIVA: Sesión Americana (09:30-09:35)
2025-10-17 08:30:48 | INFO | sicar.main | 📢 ALERTA SESSION_BREAKOUT: 🔥 MODO ULTRA-SENSIBLE ACTIVADO para BTCUSDT en american
2025-10-17 08:30:48 | INFO | sicar.main | 📢 ALERTA SESSION_WINDOW: 🚨 VENTANA CRÍTICA ACTIVA: Sesión Americana (09:30-09:35)
2025-10-17 08:30:48 | INFO | sicar.main | 📢 ALERTA SESSION_BREAKOUT: 🔥 MODO ULTRA-SENSIBLE ACTIVADO para ADAUSDT en american
2025-10-17 08:30:48 | INFO | sicar.main | 📢 ALERTA FORCED_BREAKOUT: 🚨 BREAKOUT FORZADO en ADAUSDT: -0.175% durante american
2025-10-17 08:30:58 | INFO | sicar.main | 📢 ALERTA SESSION_WINDOW: 🚨 VENTANA CRÍTICA ACTIVA: Sesión Americana (09:30-09:35)
2025-10-17 08:30:58 | INFO | sicar.main | 📢 ALERTA SESSION_DETECTION: 🔥 DETECCIÓN ACELERADA: cada 10s durante american
2025-10-17 08:30:58 | INFO | sicar.main | 📢 ALERTA SESSION_WINDOW: 🚨 VENTANA CRÍTICA ACTIVA: Sesión Americana (09:30-09:35)
2025-10-17 08:30:58 | INFO | sicar.main | 📢 ALERTA SESSION_BREAKOUT: 🔥 MODO ULTRA-SENSIBLE ACTIVADO para ETHUSDT en american
2025-10-17 08:30:58 | INFO | sicar.main | 📢 ALERTA SESSION_WINDOW: 🚨 VENTANA CRÍTICA ACTIVA: Sesión Americana (09:30-09:35)
2025-10-17 08:30:58 | INFO | sicar.main | 📢 ALERTA SESSION_BREAKOUT: 🔥 MODO ULTRA-SENSIBLE ACTIVADO para BTCUSDT en american
2025-10-17 08:30:58 | INFO | sicar.main | 📢 ALERTA SESSION_WINDOW: 🚨 VENTANA CRÍTICA ACTIVA: Sesión Americana (09:30-09:35)
2025-10-17 08:30:58 | INFO | sicar.main | 📢 ALERTA SESSION_BREAKOUT: 🔥 MODO ULTRA-SENSIBLE ACTIVADO para ADAUSDT en american
2025-10-17 08:30:58 | INFO | sicar.main | 📢 ALERTA FORCED_BREAKOUT: 🚨 BREAKOUT FORZADO en ADAUSDT: 0.098% durante american
2025-10-17 08:30:58 | INFO | sicar.main | 📢 ALERTA FORCED_CRITERIA: 🚨 CRITERIOS FORZADOS para ADAUSDT en american
2025-10-17 08:31:08 | INFO | sicar.main | 📢 ALERTA SESSION_WINDOW: 🚨 VENTANA CRÍTICA ACTIVA: Sesión Americana (09:30-09:35)
2025-10-17 08:31:08 | INFO | sicar.main | 📢 ALERTA SESSION_DETECTION: 🔥 DETECCIÓN ACELERADA: cada 10s durante american
2025-10-17 08:31:08 | INFO | sicar.main | 📢 ALERTA SESSION_WINDOW: 🚨 VENTANA CRÍTICA ACTIVA: Sesión Americana (09:30-09:35)
2025-10-17 08:31:08 | INFO | sicar.main | 📢 ALERTA SESSION_BREAKOUT: 🔥 MODO ULTRA-SENSIBLE ACTIVADO para ETHUSDT en american
2025-10-17 08:31:08 | INFO | sicar.main | 📢 ALERTA FORCED_BREAKOUT: 🚨 BREAKOUT FORZADO en ETHUSDT: 0.241% durante american
2025-10-17 08:31:08 | INFO | sicar.main | 📢 ALERTA SESSION_WINDOW: 🚨 VENTANA CRÍTICA ACTIVA: Sesión Americana (09:30-09:35)
2025-10-17 08:31:08 | INFO | sicar.main | 📢 ALERTA SESSION_BREAKOUT: 🔥 MODO ULTRA-SENSIBLE ACTIVADO para BTCUSDT en american
2025-10-17 08:31:08 | INFO | sicar.main | 📢 ALERTA FORCED_BREAKOUT: 🚨 BREAKOUT FORZADO en BTCUSDT: 0.369% durante american
2025-10-17 08:31:08 | INFO | sicar.main | 📢 ALERTA SESSION_WINDOW: 🚨 VENTANA CRÍTICA ACTIVA: Sesión Americana (09:30-09:35)
2025-10-17 08:31:08 | INFO | sicar.main | 📢 ALERTA SESSION_BREAKOUT: 🔥 MODO ULTRA-SENSIBLE ACTIVADO para ADAUSDT en american
2025-10-17 08:31:08 | INFO | sicar.main | 📢 ALERTA FORCED_BREAKOUT: 🚨 BREAKOUT FORZADO en ADAUSDT: 0.082% durante american
2025-10-17 08:31:08 | INFO | sicar.main | 📢 ALERTA FORCED_CRITERIA: 🚨 CRITERIOS FORZADOS para ADAUSDT en american
2025-10-17 08:31:18 | INFO | sicar.main | 📢 ALERTA SESSION_WINDOW: 🚨 VENTANA CRÍTICA ACTIVA: Sesión Americana (09:30-09:35)
2025-10-17 08:31:18 | INFO | sicar.main | 📢 ALERTA SESSION_DETECTION: 🔥 DETECCIÓN ACELERADA: cada 10s durante american
2025-10-17 08:31:18 | INFO | sicar.main | 📢 ALERTA SESSION_WINDOW: 🚨 VENTANA CRÍTICA ACTIVA: Sesión Americana (09:30-09:35)
2025-10-17 08:31:18 | INFO | sicar.main | 📢 ALERTA SESSION_BREAKOUT: 🔥 MODO ULTRA-SENSIBLE ACTIVADO para ETHUSDT en american
2025-10-17 08:31:18 | INFO | sicar.main | 📢 ALERTA SESSION_WINDOW: 🚨 VENTANA CRÍTICA ACTIVA: Sesión Americana (09:30-09:35)
2025-10-17 08:31:18 | INFO | sicar.main | 📢 ALERTA SESSION_BREAKOUT: 🔥 MODO ULTRA-SENSIBLE ACTIVADO para BTCUSDT en american
2025-10-17 08:31:18 | INFO | sicar.main | 📢 ALERTA FORCED_BREAKOUT: 🚨 BREAKOUT FORZADO en BTCUSDT: -0.198% durante american
2025-10-17 08:31:18 | INFO | sicar.main | 📢 ALERTA SESSION_WINDOW: 🚨 VENTANA CRÍTICA ACTIVA: Sesión Americana (09:30-09:35)
2025-10-17 08:31:18 | INFO | sicar.main | 📢 ALERTA SESSION_BREAKOUT: 🔥 MODO ULTRA-SENSIBLE ACTIVADO para ADAUSDT en american
2025-10-17 08:31:18 | INFO | sicar.main | 📢 ALERTA FORCED_BREAKOUT: 🚨 BREAKOUT FORZADO en ADAUSDT: -0.123% durante american
2025-10-17 08:31:28 | INFO | sicar.main | 📢 ALERTA SESSION_WINDOW: 🚨 VENTANA CRÍTICA ACTIVA: Sesión Americana (09:30-09:35)
2025-10-17 08:31:28 | INFO | sicar.main | 📢 ALERTA SESSION_DETECTION: 🔥 DETECCIÓN ACELERADA: cada 10s durante american
2025-10-17 08:31:28 | INFO | sicar.main | 📢 ALERTA SESSION_WINDOW: 🚨 VENTANA CRÍTICA ACTIVA: Sesión Americana (09:30-09:35)
2025-10-17 08:31:28 | INFO | sicar.main | 📢 ALERTA SESSION_BREAKOUT: 🔥 MODO ULTRA-SENSIBLE ACTIVADO para ETHUSDT en american
2025-10-17 08:31:28 | INFO | sicar.main | 📢 ALERTA FORCED_BREAKOUT: 🚨 BREAKOUT FORZADO en ETHUSDT: 0.278% durante american
2025-10-17 08:31:28 | INFO | sicar.main | 📢 ALERTA SESSION_WINDOW: 🚨 VENTANA CRÍTICA ACTIVA: Sesión Americana (09:30-09:35)
2025-10-17 08:31:28 | INFO | sicar.main | 📢 ALERTA SESSION_BREAKOUT: 🔥 MODO ULTRA-SENSIBLE ACTIVADO para BTCUSDT en american
2025-10-17 08:31:28 | INFO | sicar.main | 📢 ALERTA FORCED_BREAKOUT: 🚨 BREAKOUT FORZADO en BTCUSDT: -0.123% durante american
2025-10-17 08:31:28 | INFO | sicar.main | 📢 ALERTA SESSION_WINDOW: 🚨 VENTANA CRÍTICA ACTIVA: Sesión Americana (09:30-09:35)
2025-10-17 08:31:28 | INFO | sicar.main | 📢 ALERTA SESSION_BREAKOUT: 🔥 MODO ULTRA-SENSIBLE ACTIVADO para ADAUSDT en american
2025-10-17 08:31:38 | INFO | sicar.main | 📢 ALERTA SESSION_WINDOW: 🚨 VENTANA CRÍTICA ACTIVA: Sesión Americana (09:30-09:35)
2025-10-17 08:31:38 | INFO | sicar.main | 📢 ALERTA SESSION_DETECTION: 🔥 DETECCIÓN ACELERADA: cada 10s durante american
2025-10-17 08:31:38 | INFO | sicar.main | 📢 ALERTA SESSION_WINDOW: 🚨 VENTANA CRÍTICA ACTIVA: Sesión Americana (09:30-09:35)
2025-10-17 08:31:38 | INFO | sicar.main | 📢 ALERTA SESSION_BREAKOUT: 🔥 MODO ULTRA-SENSIBLE ACTIVADO para ETHUSDT en american
2025-10-17 08:31:38 | INFO | sicar.main | 📢 ALERTA FORCED_BREAKOUT: 🚨 BREAKOUT FORZADO en ETHUSDT: -0.243% durante american
2025-10-17 08:31:38 | INFO | sicar.main | 📢 ALERTA SESSION_WINDOW: 🚨 VENTANA CRÍTICA ACTIVA: Sesión Americana (09:30-09:35)
2025-10-17 08:31:38 | INFO | sicar.main | 📢 ALERTA SESSION_BREAKOUT: 🔥 MODO ULTRA-SENSIBLE ACTIVADO para BTCUSDT en american
2025-10-17 08:31:38 | INFO | sicar.main | 📢 ALERTA FORCED_BREAKOUT: 🚨 BREAKOUT FORZADO en BTCUSDT: 0.182% durante american
2025-10-17 08:31:38 | INFO | sicar.main | 📢 ALERTA SESSION_WINDOW: 🚨 VENTANA CRÍTICA ACTIVA: Sesión Americana (09:30-09:35)
2025-10-17 08:31:38 | INFO | sicar.main | 📢 ALERTA SESSION_BREAKOUT: 🔥 MODO ULTRA-SENSIBLE ACTIVADO para ADAUSDT en american
2025-10-17 08:31:38 | INFO | sicar.main | 📢 ALERTA FORCED_BREAKOUT: 🚨 BREAKOUT FORZADO en ADAUSDT: -0.218% durante american
2025-10-17 08:31:48 | INFO | sicar.main | 📢 ALERTA SESSION_WINDOW: 🚨 VENTANA CRÍTICA ACTIVA: Sesión Americana (09:30-09:35)
2025-10-17 08:31:48 | INFO | sicar.main | 📢 ALERTA SESSION_DETECTION: 🔥 DETECCIÓN ACELERADA: cada 10s durante american
2025-10-17 08:31:48 | INFO | sicar.main | 📢 ALERTA SESSION_WINDOW: 🚨 VENTANA CRÍTICA ACTIVA: Sesión Americana (09:30-09:35)
2025-10-17 08:31:48 | INFO | sicar.main | 📢 ALERTA SESSION_BREAKOUT: 🔥 MODO ULTRA-SENSIBLE ACTIVADO para ETHUSDT en american
2025-10-17 08:31:48 | INFO | sicar.main | 📢 ALERTA FORCED_BREAKOUT: 🚨 BREAKOUT FORZADO en ETHUSDT: 0.181% durante american
2025-10-17 08:31:48 | INFO | sicar.main | 📢 ALERTA SESSION_WINDOW: 🚨 VENTANA CRÍTICA ACTIVA: Sesión Americana (09:30-09:35)
2025-10-17 08:31:48 | INFO | sicar.main | 📢 ALERTA SESSION_BREAKOUT: 🔥 MODO ULTRA-SENSIBLE ACTIVADO para BTCUSDT en american
2025-10-17 08:31:48 | INFO | sicar.main | 📢 ALERTA FORCED_BREAKOUT: 🚨 BREAKOUT FORZADO en BTCUSDT: 0.428% durante american
2025-10-17 08:31:48 | INFO | sicar.main | 📢 ALERTA SESSION_WINDOW: 🚨 VENTANA CRÍTICA ACTIVA: Sesión Americana (09:30-09:35)
2025-10-17 08:31:48 | INFO | sicar.main | 📢 ALERTA SESSION_BREAKOUT: 🔥 MODO ULTRA-SENSIBLE ACTIVADO para ADAUSDT en american
2025-10-17 08:31:58 | INFO | sicar.main | 📢 ALERTA SESSION_WINDOW: 🚨 VENTANA CRÍTICA ACTIVA: Sesión Americana (09:30-09:35)
2025-10-17 08:31:58 | INFO | sicar.main | 📢 ALERTA SESSION_DETECTION: 🔥 DETECCIÓN ACELERADA: cada 10s durante american
2025-10-17 08:31:58 | INFO | sicar.main | 📢 ALERTA SESSION_WINDOW: 🚨 VENTANA CRÍTICA ACTIVA: Sesión Americana (09:30-09:35)
2025-10-17 08:31:58 | INFO | sicar.main | 📢 ALERTA SESSION_BREAKOUT: 🔥 MODO ULTRA-SENSIBLE ACTIVADO para ETHUSDT en american
2025-10-17 08:31:58 | INFO | sicar.main | 📢 ALERTA FORCED_BREAKOUT: 🚨 BREAKOUT FORZADO en ETHUSDT: 0.097% durante american
2025-10-17 08:31:58 | INFO | sicar.main | 📢 ALERTA FORCED_CRITERIA: 🚨 CRITERIOS FORZADOS para ETHUSDT en american
2025-10-17 08:31:58 | INFO | sicar.main | 📢 ALERTA SESSION_WINDOW: 🚨 VENTANA CRÍTICA ACTIVA: Sesión Americana (09:30-09:35)
2025-10-17 08:31:58 | INFO | sicar.main | 📢 ALERTA SESSION_BREAKOUT: 🔥 MODO ULTRA-SENSIBLE ACTIVADO para BTCUSDT en american
2025-10-17 08:31:58 | INFO | sicar.main | 📢 ALERTA FORCED_BREAKOUT: 🚨 BREAKOUT FORZADO en BTCUSDT: 0.085% durante american
2025-10-17 08:31:58 | INFO | sicar.main | 📢 ALERTA FORCED_CRITERIA: 🚨 CRITERIOS FORZADOS para BTCUSDT en american
2025-10-17 08:31:58 | INFO | sicar.main | 📢 ALERTA SESSION_WINDOW: 🚨 VENTANA CRÍTICA ACTIVA: Sesión Americana (09:30-09:35)
2025-10-17 08:31:58 | INFO | sicar.main | 📢 ALERTA SESSION_BREAKOUT: 🔥 MODO ULTRA-SENSIBLE ACTIVADO para ADAUSDT en american
2025-10-17 08:32:08 | INFO | sicar.main | 📢 ALERTA SESSION_WINDOW: 🚨 VENTANA CRÍTICA ACTIVA: Sesión Americana (09:30-09:35)
2025-10-17 08:32:08 | INFO | sicar.main | 📢 ALERTA SESSION_DETECTION: 🔥 DETECCIÓN ACELERADA: cada 10s durante american
2025-10-17 08:32:08 | INFO | sicar.main | 📢 ALERTA SESSION_WINDOW: 🚨 VENTANA CRÍTICA ACTIVA: Sesión Americana (09:30-09:35)
2025-10-17 08:32:08 | INFO | sicar.main | 📢 ALERTA SESSION_BREAKOUT: 🔥 MODO ULTRA-SENSIBLE ACTIVADO para ETHUSDT en american
2025-10-17 08:32:08 | INFO | sicar.main | 📢 ALERTA FORCED_BREAKOUT: 🚨 BREAKOUT FORZADO en ETHUSDT: 0.229% durante american
2025-10-17 08:32:08 | INFO | sicar.main | 📢 ALERTA SESSION_WINDOW: 🚨 VENTANA CRÍTICA ACTIVA: Sesión Americana (09:30-09:35)
2025-10-17 08:32:08 | INFO | sicar.main | 📢 ALERTA SESSION_BREAKOUT: 🔥 MODO ULTRA-SENSIBLE ACTIVADO para BTCUSDT en american
2025-10-17 08:32:08 | INFO | sicar.main | 📢 ALERTA FORCED_BREAKOUT: 🚨 BREAKOUT FORZADO en BTCUSDT: -0.275% durante american
2025-10-17 08:32:08 | INFO | sicar.main | 📢 ALERTA SESSION_WINDOW: 🚨 VENTANA CRÍTICA ACTIVA: Sesión Americana (09:30-09:35)
2025-10-17 08:32:08 | INFO | sicar.main | 📢 ALERTA SESSION_BREAKOUT: 🔥 MODO ULTRA-SENSIBLE ACTIVADO para ADAUSDT en american
2025-10-17 08:32:18 | INFO | sicar.main | 📢 ALERTA SESSION_WINDOW: 🚨 VENTANA CRÍTICA ACTIVA: Sesión Americana (09:30-09:35)
2025-10-17 08:32:18 | INFO | sicar.main | 📢 ALERTA SESSION_DETECTION: 🔥 DETECCIÓN ACELERADA: cada 10s durante american
2025-10-17 08:32:18 | INFO | sicar.main | 📢 ALERTA SESSION_WINDOW: 🚨 VENTANA CRÍTICA ACTIVA: Sesión Americana (09:30-09:35)
2025-10-17 08:32:18 | INFO | sicar.main | 📢 ALERTA SESSION_BREAKOUT: 🔥 MODO ULTRA-SENSIBLE ACTIVADO para ETHUSDT en american
2025-10-17 08:32:18 | INFO | sicar.main | 📢 ALERTA FORCED_BREAKOUT: 🚨 BREAKOUT FORZADO en ETHUSDT: -0.136% durante american
2025-10-17 08:32:18 | INFO | sicar.main | 📢 ALERTA SESSION_WINDOW: 🚨 VENTANA CRÍTICA ACTIVA: Sesión Americana (09:30-09:35)
2025-10-17 08:32:18 | INFO | sicar.main | 📢 ALERTA SESSION_BREAKOUT: 🔥 MODO ULTRA-SENSIBLE ACTIVADO para BTCUSDT en american
2025-10-17 08:32:18 | INFO | sicar.main | 📢 ALERTA SESSION_WINDOW: 🚨 VENTANA CRÍTICA ACTIVA: Sesión Americana (09:30-09:35)
2025-10-17 08:32:18 | INFO | sicar.main | 📢 ALERTA SESSION_BREAKOUT: 🔥 MODO ULTRA-SENSIBLE ACTIVADO para ADAUSDT en american
2025-10-17 08:32:18 | INFO | sicar.main | 📢 ALERTA FORCED_CRITERIA: 🚨 CRITERIOS FORZADOS para ADAUSDT en american
2025-10-17 08:32:28 | INFO | sicar.main | 📢 ALERTA SESSION_WINDOW: 🚨 VENTANA CRÍTICA ACTIVA: Sesión Americana (09:30-09:35)
2025-10-17 08:32:28 | INFO | sicar.main | 📢 ALERTA SESSION_DETECTION: 🔥 DETECCIÓN ACELERADA: cada 10s durante american
2025-10-17 08:32:28 | INFO | sicar.main | 📢 ALERTA SESSION_WINDOW: 🚨 VENTANA CRÍTICA ACTIVA: Sesión Americana (09:30-09:35)
2025-10-17 08:32:28 | INFO | sicar.main | 📢 ALERTA SESSION_BREAKOUT: 🔥 MODO ULTRA-SENSIBLE ACTIVADO para ETHUSDT en american
2025-10-17 08:32:28 | INFO | sicar.main | 📢 ALERTA FORCED_BREAKOUT: 🚨 BREAKOUT FORZADO en ETHUSDT: -0.193% durante american
2025-10-17 08:32:28 | INFO | sicar.main | 📢 ALERTA SESSION_WINDOW: 🚨 VENTANA CRÍTICA ACTIVA: Sesión Americana (09:30-09:35)
2025-10-17 08:32:28 | INFO | sicar.main | 📢 ALERTA SESSION_BREAKOUT: 🔥 MODO ULTRA-SENSIBLE ACTIVADO para BTCUSDT en american
2025-10-17 08:32:28 | INFO | sicar.main | 📢 ALERTA SESSION_WINDOW: 🚨 VENTANA CRÍTICA ACTIVA: Sesión Americana (09:30-09:35)
2025-10-17 08:32:28 | INFO | sicar.main | 📢 ALERTA SESSION_BREAKOUT: 🔥 MODO ULTRA-SENSIBLE ACTIVADO para ADAUSDT en american
2025-10-17 08:32:38 | INFO | sicar.main | 📢 ALERTA SESSION_WINDOW: 🚨 VENTANA CRÍTICA ACTIVA: Sesión Americana (09:30-09:35)
2025-10-17 08:32:38 | INFO | sicar.main | 📢 ALERTA SESSION_DETECTION: 🔥 DETECCIÓN ACELERADA: cada 10s durante american
2025-10-17 08:32:38 | INFO | sicar.main | 📢 ALERTA SESSION_WINDOW: 🚨 VENTANA CRÍTICA ACTIVA: Sesión Americana (09:30-09:35)
2025-10-17 08:32:38 | INFO | sicar.main | 📢 ALERTA SESSION_BREAKOUT: 🔥 MODO ULTRA-SENSIBLE ACTIVADO para ETHUSDT en american
2025-10-17 08:32:38 | INFO | sicar.main | 📢 ALERTA FORCED_BREAKOUT: 🚨 BREAKOUT FORZADO en ETHUSDT: 0.116% durante american
2025-10-17 08:32:38 | INFO | sicar.main | 📢 ALERTA SESSION_WINDOW: 🚨 VENTANA CRÍTICA ACTIVA: Sesión Americana (09:30-09:35)
2025-10-17 08:32:38 | INFO | sicar.main | 📢 ALERTA SESSION_BREAKOUT: 🔥 MODO ULTRA-SENSIBLE ACTIVADO para BTCUSDT en american
2025-10-17 08:32:38 | INFO | sicar.main | 📢 ALERTA SESSION_WINDOW: 🚨 VENTANA CRÍTICA ACTIVA: Sesión Americana (09:30-09:35)
2025-10-17 08:32:38 | INFO | sicar.main | 📢 ALERTA SESSION_BREAKOUT: 🔥 MODO ULTRA-SENSIBLE ACTIVADO para ADAUSDT en american
2025-10-17 08:32:38 | INFO | sicar.main | 📢 ALERTA FORCED_BREAKOUT: 🚨 BREAKOUT FORZADO en ADAUSDT: 0.286% durante american
2025-10-17 08:32:48 | INFO | sicar.main | 📢 ALERTA SESSION_WINDOW: 🚨 VENTANA CRÍTICA ACTIVA: Sesión Americana (09:30-09:35)
2025-10-17 08:32:48 | INFO | sicar.main | 📢 ALERTA SESSION_DETECTION: 🔥 DETECCIÓN ACELERADA: cada 10s durante american
2025-10-17 08:32:48 | INFO | sicar.main | 📢 ALERTA SESSION_WINDOW: 🚨 VENTANA CRÍTICA ACTIVA: Sesión Americana (09:30-09:35)
2025-10-17 08:32:48 | INFO | sicar.main | 📢 ALERTA SESSION_BREAKOUT: 🔥 MODO ULTRA-SENSIBLE ACTIVADO para ETHUSDT en american
2025-10-17 08:32:48 | INFO | sicar.main | 📢 ALERTA SESSION_WINDOW: 🚨 VENTANA CRÍTICA ACTIVA: Sesión Americana (09:30-09:35)
2025-10-17 08:32:48 | INFO | sicar.main | 📢 ALERTA SESSION_BREAKOUT: 🔥 MODO ULTRA-SENSIBLE ACTIVADO para BTCUSDT en american
2025-10-17 08:32:48 | INFO | sicar.main | 📢 ALERTA FORCED_CRITERIA: 🚨 CRITERIOS FORZADOS para BTCUSDT en american
2025-10-17 08:32:48 | INFO | sicar.main | 📢 ALERTA SESSION_WINDOW: 🚨 VENTANA CRÍTICA ACTIVA: Sesión Americana (09:30-09:35)
2025-10-17 08:32:48 | INFO | sicar.main | 📢 ALERTA SESSION_BREAKOUT: 🔥 MODO ULTRA-SENSIBLE ACTIVADO para ADAUSDT en american
2025-10-17 08:32:58 | INFO | sicar.main | 📢 ALERTA SESSION_WINDOW: 🚨 VENTANA CRÍTICA ACTIVA: Sesión Americana (09:30-09:35)
2025-10-17 08:32:58 | INFO | sicar.main | 📢 ALERTA SESSION_DETECTION: 🔥 DETECCIÓN ACELERADA: cada 10s durante american
2025-10-17 08:32:58 | INFO | sicar.main | 📢 ALERTA SESSION_WINDOW: 🚨 VENTANA CRÍTICA ACTIVA: Sesión Americana (09:30-09:35)
2025-10-17 08:32:58 | INFO | sicar.main | 📢 ALERTA SESSION_BREAKOUT: 🔥 MODO ULTRA-SENSIBLE ACTIVADO para ETHUSDT en american
2025-10-17 08:32:58 | INFO | sicar.main | 📢 ALERTA SESSION_WINDOW: 🚨 VENTANA CRÍTICA ACTIVA: Sesión Americana (09:30-09:35)
2025-10-17 08:32:58 | INFO | sicar.main | 📢 ALERTA SESSION_BREAKOUT: 🔥 MODO ULTRA-SENSIBLE ACTIVADO para BTCUSDT en american
2025-10-17 08:32:58 | INFO | sicar.main | 📢 ALERTA SESSION_WINDOW: 🚨 VENTANA CRÍTICA ACTIVA: Sesión Americana (09:30-09:35)
2025-10-17 08:32:58 | INFO | sicar.main | 📢 ALERTA SESSION_BREAKOUT: 🔥 MODO ULTRA-SENSIBLE ACTIVADO para ADAUSDT en american
2025-10-17 08:33:08 | INFO | sicar.main | 📢 ALERTA SESSION_WINDOW: 🚨 VENTANA CRÍTICA ACTIVA: Sesión Americana (09:30-09:35)
2025-10-17 08:33:08 | INFO | sicar.main | 📢 ALERTA SESSION_DETECTION: 🔥 DETECCIÓN ACELERADA: cada 10s durante american
2025-10-17 08:33:08 | INFO | sicar.main | 📢 ALERTA SESSION_WINDOW: 🚨 VENTANA CRÍTICA ACTIVA: Sesión Americana (09:30-09:35)
2025-10-17 08:33:08 | INFO | sicar.main | 📢 ALERTA SESSION_BREAKOUT: 🔥 MODO ULTRA-SENSIBLE ACTIVADO para ETHUSDT en american
2025-10-17 08:33:08 | INFO | sicar.main | 📢 ALERTA FORCED_BREAKOUT: 🚨 BREAKOUT FORZADO en ETHUSDT: -0.327% durante american
2025-10-17 08:33:08 | INFO | sicar.main | 📢 ALERTA SESSION_WINDOW: 🚨 VENTANA CRÍTICA ACTIVA: Sesión Americana (09:30-09:35)
2025-10-17 08:33:08 | INFO | sicar.main | 📢 ALERTA SESSION_BREAKOUT: 🔥 MODO ULTRA-SENSIBLE ACTIVADO para BTCUSDT en american
2025-10-17 08:33:08 | INFO | sicar.main | 📢 ALERTA GUARANTEE_ACTIVATION: 🚨 ACTIVANDO GARANTÍA DE BREAKOUT para BTCUSDT en american
2025-10-17 08:33:08 | INFO | sicar.main | 📢 ALERTA NORMAL_BREAKOUT_ENHANCED: 📈 BREAKOUT NORMAL MEJORADO para BTCUSDT: 0.099% basado en análisis técnico en american
2025-10-17 08:33:08 | INFO | sicar.main | 📢 ALERTA NORMAL_SESSION_BREAKOUT: ✅ BREAKOUT NORMAL generado para BTCUSDT en american: bullish 0.099% volumen 1.20x confianza 66.0%
2025-10-17 08:33:08 | INFO | sicar.main | 📢 ALERTA SESSION_WINDOW: 🚨 VENTANA CRÍTICA ACTIVA: Sesión Americana (09:30-09:35)
2025-10-17 08:33:08 | INFO | sicar.main | 📢 ALERTA SESSION_BREAKOUT: 🔥 MODO ULTRA-SENSIBLE ACTIVADO para ADAUSDT en american
2025-10-17 08:33:18 | INFO | sicar.main | 📢 ALERTA SESSION_WINDOW: 🚨 VENTANA CRÍTICA ACTIVA: Sesión Americana (09:30-09:35)
2025-10-17 08:33:18 | INFO | sicar.main | 📢 ALERTA SESSION_DETECTION: 🔥 DETECCIÓN ACELERADA: cada 10s durante american
2025-10-17 08:33:18 | INFO | sicar.main | 📢 ALERTA SESSION_WINDOW: 🚨 VENTANA CRÍTICA ACTIVA: Sesión Americana (09:30-09:35)
2025-10-17 08:33:18 | INFO | sicar.main | 📢 ALERTA SESSION_BREAKOUT: 🔥 MODO ULTRA-SENSIBLE ACTIVADO para ETHUSDT en american
2025-10-17 08:33:18 | INFO | sicar.main | 📢 ALERTA FORCED_BREAKOUT: 🚨 BREAKOUT FORZADO en ETHUSDT: -0.133% durante american
2025-10-17 08:33:18 | INFO | sicar.main | 📢 ALERTA SESSION_WINDOW: 🚨 VENTANA CRÍTICA ACTIVA: Sesión Americana (09:30-09:35)
2025-10-17 08:33:18 | INFO | sicar.main | 📢 ALERTA SESSION_BREAKOUT: 🔥 MODO ULTRA-SENSIBLE ACTIVADO para BTCUSDT en american
2025-10-17 08:33:19 | INFO | sicar.main | 📢 ALERTA FORCED_CRITERIA: 🚨 CRITERIOS FORZADOS para BTCUSDT en american
2025-10-17 08:33:19 | INFO | sicar.main | 📢 ALERTA SESSION_WINDOW: 🚨 VENTANA CRÍTICA ACTIVA: Sesión Americana (09:30-09:35)
2025-10-17 08:33:19 | INFO | sicar.main | 📢 ALERTA SESSION_BREAKOUT: 🔥 MODO ULTRA-SENSIBLE ACTIVADO para ADAUSDT en american
2025-10-17 08:33:29 | INFO | sicar.main | 📢 ALERTA SESSION_WINDOW: 🚨 VENTANA CRÍTICA ACTIVA: Sesión Americana (09:30-09:35)
2025-10-17 08:33:29 | INFO | sicar.main | 📢 ALERTA SESSION_DETECTION: 🔥 DETECCIÓN ACELERADA: cada 10s durante american
2025-10-17 08:33:29 | INFO | sicar.main | 📢 ALERTA SESSION_WINDOW: 🚨 VENTANA CRÍTICA ACTIVA: Sesión Americana (09:30-09:35)
2025-10-17 08:33:29 | INFO | sicar.main | 📢 ALERTA SESSION_BREAKOUT: 🔥 MODO ULTRA-SENSIBLE ACTIVADO para ETHUSDT en american
2025-10-17 08:33:29 | INFO | sicar.main | 📢 ALERTA FORCED_BREAKOUT: 🚨 BREAKOUT FORZADO en ETHUSDT: 0.321% durante american
2025-10-17 08:33:29 | INFO | sicar.main | 📢 ALERTA SESSION_WINDOW: 🚨 VENTANA CRÍTICA ACTIVA: Sesión Americana (09:30-09:35)
2025-10-17 08:33:29 | INFO | sicar.main | 📢 ALERTA SESSION_BREAKOUT: 🔥 MODO ULTRA-SENSIBLE ACTIVADO para BTCUSDT en american
2025-10-17 08:33:29 | INFO | sicar.main | 📢 ALERTA SESSION_WINDOW: 🚨 VENTANA CRÍTICA ACTIVA: Sesión Americana (09:30-09:35)
2025-10-17 08:33:29 | INFO | sicar.main | 📢 ALERTA SESSION_BREAKOUT: 🔥 MODO ULTRA-SENSIBLE ACTIVADO para ADAUSDT en american
2025-10-17 08:33:29 | INFO | sicar.main | 📢 ALERTA FORCED_BREAKOUT: 🚨 BREAKOUT FORZADO en ADAUSDT: 0.139% durante american
2025-10-17 08:33:39 | INFO | sicar.main | 📢 ALERTA SESSION_WINDOW: 🚨 VENTANA CRÍTICA ACTIVA: Sesión Americana (09:30-09:35)
2025-10-17 08:33:39 | INFO | sicar.main | 📢 ALERTA SESSION_DETECTION: 🔥 DETECCIÓN ACELERADA: cada 10s durante american
2025-10-17 08:33:39 | INFO | sicar.main | 📢 ALERTA SESSION_WINDOW: 🚨 VENTANA CRÍTICA ACTIVA: Sesión Americana (09:30-09:35)
2025-10-17 08:33:39 | INFO | sicar.main | 📢 ALERTA SESSION_BREAKOUT: 🔥 MODO ULTRA-SENSIBLE ACTIVADO para ETHUSDT en american
2025-10-17 08:33:39 | INFO | sicar.main | 📢 ALERTA FORCED_BREAKOUT: 🚨 BREAKOUT FORZADO en ETHUSDT: -0.093% durante american
2025-10-17 08:33:39 | INFO | sicar.main | 📢 ALERTA FORCED_CRITERIA: 🚨 CRITERIOS FORZADOS para ETHUSDT en american
2025-10-17 08:33:39 | INFO | sicar.main | 📢 ALERTA SESSION_WINDOW: 🚨 VENTANA CRÍTICA ACTIVA: Sesión Americana (09:30-09:35)
2025-10-17 08:33:39 | INFO | sicar.main | 📢 ALERTA SESSION_BREAKOUT: 🔥 MODO ULTRA-SENSIBLE ACTIVADO para BTCUSDT en american
2025-10-17 08:33:39 | INFO | sicar.main | 📢 ALERTA SESSION_WINDOW: 🚨 VENTANA CRÍTICA ACTIVA: Sesión Americana (09:30-09:35)
2025-10-17 08:33:39 | INFO | sicar.main | 📢 ALERTA SESSION_BREAKOUT: 🔥 MODO ULTRA-SENSIBLE ACTIVADO para ADAUSDT en american
2025-10-17 08:33:39 | INFO | sicar.main | 📢 ALERTA FORCED_BREAKOUT: 🚨 BREAKOUT FORZADO en ADAUSDT: 0.167% durante american
2025-10-17 08:33:49 | INFO | sicar.main | 📢 ALERTA SESSION_WINDOW: 🚨 VENTANA CRÍTICA ACTIVA: Sesión Americana (09:30-09:35)
2025-10-17 08:33:49 | INFO | sicar.main | 📢 ALERTA SESSION_DETECTION: 🔥 DETECCIÓN ACELERADA: cada 10s durante american
2025-10-17 08:33:49 | INFO | sicar.main | 📢 ALERTA SESSION_WINDOW: 🚨 VENTANA CRÍTICA ACTIVA: Sesión Americana (09:30-09:35)
2025-10-17 08:33:49 | INFO | sicar.main | 📢 ALERTA SESSION_BREAKOUT: 🔥 MODO ULTRA-SENSIBLE ACTIVADO para ETHUSDT en american
2025-10-17 08:33:49 | INFO | sicar.main | 📢 ALERTA FORCED_BREAKOUT: 🚨 BREAKOUT FORZADO en ETHUSDT: 0.226% durante american
2025-10-17 08:33:49 | INFO | sicar.main | 📢 ALERTA SESSION_WINDOW: 🚨 VENTANA CRÍTICA ACTIVA: Sesión Americana (09:30-09:35)
2025-10-17 08:33:49 | INFO | sicar.main | 📢 ALERTA SESSION_BREAKOUT: 🔥 MODO ULTRA-SENSIBLE ACTIVADO para BTCUSDT en american
2025-10-17 08:33:49 | INFO | sicar.main | 📢 ALERTA SESSION_WINDOW: 🚨 VENTANA CRÍTICA ACTIVA: Sesión Americana (09:30-09:35)
2025-10-17 08:33:49 | INFO | sicar.main | 📢 ALERTA SESSION_BREAKOUT: 🔥 MODO ULTRA-SENSIBLE ACTIVADO para ADAUSDT en american
2025-10-17 08:33:49 | INFO | sicar.main | 📢 ALERTA FORCED_BREAKOUT: 🚨 BREAKOUT FORZADO en ADAUSDT: 0.325% durante american
2025-10-17 08:33:59 | INFO | sicar.main | 📢 ALERTA SESSION_WINDOW: 🚨 VENTANA CRÍTICA ACTIVA: Sesión Americana (09:30-09:35)
2025-10-17 08:33:59 | INFO | sicar.main | 📢 ALERTA SESSION_DETECTION: 🔥 DETECCIÓN ACELERADA: cada 10s durante american
2025-10-17 08:33:59 | INFO | sicar.main | 📢 ALERTA SESSION_WINDOW: 🚨 VENTANA CRÍTICA ACTIVA: Sesión Americana (09:30-09:35)
2025-10-17 08:33:59 | INFO | sicar.main | 📢 ALERTA SESSION_BREAKOUT: 🔥 MODO ULTRA-SENSIBLE ACTIVADO para ETHUSDT en american
2025-10-17 08:33:59 | INFO | sicar.main | 📢 ALERTA SESSION_WINDOW: 🚨 VENTANA CRÍTICA ACTIVA: Sesión Americana (09:30-09:35)
2025-10-17 08:33:59 | INFO | sicar.main | 📢 ALERTA SESSION_BREAKOUT: 🔥 MODO ULTRA-SENSIBLE ACTIVADO para BTCUSDT en american
2025-10-17 08:33:59 | INFO | sicar.main | 📢 ALERTA SESSION_WINDOW: 🚨 VENTANA CRÍTICA ACTIVA: Sesión Americana (09:30-09:35)
2025-10-17 08:33:59 | INFO | sicar.main | 📢 ALERTA SESSION_BREAKOUT: 🔥 MODO ULTRA-SENSIBLE ACTIVADO para ADAUSDT en american
2025-10-17 08:33:59 | INFO | sicar.main | 📢 ALERTA FORCED_BREAKOUT: 🚨 BREAKOUT FORZADO en ADAUSDT: -0.056% durante american
2025-10-17 08:33:59 | INFO | sicar.main | 📢 ALERTA FORCED_CRITERIA: 🚨 CRITERIOS FORZADOS para ADAUSDT en american
2025-10-17 08:34:09 | INFO | sicar.main | 📢 ALERTA SESSION_WINDOW: 🚨 VENTANA CRÍTICA ACTIVA: Sesión Americana (09:30-09:35)
2025-10-17 08:34:09 | INFO | sicar.main | 📢 ALERTA SESSION_DETECTION: 🔥 DETECCIÓN ACELERADA: cada 10s durante american
2025-10-17 08:34:09 | INFO | sicar.main | 📢 ALERTA SESSION_WINDOW: 🚨 VENTANA CRÍTICA ACTIVA: Sesión Americana (09:30-09:35)
2025-10-17 08:34:09 | INFO | sicar.main | 📢 ALERTA SESSION_BREAKOUT: 🔥 MODO ULTRA-SENSIBLE ACTIVADO para ETHUSDT en american
2025-10-17 08:34:09 | INFO | sicar.main | 📢 ALERTA FORCED_BREAKOUT: 🚨 BREAKOUT FORZADO en ETHUSDT: -0.361% durante american
2025-10-17 08:34:09 | INFO | sicar.main | 📢 ALERTA SESSION_WINDOW: 🚨 VENTANA CRÍTICA ACTIVA: Sesión Americana (09:30-09:35)
2025-10-17 08:34:09 | INFO | sicar.main | 📢 ALERTA SESSION_BREAKOUT: 🔥 MODO ULTRA-SENSIBLE ACTIVADO para BTCUSDT en american
2025-10-17 08:34:09 | INFO | sicar.main | 📢 ALERTA SESSION_WINDOW: 🚨 VENTANA CRÍTICA ACTIVA: Sesión Americana (09:30-09:35)
2025-10-17 08:34:09 | INFO | sicar.main | 📢 ALERTA SESSION_BREAKOUT: 🔥 MODO ULTRA-SENSIBLE ACTIVADO para ADAUSDT en american
2025-10-17 08:34:09 | INFO | sicar.main | 📢 ALERTA FORCED_BREAKOUT: 🚨 BREAKOUT FORZADO en ADAUSDT: 0.092% durante american
2025-10-17 08:34:09 | INFO | sicar.main | 📢 ALERTA FORCED_CRITERIA: 🚨 CRITERIOS FORZADOS para ADAUSDT en american
2025-10-17 08:34:19 | INFO | sicar.main | 📢 ALERTA SESSION_WINDOW: 🚨 VENTANA CRÍTICA ACTIVA: Sesión Americana (09:30-09:35)
2025-10-17 08:34:19 | INFO | sicar.main | 📢 ALERTA SESSION_DETECTION: 🔥 DETECCIÓN ACELERADA: cada 10s durante american
2025-10-17 08:34:19 | INFO | sicar.main | 📢 ALERTA SESSION_WINDOW: 🚨 VENTANA CRÍTICA ACTIVA: Sesión Americana (09:30-09:35)
2025-10-17 08:34:19 | INFO | sicar.main | 📢 ALERTA SESSION_BREAKOUT: 🔥 MODO ULTRA-SENSIBLE ACTIVADO para ETHUSDT en american
2025-10-17 08:34:19 | INFO | sicar.main | 📢 ALERTA FORCED_BREAKOUT: 🚨 BREAKOUT FORZADO en ETHUSDT: -0.080% durante american
2025-10-17 08:34:19 | INFO | sicar.main | 📢 ALERTA FORCED_CRITERIA: 🚨 CRITERIOS FORZADOS para ETHUSDT en american
2025-10-17 08:34:19 | INFO | sicar.main | 📢 ALERTA SESSION_WINDOW: 🚨 VENTANA CRÍTICA ACTIVA: Sesión Americana (09:30-09:35)
2025-10-17 08:34:19 | INFO | sicar.main | 📢 ALERTA SESSION_BREAKOUT: 🔥 MODO ULTRA-SENSIBLE ACTIVADO para BTCUSDT en american
2025-10-17 08:34:19 | INFO | sicar.main | 📢 ALERTA FORCED_CRITERIA: 🚨 CRITERIOS FORZADOS para BTCUSDT en american
2025-10-17 08:34:19 | INFO | sicar.main | 📢 ALERTA SESSION_WINDOW: 🚨 VENTANA CRÍTICA ACTIVA: Sesión Americana (09:30-09:35)
2025-10-17 08:34:19 | INFO | sicar.main | 📢 ALERTA SESSION_BREAKOUT: 🔥 MODO ULTRA-SENSIBLE ACTIVADO para ADAUSDT en american
2025-10-17 08:34:19 | INFO | sicar.main | 📢 ALERTA FORCED_CRITERIA: 🚨 CRITERIOS FORZADOS para ADAUSDT en american
2025-10-17 08:34:29 | INFO | sicar.main | 📢 ALERTA SESSION_WINDOW: 🚨 VENTANA CRÍTICA ACTIVA: Sesión Americana (09:30-09:35)
2025-10-17 08:34:29 | INFO | sicar.main | 📢 ALERTA SESSION_DETECTION: 🔥 DETECCIÓN ACELERADA: cada 10s durante american
2025-10-17 08:34:29 | INFO | sicar.main | 📢 ALERTA SESSION_WINDOW: 🚨 VENTANA CRÍTICA ACTIVA: Sesión Americana (09:30-09:35)
2025-10-17 08:34:29 | INFO | sicar.main | 📢 ALERTA SESSION_BREAKOUT: 🔥 MODO ULTRA-SENSIBLE ACTIVADO para ETHUSDT en american
2025-10-17 08:34:29 | INFO | sicar.main | 📢 ALERTA FORCED_BREAKOUT: 🚨 BREAKOUT FORZADO en ETHUSDT: 0.369% durante american
2025-10-17 08:34:29 | INFO | sicar.main | 📢 ALERTA SESSION_WINDOW: 🚨 VENTANA CRÍTICA ACTIVA: Sesión Americana (09:30-09:35)
2025-10-17 08:34:29 | INFO | sicar.main | 📢 ALERTA SESSION_BREAKOUT: 🔥 MODO ULTRA-SENSIBLE ACTIVADO para BTCUSDT en american
2025-10-17 08:34:29 | INFO | sicar.main | 📢 ALERTA SESSION_WINDOW: 🚨 VENTANA CRÍTICA ACTIVA: Sesión Americana (09:30-09:35)
2025-10-17 08:34:29 | INFO | sicar.main | 📢 ALERTA SESSION_BREAKOUT: 🔥 MODO ULTRA-SENSIBLE ACTIVADO para ADAUSDT en american
2025-10-17 08:34:29 | INFO | sicar.main | 📢 ALERTA FORCED_BREAKOUT: 🚨 BREAKOUT FORZADO en ADAUSDT: -0.241% durante american
2025-10-17 08:34:39 | INFO | sicar.main | 📢 ALERTA SESSION_WINDOW: 🚨 VENTANA CRÍTICA ACTIVA: Sesión Americana (09:30-09:35)
2025-10-17 08:34:39 | INFO | sicar.main | 📢 ALERTA SESSION_DETECTION: 🔥 DETECCIÓN ACELERADA: cada 10s durante american
2025-10-17 08:34:39 | INFO | sicar.main | 📢 ALERTA SESSION_WINDOW: 🚨 VENTANA CRÍTICA ACTIVA: Sesión Americana (09:30-09:35)
2025-10-17 08:34:39 | INFO | sicar.main | 📢 ALERTA SESSION_BREAKOUT: 🔥 MODO ULTRA-SENSIBLE ACTIVADO para ETHUSDT en american
2025-10-17 08:34:39 | INFO | sicar.main | 📢 ALERTA SESSION_WINDOW: 🚨 VENTANA CRÍTICA ACTIVA: Sesión Americana (09:30-09:35)
2025-10-17 08:34:39 | INFO | sicar.main | 📢 ALERTA SESSION_BREAKOUT: 🔥 MODO ULTRA-SENSIBLE ACTIVADO para BTCUSDT en american
2025-10-17 08:34:39 | INFO | sicar.main | 📢 ALERTA GUARANTEE_ACTIVATION: 🚨 ACTIVANDO GARANTÍA DE BREAKOUT para BTCUSDT en american
2025-10-17 08:34:39 | INFO | sicar.main | 📢 ALERTA NORMAL_BREAKOUT_ENHANCED: 📈 BREAKOUT NORMAL MEJORADO para BTCUSDT: 0.064% basado en análisis técnico en american
2025-10-17 08:34:39 | INFO | sicar.main | 📢 ALERTA NORMAL_SESSION_BREAKOUT: ✅ BREAKOUT NORMAL generado para BTCUSDT en american: bullish 0.064% volumen 1.20x confianza 65.6%
2025-10-17 08:34:39 | INFO | sicar.main | 📢 ALERTA SESSION_WINDOW: 🚨 VENTANA CRÍTICA ACTIVA: Sesión Americana (09:30-09:35)
2025-10-17 08:34:39 | INFO | sicar.main | 📢 ALERTA SESSION_BREAKOUT: 🔥 MODO ULTRA-SENSIBLE ACTIVADO para ADAUSDT en american
2025-10-17 08:34:39 | INFO | sicar.main | 📢 ALERTA FORCED_BREAKOUT: 🚨 BREAKOUT FORZADO en ADAUSDT: 0.112% durante american
2025-10-17 08:34:49 | INFO | sicar.main | 📢 ALERTA SESSION_WINDOW: 🚨 VENTANA CRÍTICA ACTIVA: Sesión Americana (09:30-09:35)
2025-10-17 08:34:49 | INFO | sicar.main | 📢 ALERTA SESSION_DETECTION: 🔥 DETECCIÓN ACELERADA: cada 10s durante american
2025-10-17 08:34:49 | INFO | sicar.main | 📢 ALERTA SESSION_WINDOW: 🚨 VENTANA CRÍTICA ACTIVA: Sesión Americana (09:30-09:35)
2025-10-17 08:34:49 | INFO | sicar.main | 📢 ALERTA SESSION_BREAKOUT: 🔥 MODO ULTRA-SENSIBLE ACTIVADO para ETHUSDT en american
2025-10-17 08:34:49 | INFO | sicar.main | 📢 ALERTA FORCED_BREAKOUT: 🚨 BREAKOUT FORZADO en ETHUSDT: -0.169% durante american
2025-10-17 08:34:49 | INFO | sicar.main | 📢 ALERTA SESSION_WINDOW: 🚨 VENTANA CRÍTICA ACTIVA: Sesión Americana (09:30-09:35)
2025-10-17 08:34:49 | INFO | sicar.main | 📢 ALERTA SESSION_BREAKOUT: 🔥 MODO ULTRA-SENSIBLE ACTIVADO para BTCUSDT en american
2025-10-17 08:34:49 | INFO | sicar.main | 📢 ALERTA SESSION_WINDOW: 🚨 VENTANA CRÍTICA ACTIVA: Sesión Americana (09:30-09:35)
2025-10-17 08:34:49 | INFO | sicar.main | 📢 ALERTA SESSION_BREAKOUT: 🔥 MODO ULTRA-SENSIBLE ACTIVADO para ADAUSDT en american
2025-10-17 08:34:49 | INFO | sicar.main | 📢 ALERTA FORCED_BREAKOUT: 🚨 BREAKOUT FORZADO en ADAUSDT: -0.312% durante american
2025-10-17 08:34:59 | INFO | sicar.main | 📢 ALERTA SESSION_WINDOW: 🚨 VENTANA CRÍTICA ACTIVA: Sesión Americana (09:30-09:35)
2025-10-17 08:34:59 | INFO | sicar.main | 📢 ALERTA SESSION_DETECTION: 🔥 DETECCIÓN ACELERADA: cada 10s durante american
2025-10-17 08:34:59 | INFO | sicar.main | 📢 ALERTA SESSION_WINDOW: 🚨 VENTANA CRÍTICA ACTIVA: Sesión Americana (09:30-09:35)
2025-10-17 08:34:59 | INFO | sicar.main | 📢 ALERTA SESSION_BREAKOUT: 🔥 MODO ULTRA-SENSIBLE ACTIVADO para ETHUSDT en american
2025-10-17 08:34:59 | INFO | sicar.main | 📢 ALERTA FORCED_BREAKOUT: 🚨 BREAKOUT FORZADO en ETHUSDT: 0.343% durante american
2025-10-17 08:34:59 | INFO | sicar.main | 📢 ALERTA SESSION_WINDOW: 🚨 VENTANA CRÍTICA ACTIVA: Sesión Americana (09:30-09:35)
2025-10-17 08:34:59 | INFO | sicar.main | 📢 ALERTA SESSION_BREAKOUT: 🔥 MODO ULTRA-SENSIBLE ACTIVADO para BTCUSDT en american
2025-10-17 08:34:59 | INFO | sicar.main | 📢 ALERTA SESSION_WINDOW: 🚨 VENTANA CRÍTICA ACTIVA: Sesión Americana (09:30-09:35)
2025-10-17 08:34:59 | INFO | sicar.main | 📢 ALERTA SESSION_BREAKOUT: 🔥 MODO ULTRA-SENSIBLE ACTIVADO para ADAUSDT en american
2025-10-17 08:35:09 | INFO | sicar.main | 📢 ALERTA SESSION_WINDOW: 🚨 VENTANA CRÍTICA ACTIVA: Sesión Americana (09:30-09:35)
2025-10-17 08:35:09 | INFO | sicar.main | 📢 ALERTA SESSION_DETECTION: 🔥 DETECCIÓN ACELERADA: cada 10s durante american
2025-10-17 08:35:09 | INFO | sicar.main | 📢 ALERTA SESSION_WINDOW: 🚨 VENTANA CRÍTICA ACTIVA: Sesión Americana (09:30-09:35)
2025-10-17 08:35:09 | INFO | sicar.main | 📢 ALERTA SESSION_BREAKOUT: 🔥 MODO ULTRA-SENSIBLE ACTIVADO para ETHUSDT en american
2025-10-17 08:35:09 | INFO | sicar.main | 📢 ALERTA SESSION_WINDOW: 🚨 VENTANA CRÍTICA ACTIVA: Sesión Americana (09:30-09:35)
2025-10-17 08:35:09 | INFO | sicar.main | 📢 ALERTA SESSION_BREAKOUT: 🔥 MODO ULTRA-SENSIBLE ACTIVADO para BTCUSDT en american
2025-10-17 08:35:09 | INFO | sicar.main | 📢 ALERTA SESSION_WINDOW: 🚨 VENTANA CRÍTICA ACTIVA: Sesión Americana (09:30-09:35)
2025-10-17 08:35:09 | INFO | sicar.main | 📢 ALERTA SESSION_BREAKOUT: 🔥 MODO ULTRA-SENSIBLE ACTIVADO para ADAUSDT en american
2025-10-17 08:35:09 | INFO | sicar.main | 📢 ALERTA FORCED_BREAKOUT: 🚨 BREAKOUT FORZADO en ADAUSDT: 0.308% durante american
2025-10-17 08:35:19 | INFO | sicar.main | 📢 ALERTA SESSION_WINDOW: 🚨 VENTANA CRÍTICA ACTIVA: Sesión Americana (09:30-09:35)
2025-10-17 08:35:19 | INFO | sicar.main | 📢 ALERTA SESSION_DETECTION: 🔥 DETECCIÓN ACELERADA: cada 10s durante american
2025-10-17 08:35:19 | INFO | sicar.main | 📢 ALERTA SESSION_WINDOW: 🚨 VENTANA CRÍTICA ACTIVA: Sesión Americana (09:30-09:35)
2025-10-17 08:35:19 | INFO | sicar.main | 📢 ALERTA SESSION_BREAKOUT: 🔥 MODO ULTRA-SENSIBLE ACTIVADO para ETHUSDT en american
2025-10-17 08:35:19 | INFO | sicar.main | 📢 ALERTA GUARANTEE_ACTIVATION: 🚨 ACTIVANDO GARANTÍA DE BREAKOUT para ETHUSDT en american
2025-10-17 08:35:19 | INFO | sicar.main | 📢 ALERTA NORMAL_BREAKOUT_ENHANCED: 📈 BREAKOUT NORMAL MEJORADO para ETHUSDT: 0.095% basado en análisis técnico en american
2025-10-17 08:35:19 | INFO | sicar.main | 📢 ALERTA NORMAL_SESSION_BREAKOUT: ✅ BREAKOUT NORMAL generado para ETHUSDT en american: bullish 0.095% volumen 1.20x confianza 75.9%
2025-10-17 08:35:19 | INFO | sicar.main | 📢 ALERTA SESSION_WINDOW: 🚨 VENTANA CRÍTICA ACTIVA: Sesión Americana (09:30-09:35)
2025-10-17 08:35:19 | INFO | sicar.main | 📢 ALERTA SESSION_BREAKOUT: 🔥 MODO ULTRA-SENSIBLE ACTIVADO para BTCUSDT en american
2025-10-17 08:35:19 | INFO | sicar.main | 📢 ALERTA SESSION_WINDOW: 🚨 VENTANA CRÍTICA ACTIVA: Sesión Americana (09:30-09:35)
2025-10-17 08:35:19 | INFO | sicar.main | 📢 ALERTA SESSION_BREAKOUT: 🔥 MODO ULTRA-SENSIBLE ACTIVADO para ADAUSDT en american
2025-10-17 08:35:29 | INFO | sicar.main | 📢 ALERTA SESSION_WINDOW: 🚨 VENTANA CRÍTICA ACTIVA: Sesión Americana (09:30-09:35)
2025-10-17 08:35:29 | INFO | sicar.main | 📢 ALERTA SESSION_DETECTION: 🔥 DETECCIÓN ACELERADA: cada 10s durante american
2025-10-17 08:35:29 | INFO | sicar.main | 📢 ALERTA SESSION_WINDOW: 🚨 VENTANA CRÍTICA ACTIVA: Sesión Americana (09:30-09:35)
2025-10-17 08:35:29 | INFO | sicar.main | 📢 ALERTA SESSION_BREAKOUT: 🔥 MODO ULTRA-SENSIBLE ACTIVADO para ETHUSDT en american
2025-10-17 08:35:29 | INFO | sicar.main | 📢 ALERTA SESSION_WINDOW: 🚨 VENTANA CRÍTICA ACTIVA: Sesión Americana (09:30-09:35)
2025-10-17 08:35:29 | INFO | sicar.main | 📢 ALERTA SESSION_BREAKOUT: 🔥 MODO ULTRA-SENSIBLE ACTIVADO para BTCUSDT en american
2025-10-17 08:35:29 | INFO | sicar.main | 📢 ALERTA FORCED_BREAKOUT: 🚨 BREAKOUT FORZADO en BTCUSDT: -0.061% durante american
2025-10-17 08:35:29 | INFO | sicar.main | 📢 ALERTA FORCED_CRITERIA: 🚨 CRITERIOS FORZADOS para BTCUSDT en american
2025-10-17 08:35:29 | INFO | sicar.main | 📢 ALERTA SESSION_WINDOW: 🚨 VENTANA CRÍTICA ACTIVA: Sesión Americana (09:30-09:35)
2025-10-17 08:35:29 | INFO | sicar.main | 📢 ALERTA SESSION_BREAKOUT: 🔥 MODO ULTRA-SENSIBLE ACTIVADO para ADAUSDT en american
2025-10-17 08:35:39 | INFO | sicar.main | 📢 ALERTA SESSION_WINDOW: 🚨 VENTANA CRÍTICA ACTIVA: Sesión Americana (09:30-09:35)
2025-10-17 08:35:39 | INFO | sicar.main | 📢 ALERTA SESSION_DETECTION: 🔥 DETECCIÓN ACELERADA: cada 10s durante american
2025-10-17 08:35:39 | INFO | sicar.main | 📢 ALERTA SESSION_WINDOW: 🚨 VENTANA CRÍTICA ACTIVA: Sesión Americana (09:30-09:35)
2025-10-17 08:35:39 | INFO | sicar.main | 📢 ALERTA SESSION_BREAKOUT: 🔥 MODO ULTRA-SENSIBLE ACTIVADO para ETHUSDT en american
2025-10-17 08:35:39 | INFO | sicar.main | 📢 ALERTA FORCED_CRITERIA: 🚨 CRITERIOS FORZADOS para ETHUSDT en american
2025-10-17 08:35:39 | INFO | sicar.main | 📢 ALERTA SESSION_WINDOW: 🚨 VENTANA CRÍTICA ACTIVA: Sesión Americana (09:30-09:35)
2025-10-17 08:35:40 | INFO | sicar.main | 📢 ALERTA SESSION_BREAKOUT: 🔥 MODO ULTRA-SENSIBLE ACTIVADO para BTCUSDT en american
2025-10-17 08:35:40 | INFO | sicar.main | 📢 ALERTA SESSION_WINDOW: 🚨 VENTANA CRÍTICA ACTIVA: Sesión Americana (09:30-09:35)
2025-10-17 08:35:40 | INFO | sicar.main | 📢 ALERTA SESSION_BREAKOUT: 🔥 MODO ULTRA-SENSIBLE ACTIVADO para ADAUSDT en american
2025-10-17 08:35:40 | INFO | sicar.main | 📢 ALERTA FORCED_BREAKOUT: 🚨 BREAKOUT FORZADO en ADAUSDT: -0.125% durante american
2025-10-17 08:35:50 | INFO | sicar.main | 📢 ALERTA SESSION_WINDOW: 🚨 VENTANA CRÍTICA ACTIVA: Sesión Americana (09:30-09:35)
2025-10-17 08:35:50 | INFO | sicar.main | 📢 ALERTA SESSION_DETECTION: 🔥 DETECCIÓN ACELERADA: cada 10s durante american
2025-10-17 08:35:50 | INFO | sicar.main | 📢 ALERTA SESSION_WINDOW: 🚨 VENTANA CRÍTICA ACTIVA: Sesión Americana (09:30-09:35)
2025-10-17 08:35:50 | INFO | sicar.main | 📢 ALERTA SESSION_BREAKOUT: 🔥 MODO ULTRA-SENSIBLE ACTIVADO para ETHUSDT en american
2025-10-17 08:35:50 | INFO | sicar.main | 📢 ALERTA FORCED_BREAKOUT: 🚨 BREAKOUT FORZADO en ETHUSDT: -0.278% durante american
2025-10-17 08:35:50 | INFO | sicar.main | 📢 ALERTA SESSION_WINDOW: 🚨 VENTANA CRÍTICA ACTIVA: Sesión Americana (09:30-09:35)
2025-10-17 08:35:50 | INFO | sicar.main | 📢 ALERTA SESSION_BREAKOUT: 🔥 MODO ULTRA-SENSIBLE ACTIVADO para BTCUSDT en american
2025-10-17 08:35:50 | INFO | sicar.main | 📢 ALERTA SESSION_WINDOW: 🚨 VENTANA CRÍTICA ACTIVA: Sesión Americana (09:30-09:35)
2025-10-17 08:35:50 | INFO | sicar.main | 📢 ALERTA SESSION_BREAKOUT: 🔥 MODO ULTRA-SENSIBLE ACTIVADO para ADAUSDT en american
2025-10-17 08:35:50 | INFO | sicar.main | 📢 ALERTA FORCED_BREAKOUT: 🚨 BREAKOUT FORZADO en ADAUSDT: 0.170% durante american
2025-10-17 08:44:00 | INFO | sicar.main | 📢 ALERTA BREAKOUT_DETECTOR: Detector de breakouts detenido
2025-10-17 08:44:00 | INFO | sicar.main | 🔄 SYNC AUTO_SYNC: ✅ ÉXITO
2025-10-17 08:44:00 | INFO | sicar.main |    Detalles: Sincronización automática detenida
2025-10-17 08:44:00 | INFO | sicar.main | 📢 ALERTA DASHBOARD: Dashboard cerrado correctamente
2025-10-17 08:50:21 | INFO | sicar.main | 🔄 SYNC LOAD: ✅ ÉXITO
2025-10-17 08:50:21 | INFO | sicar.main |    Detalles: Datos cargados: 15 campos
2025-10-17 08:50:26 | INFO | sicar.main | 📢 ALERTA PAPER_TRADING: Motor de paper trading inicializado con $200.00
2025-10-17 08:50:27 | INFO | sicar.main | 📢 ALERTA OBSERVER_ADDED: Observador agregado al detector de breakouts
2025-10-17 08:50:27 | INFO | sicar.main | 🔄 SYNC AUTO_SYNC: ✅ ÉXITO
2025-10-17 08:50:27 | INFO | sicar.main |    Detalles: Sincronización automática iniciada
2025-10-17 08:50:27 | INFO | sicar.main | 📢 ALERTA BREAKOUT_DETECTOR: Detector de breakouts iniciado
2025-10-17 08:50:27 | INFO | sicar.main | 📢 ALERTA DASHBOARD: Dashboard mejorado iniciado correctamente
2025-10-17 09:21:28 | INFO | sicar.main | ⚠️ ALERTA STRONG_BREAKOUT: ADAUSDT - BULLISH breakout detectado (Confianza: 58.9%, Fuerza: strong)
2025-10-17 09:47:59 | INFO | sicar.main | 🚨 ALERTA STRONG_BREAKOUT: BTCUSDT - BULLISH breakout detectado (Confianza: 62.9%, Fuerza: very_strong)
2025-10-17 09:50:29 | INFO | sicar.main | 🚨 ALERTA STRONG_BREAKOUT: ADAUSDT - BULLISH breakout detectado (Confianza: 68.3%, Fuerza: very_strong)
2025-10-17 09:55:00 | INFO | sicar.main | ⚠️ ALERTA STRONG_BREAKOUT: ADAUSDT - BULLISH breakout detectado (Confianza: 58.7%, Fuerza: strong)
2025-10-17 10:11:01 | INFO | sicar.main | ⚠️ ALERTA STRONG_BREAKOUT: ETHUSDT - BEARISH breakout detectado (Confianza: 50.8%, Fuerza: strong)
2025-10-17 10:16:01 | INFO | sicar.main | ⚠️ ALERTA STRONG_BREAKOUT: BTCUSDT - BULLISH breakout detectado (Confianza: 56.1%, Fuerza: strong)
2025-10-17 10:16:31 | INFO | sicar.main | 🚨 ALERTA STRONG_BREAKOUT: ETHUSDT - BEARISH breakout detectado (Confianza: 71.8%, Fuerza: very_strong)
2025-10-17 10:22:32 | INFO | sicar.main | ⚠️ ALERTA STRONG_BREAKOUT: ETHUSDT - BEARISH breakout detectado (Confianza: 62.2%, Fuerza: strong)
2025-10-17 10:29:32 | INFO | sicar.main | 🚨 ALERTA STRONG_BREAKOUT: ADAUSDT - BEARISH breakout detectado (Confianza: 63.1%, Fuerza: very_strong)
2025-10-17 10:34:02 | INFO | sicar.main | ⚠️ ALERTA STRONG_BREAKOUT: ETHUSDT - BULLISH breakout detectado (Confianza: 55.7%, Fuerza: strong)
2025-10-17 10:48:34 | INFO | sicar.main | 🚨 ALERTA STRONG_BREAKOUT: BTCUSDT - BEARISH breakout detectado (Confianza: 67.3%, Fuerza: very_strong)
2025-10-17 10:55:34 | INFO | sicar.main | ⚠️ ALERTA STRONG_BREAKOUT: ETHUSDT - BULLISH breakout detectado (Confianza: 51.6%, Fuerza: strong)
2025-10-17 10:55:34 | INFO | sicar.main | ⚠️ ALERTA STRONG_BREAKOUT: BTCUSDT - BEARISH breakout detectado (Confianza: 52.2%, Fuerza: strong)
2025-10-17 10:55:34 | INFO | sicar.main | ⚠️ ALERTA STRONG_BREAKOUT: ADAUSDT - BEARISH breakout detectado (Confianza: 52.6%, Fuerza: strong)
2025-10-17 11:00:04 | INFO | sicar.main | ⚠️ ALERTA STRONG_BREAKOUT: BTCUSDT - BEARISH breakout detectado (Confianza: 50.9%, Fuerza: strong)
2025-10-17 11:09:35 | INFO | sicar.main | 🚨 ALERTA STRONG_BREAKOUT: BTCUSDT - BEARISH breakout detectado (Confianza: 68.0%, Fuerza: very_strong)
2025-10-17 11:20:05 | INFO | sicar.main | ⚠️ ALERTA STRONG_BREAKOUT: ETHUSDT - BEARISH breakout detectado (Confianza: 55.2%, Fuerza: strong)
2025-10-17 11:26:05 | INFO | sicar.main | ⚠️ ALERTA STRONG_BREAKOUT: BTCUSDT - BEARISH breakout detectado (Confianza: 53.7%, Fuerza: strong)
2025-10-17 11:28:06 | INFO | sicar.main | ⚠️ ALERTA STRONG_BREAKOUT: BTCUSDT - BEARISH breakout detectado (Confianza: 57.0%, Fuerza: strong)
2025-10-17 11:35:06 | INFO | sicar.main | 🚨 ALERTA STRONG_BREAKOUT: ETHUSDT - BEARISH breakout detectado (Confianza: 65.1%, Fuerza: very_strong)
2025-10-17 11:43:37 | INFO | sicar.main | 🚨 ALERTA STRONG_BREAKOUT: ADAUSDT - BULLISH breakout detectado (Confianza: 76.8%, Fuerza: very_strong)
2025-10-17 11:50:37 | INFO | sicar.main | ⚠️ ALERTA STRONG_BREAKOUT: ETHUSDT - BULLISH breakout detectado (Confianza: 57.8%, Fuerza: strong)
2025-10-17 12:09:08 | INFO | sicar.main | ⚠️ ALERTA STRONG_BREAKOUT: ETHUSDT - BULLISH breakout detectado (Confianza: 52.7%, Fuerza: strong)
2025-10-17 12:11:08 | INFO | sicar.main | ⚠️ ALERTA STRONG_BREAKOUT: BTCUSDT - BULLISH breakout detectado (Confianza: 54.9%, Fuerza: strong)
2025-10-17 12:21:08 | INFO | sicar.main | ⚠️ ALERTA STRONG_BREAKOUT: BTCUSDT - BEARISH breakout detectado (Confianza: 54.9%, Fuerza: strong)
2025-10-17 12:30:39 | INFO | sicar.main | ⚠️ ALERTA STRONG_BREAKOUT: ADAUSDT - BULLISH breakout detectado (Confianza: 53.0%, Fuerza: strong)
2025-10-17 12:51:10 | INFO | sicar.main | ⚠️ ALERTA STRONG_BREAKOUT: BTCUSDT - BEARISH breakout detectado (Confianza: 51.6%, Fuerza: strong)
2025-10-17 13:11:11 | INFO | sicar.main | ⚠️ ALERTA STRONG_BREAKOUT: BTCUSDT - BULLISH breakout detectado (Confianza: 55.8%, Fuerza: strong)
2025-10-17 13:23:42 | INFO | sicar.main | ⚠️ ALERTA STRONG_BREAKOUT: ETHUSDT - BULLISH breakout detectado (Confianza: 55.3%, Fuerza: strong)
2025-10-17 13:28:43 | INFO | sicar.main | ⚠️ ALERTA STRONG_BREAKOUT: ADAUSDT - BEARISH breakout detectado (Confianza: 51.0%, Fuerza: strong)
2025-10-17 13:41:13 | INFO | sicar.main | 🚨 ALERTA STRONG_BREAKOUT: ADAUSDT - BULLISH breakout detectado (Confianza: 62.0%, Fuerza: very_strong)
2025-10-17 14:10:45 | INFO | sicar.main | ⚠️ ALERTA STRONG_BREAKOUT: BTCUSDT - BULLISH breakout detectado (Confianza: 56.8%, Fuerza: strong)
2025-10-17 14:22:11 | INFO | sicar.main | 🔄 SYNC LOAD: ✅ ÉXITO
2025-10-17 14:22:11 | INFO | sicar.main |    Detalles: Datos cargados: 15 campos
2025-10-17 14:22:12 | INFO | sicar.main | 📢 ALERTA SCALPING_INIT: ScalpingEngine inicializado correctamente
2025-10-17 14:22:14 | INFO | sicar.main | 📢 ALERTA SCALPING_INIT: ScalpingEngine inicializado correctamente
2025-10-17 14:22:14 | INFO | sicar.main | 📢 ALERTA PAPER_TRADING: Motor de paper trading inicializado con $200.00
2025-10-17 14:22:15 | INFO | sicar.main | 📢 ALERTA OBSERVER_ADDED: Observador agregado al detector de breakouts
2025-10-17 14:22:15 | INFO | sicar.main | 🔄 SYNC AUTO_SYNC: ✅ ÉXITO
2025-10-17 14:22:15 | INFO | sicar.main |    Detalles: Sincronización automática iniciada
2025-10-17 14:22:15 | INFO | sicar.main | 📢 ALERTA BREAKOUT_DETECTOR: Detector de breakouts iniciado
2025-10-17 14:22:15 | INFO | sicar.main | 📢 ALERTA DASHBOARD: Dashboard mejorado iniciado correctamente
2025-10-17 14:22:56 | INFO | sicar.main | 🔄 SYNC LOAD: ✅ ÉXITO
2025-10-17 14:22:56 | INFO | sicar.main |    Detalles: Datos cargados: 15 campos
2025-10-17 14:22:57 | INFO | sicar.main | 📢 ALERTA SCALPING_INIT: ScalpingEngine inicializado correctamente
2025-10-17 14:22:59 | INFO | sicar.main | 📢 ALERTA SCALPING_INIT: ScalpingEngine inicializado correctamente
2025-10-17 14:22:59 | INFO | sicar.main | 📢 ALERTA PAPER_TRADING: Motor de paper trading inicializado con $200.00
2025-10-17 14:23:00 | INFO | sicar.main | 📢 ALERTA OBSERVER_ADDED: Observador agregado al detector de breakouts
2025-10-17 14:23:00 | INFO | sicar.main | 🔄 SYNC AUTO_SYNC: ✅ ÉXITO
2025-10-17 14:23:00 | INFO | sicar.main |    Detalles: Sincronización automática iniciada
2025-10-17 14:23:00 | INFO | sicar.main | 📢 ALERTA BREAKOUT_DETECTOR: Detector de breakouts iniciado
2025-10-17 14:23:00 | INFO | sicar.main | 📢 ALERTA SCALPING_START: ScalpingEngine iniciado con el detector
2025-10-17 14:23:00 | INFO | sicar.main | 📢 ALERTA DASHBOARD: Dashboard mejorado iniciado correctamente
2025-10-17 14:33:00 | INFO | sicar.main | ⚠️ ALERTA STRONG_BREAKOUT: ADAUSDT - BEARISH breakout detectado (Confianza: 54.8%, Fuerza: strong)
2025-10-17 14:40:31 | INFO | sicar.main | ⚠️ ALERTA STRONG_BREAKOUT: ADAUSDT - BULLISH breakout detectado (Confianza: 53.7%, Fuerza: strong)
2025-10-17 14:44:31 | INFO | sicar.main | ⚠️ ALERTA STRONG_BREAKOUT: BTCUSDT - BULLISH breakout detectado (Confianza: 51.6%, Fuerza: strong)
2025-10-17 14:58:31 | INFO | sicar.main | ⚠️ ALERTA STRONG_BREAKOUT: ETHUSDT - BULLISH breakout detectado (Confianza: 51.5%, Fuerza: strong)
2025-10-17 15:08:55 | INFO | sicar.main | 🔄 SYNC LOAD: ✅ ÉXITO
2025-10-17 15:08:55 | INFO | sicar.main |    Detalles: Datos cargados: 15 campos
2025-10-17 15:08:56 | INFO | sicar.main | 📢 ALERTA SCALPING_INIT: ScalpingEngine inicializado correctamente
2025-10-17 15:08:58 | INFO | sicar.main | 📢 ALERTA SCALPING_INIT: ScalpingEngine inicializado correctamente
2025-10-17 15:08:59 | INFO | sicar.main | 📢 ALERTA PAPER_TRADING: Motor de paper trading inicializado con $200.00
2025-10-17 15:09:00 | INFO | sicar.main | 📢 ALERTA OBSERVER_ADDED: Observador agregado al detector de breakouts
2025-10-17 15:09:00 | INFO | sicar.main | 🔄 SYNC AUTO_SYNC: ✅ ÉXITO
2025-10-17 15:09:00 | INFO | sicar.main |    Detalles: Sincronización automática iniciada
2025-10-17 15:09:00 | INFO | sicar.main | 📢 ALERTA BREAKOUT_DETECTOR: Detector de breakouts iniciado
2025-10-17 15:09:00 | INFO | sicar.main | 📢 ALERTA SCALPING_START: ScalpingEngine iniciado con el detector
2025-10-17 15:09:00 | INFO | sicar.main | 📢 ALERTA DASHBOARD: Dashboard mejorado iniciado correctamente
2025-10-17 15:27:07 | INFO | sicar.main | 🔄 SYNC LOAD: ✅ ÉXITO
2025-10-17 15:27:07 | INFO | sicar.main |    Detalles: Datos cargados: 15 campos
2025-10-17 15:27:08 | INFO | sicar.main | 📢 ALERTA SCALPING_INIT: ScalpingEngine inicializado correctamente
2025-10-17 15:27:10 | INFO | sicar.main | 📢 ALERTA SCALPING_INIT: ScalpingEngine inicializado correctamente
2025-10-17 15:27:10 | INFO | sicar.main | 📢 ALERTA PAPER_TRADING: Motor de paper trading inicializado con $200.00
2025-10-17 15:27:11 | INFO | sicar.main | 📢 ALERTA OBSERVER_ADDED: Observador agregado al detector de breakouts
2025-10-17 15:27:11 | INFO | sicar.main | 🔄 SYNC AUTO_SYNC: ✅ ÉXITO
2025-10-17 15:27:11 | INFO | sicar.main |    Detalles: Sincronización automática iniciada
2025-10-17 15:27:11 | INFO | sicar.main | 📢 ALERTA BREAKOUT_DETECTOR: Detector de breakouts iniciado
2025-10-17 15:27:11 | INFO | sicar.main | 📢 ALERTA SCALPING_START: ScalpingEngine iniciado con el detector
2025-10-17 15:27:11 | INFO | sicar.main | 📢 ALERTA DASHBOARD: Dashboard mejorado iniciado correctamente
2025-10-17 15:46:11 | INFO | sicar.main | 📢 ALERTA SCALPING_CONFIDENCE_LOW: ⏸️ Confianza insuficiente para scalping BTCUSDT: 0.7% < 50.0%
2025-10-17 15:46:11 | INFO | sicar.main | 🚨 ALERTA STRONG_BREAKOUT: BTCUSDT - BEARISH breakout detectado (Confianza: 66.0%, Fuerza: very_strong)
2025-10-17 15:50:42 | INFO | sicar.main | 📢 ALERTA SCALPING_CONFIDENCE_LOW: ⏸️ Confianza insuficiente para scalping BTCUSDT: 0.5% < 50.0%
2025-10-17 15:50:42 | INFO | sicar.main | ⚠️ ALERTA STRONG_BREAKOUT: BTCUSDT - BEARISH breakout detectado (Confianza: 50.9%, Fuerza: strong)
2025-10-17 16:09:12 | INFO | sicar.main | 📢 ALERTA SCALPING_CONFIDENCE_LOW: ⏸️ Confianza insuficiente para scalping BTCUSDT: 0.6% < 50.0%
2025-10-17 16:09:12 | INFO | sicar.main | ⚠️ ALERTA STRONG_BREAKOUT: BTCUSDT - BEARISH breakout detectado (Confianza: 61.3%, Fuerza: strong)
2025-10-17 16:28:02 | INFO | sicar.main | 🔄 SYNC LOAD: ✅ ÉXITO
2025-10-17 16:28:02 | INFO | sicar.main |    Detalles: Datos cargados: 15 campos
2025-10-17 16:28:03 | INFO | sicar.main | 📢 ALERTA SCALPING_INIT: ScalpingEngine inicializado correctamente
2025-10-17 16:28:06 | INFO | sicar.main | 📢 ALERTA SCALPING_INIT: ScalpingEngine inicializado correctamente
2025-10-17 16:28:06 | INFO | sicar.main | 📢 ALERTA PAPER_TRADING: Motor de paper trading inicializado con $200.00
2025-10-17 16:28:07 | INFO | sicar.main | 📢 ALERTA OBSERVER_ADDED: Observador agregado al detector de breakouts
2025-10-17 16:28:07 | INFO | sicar.main | 🔄 SYNC AUTO_SYNC: ✅ ÉXITO
2025-10-17 16:28:07 | INFO | sicar.main |    Detalles: Sincronización automática iniciada
2025-10-17 16:28:07 | INFO | sicar.main | 📢 ALERTA BREAKOUT_DETECTOR: Detector de breakouts iniciado
2025-10-17 16:28:07 | INFO | sicar.main | 📢 ALERTA SCALPING_START: ScalpingEngine iniciado con el detector
2025-10-17 16:28:07 | INFO | sicar.main | 📢 ALERTA DASHBOARD: Dashboard mejorado iniciado correctamente
2025-10-17 17:12:39 | INFO | sicar.main | 📢 ALERTA SCALPING_CONFIDENCE_LOW: ⏸️ Confianza insuficiente para scalping ETHUSDT: 0.6% < 50.0%
2025-10-17 17:12:39 | INFO | sicar.main | ⚠️ ALERTA STRONG_BREAKOUT: ETHUSDT - BULLISH breakout detectado (Confianza: 60.9%, Fuerza: strong)
2025-10-17 17:21:39 | INFO | sicar.main | 📢 ALERTA SCALPING_CONFIDENCE_LOW: ⏸️ Confianza insuficiente para scalping ADAUSDT: 0.6% < 50.0%
2025-10-17 17:21:39 | INFO | sicar.main | ⚠️ ALERTA STRONG_BREAKOUT: ADAUSDT - BEARISH breakout detectado (Confianza: 58.0%, Fuerza: strong)
2025-10-17 17:38:10 | INFO | sicar.main | 📢 ALERTA SCALPING_CONFIDENCE_LOW: ⏸️ Confianza insuficiente para scalping BTCUSDT: 0.5% < 50.0%
2025-10-17 17:38:10 | INFO | sicar.main | ⚠️ ALERTA STRONG_BREAKOUT: BTCUSDT - BEARISH breakout detectado (Confianza: 52.3%, Fuerza: strong)
2025-10-17 18:00:11 | INFO | sicar.main | 📢 ALERTA SESSION_WINDOW: 🚨 VENTANA CRÍTICA ACTIVA: Sesión Asiática (19:00-19:05)
2025-10-17 18:00:11 | INFO | sicar.main | 📢 ALERTA SESSION_DETECTION: 🔥 DETECCIÓN ACELERADA: cada 10s durante asian
2025-10-17 18:00:11 | INFO | sicar.main | 📢 ALERTA SESSION_WINDOW: 🚨 VENTANA CRÍTICA ACTIVA: Sesión Asiática (19:00-19:05)
2025-10-17 18:00:11 | INFO | sicar.main | 📢 ALERTA SESSION_BREAKOUT: 🔥 MODO ULTRA-SENSIBLE ACTIVADO para ETHUSDT en asian
2025-10-17 18:00:11 | INFO | sicar.main | 📢 ALERTA FORCED_CRITERIA: 🚨 CRITERIOS FORZADOS para ETHUSDT en asian
2025-10-17 18:00:11 | INFO | sicar.main | 📢 ALERTA SESSION_WINDOW: 🚨 VENTANA CRÍTICA ACTIVA: Sesión Asiática (19:00-19:05)
2025-10-17 18:00:11 | INFO | sicar.main | 📢 ALERTA SCALPING_REJECTED: ❌ Scalping rechazado para ETHUSDT: límites alcanzados o condiciones no cumplidas
2025-10-17 18:00:11 | INFO | sicar.main | 🚨 ALERTA STRONG_BREAKOUT: ETHUSDT - BULLISH breakout detectado (Confianza: 6000.0%, Fuerza: very_strong)
2025-10-17 18:00:11 | INFO | sicar.main | 📢 ALERTA SESSION_WINDOW: 🚨 VENTANA CRÍTICA ACTIVA: Sesión Asiática (19:00-19:05)
2025-10-17 18:00:11 | INFO | sicar.main | 📢 ALERTA SESSION_BREAKOUT: 🔥 MODO ULTRA-SENSIBLE ACTIVADO para BTCUSDT en asian
2025-10-17 18:00:11 | INFO | sicar.main | 📢 ALERTA SESSION_WINDOW: 🚨 VENTANA CRÍTICA ACTIVA: Sesión Asiática (19:00-19:05)
2025-10-17 18:00:11 | INFO | sicar.main | 📢 ALERTA SCALPING_REJECTED: ❌ Scalping rechazado para BTCUSDT: límites alcanzados o condiciones no cumplidas
2025-10-17 18:00:11 | INFO | sicar.main | 🚨 ALERTA STRONG_BREAKOUT: BTCUSDT - BEARISH breakout detectado (Confianza: 6000.0%, Fuerza: very_strong)
2025-10-17 18:00:11 | INFO | sicar.main | 📢 ALERTA SESSION_WINDOW: 🚨 VENTANA CRÍTICA ACTIVA: Sesión Asiática (19:00-19:05)
2025-10-17 18:00:11 | INFO | sicar.main | 📢 ALERTA SESSION_BREAKOUT: 🔥 MODO ULTRA-SENSIBLE ACTIVADO para ADAUSDT en asian
2025-10-17 18:00:11 | INFO | sicar.main | 📢 ALERTA FORCED_BREAKOUT: 🚨 BREAKOUT FORZADO en ADAUSDT: -0.259% durante asian
2025-10-17 18:00:11 | INFO | sicar.main | 📢 ALERTA SESSION_WINDOW: 🚨 VENTANA CRÍTICA ACTIVA: Sesión Asiática (19:00-19:05)
2025-10-17 18:00:11 | INFO | sicar.main | 📢 ALERTA SCALPING_REJECTED: ❌ Scalping rechazado para ADAUSDT: límites alcanzados o condiciones no cumplidas
2025-10-17 18:00:11 | INFO | sicar.main | 🚨 ALERTA STRONG_BREAKOUT: ADAUSDT - BEARISH breakout detectado (Confianza: 6000.0%, Fuerza: very_strong)
2025-10-17 18:00:21 | INFO | sicar.main | 📢 ALERTA SESSION_WINDOW: 🚨 VENTANA CRÍTICA ACTIVA: Sesión Asiática (19:00-19:05)
2025-10-17 18:00:21 | INFO | sicar.main | 📢 ALERTA SESSION_DETECTION: 🔥 DETECCIÓN ACELERADA: cada 10s durante asian
2025-10-17 18:00:21 | INFO | sicar.main | 📢 ALERTA SESSION_WINDOW: 🚨 VENTANA CRÍTICA ACTIVA: Sesión Asiática (19:00-19:05)
2025-10-17 18:00:21 | INFO | sicar.main | 📢 ALERTA SESSION_BREAKOUT: 🔥 MODO ULTRA-SENSIBLE ACTIVADO para ETHUSDT en asian
2025-10-17 18:00:21 | INFO | sicar.main | 📢 ALERTA FORCED_BREAKOUT: 🚨 BREAKOUT FORZADO en ETHUSDT: -0.145% durante asian
2025-10-17 18:00:21 | INFO | sicar.main | 📢 ALERTA SESSION_WINDOW: 🚨 VENTANA CRÍTICA ACTIVA: Sesión Asiática (19:00-19:05)
2025-10-17 18:00:21 | INFO | sicar.main | 📢 ALERTA SESSION_BREAKOUT: 🔥 MODO ULTRA-SENSIBLE ACTIVADO para BTCUSDT en asian
2025-10-17 18:00:21 | INFO | sicar.main | 📢 ALERTA SESSION_WINDOW: 🚨 VENTANA CRÍTICA ACTIVA: Sesión Asiática (19:00-19:05)
2025-10-17 18:00:21 | INFO | sicar.main | 📢 ALERTA SESSION_BREAKOUT: 🔥 MODO ULTRA-SENSIBLE ACTIVADO para ADAUSDT en asian
2025-10-17 18:00:31 | INFO | sicar.main | 📢 ALERTA SESSION_WINDOW: 🚨 VENTANA CRÍTICA ACTIVA: Sesión Asiática (19:00-19:05)
2025-10-17 18:00:31 | INFO | sicar.main | 📢 ALERTA SESSION_DETECTION: 🔥 DETECCIÓN ACELERADA: cada 10s durante asian
2025-10-17 18:00:31 | INFO | sicar.main | 📢 ALERTA SESSION_WINDOW: 🚨 VENTANA CRÍTICA ACTIVA: Sesión Asiática (19:00-19:05)
2025-10-17 18:00:31 | INFO | sicar.main | 📢 ALERTA SESSION_BREAKOUT: 🔥 MODO ULTRA-SENSIBLE ACTIVADO para ETHUSDT en asian
2025-10-17 18:00:31 | INFO | sicar.main | 📢 ALERTA FORCED_BREAKOUT: 🚨 BREAKOUT FORZADO en ETHUSDT: -0.155% durante asian
2025-10-17 18:00:31 | INFO | sicar.main | 📢 ALERTA SESSION_WINDOW: 🚨 VENTANA CRÍTICA ACTIVA: Sesión Asiática (19:00-19:05)
2025-10-17 18:00:31 | INFO | sicar.main | 📢 ALERTA SCALPING_REJECTED: ❌ Scalping rechazado para ETHUSDT: límites alcanzados o condiciones no cumplidas
2025-10-17 18:00:31 | INFO | sicar.main | 🚨 ALERTA STRONG_BREAKOUT: ETHUSDT - BEARISH breakout detectado (Confianza: 6000.0%, Fuerza: very_strong)
2025-10-17 18:00:31 | INFO | sicar.main | 📢 ALERTA SESSION_WINDOW: 🚨 VENTANA CRÍTICA ACTIVA: Sesión Asiática (19:00-19:05)
2025-10-17 18:00:31 | INFO | sicar.main | 📢 ALERTA SESSION_BREAKOUT: 🔥 MODO ULTRA-SENSIBLE ACTIVADO para BTCUSDT en asian
2025-10-17 18:00:31 | INFO | sicar.main | 📢 ALERTA FORCED_CRITERIA: 🚨 CRITERIOS FORZADOS para BTCUSDT en asian
2025-10-17 18:00:31 | INFO | sicar.main | 📢 ALERTA SESSION_WINDOW: 🚨 VENTANA CRÍTICA ACTIVA: Sesión Asiática (19:00-19:05)
2025-10-17 18:00:31 | INFO | sicar.main | 📢 ALERTA SCALPING_REJECTED: ❌ Scalping rechazado para BTCUSDT: límites alcanzados o condiciones no cumplidas
2025-10-17 18:00:31 | INFO | sicar.main | 🚨 ALERTA STRONG_BREAKOUT: BTCUSDT - BEARISH breakout detectado (Confianza: 6000.0%, Fuerza: very_strong)
2025-10-17 18:00:31 | INFO | sicar.main | 📢 ALERTA SESSION_WINDOW: 🚨 VENTANA CRÍTICA ACTIVA: Sesión Asiática (19:00-19:05)
2025-10-17 18:00:31 | INFO | sicar.main | 📢 ALERTA SESSION_BREAKOUT: 🔥 MODO ULTRA-SENSIBLE ACTIVADO para ADAUSDT en asian
2025-10-17 18:00:32 | INFO | sicar.main | 📢 ALERTA SESSION_WINDOW: 🚨 VENTANA CRÍTICA ACTIVA: Sesión Asiática (19:00-19:05)
2025-10-17 18:00:32 | INFO | sicar.main | 📢 ALERTA SCALPING_REJECTED: ❌ Scalping rechazado para ADAUSDT: límites alcanzados o condiciones no cumplidas
2025-10-17 18:00:32 | INFO | sicar.main | 🚨 ALERTA STRONG_BREAKOUT: ADAUSDT - BEARISH breakout detectado (Confianza: 6000.0%, Fuerza: very_strong)
2025-10-17 18:00:42 | INFO | sicar.main | 📢 ALERTA SESSION_WINDOW: 🚨 VENTANA CRÍTICA ACTIVA: Sesión Asiática (19:00-19:05)
2025-10-17 18:00:42 | INFO | sicar.main | 📢 ALERTA SESSION_DETECTION: 🔥 DETECCIÓN ACELERADA: cada 10s durante asian
2025-10-17 18:00:42 | INFO | sicar.main | 📢 ALERTA SESSION_WINDOW: 🚨 VENTANA CRÍTICA ACTIVA: Sesión Asiática (19:00-19:05)
2025-10-17 18:00:42 | INFO | sicar.main | 📢 ALERTA SESSION_BREAKOUT: 🔥 MODO ULTRA-SENSIBLE ACTIVADO para ETHUSDT en asian
2025-10-17 18:00:42 | INFO | sicar.main | 📢 ALERTA FORCED_BREAKOUT: 🚨 BREAKOUT FORZADO en ETHUSDT: 0.257% durante asian
2025-10-17 18:00:42 | INFO | sicar.main | 📢 ALERTA SESSION_WINDOW: 🚨 VENTANA CRÍTICA ACTIVA: Sesión Asiática (19:00-19:05)
2025-10-17 18:00:42 | INFO | sicar.main | 📢 ALERTA SESSION_BREAKOUT: 🔥 MODO ULTRA-SENSIBLE ACTIVADO para BTCUSDT en asian
2025-10-17 18:00:42 | INFO | sicar.main | 📢 ALERTA GUARANTEE_ACTIVATION: 🚨 ACTIVANDO GARANTÍA DE BREAKOUT para BTCUSDT en asian
2025-10-17 18:00:42 | INFO | sicar.main | 📢 ALERTA NORMAL_BREAKOUT_ENHANCED: 📈 BREAKOUT NORMAL MEJORADO para BTCUSDT: -0.091% basado en análisis técnico en asian
2025-10-17 18:00:42 | INFO | sicar.main | 📢 ALERTA NORMAL_SESSION_BREAKOUT: ✅ BREAKOUT NORMAL generado para BTCUSDT en asian: bearish -0.091% volumen 1.20x confianza 75.9%
2025-10-17 18:00:42 | INFO | sicar.main | 📢 ALERTA SESSION_WINDOW: 🚨 VENTANA CRÍTICA ACTIVA: Sesión Asiática (19:00-19:05)
2025-10-17 18:00:42 | INFO | sicar.main | 📢 ALERTA SESSION_BREAKOUT: 🔥 MODO ULTRA-SENSIBLE ACTIVADO para ADAUSDT en asian
2025-10-17 18:00:52 | INFO | sicar.main | 📢 ALERTA SESSION_WINDOW: 🚨 VENTANA CRÍTICA ACTIVA: Sesión Asiática (19:00-19:05)
2025-10-17 18:00:52 | INFO | sicar.main | 📢 ALERTA SESSION_DETECTION: 🔥 DETECCIÓN ACELERADA: cada 10s durante asian
2025-10-17 18:00:52 | INFO | sicar.main | 📢 ALERTA SESSION_WINDOW: 🚨 VENTANA CRÍTICA ACTIVA: Sesión Asiática (19:00-19:05)
2025-10-17 18:00:52 | INFO | sicar.main | 📢 ALERTA SESSION_BREAKOUT: 🔥 MODO ULTRA-SENSIBLE ACTIVADO para ETHUSDT en asian
2025-10-17 18:00:52 | INFO | sicar.main | 📢 ALERTA SESSION_WINDOW: 🚨 VENTANA CRÍTICA ACTIVA: Sesión Asiática (19:00-19:05)
2025-10-17 18:00:52 | INFO | sicar.main | 📢 ALERTA SCALPING_REJECTED: ❌ Scalping rechazado para ETHUSDT: límites alcanzados o condiciones no cumplidas
2025-10-17 18:00:52 | INFO | sicar.main | 🚨 ALERTA STRONG_BREAKOUT: ETHUSDT - BULLISH breakout detectado (Confianza: 6000.0%, Fuerza: very_strong)
2025-10-17 18:00:52 | INFO | sicar.main | 📢 ALERTA SESSION_WINDOW: 🚨 VENTANA CRÍTICA ACTIVA: Sesión Asiática (19:00-19:05)
2025-10-17 18:00:52 | INFO | sicar.main | 📢 ALERTA SESSION_BREAKOUT: 🔥 MODO ULTRA-SENSIBLE ACTIVADO para BTCUSDT en asian
2025-10-17 18:00:52 | INFO | sicar.main | 📢 ALERTA FORCED_CRITERIA: 🚨 CRITERIOS FORZADOS para BTCUSDT en asian
2025-10-17 18:00:52 | INFO | sicar.main | 📢 ALERTA SESSION_WINDOW: 🚨 VENTANA CRÍTICA ACTIVA: Sesión Asiática (19:00-19:05)
2025-10-17 18:00:52 | INFO | sicar.main | 🚨 ALERTA SCALPING_ACTIVATED: 🚀 SCALPING AUTOMÁTICO: BTCUSDT BEARISH (Confianza: 60.0%, Precio: $2002.0519)
2025-10-17 18:00:52 | INFO | sicar.main | 🚨 ALERTA STRONG_BREAKOUT: BTCUSDT - BEARISH breakout detectado (Confianza: 6000.0%, Fuerza: very_strong)
2025-10-17 18:00:52 | INFO | sicar.main | 📢 ALERTA SESSION_WINDOW: 🚨 VENTANA CRÍTICA ACTIVA: Sesión Asiática (19:00-19:05)
2025-10-17 18:00:52 | INFO | sicar.main | 📢 ALERTA SESSION_BREAKOUT: 🔥 MODO ULTRA-SENSIBLE ACTIVADO para ADAUSDT en asian
2025-10-17 18:00:52 | INFO | sicar.main | 📢 ALERTA FORCED_BREAKOUT: 🚨 BREAKOUT FORZADO en ADAUSDT: -0.065% durante asian
2025-10-17 18:00:52 | INFO | sicar.main | 📢 ALERTA FORCED_CRITERIA: 🚨 CRITERIOS FORZADOS para ADAUSDT en asian
2025-10-17 18:00:52 | INFO | sicar.main | 📢 ALERTA SESSION_WINDOW: 🚨 VENTANA CRÍTICA ACTIVA: Sesión Asiática (19:00-19:05)
2025-10-17 18:00:52 | INFO | sicar.main | 📢 ALERTA SCALPING_REJECTED: ❌ Scalping rechazado para ADAUSDT: límites alcanzados o condiciones no cumplidas
2025-10-17 18:00:52 | INFO | sicar.main | 🚨 ALERTA STRONG_BREAKOUT: ADAUSDT - BEARISH breakout detectado (Confianza: 6000.0%, Fuerza: very_strong)
2025-10-17 18:01:02 | INFO | sicar.main | 📢 ALERTA SESSION_WINDOW: 🚨 VENTANA CRÍTICA ACTIVA: Sesión Asiática (19:00-19:05)
2025-10-17 18:01:02 | INFO | sicar.main | 📢 ALERTA SESSION_DETECTION: 🔥 DETECCIÓN ACELERADA: cada 10s durante asian
2025-10-17 18:01:02 | INFO | sicar.main | 📢 ALERTA SESSION_WINDOW: 🚨 VENTANA CRÍTICA ACTIVA: Sesión Asiática (19:00-19:05)
2025-10-17 18:01:02 | INFO | sicar.main | 📢 ALERTA SESSION_BREAKOUT: 🔥 MODO ULTRA-SENSIBLE ACTIVADO para ETHUSDT en asian
2025-10-17 18:01:02 | INFO | sicar.main | 📢 ALERTA GUARANTEE_ACTIVATION: 🚨 ACTIVANDO GARANTÍA DE BREAKOUT para ETHUSDT en asian
2025-10-17 18:01:02 | INFO | sicar.main | 📢 ALERTA NORMAL_BREAKOUT_ENHANCED: 📈 BREAKOUT NORMAL MEJORADO para ETHUSDT: 0.077% basado en análisis técnico en asian
2025-10-17 18:01:02 | INFO | sicar.main | 📢 ALERTA NORMAL_SESSION_BREAKOUT: ✅ BREAKOUT NORMAL generado para ETHUSDT en asian: bullish 0.077% volumen 1.20x confianza 75.8%
2025-10-17 18:01:02 | INFO | sicar.main | 📢 ALERTA SESSION_WINDOW: 🚨 VENTANA CRÍTICA ACTIVA: Sesión Asiática (19:00-19:05)
2025-10-17 18:01:02 | INFO | sicar.main | 📢 ALERTA SESSION_BREAKOUT: 🔥 MODO ULTRA-SENSIBLE ACTIVADO para BTCUSDT en asian
2025-10-17 18:01:02 | INFO | sicar.main | 📢 ALERTA SESSION_WINDOW: 🚨 VENTANA CRÍTICA ACTIVA: Sesión Asiática (19:00-19:05)
2025-10-17 18:01:02 | INFO | sicar.main | 📢 ALERTA SESSION_BREAKOUT: 🔥 MODO ULTRA-SENSIBLE ACTIVADO para ADAUSDT en asian
2025-10-17 18:01:02 | INFO | sicar.main | 📢 ALERTA FORCED_BREAKOUT: 🚨 BREAKOUT FORZADO en ADAUSDT: 0.148% durante asian
2025-10-17 18:01:12 | INFO | sicar.main | 📢 ALERTA SESSION_WINDOW: 🚨 VENTANA CRÍTICA ACTIVA: Sesión Asiática (19:00-19:05)
2025-10-17 18:01:12 | INFO | sicar.main | 📢 ALERTA SESSION_DETECTION: 🔥 DETECCIÓN ACELERADA: cada 10s durante asian
2025-10-17 18:01:12 | INFO | sicar.main | 📢 ALERTA SESSION_WINDOW: 🚨 VENTANA CRÍTICA ACTIVA: Sesión Asiática (19:00-19:05)
2025-10-17 18:01:12 | INFO | sicar.main | 📢 ALERTA SESSION_BREAKOUT: 🔥 MODO ULTRA-SENSIBLE ACTIVADO para ETHUSDT en asian
2025-10-17 18:01:13 | INFO | sicar.main | 📢 ALERTA SESSION_WINDOW: 🚨 VENTANA CRÍTICA ACTIVA: Sesión Asiática (19:00-19:05)
2025-10-17 18:01:13 | INFO | sicar.main | 📢 ALERTA SCALPING_REJECTED: ❌ Scalping rechazado para ETHUSDT: límites alcanzados o condiciones no cumplidas
2025-10-17 18:01:13 | INFO | sicar.main | 🚨 ALERTA STRONG_BREAKOUT: ETHUSDT - BULLISH breakout detectado (Confianza: 6000.0%, Fuerza: very_strong)
2025-10-17 18:01:13 | INFO | sicar.main | 📢 ALERTA SESSION_WINDOW: 🚨 VENTANA CRÍTICA ACTIVA: Sesión Asiática (19:00-19:05)
2025-10-17 18:01:13 | INFO | sicar.main | 📢 ALERTA SESSION_BREAKOUT: 🔥 MODO ULTRA-SENSIBLE ACTIVADO para BTCUSDT en asian
2025-10-17 18:01:13 | INFO | sicar.main | 📢 ALERTA GUARANTEE_ACTIVATION: 🚨 ACTIVANDO GARANTÍA DE BREAKOUT para BTCUSDT en asian
2025-10-17 18:01:13 | INFO | sicar.main | 📢 ALERTA NORMAL_BREAKOUT_ENHANCED: 📈 BREAKOUT NORMAL MEJORADO para BTCUSDT: -0.068% basado en análisis técnico en asian
2025-10-17 18:01:13 | INFO | sicar.main | 📢 ALERTA NORMAL_SESSION_BREAKOUT: ✅ BREAKOUT NORMAL generado para BTCUSDT en asian: bearish -0.068% volumen 1.20x confianza 65.7%
2025-10-17 18:01:13 | INFO | sicar.main | 📢 ALERTA SESSION_WINDOW: 🚨 VENTANA CRÍTICA ACTIVA: Sesión Asiática (19:00-19:05)
2025-10-17 18:01:13 | INFO | sicar.main | 📢 ALERTA SCALPING_REJECTED: ❌ Scalping rechazado para BTCUSDT: límites alcanzados o condiciones no cumplidas
2025-10-17 18:01:13 | INFO | sicar.main | 📢 ALERTA SESSION_WINDOW: 🚨 VENTANA CRÍTICA ACTIVA: Sesión Asiática (19:00-19:05)
2025-10-17 18:01:13 | INFO | sicar.main | 📢 ALERTA SESSION_BREAKOUT: 🔥 MODO ULTRA-SENSIBLE ACTIVADO para ADAUSDT en asian
2025-10-17 18:01:13 | INFO | sicar.main | 📢 ALERTA FORCED_BREAKOUT: 🚨 BREAKOUT FORZADO en ADAUSDT: -0.064% durante asian
2025-10-17 18:01:13 | INFO | sicar.main | 📢 ALERTA FORCED_CRITERIA: 🚨 CRITERIOS FORZADOS para ADAUSDT en asian
2025-10-17 18:01:13 | INFO | sicar.main | 📢 ALERTA SESSION_WINDOW: 🚨 VENTANA CRÍTICA ACTIVA: Sesión Asiática (19:00-19:05)
2025-10-17 18:01:13 | INFO | sicar.main | 🚨 ALERTA SCALPING_ACTIVATED: 🚀 SCALPING AUTOMÁTICO: ADAUSDT BEARISH (Confianza: 60.0%, Precio: $1922.1774)
2025-10-17 18:01:13 | INFO | sicar.main | 🚨 ALERTA STRONG_BREAKOUT: ADAUSDT - BEARISH breakout detectado (Confianza: 6000.0%, Fuerza: very_strong)
2025-10-17 18:01:23 | INFO | sicar.main | 📢 ALERTA SESSION_WINDOW: 🚨 VENTANA CRÍTICA ACTIVA: Sesión Asiática (19:00-19:05)
2025-10-17 18:01:23 | INFO | sicar.main | 📢 ALERTA SESSION_DETECTION: 🔥 DETECCIÓN ACELERADA: cada 10s durante asian
2025-10-17 18:01:23 | INFO | sicar.main | 📢 ALERTA SESSION_WINDOW: 🚨 VENTANA CRÍTICA ACTIVA: Sesión Asiática (19:00-19:05)
2025-10-17 18:01:23 | INFO | sicar.main | 📢 ALERTA SESSION_BREAKOUT: 🔥 MODO ULTRA-SENSIBLE ACTIVADO para ETHUSDT en asian
2025-10-17 18:01:23 | INFO | sicar.main | 📢 ALERTA SESSION_WINDOW: 🚨 VENTANA CRÍTICA ACTIVA: Sesión Asiática (19:00-19:05)
2025-10-17 18:01:23 | INFO | sicar.main | 📢 ALERTA SESSION_BREAKOUT: 🔥 MODO ULTRA-SENSIBLE ACTIVADO para BTCUSDT en asian
2025-10-17 18:01:23 | INFO | sicar.main | 📢 ALERTA SESSION_WINDOW: 🚨 VENTANA CRÍTICA ACTIVA: Sesión Asiática (19:00-19:05)
2025-10-17 18:01:23 | INFO | sicar.main | 📢 ALERTA SESSION_BREAKOUT: 🔥 MODO ULTRA-SENSIBLE ACTIVADO para ADAUSDT en asian
2025-10-17 18:01:23 | INFO | sicar.main | 📢 ALERTA FORCED_BREAKOUT: 🚨 BREAKOUT FORZADO en ADAUSDT: -0.137% durante asian
2025-10-17 18:01:33 | INFO | sicar.main | 📢 ALERTA SESSION_WINDOW: 🚨 VENTANA CRÍTICA ACTIVA: Sesión Asiática (19:00-19:05)
2025-10-17 18:01:33 | INFO | sicar.main | 📢 ALERTA SESSION_DETECTION: 🔥 DETECCIÓN ACELERADA: cada 10s durante asian
2025-10-17 18:01:33 | INFO | sicar.main | 📢 ALERTA SESSION_WINDOW: 🚨 VENTANA CRÍTICA ACTIVA: Sesión Asiática (19:00-19:05)
2025-10-17 18:01:33 | INFO | sicar.main | 📢 ALERTA SESSION_BREAKOUT: 🔥 MODO ULTRA-SENSIBLE ACTIVADO para ETHUSDT en asian
2025-10-17 18:01:33 | INFO | sicar.main | 📢 ALERTA SESSION_WINDOW: 🚨 VENTANA CRÍTICA ACTIVA: Sesión Asiática (19:00-19:05)
2025-10-17 18:01:33 | INFO | sicar.main | 📢 ALERTA SCALPING_REJECTED: ❌ Scalping rechazado para ETHUSDT: límites alcanzados o condiciones no cumplidas
2025-10-17 18:01:33 | INFO | sicar.main | 🚨 ALERTA STRONG_BREAKOUT: ETHUSDT - BULLISH breakout detectado (Confianza: 6000.0%, Fuerza: very_strong)
2025-10-17 18:01:33 | INFO | sicar.main | 📢 ALERTA SESSION_WINDOW: 🚨 VENTANA CRÍTICA ACTIVA: Sesión Asiática (19:00-19:05)
2025-10-17 18:01:33 | INFO | sicar.main | 📢 ALERTA SESSION_BREAKOUT: 🔥 MODO ULTRA-SENSIBLE ACTIVADO para BTCUSDT en asian
2025-10-17 18:01:33 | INFO | sicar.main | 📢 ALERTA SESSION_WINDOW: 🚨 VENTANA CRÍTICA ACTIVA: Sesión Asiática (19:00-19:05)
2025-10-17 18:01:33 | INFO | sicar.main | 📢 ALERTA SCALPING_REJECTED: ❌ Scalping rechazado para BTCUSDT: límites alcanzados o condiciones no cumplidas
2025-10-17 18:01:33 | INFO | sicar.main | 🚨 ALERTA STRONG_BREAKOUT: BTCUSDT - BEARISH breakout detectado (Confianza: 6000.0%, Fuerza: very_strong)
2025-10-17 18:01:33 | INFO | sicar.main | 📢 ALERTA SESSION_WINDOW: 🚨 VENTANA CRÍTICA ACTIVA: Sesión Asiática (19:00-19:05)
2025-10-17 18:01:33 | INFO | sicar.main | 📢 ALERTA SESSION_BREAKOUT: 🔥 MODO ULTRA-SENSIBLE ACTIVADO para ADAUSDT en asian
2025-10-17 18:01:33 | INFO | sicar.main | 📢 ALERTA SESSION_WINDOW: 🚨 VENTANA CRÍTICA ACTIVA: Sesión Asiática (19:00-19:05)
2025-10-17 18:01:33 | INFO | sicar.main | 📢 ALERTA SCALPING_REJECTED: ❌ Scalping rechazado para ADAUSDT: límites alcanzados o condiciones no cumplidas
2025-10-17 18:01:33 | INFO | sicar.main | 🚨 ALERTA STRONG_BREAKOUT: ADAUSDT - BEARISH breakout detectado (Confianza: 6000.0%, Fuerza: very_strong)
2025-10-17 18:01:43 | INFO | sicar.main | 📢 ALERTA SESSION_WINDOW: 🚨 VENTANA CRÍTICA ACTIVA: Sesión Asiática (19:00-19:05)
2025-10-17 18:01:43 | INFO | sicar.main | 📢 ALERTA SESSION_DETECTION: 🔥 DETECCIÓN ACELERADA: cada 10s durante asian
2025-10-17 18:01:43 | INFO | sicar.main | 📢 ALERTA SESSION_WINDOW: 🚨 VENTANA CRÍTICA ACTIVA: Sesión Asiática (19:00-19:05)
2025-10-17 18:01:43 | INFO | sicar.main | 📢 ALERTA SESSION_BREAKOUT: 🔥 MODO ULTRA-SENSIBLE ACTIVADO para ETHUSDT en asian
2025-10-17 18:01:43 | INFO | sicar.main | 📢 ALERTA FORCED_BREAKOUT: 🚨 BREAKOUT FORZADO en ETHUSDT: -0.234% durante asian
2025-10-17 18:01:43 | INFO | sicar.main | 📢 ALERTA SESSION_WINDOW: 🚨 VENTANA CRÍTICA ACTIVA: Sesión Asiática (19:00-19:05)
2025-10-17 18:01:43 | INFO | sicar.main | 📢 ALERTA SESSION_BREAKOUT: 🔥 MODO ULTRA-SENSIBLE ACTIVADO para BTCUSDT en asian
2025-10-17 18:01:43 | INFO | sicar.main | 📢 ALERTA SESSION_WINDOW: 🚨 VENTANA CRÍTICA ACTIVA: Sesión Asiática (19:00-19:05)
2025-10-17 18:01:43 | INFO | sicar.main | 📢 ALERTA SESSION_BREAKOUT: 🔥 MODO ULTRA-SENSIBLE ACTIVADO para ADAUSDT en asian
2025-10-17 18:01:53 | INFO | sicar.main | 📢 ALERTA SESSION_WINDOW: 🚨 VENTANA CRÍTICA ACTIVA: Sesión Asiática (19:00-19:05)
2025-10-17 18:01:53 | INFO | sicar.main | 📢 ALERTA SESSION_DETECTION: 🔥 DETECCIÓN ACELERADA: cada 10s durante asian
2025-10-17 18:01:53 | INFO | sicar.main | 📢 ALERTA SESSION_WINDOW: 🚨 VENTANA CRÍTICA ACTIVA: Sesión Asiática (19:00-19:05)
2025-10-17 18:01:53 | INFO | sicar.main | 📢 ALERTA SESSION_BREAKOUT: 🔥 MODO ULTRA-SENSIBLE ACTIVADO para ETHUSDT en asian
2025-10-17 18:01:53 | INFO | sicar.main | 📢 ALERTA FORCED_BREAKOUT: 🚨 BREAKOUT FORZADO en ETHUSDT: -0.379% durante asian
2025-10-17 18:01:53 | INFO | sicar.main | 📢 ALERTA SESSION_WINDOW: 🚨 VENTANA CRÍTICA ACTIVA: Sesión Asiática (19:00-19:05)
2025-10-17 18:01:53 | INFO | sicar.main | 📢 ALERTA SCALPING_REJECTED: ❌ Scalping rechazado para ETHUSDT: límites alcanzados o condiciones no cumplidas
2025-10-17 18:01:53 | INFO | sicar.main | 🚨 ALERTA STRONG_BREAKOUT: ETHUSDT - BEARISH breakout detectado (Confianza: 6000.0%, Fuerza: very_strong)
2025-10-17 18:01:53 | INFO | sicar.main | 📢 ALERTA SESSION_WINDOW: 🚨 VENTANA CRÍTICA ACTIVA: Sesión Asiática (19:00-19:05)
2025-10-17 18:01:53 | INFO | sicar.main | 📢 ALERTA SESSION_BREAKOUT: 🔥 MODO ULTRA-SENSIBLE ACTIVADO para BTCUSDT en asian
2025-10-17 18:01:53 | INFO | sicar.main | 📢 ALERTA SESSION_WINDOW: 🚨 VENTANA CRÍTICA ACTIVA: Sesión Asiática (19:00-19:05)
2025-10-17 18:01:53 | INFO | sicar.main | 📢 ALERTA SCALPING_REJECTED: ❌ Scalping rechazado para BTCUSDT: límites alcanzados o condiciones no cumplidas
2025-10-17 18:01:53 | INFO | sicar.main | 🚨 ALERTA STRONG_BREAKOUT: BTCUSDT - BEARISH breakout detectado (Confianza: 6000.0%, Fuerza: very_strong)
2025-10-17 18:01:53 | INFO | sicar.main | 📢 ALERTA SESSION_WINDOW: 🚨 VENTANA CRÍTICA ACTIVA: Sesión Asiática (19:00-19:05)
2025-10-17 18:01:53 | INFO | sicar.main | 📢 ALERTA SESSION_BREAKOUT: 🔥 MODO ULTRA-SENSIBLE ACTIVADO para ADAUSDT en asian
2025-10-17 18:01:53 | INFO | sicar.main | 📢 ALERTA FORCED_CRITERIA: 🚨 CRITERIOS FORZADOS para ADAUSDT en asian
2025-10-17 18:01:53 | INFO | sicar.main | 📢 ALERTA SESSION_WINDOW: 🚨 VENTANA CRÍTICA ACTIVA: Sesión Asiática (19:00-19:05)
2025-10-17 18:01:54 | INFO | sicar.main | 📢 ALERTA SCALPING_REJECTED: ❌ Scalping rechazado para ADAUSDT: límites alcanzados o condiciones no cumplidas
2025-10-17 18:01:54 | INFO | sicar.main | 🚨 ALERTA STRONG_BREAKOUT: ADAUSDT - BEARISH breakout detectado (Confianza: 6000.0%, Fuerza: very_strong)
2025-10-17 18:02:04 | INFO | sicar.main | 📢 ALERTA SESSION_WINDOW: 🚨 VENTANA CRÍTICA ACTIVA: Sesión Asiática (19:00-19:05)
2025-10-17 18:02:04 | INFO | sicar.main | 📢 ALERTA SESSION_DETECTION: 🔥 DETECCIÓN ACELERADA: cada 10s durante asian
2025-10-17 18:02:04 | INFO | sicar.main | 📢 ALERTA SESSION_WINDOW: 🚨 VENTANA CRÍTICA ACTIVA: Sesión Asiática (19:00-19:05)
2025-10-17 18:02:04 | INFO | sicar.main | 📢 ALERTA SESSION_BREAKOUT: 🔥 MODO ULTRA-SENSIBLE ACTIVADO para ETHUSDT en asian
2025-10-17 18:02:04 | INFO | sicar.main | 📢 ALERTA SESSION_WINDOW: 🚨 VENTANA CRÍTICA ACTIVA: Sesión Asiática (19:00-19:05)
2025-10-17 18:02:04 | INFO | sicar.main | 📢 ALERTA SESSION_BREAKOUT: 🔥 MODO ULTRA-SENSIBLE ACTIVADO para BTCUSDT en asian
2025-10-17 18:02:04 | INFO | sicar.main | 📢 ALERTA GUARANTEE_ACTIVATION: 🚨 ACTIVANDO GARANTÍA DE BREAKOUT para BTCUSDT en asian
2025-10-17 18:02:04 | INFO | sicar.main | 📢 ALERTA NORMAL_BREAKOUT_ENHANCED: 📈 BREAKOUT NORMAL MEJORADO para BTCUSDT: -0.062% basado en análisis técnico en asian
2025-10-17 18:02:04 | INFO | sicar.main | 📢 ALERTA NORMAL_SESSION_BREAKOUT: ✅ BREAKOUT NORMAL generado para BTCUSDT en asian: bearish -0.062% volumen 1.20x confianza 65.6%
2025-10-17 18:02:04 | INFO | sicar.main | 📢 ALERTA SESSION_WINDOW: 🚨 VENTANA CRÍTICA ACTIVA: Sesión Asiática (19:00-19:05)
2025-10-17 18:02:04 | INFO | sicar.main | 📢 ALERTA SESSION_BREAKOUT: 🔥 MODO ULTRA-SENSIBLE ACTIVADO para ADAUSDT en asian
2025-10-17 18:02:14 | INFO | sicar.main | 📢 ALERTA SESSION_WINDOW: 🚨 VENTANA CRÍTICA ACTIVA: Sesión Asiática (19:00-19:05)
2025-10-17 18:02:14 | INFO | sicar.main | 📢 ALERTA SESSION_DETECTION: 🔥 DETECCIÓN ACELERADA: cada 10s durante asian
2025-10-17 18:02:14 | INFO | sicar.main | 📢 ALERTA SESSION_WINDOW: 🚨 VENTANA CRÍTICA ACTIVA: Sesión Asiática (19:00-19:05)
2025-10-17 18:02:14 | INFO | sicar.main | 📢 ALERTA SESSION_BREAKOUT: 🔥 MODO ULTRA-SENSIBLE ACTIVADO para ETHUSDT en asian
2025-10-17 18:02:14 | INFO | sicar.main | 📢 ALERTA FORCED_BREAKOUT: 🚨 BREAKOUT FORZADO en ETHUSDT: -0.136% durante asian
2025-10-17 18:02:14 | INFO | sicar.main | 📢 ALERTA SESSION_WINDOW: 🚨 VENTANA CRÍTICA ACTIVA: Sesión Asiática (19:00-19:05)
2025-10-17 18:02:14 | INFO | sicar.main | 📢 ALERTA SCALPING_REJECTED: ❌ Scalping rechazado para ETHUSDT: límites alcanzados o condiciones no cumplidas
2025-10-17 18:02:14 | INFO | sicar.main | 🚨 ALERTA STRONG_BREAKOUT: ETHUSDT - BEARISH breakout detectado (Confianza: 6000.0%, Fuerza: very_strong)
2025-10-17 18:02:14 | INFO | sicar.main | 📢 ALERTA SESSION_WINDOW: 🚨 VENTANA CRÍTICA ACTIVA: Sesión Asiática (19:00-19:05)
2025-10-17 18:02:14 | INFO | sicar.main | 📢 ALERTA SESSION_BREAKOUT: 🔥 MODO ULTRA-SENSIBLE ACTIVADO para BTCUSDT en asian
2025-10-17 18:02:14 | INFO | sicar.main | 📢 ALERTA FORCED_CRITERIA: 🚨 CRITERIOS FORZADOS para BTCUSDT en asian
2025-10-17 18:02:14 | INFO | sicar.main | 📢 ALERTA SESSION_WINDOW: 🚨 VENTANA CRÍTICA ACTIVA: Sesión Asiática (19:00-19:05)
2025-10-17 18:02:14 | INFO | sicar.main | 📢 ALERTA SCALPING_REJECTED: ❌ Scalping rechazado para BTCUSDT: límites alcanzados o condiciones no cumplidas
2025-10-17 18:02:14 | INFO | sicar.main | 🚨 ALERTA STRONG_BREAKOUT: BTCUSDT - BEARISH breakout detectado (Confianza: 6000.0%, Fuerza: very_strong)
2025-10-17 18:02:14 | INFO | sicar.main | 📢 ALERTA SESSION_WINDOW: 🚨 VENTANA CRÍTICA ACTIVA: Sesión Asiática (19:00-19:05)
2025-10-17 18:02:14 | INFO | sicar.main | 📢 ALERTA SESSION_BREAKOUT: 🔥 MODO ULTRA-SENSIBLE ACTIVADO para ADAUSDT en asian
2025-10-17 18:02:14 | INFO | sicar.main | 📢 ALERTA FORCED_CRITERIA: 🚨 CRITERIOS FORZADOS para ADAUSDT en asian
2025-10-17 18:02:14 | INFO | sicar.main | 📢 ALERTA SESSION_WINDOW: 🚨 VENTANA CRÍTICA ACTIVA: Sesión Asiática (19:00-19:05)
2025-10-17 18:02:14 | INFO | sicar.main | 📢 ALERTA SCALPING_REJECTED: ❌ Scalping rechazado para ADAUSDT: límites alcanzados o condiciones no cumplidas
2025-10-17 18:02:14 | INFO | sicar.main | 🚨 ALERTA STRONG_BREAKOUT: ADAUSDT - BEARISH breakout detectado (Confianza: 6000.0%, Fuerza: very_strong)
2025-10-17 18:02:24 | INFO | sicar.main | 📢 ALERTA SESSION_WINDOW: 🚨 VENTANA CRÍTICA ACTIVA: Sesión Asiática (19:00-19:05)
2025-10-17 18:02:24 | INFO | sicar.main | 📢 ALERTA SESSION_DETECTION: 🔥 DETECCIÓN ACELERADA: cada 10s durante asian
2025-10-17 18:02:24 | INFO | sicar.main | 📢 ALERTA SESSION_WINDOW: 🚨 VENTANA CRÍTICA ACTIVA: Sesión Asiática (19:00-19:05)
2025-10-17 18:02:24 | INFO | sicar.main | 📢 ALERTA SESSION_BREAKOUT: 🔥 MODO ULTRA-SENSIBLE ACTIVADO para ETHUSDT en asian
2025-10-17 18:02:24 | INFO | sicar.main | 📢 ALERTA SESSION_WINDOW: 🚨 VENTANA CRÍTICA ACTIVA: Sesión Asiática (19:00-19:05)
2025-10-17 18:02:24 | INFO | sicar.main | 📢 ALERTA SESSION_BREAKOUT: 🔥 MODO ULTRA-SENSIBLE ACTIVADO para BTCUSDT en asian
2025-10-17 18:02:24 | INFO | sicar.main | 📢 ALERTA SESSION_WINDOW: 🚨 VENTANA CRÍTICA ACTIVA: Sesión Asiática (19:00-19:05)
2025-10-17 18:02:24 | INFO | sicar.main | 📢 ALERTA SESSION_BREAKOUT: 🔥 MODO ULTRA-SENSIBLE ACTIVADO para ADAUSDT en asian
2025-10-17 18:02:24 | INFO | sicar.main | 📢 ALERTA FORCED_BREAKOUT: 🚨 BREAKOUT FORZADO en ADAUSDT: 0.194% durante asian
2025-10-17 18:02:34 | INFO | sicar.main | 📢 ALERTA SESSION_WINDOW: 🚨 VENTANA CRÍTICA ACTIVA: Sesión Asiática (19:00-19:05)
2025-10-17 18:02:34 | INFO | sicar.main | 📢 ALERTA SESSION_DETECTION: 🔥 DETECCIÓN ACELERADA: cada 10s durante asian
2025-10-17 18:02:34 | INFO | sicar.main | 📢 ALERTA SESSION_WINDOW: 🚨 VENTANA CRÍTICA ACTIVA: Sesión Asiática (19:00-19:05)
2025-10-17 18:02:34 | INFO | sicar.main | 📢 ALERTA SESSION_BREAKOUT: 🔥 MODO ULTRA-SENSIBLE ACTIVADO para ETHUSDT en asian
2025-10-17 18:02:34 | INFO | sicar.main | 📢 ALERTA SESSION_WINDOW: 🚨 VENTANA CRÍTICA ACTIVA: Sesión Asiática (19:00-19:05)
2025-10-17 18:02:34 | INFO | sicar.main | 📢 ALERTA SESSION_BREAKOUT: 🔥 MODO ULTRA-SENSIBLE ACTIVADO para BTCUSDT en asian
2025-10-17 18:02:34 | INFO | sicar.main | 📢 ALERTA FORCED_BREAKOUT: 🚨 BREAKOUT FORZADO en BTCUSDT: 0.166% durante asian
2025-10-17 18:02:34 | INFO | sicar.main | 📢 ALERTA SESSION_WINDOW: 🚨 VENTANA CRÍTICA ACTIVA: Sesión Asiática (19:00-19:05)
2025-10-17 18:02:34 | INFO | sicar.main | 📢 ALERTA SCALPING_REJECTED: ❌ Scalping rechazado para BTCUSDT: límites alcanzados o condiciones no cumplidas
2025-10-17 18:02:34 | INFO | sicar.main | 🚨 ALERTA STRONG_BREAKOUT: BTCUSDT - BULLISH breakout detectado (Confianza: 6000.0%, Fuerza: very_strong)
2025-10-17 18:02:34 | INFO | sicar.main | 📢 ALERTA SESSION_WINDOW: 🚨 VENTANA CRÍTICA ACTIVA: Sesión Asiática (19:00-19:05)
2025-10-17 18:02:34 | INFO | sicar.main | 📢 ALERTA SESSION_BREAKOUT: 🔥 MODO ULTRA-SENSIBLE ACTIVADO para ADAUSDT en asian
2025-10-17 18:02:34 | INFO | sicar.main | 📢 ALERTA FORCED_BREAKOUT: 🚨 BREAKOUT FORZADO en ADAUSDT: 0.098% durante asian
2025-10-17 18:02:34 | INFO | sicar.main | 📢 ALERTA FORCED_CRITERIA: 🚨 CRITERIOS FORZADOS para ADAUSDT en asian
2025-10-17 18:02:34 | INFO | sicar.main | 📢 ALERTA SESSION_WINDOW: 🚨 VENTANA CRÍTICA ACTIVA: Sesión Asiática (19:00-19:05)
2025-10-17 18:02:34 | INFO | sicar.main | 📢 ALERTA SCALPING_REJECTED: ❌ Scalping rechazado para ADAUSDT: límites alcanzados o condiciones no cumplidas
2025-10-17 18:02:34 | INFO | sicar.main | 🚨 ALERTA STRONG_BREAKOUT: ADAUSDT - BULLISH breakout detectado (Confianza: 6000.0%, Fuerza: very_strong)
2025-10-17 18:02:44 | INFO | sicar.main | 📢 ALERTA SESSION_WINDOW: 🚨 VENTANA CRÍTICA ACTIVA: Sesión Asiática (19:00-19:05)
2025-10-17 18:02:44 | INFO | sicar.main | 📢 ALERTA SESSION_DETECTION: 🔥 DETECCIÓN ACELERADA: cada 10s durante asian
2025-10-17 18:02:44 | INFO | sicar.main | 📢 ALERTA SESSION_WINDOW: 🚨 VENTANA CRÍTICA ACTIVA: Sesión Asiática (19:00-19:05)
2025-10-17 18:02:44 | INFO | sicar.main | 📢 ALERTA SESSION_BREAKOUT: 🔥 MODO ULTRA-SENSIBLE ACTIVADO para ETHUSDT en asian
2025-10-17 18:02:44 | INFO | sicar.main | 📢 ALERTA FORCED_BREAKOUT: 🚨 BREAKOUT FORZADO en ETHUSDT: 0.338% durante asian
2025-10-17 18:02:44 | INFO | sicar.main | 📢 ALERTA SESSION_WINDOW: 🚨 VENTANA CRÍTICA ACTIVA: Sesión Asiática (19:00-19:05)
2025-10-17 18:02:44 | INFO | sicar.main | 📢 ALERTA SCALPING_REJECTED: ❌ Scalping rechazado para ETHUSDT: límites alcanzados o condiciones no cumplidas
2025-10-17 18:02:44 | INFO | sicar.main | 🚨 ALERTA STRONG_BREAKOUT: ETHUSDT - BULLISH breakout detectado (Confianza: 6000.0%, Fuerza: very_strong)
2025-10-17 18:02:44 | INFO | sicar.main | 📢 ALERTA SESSION_WINDOW: 🚨 VENTANA CRÍTICA ACTIVA: Sesión Asiática (19:00-19:05)
2025-10-17 18:02:44 | INFO | sicar.main | 📢 ALERTA SESSION_BREAKOUT: 🔥 MODO ULTRA-SENSIBLE ACTIVADO para BTCUSDT en asian
2025-10-17 18:02:44 | INFO | sicar.main | 📢 ALERTA SESSION_WINDOW: 🚨 VENTANA CRÍTICA ACTIVA: Sesión Asiática (19:00-19:05)
2025-10-17 18:02:44 | INFO | sicar.main | 📢 ALERTA SESSION_BREAKOUT: 🔥 MODO ULTRA-SENSIBLE ACTIVADO para ADAUSDT en asian
2025-10-17 18:02:54 | INFO | sicar.main | 📢 ALERTA SESSION_WINDOW: 🚨 VENTANA CRÍTICA ACTIVA: Sesión Asiática (19:00-19:05)
2025-10-17 18:02:54 | INFO | sicar.main | 📢 ALERTA SESSION_DETECTION: 🔥 DETECCIÓN ACELERADA: cada 10s durante asian
2025-10-17 18:02:54 | INFO | sicar.main | 📢 ALERTA SESSION_WINDOW: 🚨 VENTANA CRÍTICA ACTIVA: Sesión Asiática (19:00-19:05)
2025-10-17 18:02:54 | INFO | sicar.main | 📢 ALERTA SESSION_BREAKOUT: 🔥 MODO ULTRA-SENSIBLE ACTIVADO para ETHUSDT en asian
2025-10-17 18:02:54 | INFO | sicar.main | 📢 ALERTA FORCED_BREAKOUT: 🚨 BREAKOUT FORZADO en ETHUSDT: -0.055% durante asian
2025-10-17 18:02:54 | INFO | sicar.main | 📢 ALERTA FORCED_CRITERIA: 🚨 CRITERIOS FORZADOS para ETHUSDT en asian
2025-10-17 18:02:54 | INFO | sicar.main | 📢 ALERTA SESSION_WINDOW: 🚨 VENTANA CRÍTICA ACTIVA: Sesión Asiática (19:00-19:05)
2025-10-17 18:02:54 | INFO | sicar.main | 📢 ALERTA SESSION_BREAKOUT: 🔥 MODO ULTRA-SENSIBLE ACTIVADO para BTCUSDT en asian
2025-10-17 18:02:54 | INFO | sicar.main | 📢 ALERTA SESSION_WINDOW: 🚨 VENTANA CRÍTICA ACTIVA: Sesión Asiática (19:00-19:05)
2025-10-17 18:02:54 | INFO | sicar.main | 📢 ALERTA SCALPING_REJECTED: ❌ Scalping rechazado para BTCUSDT: límites alcanzados o condiciones no cumplidas
2025-10-17 18:02:54 | INFO | sicar.main | 🚨 ALERTA STRONG_BREAKOUT: BTCUSDT - BEARISH breakout detectado (Confianza: 6000.0%, Fuerza: very_strong)
2025-10-17 18:02:54 | INFO | sicar.main | 📢 ALERTA SESSION_WINDOW: 🚨 VENTANA CRÍTICA ACTIVA: Sesión Asiática (19:00-19:05)
2025-10-17 18:02:54 | INFO | sicar.main | 📢 ALERTA SESSION_BREAKOUT: 🔥 MODO ULTRA-SENSIBLE ACTIVADO para ADAUSDT en asian
2025-10-17 18:02:54 | INFO | sicar.main | 📢 ALERTA FORCED_BREAKOUT: 🚨 BREAKOUT FORZADO en ADAUSDT: 0.230% durante asian
2025-10-17 18:02:54 | INFO | sicar.main | 📢 ALERTA SESSION_WINDOW: 🚨 VENTANA CRÍTICA ACTIVA: Sesión Asiática (19:00-19:05)
2025-10-17 18:02:54 | INFO | sicar.main | 📢 ALERTA SCALPING_REJECTED: ❌ Scalping rechazado para ADAUSDT: límites alcanzados o condiciones no cumplidas
2025-10-17 18:02:55 | INFO | sicar.main | 🚨 ALERTA STRONG_BREAKOUT: ADAUSDT - BULLISH breakout detectado (Confianza: 6000.0%, Fuerza: very_strong)
2025-10-17 18:03:05 | INFO | sicar.main | 📢 ALERTA SESSION_WINDOW: 🚨 VENTANA CRÍTICA ACTIVA: Sesión Asiática (19:00-19:05)
2025-10-17 18:03:05 | INFO | sicar.main | 📢 ALERTA SESSION_DETECTION: 🔥 DETECCIÓN ACELERADA: cada 10s durante asian
2025-10-17 18:03:05 | INFO | sicar.main | 📢 ALERTA SESSION_WINDOW: 🚨 VENTANA CRÍTICA ACTIVA: Sesión Asiática (19:00-19:05)
2025-10-17 18:03:05 | INFO | sicar.main | 📢 ALERTA SESSION_BREAKOUT: 🔥 MODO ULTRA-SENSIBLE ACTIVADO para ETHUSDT en asian
2025-10-17 18:03:05 | INFO | sicar.main | 📢 ALERTA SESSION_WINDOW: 🚨 VENTANA CRÍTICA ACTIVA: Sesión Asiática (19:00-19:05)
2025-10-17 18:03:05 | INFO | sicar.main | 📢 ALERTA SESSION_BREAKOUT: 🔥 MODO ULTRA-SENSIBLE ACTIVADO para BTCUSDT en asian
2025-10-17 18:03:05 | INFO | sicar.main | 📢 ALERTA FORCED_CRITERIA: 🚨 CRITERIOS FORZADOS para BTCUSDT en asian
2025-10-17 18:03:05 | INFO | sicar.main | 📢 ALERTA SESSION_WINDOW: 🚨 VENTANA CRÍTICA ACTIVA: Sesión Asiática (19:00-19:05)
2025-10-17 18:03:05 | INFO | sicar.main | 📢 ALERTA SESSION_BREAKOUT: 🔥 MODO ULTRA-SENSIBLE ACTIVADO para ADAUSDT en asian
2025-10-17 18:03:05 | INFO | sicar.main | 📢 ALERTA FORCED_BREAKOUT: 🚨 BREAKOUT FORZADO en ADAUSDT: -0.140% durante asian
2025-10-17 18:03:15 | INFO | sicar.main | 📢 ALERTA SESSION_WINDOW: 🚨 VENTANA CRÍTICA ACTIVA: Sesión Asiática (19:00-19:05)
2025-10-17 18:03:15 | INFO | sicar.main | 📢 ALERTA SESSION_DETECTION: 🔥 DETECCIÓN ACELERADA: cada 10s durante asian
2025-10-17 18:03:15 | INFO | sicar.main | 📢 ALERTA SESSION_WINDOW: 🚨 VENTANA CRÍTICA ACTIVA: Sesión Asiática (19:00-19:05)
2025-10-17 18:03:15 | INFO | sicar.main | 📢 ALERTA SESSION_BREAKOUT: 🔥 MODO ULTRA-SENSIBLE ACTIVADO para ETHUSDT en asian
2025-10-17 18:03:15 | INFO | sicar.main | 📢 ALERTA FORCED_BREAKOUT: 🚨 BREAKOUT FORZADO en ETHUSDT: -0.114% durante asian
2025-10-17 18:03:15 | INFO | sicar.main | 📢 ALERTA SESSION_WINDOW: 🚨 VENTANA CRÍTICA ACTIVA: Sesión Asiática (19:00-19:05)
2025-10-17 18:03:15 | INFO | sicar.main | 📢 ALERTA SCALPING_REJECTED: ❌ Scalping rechazado para ETHUSDT: límites alcanzados o condiciones no cumplidas
2025-10-17 18:03:15 | INFO | sicar.main | 🚨 ALERTA STRONG_BREAKOUT: ETHUSDT - BEARISH breakout detectado (Confianza: 6000.0%, Fuerza: very_strong)
2025-10-17 18:03:15 | INFO | sicar.main | 📢 ALERTA SESSION_WINDOW: 🚨 VENTANA CRÍTICA ACTIVA: Sesión Asiática (19:00-19:05)
2025-10-17 18:03:15 | INFO | sicar.main | 📢 ALERTA SESSION_BREAKOUT: 🔥 MODO ULTRA-SENSIBLE ACTIVADO para BTCUSDT en asian
2025-10-17 18:03:15 | INFO | sicar.main | 📢 ALERTA SESSION_WINDOW: 🚨 VENTANA CRÍTICA ACTIVA: Sesión Asiática (19:00-19:05)
2025-10-17 18:03:15 | INFO | sicar.main | 📢 ALERTA SCALPING_REJECTED: ❌ Scalping rechazado para BTCUSDT: límites alcanzados o condiciones no cumplidas
2025-10-17 18:03:15 | INFO | sicar.main | 🚨 ALERTA STRONG_BREAKOUT: BTCUSDT - BEARISH breakout detectado (Confianza: 6000.0%, Fuerza: very_strong)
2025-10-17 18:03:15 | INFO | sicar.main | 📢 ALERTA SESSION_WINDOW: 🚨 VENTANA CRÍTICA ACTIVA: Sesión Asiática (19:00-19:05)
2025-10-17 18:03:15 | INFO | sicar.main | 📢 ALERTA SESSION_BREAKOUT: 🔥 MODO ULTRA-SENSIBLE ACTIVADO para ADAUSDT en asian
2025-10-17 18:03:15 | INFO | sicar.main | 📢 ALERTA SESSION_WINDOW: 🚨 VENTANA CRÍTICA ACTIVA: Sesión Asiática (19:00-19:05)
2025-10-17 18:03:15 | INFO | sicar.main | 📢 ALERTA SCALPING_REJECTED: ❌ Scalping rechazado para ADAUSDT: límites alcanzados o condiciones no cumplidas
2025-10-17 18:03:15 | INFO | sicar.main | 🚨 ALERTA STRONG_BREAKOUT: ADAUSDT - BEARISH breakout detectado (Confianza: 6000.0%, Fuerza: very_strong)
2025-10-17 18:03:25 | INFO | sicar.main | 📢 ALERTA SESSION_WINDOW: 🚨 VENTANA CRÍTICA ACTIVA: Sesión Asiática (19:00-19:05)
2025-10-17 18:03:25 | INFO | sicar.main | 📢 ALERTA SESSION_DETECTION: 🔥 DETECCIÓN ACELERADA: cada 10s durante asian
2025-10-17 18:03:25 | INFO | sicar.main | 📢 ALERTA SESSION_WINDOW: 🚨 VENTANA CRÍTICA ACTIVA: Sesión Asiática (19:00-19:05)
2025-10-17 18:03:25 | INFO | sicar.main | 📢 ALERTA SESSION_BREAKOUT: 🔥 MODO ULTRA-SENSIBLE ACTIVADO para ETHUSDT en asian
2025-10-17 18:03:25 | INFO | sicar.main | 📢 ALERTA FORCED_BREAKOUT: 🚨 BREAKOUT FORZADO en ETHUSDT: -0.106% durante asian
2025-10-17 18:03:25 | INFO | sicar.main | 📢 ALERTA SESSION_WINDOW: 🚨 VENTANA CRÍTICA ACTIVA: Sesión Asiática (19:00-19:05)
2025-10-17 18:03:25 | INFO | sicar.main | 📢 ALERTA SESSION_BREAKOUT: 🔥 MODO ULTRA-SENSIBLE ACTIVADO para BTCUSDT en asian
2025-10-17 18:03:25 | INFO | sicar.main | 📢 ALERTA SESSION_WINDOW: 🚨 VENTANA CRÍTICA ACTIVA: Sesión Asiática (19:00-19:05)
2025-10-17 18:03:25 | INFO | sicar.main | 📢 ALERTA SESSION_BREAKOUT: 🔥 MODO ULTRA-SENSIBLE ACTIVADO para ADAUSDT en asian
2025-10-17 18:03:25 | INFO | sicar.main | 📢 ALERTA FORCED_BREAKOUT: 🚨 BREAKOUT FORZADO en ADAUSDT: 0.204% durante asian
2025-10-17 18:03:35 | INFO | sicar.main | 📢 ALERTA SESSION_WINDOW: 🚨 VENTANA CRÍTICA ACTIVA: Sesión Asiática (19:00-19:05)
2025-10-17 18:03:35 | INFO | sicar.main | 📢 ALERTA SESSION_DETECTION: 🔥 DETECCIÓN ACELERADA: cada 10s durante asian
2025-10-17 18:03:35 | INFO | sicar.main | 📢 ALERTA SESSION_WINDOW: 🚨 VENTANA CRÍTICA ACTIVA: Sesión Asiática (19:00-19:05)
2025-10-17 18:03:35 | INFO | sicar.main | 📢 ALERTA SESSION_BREAKOUT: 🔥 MODO ULTRA-SENSIBLE ACTIVADO para ETHUSDT en asian
2025-10-17 18:03:35 | INFO | sicar.main | 📢 ALERTA SESSION_WINDOW: 🚨 VENTANA CRÍTICA ACTIVA: Sesión Asiática (19:00-19:05)
2025-10-17 18:03:35 | INFO | sicar.main | 📢 ALERTA SESSION_BREAKOUT: 🔥 MODO ULTRA-SENSIBLE ACTIVADO para BTCUSDT en asian
2025-10-17 18:03:35 | INFO | sicar.main | 📢 ALERTA GUARANTEE_ACTIVATION: 🚨 ACTIVANDO GARANTÍA DE BREAKOUT para BTCUSDT en asian
2025-10-17 18:03:35 | INFO | sicar.main | 📢 ALERTA NORMAL_BREAKOUT_ENHANCED: 📈 BREAKOUT NORMAL MEJORADO para BTCUSDT: -0.065% basado en análisis técnico en asian
2025-10-17 18:03:35 | INFO | sicar.main | 📢 ALERTA NORMAL_SESSION_BREAKOUT: ✅ BREAKOUT NORMAL generado para BTCUSDT en asian: bearish -0.065% volumen 1.20x confianza 75.6%
2025-10-17 18:03:35 | INFO | sicar.main | 📢 ALERTA SESSION_WINDOW: 🚨 VENTANA CRÍTICA ACTIVA: Sesión Asiática (19:00-19:05)
2025-10-17 18:03:35 | INFO | sicar.main | 📢 ALERTA SCALPING_REJECTED: ❌ Scalping rechazado para BTCUSDT: límites alcanzados o condiciones no cumplidas
2025-10-17 18:03:35 | INFO | sicar.main | 📢 ALERTA SESSION_WINDOW: 🚨 VENTANA CRÍTICA ACTIVA: Sesión Asiática (19:00-19:05)
2025-10-17 18:03:35 | INFO | sicar.main | 📢 ALERTA SESSION_BREAKOUT: 🔥 MODO ULTRA-SENSIBLE ACTIVADO para ADAUSDT en asian
2025-10-17 18:03:35 | INFO | sicar.main | 📢 ALERTA FORCED_BREAKOUT: 🚨 BREAKOUT FORZADO en ADAUSDT: -0.088% durante asian
2025-10-17 18:03:35 | INFO | sicar.main | 📢 ALERTA FORCED_CRITERIA: 🚨 CRITERIOS FORZADOS para ADAUSDT en asian
2025-10-17 18:03:35 | INFO | sicar.main | 📢 ALERTA SESSION_WINDOW: 🚨 VENTANA CRÍTICA ACTIVA: Sesión Asiática (19:00-19:05)
2025-10-17 18:03:35 | INFO | sicar.main | 📢 ALERTA SCALPING_REJECTED: ❌ Scalping rechazado para ADAUSDT: límites alcanzados o condiciones no cumplidas
2025-10-17 18:03:35 | INFO | sicar.main | 🚨 ALERTA STRONG_BREAKOUT: ADAUSDT - BEARISH breakout detectado (Confianza: 6000.0%, Fuerza: very_strong)
2025-10-17 18:03:45 | INFO | sicar.main | 📢 ALERTA SESSION_WINDOW: 🚨 VENTANA CRÍTICA ACTIVA: Sesión Asiática (19:00-19:05)
2025-10-17 18:03:45 | INFO | sicar.main | 📢 ALERTA SESSION_DETECTION: 🔥 DETECCIÓN ACELERADA: cada 10s durante asian
2025-10-17 18:03:45 | INFO | sicar.main | 📢 ALERTA SESSION_WINDOW: 🚨 VENTANA CRÍTICA ACTIVA: Sesión Asiática (19:00-19:05)
2025-10-17 18:03:45 | INFO | sicar.main | 📢 ALERTA SESSION_BREAKOUT: 🔥 MODO ULTRA-SENSIBLE ACTIVADO para ETHUSDT en asian
2025-10-17 18:03:45 | INFO | sicar.main | 📢 ALERTA FORCED_BREAKOUT: 🚨 BREAKOUT FORZADO en ETHUSDT: -0.269% durante asian
2025-10-17 18:03:45 | INFO | sicar.main | 📢 ALERTA SESSION_WINDOW: 🚨 VENTANA CRÍTICA ACTIVA: Sesión Asiática (19:00-19:05)
2025-10-17 18:03:45 | INFO | sicar.main | 📢 ALERTA SCALPING_REJECTED: ❌ Scalping rechazado para ETHUSDT: límites alcanzados o condiciones no cumplidas
2025-10-17 18:03:45 | INFO | sicar.main | 🚨 ALERTA STRONG_BREAKOUT: ETHUSDT - BEARISH breakout detectado (Confianza: 6000.0%, Fuerza: very_strong)
2025-10-17 18:03:45 | INFO | sicar.main | 📢 ALERTA SESSION_WINDOW: 🚨 VENTANA CRÍTICA ACTIVA: Sesión Asiática (19:00-19:05)
2025-10-17 18:03:45 | INFO | sicar.main | 📢 ALERTA SESSION_BREAKOUT: 🔥 MODO ULTRA-SENSIBLE ACTIVADO para BTCUSDT en asian
2025-10-17 18:03:45 | INFO | sicar.main | 📢 ALERTA SESSION_WINDOW: 🚨 VENTANA CRÍTICA ACTIVA: Sesión Asiática (19:00-19:05)
2025-10-17 18:03:45 | INFO | sicar.main | 📢 ALERTA SESSION_BREAKOUT: 🔥 MODO ULTRA-SENSIBLE ACTIVADO para ADAUSDT en asian
2025-10-17 18:03:45 | INFO | sicar.main | 📢 ALERTA FORCED_BREAKOUT: 🚨 BREAKOUT FORZADO en ADAUSDT: 0.083% durante asian
2025-10-17 18:03:45 | INFO | sicar.main | 📢 ALERTA FORCED_CRITERIA: 🚨 CRITERIOS FORZADOS para ADAUSDT en asian
2025-10-17 18:03:55 | INFO | sicar.main | 📢 ALERTA SESSION_WINDOW: 🚨 VENTANA CRÍTICA ACTIVA: Sesión Asiática (19:00-19:05)
2025-10-17 18:03:55 | INFO | sicar.main | 📢 ALERTA SESSION_DETECTION: 🔥 DETECCIÓN ACELERADA: cada 10s durante asian
2025-10-17 18:03:55 | INFO | sicar.main | 📢 ALERTA SESSION_WINDOW: 🚨 VENTANA CRÍTICA ACTIVA: Sesión Asiática (19:00-19:05)
2025-10-17 18:03:55 | INFO | sicar.main | 📢 ALERTA SESSION_BREAKOUT: 🔥 MODO ULTRA-SENSIBLE ACTIVADO para ETHUSDT en asian
2025-10-17 18:03:55 | INFO | sicar.main | 📢 ALERTA FORCED_BREAKOUT: 🚨 BREAKOUT FORZADO en ETHUSDT: 0.136% durante asian
2025-10-17 18:03:55 | INFO | sicar.main | 📢 ALERTA SESSION_WINDOW: 🚨 VENTANA CRÍTICA ACTIVA: Sesión Asiática (19:00-19:05)
2025-10-17 18:03:55 | INFO | sicar.main | 📢 ALERTA SESSION_BREAKOUT: 🔥 MODO ULTRA-SENSIBLE ACTIVADO para BTCUSDT en asian
2025-10-17 18:03:55 | INFO | sicar.main | 📢 ALERTA FORCED_BREAKOUT: 🚨 BREAKOUT FORZADO en BTCUSDT: 0.176% durante asian
2025-10-17 18:03:55 | INFO | sicar.main | 📢 ALERTA SESSION_WINDOW: 🚨 VENTANA CRÍTICA ACTIVA: Sesión Asiática (19:00-19:05)
2025-10-17 18:03:55 | INFO | sicar.main | 📢 ALERTA SCALPING_REJECTED: ❌ Scalping rechazado para BTCUSDT: límites alcanzados o condiciones no cumplidas
2025-10-17 18:03:55 | INFO | sicar.main | 🚨 ALERTA STRONG_BREAKOUT: BTCUSDT - BULLISH breakout detectado (Confianza: 6000.0%, Fuerza: very_strong)
2025-10-17 18:03:55 | INFO | sicar.main | 📢 ALERTA SESSION_WINDOW: 🚨 VENTANA CRÍTICA ACTIVA: Sesión Asiática (19:00-19:05)
2025-10-17 18:03:55 | INFO | sicar.main | 📢 ALERTA SESSION_BREAKOUT: 🔥 MODO ULTRA-SENSIBLE ACTIVADO para ADAUSDT en asian
2025-10-17 18:03:55 | INFO | sicar.main | 📢 ALERTA FORCED_BREAKOUT: 🚨 BREAKOUT FORZADO en ADAUSDT: 0.102% durante asian
2025-10-17 18:03:55 | INFO | sicar.main | 📢 ALERTA SESSION_WINDOW: 🚨 VENTANA CRÍTICA ACTIVA: Sesión Asiática (19:00-19:05)
2025-10-17 18:03:55 | INFO | sicar.main | 📢 ALERTA SCALPING_REJECTED: ❌ Scalping rechazado para ADAUSDT: límites alcanzados o condiciones no cumplidas
2025-10-17 18:03:56 | INFO | sicar.main | 🚨 ALERTA STRONG_BREAKOUT: ADAUSDT - BULLISH breakout detectado (Confianza: 6000.0%, Fuerza: very_strong)
2025-10-17 18:04:06 | INFO | sicar.main | 📢 ALERTA SESSION_WINDOW: 🚨 VENTANA CRÍTICA ACTIVA: Sesión Asiática (19:00-19:05)
2025-10-17 18:04:06 | INFO | sicar.main | 📢 ALERTA SESSION_DETECTION: 🔥 DETECCIÓN ACELERADA: cada 10s durante asian
2025-10-17 18:04:06 | INFO | sicar.main | 📢 ALERTA SESSION_WINDOW: 🚨 VENTANA CRÍTICA ACTIVA: Sesión Asiática (19:00-19:05)
2025-10-17 18:04:06 | INFO | sicar.main | 📢 ALERTA SESSION_BREAKOUT: 🔥 MODO ULTRA-SENSIBLE ACTIVADO para ETHUSDT en asian
2025-10-17 18:04:06 | INFO | sicar.main | 📢 ALERTA SESSION_WINDOW: 🚨 VENTANA CRÍTICA ACTIVA: Sesión Asiática (19:00-19:05)
2025-10-17 18:04:06 | INFO | sicar.main | 📢 ALERTA SCALPING_REJECTED: ❌ Scalping rechazado para ETHUSDT: límites alcanzados o condiciones no cumplidas
2025-10-17 18:04:06 | INFO | sicar.main | 🚨 ALERTA STRONG_BREAKOUT: ETHUSDT - BEARISH breakout detectado (Confianza: 6000.0%, Fuerza: very_strong)
2025-10-17 18:04:06 | INFO | sicar.main | 📢 ALERTA SESSION_WINDOW: 🚨 VENTANA CRÍTICA ACTIVA: Sesión Asiática (19:00-19:05)
2025-10-17 18:04:06 | INFO | sicar.main | 📢 ALERTA SESSION_BREAKOUT: 🔥 MODO ULTRA-SENSIBLE ACTIVADO para BTCUSDT en asian
2025-10-17 18:04:06 | INFO | sicar.main | 📢 ALERTA FORCED_BREAKOUT: 🚨 BREAKOUT FORZADO en BTCUSDT: -0.131% durante asian
2025-10-17 18:04:06 | INFO | sicar.main | 📢 ALERTA SESSION_WINDOW: 🚨 VENTANA CRÍTICA ACTIVA: Sesión Asiática (19:00-19:05)
2025-10-17 18:04:06 | INFO | sicar.main | 📢 ALERTA SESSION_BREAKOUT: 🔥 MODO ULTRA-SENSIBLE ACTIVADO para ADAUSDT en asian
2025-10-17 18:04:06 | INFO | sicar.main | 📢 ALERTA FORCED_BREAKOUT: 🚨 BREAKOUT FORZADO en ADAUSDT: 0.089% durante asian
2025-10-17 18:04:06 | INFO | sicar.main | 📢 ALERTA FORCED_CRITERIA: 🚨 CRITERIOS FORZADOS para ADAUSDT en asian
2025-10-17 18:04:16 | INFO | sicar.main | 📢 ALERTA SESSION_WINDOW: 🚨 VENTANA CRÍTICA ACTIVA: Sesión Asiática (19:00-19:05)
2025-10-17 18:04:16 | INFO | sicar.main | 📢 ALERTA SESSION_DETECTION: 🔥 DETECCIÓN ACELERADA: cada 10s durante asian
2025-10-17 18:04:16 | INFO | sicar.main | 📢 ALERTA SESSION_WINDOW: 🚨 VENTANA CRÍTICA ACTIVA: Sesión Asiática (19:00-19:05)
2025-10-17 18:04:16 | INFO | sicar.main | 📢 ALERTA SESSION_BREAKOUT: 🔥 MODO ULTRA-SENSIBLE ACTIVADO para ETHUSDT en asian
2025-10-17 18:04:16 | INFO | sicar.main | 📢 ALERTA FORCED_BREAKOUT: 🚨 BREAKOUT FORZADO en ETHUSDT: 0.332% durante asian
2025-10-17 18:04:16 | INFO | sicar.main | 📢 ALERTA SESSION_WINDOW: 🚨 VENTANA CRÍTICA ACTIVA: Sesión Asiática (19:00-19:05)
2025-10-17 18:04:16 | INFO | sicar.main | 📢 ALERTA SESSION_BREAKOUT: 🔥 MODO ULTRA-SENSIBLE ACTIVADO para BTCUSDT en asian
2025-10-17 18:04:16 | INFO | sicar.main | 📢 ALERTA FORCED_BREAKOUT: 🚨 BREAKOUT FORZADO en BTCUSDT: -0.254% durante asian
2025-10-17 18:04:16 | INFO | sicar.main | 📢 ALERTA SESSION_WINDOW: 🚨 VENTANA CRÍTICA ACTIVA: Sesión Asiática (19:00-19:05)
2025-10-17 18:04:16 | INFO | sicar.main | 📢 ALERTA SCALPING_REJECTED: ❌ Scalping rechazado para BTCUSDT: límites alcanzados o condiciones no cumplidas
2025-10-17 18:04:16 | INFO | sicar.main | 🚨 ALERTA STRONG_BREAKOUT: BTCUSDT - BEARISH breakout detectado (Confianza: 6000.0%, Fuerza: very_strong)
2025-10-17 18:04:16 | INFO | sicar.main | 📢 ALERTA SESSION_WINDOW: 🚨 VENTANA CRÍTICA ACTIVA: Sesión Asiática (19:00-19:05)
2025-10-17 18:04:16 | INFO | sicar.main | 📢 ALERTA SESSION_BREAKOUT: 🔥 MODO ULTRA-SENSIBLE ACTIVADO para ADAUSDT en asian
2025-10-17 18:04:26 | INFO | sicar.main | 📢 ALERTA SESSION_WINDOW: 🚨 VENTANA CRÍTICA ACTIVA: Sesión Asiática (19:00-19:05)
2025-10-17 18:04:26 | INFO | sicar.main | 📢 ALERTA SESSION_DETECTION: 🔥 DETECCIÓN ACELERADA: cada 10s durante asian
2025-10-17 18:04:26 | INFO | sicar.main | 📢 ALERTA SESSION_WINDOW: 🚨 VENTANA CRÍTICA ACTIVA: Sesión Asiática (19:00-19:05)
2025-10-17 18:04:26 | INFO | sicar.main | 📢 ALERTA SESSION_BREAKOUT: 🔥 MODO ULTRA-SENSIBLE ACTIVADO para ETHUSDT en asian
2025-10-17 18:04:26 | INFO | sicar.main | 📢 ALERTA FORCED_BREAKOUT: 🚨 BREAKOUT FORZADO en ETHUSDT: 0.150% durante asian
2025-10-17 18:04:26 | INFO | sicar.main | 📢 ALERTA SESSION_WINDOW: 🚨 VENTANA CRÍTICA ACTIVA: Sesión Asiática (19:00-19:05)
2025-10-17 18:04:26 | INFO | sicar.main | 📢 ALERTA SCALPING_REJECTED: ❌ Scalping rechazado para ETHUSDT: límites alcanzados o condiciones no cumplidas
2025-10-17 18:04:26 | INFO | sicar.main | 🚨 ALERTA STRONG_BREAKOUT: ETHUSDT - BULLISH breakout detectado (Confianza: 6000.0%, Fuerza: very_strong)
2025-10-17 18:04:26 | INFO | sicar.main | 📢 ALERTA SESSION_WINDOW: 🚨 VENTANA CRÍTICA ACTIVA: Sesión Asiática (19:00-19:05)
2025-10-17 18:04:26 | INFO | sicar.main | 📢 ALERTA SESSION_BREAKOUT: 🔥 MODO ULTRA-SENSIBLE ACTIVADO para BTCUSDT en asian
2025-10-17 18:04:26 | INFO | sicar.main | 📢 ALERTA SESSION_WINDOW: 🚨 VENTANA CRÍTICA ACTIVA: Sesión Asiática (19:00-19:05)
2025-10-17 18:04:26 | INFO | sicar.main | 📢 ALERTA SESSION_BREAKOUT: 🔥 MODO ULTRA-SENSIBLE ACTIVADO para ADAUSDT en asian
2025-10-17 18:04:26 | INFO | sicar.main | 📢 ALERTA FORCED_BREAKOUT: 🚨 BREAKOUT FORZADO en ADAUSDT: 0.263% durante asian
2025-10-17 18:04:26 | INFO | sicar.main | 📢 ALERTA SESSION_WINDOW: 🚨 VENTANA CRÍTICA ACTIVA: Sesión Asiática (19:00-19:05)
2025-10-17 18:04:26 | INFO | sicar.main | 📢 ALERTA SCALPING_REJECTED: ❌ Scalping rechazado para ADAUSDT: límites alcanzados o condiciones no cumplidas
2025-10-17 18:04:26 | INFO | sicar.main | 🚨 ALERTA STRONG_BREAKOUT: ADAUSDT - BULLISH breakout detectado (Confianza: 6000.0%, Fuerza: very_strong)
2025-10-17 18:04:36 | INFO | sicar.main | 📢 ALERTA SESSION_WINDOW: 🚨 VENTANA CRÍTICA ACTIVA: Sesión Asiática (19:00-19:05)
2025-10-17 18:04:36 | INFO | sicar.main | 📢 ALERTA SESSION_DETECTION: 🔥 DETECCIÓN ACELERADA: cada 10s durante asian
2025-10-17 18:04:36 | INFO | sicar.main | 📢 ALERTA SESSION_WINDOW: 🚨 VENTANA CRÍTICA ACTIVA: Sesión Asiática (19:00-19:05)
2025-10-17 18:04:36 | INFO | sicar.main | 📢 ALERTA SESSION_BREAKOUT: 🔥 MODO ULTRA-SENSIBLE ACTIVADO para ETHUSDT en asian
2025-10-17 18:04:36 | INFO | sicar.main | 📢 ALERTA SESSION_WINDOW: 🚨 VENTANA CRÍTICA ACTIVA: Sesión Asiática (19:00-19:05)
2025-10-17 18:04:36 | INFO | sicar.main | 📢 ALERTA SESSION_BREAKOUT: 🔥 MODO ULTRA-SENSIBLE ACTIVADO para BTCUSDT en asian
2025-10-17 18:04:36 | INFO | sicar.main | 📢 ALERTA FORCED_BREAKOUT: 🚨 BREAKOUT FORZADO en BTCUSDT: 0.296% durante asian
2025-10-17 18:04:36 | INFO | sicar.main | 📢 ALERTA SESSION_WINDOW: 🚨 VENTANA CRÍTICA ACTIVA: Sesión Asiática (19:00-19:05)
2025-10-17 18:04:36 | INFO | sicar.main | 📢 ALERTA SCALPING_REJECTED: ❌ Scalping rechazado para BTCUSDT: límites alcanzados o condiciones no cumplidas
2025-10-17 18:04:36 | INFO | sicar.main | 🚨 ALERTA STRONG_BREAKOUT: BTCUSDT - BULLISH breakout detectado (Confianza: 6000.0%, Fuerza: very_strong)
2025-10-17 18:04:36 | INFO | sicar.main | 📢 ALERTA SESSION_WINDOW: 🚨 VENTANA CRÍTICA ACTIVA: Sesión Asiática (19:00-19:05)
2025-10-17 18:04:36 | INFO | sicar.main | 📢 ALERTA SESSION_BREAKOUT: 🔥 MODO ULTRA-SENSIBLE ACTIVADO para ADAUSDT en asian
2025-10-17 18:04:46 | INFO | sicar.main | 📢 ALERTA SESSION_WINDOW: 🚨 VENTANA CRÍTICA ACTIVA: Sesión Asiática (19:00-19:05)
2025-10-17 18:04:46 | INFO | sicar.main | 📢 ALERTA SESSION_DETECTION: 🔥 DETECCIÓN ACELERADA: cada 10s durante asian
2025-10-17 18:04:46 | INFO | sicar.main | 📢 ALERTA SESSION_WINDOW: 🚨 VENTANA CRÍTICA ACTIVA: Sesión Asiática (19:00-19:05)
2025-10-17 18:04:46 | INFO | sicar.main | 📢 ALERTA SESSION_BREAKOUT: 🔥 MODO ULTRA-SENSIBLE ACTIVADO para ETHUSDT en asian
2025-10-17 18:04:46 | INFO | sicar.main | 📢 ALERTA SESSION_WINDOW: 🚨 VENTANA CRÍTICA ACTIVA: Sesión Asiática (19:00-19:05)
2025-10-17 18:04:46 | INFO | sicar.main | 📢 ALERTA SESSION_BREAKOUT: 🔥 MODO ULTRA-SENSIBLE ACTIVADO para BTCUSDT en asian
2025-10-17 18:04:46 | INFO | sicar.main | 📢 ALERTA FORCED_BREAKOUT: 🚨 BREAKOUT FORZADO en BTCUSDT: 0.078% durante asian
2025-10-17 18:04:46 | INFO | sicar.main | 📢 ALERTA FORCED_CRITERIA: 🚨 CRITERIOS FORZADOS para BTCUSDT en asian
2025-10-17 18:04:46 | INFO | sicar.main | 📢 ALERTA SESSION_WINDOW: 🚨 VENTANA CRÍTICA ACTIVA: Sesión Asiática (19:00-19:05)
2025-10-17 18:04:46 | INFO | sicar.main | 📢 ALERTA SESSION_BREAKOUT: 🔥 MODO ULTRA-SENSIBLE ACTIVADO para ADAUSDT en asian
2025-10-17 18:04:46 | INFO | sicar.main | 📢 ALERTA FORCED_BREAKOUT: 🚨 BREAKOUT FORZADO en ADAUSDT: -0.101% durante asian
2025-10-17 18:04:46 | INFO | sicar.main | 📢 ALERTA SESSION_WINDOW: 🚨 VENTANA CRÍTICA ACTIVA: Sesión Asiática (19:00-19:05)
2025-10-17 18:04:46 | INFO | sicar.main | 📢 ALERTA SCALPING_REJECTED: ❌ Scalping rechazado para ADAUSDT: límites alcanzados o condiciones no cumplidas
2025-10-17 18:04:47 | INFO | sicar.main | 🚨 ALERTA STRONG_BREAKOUT: ADAUSDT - BEARISH breakout detectado (Confianza: 6000.0%, Fuerza: very_strong)
2025-10-17 18:04:57 | INFO | sicar.main | 📢 ALERTA SESSION_WINDOW: 🚨 VENTANA CRÍTICA ACTIVA: Sesión Asiática (19:00-19:05)
2025-10-17 18:04:57 | INFO | sicar.main | 📢 ALERTA SESSION_DETECTION: 🔥 DETECCIÓN ACELERADA: cada 10s durante asian
2025-10-17 18:04:57 | INFO | sicar.main | 📢 ALERTA SESSION_WINDOW: 🚨 VENTANA CRÍTICA ACTIVA: Sesión Asiática (19:00-19:05)
2025-10-17 18:04:57 | INFO | sicar.main | 📢 ALERTA SESSION_BREAKOUT: 🔥 MODO ULTRA-SENSIBLE ACTIVADO para ETHUSDT en asian
2025-10-17 18:04:57 | INFO | sicar.main | 📢 ALERTA FORCED_BREAKOUT: 🚨 BREAKOUT FORZADO en ETHUSDT: 0.259% durante asian
2025-10-17 18:04:57 | INFO | sicar.main | 📢 ALERTA SESSION_WINDOW: 🚨 VENTANA CRÍTICA ACTIVA: Sesión Asiática (19:00-19:05)
2025-10-17 18:04:57 | INFO | sicar.main | 📢 ALERTA SCALPING_REJECTED: ❌ Scalping rechazado para ETHUSDT: límites alcanzados o condiciones no cumplidas
2025-10-17 18:04:57 | INFO | sicar.main | 🚨 ALERTA STRONG_BREAKOUT: ETHUSDT - BULLISH breakout detectado (Confianza: 6000.0%, Fuerza: very_strong)
2025-10-17 18:04:57 | INFO | sicar.main | 📢 ALERTA SESSION_WINDOW: 🚨 VENTANA CRÍTICA ACTIVA: Sesión Asiática (19:00-19:05)
2025-10-17 18:04:57 | INFO | sicar.main | 📢 ALERTA SESSION_BREAKOUT: 🔥 MODO ULTRA-SENSIBLE ACTIVADO para BTCUSDT en asian
2025-10-17 18:04:57 | INFO | sicar.main | 📢 ALERTA SESSION_WINDOW: 🚨 VENTANA CRÍTICA ACTIVA: Sesión Asiática (19:00-19:05)
2025-10-17 18:04:57 | INFO | sicar.main | 📢 ALERTA SESSION_BREAKOUT: 🔥 MODO ULTRA-SENSIBLE ACTIVADO para ADAUSDT en asian
2025-10-17 18:04:57 | INFO | sicar.main | 📢 ALERTA FORCED_BREAKOUT: 🚨 BREAKOUT FORZADO en ADAUSDT: -0.074% durante asian
2025-10-17 18:04:57 | INFO | sicar.main | 📢 ALERTA FORCED_CRITERIA: 🚨 CRITERIOS FORZADOS para ADAUSDT en asian
2025-10-17 18:05:07 | INFO | sicar.main | 📢 ALERTA SESSION_WINDOW: 🚨 VENTANA CRÍTICA ACTIVA: Sesión Asiática (19:00-19:05)
2025-10-17 18:05:07 | INFO | sicar.main | 📢 ALERTA SESSION_DETECTION: 🔥 DETECCIÓN ACELERADA: cada 10s durante asian
2025-10-17 18:05:07 | INFO | sicar.main | 📢 ALERTA SESSION_WINDOW: 🚨 VENTANA CRÍTICA ACTIVA: Sesión Asiática (19:00-19:05)
2025-10-17 18:05:07 | INFO | sicar.main | 📢 ALERTA SESSION_BREAKOUT: 🔥 MODO ULTRA-SENSIBLE ACTIVADO para ETHUSDT en asian
2025-10-17 18:05:07 | INFO | sicar.main | 📢 ALERTA FORCED_BREAKOUT: 🚨 BREAKOUT FORZADO en ETHUSDT: -0.189% durante asian
2025-10-17 18:05:07 | INFO | sicar.main | 📢 ALERTA SESSION_WINDOW: 🚨 VENTANA CRÍTICA ACTIVA: Sesión Asiática (19:00-19:05)
2025-10-17 18:05:07 | INFO | sicar.main | 📢 ALERTA SESSION_BREAKOUT: 🔥 MODO ULTRA-SENSIBLE ACTIVADO para BTCUSDT en asian
2025-10-17 18:05:07 | INFO | sicar.main | 📢 ALERTA FORCED_BREAKOUT: 🚨 BREAKOUT FORZADO en BTCUSDT: 0.331% durante asian
2025-10-17 18:05:07 | INFO | sicar.main | 📢 ALERTA SESSION_WINDOW: 🚨 VENTANA CRÍTICA ACTIVA: Sesión Asiática (19:00-19:05)
2025-10-17 18:05:07 | INFO | sicar.main | 📢 ALERTA SCALPING_REJECTED: ❌ Scalping rechazado para BTCUSDT: límites alcanzados o condiciones no cumplidas
2025-10-17 18:05:07 | INFO | sicar.main | 🚨 ALERTA STRONG_BREAKOUT: BTCUSDT - BULLISH breakout detectado (Confianza: 6000.0%, Fuerza: very_strong)
2025-10-17 18:05:07 | INFO | sicar.main | 📢 ALERTA SESSION_WINDOW: 🚨 VENTANA CRÍTICA ACTIVA: Sesión Asiática (19:00-19:05)
2025-10-17 18:05:07 | INFO | sicar.main | 📢 ALERTA SESSION_BREAKOUT: 🔥 MODO ULTRA-SENSIBLE ACTIVADO para ADAUSDT en asian
2025-10-17 18:05:17 | INFO | sicar.main | 📢 ALERTA SESSION_WINDOW: 🚨 VENTANA CRÍTICA ACTIVA: Sesión Asiática (19:00-19:05)
2025-10-17 18:05:17 | INFO | sicar.main | 📢 ALERTA SESSION_DETECTION: 🔥 DETECCIÓN ACELERADA: cada 10s durante asian
2025-10-17 18:05:17 | INFO | sicar.main | 📢 ALERTA SESSION_WINDOW: 🚨 VENTANA CRÍTICA ACTIVA: Sesión Asiática (19:00-19:05)
2025-10-17 18:05:17 | INFO | sicar.main | 📢 ALERTA SESSION_BREAKOUT: 🔥 MODO ULTRA-SENSIBLE ACTIVADO para ETHUSDT en asian
2025-10-17 18:05:17 | INFO | sicar.main | 📢 ALERTA FORCED_BREAKOUT: 🚨 BREAKOUT FORZADO en ETHUSDT: 0.087% durante asian
2025-10-17 18:05:17 | INFO | sicar.main | 📢 ALERTA FORCED_CRITERIA: 🚨 CRITERIOS FORZADOS para ETHUSDT en asian
2025-10-17 18:05:17 | INFO | sicar.main | 📢 ALERTA SESSION_WINDOW: 🚨 VENTANA CRÍTICA ACTIVA: Sesión Asiática (19:00-19:05)
2025-10-17 18:05:17 | INFO | sicar.main | 📢 ALERTA SCALPING_REJECTED: ❌ Scalping rechazado para ETHUSDT: límites alcanzados o condiciones no cumplidas
2025-10-17 18:05:17 | INFO | sicar.main | 🚨 ALERTA STRONG_BREAKOUT: ETHUSDT - BULLISH breakout detectado (Confianza: 6000.0%, Fuerza: very_strong)
2025-10-17 18:05:17 | INFO | sicar.main | 📢 ALERTA SESSION_WINDOW: 🚨 VENTANA CRÍTICA ACTIVA: Sesión Asiática (19:00-19:05)
2025-10-17 18:05:17 | INFO | sicar.main | 📢 ALERTA SESSION_BREAKOUT: 🔥 MODO ULTRA-SENSIBLE ACTIVADO para BTCUSDT en asian
2025-10-17 18:05:17 | INFO | sicar.main | 📢 ALERTA FORCED_BREAKOUT: 🚨 BREAKOUT FORZADO en BTCUSDT: -0.460% durante asian
2025-10-17 18:05:17 | INFO | sicar.main | 📢 ALERTA SESSION_WINDOW: 🚨 VENTANA CRÍTICA ACTIVA: Sesión Asiática (19:00-19:05)
2025-10-17 18:05:17 | INFO | sicar.main | 📢 ALERTA SESSION_BREAKOUT: 🔥 MODO ULTRA-SENSIBLE ACTIVADO para ADAUSDT en asian
2025-10-17 18:05:27 | INFO | sicar.main | 📢 ALERTA SESSION_WINDOW: 🚨 VENTANA CRÍTICA ACTIVA: Sesión Asiática (19:00-19:05)
2025-10-17 18:05:27 | INFO | sicar.main | 📢 ALERTA SESSION_DETECTION: 🔥 DETECCIÓN ACELERADA: cada 10s durante asian
2025-10-17 18:05:27 | INFO | sicar.main | 📢 ALERTA SESSION_WINDOW: 🚨 VENTANA CRÍTICA ACTIVA: Sesión Asiática (19:00-19:05)
2025-10-17 18:05:27 | INFO | sicar.main | 📢 ALERTA SESSION_BREAKOUT: 🔥 MODO ULTRA-SENSIBLE ACTIVADO para ETHUSDT en asian
2025-10-17 18:05:27 | INFO | sicar.main | 📢 ALERTA SESSION_WINDOW: 🚨 VENTANA CRÍTICA ACTIVA: Sesión Asiática (19:00-19:05)
2025-10-17 18:05:27 | INFO | sicar.main | 📢 ALERTA SESSION_BREAKOUT: 🔥 MODO ULTRA-SENSIBLE ACTIVADO para BTCUSDT en asian
2025-10-17 18:05:27 | INFO | sicar.main | 📢 ALERTA FORCED_BREAKOUT: 🚨 BREAKOUT FORZADO en BTCUSDT: 0.055% durante asian
2025-10-17 18:05:27 | INFO | sicar.main | 📢 ALERTA FORCED_CRITERIA: 🚨 CRITERIOS FORZADOS para BTCUSDT en asian
2025-10-17 18:05:27 | INFO | sicar.main | 📢 ALERTA SESSION_WINDOW: 🚨 VENTANA CRÍTICA ACTIVA: Sesión Asiática (19:00-19:05)
2025-10-17 18:05:27 | INFO | sicar.main | 📢 ALERTA SCALPING_REJECTED: ❌ Scalping rechazado para BTCUSDT: límites alcanzados o condiciones no cumplidas
2025-10-17 18:05:27 | INFO | sicar.main | 🚨 ALERTA STRONG_BREAKOUT: BTCUSDT - BULLISH breakout detectado (Confianza: 6000.0%, Fuerza: very_strong)
2025-10-17 18:05:27 | INFO | sicar.main | 📢 ALERTA SESSION_WINDOW: 🚨 VENTANA CRÍTICA ACTIVA: Sesión Asiática (19:00-19:05)
2025-10-17 18:05:27 | INFO | sicar.main | 📢 ALERTA SESSION_BREAKOUT: 🔥 MODO ULTRA-SENSIBLE ACTIVADO para ADAUSDT en asian
2025-10-17 18:05:37 | INFO | sicar.main | 📢 ALERTA SESSION_WINDOW: 🚨 VENTANA CRÍTICA ACTIVA: Sesión Asiática (19:00-19:05)
2025-10-17 18:05:37 | INFO | sicar.main | 📢 ALERTA SESSION_DETECTION: 🔥 DETECCIÓN ACELERADA: cada 10s durante asian
2025-10-17 18:05:37 | INFO | sicar.main | 📢 ALERTA SESSION_WINDOW: 🚨 VENTANA CRÍTICA ACTIVA: Sesión Asiática (19:00-19:05)
2025-10-17 18:05:37 | INFO | sicar.main | 📢 ALERTA SESSION_BREAKOUT: 🔥 MODO ULTRA-SENSIBLE ACTIVADO para ETHUSDT en asian
2025-10-17 18:05:37 | INFO | sicar.main | 📢 ALERTA SESSION_WINDOW: 🚨 VENTANA CRÍTICA ACTIVA: Sesión Asiática (19:00-19:05)
2025-10-17 18:05:37 | INFO | sicar.main | 📢 ALERTA SCALPING_REJECTED: ❌ Scalping rechazado para ETHUSDT: límites alcanzados o condiciones no cumplidas
2025-10-17 18:05:37 | INFO | sicar.main | 🚨 ALERTA STRONG_BREAKOUT: ETHUSDT - BULLISH breakout detectado (Confianza: 6000.0%, Fuerza: very_strong)
2025-10-17 18:05:37 | INFO | sicar.main | 📢 ALERTA SESSION_WINDOW: 🚨 VENTANA CRÍTICA ACTIVA: Sesión Asiática (19:00-19:05)
2025-10-17 18:05:37 | INFO | sicar.main | 📢 ALERTA SESSION_BREAKOUT: 🔥 MODO ULTRA-SENSIBLE ACTIVADO para BTCUSDT en asian
2025-10-17 18:05:37 | INFO | sicar.main | 📢 ALERTA FORCED_BREAKOUT: 🚨 BREAKOUT FORZADO en BTCUSDT: 0.161% durante asian
2025-10-17 18:05:37 | INFO | sicar.main | 📢 ALERTA SESSION_WINDOW: 🚨 VENTANA CRÍTICA ACTIVA: Sesión Asiática (19:00-19:05)
2025-10-17 18:05:37 | INFO | sicar.main | 📢 ALERTA SESSION_BREAKOUT: 🔥 MODO ULTRA-SENSIBLE ACTIVADO para ADAUSDT en asian
2025-10-17 18:05:37 | INFO | sicar.main | 📢 ALERTA SESSION_WINDOW: 🚨 VENTANA CRÍTICA ACTIVA: Sesión Asiática (19:00-19:05)
2025-10-17 18:05:37 | INFO | sicar.main | 📢 ALERTA SCALPING_REJECTED: ❌ Scalping rechazado para ADAUSDT: límites alcanzados o condiciones no cumplidas
2025-10-17 18:05:37 | INFO | sicar.main | 🚨 ALERTA STRONG_BREAKOUT: ADAUSDT - BULLISH breakout detectado (Confianza: 6000.0%, Fuerza: very_strong)
2025-10-17 18:05:47 | INFO | sicar.main | 📢 ALERTA SESSION_WINDOW: 🚨 VENTANA CRÍTICA ACTIVA: Sesión Asiática (19:00-19:05)
2025-10-17 18:05:47 | INFO | sicar.main | 📢 ALERTA SESSION_DETECTION: 🔥 DETECCIÓN ACELERADA: cada 10s durante asian
2025-10-17 18:05:47 | INFO | sicar.main | 📢 ALERTA SESSION_WINDOW: 🚨 VENTANA CRÍTICA ACTIVA: Sesión Asiática (19:00-19:05)
2025-10-17 18:05:47 | INFO | sicar.main | 📢 ALERTA SESSION_BREAKOUT: 🔥 MODO ULTRA-SENSIBLE ACTIVADO para ETHUSDT en asian
2025-10-17 18:05:47 | INFO | sicar.main | 📢 ALERTA FORCED_BREAKOUT: 🚨 BREAKOUT FORZADO en ETHUSDT: -0.076% durante asian
2025-10-17 18:05:47 | INFO | sicar.main | 📢 ALERTA FORCED_CRITERIA: 🚨 CRITERIOS FORZADOS para ETHUSDT en asian
2025-10-17 18:05:47 | INFO | sicar.main | 📢 ALERTA SESSION_WINDOW: 🚨 VENTANA CRÍTICA ACTIVA: Sesión Asiática (19:00-19:05)
2025-10-17 18:05:47 | INFO | sicar.main | 📢 ALERTA SESSION_BREAKOUT: 🔥 MODO ULTRA-SENSIBLE ACTIVADO para BTCUSDT en asian
2025-10-17 18:05:47 | INFO | sicar.main | 📢 ALERTA FORCED_BREAKOUT: 🚨 BREAKOUT FORZADO en BTCUSDT: -0.211% durante asian
2025-10-17 18:05:47 | INFO | sicar.main | 📢 ALERTA SESSION_WINDOW: 🚨 VENTANA CRÍTICA ACTIVA: Sesión Asiática (19:00-19:05)
2025-10-17 18:05:47 | INFO | sicar.main | 📢 ALERTA SCALPING_REJECTED: ❌ Scalping rechazado para BTCUSDT: límites alcanzados o condiciones no cumplidas
2025-10-17 18:05:47 | INFO | sicar.main | 🚨 ALERTA STRONG_BREAKOUT: BTCUSDT - BEARISH breakout detectado (Confianza: 6000.0%, Fuerza: very_strong)
2025-10-17 18:05:47 | INFO | sicar.main | 📢 ALERTA SESSION_WINDOW: 🚨 VENTANA CRÍTICA ACTIVA: Sesión Asiática (19:00-19:05)
2025-10-17 18:05:47 | INFO | sicar.main | 📢 ALERTA SESSION_BREAKOUT: 🔥 MODO ULTRA-SENSIBLE ACTIVADO para ADAUSDT en asian
2025-10-17 18:05:47 | INFO | sicar.main | 📢 ALERTA GUARANTEE_ACTIVATION: 🚨 ACTIVANDO GARANTÍA DE BREAKOUT para ADAUSDT en asian
2025-10-17 18:05:47 | INFO | sicar.main | 📢 ALERTA NORMAL_BREAKOUT_ENHANCED: 📈 BREAKOUT NORMAL MEJORADO para ADAUSDT: 0.065% basado en análisis técnico en asian
2025-10-17 18:05:47 | INFO | sicar.main | 📢 ALERTA NORMAL_SESSION_BREAKOUT: ✅ BREAKOUT NORMAL generado para ADAUSDT en asian: bullish 0.065% volumen 1.20x confianza 65.6%
2025-10-17 18:05:57 | INFO | sicar.main | 📢 ALERTA SESSION_WINDOW: 🚨 VENTANA CRÍTICA ACTIVA: Sesión Asiática (19:00-19:05)
2025-10-17 18:05:57 | INFO | sicar.main | 📢 ALERTA SESSION_DETECTION: 🔥 DETECCIÓN ACELERADA: cada 10s durante asian
2025-10-17 18:05:57 | INFO | sicar.main | 📢 ALERTA SESSION_WINDOW: 🚨 VENTANA CRÍTICA ACTIVA: Sesión Asiática (19:00-19:05)
2025-10-17 18:05:57 | INFO | sicar.main | 📢 ALERTA SESSION_BREAKOUT: 🔥 MODO ULTRA-SENSIBLE ACTIVADO para ETHUSDT en asian
2025-10-17 18:05:57 | INFO | sicar.main | 📢 ALERTA SESSION_WINDOW: 🚨 VENTANA CRÍTICA ACTIVA: Sesión Asiática (19:00-19:05)
2025-10-17 18:05:57 | INFO | sicar.main | 📢 ALERTA SCALPING_REJECTED: ❌ Scalping rechazado para ETHUSDT: límites alcanzados o condiciones no cumplidas
2025-10-17 18:05:57 | INFO | sicar.main | 🚨 ALERTA STRONG_BREAKOUT: ETHUSDT - BULLISH breakout detectado (Confianza: 6000.0%, Fuerza: very_strong)
2025-10-17 18:05:57 | INFO | sicar.main | 📢 ALERTA SESSION_WINDOW: 🚨 VENTANA CRÍTICA ACTIVA: Sesión Asiática (19:00-19:05)
2025-10-17 18:05:57 | INFO | sicar.main | 📢 ALERTA SESSION_BREAKOUT: 🔥 MODO ULTRA-SENSIBLE ACTIVADO para BTCUSDT en asian
2025-10-17 18:05:57 | INFO | sicar.main | 📢 ALERTA FORCED_BREAKOUT: 🚨 BREAKOUT FORZADO en BTCUSDT: 0.348% durante asian
2025-10-17 18:05:57 | INFO | sicar.main | 📢 ALERTA SESSION_WINDOW: 🚨 VENTANA CRÍTICA ACTIVA: Sesión Asiática (19:00-19:05)
2025-10-17 18:05:57 | INFO | sicar.main | 📢 ALERTA SESSION_BREAKOUT: 🔥 MODO ULTRA-SENSIBLE ACTIVADO para ADAUSDT en asian
2025-10-17 18:05:57 | INFO | sicar.main | 📢 ALERTA SESSION_WINDOW: 🚨 VENTANA CRÍTICA ACTIVA: Sesión Asiática (19:00-19:05)
2025-10-17 18:05:57 | INFO | sicar.main | 📢 ALERTA SCALPING_REJECTED: ❌ Scalping rechazado para ADAUSDT: límites alcanzados o condiciones no cumplidas
2025-10-17 18:05:57 | INFO | sicar.main | 🚨 ALERTA STRONG_BREAKOUT: ADAUSDT - BULLISH breakout detectado (Confianza: 6000.0%, Fuerza: very_strong)
2025-10-17 18:29:09 | INFO | sicar.main | 📢 ALERTA SCALPING_CONFIDENCE_LOW: ⏸️ Confianza insuficiente para scalping ETHUSDT: 0.5% < 50.0%
2025-10-17 18:29:09 | INFO | sicar.main | ⚠️ ALERTA STRONG_BREAKOUT: ETHUSDT - BULLISH breakout detectado (Confianza: 51.2%, Fuerza: strong)
2025-10-17 18:44:40 | INFO | sicar.main | 📢 ALERTA SCALPING_CONFIDENCE_LOW: ⏸️ Confianza insuficiente para scalping BTCUSDT: 0.7% < 50.0%
2025-10-17 18:44:40 | INFO | sicar.main | 🚨 ALERTA STRONG_BREAKOUT: BTCUSDT - BEARISH breakout detectado (Confianza: 72.1%, Fuerza: very_strong)
2025-10-17 18:45:10 | INFO | sicar.main | 📢 ALERTA SCALPING_CONFIDENCE_LOW: ⏸️ Confianza insuficiente para scalping BTCUSDT: 0.5% < 50.0%
2025-10-17 18:45:10 | INFO | sicar.main | ⚠️ ALERTA STRONG_BREAKOUT: BTCUSDT - BEARISH breakout detectado (Confianza: 52.3%, Fuerza: strong)
2025-10-17 18:45:31 | INFO | sicar.main | 🔄 SYNC LOAD: ✅ ÉXITO
2025-10-17 18:45:31 | INFO | sicar.main |    Detalles: Datos cargados: 15 campos
2025-10-17 18:45:32 | INFO | sicar.main | 📢 ALERTA SCALPING_INIT: ScalpingEngine inicializado correctamente
2025-10-17 18:45:34 | INFO | sicar.main | 📢 ALERTA SCALPING_INIT: ScalpingEngine inicializado correctamente
2025-10-17 18:45:34 | INFO | sicar.main | 📢 ALERTA PAPER_TRADING: Motor de paper trading inicializado con $200.00
2025-10-17 18:45:35 | INFO | sicar.main | 📢 ALERTA OBSERVER_ADDED: Observador agregado al detector de breakouts
2025-10-17 18:45:35 | INFO | sicar.main | 🔄 SYNC AUTO_SYNC: ✅ ÉXITO
2025-10-17 18:45:35 | INFO | sicar.main |    Detalles: Sincronización automática iniciada
2025-10-17 18:45:35 | INFO | sicar.main | 📢 ALERTA BREAKOUT_DETECTOR: 🚀 Iniciando bucle de detección de breakouts OPTIMIZADO
2025-10-17 18:45:35 | INFO | sicar.main | 📢 ALERTA BREAKOUT_DETECTOR: Detector de breakouts iniciado
2025-10-17 18:45:35 | INFO | sicar.main | 📢 ALERTA SCALPING_START: ScalpingEngine iniciado con el detector
2025-10-17 18:45:35 | INFO | sicar.main | 📢 ALERTA DASHBOARD: Dashboard mejorado iniciado correctamente
2025-10-17 18:56:35 | INFO | sicar.main | 📢 ALERTA SCALPING_CONFIDENCE_LOW: ⏸️ Confianza insuficiente para scalping BTCUSDT: 0.6% < 50.0%
2025-10-17 18:56:35 | INFO | sicar.main | ⚠️ ALERTA STRONG_BREAKOUT: BTCUSDT - BEARISH breakout detectado (Confianza: 61.4%, Fuerza: strong)
2025-10-17 19:08:36 | INFO | sicar.main | 📢 ALERTA SCALPING_CONFIDENCE_LOW: ⏸️ Confianza insuficiente para scalping ETHUSDT: 0.5% < 50.0%
2025-10-17 19:08:36 | INFO | sicar.main | ⚠️ ALERTA STRONG_BREAKOUT: ETHUSDT - BULLISH breakout detectado (Confianza: 54.1%, Fuerza: strong)
2025-10-17 19:14:19 | INFO | sicar.main | 🔄 SYNC LOAD: ✅ ÉXITO
2025-10-17 19:14:19 | INFO | sicar.main |    Detalles: Datos cargados: 15 campos
2025-10-17 19:14:19 | INFO | sicar.main | 📢 ALERTA SCALPING_INIT: ScalpingEngine inicializado correctamente
2025-10-17 19:14:21 | INFO | sicar.main | 📢 ALERTA SCALPING_INIT: ScalpingEngine inicializado correctamente
2025-10-17 19:14:21 | INFO | sicar.main | 📢 ALERTA PAPER_TRADING: Motor de paper trading inicializado con $200.00
2025-10-17 19:14:22 | INFO | sicar.main | 📢 ALERTA OBSERVER_ADDED: Observador agregado al detector de breakouts
2025-10-17 19:14:22 | INFO | sicar.main | 🔄 SYNC AUTO_SYNC: ✅ ÉXITO
2025-10-17 19:14:22 | INFO | sicar.main |    Detalles: Sincronización automática iniciada
2025-10-17 19:14:22 | INFO | sicar.main | 📢 ALERTA BREAKOUT_DETECTOR: 🚀 Iniciando bucle de detección de breakouts OPTIMIZADO
2025-10-17 19:14:22 | INFO | sicar.main | 📢 ALERTA BREAKOUT_DETECTOR: Detector de breakouts iniciado
2025-10-17 19:14:22 | INFO | sicar.main | 📢 ALERTA SCALPING_START: ScalpingEngine iniciado con el detector
2025-10-17 19:14:22 | INFO | sicar.main | 📢 ALERTA DASHBOARD: Dashboard mejorado iniciado correctamente
2025-10-17 19:37:24 | INFO | sicar.main | 🔄 SYNC LOAD: ✅ ÉXITO
2025-10-17 19:37:24 | INFO | sicar.main |    Detalles: Datos cargados: 15 campos
2025-10-17 19:37:24 | INFO | sicar.main | 📢 ALERTA SCALPING_INIT: ScalpingEngine inicializado correctamente
2025-10-17 19:37:26 | INFO | sicar.main | 📢 ALERTA SCALPING_INIT: ScalpingEngine inicializado correctamente
2025-10-17 19:37:26 | INFO | sicar.main | 📢 ALERTA PAPER_TRADING: Motor de paper trading inicializado con $200.00
2025-10-17 19:37:27 | INFO | sicar.main | 📢 ALERTA OBSERVER_ADDED: Observador agregado al detector de breakouts
2025-10-17 19:37:27 | INFO | sicar.main | 🔄 SYNC AUTO_SYNC: ✅ ÉXITO
2025-10-17 19:37:27 | INFO | sicar.main |    Detalles: Sincronización automática iniciada
2025-10-17 19:37:27 | INFO | sicar.main | 📢 ALERTA BREAKOUT_DETECTOR: 🚀 Iniciando bucle de detección de breakouts OPTIMIZADO
2025-10-17 19:37:27 | INFO | sicar.main | 📢 ALERTA BREAKOUT_DETECTOR: Detector de breakouts iniciado
2025-10-17 19:37:27 | INFO | sicar.main | 📢 ALERTA SCALPING_START: ScalpingEngine iniciado con el detector
2025-10-17 19:37:27 | INFO | sicar.main | 📢 ALERTA DASHBOARD: Dashboard mejorado iniciado correctamente
2025-10-17 19:47:29 | INFO | sicar.main | 📢 ALERTA SCALPING_INIT: ScalpingEngine inicializado correctamente
2025-10-17 19:49:47 | INFO | sicar.main | 📢 ALERTA SCALPING_INIT: ScalpingEngine inicializado correctamente
2025-10-17 19:50:19 | INFO | sicar.main | 📢 ALERTA SCALPING_INIT: ScalpingEngine inicializado correctamente
2025-10-17 19:50:57 | INFO | sicar.main | 📢 ALERTA SCALPING_INIT: ScalpingEngine inicializado correctamente
2025-10-17 19:51:48 | INFO | sicar.main | 📢 ALERTA SCALPING_INIT: ScalpingEngine inicializado correctamente
2025-10-17 19:56:28 | INFO | sicar.main | 📢 ALERTA SCALPING_CONFIDENCE_LOW: ⏸️ Confianza insuficiente para scalping BTCUSDT: 0.5% < 50.0%
2025-10-17 19:56:28 | INFO | sicar.main | ⚠️ ALERTA STRONG_BREAKOUT: BTCUSDT - BEARISH breakout detectado (Confianza: 51.2%, Fuerza: strong)
2025-10-17 19:59:20 | INFO | sicar.main | 📢 ALERTA SCALPING_INIT: ScalpingEngine inicializado correctamente
2025-10-17 20:00:00 | INFO | sicar.main | 📢 ALERTA SCALPING_INIT: ScalpingEngine inicializado correctamente
2025-10-17 20:02:04 | INFO | sicar.main | 📢 ALERTA SCALPING_INIT: ScalpingEngine inicializado correctamente
2025-10-17 20:02:55 | INFO | sicar.main | 📢 ALERTA SCALPING_INIT: ScalpingEngine inicializado correctamente
2025-10-17 20:04:28 | INFO | sicar.main | 📢 ALERTA SCALPING_CONFIDENCE_LOW: ⏸️ Confianza insuficiente para scalping ADAUSDT: 0.5% < 50.0%
2025-10-17 20:04:28 | INFO | sicar.main | ⚠️ ALERTA STRONG_BREAKOUT: ADAUSDT - BULLISH breakout detectado (Confianza: 54.5%, Fuerza: strong)
2025-10-17 20:04:53 | INFO | sicar.main | 📢 ALERTA SCALPING_INIT: ScalpingEngine inicializado correctamente
2025-10-17 20:05:24 | INFO | sicar.main | 📢 ALERTA SCALPING_INIT: ScalpingEngine inicializado correctamente
2025-10-17 20:05:28 | INFO | sicar.main | 📢 ALERTA SCALPING_CONFIDENCE_LOW: ⏸️ Confianza insuficiente para scalping ETHUSDT: 0.5% < 50.0%
2025-10-17 20:05:29 | INFO | sicar.main | ⚠️ ALERTA STRONG_BREAKOUT: ETHUSDT - BEARISH breakout detectado (Confianza: 54.5%, Fuerza: strong)
2025-10-17 20:06:02 | INFO | sicar.main | 📢 ALERTA SCALPING_INIT: ScalpingEngine inicializado correctamente
2025-10-17 20:06:02 | INFO | sicar.main | 📢 ALERTA SCALPING_INIT: ScalpingEngine inicializado correctamente
2025-10-17 20:06:37 | INFO | sicar.main | 📢 ALERTA SCALPING_INIT: ScalpingEngine inicializado correctamente
2025-10-17 20:06:37 | INFO | sicar.main | 📢 ALERTA SCALPING_INIT: ScalpingEngine inicializado correctamente
2025-10-17 20:06:37 | INFO | sicar.main | 📢 ALERTA SCALPING_INIT: ScalpingEngine inicializado correctamente
2025-10-17 20:07:51 | INFO | sicar.main | 📢 ALERTA SCALPING_INIT: ScalpingEngine inicializado correctamente
2025-10-17 20:07:51 | INFO | sicar.main | 📢 ALERTA SCALPING_INIT: ScalpingEngine inicializado correctamente
2025-10-17 20:08:54 | INFO | sicar.main | 📢 ALERTA SCALPING_INIT: ScalpingEngine inicializado correctamente
2025-10-17 20:08:54 | INFO | sicar.main | 📢 ALERTA SCALPING_INIT: ScalpingEngine inicializado correctamente
2025-10-17 20:10:06 | INFO | sicar.main | 📢 ALERTA SCALPING_INIT: ScalpingEngine inicializado correctamente
2025-10-17 20:10:06 | INFO | sicar.main | 📢 ALERTA SCALPING_INIT: ScalpingEngine inicializado correctamente
2025-10-17 20:11:17 | INFO | sicar.main | 📢 ALERTA SCALPING_INIT: ScalpingEngine inicializado correctamente
2025-10-17 20:11:17 | INFO | sicar.main | 📢 ALERTA SCALPING_INIT: ScalpingEngine inicializado correctamente
2025-10-17 20:12:43 | INFO | sicar.main | 📢 ALERTA SCALPING_INIT: ScalpingEngine inicializado correctamente
2025-10-17 20:12:43 | INFO | sicar.main | 📢 ALERTA SCALPING_INIT: ScalpingEngine inicializado correctamente
2025-10-17 20:13:29 | INFO | sicar.main | 📢 ALERTA SCALPING_INIT: ScalpingEngine inicializado correctamente
2025-10-17 20:13:29 | INFO | sicar.main | 📢 ALERTA SCALPING_INIT: ScalpingEngine inicializado correctamente
2025-10-17 20:13:54 | INFO | sicar.main | 📢 ALERTA PRICE_UPDATE: Datos actualizados para BTCUSDT: $45000.00, Vol: 1000
2025-10-17 20:15:09 | INFO | sicar.main | 📢 ALERTA SCALPING_INIT: ScalpingEngine inicializado correctamente
2025-10-17 20:15:09 | INFO | sicar.main | 📢 ALERTA SCALPING_INIT: ScalpingEngine inicializado correctamente
2025-10-17 20:15:33 | INFO | sicar.main | 📢 ALERTA PRICE_UPDATE: Datos actualizados para BTCUSDT: $45000.00, Vol: 1000
2025-10-17 20:16:45 | INFO | sicar.main | 📢 ALERTA SCALPING_INIT: ScalpingEngine inicializado correctamente
2025-10-17 20:16:45 | INFO | sicar.main | 📢 ALERTA SCALPING_INIT: ScalpingEngine inicializado correctamente
2025-10-17 20:17:09 | INFO | sicar.main | 📢 ALERTA PRICE_UPDATE: Datos actualizados para BTCUSDT: $45000.00, Vol: 1000
2025-10-17 20:17:58 | INFO | sicar.main | 📢 ALERTA SCALPING_INIT: ScalpingEngine inicializado correctamente
2025-10-17 20:17:58 | INFO | sicar.main | 📢 ALERTA SCALPING_INIT: ScalpingEngine inicializado correctamente
2025-10-17 20:18:23 | INFO | sicar.main | 📢 ALERTA PRICE_UPDATE: Datos actualizados para BTCUSDT: $45000.00, Vol: 1000
2025-10-17 20:22:32 | INFO | sicar.main | 📢 ALERTA SCALPING_INIT: ScalpingEngine inicializado correctamente
2025-10-17 20:22:32 | INFO | sicar.main | 📢 ALERTA SCALPING_INIT: ScalpingEngine inicializado correctamente
2025-10-17 20:23:12 | INFO | sicar.main | 📢 ALERTA SCALPING_INIT: ScalpingEngine inicializado correctamente
2025-10-17 20:23:12 | INFO | sicar.main | 📢 ALERTA SCALPING_INIT: ScalpingEngine inicializado correctamente
2025-10-17 20:24:49 | INFO | sicar.main | 📢 ALERTA SCALPING_INIT: ScalpingEngine inicializado correctamente
2025-10-17 20:24:49 | INFO | sicar.main | 📢 ALERTA SCALPING_INIT: ScalpingEngine inicializado correctamente
2025-10-17 20:24:53 | INFO | sicar.main | 📢 ALERTA PRICE_UPDATE: Datos actualizados para BTCUSDT: $45000.00, Vol: 1000
2025-10-17 20:24:53 | INFO | sicar.main | 📢 ALERTA PRICE_UPDATE: Datos actualizados para BTCUSDT: $45000.00, Vol: 1000
2025-10-17 20:25:41 | INFO | sicar.main | 📢 ALERTA SCALPING_INIT: ScalpingEngine inicializado correctamente
2025-10-17 20:25:41 | INFO | sicar.main | 📢 ALERTA SCALPING_INIT: ScalpingEngine inicializado correctamente
2025-10-17 20:25:45 | INFO | sicar.main | 📢 ALERTA PRICE_UPDATE: Datos actualizados para BTCUSDT: $45000.00, Vol: 1000
2025-10-17 20:25:45 | INFO | sicar.main | 📢 ALERTA PRICE_UPDATE: Datos actualizados para BTCUSDT: $45000.00, Vol: 1000
2025-10-17 20:26:27 | INFO | sicar.main | 📢 ALERTA SCALPING_INIT: ScalpingEngine inicializado correctamente
2025-10-17 20:26:28 | INFO | sicar.main | 📢 ALERTA SCALPING_INIT: ScalpingEngine inicializado correctamente
2025-10-17 20:26:32 | INFO | sicar.main | 📢 ALERTA PRICE_UPDATE: Datos actualizados para BTCUSDT: $45000.00, Vol: 1000
2025-10-17 20:26:32 | INFO | sicar.main | 📢 ALERTA PRICE_UPDATE: Datos actualizados para BTCUSDT: $45000.00, Vol: 1000
2025-10-17 20:27:31 | INFO | sicar.main | 📢 ALERTA SCALPING_INIT: ScalpingEngine inicializado correctamente
2025-10-17 20:27:31 | INFO | sicar.main | 📢 ALERTA SCALPING_INIT: ScalpingEngine inicializado correctamente
2025-10-17 20:27:35 | INFO | sicar.main | 📢 ALERTA PRICE_UPDATE: Datos actualizados para BTCUSDT: $45000.00, Vol: 1000
2025-10-17 20:27:35 | INFO | sicar.main | 📢 ALERTA PRICE_UPDATE: Datos actualizados para BTCUSDT: $45000.00, Vol: 1000
2025-10-17 20:28:21 | INFO | sicar.main | 📢 ALERTA SCALPING_INIT: ScalpingEngine inicializado correctamente
2025-10-17 20:28:21 | INFO | sicar.main | 📢 ALERTA SCALPING_INIT: ScalpingEngine inicializado correctamente
2025-10-17 20:28:49 | INFO | sicar.main | 📢 ALERTA SCALPING_INIT: ScalpingEngine inicializado correctamente
2025-10-17 20:28:49 | INFO | sicar.main | 📢 ALERTA SCALPING_INIT: ScalpingEngine inicializado correctamente
2025-10-17 20:29:11 | INFO | sicar.main | 📢 ALERTA SCALPING_INIT: ScalpingEngine inicializado correctamente
2025-10-17 20:29:11 | INFO | sicar.main | 📢 ALERTA SCALPING_INIT: ScalpingEngine inicializado correctamente
2025-10-17 20:29:15 | INFO | sicar.main | 📢 ALERTA PRICE_UPDATE: Datos actualizados para BTCUSDT: $45000.00, Vol: 1000
2025-10-17 20:29:15 | INFO | sicar.main | 📢 ALERTA PRICE_UPDATE: Datos actualizados para BTCUSDT: $45000.00, Vol: 1000
2025-10-17 20:29:59 | INFO | sicar.main | 📢 ALERTA SCALPING_INIT: ScalpingEngine inicializado correctamente
2025-10-17 20:29:59 | INFO | sicar.main | 📢 ALERTA SCALPING_INIT: ScalpingEngine inicializado correctamente
2025-10-17 20:30:03 | INFO | sicar.main | 📢 ALERTA PRICE_UPDATE: Datos actualizados para BTCUSDT: $45000.00, Vol: 1000
2025-10-17 20:30:03 | INFO | sicar.main | 📢 ALERTA PRICE_UPDATE: Datos actualizados para BTCUSDT: $45000.00, Vol: 1000
2025-10-17 20:30:46 | INFO | sicar.main | 📢 ALERTA SCALPING_INIT: ScalpingEngine inicializado correctamente
2025-10-17 20:30:46 | INFO | sicar.main | 📢 ALERTA SCALPING_INIT: ScalpingEngine inicializado correctamente
2025-10-17 20:30:50 | INFO | sicar.main | 📢 ALERTA PRICE_UPDATE: Datos actualizados para BTCUSDT: $45000.00, Vol: 1000
2025-10-17 20:30:50 | INFO | sicar.main | 📢 ALERTA PRICE_UPDATE: Datos actualizados para BTCUSDT: $45000.00, Vol: 1000
2025-10-17 20:31:30 | INFO | sicar.main | 📢 ALERTA SCALPING_INIT: ScalpingEngine inicializado correctamente
2025-10-17 20:31:30 | INFO | sicar.main | 📢 ALERTA SCALPING_INIT: ScalpingEngine inicializado correctamente
2025-10-17 20:31:34 | INFO | sicar.main | 📢 ALERTA PRICE_UPDATE: Datos actualizados para BTCUSDT: $45000.00, Vol: 1000
2025-10-17 20:31:34 | INFO | sicar.main | 📢 ALERTA PRICE_UPDATE: Datos actualizados para BTCUSDT: $45000.00, Vol: 1000
2025-10-17 20:32:00 | INFO | sicar.main | 📢 ALERTA SCALPING_CONFIDENCE_LOW: ⏸️ Confianza insuficiente para scalping ETHUSDT: 0.6% < 50.0%
2025-10-17 20:32:00 | INFO | sicar.main | ⚠️ ALERTA STRONG_BREAKOUT: ETHUSDT - BEARISH breakout detectado (Confianza: 58.1%, Fuerza: strong)
2025-10-17 20:32:00 | INFO | sicar.main | 📢 ALERTA SCALPING_CONFIDENCE_LOW: ⏸️ Confianza insuficiente para scalping BTCUSDT: 0.6% < 50.0%
2025-10-17 20:32:00 | INFO | sicar.main | ⚠️ ALERTA STRONG_BREAKOUT: BTCUSDT - BULLISH breakout detectado (Confianza: 58.5%, Fuerza: strong)
2025-10-17 20:41:03 | INFO | sicar.main | 🔄 SYNC LOAD: ✅ ÉXITO
2025-10-17 20:41:03 | INFO | sicar.main |    Detalles: Datos cargados: 15 campos
2025-10-17 20:41:04 | INFO | sicar.main | 📢 ALERTA SCALPING_INIT: ScalpingEngine inicializado correctamente
2025-10-17 20:41:06 | INFO | sicar.main | 📢 ALERTA SCALPING_INIT: ScalpingEngine inicializado correctamente
2025-10-17 20:41:06 | INFO | sicar.main | 📢 ALERTA PAPER_TRADING: Motor de paper trading inicializado con $200.00
2025-10-17 20:41:07 | INFO | sicar.main | 📢 ALERTA OBSERVER_ADDED: Observador agregado al detector de breakouts
2025-10-17 20:41:07 | INFO | sicar.main | 🔄 SYNC AUTO_SYNC: ✅ ÉXITO
2025-10-17 20:41:07 | INFO | sicar.main |    Detalles: Sincronización automática iniciada
2025-10-17 20:41:07 | INFO | sicar.main | 📢 ALERTA BREAKOUT_DETECTOR: 🚀 Iniciando bucle de detección de breakouts OPTIMIZADO
2025-10-17 20:41:07 | INFO | sicar.main | 📢 ALERTA BREAKOUT_DETECTOR: Detector de breakouts iniciado
2025-10-17 20:41:07 | INFO | sicar.main | 📢 ALERTA SCALPING_START: ScalpingEngine iniciado con el detector
2025-10-17 20:41:07 | INFO | sicar.main | 📢 ALERTA DASHBOARD: Dashboard mejorado iniciado correctamente
2025-10-17 20:48:11 | INFO | sicar.main | 📢 ALERTA SENSITIVITY_UPDATE: Sensibilidad actualizada a 60.7%
2025-10-17 20:48:11 | INFO | sicar.main | 🔄 SYNC UPDATE: ✅ ÉXITO
2025-10-17 20:48:11 | INFO | sicar.main |    Detalles: Campos actualizados: ['initial_capital', 'current_capital', 'total_trades', 'auto_trading']
2025-10-17 20:58:21 | INFO | sicar.main | 🔄 SYNC LOAD: ✅ ÉXITO
2025-10-17 20:58:21 | INFO | sicar.main |    Detalles: Datos cargados: 15 campos
2025-10-17 21:01:30 | INFO | sicar.main | 🔄 SYNC LOAD: ✅ ÉXITO
2025-10-17 21:01:30 | INFO | sicar.main |    Detalles: Datos cargados: 15 campos
2025-10-17 21:01:31 | INFO | sicar.main | 📢 ALERTA SCALPING_INIT: ScalpingEngine inicializado correctamente
2025-10-17 21:01:34 | INFO | sicar.main | 📢 ALERTA SCALPING_INIT: ScalpingEngine inicializado correctamente
2025-10-17 21:01:34 | INFO | sicar.main | 📢 ALERTA PAPER_TRADING: Motor de paper trading inicializado con $200.00
2025-10-17 21:01:35 | INFO | sicar.main | 📢 ALERTA OBSERVER_ADDED: Observador agregado al detector de breakouts
2025-10-17 21:01:35 | INFO | sicar.main | 🔄 SYNC AUTO_SYNC: ✅ ÉXITO
2025-10-17 21:01:35 | INFO | sicar.main |    Detalles: Sincronización automática iniciada
2025-10-17 21:01:35 | INFO | sicar.main | 📢 ALERTA BREAKOUT_DETECTOR: 🚀 Iniciando bucle de detección de breakouts OPTIMIZADO
2025-10-17 21:01:35 | INFO | sicar.main | 📢 ALERTA BREAKOUT_DETECTOR: Detector de breakouts iniciado
2025-10-17 21:01:35 | INFO | sicar.main | 📢 ALERTA SCALPING_START: ScalpingEngine iniciado con el detector
2025-10-17 21:01:35 | INFO | sicar.main | 📢 ALERTA DASHBOARD: Dashboard mejorado iniciado correctamente
2025-10-17 21:09:05 | INFO | sicar.main | 🚨 ALERTA SCALPING_ACTIVATED: 🚀 SCALPING AUTOMÁTICO: BTCUSDT BULLISH (Confianza: 0.6%, Precio: $2023.5392)
2025-10-17 21:09:05 | INFO | sicar.main | 🚨 ALERTA STRONG_BREAKOUT: BTCUSDT - BULLISH breakout detectado (Confianza: 63.2%, Fuerza: very_strong)
2025-10-17 21:22:55 | INFO | sicar.main | 🔄 SYNC LOAD: ✅ ÉXITO
2025-10-17 21:22:55 | INFO | sicar.main |    Detalles: Datos cargados: 15 campos
2025-10-17 21:22:56 | INFO | sicar.main | 📢 ALERTA SCALPING_INIT: ScalpingEngine inicializado correctamente
2025-10-17 21:22:58 | INFO | sicar.main | 📢 ALERTA SCALPING_INIT: ScalpingEngine inicializado correctamente
2025-10-17 21:22:58 | INFO | sicar.main | 📢 ALERTA PAPER_TRADING: Motor de paper trading inicializado con $200.00
2025-10-17 21:22:58 | INFO | sicar.main | 📢 ALERTA SCALPING_INIT: ScalpingEngine inicializado correctamente
2025-10-17 21:22:59 | INFO | sicar.main | 📢 ALERTA OBSERVER_ADDED: Observador agregado al detector de breakouts
2025-10-17 21:22:59 | INFO | sicar.main | 🔄 SYNC AUTO_SYNC: ✅ ÉXITO
2025-10-17 21:22:59 | INFO | sicar.main |    Detalles: Sincronización automática iniciada
2025-10-17 21:22:59 | INFO | sicar.main | 📢 ALERTA BREAKOUT_DETECTOR: 🚀 Iniciando bucle de detección de breakouts OPTIMIZADO
2025-10-17 21:22:59 | INFO | sicar.main | 📢 ALERTA BREAKOUT_DETECTOR: Detector de breakouts iniciado
2025-10-17 21:22:59 | INFO | sicar.main | 📢 ALERTA SCALPING_START: ScalpingEngine iniciado con el detector
2025-10-17 21:22:59 | INFO | sicar.main | 📢 ALERTA DASHBOARD: Dashboard mejorado iniciado correctamente
2025-10-17 21:39:44 | INFO | sicar.main | 🔄 SYNC LOAD: ✅ ÉXITO
2025-10-17 21:39:44 | INFO | sicar.main |    Detalles: Datos cargados: 15 campos
2025-10-17 21:39:45 | INFO | sicar.main | 📢 ALERTA SCALPING_INIT: ScalpingEngine inicializado correctamente
2025-10-17 21:39:47 | INFO | sicar.main | 📢 ALERTA SCALPING_INIT: ScalpingEngine inicializado correctamente
2025-10-17 21:39:47 | INFO | sicar.main | 📢 ALERTA PAPER_TRADING: Motor de paper trading inicializado con $200.00
2025-10-17 21:39:47 | INFO | sicar.main | 📢 ALERTA SCALPING_INIT: ScalpingEngine inicializado correctamente
2025-10-17 21:39:48 | INFO | sicar.main | 📢 ALERTA OBSERVER_ADDED: Observador agregado al detector de breakouts
2025-10-17 21:39:48 | INFO | sicar.main | 🔄 SYNC AUTO_SYNC: ✅ ÉXITO
2025-10-17 21:39:48 | INFO | sicar.main |    Detalles: Sincronización automática iniciada
2025-10-17 21:39:48 | INFO | sicar.main | 📢 ALERTA BREAKOUT_DETECTOR: 🚀 Iniciando bucle de detección de breakouts OPTIMIZADO
2025-10-17 21:39:48 | INFO | sicar.main | 📢 ALERTA BREAKOUT_DETECTOR: Detector de breakouts iniciado
2025-10-17 21:39:48 | INFO | sicar.main | 📢 ALERTA SCALPING_START: ScalpingEngine iniciado con el detector
2025-10-17 21:39:48 | INFO | sicar.main | 📢 ALERTA DASHBOARD: Dashboard mejorado iniciado correctamente
2025-10-17 21:52:49 | INFO | sicar.main | 🚨 ALERTA SCALPING_ACTIVATED: 🚀 SCALPING AUTOMÁTICO: ETHUSDT BEARISH (Confianza: 0.6%, Precio: $1990.6608)
2025-10-17 21:52:49 | INFO | sicar.main | ⚠️ ALERTA STRONG_BREAKOUT: ETHUSDT - BEARISH breakout detectado (Confianza: 55.1%, Fuerza: strong)
2025-10-17 21:53:19 | INFO | sicar.main | 📢 ALERTA SCALPING_REJECTED: ❌ Scalping rechazado para ETHUSDT: límites alcanzados o condiciones no cumplidas
2025-10-17 21:53:19 | INFO | sicar.main | ⚠️ ALERTA STRONG_BREAKOUT: ETHUSDT - BEARISH breakout detectado (Confianza: 55.7%, Fuerza: strong)
2025-10-17 22:29:21 | INFO | sicar.main | 🚨 ALERTA SCALPING_ACTIVATED: 🚀 SCALPING AUTOMÁTICO: ADAUSDT BEARISH (Confianza: 0.6%, Precio: $1931.6157)
2025-10-17 22:29:21 | INFO | sicar.main | ⚠️ ALERTA STRONG_BREAKOUT: ADAUSDT - BEARISH breakout detectado (Confianza: 61.7%, Fuerza: strong)
2025-10-17 22:39:22 | INFO | sicar.main | 📢 ALERTA SCALPING_REJECTED: ❌ Scalping rechazado para ADAUSDT: límites alcanzados o condiciones no cumplidas
2025-10-17 22:39:22 | INFO | sicar.main | 🚨 ALERTA STRONG_BREAKOUT: ADAUSDT - BEARISH breakout detectado (Confianza: 69.0%, Fuerza: very_strong)
2025-10-17 22:49:52 | INFO | sicar.main | 📢 ALERTA SCALPING_REJECTED: ❌ Scalping rechazado para BTCUSDT: límites alcanzados o condiciones no cumplidas
2025-10-17 22:49:52 | INFO | sicar.main | ⚠️ ALERTA STRONG_BREAKOUT: BTCUSDT - BEARISH breakout detectado (Confianza: 56.3%, Fuerza: strong)
2025-10-17 22:50:18 | INFO | sicar.main | 📢 ALERTA BREAKOUT_DETECTOR: Detector de breakouts detenido
2025-10-17 22:50:18 | INFO | sicar.main | 📢 ALERTA SCALPING_STOP: ScalpingEngine detenido con el detector
2025-10-17 22:50:18 | INFO | sicar.main | 🔄 SYNC AUTO_SYNC: ✅ ÉXITO
2025-10-17 22:50:18 | INFO | sicar.main |    Detalles: Sincronización automática detenida
2025-10-17 22:50:18 | INFO | sicar.main | 📢 ALERTA DASHBOARD: Dashboard cerrado correctamente
2025-10-17 22:57:27 | INFO | sicar.main | 🔄 SYNC LOAD: ✅ ÉXITO
2025-10-17 22:57:27 | INFO | sicar.main |    Detalles: Datos cargados: 15 campos
2025-10-17 22:57:28 | INFO | sicar.main | 📢 ALERTA SCALPING_INIT: ScalpingEngine inicializado correctamente
2025-10-17 22:57:30 | INFO | sicar.main | 📢 ALERTA SCALPING_INIT: ScalpingEngine inicializado correctamente
2025-10-17 22:57:30 | INFO | sicar.main | 📢 ALERTA PAPER_TRADING: Motor de paper trading inicializado con $200.00
2025-10-17 22:57:30 | INFO | sicar.main | 📢 ALERTA SCALPING_INIT: ScalpingEngine inicializado correctamente
2025-10-17 22:57:31 | INFO | sicar.main | 📢 ALERTA OBSERVER_ADDED: Observador agregado al detector de breakouts
2025-10-17 22:57:31 | INFO | sicar.main | 🔄 SYNC AUTO_SYNC: ✅ ÉXITO
2025-10-17 22:57:31 | INFO | sicar.main |    Detalles: Sincronización automática iniciada
2025-10-17 22:57:31 | INFO | sicar.main | 📢 ALERTA BREAKOUT_DETECTOR: 🚀 Iniciando bucle de detección de breakouts OPTIMIZADO
2025-10-17 22:57:31 | INFO | sicar.main | 📢 ALERTA BREAKOUT_DETECTOR: Detector de breakouts iniciado
2025-10-17 22:57:31 | INFO | sicar.main | 📢 ALERTA SCALPING_START: ScalpingEngine iniciado con el detector
2025-10-17 22:57:31 | INFO | sicar.main | 📢 ALERTA DASHBOARD: Dashboard mejorado iniciado correctamente
2025-10-17 23:21:02 | INFO | sicar.main | 🚨 ALERTA SCALPING_ACTIVATED: 🚀 SCALPING AUTOMÁTICO: ETHUSDT BULLISH (Confianza: 0.6%, Precio: $2012.2037)
2025-10-17 23:21:03 | INFO | sicar.main | ⚠️ ALERTA STRONG_BREAKOUT: ETHUSDT - BULLISH breakout detectado (Confianza: 55.6%, Fuerza: strong)
2025-10-17 23:59:34 | INFO | sicar.main | 🚨 ALERTA SCALPING_ACTIVATED: 🚀 SCALPING AUTOMÁTICO: ETHUSDT BEARISH (Confianza: 0.6%, Precio: $2011.2186)
2025-10-17 23:59:35 | INFO | sicar.main | 🚨 ALERTA STRONG_BREAKOUT: ETHUSDT - BEARISH breakout detectado (Confianza: 62.3%, Fuerza: very_strong)
2025-10-18 00:01:05 | INFO | sicar.main | 🚨 ALERTA SCALPING_ACTIVATED: 🚀 SCALPING AUTOMÁTICO: BTCUSDT BULLISH (Confianza: 0.6%, Precio: $2075.8611)
2025-10-18 00:01:05 | INFO | sicar.main | ⚠️ ALERTA STRONG_BREAKOUT: BTCUSDT - BULLISH breakout detectado (Confianza: 55.9%, Fuerza: strong)
2025-10-18 00:21:06 | INFO | sicar.main | 📢 ALERTA SCALPING_REJECTED: ❌ Scalping rechazado para ETHUSDT: límites alcanzados o condiciones no cumplidas
2025-10-18 00:21:06 | INFO | sicar.main | ⚠️ ALERTA STRONG_BREAKOUT: ETHUSDT - BEARISH breakout detectado (Confianza: 59.2%, Fuerza: strong)
2025-10-18 00:23:47 | INFO | sicar.main | 🔄 SYNC LOAD: ✅ ÉXITO
2025-10-18 00:23:47 | INFO | sicar.main |    Detalles: Datos cargados: 15 campos
2025-10-18 00:23:48 | INFO | sicar.main | 📢 ALERTA SCALPING_INIT: ScalpingEngine inicializado correctamente
2025-10-18 00:23:50 | INFO | sicar.main | 📢 ALERTA SCALPING_INIT: ScalpingEngine inicializado correctamente
2025-10-18 00:23:50 | INFO | sicar.main | 📢 ALERTA PAPER_TRADING: Motor de paper trading inicializado con $200.00
2025-10-18 00:23:50 | INFO | sicar.main | 📢 ALERTA SCALPING_INIT: ScalpingEngine inicializado correctamente
2025-10-18 00:23:52 | INFO | sicar.main | 📢 ALERTA OBSERVER_ADDED: Observador agregado al detector de breakouts
2025-10-18 00:23:52 | INFO | sicar.main | 🔄 SYNC AUTO_SYNC: ✅ ÉXITO
2025-10-18 00:23:52 | INFO | sicar.main |    Detalles: Sincronización automática iniciada
2025-10-18 00:23:52 | INFO | sicar.main | 📢 ALERTA BREAKOUT_DETECTOR: 🚀 Iniciando bucle de detección de breakouts OPTIMIZADO
2025-10-18 00:23:52 | INFO | sicar.main | 📢 ALERTA BREAKOUT_DETECTOR: Detector de breakouts iniciado
2025-10-18 00:23:52 | INFO | sicar.main | 📢 ALERTA SCALPING_START: ScalpingEngine iniciado con el detector
2025-10-18 00:23:52 | INFO | sicar.main | 📢 ALERTA DASHBOARD: Dashboard mejorado iniciado correctamente
2025-10-18 00:26:18 | INFO | sicar.main | 📢 ALERTA SCALPING_INIT: ScalpingEngine inicializado correctamente
2025-10-18 00:26:18 | INFO | sicar.main | 🚀 Iniciando evaluación de rendimiento del sistema SICAR...
2025-10-18 00:26:18 | ERROR | sicar.main | ❌ Error en evaluación: module 'enhanced_config' has no attribute 'PAPER_TRADING_CONFIG'
2025-10-18 00:26:55 | INFO | sicar.main | 📢 ALERTA SCALPING_INIT: ScalpingEngine inicializado correctamente
2025-10-18 00:26:55 | INFO | sicar.main | 🚀 Iniciando evaluación de rendimiento del sistema SICAR...
2025-10-18 00:26:55 | ERROR | sicar.main | ❌ Error en evaluación: name 'CONFIG' is not defined
2025-10-18 00:27:17 | INFO | sicar.main | 📢 ALERTA SCALPING_INIT: ScalpingEngine inicializado correctamente
2025-10-18 00:27:17 | INFO | sicar.main | 🚀 Iniciando evaluación de rendimiento del sistema SICAR...
2025-10-18 00:27:17 | INFO | sicar.main | 📢 ALERTA SCALPING_INIT: ScalpingEngine inicializado correctamente
2025-10-18 00:27:17 | ERROR | sicar.main | ❌ Error en evaluación: ScalpingEngine.__init__() got an unexpected keyword argument 'paper_trading'
2025-10-18 00:27:41 | INFO | sicar.main | 📢 ALERTA SCALPING_INIT: ScalpingEngine inicializado correctamente
2025-10-18 00:27:42 | INFO | sicar.main | 🚀 Iniciando evaluación de rendimiento del sistema SICAR...
2025-10-18 00:27:42 | INFO | sicar.main | 📢 ALERTA SCALPING_INIT: ScalpingEngine inicializado correctamente
2025-10-18 00:27:42 | INFO | sicar.main | 🔍 Evaluador de Rendimiento SICAR inicializado
2025-10-18 00:27:42 | INFO | sicar.main | 🚀 Iniciando evaluación completa de rendimiento...
2025-10-18 00:27:42 | INFO | sicar.main | 📊 Analizando datos de mercado...
2025-10-18 00:27:42 | ERROR | sicar.main | ❌ Error analizando BTCUSDT: object NoneType can't be used in 'await' expression
2025-10-18 00:27:43 | ERROR | sicar.main | ❌ Error analizando ETHUSDT: object NoneType can't be used in 'await' expression
2025-10-18 00:27:44 | ERROR | sicar.main | ❌ Error analizando ADAUSDT: object NoneType can't be used in 'await' expression
2025-10-18 00:27:45 | ERROR | sicar.main | ❌ Error analizando BNBUSDT: object NoneType can't be used in 'await' expression
2025-10-18 00:27:46 | ERROR | sicar.main | ❌ Error analizando SOLUSDT: object NoneType can't be used in 'await' expression
2025-10-18 00:27:46 | INFO | sicar.main | 🔍 Evaluando detección de breakouts...
2025-10-18 00:27:48 | ERROR | sicar.main | ❌ Error evaluando breakouts BTCUSDT: object NoneType can't be used in 'await' expression
2025-10-18 00:27:49 | ERROR | sicar.main | ❌ Error evaluando breakouts ETHUSDT: object NoneType can't be used in 'await' expression
2025-10-18 00:27:50 | ERROR | sicar.main | ❌ Error evaluando breakouts ADAUSDT: object NoneType can't be used in 'await' expression
2025-10-18 00:27:51 | ERROR | sicar.main | ❌ Error evaluando breakouts BNBUSDT: object NoneType can't be used in 'await' expression
2025-10-18 00:27:52 | ERROR | sicar.main | ❌ Error evaluando breakouts SOLUSDT: object NoneType can't be used in 'await' expression
2025-10-18 00:27:52 | INFO | sicar.main | ⚡ Evaluando sistema de scalping...
2025-10-18 00:27:54 | ERROR | sicar.main | ❌ Error evaluando scalping BTCUSDT: object NoneType can't be used in 'await' expression
2025-10-18 00:27:55 | ERROR | sicar.main | ❌ Error evaluando scalping ETHUSDT: object NoneType can't be used in 'await' expression
2025-10-18 00:27:56 | ERROR | sicar.main | ❌ Error evaluando scalping ADAUSDT: object NoneType can't be used in 'await' expression
2025-10-18 00:27:56 | INFO | sicar.main | 📈 Evaluando paper trading...
2025-10-18 00:27:56 | INFO | sicar.main | ⚠️ Calculando métricas de riesgo...
2025-10-18 00:27:57 | ERROR | sicar.main | Error calculando métricas de riesgo: object NoneType can't be used in 'await' expression
2025-10-18 00:27:57 | INFO | sicar.main | 🔗 Analizando correlaciones...
2025-10-18 00:27:58 | ERROR | sicar.main | Error analizando correlaciones: object NoneType can't be used in 'await' expression
2025-10-18 00:27:58 | INFO | sicar.main | 📄 Reporte guardado: reports\performance\performance_report_20251018_002758.json
2025-10-18 00:27:59 | INFO | sicar.main | 📊 Gráficos generados en: reports\charts
2025-10-18 00:27:59 | INFO | sicar.main | ✅ Evaluación de rendimiento completada
2025-10-18 00:35:04 | INFO | sicar.main | 📢 ALERTA SCALPING_INIT: ScalpingEngine inicializado correctamente
2025-10-18 00:35:04 | INFO | sicar.main | 🚀 Iniciando evaluación de rendimiento del sistema SICAR...
2025-10-18 00:35:04 | INFO | sicar.main | 📢 ALERTA SCALPING_INIT: ScalpingEngine inicializado correctamente
2025-10-18 00:35:04 | INFO | sicar.main | 🔍 Evaluador de Rendimiento SICAR inicializado
2025-10-18 00:35:04 | INFO | sicar.main | 🚀 Iniciando evaluación completa de rendimiento...
2025-10-18 00:35:04 | INFO | sicar.main | 📊 Analizando datos de mercado...
2025-10-18 00:35:09 | INFO | sicar.main | 🔍 Evaluando detección de breakouts...
2025-10-18 00:35:15 | INFO | sicar.main | ⚡ Evaluando sistema de scalping...
2025-10-18 00:35:15 | ERROR | sicar.main | ❌ Error evaluando scalping BTCUSDT: invalid literal for int() with base 10: '1m'
2025-10-18 00:35:15 | ERROR | sicar.main | ❌ Error evaluando scalping ETHUSDT: invalid literal for int() with base 10: '1m'
2025-10-18 00:35:15 | ERROR | sicar.main | ❌ Error evaluando scalping ADAUSDT: invalid literal for int() with base 10: '1m'
2025-10-18 00:35:15 | INFO | sicar.main | 📈 Evaluando paper trading...
2025-10-18 00:35:15 | INFO | sicar.main | ⚠️ Calculando métricas de riesgo...
2025-10-18 00:35:21 | INFO | sicar.main | 🔗 Analizando correlaciones...
2025-10-18 00:35:27 | INFO | sicar.main | 📄 Reporte guardado: reports\performance\performance_report_20251018_003527.json
2025-10-18 00:35:28 | INFO | sicar.main | 📊 Gráficos generados en: reports\charts
2025-10-18 00:35:28 | INFO | sicar.main | ✅ Evaluación de rendimiento completada
2025-10-18 00:37:22 | INFO | sicar.main | 🚨 ALERTA SCALPING_ACTIVATED: 🚀 SCALPING AUTOMÁTICO: BTCUSDT BEARISH (Confianza: 0.6%, Precio: $1964.9722)
2025-10-18 00:37:22 | INFO | sicar.main | ⚠️ ALERTA STRONG_BREAKOUT: BTCUSDT - BEARISH breakout detectado (Confianza: 55.5%, Fuerza: strong)
2025-10-18 00:44:05 | INFO | sicar.main | 📢 ALERTA SCALPING_INIT: ScalpingEngine inicializado correctamente
2025-10-18 00:44:05 | INFO | sicar.main | 🚀 Iniciando evaluación de rendimiento del sistema SICAR...
2025-10-18 00:44:05 | INFO | sicar.main | 📢 ALERTA SCALPING_INIT: ScalpingEngine inicializado correctamente
2025-10-18 00:44:05 | INFO | sicar.main | 🔍 Evaluador de Rendimiento SICAR inicializado
2025-10-18 00:44:05 | INFO | sicar.main | 🚀 Iniciando evaluación completa de rendimiento...
2025-10-18 00:44:06 | INFO | sicar.main | 📊 Analizando datos de mercado REALES...
2025-10-18 00:44:06 | INFO | sicar.main | 🔍 Obteniendo datos REALES para BTCUSDT...
2025-10-18 00:44:06 | INFO | sicar.main | ✅ Datos REALES obtenidos para BTCUSDT: 576 velas
2025-10-18 00:44:06 | INFO | sicar.main | ✅ BTCUSDT: Precio $106719.06, Cambio 24h: -5.22%
2025-10-18 00:44:06 | INFO | sicar.main | 🔍 Obteniendo datos REALES para ETHUSDT...
2025-10-18 00:44:07 | INFO | sicar.main | ✅ Datos REALES obtenidos para ETHUSDT: 576 velas
2025-10-18 00:44:07 | INFO | sicar.main | ✅ ETHUSDT: Precio $3863.90, Cambio 24h: -7.59%
2025-10-18 00:44:07 | INFO | sicar.main | 🔍 Obteniendo datos REALES para ADAUSDT...
2025-10-18 00:44:07 | INFO | sicar.main | ✅ Datos REALES obtenidos para ADAUSDT: 576 velas
2025-10-18 00:44:07 | INFO | sicar.main | ✅ ADAUSDT: Precio $0.63, Cambio 24h: -22.97%
2025-10-18 00:44:07 | INFO | sicar.main | 🔍 Obteniendo datos REALES para BNBUSDT...
2025-10-18 00:44:07 | INFO | sicar.main | ✅ Datos REALES obtenidos para BNBUSDT: 576 velas
2025-10-18 00:44:07 | INFO | sicar.main | ✅ BNBUSDT: Precio $1084.29, Cambio 24h: 6.53%
2025-10-18 00:44:07 | INFO | sicar.main | 🔍 Obteniendo datos REALES para SOLUSDT...
2025-10-18 00:44:08 | INFO | sicar.main | ✅ Datos REALES obtenidos para SOLUSDT: 576 velas
2025-10-18 00:44:08 | INFO | sicar.main | ✅ SOLUSDT: Precio $184.28, Cambio 24h: -12.65%
2025-10-18 00:44:08 | INFO | sicar.main | 📊 Análisis completado: 5/5 símbolos con datos REALES
2025-10-18 00:44:08 | INFO | sicar.main | 🔍 Evaluando detección de breakouts...
2025-10-18 00:44:08 | INFO | sicar.main | ✅ BTCUSDT: 1 breakouts, 0.0% precisión
2025-10-18 00:44:09 | INFO | sicar.main | ✅ ETHUSDT: 4 breakouts, 0.0% precisión
2025-10-18 00:44:09 | INFO | sicar.main | ✅ ADAUSDT: 6 breakouts, 0.0% precisión
2025-10-18 00:44:09 | INFO | sicar.main | ✅ BNBUSDT: 7 breakouts, 28.6% precisión
2025-10-18 00:44:10 | INFO | sicar.main | ✅ SOLUSDT: 6 breakouts, 16.7% precisión
2025-10-18 00:44:10 | INFO | sicar.main | ⚡ Evaluando sistema de scalping...
2025-10-18 00:44:10 | ERROR | sicar.main | ❌ Error evaluando scalping BTCUSDT: invalid literal for int() with base 10: '1m'
2025-10-18 00:44:10 | ERROR | sicar.main | ❌ Error evaluando scalping ETHUSDT: invalid literal for int() with base 10: '1m'
2025-10-18 00:44:10 | ERROR | sicar.main | ❌ Error evaluando scalping ADAUSDT: invalid literal for int() with base 10: '1m'
2025-10-18 00:44:10 | INFO | sicar.main | 📈 Evaluando paper trading...
2025-10-18 00:44:10 | INFO | sicar.main | ⚠️ Calculando métricas de riesgo...
2025-10-18 00:44:10 | INFO | sicar.main | 🔗 Analizando correlaciones...
2025-10-18 00:44:10 | INFO | sicar.main | 📄 Reporte guardado: reports\performance\performance_report_20251018_004410.json
2025-10-18 00:44:12 | INFO | sicar.main | 📊 Gráficos generados en: reports\charts
2025-10-18 00:44:12 | INFO | sicar.main | ✅ Evaluación de rendimiento completada
2025-10-18 00:51:23 | INFO | sicar.main | 🚨 ALERTA SCALPING_ACTIVATED: 🚀 SCALPING AUTOMÁTICO: ETHUSDT BULLISH (Confianza: 0.6%, Precio: $1983.8588)
2025-10-18 00:51:23 | INFO | sicar.main | ⚠️ ALERTA STRONG_BREAKOUT: ETHUSDT - BULLISH breakout detectado (Confianza: 55.4%, Fuerza: strong)
2025-10-18 00:53:23 | INFO | sicar.main | 📢 ALERTA SCALPING_REJECTED: ❌ Scalping rechazado para ETHUSDT: límites alcanzados o condiciones no cumplidas
2025-10-18 00:53:23 | INFO | sicar.main | ⚠️ ALERTA STRONG_BREAKOUT: ETHUSDT - BULLISH breakout detectado (Confianza: 57.5%, Fuerza: strong)
2025-10-18 01:06:24 | INFO | sicar.main | 📢 ALERTA SCALPING_REJECTED: ❌ Scalping rechazado para ADAUSDT: límites alcanzados o condiciones no cumplidas
2025-10-18 01:06:24 | INFO | sicar.main | 🚨 ALERTA STRONG_BREAKOUT: ADAUSDT - BEARISH breakout detectado (Confianza: 60.0%, Fuerza: very_strong)
2025-10-18 01:19:25 | INFO | sicar.main | 📢 ALERTA SCALPING_REJECTED: ❌ Scalping rechazado para BTCUSDT: límites alcanzados o condiciones no cumplidas
2025-10-18 01:19:25 | INFO | sicar.main | 🚨 ALERTA STRONG_BREAKOUT: BTCUSDT - BULLISH breakout detectado (Confianza: 62.6%, Fuerza: very_strong)
2025-10-18 01:57:27 | INFO | sicar.main | 📢 ALERTA SCALPING_REJECTED: ❌ Scalping rechazado para BTCUSDT: límites alcanzados o condiciones no cumplidas
2025-10-18 01:57:27 | INFO | sicar.main | 🚨 ALERTA STRONG_BREAKOUT: BTCUSDT - BEARISH breakout detectado (Confianza: 65.2%, Fuerza: very_strong)
2025-10-18 02:00:27 | INFO | sicar.main | 📢 ALERTA SESSION_WINDOW: 🚨 VENTANA CRÍTICA ACTIVA: Sesión Europea (03:00-03:05)
2025-10-18 02:00:27 | INFO | sicar.main | 📢 ALERTA SESSION_DETECTION: 🔥 DETECCIÓN ACELERADA: cada 30s durante european
2025-10-18 02:00:27 | INFO | sicar.main | 📢 ALERTA SESSION_WINDOW: 🚨 VENTANA CRÍTICA ACTIVA: Sesión Europea (03:00-03:05)
2025-10-18 02:00:27 | INFO | sicar.main | 📢 ALERTA SESSION_BREAKOUT: 🔥 MODO ULTRA-SENSIBLE ACTIVADO para ETHUSDT en european
2025-10-18 02:00:27 | INFO | sicar.main | 📢 ALERTA SESSION_WINDOW: 🚨 VENTANA CRÍTICA ACTIVA: Sesión Europea (03:00-03:05)
2025-10-18 02:00:27 | INFO | sicar.main | 📢 ALERTA SCALPING_REJECTED: ❌ Scalping rechazado para ETHUSDT: límites alcanzados o condiciones no cumplidas
2025-10-18 02:00:27 | INFO | sicar.main | 🚨 ALERTA STRONG_BREAKOUT: ETHUSDT - BULLISH breakout detectado (Confianza: 6000.0%, Fuerza: very_strong)
2025-10-18 02:00:27 | INFO | sicar.main | 📢 ALERTA SESSION_WINDOW: 🚨 VENTANA CRÍTICA ACTIVA: Sesión Europea (03:00-03:05)
2025-10-18 02:00:27 | INFO | sicar.main | 📢 ALERTA SESSION_BREAKOUT: 🔥 MODO ULTRA-SENSIBLE ACTIVADO para BTCUSDT en european
2025-10-18 02:00:27 | INFO | sicar.main | 📢 ALERTA SESSION_WINDOW: 🚨 VENTANA CRÍTICA ACTIVA: Sesión Europea (03:00-03:05)
2025-10-18 02:00:27 | INFO | sicar.main | 📢 ALERTA SESSION_BREAKOUT: 🔥 MODO ULTRA-SENSIBLE ACTIVADO para ADAUSDT en european
2025-10-18 02:00:27 | INFO | sicar.main | 📢 ALERTA SESSION_WINDOW: 🚨 VENTANA CRÍTICA ACTIVA: Sesión Europea (03:00-03:05)
2025-10-18 02:00:27 | INFO | sicar.main | 📢 ALERTA SCALPING_REJECTED: ❌ Scalping rechazado para ADAUSDT: límites alcanzados o condiciones no cumplidas
2025-10-18 02:00:27 | INFO | sicar.main | 🚨 ALERTA STRONG_BREAKOUT: ADAUSDT - BEARISH breakout detectado (Confianza: 6000.0%, Fuerza: very_strong)
2025-10-18 02:00:57 | INFO | sicar.main | 📢 ALERTA SESSION_DETECTION: 🔥 DETECCIÓN ACELERADA: cada 30s durante european
2025-10-18 02:00:57 | INFO | sicar.main | 📢 ALERTA SESSION_WINDOW: 🚨 VENTANA CRÍTICA ACTIVA: Sesión Europea (03:00-03:05)
2025-10-18 02:00:57 | INFO | sicar.main | 📢 ALERTA SESSION_BREAKOUT: 🔥 MODO ULTRA-SENSIBLE ACTIVADO para ETHUSDT en european
2025-10-18 02:00:57 | INFO | sicar.main | 📢 ALERTA GUARANTEE_ACTIVATION: 🚨 ACTIVANDO GARANTÍA DE BREAKOUT para ETHUSDT en european
2025-10-18 02:00:57 | INFO | sicar.main | 📢 ALERTA NORMAL_BREAKOUT_ENHANCED: 📈 BREAKOUT NORMAL MEJORADO para ETHUSDT: 0.072% basado en análisis técnico en european
2025-10-18 02:00:57 | INFO | sicar.main | 📢 ALERTA NORMAL_SESSION_BREAKOUT: ✅ BREAKOUT NORMAL generado para ETHUSDT en european: bullish 0.072% volumen 1.20x confianza 65.1%
2025-10-18 02:00:57 | INFO | sicar.main | 📢 ALERTA SESSION_WINDOW: 🚨 VENTANA CRÍTICA ACTIVA: Sesión Europea (03:00-03:05)
2025-10-18 02:00:57 | INFO | sicar.main | 📢 ALERTA SCALPING_REJECTED: ❌ Scalping rechazado para ETHUSDT: límites alcanzados o condiciones no cumplidas
2025-10-18 02:00:58 | INFO | sicar.main | 📢 ALERTA SESSION_WINDOW: 🚨 VENTANA CRÍTICA ACTIVA: Sesión Europea (03:00-03:05)
2025-10-18 02:00:58 | INFO | sicar.main | 📢 ALERTA SESSION_BREAKOUT: 🔥 MODO ULTRA-SENSIBLE ACTIVADO para BTCUSDT en european
2025-10-18 02:00:58 | INFO | sicar.main | 📢 ALERTA FORCED_BREAKOUT: 🚨 BREAKOUT FORZADO en BTCUSDT: 0.131% durante european
2025-10-18 02:00:58 | INFO | sicar.main | 📢 ALERTA SESSION_WINDOW: 🚨 VENTANA CRÍTICA ACTIVA: Sesión Europea (03:00-03:05)
2025-10-18 02:00:58 | INFO | sicar.main | 📢 ALERTA SCALPING_REJECTED: ❌ Scalping rechazado para BTCUSDT: límites alcanzados o condiciones no cumplidas
2025-10-18 02:00:58 | INFO | sicar.main | 🚨 ALERTA STRONG_BREAKOUT: BTCUSDT - BULLISH breakout detectado (Confianza: 6000.0%, Fuerza: very_strong)
2025-10-18 02:00:58 | INFO | sicar.main | 📢 ALERTA SESSION_WINDOW: 🚨 VENTANA CRÍTICA ACTIVA: Sesión Europea (03:00-03:05)
2025-10-18 02:00:58 | INFO | sicar.main | 📢 ALERTA SESSION_BREAKOUT: 🔥 MODO ULTRA-SENSIBLE ACTIVADO para ADAUSDT en european
2025-10-18 02:00:58 | INFO | sicar.main | 📢 ALERTA FORCED_BREAKOUT: 🚨 BREAKOUT FORZADO en ADAUSDT: 0.160% durante european
2025-10-18 02:00:58 | INFO | sicar.main | 📢 ALERTA SESSION_WINDOW: 🚨 VENTANA CRÍTICA ACTIVA: Sesión Europea (03:00-03:05)
2025-10-18 02:00:58 | INFO | sicar.main | 📢 ALERTA SCALPING_REJECTED: ❌ Scalping rechazado para ADAUSDT: límites alcanzados o condiciones no cumplidas
2025-10-18 02:00:58 | INFO | sicar.main | 🚨 ALERTA STRONG_BREAKOUT: ADAUSDT - BULLISH breakout detectado (Confianza: 6000.0%, Fuerza: very_strong)
2025-10-18 02:01:28 | INFO | sicar.main | 📢 ALERTA SESSION_WINDOW: 🚨 VENTANA CRÍTICA ACTIVA: Sesión Europea (03:00-03:05)
2025-10-18 02:01:28 | INFO | sicar.main | 📢 ALERTA SESSION_DETECTION: 🔥 DETECCIÓN ACELERADA: cada 30s durante european
2025-10-18 02:01:28 | INFO | sicar.main | 📢 ALERTA SESSION_WINDOW: 🚨 VENTANA CRÍTICA ACTIVA: Sesión Europea (03:00-03:05)
2025-10-18 02:01:28 | INFO | sicar.main | 📢 ALERTA SESSION_BREAKOUT: 🔥 MODO ULTRA-SENSIBLE ACTIVADO para ETHUSDT en european
2025-10-18 02:01:28 | INFO | sicar.main | 📢 ALERTA GUARANTEE_ACTIVATION: 🚨 ACTIVANDO GARANTÍA DE BREAKOUT para ETHUSDT en european
2025-10-18 02:01:28 | INFO | sicar.main | 📢 ALERTA NORMAL_BREAKOUT_ENHANCED: 📈 BREAKOUT NORMAL MEJORADO para ETHUSDT: 0.070% basado en análisis técnico en european
2025-10-18 02:01:28 | INFO | sicar.main | 📢 ALERTA NORMAL_SESSION_BREAKOUT: ✅ BREAKOUT NORMAL generado para ETHUSDT en european: bullish 0.070% volumen 1.27x confianza 65.1%
2025-10-18 02:01:28 | INFO | sicar.main | 📢 ALERTA SESSION_WINDOW: 🚨 VENTANA CRÍTICA ACTIVA: Sesión Europea (03:00-03:05)
2025-10-18 02:01:28 | INFO | sicar.main | 📢 ALERTA SCALPING_REJECTED: ❌ Scalping rechazado para ETHUSDT: límites alcanzados o condiciones no cumplidas
2025-10-18 02:01:28 | INFO | sicar.main | 📢 ALERTA SESSION_WINDOW: 🚨 VENTANA CRÍTICA ACTIVA: Sesión Europea (03:00-03:05)
2025-10-18 02:01:28 | INFO | sicar.main | 📢 ALERTA SESSION_BREAKOUT: 🔥 MODO ULTRA-SENSIBLE ACTIVADO para BTCUSDT en european
2025-10-18 02:01:28 | INFO | sicar.main | 📢 ALERTA SESSION_WINDOW: 🚨 VENTANA CRÍTICA ACTIVA: Sesión Europea (03:00-03:05)
2025-10-18 02:01:28 | INFO | sicar.main | 📢 ALERTA SCALPING_REJECTED: ❌ Scalping rechazado para BTCUSDT: límites alcanzados o condiciones no cumplidas
2025-10-18 02:01:28 | INFO | sicar.main | 🚨 ALERTA STRONG_BREAKOUT: BTCUSDT - BULLISH breakout detectado (Confianza: 6000.0%, Fuerza: very_strong)
2025-10-18 02:01:28 | INFO | sicar.main | 📢 ALERTA SESSION_WINDOW: 🚨 VENTANA CRÍTICA ACTIVA: Sesión Europea (03:00-03:05)
2025-10-18 02:01:28 | INFO | sicar.main | 📢 ALERTA SESSION_BREAKOUT: 🔥 MODO ULTRA-SENSIBLE ACTIVADO para ADAUSDT en european
2025-10-18 02:01:28 | INFO | sicar.main | 📢 ALERTA SESSION_WINDOW: 🚨 VENTANA CRÍTICA ACTIVA: Sesión Europea (03:00-03:05)
2025-10-18 02:01:28 | INFO | sicar.main | 📢 ALERTA SCALPING_REJECTED: ❌ Scalping rechazado para ADAUSDT: límites alcanzados o condiciones no cumplidas
2025-10-18 02:01:28 | INFO | sicar.main | 🚨 ALERTA STRONG_BREAKOUT: ADAUSDT - BEARISH breakout detectado (Confianza: 6000.0%, Fuerza: very_strong)
2025-10-18 02:01:58 | INFO | sicar.main | 📢 ALERTA SESSION_DETECTION: 🔥 DETECCIÓN ACELERADA: cada 30s durante european
2025-10-18 02:01:58 | INFO | sicar.main | 📢 ALERTA SESSION_WINDOW: 🚨 VENTANA CRÍTICA ACTIVA: Sesión Europea (03:00-03:05)
2025-10-18 02:01:58 | INFO | sicar.main | 📢 ALERTA SESSION_BREAKOUT: 🔥 MODO ULTRA-SENSIBLE ACTIVADO para ETHUSDT en european
2025-10-18 02:01:58 | INFO | sicar.main | 📢 ALERTA GUARANTEE_ACTIVATION: 🚨 ACTIVANDO GARANTÍA DE BREAKOUT para ETHUSDT en european
2025-10-18 02:01:58 | INFO | sicar.main | 📢 ALERTA SESSION_WINDOW: 🚨 VENTANA CRÍTICA ACTIVA: Sesión Europea (03:00-03:05)
2025-10-18 02:01:58 | INFO | sicar.main | 📢 ALERTA SESSION_BREAKOUT: 🔥 MODO ULTRA-SENSIBLE ACTIVADO para BTCUSDT en european
2025-10-18 02:01:58 | INFO | sicar.main | 📢 ALERTA GUARANTEE_ACTIVATION: 🚨 ACTIVANDO GARANTÍA DE BREAKOUT para BTCUSDT en european
2025-10-18 02:01:58 | INFO | sicar.main | 📢 ALERTA NORMAL_BREAKOUT_ENHANCED: 📈 BREAKOUT NORMAL MEJORADO para BTCUSDT: 0.070% basado en análisis técnico en european
2025-10-18 02:01:58 | INFO | sicar.main | 📢 ALERTA NORMAL_SESSION_BREAKOUT: ✅ BREAKOUT NORMAL generado para BTCUSDT en european: bullish 0.070% volumen 1.20x confianza 75.1%
2025-10-18 02:01:58 | INFO | sicar.main | 📢 ALERTA SESSION_WINDOW: 🚨 VENTANA CRÍTICA ACTIVA: Sesión Europea (03:00-03:05)
2025-10-18 02:01:58 | INFO | sicar.main | 📢 ALERTA SCALPING_REJECTED: ❌ Scalping rechazado para BTCUSDT: límites alcanzados o condiciones no cumplidas
2025-10-18 02:01:58 | INFO | sicar.main | 📢 ALERTA SESSION_WINDOW: 🚨 VENTANA CRÍTICA ACTIVA: Sesión Europea (03:00-03:05)
2025-10-18 02:01:58 | INFO | sicar.main | 📢 ALERTA SESSION_BREAKOUT: 🔥 MODO ULTRA-SENSIBLE ACTIVADO para ADAUSDT en european
2025-10-18 02:01:58 | INFO | sicar.main | 📢 ALERTA FORCED_CRITERIA: 🚨 CRITERIOS FORZADOS para ADAUSDT en european
2025-10-18 02:01:58 | INFO | sicar.main | 📢 ALERTA SESSION_WINDOW: 🚨 VENTANA CRÍTICA ACTIVA: Sesión Europea (03:00-03:05)
2025-10-18 02:01:58 | INFO | sicar.main | 📢 ALERTA SCALPING_REJECTED: ❌ Scalping rechazado para ADAUSDT: límites alcanzados o condiciones no cumplidas
2025-10-18 02:01:58 | INFO | sicar.main | 🚨 ALERTA STRONG_BREAKOUT: ADAUSDT - BEARISH breakout detectado (Confianza: 6000.0%, Fuerza: very_strong)
2025-10-18 02:02:28 | INFO | sicar.main | 📢 ALERTA SESSION_WINDOW: 🚨 VENTANA CRÍTICA ACTIVA: Sesión Europea (03:00-03:05)
2025-10-18 02:02:28 | INFO | sicar.main | 📢 ALERTA SESSION_DETECTION: 🔥 DETECCIÓN ACELERADA: cada 30s durante european
2025-10-18 02:02:28 | INFO | sicar.main | 📢 ALERTA SESSION_WINDOW: 🚨 VENTANA CRÍTICA ACTIVA: Sesión Europea (03:00-03:05)
2025-10-18 02:02:28 | INFO | sicar.main | 📢 ALERTA SESSION_BREAKOUT: 🔥 MODO ULTRA-SENSIBLE ACTIVADO para ETHUSDT en european
2025-10-18 02:02:28 | INFO | sicar.main | 📢 ALERTA FORCED_CRITERIA: 🚨 CRITERIOS FORZADOS para ETHUSDT en european
2025-10-18 02:02:28 | INFO | sicar.main | 📢 ALERTA SESSION_WINDOW: 🚨 VENTANA CRÍTICA ACTIVA: Sesión Europea (03:00-03:05)
2025-10-18 02:02:28 | INFO | sicar.main | 📢 ALERTA SCALPING_REJECTED: ❌ Scalping rechazado para ETHUSDT: límites alcanzados o condiciones no cumplidas
2025-10-18 02:02:28 | INFO | sicar.main | 🚨 ALERTA STRONG_BREAKOUT: ETHUSDT - BULLISH breakout detectado (Confianza: 6000.0%, Fuerza: very_strong)
2025-10-18 02:02:28 | INFO | sicar.main | 📢 ALERTA SESSION_WINDOW: 🚨 VENTANA CRÍTICA ACTIVA: Sesión Europea (03:00-03:05)
2025-10-18 02:02:28 | INFO | sicar.main | 📢 ALERTA SESSION_BREAKOUT: 🔥 MODO ULTRA-SENSIBLE ACTIVADO para BTCUSDT en european
2025-10-18 02:02:28 | INFO | sicar.main | 📢 ALERTA FORCED_BREAKOUT: 🚨 BREAKOUT FORZADO en BTCUSDT: -0.204% durante european
2025-10-18 02:02:28 | INFO | sicar.main | 📢 ALERTA SESSION_WINDOW: 🚨 VENTANA CRÍTICA ACTIVA: Sesión Europea (03:00-03:05)
2025-10-18 02:02:28 | INFO | sicar.main | 📢 ALERTA SCALPING_REJECTED: ❌ Scalping rechazado para BTCUSDT: límites alcanzados o condiciones no cumplidas
2025-10-18 02:02:28 | INFO | sicar.main | 🚨 ALERTA STRONG_BREAKOUT: BTCUSDT - BEARISH breakout detectado (Confianza: 6000.0%, Fuerza: very_strong)
2025-10-18 02:02:28 | INFO | sicar.main | 📢 ALERTA SESSION_WINDOW: 🚨 VENTANA CRÍTICA ACTIVA: Sesión Europea (03:00-03:05)
2025-10-18 02:02:28 | INFO | sicar.main | 📢 ALERTA SESSION_BREAKOUT: 🔥 MODO ULTRA-SENSIBLE ACTIVADO para ADAUSDT en european
2025-10-18 02:02:28 | INFO | sicar.main | 📢 ALERTA FORCED_BREAKOUT: 🚨 BREAKOUT FORZADO en ADAUSDT: 0.338% durante european
2025-10-18 02:02:28 | INFO | sicar.main | 📢 ALERTA SESSION_WINDOW: 🚨 VENTANA CRÍTICA ACTIVA: Sesión Europea (03:00-03:05)
2025-10-18 02:02:28 | INFO | sicar.main | 📢 ALERTA SCALPING_REJECTED: ❌ Scalping rechazado para ADAUSDT: límites alcanzados o condiciones no cumplidas
2025-10-18 02:02:28 | INFO | sicar.main | 🚨 ALERTA STRONG_BREAKOUT: ADAUSDT - BULLISH breakout detectado (Confianza: 6000.0%, Fuerza: very_strong)
2025-10-18 02:02:58 | INFO | sicar.main | 📢 ALERTA SESSION_DETECTION: 🔥 DETECCIÓN ACELERADA: cada 30s durante european
2025-10-18 02:02:58 | INFO | sicar.main | 📢 ALERTA SESSION_WINDOW: 🚨 VENTANA CRÍTICA ACTIVA: Sesión Europea (03:00-03:05)
2025-10-18 02:02:58 | INFO | sicar.main | 📢 ALERTA SESSION_BREAKOUT: 🔥 MODO ULTRA-SENSIBLE ACTIVADO para ETHUSDT en european
2025-10-18 02:02:58 | INFO | sicar.main | 📢 ALERTA SESSION_WINDOW: 🚨 VENTANA CRÍTICA ACTIVA: Sesión Europea (03:00-03:05)
2025-10-18 02:02:58 | INFO | sicar.main | 📢 ALERTA SCALPING_REJECTED: ❌ Scalping rechazado para ETHUSDT: límites alcanzados o condiciones no cumplidas
2025-10-18 02:02:58 | INFO | sicar.main | 🚨 ALERTA STRONG_BREAKOUT: ETHUSDT - BULLISH breakout detectado (Confianza: 6000.0%, Fuerza: very_strong)
2025-10-18 02:02:58 | INFO | sicar.main | 📢 ALERTA SESSION_WINDOW: 🚨 VENTANA CRÍTICA ACTIVA: Sesión Europea (03:00-03:05)
2025-10-18 02:02:58 | INFO | sicar.main | 📢 ALERTA SESSION_BREAKOUT: 🔥 MODO ULTRA-SENSIBLE ACTIVADO para BTCUSDT en european
2025-10-18 02:02:58 | INFO | sicar.main | 📢 ALERTA FORCED_BREAKOUT: 🚨 BREAKOUT FORZADO en BTCUSDT: -0.123% durante european
2025-10-18 02:02:58 | INFO | sicar.main | 📢 ALERTA SESSION_WINDOW: 🚨 VENTANA CRÍTICA ACTIVA: Sesión Europea (03:00-03:05)
2025-10-18 02:02:58 | INFO | sicar.main | 📢 ALERTA SCALPING_REJECTED: ❌ Scalping rechazado para BTCUSDT: límites alcanzados o condiciones no cumplidas
2025-10-18 02:02:58 | INFO | sicar.main | 🚨 ALERTA STRONG_BREAKOUT: BTCUSDT - BEARISH breakout detectado (Confianza: 6000.0%, Fuerza: very_strong)
2025-10-18 02:02:58 | INFO | sicar.main | 📢 ALERTA SESSION_WINDOW: 🚨 VENTANA CRÍTICA ACTIVA: Sesión Europea (03:00-03:05)
2025-10-18 02:02:58 | INFO | sicar.main | 📢 ALERTA SESSION_BREAKOUT: 🔥 MODO ULTRA-SENSIBLE ACTIVADO para ADAUSDT en european
2025-10-18 02:02:58 | INFO | sicar.main | 📢 ALERTA FORCED_BREAKOUT: 🚨 BREAKOUT FORZADO en ADAUSDT: 0.079% durante european
2025-10-18 02:02:58 | INFO | sicar.main | 📢 ALERTA FORCED_CRITERIA: 🚨 CRITERIOS FORZADOS para ADAUSDT en european
2025-10-18 02:02:58 | INFO | sicar.main | 📢 ALERTA SESSION_WINDOW: 🚨 VENTANA CRÍTICA ACTIVA: Sesión Europea (03:00-03:05)
2025-10-18 02:02:58 | INFO | sicar.main | 📢 ALERTA SCALPING_REJECTED: ❌ Scalping rechazado para ADAUSDT: límites alcanzados o condiciones no cumplidas
2025-10-18 02:02:58 | INFO | sicar.main | 🚨 ALERTA STRONG_BREAKOUT: ADAUSDT - BULLISH breakout detectado (Confianza: 6000.0%, Fuerza: very_strong)
2025-10-18 02:03:28 | INFO | sicar.main | 📢 ALERTA SESSION_WINDOW: 🚨 VENTANA CRÍTICA ACTIVA: Sesión Europea (03:00-03:05)
2025-10-18 02:03:28 | INFO | sicar.main | 📢 ALERTA SESSION_DETECTION: 🔥 DETECCIÓN ACELERADA: cada 30s durante european
2025-10-18 02:03:28 | INFO | sicar.main | 📢 ALERTA SESSION_WINDOW: 🚨 VENTANA CRÍTICA ACTIVA: Sesión Europea (03:00-03:05)
2025-10-18 02:03:28 | INFO | sicar.main | 📢 ALERTA SESSION_BREAKOUT: 🔥 MODO ULTRA-SENSIBLE ACTIVADO para ETHUSDT en european
2025-10-18 02:03:28 | INFO | sicar.main | 📢 ALERTA SESSION_WINDOW: 🚨 VENTANA CRÍTICA ACTIVA: Sesión Europea (03:00-03:05)
2025-10-18 02:03:28 | INFO | sicar.main | 📢 ALERTA SCALPING_REJECTED: ❌ Scalping rechazado para ETHUSDT: límites alcanzados o condiciones no cumplidas
2025-10-18 02:03:28 | INFO | sicar.main | 🚨 ALERTA STRONG_BREAKOUT: ETHUSDT - BULLISH breakout detectado (Confianza: 6000.0%, Fuerza: very_strong)
2025-10-18 02:03:28 | INFO | sicar.main | 📢 ALERTA SESSION_WINDOW: 🚨 VENTANA CRÍTICA ACTIVA: Sesión Europea (03:00-03:05)
2025-10-18 02:03:28 | INFO | sicar.main | 📢 ALERTA SESSION_BREAKOUT: 🔥 MODO ULTRA-SENSIBLE ACTIVADO para BTCUSDT en european
2025-10-18 02:03:28 | INFO | sicar.main | 📢 ALERTA SESSION_WINDOW: 🚨 VENTANA CRÍTICA ACTIVA: Sesión Europea (03:00-03:05)
2025-10-18 02:03:28 | INFO | sicar.main | 📢 ALERTA SESSION_BREAKOUT: 🔥 MODO ULTRA-SENSIBLE ACTIVADO para ADAUSDT en european
2025-10-18 02:03:28 | INFO | sicar.main | 📢 ALERTA SESSION_WINDOW: 🚨 VENTANA CRÍTICA ACTIVA: Sesión Europea (03:00-03:05)
2025-10-18 02:03:28 | INFO | sicar.main | 📢 ALERTA SCALPING_REJECTED: ❌ Scalping rechazado para ADAUSDT: límites alcanzados o condiciones no cumplidas
2025-10-18 02:03:29 | INFO | sicar.main | 🚨 ALERTA STRONG_BREAKOUT: ADAUSDT - BULLISH breakout detectado (Confianza: 6000.0%, Fuerza: very_strong)
2025-10-18 02:03:59 | INFO | sicar.main | 📢 ALERTA SESSION_DETECTION: 🔥 DETECCIÓN ACELERADA: cada 30s durante european
2025-10-18 02:03:59 | INFO | sicar.main | 📢 ALERTA SESSION_WINDOW: 🚨 VENTANA CRÍTICA ACTIVA: Sesión Europea (03:00-03:05)
2025-10-18 02:03:59 | INFO | sicar.main | 📢 ALERTA SESSION_BREAKOUT: 🔥 MODO ULTRA-SENSIBLE ACTIVADO para ETHUSDT en european
2025-10-18 02:03:59 | INFO | sicar.main | 📢 ALERTA FORCED_BREAKOUT: 🚨 BREAKOUT FORZADO en ETHUSDT: -0.067% durante european
2025-10-18 02:03:59 | INFO | sicar.main | 📢 ALERTA FORCED_CRITERIA: 🚨 CRITERIOS FORZADOS para ETHUSDT en european
2025-10-18 02:03:59 | INFO | sicar.main | 📢 ALERTA SESSION_WINDOW: 🚨 VENTANA CRÍTICA ACTIVA: Sesión Europea (03:00-03:05)
2025-10-18 02:03:59 | INFO | sicar.main | 📢 ALERTA SCALPING_REJECTED: ❌ Scalping rechazado para ETHUSDT: límites alcanzados o condiciones no cumplidas
2025-10-18 02:03:59 | INFO | sicar.main | 🚨 ALERTA STRONG_BREAKOUT: ETHUSDT - BEARISH breakout detectado (Confianza: 6000.0%, Fuerza: very_strong)
2025-10-18 02:03:59 | INFO | sicar.main | 📢 ALERTA SESSION_WINDOW: 🚨 VENTANA CRÍTICA ACTIVA: Sesión Europea (03:00-03:05)
2025-10-18 02:03:59 | INFO | sicar.main | 📢 ALERTA SESSION_BREAKOUT: 🔥 MODO ULTRA-SENSIBLE ACTIVADO para BTCUSDT en european
2025-10-18 02:03:59 | INFO | sicar.main | 📢 ALERTA FORCED_BREAKOUT: 🚨 BREAKOUT FORZADO en BTCUSDT: 0.258% durante european
2025-10-18 02:03:59 | INFO | sicar.main | 📢 ALERTA SESSION_WINDOW: 🚨 VENTANA CRÍTICA ACTIVA: Sesión Europea (03:00-03:05)
2025-10-18 02:03:59 | INFO | sicar.main | 📢 ALERTA SCALPING_REJECTED: ❌ Scalping rechazado para BTCUSDT: límites alcanzados o condiciones no cumplidas
2025-10-18 02:03:59 | INFO | sicar.main | 🚨 ALERTA STRONG_BREAKOUT: BTCUSDT - BULLISH breakout detectado (Confianza: 6000.0%, Fuerza: very_strong)
2025-10-18 02:03:59 | INFO | sicar.main | 📢 ALERTA SESSION_WINDOW: 🚨 VENTANA CRÍTICA ACTIVA: Sesión Europea (03:00-03:05)
2025-10-18 02:03:59 | INFO | sicar.main | 📢 ALERTA SESSION_BREAKOUT: 🔥 MODO ULTRA-SENSIBLE ACTIVADO para ADAUSDT en european
2025-10-18 02:03:59 | INFO | sicar.main | 📢 ALERTA FORCED_CRITERIA: 🚨 CRITERIOS FORZADOS para ADAUSDT en european
2025-10-18 02:03:59 | INFO | sicar.main | 📢 ALERTA SESSION_WINDOW: 🚨 VENTANA CRÍTICA ACTIVA: Sesión Europea (03:00-03:05)
2025-10-18 02:03:59 | INFO | sicar.main | 📢 ALERTA SCALPING_REJECTED: ❌ Scalping rechazado para ADAUSDT: límites alcanzados o condiciones no cumplidas
2025-10-18 02:03:59 | INFO | sicar.main | 🚨 ALERTA STRONG_BREAKOUT: ADAUSDT - BULLISH breakout detectado (Confianza: 6000.0%, Fuerza: very_strong)
2025-10-18 02:04:29 | INFO | sicar.main | 📢 ALERTA SESSION_WINDOW: 🚨 VENTANA CRÍTICA ACTIVA: Sesión Europea (03:00-03:05)
2025-10-18 02:04:29 | INFO | sicar.main | 📢 ALERTA SESSION_DETECTION: 🔥 DETECCIÓN ACELERADA: cada 30s durante european
2025-10-18 02:04:29 | INFO | sicar.main | 📢 ALERTA SESSION_WINDOW: 🚨 VENTANA CRÍTICA ACTIVA: Sesión Europea (03:00-03:05)
2025-10-18 02:04:29 | INFO | sicar.main | 📢 ALERTA SESSION_BREAKOUT: 🔥 MODO ULTRA-SENSIBLE ACTIVADO para ETHUSDT en european
2025-10-18 02:04:29 | INFO | sicar.main | 📢 ALERTA FORCED_BREAKOUT: 🚨 BREAKOUT FORZADO en ETHUSDT: 0.098% durante european
2025-10-18 02:04:29 | INFO | sicar.main | 📢 ALERTA FORCED_CRITERIA: 🚨 CRITERIOS FORZADOS para ETHUSDT en european
2025-10-18 02:04:29 | INFO | sicar.main | 📢 ALERTA SESSION_WINDOW: 🚨 VENTANA CRÍTICA ACTIVA: Sesión Europea (03:00-03:05)
2025-10-18 02:04:29 | INFO | sicar.main | 📢 ALERTA SCALPING_REJECTED: ❌ Scalping rechazado para ETHUSDT: límites alcanzados o condiciones no cumplidas
2025-10-18 02:04:29 | INFO | sicar.main | 🚨 ALERTA STRONG_BREAKOUT: ETHUSDT - BULLISH breakout detectado (Confianza: 6000.0%, Fuerza: very_strong)
2025-10-18 02:04:29 | INFO | sicar.main | 📢 ALERTA SESSION_WINDOW: 🚨 VENTANA CRÍTICA ACTIVA: Sesión Europea (03:00-03:05)
2025-10-18 02:04:29 | INFO | sicar.main | 📢 ALERTA SESSION_BREAKOUT: 🔥 MODO ULTRA-SENSIBLE ACTIVADO para BTCUSDT en european
2025-10-18 02:04:29 | INFO | sicar.main | 📢 ALERTA FORCED_BREAKOUT: 🚨 BREAKOUT FORZADO en BTCUSDT: -0.053% durante european
2025-10-18 02:04:29 | INFO | sicar.main | 📢 ALERTA FORCED_CRITERIA: 🚨 CRITERIOS FORZADOS para BTCUSDT en european
2025-10-18 02:04:29 | INFO | sicar.main | 📢 ALERTA SESSION_WINDOW: 🚨 VENTANA CRÍTICA ACTIVA: Sesión Europea (03:00-03:05)
2025-10-18 02:04:29 | INFO | sicar.main | 📢 ALERTA SCALPING_REJECTED: ❌ Scalping rechazado para BTCUSDT: límites alcanzados o condiciones no cumplidas
2025-10-18 02:04:29 | INFO | sicar.main | 🚨 ALERTA STRONG_BREAKOUT: BTCUSDT - BEARISH breakout detectado (Confianza: 6000.0%, Fuerza: very_strong)
2025-10-18 02:04:29 | INFO | sicar.main | 📢 ALERTA SESSION_WINDOW: 🚨 VENTANA CRÍTICA ACTIVA: Sesión Europea (03:00-03:05)
2025-10-18 02:04:29 | INFO | sicar.main | 📢 ALERTA SESSION_BREAKOUT: 🔥 MODO ULTRA-SENSIBLE ACTIVADO para ADAUSDT en european
2025-10-18 02:04:29 | INFO | sicar.main | 📢 ALERTA SESSION_WINDOW: 🚨 VENTANA CRÍTICA ACTIVA: Sesión Europea (03:00-03:05)
2025-10-18 02:04:29 | INFO | sicar.main | 📢 ALERTA SCALPING_REJECTED: ❌ Scalping rechazado para ADAUSDT: límites alcanzados o condiciones no cumplidas
2025-10-18 02:04:29 | INFO | sicar.main | 🚨 ALERTA STRONG_BREAKOUT: ADAUSDT - BULLISH breakout detectado (Confianza: 6000.0%, Fuerza: very_strong)
2025-10-18 02:04:59 | INFO | sicar.main | 📢 ALERTA SESSION_DETECTION: 🔥 DETECCIÓN ACELERADA: cada 30s durante european
2025-10-18 02:04:59 | INFO | sicar.main | 📢 ALERTA SESSION_WINDOW: 🚨 VENTANA CRÍTICA ACTIVA: Sesión Europea (03:00-03:05)
2025-10-18 02:04:59 | INFO | sicar.main | 📢 ALERTA SESSION_BREAKOUT: 🔥 MODO ULTRA-SENSIBLE ACTIVADO para ETHUSDT en european
2025-10-18 02:04:59 | INFO | sicar.main | 📢 ALERTA FORCED_BREAKOUT: 🚨 BREAKOUT FORZADO en ETHUSDT: -0.273% durante european
2025-10-18 02:04:59 | INFO | sicar.main | 📢 ALERTA SESSION_WINDOW: 🚨 VENTANA CRÍTICA ACTIVA: Sesión Europea (03:00-03:05)
2025-10-18 02:04:59 | INFO | sicar.main | 📢 ALERTA SCALPING_REJECTED: ❌ Scalping rechazado para ETHUSDT: límites alcanzados o condiciones no cumplidas
2025-10-18 02:04:59 | INFO | sicar.main | 🚨 ALERTA STRONG_BREAKOUT: ETHUSDT - BEARISH breakout detectado (Confianza: 6000.0%, Fuerza: very_strong)
2025-10-18 02:04:59 | INFO | sicar.main | 📢 ALERTA SESSION_WINDOW: 🚨 VENTANA CRÍTICA ACTIVA: Sesión Europea (03:00-03:05)
2025-10-18 02:04:59 | INFO | sicar.main | 📢 ALERTA SESSION_BREAKOUT: 🔥 MODO ULTRA-SENSIBLE ACTIVADO para BTCUSDT en european
2025-10-18 02:04:59 | INFO | sicar.main | 📢 ALERTA SESSION_WINDOW: 🚨 VENTANA CRÍTICA ACTIVA: Sesión Europea (03:00-03:05)
2025-10-18 02:04:59 | INFO | sicar.main | 📢 ALERTA SCALPING_REJECTED: ❌ Scalping rechazado para BTCUSDT: límites alcanzados o condiciones no cumplidas
2025-10-18 02:04:59 | INFO | sicar.main | 🚨 ALERTA STRONG_BREAKOUT: BTCUSDT - BULLISH breakout detectado (Confianza: 6000.0%, Fuerza: very_strong)
2025-10-18 02:04:59 | INFO | sicar.main | 📢 ALERTA SESSION_WINDOW: 🚨 VENTANA CRÍTICA ACTIVA: Sesión Europea (03:00-03:05)
2025-10-18 02:04:59 | INFO | sicar.main | 📢 ALERTA SESSION_BREAKOUT: 🔥 MODO ULTRA-SENSIBLE ACTIVADO para ADAUSDT en european
2025-10-18 02:04:59 | INFO | sicar.main | 📢 ALERTA SESSION_WINDOW: 🚨 VENTANA CRÍTICA ACTIVA: Sesión Europea (03:00-03:05)
2025-10-18 02:04:59 | INFO | sicar.main | 📢 ALERTA SCALPING_REJECTED: ❌ Scalping rechazado para ADAUSDT: límites alcanzados o condiciones no cumplidas
2025-10-18 02:04:59 | INFO | sicar.main | 🚨 ALERTA STRONG_BREAKOUT: ADAUSDT - BULLISH breakout detectado (Confianza: 6000.0%, Fuerza: very_strong)
2025-10-18 02:05:29 | INFO | sicar.main | 📢 ALERTA SESSION_WINDOW: 🚨 VENTANA CRÍTICA ACTIVA: Sesión Europea (03:00-03:05)
2025-10-18 02:05:29 | INFO | sicar.main | 📢 ALERTA SESSION_DETECTION: 🔥 DETECCIÓN ACELERADA: cada 30s durante european
2025-10-18 02:05:29 | INFO | sicar.main | 📢 ALERTA SESSION_WINDOW: 🚨 VENTANA CRÍTICA ACTIVA: Sesión Europea (03:00-03:05)
2025-10-18 02:05:29 | INFO | sicar.main | 📢 ALERTA SESSION_BREAKOUT: 🔥 MODO ULTRA-SENSIBLE ACTIVADO para ETHUSDT en european
2025-10-18 02:05:29 | INFO | sicar.main | 📢 ALERTA SESSION_WINDOW: 🚨 VENTANA CRÍTICA ACTIVA: Sesión Europea (03:00-03:05)
2025-10-18 02:05:29 | INFO | sicar.main | 📢 ALERTA SCALPING_REJECTED: ❌ Scalping rechazado para ETHUSDT: límites alcanzados o condiciones no cumplidas
2025-10-18 02:05:29 | INFO | sicar.main | 🚨 ALERTA STRONG_BREAKOUT: ETHUSDT - BULLISH breakout detectado (Confianza: 6000.0%, Fuerza: very_strong)
2025-10-18 02:05:29 | INFO | sicar.main | 📢 ALERTA SESSION_WINDOW: 🚨 VENTANA CRÍTICA ACTIVA: Sesión Europea (03:00-03:05)
2025-10-18 02:05:29 | INFO | sicar.main | 📢 ALERTA SESSION_BREAKOUT: 🔥 MODO ULTRA-SENSIBLE ACTIVADO para BTCUSDT en european
2025-10-18 02:05:29 | INFO | sicar.main | 📢 ALERTA SESSION_WINDOW: 🚨 VENTANA CRÍTICA ACTIVA: Sesión Europea (03:00-03:05)
2025-10-18 02:05:29 | INFO | sicar.main | 📢 ALERTA SESSION_BREAKOUT: 🔥 MODO ULTRA-SENSIBLE ACTIVADO para ADAUSDT en european
2025-10-18 02:05:29 | INFO | sicar.main | 📢 ALERTA SESSION_WINDOW: 🚨 VENTANA CRÍTICA ACTIVA: Sesión Europea (03:00-03:05)
2025-10-18 02:05:29 | INFO | sicar.main | 📢 ALERTA SCALPING_REJECTED: ❌ Scalping rechazado para ADAUSDT: límites alcanzados o condiciones no cumplidas
2025-10-18 02:05:29 | INFO | sicar.main | 🚨 ALERTA STRONG_BREAKOUT: ADAUSDT - BULLISH breakout detectado (Confianza: 6000.0%, Fuerza: very_strong)
2025-10-18 02:05:59 | INFO | sicar.main | 📢 ALERTA SESSION_DETECTION: 🔥 DETECCIÓN ACELERADA: cada 30s durante european
2025-10-18 02:05:59 | INFO | sicar.main | 📢 ALERTA SESSION_WINDOW: 🚨 VENTANA CRÍTICA ACTIVA: Sesión Europea (03:00-03:05)
2025-10-18 02:05:59 | INFO | sicar.main | 📢 ALERTA SESSION_BREAKOUT: 🔥 MODO ULTRA-SENSIBLE ACTIVADO para ETHUSDT en european
2025-10-18 02:05:59 | INFO | sicar.main | 📢 ALERTA GUARANTEE_ACTIVATION: 🚨 ACTIVANDO GARANTÍA DE BREAKOUT para ETHUSDT en european
2025-10-18 02:05:59 | INFO | sicar.main | 📢 ALERTA NORMAL_BREAKOUT_ENHANCED: 📈 BREAKOUT NORMAL MEJORADO para ETHUSDT: 0.077% basado en análisis técnico en european
2025-10-18 02:05:59 | INFO | sicar.main | 📢 ALERTA NORMAL_SESSION_BREAKOUT: ✅ BREAKOUT NORMAL generado para ETHUSDT en european: bullish 0.077% volumen 1.20x confianza 75.2%
2025-10-18 02:05:59 | INFO | sicar.main | 📢 ALERTA SESSION_WINDOW: 🚨 VENTANA CRÍTICA ACTIVA: Sesión Europea (03:00-03:05)
2025-10-18 02:05:59 | INFO | sicar.main | 📢 ALERTA SCALPING_REJECTED: ❌ Scalping rechazado para ETHUSDT: límites alcanzados o condiciones no cumplidas
2025-10-18 02:05:59 | INFO | sicar.main | 📢 ALERTA SESSION_WINDOW: 🚨 VENTANA CRÍTICA ACTIVA: Sesión Europea (03:00-03:05)
2025-10-18 02:05:59 | INFO | sicar.main | 📢 ALERTA SESSION_BREAKOUT: 🔥 MODO ULTRA-SENSIBLE ACTIVADO para BTCUSDT en european
2025-10-18 02:05:59 | INFO | sicar.main | 📢 ALERTA SESSION_WINDOW: 🚨 VENTANA CRÍTICA ACTIVA: Sesión Europea (03:00-03:05)
2025-10-18 02:05:59 | INFO | sicar.main | 📢 ALERTA SESSION_BREAKOUT: 🔥 MODO ULTRA-SENSIBLE ACTIVADO para ADAUSDT en european
2025-10-18 02:05:59 | INFO | sicar.main | 📢 ALERTA FORCED_BREAKOUT: 🚨 BREAKOUT FORZADO en ADAUSDT: -0.414% durante european
2025-10-18 02:05:59 | INFO | sicar.main | 📢 ALERTA SESSION_WINDOW: 🚨 VENTANA CRÍTICA ACTIVA: Sesión Europea (03:00-03:05)
2025-10-18 02:05:59 | INFO | sicar.main | 📢 ALERTA SCALPING_REJECTED: ❌ Scalping rechazado para ADAUSDT: límites alcanzados o condiciones no cumplidas
2025-10-18 02:05:59 | INFO | sicar.main | 🚨 ALERTA STRONG_BREAKOUT: ADAUSDT - BEARISH breakout detectado (Confianza: 6000.0%, Fuerza: very_strong)
2025-10-18 02:07:29 | INFO | sicar.main | 📢 ALERTA SCALPING_REJECTED: ❌ Scalping rechazado para ETHUSDT: límites alcanzados o condiciones no cumplidas
2025-10-18 02:07:29 | INFO | sicar.main | ⚠️ ALERTA STRONG_BREAKOUT: ETHUSDT - BULLISH breakout detectado (Confianza: 55.7%, Fuerza: strong)
2025-10-18 02:19:30 | INFO | sicar.main | 📢 ALERTA SCALPING_REJECTED: ❌ Scalping rechazado para ADAUSDT: límites alcanzados o condiciones no cumplidas
2025-10-18 02:19:30 | INFO | sicar.main | ⚠️ ALERTA STRONG_BREAKOUT: ADAUSDT - BULLISH breakout detectado (Confianza: 56.5%, Fuerza: strong)
2025-10-18 02:26:00 | INFO | sicar.main | 📢 ALERTA SCALPING_REJECTED: ❌ Scalping rechazado para BTCUSDT: límites alcanzados o condiciones no cumplidas
2025-10-18 02:26:00 | INFO | sicar.main | 🚨 ALERTA STRONG_BREAKOUT: BTCUSDT - BULLISH breakout detectado (Confianza: 70.6%, Fuerza: very_strong)
2025-10-18 02:45:32 | INFO | sicar.main | 📢 ALERTA SCALPING_REJECTED: ❌ Scalping rechazado para BTCUSDT: límites alcanzados o condiciones no cumplidas
2025-10-18 02:45:32 | INFO | sicar.main | ⚠️ ALERTA STRONG_BREAKOUT: BTCUSDT - BEARISH breakout detectado (Confianza: 57.5%, Fuerza: strong)
2025-10-18 03:00:03 | INFO | sicar.main | 📢 ALERTA SCALPING_REJECTED: ❌ Scalping rechazado para ADAUSDT: límites alcanzados o condiciones no cumplidas
2025-10-18 03:00:03 | INFO | sicar.main | ⚠️ ALERTA STRONG_BREAKOUT: ADAUSDT - BULLISH breakout detectado (Confianza: 62.5%, Fuerza: strong)
2025-10-18 03:14:34 | INFO | sicar.main | 📢 ALERTA SCALPING_REJECTED: ❌ Scalping rechazado para ETHUSDT: límites alcanzados o condiciones no cumplidas
2025-10-18 03:14:34 | INFO | sicar.main | 🚨 ALERTA STRONG_BREAKOUT: ETHUSDT - BULLISH breakout detectado (Confianza: 63.4%, Fuerza: very_strong)
2025-10-18 03:23:50 | INFO | sicar.main | 📢 ALERTA SCALPING_REJECTED: ❌ Scalping rechazado para ADAUSDT: límites alcanzados o condiciones no cumplidas
2025-10-18 03:23:50 | INFO | sicar.main | 🚨 ALERTA STRONG_BREAKOUT: ADAUSDT - BEARISH breakout detectado (Confianza: 60.4%, Fuerza: very_strong)
2025-10-18 03:49:22 | INFO | sicar.main | 📢 ALERTA SCALPING_REJECTED: ❌ Scalping rechazado para ETHUSDT: límites alcanzados o condiciones no cumplidas
2025-10-18 03:49:22 | INFO | sicar.main | 🚨 ALERTA STRONG_BREAKOUT: ETHUSDT - BULLISH breakout detectado (Confianza: 64.9%, Fuerza: very_strong)
2025-10-18 03:51:52 | INFO | sicar.main | 📢 ALERTA SCALPING_REJECTED: ❌ Scalping rechazado para ETHUSDT: límites alcanzados o condiciones no cumplidas
2025-10-18 03:51:52 | INFO | sicar.main | ⚠️ ALERTA STRONG_BREAKOUT: ETHUSDT - BULLISH breakout detectado (Confianza: 55.2%, Fuerza: strong)
2025-10-18 03:58:22 | INFO | sicar.main | 📢 ALERTA SCALPING_REJECTED: ❌ Scalping rechazado para BTCUSDT: límites alcanzados o condiciones no cumplidas
2025-10-18 03:58:22 | INFO | sicar.main | ⚠️ ALERTA STRONG_BREAKOUT: BTCUSDT - BEARISH breakout detectado (Confianza: 59.8%, Fuerza: strong)
2025-10-18 04:07:53 | INFO | sicar.main | 📢 ALERTA SCALPING_REJECTED: ❌ Scalping rechazado para ETHUSDT: límites alcanzados o condiciones no cumplidas
2025-10-18 04:07:53 | INFO | sicar.main | ⚠️ ALERTA STRONG_BREAKOUT: ETHUSDT - BEARISH breakout detectado (Confianza: 60.8%, Fuerza: strong)
2025-10-18 04:16:54 | INFO | sicar.main | 📢 ALERTA SCALPING_REJECTED: ❌ Scalping rechazado para ADAUSDT: límites alcanzados o condiciones no cumplidas
2025-10-18 04:16:54 | INFO | sicar.main | 🚨 ALERTA STRONG_BREAKOUT: ADAUSDT - BEARISH breakout detectado (Confianza: 59.9%, Fuerza: very_strong)
2025-10-18 04:17:24 | INFO | sicar.main | 📢 ALERTA SCALPING_REJECTED: ❌ Scalping rechazado para BTCUSDT: límites alcanzados o condiciones no cumplidas
2025-10-18 04:17:24 | INFO | sicar.main | ⚠️ ALERTA STRONG_BREAKOUT: BTCUSDT - BEARISH breakout detectado (Confianza: 55.7%, Fuerza: strong)
2025-10-18 04:32:26 | INFO | sicar.main | 📢 ALERTA SCALPING_REJECTED: ❌ Scalping rechazado para BTCUSDT: límites alcanzados o condiciones no cumplidas
2025-10-18 04:32:26 | INFO | sicar.main | ⚠️ ALERTA STRONG_BREAKOUT: BTCUSDT - BEARISH breakout detectado (Confianza: 62.2%, Fuerza: strong)
2025-10-18 04:47:27 | INFO | sicar.main | 📢 ALERTA SCALPING_REJECTED: ❌ Scalping rechazado para ETHUSDT: límites alcanzados o condiciones no cumplidas
2025-10-18 04:47:27 | INFO | sicar.main | ⚠️ ALERTA STRONG_BREAKOUT: ETHUSDT - BULLISH breakout detectado (Confianza: 56.3%, Fuerza: strong)
2025-10-18 04:49:27 | INFO | sicar.main | 📢 ALERTA SCALPING_REJECTED: ❌ Scalping rechazado para ETHUSDT: límites alcanzados o condiciones no cumplidas
2025-10-18 04:49:27 | INFO | sicar.main | 🚨 ALERTA STRONG_BREAKOUT: ETHUSDT - BULLISH breakout detectado (Confianza: 72.7%, Fuerza: very_strong)
2025-10-18 04:56:58 | INFO | sicar.main | 📢 ALERTA SCALPING_REJECTED: ❌ Scalping rechazado para ETHUSDT: límites alcanzados o condiciones no cumplidas
2025-10-18 04:56:58 | INFO | sicar.main | 🚨 ALERTA STRONG_BREAKOUT: ETHUSDT - BEARISH breakout detectado (Confianza: 71.6%, Fuerza: very_strong)
2025-10-18 05:18:29 | INFO | sicar.main | 📢 ALERTA SCALPING_REJECTED: ❌ Scalping rechazado para ADAUSDT: límites alcanzados o condiciones no cumplidas
2025-10-18 05:18:29 | INFO | sicar.main | ⚠️ ALERTA STRONG_BREAKOUT: ADAUSDT - BULLISH breakout detectado (Confianza: 59.1%, Fuerza: strong)
2025-10-18 05:31:31 | INFO | sicar.main | 📢 ALERTA SCALPING_REJECTED: ❌ Scalping rechazado para ADAUSDT: límites alcanzados o condiciones no cumplidas
2025-10-18 05:31:31 | INFO | sicar.main | ⚠️ ALERTA STRONG_BREAKOUT: ADAUSDT - BULLISH breakout detectado (Confianza: 61.5%, Fuerza: strong)
2025-10-18 05:46:32 | INFO | sicar.main | 📢 ALERTA SCALPING_REJECTED: ❌ Scalping rechazado para ETHUSDT: límites alcanzados o condiciones no cumplidas
2025-10-18 05:46:32 | INFO | sicar.main | ⚠️ ALERTA STRONG_BREAKOUT: ETHUSDT - BEARISH breakout detectado (Confianza: 58.4%, Fuerza: strong)
2025-10-18 06:02:03 | INFO | sicar.main | 📢 ALERTA SCALPING_REJECTED: ❌ Scalping rechazado para ETHUSDT: límites alcanzados o condiciones no cumplidas
2025-10-18 06:02:04 | INFO | sicar.main | ⚠️ ALERTA STRONG_BREAKOUT: ETHUSDT - BEARISH breakout detectado (Confianza: 57.0%, Fuerza: strong)
2025-10-18 06:12:34 | INFO | sicar.main | 📢 ALERTA SCALPING_REJECTED: ❌ Scalping rechazado para ADAUSDT: límites alcanzados o condiciones no cumplidas
2025-10-18 06:12:35 | INFO | sicar.main | ⚠️ ALERTA STRONG_BREAKOUT: ADAUSDT - BEARISH breakout detectado (Confianza: 61.0%, Fuerza: strong)
2025-10-18 06:14:35 | INFO | sicar.main | 📢 ALERTA SCALPING_REJECTED: ❌ Scalping rechazado para ADAUSDT: límites alcanzados o condiciones no cumplidas
2025-10-18 06:14:35 | INFO | sicar.main | ⚠️ ALERTA STRONG_BREAKOUT: ADAUSDT - BEARISH breakout detectado (Confianza: 58.4%, Fuerza: strong)
2025-10-18 06:22:05 | INFO | sicar.main | 📢 ALERTA SCALPING_REJECTED: ❌ Scalping rechazado para ETHUSDT: límites alcanzados o condiciones no cumplidas
2025-10-18 06:22:05 | INFO | sicar.main | ⚠️ ALERTA STRONG_BREAKOUT: ETHUSDT - BULLISH breakout detectado (Confianza: 58.6%, Fuerza: strong)
2025-10-18 06:25:36 | INFO | sicar.main | 📢 ALERTA SCALPING_REJECTED: ❌ Scalping rechazado para BTCUSDT: límites alcanzados o condiciones no cumplidas
2025-10-18 06:25:36 | INFO | sicar.main | ⚠️ ALERTA STRONG_BREAKOUT: BTCUSDT - BEARISH breakout detectado (Confianza: 63.0%, Fuerza: strong)
2025-10-18 06:39:37 | INFO | sicar.main | 📢 ALERTA SCALPING_REJECTED: ❌ Scalping rechazado para ADAUSDT: límites alcanzados o condiciones no cumplidas
2025-10-18 06:39:37 | INFO | sicar.main | ⚠️ ALERTA STRONG_BREAKOUT: ADAUSDT - BULLISH breakout detectado (Confianza: 59.3%, Fuerza: strong)
2025-10-18 06:46:07 | INFO | sicar.main | 📢 ALERTA SCALPING_REJECTED: ❌ Scalping rechazado para ETHUSDT: límites alcanzados o condiciones no cumplidas
2025-10-18 06:46:07 | INFO | sicar.main | ⚠️ ALERTA STRONG_BREAKOUT: ETHUSDT - BEARISH breakout detectado (Confianza: 61.9%, Fuerza: strong)
2025-10-18 06:58:09 | INFO | sicar.main | 📢 ALERTA SCALPING_REJECTED: ❌ Scalping rechazado para BTCUSDT: límites alcanzados o condiciones no cumplidas
2025-10-18 06:58:09 | INFO | sicar.main | ⚠️ ALERTA STRONG_BREAKOUT: BTCUSDT - BULLISH breakout detectado (Confianza: 60.1%, Fuerza: strong)
2025-10-18 07:13:10 | INFO | sicar.main | 📢 ALERTA SCALPING_REJECTED: ❌ Scalping rechazado para ETHUSDT: límites alcanzados o condiciones no cumplidas
2025-10-18 07:13:10 | INFO | sicar.main | ⚠️ ALERTA STRONG_BREAKOUT: ETHUSDT - BULLISH breakout detectado (Confianza: 56.8%, Fuerza: strong)
2025-10-18 07:41:43 | INFO | sicar.main | 📢 ALERTA SCALPING_REJECTED: ❌ Scalping rechazado para ADAUSDT: límites alcanzados o condiciones no cumplidas
2025-10-18 07:41:43 | INFO | sicar.main | 🚨 ALERTA STRONG_BREAKOUT: ADAUSDT - BULLISH breakout detectado (Confianza: 67.5%, Fuerza: very_strong)
2025-10-18 07:46:13 | INFO | sicar.main | 📢 ALERTA SCALPING_REJECTED: ❌ Scalping rechazado para ETHUSDT: límites alcanzados o condiciones no cumplidas
2025-10-18 07:46:13 | INFO | sicar.main | 🚨 ALERTA STRONG_BREAKOUT: ETHUSDT - BEARISH breakout detectado (Confianza: 68.3%, Fuerza: very_strong)
2025-10-18 07:59:14 | INFO | sicar.main | 📢 ALERTA SCALPING_REJECTED: ❌ Scalping rechazado para ADAUSDT: límites alcanzados o condiciones no cumplidas
2025-10-18 07:59:14 | INFO | sicar.main | 🚨 ALERTA STRONG_BREAKOUT: ADAUSDT - BULLISH breakout detectado (Confianza: 66.1%, Fuerza: very_strong)
2025-10-18 08:30:16 | INFO | sicar.main | 📢 ALERTA SESSION_WINDOW: 🚨 VENTANA CRÍTICA ACTIVA: Sesión Americana (09:30-09:35)
2025-10-18 08:30:16 | INFO | sicar.main | 📢 ALERTA SESSION_DETECTION: 🔥 DETECCIÓN ACELERADA: cada 30s durante american
2025-10-18 08:30:16 | INFO | sicar.main | 📢 ALERTA SESSION_WINDOW: 🚨 VENTANA CRÍTICA ACTIVA: Sesión Americana (09:30-09:35)
2025-10-18 08:30:16 | INFO | sicar.main | 📢 ALERTA SESSION_BREAKOUT: 🔥 MODO ULTRA-SENSIBLE ACTIVADO para ETHUSDT en american
2025-10-18 08:30:16 | INFO | sicar.main | 📢 ALERTA FORCED_BREAKOUT: 🚨 BREAKOUT FORZADO en ETHUSDT: -0.233% durante american
2025-10-18 08:30:16 | INFO | sicar.main | 📢 ALERTA SESSION_WINDOW: 🚨 VENTANA CRÍTICA ACTIVA: Sesión Americana (09:30-09:35)
2025-10-18 08:30:16 | INFO | sicar.main | 📢 ALERTA SCALPING_REJECTED: ❌ Scalping rechazado para ETHUSDT: límites alcanzados o condiciones no cumplidas
2025-10-18 08:30:16 | INFO | sicar.main | 🚨 ALERTA STRONG_BREAKOUT: ETHUSDT - BEARISH breakout detectado (Confianza: 6000.0%, Fuerza: very_strong)
2025-10-18 08:30:16 | INFO | sicar.main | 📢 ALERTA SESSION_WINDOW: 🚨 VENTANA CRÍTICA ACTIVA: Sesión Americana (09:30-09:35)
2025-10-18 08:30:16 | INFO | sicar.main | 📢 ALERTA SESSION_BREAKOUT: 🔥 MODO ULTRA-SENSIBLE ACTIVADO para BTCUSDT en american
2025-10-18 08:30:16 | INFO | sicar.main | 📢 ALERTA FORCED_BREAKOUT: 🚨 BREAKOUT FORZADO en BTCUSDT: 0.288% durante american
2025-10-18 08:30:16 | INFO | sicar.main | 📢 ALERTA SESSION_WINDOW: 🚨 VENTANA CRÍTICA ACTIVA: Sesión Americana (09:30-09:35)
2025-10-18 08:30:16 | INFO | sicar.main | 📢 ALERTA SCALPING_REJECTED: ❌ Scalping rechazado para BTCUSDT: límites alcanzados o condiciones no cumplidas
2025-10-18 08:30:16 | INFO | sicar.main | 🚨 ALERTA STRONG_BREAKOUT: BTCUSDT - BULLISH breakout detectado (Confianza: 6000.0%, Fuerza: very_strong)
2025-10-18 08:30:16 | INFO | sicar.main | 📢 ALERTA SESSION_WINDOW: 🚨 VENTANA CRÍTICA ACTIVA: Sesión Americana (09:30-09:35)
2025-10-18 08:30:16 | INFO | sicar.main | 📢 ALERTA SESSION_BREAKOUT: 🔥 MODO ULTRA-SENSIBLE ACTIVADO para ADAUSDT en american
2025-10-18 08:30:16 | INFO | sicar.main | 📢 ALERTA FORCED_BREAKOUT: 🚨 BREAKOUT FORZADO en ADAUSDT: -0.083% durante american
2025-10-18 08:30:16 | INFO | sicar.main | 📢 ALERTA FORCED_CRITERIA: 🚨 CRITERIOS FORZADOS para ADAUSDT en american
2025-10-18 08:30:16 | INFO | sicar.main | 📢 ALERTA SESSION_WINDOW: 🚨 VENTANA CRÍTICA ACTIVA: Sesión Americana (09:30-09:35)
2025-10-18 08:30:16 | INFO | sicar.main | 📢 ALERTA SCALPING_REJECTED: ❌ Scalping rechazado para ADAUSDT: límites alcanzados o condiciones no cumplidas
2025-10-18 08:30:16 | INFO | sicar.main | 🚨 ALERTA STRONG_BREAKOUT: ADAUSDT - BEARISH breakout detectado (Confianza: 6000.0%, Fuerza: very_strong)
2025-10-18 08:30:46 | INFO | sicar.main | 📢 ALERTA SESSION_DETECTION: 🔥 DETECCIÓN ACELERADA: cada 30s durante american
2025-10-18 08:30:46 | INFO | sicar.main | 📢 ALERTA SESSION_WINDOW: 🚨 VENTANA CRÍTICA ACTIVA: Sesión Americana (09:30-09:35)
2025-10-18 08:30:46 | INFO | sicar.main | 📢 ALERTA SESSION_BREAKOUT: 🔥 MODO ULTRA-SENSIBLE ACTIVADO para ETHUSDT en american
2025-10-18 08:30:46 | INFO | sicar.main | 📢 ALERTA SESSION_WINDOW: 🚨 VENTANA CRÍTICA ACTIVA: Sesión Americana (09:30-09:35)
2025-10-18 08:30:46 | INFO | sicar.main | 📢 ALERTA SCALPING_REJECTED: ❌ Scalping rechazado para ETHUSDT: límites alcanzados o condiciones no cumplidas
2025-10-18 08:30:46 | INFO | sicar.main | 🚨 ALERTA STRONG_BREAKOUT: ETHUSDT - BEARISH breakout detectado (Confianza: 6000.0%, Fuerza: very_strong)
2025-10-18 08:30:46 | INFO | sicar.main | 📢 ALERTA SESSION_WINDOW: 🚨 VENTANA CRÍTICA ACTIVA: Sesión Americana (09:30-09:35)
2025-10-18 08:30:46 | INFO | sicar.main | 📢 ALERTA SESSION_BREAKOUT: 🔥 MODO ULTRA-SENSIBLE ACTIVADO para BTCUSDT en american
2025-10-18 08:30:46 | INFO | sicar.main | 📢 ALERTA FORCED_BREAKOUT: 🚨 BREAKOUT FORZADO en BTCUSDT: 0.108% durante american
2025-10-18 08:30:46 | INFO | sicar.main | 📢 ALERTA SESSION_WINDOW: 🚨 VENTANA CRÍTICA ACTIVA: Sesión Americana (09:30-09:35)
2025-10-18 08:30:46 | INFO | sicar.main | 📢 ALERTA SCALPING_REJECTED: ❌ Scalping rechazado para BTCUSDT: límites alcanzados o condiciones no cumplidas
2025-10-18 08:30:46 | INFO | sicar.main | 🚨 ALERTA STRONG_BREAKOUT: BTCUSDT - BULLISH breakout detectado (Confianza: 6000.0%, Fuerza: very_strong)
2025-10-18 08:30:46 | INFO | sicar.main | 📢 ALERTA SESSION_WINDOW: 🚨 VENTANA CRÍTICA ACTIVA: Sesión Americana (09:30-09:35)
2025-10-18 08:30:46 | INFO | sicar.main | 📢 ALERTA SESSION_BREAKOUT: 🔥 MODO ULTRA-SENSIBLE ACTIVADO para ADAUSDT en american
2025-10-18 08:31:16 | INFO | sicar.main | 📢 ALERTA SESSION_WINDOW: 🚨 VENTANA CRÍTICA ACTIVA: Sesión Americana (09:30-09:35)
2025-10-18 08:31:16 | INFO | sicar.main | 📢 ALERTA SESSION_DETECTION: 🔥 DETECCIÓN ACELERADA: cada 30s durante american
2025-10-18 08:31:16 | INFO | sicar.main | 📢 ALERTA SESSION_WINDOW: 🚨 VENTANA CRÍTICA ACTIVA: Sesión Americana (09:30-09:35)
2025-10-18 08:31:16 | INFO | sicar.main | 📢 ALERTA SESSION_BREAKOUT: 🔥 MODO ULTRA-SENSIBLE ACTIVADO para ETHUSDT en american
2025-10-18 08:31:16 | INFO | sicar.main | 📢 ALERTA SESSION_WINDOW: 🚨 VENTANA CRÍTICA ACTIVA: Sesión Americana (09:30-09:35)
2025-10-18 08:31:16 | INFO | sicar.main | 📢 ALERTA SCALPING_REJECTED: ❌ Scalping rechazado para ETHUSDT: límites alcanzados o condiciones no cumplidas
2025-10-18 08:31:16 | INFO | sicar.main | 🚨 ALERTA STRONG_BREAKOUT: ETHUSDT - BEARISH breakout detectado (Confianza: 6000.0%, Fuerza: very_strong)
2025-10-18 08:31:16 | INFO | sicar.main | 📢 ALERTA SESSION_WINDOW: 🚨 VENTANA CRÍTICA ACTIVA: Sesión Americana (09:30-09:35)
2025-10-18 08:31:16 | INFO | sicar.main | 📢 ALERTA SESSION_BREAKOUT: 🔥 MODO ULTRA-SENSIBLE ACTIVADO para BTCUSDT en american
2025-10-18 08:31:16 | INFO | sicar.main | 📢 ALERTA FORCED_BREAKOUT: 🚨 BREAKOUT FORZADO en BTCUSDT: 0.156% durante american
2025-10-18 08:31:16 | INFO | sicar.main | 📢 ALERTA SESSION_WINDOW: 🚨 VENTANA CRÍTICA ACTIVA: Sesión Americana (09:30-09:35)
2025-10-18 08:31:16 | INFO | sicar.main | 📢 ALERTA SCALPING_REJECTED: ❌ Scalping rechazado para BTCUSDT: límites alcanzados o condiciones no cumplidas
2025-10-18 08:31:16 | INFO | sicar.main | 🚨 ALERTA STRONG_BREAKOUT: BTCUSDT - BULLISH breakout detectado (Confianza: 6000.0%, Fuerza: very_strong)
2025-10-18 08:31:16 | INFO | sicar.main | 📢 ALERTA SESSION_WINDOW: 🚨 VENTANA CRÍTICA ACTIVA: Sesión Americana (09:30-09:35)
2025-10-18 08:31:16 | INFO | sicar.main | 📢 ALERTA SESSION_BREAKOUT: 🔥 MODO ULTRA-SENSIBLE ACTIVADO para ADAUSDT en american
2025-10-18 08:31:16 | INFO | sicar.main | 📢 ALERTA FORCED_BREAKOUT: 🚨 BREAKOUT FORZADO en ADAUSDT: 0.187% durante american
2025-10-18 08:31:16 | INFO | sicar.main | 📢 ALERTA SESSION_WINDOW: 🚨 VENTANA CRÍTICA ACTIVA: Sesión Americana (09:30-09:35)
2025-10-18 08:31:16 | INFO | sicar.main | 📢 ALERTA SCALPING_REJECTED: ❌ Scalping rechazado para ADAUSDT: límites alcanzados o condiciones no cumplidas
2025-10-18 08:31:16 | INFO | sicar.main | 🚨 ALERTA STRONG_BREAKOUT: ADAUSDT - BULLISH breakout detectado (Confianza: 6000.0%, Fuerza: very_strong)
2025-10-18 08:31:46 | INFO | sicar.main | 📢 ALERTA SESSION_DETECTION: 🔥 DETECCIÓN ACELERADA: cada 30s durante american
2025-10-18 08:31:46 | INFO | sicar.main | 📢 ALERTA SESSION_WINDOW: 🚨 VENTANA CRÍTICA ACTIVA: Sesión Americana (09:30-09:35)
2025-10-18 08:31:46 | INFO | sicar.main | 📢 ALERTA SESSION_BREAKOUT: 🔥 MODO ULTRA-SENSIBLE ACTIVADO para ETHUSDT en american
2025-10-18 08:31:46 | INFO | sicar.main | 📢 ALERTA FORCED_CRITERIA: 🚨 CRITERIOS FORZADOS para ETHUSDT en american
2025-10-18 08:31:46 | INFO | sicar.main | 📢 ALERTA SESSION_WINDOW: 🚨 VENTANA CRÍTICA ACTIVA: Sesión Americana (09:30-09:35)
2025-10-18 08:31:46 | INFO | sicar.main | 📢 ALERTA SCALPING_REJECTED: ❌ Scalping rechazado para ETHUSDT: límites alcanzados o condiciones no cumplidas
2025-10-18 08:31:46 | INFO | sicar.main | 🚨 ALERTA STRONG_BREAKOUT: ETHUSDT - BEARISH breakout detectado (Confianza: 6000.0%, Fuerza: very_strong)
2025-10-18 08:31:46 | INFO | sicar.main | 📢 ALERTA SESSION_WINDOW: 🚨 VENTANA CRÍTICA ACTIVA: Sesión Americana (09:30-09:35)
2025-10-18 08:31:46 | INFO | sicar.main | 📢 ALERTA SESSION_BREAKOUT: 🔥 MODO ULTRA-SENSIBLE ACTIVADO para BTCUSDT en american
2025-10-18 08:31:46 | INFO | sicar.main | 📢 ALERTA FORCED_BREAKOUT: 🚨 BREAKOUT FORZADO en BTCUSDT: -0.088% durante american
2025-10-18 08:31:46 | INFO | sicar.main | 📢 ALERTA FORCED_CRITERIA: 🚨 CRITERIOS FORZADOS para BTCUSDT en american
2025-10-18 08:31:46 | INFO | sicar.main | 📢 ALERTA SESSION_WINDOW: 🚨 VENTANA CRÍTICA ACTIVA: Sesión Americana (09:30-09:35)
2025-10-18 08:31:46 | INFO | sicar.main | 📢 ALERTA SCALPING_REJECTED: ❌ Scalping rechazado para BTCUSDT: límites alcanzados o condiciones no cumplidas
2025-10-18 08:31:46 | INFO | sicar.main | 🚨 ALERTA STRONG_BREAKOUT: BTCUSDT - BEARISH breakout detectado (Confianza: 6000.0%, Fuerza: very_strong)
2025-10-18 08:31:46 | INFO | sicar.main | 📢 ALERTA SESSION_WINDOW: 🚨 VENTANA CRÍTICA ACTIVA: Sesión Americana (09:30-09:35)
2025-10-18 08:31:46 | INFO | sicar.main | 📢 ALERTA SESSION_BREAKOUT: 🔥 MODO ULTRA-SENSIBLE ACTIVADO para ADAUSDT en american
2025-10-18 08:31:46 | INFO | sicar.main | 📢 ALERTA FORCED_BREAKOUT: 🚨 BREAKOUT FORZADO en ADAUSDT: -0.248% durante american
2025-10-18 08:31:46 | INFO | sicar.main | 📢 ALERTA SESSION_WINDOW: 🚨 VENTANA CRÍTICA ACTIVA: Sesión Americana (09:30-09:35)
2025-10-18 08:31:46 | INFO | sicar.main | 📢 ALERTA SCALPING_REJECTED: ❌ Scalping rechazado para ADAUSDT: límites alcanzados o condiciones no cumplidas
2025-10-18 08:31:46 | INFO | sicar.main | 🚨 ALERTA STRONG_BREAKOUT: ADAUSDT - BEARISH breakout detectado (Confianza: 6000.0%, Fuerza: very_strong)
2025-10-18 08:32:16 | INFO | sicar.main | 📢 ALERTA SESSION_WINDOW: 🚨 VENTANA CRÍTICA ACTIVA: Sesión Americana (09:30-09:35)
2025-10-18 08:32:16 | INFO | sicar.main | 📢 ALERTA SESSION_DETECTION: 🔥 DETECCIÓN ACELERADA: cada 30s durante american
2025-10-18 08:32:16 | INFO | sicar.main | 📢 ALERTA SESSION_WINDOW: 🚨 VENTANA CRÍTICA ACTIVA: Sesión Americana (09:30-09:35)
2025-10-18 08:32:16 | INFO | sicar.main | 📢 ALERTA SESSION_BREAKOUT: 🔥 MODO ULTRA-SENSIBLE ACTIVADO para ETHUSDT en american
2025-10-18 08:32:16 | INFO | sicar.main | 📢 ALERTA GUARANTEE_ACTIVATION: 🚨 ACTIVANDO GARANTÍA DE BREAKOUT para ETHUSDT en american
2025-10-18 08:32:16 | INFO | sicar.main | 📢 ALERTA NORMAL_BREAKOUT_ENHANCED: 📈 BREAKOUT NORMAL MEJORADO para ETHUSDT: -0.077% basado en análisis técnico en american
2025-10-18 08:32:16 | INFO | sicar.main | 📢 ALERTA NORMAL_SESSION_BREAKOUT: ✅ BREAKOUT NORMAL generado para ETHUSDT en american: bearish -0.077% volumen 1.26x confianza 75.2%
2025-10-18 08:32:16 | INFO | sicar.main | 📢 ALERTA SESSION_WINDOW: 🚨 VENTANA CRÍTICA ACTIVA: Sesión Americana (09:30-09:35)
2025-10-18 08:32:16 | INFO | sicar.main | 📢 ALERTA SCALPING_REJECTED: ❌ Scalping rechazado para ETHUSDT: límites alcanzados o condiciones no cumplidas
2025-10-18 08:32:16 | INFO | sicar.main | 📢 ALERTA SESSION_WINDOW: 🚨 VENTANA CRÍTICA ACTIVA: Sesión Americana (09:30-09:35)
2025-10-18 08:32:16 | INFO | sicar.main | 📢 ALERTA SESSION_BREAKOUT: 🔥 MODO ULTRA-SENSIBLE ACTIVADO para BTCUSDT en american
2025-10-18 08:32:16 | INFO | sicar.main | 📢 ALERTA FORCED_BREAKOUT: 🚨 BREAKOUT FORZADO en BTCUSDT: -0.076% durante american
2025-10-18 08:32:16 | INFO | sicar.main | 📢 ALERTA FORCED_CRITERIA: 🚨 CRITERIOS FORZADOS para BTCUSDT en american
2025-10-18 08:32:17 | INFO | sicar.main | 📢 ALERTA SESSION_WINDOW: 🚨 VENTANA CRÍTICA ACTIVA: Sesión Americana (09:30-09:35)
2025-10-18 08:32:17 | INFO | sicar.main | 📢 ALERTA SCALPING_REJECTED: ❌ Scalping rechazado para BTCUSDT: límites alcanzados o condiciones no cumplidas
2025-10-18 08:32:17 | INFO | sicar.main | 🚨 ALERTA STRONG_BREAKOUT: BTCUSDT - BEARISH breakout detectado (Confianza: 6000.0%, Fuerza: very_strong)
2025-10-18 08:32:17 | INFO | sicar.main | 📢 ALERTA SESSION_WINDOW: 🚨 VENTANA CRÍTICA ACTIVA: Sesión Americana (09:30-09:35)
2025-10-18 08:32:17 | INFO | sicar.main | 📢 ALERTA SESSION_BREAKOUT: 🔥 MODO ULTRA-SENSIBLE ACTIVADO para ADAUSDT en american
2025-10-18 08:32:17 | INFO | sicar.main | 📢 ALERTA FORCED_BREAKOUT: 🚨 BREAKOUT FORZADO en ADAUSDT: 0.268% durante american
2025-10-18 08:32:17 | INFO | sicar.main | 📢 ALERTA SESSION_WINDOW: 🚨 VENTANA CRÍTICA ACTIVA: Sesión Americana (09:30-09:35)
2025-10-18 08:32:17 | INFO | sicar.main | 📢 ALERTA SCALPING_REJECTED: ❌ Scalping rechazado para ADAUSDT: límites alcanzados o condiciones no cumplidas
2025-10-18 08:32:17 | INFO | sicar.main | 🚨 ALERTA STRONG_BREAKOUT: ADAUSDT - BULLISH breakout detectado (Confianza: 6000.0%, Fuerza: very_strong)
2025-10-18 08:32:47 | INFO | sicar.main | 📢 ALERTA SESSION_DETECTION: 🔥 DETECCIÓN ACELERADA: cada 30s durante american
2025-10-18 08:32:47 | INFO | sicar.main | 📢 ALERTA SESSION_WINDOW: 🚨 VENTANA CRÍTICA ACTIVA: Sesión Americana (09:30-09:35)
2025-10-18 08:32:47 | INFO | sicar.main | 📢 ALERTA SESSION_BREAKOUT: 🔥 MODO ULTRA-SENSIBLE ACTIVADO para ETHUSDT en american
2025-10-18 08:32:47 | INFO | sicar.main | 📢 ALERTA SESSION_WINDOW: 🚨 VENTANA CRÍTICA ACTIVA: Sesión Americana (09:30-09:35)
2025-10-18 08:32:47 | INFO | sicar.main | 📢 ALERTA SCALPING_REJECTED: ❌ Scalping rechazado para ETHUSDT: límites alcanzados o condiciones no cumplidas
2025-10-18 08:32:47 | INFO | sicar.main | 🚨 ALERTA STRONG_BREAKOUT: ETHUSDT - BEARISH breakout detectado (Confianza: 6000.0%, Fuerza: very_strong)
2025-10-18 08:32:47 | INFO | sicar.main | 📢 ALERTA SESSION_WINDOW: 🚨 VENTANA CRÍTICA ACTIVA: Sesión Americana (09:30-09:35)
2025-10-18 08:32:47 | INFO | sicar.main | 📢 ALERTA SESSION_BREAKOUT: 🔥 MODO ULTRA-SENSIBLE ACTIVADO para BTCUSDT en american
2025-10-18 08:32:47 | INFO | sicar.main | 📢 ALERTA SESSION_WINDOW: 🚨 VENTANA CRÍTICA ACTIVA: Sesión Americana (09:30-09:35)
2025-10-18 08:32:47 | INFO | sicar.main | 📢 ALERTA SESSION_BREAKOUT: 🔥 MODO ULTRA-SENSIBLE ACTIVADO para ADAUSDT en american
2025-10-18 08:33:17 | INFO | sicar.main | 📢 ALERTA SESSION_WINDOW: 🚨 VENTANA CRÍTICA ACTIVA: Sesión Americana (09:30-09:35)
2025-10-18 08:33:17 | INFO | sicar.main | 📢 ALERTA SESSION_DETECTION: 🔥 DETECCIÓN ACELERADA: cada 30s durante american
2025-10-18 08:33:17 | INFO | sicar.main | 📢 ALERTA SESSION_WINDOW: 🚨 VENTANA CRÍTICA ACTIVA: Sesión Americana (09:30-09:35)
2025-10-18 08:33:17 | INFO | sicar.main | 📢 ALERTA SESSION_BREAKOUT: 🔥 MODO ULTRA-SENSIBLE ACTIVADO para ETHUSDT en american
2025-10-18 08:33:17 | INFO | sicar.main | 📢 ALERTA SESSION_WINDOW: 🚨 VENTANA CRÍTICA ACTIVA: Sesión Americana (09:30-09:35)
2025-10-18 08:33:17 | INFO | sicar.main | 📢 ALERTA SCALPING_REJECTED: ❌ Scalping rechazado para ETHUSDT: límites alcanzados o condiciones no cumplidas
2025-10-18 08:33:17 | INFO | sicar.main | 🚨 ALERTA STRONG_BREAKOUT: ETHUSDT - BEARISH breakout detectado (Confianza: 6000.0%, Fuerza: very_strong)
2025-10-18 08:33:17 | INFO | sicar.main | 📢 ALERTA SESSION_WINDOW: 🚨 VENTANA CRÍTICA ACTIVA: Sesión Americana (09:30-09:35)
2025-10-18 08:33:17 | INFO | sicar.main | 📢 ALERTA SESSION_BREAKOUT: 🔥 MODO ULTRA-SENSIBLE ACTIVADO para BTCUSDT en american
2025-10-18 08:33:17 | INFO | sicar.main | 📢 ALERTA FORCED_BREAKOUT: 🚨 BREAKOUT FORZADO en BTCUSDT: 0.158% durante american
2025-10-18 08:33:17 | INFO | sicar.main | 📢 ALERTA SESSION_WINDOW: 🚨 VENTANA CRÍTICA ACTIVA: Sesión Americana (09:30-09:35)
2025-10-18 08:33:17 | INFO | sicar.main | 📢 ALERTA SCALPING_REJECTED: ❌ Scalping rechazado para BTCUSDT: límites alcanzados o condiciones no cumplidas
2025-10-18 08:33:17 | INFO | sicar.main | 🚨 ALERTA STRONG_BREAKOUT: BTCUSDT - BULLISH breakout detectado (Confianza: 6000.0%, Fuerza: very_strong)
2025-10-18 08:33:17 | INFO | sicar.main | 📢 ALERTA SESSION_WINDOW: 🚨 VENTANA CRÍTICA ACTIVA: Sesión Americana (09:30-09:35)
2025-10-18 08:33:17 | INFO | sicar.main | 📢 ALERTA SESSION_BREAKOUT: 🔥 MODO ULTRA-SENSIBLE ACTIVADO para ADAUSDT en american
2025-10-18 08:33:47 | INFO | sicar.main | 📢 ALERTA SESSION_DETECTION: 🔥 DETECCIÓN ACELERADA: cada 30s durante american
2025-10-18 08:33:47 | INFO | sicar.main | 📢 ALERTA SESSION_WINDOW: 🚨 VENTANA CRÍTICA ACTIVA: Sesión Americana (09:30-09:35)
2025-10-18 08:33:47 | INFO | sicar.main | 📢 ALERTA SESSION_BREAKOUT: 🔥 MODO ULTRA-SENSIBLE ACTIVADO para ETHUSDT en american
2025-10-18 08:33:47 | INFO | sicar.main | 📢 ALERTA FORCED_CRITERIA: 🚨 CRITERIOS FORZADOS para ETHUSDT en american
2025-10-18 08:33:47 | INFO | sicar.main | 📢 ALERTA SESSION_WINDOW: 🚨 VENTANA CRÍTICA ACTIVA: Sesión Americana (09:30-09:35)
2025-10-18 08:33:47 | INFO | sicar.main | 📢 ALERTA SCALPING_REJECTED: ❌ Scalping rechazado para ETHUSDT: límites alcanzados o condiciones no cumplidas
2025-10-18 08:33:47 | INFO | sicar.main | 🚨 ALERTA STRONG_BREAKOUT: ETHUSDT - BEARISH breakout detectado (Confianza: 6000.0%, Fuerza: very_strong)
2025-10-18 08:33:47 | INFO | sicar.main | 📢 ALERTA SESSION_WINDOW: 🚨 VENTANA CRÍTICA ACTIVA: Sesión Americana (09:30-09:35)
2025-10-18 08:33:47 | INFO | sicar.main | 📢 ALERTA SESSION_BREAKOUT: 🔥 MODO ULTRA-SENSIBLE ACTIVADO para BTCUSDT en american
2025-10-18 08:33:47 | INFO | sicar.main | 📢 ALERTA FORCED_BREAKOUT: 🚨 BREAKOUT FORZADO en BTCUSDT: 0.158% durante american
2025-10-18 08:33:47 | INFO | sicar.main | 📢 ALERTA SESSION_WINDOW: 🚨 VENTANA CRÍTICA ACTIVA: Sesión Americana (09:30-09:35)
2025-10-18 08:33:47 | INFO | sicar.main | 📢 ALERTA SCALPING_REJECTED: ❌ Scalping rechazado para BTCUSDT: límites alcanzados o condiciones no cumplidas
2025-10-18 08:33:47 | INFO | sicar.main | 🚨 ALERTA STRONG_BREAKOUT: BTCUSDT - BULLISH breakout detectado (Confianza: 6000.0%, Fuerza: very_strong)
2025-10-18 08:33:47 | INFO | sicar.main | 📢 ALERTA SESSION_WINDOW: 🚨 VENTANA CRÍTICA ACTIVA: Sesión Americana (09:30-09:35)
2025-10-18 08:33:47 | INFO | sicar.main | 📢 ALERTA SESSION_BREAKOUT: 🔥 MODO ULTRA-SENSIBLE ACTIVADO para ADAUSDT en american
2025-10-18 08:33:47 | INFO | sicar.main | 📢 ALERTA FORCED_BREAKOUT: 🚨 BREAKOUT FORZADO en ADAUSDT: -0.129% durante american
2025-10-18 08:33:47 | INFO | sicar.main | 📢 ALERTA SESSION_WINDOW: 🚨 VENTANA CRÍTICA ACTIVA: Sesión Americana (09:30-09:35)
2025-10-18 08:33:47 | INFO | sicar.main | 📢 ALERTA SCALPING_REJECTED: ❌ Scalping rechazado para ADAUSDT: límites alcanzados o condiciones no cumplidas
2025-10-18 08:33:47 | INFO | sicar.main | 🚨 ALERTA STRONG_BREAKOUT: ADAUSDT - BEARISH breakout detectado (Confianza: 6000.0%, Fuerza: very_strong)
2025-10-18 08:34:17 | INFO | sicar.main | 📢 ALERTA SESSION_WINDOW: 🚨 VENTANA CRÍTICA ACTIVA: Sesión Americana (09:30-09:35)
2025-10-18 08:34:17 | INFO | sicar.main | 📢 ALERTA SESSION_DETECTION: 🔥 DETECCIÓN ACELERADA: cada 30s durante american
2025-10-18 08:34:17 | INFO | sicar.main | 📢 ALERTA SESSION_WINDOW: 🚨 VENTANA CRÍTICA ACTIVA: Sesión Americana (09:30-09:35)
2025-10-18 08:34:17 | INFO | sicar.main | 📢 ALERTA SESSION_BREAKOUT: 🔥 MODO ULTRA-SENSIBLE ACTIVADO para ETHUSDT en american
2025-10-18 08:34:17 | INFO | sicar.main | 📢 ALERTA GUARANTEE_ACTIVATION: 🚨 ACTIVANDO GARANTÍA DE BREAKOUT para ETHUSDT en american
2025-10-18 08:34:17 | INFO | sicar.main | 📢 ALERTA NORMAL_BREAKOUT_ENHANCED: 📈 BREAKOUT NORMAL MEJORADO para ETHUSDT: -0.067% basado en análisis técnico en american
2025-10-18 08:34:17 | INFO | sicar.main | 📢 ALERTA NORMAL_SESSION_BREAKOUT: ✅ BREAKOUT NORMAL generado para ETHUSDT en american: bearish -0.067% volumen 1.42x confianza 70.1%
2025-10-18 08:34:17 | INFO | sicar.main | 📢 ALERTA SESSION_WINDOW: 🚨 VENTANA CRÍTICA ACTIVA: Sesión Americana (09:30-09:35)
2025-10-18 08:34:17 | INFO | sicar.main | 📢 ALERTA SCALPING_REJECTED: ❌ Scalping rechazado para ETHUSDT: límites alcanzados o condiciones no cumplidas
2025-10-18 08:34:17 | INFO | sicar.main | 📢 ALERTA SESSION_WINDOW: 🚨 VENTANA CRÍTICA ACTIVA: Sesión Americana (09:30-09:35)
2025-10-18 08:34:17 | INFO | sicar.main | 📢 ALERTA SESSION_BREAKOUT: 🔥 MODO ULTRA-SENSIBLE ACTIVADO para BTCUSDT en american
2025-10-18 08:34:17 | INFO | sicar.main | 📢 ALERTA GUARANTEE_ACTIVATION: 🚨 ACTIVANDO GARANTÍA DE BREAKOUT para BTCUSDT en american
2025-10-18 08:34:17 | INFO | sicar.main | 📢 ALERTA NORMAL_BREAKOUT_ENHANCED: 📈 BREAKOUT NORMAL MEJORADO para BTCUSDT: -0.059% basado en análisis técnico en american
2025-10-18 08:34:17 | INFO | sicar.main | 📢 ALERTA NORMAL_SESSION_BREAKOUT: ✅ BREAKOUT NORMAL generado para BTCUSDT en american: bearish -0.059% volumen 1.20x confianza 70.1%
2025-10-18 08:34:17 | INFO | sicar.main | 📢 ALERTA SESSION_WINDOW: 🚨 VENTANA CRÍTICA ACTIVA: Sesión Americana (09:30-09:35)
2025-10-18 08:34:17 | INFO | sicar.main | 📢 ALERTA SCALPING_REJECTED: ❌ Scalping rechazado para BTCUSDT: límites alcanzados o condiciones no cumplidas
2025-10-18 08:34:17 | INFO | sicar.main | 📢 ALERTA SESSION_WINDOW: 🚨 VENTANA CRÍTICA ACTIVA: Sesión Americana (09:30-09:35)
2025-10-18 08:34:17 | INFO | sicar.main | 📢 ALERTA SESSION_BREAKOUT: 🔥 MODO ULTRA-SENSIBLE ACTIVADO para ADAUSDT en american
2025-10-18 08:34:17 | INFO | sicar.main | 📢 ALERTA FORCED_BREAKOUT: 🚨 BREAKOUT FORZADO en ADAUSDT: 0.063% durante american
2025-10-18 08:34:17 | INFO | sicar.main | 📢 ALERTA FORCED_CRITERIA: 🚨 CRITERIOS FORZADOS para ADAUSDT en american
2025-10-18 08:34:17 | INFO | sicar.main | 📢 ALERTA SESSION_WINDOW: 🚨 VENTANA CRÍTICA ACTIVA: Sesión Americana (09:30-09:35)
2025-10-18 08:34:17 | INFO | sicar.main | 📢 ALERTA SCALPING_REJECTED: ❌ Scalping rechazado para ADAUSDT: límites alcanzados o condiciones no cumplidas
2025-10-18 08:34:17 | INFO | sicar.main | 🚨 ALERTA STRONG_BREAKOUT: ADAUSDT - BULLISH breakout detectado (Confianza: 6000.0%, Fuerza: very_strong)
2025-10-18 08:34:47 | INFO | sicar.main | 📢 ALERTA SESSION_DETECTION: 🔥 DETECCIÓN ACELERADA: cada 30s durante american
2025-10-18 08:34:47 | INFO | sicar.main | 📢 ALERTA SESSION_WINDOW: 🚨 VENTANA CRÍTICA ACTIVA: Sesión Americana (09:30-09:35)
2025-10-18 08:34:47 | INFO | sicar.main | 📢 ALERTA SESSION_BREAKOUT: 🔥 MODO ULTRA-SENSIBLE ACTIVADO para ETHUSDT en american
2025-10-18 08:34:47 | INFO | sicar.main | 📢 ALERTA SESSION_WINDOW: 🚨 VENTANA CRÍTICA ACTIVA: Sesión Americana (09:30-09:35)
2025-10-18 08:34:47 | INFO | sicar.main | 📢 ALERTA SCALPING_REJECTED: ❌ Scalping rechazado para ETHUSDT: límites alcanzados o condiciones no cumplidas
2025-10-18 08:34:48 | INFO | sicar.main | 🚨 ALERTA STRONG_BREAKOUT: ETHUSDT - BEARISH breakout detectado (Confianza: 6000.0%, Fuerza: very_strong)
2025-10-18 08:34:48 | INFO | sicar.main | 📢 ALERTA SESSION_WINDOW: 🚨 VENTANA CRÍTICA ACTIVA: Sesión Americana (09:30-09:35)
2025-10-18 08:34:48 | INFO | sicar.main | 📢 ALERTA SESSION_BREAKOUT: 🔥 MODO ULTRA-SENSIBLE ACTIVADO para BTCUSDT en american
2025-10-18 08:34:48 | INFO | sicar.main | 📢 ALERTA FORCED_BREAKOUT: 🚨 BREAKOUT FORZADO en BTCUSDT: -0.134% durante american
2025-10-18 08:34:48 | INFO | sicar.main | 📢 ALERTA SESSION_WINDOW: 🚨 VENTANA CRÍTICA ACTIVA: Sesión Americana (09:30-09:35)
2025-10-18 08:34:48 | INFO | sicar.main | 📢 ALERTA SCALPING_REJECTED: ❌ Scalping rechazado para BTCUSDT: límites alcanzados o condiciones no cumplidas
2025-10-18 08:34:48 | INFO | sicar.main | 🚨 ALERTA STRONG_BREAKOUT: BTCUSDT - BEARISH breakout detectado (Confianza: 6000.0%, Fuerza: very_strong)
2025-10-18 08:34:48 | INFO | sicar.main | 📢 ALERTA SESSION_WINDOW: 🚨 VENTANA CRÍTICA ACTIVA: Sesión Americana (09:30-09:35)
2025-10-18 08:34:48 | INFO | sicar.main | 📢 ALERTA SESSION_BREAKOUT: 🔥 MODO ULTRA-SENSIBLE ACTIVADO para ADAUSDT en american
2025-10-18 08:34:48 | INFO | sicar.main | 📢 ALERTA FORCED_BREAKOUT: 🚨 BREAKOUT FORZADO en ADAUSDT: -0.068% durante american
2025-10-18 08:34:48 | INFO | sicar.main | 📢 ALERTA FORCED_CRITERIA: 🚨 CRITERIOS FORZADOS para ADAUSDT en american
2025-10-18 08:34:48 | INFO | sicar.main | 📢 ALERTA SESSION_WINDOW: 🚨 VENTANA CRÍTICA ACTIVA: Sesión Americana (09:30-09:35)
2025-10-18 08:34:48 | INFO | sicar.main | 📢 ALERTA SCALPING_REJECTED: ❌ Scalping rechazado para ADAUSDT: límites alcanzados o condiciones no cumplidas
2025-10-18 08:34:48 | INFO | sicar.main | 🚨 ALERTA STRONG_BREAKOUT: ADAUSDT - BEARISH breakout detectado (Confianza: 6000.0%, Fuerza: very_strong)
2025-10-18 08:35:18 | INFO | sicar.main | 📢 ALERTA SESSION_WINDOW: 🚨 VENTANA CRÍTICA ACTIVA: Sesión Americana (09:30-09:35)
2025-10-18 08:35:18 | INFO | sicar.main | 📢 ALERTA SESSION_DETECTION: 🔥 DETECCIÓN ACELERADA: cada 30s durante american
2025-10-18 08:35:18 | INFO | sicar.main | 📢 ALERTA SESSION_WINDOW: 🚨 VENTANA CRÍTICA ACTIVA: Sesión Americana (09:30-09:35)
2025-10-18 08:35:18 | INFO | sicar.main | 📢 ALERTA SESSION_BREAKOUT: 🔥 MODO ULTRA-SENSIBLE ACTIVADO para ETHUSDT en american
2025-10-18 08:35:18 | INFO | sicar.main | 📢 ALERTA SESSION_WINDOW: 🚨 VENTANA CRÍTICA ACTIVA: Sesión Americana (09:30-09:35)
2025-10-18 08:35:18 | INFO | sicar.main | 📢 ALERTA SCALPING_REJECTED: ❌ Scalping rechazado para ETHUSDT: límites alcanzados o condiciones no cumplidas
2025-10-18 08:35:18 | INFO | sicar.main | 🚨 ALERTA STRONG_BREAKOUT: ETHUSDT - BEARISH breakout detectado (Confianza: 6000.0%, Fuerza: very_strong)
2025-10-18 08:35:18 | INFO | sicar.main | 📢 ALERTA SESSION_WINDOW: 🚨 VENTANA CRÍTICA ACTIVA: Sesión Americana (09:30-09:35)
2025-10-18 08:35:18 | INFO | sicar.main | 📢 ALERTA SESSION_BREAKOUT: 🔥 MODO ULTRA-SENSIBLE ACTIVADO para BTCUSDT en american
2025-10-18 08:35:18 | INFO | sicar.main | 📢 ALERTA SESSION_WINDOW: 🚨 VENTANA CRÍTICA ACTIVA: Sesión Americana (09:30-09:35)
2025-10-18 08:35:18 | INFO | sicar.main | 📢 ALERTA SESSION_BREAKOUT: 🔥 MODO ULTRA-SENSIBLE ACTIVADO para ADAUSDT en american
2025-10-18 08:35:18 | INFO | sicar.main | 📢 ALERTA FORCED_BREAKOUT: 🚨 BREAKOUT FORZADO en ADAUSDT: -0.062% durante american
2025-10-18 08:35:18 | INFO | sicar.main | 📢 ALERTA FORCED_CRITERIA: 🚨 CRITERIOS FORZADOS para ADAUSDT en american
2025-10-18 08:35:18 | INFO | sicar.main | 📢 ALERTA SESSION_WINDOW: 🚨 VENTANA CRÍTICA ACTIVA: Sesión Americana (09:30-09:35)
2025-10-18 08:35:18 | INFO | sicar.main | 📢 ALERTA SCALPING_REJECTED: ❌ Scalping rechazado para ADAUSDT: límites alcanzados o condiciones no cumplidas
2025-10-18 08:35:18 | INFO | sicar.main | 🚨 ALERTA STRONG_BREAKOUT: ADAUSDT - BEARISH breakout detectado (Confianza: 6000.0%, Fuerza: very_strong)
2025-10-18 08:35:48 | INFO | sicar.main | 📢 ALERTA SESSION_DETECTION: 🔥 DETECCIÓN ACELERADA: cada 30s durante american
2025-10-18 08:35:48 | INFO | sicar.main | 📢 ALERTA SESSION_WINDOW: 🚨 VENTANA CRÍTICA ACTIVA: Sesión Americana (09:30-09:35)
2025-10-18 08:35:48 | INFO | sicar.main | 📢 ALERTA SESSION_BREAKOUT: 🔥 MODO ULTRA-SENSIBLE ACTIVADO para ETHUSDT en american
2025-10-18 08:35:48 | INFO | sicar.main | 📢 ALERTA GUARANTEE_ACTIVATION: 🚨 ACTIVANDO GARANTÍA DE BREAKOUT para ETHUSDT en american
2025-10-18 08:35:48 | INFO | sicar.main | 📢 ALERTA NORMAL_BREAKOUT_ENHANCED: 📈 BREAKOUT NORMAL MEJORADO para ETHUSDT: -0.064% basado en análisis técnico en american
2025-10-18 08:35:48 | INFO | sicar.main | 📢 ALERTA NORMAL_SESSION_BREAKOUT: ✅ BREAKOUT NORMAL generado para ETHUSDT en american: bearish -0.064% volumen 1.29x confianza 65.1%
2025-10-18 08:35:48 | INFO | sicar.main | 📢 ALERTA SESSION_WINDOW: 🚨 VENTANA CRÍTICA ACTIVA: Sesión Americana (09:30-09:35)
2025-10-18 08:35:48 | INFO | sicar.main | 📢 ALERTA SCALPING_REJECTED: ❌ Scalping rechazado para ETHUSDT: límites alcanzados o condiciones no cumplidas
2025-10-18 08:35:48 | INFO | sicar.main | 📢 ALERTA SESSION_WINDOW: 🚨 VENTANA CRÍTICA ACTIVA: Sesión Americana (09:30-09:35)
2025-10-18 08:35:48 | INFO | sicar.main | 📢 ALERTA SESSION_BREAKOUT: 🔥 MODO ULTRA-SENSIBLE ACTIVADO para BTCUSDT en american
2025-10-18 08:35:48 | INFO | sicar.main | 📢 ALERTA SESSION_WINDOW: 🚨 VENTANA CRÍTICA ACTIVA: Sesión Americana (09:30-09:35)
2025-10-18 08:35:48 | INFO | sicar.main | 📢 ALERTA SESSION_BREAKOUT: 🔥 MODO ULTRA-SENSIBLE ACTIVADO para ADAUSDT en american
2025-10-18 08:35:48 | INFO | sicar.main | 📢 ALERTA FORCED_BREAKOUT: 🚨 BREAKOUT FORZADO en ADAUSDT: 0.145% durante american
2025-10-18 08:35:48 | INFO | sicar.main | 📢 ALERTA SESSION_WINDOW: 🚨 VENTANA CRÍTICA ACTIVA: Sesión Americana (09:30-09:35)
2025-10-18 08:35:48 | INFO | sicar.main | 📢 ALERTA SCALPING_REJECTED: ❌ Scalping rechazado para ADAUSDT: límites alcanzados o condiciones no cumplidas
2025-10-18 08:35:48 | INFO | sicar.main | 🚨 ALERTA STRONG_BREAKOUT: ADAUSDT - BULLISH breakout detectado (Confianza: 6000.0%, Fuerza: very_strong)
2025-10-18 08:39:48 | INFO | sicar.main | 📢 ALERTA SCALPING_REJECTED: ❌ Scalping rechazado para ETHUSDT: límites alcanzados o condiciones no cumplidas
2025-10-18 08:39:48 | INFO | sicar.main | 🚨 ALERTA STRONG_BREAKOUT: ETHUSDT - BULLISH breakout detectado (Confianza: 62.9%, Fuerza: very_strong)
2025-10-18 09:34:23 | INFO | sicar.main | 📢 ALERTA SCALPING_REJECTED: ❌ Scalping rechazado para BTCUSDT: límites alcanzados o condiciones no cumplidas
2025-10-18 09:34:23 | INFO | sicar.main | ⚠️ ALERTA STRONG_BREAKOUT: BTCUSDT - BEARISH breakout detectado (Confianza: 55.5%, Fuerza: strong)
2025-10-18 09:41:53 | INFO | sicar.main | 📢 ALERTA SCALPING_REJECTED: ❌ Scalping rechazado para ETHUSDT: límites alcanzados o condiciones no cumplidas
2025-10-18 09:41:54 | INFO | sicar.main | ⚠️ ALERTA STRONG_BREAKOUT: ETHUSDT - BEARISH breakout detectado (Confianza: 58.0%, Fuerza: strong)
2025-10-18 09:47:24 | INFO | sicar.main | 📢 ALERTA SCALPING_REJECTED: ❌ Scalping rechazado para BTCUSDT: límites alcanzados o condiciones no cumplidas
2025-10-18 09:47:24 | INFO | sicar.main | ⚠️ ALERTA STRONG_BREAKOUT: BTCUSDT - BULLISH breakout detectado (Confianza: 55.8%, Fuerza: strong)
2025-10-18 10:08:26 | INFO | sicar.main | 📢 ALERTA SCALPING_REJECTED: ❌ Scalping rechazado para BTCUSDT: límites alcanzados o condiciones no cumplidas
2025-10-18 10:08:26 | INFO | sicar.main | ⚠️ ALERTA STRONG_BREAKOUT: BTCUSDT - BEARISH breakout detectado (Confianza: 62.1%, Fuerza: strong)
2025-10-18 10:33:58 | INFO | sicar.main | 📢 ALERTA SCALPING_REJECTED: ❌ Scalping rechazado para ADAUSDT: límites alcanzados o condiciones no cumplidas
2025-10-18 10:33:58 | INFO | sicar.main | 🚨 ALERTA STRONG_BREAKOUT: ADAUSDT - BEARISH breakout detectado (Confianza: 66.8%, Fuerza: very_strong)
2025-10-18 10:36:58 | INFO | sicar.main | 📢 ALERTA SCALPING_REJECTED: ❌ Scalping rechazado para ADAUSDT: límites alcanzados o condiciones no cumplidas
2025-10-18 10:36:58 | INFO | sicar.main | ⚠️ ALERTA STRONG_BREAKOUT: ADAUSDT - BEARISH breakout detectado (Confianza: 58.8%, Fuerza: strong)
2025-10-18 10:47:02 | INFO | sicar.main | 🔄 SYNC LOAD: ✅ ÉXITO
2025-10-18 10:47:02 | INFO | sicar.main |    Detalles: Datos cargados: 15 campos
2025-10-18 10:47:03 | INFO | sicar.main | 📢 ALERTA SCALPING_INIT: ScalpingEngine inicializado correctamente
2025-10-18 10:47:04 | INFO | sicar.main | 📢 ALERTA SCALPING_INIT: ScalpingEngine inicializado correctamente
2025-10-18 10:47:04 | INFO | sicar.main | 📢 ALERTA PAPER_TRADING: Motor de paper trading inicializado con $200.00
2025-10-18 10:47:04 | INFO | sicar.main | 📢 ALERTA SCALPING_INIT: ScalpingEngine inicializado correctamente
2025-10-18 10:47:06 | INFO | sicar.main | 📢 ALERTA OBSERVER_ADDED: Observador agregado al detector de breakouts
2025-10-18 10:47:06 | INFO | sicar.main | 🔄 SYNC AUTO_SYNC: ✅ ÉXITO
2025-10-18 10:47:06 | INFO | sicar.main |    Detalles: Sincronización automática iniciada
2025-10-18 10:47:06 | INFO | sicar.main | 📢 ALERTA BREAKOUT_DETECTOR: 🚀 Iniciando bucle de detección de breakouts OPTIMIZADO
2025-10-18 10:47:06 | INFO | sicar.main | 📢 ALERTA BREAKOUT_DETECTOR: Detector de breakouts iniciado
2025-10-18 10:47:06 | INFO | sicar.main | 📢 ALERTA SCALPING_START: ScalpingEngine iniciado con el detector
2025-10-18 10:47:06 | INFO | sicar.main | 📢 ALERTA DASHBOARD: Dashboard mejorado iniciado correctamente
2025-10-18 10:48:08 | INFO | sicar.main | 🔄 SYNC LOAD: ✅ ÉXITO
2025-10-18 10:48:08 | INFO | sicar.main |    Detalles: Datos cargados: 15 campos
2025-10-18 10:48:08 | INFO | sicar.main | 📢 ALERTA SCALPING_INIT: ScalpingEngine inicializado correctamente
2025-10-18 10:48:09 | INFO | sicar.main | 📢 ALERTA SCALPING_INIT: ScalpingEngine inicializado correctamente
2025-10-18 10:48:09 | INFO | sicar.main | 📢 ALERTA PAPER_TRADING: Motor de paper trading inicializado con $200.00
2025-10-18 10:48:09 | INFO | sicar.main | 📢 ALERTA SCALPING_INIT: ScalpingEngine inicializado correctamente
2025-10-18 10:48:10 | INFO | sicar.main | 📢 ALERTA OBSERVER_ADDED: Observador agregado al detector de breakouts
2025-10-18 10:48:10 | INFO | sicar.main | 🔄 SYNC AUTO_SYNC: ✅ ÉXITO
2025-10-18 10:48:10 | INFO | sicar.main |    Detalles: Sincronización automática iniciada
2025-10-18 10:48:10 | INFO | sicar.main | 📢 ALERTA BREAKOUT_DETECTOR: 🚀 Iniciando bucle de detección de breakouts OPTIMIZADO
2025-10-18 10:48:10 | INFO | sicar.main | 📢 ALERTA BREAKOUT_DETECTOR: Detector de breakouts iniciado
2025-10-18 10:48:10 | INFO | sicar.main | 📢 ALERTA SCALPING_START: ScalpingEngine iniciado con el detector
2025-10-18 10:48:10 | INFO | sicar.main | 📢 ALERTA DASHBOARD: Dashboard mejorado iniciado correctamente
2025-10-18 10:48:50 | INFO | sicar.main | 🔄 SYNC LOAD: ✅ ÉXITO
2025-10-18 10:48:50 | INFO | sicar.main |    Detalles: Datos cargados: 15 campos
2025-10-18 10:48:50 | INFO | sicar.main | 📢 ALERTA SCALPING_INIT: ScalpingEngine inicializado correctamente
2025-10-18 10:48:51 | INFO | sicar.main | 📢 ALERTA SCALPING_INIT: ScalpingEngine inicializado correctamente
2025-10-18 10:48:51 | INFO | sicar.main | 📢 ALERTA PAPER_TRADING: Motor de paper trading inicializado con $200.00
2025-10-18 10:48:51 | INFO | sicar.main | 📢 ALERTA SCALPING_INIT: ScalpingEngine inicializado correctamente
2025-10-18 10:48:52 | INFO | sicar.main | 📢 ALERTA OBSERVER_ADDED: Observador agregado al detector de breakouts
2025-10-18 10:48:52 | INFO | sicar.main | 🔄 SYNC AUTO_SYNC: ✅ ÉXITO
2025-10-18 10:48:52 | INFO | sicar.main |    Detalles: Sincronización automática iniciada
2025-10-18 10:48:52 | INFO | sicar.main | 📢 ALERTA BREAKOUT_DETECTOR: 🚀 Iniciando bucle de detección de breakouts OPTIMIZADO
2025-10-18 10:48:52 | INFO | sicar.main | 📢 ALERTA BREAKOUT_DETECTOR: Detector de breakouts iniciado
2025-10-18 10:48:52 | INFO | sicar.main | 📢 ALERTA SCALPING_START: ScalpingEngine iniciado con el detector
2025-10-18 10:48:52 | INFO | sicar.main | 📢 ALERTA DASHBOARD: Dashboard mejorado iniciado correctamente
2025-10-18 10:54:36 | INFO | sicar.main | 🚨 ALERTA SCALPING_ACTIVATED: 🚀 SCALPING AUTOMÁTICO: ETHUSDT BEARISH (Confianza: 0.6%, Precio: $1972.8136)
2025-10-18 10:54:36 | INFO | sicar.main | ⚠️ ALERTA STRONG_BREAKOUT: ETHUSDT - BEARISH breakout detectado (Confianza: 64.0%, Fuerza: strong)
2025-10-18 11:07:37 | INFO | sicar.main | 🚨 ALERTA SCALPING_ACTIVATED: 🚀 SCALPING AUTOMÁTICO: ADAUSDT BULLISH (Confianza: 0.6%, Precio: $2015.6210)
2025-10-18 11:07:37 | INFO | sicar.main | ⚠️ ALERTA STRONG_BREAKOUT: ADAUSDT - BULLISH breakout detectado (Confianza: 61.2%, Fuerza: strong)
2025-10-18 11:17:00 | INFO | sicar.main | 📢 ALERTA SCALPING_REJECTED: ❌ Scalping rechazado para BTCUSDT: límites alcanzados o condiciones no cumplidas
2025-10-18 11:17:00 | INFO | sicar.main | 🚨 ALERTA STRONG_BREAKOUT: BTCUSDT - BULLISH breakout detectado (Confianza: 69.6%, Fuerza: very_strong)
2025-10-18 11:19:08 | INFO | sicar.main | 📢 ALERTA SCALPING_REJECTED: ❌ Scalping rechazado para BTCUSDT: límites alcanzados o condiciones no cumplidas
2025-10-18 11:19:08 | INFO | sicar.main | ⚠️ ALERTA STRONG_BREAKOUT: BTCUSDT - BULLISH breakout detectado (Confianza: 56.8%, Fuerza: strong)
2025-10-18 11:23:08 | INFO | sicar.main | 📢 ALERTA SCALPING_REJECTED: ❌ Scalping rechazado para ADAUSDT: límites alcanzados o condiciones no cumplidas
2025-10-18 11:23:08 | INFO | sicar.main | ⚠️ ALERTA STRONG_BREAKOUT: ADAUSDT - BULLISH breakout detectado (Confianza: 56.8%, Fuerza: strong)
2025-10-18 11:32:31 | INFO | sicar.main | 📢 ALERTA SCALPING_REJECTED: ❌ Scalping rechazado para ETHUSDT: límites alcanzados o condiciones no cumplidas
2025-10-18 11:32:31 | INFO | sicar.main | ⚠️ ALERTA STRONG_BREAKOUT: ETHUSDT - BULLISH breakout detectado (Confianza: 55.4%, Fuerza: strong)
2025-10-18 11:33:39 | INFO | sicar.main | 📢 ALERTA SCALPING_REJECTED: ❌ Scalping rechazado para BTCUSDT: límites alcanzados o condiciones no cumplidas
2025-10-18 11:33:39 | INFO | sicar.main | 🚨 ALERTA STRONG_BREAKOUT: BTCUSDT - BULLISH breakout detectado (Confianza: 67.2%, Fuerza: very_strong)
2025-10-18 11:49:10 | INFO | sicar.main | 📢 ALERTA SCALPING_REJECTED: ❌ Scalping rechazado para BTCUSDT: límites alcanzados o condiciones no cumplidas
2025-10-18 11:49:10 | INFO | sicar.main | ⚠️ ALERTA STRONG_BREAKOUT: BTCUSDT - BULLISH breakout detectado (Confianza: 57.6%, Fuerza: strong)
2025-10-18 12:00:33 | INFO | sicar.main | 📢 ALERTA SCALPING_REJECTED: ❌ Scalping rechazado para ETHUSDT: límites alcanzados o condiciones no cumplidas
2025-10-18 12:00:33 | INFO | sicar.main | 🚨 ALERTA STRONG_BREAKOUT: ETHUSDT - BULLISH breakout detectado (Confianza: 66.7%, Fuerza: very_strong)
2025-10-18 12:01:03 | INFO | sicar.main | 📢 ALERTA SCALPING_REJECTED: ❌ Scalping rechazado para ADAUSDT: límites alcanzados o condiciones no cumplidas
2025-10-18 12:01:03 | INFO | sicar.main | ⚠️ ALERTA STRONG_BREAKOUT: ADAUSDT - BULLISH breakout detectado (Confianza: 60.8%, Fuerza: strong)
2025-10-18 12:06:34 | INFO | sicar.main | 📢 ALERTA BREAKOUT_DETECTOR: Detector de breakouts detenido
2025-10-18 12:06:34 | INFO | sicar.main | 📢 ALERTA SCALPING_STOP: ScalpingEngine detenido con el detector
2025-10-18 12:06:34 | INFO | sicar.main | 🔄 SYNC AUTO_SYNC: ✅ ÉXITO
2025-10-18 12:06:34 | INFO | sicar.main |    Detalles: Sincronización automática detenida
2025-10-18 12:06:34 | INFO | sicar.main | 📢 ALERTA DASHBOARD: Dashboard cerrado correctamente
2025-10-18 12:20:04 | INFO | sicar.main | 📢 ALERTA SCALPING_REJECTED: ❌ Scalping rechazado para BTCUSDT: límites alcanzados o condiciones no cumplidas
2025-10-18 12:20:04 | INFO | sicar.main | ⚠️ ALERTA STRONG_BREAKOUT: BTCUSDT - BULLISH breakout detectado (Confianza: 57.7%, Fuerza: strong)
2025-10-18 12:28:35 | INFO | sicar.main | 📢 ALERTA SCALPING_REJECTED: ❌ Scalping rechazado para BTCUSDT: límites alcanzados o condiciones no cumplidas
2025-10-18 12:28:35 | INFO | sicar.main | ⚠️ ALERTA STRONG_BREAKOUT: BTCUSDT - BEARISH breakout detectado (Confianza: 55.6%, Fuerza: strong)
2025-10-18 12:44:06 | INFO | sicar.main | 📢 ALERTA SCALPING_REJECTED: ❌ Scalping rechazado para ADAUSDT: límites alcanzados o condiciones no cumplidas
2025-10-18 12:44:06 | INFO | sicar.main | 🚨 ALERTA STRONG_BREAKOUT: ADAUSDT - BEARISH breakout detectado (Confianza: 61.6%, Fuerza: very_strong)
2025-10-18 12:46:36 | INFO | sicar.main | 📢 ALERTA SCALPING_REJECTED: ❌ Scalping rechazado para ETHUSDT: límites alcanzados o condiciones no cumplidas
2025-10-18 12:46:36 | INFO | sicar.main | ⚠️ ALERTA STRONG_BREAKOUT: ETHUSDT - BEARISH breakout detectado (Confianza: 57.6%, Fuerza: strong)
2025-10-18 12:51:36 | INFO | sicar.main | 📢 ALERTA SCALPING_REJECTED: ❌ Scalping rechazado para BTCUSDT: límites alcanzados o condiciones no cumplidas
2025-10-18 12:51:36 | INFO | sicar.main | 🚨 ALERTA STRONG_BREAKOUT: BTCUSDT - BEARISH breakout detectado (Confianza: 61.5%, Fuerza: very_strong)
2025-10-18 12:55:06 | INFO | sicar.main | 📢 ALERTA SCALPING_REJECTED: ❌ Scalping rechazado para ETHUSDT: límites alcanzados o condiciones no cumplidas
2025-10-18 12:55:06 | INFO | sicar.main | ⚠️ ALERTA STRONG_BREAKOUT: ETHUSDT - BULLISH breakout detectado (Confianza: 56.9%, Fuerza: strong)
2025-10-18 13:12:37 | INFO | sicar.main | 📢 ALERTA SCALPING_REJECTED: ❌ Scalping rechazado para BTCUSDT: límites alcanzados o condiciones no cumplidas
2025-10-18 13:12:37 | INFO | sicar.main | ⚠️ ALERTA STRONG_BREAKOUT: BTCUSDT - BEARISH breakout detectado (Confianza: 55.1%, Fuerza: strong)
2025-10-18 13:18:07 | INFO | sicar.main | 📢 ALERTA SCALPING_REJECTED: ❌ Scalping rechazado para ETHUSDT: límites alcanzados o condiciones no cumplidas
2025-10-18 13:18:08 | INFO | sicar.main | ⚠️ ALERTA STRONG_BREAKOUT: ETHUSDT - BEARISH breakout detectado (Confianza: 58.8%, Fuerza: strong)
2025-10-18 13:20:38 | INFO | sicar.main | 📢 ALERTA SCALPING_REJECTED: ❌ Scalping rechazado para ADAUSDT: límites alcanzados o condiciones no cumplidas
2025-10-18 13:20:38 | INFO | sicar.main | ⚠️ ALERTA STRONG_BREAKOUT: ADAUSDT - BEARISH breakout detectado (Confianza: 55.6%, Fuerza: strong)
2025-10-18 13:55:10 | INFO | sicar.main | 📢 ALERTA SCALPING_REJECTED: ❌ Scalping rechazado para ETHUSDT: límites alcanzados o condiciones no cumplidas
2025-10-18 13:55:10 | INFO | sicar.main | ⚠️ ALERTA STRONG_BREAKOUT: ETHUSDT - BULLISH breakout detectado (Confianza: 60.3%, Fuerza: strong)
2025-10-18 14:02:40 | INFO | sicar.main | 📢 ALERTA SCALPING_REJECTED: ❌ Scalping rechazado para ETHUSDT: límites alcanzados o condiciones no cumplidas
2025-10-18 14:02:40 | INFO | sicar.main | ⚠️ ALERTA STRONG_BREAKOUT: ETHUSDT - BEARISH breakout detectado (Confianza: 63.1%, Fuerza: strong)
2025-10-18 14:03:10 | INFO | sicar.main | 📢 ALERTA SCALPING_REJECTED: ❌ Scalping rechazado para BTCUSDT: límites alcanzados o condiciones no cumplidas
2025-10-18 14:03:10 | INFO | sicar.main | 🚨 ALERTA STRONG_BREAKOUT: BTCUSDT - BEARISH breakout detectado (Confianza: 61.6%, Fuerza: very_strong)
2025-10-18 14:08:41 | INFO | sicar.main | 📢 ALERTA SCALPING_REJECTED: ❌ Scalping rechazado para ADAUSDT: límites alcanzados o condiciones no cumplidas
2025-10-18 14:08:41 | INFO | sicar.main | ⚠️ ALERTA STRONG_BREAKOUT: ADAUSDT - BULLISH breakout detectado (Confianza: 56.8%, Fuerza: strong)
2025-10-18 14:16:11 | INFO | sicar.main | 📢 ALERTA SCALPING_REJECTED: ❌ Scalping rechazado para ADAUSDT: límites alcanzados o condiciones no cumplidas
2025-10-18 14:16:11 | INFO | sicar.main | ⚠️ ALERTA STRONG_BREAKOUT: ADAUSDT - BEARISH breakout detectado (Confianza: 56.4%, Fuerza: strong)
2025-10-18 14:21:42 | INFO | sicar.main | 📢 ALERTA SCALPING_REJECTED: ❌ Scalping rechazado para BTCUSDT: límites alcanzados o condiciones no cumplidas
2025-10-18 14:21:42 | INFO | sicar.main | 🚨 ALERTA STRONG_BREAKOUT: BTCUSDT - BULLISH breakout detectado (Confianza: 63.4%, Fuerza: very_strong)
2025-10-18 14:27:42 | INFO | sicar.main | 📢 ALERTA SCALPING_REJECTED: ❌ Scalping rechazado para ADAUSDT: límites alcanzados o condiciones no cumplidas
2025-10-18 14:27:42 | INFO | sicar.main | ⚠️ ALERTA STRONG_BREAKOUT: ADAUSDT - BULLISH breakout detectado (Confianza: 60.8%, Fuerza: strong)
2025-10-18 14:32:12 | INFO | sicar.main | 📢 ALERTA SCALPING_REJECTED: ❌ Scalping rechazado para ETHUSDT: límites alcanzados o condiciones no cumplidas
2025-10-18 14:32:12 | INFO | sicar.main | ⚠️ ALERTA STRONG_BREAKOUT: ETHUSDT - BEARISH breakout detectado (Confianza: 55.8%, Fuerza: strong)
2025-10-18 14:49:13 | INFO | sicar.main | 📢 ALERTA SCALPING_REJECTED: ❌ Scalping rechazado para ETHUSDT: límites alcanzados o condiciones no cumplidas
2025-10-18 14:49:13 | INFO | sicar.main | 🚨 ALERTA STRONG_BREAKOUT: ETHUSDT - BEARISH breakout detectado (Confianza: 65.1%, Fuerza: very_strong)
2025-10-18 15:14:15 | INFO | sicar.main | 📢 ALERTA SCALPING_REJECTED: ❌ Scalping rechazado para ETHUSDT: límites alcanzados o condiciones no cumplidas
2025-10-18 15:14:15 | INFO | sicar.main | ⚠️ ALERTA STRONG_BREAKOUT: ETHUSDT - BULLISH breakout detectado (Confianza: 60.0%, Fuerza: strong)
2025-10-18 15:36:17 | INFO | sicar.main | 📢 ALERTA SCALPING_REJECTED: ❌ Scalping rechazado para ETHUSDT: límites alcanzados o condiciones no cumplidas
2025-10-18 15:36:17 | INFO | sicar.main | ⚠️ ALERTA STRONG_BREAKOUT: ETHUSDT - BULLISH breakout detectado (Confianza: 59.6%, Fuerza: strong)
2025-10-18 15:41:17 | INFO | sicar.main | 📢 ALERTA SCALPING_REJECTED: ❌ Scalping rechazado para BTCUSDT: límites alcanzados o condiciones no cumplidas
2025-10-18 15:41:17 | INFO | sicar.main | ⚠️ ALERTA STRONG_BREAKOUT: BTCUSDT - BULLISH breakout detectado (Confianza: 56.2%, Fuerza: strong)
2025-10-18 15:53:18 | INFO | sicar.main | 📢 ALERTA SCALPING_REJECTED: ❌ Scalping rechazado para ETHUSDT: límites alcanzados o condiciones no cumplidas
2025-10-18 15:53:18 | INFO | sicar.main | ⚠️ ALERTA STRONG_BREAKOUT: ETHUSDT - BULLISH breakout detectado (Confianza: 60.6%, Fuerza: strong)
2025-10-18 16:09:18 | INFO | sicar.main | 📢 ALERTA SCALPING_REJECTED: ❌ Scalping rechazado para ETHUSDT: límites alcanzados o condiciones no cumplidas
2025-10-18 16:09:19 | INFO | sicar.main | ⚠️ ALERTA STRONG_BREAKOUT: ETHUSDT - BULLISH breakout detectado (Confianza: 62.5%, Fuerza: strong)
2025-10-18 16:11:49 | INFO | sicar.main | 📢 ALERTA SCALPING_REJECTED: ❌ Scalping rechazado para ETHUSDT: límites alcanzados o condiciones no cumplidas
2025-10-18 16:11:49 | INFO | sicar.main | ⚠️ ALERTA STRONG_BREAKOUT: ETHUSDT - BULLISH breakout detectado (Confianza: 56.1%, Fuerza: strong)
2025-10-18 16:14:49 | INFO | sicar.main | 📢 ALERTA SCALPING_REJECTED: ❌ Scalping rechazado para ETHUSDT: límites alcanzados o condiciones no cumplidas
2025-10-18 16:14:49 | INFO | sicar.main | 🚨 ALERTA STRONG_BREAKOUT: ETHUSDT - BULLISH breakout detectado (Confianza: 63.7%, Fuerza: very_strong)
2025-10-18 16:15:19 | INFO | sicar.main | 📢 ALERTA SCALPING_REJECTED: ❌ Scalping rechazado para ADAUSDT: límites alcanzados o condiciones no cumplidas
2025-10-18 16:15:19 | INFO | sicar.main | ⚠️ ALERTA STRONG_BREAKOUT: ADAUSDT - BEARISH breakout detectado (Confianza: 59.2%, Fuerza: strong)
2025-10-18 16:20:50 | INFO | sicar.main | 📢 ALERTA SCALPING_REJECTED: ❌ Scalping rechazado para BTCUSDT: límites alcanzados o condiciones no cumplidas
2025-10-18 16:20:50 | INFO | sicar.main | 🚨 ALERTA STRONG_BREAKOUT: BTCUSDT - BULLISH breakout detectado (Confianza: 65.1%, Fuerza: very_strong)
2025-10-18 16:27:50 | INFO | sicar.main | 📢 ALERTA SCALPING_REJECTED: ❌ Scalping rechazado para ADAUSDT: límites alcanzados o condiciones no cumplidas
2025-10-18 16:27:50 | INFO | sicar.main | 🚨 ALERTA STRONG_BREAKOUT: ADAUSDT - BEARISH breakout detectado (Confianza: 63.9%, Fuerza: very_strong)
2025-10-18 16:57:23 | INFO | sicar.main | 📢 ALERTA SCALPING_REJECTED: ❌ Scalping rechazado para ETHUSDT: límites alcanzados o condiciones no cumplidas
2025-10-18 16:57:23 | INFO | sicar.main | ⚠️ ALERTA STRONG_BREAKOUT: ETHUSDT - BEARISH breakout detectado (Confianza: 64.7%, Fuerza: strong)
2025-10-18 17:19:54 | INFO | sicar.main | 📢 ALERTA SCALPING_REJECTED: ❌ Scalping rechazado para ETHUSDT: límites alcanzados o condiciones no cumplidas
2025-10-18 17:19:54 | INFO | sicar.main | 🚨 ALERTA STRONG_BREAKOUT: ETHUSDT - BULLISH breakout detectado (Confianza: 66.5%, Fuerza: very_strong)
2025-10-18 17:24:54 | INFO | sicar.main | 📢 ALERTA SCALPING_REJECTED: ❌ Scalping rechazado para ADAUSDT: límites alcanzados o condiciones no cumplidas
2025-10-18 17:24:54 | INFO | sicar.main | ⚠️ ALERTA STRONG_BREAKOUT: ADAUSDT - BULLISH breakout detectado (Confianza: 59.5%, Fuerza: strong)
2025-10-18 17:30:25 | INFO | sicar.main | 📢 ALERTA SCALPING_REJECTED: ❌ Scalping rechazado para ADAUSDT: límites alcanzados o condiciones no cumplidas
2025-10-18 17:30:25 | INFO | sicar.main | 🚨 ALERTA STRONG_BREAKOUT: ADAUSDT - BULLISH breakout detectado (Confianza: 70.0%, Fuerza: very_strong)
2025-10-18 18:00:26 | INFO | sicar.main | 📢 ALERTA SESSION_WINDOW: 🚨 VENTANA CRÍTICA ACTIVA: Sesión Asiática (19:00-19:05)
2025-10-18 18:00:26 | INFO | sicar.main | 📢 ALERTA SESSION_DETECTION: 🔥 DETECCIÓN ACELERADA: cada 30s durante asian
2025-10-18 18:00:26 | INFO | sicar.main | 📢 ALERTA SESSION_WINDOW: 🚨 VENTANA CRÍTICA ACTIVA: Sesión Asiática (19:00-19:05)
2025-10-18 18:00:26 | INFO | sicar.main | 📢 ALERTA SESSION_BREAKOUT: 🔥 MODO ULTRA-SENSIBLE ACTIVADO para ETHUSDT en asian
2025-10-18 18:00:26 | INFO | sicar.main | 📢 ALERTA FORCED_BREAKOUT: 🚨 BREAKOUT FORZADO en ETHUSDT: -0.119% durante asian
2025-10-18 18:00:26 | INFO | sicar.main | 📢 ALERTA SESSION_WINDOW: 🚨 VENTANA CRÍTICA ACTIVA: Sesión Asiática (19:00-19:05)
2025-10-18 18:00:26 | INFO | sicar.main | 📢 ALERTA SCALPING_REJECTED: ❌ Scalping rechazado para ETHUSDT: límites alcanzados o condiciones no cumplidas
2025-10-18 18:00:26 | INFO | sicar.main | 🚨 ALERTA STRONG_BREAKOUT: ETHUSDT - BEARISH breakout detectado (Confianza: 6000.0%, Fuerza: very_strong)
2025-10-18 18:00:26 | INFO | sicar.main | 📢 ALERTA SESSION_WINDOW: 🚨 VENTANA CRÍTICA ACTIVA: Sesión Asiática (19:00-19:05)
2025-10-18 18:00:26 | INFO | sicar.main | 📢 ALERTA SESSION_BREAKOUT: 🔥 MODO ULTRA-SENSIBLE ACTIVADO para BTCUSDT en asian
2025-10-18 18:00:26 | INFO | sicar.main | 📢 ALERTA SESSION_WINDOW: 🚨 VENTANA CRÍTICA ACTIVA: Sesión Asiática (19:00-19:05)
2025-10-18 18:00:26 | INFO | sicar.main | 📢 ALERTA SCALPING_REJECTED: ❌ Scalping rechazado para BTCUSDT: límites alcanzados o condiciones no cumplidas
2025-10-18 18:00:26 | INFO | sicar.main | 🚨 ALERTA STRONG_BREAKOUT: BTCUSDT - BULLISH breakout detectado (Confianza: 6000.0%, Fuerza: very_strong)
2025-10-18 18:00:26 | INFO | sicar.main | 📢 ALERTA SESSION_WINDOW: 🚨 VENTANA CRÍTICA ACTIVA: Sesión Asiática (19:00-19:05)
2025-10-18 18:00:26 | INFO | sicar.main | 📢 ALERTA SESSION_BREAKOUT: 🔥 MODO ULTRA-SENSIBLE ACTIVADO para ADAUSDT en asian
2025-10-18 18:00:26 | INFO | sicar.main | 📢 ALERTA FORCED_BREAKOUT: 🚨 BREAKOUT FORZADO en ADAUSDT: 0.336% durante asian
2025-10-18 18:00:26 | INFO | sicar.main | 📢 ALERTA SESSION_WINDOW: 🚨 VENTANA CRÍTICA ACTIVA: Sesión Asiática (19:00-19:05)
2025-10-18 18:00:26 | INFO | sicar.main | 📢 ALERTA SCALPING_REJECTED: ❌ Scalping rechazado para ADAUSDT: límites alcanzados o condiciones no cumplidas
2025-10-18 18:00:26 | INFO | sicar.main | 🚨 ALERTA STRONG_BREAKOUT: ADAUSDT - BULLISH breakout detectado (Confianza: 6000.0%, Fuerza: very_strong)
2025-10-18 18:00:56 | INFO | sicar.main | 📢 ALERTA SESSION_DETECTION: 🔥 DETECCIÓN ACELERADA: cada 30s durante asian
2025-10-18 18:00:56 | INFO | sicar.main | 📢 ALERTA SESSION_WINDOW: 🚨 VENTANA CRÍTICA ACTIVA: Sesión Asiática (19:00-19:05)
2025-10-18 18:00:56 | INFO | sicar.main | 📢 ALERTA SESSION_BREAKOUT: 🔥 MODO ULTRA-SENSIBLE ACTIVADO para ETHUSDT en asian
2025-10-18 18:00:56 | INFO | sicar.main | 📢 ALERTA FORCED_BREAKOUT: 🚨 BREAKOUT FORZADO en ETHUSDT: 0.067% durante asian
2025-10-18 18:00:56 | INFO | sicar.main | 📢 ALERTA FORCED_CRITERIA: 🚨 CRITERIOS FORZADOS para ETHUSDT en asian
2025-10-18 18:00:56 | INFO | sicar.main | 📢 ALERTA SESSION_WINDOW: 🚨 VENTANA CRÍTICA ACTIVA: Sesión Asiática (19:00-19:05)
2025-10-18 18:00:56 | INFO | sicar.main | 📢 ALERTA SCALPING_REJECTED: ❌ Scalping rechazado para ETHUSDT: límites alcanzados o condiciones no cumplidas
2025-10-18 18:00:57 | INFO | sicar.main | 🚨 ALERTA STRONG_BREAKOUT: ETHUSDT - BULLISH breakout detectado (Confianza: 6000.0%, Fuerza: very_strong)
2025-10-18 18:00:57 | INFO | sicar.main | 📢 ALERTA SESSION_WINDOW: 🚨 VENTANA CRÍTICA ACTIVA: Sesión Asiática (19:00-19:05)
2025-10-18 18:00:57 | INFO | sicar.main | 📢 ALERTA SESSION_BREAKOUT: 🔥 MODO ULTRA-SENSIBLE ACTIVADO para BTCUSDT en asian
2025-10-18 18:00:57 | INFO | sicar.main | 📢 ALERTA SESSION_WINDOW: 🚨 VENTANA CRÍTICA ACTIVA: Sesión Asiática (19:00-19:05)
2025-10-18 18:00:57 | INFO | sicar.main | 📢 ALERTA SCALPING_REJECTED: ❌ Scalping rechazado para BTCUSDT: límites alcanzados o condiciones no cumplidas
2025-10-18 18:00:57 | INFO | sicar.main | 🚨 ALERTA STRONG_BREAKOUT: BTCUSDT - BULLISH breakout detectado (Confianza: 6000.0%, Fuerza: very_strong)
2025-10-18 18:00:57 | INFO | sicar.main | 📢 ALERTA SESSION_WINDOW: 🚨 VENTANA CRÍTICA ACTIVA: Sesión Asiática (19:00-19:05)
2025-10-18 18:00:57 | INFO | sicar.main | 📢 ALERTA SESSION_BREAKOUT: 🔥 MODO ULTRA-SENSIBLE ACTIVADO para ADAUSDT en asian
2025-10-18 18:01:27 | INFO | sicar.main | 📢 ALERTA SESSION_WINDOW: 🚨 VENTANA CRÍTICA ACTIVA: Sesión Asiática (19:00-19:05)
2025-10-18 18:01:27 | INFO | sicar.main | 📢 ALERTA SESSION_DETECTION: 🔥 DETECCIÓN ACELERADA: cada 30s durante asian
2025-10-18 18:01:27 | INFO | sicar.main | 📢 ALERTA SESSION_WINDOW: 🚨 VENTANA CRÍTICA ACTIVA: Sesión Asiática (19:00-19:05)
2025-10-18 18:01:27 | INFO | sicar.main | 📢 ALERTA SESSION_BREAKOUT: 🔥 MODO ULTRA-SENSIBLE ACTIVADO para ETHUSDT en asian
2025-10-18 18:01:27 | INFO | sicar.main | 📢 ALERTA FORCED_BREAKOUT: 🚨 BREAKOUT FORZADO en ETHUSDT: 0.055% durante asian
2025-10-18 18:01:27 | INFO | sicar.main | 📢 ALERTA FORCED_CRITERIA: 🚨 CRITERIOS FORZADOS para ETHUSDT en asian
2025-10-18 18:01:27 | INFO | sicar.main | 📢 ALERTA SESSION_WINDOW: 🚨 VENTANA CRÍTICA ACTIVA: Sesión Asiática (19:00-19:05)
2025-10-18 18:01:27 | INFO | sicar.main | 📢 ALERTA SCALPING_REJECTED: ❌ Scalping rechazado para ETHUSDT: límites alcanzados o condiciones no cumplidas
2025-10-18 18:01:27 | INFO | sicar.main | 🚨 ALERTA STRONG_BREAKOUT: ETHUSDT - BULLISH breakout detectado (Confianza: 6000.0%, Fuerza: very_strong)
2025-10-18 18:01:27 | INFO | sicar.main | 📢 ALERTA SESSION_WINDOW: 🚨 VENTANA CRÍTICA ACTIVA: Sesión Asiática (19:00-19:05)
2025-10-18 18:01:27 | INFO | sicar.main | 📢 ALERTA SESSION_BREAKOUT: 🔥 MODO ULTRA-SENSIBLE ACTIVADO para BTCUSDT en asian
2025-10-18 18:01:27 | INFO | sicar.main | 📢 ALERTA GUARANTEE_ACTIVATION: 🚨 ACTIVANDO GARANTÍA DE BREAKOUT para BTCUSDT en asian
2025-10-18 18:01:27 | INFO | sicar.main | 📢 ALERTA NORMAL_BREAKOUT_ENHANCED: 📈 BREAKOUT NORMAL MEJORADO para BTCUSDT: 0.093% basado en análisis técnico en asian
2025-10-18 18:01:27 | INFO | sicar.main | 📢 ALERTA NORMAL_SESSION_BREAKOUT: ✅ BREAKOUT NORMAL generado para BTCUSDT en asian: bullish 0.093% volumen 1.41x confianza 80.2%
2025-10-18 18:01:27 | INFO | sicar.main | 📢 ALERTA SESSION_WINDOW: 🚨 VENTANA CRÍTICA ACTIVA: Sesión Asiática (19:00-19:05)
2025-10-18 18:01:27 | INFO | sicar.main | 📢 ALERTA SCALPING_REJECTED: ❌ Scalping rechazado para BTCUSDT: límites alcanzados o condiciones no cumplidas
2025-10-18 18:01:27 | INFO | sicar.main | 📢 ALERTA SESSION_WINDOW: 🚨 VENTANA CRÍTICA ACTIVA: Sesión Asiática (19:00-19:05)
2025-10-18 18:01:27 | INFO | sicar.main | 📢 ALERTA SESSION_BREAKOUT: 🔥 MODO ULTRA-SENSIBLE ACTIVADO para ADAUSDT en asian
2025-10-18 18:01:27 | INFO | sicar.main | 📢 ALERTA SESSION_WINDOW: 🚨 VENTANA CRÍTICA ACTIVA: Sesión Asiática (19:00-19:05)
2025-10-18 18:01:27 | INFO | sicar.main | 📢 ALERTA SCALPING_REJECTED: ❌ Scalping rechazado para ADAUSDT: límites alcanzados o condiciones no cumplidas
2025-10-18 18:01:27 | INFO | sicar.main | 🚨 ALERTA STRONG_BREAKOUT: ADAUSDT - BULLISH breakout detectado (Confianza: 6000.0%, Fuerza: very_strong)
2025-10-18 18:01:57 | INFO | sicar.main | 📢 ALERTA SESSION_DETECTION: 🔥 DETECCIÓN ACELERADA: cada 30s durante asian
2025-10-18 18:01:57 | INFO | sicar.main | 📢 ALERTA SESSION_WINDOW: 🚨 VENTANA CRÍTICA ACTIVA: Sesión Asiática (19:00-19:05)
2025-10-18 18:01:57 | INFO | sicar.main | 📢 ALERTA SESSION_BREAKOUT: 🔥 MODO ULTRA-SENSIBLE ACTIVADO para ETHUSDT en asian
2025-10-18 18:01:57 | INFO | sicar.main | 📢 ALERTA SESSION_WINDOW: 🚨 VENTANA CRÍTICA ACTIVA: Sesión Asiática (19:00-19:05)
2025-10-18 18:01:57 | INFO | sicar.main | 📢 ALERTA SCALPING_REJECTED: ❌ Scalping rechazado para ETHUSDT: límites alcanzados o condiciones no cumplidas
2025-10-18 18:01:57 | INFO | sicar.main | 🚨 ALERTA STRONG_BREAKOUT: ETHUSDT - BULLISH breakout detectado (Confianza: 6000.0%, Fuerza: very_strong)
2025-10-18 18:01:57 | INFO | sicar.main | 📢 ALERTA SESSION_WINDOW: 🚨 VENTANA CRÍTICA ACTIVA: Sesión Asiática (19:00-19:05)
2025-10-18 18:01:57 | INFO | sicar.main | 📢 ALERTA SESSION_BREAKOUT: 🔥 MODO ULTRA-SENSIBLE ACTIVADO para BTCUSDT en asian
2025-10-18 18:01:57 | INFO | sicar.main | 📢 ALERTA SESSION_WINDOW: 🚨 VENTANA CRÍTICA ACTIVA: Sesión Asiática (19:00-19:05)
2025-10-18 18:01:57 | INFO | sicar.main | 📢 ALERTA SCALPING_REJECTED: ❌ Scalping rechazado para BTCUSDT: límites alcanzados o condiciones no cumplidas
2025-10-18 18:01:57 | INFO | sicar.main | 🚨 ALERTA STRONG_BREAKOUT: BTCUSDT - BULLISH breakout detectado (Confianza: 6000.0%, Fuerza: very_strong)
2025-10-18 18:01:57 | INFO | sicar.main | 📢 ALERTA SESSION_WINDOW: 🚨 VENTANA CRÍTICA ACTIVA: Sesión Asiática (19:00-19:05)
2025-10-18 18:01:57 | INFO | sicar.main | 📢 ALERTA SESSION_BREAKOUT: 🔥 MODO ULTRA-SENSIBLE ACTIVADO para ADAUSDT en asian
2025-10-18 18:01:57 | INFO | sicar.main | 📢 ALERTA FORCED_CRITERIA: 🚨 CRITERIOS FORZADOS para ADAUSDT en asian
2025-10-18 18:01:57 | INFO | sicar.main | 📢 ALERTA SESSION_WINDOW: 🚨 VENTANA CRÍTICA ACTIVA: Sesión Asiática (19:00-19:05)
2025-10-18 18:01:57 | INFO | sicar.main | 📢 ALERTA SCALPING_REJECTED: ❌ Scalping rechazado para ADAUSDT: límites alcanzados o condiciones no cumplidas
2025-10-18 18:01:57 | INFO | sicar.main | 🚨 ALERTA STRONG_BREAKOUT: ADAUSDT - BULLISH breakout detectado (Confianza: 6000.0%, Fuerza: very_strong)
2025-10-18 18:02:27 | INFO | sicar.main | 📢 ALERTA SESSION_WINDOW: 🚨 VENTANA CRÍTICA ACTIVA: Sesión Asiática (19:00-19:05)
2025-10-18 18:02:27 | INFO | sicar.main | 📢 ALERTA SESSION_DETECTION: 🔥 DETECCIÓN ACELERADA: cada 30s durante asian
2025-10-18 18:02:27 | INFO | sicar.main | 📢 ALERTA SESSION_WINDOW: 🚨 VENTANA CRÍTICA ACTIVA: Sesión Asiática (19:00-19:05)
2025-10-18 18:02:27 | INFO | sicar.main | 📢 ALERTA SESSION_BREAKOUT: 🔥 MODO ULTRA-SENSIBLE ACTIVADO para ETHUSDT en asian
2025-10-18 18:02:27 | INFO | sicar.main | 📢 ALERTA GUARANTEE_ACTIVATION: 🚨 ACTIVANDO GARANTÍA DE BREAKOUT para ETHUSDT en asian
2025-10-18 18:02:27 | INFO | sicar.main | 📢 ALERTA NORMAL_BREAKOUT_ENHANCED: 📈 BREAKOUT NORMAL MEJORADO para ETHUSDT: 0.059% basado en análisis técnico en asian
2025-10-18 18:02:27 | INFO | sicar.main | 📢 ALERTA SESSION_WINDOW: 🚨 VENTANA CRÍTICA ACTIVA: Sesión Asiática (19:00-19:05)
2025-10-18 18:02:27 | INFO | sicar.main | 📢 ALERTA SESSION_BREAKOUT: 🔥 MODO ULTRA-SENSIBLE ACTIVADO para BTCUSDT en asian
2025-10-18 18:02:27 | INFO | sicar.main | 📢 ALERTA SESSION_WINDOW: 🚨 VENTANA CRÍTICA ACTIVA: Sesión Asiática (19:00-19:05)
2025-10-18 18:02:27 | INFO | sicar.main | 📢 ALERTA SCALPING_REJECTED: ❌ Scalping rechazado para BTCUSDT: límites alcanzados o condiciones no cumplidas
2025-10-18 18:02:27 | INFO | sicar.main | 🚨 ALERTA STRONG_BREAKOUT: BTCUSDT - BULLISH breakout detectado (Confianza: 6000.0%, Fuerza: very_strong)
2025-10-18 18:02:27 | INFO | sicar.main | 📢 ALERTA SESSION_WINDOW: 🚨 VENTANA CRÍTICA ACTIVA: Sesión Asiática (19:00-19:05)
2025-10-18 18:02:27 | INFO | sicar.main | 📢 ALERTA SESSION_BREAKOUT: 🔥 MODO ULTRA-SENSIBLE ACTIVADO para ADAUSDT en asian
2025-10-18 18:02:27 | INFO | sicar.main | 📢 ALERTA FORCED_BREAKOUT: 🚨 BREAKOUT FORZADO en ADAUSDT: -0.381% durante asian
2025-10-18 18:02:27 | INFO | sicar.main | 📢 ALERTA SESSION_WINDOW: 🚨 VENTANA CRÍTICA ACTIVA: Sesión Asiática (19:00-19:05)
2025-10-18 18:02:27 | INFO | sicar.main | 📢 ALERTA SCALPING_REJECTED: ❌ Scalping rechazado para ADAUSDT: límites alcanzados o condiciones no cumplidas
2025-10-18 18:02:27 | INFO | sicar.main | 🚨 ALERTA STRONG_BREAKOUT: ADAUSDT - BEARISH breakout detectado (Confianza: 6000.0%, Fuerza: very_strong)
2025-10-18 18:02:57 | INFO | sicar.main | 📢 ALERTA SESSION_DETECTION: 🔥 DETECCIÓN ACELERADA: cada 30s durante asian
2025-10-18 18:02:57 | INFO | sicar.main | 📢 ALERTA SESSION_WINDOW: 🚨 VENTANA CRÍTICA ACTIVA: Sesión Asiática (19:00-19:05)
2025-10-18 18:02:57 | INFO | sicar.main | 📢 ALERTA SESSION_BREAKOUT: 🔥 MODO ULTRA-SENSIBLE ACTIVADO para ETHUSDT en asian
2025-10-18 18:02:57 | INFO | sicar.main | 📢 ALERTA SESSION_WINDOW: 🚨 VENTANA CRÍTICA ACTIVA: Sesión Asiática (19:00-19:05)
2025-10-18 18:02:57 | INFO | sicar.main | 📢 ALERTA SESSION_BREAKOUT: 🔥 MODO ULTRA-SENSIBLE ACTIVADO para BTCUSDT en asian
2025-10-18 18:02:57 | INFO | sicar.main | 📢 ALERTA SESSION_WINDOW: 🚨 VENTANA CRÍTICA ACTIVA: Sesión Asiática (19:00-19:05)
2025-10-18 18:02:57 | INFO | sicar.main | 📢 ALERTA SCALPING_REJECTED: ❌ Scalping rechazado para BTCUSDT: límites alcanzados o condiciones no cumplidas
2025-10-18 18:02:57 | INFO | sicar.main | 🚨 ALERTA STRONG_BREAKOUT: BTCUSDT - BULLISH breakout detectado (Confianza: 6000.0%, Fuerza: very_strong)
2025-10-18 18:02:57 | INFO | sicar.main | 📢 ALERTA SESSION_WINDOW: 🚨 VENTANA CRÍTICA ACTIVA: Sesión Asiática (19:00-19:05)
2025-10-18 18:02:58 | INFO | sicar.main | 📢 ALERTA SESSION_BREAKOUT: 🔥 MODO ULTRA-SENSIBLE ACTIVADO para ADAUSDT en asian
2025-10-18 18:03:28 | INFO | sicar.main | 📢 ALERTA SESSION_WINDOW: 🚨 VENTANA CRÍTICA ACTIVA: Sesión Asiática (19:00-19:05)
2025-10-18 18:03:28 | INFO | sicar.main | 📢 ALERTA SESSION_DETECTION: 🔥 DETECCIÓN ACELERADA: cada 30s durante asian
2025-10-18 18:03:28 | INFO | sicar.main | 📢 ALERTA SESSION_WINDOW: 🚨 VENTANA CRÍTICA ACTIVA: Sesión Asiática (19:00-19:05)
2025-10-18 18:03:28 | INFO | sicar.main | 📢 ALERTA SESSION_BREAKOUT: 🔥 MODO ULTRA-SENSIBLE ACTIVADO para ETHUSDT en asian
2025-10-18 18:03:28 | INFO | sicar.main | 📢 ALERTA SESSION_WINDOW: 🚨 VENTANA CRÍTICA ACTIVA: Sesión Asiática (19:00-19:05)
2025-10-18 18:03:28 | INFO | sicar.main | 📢 ALERTA SCALPING_REJECTED: ❌ Scalping rechazado para ETHUSDT: límites alcanzados o condiciones no cumplidas
2025-10-18 18:03:28 | INFO | sicar.main | 🚨 ALERTA STRONG_BREAKOUT: ETHUSDT - BULLISH breakout detectado (Confianza: 6000.0%, Fuerza: very_strong)
2025-10-18 18:03:28 | INFO | sicar.main | 📢 ALERTA SESSION_WINDOW: 🚨 VENTANA CRÍTICA ACTIVA: Sesión Asiática (19:00-19:05)
2025-10-18 18:03:28 | INFO | sicar.main | 📢 ALERTA SESSION_BREAKOUT: 🔥 MODO ULTRA-SENSIBLE ACTIVADO para BTCUSDT en asian
2025-10-18 18:03:28 | INFO | sicar.main | 📢 ALERTA SESSION_WINDOW: 🚨 VENTANA CRÍTICA ACTIVA: Sesión Asiática (19:00-19:05)
2025-10-18 18:03:28 | INFO | sicar.main | 📢 ALERTA SCALPING_REJECTED: ❌ Scalping rechazado para BTCUSDT: límites alcanzados o condiciones no cumplidas
2025-10-18 18:03:28 | INFO | sicar.main | 🚨 ALERTA STRONG_BREAKOUT: BTCUSDT - BULLISH breakout detectado (Confianza: 6000.0%, Fuerza: very_strong)
2025-10-18 18:03:28 | INFO | sicar.main | 📢 ALERTA SESSION_WINDOW: 🚨 VENTANA CRÍTICA ACTIVA: Sesión Asiática (19:00-19:05)
2025-10-18 18:03:28 | INFO | sicar.main | 📢 ALERTA SESSION_BREAKOUT: 🔥 MODO ULTRA-SENSIBLE ACTIVADO para ADAUSDT en asian
2025-10-18 18:03:28 | INFO | sicar.main | 📢 ALERTA FORCED_BREAKOUT: 🚨 BREAKOUT FORZADO en ADAUSDT: -0.365% durante asian
2025-10-18 18:03:28 | INFO | sicar.main | 📢 ALERTA SESSION_WINDOW: 🚨 VENTANA CRÍTICA ACTIVA: Sesión Asiática (19:00-19:05)
2025-10-18 18:03:28 | INFO | sicar.main | 📢 ALERTA SCALPING_REJECTED: ❌ Scalping rechazado para ADAUSDT: límites alcanzados o condiciones no cumplidas
2025-10-18 18:03:28 | INFO | sicar.main | 🚨 ALERTA STRONG_BREAKOUT: ADAUSDT - BEARISH breakout detectado (Confianza: 6000.0%, Fuerza: very_strong)
2025-10-18 18:03:58 | INFO | sicar.main | 📢 ALERTA SESSION_DETECTION: 🔥 DETECCIÓN ACELERADA: cada 30s durante asian
2025-10-18 18:03:58 | INFO | sicar.main | 📢 ALERTA SESSION_WINDOW: 🚨 VENTANA CRÍTICA ACTIVA: Sesión Asiática (19:00-19:05)
2025-10-18 18:03:58 | INFO | sicar.main | 📢 ALERTA SESSION_BREAKOUT: 🔥 MODO ULTRA-SENSIBLE ACTIVADO para ETHUSDT en asian
2025-10-18 18:03:58 | INFO | sicar.main | 📢 ALERTA FORCED_BREAKOUT: 🚨 BREAKOUT FORZADO en ETHUSDT: -0.209% durante asian
2025-10-18 18:03:58 | INFO | sicar.main | 📢 ALERTA SESSION_WINDOW: 🚨 VENTANA CRÍTICA ACTIVA: Sesión Asiática (19:00-19:05)
2025-10-18 18:03:58 | INFO | sicar.main | 📢 ALERTA SCALPING_REJECTED: ❌ Scalping rechazado para ETHUSDT: límites alcanzados o condiciones no cumplidas
2025-10-18 18:03:58 | INFO | sicar.main | 🚨 ALERTA STRONG_BREAKOUT: ETHUSDT - BEARISH breakout detectado (Confianza: 6000.0%, Fuerza: very_strong)
2025-10-18 18:03:58 | INFO | sicar.main | 📢 ALERTA SESSION_WINDOW: 🚨 VENTANA CRÍTICA ACTIVA: Sesión Asiática (19:00-19:05)
2025-10-18 18:03:58 | INFO | sicar.main | 📢 ALERTA SESSION_BREAKOUT: 🔥 MODO ULTRA-SENSIBLE ACTIVADO para BTCUSDT en asian
2025-10-18 18:03:58 | INFO | sicar.main | 📢 ALERTA FORCED_CRITERIA: 🚨 CRITERIOS FORZADOS para BTCUSDT en asian
2025-10-18 18:03:58 | INFO | sicar.main | 📢 ALERTA SESSION_WINDOW: 🚨 VENTANA CRÍTICA ACTIVA: Sesión Asiática (19:00-19:05)
2025-10-18 18:03:58 | INFO | sicar.main | 📢 ALERTA SCALPING_REJECTED: ❌ Scalping rechazado para BTCUSDT: límites alcanzados o condiciones no cumplidas
2025-10-18 18:03:58 | INFO | sicar.main | 🚨 ALERTA STRONG_BREAKOUT: BTCUSDT - BULLISH breakout detectado (Confianza: 6000.0%, Fuerza: very_strong)
2025-10-18 18:03:58 | INFO | sicar.main | 📢 ALERTA SESSION_WINDOW: 🚨 VENTANA CRÍTICA ACTIVA: Sesión Asiática (19:00-19:05)
2025-10-18 18:03:58 | INFO | sicar.main | 📢 ALERTA SESSION_BREAKOUT: 🔥 MODO ULTRA-SENSIBLE ACTIVADO para ADAUSDT en asian
2025-10-18 18:03:58 | INFO | sicar.main | 📢 ALERTA SESSION_WINDOW: 🚨 VENTANA CRÍTICA ACTIVA: Sesión Asiática (19:00-19:05)
2025-10-18 18:03:58 | INFO | sicar.main | 📢 ALERTA SCALPING_REJECTED: ❌ Scalping rechazado para ADAUSDT: límites alcanzados o condiciones no cumplidas
2025-10-18 18:03:58 | INFO | sicar.main | 🚨 ALERTA STRONG_BREAKOUT: ADAUSDT - BEARISH breakout detectado (Confianza: 6000.0%, Fuerza: very_strong)
2025-10-18 18:04:28 | INFO | sicar.main | 📢 ALERTA SESSION_WINDOW: 🚨 VENTANA CRÍTICA ACTIVA: Sesión Asiática (19:00-19:05)
2025-10-18 18:04:28 | INFO | sicar.main | 📢 ALERTA SESSION_DETECTION: 🔥 DETECCIÓN ACELERADA: cada 30s durante asian
2025-10-18 18:04:28 | INFO | sicar.main | 📢 ALERTA SESSION_WINDOW: 🚨 VENTANA CRÍTICA ACTIVA: Sesión Asiática (19:00-19:05)
2025-10-18 18:04:28 | INFO | sicar.main | 📢 ALERTA SESSION_BREAKOUT: 🔥 MODO ULTRA-SENSIBLE ACTIVADO para ETHUSDT en asian
2025-10-18 18:04:28 | INFO | sicar.main | 📢 ALERTA FORCED_BREAKOUT: 🚨 BREAKOUT FORZADO en ETHUSDT: 0.100% durante asian
2025-10-18 18:04:28 | INFO | sicar.main | 📢 ALERTA SESSION_WINDOW: 🚨 VENTANA CRÍTICA ACTIVA: Sesión Asiática (19:00-19:05)
2025-10-18 18:04:28 | INFO | sicar.main | 📢 ALERTA SCALPING_REJECTED: ❌ Scalping rechazado para ETHUSDT: límites alcanzados o condiciones no cumplidas
2025-10-18 18:04:28 | INFO | sicar.main | 🚨 ALERTA STRONG_BREAKOUT: ETHUSDT - BULLISH breakout detectado (Confianza: 6000.0%, Fuerza: very_strong)
2025-10-18 18:04:28 | INFO | sicar.main | 📢 ALERTA SESSION_WINDOW: 🚨 VENTANA CRÍTICA ACTIVA: Sesión Asiática (19:00-19:05)
2025-10-18 18:04:28 | INFO | sicar.main | 📢 ALERTA SESSION_BREAKOUT: 🔥 MODO ULTRA-SENSIBLE ACTIVADO para BTCUSDT en asian
2025-10-18 18:04:28 | INFO | sicar.main | 📢 ALERTA SESSION_WINDOW: 🚨 VENTANA CRÍTICA ACTIVA: Sesión Asiática (19:00-19:05)
2025-10-18 18:04:28 | INFO | sicar.main | 📢 ALERTA SCALPING_REJECTED: ❌ Scalping rechazado para BTCUSDT: límites alcanzados o condiciones no cumplidas
2025-10-18 18:04:28 | INFO | sicar.main | 🚨 ALERTA STRONG_BREAKOUT: BTCUSDT - BULLISH breakout detectado (Confianza: 6000.0%, Fuerza: very_strong)
2025-10-18 18:04:28 | INFO | sicar.main | 📢 ALERTA SESSION_WINDOW: 🚨 VENTANA CRÍTICA ACTIVA: Sesión Asiática (19:00-19:05)
2025-10-18 18:04:28 | INFO | sicar.main | 📢 ALERTA SESSION_BREAKOUT: 🔥 MODO ULTRA-SENSIBLE ACTIVADO para ADAUSDT en asian
2025-10-18 18:04:28 | INFO | sicar.main | 📢 ALERTA SESSION_WINDOW: 🚨 VENTANA CRÍTICA ACTIVA: Sesión Asiática (19:00-19:05)
2025-10-18 18:04:28 | INFO | sicar.main | 📢 ALERTA SCALPING_REJECTED: ❌ Scalping rechazado para ADAUSDT: límites alcanzados o condiciones no cumplidas
2025-10-18 18:04:28 | INFO | sicar.main | 🚨 ALERTA STRONG_BREAKOUT: ADAUSDT - BEARISH breakout detectado (Confianza: 6000.0%, Fuerza: very_strong)
2025-10-18 18:04:58 | INFO | sicar.main | 📢 ALERTA SESSION_DETECTION: 🔥 DETECCIÓN ACELERADA: cada 30s durante asian
2025-10-18 18:04:58 | INFO | sicar.main | 📢 ALERTA SESSION_WINDOW: 🚨 VENTANA CRÍTICA ACTIVA: Sesión Asiática (19:00-19:05)
2025-10-18 18:04:58 | INFO | sicar.main | 📢 ALERTA SESSION_BREAKOUT: 🔥 MODO ULTRA-SENSIBLE ACTIVADO para ETHUSDT en asian
2025-10-18 18:04:58 | INFO | sicar.main | 📢 ALERTA FORCED_CRITERIA: 🚨 CRITERIOS FORZADOS para ETHUSDT en asian
2025-10-18 18:04:58 | INFO | sicar.main | 📢 ALERTA SESSION_WINDOW: 🚨 VENTANA CRÍTICA ACTIVA: Sesión Asiática (19:00-19:05)
2025-10-18 18:04:58 | INFO | sicar.main | 📢 ALERTA SCALPING_REJECTED: ❌ Scalping rechazado para ETHUSDT: límites alcanzados o condiciones no cumplidas
2025-10-18 18:04:58 | INFO | sicar.main | 🚨 ALERTA STRONG_BREAKOUT: ETHUSDT - BULLISH breakout detectado (Confianza: 6000.0%, Fuerza: very_strong)
2025-10-18 18:04:58 | INFO | sicar.main | 📢 ALERTA SESSION_WINDOW: 🚨 VENTANA CRÍTICA ACTIVA: Sesión Asiática (19:00-19:05)
2025-10-18 18:04:58 | INFO | sicar.main | 📢 ALERTA SESSION_BREAKOUT: 🔥 MODO ULTRA-SENSIBLE ACTIVADO para BTCUSDT en asian
2025-10-18 18:04:58 | INFO | sicar.main | 📢 ALERTA SESSION_WINDOW: 🚨 VENTANA CRÍTICA ACTIVA: Sesión Asiática (19:00-19:05)
2025-10-18 18:04:58 | INFO | sicar.main | 📢 ALERTA SCALPING_REJECTED: ❌ Scalping rechazado para BTCUSDT: límites alcanzados o condiciones no cumplidas
2025-10-18 18:04:58 | INFO | sicar.main | 🚨 ALERTA STRONG_BREAKOUT: BTCUSDT - BULLISH breakout detectado (Confianza: 6000.0%, Fuerza: very_strong)
2025-10-18 18:04:58 | INFO | sicar.main | 📢 ALERTA SESSION_WINDOW: 🚨 VENTANA CRÍTICA ACTIVA: Sesión Asiática (19:00-19:05)
2025-10-18 18:04:58 | INFO | sicar.main | 📢 ALERTA SESSION_BREAKOUT: 🔥 MODO ULTRA-SENSIBLE ACTIVADO para ADAUSDT en asian
2025-10-18 18:04:58 | INFO | sicar.main | 📢 ALERTA SESSION_WINDOW: 🚨 VENTANA CRÍTICA ACTIVA: Sesión Asiática (19:00-19:05)
2025-10-18 18:04:58 | INFO | sicar.main | 📢 ALERTA SCALPING_REJECTED: ❌ Scalping rechazado para ADAUSDT: límites alcanzados o condiciones no cumplidas
2025-10-18 18:04:59 | INFO | sicar.main | 🚨 ALERTA STRONG_BREAKOUT: ADAUSDT - BEARISH breakout detectado (Confianza: 6000.0%, Fuerza: very_strong)
2025-10-18 18:05:29 | INFO | sicar.main | 📢 ALERTA SESSION_WINDOW: 🚨 VENTANA CRÍTICA ACTIVA: Sesión Asiática (19:00-19:05)
2025-10-18 18:05:29 | INFO | sicar.main | 📢 ALERTA SESSION_DETECTION: 🔥 DETECCIÓN ACELERADA: cada 30s durante asian
2025-10-18 18:05:29 | INFO | sicar.main | 📢 ALERTA SESSION_WINDOW: 🚨 VENTANA CRÍTICA ACTIVA: Sesión Asiática (19:00-19:05)
2025-10-18 18:05:29 | INFO | sicar.main | 📢 ALERTA SESSION_BREAKOUT: 🔥 MODO ULTRA-SENSIBLE ACTIVADO para ETHUSDT en asian
2025-10-18 18:05:29 | INFO | sicar.main | 📢 ALERTA FORCED_BREAKOUT: 🚨 BREAKOUT FORZADO en ETHUSDT: -0.077% durante asian
2025-10-18 18:05:29 | INFO | sicar.main | 📢 ALERTA FORCED_CRITERIA: 🚨 CRITERIOS FORZADOS para ETHUSDT en asian
2025-10-18 18:05:29 | INFO | sicar.main | 📢 ALERTA SESSION_WINDOW: 🚨 VENTANA CRÍTICA ACTIVA: Sesión Asiática (19:00-19:05)
2025-10-18 18:05:29 | INFO | sicar.main | 📢 ALERTA SCALPING_REJECTED: ❌ Scalping rechazado para ETHUSDT: límites alcanzados o condiciones no cumplidas
2025-10-18 18:05:29 | INFO | sicar.main | 🚨 ALERTA STRONG_BREAKOUT: ETHUSDT - BEARISH breakout detectado (Confianza: 6000.0%, Fuerza: very_strong)
2025-10-18 18:05:29 | INFO | sicar.main | 📢 ALERTA SESSION_WINDOW: 🚨 VENTANA CRÍTICA ACTIVA: Sesión Asiática (19:00-19:05)
2025-10-18 18:05:29 | INFO | sicar.main | 📢 ALERTA SESSION_BREAKOUT: 🔥 MODO ULTRA-SENSIBLE ACTIVADO para BTCUSDT en asian
2025-10-18 18:05:29 | INFO | sicar.main | 📢 ALERTA GUARANTEE_ACTIVATION: 🚨 ACTIVANDO GARANTÍA DE BREAKOUT para BTCUSDT en asian
2025-10-18 18:05:29 | INFO | sicar.main | 📢 ALERTA NORMAL_BREAKOUT_ENHANCED: 📈 BREAKOUT NORMAL MEJORADO para BTCUSDT: 0.086% basado en análisis técnico en asian
2025-10-18 18:05:29 | INFO | sicar.main | 📢 ALERTA NORMAL_SESSION_BREAKOUT: ✅ BREAKOUT NORMAL generado para BTCUSDT en asian: bullish 0.086% volumen 1.20x confianza 65.2%
2025-10-18 18:05:29 | INFO | sicar.main | 📢 ALERTA SESSION_WINDOW: 🚨 VENTANA CRÍTICA ACTIVA: Sesión Asiática (19:00-19:05)
2025-10-18 18:05:29 | INFO | sicar.main | 📢 ALERTA SCALPING_REJECTED: ❌ Scalping rechazado para BTCUSDT: límites alcanzados o condiciones no cumplidas
2025-10-18 18:05:29 | INFO | sicar.main | 📢 ALERTA SESSION_WINDOW: 🚨 VENTANA CRÍTICA ACTIVA: Sesión Asiática (19:00-19:05)
2025-10-18 18:05:29 | INFO | sicar.main | 📢 ALERTA SESSION_BREAKOUT: 🔥 MODO ULTRA-SENSIBLE ACTIVADO para ADAUSDT en asian
2025-10-18 18:05:29 | INFO | sicar.main | 📢 ALERTA GUARANTEE_ACTIVATION: 🚨 ACTIVANDO GARANTÍA DE BREAKOUT para ADAUSDT en asian
2025-10-18 18:05:29 | INFO | sicar.main | 📢 ALERTA NORMAL_BREAKOUT_ENHANCED: 📈 BREAKOUT NORMAL MEJORADO para ADAUSDT: -0.089% basado en análisis técnico en asian
2025-10-18 18:05:29 | INFO | sicar.main | 📢 ALERTA NORMAL_SESSION_BREAKOUT: ✅ BREAKOUT NORMAL generado para ADAUSDT en asian: bearish -0.089% volumen 1.20x confianza 65.2%
2025-10-18 18:05:29 | INFO | sicar.main | 📢 ALERTA SESSION_WINDOW: 🚨 VENTANA CRÍTICA ACTIVA: Sesión Asiática (19:00-19:05)
2025-10-18 18:05:29 | INFO | sicar.main | 📢 ALERTA SCALPING_REJECTED: ❌ Scalping rechazado para ADAUSDT: límites alcanzados o condiciones no cumplidas
2025-10-18 18:05:59 | INFO | sicar.main | 📢 ALERTA SESSION_DETECTION: 🔥 DETECCIÓN ACELERADA: cada 30s durante asian
2025-10-18 18:05:59 | INFO | sicar.main | 📢 ALERTA SESSION_WINDOW: 🚨 VENTANA CRÍTICA ACTIVA: Sesión Asiática (19:00-19:05)
2025-10-18 18:05:59 | INFO | sicar.main | 📢 ALERTA SESSION_BREAKOUT: 🔥 MODO ULTRA-SENSIBLE ACTIVADO para ETHUSDT en asian
2025-10-18 18:05:59 | INFO | sicar.main | 📢 ALERTA SESSION_WINDOW: 🚨 VENTANA CRÍTICA ACTIVA: Sesión Asiática (19:00-19:05)
2025-10-18 18:05:59 | INFO | sicar.main | 📢 ALERTA SCALPING_REJECTED: ❌ Scalping rechazado para ETHUSDT: límites alcanzados o condiciones no cumplidas
2025-10-18 18:05:59 | INFO | sicar.main | 🚨 ALERTA STRONG_BREAKOUT: ETHUSDT - BULLISH breakout detectado (Confianza: 6000.0%, Fuerza: very_strong)
2025-10-18 18:05:59 | INFO | sicar.main | 📢 ALERTA SESSION_WINDOW: 🚨 VENTANA CRÍTICA ACTIVA: Sesión Asiática (19:00-19:05)
2025-10-18 18:05:59 | INFO | sicar.main | 📢 ALERTA SESSION_BREAKOUT: 🔥 MODO ULTRA-SENSIBLE ACTIVADO para BTCUSDT en asian
2025-10-18 18:05:59 | INFO | sicar.main | 📢 ALERTA SESSION_WINDOW: 🚨 VENTANA CRÍTICA ACTIVA: Sesión Asiática (19:00-19:05)
2025-10-18 18:05:59 | INFO | sicar.main | 📢 ALERTA SCALPING_REJECTED: ❌ Scalping rechazado para BTCUSDT: límites alcanzados o condiciones no cumplidas
2025-10-18 18:05:59 | INFO | sicar.main | 🚨 ALERTA STRONG_BREAKOUT: BTCUSDT - BULLISH breakout detectado (Confianza: 6000.0%, Fuerza: very_strong)
2025-10-18 18:05:59 | INFO | sicar.main | 📢 ALERTA SESSION_WINDOW: 🚨 VENTANA CRÍTICA ACTIVA: Sesión Asiática (19:00-19:05)
2025-10-18 18:05:59 | INFO | sicar.main | 📢 ALERTA SESSION_BREAKOUT: 🔥 MODO ULTRA-SENSIBLE ACTIVADO para ADAUSDT en asian
2025-10-18 18:05:59 | INFO | sicar.main | 📢 ALERTA FORCED_CRITERIA: 🚨 CRITERIOS FORZADOS para ADAUSDT en asian
2025-10-18 18:05:59 | INFO | sicar.main | 📢 ALERTA SESSION_WINDOW: 🚨 VENTANA CRÍTICA ACTIVA: Sesión Asiática (19:00-19:05)
2025-10-18 18:05:59 | INFO | sicar.main | 📢 ALERTA SCALPING_REJECTED: ❌ Scalping rechazado para ADAUSDT: límites alcanzados o condiciones no cumplidas
2025-10-18 18:05:59 | INFO | sicar.main | 🚨 ALERTA STRONG_BREAKOUT: ADAUSDT - BEARISH breakout detectado (Confianza: 6000.0%, Fuerza: very_strong)
2025-10-18 18:11:59 | INFO | sicar.main | 📢 ALERTA SCALPING_REJECTED: ❌ Scalping rechazado para ETHUSDT: límites alcanzados o condiciones no cumplidas
2025-10-18 18:11:59 | INFO | sicar.main | ⚠️ ALERTA STRONG_BREAKOUT: ETHUSDT - BEARISH breakout detectado (Confianza: 63.5%, Fuerza: strong)
2025-10-18 18:19:00 | INFO | sicar.main | 📢 ALERTA SCALPING_REJECTED: ❌ Scalping rechazado para BTCUSDT: límites alcanzados o condiciones no cumplidas
2025-10-18 18:19:00 | INFO | sicar.main | 🚨 ALERTA STRONG_BREAKOUT: BTCUSDT - BULLISH breakout detectado (Confianza: 72.1%, Fuerza: very_strong)
2025-10-18 18:37:01 | INFO | sicar.main | 📢 ALERTA SCALPING_REJECTED: ❌ Scalping rechazado para ETHUSDT: límites alcanzados o condiciones no cumplidas
2025-10-18 18:37:01 | INFO | sicar.main | ⚠️ ALERTA STRONG_BREAKOUT: ETHUSDT - BULLISH breakout detectado (Confianza: 56.7%, Fuerza: strong)
2025-10-18 18:44:31 | INFO | sicar.main | 📢 ALERTA SCALPING_REJECTED: ❌ Scalping rechazado para BTCUSDT: límites alcanzados o condiciones no cumplidas
2025-10-18 18:44:31 | INFO | sicar.main | ⚠️ ALERTA STRONG_BREAKOUT: BTCUSDT - BEARISH breakout detectado (Confianza: 57.3%, Fuerza: strong)
2025-10-18 18:53:32 | INFO | sicar.main | 📢 ALERTA SCALPING_REJECTED: ❌ Scalping rechazado para ADAUSDT: límites alcanzados o condiciones no cumplidas
2025-10-18 18:53:32 | INFO | sicar.main | ⚠️ ALERTA STRONG_BREAKOUT: ADAUSDT - BEARISH breakout detectado (Confianza: 55.7%, Fuerza: strong)
2025-10-18 19:28:34 | INFO | sicar.main | 📢 ALERTA SCALPING_REJECTED: ❌ Scalping rechazado para ETHUSDT: límites alcanzados o condiciones no cumplidas
2025-10-18 19:28:34 | INFO | sicar.main | ⚠️ ALERTA STRONG_BREAKOUT: ETHUSDT - BULLISH breakout detectado (Confianza: 55.2%, Fuerza: strong)
2025-10-18 19:45:35 | INFO | sicar.main | 📢 ALERTA SCALPING_REJECTED: ❌ Scalping rechazado para ETHUSDT: límites alcanzados o condiciones no cumplidas
2025-10-18 19:45:35 | INFO | sicar.main | ⚠️ ALERTA STRONG_BREAKOUT: ETHUSDT - BULLISH breakout detectado (Confianza: 55.8%, Fuerza: strong)
2025-10-18 20:04:36 | INFO | sicar.main | 📢 ALERTA SCALPING_REJECTED: ❌ Scalping rechazado para ADAUSDT: límites alcanzados o condiciones no cumplidas
2025-10-18 20:04:36 | INFO | sicar.main | ⚠️ ALERTA STRONG_BREAKOUT: ADAUSDT - BULLISH breakout detectado (Confianza: 57.4%, Fuerza: strong)
2025-10-18 20:05:36 | INFO | sicar.main | 📢 ALERTA SCALPING_REJECTED: ❌ Scalping rechazado para ADAUSDT: límites alcanzados o condiciones no cumplidas
2025-10-18 20:05:36 | INFO | sicar.main | ⚠️ ALERTA STRONG_BREAKOUT: ADAUSDT - BULLISH breakout detectado (Confianza: 63.6%, Fuerza: strong)
2025-10-18 20:21:07 | INFO | sicar.main | 📢 ALERTA SCALPING_REJECTED: ❌ Scalping rechazado para ADAUSDT: límites alcanzados o condiciones no cumplidas
2025-10-18 20:21:07 | INFO | sicar.main | ⚠️ ALERTA STRONG_BREAKOUT: ADAUSDT - BULLISH breakout detectado (Confianza: 57.1%, Fuerza: strong)
2025-10-18 20:21:37 | INFO | sicar.main | 📢 ALERTA SCALPING_REJECTED: ❌ Scalping rechazado para ADAUSDT: límites alcanzados o condiciones no cumplidas
2025-10-18 20:21:38 | INFO | sicar.main | ⚠️ ALERTA STRONG_BREAKOUT: ADAUSDT - BULLISH breakout detectado (Confianza: 56.6%, Fuerza: strong)
2025-10-18 20:29:08 | INFO | sicar.main | 📢 ALERTA SCALPING_REJECTED: ❌ Scalping rechazado para ADAUSDT: límites alcanzados o condiciones no cumplidas
2025-10-18 20:29:08 | INFO | sicar.main | ⚠️ ALERTA STRONG_BREAKOUT: ADAUSDT - BULLISH breakout detectado (Confianza: 57.9%, Fuerza: strong)
2025-10-18 20:31:08 | INFO | sicar.main | 📢 ALERTA SCALPING_REJECTED: ❌ Scalping rechazado para ADAUSDT: límites alcanzados o condiciones no cumplidas
2025-10-18 20:31:08 | INFO | sicar.main | 🚨 ALERTA STRONG_BREAKOUT: ADAUSDT - BEARISH breakout detectado (Confianza: 64.4%, Fuerza: very_strong)
2025-10-18 20:31:38 | INFO | sicar.main | 📢 ALERTA SCALPING_REJECTED: ❌ Scalping rechazado para ETHUSDT: límites alcanzados o condiciones no cumplidas
2025-10-18 20:31:38 | INFO | sicar.main | ⚠️ ALERTA STRONG_BREAKOUT: ETHUSDT - BULLISH breakout detectado (Confianza: 55.5%, Fuerza: strong)
2025-10-18 20:56:40 | INFO | sicar.main | 📢 ALERTA SCALPING_REJECTED: ❌ Scalping rechazado para BTCUSDT: límites alcanzados o condiciones no cumplidas
2025-10-18 20:56:40 | INFO | sicar.main | ⚠️ ALERTA STRONG_BREAKOUT: BTCUSDT - BULLISH breakout detectado (Confianza: 60.0%, Fuerza: strong)
2025-10-18 21:10:40 | INFO | sicar.main | 📢 ALERTA SCALPING_REJECTED: ❌ Scalping rechazado para BTCUSDT: límites alcanzados o condiciones no cumplidas
2025-10-18 21:10:40 | INFO | sicar.main | ⚠️ ALERTA STRONG_BREAKOUT: BTCUSDT - BULLISH breakout detectado (Confianza: 57.9%, Fuerza: strong)
2025-10-18 21:13:10 | INFO | sicar.main | 📢 ALERTA SCALPING_REJECTED: ❌ Scalping rechazado para BTCUSDT: límites alcanzados o condiciones no cumplidas
2025-10-18 21:13:10 | INFO | sicar.main | ⚠️ ALERTA STRONG_BREAKOUT: BTCUSDT - BULLISH breakout detectado (Confianza: 55.5%, Fuerza: strong)
2025-10-18 21:59:43 | INFO | sicar.main | 📢 ALERTA SCALPING_REJECTED: ❌ Scalping rechazado para BTCUSDT: límites alcanzados o condiciones no cumplidas
2025-10-18 21:59:43 | INFO | sicar.main | ⚠️ ALERTA STRONG_BREAKOUT: BTCUSDT - BEARISH breakout detectado (Confianza: 59.7%, Fuerza: strong)
2025-10-18 22:20:24 | INFO | sicar.main | 📢 ALERTA BREAKOUT_DETECTOR: Detector de breakouts detenido
2025-10-18 22:20:24 | INFO | sicar.main | 📢 ALERTA SCALPING_STOP: ScalpingEngine detenido con el detector
2025-10-18 22:20:24 | INFO | sicar.main | 🔄 SYNC AUTO_SYNC: ✅ ÉXITO
2025-10-18 22:20:24 | INFO | sicar.main |    Detalles: Sincronización automática detenida
2025-10-18 22:20:24 | INFO | sicar.main | 📢 ALERTA DASHBOARD: Dashboard cerrado correctamente
2025-10-21 11:12:41 | INFO | sicar.main | 📢 ALERTA SCALPING_INIT: ScalpingEngine inicializado correctamente
2025-10-21 11:12:45 | INFO | sicar.main | 📢 ALERTA PATTERN_RECOGNITION_INIT: Sistema de reconocimiento de patrones inicializado
2025-10-21 11:15:15 | INFO | sicar.main | 📢 ALERTA SCALPING_INIT: ScalpingEngine inicializado correctamente
2025-10-21 11:15:16 | INFO | sicar.main | 📢 ALERTA MODELS_INIT: Modelos ML inicializados correctamente
2025-10-21 11:15:16 | INFO | sicar.main | 📢 ALERTA PATTERN_RECOGNITION_INIT: Sistema de reconocimiento de patrones inicializado
2025-10-21 11:15:16 | INFO | sicar.main | 📢 ALERTA SCALPING_INIT: ScalpingEngine inicializado correctamente
2025-10-21 11:15:16 | INFO | sicar.main | 📢 ALERTA XAI_BREAKOUT_INIT: Sistema XAI-Breakout inicializado
2025-10-21 11:15:16 | INFO | sicar.main | 📢 ALERTA AUTONOMOUS_ENGINE_INIT: Motor de decisiones autónomas inicializado
2025-10-21 11:15:16 | INFO | sicar.main | 📢 ALERTA SCALPING_INIT: ScalpingEngine inicializado correctamente
2025-10-21 11:15:16 | INFO | sicar.main | 📢 ALERTA XAI_BREAKOUT_INIT: Sistema XAI-Breakout inicializado
2025-10-21 11:15:16 | INFO | sicar.main | 📢 ALERTA INTEGRATION_MANAGER_INIT: Gestor de integración mejorada inicializado
2025-10-21 11:15:16 | INFO | sicar.main | 📢 ALERTA INTEGRATION_START: Iniciando integración mejorada de sistemas SICAR
2025-10-21 11:16:15 | INFO | sicar.main | 📢 ALERTA SCALPING_INIT: ScalpingEngine inicializado correctamente
2025-10-21 11:16:16 | INFO | sicar.main | 📢 ALERTA MODELS_INIT: Modelos ML inicializados correctamente
2025-10-21 11:16:16 | INFO | sicar.main | 📢 ALERTA PATTERN_RECOGNITION_INIT: Sistema de reconocimiento de patrones inicializado
2025-10-21 11:16:16 | INFO | sicar.main | 📢 ALERTA SCALPING_INIT: ScalpingEngine inicializado correctamente
2025-10-21 11:16:16 | INFO | sicar.main | 📢 ALERTA XAI_BREAKOUT_INIT: Sistema XAI-Breakout inicializado
2025-10-21 11:16:16 | INFO | sicar.main | 📢 ALERTA AUTONOMOUS_ENGINE_INIT: Motor de decisiones autónomas inicializado
2025-10-21 11:16:16 | INFO | sicar.main | 📢 ALERTA SCALPING_INIT: ScalpingEngine inicializado correctamente
2025-10-21 11:16:16 | INFO | sicar.main | 📢 ALERTA XAI_BREAKOUT_INIT: Sistema XAI-Breakout inicializado
2025-10-21 11:16:16 | INFO | sicar.main | 📢 ALERTA INTEGRATION_MANAGER_INIT: Gestor de integración mejorada inicializado
2025-10-21 11:16:16 | INFO | sicar.main | 📢 ALERTA INTEGRATION_START: Iniciando integración mejorada de sistemas SICAR
2025-10-21 11:16:16 | INFO | sicar.main | 📢 ALERTA BREAKOUT_DETECTOR: 🚀 Iniciando bucle de detección de breakouts OPTIMIZADO
2025-10-21 11:16:16 | INFO | sicar.main | 📢 ALERTA BREAKOUT_DETECTOR: Detector de breakouts iniciado
2025-10-21 11:16:16 | INFO | sicar.main | 📢 ALERTA SCALPING_START: ScalpingEngine iniciado con el detector
2025-10-21 11:16:16 | INFO | sicar.main | 📢 ALERTA XAI_BREAKOUT_START: Sistema XAI-Breakout iniciado
2025-10-21 11:16:16 | INFO | sicar.main | 📢 ALERTA SYSTEMS_INIT: Sistemas integrados inicializados correctamente
2025-10-21 11:16:16 | INFO | sicar.main | 📢 ALERTA INTEGRATION_ACTIVE: Integración mejorada activa y funcionando
2025-10-21 11:16:16 | INFO | sicar.main | 📢 ALERTA TEST_INTEGRATION: Integración mejorada iniciada en modo prueba
2025-10-21 11:16:16 | INFO | sicar.main | 📢 ALERTA SYSTEM_COORDINATION: Sistemas coordinados - Patrones: 0, Decisiones/hora: 0
2025-10-21 11:16:31 | INFO | sicar.main | 📢 ALERTA SYSTEM_COORDINATION: Sistemas coordinados - Patrones: 0, Decisiones/hora: 0
2025-10-21 11:16:46 | INFO | sicar.main | 📢 ALERTA SYSTEM_COORDINATION: Sistemas coordinados - Patrones: 0, Decisiones/hora: 0
2025-10-21 11:17:01 | INFO | sicar.main | 📢 ALERTA SYSTEM_COORDINATION: Sistemas coordinados - Patrones: 0, Decisiones/hora: 0
2025-10-21 11:17:34 | INFO | sicar.main | 📢 ALERTA SCALPING_INIT: ScalpingEngine inicializado correctamente
2025-10-21 11:17:35 | INFO | sicar.main | 📢 ALERTA MODELS_INIT: Modelos ML inicializados correctamente
2025-10-21 11:17:35 | INFO | sicar.main | 📢 ALERTA PATTERN_RECOGNITION_INIT: Sistema de reconocimiento de patrones inicializado
2025-10-21 11:17:35 | INFO | sicar.main | 📢 ALERTA SCALPING_INIT: ScalpingEngine inicializado correctamente
2025-10-21 11:17:35 | INFO | sicar.main | 📢 ALERTA XAI_BREAKOUT_INIT: Sistema XAI-Breakout inicializado
2025-10-21 11:17:35 | INFO | sicar.main | 📢 ALERTA AUTONOMOUS_ENGINE_INIT: Motor de decisiones autónomas inicializado
2025-10-21 11:17:35 | INFO | sicar.main | 📢 ALERTA SCALPING_INIT: ScalpingEngine inicializado correctamente
2025-10-21 11:17:35 | INFO | sicar.main | 📢 ALERTA XAI_BREAKOUT_INIT: Sistema XAI-Breakout inicializado
2025-10-21 11:17:35 | INFO | sicar.main | 📢 ALERTA INTEGRATION_MANAGER_INIT: Gestor de integración mejorada inicializado
2025-10-21 11:17:35 | INFO | sicar.main | 📢 ALERTA INTEGRATION_START: Iniciando integración mejorada de sistemas SICAR
2025-10-21 11:17:35 | INFO | sicar.main | 📢 ALERTA BREAKOUT_DETECTOR: 🚀 Iniciando bucle de detección de breakouts OPTIMIZADO
2025-10-21 11:17:35 | INFO | sicar.main | 📢 ALERTA BREAKOUT_DETECTOR: Detector de breakouts iniciado
2025-10-21 11:17:35 | INFO | sicar.main | 📢 ALERTA SCALPING_START: ScalpingEngine iniciado con el detector
2025-10-21 11:17:35 | INFO | sicar.main | 📢 ALERTA XAI_BREAKOUT_START: Sistema XAI-Breakout iniciado
2025-10-21 11:17:35 | INFO | sicar.main | 📢 ALERTA SYSTEMS_INIT: Sistemas integrados inicializados correctamente
2025-10-21 11:17:35 | INFO | sicar.main | 📢 ALERTA INTEGRATION_ACTIVE: Integración mejorada activa y funcionando
2025-10-21 11:17:35 | INFO | sicar.main | 📢 ALERTA TEST_INTEGRATION: Integración mejorada iniciada en modo prueba
2025-10-21 11:17:35 | INFO | sicar.main | 📢 ALERTA SYSTEM_COORDINATION: Sistemas coordinados - Patrones: 0, Decisiones/hora: 0
2025-10-21 11:17:35 | INFO | sicar.main | 📢 ALERTA BREAKOUT_DETECTOR: 🚀 Iniciando bucle de detección de breakouts OPTIMIZADO
2025-10-21 11:17:35 | INFO | sicar.main | 📢 ALERTA BREAKOUT_DETECTOR: Detector de breakouts iniciado
2025-10-21 11:17:35 | INFO | sicar.main | 📢 ALERTA SCALPING_START: ScalpingEngine iniciado con el detector
2025-10-21 11:17:35 | INFO | sicar.main | 📢 ALERTA XAI_BREAKOUT_START: Sistema XAI-Breakout iniciado
2025-10-21 11:17:35 | INFO | sicar.main | 📢 ALERTA AUTONOMOUS_START: Sistema de trading autónomo iniciado
2025-10-21 11:17:36 | INFO | sicar.main | 📢 ALERTA PATTERNS_DETECTED: Detectados 1 patrones en BTCUSDT
2025-10-21 11:17:36 | INFO | sicar.main | 📢 ALERTA PATTERNS_DETECTED: Detectados 2 patrones en DOTUSDT
2025-10-21 11:17:50 | INFO | sicar.main | 📢 ALERTA SYSTEM_COORDINATION: Sistemas coordinados - Patrones: 3, Decisiones/hora: 0
2025-10-21 11:18:05 | INFO | sicar.main | 📢 ALERTA SYSTEM_COORDINATION: Sistemas coordinados - Patrones: 3, Decisiones/hora: 0
2025-10-21 11:18:06 | INFO | sicar.main | 📢 ALERTA PATTERNS_DETECTED: Detectados 1 patrones en BTCUSDT
2025-10-21 11:18:07 | INFO | sicar.main | 📢 ALERTA PATTERNS_DETECTED: Detectados 2 patrones en DOTUSDT
2025-10-21 11:18:20 | INFO | sicar.main | 📢 ALERTA SYSTEM_COORDINATION: Sistemas coordinados - Patrones: 6, Decisiones/hora: 0
2025-10-21 11:18:35 | INFO | sicar.main | 📢 ALERTA SYSTEM_COORDINATION: Sistemas coordinados - Patrones: 6, Decisiones/hora: 0
2025-10-21 11:18:37 | INFO | sicar.main | 📢 ALERTA PATTERNS_DETECTED: Detectados 1 patrones en BTCUSDT
2025-10-21 11:18:37 | INFO | sicar.main | 📢 ALERTA PATTERNS_DETECTED: Detectados 2 patrones en DOTUSDT
2025-10-21 11:18:50 | INFO | sicar.main | 📢 ALERTA SYSTEM_COORDINATION: Sistemas coordinados - Patrones: 9, Decisiones/hora: 0
2025-10-21 11:19:05 | INFO | sicar.main | 📢 ALERTA SYSTEM_COORDINATION: Sistemas coordinados - Patrones: 9, Decisiones/hora: 0
2025-10-21 11:19:08 | INFO | sicar.main | 📢 ALERTA PATTERNS_DETECTED: Detectados 1 patrones en BTCUSDT
2025-10-21 11:19:08 | INFO | sicar.main | 📢 ALERTA PATTERNS_DETECTED: Detectados 2 patrones en DOTUSDT
2025-10-21 11:19:20 | INFO | sicar.main | 📢 ALERTA SYSTEM_COORDINATION: Sistemas coordinados - Patrones: 12, Decisiones/hora: 0
2025-10-21 11:19:35 | INFO | sicar.main | 📢 ALERTA SYSTEM_COORDINATION: Sistemas coordinados - Patrones: 12, Decisiones/hora: 0
2025-10-21 11:23:39 | INFO | sicar.main | 📢 ALERTA SCALPING_INIT: ScalpingEngine inicializado correctamente
2025-10-21 11:23:41 | INFO | sicar.main | 📢 ALERTA MODELS_INIT: Modelos ML inicializados correctamente
2025-10-21 11:23:41 | INFO | sicar.main | 📢 ALERTA PATTERN_RECOGNITION_INIT: Sistema de reconocimiento de patrones inicializado
2025-10-21 11:23:41 | INFO | sicar.main | 📢 ALERTA SCALPING_INIT: ScalpingEngine inicializado correctamente
2025-10-21 11:23:41 | INFO | sicar.main | 📢 ALERTA XAI_BREAKOUT_INIT: Sistema XAI-Breakout inicializado
2025-10-21 11:23:41 | INFO | sicar.main | 📢 ALERTA AUTONOMOUS_ENGINE_INIT: Motor de decisiones autónomas inicializado
2025-10-21 11:23:41 | INFO | sicar.main | 📢 ALERTA SCALPING_INIT: ScalpingEngine inicializado correctamente
2025-10-21 11:23:41 | INFO | sicar.main | 📢 ALERTA XAI_BREAKOUT_INIT: Sistema XAI-Breakout inicializado
2025-10-21 11:23:41 | INFO | sicar.main | 📢 ALERTA INTEGRATION_MANAGER_INIT: Gestor de integración mejorada inicializado
2025-10-21 11:23:41 | INFO | sicar.main | 📢 ALERTA INTEGRATION_START: Iniciando integración mejorada de sistemas SICAR
2025-10-21 11:23:41 | INFO | sicar.main | 📢 ALERTA BREAKOUT_DETECTOR: 🚀 Iniciando bucle de detección de breakouts OPTIMIZADO
2025-10-21 11:23:41 | INFO | sicar.main | 📢 ALERTA BREAKOUT_DETECTOR: Detector de breakouts iniciado
2025-10-21 11:23:41 | INFO | sicar.main | 📢 ALERTA SCALPING_START: ScalpingEngine iniciado con el detector
2025-10-21 11:23:41 | INFO | sicar.main | 📢 ALERTA XAI_BREAKOUT_START: Sistema XAI-Breakout iniciado
2025-10-21 11:23:41 | INFO | sicar.main | 📢 ALERTA SYSTEMS_INIT: Sistemas integrados inicializados correctamente
2025-10-21 11:23:41 | INFO | sicar.main | 📢 ALERTA INTEGRATION_ACTIVE: Integración mejorada activa y funcionando
2025-10-21 11:23:41 | INFO | sicar.main | 📢 ALERTA SYSTEM_COORDINATION: Sistemas coordinados - Patrones: 0, Decisiones/hora: 0
2025-10-21 11:23:41 | INFO | sicar.main | 📢 ALERTA TEST_INTEGRATION: Integración mejorada iniciada en modo prueba
2025-10-21 11:23:41 | INFO | sicar.main | 📢 ALERTA BREAKOUT_DETECTOR: 🚀 Iniciando bucle de detección de breakouts OPTIMIZADO
2025-10-21 11:23:41 | INFO | sicar.main | 📢 ALERTA BREAKOUT_DETECTOR: Detector de breakouts iniciado
2025-10-21 11:23:41 | INFO | sicar.main | 📢 ALERTA SCALPING_START: ScalpingEngine iniciado con el detector
2025-10-21 11:23:41 | INFO | sicar.main | 📢 ALERTA XAI_BREAKOUT_START: Sistema XAI-Breakout iniciado
2025-10-21 11:23:41 | INFO | sicar.main | 📢 ALERTA AUTONOMOUS_START: Sistema de trading autónomo iniciado
2025-10-21 11:23:41 | INFO | sicar.main | 📢 ALERTA PATTERNS_DETECTED: Detectados 1 patrones en ADAUSDT
2025-10-21 11:23:56 | INFO | sicar.main | 📢 ALERTA SYSTEM_COORDINATION: Sistemas coordinados - Patrones: 1, Decisiones/hora: 0
2025-10-21 11:24:11 | INFO | sicar.main | 📢 ALERTA SYSTEM_COORDINATION: Sistemas coordinados - Patrones: 1, Decisiones/hora: 0
2025-10-21 11:24:12 | INFO | sicar.main | 📢 ALERTA PATTERNS_DETECTED: Detectados 1 patrones en ADAUSDT
2025-10-21 11:24:26 | INFO | sicar.main | 📢 ALERTA SYSTEM_COORDINATION: Sistemas coordinados - Patrones: 2, Decisiones/hora: 0
2025-10-21 11:24:41 | INFO | sicar.main | 📢 ALERTA SYSTEM_COORDINATION: Sistemas coordinados - Patrones: 2, Decisiones/hora: 0
2025-10-21 11:24:42 | INFO | sicar.main | 📢 ALERTA PATTERNS_DETECTED: Detectados 1 patrones en ADAUSDT
2025-10-21 11:24:56 | INFO | sicar.main | 📢 ALERTA SYSTEM_COORDINATION: Sistemas coordinados - Patrones: 3, Decisiones/hora: 0
2025-10-21 11:25:11 | INFO | sicar.main | 📢 ALERTA SYSTEM_COORDINATION: Sistemas coordinados - Patrones: 3, Decisiones/hora: 0
2025-10-21 11:25:13 | INFO | sicar.main | 📢 ALERTA PATTERNS_DETECTED: Detectados 1 patrones en ADAUSDT
2025-10-21 11:25:26 | INFO | sicar.main | 📢 ALERTA SYSTEM_COORDINATION: Sistemas coordinados - Patrones: 4, Decisiones/hora: 0
2025-10-21 11:25:33 | INFO | sicar.main | 📢 ALERTA PATTERNS_DETECTED: Detectados 1 patrones en ADAUSDT
2025-10-21 11:25:41 | INFO | sicar.main | 📢 ALERTA SYSTEM_COORDINATION: Sistemas coordinados - Patrones: 5, Decisiones/hora: 0
2025-10-21 11:31:46 | INFO | sicar.main | 📢 ALERTA SCALPING_INIT: ScalpingEngine inicializado correctamente
2025-10-21 11:31:47 | INFO | sicar.main | 📢 ALERTA MODELS_INIT: Modelos ML inicializados correctamente
2025-10-21 11:31:47 | INFO | sicar.main | 📢 ALERTA PATTERN_RECOGNITION_INIT: Sistema de reconocimiento de patrones inicializado
2025-10-21 11:31:47 | INFO | sicar.main | 📢 ALERTA SCALPING_INIT: ScalpingEngine inicializado correctamente
2025-10-21 11:31:47 | INFO | sicar.main | 📢 ALERTA XAI_BREAKOUT_INIT: Sistema XAI-Breakout inicializado
2025-10-21 11:31:47 | INFO | sicar.main | 📢 ALERTA AUTONOMOUS_ENGINE_INIT: Motor de decisiones autónomas inicializado
2025-10-21 11:31:47 | INFO | sicar.main | 📢 ALERTA SCALPING_INIT: ScalpingEngine inicializado correctamente
2025-10-21 11:31:47 | INFO | sicar.main | 📢 ALERTA XAI_BREAKOUT_INIT: Sistema XAI-Breakout inicializado
2025-10-21 11:31:47 | INFO | sicar.main | 📢 ALERTA INTEGRATION_MANAGER_INIT: Gestor de integración mejorada inicializado
2025-10-21 11:31:47 | INFO | sicar.main | 📢 ALERTA INTEGRATION_START: Iniciando integración mejorada de sistemas SICAR
2025-10-21 11:31:47 | INFO | sicar.main | 📢 ALERTA BREAKOUT_DETECTOR: 🚀 Iniciando bucle de detección de breakouts OPTIMIZADO
2025-10-21 11:31:47 | INFO | sicar.main | 📢 ALERTA BREAKOUT_DETECTOR: Detector de breakouts iniciado
2025-10-21 11:31:47 | INFO | sicar.main | 📢 ALERTA SCALPING_START: ScalpingEngine iniciado con el detector
2025-10-21 11:31:47 | INFO | sicar.main | 📢 ALERTA XAI_BREAKOUT_START: Sistema XAI-Breakout iniciado
2025-10-21 11:31:47 | INFO | sicar.main | 📢 ALERTA SYSTEMS_INIT: Sistemas integrados inicializados correctamente
2025-10-21 11:31:47 | INFO | sicar.main | 📢 ALERTA INTEGRATION_ACTIVE: Integración mejorada activa y funcionando
2025-10-21 11:31:47 | INFO | sicar.main | 📢 ALERTA TEST_INTEGRATION: Integración mejorada iniciada en modo prueba
2025-10-21 11:31:47 | INFO | sicar.main | 📢 ALERTA SYSTEM_COORDINATION: Sistemas coordinados - Patrones: 0, Decisiones/hora: 0
2025-10-21 11:31:47 | INFO | sicar.main | 📢 ALERTA BREAKOUT_DETECTOR: 🚀 Iniciando bucle de detección de breakouts OPTIMIZADO
2025-10-21 11:31:47 | INFO | sicar.main | 📢 ALERTA BREAKOUT_DETECTOR: Detector de breakouts iniciado
2025-10-21 11:31:47 | INFO | sicar.main | 📢 ALERTA SCALPING_START: ScalpingEngine iniciado con el detector
2025-10-21 11:31:47 | INFO | sicar.main | 📢 ALERTA XAI_BREAKOUT_START: Sistema XAI-Breakout iniciado
2025-10-21 11:31:47 | INFO | sicar.main | 📢 ALERTA AUTONOMOUS_START: Sistema de trading autónomo iniciado
2025-10-21 11:31:47 | INFO | sicar.main | 📢 ALERTA PATTERNS_DETECTED: Detectados 1 patrones en BTCUSDT
2025-10-21 11:31:48 | INFO | sicar.main | 📢 ALERTA PATTERNS_DETECTED: Detectados 1 patrones en ADAUSDT
2025-10-21 11:32:02 | INFO | sicar.main | 📢 ALERTA SYSTEM_COORDINATION: Sistemas coordinados - Patrones: 2, Decisiones/hora: 0
2025-10-21 11:32:17 | INFO | sicar.main | 📢 ALERTA SYSTEM_COORDINATION: Sistemas coordinados - Patrones: 2, Decisiones/hora: 0
2025-10-21 11:32:18 | INFO | sicar.main | 📢 ALERTA PATTERNS_DETECTED: Detectados 1 patrones en BTCUSDT
2025-10-21 11:32:18 | INFO | sicar.main | 📢 ALERTA PATTERNS_DETECTED: Detectados 1 patrones en ADAUSDT
2025-10-21 11:32:32 | INFO | sicar.main | 📢 ALERTA SYSTEM_COORDINATION: Sistemas coordinados - Patrones: 4, Decisiones/hora: 0
2025-10-21 11:32:47 | INFO | sicar.main | 📢 ALERTA SYSTEM_COORDINATION: Sistemas coordinados - Patrones: 4, Decisiones/hora: 0
2025-10-21 11:32:48 | INFO | sicar.main | 📢 ALERTA PATTERNS_DETECTED: Detectados 1 patrones en BTCUSDT
2025-10-21 11:32:49 | INFO | sicar.main | 📢 ALERTA PATTERNS_DETECTED: Detectados 1 patrones en ADAUSDT
2025-10-21 11:33:02 | INFO | sicar.main | 📢 ALERTA SYSTEM_COORDINATION: Sistemas coordinados - Patrones: 6, Decisiones/hora: 0
2025-10-21 11:33:17 | INFO | sicar.main | 📢 ALERTA SYSTEM_COORDINATION: Sistemas coordinados - Patrones: 6, Decisiones/hora: 0
2025-10-21 11:33:19 | INFO | sicar.main | 📢 ALERTA PATTERNS_DETECTED: Detectados 1 patrones en BTCUSDT
2025-10-21 11:33:19 | INFO | sicar.main | 📢 ALERTA PATTERNS_DETECTED: Detectados 1 patrones en ADAUSDT
2025-10-21 11:33:32 | INFO | sicar.main | 📢 ALERTA SYSTEM_COORDINATION: Sistemas coordinados - Patrones: 8, Decisiones/hora: 0
2025-10-21 11:33:47 | INFO | sicar.main | 📢 ALERTA SYSTEM_COORDINATION: Sistemas coordinados - Patrones: 8, Decisiones/hora: 0
2025-10-21 11:38:00 | INFO | sicar.main | 🔄 SYNC LOAD: ✅ ÉXITO
2025-10-21 11:38:00 | INFO | sicar.main |    Detalles: Datos cargados: 15 campos
2025-10-21 11:38:01 | INFO | sicar.main | 📢 ALERTA SCALPING_INIT: ScalpingEngine inicializado correctamente
2025-10-21 11:38:04 | INFO | sicar.main | 📢 ALERTA SCALPING_INIT: ScalpingEngine inicializado correctamente
2025-10-21 11:38:04 | INFO | sicar.main | 📢 ALERTA PAPER_TRADING: Motor de paper trading inicializado con $200.00
2025-10-21 11:38:04 | INFO | sicar.main | 📢 ALERTA SCALPING_INIT: ScalpingEngine inicializado correctamente
2025-10-21 11:38:06 | INFO | sicar.main | 📢 ALERTA OBSERVER_ADDED: Observador agregado al detector de breakouts
2025-10-21 11:38:06 | INFO | sicar.main | 🔄 SYNC AUTO_SYNC: ✅ ÉXITO
2025-10-21 11:38:06 | INFO | sicar.main |    Detalles: Sincronización automática iniciada
2025-10-21 11:38:06 | INFO | sicar.main | 📢 ALERTA BREAKOUT_DETECTOR: 🚀 Iniciando bucle de detección de breakouts OPTIMIZADO
2025-10-21 11:38:06 | INFO | sicar.main | 📢 ALERTA BREAKOUT_DETECTOR: Detector de breakouts iniciado
2025-10-21 11:38:06 | INFO | sicar.main | 📢 ALERTA SCALPING_START: ScalpingEngine iniciado con el detector
2025-10-21 11:38:06 | INFO | sicar.main | 📢 ALERTA DASHBOARD: Dashboard mejorado iniciado correctamente
2025-10-21 11:38:27 | INFO | sicar.main | 📢 ALERTA BREAKOUT_DETECTOR: Detector de breakouts detenido
2025-10-21 11:38:27 | INFO | sicar.main | 📢 ALERTA SCALPING_STOP: ScalpingEngine detenido con el detector
2025-10-21 11:38:28 | INFO | sicar.main | 🔄 SYNC AUTO_SYNC: ✅ ÉXITO
2025-10-21 11:38:28 | INFO | sicar.main |    Detalles: Sincronización automática detenida
2025-10-21 11:38:28 | INFO | sicar.main | 📢 ALERTA DASHBOARD: Dashboard cerrado correctamente
2025-10-21 12:04:29 | INFO | sicar.main | 📢 ALERTA MODELS_INIT: Modelos ML inicializados correctamente
2025-10-21 12:04:29 | INFO | sicar.main | 📢 ALERTA PATTERN_RECOGNITION_INIT: Sistema de reconocimiento de patrones inicializado
2025-10-21 12:05:23 | INFO | sicar.main | 📢 ALERTA MODELS_INIT: Modelos ML inicializados correctamente
2025-10-21 12:05:23 | INFO | sicar.main | 📢 ALERTA PATTERN_RECOGNITION_INIT: Sistema de reconocimiento de patrones inicializado
2025-10-21 12:05:23 | INFO | sicar.main | 📢 ALERTA MODELS_INIT: Modelos ML inicializados correctamente
2025-10-21 12:05:23 | INFO | sicar.main | 📢 ALERTA PATTERN_RECOGNITION_INIT: Sistema de reconocimiento de patrones inicializado
2025-10-21 12:06:08 | INFO | sicar.main | 📢 ALERTA MODELS_INIT: Modelos ML inicializados correctamente
2025-10-21 12:06:08 | INFO | sicar.main | 📢 ALERTA PATTERN_RECOGNITION_INIT: Sistema de reconocimiento de patrones inicializado
2025-10-21 12:06:09 | INFO | sicar.main | 📢 ALERTA MODELS_INIT: Modelos ML inicializados correctamente
2025-10-21 12:06:09 | INFO | sicar.main | 📢 ALERTA PATTERN_RECOGNITION_INIT: Sistema de reconocimiento de patrones inicializado
2025-10-21 17:07:47 | INFO | sicar.main | 📢 ALERTA MODELS_INIT: Modelos ML inicializados correctamente
2025-10-21 17:07:47 | INFO | sicar.main | 📢 ALERTA PATTERN_RECOGNITION_INIT: Sistema de reconocimiento de patrones inicializado
2025-10-21 17:07:47 | INFO | sicar.main | 📢 ALERTA MODELS_INIT: Modelos ML inicializados correctamente
2025-10-21 17:07:47 | INFO | sicar.main | 📢 ALERTA PATTERN_RECOGNITION_INIT: Sistema de reconocimiento de patrones inicializado
2025-10-22 16:58:44 | INFO | sicar.main | 📢 ALERTA SCALPING_INIT: ScalpingEngine inicializado correctamente
2025-10-22 16:58:48 | INFO | sicar.main | 📢 ALERTA MODELS_INIT: Modelos ML inicializados correctamente
2025-10-22 16:58:48 | INFO | sicar.main | 📢 ALERTA PATTERN_RECOGNITION_INIT: Sistema de reconocimiento de patrones inicializado
2025-10-22 16:58:48 | INFO | sicar.main | 📢 ALERTA SCALPING_INIT: ScalpingEngine inicializado correctamente
2025-10-22 16:58:48 | INFO | sicar.main | 📢 ALERTA XAI_BREAKOUT_INIT: Sistema XAI-Breakout inicializado
2025-10-22 16:58:48 | INFO | sicar.main | 📢 ALERTA AUTONOMOUS_ENGINE_INIT: Motor de decisiones autónomas inicializado
2025-10-22 16:58:48 | INFO | sicar.main | 📢 ALERTA SCALPING_INIT: ScalpingEngine inicializado correctamente
2025-10-22 16:58:48 | INFO | sicar.main | 📢 ALERTA XAI_BREAKOUT_INIT: Sistema XAI-Breakout inicializado
2025-10-22 16:58:48 | INFO | sicar.main | 📢 ALERTA INTEGRATION_MANAGER_INIT: Gestor de integración mejorada inicializado
2025-10-22 16:58:48 | INFO | sicar.main | 📢 ALERTA INTEGRATION_START: Iniciando integración mejorada de sistemas SICAR
2025-10-22 16:58:59 | INFO | sicar.main | 📢 ALERTA XAI_INIT: CausalCartographer inicializado
2025-10-22 16:58:59 | INFO | sicar.main | 📢 ALERTA XAI_INIT: RegimeClassifier inicializado
2025-10-22 16:58:59 | INFO | sicar.main | 📢 ALERTA XAI_INIT: MetaController inicializado
2025-10-22 16:58:59 | INFO | sicar.main | 📢 ALERTA BREAKOUT_DETECTOR: 🚀 Iniciando bucle de detección de breakouts OPTIMIZADO
2025-10-22 16:58:59 | INFO | sicar.main | 📢 ALERTA BREAKOUT_DETECTOR: Detector de breakouts iniciado
2025-10-22 16:58:59 | INFO | sicar.main | 📢 ALERTA SCALPING_START: ScalpingEngine iniciado con el detector
2025-10-22 16:58:59 | INFO | sicar.main | 📢 ALERTA XAI_BREAKOUT_START: Sistema XAI-Breakout iniciado
2025-10-22 16:58:59 | INFO | sicar.main | 📢 ALERTA SYSTEMS_INIT: Sistemas integrados inicializados correctamente
2025-10-22 16:58:59 | INFO | sicar.main | 📢 ALERTA INTEGRATION_ACTIVE: Integración mejorada activa y funcionando
2025-10-22 16:58:59 | INFO | sicar.main | 📢 ALERTA BREAKOUT_DETECTOR: 🚀 Iniciando bucle de detección de breakouts OPTIMIZADO
2025-10-22 16:58:59 | INFO | sicar.main | 📢 ALERTA BREAKOUT_DETECTOR: Detector de breakouts iniciado
2025-10-22 16:58:59 | INFO | sicar.main | 📢 ALERTA SCALPING_START: ScalpingEngine iniciado con el detector
2025-10-22 16:58:59 | INFO | sicar.main | 📢 ALERTA XAI_BREAKOUT_START: Sistema XAI-Breakout iniciado
2025-10-22 16:58:59 | INFO | sicar.main | 📢 ALERTA AUTONOMOUS_START: Sistema de trading autónomo iniciado
2025-10-22 16:58:59 | INFO | sicar.main | 📢 ALERTA PATTERNS_DETECTED: Detectados 1 patrones en BTCUSDT
2025-10-22 16:59:00 | INFO | sicar.main | 📢 ALERTA PATTERNS_DETECTED: Detectados 1 patrones en ETHUSDT
2025-10-22 16:59:03 | INFO | sicar.main | 📢 ALERTA SYSTEM_COORDINATION: Sistemas coordinados - Patrones: 0, Decisiones/hora: 0
2025-10-22 16:59:19 | INFO | sicar.main | 📢 ALERTA SYSTEM_COORDINATION: Sistemas coordinados - Patrones: 2, Decisiones/hora: 0
2025-10-22 16:59:32 | INFO | sicar.main | 📢 ALERTA PATTERNS_DETECTED: Detectados 1 patrones en BTCUSDT
2025-10-22 16:59:32 | INFO | sicar.main | 📢 ALERTA PATTERNS_DETECTED: Detectados 1 patrones en ETHUSDT
2025-10-22 16:59:35 | INFO | sicar.main | 📢 ALERTA SYSTEM_COORDINATION: Sistemas coordinados - Patrones: 4, Decisiones/hora: 0
2025-10-22 16:59:40 | INFO | sicar.main | 📢 ALERTA BREAKOUT_DETECTOR: Detector de breakouts detenido
2025-10-22 16:59:40 | INFO | sicar.main | 📢 ALERTA SCALPING_STOP: ScalpingEngine detenido con el detector
2025-10-22 16:59:45 | INFO | sicar.main | 📢 ALERTA XAI_BREAKOUT_STOP: Sistema XAI-Breakout detenido
2025-10-22 16:59:50 | INFO | sicar.main | 📢 ALERTA INTEGRATION_STOP: Integración mejorada detenida correctamente
2025-11-12 07:05:18 | INFO | sicar.main | Reporte cognitivo generado localmente
2025-11-12 07:06:18 | INFO | sicar.main | 📢 ALERTA SCALPING_INIT: ScalpingEngine inicializado correctamente
2025-11-12 07:06:48 | INFO | sicar.main | 📢 ALERTA SCALPING_INIT: ScalpingEngine inicializado correctamente
2025-11-12 07:07:07 | INFO | sicar.main | 📢 ALERTA SCALPING_INIT: ScalpingEngine inicializado correctamente
2025-11-12 07:07:09 | INFO | sicar.main | 📢 ALERTA SCALPING_INIT: ScalpingEngine inicializado correctamente
2025-11-12 07:09:48 | WARNING | sicar.main | Credenciales de Binance no configuradas, usando simulación local
2025-11-12 07:09:48 | INFO | sicar.main | Para usar Binance Testnet:
2025-11-12 07:09:48 | INFO | sicar.main | 1. Crear cuenta en https://testnet.binance.vision/
2025-11-12 07:09:48 | INFO | sicar.main | 2. Generar API Key y Secret
2025-11-12 07:09:48 | INFO | sicar.main | 3. Configurar variables de entorno BINANCE_API_KEY y BINANCE_SECRET_KEY
2025-11-12 07:09:48 | INFO | sicar.main | Bot SICAR inicializado correctamente
2025-11-12 07:37:57 | INFO | sicar.main | Ejecutando ejemplo del Módulo XAI...
2025-11-12 07:37:57 | INFO | sicar.main | Generando reporte cognitivo...
2025-11-12 07:37:57 | WARNING | sicar.main | LLMs externos deshabilitados, generando reporte local
2025-11-12 07:37:57 | INFO | sicar.main | Reporte cognitivo generado localmente
2025-11-12 07:37:57 | INFO | sicar.main | Generando reportes multi-IA para comparación...
2025-11-12 07:38:13 | INFO | sicar.main | Reporte cognitivo generado con OpenAI
2025-11-12 07:38:13 | WARNING | sicar.main | Anthropic no instalado, usando reporte local
2025-11-12 07:38:13 | INFO | sicar.main | Reporte cognitivo generado localmente
2025-11-12 07:38:14 | ERROR | sicar.main | Error con Grok API: 404 Client Error: Not Found for url: https://api.x.ai/v1/chat/completions
2025-11-12 07:38:14 | INFO | sicar.main | Reporte cognitivo generado localmente
2025-11-12 07:38:14 | INFO | sicar.main | Reporte cognitivo guardado en C:\Users\johan\OneDrive\Escritorio\SICAR\sicar_project\reports\ejemplo_reporte_xai.txt
2025-11-12 07:38:14 | INFO | sicar.main | Reporte cognitivo guardado en C:\Users\johan\OneDrive\Escritorio\SICAR\sicar_project\reports\comparacion_multi_ia.txt
2025-11-12 07:40:08 | INFO | sicar.main | Reporte cognitivo generado con OpenAI
2025-11-12 07:40:08 | WARNING | sicar.main | Anthropic no instalado, usando reporte local
2025-11-12 07:40:08 | INFO | sicar.main | Reporte cognitivo generado localmente
2025-11-12 07:40:09 | ERROR | sicar.main | Error con Grok API: 404 Client Error: Not Found for url: https://api.x.ai/v1/chat/completions
2025-11-12 07:40:09 | INFO | sicar.main | Reporte cognitivo generado localmente
2025-11-12 07:40:09 | INFO | sicar.main | Generando reporte cognitivo...
2025-11-12 07:40:09 | WARNING | sicar.main | LLMs externos deshabilitados, generando reporte local
2025-11-12 07:40:09 | INFO | sicar.main | Reporte cognitivo generado localmente
2025-11-12 07:40:09 | INFO | sicar.main | Generando reportes multi-IA para comparación...
2025-11-12 07:40:20 | INFO | sicar.main | Reporte cognitivo generado con OpenAI
2025-11-12 07:40:20 | WARNING | sicar.main | Anthropic no instalado, usando reporte local
2025-11-12 07:40:20 | INFO | sicar.main | Reporte cognitivo generado localmente
2025-11-12 07:40:21 | ERROR | sicar.main | Error con Grok API: 404 Client Error: Not Found for url: https://api.x.ai/v1/chat/completions
2025-11-12 07:40:21 | INFO | sicar.main | Reporte cognitivo generado localmente
2025-11-12 08:28:50 | INFO | sicar.main | Reporte cognitivo generado con OpenAI
2025-11-12 08:28:50 | WARNING | sicar.main | Anthropic no instalado, usando reporte local
2025-11-12 08:28:50 | INFO | sicar.main | Reporte cognitivo generado localmente
2025-11-12 08:28:53 | ERROR | sicar.main | Error con Z.ai API: 429 Client Error: Too Many Requests for url: https://api.z.ai/api/paas/v4/chat/completions
2025-11-12 08:28:53 | INFO | sicar.main | Reporte cognitivo generado localmente
2025-11-12 08:28:54 | ERROR | sicar.main | Error con Grok API: 404 Client Error: Not Found for url: https://api.x.ai/v1/chat/completions
2025-11-12 08:28:54 | INFO | sicar.main | Reporte cognitivo generado localmente
2025-11-12 08:28:54 | INFO | sicar.main | Generando reporte cognitivo...
2025-11-12 08:28:54 | INFO | sicar.main | Intentando generar reporte con OpenAI...
2025-11-12 08:29:08 | INFO | sicar.main | Reporte cognitivo generado con OpenAI
2025-11-12 08:29:08 | INFO | sicar.main | Generando reportes multi-IA para comparación...
2025-11-12 08:29:19 | INFO | sicar.main | Reporte cognitivo generado con OpenAI
2025-11-12 08:29:19 | WARNING | sicar.main | Anthropic no instalado, usando reporte local
2025-11-12 08:29:19 | INFO | sicar.main | Reporte cognitivo generado localmente
2025-11-12 08:29:23 | ERROR | sicar.main | Error con Z.ai API: 429 Client Error: Too Many Requests for url: https://api.z.ai/api/paas/v4/chat/completions
2025-11-12 08:29:23 | INFO | sicar.main | Reporte cognitivo generado localmente
2025-11-12 08:29:24 | ERROR | sicar.main | Error con Grok API: 404 Client Error: Not Found for url: https://api.x.ai/v1/chat/completions
2025-11-12 08:29:24 | INFO | sicar.main | Reporte cognitivo generado localmente
2025-11-12 22:12:22 | INFO | sicar.main | Reporte cognitivo generado con OpenAI
2025-11-12 22:12:22 | WARNING | sicar.main | Anthropic no instalado, usando reporte local
2025-11-12 22:12:22 | INFO | sicar.main | Reporte cognitivo generado localmente
2025-11-12 22:12:25 | ERROR | sicar.main | Error con Z.ai API: 429 Client Error: Too Many Requests for url: https://api.z.ai/api/paas/v4/chat/completions
2025-11-12 22:12:25 | INFO | sicar.main | Reporte cognitivo generado localmente
2025-11-12 22:12:32 | INFO | sicar.main | Reporte cognitivo generado con Grok
2025-11-12 22:12:32 | INFO | sicar.main | Generando reporte cognitivo...
2025-11-12 22:12:32 | INFO | sicar.main | Intentando generar reporte con OpenAI...
2025-11-12 22:12:43 | INFO | sicar.main | Reporte cognitivo generado con OpenAI
2025-11-12 22:12:43 | INFO | sicar.main | Generando reportes multi-IA para comparación...
2025-11-12 22:12:54 | INFO | sicar.main | Reporte cognitivo generado con OpenAI
2025-11-12 22:12:54 | WARNING | sicar.main | Anthropic no instalado, usando reporte local
2025-11-12 22:12:54 | INFO | sicar.main | Reporte cognitivo generado localmente
2025-11-12 22:12:57 | ERROR | sicar.main | Error con Z.ai API: 429 Client Error: Too Many Requests for url: https://api.z.ai/api/paas/v4/chat/completions
2025-11-12 22:12:57 | INFO | sicar.main | Reporte cognitivo generado localmente
2025-11-12 22:13:04 | INFO | sicar.main | Reporte cognitivo generado con Grok
2025-11-13 10:13:46 | INFO | sicar.main | Generando reporte cognitivo...
2025-11-13 10:13:46 | INFO | sicar.main | Intentando generar reporte con OpenAI...
2025-11-13 10:14:03 | INFO | sicar.main | Reporte cognitivo generado con OpenAI
2025-11-13 10:14:03 | INFO | sicar.main | Reporte cognitivo guardado en C:\Users\johan\OneDrive\Escritorio\SICAR\sicar_project\reports\reporte_dinamico_patchtst.txt
2025-11-13 10:14:03 | INFO | sicar.main | Generando reportes multi-IA para comparación...
2025-11-13 10:14:16 | INFO | sicar.main | Reporte cognitivo generado con OpenAI
2025-11-13 10:14:16 | WARNING | sicar.main | Anthropic no instalado, usando reporte local
2025-11-13 10:14:16 | INFO | sicar.main | Reporte cognitivo generado localmente
2025-11-13 10:14:18 | ERROR | sicar.main | Error con Z.ai API: 429 Client Error: Too Many Requests for url: https://api.z.ai/api/paas/v4/chat/completions
2025-11-13 10:14:18 | INFO | sicar.main | Reporte cognitivo generado localmente
2025-11-13 10:14:26 | INFO | sicar.main | Reporte cognitivo generado con Grok
2025-11-13 10:14:26 | INFO | sicar.main | Reporte cognitivo guardado en C:\Users\johan\OneDrive\Escritorio\SICAR\sicar_project\reports\comparacion_multi_ia_patchtst.txt
2025-11-13 10:16:52 | INFO | sicar.main | Generando reporte cognitivo...
2025-11-13 10:16:52 | INFO | sicar.main | Intentando generar reporte con OpenAI...
2025-11-13 10:17:07 | INFO | sicar.main | Reporte cognitivo generado con OpenAI
2025-11-13 10:17:07 | INFO | sicar.main | Reporte cognitivo guardado en C:\Users\johan\OneDrive\Escritorio\SICAR\sicar_project\reports\reporte_dinamico_patchtst.txt
2025-11-13 10:17:07 | INFO | sicar.main | Generando reportes multi-IA para comparación...
2025-11-13 10:17:23 | INFO | sicar.main | Reporte cognitivo generado con OpenAI
2025-11-13 10:17:23 | WARNING | sicar.main | Anthropic no instalado, usando reporte local
2025-11-13 10:17:23 | INFO | sicar.main | Reporte cognitivo generado localmente
2025-11-13 10:17:26 | ERROR | sicar.main | Error con Z.ai API: 429 Client Error: Too Many Requests for url: https://api.z.ai/api/paas/v4/chat/completions
2025-11-13 10:17:26 | INFO | sicar.main | Reporte cognitivo generado localmente
2025-11-13 10:17:31 | INFO | sicar.main | Reporte cognitivo generado con Grok
2025-11-13 10:17:31 | INFO | sicar.main | Reporte cognitivo guardado en C:\Users\johan\OneDrive\Escritorio\SICAR\sicar_project\reports\comparacion_multi_ia_patchtst.txt
2025-11-13 10:23:14 | INFO | sicar.main | Generando reporte cognitivo...
2025-11-13 10:23:14 | INFO | sicar.main | Intentando generar reporte con OpenAI...
2025-11-13 10:23:31 | INFO | sicar.main | Reporte cognitivo generado con OpenAI
2025-11-13 10:23:31 | INFO | sicar.main | Reporte cognitivo guardado en C:\Users\johan\OneDrive\Escritorio\SICAR\sicar_project\reports\reporte_dinamico_patchtst.txt
2025-11-13 10:23:31 | INFO | sicar.main | Generando reportes multi-IA para comparación...
2025-11-13 10:23:45 | INFO | sicar.main | Reporte cognitivo generado con OpenAI
2025-11-13 10:23:45 | WARNING | sicar.main | Anthropic no instalado, usando reporte local
2025-11-13 10:23:45 | INFO | sicar.main | Reporte cognitivo generado localmente
2025-11-13 10:23:48 | ERROR | sicar.main | Error con Z.ai API: 429 Client Error: Too Many Requests for url: https://api.z.ai/api/paas/v4/chat/completions
2025-11-13 10:23:48 | INFO | sicar.main | Reporte cognitivo generado localmente
2025-11-13 10:23:55 | INFO | sicar.main | Reporte cognitivo generado con Grok
2025-11-13 10:23:55 | INFO | sicar.main | Reporte cognitivo guardado en C:\Users\johan\OneDrive\Escritorio\SICAR\sicar_project\reports\comparacion_multi_ia_patchtst.txt
2025-11-13 10:26:41 | INFO | sicar.main | Generando reporte cognitivo...
2025-11-13 10:26:41 | INFO | sicar.main | Intentando generar reporte con OpenAI...
2025-11-13 10:26:57 | INFO | sicar.main | Reporte cognitivo generado con OpenAI
2025-11-13 10:26:57 | INFO | sicar.main | Reporte cognitivo guardado en C:\Users\johan\OneDrive\Escritorio\SICAR\sicar_project\reports\reporte_dinamico_patchtst.txt
2025-11-13 10:26:57 | INFO | sicar.main | Generando reportes multi-IA para comparación...
2025-11-13 10:27:10 | INFO | sicar.main | Reporte cognitivo generado con OpenAI
2025-11-13 10:27:10 | WARNING | sicar.main | Anthropic no instalado, usando reporte local
2025-11-13 10:27:10 | INFO | sicar.main | Reporte cognitivo generado localmente
2025-11-13 10:27:12 | ERROR | sicar.main | Error con Z.ai API: 429 Client Error: Too Many Requests for url: https://api.z.ai/api/paas/v4/chat/completions
2025-11-13 10:27:12 | INFO | sicar.main | Reporte cognitivo generado localmente
2025-11-13 10:27:20 | INFO | sicar.main | Reporte cognitivo generado con Grok
2025-11-13 10:27:20 | INFO | sicar.main | Reporte cognitivo guardado en C:\Users\johan\OneDrive\Escritorio\SICAR\sicar_project\reports\comparacion_multi_ia_patchtst.txt
2025-11-13 10:31:55 | INFO | sicar.main | Generando reporte cognitivo...
2025-11-13 10:31:55 | INFO | sicar.main | Intentando generar reporte con OpenAI...
2025-11-13 10:32:09 | INFO | sicar.main | Reporte cognitivo generado con OpenAI
2025-11-13 10:32:09 | INFO | sicar.main | Reporte cognitivo guardado en C:\Users\johan\OneDrive\Escritorio\SICAR\sicar_project\reports\reporte_dinamico_patchtst.txt
2025-11-13 10:32:09 | INFO | sicar.main | Generando reportes multi-IA para comparación...
2025-11-13 10:32:24 | INFO | sicar.main | Reporte cognitivo generado con OpenAI
2025-11-13 10:32:24 | WARNING | sicar.main | Anthropic no instalado, usando reporte local
2025-11-13 10:32:24 | INFO | sicar.main | Reporte cognitivo generado localmente
2025-11-13 10:32:31 | INFO | sicar.main | Reporte cognitivo generado con Grok
2025-11-13 10:32:31 | INFO | sicar.main | Reporte cognitivo guardado en C:\Users\johan\OneDrive\Escritorio\SICAR\sicar_project\reports\comparacion_multi_ia_patchtst.txt
2025-11-13 10:38:12 | INFO | sicar.main | 📢 ALERTA SCALPING_INIT: ScalpingEngine inicializado correctamente
2025-11-13 10:38:14 | INFO | sicar.main | 📢 ALERTA SCALPING_INIT: ScalpingEngine inicializado correctamente
2025-11-13 10:42:06 | INFO | sicar.main | 📢 ALERTA SCALPING_INIT: ScalpingEngine inicializado correctamente
2025-11-13 10:42:09 | INFO | sicar.main | 📢 ALERTA SCALPING_INIT: ScalpingEngine inicializado correctamente
2025-11-13 11:40:21 | INFO | sicar.main | 📢 ALERTA SCALPING_INIT: ScalpingEngine inicializado correctamente
2025-11-13 11:40:22 | INFO | sicar.main | 📢 ALERTA SCALPING_INIT: ScalpingEngine inicializado correctamente
2025-11-13 11:57:49 | INFO | sicar.main | Generando reporte cognitivo...
2025-11-13 11:57:49 | INFO | sicar.main | Intentando generar reporte con OpenAI...
2025-11-13 11:58:05 | INFO | sicar.main | Reporte cognitivo generado con OpenAI
2025-11-13 11:58:05 | INFO | sicar.main | Reporte cognitivo guardado en C:\Users\johan\OneDrive\Escritorio\SICAR\sicar_project\reports\reporte_dinamico_patchtst.txt
2025-11-13 11:58:05 | INFO | sicar.main | Generando reportes multi-IA para comparación...
2025-11-13 11:58:18 | INFO | sicar.main | Reporte cognitivo generado con OpenAI
2025-11-13 11:58:18 | WARNING | sicar.main | Anthropic no instalado, usando reporte local
2025-11-13 11:58:18 | INFO | sicar.main | Reporte cognitivo generado localmente
2025-11-13 11:58:25 | INFO | sicar.main | Reporte cognitivo generado con Grok
2025-11-13 11:58:25 | INFO | sicar.main | Reporte cognitivo guardado en C:\Users\johan\OneDrive\Escritorio\SICAR\sicar_project\reports\comparacion_multi_ia_patchtst.txt
2025-11-13 12:00:48 | INFO | sicar.main | Generando reporte cognitivo...
2025-11-13 12:00:48 | INFO | sicar.main | Intentando generar reporte con OpenAI...
2025-11-13 12:01:08 | INFO | sicar.main | Reporte cognitivo generado con OpenAI
2025-11-13 12:01:08 | INFO | sicar.main | Reporte cognitivo guardado en C:\Users\johan\OneDrive\Escritorio\SICAR\sicar_project\reports\reporte_dinamico_patchtst.txt
2025-11-13 12:01:08 | INFO | sicar.main | Generando reportes multi-IA para comparación...
2025-11-13 12:01:21 | INFO | sicar.main | Reporte cognitivo generado con OpenAI
2025-11-13 12:01:21 | WARNING | sicar.main | Anthropic no instalado, usando reporte local
2025-11-13 12:01:21 | INFO | sicar.main | Reporte cognitivo generado localmente
2025-11-13 12:01:29 | INFO | sicar.main | Reporte cognitivo generado con Grok
2025-11-13 12:01:29 | INFO | sicar.main | Reporte cognitivo guardado en C:\Users\johan\OneDrive\Escritorio\SICAR\sicar_project\reports\comparacion_multi_ia_patchtst.txt
2025-11-13 12:03:55 | INFO | sicar.main | Generando reporte cognitivo...
2025-11-13 12:03:55 | INFO | sicar.main | Intentando generar reporte con OpenAI...
2025-11-13 12:04:09 | INFO | sicar.main | Reporte cognitivo generado con OpenAI
2025-11-13 12:04:09 | INFO | sicar.main | Reporte cognitivo guardado en C:\Users\johan\OneDrive\Escritorio\SICAR\sicar_project\reports\reporte_dinamico_patchtst.txt
2025-11-13 12:04:09 | INFO | sicar.main | Generando reportes multi-IA para comparación...
2025-11-13 12:04:20 | INFO | sicar.main | Reporte cognitivo generado con OpenAI
2025-11-13 12:04:20 | WARNING | sicar.main | Anthropic no instalado, usando reporte local
2025-11-13 12:04:20 | INFO | sicar.main | Reporte cognitivo generado localmente
2025-11-13 12:04:26 | INFO | sicar.main | Reporte cognitivo generado con Grok
2025-11-13 12:04:26 | INFO | sicar.main | Reporte cognitivo guardado en C:\Users\johan\OneDrive\Escritorio\SICAR\sicar_project\reports\comparacion_multi_ia_patchtst.txt
2025-11-14 11:41:27 | INFO | sicar.main | Generando reporte cognitivo...
2025-11-14 11:41:27 | INFO | sicar.main | Intentando generar reporte con OpenAI...
2025-11-14 11:41:43 | INFO | sicar.main | Reporte cognitivo generado con OpenAI
2025-11-14 11:41:43 | INFO | sicar.main | Reporte cognitivo guardado en C:\Users\johan\OneDrive\Escritorio\SICAR\sicar_project\reports\reporte_dinamico_patchtst.txt
2025-11-14 11:41:43 | INFO | sicar.main | Generando reportes multi-IA para comparación...
2025-11-14 11:41:56 | INFO | sicar.main | Reporte cognitivo generado con OpenAI
2025-11-14 11:41:56 | WARNING | sicar.main | Anthropic no instalado, usando reporte local
2025-11-14 11:41:56 | INFO | sicar.main | Reporte cognitivo generado localmente
2025-11-14 11:42:04 | INFO | sicar.main | Reporte cognitivo generado con Grok
2025-11-14 11:42:04 | INFO | sicar.main | Reporte cognitivo guardado en C:\Users\johan\OneDrive\Escritorio\SICAR\sicar_project\reports\comparacion_multi_ia_patchtst.txt
2025-11-14 11:56:57 | INFO | sicar.main | 📢 ALERTA SCALPING_INIT: ScalpingEngine inicializado correctamente
2025-11-14 11:57:00 | INFO | sicar.main | 📢 ALERTA SCALPING_INIT: ScalpingEngine inicializado correctamente
2025-11-14 12:15:16 | INFO | sicar.main | Generando reporte cognitivo...
2025-11-14 12:15:16 | INFO | sicar.main | Intentando generar reporte con OpenAI...
2025-11-14 12:15:33 | INFO | sicar.main | Reporte cognitivo generado con OpenAI
2025-11-14 12:15:33 | INFO | sicar.main | Reporte cognitivo guardado en C:\Users\johan\OneDrive\Escritorio\SICAR\sicar_project\reports\reporte_dinamico_patchtst.txt
2025-11-14 12:15:33 | INFO | sicar.main | Generando reportes multi-IA para comparación...
2025-11-14 12:15:46 | INFO | sicar.main | Reporte cognitivo generado con OpenAI
2025-11-14 12:15:46 | WARNING | sicar.main | Anthropic no instalado, usando reporte local
2025-11-14 12:15:46 | INFO | sicar.main | Reporte cognitivo generado localmente
2025-11-14 12:15:54 | INFO | sicar.main | Reporte cognitivo generado con Grok
2025-11-14 12:15:54 | INFO | sicar.main | Reporte cognitivo guardado en C:\Users\johan\OneDrive\Escritorio\SICAR\sicar_project\reports\comparacion_multi_ia_patchtst.txt
2025-11-14 16:16:37 | INFO | sicar.main | Generando reporte cognitivo...
2025-11-14 16:16:37 | INFO | sicar.main | Intentando generar reporte con OpenAI...
2025-11-14 16:16:53 | INFO | sicar.main | Reporte cognitivo generado con OpenAI
2025-11-14 16:16:53 | INFO | sicar.main | Reporte cognitivo guardado en C:\Users\johan\OneDrive\Escritorio\SICAR\sicar_project\reports\reporte_dinamico_patchtst.txt
2025-11-14 16:16:53 | INFO | sicar.main | Generando reportes multi-IA para comparación...
2025-11-14 16:17:04 | INFO | sicar.main | Reporte cognitivo generado con OpenAI
2025-11-14 16:17:04 | WARNING | sicar.main | Anthropic no instalado, usando reporte local
2025-11-14 16:17:04 | INFO | sicar.main | Reporte cognitivo generado localmente
2025-11-14 16:17:10 | INFO | sicar.main | Reporte cognitivo generado con Grok
2025-11-14 16:17:10 | INFO | sicar.main | Reporte cognitivo guardado en C:\Users\johan\OneDrive\Escritorio\SICAR\sicar_project\reports\comparacion_multi_ia_patchtst.txt
2025-11-14 16:20:58 | INFO | sicar.main | Generando reporte cognitivo...
2025-11-14 16:20:58 | INFO | sicar.main | Intentando generar reporte con OpenAI...
2025-11-14 16:21:11 | INFO | sicar.main | Reporte cognitivo generado con OpenAI
2025-11-14 16:21:11 | INFO | sicar.main | Reporte cognitivo guardado en C:\Users\johan\OneDrive\Escritorio\SICAR\sicar_project\reports\reporte_dinamico_patchtst.txt
2025-11-14 16:21:11 | INFO | sicar.main | Generando reportes multi-IA para comparación...
2025-11-14 16:21:20 | INFO | sicar.main | Reporte cognitivo generado con OpenAI
2025-11-14 16:21:20 | WARNING | sicar.main | Anthropic no instalado, usando reporte local
2025-11-14 16:21:20 | INFO | sicar.main | Reporte cognitivo generado localmente
2025-11-14 16:21:26 | INFO | sicar.main | Reporte cognitivo generado con Grok
2025-11-14 16:21:26 | INFO | sicar.main | Reporte cognitivo guardado en C:\Users\johan\OneDrive\Escritorio\SICAR\sicar_project\reports\comparacion_multi_ia_patchtst.txt
2025-11-14 18:55:06 | INFO | sicar.main | Generando reporte cognitivo...
2025-11-14 18:55:06 | WARNING | sicar.main | LLMs externos deshabilitados, generando reporte local
2025-11-14 18:55:06 | INFO | sicar.main | Reporte cognitivo generado localmente
2025-11-14 18:55:06 | INFO | sicar.main | Reporte cognitivo guardado en C:\Users\johan\OneDrive\Escritorio\SICAR\sicar_project\reports\reporte_dinamico_patchtst.txt
2025-11-14 18:55:06 | INFO | sicar.main | Generando reportes multi-IA para comparación...
2025-11-14 18:55:20 | INFO | sicar.main | Reporte cognitivo generado con OpenAI
2025-11-14 18:55:20 | WARNING | sicar.main | Anthropic no instalado, usando reporte local
2025-11-14 18:55:20 | INFO | sicar.main | Reporte cognitivo generado localmente
2025-11-14 18:55:26 | INFO | sicar.main | Reporte cognitivo generado con Grok
2025-11-14 18:55:26 | INFO | sicar.main | Reporte cognitivo guardado en C:\Users\johan\OneDrive\Escritorio\SICAR\sicar_project\reports\comparacion_multi_ia_patchtst.txt
2025-11-14 19:52:34 | INFO | sicar.main | Generando reporte cognitivo...
2025-11-14 19:52:34 | WARNING | sicar.main | LLMs externos deshabilitados, generando reporte local
2025-11-14 19:52:34 | INFO | sicar.main | Reporte cognitivo generado localmente
2025-11-14 19:52:34 | INFO | sicar.main | Reporte cognitivo guardado en C:\Users\johan\OneDrive\Escritorio\SICAR\sicar_project\reports\reporte_dinamico_patchtst.txt
2025-11-14 19:52:34 | INFO | sicar.main | Generando reportes multi-IA para comparación...
2025-11-14 19:52:48 | INFO | sicar.main | Reporte cognitivo generado con OpenAI
2025-11-14 19:52:48 | WARNING | sicar.main | Anthropic no instalado, usando reporte local
2025-11-14 19:52:48 | INFO | sicar.main | Reporte cognitivo generado localmente
2025-11-14 19:52:54 | INFO | sicar.main | Reporte cognitivo generado con Grok
2025-11-14 19:52:54 | INFO | sicar.main | Reporte cognitivo guardado en C:\Users\johan\OneDrive\Escritorio\SICAR\sicar_project\reports\comparacion_multi_ia_patchtst.txt
2025-11-14 20:14:42 | INFO | sicar.main | Generando reporte cognitivo...
2025-11-14 20:14:42 | WARNING | sicar.main | LLMs externos deshabilitados, generando reporte local
2025-11-14 20:14:42 | INFO | sicar.main | Reporte cognitivo generado localmente
2025-11-14 20:14:42 | INFO | sicar.main | Reporte cognitivo guardado en C:\Users\johan\OneDrive\Escritorio\SICAR\sicar_project\reports\reporte_dinamico_patchtst.txt
2025-11-14 20:14:42 | INFO | sicar.main | Generando reportes multi-IA para comparación...
2025-11-14 20:14:53 | INFO | sicar.main | Reporte cognitivo generado con OpenAI
2025-11-14 20:14:53 | WARNING | sicar.main | Anthropic no instalado, usando reporte local
2025-11-14 20:14:53 | INFO | sicar.main | Reporte cognitivo generado localmente
2025-11-14 20:15:00 | INFO | sicar.main | Reporte cognitivo generado con Grok
2025-11-14 20:15:00 | INFO | sicar.main | Reporte cognitivo guardado en C:\Users\johan\OneDrive\Escritorio\SICAR\sicar_project\reports\comparacion_multi_ia_patchtst.txt
2025-11-14 20:18:52 | INFO | sicar.main | Generando reporte cognitivo...
2025-11-14 20:18:52 | WARNING | sicar.main | LLMs externos deshabilitados, generando reporte local
2025-11-14 20:18:52 | INFO | sicar.main | Reporte cognitivo generado localmente
2025-11-14 20:18:52 | INFO | sicar.main | Reporte cognitivo guardado en C:\Users\johan\OneDrive\Escritorio\SICAR\sicar_project\reports\reporte_dinamico_patchtst.txt
2025-11-14 20:18:52 | INFO | sicar.main | Generando reportes multi-IA para comparación...
2025-11-14 20:19:04 | INFO | sicar.main | Reporte cognitivo generado con OpenAI
2025-11-14 20:19:04 | WARNING | sicar.main | Anthropic no instalado, usando reporte local
2025-11-14 20:19:04 | INFO | sicar.main | Reporte cognitivo generado localmente
2025-11-14 20:19:10 | INFO | sicar.main | Reporte cognitivo generado con Grok
2025-11-14 20:19:10 | INFO | sicar.main | Reporte cognitivo guardado en C:\Users\johan\OneDrive\Escritorio\SICAR\sicar_project\reports\comparacion_multi_ia_patchtst.txt
2025-11-14 20:31:19 | INFO | sicar.main | Generando reporte cognitivo...
2025-11-14 20:31:19 | WARNING | sicar.main | LLMs externos deshabilitados, generando reporte local
2025-11-14 20:31:19 | INFO | sicar.main | Reporte cognitivo generado localmente
2025-11-14 20:31:19 | INFO | sicar.main | Reporte cognitivo guardado en C:\Users\johan\OneDrive\Escritorio\SICAR\sicar_project\reports\reporte_dinamico_patchtst.txt
2025-11-14 20:31:19 | INFO | sicar.main | Generando reportes multi-IA para comparación...
2025-11-14 20:31:33 | INFO | sicar.main | Reporte cognitivo generado con OpenAI
2025-11-14 20:31:33 | WARNING | sicar.main | Anthropic no instalado, usando reporte local
2025-11-14 20:31:33 | INFO | sicar.main | Reporte cognitivo generado localmente
2025-11-14 20:31:40 | INFO | sicar.main | Reporte cognitivo generado con Grok
2025-11-14 20:31:40 | INFO | sicar.main | Reporte cognitivo guardado en C:\Users\johan\OneDrive\Escritorio\SICAR\sicar_project\reports\comparacion_multi_ia_patchtst.txt
2025-11-14 21:17:07 | INFO | sicar.main | Generando reporte cognitivo...
2025-11-14 21:17:07 | WARNING | sicar.main | LLMs externos deshabilitados, generando reporte local
2025-11-14 21:17:07 | INFO | sicar.main | Reporte cognitivo generado localmente
2025-11-14 21:17:07 | INFO | sicar.main | Reporte cognitivo guardado en C:\Users\johan\OneDrive\Escritorio\SICAR\sicar_project\reports\reporte_dinamico_patchtst.txt
2025-11-14 21:17:07 | INFO | sicar.main | Generando reportes multi-IA para comparación...
2025-11-14 21:17:21 | INFO | sicar.main | Reporte cognitivo generado con OpenAI
2025-11-14 21:17:21 | WARNING | sicar.main | Anthropic no instalado, usando reporte local
2025-11-14 21:17:21 | INFO | sicar.main | Reporte cognitivo generado localmente
2025-11-14 21:17:26 | INFO | sicar.main | Reporte cognitivo generado con Grok
2025-11-14 21:17:26 | INFO | sicar.main | Reporte cognitivo guardado en C:\Users\johan\OneDrive\Escritorio\SICAR\sicar_project\reports\comparacion_multi_ia_patchtst.txt
2025-11-14 22:57:27 | INFO | sicar.main | Generando reporte cognitivo...
2025-11-14 22:57:27 | WARNING | sicar.main | LLMs externos deshabilitados, generando reporte local
2025-11-14 22:57:27 | INFO | sicar.main | Reporte cognitivo generado localmente
2025-11-14 22:57:27 | INFO | sicar.main | Reporte cognitivo guardado en C:\Users\johan\OneDrive\Escritorio\SICAR\sicar_project\reports\reporte_dinamico_patchtst.txt
2025-11-14 22:57:27 | INFO | sicar.main | Generando reportes multi-IA para comparación...
2025-11-14 22:57:44 | INFO | sicar.main | Reporte cognitivo generado con OpenAI
2025-11-14 22:57:44 | WARNING | sicar.main | Anthropic no instalado, usando reporte local
2025-11-14 22:57:44 | INFO | sicar.main | Reporte cognitivo generado localmente
2025-11-14 22:57:51 | INFO | sicar.main | Reporte cognitivo generado con Grok
2025-11-14 22:57:51 | INFO | sicar.main | Reporte cognitivo guardado en C:\Users\johan\OneDrive\Escritorio\SICAR\sicar_project\reports\comparacion_multi_ia_patchtst.txt
2025-11-17 21:34:07 | INFO | sicar.main | Generando reporte cognitivo...
2025-11-17 21:34:07 | WARNING | sicar.main | LLMs externos deshabilitados, generando reporte local
2025-11-17 21:34:07 | INFO | sicar.main | Reporte cognitivo generado localmente
2025-11-17 21:34:07 | INFO | sicar.main | Reporte cognitivo guardado en C:\Users\johan\OneDrive\Escritorio\SICAR\sicar_project\reports\reporte_dinamico_patchtst.txt
2025-11-17 21:34:07 | INFO | sicar.main | Generando reportes multi-IA para comparación...
2025-11-17 21:34:25 | INFO | sicar.main | Reporte cognitivo generado con OpenAI
2025-11-17 21:34:25 | WARNING | sicar.main | Anthropic no instalado, usando reporte local
2025-11-17 21:34:25 | INFO | sicar.main | Reporte cognitivo generado localmente
2025-11-17 21:34:32 | INFO | sicar.main | Reporte cognitivo generado con Grok
2025-11-17 21:34:32 | INFO | sicar.main | Reporte cognitivo guardado en C:\Users\johan\OneDrive\Escritorio\SICAR\sicar_project\reports\comparacion_multi_ia_patchtst.txt
2025-11-17 22:03:24 | INFO | sicar.main | Generando reporte cognitivo...
2025-11-17 22:03:24 | WARNING | sicar.main | LLMs externos deshabilitados, generando reporte local
2025-11-17 22:03:24 | INFO | sicar.main | Reporte cognitivo generado localmente
2025-11-17 22:03:24 | INFO | sicar.main | Reporte cognitivo guardado en C:\Users\johan\OneDrive\Escritorio\SICAR\sicar_project\reports\reporte_dinamico_patchtst.txt
2025-11-17 22:03:24 | INFO | sicar.main | Generando reportes multi-IA para comparación...
2025-11-17 22:03:43 | INFO | sicar.main | Reporte cognitivo generado con OpenAI
2025-11-17 22:03:43 | WARNING | sicar.main | Anthropic no instalado, usando reporte local
2025-11-17 22:03:43 | INFO | sicar.main | Reporte cognitivo generado localmente
2025-11-17 22:03:48 | INFO | sicar.main | Reporte cognitivo generado con Grok
2025-11-17 22:03:48 | INFO | sicar.main | Reporte cognitivo guardado en C:\Users\johan\OneDrive\Escritorio\SICAR\sicar_project\reports\comparacion_multi_ia_patchtst.txt
2025-11-17 22:33:35 | INFO | sicar.main | Generando reporte cognitivo...
2025-11-17 22:33:35 | WARNING | sicar.main | LLMs externos deshabilitados, generando reporte local
2025-11-17 22:33:35 | INFO | sicar.main | Reporte cognitivo generado localmente
2025-11-17 22:33:35 | INFO | sicar.main | Reporte cognitivo guardado en C:\Users\johan\OneDrive\Escritorio\SICAR\sicar_project\reports\reporte_dinamico_patchtst.txt
2025-11-17 22:33:35 | INFO | sicar.main | Generando reportes multi-IA para comparación...
2025-11-17 22:33:49 | INFO | sicar.main | Reporte cognitivo generado con OpenAI
2025-11-17 22:33:49 | WARNING | sicar.main | Anthropic no instalado, usando reporte local
2025-11-17 22:33:49 | INFO | sicar.main | Reporte cognitivo generado localmente
2025-11-17 22:33:56 | INFO | sicar.main | Reporte cognitivo generado con Grok
2025-11-17 22:33:56 | INFO | sicar.main | Reporte cognitivo guardado en C:\Users\johan\OneDrive\Escritorio\SICAR\sicar_project\reports\comparacion_multi_ia_patchtst.txt
2025-11-17 22:41:29 | INFO | sicar.main | Generando reporte cognitivo...
2025-11-17 22:41:29 | WARNING | sicar.main | LLMs externos deshabilitados, generando reporte local
2025-11-17 22:41:29 | INFO | sicar.main | Reporte cognitivo generado localmente
2025-11-17 22:41:29 | INFO | sicar.main | Reporte cognitivo guardado en C:\Users\johan\OneDrive\Escritorio\SICAR\sicar_project\reports\reporte_dinamico_patchtst.txt
2025-11-17 22:41:29 | INFO | sicar.main | Generando reportes multi-IA para comparación...
2025-11-17 22:41:43 | INFO | sicar.main | Reporte cognitivo generado con OpenAI
2025-11-17 22:41:43 | WARNING | sicar.main | Anthropic no instalado, usando reporte local
2025-11-17 22:41:43 | INFO | sicar.main | Reporte cognitivo generado localmente
2025-11-17 22:41:49 | INFO | sicar.main | Reporte cognitivo generado con Grok
2025-11-17 22:41:49 | INFO | sicar.main | Reporte cognitivo guardado en C:\Users\johan\OneDrive\Escritorio\SICAR\sicar_project\reports\comparacion_multi_ia_patchtst.txt
2025-11-17 22:46:56 | INFO | sicar.main | Generando reporte cognitivo...
2025-11-17 22:46:56 | WARNING | sicar.main | LLMs externos deshabilitados, generando reporte local
2025-11-17 22:46:56 | INFO | sicar.main | Reporte cognitivo generado localmente
2025-11-17 22:46:56 | INFO | sicar.main | Reporte cognitivo guardado en C:\Users\johan\OneDrive\Escritorio\SICAR\sicar_project\reports\reporte_dinamico_patchtst.txt
2025-11-17 22:46:56 | INFO | sicar.main | Generando reportes multi-IA para comparación...
2025-11-17 22:47:10 | INFO | sicar.main | Reporte cognitivo generado con OpenAI
2025-11-17 22:47:10 | WARNING | sicar.main | Anthropic no instalado, usando reporte local
2025-11-17 22:47:10 | INFO | sicar.main | Reporte cognitivo generado localmente
2025-11-17 22:47:18 | INFO | sicar.main | Reporte cognitivo generado con Grok
2025-11-17 22:47:18 | INFO | sicar.main | Reporte cognitivo guardado en C:\Users\johan\OneDrive\Escritorio\SICAR\sicar_project\reports\comparacion_multi_ia_patchtst.txt
2025-11-17 23:10:58 | INFO | sicar.main | Generando reporte cognitivo...
2025-11-17 23:10:58 | WARNING | sicar.main | LLMs externos deshabilitados, generando reporte local
2025-11-17 23:10:58 | INFO | sicar.main | Reporte cognitivo generado localmente
2025-11-17 23:10:58 | INFO | sicar.main | Reporte cognitivo guardado en C:\Users\johan\OneDrive\Escritorio\SICAR\sicar_project\reports\reporte_dinamico_patchtst.txt
2025-11-17 23:10:58 | INFO | sicar.main | Generando reportes multi-IA para comparación...
2025-11-17 23:11:10 | INFO | sicar.main | Reporte cognitivo generado con OpenAI
2025-11-17 23:11:10 | WARNING | sicar.main | Anthropic no instalado, usando reporte local
2025-11-17 23:11:10 | INFO | sicar.main | Reporte cognitivo generado localmente
2025-11-17 23:11:16 | INFO | sicar.main | Reporte cognitivo generado con Grok
2025-11-17 23:11:16 | INFO | sicar.main | Reporte cognitivo guardado en C:\Users\johan\OneDrive\Escritorio\SICAR\sicar_project\reports\comparacion_multi_ia_patchtst.txt
2025-11-17 23:22:14 | INFO | sicar.main | Generando reporte cognitivo...
2025-11-17 23:22:14 | WARNING | sicar.main | LLMs externos deshabilitados, generando reporte local
2025-11-17 23:22:14 | INFO | sicar.main | Reporte cognitivo generado localmente
2025-11-17 23:22:14 | INFO | sicar.main | Reporte cognitivo guardado en C:\Users\johan\OneDrive\Escritorio\SICAR\sicar_project\reports\reporte_dinamico_patchtst.txt
2025-11-17 23:22:14 | INFO | sicar.main | Generando reportes multi-IA para comparación...
2025-11-17 23:22:27 | INFO | sicar.main | Reporte cognitivo generado con OpenAI
2025-11-17 23:22:27 | WARNING | sicar.main | Anthropic no instalado, usando reporte local
2025-11-17 23:22:27 | INFO | sicar.main | Reporte cognitivo generado localmente
2025-11-17 23:22:36 | INFO | sicar.main | Reporte cognitivo generado con Grok
2025-11-17 23:22:36 | INFO | sicar.main | Reporte cognitivo guardado en C:\Users\johan\OneDrive\Escritorio\SICAR\sicar_project\reports\comparacion_multi_ia_patchtst.txt
2025-11-17 23:26:07 | INFO | sicar.main | Generando reporte cognitivo...
2025-11-17 23:26:07 | WARNING | sicar.main | LLMs externos deshabilitados, generando reporte local
2025-11-17 23:26:07 | INFO | sicar.main | Reporte cognitivo generado localmente
2025-11-17 23:26:07 | INFO | sicar.main | Reporte cognitivo guardado en C:\Users\johan\OneDrive\Escritorio\SICAR\sicar_project\reports\reporte_dinamico_patchtst.txt
2025-11-17 23:26:07 | INFO | sicar.main | Generando reportes multi-IA para comparación...
2025-11-17 23:26:20 | INFO | sicar.main | Reporte cognitivo generado con OpenAI
2025-11-17 23:26:20 | WARNING | sicar.main | Anthropic no instalado, usando reporte local
2025-11-17 23:26:20 | INFO | sicar.main | Reporte cognitivo generado localmente
2025-11-17 23:26:27 | INFO | sicar.main | Reporte cognitivo generado con Grok
2025-11-17 23:26:27 | INFO | sicar.main | Reporte cognitivo guardado en C:\Users\johan\OneDrive\Escritorio\SICAR\sicar_project\reports\comparacion_multi_ia_patchtst.txt
2025-11-17 23:33:15 | INFO | sicar.main | Generando reporte cognitivo...
2025-11-17 23:33:15 | WARNING | sicar.main | LLMs externos deshabilitados, generando reporte local
2025-11-17 23:33:15 | INFO | sicar.main | Reporte cognitivo generado localmente
2025-11-17 23:33:15 | INFO | sicar.main | Reporte cognitivo guardado en C:\Users\johan\OneDrive\Escritorio\SICAR\sicar_project\reports\reporte_dinamico_patchtst.txt
2025-11-17 23:33:15 | INFO | sicar.main | Generando reportes multi-IA para comparación...
2025-11-17 23:33:29 | INFO | sicar.main | Reporte cognitivo generado con OpenAI
2025-11-17 23:33:29 | WARNING | sicar.main | Anthropic no instalado, usando reporte local
2025-11-17 23:33:29 | INFO | sicar.main | Reporte cognitivo generado localmente
2025-11-17 23:33:36 | INFO | sicar.main | Reporte cognitivo generado con Grok
2025-11-17 23:33:36 | INFO | sicar.main | Reporte cognitivo guardado en C:\Users\johan\OneDrive\Escritorio\SICAR\sicar_project\reports\comparacion_multi_ia_patchtst.txt
2025-11-17 23:38:21 | INFO | sicar.main | Generando reporte cognitivo...
2025-11-17 23:38:21 | WARNING | sicar.main | LLMs externos deshabilitados, generando reporte local
2025-11-17 23:38:21 | INFO | sicar.main | Reporte cognitivo generado localmente
2025-11-17 23:38:21 | INFO | sicar.main | Reporte cognitivo guardado en C:\Users\johan\OneDrive\Escritorio\SICAR\sicar_project\reports\reporte_dinamico_patchtst.txt
2025-11-17 23:38:21 | INFO | sicar.main | Generando reportes multi-IA para comparación...
2025-11-17 23:38:35 | INFO | sicar.main | Reporte cognitivo generado con OpenAI
2025-11-17 23:38:35 | WARNING | sicar.main | Anthropic no instalado, usando reporte local
2025-11-17 23:38:35 | INFO | sicar.main | Reporte cognitivo generado localmente
2025-11-17 23:38:41 | INFO | sicar.main | Reporte cognitivo generado con Grok
2025-11-17 23:38:41 | INFO | sicar.main | Reporte cognitivo guardado en C:\Users\johan\OneDrive\Escritorio\SICAR\sicar_project\reports\comparacion_multi_ia_patchtst.txt
2025-11-17 23:42:13 | INFO | sicar.main | Generando reporte cognitivo...
2025-11-17 23:42:13 | WARNING | sicar.main | LLMs externos deshabilitados, generando reporte local
2025-11-17 23:42:13 | INFO | sicar.main | Reporte cognitivo generado localmente
2025-11-17 23:42:13 | INFO | sicar.main | Reporte cognitivo guardado en C:\Users\johan\OneDrive\Escritorio\SICAR\sicar_project\reports\reporte_dinamico_patchtst.txt
2025-11-17 23:42:13 | INFO | sicar.main | Generando reportes multi-IA para comparación...
2025-11-17 23:42:27 | INFO | sicar.main | Reporte cognitivo generado con OpenAI
2025-11-17 23:42:27 | WARNING | sicar.main | Anthropic no instalado, usando reporte local
2025-11-17 23:42:27 | INFO | sicar.main | Reporte cognitivo generado localmente
2025-11-17 23:42:34 | INFO | sicar.main | Reporte cognitivo generado con Grok
2025-11-17 23:42:34 | INFO | sicar.main | Reporte cognitivo guardado en C:\Users\johan\OneDrive\Escritorio\SICAR\sicar_project\reports\comparacion_multi_ia_patchtst.txt
2025-11-17 23:45:44 | INFO | sicar.main | Generando reporte cognitivo...
2025-11-17 23:45:44 | WARNING | sicar.main | LLMs externos deshabilitados, generando reporte local
2025-11-17 23:45:44 | INFO | sicar.main | Reporte cognitivo generado localmente
2025-11-17 23:45:44 | INFO | sicar.main | Reporte cognitivo guardado en C:\Users\johan\OneDrive\Escritorio\SICAR\sicar_project\reports\reporte_dinamico_patchtst.txt
2025-11-17 23:45:44 | INFO | sicar.main | Generando reportes multi-IA para comparación...
2025-11-17 23:45:55 | INFO | sicar.main | Reporte cognitivo generado con OpenAI
2025-11-17 23:45:55 | WARNING | sicar.main | Anthropic no instalado, usando reporte local
2025-11-17 23:45:55 | INFO | sicar.main | Reporte cognitivo generado localmente
2025-11-17 23:46:04 | INFO | sicar.main | Reporte cognitivo generado con Grok
2025-11-17 23:46:04 | INFO | sicar.main | Reporte cognitivo guardado en C:\Users\johan\OneDrive\Escritorio\SICAR\sicar_project\reports\comparacion_multi_ia_patchtst.txt
2025-11-17 23:49:06 | INFO | sicar.main | Generando reporte cognitivo...
2025-11-17 23:49:06 | WARNING | sicar.main | LLMs externos deshabilitados, generando reporte local
2025-11-17 23:49:06 | INFO | sicar.main | Reporte cognitivo generado localmente
2025-11-17 23:49:06 | INFO | sicar.main | Reporte cognitivo guardado en C:\Users\johan\OneDrive\Escritorio\SICAR\sicar_project\reports\reporte_dinamico_patchtst.txt
2025-11-17 23:49:06 | INFO | sicar.main | Generando reportes multi-IA para comparación...
2025-11-17 23:49:21 | INFO | sicar.main | Reporte cognitivo generado con OpenAI
2025-11-17 23:49:21 | WARNING | sicar.main | Anthropic no instalado, usando reporte local
2025-11-17 23:49:21 | INFO | sicar.main | Reporte cognitivo generado localmente
2025-11-17 23:49:26 | INFO | sicar.main | Reporte cognitivo generado con Grok
2025-11-17 23:49:26 | INFO | sicar.main | Reporte cognitivo guardado en C:\Users\johan\OneDrive\Escritorio\SICAR\sicar_project\reports\comparacion_multi_ia_patchtst.txt
2025-11-17 23:55:41 | INFO | sicar.main | Generando reporte cognitivo...
2025-11-17 23:55:41 | WARNING | sicar.main | LLMs externos deshabilitados, generando reporte local
2025-11-17 23:55:41 | INFO | sicar.main | Reporte cognitivo generado localmente
2025-11-17 23:55:41 | INFO | sicar.main | Reporte cognitivo guardado en C:\Users\johan\OneDrive\Escritorio\SICAR\sicar_project\reports\reporte_dinamico_patchtst.txt
2025-11-17 23:55:41 | INFO | sicar.main | Generando reportes multi-IA para comparación...
2025-11-17 23:55:55 | INFO | sicar.main | Reporte cognitivo generado con OpenAI
2025-11-17 23:55:55 | WARNING | sicar.main | Anthropic no instalado, usando reporte local
2025-11-17 23:55:55 | INFO | sicar.main | Reporte cognitivo generado localmente
2025-11-17 23:56:01 | INFO | sicar.main | Reporte cognitivo generado con Grok
2025-11-17 23:56:01 | INFO | sicar.main | Reporte cognitivo guardado en C:\Users\johan\OneDrive\Escritorio\SICAR\sicar_project\reports\comparacion_multi_ia_patchtst.txt
2025-11-17 23:59:14 | INFO | sicar.main | Generando reporte cognitivo...
2025-11-17 23:59:14 | WARNING | sicar.main | LLMs externos deshabilitados, generando reporte local
2025-11-17 23:59:14 | INFO | sicar.main | Reporte cognitivo generado localmente
2025-11-17 23:59:14 | INFO | sicar.main | Reporte cognitivo guardado en C:\Users\johan\OneDrive\Escritorio\SICAR\sicar_project\reports\reporte_dinamico_patchtst.txt
2025-11-17 23:59:14 | INFO | sicar.main | Generando reportes multi-IA para comparación...
2025-11-17 23:59:25 | INFO | sicar.main | Reporte cognitivo generado con OpenAI
2025-11-17 23:59:25 | WARNING | sicar.main | Anthropic no instalado, usando reporte local
2025-11-17 23:59:25 | INFO | sicar.main | Reporte cognitivo generado localmente
2025-11-17 23:59:31 | INFO | sicar.main | Reporte cognitivo generado con Grok
2025-11-17 23:59:31 | INFO | sicar.main | Reporte cognitivo guardado en C:\Users\johan\OneDrive\Escritorio\SICAR\sicar_project\reports\comparacion_multi_ia_patchtst.txt
2025-11-18 00:02:43 | INFO | sicar.main | Generando reporte cognitivo...
2025-11-18 00:02:43 | WARNING | sicar.main | LLMs externos deshabilitados, generando reporte local
2025-11-18 00:02:43 | INFO | sicar.main | Reporte cognitivo generado localmente
2025-11-18 00:02:43 | INFO | sicar.main | Reporte cognitivo guardado en C:\Users\johan\OneDrive\Escritorio\SICAR\sicar_project\reports\reporte_dinamico_patchtst.txt
2025-11-18 00:02:43 | INFO | sicar.main | Generando reportes multi-IA para comparación...
2025-11-18 00:02:57 | INFO | sicar.main | Reporte cognitivo generado con OpenAI
2025-11-18 00:02:57 | WARNING | sicar.main | Anthropic no instalado, usando reporte local
2025-11-18 00:02:57 | INFO | sicar.main | Reporte cognitivo generado localmente
2025-11-18 00:03:06 | INFO | sicar.main | Reporte cognitivo generado con Grok
2025-11-18 00:03:06 | INFO | sicar.main | Reporte cognitivo guardado en C:\Users\johan\OneDrive\Escritorio\SICAR\sicar_project\reports\comparacion_multi_ia_patchtst.txt
2025-11-18 00:06:09 | INFO | sicar.main | Generando reporte cognitivo...
2025-11-18 00:06:09 | WARNING | sicar.main | LLMs externos deshabilitados, generando reporte local
2025-11-18 00:06:09 | INFO | sicar.main | Reporte cognitivo generado localmente
2025-11-18 00:06:10 | INFO | sicar.main | Reporte cognitivo guardado en C:\Users\johan\OneDrive\Escritorio\SICAR\sicar_project\reports\reporte_dinamico_patchtst.txt
2025-11-18 00:06:10 | INFO | sicar.main | Generando reportes multi-IA para comparación...
2025-11-18 00:06:22 | INFO | sicar.main | Reporte cognitivo generado con OpenAI
2025-11-18 00:06:22 | WARNING | sicar.main | Anthropic no instalado, usando reporte local
2025-11-18 00:06:22 | INFO | sicar.main | Reporte cognitivo generado localmente
2025-11-18 00:06:28 | INFO | sicar.main | Reporte cognitivo generado con Grok
2025-11-18 00:06:28 | INFO | sicar.main | Reporte cognitivo guardado en C:\Users\johan\OneDrive\Escritorio\SICAR\sicar_project\reports\comparacion_multi_ia_patchtst.txt
2025-11-18 00:09:29 | INFO | sicar.main | Generando reporte cognitivo...
2025-11-18 00:09:29 | WARNING | sicar.main | LLMs externos deshabilitados, generando reporte local
2025-11-18 00:09:29 | INFO | sicar.main | Reporte cognitivo generado localmente
2025-11-18 00:09:29 | INFO | sicar.main | Reporte cognitivo guardado en C:\Users\johan\OneDrive\Escritorio\SICAR\sicar_project\reports\reporte_dinamico_patchtst.txt
2025-11-18 00:09:29 | INFO | sicar.main | Generando reportes multi-IA para comparación...
2025-11-18 00:09:40 | INFO | sicar.main | Reporte cognitivo generado con OpenAI
2025-11-18 00:09:40 | WARNING | sicar.main | Anthropic no instalado, usando reporte local
2025-11-18 00:09:40 | INFO | sicar.main | Reporte cognitivo generado localmente
2025-11-18 00:09:46 | INFO | sicar.main | Reporte cognitivo generado con Grok
2025-11-18 00:09:46 | INFO | sicar.main | Reporte cognitivo guardado en C:\Users\johan\OneDrive\Escritorio\SICAR\sicar_project\reports\comparacion_multi_ia_patchtst.txt
2025-11-18 00:13:01 | INFO | sicar.main | Generando reporte cognitivo...
2025-11-18 00:13:01 | WARNING | sicar.main | LLMs externos deshabilitados, generando reporte local
2025-11-18 00:13:01 | INFO | sicar.main | Reporte cognitivo generado localmente
2025-11-18 00:13:01 | INFO | sicar.main | Reporte cognitivo guardado en C:\Users\johan\OneDrive\Escritorio\SICAR\sicar_project\reports\reporte_dinamico_patchtst.txt
2025-11-18 00:13:01 | INFO | sicar.main | Generando reportes multi-IA para comparación...
2025-11-18 00:13:13 | INFO | sicar.main | Reporte cognitivo generado con OpenAI
2025-11-18 00:13:13 | WARNING | sicar.main | Anthropic no instalado, usando reporte local
2025-11-18 00:13:13 | INFO | sicar.main | Reporte cognitivo generado localmente
2025-11-18 00:13:18 | INFO | sicar.main | Reporte cognitivo generado con Grok
2025-11-18 00:13:18 | INFO | sicar.main | Reporte cognitivo guardado en C:\Users\johan\OneDrive\Escritorio\SICAR\sicar_project\reports\comparacion_multi_ia_patchtst.txt
2025-11-18 00:21:01 | INFO | sicar.main | Generando reporte cognitivo...
2025-11-18 00:21:01 | WARNING | sicar.main | LLMs externos deshabilitados, generando reporte local
2025-11-18 00:21:01 | INFO | sicar.main | Reporte cognitivo generado localmente
2025-11-18 00:21:01 | INFO | sicar.main | Reporte cognitivo guardado en C:\Users\johan\OneDrive\Escritorio\SICAR\sicar_project\reports\reporte_dinamico_patchtst.txt
2025-11-18 00:21:01 | INFO | sicar.main | Generando reportes multi-IA para comparación...
2025-11-18 00:21:13 | INFO | sicar.main | Reporte cognitivo generado con OpenAI
2025-11-18 00:21:13 | WARNING | sicar.main | Anthropic no instalado, usando reporte local
2025-11-18 00:21:13 | INFO | sicar.main | Reporte cognitivo generado localmente
2025-11-18 00:21:18 | INFO | sicar.main | Reporte cognitivo generado con Grok
2025-11-18 00:21:19 | INFO | sicar.main | Reporte cognitivo guardado en C:\Users\johan\OneDrive\Escritorio\SICAR\sicar_project\reports\comparacion_multi_ia_patchtst.txt
2025-11-18 00:25:16 | INFO | sicar.main | Generando reporte cognitivo...
2025-11-18 00:25:16 | WARNING | sicar.main | LLMs externos deshabilitados, generando reporte local
2025-11-18 00:25:16 | INFO | sicar.main | Reporte cognitivo generado localmente
2025-11-18 00:25:16 | INFO | sicar.main | Reporte cognitivo guardado en C:\Users\johan\OneDrive\Escritorio\SICAR\sicar_project\reports\reporte_dinamico_patchtst.txt
2025-11-18 00:25:16 | INFO | sicar.main | Generando reportes multi-IA para comparación...
2025-11-18 00:25:30 | INFO | sicar.main | Reporte cognitivo generado con OpenAI
2025-11-18 00:25:30 | WARNING | sicar.main | Anthropic no instalado, usando reporte local
2025-11-18 00:25:30 | INFO | sicar.main | Reporte cognitivo generado localmente
2025-11-18 00:25:36 | INFO | sicar.main | Reporte cognitivo generado con Grok
2025-11-18 00:25:36 | INFO | sicar.main | Reporte cognitivo guardado en C:\Users\johan\OneDrive\Escritorio\SICAR\sicar_project\reports\comparacion_multi_ia_patchtst.txt
2025-11-18 06:29:55 | INFO | sicar.main | Generando reporte cognitivo...
2025-11-18 06:29:55 | WARNING | sicar.main | LLMs externos deshabilitados, generando reporte local
2025-11-18 06:29:55 | INFO | sicar.main | Reporte cognitivo generado localmente
2025-11-18 06:29:55 | INFO | sicar.main | Reporte cognitivo guardado en C:\Users\johan\OneDrive\Escritorio\SICAR\sicar_project\reports\reporte_dinamico_patchtst.txt
2025-11-18 06:29:55 | INFO | sicar.main | Generando reportes multi-IA para comparación...
2025-11-18 06:30:12 | INFO | sicar.main | Reporte cognitivo generado con OpenAI
2025-11-18 06:30:12 | WARNING | sicar.main | Anthropic no instalado, usando reporte local
2025-11-18 06:30:12 | INFO | sicar.main | Reporte cognitivo generado localmente
2025-11-18 06:30:18 | INFO | sicar.main | Reporte cognitivo generado con Grok
2025-11-18 06:30:18 | INFO | sicar.main | Reporte cognitivo guardado en C:\Users\johan\OneDrive\Escritorio\SICAR\sicar_project\reports\comparacion_multi_ia_patchtst.txt
2025-11-18 06:35:36 | INFO | sicar.main | Generando reporte cognitivo...
2025-11-18 06:35:36 | WARNING | sicar.main | LLMs externos deshabilitados, generando reporte local
2025-11-18 06:35:36 | INFO | sicar.main | Reporte cognitivo generado localmente
2025-11-18 06:35:36 | INFO | sicar.main | Reporte cognitivo guardado en C:\Users\johan\OneDrive\Escritorio\SICAR\sicar_project\reports\reporte_dinamico_patchtst.txt
2025-11-18 06:35:36 | INFO | sicar.main | Generando reportes multi-IA para comparación...
2025-11-18 06:35:53 | INFO | sicar.main | Reporte cognitivo generado con OpenAI
2025-11-18 06:35:53 | WARNING | sicar.main | Anthropic no instalado, usando reporte local
2025-11-18 06:35:53 | INFO | sicar.main | Reporte cognitivo generado localmente
2025-11-18 06:36:00 | INFO | sicar.main | Reporte cognitivo generado con Grok
2025-11-18 06:36:00 | INFO | sicar.main | Reporte cognitivo guardado en C:\Users\johan\OneDrive\Escritorio\SICAR\sicar_project\reports\comparacion_multi_ia_patchtst.txt
2025-11-18 10:02:42 | INFO | sicar.main | Generando reporte cognitivo...
2025-11-18 10:02:42 | WARNING | sicar.main | LLMs externos deshabilitados, generando reporte local
2025-11-18 10:02:42 | INFO | sicar.main | Reporte cognitivo generado localmente
2025-11-18 10:02:42 | INFO | sicar.main | Reporte cognitivo guardado en C:\Users\johan\OneDrive\Escritorio\SICAR\sicar_project\reports\reporte_dinamico_patchtst.txt
2025-11-18 10:02:42 | INFO | sicar.main | Generando reportes multi-IA para comparación...
2025-11-18 10:02:59 | INFO | sicar.main | Reporte cognitivo generado con OpenAI
2025-11-18 10:02:59 | WARNING | sicar.main | Anthropic no instalado, usando reporte local
2025-11-18 10:02:59 | INFO | sicar.main | Reporte cognitivo generado localmente
2025-11-18 10:03:06 | INFO | sicar.main | Reporte cognitivo generado con Grok
2025-11-18 10:03:06 | INFO | sicar.main | Reporte cognitivo guardado en C:\Users\johan\OneDrive\Escritorio\SICAR\sicar_project\reports\comparacion_multi_ia_patchtst.txt
2025-11-18 10:15:22 | INFO | sicar.main | Generando reporte cognitivo...
2025-11-18 10:15:22 | WARNING | sicar.main | LLMs externos deshabilitados, generando reporte local
2025-11-18 10:15:22 | INFO | sicar.main | Reporte cognitivo generado localmente
2025-11-18 10:15:22 | INFO | sicar.main | Reporte cognitivo guardado en C:\Users\johan\OneDrive\Escritorio\SICAR\sicar_project\reports\reporte_dinamico_patchtst.txt
2025-11-18 10:15:22 | INFO | sicar.main | Generando reportes multi-IA para comparación...
2025-11-18 10:15:41 | INFO | sicar.main | Reporte cognitivo generado con OpenAI
2025-11-18 10:15:41 | WARNING | sicar.main | Anthropic no instalado, usando reporte local
2025-11-18 10:15:41 | INFO | sicar.main | Reporte cognitivo generado localmente
2025-11-18 10:15:47 | INFO | sicar.main | Reporte cognitivo generado con Grok
2025-11-18 10:15:47 | INFO | sicar.main | Reporte cognitivo guardado en C:\Users\johan\OneDrive\Escritorio\SICAR\sicar_project\reports\comparacion_multi_ia_patchtst.txt
2025-11-18 10:35:44 | INFO | sicar.main | Generando reporte cognitivo...
2025-11-18 10:35:44 | WARNING | sicar.main | LLMs externos deshabilitados, generando reporte local
2025-11-18 10:35:44 | INFO | sicar.main | Reporte cognitivo generado localmente
2025-11-18 10:35:44 | INFO | sicar.main | Reporte cognitivo guardado en C:\Users\johan\OneDrive\Escritorio\SICAR\sicar_project\reports\reporte_dinamico_patchtst.txt
2025-11-18 10:35:44 | INFO | sicar.main | Generando reportes multi-IA para comparación...
2025-11-18 10:35:59 | INFO | sicar.main | Reporte cognitivo generado con OpenAI
2025-11-18 10:36:00 | WARNING | sicar.main | Anthropic no instalado, usando reporte local
2025-11-18 10:36:00 | INFO | sicar.main | Reporte cognitivo generado localmente
2025-11-18 10:36:08 | INFO | sicar.main | Reporte cognitivo generado con Grok
2025-11-18 10:36:08 | INFO | sicar.main | Reporte cognitivo guardado en C:\Users\johan\OneDrive\Escritorio\SICAR\sicar_project\reports\comparacion_multi_ia_patchtst.txt
2025-11-18 14:16:20 | INFO | sicar.main | Generando reporte cognitivo...
2025-11-18 14:16:20 | WARNING | sicar.main | LLMs externos deshabilitados, generando reporte local
2025-11-18 14:16:20 | INFO | sicar.main | Reporte cognitivo generado localmente
2025-11-18 14:16:20 | INFO | sicar.main | Reporte cognitivo guardado en C:\Users\johan\OneDrive\Escritorio\SICAR\sicar_project\reports\reporte_dinamico_patchtst.txt
2025-11-18 14:16:20 | INFO | sicar.main | Generando reportes multi-IA para comparación...
2025-11-18 14:16:38 | INFO | sicar.main | Reporte cognitivo generado con OpenAI
2025-11-18 14:16:38 | WARNING | sicar.main | Anthropic no instalado, usando reporte local
2025-11-18 14:16:38 | INFO | sicar.main | Reporte cognitivo generado localmente
2025-11-18 14:16:45 | INFO | sicar.main | Reporte cognitivo generado con Grok
2025-11-18 14:16:45 | INFO | sicar.main | Reporte cognitivo guardado en C:\Users\johan\OneDrive\Escritorio\SICAR\sicar_project\reports\comparacion_multi_ia_patchtst.txt
2025-11-18 14:21:01 | INFO | sicar.main | Generando reporte cognitivo...
2025-11-18 14:21:01 | WARNING | sicar.main | LLMs externos deshabilitados, generando reporte local
2025-11-18 14:21:01 | INFO | sicar.main | Reporte cognitivo generado localmente
2025-11-18 14:21:01 | INFO | sicar.main | Reporte cognitivo guardado en C:\Users\johan\OneDrive\Escritorio\SICAR\sicar_project\reports\reporte_dinamico_patchtst.txt
2025-11-18 14:21:01 | INFO | sicar.main | Generando reportes multi-IA para comparación...
2025-11-18 14:21:16 | INFO | sicar.main | Reporte cognitivo generado con OpenAI
2025-11-18 14:21:16 | WARNING | sicar.main | Anthropic no instalado, usando reporte local
2025-11-18 14:21:16 | INFO | sicar.main | Reporte cognitivo generado localmente
2025-11-18 14:21:24 | INFO | sicar.main | Reporte cognitivo generado con Grok
2025-11-18 14:21:24 | INFO | sicar.main | Reporte cognitivo guardado en C:\Users\johan\OneDrive\Escritorio\SICAR\sicar_project\reports\comparacion_multi_ia_patchtst.txt
2025-11-18 16:38:48 | INFO | sicar.main | Generando reporte cognitivo...
2025-11-18 16:38:48 | WARNING | sicar.main | LLMs externos deshabilitados, generando reporte local
2025-11-18 16:38:48 | INFO | sicar.main | Reporte cognitivo generado localmente
2025-11-18 16:38:48 | INFO | sicar.main | Reporte cognitivo guardado en C:\Users\johan\OneDrive\Escritorio\SICAR\sicar_project\reports\reporte_dinamico_patchtst.txt
2025-11-18 16:38:48 | INFO | sicar.main | Generando reportes multi-IA para comparación...
2025-11-18 16:39:05 | INFO | sicar.main | Reporte cognitivo generado con OpenAI
2025-11-18 16:39:05 | WARNING | sicar.main | Anthropic no instalado, usando reporte local
2025-11-18 16:39:05 | INFO | sicar.main | Reporte cognitivo generado localmente
2025-11-18 16:39:12 | INFO | sicar.main | Reporte cognitivo generado con Grok
2025-11-18 16:39:12 | INFO | sicar.main | Reporte cognitivo guardado en C:\Users\johan\OneDrive\Escritorio\SICAR\sicar_project\reports\comparacion_multi_ia_patchtst.txt
2025-11-18 16:49:49 | INFO | sicar.main | Generando reporte cognitivo...
2025-11-18 16:49:49 | WARNING | sicar.main | LLMs externos deshabilitados, generando reporte local
2025-11-18 16:49:49 | INFO | sicar.main | Reporte cognitivo generado localmente
2025-11-18 16:49:49 | INFO | sicar.main | Reporte cognitivo guardado en C:\Users\johan\OneDrive\Escritorio\SICAR\sicar_project\reports\reporte_dinamico_patchtst.txt
2025-11-18 16:49:49 | INFO | sicar.main | Generando reportes multi-IA para comparación...
2025-11-18 16:50:05 | INFO | sicar.main | Reporte cognitivo generado con OpenAI
2025-11-18 16:50:05 | WARNING | sicar.main | Anthropic no instalado, usando reporte local
2025-11-18 16:50:05 | INFO | sicar.main | Reporte cognitivo generado localmente
2025-11-18 16:50:13 | INFO | sicar.main | Reporte cognitivo generado con Grok
2025-11-18 16:50:13 | INFO | sicar.main | Reporte cognitivo guardado en C:\Users\johan\OneDrive\Escritorio\SICAR\sicar_project\reports\comparacion_multi_ia_patchtst.txt
2025-11-18 17:39:29 | INFO | sicar.main | Generando reporte cognitivo...
2025-11-18 17:39:29 | WARNING | sicar.main | LLMs externos deshabilitados, generando reporte local
2025-11-18 17:39:29 | INFO | sicar.main | Reporte cognitivo generado localmente
2025-11-18 17:39:29 | INFO | sicar.main | Reporte cognitivo guardado en C:\Users\johan\OneDrive\Escritorio\SICAR\sicar_project\reports\reporte_dinamico_patchtst.txt
2025-11-18 17:39:29 | INFO | sicar.main | Generando reportes multi-IA para comparación...
2025-11-18 17:39:45 | INFO | sicar.main | Reporte cognitivo generado con OpenAI
2025-11-18 17:39:45 | WARNING | sicar.main | Anthropic no instalado, usando reporte local
2025-11-18 17:39:45 | INFO | sicar.main | Reporte cognitivo generado localmente
2025-11-18 17:39:52 | INFO | sicar.main | Reporte cognitivo generado con Grok
2025-11-18 17:39:52 | INFO | sicar.main | Reporte cognitivo guardado en C:\Users\johan\OneDrive\Escritorio\SICAR\sicar_project\reports\comparacion_multi_ia_patchtst.txt
2025-11-18 18:13:24 | INFO | sicar.main | Generando reporte cognitivo...
2025-11-18 18:13:24 | WARNING | sicar.main | LLMs externos deshabilitados, generando reporte local
2025-11-18 18:13:24 | INFO | sicar.main | Reporte cognitivo generado localmente
2025-11-18 18:13:24 | INFO | sicar.main | Reporte cognitivo guardado en C:\Users\johan\OneDrive\Escritorio\SICAR\sicar_project\reports\reporte_dinamico_patchtst.txt
2025-11-18 18:13:24 | INFO | sicar.main | Generando reportes multi-IA para comparación...
2025-11-18 18:13:39 | INFO | sicar.main | Reporte cognitivo generado con OpenAI
2025-11-18 18:13:39 | WARNING | sicar.main | Anthropic no instalado, usando reporte local
2025-11-18 18:13:39 | INFO | sicar.main | Reporte cognitivo generado localmente
2025-11-18 18:13:49 | INFO | sicar.main | Reporte cognitivo generado con Grok
2025-11-18 18:13:49 | INFO | sicar.main | Reporte cognitivo guardado en C:\Users\johan\OneDrive\Escritorio\SICAR\sicar_project\reports\comparacion_multi_ia_patchtst.txt
