2025-10-16 18:35:57 | INFO | sicar.breakouts | 📈 BREAKOUT DETECTADO: ETHUSDT
2025-10-16 18:35:57 | INFO | sicar.breakouts |    Tipo: bullish
2025-10-16 18:35:57 | INFO | sicar.breakouts |    Confianza: 85.00%
2025-10-16 18:35:57 | INFO | sicar.breakouts |    Precio: $2150.5000
2025-10-16 18:35:57 | INFO | sicar.breakouts |    Volumen: 1,500,000
2025-10-16 18:36:01 | INFO | sicar.breakouts | 📈 BREAKOUT DETECTADO: ETHUSDT
2025-10-16 18:36:01 | INFO | sicar.breakouts |    Tipo: N/A
2025-10-16 18:36:01 | INFO | sicar.breakouts |    Confianza: 85.00%
2025-10-16 18:36:01 | INFO | sicar.breakouts |    Precio: $2150.5000
2025-10-16 18:36:01 | INFO | sicar.breakouts |    Volumen: 1,500,000
2025-10-17 04:02:04 | INFO | sicar.breakouts | 📈 BREAKOUT DETECTADO: ETHUSDT
2025-10-17 04:02:04 | INFO | sicar.breakouts |    Tipo: bullish
2025-10-17 04:02:04 | INFO | sicar.breakouts |    Confianza: 85.00%
2025-10-17 04:02:04 | INFO | sicar.breakouts |    Precio: $2150.5000
2025-10-17 04:02:04 | INFO | sicar.breakouts |    Volumen: 1,500,000
2025-10-17 04:02:08 | INFO | sicar.breakouts | 📈 BREAKOUT DETECTADO: ETHUSDT
2025-10-17 04:02:08 | INFO | sicar.breakouts |    Tipo: N/A
2025-10-17 04:02:08 | INFO | sicar.breakouts |    Confianza: 85.00%
2025-10-17 04:02:08 | INFO | sicar.breakouts |    Precio: $2150.5000
2025-10-17 04:02:08 | INFO | sicar.breakouts |    Volumen: 1,500,000
2025-10-17 08:30:27 | INFO | sicar.breakouts | 📈 BREAKOUT DETECTADO: ETHUSDT
2025-10-17 08:30:27 | INFO | sicar.breakouts |    Tipo: N/A
2025-10-17 08:30:27 | INFO | sicar.breakouts |    Confianza: 6000.00%
2025-10-17 08:30:27 | INFO | sicar.breakouts |    Precio: $2047.0192
2025-10-17 08:30:27 | INFO | sicar.breakouts |    Volumen: 1,391,030
2025-10-17 08:30:28 | INFO | sicar.breakouts | 📈 BREAKOUT DETECTADO: BTCUSDT
2025-10-17 08:30:28 | INFO | sicar.breakouts |    Tipo: N/A
2025-10-17 08:30:28 | INFO | sicar.breakouts |    Confianza: 6000.00%
2025-10-17 08:30:28 | INFO | sicar.breakouts |    Precio: $1984.0776
2025-10-17 08:30:28 | INFO | sicar.breakouts |    Volumen: 1,243,027
2025-10-17 08:30:28 | INFO | sicar.breakouts | 📈 BREAKOUT DETECTADO: ADAUSDT
2025-10-17 08:30:28 | INFO | sicar.breakouts |    Tipo: N/A
2025-10-17 08:30:28 | INFO | sicar.breakouts |    Confianza: 6000.00%
2025-10-17 08:30:28 | INFO | sicar.breakouts |    Precio: $1994.2013
2025-10-17 08:30:28 | INFO | sicar.breakouts |    Volumen: 1,899,110
2025-10-17 09:21:28 | INFO | sicar.breakouts | 📈 BREAKOUT DETECTADO: ADAUSDT
2025-10-17 09:21:28 | INFO | sicar.breakouts |    Tipo: N/A
2025-10-17 09:21:28 | INFO | sicar.breakouts |    Confianza: 58.85%
2025-10-17 09:21:28 | INFO | sicar.breakouts |    Precio: $2026.3465
2025-10-17 09:21:28 | INFO | sicar.breakouts |    Volumen: 2,508,297
2025-10-17 09:47:59 | INFO | sicar.breakouts | 📈 BREAKOUT DETECTADO: BTCUSDT
2025-10-17 09:47:59 | INFO | sicar.breakouts |    Tipo: N/A
2025-10-17 09:47:59 | INFO | sicar.breakouts |    Confianza: 62.86%
2025-10-17 09:47:59 | INFO | sicar.breakouts |    Precio: $1979.0884
2025-10-17 09:47:59 | INFO | sicar.breakouts |    Volumen: 2,805,995
2025-10-17 09:50:29 | INFO | sicar.breakouts | 📈 BREAKOUT DETECTADO: ADAUSDT
2025-10-17 09:50:29 | INFO | sicar.breakouts |    Tipo: N/A
2025-10-17 09:50:29 | INFO | sicar.breakouts |    Confianza: 68.32%
2025-10-17 09:50:29 | INFO | sicar.breakouts |    Precio: $2014.0646
2025-10-17 09:50:29 | INFO | sicar.breakouts |    Volumen: 2,699,065
2025-10-17 09:55:00 | INFO | sicar.breakouts | 📈 BREAKOUT DETECTADO: ADAUSDT
2025-10-17 09:55:00 | INFO | sicar.breakouts |    Tipo: N/A
2025-10-17 09:55:00 | INFO | sicar.breakouts |    Confianza: 58.73%
2025-10-17 09:55:00 | INFO | sicar.breakouts |    Precio: $2021.7107
2025-10-17 09:55:00 | INFO | sicar.breakouts |    Volumen: 2,987,330
2025-10-17 10:11:01 | INFO | sicar.breakouts | 📈 BREAKOUT DETECTADO: ETHUSDT
2025-10-17 10:11:01 | INFO | sicar.breakouts |    Tipo: N/A
2025-10-17 10:11:01 | INFO | sicar.breakouts |    Confianza: 50.76%
2025-10-17 10:11:01 | INFO | sicar.breakouts |    Precio: $1921.9805
2025-10-17 10:11:01 | INFO | sicar.breakouts |    Volumen: 2,669,768
2025-10-17 10:16:01 | INFO | sicar.breakouts | 📈 BREAKOUT DETECTADO: BTCUSDT
2025-10-17 10:16:01 | INFO | sicar.breakouts |    Tipo: N/A
2025-10-17 10:16:01 | INFO | sicar.breakouts |    Confianza: 56.12%
2025-10-17 10:16:01 | INFO | sicar.breakouts |    Precio: $2026.6288
2025-10-17 10:16:01 | INFO | sicar.breakouts |    Volumen: 2,878,508
2025-10-17 10:16:31 | INFO | sicar.breakouts | 📈 BREAKOUT DETECTADO: ETHUSDT
2025-10-17 10:16:31 | INFO | sicar.breakouts |    Tipo: N/A
2025-10-17 10:16:31 | INFO | sicar.breakouts |    Confianza: 71.77%
2025-10-17 10:16:31 | INFO | sicar.breakouts |    Precio: $1915.6694
2025-10-17 10:16:31 | INFO | sicar.breakouts |    Volumen: 2,667,444
2025-10-17 10:22:32 | INFO | sicar.breakouts | 📈 BREAKOUT DETECTADO: ETHUSDT
2025-10-17 10:22:32 | INFO | sicar.breakouts |    Tipo: N/A
2025-10-17 10:22:32 | INFO | sicar.breakouts |    Confianza: 62.24%
2025-10-17 10:22:32 | INFO | sicar.breakouts |    Precio: $1902.1320
2025-10-17 10:22:32 | INFO | sicar.breakouts |    Volumen: 2,340,489
2025-10-17 10:29:32 | INFO | sicar.breakouts | 📈 BREAKOUT DETECTADO: ADAUSDT
2025-10-17 10:29:32 | INFO | sicar.breakouts |    Tipo: N/A
2025-10-17 10:29:32 | INFO | sicar.breakouts |    Confianza: 63.10%
2025-10-17 10:29:32 | INFO | sicar.breakouts |    Precio: $2000.2943
2025-10-17 10:29:32 | INFO | sicar.breakouts |    Volumen: 2,668,732
2025-10-17 10:34:02 | INFO | sicar.breakouts | 📈 BREAKOUT DETECTADO: ETHUSDT
2025-10-17 10:34:02 | INFO | sicar.breakouts |    Tipo: N/A
2025-10-17 10:34:02 | INFO | sicar.breakouts |    Confianza: 55.67%
2025-10-17 10:34:02 | INFO | sicar.breakouts |    Precio: $1888.5327
2025-10-17 10:34:02 | INFO | sicar.breakouts |    Volumen: 2,603,715
2025-10-17 10:48:34 | INFO | sicar.breakouts | 📈 BREAKOUT DETECTADO: BTCUSDT
2025-10-17 10:48:34 | INFO | sicar.breakouts |    Tipo: N/A
2025-10-17 10:48:34 | INFO | sicar.breakouts |    Confianza: 67.31%
2025-10-17 10:48:34 | INFO | sicar.breakouts |    Precio: $2037.9729
2025-10-17 10:48:34 | INFO | sicar.breakouts |    Volumen: 2,391,468
2025-10-17 10:55:34 | INFO | sicar.breakouts | 📈 BREAKOUT DETECTADO: ETHUSDT
2025-10-17 10:55:34 | INFO | sicar.breakouts |    Tipo: N/A
2025-10-17 10:55:34 | INFO | sicar.breakouts |    Confianza: 51.63%
2025-10-17 10:55:34 | INFO | sicar.breakouts |    Precio: $1891.6886
2025-10-17 10:55:34 | INFO | sicar.breakouts |    Volumen: 2,900,848
2025-10-17 10:55:34 | INFO | sicar.breakouts | 📈 BREAKOUT DETECTADO: BTCUSDT
2025-10-17 10:55:34 | INFO | sicar.breakouts |    Tipo: N/A
2025-10-17 10:55:34 | INFO | sicar.breakouts |    Confianza: 52.17%
2025-10-17 10:55:34 | INFO | sicar.breakouts |    Precio: $2018.5758
2025-10-17 10:55:34 | INFO | sicar.breakouts |    Volumen: 2,922,135
2025-10-17 10:55:34 | INFO | sicar.breakouts | 📈 BREAKOUT DETECTADO: ADAUSDT
2025-10-17 10:55:34 | INFO | sicar.breakouts |    Tipo: N/A
2025-10-17 10:55:34 | INFO | sicar.breakouts |    Confianza: 52.60%
2025-10-17 10:55:34 | INFO | sicar.breakouts |    Precio: $1974.4248
2025-10-17 10:55:34 | INFO | sicar.breakouts |    Volumen: 2,148,581
2025-10-17 11:00:04 | INFO | sicar.breakouts | 📈 BREAKOUT DETECTADO: BTCUSDT
2025-10-17 11:00:04 | INFO | sicar.breakouts |    Tipo: N/A
2025-10-17 11:00:04 | INFO | sicar.breakouts |    Confianza: 50.87%
2025-10-17 11:00:04 | INFO | sicar.breakouts |    Precio: $1996.9953
2025-10-17 11:00:04 | INFO | sicar.breakouts |    Volumen: 2,854,115
2025-10-17 11:09:35 | INFO | sicar.breakouts | 📈 BREAKOUT DETECTADO: BTCUSDT
2025-10-17 11:09:35 | INFO | sicar.breakouts |    Tipo: N/A
2025-10-17 11:09:35 | INFO | sicar.breakouts |    Confianza: 67.98%
2025-10-17 11:09:35 | INFO | sicar.breakouts |    Precio: $1974.2386
2025-10-17 11:09:35 | INFO | sicar.breakouts |    Volumen: 2,908,957
2025-10-17 11:20:05 | INFO | sicar.breakouts | 📈 BREAKOUT DETECTADO: ETHUSDT
2025-10-17 11:20:05 | INFO | sicar.breakouts |    Tipo: N/A
2025-10-17 11:20:05 | INFO | sicar.breakouts |    Confianza: 55.23%
2025-10-17 11:20:05 | INFO | sicar.breakouts |    Precio: $1862.6600
2025-10-17 11:20:05 | INFO | sicar.breakouts |    Volumen: 2,960,730
2025-10-17 11:26:05 | INFO | sicar.breakouts | 📈 BREAKOUT DETECTADO: BTCUSDT
2025-10-17 11:26:05 | INFO | sicar.breakouts |    Tipo: N/A
2025-10-17 11:26:05 | INFO | sicar.breakouts |    Confianza: 53.68%
2025-10-17 11:26:05 | INFO | sicar.breakouts |    Precio: $1965.3076
2025-10-17 11:26:05 | INFO | sicar.breakouts |    Volumen: 2,873,993
2025-10-17 11:28:06 | INFO | sicar.breakouts | 📈 BREAKOUT DETECTADO: BTCUSDT
2025-10-17 11:28:06 | INFO | sicar.breakouts |    Tipo: N/A
2025-10-17 11:28:06 | INFO | sicar.breakouts |    Confianza: 57.03%
2025-10-17 11:28:06 | INFO | sicar.breakouts |    Precio: $1953.6629
2025-10-17 11:28:06 | INFO | sicar.breakouts |    Volumen: 2,443,903
2025-10-17 11:35:06 | INFO | sicar.breakouts | 📈 BREAKOUT DETECTADO: ETHUSDT
2025-10-17 11:35:06 | INFO | sicar.breakouts |    Tipo: N/A
2025-10-17 11:35:06 | INFO | sicar.breakouts |    Confianza: 65.12%
2025-10-17 11:35:06 | INFO | sicar.breakouts |    Precio: $1855.9277
2025-10-17 11:35:06 | INFO | sicar.breakouts |    Volumen: 2,734,570
2025-10-17 11:43:37 | INFO | sicar.breakouts | 📈 BREAKOUT DETECTADO: ADAUSDT
2025-10-17 11:43:37 | INFO | sicar.breakouts |    Tipo: N/A
2025-10-17 11:43:37 | INFO | sicar.breakouts |    Confianza: 76.84%
2025-10-17 11:43:37 | INFO | sicar.breakouts |    Precio: $1968.2689
2025-10-17 11:43:37 | INFO | sicar.breakouts |    Volumen: 2,862,607
2025-10-17 11:50:37 | INFO | sicar.breakouts | 📈 BREAKOUT DETECTADO: ETHUSDT
2025-10-17 11:50:37 | INFO | sicar.breakouts |    Tipo: N/A
2025-10-17 11:50:37 | INFO | sicar.breakouts |    Confianza: 57.84%
2025-10-17 11:50:37 | INFO | sicar.breakouts |    Precio: $1914.5687
2025-10-17 11:50:37 | INFO | sicar.breakouts |    Volumen: 2,962,155
2025-10-17 12:09:08 | INFO | sicar.breakouts | 📈 BREAKOUT DETECTADO: ETHUSDT
2025-10-17 12:09:08 | INFO | sicar.breakouts |    Tipo: N/A
2025-10-17 12:09:08 | INFO | sicar.breakouts |    Confianza: 52.71%
2025-10-17 12:09:08 | INFO | sicar.breakouts |    Precio: $1907.3034
2025-10-17 12:09:08 | INFO | sicar.breakouts |    Volumen: 2,567,921
2025-10-17 12:11:08 | INFO | sicar.breakouts | 📈 BREAKOUT DETECTADO: BTCUSDT
2025-10-17 12:11:08 | INFO | sicar.breakouts |    Tipo: N/A
2025-10-17 12:11:08 | INFO | sicar.breakouts |    Confianza: 54.94%
2025-10-17 12:11:08 | INFO | sicar.breakouts |    Precio: $1971.0114
2025-10-17 12:11:08 | INFO | sicar.breakouts |    Volumen: 2,838,465
2025-10-17 12:21:08 | INFO | sicar.breakouts | 📈 BREAKOUT DETECTADO: BTCUSDT
2025-10-17 12:21:08 | INFO | sicar.breakouts |    Tipo: N/A
2025-10-17 12:21:08 | INFO | sicar.breakouts |    Confianza: 54.87%
2025-10-17 12:21:08 | INFO | sicar.breakouts |    Precio: $1938.6616
2025-10-17 12:21:08 | INFO | sicar.breakouts |    Volumen: 2,682,936
2025-10-17 12:30:39 | INFO | sicar.breakouts | 📈 BREAKOUT DETECTADO: ADAUSDT
2025-10-17 12:30:39 | INFO | sicar.breakouts |    Tipo: N/A
2025-10-17 12:30:39 | INFO | sicar.breakouts |    Confianza: 53.04%
2025-10-17 12:30:39 | INFO | sicar.breakouts |    Precio: $1975.2522
2025-10-17 12:30:39 | INFO | sicar.breakouts |    Volumen: 1,796,502
2025-10-17 12:51:10 | INFO | sicar.breakouts | 📈 BREAKOUT DETECTADO: BTCUSDT
2025-10-17 12:51:10 | INFO | sicar.breakouts |    Tipo: N/A
2025-10-17 12:51:10 | INFO | sicar.breakouts |    Confianza: 51.61%
2025-10-17 12:51:10 | INFO | sicar.breakouts |    Precio: $1939.1336
2025-10-17 12:51:10 | INFO | sicar.breakouts |    Volumen: 2,986,413
2025-10-17 13:11:11 | INFO | sicar.breakouts | 📈 BREAKOUT DETECTADO: BTCUSDT
2025-10-17 13:11:11 | INFO | sicar.breakouts |    Tipo: N/A
2025-10-17 13:11:11 | INFO | sicar.breakouts |    Confianza: 55.79%
2025-10-17 13:11:11 | INFO | sicar.breakouts |    Precio: $1968.7932
2025-10-17 13:11:11 | INFO | sicar.breakouts |    Volumen: 2,090,563
2025-10-17 13:23:42 | INFO | sicar.breakouts | 📈 BREAKOUT DETECTADO: ETHUSDT
2025-10-17 13:23:42 | INFO | sicar.breakouts |    Tipo: N/A
2025-10-17 13:23:42 | INFO | sicar.breakouts |    Confianza: 55.35%
2025-10-17 13:23:42 | INFO | sicar.breakouts |    Precio: $1964.7314
2025-10-17 13:23:42 | INFO | sicar.breakouts |    Volumen: 2,538,583
2025-10-17 13:28:43 | INFO | sicar.breakouts | 📈 BREAKOUT DETECTADO: ADAUSDT
2025-10-17 13:28:43 | INFO | sicar.breakouts |    Tipo: N/A
2025-10-17 13:28:43 | INFO | sicar.breakouts |    Confianza: 51.04%
2025-10-17 13:28:43 | INFO | sicar.breakouts |    Precio: $1939.3843
2025-10-17 13:28:43 | INFO | sicar.breakouts |    Volumen: 2,799,779
2025-10-17 13:41:13 | INFO | sicar.breakouts | 📈 BREAKOUT DETECTADO: ADAUSDT
2025-10-17 13:41:13 | INFO | sicar.breakouts |    Tipo: N/A
2025-10-17 13:41:13 | INFO | sicar.breakouts |    Confianza: 62.02%
2025-10-17 13:41:13 | INFO | sicar.breakouts |    Precio: $1984.1341
2025-10-17 13:41:13 | INFO | sicar.breakouts |    Volumen: 2,913,541
2025-10-17 14:10:45 | INFO | sicar.breakouts | 📈 BREAKOUT DETECTADO: BTCUSDT
2025-10-17 14:10:45 | INFO | sicar.breakouts |    Tipo: N/A
2025-10-17 14:10:45 | INFO | sicar.breakouts |    Confianza: 56.80%
2025-10-17 14:10:45 | INFO | sicar.breakouts |    Precio: $1959.2868
2025-10-17 14:10:45 | INFO | sicar.breakouts |    Volumen: 2,333,681
2025-10-17 14:33:00 | INFO | sicar.breakouts | 📈 BREAKOUT DETECTADO: ADAUSDT
2025-10-17 14:33:00 | INFO | sicar.breakouts |    Tipo: N/A
2025-10-17 14:33:00 | INFO | sicar.breakouts |    Confianza: 54.84%
2025-10-17 14:33:00 | INFO | sicar.breakouts |    Precio: $1979.0125
2025-10-17 14:33:00 | INFO | sicar.breakouts |    Volumen: 2,285,854
2025-10-17 14:40:31 | INFO | sicar.breakouts | 📈 BREAKOUT DETECTADO: ADAUSDT
2025-10-17 14:40:31 | INFO | sicar.breakouts |    Tipo: N/A
2025-10-17 14:40:31 | INFO | sicar.breakouts |    Confianza: 53.67%
2025-10-17 14:40:31 | INFO | sicar.breakouts |    Precio: $1990.5445
2025-10-17 14:40:31 | INFO | sicar.breakouts |    Volumen: 2,892,953
2025-10-17 14:44:31 | INFO | sicar.breakouts | 📈 BREAKOUT DETECTADO: BTCUSDT
2025-10-17 14:44:31 | INFO | sicar.breakouts |    Tipo: N/A
2025-10-17 14:44:31 | INFO | sicar.breakouts |    Confianza: 51.60%
2025-10-17 14:44:31 | INFO | sicar.breakouts |    Precio: $2032.2598
2025-10-17 14:44:31 | INFO | sicar.breakouts |    Volumen: 2,976,447
2025-10-17 14:58:31 | INFO | sicar.breakouts | 📈 BREAKOUT DETECTADO: ETHUSDT
2025-10-17 14:58:31 | INFO | sicar.breakouts |    Tipo: N/A
2025-10-17 14:58:31 | INFO | sicar.breakouts |    Confianza: 51.54%
2025-10-17 14:58:31 | INFO | sicar.breakouts |    Precio: $2063.8500
2025-10-17 14:58:31 | INFO | sicar.breakouts |    Volumen: 2,922,260
2025-10-17 15:46:11 | INFO | sicar.breakouts | 📈 BREAKOUT DETECTADO: BTCUSDT
2025-10-17 15:46:11 | INFO | sicar.breakouts |    Tipo: N/A
2025-10-17 15:46:11 | INFO | sicar.breakouts |    Confianza: 66.03%
2025-10-17 15:46:11 | INFO | sicar.breakouts |    Precio: $1951.1268
2025-10-17 15:46:11 | INFO | sicar.breakouts |    Volumen: 2,617,373
2025-10-17 15:50:42 | INFO | sicar.breakouts | 📈 BREAKOUT DETECTADO: BTCUSDT
2025-10-17 15:50:42 | INFO | sicar.breakouts |    Tipo: N/A
2025-10-17 15:50:42 | INFO | sicar.breakouts |    Confianza: 50.88%
2025-10-17 15:50:42 | INFO | sicar.breakouts |    Precio: $1939.3922
2025-10-17 15:50:42 | INFO | sicar.breakouts |    Volumen: 1,799,289
2025-10-17 16:09:12 | INFO | sicar.breakouts | 📈 BREAKOUT DETECTADO: BTCUSDT
2025-10-17 16:09:12 | INFO | sicar.breakouts |    Tipo: N/A
2025-10-17 16:09:12 | INFO | sicar.breakouts |    Confianza: 61.27%
2025-10-17 16:09:12 | INFO | sicar.breakouts |    Precio: $1945.5399
2025-10-17 16:09:12 | INFO | sicar.breakouts |    Volumen: 2,827,659
2025-10-17 17:12:38 | INFO | sicar.breakouts | 📈 BREAKOUT DETECTADO: ETHUSDT
2025-10-17 17:12:38 | INFO | sicar.breakouts |    Tipo: N/A
2025-10-17 17:12:38 | INFO | sicar.breakouts |    Confianza: 60.87%
2025-10-17 17:12:38 | INFO | sicar.breakouts |    Precio: $1993.8836
2025-10-17 17:12:38 | INFO | sicar.breakouts |    Volumen: 2,178,845
2025-10-17 17:21:39 | INFO | sicar.breakouts | 📈 BREAKOUT DETECTADO: ADAUSDT
2025-10-17 17:21:39 | INFO | sicar.breakouts |    Tipo: N/A
2025-10-17 17:21:39 | INFO | sicar.breakouts |    Confianza: 58.01%
2025-10-17 17:21:39 | INFO | sicar.breakouts |    Precio: $1935.7741
2025-10-17 17:21:39 | INFO | sicar.breakouts |    Volumen: 2,907,200
2025-10-17 17:38:10 | INFO | sicar.breakouts | 📈 BREAKOUT DETECTADO: BTCUSDT
2025-10-17 17:38:10 | INFO | sicar.breakouts |    Tipo: N/A
2025-10-17 17:38:10 | INFO | sicar.breakouts |    Confianza: 52.33%
2025-10-17 17:38:10 | INFO | sicar.breakouts |    Precio: $2012.6459
2025-10-17 17:38:10 | INFO | sicar.breakouts |    Volumen: 2,601,187
2025-10-17 18:00:11 | INFO | sicar.breakouts | 📈 BREAKOUT DETECTADO: ETHUSDT
2025-10-17 18:00:11 | INFO | sicar.breakouts |    Tipo: N/A
2025-10-17 18:00:11 | INFO | sicar.breakouts |    Confianza: 6000.00%
2025-10-17 18:00:11 | INFO | sicar.breakouts |    Precio: $1987.3794
2025-10-17 18:00:11 | INFO | sicar.breakouts |    Volumen: 2,200,011
2025-10-17 18:00:11 | INFO | sicar.breakouts | 📈 BREAKOUT DETECTADO: BTCUSDT
2025-10-17 18:00:11 | INFO | sicar.breakouts |    Tipo: N/A
2025-10-17 18:00:11 | INFO | sicar.breakouts |    Confianza: 6000.00%
2025-10-17 18:00:11 | INFO | sicar.breakouts |    Precio: $2012.2111
2025-10-17 18:00:11 | INFO | sicar.breakouts |    Volumen: 2,317,507
2025-10-17 18:00:11 | INFO | sicar.breakouts | 📈 BREAKOUT DETECTADO: ADAUSDT
2025-10-17 18:00:11 | INFO | sicar.breakouts |    Tipo: N/A
2025-10-17 18:00:11 | INFO | sicar.breakouts |    Confianza: 6000.00%
2025-10-17 18:00:11 | INFO | sicar.breakouts |    Precio: $1924.7679
2025-10-17 18:00:11 | INFO | sicar.breakouts |    Volumen: 1,411,243
2025-10-17 18:00:31 | INFO | sicar.breakouts | 📈 BREAKOUT DETECTADO: ETHUSDT
2025-10-17 18:00:31 | INFO | sicar.breakouts |    Tipo: N/A
2025-10-17 18:00:31 | INFO | sicar.breakouts |    Confianza: 6000.00%
2025-10-17 18:00:31 | INFO | sicar.breakouts |    Precio: $1981.4193
2025-10-17 18:00:31 | INFO | sicar.breakouts |    Volumen: 1,631,915
2025-10-17 18:00:31 | INFO | sicar.breakouts | 📈 BREAKOUT DETECTADO: BTCUSDT
2025-10-17 18:00:31 | INFO | sicar.breakouts |    Tipo: N/A
2025-10-17 18:00:31 | INFO | sicar.breakouts |    Confianza: 6000.00%
2025-10-17 18:00:31 | INFO | sicar.breakouts |    Precio: $2004.1370
2025-10-17 18:00:31 | INFO | sicar.breakouts |    Volumen: 1,331,570
2025-10-17 18:00:32 | INFO | sicar.breakouts | 📈 BREAKOUT DETECTADO: ADAUSDT
2025-10-17 18:00:32 | INFO | sicar.breakouts |    Tipo: N/A
2025-10-17 18:00:32 | INFO | sicar.breakouts |    Confianza: 6000.00%
2025-10-17 18:00:32 | INFO | sicar.breakouts |    Precio: $1921.6418
2025-10-17 18:00:32 | INFO | sicar.breakouts |    Volumen: 1,165,444
2025-10-17 18:00:52 | INFO | sicar.breakouts | 📈 BREAKOUT DETECTADO: ETHUSDT
2025-10-17 18:00:52 | INFO | sicar.breakouts |    Tipo: N/A
2025-10-17 18:00:52 | INFO | sicar.breakouts |    Confianza: 6000.00%
2025-10-17 18:00:52 | INFO | sicar.breakouts |    Precio: $1994.2638
2025-10-17 18:00:52 | INFO | sicar.breakouts |    Volumen: 817,143
2025-10-17 18:00:52 | INFO | sicar.breakouts | 📈 BREAKOUT DETECTADO: BTCUSDT
2025-10-17 18:00:52 | INFO | sicar.breakouts |    Tipo: N/A
2025-10-17 18:00:52 | INFO | sicar.breakouts |    Confianza: 6000.00%
2025-10-17 18:00:52 | INFO | sicar.breakouts |    Precio: $2002.0519
2025-10-17 18:00:52 | INFO | sicar.breakouts |    Volumen: 2,926,442
2025-10-17 18:00:52 | INFO | sicar.breakouts | 📈 BREAKOUT DETECTADO: ADAUSDT
2025-10-17 18:00:52 | INFO | sicar.breakouts |    Tipo: N/A
2025-10-17 18:00:52 | INFO | sicar.breakouts |    Confianza: 6000.00%
2025-10-17 18:00:52 | INFO | sicar.breakouts |    Precio: $1920.5553
2025-10-17 18:00:52 | INFO | sicar.breakouts |    Volumen: 570,408
2025-10-17 18:01:12 | INFO | sicar.breakouts | 📈 BREAKOUT DETECTADO: ETHUSDT
2025-10-17 18:01:12 | INFO | sicar.breakouts |    Tipo: N/A
2025-10-17 18:01:12 | INFO | sicar.breakouts |    Confianza: 6000.00%
2025-10-17 18:01:13 | INFO | sicar.breakouts |    Precio: $1996.9155
2025-10-17 18:01:13 | INFO | sicar.breakouts |    Volumen: 980,822
2025-10-17 18:01:13 | INFO | sicar.breakouts | 📈 BREAKOUT DETECTADO: BTCUSDT
2025-10-17 18:01:13 | INFO | sicar.breakouts |    Tipo: N/A
2025-10-17 18:01:13 | INFO | sicar.breakouts |    Confianza: 6568.25%
2025-10-17 18:01:13 | INFO | sicar.breakouts |    Precio: $1997.5662
2025-10-17 18:01:13 | INFO | sicar.breakouts |    Volumen: 2,239,752
2025-10-17 18:01:13 | INFO | sicar.breakouts | 📈 BREAKOUT DETECTADO: ADAUSDT
2025-10-17 18:01:13 | INFO | sicar.breakouts |    Tipo: N/A
2025-10-17 18:01:13 | INFO | sicar.breakouts |    Confianza: 6000.00%
2025-10-17 18:01:13 | INFO | sicar.breakouts |    Precio: $1922.1774
2025-10-17 18:01:13 | INFO | sicar.breakouts |    Volumen: 2,915,293
2025-10-17 18:01:33 | INFO | sicar.breakouts | 📈 BREAKOUT DETECTADO: ETHUSDT
2025-10-17 18:01:33 | INFO | sicar.breakouts |    Tipo: N/A
2025-10-17 18:01:33 | INFO | sicar.breakouts |    Confianza: 6000.00%
2025-10-17 18:01:33 | INFO | sicar.breakouts |    Precio: $1994.3804
2025-10-17 18:01:33 | INFO | sicar.breakouts |    Volumen: 2,303,570
2025-10-17 18:01:33 | INFO | sicar.breakouts | 📈 BREAKOUT DETECTADO: BTCUSDT
2025-10-17 18:01:33 | INFO | sicar.breakouts |    Tipo: N/A
2025-10-17 18:01:33 | INFO | sicar.breakouts |    Confianza: 6000.00%
2025-10-17 18:01:33 | INFO | sicar.breakouts |    Precio: $1996.8840
2025-10-17 18:01:33 | INFO | sicar.breakouts |    Volumen: 2,308,874
2025-10-17 18:01:33 | INFO | sicar.breakouts | 📈 BREAKOUT DETECTADO: ADAUSDT
2025-10-17 18:01:33 | INFO | sicar.breakouts |    Tipo: N/A
2025-10-17 18:01:33 | INFO | sicar.breakouts |    Confianza: 6000.00%
2025-10-17 18:01:33 | INFO | sicar.breakouts |    Precio: $1911.6394
2025-10-17 18:01:33 | INFO | sicar.breakouts |    Volumen: 1,207,617
2025-10-17 18:01:53 | INFO | sicar.breakouts | 📈 BREAKOUT DETECTADO: ETHUSDT
2025-10-17 18:01:53 | INFO | sicar.breakouts |    Tipo: N/A
2025-10-17 18:01:53 | INFO | sicar.breakouts |    Confianza: 6000.00%
2025-10-17 18:01:53 | INFO | sicar.breakouts |    Precio: $1982.1626
2025-10-17 18:01:53 | INFO | sicar.breakouts |    Volumen: 2,504,273
2025-10-17 18:01:53 | INFO | sicar.breakouts | 📈 BREAKOUT DETECTADO: BTCUSDT
2025-10-17 18:01:53 | INFO | sicar.breakouts |    Tipo: N/A
2025-10-17 18:01:53 | INFO | sicar.breakouts |    Confianza: 6000.00%
2025-10-17 18:01:53 | INFO | sicar.breakouts |    Precio: $2000.5307
2025-10-17 18:01:53 | INFO | sicar.breakouts |    Volumen: 1,407,413
2025-10-17 18:01:53 | INFO | sicar.breakouts | 📈 BREAKOUT DETECTADO: ADAUSDT
2025-10-17 18:01:53 | INFO | sicar.breakouts |    Tipo: N/A
2025-10-17 18:01:53 | INFO | sicar.breakouts |    Confianza: 6000.00%
2025-10-17 18:01:53 | INFO | sicar.breakouts |    Precio: $1905.5921
2025-10-17 18:01:53 | INFO | sicar.breakouts |    Volumen: 515,698
2025-10-17 18:02:14 | INFO | sicar.breakouts | 📈 BREAKOUT DETECTADO: ETHUSDT
2025-10-17 18:02:14 | INFO | sicar.breakouts |    Tipo: N/A
2025-10-17 18:02:14 | INFO | sicar.breakouts |    Confianza: 6000.00%
2025-10-17 18:02:14 | INFO | sicar.breakouts |    Precio: $1978.8218
2025-10-17 18:02:14 | INFO | sicar.breakouts |    Volumen: 568,680
2025-10-17 18:02:14 | INFO | sicar.breakouts | 📈 BREAKOUT DETECTADO: BTCUSDT
2025-10-17 18:02:14 | INFO | sicar.breakouts |    Tipo: N/A
2025-10-17 18:02:14 | INFO | sicar.breakouts |    Confianza: 6000.00%
2025-10-17 18:02:14 | INFO | sicar.breakouts |    Precio: $2001.8019
2025-10-17 18:02:14 | INFO | sicar.breakouts |    Volumen: 2,210,194
2025-10-17 18:02:14 | INFO | sicar.breakouts | 📈 BREAKOUT DETECTADO: ADAUSDT
2025-10-17 18:02:14 | INFO | sicar.breakouts |    Tipo: N/A
2025-10-17 18:02:14 | INFO | sicar.breakouts |    Confianza: 6000.00%
2025-10-17 18:02:14 | INFO | sicar.breakouts |    Precio: $1910.0436
2025-10-17 18:02:14 | INFO | sicar.breakouts |    Volumen: 2,531,735
2025-10-17 18:02:34 | INFO | sicar.breakouts | 📈 BREAKOUT DETECTADO: BTCUSDT
2025-10-17 18:02:34 | INFO | sicar.breakouts |    Tipo: N/A
2025-10-17 18:02:34 | INFO | sicar.breakouts |    Confianza: 6000.00%
2025-10-17 18:02:34 | INFO | sicar.breakouts |    Precio: $2009.0374
2025-10-17 18:02:34 | INFO | sicar.breakouts |    Volumen: 2,917,872
2025-10-17 18:02:34 | INFO | sicar.breakouts | 📈 BREAKOUT DETECTADO: ADAUSDT
2025-10-17 18:02:34 | INFO | sicar.breakouts |    Tipo: N/A
2025-10-17 18:02:34 | INFO | sicar.breakouts |    Confianza: 6000.00%
2025-10-17 18:02:34 | INFO | sicar.breakouts |    Precio: $1915.6262
2025-10-17 18:02:34 | INFO | sicar.breakouts |    Volumen: 1,416,779
2025-10-17 18:02:44 | INFO | sicar.breakouts | 📈 BREAKOUT DETECTADO: ETHUSDT
2025-10-17 18:02:44 | INFO | sicar.breakouts |    Tipo: N/A
2025-10-17 18:02:44 | INFO | sicar.breakouts |    Confianza: 6000.00%
2025-10-17 18:02:44 | INFO | sicar.breakouts |    Precio: $1985.4454
2025-10-17 18:02:44 | INFO | sicar.breakouts |    Volumen: 2,283,459
2025-10-17 18:02:54 | INFO | sicar.breakouts | 📈 BREAKOUT DETECTADO: BTCUSDT
2025-10-17 18:02:54 | INFO | sicar.breakouts |    Tipo: N/A
2025-10-17 18:02:54 | INFO | sicar.breakouts |    Confianza: 6000.00%
2025-10-17 18:02:54 | INFO | sicar.breakouts |    Precio: $2000.0386
2025-10-17 18:02:54 | INFO | sicar.breakouts |    Volumen: 573,710
2025-10-17 18:02:54 | INFO | sicar.breakouts | 📈 BREAKOUT DETECTADO: ADAUSDT
2025-10-17 18:02:54 | INFO | sicar.breakouts |    Tipo: N/A
2025-10-17 18:02:54 | INFO | sicar.breakouts |    Confianza: 6000.00%
2025-10-17 18:02:54 | INFO | sicar.breakouts |    Precio: $1914.5125
2025-10-17 18:02:54 | INFO | sicar.breakouts |    Volumen: 2,046,040
2025-10-17 18:03:15 | INFO | sicar.breakouts | 📈 BREAKOUT DETECTADO: ETHUSDT
2025-10-17 18:03:15 | INFO | sicar.breakouts |    Tipo: N/A
2025-10-17 18:03:15 | INFO | sicar.breakouts |    Confianza: 6000.00%
2025-10-17 18:03:15 | INFO | sicar.breakouts |    Precio: $1982.9887
2025-10-17 18:03:15 | INFO | sicar.breakouts |    Volumen: 2,297,290
2025-10-17 18:03:15 | INFO | sicar.breakouts | 📈 BREAKOUT DETECTADO: BTCUSDT
2025-10-17 18:03:15 | INFO | sicar.breakouts |    Tipo: N/A
2025-10-17 18:03:15 | INFO | sicar.breakouts |    Confianza: 6000.00%
2025-10-17 18:03:15 | INFO | sicar.breakouts |    Precio: $1995.0856
2025-10-17 18:03:15 | INFO | sicar.breakouts |    Volumen: 2,107,281
2025-10-17 18:03:15 | INFO | sicar.breakouts | 📈 BREAKOUT DETECTADO: ADAUSDT
2025-10-17 18:03:15 | INFO | sicar.breakouts |    Tipo: N/A
2025-10-17 18:03:15 | INFO | sicar.breakouts |    Confianza: 6000.00%
2025-10-17 18:03:15 | INFO | sicar.breakouts |    Precio: $1907.6788
2025-10-17 18:03:15 | INFO | sicar.breakouts |    Volumen: 1,777,008
2025-10-17 18:03:35 | INFO | sicar.breakouts | 📈 BREAKOUT DETECTADO: BTCUSDT
2025-10-17 18:03:35 | INFO | sicar.breakouts |    Tipo: N/A
2025-10-17 18:03:35 | INFO | sicar.breakouts |    Confianza: 7564.83%
2025-10-17 18:03:35 | INFO | sicar.breakouts |    Precio: $1991.5808
2025-10-17 18:03:35 | INFO | sicar.breakouts |    Volumen: 1,822,006
2025-10-17 18:03:35 | INFO | sicar.breakouts | 📈 BREAKOUT DETECTADO: ADAUSDT
2025-10-17 18:03:35 | INFO | sicar.breakouts |    Tipo: N/A
2025-10-17 18:03:35 | INFO | sicar.breakouts |    Confianza: 6000.00%
2025-10-17 18:03:35 | INFO | sicar.breakouts |    Precio: $1909.8799
2025-10-17 18:03:35 | INFO | sicar.breakouts |    Volumen: 2,148,685
2025-10-17 18:03:45 | INFO | sicar.breakouts | 📈 BREAKOUT DETECTADO: ETHUSDT
2025-10-17 18:03:45 | INFO | sicar.breakouts |    Tipo: N/A
2025-10-17 18:03:45 | INFO | sicar.breakouts |    Confianza: 6000.00%
2025-10-17 18:03:45 | INFO | sicar.breakouts |    Precio: $1975.5116
2025-10-17 18:03:45 | INFO | sicar.breakouts |    Volumen: 2,778,788
2025-10-17 18:03:55 | INFO | sicar.breakouts | 📈 BREAKOUT DETECTADO: BTCUSDT
2025-10-17 18:03:55 | INFO | sicar.breakouts |    Tipo: N/A
2025-10-17 18:03:55 | INFO | sicar.breakouts |    Confianza: 6000.00%
2025-10-17 18:03:55 | INFO | sicar.breakouts |    Precio: $1999.1357
2025-10-17 18:03:55 | INFO | sicar.breakouts |    Volumen: 1,775,373
2025-10-17 18:03:55 | INFO | sicar.breakouts | 📈 BREAKOUT DETECTADO: ADAUSDT
2025-10-17 18:03:55 | INFO | sicar.breakouts |    Tipo: N/A
2025-10-17 18:03:55 | INFO | sicar.breakouts |    Confianza: 6000.00%
2025-10-17 18:03:55 | INFO | sicar.breakouts |    Precio: $1913.4058
2025-10-17 18:03:55 | INFO | sicar.breakouts |    Volumen: 620,672
2025-10-17 18:04:06 | INFO | sicar.breakouts | 📈 BREAKOUT DETECTADO: ETHUSDT
2025-10-17 18:04:06 | INFO | sicar.breakouts |    Tipo: N/A
2025-10-17 18:04:06 | INFO | sicar.breakouts |    Confianza: 6000.00%
2025-10-17 18:04:06 | INFO | sicar.breakouts |    Precio: $1971.3798
2025-10-17 18:04:06 | INFO | sicar.breakouts |    Volumen: 2,462,480
2025-10-17 18:04:16 | INFO | sicar.breakouts | 📈 BREAKOUT DETECTADO: BTCUSDT
2025-10-17 18:04:16 | INFO | sicar.breakouts |    Tipo: N/A
2025-10-17 18:04:16 | INFO | sicar.breakouts |    Confianza: 6000.00%
2025-10-17 18:04:16 | INFO | sicar.breakouts |    Precio: $1991.4451
2025-10-17 18:04:16 | INFO | sicar.breakouts |    Volumen: 1,922,591
2025-10-17 18:04:26 | INFO | sicar.breakouts | 📈 BREAKOUT DETECTADO: ETHUSDT
2025-10-17 18:04:26 | INFO | sicar.breakouts |    Tipo: N/A
2025-10-17 18:04:26 | INFO | sicar.breakouts |    Confianza: 6000.00%
2025-10-17 18:04:26 | INFO | sicar.breakouts |    Precio: $1980.8952
2025-10-17 18:04:26 | INFO | sicar.breakouts |    Volumen: 1,155,549
2025-10-17 18:04:26 | INFO | sicar.breakouts | 📈 BREAKOUT DETECTADO: ADAUSDT
2025-10-17 18:04:26 | INFO | sicar.breakouts |    Tipo: N/A
2025-10-17 18:04:26 | INFO | sicar.breakouts |    Confianza: 6000.00%
2025-10-17 18:04:26 | INFO | sicar.breakouts |    Precio: $1919.7872
2025-10-17 18:04:26 | INFO | sicar.breakouts |    Volumen: 2,054,765
2025-10-17 18:04:36 | INFO | sicar.breakouts | 📈 BREAKOUT DETECTADO: BTCUSDT
2025-10-17 18:04:36 | INFO | sicar.breakouts |    Tipo: N/A
2025-10-17 18:04:36 | INFO | sicar.breakouts |    Confianza: 6000.00%
2025-10-17 18:04:36 | INFO | sicar.breakouts |    Precio: $1998.1273
2025-10-17 18:04:36 | INFO | sicar.breakouts |    Volumen: 641,935
2025-10-17 18:04:46 | INFO | sicar.breakouts | 📈 BREAKOUT DETECTADO: ADAUSDT
2025-10-17 18:04:46 | INFO | sicar.breakouts |    Tipo: N/A
2025-10-17 18:04:46 | INFO | sicar.breakouts |    Confianza: 6000.00%
2025-10-17 18:04:46 | INFO | sicar.breakouts |    Precio: $1922.1389
2025-10-17 18:04:46 | INFO | sicar.breakouts |    Volumen: 2,513,364
2025-10-17 18:04:57 | INFO | sicar.breakouts | 📈 BREAKOUT DETECTADO: ETHUSDT
2025-10-17 18:04:57 | INFO | sicar.breakouts |    Tipo: N/A
2025-10-17 18:04:57 | INFO | sicar.breakouts |    Confianza: 6000.00%
2025-10-17 18:04:57 | INFO | sicar.breakouts |    Precio: $1985.8400
2025-10-17 18:04:57 | INFO | sicar.breakouts |    Volumen: 2,219,058
2025-10-17 18:05:07 | INFO | sicar.breakouts | 📈 BREAKOUT DETECTADO: BTCUSDT
2025-10-17 18:05:07 | INFO | sicar.breakouts |    Tipo: N/A
2025-10-17 18:05:07 | INFO | sicar.breakouts |    Confianza: 6000.00%
2025-10-17 18:05:07 | INFO | sicar.breakouts |    Precio: $2007.1275
2025-10-17 18:05:07 | INFO | sicar.breakouts |    Volumen: 964,593
2025-10-17 18:05:17 | INFO | sicar.breakouts | 📈 BREAKOUT DETECTADO: ETHUSDT
2025-10-17 18:05:17 | INFO | sicar.breakouts |    Tipo: N/A
2025-10-17 18:05:17 | INFO | sicar.breakouts |    Confianza: 6000.00%
2025-10-17 18:05:17 | INFO | sicar.breakouts |    Precio: $1983.8132
2025-10-17 18:05:17 | INFO | sicar.breakouts |    Volumen: 739,630
2025-10-17 18:05:27 | INFO | sicar.breakouts | 📈 BREAKOUT DETECTADO: BTCUSDT
2025-10-17 18:05:27 | INFO | sicar.breakouts |    Tipo: N/A
2025-10-17 18:05:27 | INFO | sicar.breakouts |    Confianza: 6000.00%
2025-10-17 18:05:27 | INFO | sicar.breakouts |    Precio: $1998.9980
2025-10-17 18:05:27 | INFO | sicar.breakouts |    Volumen: 1,264,631
2025-10-17 18:05:37 | INFO | sicar.breakouts | 📈 BREAKOUT DETECTADO: ETHUSDT
2025-10-17 18:05:37 | INFO | sicar.breakouts |    Tipo: N/A
2025-10-17 18:05:37 | INFO | sicar.breakouts |    Confianza: 6000.00%
2025-10-17 18:05:37 | INFO | sicar.breakouts |    Precio: $1988.6142
2025-10-17 18:05:37 | INFO | sicar.breakouts |    Volumen: 744,362
2025-10-17 18:05:37 | INFO | sicar.breakouts | 📈 BREAKOUT DETECTADO: ADAUSDT
2025-10-17 18:05:37 | INFO | sicar.breakouts |    Tipo: N/A
2025-10-17 18:05:37 | INFO | sicar.breakouts |    Confianza: 6000.00%
2025-10-17 18:05:37 | INFO | sicar.breakouts |    Precio: $1930.7233
2025-10-17 18:05:37 | INFO | sicar.breakouts |    Volumen: 2,261,781
2025-10-17 18:05:47 | INFO | sicar.breakouts | 📈 BREAKOUT DETECTADO: BTCUSDT
2025-10-17 18:05:47 | INFO | sicar.breakouts |    Tipo: N/A
2025-10-17 18:05:47 | INFO | sicar.breakouts |    Confianza: 6000.00%
2025-10-17 18:05:47 | INFO | sicar.breakouts |    Precio: $1997.9885
2025-10-17 18:05:47 | INFO | sicar.breakouts |    Volumen: 685,304
2025-10-17 18:05:57 | INFO | sicar.breakouts | 📈 BREAKOUT DETECTADO: ETHUSDT
2025-10-17 18:05:57 | INFO | sicar.breakouts |    Tipo: N/A
2025-10-17 18:05:57 | INFO | sicar.breakouts |    Confianza: 6000.00%
2025-10-17 18:05:57 | INFO | sicar.breakouts |    Precio: $1992.0557
2025-10-17 18:05:57 | INFO | sicar.breakouts |    Volumen: 2,958,612
2025-10-17 18:05:57 | INFO | sicar.breakouts | 📈 BREAKOUT DETECTADO: ADAUSDT
2025-10-17 18:05:57 | INFO | sicar.breakouts |    Tipo: N/A
2025-10-17 18:05:57 | INFO | sicar.breakouts |    Confianza: 6000.00%
2025-10-17 18:05:57 | INFO | sicar.breakouts |    Precio: $1932.1651
2025-10-17 18:05:57 | INFO | sicar.breakouts |    Volumen: 750,458
2025-10-17 18:29:09 | INFO | sicar.breakouts | 📈 BREAKOUT DETECTADO: ETHUSDT
2025-10-17 18:29:09 | INFO | sicar.breakouts |    Tipo: N/A
2025-10-17 18:29:09 | INFO | sicar.breakouts |    Confianza: 51.20%
2025-10-17 18:29:09 | INFO | sicar.breakouts |    Precio: $2035.7879
2025-10-17 18:29:09 | INFO | sicar.breakouts |    Volumen: 2,785,193
2025-10-17 18:44:40 | INFO | sicar.breakouts | 📈 BREAKOUT DETECTADO: BTCUSDT
2025-10-17 18:44:40 | INFO | sicar.breakouts |    Tipo: N/A
2025-10-17 18:44:40 | INFO | sicar.breakouts |    Confianza: 72.10%
2025-10-17 18:44:40 | INFO | sicar.breakouts |    Precio: $1980.8847
2025-10-17 18:44:40 | INFO | sicar.breakouts |    Volumen: 2,353,051
2025-10-17 18:45:10 | INFO | sicar.breakouts | 📈 BREAKOUT DETECTADO: BTCUSDT
2025-10-17 18:45:10 | INFO | sicar.breakouts |    Tipo: N/A
2025-10-17 18:45:10 | INFO | sicar.breakouts |    Confianza: 52.35%
2025-10-17 18:45:10 | INFO | sicar.breakouts |    Precio: $1989.5945
2025-10-17 18:45:10 | INFO | sicar.breakouts |    Volumen: 1,595,180
2025-10-17 18:56:35 | INFO | sicar.breakouts | 📈 BREAKOUT DETECTADO: BTCUSDT
2025-10-17 18:56:35 | INFO | sicar.breakouts |    Tipo: N/A
2025-10-17 18:56:35 | INFO | sicar.breakouts |    Confianza: 61.37%
2025-10-17 18:56:35 | INFO | sicar.breakouts |    Precio: $1987.9846
2025-10-17 18:56:35 | INFO | sicar.breakouts |    Volumen: 2,424,130
2025-10-17 19:08:36 | INFO | sicar.breakouts | 📈 BREAKOUT DETECTADO: ETHUSDT
2025-10-17 19:08:36 | INFO | sicar.breakouts |    Tipo: N/A
2025-10-17 19:08:36 | INFO | sicar.breakouts |    Confianza: 54.07%
2025-10-17 19:08:36 | INFO | sicar.breakouts |    Precio: $1993.3079
2025-10-17 19:08:36 | INFO | sicar.breakouts |    Volumen: 2,630,040
2025-10-17 19:56:28 | INFO | sicar.breakouts | 📈 BREAKOUT DETECTADO: BTCUSDT
2025-10-17 19:56:28 | INFO | sicar.breakouts |    Tipo: N/A
2025-10-17 19:56:28 | INFO | sicar.breakouts |    Confianza: 51.22%
2025-10-17 19:56:28 | INFO | sicar.breakouts |    Precio: $1960.7146
2025-10-17 19:56:28 | INFO | sicar.breakouts |    Volumen: 2,788,042
2025-10-17 20:04:28 | INFO | sicar.breakouts | 📈 BREAKOUT DETECTADO: ADAUSDT
2025-10-17 20:04:28 | INFO | sicar.breakouts |    Tipo: N/A
2025-10-17 20:04:28 | INFO | sicar.breakouts |    Confianza: 54.49%
2025-10-17 20:04:28 | INFO | sicar.breakouts |    Precio: $2026.5336
2025-10-17 20:04:28 | INFO | sicar.breakouts |    Volumen: 2,204,987
2025-10-17 20:05:28 | INFO | sicar.breakouts | 📈 BREAKOUT DETECTADO: ETHUSDT
2025-10-17 20:05:28 | INFO | sicar.breakouts |    Tipo: N/A
2025-10-17 20:05:28 | INFO | sicar.breakouts |    Confianza: 54.49%
2025-10-17 20:05:28 | INFO | sicar.breakouts |    Precio: $1984.4267
2025-10-17 20:05:28 | INFO | sicar.breakouts |    Volumen: 2,070,646
2025-10-17 20:32:00 | INFO | sicar.breakouts | 📈 BREAKOUT DETECTADO: ETHUSDT
2025-10-17 20:32:00 | INFO | sicar.breakouts |    Tipo: N/A
2025-10-17 20:32:00 | INFO | sicar.breakouts |    Confianza: 58.14%
2025-10-17 20:32:00 | INFO | sicar.breakouts |    Precio: $1921.6901
2025-10-17 20:32:00 | INFO | sicar.breakouts |    Volumen: 2,672,627
2025-10-17 20:32:00 | INFO | sicar.breakouts | 📈 BREAKOUT DETECTADO: BTCUSDT
2025-10-17 20:32:00 | INFO | sicar.breakouts |    Tipo: N/A
2025-10-17 20:32:00 | INFO | sicar.breakouts |    Confianza: 58.55%
2025-10-17 20:32:00 | INFO | sicar.breakouts |    Precio: $2034.4665
2025-10-17 20:32:00 | INFO | sicar.breakouts |    Volumen: 2,352,454
2025-10-17 21:09:05 | INFO | sicar.breakouts | 📈 BREAKOUT DETECTADO: BTCUSDT
2025-10-17 21:09:05 | INFO | sicar.breakouts |    Tipo: N/A
2025-10-17 21:09:05 | INFO | sicar.breakouts |    Confianza: 63.23%
2025-10-17 21:09:05 | INFO | sicar.breakouts |    Precio: $2023.5392
2025-10-17 21:09:05 | INFO | sicar.breakouts |    Volumen: 2,894,800
2025-10-17 21:52:49 | INFO | sicar.breakouts | 📈 BREAKOUT DETECTADO: ETHUSDT
2025-10-17 21:52:49 | INFO | sicar.breakouts |    Tipo: N/A
2025-10-17 21:52:49 | INFO | sicar.breakouts |    Confianza: 55.06%
2025-10-17 21:52:49 | INFO | sicar.breakouts |    Precio: $1990.6608
2025-10-17 21:52:49 | INFO | sicar.breakouts |    Volumen: 2,895,033
2025-10-17 21:53:19 | INFO | sicar.breakouts | 📈 BREAKOUT DETECTADO: ETHUSDT
2025-10-17 21:53:19 | INFO | sicar.breakouts |    Tipo: N/A
2025-10-17 21:53:19 | INFO | sicar.breakouts |    Confianza: 55.66%
2025-10-17 21:53:19 | INFO | sicar.breakouts |    Precio: $1983.1434
2025-10-17 21:53:19 | INFO | sicar.breakouts |    Volumen: 2,826,591
2025-10-17 22:29:21 | INFO | sicar.breakouts | 📈 BREAKOUT DETECTADO: ADAUSDT
2025-10-17 22:29:21 | INFO | sicar.breakouts |    Tipo: N/A
2025-10-17 22:29:21 | INFO | sicar.breakouts |    Confianza: 61.73%
2025-10-17 22:29:21 | INFO | sicar.breakouts |    Precio: $1931.6157
2025-10-17 22:29:21 | INFO | sicar.breakouts |    Volumen: 2,958,500
2025-10-17 22:39:22 | INFO | sicar.breakouts | 📈 BREAKOUT DETECTADO: ADAUSDT
2025-10-17 22:39:22 | INFO | sicar.breakouts |    Tipo: N/A
2025-10-17 22:39:22 | INFO | sicar.breakouts |    Confianza: 68.99%
2025-10-17 22:39:22 | INFO | sicar.breakouts |    Precio: $1921.0616
2025-10-17 22:39:22 | INFO | sicar.breakouts |    Volumen: 2,832,758
2025-10-17 22:49:52 | INFO | sicar.breakouts | 📈 BREAKOUT DETECTADO: BTCUSDT
2025-10-17 22:49:52 | INFO | sicar.breakouts |    Tipo: N/A
2025-10-17 22:49:52 | INFO | sicar.breakouts |    Confianza: 56.28%
2025-10-17 22:49:52 | INFO | sicar.breakouts |    Precio: $2000.1575
2025-10-17 22:49:52 | INFO | sicar.breakouts |    Volumen: 2,500,492
2025-10-17 23:21:02 | INFO | sicar.breakouts | 📈 BREAKOUT DETECTADO: ETHUSDT
2025-10-17 23:21:02 | INFO | sicar.breakouts |    Tipo: N/A
2025-10-17 23:21:02 | INFO | sicar.breakouts |    Confianza: 55.55%
2025-10-17 23:21:02 | INFO | sicar.breakouts |    Precio: $2012.2037
2025-10-17 23:21:02 | INFO | sicar.breakouts |    Volumen: 2,963,656
2025-10-17 23:59:34 | INFO | sicar.breakouts | 📈 BREAKOUT DETECTADO: ETHUSDT
2025-10-17 23:59:34 | INFO | sicar.breakouts |    Tipo: N/A
2025-10-17 23:59:34 | INFO | sicar.breakouts |    Confianza: 62.32%
2025-10-17 23:59:34 | INFO | sicar.breakouts |    Precio: $2011.2186
2025-10-17 23:59:34 | INFO | sicar.breakouts |    Volumen: 2,958,996
2025-10-18 00:01:05 | INFO | sicar.breakouts | 📈 BREAKOUT DETECTADO: BTCUSDT
2025-10-18 00:01:05 | INFO | sicar.breakouts |    Tipo: N/A
2025-10-18 00:01:05 | INFO | sicar.breakouts |    Confianza: 55.90%
2025-10-18 00:01:05 | INFO | sicar.breakouts |    Precio: $2075.8611
2025-10-18 00:01:05 | INFO | sicar.breakouts |    Volumen: 2,822,411
2025-10-18 00:21:06 | INFO | sicar.breakouts | 📈 BREAKOUT DETECTADO: ETHUSDT
2025-10-18 00:21:06 | INFO | sicar.breakouts |    Tipo: N/A
2025-10-18 00:21:06 | INFO | sicar.breakouts |    Confianza: 59.16%
2025-10-18 00:21:06 | INFO | sicar.breakouts |    Precio: $1989.1599
2025-10-18 00:21:06 | INFO | sicar.breakouts |    Volumen: 2,515,346
2025-10-18 00:37:22 | INFO | sicar.breakouts | 📈 BREAKOUT DETECTADO: BTCUSDT
2025-10-18 00:37:22 | INFO | sicar.breakouts |    Tipo: N/A
2025-10-18 00:37:22 | INFO | sicar.breakouts |    Confianza: 55.47%
2025-10-18 00:37:22 | INFO | sicar.breakouts |    Precio: $1964.9722
2025-10-18 00:37:22 | INFO | sicar.breakouts |    Volumen: 2,714,291
2025-10-18 00:51:23 | INFO | sicar.breakouts | 📈 BREAKOUT DETECTADO: ETHUSDT
2025-10-18 00:51:23 | INFO | sicar.breakouts |    Tipo: N/A
2025-10-18 00:51:23 | INFO | sicar.breakouts |    Confianza: 55.39%
2025-10-18 00:51:23 | INFO | sicar.breakouts |    Precio: $1983.8588
2025-10-18 00:51:23 | INFO | sicar.breakouts |    Volumen: 2,847,034
2025-10-18 00:53:23 | INFO | sicar.breakouts | 📈 BREAKOUT DETECTADO: ETHUSDT
2025-10-18 00:53:23 | INFO | sicar.breakouts |    Tipo: N/A
2025-10-18 00:53:23 | INFO | sicar.breakouts |    Confianza: 57.50%
2025-10-18 00:53:23 | INFO | sicar.breakouts |    Precio: $1995.9056
2025-10-18 00:53:23 | INFO | sicar.breakouts |    Volumen: 2,817,281
2025-10-18 01:06:24 | INFO | sicar.breakouts | 📈 BREAKOUT DETECTADO: ADAUSDT
2025-10-18 01:06:24 | INFO | sicar.breakouts |    Tipo: N/A
2025-10-18 01:06:24 | INFO | sicar.breakouts |    Confianza: 60.05%
2025-10-18 01:06:24 | INFO | sicar.breakouts |    Precio: $1996.2097
2025-10-18 01:06:24 | INFO | sicar.breakouts |    Volumen: 2,944,889
2025-10-18 01:19:25 | INFO | sicar.breakouts | 📈 BREAKOUT DETECTADO: BTCUSDT
2025-10-18 01:19:25 | INFO | sicar.breakouts |    Tipo: N/A
2025-10-18 01:19:25 | INFO | sicar.breakouts |    Confianza: 62.63%
2025-10-18 01:19:25 | INFO | sicar.breakouts |    Precio: $1972.1277
2025-10-18 01:19:25 | INFO | sicar.breakouts |    Volumen: 2,816,985
2025-10-18 01:57:27 | INFO | sicar.breakouts | 📈 BREAKOUT DETECTADO: BTCUSDT
2025-10-18 01:57:27 | INFO | sicar.breakouts |    Tipo: N/A
2025-10-18 01:57:27 | INFO | sicar.breakouts |    Confianza: 65.25%
2025-10-18 01:57:27 | INFO | sicar.breakouts |    Precio: $1976.9670
2025-10-18 01:57:27 | INFO | sicar.breakouts |    Volumen: 2,886,919
2025-10-18 02:00:27 | INFO | sicar.breakouts | 📈 BREAKOUT DETECTADO: ETHUSDT
2025-10-18 02:00:27 | INFO | sicar.breakouts |    Tipo: N/A
2025-10-18 02:00:27 | INFO | sicar.breakouts |    Confianza: 6000.00%
2025-10-18 02:00:27 | INFO | sicar.breakouts |    Precio: $2021.8421
2025-10-18 02:00:27 | INFO | sicar.breakouts |    Volumen: 1,543,682
2025-10-18 02:00:27 | INFO | sicar.breakouts | 📈 BREAKOUT DETECTADO: ADAUSDT
2025-10-18 02:00:27 | INFO | sicar.breakouts |    Tipo: N/A
2025-10-18 02:00:27 | INFO | sicar.breakouts |    Confianza: 6000.00%
2025-10-18 02:00:27 | INFO | sicar.breakouts |    Precio: $1992.1000
2025-10-18 02:00:27 | INFO | sicar.breakouts |    Volumen: 1,656,118
2025-10-18 02:00:57 | INFO | sicar.breakouts | 📈 BREAKOUT DETECTADO: ETHUSDT
2025-10-18 02:00:57 | INFO | sicar.breakouts |    Tipo: N/A
2025-10-18 02:00:57 | INFO | sicar.breakouts |    Confianza: 65.14%
2025-10-18 02:00:57 | INFO | sicar.breakouts |    Precio: $2022.0578
2025-10-18 02:00:57 | INFO | sicar.breakouts |    Volumen: 1,892,600
2025-10-18 02:00:58 | INFO | sicar.breakouts | 📈 BREAKOUT DETECTADO: BTCUSDT
2025-10-18 02:00:58 | INFO | sicar.breakouts |    Tipo: N/A
2025-10-18 02:00:58 | INFO | sicar.breakouts |    Confianza: 6000.00%
2025-10-18 02:00:58 | INFO | sicar.breakouts |    Precio: $1988.6837
2025-10-18 02:00:58 | INFO | sicar.breakouts |    Volumen: 2,795,387
2025-10-18 02:00:58 | INFO | sicar.breakouts | 📈 BREAKOUT DETECTADO: ADAUSDT
2025-10-18 02:00:58 | INFO | sicar.breakouts |    Tipo: N/A
2025-10-18 02:00:58 | INFO | sicar.breakouts |    Confianza: 6000.00%
2025-10-18 02:00:58 | INFO | sicar.breakouts |    Precio: $1995.2912
2025-10-18 02:00:58 | INFO | sicar.breakouts |    Volumen: 2,744,822
2025-10-18 02:01:28 | INFO | sicar.breakouts | 📈 BREAKOUT DETECTADO: ETHUSDT
2025-10-18 02:01:28 | INFO | sicar.breakouts |    Tipo: N/A
2025-10-18 02:01:28 | INFO | sicar.breakouts |    Confianza: 65.14%
2025-10-18 02:01:28 | INFO | sicar.breakouts |    Precio: $2022.7772
2025-10-18 02:01:28 | INFO | sicar.breakouts |    Volumen: 2,726,958
2025-10-18 02:01:28 | INFO | sicar.breakouts | 📈 BREAKOUT DETECTADO: BTCUSDT
2025-10-18 02:01:28 | INFO | sicar.breakouts |    Tipo: N/A
2025-10-18 02:01:28 | INFO | sicar.breakouts |    Confianza: 6000.00%
2025-10-18 02:01:28 | INFO | sicar.breakouts |    Precio: $1991.3369
2025-10-18 02:01:28 | INFO | sicar.breakouts |    Volumen: 2,093,992
2025-10-18 02:01:28 | INFO | sicar.breakouts | 📈 BREAKOUT DETECTADO: ADAUSDT
2025-10-18 02:01:28 | INFO | sicar.breakouts |    Tipo: N/A
2025-10-18 02:01:28 | INFO | sicar.breakouts |    Confianza: 6000.00%
2025-10-18 02:01:28 | INFO | sicar.breakouts |    Precio: $1990.8979
2025-10-18 02:01:28 | INFO | sicar.breakouts |    Volumen: 1,990,791
2025-10-18 02:01:58 | INFO | sicar.breakouts | 📈 BREAKOUT DETECTADO: BTCUSDT
2025-10-18 02:01:58 | INFO | sicar.breakouts |    Tipo: N/A
2025-10-18 02:01:58 | INFO | sicar.breakouts |    Confianza: 75.14%
2025-10-18 02:01:58 | INFO | sicar.breakouts |    Precio: $1991.1105
2025-10-18 02:01:58 | INFO | sicar.breakouts |    Volumen: 1,131,158
2025-10-18 02:01:58 | INFO | sicar.breakouts | 📈 BREAKOUT DETECTADO: ADAUSDT
2025-10-18 02:01:58 | INFO | sicar.breakouts |    Tipo: N/A
2025-10-18 02:01:58 | INFO | sicar.breakouts |    Confianza: 6000.00%
2025-10-18 02:01:58 | INFO | sicar.breakouts |    Precio: $1991.9098
2025-10-18 02:01:58 | INFO | sicar.breakouts |    Volumen: 742,244
2025-10-18 02:02:28 | INFO | sicar.breakouts | 📈 BREAKOUT DETECTADO: ETHUSDT
2025-10-18 02:02:28 | INFO | sicar.breakouts |    Tipo: N/A
2025-10-18 02:02:28 | INFO | sicar.breakouts |    Confianza: 6000.00%
2025-10-18 02:02:28 | INFO | sicar.breakouts |    Precio: $2020.7884
2025-10-18 02:02:28 | INFO | sicar.breakouts |    Volumen: 1,852,112
2025-10-18 02:02:28 | INFO | sicar.breakouts | 📈 BREAKOUT DETECTADO: BTCUSDT
2025-10-18 02:02:28 | INFO | sicar.breakouts |    Tipo: N/A
2025-10-18 02:02:28 | INFO | sicar.breakouts |    Confianza: 6000.00%
2025-10-18 02:02:28 | INFO | sicar.breakouts |    Precio: $1987.0576
2025-10-18 02:02:28 | INFO | sicar.breakouts |    Volumen: 1,333,245
2025-10-18 02:02:28 | INFO | sicar.breakouts | 📈 BREAKOUT DETECTADO: ADAUSDT
2025-10-18 02:02:28 | INFO | sicar.breakouts |    Tipo: N/A
2025-10-18 02:02:28 | INFO | sicar.breakouts |    Confianza: 6000.00%
2025-10-18 02:02:28 | INFO | sicar.breakouts |    Precio: $1998.6344
2025-10-18 02:02:28 | INFO | sicar.breakouts |    Volumen: 1,943,454
2025-10-18 02:02:58 | INFO | sicar.breakouts | 📈 BREAKOUT DETECTADO: ETHUSDT
2025-10-18 02:02:58 | INFO | sicar.breakouts |    Tipo: N/A
2025-10-18 02:02:58 | INFO | sicar.breakouts |    Confianza: 6000.00%
2025-10-18 02:02:58 | INFO | sicar.breakouts |    Precio: $2026.4455
2025-10-18 02:02:58 | INFO | sicar.breakouts |    Volumen: 2,710,257
2025-10-18 02:02:58 | INFO | sicar.breakouts | 📈 BREAKOUT DETECTADO: BTCUSDT
2025-10-18 02:02:58 | INFO | sicar.breakouts |    Tipo: N/A
2025-10-18 02:02:58 | INFO | sicar.breakouts |    Confianza: 6000.00%
2025-10-18 02:02:58 | INFO | sicar.breakouts |    Precio: $1984.6219
2025-10-18 02:02:58 | INFO | sicar.breakouts |    Volumen: 1,251,092
2025-10-18 02:02:58 | INFO | sicar.breakouts | 📈 BREAKOUT DETECTADO: ADAUSDT
2025-10-18 02:02:58 | INFO | sicar.breakouts |    Tipo: N/A
2025-10-18 02:02:58 | INFO | sicar.breakouts |    Confianza: 6000.00%
2025-10-18 02:02:58 | INFO | sicar.breakouts |    Precio: $2000.2074
2025-10-18 02:02:58 | INFO | sicar.breakouts |    Volumen: 2,509,337
2025-10-18 02:03:28 | INFO | sicar.breakouts | 📈 BREAKOUT DETECTADO: ETHUSDT
2025-10-18 02:03:28 | INFO | sicar.breakouts |    Tipo: N/A
2025-10-18 02:03:28 | INFO | sicar.breakouts |    Confianza: 6000.00%
2025-10-18 02:03:28 | INFO | sicar.breakouts |    Precio: $2020.6028
2025-10-18 02:03:28 | INFO | sicar.breakouts |    Volumen: 1,980,763
2025-10-18 02:03:28 | INFO | sicar.breakouts | 📈 BREAKOUT DETECTADO: ADAUSDT
2025-10-18 02:03:28 | INFO | sicar.breakouts |    Tipo: N/A
2025-10-18 02:03:28 | INFO | sicar.breakouts |    Confianza: 6000.00%
2025-10-18 02:03:28 | INFO | sicar.breakouts |    Precio: $2009.2324
2025-10-18 02:03:28 | INFO | sicar.breakouts |    Volumen: 2,308,868
2025-10-18 02:03:59 | INFO | sicar.breakouts | 📈 BREAKOUT DETECTADO: ETHUSDT
2025-10-18 02:03:59 | INFO | sicar.breakouts |    Tipo: N/A
2025-10-18 02:03:59 | INFO | sicar.breakouts |    Confianza: 6000.00%
2025-10-18 02:03:59 | INFO | sicar.breakouts |    Precio: $2019.2414
2025-10-18 02:03:59 | INFO | sicar.breakouts |    Volumen: 1,388,557
2025-10-18 02:03:59 | INFO | sicar.breakouts | 📈 BREAKOUT DETECTADO: BTCUSDT
2025-10-18 02:03:59 | INFO | sicar.breakouts |    Tipo: N/A
2025-10-18 02:03:59 | INFO | sicar.breakouts |    Confianza: 6000.00%
2025-10-18 02:03:59 | INFO | sicar.breakouts |    Precio: $1989.9607
2025-10-18 02:03:59 | INFO | sicar.breakouts |    Volumen: 1,768,564
2025-10-18 02:03:59 | INFO | sicar.breakouts | 📈 BREAKOUT DETECTADO: ADAUSDT
2025-10-18 02:03:59 | INFO | sicar.breakouts |    Tipo: N/A
2025-10-18 02:03:59 | INFO | sicar.breakouts |    Confianza: 6000.00%
2025-10-18 02:03:59 | INFO | sicar.breakouts |    Precio: $2008.1297
2025-10-18 02:03:59 | INFO | sicar.breakouts |    Volumen: 2,409,843
2025-10-18 02:04:29 | INFO | sicar.breakouts | 📈 BREAKOUT DETECTADO: ETHUSDT
2025-10-18 02:04:29 | INFO | sicar.breakouts |    Tipo: N/A
2025-10-18 02:04:29 | INFO | sicar.breakouts |    Confianza: 6000.00%
2025-10-18 02:04:29 | INFO | sicar.breakouts |    Precio: $2021.2285
2025-10-18 02:04:29 | INFO | sicar.breakouts |    Volumen: 1,192,263
2025-10-18 02:04:29 | INFO | sicar.breakouts | 📈 BREAKOUT DETECTADO: BTCUSDT
2025-10-18 02:04:29 | INFO | sicar.breakouts |    Tipo: N/A
2025-10-18 02:04:29 | INFO | sicar.breakouts |    Confianza: 6000.00%
2025-10-18 02:04:29 | INFO | sicar.breakouts |    Precio: $1988.9033
2025-10-18 02:04:29 | INFO | sicar.breakouts |    Volumen: 2,911,721
2025-10-18 02:04:29 | INFO | sicar.breakouts | 📈 BREAKOUT DETECTADO: ADAUSDT
2025-10-18 02:04:29 | INFO | sicar.breakouts |    Tipo: N/A
2025-10-18 02:04:29 | INFO | sicar.breakouts |    Confianza: 6000.00%
2025-10-18 02:04:29 | INFO | sicar.breakouts |    Precio: $2013.8235
2025-10-18 02:04:29 | INFO | sicar.breakouts |    Volumen: 1,422,519
2025-10-18 02:04:59 | INFO | sicar.breakouts | 📈 BREAKOUT DETECTADO: ETHUSDT
2025-10-18 02:04:59 | INFO | sicar.breakouts |    Tipo: N/A
2025-10-18 02:04:59 | INFO | sicar.breakouts |    Confianza: 6000.00%
2025-10-18 02:04:59 | INFO | sicar.breakouts |    Precio: $2015.7134
2025-10-18 02:04:59 | INFO | sicar.breakouts |    Volumen: 2,671,112
2025-10-18 02:04:59 | INFO | sicar.breakouts | 📈 BREAKOUT DETECTADO: BTCUSDT
2025-10-18 02:04:59 | INFO | sicar.breakouts |    Tipo: N/A
2025-10-18 02:04:59 | INFO | sicar.breakouts |    Confianza: 6000.00%
2025-10-18 02:04:59 | INFO | sicar.breakouts |    Precio: $1993.4997
2025-10-18 02:04:59 | INFO | sicar.breakouts |    Volumen: 1,818,276
2025-10-18 02:04:59 | INFO | sicar.breakouts | 📈 BREAKOUT DETECTADO: ADAUSDT
2025-10-18 02:04:59 | INFO | sicar.breakouts |    Tipo: N/A
2025-10-18 02:04:59 | INFO | sicar.breakouts |    Confianza: 6000.00%
2025-10-18 02:04:59 | INFO | sicar.breakouts |    Precio: $2010.5997
2025-10-18 02:04:59 | INFO | sicar.breakouts |    Volumen: 1,916,239
2025-10-18 02:05:29 | INFO | sicar.breakouts | 📈 BREAKOUT DETECTADO: ETHUSDT
2025-10-18 02:05:29 | INFO | sicar.breakouts |    Tipo: N/A
2025-10-18 02:05:29 | INFO | sicar.breakouts |    Confianza: 6000.00%
2025-10-18 02:05:29 | INFO | sicar.breakouts |    Precio: $2022.9566
2025-10-18 02:05:29 | INFO | sicar.breakouts |    Volumen: 2,738,304
2025-10-18 02:05:29 | INFO | sicar.breakouts | 📈 BREAKOUT DETECTADO: ADAUSDT
2025-10-18 02:05:29 | INFO | sicar.breakouts |    Tipo: N/A
2025-10-18 02:05:29 | INFO | sicar.breakouts |    Confianza: 6000.00%
2025-10-18 02:05:29 | INFO | sicar.breakouts |    Precio: $2013.1136
2025-10-18 02:05:29 | INFO | sicar.breakouts |    Volumen: 2,824,301
2025-10-18 02:05:59 | INFO | sicar.breakouts | 📈 BREAKOUT DETECTADO: ETHUSDT
2025-10-18 02:05:59 | INFO | sicar.breakouts |    Tipo: N/A
2025-10-18 02:05:59 | INFO | sicar.breakouts |    Confianza: 75.15%
2025-10-18 02:05:59 | INFO | sicar.breakouts |    Precio: $2023.8804
2025-10-18 02:05:59 | INFO | sicar.breakouts |    Volumen: 503,376
2025-10-18 02:05:59 | INFO | sicar.breakouts | 📈 BREAKOUT DETECTADO: ADAUSDT
2025-10-18 02:05:59 | INFO | sicar.breakouts |    Tipo: N/A
2025-10-18 02:05:59 | INFO | sicar.breakouts |    Confianza: 6000.00%
2025-10-18 02:05:59 | INFO | sicar.breakouts |    Precio: $2004.7866
2025-10-18 02:05:59 | INFO | sicar.breakouts |    Volumen: 2,223,573
2025-10-18 02:07:29 | INFO | sicar.breakouts | 📈 BREAKOUT DETECTADO: ETHUSDT
2025-10-18 02:07:29 | INFO | sicar.breakouts |    Tipo: N/A
2025-10-18 02:07:29 | INFO | sicar.breakouts |    Confianza: 55.72%
2025-10-18 02:07:29 | INFO | sicar.breakouts |    Precio: $2045.0896
2025-10-18 02:07:29 | INFO | sicar.breakouts |    Volumen: 2,870,200
2025-10-18 02:19:30 | INFO | sicar.breakouts | 📈 BREAKOUT DETECTADO: ADAUSDT
2025-10-18 02:19:30 | INFO | sicar.breakouts |    Tipo: N/A
2025-10-18 02:19:30 | INFO | sicar.breakouts |    Confianza: 56.46%
2025-10-18 02:19:30 | INFO | sicar.breakouts |    Precio: $2012.6569
2025-10-18 02:19:30 | INFO | sicar.breakouts |    Volumen: 2,295,444
2025-10-18 02:26:00 | INFO | sicar.breakouts | 📈 BREAKOUT DETECTADO: BTCUSDT
2025-10-18 02:26:00 | INFO | sicar.breakouts |    Tipo: N/A
2025-10-18 02:26:00 | INFO | sicar.breakouts |    Confianza: 70.60%
2025-10-18 02:26:00 | INFO | sicar.breakouts |    Precio: $2020.6007
2025-10-18 02:26:00 | INFO | sicar.breakouts |    Volumen: 2,936,136
2025-10-18 02:45:32 | INFO | sicar.breakouts | 📈 BREAKOUT DETECTADO: BTCUSDT
2025-10-18 02:45:32 | INFO | sicar.breakouts |    Tipo: N/A
2025-10-18 02:45:32 | INFO | sicar.breakouts |    Confianza: 57.50%
2025-10-18 02:45:32 | INFO | sicar.breakouts |    Precio: $2004.4657
2025-10-18 02:45:32 | INFO | sicar.breakouts |    Volumen: 2,669,481
2025-10-18 03:00:03 | INFO | sicar.breakouts | 📈 BREAKOUT DETECTADO: ADAUSDT
2025-10-18 03:00:03 | INFO | sicar.breakouts |    Tipo: N/A
2025-10-18 03:00:03 | INFO | sicar.breakouts |    Confianza: 62.54%
2025-10-18 03:00:03 | INFO | sicar.breakouts |    Precio: $2033.0682
2025-10-18 03:00:03 | INFO | sicar.breakouts |    Volumen: 2,705,558
2025-10-18 03:14:34 | INFO | sicar.breakouts | 📈 BREAKOUT DETECTADO: ETHUSDT
2025-10-18 03:14:34 | INFO | sicar.breakouts |    Tipo: N/A
2025-10-18 03:14:34 | INFO | sicar.breakouts |    Confianza: 63.42%
2025-10-18 03:14:34 | INFO | sicar.breakouts |    Precio: $2177.9485
2025-10-18 03:14:34 | INFO | sicar.breakouts |    Volumen: 2,698,259
2025-10-18 03:23:50 | INFO | sicar.breakouts | 📈 BREAKOUT DETECTADO: ADAUSDT
2025-10-18 03:23:50 | INFO | sicar.breakouts |    Tipo: N/A
2025-10-18 03:23:50 | INFO | sicar.breakouts |    Confianza: 60.39%
2025-10-18 03:23:50 | INFO | sicar.breakouts |    Precio: $1998.1948
2025-10-18 03:23:50 | INFO | sicar.breakouts |    Volumen: 2,714,872
2025-10-18 03:49:22 | INFO | sicar.breakouts | 📈 BREAKOUT DETECTADO: ETHUSDT
2025-10-18 03:49:22 | INFO | sicar.breakouts |    Tipo: N/A
2025-10-18 03:49:22 | INFO | sicar.breakouts |    Confianza: 64.87%
2025-10-18 03:49:22 | INFO | sicar.breakouts |    Precio: $2199.4332
2025-10-18 03:49:22 | INFO | sicar.breakouts |    Volumen: 2,837,379
2025-10-18 03:51:52 | INFO | sicar.breakouts | 📈 BREAKOUT DETECTADO: ETHUSDT
2025-10-18 03:51:52 | INFO | sicar.breakouts |    Tipo: N/A
2025-10-18 03:51:52 | INFO | sicar.breakouts |    Confianza: 55.21%
2025-10-18 03:51:52 | INFO | sicar.breakouts |    Precio: $2215.7000
2025-10-18 03:51:52 | INFO | sicar.breakouts |    Volumen: 2,866,449
2025-10-18 03:58:22 | INFO | sicar.breakouts | 📈 BREAKOUT DETECTADO: BTCUSDT
2025-10-18 03:58:22 | INFO | sicar.breakouts |    Tipo: N/A
2025-10-18 03:58:22 | INFO | sicar.breakouts |    Confianza: 59.78%
2025-10-18 03:58:22 | INFO | sicar.breakouts |    Precio: $1992.0499
2025-10-18 03:58:22 | INFO | sicar.breakouts |    Volumen: 2,689,768
2025-10-18 04:07:53 | INFO | sicar.breakouts | 📈 BREAKOUT DETECTADO: ETHUSDT
2025-10-18 04:07:53 | INFO | sicar.breakouts |    Tipo: N/A
2025-10-18 04:07:53 | INFO | sicar.breakouts |    Confianza: 60.80%
2025-10-18 04:07:53 | INFO | sicar.breakouts |    Precio: $2204.0808
2025-10-18 04:07:53 | INFO | sicar.breakouts |    Volumen: 2,586,933
2025-10-18 04:16:54 | INFO | sicar.breakouts | 📈 BREAKOUT DETECTADO: ADAUSDT
2025-10-18 04:16:54 | INFO | sicar.breakouts |    Tipo: N/A
2025-10-18 04:16:54 | INFO | sicar.breakouts |    Confianza: 59.88%
2025-10-18 04:16:54 | INFO | sicar.breakouts |    Precio: $1991.0171
2025-10-18 04:16:54 | INFO | sicar.breakouts |    Volumen: 2,902,287
2025-10-18 04:17:24 | INFO | sicar.breakouts | 📈 BREAKOUT DETECTADO: BTCUSDT
2025-10-18 04:17:24 | INFO | sicar.breakouts |    Tipo: N/A
2025-10-18 04:17:24 | INFO | sicar.breakouts |    Confianza: 55.75%
2025-10-18 04:17:24 | INFO | sicar.breakouts |    Precio: $1976.2245
2025-10-18 04:17:24 | INFO | sicar.breakouts |    Volumen: 2,638,698
2025-10-18 04:32:26 | INFO | sicar.breakouts | 📈 BREAKOUT DETECTADO: BTCUSDT
2025-10-18 04:32:26 | INFO | sicar.breakouts |    Tipo: N/A
2025-10-18 04:32:26 | INFO | sicar.breakouts |    Confianza: 62.18%
2025-10-18 04:32:26 | INFO | sicar.breakouts |    Precio: $1926.1991
2025-10-18 04:32:26 | INFO | sicar.breakouts |    Volumen: 2,921,075
2025-10-18 04:47:27 | INFO | sicar.breakouts | 📈 BREAKOUT DETECTADO: ETHUSDT
2025-10-18 04:47:27 | INFO | sicar.breakouts |    Tipo: N/A
2025-10-18 04:47:27 | INFO | sicar.breakouts |    Confianza: 56.33%
2025-10-18 04:47:27 | INFO | sicar.breakouts |    Precio: $2179.4627
2025-10-18 04:47:27 | INFO | sicar.breakouts |    Volumen: 2,370,848
2025-10-18 04:49:27 | INFO | sicar.breakouts | 📈 BREAKOUT DETECTADO: ETHUSDT
2025-10-18 04:49:27 | INFO | sicar.breakouts |    Tipo: N/A
2025-10-18 04:49:27 | INFO | sicar.breakouts |    Confianza: 72.71%
2025-10-18 04:49:27 | INFO | sicar.breakouts |    Precio: $2188.4485
2025-10-18 04:49:27 | INFO | sicar.breakouts |    Volumen: 2,893,878
2025-10-18 04:56:58 | INFO | sicar.breakouts | 📈 BREAKOUT DETECTADO: ETHUSDT
2025-10-18 04:56:58 | INFO | sicar.breakouts |    Tipo: N/A
2025-10-18 04:56:58 | INFO | sicar.breakouts |    Confianza: 71.65%
2025-10-18 04:56:58 | INFO | sicar.breakouts |    Precio: $2165.4104
2025-10-18 04:56:58 | INFO | sicar.breakouts |    Volumen: 2,874,159
2025-10-18 05:18:29 | INFO | sicar.breakouts | 📈 BREAKOUT DETECTADO: ADAUSDT
2025-10-18 05:18:29 | INFO | sicar.breakouts |    Tipo: N/A
2025-10-18 05:18:29 | INFO | sicar.breakouts |    Confianza: 59.06%
2025-10-18 05:18:29 | INFO | sicar.breakouts |    Precio: $1984.2931
2025-10-18 05:18:29 | INFO | sicar.breakouts |    Volumen: 2,752,163
2025-10-18 05:31:31 | INFO | sicar.breakouts | 📈 BREAKOUT DETECTADO: ADAUSDT
2025-10-18 05:31:31 | INFO | sicar.breakouts |    Tipo: N/A
2025-10-18 05:31:31 | INFO | sicar.breakouts |    Confianza: 61.55%
2025-10-18 05:31:31 | INFO | sicar.breakouts |    Precio: $2007.9987
2025-10-18 05:31:31 | INFO | sicar.breakouts |    Volumen: 2,614,956
2025-10-18 05:46:32 | INFO | sicar.breakouts | 📈 BREAKOUT DETECTADO: ETHUSDT
2025-10-18 05:46:32 | INFO | sicar.breakouts |    Tipo: N/A
2025-10-18 05:46:32 | INFO | sicar.breakouts |    Confianza: 58.39%
2025-10-18 05:46:32 | INFO | sicar.breakouts |    Precio: $2158.9866
2025-10-18 05:46:32 | INFO | sicar.breakouts |    Volumen: 2,511,766
2025-10-18 06:02:03 | INFO | sicar.breakouts | 📈 BREAKOUT DETECTADO: ETHUSDT
2025-10-18 06:02:03 | INFO | sicar.breakouts |    Tipo: N/A
2025-10-18 06:02:03 | INFO | sicar.breakouts |    Confianza: 57.01%
2025-10-18 06:02:03 | INFO | sicar.breakouts |    Precio: $2150.5331
2025-10-18 06:02:03 | INFO | sicar.breakouts |    Volumen: 2,773,686
2025-10-18 06:12:34 | INFO | sicar.breakouts | 📈 BREAKOUT DETECTADO: ADAUSDT
2025-10-18 06:12:34 | INFO | sicar.breakouts |    Tipo: N/A
2025-10-18 06:12:34 | INFO | sicar.breakouts |    Confianza: 60.97%
2025-10-18 06:12:34 | INFO | sicar.breakouts |    Precio: $1961.3742
2025-10-18 06:12:34 | INFO | sicar.breakouts |    Volumen: 2,860,913
2025-10-18 06:14:35 | INFO | sicar.breakouts | 📈 BREAKOUT DETECTADO: ADAUSDT
2025-10-18 06:14:35 | INFO | sicar.breakouts |    Tipo: N/A
2025-10-18 06:14:35 | INFO | sicar.breakouts |    Confianza: 58.36%
2025-10-18 06:14:35 | INFO | sicar.breakouts |    Precio: $1936.0302
2025-10-18 06:14:35 | INFO | sicar.breakouts |    Volumen: 2,879,393
2025-10-18 06:22:05 | INFO | sicar.breakouts | 📈 BREAKOUT DETECTADO: ETHUSDT
2025-10-18 06:22:05 | INFO | sicar.breakouts |    Tipo: N/A
2025-10-18 06:22:05 | INFO | sicar.breakouts |    Confianza: 58.58%
2025-10-18 06:22:05 | INFO | sicar.breakouts |    Precio: $2178.8479
2025-10-18 06:22:05 | INFO | sicar.breakouts |    Volumen: 2,174,884
2025-10-18 06:25:36 | INFO | sicar.breakouts | 📈 BREAKOUT DETECTADO: BTCUSDT
2025-10-18 06:25:36 | INFO | sicar.breakouts |    Tipo: N/A
2025-10-18 06:25:36 | INFO | sicar.breakouts |    Confianza: 62.96%
2025-10-18 06:25:36 | INFO | sicar.breakouts |    Precio: $1943.9614
2025-10-18 06:25:36 | INFO | sicar.breakouts |    Volumen: 2,879,101
2025-10-18 06:39:37 | INFO | sicar.breakouts | 📈 BREAKOUT DETECTADO: ADAUSDT
2025-10-18 06:39:37 | INFO | sicar.breakouts |    Tipo: N/A
2025-10-18 06:39:37 | INFO | sicar.breakouts |    Confianza: 59.26%
2025-10-18 06:39:37 | INFO | sicar.breakouts |    Precio: $1942.4315
2025-10-18 06:39:37 | INFO | sicar.breakouts |    Volumen: 2,916,720
2025-10-18 06:46:07 | INFO | sicar.breakouts | 📈 BREAKOUT DETECTADO: ETHUSDT
2025-10-18 06:46:07 | INFO | sicar.breakouts |    Tipo: N/A
2025-10-18 06:46:07 | INFO | sicar.breakouts |    Confianza: 61.90%
2025-10-18 06:46:07 | INFO | sicar.breakouts |    Precio: $2109.3371
2025-10-18 06:46:07 | INFO | sicar.breakouts |    Volumen: 2,273,361
2025-10-18 06:58:09 | INFO | sicar.breakouts | 📈 BREAKOUT DETECTADO: BTCUSDT
2025-10-18 06:58:09 | INFO | sicar.breakouts |    Tipo: N/A
2025-10-18 06:58:09 | INFO | sicar.breakouts |    Confianza: 60.14%
2025-10-18 06:58:09 | INFO | sicar.breakouts |    Precio: $1958.9493
2025-10-18 06:58:09 | INFO | sicar.breakouts |    Volumen: 1,718,543
2025-10-18 07:13:10 | INFO | sicar.breakouts | 📈 BREAKOUT DETECTADO: ETHUSDT
2025-10-18 07:13:10 | INFO | sicar.breakouts |    Tipo: N/A
2025-10-18 07:13:10 | INFO | sicar.breakouts |    Confianza: 56.82%
2025-10-18 07:13:10 | INFO | sicar.breakouts |    Precio: $2114.0197
2025-10-18 07:13:10 | INFO | sicar.breakouts |    Volumen: 2,646,178
2025-10-18 07:41:42 | INFO | sicar.breakouts | 📈 BREAKOUT DETECTADO: ADAUSDT
2025-10-18 07:41:42 | INFO | sicar.breakouts |    Tipo: N/A
2025-10-18 07:41:42 | INFO | sicar.breakouts |    Confianza: 67.48%
2025-10-18 07:41:43 | INFO | sicar.breakouts |    Precio: $1908.3714
2025-10-18 07:41:43 | INFO | sicar.breakouts |    Volumen: 2,623,799
2025-10-18 07:46:13 | INFO | sicar.breakouts | 📈 BREAKOUT DETECTADO: ETHUSDT
2025-10-18 07:46:13 | INFO | sicar.breakouts |    Tipo: N/A
2025-10-18 07:46:13 | INFO | sicar.breakouts |    Confianza: 68.34%
2025-10-18 07:46:13 | INFO | sicar.breakouts |    Precio: $2090.0685
2025-10-18 07:46:13 | INFO | sicar.breakouts |    Volumen: 2,943,156
2025-10-18 07:59:14 | INFO | sicar.breakouts | 📈 BREAKOUT DETECTADO: ADAUSDT
2025-10-18 07:59:14 | INFO | sicar.breakouts |    Tipo: N/A
2025-10-18 07:59:14 | INFO | sicar.breakouts |    Confianza: 66.13%
2025-10-18 07:59:14 | INFO | sicar.breakouts |    Precio: $1920.1591
2025-10-18 07:59:14 | INFO | sicar.breakouts |    Volumen: 2,852,159
2025-10-18 08:30:16 | INFO | sicar.breakouts | 📈 BREAKOUT DETECTADO: ETHUSDT
2025-10-18 08:30:16 | INFO | sicar.breakouts |    Tipo: N/A
2025-10-18 08:30:16 | INFO | sicar.breakouts |    Confianza: 6000.00%
2025-10-18 08:30:16 | INFO | sicar.breakouts |    Precio: $2087.8160
2025-10-18 08:30:16 | INFO | sicar.breakouts |    Volumen: 1,631,071
2025-10-18 08:30:16 | INFO | sicar.breakouts | 📈 BREAKOUT DETECTADO: BTCUSDT
2025-10-18 08:30:16 | INFO | sicar.breakouts |    Tipo: N/A
2025-10-18 08:30:16 | INFO | sicar.breakouts |    Confianza: 6000.00%
2025-10-18 08:30:16 | INFO | sicar.breakouts |    Precio: $1933.2830
2025-10-18 08:30:16 | INFO | sicar.breakouts |    Volumen: 810,463
2025-10-18 08:30:16 | INFO | sicar.breakouts | 📈 BREAKOUT DETECTADO: ADAUSDT
2025-10-18 08:30:16 | INFO | sicar.breakouts |    Tipo: N/A
2025-10-18 08:30:16 | INFO | sicar.breakouts |    Confianza: 6000.00%
2025-10-18 08:30:16 | INFO | sicar.breakouts |    Precio: $1912.3360
2025-10-18 08:30:16 | INFO | sicar.breakouts |    Volumen: 982,589
2025-10-18 08:30:46 | INFO | sicar.breakouts | 📈 BREAKOUT DETECTADO: ETHUSDT
2025-10-18 08:30:46 | INFO | sicar.breakouts |    Tipo: N/A
2025-10-18 08:30:46 | INFO | sicar.breakouts |    Confianza: 6000.00%
2025-10-18 08:30:46 | INFO | sicar.breakouts |    Precio: $2083.6421
2025-10-18 08:30:46 | INFO | sicar.breakouts |    Volumen: 1,646,958
2025-10-18 08:30:46 | INFO | sicar.breakouts | 📈 BREAKOUT DETECTADO: BTCUSDT
2025-10-18 08:30:46 | INFO | sicar.breakouts |    Tipo: N/A
2025-10-18 08:30:46 | INFO | sicar.breakouts |    Confianza: 6000.00%
2025-10-18 08:30:46 | INFO | sicar.breakouts |    Precio: $1935.3788
2025-10-18 08:30:46 | INFO | sicar.breakouts |    Volumen: 633,075
2025-10-18 08:31:16 | INFO | sicar.breakouts | 📈 BREAKOUT DETECTADO: ETHUSDT
2025-10-18 08:31:16 | INFO | sicar.breakouts |    Tipo: N/A
2025-10-18 08:31:16 | INFO | sicar.breakouts |    Confianza: 6000.00%
2025-10-18 08:31:16 | INFO | sicar.breakouts |    Precio: $2075.7687
2025-10-18 08:31:16 | INFO | sicar.breakouts |    Volumen: 1,806,555
2025-10-18 08:31:16 | INFO | sicar.breakouts | 📈 BREAKOUT DETECTADO: BTCUSDT
2025-10-18 08:31:16 | INFO | sicar.breakouts |    Tipo: N/A
2025-10-18 08:31:16 | INFO | sicar.breakouts |    Confianza: 6000.00%
2025-10-18 08:31:16 | INFO | sicar.breakouts |    Precio: $1938.3977
2025-10-18 08:31:16 | INFO | sicar.breakouts |    Volumen: 2,505,516
2025-10-18 08:31:16 | INFO | sicar.breakouts | 📈 BREAKOUT DETECTADO: ADAUSDT
2025-10-18 08:31:16 | INFO | sicar.breakouts |    Tipo: N/A
2025-10-18 08:31:16 | INFO | sicar.breakouts |    Confianza: 6000.00%
2025-10-18 08:31:16 | INFO | sicar.breakouts |    Precio: $1916.0546
2025-10-18 08:31:16 | INFO | sicar.breakouts |    Volumen: 1,231,594
2025-10-18 08:31:46 | INFO | sicar.breakouts | 📈 BREAKOUT DETECTADO: ETHUSDT
2025-10-18 08:31:46 | INFO | sicar.breakouts |    Tipo: N/A
2025-10-18 08:31:46 | INFO | sicar.breakouts |    Confianza: 6000.00%
2025-10-18 08:31:46 | INFO | sicar.breakouts |    Precio: $2077.1628
2025-10-18 08:31:46 | INFO | sicar.breakouts |    Volumen: 506,507
2025-10-18 08:31:46 | INFO | sicar.breakouts | 📈 BREAKOUT DETECTADO: BTCUSDT
2025-10-18 08:31:46 | INFO | sicar.breakouts |    Tipo: N/A
2025-10-18 08:31:46 | INFO | sicar.breakouts |    Confianza: 6000.00%
2025-10-18 08:31:46 | INFO | sicar.breakouts |    Precio: $1936.6864
2025-10-18 08:31:46 | INFO | sicar.breakouts |    Volumen: 1,024,158
2025-10-18 08:31:46 | INFO | sicar.breakouts | 📈 BREAKOUT DETECTADO: ADAUSDT
2025-10-18 08:31:46 | INFO | sicar.breakouts |    Tipo: N/A
2025-10-18 08:31:46 | INFO | sicar.breakouts |    Confianza: 6000.00%
2025-10-18 08:31:46 | INFO | sicar.breakouts |    Precio: $1911.3092
2025-10-18 08:31:46 | INFO | sicar.breakouts |    Volumen: 2,189,750
2025-10-18 08:32:16 | INFO | sicar.breakouts | 📈 BREAKOUT DETECTADO: ETHUSDT
2025-10-18 08:32:16 | INFO | sicar.breakouts |    Tipo: N/A
2025-10-18 08:32:16 | INFO | sicar.breakouts |    Confianza: 75.15%
2025-10-18 08:32:16 | INFO | sicar.breakouts |    Precio: $2077.6043
2025-10-18 08:32:16 | INFO | sicar.breakouts |    Volumen: 1,656,942
2025-10-18 08:32:17 | INFO | sicar.breakouts | 📈 BREAKOUT DETECTADO: BTCUSDT
2025-10-18 08:32:17 | INFO | sicar.breakouts |    Tipo: N/A
2025-10-18 08:32:17 | INFO | sicar.breakouts |    Confianza: 6000.00%
2025-10-18 08:32:17 | INFO | sicar.breakouts |    Precio: $1935.2087
2025-10-18 08:32:17 | INFO | sicar.breakouts |    Volumen: 2,105,088
2025-10-18 08:32:17 | INFO | sicar.breakouts | 📈 BREAKOUT DETECTADO: ADAUSDT
2025-10-18 08:32:17 | INFO | sicar.breakouts |    Tipo: N/A
2025-10-18 08:32:17 | INFO | sicar.breakouts |    Confianza: 6000.00%
2025-10-18 08:32:17 | INFO | sicar.breakouts |    Precio: $1916.4363
2025-10-18 08:32:17 | INFO | sicar.breakouts |    Volumen: 1,239,462
2025-10-18 08:32:47 | INFO | sicar.breakouts | 📈 BREAKOUT DETECTADO: ETHUSDT
2025-10-18 08:32:47 | INFO | sicar.breakouts |    Tipo: N/A
2025-10-18 08:32:47 | INFO | sicar.breakouts |    Confianza: 6000.00%
2025-10-18 08:32:47 | INFO | sicar.breakouts |    Precio: $2074.7692
2025-10-18 08:32:47 | INFO | sicar.breakouts |    Volumen: 2,708,022
2025-10-18 08:33:17 | INFO | sicar.breakouts | 📈 BREAKOUT DETECTADO: ETHUSDT
2025-10-18 08:33:17 | INFO | sicar.breakouts |    Tipo: N/A
2025-10-18 08:33:17 | INFO | sicar.breakouts |    Confianza: 6000.00%
2025-10-18 08:33:17 | INFO | sicar.breakouts |    Precio: $2071.2743
2025-10-18 08:33:17 | INFO | sicar.breakouts |    Volumen: 604,297
2025-10-18 08:33:17 | INFO | sicar.breakouts | 📈 BREAKOUT DETECTADO: BTCUSDT
2025-10-18 08:33:17 | INFO | sicar.breakouts |    Tipo: N/A
2025-10-18 08:33:17 | INFO | sicar.breakouts |    Confianza: 6000.00%
2025-10-18 08:33:17 | INFO | sicar.breakouts |    Precio: $1938.6247
2025-10-18 08:33:17 | INFO | sicar.breakouts |    Volumen: 1,372,628
2025-10-18 08:33:47 | INFO | sicar.breakouts | 📈 BREAKOUT DETECTADO: ETHUSDT
2025-10-18 08:33:47 | INFO | sicar.breakouts |    Tipo: N/A
2025-10-18 08:33:47 | INFO | sicar.breakouts |    Confianza: 6000.00%
2025-10-18 08:33:47 | INFO | sicar.breakouts |    Precio: $2072.6885
2025-10-18 08:33:47 | INFO | sicar.breakouts |    Volumen: 2,168,628
2025-10-18 08:33:47 | INFO | sicar.breakouts | 📈 BREAKOUT DETECTADO: BTCUSDT
2025-10-18 08:33:47 | INFO | sicar.breakouts |    Tipo: N/A
2025-10-18 08:33:47 | INFO | sicar.breakouts |    Confianza: 6000.00%
2025-10-18 08:33:47 | INFO | sicar.breakouts |    Precio: $1941.6839
2025-10-18 08:33:47 | INFO | sicar.breakouts |    Volumen: 2,117,033
2025-10-18 08:33:47 | INFO | sicar.breakouts | 📈 BREAKOUT DETECTADO: ADAUSDT
2025-10-18 08:33:47 | INFO | sicar.breakouts |    Tipo: N/A
2025-10-18 08:33:47 | INFO | sicar.breakouts |    Confianza: 6000.00%
2025-10-18 08:33:47 | INFO | sicar.breakouts |    Precio: $1914.3832
2025-10-18 08:33:47 | INFO | sicar.breakouts |    Volumen: 730,930
2025-10-18 08:34:17 | INFO | sicar.breakouts | 📈 BREAKOUT DETECTADO: ETHUSDT
2025-10-18 08:34:17 | INFO | sicar.breakouts |    Tipo: N/A
2025-10-18 08:34:17 | INFO | sicar.breakouts |    Confianza: 70.13%
2025-10-18 08:34:17 | INFO | sicar.breakouts |    Precio: $2073.5903
2025-10-18 08:34:17 | INFO | sicar.breakouts |    Volumen: 2,239,304
2025-10-18 08:34:17 | INFO | sicar.breakouts | 📈 BREAKOUT DETECTADO: BTCUSDT
2025-10-18 08:34:17 | INFO | sicar.breakouts |    Tipo: N/A
2025-10-18 08:34:17 | INFO | sicar.breakouts |    Confianza: 70.12%
2025-10-18 08:34:17 | INFO | sicar.breakouts |    Precio: $1942.5456
2025-10-18 08:34:17 | INFO | sicar.breakouts |    Volumen: 603,084
2025-10-18 08:34:17 | INFO | sicar.breakouts | 📈 BREAKOUT DETECTADO: ADAUSDT
2025-10-18 08:34:17 | INFO | sicar.breakouts |    Tipo: N/A
2025-10-18 08:34:17 | INFO | sicar.breakouts |    Confianza: 6000.00%
2025-10-18 08:34:17 | INFO | sicar.breakouts |    Precio: $1915.5983
2025-10-18 08:34:17 | INFO | sicar.breakouts |    Volumen: 2,925,121
2025-10-18 08:34:47 | INFO | sicar.breakouts | 📈 BREAKOUT DETECTADO: ETHUSDT
2025-10-18 08:34:47 | INFO | sicar.breakouts |    Tipo: N/A
2025-10-18 08:34:47 | INFO | sicar.breakouts |    Confianza: 6000.00%
2025-10-18 08:34:47 | INFO | sicar.breakouts |    Precio: $2070.9923
2025-10-18 08:34:47 | INFO | sicar.breakouts |    Volumen: 1,756,409
2025-10-18 08:34:48 | INFO | sicar.breakouts | 📈 BREAKOUT DETECTADO: BTCUSDT
2025-10-18 08:34:48 | INFO | sicar.breakouts |    Tipo: N/A
2025-10-18 08:34:48 | INFO | sicar.breakouts |    Confianza: 6000.00%
2025-10-18 08:34:48 | INFO | sicar.breakouts |    Precio: $1939.9427
2025-10-18 08:34:48 | INFO | sicar.breakouts |    Volumen: 1,547,984
2025-10-18 08:34:48 | INFO | sicar.breakouts | 📈 BREAKOUT DETECTADO: ADAUSDT
2025-10-18 08:34:48 | INFO | sicar.breakouts |    Tipo: N/A
2025-10-18 08:34:48 | INFO | sicar.breakouts |    Confianza: 6000.00%
2025-10-18 08:34:48 | INFO | sicar.breakouts |    Precio: $1914.2898
2025-10-18 08:34:48 | INFO | sicar.breakouts |    Volumen: 1,032,360
2025-10-18 08:35:18 | INFO | sicar.breakouts | 📈 BREAKOUT DETECTADO: ETHUSDT
2025-10-18 08:35:18 | INFO | sicar.breakouts |    Tipo: N/A
2025-10-18 08:35:18 | INFO | sicar.breakouts |    Confianza: 6000.00%
2025-10-18 08:35:18 | INFO | sicar.breakouts |    Precio: $2065.6699
2025-10-18 08:35:18 | INFO | sicar.breakouts |    Volumen: 840,131
2025-10-18 08:35:18 | INFO | sicar.breakouts | 📈 BREAKOUT DETECTADO: ADAUSDT
2025-10-18 08:35:18 | INFO | sicar.breakouts |    Tipo: N/A
2025-10-18 08:35:18 | INFO | sicar.breakouts |    Confianza: 6000.00%
2025-10-18 08:35:18 | INFO | sicar.breakouts |    Precio: $1913.0987
2025-10-18 08:35:18 | INFO | sicar.breakouts |    Volumen: 1,689,530
2025-10-18 08:35:48 | INFO | sicar.breakouts | 📈 BREAKOUT DETECTADO: ETHUSDT
2025-10-18 08:35:48 | INFO | sicar.breakouts |    Tipo: N/A
2025-10-18 08:35:48 | INFO | sicar.breakouts |    Confianza: 65.13%
2025-10-18 08:35:48 | INFO | sicar.breakouts |    Precio: $2065.2400
2025-10-18 08:35:48 | INFO | sicar.breakouts |    Volumen: 2,112,082
2025-10-18 08:35:48 | INFO | sicar.breakouts | 📈 BREAKOUT DETECTADO: ADAUSDT
2025-10-18 08:35:48 | INFO | sicar.breakouts |    Tipo: N/A
2025-10-18 08:35:48 | INFO | sicar.breakouts |    Confianza: 6000.00%
2025-10-18 08:35:48 | INFO | sicar.breakouts |    Precio: $1915.8700
2025-10-18 08:35:48 | INFO | sicar.breakouts |    Volumen: 2,362,197
2025-10-18 08:39:48 | INFO | sicar.breakouts | 📈 BREAKOUT DETECTADO: ETHUSDT
2025-10-18 08:39:48 | INFO | sicar.breakouts |    Tipo: N/A
2025-10-18 08:39:48 | INFO | sicar.breakouts |    Confianza: 62.92%
2025-10-18 08:39:48 | INFO | sicar.breakouts |    Precio: $2087.9533
2025-10-18 08:39:48 | INFO | sicar.breakouts |    Volumen: 2,975,870
2025-10-18 09:34:23 | INFO | sicar.breakouts | 📈 BREAKOUT DETECTADO: BTCUSDT
2025-10-18 09:34:23 | INFO | sicar.breakouts |    Tipo: N/A
2025-10-18 09:34:23 | INFO | sicar.breakouts |    Confianza: 55.53%
2025-10-18 09:34:23 | INFO | sicar.breakouts |    Precio: $1918.4940
2025-10-18 09:34:23 | INFO | sicar.breakouts |    Volumen: 2,793,336
2025-10-18 09:41:53 | INFO | sicar.breakouts | 📈 BREAKOUT DETECTADO: ETHUSDT
2025-10-18 09:41:53 | INFO | sicar.breakouts |    Tipo: N/A
2025-10-18 09:41:53 | INFO | sicar.breakouts |    Confianza: 57.95%
2025-10-18 09:41:53 | INFO | sicar.breakouts |    Precio: $2035.1022
2025-10-18 09:41:53 | INFO | sicar.breakouts |    Volumen: 2,880,530
2025-10-18 09:47:24 | INFO | sicar.breakouts | 📈 BREAKOUT DETECTADO: BTCUSDT
2025-10-18 09:47:24 | INFO | sicar.breakouts |    Tipo: N/A
2025-10-18 09:47:24 | INFO | sicar.breakouts |    Confianza: 55.80%
2025-10-18 09:47:24 | INFO | sicar.breakouts |    Precio: $1945.7166
2025-10-18 09:47:24 | INFO | sicar.breakouts |    Volumen: 2,829,330
2025-10-18 10:08:26 | INFO | sicar.breakouts | 📈 BREAKOUT DETECTADO: BTCUSDT
2025-10-18 10:08:26 | INFO | sicar.breakouts |    Tipo: N/A
2025-10-18 10:08:26 | INFO | sicar.breakouts |    Confianza: 62.13%
2025-10-18 10:08:26 | INFO | sicar.breakouts |    Precio: $1931.7015
2025-10-18 10:08:26 | INFO | sicar.breakouts |    Volumen: 2,870,216
2025-10-18 10:33:58 | INFO | sicar.breakouts | 📈 BREAKOUT DETECTADO: ADAUSDT
2025-10-18 10:33:58 | INFO | sicar.breakouts |    Tipo: N/A
2025-10-18 10:33:58 | INFO | sicar.breakouts |    Confianza: 66.80%
2025-10-18 10:33:58 | INFO | sicar.breakouts |    Precio: $1809.4940
2025-10-18 10:33:58 | INFO | sicar.breakouts |    Volumen: 2,770,250
2025-10-18 10:36:58 | INFO | sicar.breakouts | 📈 BREAKOUT DETECTADO: ADAUSDT
2025-10-18 10:36:58 | INFO | sicar.breakouts |    Tipo: N/A
2025-10-18 10:36:58 | INFO | sicar.breakouts |    Confianza: 58.76%
2025-10-18 10:36:58 | INFO | sicar.breakouts |    Precio: $1794.6756
2025-10-18 10:36:58 | INFO | sicar.breakouts |    Volumen: 2,813,702
2025-10-18 10:54:36 | INFO | sicar.breakouts | 📈 BREAKOUT DETECTADO: ETHUSDT
2025-10-18 10:54:36 | INFO | sicar.breakouts |    Tipo: N/A
2025-10-18 10:54:36 | INFO | sicar.breakouts |    Confianza: 64.00%
2025-10-18 10:54:36 | INFO | sicar.breakouts |    Precio: $1972.8136
2025-10-18 10:54:36 | INFO | sicar.breakouts |    Volumen: 2,909,207
2025-10-18 11:07:37 | INFO | sicar.breakouts | 📈 BREAKOUT DETECTADO: ADAUSDT
2025-10-18 11:07:37 | INFO | sicar.breakouts |    Tipo: N/A
2025-10-18 11:07:37 | INFO | sicar.breakouts |    Confianza: 61.24%
2025-10-18 11:07:37 | INFO | sicar.breakouts |    Precio: $2015.6210
2025-10-18 11:07:37 | INFO | sicar.breakouts |    Volumen: 2,555,434
2025-10-18 11:17:00 | INFO | sicar.breakouts | 📈 BREAKOUT DETECTADO: BTCUSDT
2025-10-18 11:17:00 | INFO | sicar.breakouts |    Tipo: N/A
2025-10-18 11:17:00 | INFO | sicar.breakouts |    Confianza: 69.59%
2025-10-18 11:17:00 | INFO | sicar.breakouts |    Precio: $1959.2082
2025-10-18 11:17:00 | INFO | sicar.breakouts |    Volumen: 2,719,660
2025-10-18 11:19:08 | INFO | sicar.breakouts | 📈 BREAKOUT DETECTADO: BTCUSDT
2025-10-18 11:19:08 | INFO | sicar.breakouts |    Tipo: N/A
2025-10-18 11:19:08 | INFO | sicar.breakouts |    Confianza: 56.76%
2025-10-18 11:19:08 | INFO | sicar.breakouts |    Precio: $2045.0969
2025-10-18 11:19:08 | INFO | sicar.breakouts |    Volumen: 2,794,442
2025-10-18 11:23:08 | INFO | sicar.breakouts | 📈 BREAKOUT DETECTADO: ADAUSDT
2025-10-18 11:23:08 | INFO | sicar.breakouts |    Tipo: N/A
2025-10-18 11:23:08 | INFO | sicar.breakouts |    Confianza: 56.82%
2025-10-18 11:23:08 | INFO | sicar.breakouts |    Precio: $2008.9207
2025-10-18 11:23:08 | INFO | sicar.breakouts |    Volumen: 2,670,821
2025-10-18 11:32:31 | INFO | sicar.breakouts | 📈 BREAKOUT DETECTADO: ETHUSDT
2025-10-18 11:32:31 | INFO | sicar.breakouts |    Tipo: N/A
2025-10-18 11:32:31 | INFO | sicar.breakouts |    Confianza: 55.38%
2025-10-18 11:32:31 | INFO | sicar.breakouts |    Precio: $2028.3355
2025-10-18 11:32:31 | INFO | sicar.breakouts |    Volumen: 2,678,723
2025-10-18 11:33:39 | INFO | sicar.breakouts | 📈 BREAKOUT DETECTADO: BTCUSDT
2025-10-18 11:33:39 | INFO | sicar.breakouts |    Tipo: N/A
2025-10-18 11:33:39 | INFO | sicar.breakouts |    Confianza: 67.22%
2025-10-18 11:33:39 | INFO | sicar.breakouts |    Precio: $2065.4178
2025-10-18 11:33:39 | INFO | sicar.breakouts |    Volumen: 2,698,904
2025-10-18 11:49:10 | INFO | sicar.breakouts | 📈 BREAKOUT DETECTADO: BTCUSDT
2025-10-18 11:49:10 | INFO | sicar.breakouts |    Tipo: N/A
2025-10-18 11:49:10 | INFO | sicar.breakouts |    Confianza: 57.56%
2025-10-18 11:49:10 | INFO | sicar.breakouts |    Precio: $2095.0778
2025-10-18 11:49:10 | INFO | sicar.breakouts |    Volumen: 2,825,242
2025-10-18 12:00:33 | INFO | sicar.breakouts | 📈 BREAKOUT DETECTADO: ETHUSDT
2025-10-18 12:00:33 | INFO | sicar.breakouts |    Tipo: N/A
2025-10-18 12:00:33 | INFO | sicar.breakouts |    Confianza: 66.72%
2025-10-18 12:00:33 | INFO | sicar.breakouts |    Precio: $2046.1414
2025-10-18 12:00:33 | INFO | sicar.breakouts |    Volumen: 2,250,414
2025-10-18 12:01:03 | INFO | sicar.breakouts | 📈 BREAKOUT DETECTADO: ADAUSDT
2025-10-18 12:01:03 | INFO | sicar.breakouts |    Tipo: N/A
2025-10-18 12:01:03 | INFO | sicar.breakouts |    Confianza: 60.75%
2025-10-18 12:01:03 | INFO | sicar.breakouts |    Precio: $1770.2824
2025-10-18 12:01:03 | INFO | sicar.breakouts |    Volumen: 2,824,910
2025-10-18 12:20:04 | INFO | sicar.breakouts | 📈 BREAKOUT DETECTADO: BTCUSDT
2025-10-18 12:20:04 | INFO | sicar.breakouts |    Tipo: N/A
2025-10-18 12:20:04 | INFO | sicar.breakouts |    Confianza: 57.67%
2025-10-18 12:20:04 | INFO | sicar.breakouts |    Precio: $1998.0013
2025-10-18 12:20:04 | INFO | sicar.breakouts |    Volumen: 2,860,651
2025-10-18 12:28:35 | INFO | sicar.breakouts | 📈 BREAKOUT DETECTADO: BTCUSDT
2025-10-18 12:28:35 | INFO | sicar.breakouts |    Tipo: N/A
2025-10-18 12:28:35 | INFO | sicar.breakouts |    Confianza: 55.61%
2025-10-18 12:28:35 | INFO | sicar.breakouts |    Precio: $1974.1186
2025-10-18 12:28:35 | INFO | sicar.breakouts |    Volumen: 2,130,486
2025-10-18 12:44:06 | INFO | sicar.breakouts | 📈 BREAKOUT DETECTADO: ADAUSDT
2025-10-18 12:44:06 | INFO | sicar.breakouts |    Tipo: N/A
2025-10-18 12:44:06 | INFO | sicar.breakouts |    Confianza: 61.65%
2025-10-18 12:44:06 | INFO | sicar.breakouts |    Precio: $1769.0785
2025-10-18 12:44:06 | INFO | sicar.breakouts |    Volumen: 2,937,258
2025-10-18 12:46:36 | INFO | sicar.breakouts | 📈 BREAKOUT DETECTADO: ETHUSDT
2025-10-18 12:46:36 | INFO | sicar.breakouts |    Tipo: N/A
2025-10-18 12:46:36 | INFO | sicar.breakouts |    Confianza: 57.57%
2025-10-18 12:46:36 | INFO | sicar.breakouts |    Precio: $1996.2389
2025-10-18 12:46:36 | INFO | sicar.breakouts |    Volumen: 2,847,533
2025-10-18 12:51:36 | INFO | sicar.breakouts | 📈 BREAKOUT DETECTADO: BTCUSDT
2025-10-18 12:51:36 | INFO | sicar.breakouts |    Tipo: N/A
2025-10-18 12:51:36 | INFO | sicar.breakouts |    Confianza: 61.49%
2025-10-18 12:51:36 | INFO | sicar.breakouts |    Precio: $1959.4580
2025-10-18 12:51:36 | INFO | sicar.breakouts |    Volumen: 2,688,564
2025-10-18 12:55:06 | INFO | sicar.breakouts | 📈 BREAKOUT DETECTADO: ETHUSDT
2025-10-18 12:55:06 | INFO | sicar.breakouts |    Tipo: N/A
2025-10-18 12:55:06 | INFO | sicar.breakouts |    Confianza: 56.85%
2025-10-18 12:55:06 | INFO | sicar.breakouts |    Precio: $2008.2866
2025-10-18 12:55:06 | INFO | sicar.breakouts |    Volumen: 2,838,213
2025-10-18 13:12:37 | INFO | sicar.breakouts | 📈 BREAKOUT DETECTADO: BTCUSDT
2025-10-18 13:12:37 | INFO | sicar.breakouts |    Tipo: N/A
2025-10-18 13:12:37 | INFO | sicar.breakouts |    Confianza: 55.09%
2025-10-18 13:12:37 | INFO | sicar.breakouts |    Precio: $1976.5553
2025-10-18 13:12:37 | INFO | sicar.breakouts |    Volumen: 2,841,808
2025-10-18 13:18:07 | INFO | sicar.breakouts | 📈 BREAKOUT DETECTADO: ETHUSDT
2025-10-18 13:18:07 | INFO | sicar.breakouts |    Tipo: N/A
2025-10-18 13:18:07 | INFO | sicar.breakouts |    Confianza: 58.84%
2025-10-18 13:18:07 | INFO | sicar.breakouts |    Precio: $2018.9329
2025-10-18 13:18:07 | INFO | sicar.breakouts |    Volumen: 2,370,416
2025-10-18 13:20:38 | INFO | sicar.breakouts | 📈 BREAKOUT DETECTADO: ADAUSDT
2025-10-18 13:20:38 | INFO | sicar.breakouts |    Tipo: N/A
2025-10-18 13:20:38 | INFO | sicar.breakouts |    Confianza: 55.59%
2025-10-18 13:20:38 | INFO | sicar.breakouts |    Precio: $1763.1573
2025-10-18 13:20:38 | INFO | sicar.breakouts |    Volumen: 2,473,817
2025-10-18 13:55:10 | INFO | sicar.breakouts | 📈 BREAKOUT DETECTADO: ETHUSDT
2025-10-18 13:55:10 | INFO | sicar.breakouts |    Tipo: N/A
2025-10-18 13:55:10 | INFO | sicar.breakouts |    Confianza: 60.33%
2025-10-18 13:55:10 | INFO | sicar.breakouts |    Precio: $2018.4369
2025-10-18 13:55:10 | INFO | sicar.breakouts |    Volumen: 2,342,477
2025-10-18 14:02:40 | INFO | sicar.breakouts | 📈 BREAKOUT DETECTADO: ETHUSDT
2025-10-18 14:02:40 | INFO | sicar.breakouts |    Tipo: N/A
2025-10-18 14:02:40 | INFO | sicar.breakouts |    Confianza: 63.15%
2025-10-18 14:02:40 | INFO | sicar.breakouts |    Precio: $1981.6054
2025-10-18 14:02:40 | INFO | sicar.breakouts |    Volumen: 2,744,824
2025-10-18 14:03:10 | INFO | sicar.breakouts | 📈 BREAKOUT DETECTADO: BTCUSDT
2025-10-18 14:03:10 | INFO | sicar.breakouts |    Tipo: N/A
2025-10-18 14:03:10 | INFO | sicar.breakouts |    Confianza: 61.57%
2025-10-18 14:03:10 | INFO | sicar.breakouts |    Precio: $1970.0196
2025-10-18 14:03:10 | INFO | sicar.breakouts |    Volumen: 2,977,217
2025-10-18 14:08:41 | INFO | sicar.breakouts | 📈 BREAKOUT DETECTADO: ADAUSDT
2025-10-18 14:08:41 | INFO | sicar.breakouts |    Tipo: N/A
2025-10-18 14:08:41 | INFO | sicar.breakouts |    Confianza: 56.82%
2025-10-18 14:08:41 | INFO | sicar.breakouts |    Precio: $1787.8971
2025-10-18 14:08:41 | INFO | sicar.breakouts |    Volumen: 2,751,942
2025-10-18 14:16:11 | INFO | sicar.breakouts | 📈 BREAKOUT DETECTADO: ADAUSDT
2025-10-18 14:16:11 | INFO | sicar.breakouts |    Tipo: N/A
2025-10-18 14:16:11 | INFO | sicar.breakouts |    Confianza: 56.37%
2025-10-18 14:16:11 | INFO | sicar.breakouts |    Precio: $1779.2970
2025-10-18 14:16:11 | INFO | sicar.breakouts |    Volumen: 2,995,567
2025-10-18 14:21:42 | INFO | sicar.breakouts | 📈 BREAKOUT DETECTADO: BTCUSDT
2025-10-18 14:21:42 | INFO | sicar.breakouts |    Tipo: N/A
2025-10-18 14:21:42 | INFO | sicar.breakouts |    Confianza: 63.35%
2025-10-18 14:21:42 | INFO | sicar.breakouts |    Precio: $1976.1167
2025-10-18 14:21:42 | INFO | sicar.breakouts |    Volumen: 2,977,831
2025-10-18 14:27:42 | INFO | sicar.breakouts | 📈 BREAKOUT DETECTADO: ADAUSDT
2025-10-18 14:27:42 | INFO | sicar.breakouts |    Tipo: N/A
2025-10-18 14:27:42 | INFO | sicar.breakouts |    Confianza: 60.77%
2025-10-18 14:27:42 | INFO | sicar.breakouts |    Precio: $1800.0904
2025-10-18 14:27:42 | INFO | sicar.breakouts |    Volumen: 2,937,210
2025-10-18 14:32:12 | INFO | sicar.breakouts | 📈 BREAKOUT DETECTADO: ETHUSDT
2025-10-18 14:32:12 | INFO | sicar.breakouts |    Tipo: N/A
2025-10-18 14:32:12 | INFO | sicar.breakouts |    Confianza: 55.80%
2025-10-18 14:32:12 | INFO | sicar.breakouts |    Precio: $1979.4777
2025-10-18 14:32:12 | INFO | sicar.breakouts |    Volumen: 2,725,467
2025-10-18 14:49:13 | INFO | sicar.breakouts | 📈 BREAKOUT DETECTADO: ETHUSDT
2025-10-18 14:49:13 | INFO | sicar.breakouts |    Tipo: N/A
2025-10-18 14:49:13 | INFO | sicar.breakouts |    Confianza: 65.05%
2025-10-18 14:49:13 | INFO | sicar.breakouts |    Precio: $1990.7889
2025-10-18 14:49:13 | INFO | sicar.breakouts |    Volumen: 2,789,367
2025-10-18 15:14:15 | INFO | sicar.breakouts | 📈 BREAKOUT DETECTADO: ETHUSDT
2025-10-18 15:14:15 | INFO | sicar.breakouts |    Tipo: N/A
2025-10-18 15:14:15 | INFO | sicar.breakouts |    Confianza: 60.01%
2025-10-18 15:14:15 | INFO | sicar.breakouts |    Precio: $2039.3607
2025-10-18 15:14:15 | INFO | sicar.breakouts |    Volumen: 2,405,041
2025-10-18 15:36:17 | INFO | sicar.breakouts | 📈 BREAKOUT DETECTADO: ETHUSDT
2025-10-18 15:36:17 | INFO | sicar.breakouts |    Tipo: N/A
2025-10-18 15:36:17 | INFO | sicar.breakouts |    Confianza: 59.62%
2025-10-18 15:36:17 | INFO | sicar.breakouts |    Precio: $2013.9271
2025-10-18 15:36:17 | INFO | sicar.breakouts |    Volumen: 2,799,231
2025-10-18 15:41:17 | INFO | sicar.breakouts | 📈 BREAKOUT DETECTADO: BTCUSDT
2025-10-18 15:41:17 | INFO | sicar.breakouts |    Tipo: N/A
2025-10-18 15:41:17 | INFO | sicar.breakouts |    Confianza: 56.17%
2025-10-18 15:41:17 | INFO | sicar.breakouts |    Precio: $1999.8276
2025-10-18 15:41:17 | INFO | sicar.breakouts |    Volumen: 2,860,419
2025-10-18 15:53:17 | INFO | sicar.breakouts | 📈 BREAKOUT DETECTADO: ETHUSDT
2025-10-18 15:53:17 | INFO | sicar.breakouts |    Tipo: N/A
2025-10-18 15:53:17 | INFO | sicar.breakouts |    Confianza: 60.62%
2025-10-18 15:53:17 | INFO | sicar.breakouts |    Precio: $2030.1863
2025-10-18 15:53:18 | INFO | sicar.breakouts |    Volumen: 2,762,796
2025-10-18 16:09:18 | INFO | sicar.breakouts | 📈 BREAKOUT DETECTADO: ETHUSDT
2025-10-18 16:09:18 | INFO | sicar.breakouts |    Tipo: N/A
2025-10-18 16:09:18 | INFO | sicar.breakouts |    Confianza: 62.47%
2025-10-18 16:09:18 | INFO | sicar.breakouts |    Precio: $2047.9260
2025-10-18 16:09:18 | INFO | sicar.breakouts |    Volumen: 2,496,348
2025-10-18 16:11:49 | INFO | sicar.breakouts | 📈 BREAKOUT DETECTADO: ETHUSDT
2025-10-18 16:11:49 | INFO | sicar.breakouts |    Tipo: N/A
2025-10-18 16:11:49 | INFO | sicar.breakouts |    Confianza: 56.07%
2025-10-18 16:11:49 | INFO | sicar.breakouts |    Precio: $2060.0510
2025-10-18 16:11:49 | INFO | sicar.breakouts |    Volumen: 2,815,211
2025-10-18 16:14:49 | INFO | sicar.breakouts | 📈 BREAKOUT DETECTADO: ETHUSDT
2025-10-18 16:14:49 | INFO | sicar.breakouts |    Tipo: N/A
2025-10-18 16:14:49 | INFO | sicar.breakouts |    Confianza: 63.75%
2025-10-18 16:14:49 | INFO | sicar.breakouts |    Precio: $2059.3344
2025-10-18 16:14:49 | INFO | sicar.breakouts |    Volumen: 2,895,862
2025-10-18 16:15:19 | INFO | sicar.breakouts | 📈 BREAKOUT DETECTADO: ADAUSDT
2025-10-18 16:15:19 | INFO | sicar.breakouts |    Tipo: N/A
2025-10-18 16:15:19 | INFO | sicar.breakouts |    Confianza: 59.23%
2025-10-18 16:15:19 | INFO | sicar.breakouts |    Precio: $1898.9500
2025-10-18 16:15:19 | INFO | sicar.breakouts |    Volumen: 2,990,762
2025-10-18 16:20:50 | INFO | sicar.breakouts | 📈 BREAKOUT DETECTADO: BTCUSDT
2025-10-18 16:20:50 | INFO | sicar.breakouts |    Tipo: N/A
2025-10-18 16:20:50 | INFO | sicar.breakouts |    Confianza: 65.06%
2025-10-18 16:20:50 | INFO | sicar.breakouts |    Precio: $1985.4532
2025-10-18 16:20:50 | INFO | sicar.breakouts |    Volumen: 2,911,041
2025-10-18 16:27:50 | INFO | sicar.breakouts | 📈 BREAKOUT DETECTADO: ADAUSDT
2025-10-18 16:27:50 | INFO | sicar.breakouts |    Tipo: N/A
2025-10-18 16:27:50 | INFO | sicar.breakouts |    Confianza: 63.91%
2025-10-18 16:27:50 | INFO | sicar.breakouts |    Precio: $1872.1660
2025-10-18 16:27:50 | INFO | sicar.breakouts |    Volumen: 2,997,411
2025-10-18 16:57:23 | INFO | sicar.breakouts | 📈 BREAKOUT DETECTADO: ETHUSDT
2025-10-18 16:57:23 | INFO | sicar.breakouts |    Tipo: N/A
2025-10-18 16:57:23 | INFO | sicar.breakouts |    Confianza: 64.68%
2025-10-18 16:57:23 | INFO | sicar.breakouts |    Precio: $1999.8888
2025-10-18 16:57:23 | INFO | sicar.breakouts |    Volumen: 2,426,467
2025-10-18 17:19:54 | INFO | sicar.breakouts | 📈 BREAKOUT DETECTADO: ETHUSDT
2025-10-18 17:19:54 | INFO | sicar.breakouts |    Tipo: N/A
2025-10-18 17:19:54 | INFO | sicar.breakouts |    Confianza: 66.53%
2025-10-18 17:19:54 | INFO | sicar.breakouts |    Precio: $2024.0205
2025-10-18 17:19:54 | INFO | sicar.breakouts |    Volumen: 2,363,817
2025-10-18 17:24:54 | INFO | sicar.breakouts | 📈 BREAKOUT DETECTADO: ADAUSDT
2025-10-18 17:24:54 | INFO | sicar.breakouts |    Tipo: N/A
2025-10-18 17:24:54 | INFO | sicar.breakouts |    Confianza: 59.47%
2025-10-18 17:24:54 | INFO | sicar.breakouts |    Precio: $1861.6209
2025-10-18 17:24:54 | INFO | sicar.breakouts |    Volumen: 2,861,589
2025-10-18 17:30:25 | INFO | sicar.breakouts | 📈 BREAKOUT DETECTADO: ADAUSDT
2025-10-18 17:30:25 | INFO | sicar.breakouts |    Tipo: N/A
2025-10-18 17:30:25 | INFO | sicar.breakouts |    Confianza: 69.96%
2025-10-18 17:30:25 | INFO | sicar.breakouts |    Precio: $1866.4951
2025-10-18 17:30:25 | INFO | sicar.breakouts |    Volumen: 2,289,733
2025-10-18 18:00:26 | INFO | sicar.breakouts | 📈 BREAKOUT DETECTADO: ETHUSDT
2025-10-18 18:00:26 | INFO | sicar.breakouts |    Tipo: N/A
2025-10-18 18:00:26 | INFO | sicar.breakouts |    Confianza: 6000.00%
2025-10-18 18:00:26 | INFO | sicar.breakouts |    Precio: $2075.3834
2025-10-18 18:00:26 | INFO | sicar.breakouts |    Volumen: 1,996,397
2025-10-18 18:00:26 | INFO | sicar.breakouts | 📈 BREAKOUT DETECTADO: BTCUSDT
2025-10-18 18:00:26 | INFO | sicar.breakouts |    Tipo: N/A
2025-10-18 18:00:26 | INFO | sicar.breakouts |    Confianza: 6000.00%
2025-10-18 18:00:26 | INFO | sicar.breakouts |    Precio: $2028.1812
2025-10-18 18:00:26 | INFO | sicar.breakouts |    Volumen: 1,006,045
2025-10-18 18:00:26 | INFO | sicar.breakouts | 📈 BREAKOUT DETECTADO: ADAUSDT
2025-10-18 18:00:26 | INFO | sicar.breakouts |    Tipo: N/A
2025-10-18 18:00:26 | INFO | sicar.breakouts |    Confianza: 6000.00%
2025-10-18 18:00:26 | INFO | sicar.breakouts |    Precio: $1866.9522
2025-10-18 18:00:26 | INFO | sicar.breakouts |    Volumen: 2,338,072
2025-10-18 18:00:56 | INFO | sicar.breakouts | 📈 BREAKOUT DETECTADO: ETHUSDT
2025-10-18 18:00:56 | INFO | sicar.breakouts |    Tipo: N/A
2025-10-18 18:00:56 | INFO | sicar.breakouts |    Confianza: 6000.00%
2025-10-18 18:00:56 | INFO | sicar.breakouts |    Precio: $2076.7811
2025-10-18 18:00:56 | INFO | sicar.breakouts |    Volumen: 2,336,285
2025-10-18 18:00:57 | INFO | sicar.breakouts | 📈 BREAKOUT DETECTADO: BTCUSDT
2025-10-18 18:00:57 | INFO | sicar.breakouts |    Tipo: N/A
2025-10-18 18:00:57 | INFO | sicar.breakouts |    Confianza: 6000.00%
2025-10-18 18:00:57 | INFO | sicar.breakouts |    Precio: $2030.7142
2025-10-18 18:00:57 | INFO | sicar.breakouts |    Volumen: 2,608,764
2025-10-18 18:01:27 | INFO | sicar.breakouts | 📈 BREAKOUT DETECTADO: ETHUSDT
2025-10-18 18:01:27 | INFO | sicar.breakouts |    Tipo: N/A
2025-10-18 18:01:27 | INFO | sicar.breakouts |    Confianza: 6000.00%
2025-10-18 18:01:27 | INFO | sicar.breakouts |    Precio: $2077.9149
2025-10-18 18:01:27 | INFO | sicar.breakouts |    Volumen: 1,234,396
2025-10-18 18:01:27 | INFO | sicar.breakouts | 📈 BREAKOUT DETECTADO: BTCUSDT
2025-10-18 18:01:27 | INFO | sicar.breakouts |    Tipo: N/A
2025-10-18 18:01:27 | INFO | sicar.breakouts |    Confianza: 80.19%
2025-10-18 18:01:27 | INFO | sicar.breakouts |    Precio: $2031.1549
2025-10-18 18:01:27 | INFO | sicar.breakouts |    Volumen: 2,777,323
2025-10-18 18:01:27 | INFO | sicar.breakouts | 📈 BREAKOUT DETECTADO: ADAUSDT
2025-10-18 18:01:27 | INFO | sicar.breakouts |    Tipo: N/A
2025-10-18 18:01:27 | INFO | sicar.breakouts |    Confianza: 6000.00%
2025-10-18 18:01:27 | INFO | sicar.breakouts |    Precio: $1871.8263
2025-10-18 18:01:27 | INFO | sicar.breakouts |    Volumen: 1,760,118
2025-10-18 18:01:57 | INFO | sicar.breakouts | 📈 BREAKOUT DETECTADO: ETHUSDT
2025-10-18 18:01:57 | INFO | sicar.breakouts |    Tipo: N/A
2025-10-18 18:01:57 | INFO | sicar.breakouts |    Confianza: 6000.00%
2025-10-18 18:01:57 | INFO | sicar.breakouts |    Precio: $2083.3209
2025-10-18 18:01:57 | INFO | sicar.breakouts |    Volumen: 2,803,174
2025-10-18 18:01:57 | INFO | sicar.breakouts | 📈 BREAKOUT DETECTADO: BTCUSDT
2025-10-18 18:01:57 | INFO | sicar.breakouts |    Tipo: N/A
2025-10-18 18:01:57 | INFO | sicar.breakouts |    Confianza: 6000.00%
2025-10-18 18:01:57 | INFO | sicar.breakouts |    Precio: $2037.3632
2025-10-18 18:01:57 | INFO | sicar.breakouts |    Volumen: 1,876,442
2025-10-18 18:01:57 | INFO | sicar.breakouts | 📈 BREAKOUT DETECTADO: ADAUSDT
2025-10-18 18:01:57 | INFO | sicar.breakouts |    Tipo: N/A
2025-10-18 18:01:57 | INFO | sicar.breakouts |    Confianza: 6000.00%
2025-10-18 18:01:57 | INFO | sicar.breakouts |    Precio: $1870.4098
2025-10-18 18:01:57 | INFO | sicar.breakouts |    Volumen: 984,457
2025-10-18 18:02:27 | INFO | sicar.breakouts | 📈 BREAKOUT DETECTADO: BTCUSDT
2025-10-18 18:02:27 | INFO | sicar.breakouts |    Tipo: N/A
2025-10-18 18:02:27 | INFO | sicar.breakouts |    Confianza: 6000.00%
2025-10-18 18:02:27 | INFO | sicar.breakouts |    Precio: $2043.0299
2025-10-18 18:02:27 | INFO | sicar.breakouts |    Volumen: 2,928,816
2025-10-18 18:02:27 | INFO | sicar.breakouts | 📈 BREAKOUT DETECTADO: ADAUSDT
2025-10-18 18:02:27 | INFO | sicar.breakouts |    Tipo: N/A
2025-10-18 18:02:27 | INFO | sicar.breakouts |    Confianza: 6000.00%
2025-10-18 18:02:27 | INFO | sicar.breakouts |    Precio: $1863.2867
2025-10-18 18:02:27 | INFO | sicar.breakouts |    Volumen: 888,308
2025-10-18 18:02:57 | INFO | sicar.breakouts | 📈 BREAKOUT DETECTADO: BTCUSDT
2025-10-18 18:02:57 | INFO | sicar.breakouts |    Tipo: N/A
2025-10-18 18:02:57 | INFO | sicar.breakouts |    Confianza: 6000.00%
2025-10-18 18:02:57 | INFO | sicar.breakouts |    Precio: $2046.6161
2025-10-18 18:02:57 | INFO | sicar.breakouts |    Volumen: 544,867
2025-10-18 18:03:28 | INFO | sicar.breakouts | 📈 BREAKOUT DETECTADO: ETHUSDT
2025-10-18 18:03:28 | INFO | sicar.breakouts |    Tipo: N/A
2025-10-18 18:03:28 | INFO | sicar.breakouts |    Confianza: 6000.00%
2025-10-18 18:03:28 | INFO | sicar.breakouts |    Precio: $2087.4492
2025-10-18 18:03:28 | INFO | sicar.breakouts |    Volumen: 639,439
2025-10-18 18:03:28 | INFO | sicar.breakouts | 📈 BREAKOUT DETECTADO: BTCUSDT
2025-10-18 18:03:28 | INFO | sicar.breakouts |    Tipo: N/A
2025-10-18 18:03:28 | INFO | sicar.breakouts |    Confianza: 6000.00%
2025-10-18 18:03:28 | INFO | sicar.breakouts |    Precio: $2051.7731
2025-10-18 18:03:28 | INFO | sicar.breakouts |    Volumen: 1,131,240
2025-10-18 18:03:28 | INFO | sicar.breakouts | 📈 BREAKOUT DETECTADO: ADAUSDT
2025-10-18 18:03:28 | INFO | sicar.breakouts |    Tipo: N/A
2025-10-18 18:03:28 | INFO | sicar.breakouts |    Confianza: 6000.00%
2025-10-18 18:03:28 | INFO | sicar.breakouts |    Precio: $1856.6585
2025-10-18 18:03:28 | INFO | sicar.breakouts |    Volumen: 950,575
2025-10-18 18:03:58 | INFO | sicar.breakouts | 📈 BREAKOUT DETECTADO: ETHUSDT
2025-10-18 18:03:58 | INFO | sicar.breakouts |    Tipo: N/A
2025-10-18 18:03:58 | INFO | sicar.breakouts |    Confianza: 6000.00%
2025-10-18 18:03:58 | INFO | sicar.breakouts |    Precio: $2083.0917
2025-10-18 18:03:58 | INFO | sicar.breakouts |    Volumen: 1,850,884
2025-10-18 18:03:58 | INFO | sicar.breakouts | 📈 BREAKOUT DETECTADO: BTCUSDT
2025-10-18 18:03:58 | INFO | sicar.breakouts |    Tipo: N/A
2025-10-18 18:03:58 | INFO | sicar.breakouts |    Confianza: 6000.00%
2025-10-18 18:03:58 | INFO | sicar.breakouts |    Precio: $2053.3378
2025-10-18 18:03:58 | INFO | sicar.breakouts |    Volumen: 1,092,821
2025-10-18 18:03:58 | INFO | sicar.breakouts | 📈 BREAKOUT DETECTADO: ADAUSDT
2025-10-18 18:03:58 | INFO | sicar.breakouts |    Tipo: N/A
2025-10-18 18:03:58 | INFO | sicar.breakouts |    Confianza: 6000.00%
2025-10-18 18:03:58 | INFO | sicar.breakouts |    Precio: $1852.7727
2025-10-18 18:03:58 | INFO | sicar.breakouts |    Volumen: 2,149,340
2025-10-18 18:04:28 | INFO | sicar.breakouts | 📈 BREAKOUT DETECTADO: ETHUSDT
2025-10-18 18:04:28 | INFO | sicar.breakouts |    Tipo: N/A
2025-10-18 18:04:28 | INFO | sicar.breakouts |    Confianza: 6000.00%
2025-10-18 18:04:28 | INFO | sicar.breakouts |    Precio: $2085.1795
2025-10-18 18:04:28 | INFO | sicar.breakouts |    Volumen: 827,272
2025-10-18 18:04:28 | INFO | sicar.breakouts | 📈 BREAKOUT DETECTADO: BTCUSDT
2025-10-18 18:04:28 | INFO | sicar.breakouts |    Tipo: N/A
2025-10-18 18:04:28 | INFO | sicar.breakouts |    Confianza: 6000.00%
2025-10-18 18:04:28 | INFO | sicar.breakouts |    Precio: $2058.8038
2025-10-18 18:04:28 | INFO | sicar.breakouts |    Volumen: 2,300,538
2025-10-18 18:04:28 | INFO | sicar.breakouts | 📈 BREAKOUT DETECTADO: ADAUSDT
2025-10-18 18:04:28 | INFO | sicar.breakouts |    Tipo: N/A
2025-10-18 18:04:28 | INFO | sicar.breakouts |    Confianza: 6000.00%
2025-10-18 18:04:28 | INFO | sicar.breakouts |    Precio: $1848.0134
2025-10-18 18:04:28 | INFO | sicar.breakouts |    Volumen: 1,294,677
2025-10-18 18:04:58 | INFO | sicar.breakouts | 📈 BREAKOUT DETECTADO: ETHUSDT
2025-10-18 18:04:58 | INFO | sicar.breakouts |    Tipo: N/A
2025-10-18 18:04:58 | INFO | sicar.breakouts |    Confianza: 6000.00%
2025-10-18 18:04:58 | INFO | sicar.breakouts |    Precio: $2087.1340
2025-10-18 18:04:58 | INFO | sicar.breakouts |    Volumen: 1,668,809
2025-10-18 18:04:58 | INFO | sicar.breakouts | 📈 BREAKOUT DETECTADO: BTCUSDT
2025-10-18 18:04:58 | INFO | sicar.breakouts |    Tipo: N/A
2025-10-18 18:04:58 | INFO | sicar.breakouts |    Confianza: 6000.00%
2025-10-18 18:04:58 | INFO | sicar.breakouts |    Precio: $2062.9630
2025-10-18 18:04:58 | INFO | sicar.breakouts |    Volumen: 1,970,185
2025-10-18 18:04:58 | INFO | sicar.breakouts | 📈 BREAKOUT DETECTADO: ADAUSDT
2025-10-18 18:04:58 | INFO | sicar.breakouts |    Tipo: N/A
2025-10-18 18:04:58 | INFO | sicar.breakouts |    Confianza: 6000.00%
2025-10-18 18:04:58 | INFO | sicar.breakouts |    Precio: $1845.0423
2025-10-18 18:04:58 | INFO | sicar.breakouts |    Volumen: 2,694,114
2025-10-18 18:05:29 | INFO | sicar.breakouts | 📈 BREAKOUT DETECTADO: ETHUSDT
2025-10-18 18:05:29 | INFO | sicar.breakouts |    Tipo: N/A
2025-10-18 18:05:29 | INFO | sicar.breakouts |    Confianza: 6000.00%
2025-10-18 18:05:29 | INFO | sicar.breakouts |    Precio: $2085.5310
2025-10-18 18:05:29 | INFO | sicar.breakouts |    Volumen: 1,842,883
2025-10-18 18:05:29 | INFO | sicar.breakouts | 📈 BREAKOUT DETECTADO: BTCUSDT
2025-10-18 18:05:29 | INFO | sicar.breakouts |    Tipo: N/A
2025-10-18 18:05:29 | INFO | sicar.breakouts |    Confianza: 65.17%
2025-10-18 18:05:29 | INFO | sicar.breakouts |    Precio: $2062.8014
2025-10-18 18:05:29 | INFO | sicar.breakouts |    Volumen: 2,096,002
2025-10-18 18:05:29 | INFO | sicar.breakouts | 📈 BREAKOUT DETECTADO: ADAUSDT
2025-10-18 18:05:29 | INFO | sicar.breakouts |    Tipo: N/A
2025-10-18 18:05:29 | INFO | sicar.breakouts |    Confianza: 65.18%
2025-10-18 18:05:29 | INFO | sicar.breakouts |    Precio: $1844.6633
2025-10-18 18:05:29 | INFO | sicar.breakouts |    Volumen: 2,094,146
2025-10-18 18:05:59 | INFO | sicar.breakouts | 📈 BREAKOUT DETECTADO: ETHUSDT
2025-10-18 18:05:59 | INFO | sicar.breakouts |    Tipo: N/A
2025-10-18 18:05:59 | INFO | sicar.breakouts |    Confianza: 6000.00%
2025-10-18 18:05:59 | INFO | sicar.breakouts |    Precio: $2088.2553
2025-10-18 18:05:59 | INFO | sicar.breakouts |    Volumen: 556,903
2025-10-18 18:05:59 | INFO | sicar.breakouts | 📈 BREAKOUT DETECTADO: BTCUSDT
2025-10-18 18:05:59 | INFO | sicar.breakouts |    Tipo: N/A
2025-10-18 18:05:59 | INFO | sicar.breakouts |    Confianza: 6000.00%
2025-10-18 18:05:59 | INFO | sicar.breakouts |    Precio: $2059.6499
2025-10-18 18:05:59 | INFO | sicar.breakouts |    Volumen: 1,745,564
2025-10-18 18:05:59 | INFO | sicar.breakouts | 📈 BREAKOUT DETECTADO: ADAUSDT
2025-10-18 18:05:59 | INFO | sicar.breakouts |    Tipo: N/A
2025-10-18 18:05:59 | INFO | sicar.breakouts |    Confianza: 6000.00%
2025-10-18 18:05:59 | INFO | sicar.breakouts |    Precio: $1845.7373
2025-10-18 18:05:59 | INFO | sicar.breakouts |    Volumen: 1,448,719
2025-10-18 18:11:59 | INFO | sicar.breakouts | 📈 BREAKOUT DETECTADO: ETHUSDT
2025-10-18 18:11:59 | INFO | sicar.breakouts |    Tipo: N/A
2025-10-18 18:11:59 | INFO | sicar.breakouts |    Confianza: 63.47%
2025-10-18 18:11:59 | INFO | sicar.breakouts |    Precio: $2074.9804
2025-10-18 18:11:59 | INFO | sicar.breakouts |    Volumen: 2,488,920
2025-10-18 18:19:00 | INFO | sicar.breakouts | 📈 BREAKOUT DETECTADO: BTCUSDT
2025-10-18 18:19:00 | INFO | sicar.breakouts |    Tipo: N/A
2025-10-18 18:19:00 | INFO | sicar.breakouts |    Confianza: 72.12%
2025-10-18 18:19:00 | INFO | sicar.breakouts |    Precio: $2095.0464
2025-10-18 18:19:00 | INFO | sicar.breakouts |    Volumen: 2,704,228
2025-10-18 18:37:01 | INFO | sicar.breakouts | 📈 BREAKOUT DETECTADO: ETHUSDT
2025-10-18 18:37:01 | INFO | sicar.breakouts |    Tipo: N/A
2025-10-18 18:37:01 | INFO | sicar.breakouts |    Confianza: 56.67%
2025-10-18 18:37:01 | INFO | sicar.breakouts |    Precio: $2106.6943
2025-10-18 18:37:01 | INFO | sicar.breakouts |    Volumen: 2,976,820
2025-10-18 18:44:31 | INFO | sicar.breakouts | 📈 BREAKOUT DETECTADO: BTCUSDT
2025-10-18 18:44:31 | INFO | sicar.breakouts |    Tipo: N/A
2025-10-18 18:44:31 | INFO | sicar.breakouts |    Confianza: 57.28%
2025-10-18 18:44:31 | INFO | sicar.breakouts |    Precio: $2132.3437
2025-10-18 18:44:31 | INFO | sicar.breakouts |    Volumen: 2,937,694
2025-10-18 18:53:32 | INFO | sicar.breakouts | 📈 BREAKOUT DETECTADO: ADAUSDT
2025-10-18 18:53:32 | INFO | sicar.breakouts |    Tipo: N/A
2025-10-18 18:53:32 | INFO | sicar.breakouts |    Confianza: 55.66%
2025-10-18 18:53:32 | INFO | sicar.breakouts |    Precio: $1791.9953
2025-10-18 18:53:32 | INFO | sicar.breakouts |    Volumen: 2,921,474
2025-10-18 19:28:34 | INFO | sicar.breakouts | 📈 BREAKOUT DETECTADO: ETHUSDT
2025-10-18 19:28:34 | INFO | sicar.breakouts |    Tipo: N/A
2025-10-18 19:28:34 | INFO | sicar.breakouts |    Confianza: 55.24%
2025-10-18 19:28:34 | INFO | sicar.breakouts |    Precio: $2121.9746
2025-10-18 19:28:34 | INFO | sicar.breakouts |    Volumen: 2,963,431
2025-10-18 19:45:35 | INFO | sicar.breakouts | 📈 BREAKOUT DETECTADO: ETHUSDT
2025-10-18 19:45:35 | INFO | sicar.breakouts |    Tipo: N/A
2025-10-18 19:45:35 | INFO | sicar.breakouts |    Confianza: 55.85%
2025-10-18 19:45:35 | INFO | sicar.breakouts |    Precio: $2149.5801
2025-10-18 19:45:35 | INFO | sicar.breakouts |    Volumen: 2,653,100
2025-10-18 20:04:36 | INFO | sicar.breakouts | 📈 BREAKOUT DETECTADO: ADAUSDT
2025-10-18 20:04:36 | INFO | sicar.breakouts |    Tipo: N/A
2025-10-18 20:04:36 | INFO | sicar.breakouts |    Confianza: 57.41%
2025-10-18 20:04:36 | INFO | sicar.breakouts |    Precio: $1805.4579
2025-10-18 20:04:36 | INFO | sicar.breakouts |    Volumen: 2,783,883
2025-10-18 20:05:36 | INFO | sicar.breakouts | 📈 BREAKOUT DETECTADO: ADAUSDT
2025-10-18 20:05:36 | INFO | sicar.breakouts |    Tipo: N/A
2025-10-18 20:05:36 | INFO | sicar.breakouts |    Confianza: 63.62%
2025-10-18 20:05:36 | INFO | sicar.breakouts |    Precio: $1816.3380
2025-10-18 20:05:36 | INFO | sicar.breakouts |    Volumen: 1,966,151
2025-10-18 20:21:07 | INFO | sicar.breakouts | 📈 BREAKOUT DETECTADO: ADAUSDT
2025-10-18 20:21:07 | INFO | sicar.breakouts |    Tipo: N/A
2025-10-18 20:21:07 | INFO | sicar.breakouts |    Confianza: 57.06%
2025-10-18 20:21:07 | INFO | sicar.breakouts |    Precio: $1831.1329
2025-10-18 20:21:07 | INFO | sicar.breakouts |    Volumen: 2,510,617
2025-10-18 20:21:37 | INFO | sicar.breakouts | 📈 BREAKOUT DETECTADO: ADAUSDT
2025-10-18 20:21:37 | INFO | sicar.breakouts |    Tipo: N/A
2025-10-18 20:21:37 | INFO | sicar.breakouts |    Confianza: 56.61%
2025-10-18 20:21:37 | INFO | sicar.breakouts |    Precio: $1833.9969
2025-10-18 20:21:37 | INFO | sicar.breakouts |    Volumen: 2,861,771
2025-10-18 20:29:08 | INFO | sicar.breakouts | 📈 BREAKOUT DETECTADO: ADAUSDT
2025-10-18 20:29:08 | INFO | sicar.breakouts |    Tipo: N/A
2025-10-18 20:29:08 | INFO | sicar.breakouts |    Confianza: 57.90%
2025-10-18 20:29:08 | INFO | sicar.breakouts |    Precio: $1847.1134
2025-10-18 20:29:08 | INFO | sicar.breakouts |    Volumen: 2,741,030
2025-10-18 20:31:08 | INFO | sicar.breakouts | 📈 BREAKOUT DETECTADO: ADAUSDT
2025-10-18 20:31:08 | INFO | sicar.breakouts |    Tipo: N/A
2025-10-18 20:31:08 | INFO | sicar.breakouts |    Confianza: 64.45%
2025-10-18 20:31:08 | INFO | sicar.breakouts |    Precio: $1819.2469
2025-10-18 20:31:08 | INFO | sicar.breakouts |    Volumen: 2,948,690
2025-10-18 20:31:38 | INFO | sicar.breakouts | 📈 BREAKOUT DETECTADO: ETHUSDT
2025-10-18 20:31:38 | INFO | sicar.breakouts |    Tipo: N/A
2025-10-18 20:31:38 | INFO | sicar.breakouts |    Confianza: 55.50%
2025-10-18 20:31:38 | INFO | sicar.breakouts |    Precio: $2164.5940
2025-10-18 20:31:38 | INFO | sicar.breakouts |    Volumen: 2,646,836
2025-10-18 20:56:40 | INFO | sicar.breakouts | 📈 BREAKOUT DETECTADO: BTCUSDT
2025-10-18 20:56:40 | INFO | sicar.breakouts |    Tipo: N/A
2025-10-18 20:56:40 | INFO | sicar.breakouts |    Confianza: 59.98%
2025-10-18 20:56:40 | INFO | sicar.breakouts |    Precio: $2222.1282
2025-10-18 20:56:40 | INFO | sicar.breakouts |    Volumen: 2,977,009
2025-10-18 21:10:40 | INFO | sicar.breakouts | 📈 BREAKOUT DETECTADO: BTCUSDT
2025-10-18 21:10:40 | INFO | sicar.breakouts |    Tipo: N/A
2025-10-18 21:10:40 | INFO | sicar.breakouts |    Confianza: 57.95%
2025-10-18 21:10:40 | INFO | sicar.breakouts |    Precio: $2206.1392
2025-10-18 21:10:40 | INFO | sicar.breakouts |    Volumen: 2,848,398
2025-10-18 21:13:10 | INFO | sicar.breakouts | 📈 BREAKOUT DETECTADO: BTCUSDT
2025-10-18 21:13:10 | INFO | sicar.breakouts |    Tipo: N/A
2025-10-18 21:13:10 | INFO | sicar.breakouts |    Confianza: 55.47%
2025-10-18 21:13:10 | INFO | sicar.breakouts |    Precio: $2216.9513
2025-10-18 21:13:10 | INFO | sicar.breakouts |    Volumen: 2,585,469
2025-10-18 21:59:43 | INFO | sicar.breakouts | 📈 BREAKOUT DETECTADO: BTCUSDT
2025-10-18 21:59:43 | INFO | sicar.breakouts |    Tipo: N/A
2025-10-18 21:59:43 | INFO | sicar.breakouts |    Confianza: 59.72%
2025-10-18 21:59:43 | INFO | sicar.breakouts |    Precio: $2168.1717
2025-10-18 21:59:43 | INFO | sicar.breakouts |    Volumen: 2,578,127
