2025-10-21 22:19:07,983 | INFO | ✅ Base de datos inicializada correctamente
2025-10-21 22:19:07,985 | INFO | 🤖 Sistema Integrado de Alertas + Auto Trading inicializado
2025-10-21 22:19:07,985 | INFO | 💰 Capital actual: $250.00
2025-10-21 22:19:07,985 | INFO | 📊 Trades totales: 0
2025-10-21 22:19:07,985 | INFO | 🔄 Iniciando monitoreo continuo de alertas + auto trading...
2025-10-21 22:19:07,985 | INFO | 
🔍 CICLO 1 - 22:19:07
2025-10-21 22:19:32,216 | INFO | 📊 Resumen ciclo 1:
2025-10-21 22:19:32,218 | INFO |    🎯 Señales detectadas: 0
2025-10-21 22:19:32,218 | INFO |    📈 Posiciones activas: 0
2025-10-21 22:19:32,219 | INFO | ⏳ Esperando 30 segundos para el próximo ciclo...

2025-10-21 22:20:02,222 | INFO | 
🔍 CICLO 2 - 22:20:02
2025-10-21 22:20:23,023 | INFO | 📊 Resumen ciclo 2:
2025-10-21 22:20:23,023 | INFO |    🎯 Señales detectadas: 0
2025-10-21 22:20:23,025 | INFO |    📈 Posiciones activas: 0
2025-10-21 22:20:23,025 | INFO | ⏳ Esperando 30 segundos para el próximo ciclo...

2025-10-21 22:20:53,027 | INFO | 
🔍 CICLO 3 - 22:20:53
2025-10-21 22:21:08,195 | INFO | 📊 Resumen ciclo 3:
2025-10-21 22:21:08,195 | INFO |    🎯 Señales detectadas: 0
2025-10-21 22:21:08,195 | INFO |    📈 Posiciones activas: 0
2025-10-21 22:21:08,195 | INFO | ⏳ Esperando 30 segundos para el próximo ciclo...

2025-10-21 22:21:38,197 | INFO | 
🔍 CICLO 4 - 22:21:38
2025-10-21 22:21:53,480 | INFO | 📊 Resumen ciclo 4:
2025-10-21 22:21:53,480 | INFO |    🎯 Señales detectadas: 0
2025-10-21 22:21:53,480 | INFO |    📈 Posiciones activas: 0
2025-10-21 22:21:53,482 | INFO | ⏳ Esperando 30 segundos para el próximo ciclo...

2025-10-21 22:22:23,483 | INFO | 
🔍 CICLO 5 - 22:22:23
2025-10-21 22:22:48,819 | INFO | 📊 Resumen ciclo 5:
2025-10-21 22:22:48,821 | INFO |    🎯 Señales detectadas: 0
2025-10-21 22:22:48,826 | INFO |    📈 Posiciones activas: 0
2025-10-21 22:22:48,828 | INFO | ⏳ Esperando 30 segundos para el próximo ciclo...

2025-10-21 22:23:18,830 | INFO | 
🔍 CICLO 6 - 22:23:18
2025-10-21 22:23:29,097 | INFO | 🎯 SEÑAL DETECTADA: ADAUSDT
2025-10-21 22:23:29,097 | INFO |    📈 Tipo: SELL
2025-10-21 22:23:29,098 | INFO |    💪 Confianza: 95.0%
2025-10-21 22:23:29,098 | INFO |    ⚠️ Riesgo: LOW
2025-10-21 22:23:29,099 | INFO |    💡 Razón: Rompimiento bajista: $0.64 < $0.64 (-2.3%)
2025-10-21 22:23:29,123 | INFO | 🚀 OPERACIÓN EJECUTADA:
2025-10-21 22:23:29,124 | INFO |    📊 ADAUSDT - SELL
2025-10-21 22:23:29,124 | INFO |    💰 Cantidad: 39.178812
2025-10-21 22:23:29,125 | INFO |    💵 Precio: $0.64
2025-10-21 22:23:29,125 | INFO |    🛑 Stop Loss: $0.65
2025-10-21 22:23:29,126 | INFO |    🎯 Take Profit: $0.61
2025-10-21 22:23:29,126 | INFO |    📈 Confianza: 95.0%
2025-10-21 22:23:29,127 | INFO |    💡 Razón: Rompimiento bajista: $0.64 < $0.64 (-2.3%)
2025-10-21 22:23:29,127 | INFO | ✅ Operación ejecutada automáticamente para ADAUSDT
2025-10-21 22:23:40,358 | INFO | 🎯 SEÑAL DETECTADA: AVAXUSDT
2025-10-21 22:23:40,359 | INFO |    📈 Tipo: SELL
2025-10-21 22:23:40,359 | INFO |    💪 Confianza: 95.0%
2025-10-21 22:23:40,360 | INFO |    ⚠️ Riesgo: LOW
2025-10-21 22:23:40,360 | INFO |    💡 Razón: Rompimiento bajista: $19.36 < $19.38 (-3.0%)
2025-10-21 22:23:40,390 | INFO | 🚀 OPERACIÓN EJECUTADA:
2025-10-21 22:23:40,392 | INFO |    📊 AVAXUSDT - SELL
2025-10-21 22:23:40,393 | INFO |    💰 Cantidad: 1.291193
2025-10-21 22:23:40,393 | INFO |    💵 Precio: $19.36
2025-10-21 22:23:40,394 | INFO |    🛑 Stop Loss: $19.75
2025-10-21 22:23:40,396 | INFO |    🎯 Take Profit: $18.59
2025-10-21 22:23:40,397 | INFO |    📈 Confianza: 95.0%
2025-10-21 22:23:40,397 | INFO |    💡 Razón: Rompimiento bajista: $19.36 < $19.38 (-3.0%)
2025-10-21 22:23:40,398 | INFO | ✅ Operación ejecutada automáticamente para AVAXUSDT
2025-10-21 22:23:45,953 | INFO | 📊 Resumen ciclo 6:
2025-10-21 22:23:45,953 | INFO |    🎯 Señales detectadas: 2
2025-10-21 22:23:45,954 | INFO |    📈 Posiciones activas: 2
2025-10-21 22:23:45,954 | INFO |    💼 Posiciones:
2025-10-21 22:23:45,955 | INFO |       ADAUSDT: SELL @ $0.64
2025-10-21 22:23:45,955 | INFO |       AVAXUSDT: SELL @ $19.36
2025-10-21 22:23:45,955 | INFO | ⏳ Esperando 30 segundos para el próximo ciclo...

2025-10-21 22:24:15,957 | INFO | 
🔍 CICLO 7 - 22:24:15
2025-10-21 22:24:15,957 | INFO | 📊 Monitoreando 2 posiciones activas...
2025-10-21 22:24:42,325 | INFO | 📊 Resumen ciclo 7:
2025-10-21 22:24:42,326 | INFO |    🎯 Señales detectadas: 0
2025-10-21 22:24:42,328 | INFO |    📈 Posiciones activas: 2
2025-10-21 22:24:42,328 | INFO |    💼 Posiciones:
2025-10-21 22:24:42,328 | INFO |       ADAUSDT: SELL @ $0.64
2025-10-21 22:24:42,331 | INFO |       AVAXUSDT: SELL @ $19.36
2025-10-21 22:24:42,331 | INFO | ⏳ Esperando 30 segundos para el próximo ciclo...

2025-10-21 22:25:12,332 | INFO | 
🔍 CICLO 8 - 22:25:12
2025-10-21 22:25:12,332 | INFO | 📊 Monitoreando 2 posiciones activas...
2025-10-21 22:25:38,036 | INFO | 📊 Resumen ciclo 8:
2025-10-21 22:25:38,037 | INFO |    🎯 Señales detectadas: 0
2025-10-21 22:25:38,038 | INFO |    📈 Posiciones activas: 2
2025-10-21 22:25:38,038 | INFO |    💼 Posiciones:
2025-10-21 22:25:38,038 | INFO |       ADAUSDT: SELL @ $0.64
2025-10-21 22:25:38,039 | INFO |       AVAXUSDT: SELL @ $19.36
2025-10-21 22:25:38,039 | INFO | ⏳ Esperando 30 segundos para el próximo ciclo...

2025-10-21 22:26:08,040 | INFO | 
🔍 CICLO 9 - 22:26:08
2025-10-21 22:26:08,040 | INFO | 📊 Monitoreando 2 posiciones activas...
2025-10-21 22:26:25,723 | INFO | 📊 Resumen ciclo 9:
2025-10-21 22:26:25,723 | INFO |    🎯 Señales detectadas: 0
2025-10-21 22:26:25,723 | INFO |    📈 Posiciones activas: 2
2025-10-21 22:26:25,723 | INFO |    💼 Posiciones:
2025-10-21 22:26:25,723 | INFO |       ADAUSDT: SELL @ $0.64
2025-10-21 22:26:25,723 | INFO |       AVAXUSDT: SELL @ $19.36
2025-10-21 22:26:25,723 | INFO | ⏳ Esperando 30 segundos para el próximo ciclo...

2025-10-21 22:26:55,726 | INFO | 
🔍 CICLO 10 - 22:26:55
2025-10-21 22:26:55,726 | INFO | 📊 Monitoreando 2 posiciones activas...
2025-10-21 22:27:13,854 | INFO | 📊 Resumen ciclo 10:
2025-10-21 22:27:13,854 | INFO |    🎯 Señales detectadas: 0
2025-10-21 22:27:13,854 | INFO |    📈 Posiciones activas: 2
2025-10-21 22:27:13,854 | INFO |    💼 Posiciones:
2025-10-21 22:27:13,854 | INFO |       ADAUSDT: SELL @ $0.64
2025-10-21 22:27:13,858 | INFO |       AVAXUSDT: SELL @ $19.36
2025-10-21 22:27:13,858 | INFO | ⏳ Esperando 30 segundos para el próximo ciclo...

2025-10-21 22:27:43,859 | INFO | 
🔍 CICLO 11 - 22:27:43
2025-10-21 22:27:43,860 | INFO | 📊 Monitoreando 2 posiciones activas...
2025-10-21 22:28:09,537 | INFO | 📊 Resumen ciclo 11:
2025-10-21 22:28:09,538 | INFO |    🎯 Señales detectadas: 0
2025-10-21 22:28:09,538 | INFO |    📈 Posiciones activas: 2
2025-10-21 22:28:09,538 | INFO |    💼 Posiciones:
2025-10-21 22:28:09,539 | INFO |       ADAUSDT: SELL @ $0.64
2025-10-21 22:28:09,539 | INFO |       AVAXUSDT: SELL @ $19.36
2025-10-21 22:28:09,539 | INFO | ⏳ Esperando 30 segundos para el próximo ciclo...

2025-10-21 22:28:39,540 | INFO | 
🔍 CICLO 12 - 22:28:39
2025-10-21 22:28:39,540 | INFO | 📊 Monitoreando 2 posiciones activas...
2025-10-21 22:28:57,547 | INFO | 📊 Resumen ciclo 12:
2025-10-21 22:28:57,547 | INFO |    🎯 Señales detectadas: 0
2025-10-21 22:28:57,547 | INFO |    📈 Posiciones activas: 2
2025-10-21 22:28:57,547 | INFO |    💼 Posiciones:
2025-10-21 22:28:57,547 | INFO |       ADAUSDT: SELL @ $0.64
2025-10-21 22:28:57,547 | INFO |       AVAXUSDT: SELL @ $19.36
2025-10-21 22:28:57,548 | INFO | ⏳ Esperando 30 segundos para el próximo ciclo...

2025-10-21 22:29:27,548 | INFO | 
🔍 CICLO 13 - 22:29:27
2025-10-21 22:29:27,548 | INFO | 📊 Monitoreando 2 posiciones activas...
2025-10-21 22:29:53,059 | INFO | 📊 Resumen ciclo 13:
2025-10-21 22:29:53,061 | INFO |    🎯 Señales detectadas: 0
2025-10-21 22:29:53,062 | INFO |    📈 Posiciones activas: 2
2025-10-21 22:29:53,062 | INFO |    💼 Posiciones:
2025-10-21 22:29:53,063 | INFO |       ADAUSDT: SELL @ $0.64
2025-10-21 22:29:53,065 | INFO |       AVAXUSDT: SELL @ $19.36
2025-10-21 22:29:53,065 | INFO | ⏳ Esperando 30 segundos para el próximo ciclo...

2025-10-21 22:30:23,066 | INFO | 
🔍 CICLO 14 - 22:30:23
2025-10-21 22:30:23,066 | INFO | 📊 Monitoreando 2 posiciones activas...
2025-10-21 22:30:40,540 | INFO | 📊 Resumen ciclo 14:
2025-10-21 22:30:40,540 | INFO |    🎯 Señales detectadas: 0
2025-10-21 22:30:40,540 | INFO |    📈 Posiciones activas: 2
2025-10-21 22:30:40,540 | INFO |    💼 Posiciones:
2025-10-21 22:30:40,556 | INFO |       ADAUSDT: SELL @ $0.64
2025-10-21 22:30:40,556 | INFO |       AVAXUSDT: SELL @ $19.36
2025-10-21 22:30:40,556 | INFO | ⏳ Esperando 30 segundos para el próximo ciclo...

2025-10-21 22:31:10,557 | INFO | 
🔍 CICLO 15 - 22:31:10
2025-10-21 22:31:10,557 | INFO | 📊 Monitoreando 2 posiciones activas...
2025-10-21 22:31:27,215 | INFO | 📊 Resumen ciclo 15:
2025-10-21 22:31:27,217 | INFO |    🎯 Señales detectadas: 0
2025-10-21 22:31:27,217 | INFO |    📈 Posiciones activas: 2
2025-10-21 22:31:27,217 | INFO |    💼 Posiciones:
2025-10-21 22:31:27,217 | INFO |       ADAUSDT: SELL @ $0.64
2025-10-21 22:31:27,217 | INFO |       AVAXUSDT: SELL @ $19.36
2025-10-21 22:31:27,217 | INFO | ⏳ Esperando 30 segundos para el próximo ciclo...

2025-10-21 22:31:57,219 | INFO | 
🔍 CICLO 16 - 22:31:57
2025-10-21 22:31:57,219 | INFO | 📊 Monitoreando 2 posiciones activas...
2025-10-21 22:32:23,228 | INFO | 📊 Resumen ciclo 16:
2025-10-21 22:32:23,228 | INFO |    🎯 Señales detectadas: 0
2025-10-21 22:32:23,230 | INFO |    📈 Posiciones activas: 2
2025-10-21 22:32:23,230 | INFO |    💼 Posiciones:
2025-10-21 22:32:23,230 | INFO |       ADAUSDT: SELL @ $0.64
2025-10-21 22:32:23,230 | INFO |       AVAXUSDT: SELL @ $19.36
2025-10-21 22:32:23,230 | INFO | ⏳ Esperando 30 segundos para el próximo ciclo...

2025-10-21 22:32:53,232 | INFO | 
🔍 CICLO 17 - 22:32:53
2025-10-21 22:32:53,232 | INFO | 📊 Monitoreando 2 posiciones activas...
2025-10-21 22:33:19,470 | INFO | 📊 Resumen ciclo 17:
2025-10-21 22:33:19,470 | INFO |    🎯 Señales detectadas: 0
2025-10-21 22:33:19,470 | INFO |    📈 Posiciones activas: 2
2025-10-21 22:33:19,471 | INFO |    💼 Posiciones:
2025-10-21 22:33:19,471 | INFO |       ADAUSDT: SELL @ $0.64
2025-10-21 22:33:19,471 | INFO |       AVAXUSDT: SELL @ $19.36
2025-10-21 22:33:19,472 | INFO | ⏳ Esperando 30 segundos para el próximo ciclo...

2025-10-21 22:33:49,473 | INFO | 
🔍 CICLO 18 - 22:33:49
2025-10-21 22:33:49,473 | INFO | 📊 Monitoreando 2 posiciones activas...
2025-10-21 22:34:16,922 | INFO | 📊 Resumen ciclo 18:
2025-10-21 22:34:16,926 | INFO |    🎯 Señales detectadas: 0
2025-10-21 22:34:16,926 | INFO |    📈 Posiciones activas: 2
2025-10-21 22:34:16,926 | INFO |    💼 Posiciones:
2025-10-21 22:34:16,926 | INFO |       ADAUSDT: SELL @ $0.64
2025-10-21 22:34:16,926 | INFO |       AVAXUSDT: SELL @ $19.36
2025-10-21 22:34:16,926 | INFO | ⏳ Esperando 30 segundos para el próximo ciclo...

2025-10-21 22:34:46,931 | INFO | 
🔍 CICLO 19 - 22:34:46
2025-10-21 22:34:46,934 | INFO | 📊 Monitoreando 2 posiciones activas...
2025-10-21 22:35:05,460 | INFO | 📊 Resumen ciclo 19:
2025-10-21 22:35:05,460 | INFO |    🎯 Señales detectadas: 0
2025-10-21 22:35:05,460 | INFO |    📈 Posiciones activas: 2
2025-10-21 22:35:05,460 | INFO |    💼 Posiciones:
2025-10-21 22:35:05,460 | INFO |       ADAUSDT: SELL @ $0.64
2025-10-21 22:35:05,460 | INFO |       AVAXUSDT: SELL @ $19.36
2025-10-21 22:35:05,462 | INFO | ⏳ Esperando 30 segundos para el próximo ciclo...

2025-10-21 22:35:35,463 | INFO | 
🔍 CICLO 20 - 22:35:35
2025-10-21 22:35:35,463 | INFO | 📊 Monitoreando 2 posiciones activas...
2025-10-21 22:35:52,751 | INFO | 📊 Resumen ciclo 20:
2025-10-21 22:35:52,751 | INFO |    🎯 Señales detectadas: 0
2025-10-21 22:35:52,751 | INFO |    📈 Posiciones activas: 2
2025-10-21 22:35:52,751 | INFO |    💼 Posiciones:
2025-10-21 22:35:52,760 | INFO |       ADAUSDT: SELL @ $0.64
2025-10-21 22:35:52,760 | INFO |       AVAXUSDT: SELL @ $19.36
2025-10-21 22:35:52,760 | INFO | ⏳ Esperando 30 segundos para el próximo ciclo...

2025-10-21 22:36:22,761 | INFO | 
🔍 CICLO 21 - 22:36:22
2025-10-21 22:36:22,761 | INFO | 📊 Monitoreando 2 posiciones activas...
2025-10-21 22:36:36,158 | INFO | 🎯 SEÑAL DETECTADA: AVAXUSDT
2025-10-21 22:36:36,160 | INFO |    📈 Tipo: SELL
2025-10-21 22:36:36,160 | INFO |    💪 Confianza: 95.0%
2025-10-21 22:36:36,160 | INFO |    ⚠️ Riesgo: LOW
2025-10-21 22:36:36,160 | INFO |    💡 Razón: Rompimiento bajista: $19.35 < $19.38 (-3.0%)
2025-10-21 22:36:36,173 | INFO | ⚠️ AVAXUSDT: Ya hay posición activa
2025-10-21 22:36:36,176 | INFO | ⏭️ Señal AVAXUSDT no cumple criterios de ejecución
2025-10-21 22:36:40,272 | INFO | 📊 Resumen ciclo 21:
2025-10-21 22:36:40,272 | INFO |    🎯 Señales detectadas: 1
2025-10-21 22:36:40,272 | INFO |    📈 Posiciones activas: 2
2025-10-21 22:36:40,272 | INFO |    💼 Posiciones:
2025-10-21 22:36:40,275 | INFO |       ADAUSDT: SELL @ $0.64
2025-10-21 22:36:40,275 | INFO |       AVAXUSDT: SELL @ $19.36
2025-10-21 22:36:40,275 | INFO | ⏳ Esperando 30 segundos para el próximo ciclo...

2025-10-21 22:37:10,276 | INFO | 
🔍 CICLO 22 - 22:37:10
2025-10-21 22:37:10,276 | INFO | 📊 Monitoreando 2 posiciones activas...
2025-10-21 22:37:24,651 | INFO | 🎯 SEÑAL DETECTADA: AVAXUSDT
2025-10-21 22:37:24,652 | INFO |    📈 Tipo: SELL
2025-10-21 22:37:24,652 | INFO |    💪 Confianza: 95.0%
2025-10-21 22:37:24,652 | INFO |    ⚠️ Riesgo: LOW
2025-10-21 22:37:24,653 | INFO |    💡 Razón: Rompimiento bajista: $19.37 < $19.38 (-2.8%)
2025-10-21 22:37:24,661 | INFO | ⚠️ AVAXUSDT: Ya hay posición activa
2025-10-21 22:37:24,661 | INFO | ⏭️ Señal AVAXUSDT no cumple criterios de ejecución
2025-10-21 22:37:29,546 | INFO | 📊 Resumen ciclo 22:
2025-10-21 22:37:29,546 | INFO |    🎯 Señales detectadas: 1
2025-10-21 22:37:29,546 | INFO |    📈 Posiciones activas: 2
2025-10-21 22:37:29,546 | INFO |    💼 Posiciones:
2025-10-21 22:37:29,546 | INFO |       ADAUSDT: SELL @ $0.64
2025-10-21 22:37:29,546 | INFO |       AVAXUSDT: SELL @ $19.36
2025-10-21 22:37:29,546 | INFO | ⏳ Esperando 30 segundos para el próximo ciclo...

2025-10-21 22:37:59,549 | INFO | 
🔍 CICLO 23 - 22:37:59
2025-10-21 22:37:59,549 | INFO | 📊 Monitoreando 2 posiciones activas...
2025-10-21 22:38:18,417 | INFO | 🎯 SEÑAL DETECTADA: AVAXUSDT
2025-10-21 22:38:18,419 | INFO |    📈 Tipo: SELL
2025-10-21 22:38:18,420 | INFO |    💪 Confianza: 95.0%
2025-10-21 22:38:18,420 | INFO |    ⚠️ Riesgo: LOW
2025-10-21 22:38:18,420 | INFO |    💡 Razón: Rompimiento bajista: $19.37 < $19.38 (-2.8%)
2025-10-21 22:38:18,434 | INFO | ⚠️ AVAXUSDT: Ya hay posición activa
2025-10-21 22:38:18,438 | INFO | ⏭️ Señal AVAXUSDT no cumple criterios de ejecución
2025-10-21 22:38:23,677 | INFO | 📊 Resumen ciclo 23:
2025-10-21 22:38:23,677 | INFO |    🎯 Señales detectadas: 1
2025-10-21 22:38:23,681 | INFO |    📈 Posiciones activas: 2
2025-10-21 22:38:23,681 | INFO |    💼 Posiciones:
2025-10-21 22:38:23,681 | INFO |       ADAUSDT: SELL @ $0.64
2025-10-21 22:38:23,681 | INFO |       AVAXUSDT: SELL @ $19.36
2025-10-21 22:38:23,681 | INFO | ⏳ Esperando 30 segundos para el próximo ciclo...

2025-10-21 22:38:53,682 | INFO | 
🔍 CICLO 24 - 22:38:53
2025-10-21 22:38:53,682 | INFO | 📊 Monitoreando 2 posiciones activas...
2025-10-21 22:39:08,089 | INFO | 🎯 SEÑAL DETECTADA: AVAXUSDT
2025-10-21 22:39:08,089 | INFO |    📈 Tipo: SELL
2025-10-21 22:39:08,089 | INFO |    💪 Confianza: 95.0%
2025-10-21 22:39:08,089 | INFO |    ⚠️ Riesgo: LOW
2025-10-21 22:39:08,089 | INFO |    💡 Razón: Rompimiento bajista: $19.36 < $19.38 (-2.9%)
2025-10-21 22:39:08,101 | INFO | ⚠️ AVAXUSDT: Ya hay posición activa
2025-10-21 22:39:08,104 | INFO | ⏭️ Señal AVAXUSDT no cumple criterios de ejecución
2025-10-21 22:39:12,728 | INFO | 📊 Resumen ciclo 24:
2025-10-21 22:39:12,728 | INFO |    🎯 Señales detectadas: 1
2025-10-21 22:39:12,728 | INFO |    📈 Posiciones activas: 2
2025-10-21 22:39:12,728 | INFO |    💼 Posiciones:
2025-10-21 22:39:12,728 | INFO |       ADAUSDT: SELL @ $0.64
2025-10-21 22:39:12,728 | INFO |       AVAXUSDT: SELL @ $19.36
2025-10-21 22:39:12,728 | INFO | ⏳ Esperando 30 segundos para el próximo ciclo...

2025-10-21 22:39:42,730 | INFO | 
🔍 CICLO 25 - 22:39:42
2025-10-21 22:39:42,730 | INFO | 📊 Monitoreando 2 posiciones activas...
2025-10-21 22:39:56,419 | INFO | 🎯 SEÑAL DETECTADA: AVAXUSDT
2025-10-21 22:39:56,419 | INFO |    📈 Tipo: SELL
2025-10-21 22:39:56,419 | INFO |    💪 Confianza: 95.0%
2025-10-21 22:39:56,419 | INFO |    ⚠️ Riesgo: LOW
2025-10-21 22:39:56,419 | INFO |    💡 Razón: Rompimiento bajista: $19.37 < $19.38 (-2.8%)
2025-10-21 22:39:56,432 | INFO | ⚠️ AVAXUSDT: Ya hay posición activa
2025-10-21 22:39:56,432 | INFO | ⏭️ Señal AVAXUSDT no cumple criterios de ejecución
2025-10-21 22:40:02,684 | INFO | 📊 Resumen ciclo 25:
2025-10-21 22:40:02,684 | INFO |    🎯 Señales detectadas: 1
2025-10-21 22:40:02,684 | INFO |    📈 Posiciones activas: 2
2025-10-21 22:40:02,684 | INFO |    💼 Posiciones:
2025-10-21 22:40:02,684 | INFO |       ADAUSDT: SELL @ $0.64
2025-10-21 22:40:02,691 | INFO |       AVAXUSDT: SELL @ $19.36
2025-10-21 22:40:02,691 | INFO | ⏳ Esperando 30 segundos para el próximo ciclo...

2025-10-21 22:40:32,692 | INFO | 
🔍 CICLO 26 - 22:40:32
2025-10-21 22:40:32,693 | INFO | 📊 Monitoreando 2 posiciones activas...
2025-10-21 22:40:55,419 | INFO | 🎯 SEÑAL DETECTADA: AVAXUSDT
2025-10-21 22:40:55,420 | INFO |    📈 Tipo: SELL
2025-10-21 22:40:55,420 | INFO |    💪 Confianza: 95.0%
2025-10-21 22:40:55,420 | INFO |    ⚠️ Riesgo: LOW
2025-10-21 22:40:55,420 | INFO |    💡 Razón: Rompimiento bajista: $19.36 < $19.38 (-2.9%)
2025-10-21 22:40:55,435 | INFO | ⚠️ AVAXUSDT: Ya hay posición activa
2025-10-21 22:40:55,436 | INFO | ⏭️ Señal AVAXUSDT no cumple criterios de ejecución
2025-10-21 22:41:01,088 | INFO | 📊 Resumen ciclo 26:
2025-10-21 22:41:01,088 | INFO |    🎯 Señales detectadas: 1
2025-10-21 22:41:01,088 | INFO |    📈 Posiciones activas: 2
2025-10-21 22:41:01,088 | INFO |    💼 Posiciones:
2025-10-21 22:41:01,088 | INFO |       ADAUSDT: SELL @ $0.64
2025-10-21 22:41:01,088 | INFO |       AVAXUSDT: SELL @ $19.36
2025-10-21 22:41:01,090 | INFO | ⏳ Esperando 30 segundos para el próximo ciclo...

2025-10-21 22:41:31,091 | INFO | 
🔍 CICLO 27 - 22:41:31
2025-10-21 22:41:31,091 | INFO | 📊 Monitoreando 2 posiciones activas...
2025-10-21 22:41:52,615 | INFO | 🎯 SEÑAL DETECTADA: AVAXUSDT
2025-10-21 22:41:52,615 | INFO |    📈 Tipo: SELL
2025-10-21 22:41:52,615 | INFO |    💪 Confianza: 95.0%
2025-10-21 22:41:52,617 | INFO |    ⚠️ Riesgo: LOW
2025-10-21 22:41:52,617 | INFO |    💡 Razón: Rompimiento bajista: $19.37 < $19.38 (-2.8%)
2025-10-21 22:41:52,628 | INFO | ⚠️ AVAXUSDT: Ya hay posición activa
2025-10-21 22:41:52,628 | INFO | ⏭️ Señal AVAXUSDT no cumple criterios de ejecución
2025-10-21 22:41:57,967 | INFO | 📊 Resumen ciclo 27:
2025-10-21 22:41:57,967 | INFO |    🎯 Señales detectadas: 1
2025-10-21 22:41:57,967 | INFO |    📈 Posiciones activas: 2
2025-10-21 22:41:57,967 | INFO |    💼 Posiciones:
2025-10-21 22:41:57,967 | INFO |       ADAUSDT: SELL @ $0.64
2025-10-21 22:41:57,967 | INFO |       AVAXUSDT: SELL @ $19.36
2025-10-21 22:41:57,982 | INFO | ⏳ Esperando 30 segundos para el próximo ciclo...

2025-10-21 22:42:27,984 | INFO | 
🔍 CICLO 28 - 22:42:27
2025-10-21 22:42:27,984 | INFO | 📊 Monitoreando 2 posiciones activas...
2025-10-21 22:42:55,080 | INFO | 📊 Resumen ciclo 28:
2025-10-21 22:42:55,080 | INFO |    🎯 Señales detectadas: 0
2025-10-21 22:42:55,083 | INFO |    📈 Posiciones activas: 2
2025-10-21 22:42:55,083 | INFO |    💼 Posiciones:
2025-10-21 22:42:55,083 | INFO |       ADAUSDT: SELL @ $0.64
2025-10-21 22:42:55,085 | INFO |       AVAXUSDT: SELL @ $19.36
2025-10-21 22:42:55,085 | INFO | ⏳ Esperando 30 segundos para el próximo ciclo...

2025-10-21 22:43:25,086 | INFO | 
🔍 CICLO 29 - 22:43:25
2025-10-21 22:43:25,086 | INFO | 📊 Monitoreando 2 posiciones activas...
2025-10-21 22:43:53,677 | INFO | 📊 Resumen ciclo 29:
2025-10-21 22:43:53,678 | INFO |    🎯 Señales detectadas: 0
2025-10-21 22:43:53,678 | INFO |    📈 Posiciones activas: 2
2025-10-21 22:43:53,678 | INFO |    💼 Posiciones:
2025-10-21 22:43:53,678 | INFO |       ADAUSDT: SELL @ $0.64
2025-10-21 22:43:53,678 | INFO |       AVAXUSDT: SELL @ $19.36
2025-10-21 22:43:53,678 | INFO | ⏳ Esperando 30 segundos para el próximo ciclo...

2025-10-21 22:44:23,681 | INFO | 
🔍 CICLO 30 - 22:44:23
2025-10-21 22:44:23,681 | INFO | 📊 Monitoreando 2 posiciones activas...
2025-10-21 22:44:48,192 | INFO | 📊 Resumen ciclo 30:
2025-10-21 22:44:48,192 | INFO |    🎯 Señales detectadas: 0
2025-10-21 22:44:48,192 | INFO |    📈 Posiciones activas: 2
2025-10-21 22:44:48,192 | INFO |    💼 Posiciones:
2025-10-21 22:44:48,192 | INFO |       ADAUSDT: SELL @ $0.64
2025-10-21 22:44:48,192 | INFO |       AVAXUSDT: SELL @ $19.36
2025-10-21 22:44:48,192 | INFO | ⏳ Esperando 30 segundos para el próximo ciclo...

2025-10-21 22:45:18,199 | INFO | 
🔍 CICLO 31 - 22:45:18
2025-10-21 22:45:18,199 | INFO | 📊 Monitoreando 2 posiciones activas...
2025-10-21 22:45:34,572 | INFO | 📊 Resumen ciclo 31:
2025-10-21 22:45:34,574 | INFO |    🎯 Señales detectadas: 0
2025-10-21 22:45:34,574 | INFO |    📈 Posiciones activas: 2
2025-10-21 22:45:34,574 | INFO |    💼 Posiciones:
2025-10-21 22:45:34,574 | INFO |       ADAUSDT: SELL @ $0.64
2025-10-21 22:45:34,574 | INFO |       AVAXUSDT: SELL @ $19.36
2025-10-21 22:45:34,575 | INFO | ⏳ Esperando 30 segundos para el próximo ciclo...

2025-10-21 22:46:04,576 | INFO | 
🔍 CICLO 32 - 22:46:04
2025-10-21 22:46:04,576 | INFO | 📊 Monitoreando 2 posiciones activas...
2025-10-21 22:46:23,021 | INFO | 📊 Resumen ciclo 32:
2025-10-21 22:46:23,021 | INFO |    🎯 Señales detectadas: 0
2025-10-21 22:46:23,021 | INFO |    📈 Posiciones activas: 2
2025-10-21 22:46:23,021 | INFO |    💼 Posiciones:
2025-10-21 22:46:23,021 | INFO |       ADAUSDT: SELL @ $0.64
2025-10-21 22:46:23,021 | INFO |       AVAXUSDT: SELL @ $19.36
2025-10-21 22:46:23,021 | INFO | ⏳ Esperando 30 segundos para el próximo ciclo...

2025-10-21 22:46:53,024 | INFO | 
🔍 CICLO 33 - 22:46:53
2025-10-21 22:46:53,024 | INFO | 📊 Monitoreando 2 posiciones activas...
2025-10-21 22:47:10,625 | INFO | 📊 Resumen ciclo 33:
2025-10-21 22:47:10,625 | INFO |    🎯 Señales detectadas: 0
2025-10-21 22:47:10,625 | INFO |    📈 Posiciones activas: 2
2025-10-21 22:47:10,625 | INFO |    💼 Posiciones:
2025-10-21 22:47:10,625 | INFO |       ADAUSDT: SELL @ $0.64
2025-10-21 22:47:10,627 | INFO |       AVAXUSDT: SELL @ $19.36
2025-10-21 22:47:10,628 | INFO | ⏳ Esperando 30 segundos para el próximo ciclo...

2025-10-21 22:47:40,629 | INFO | 
🔍 CICLO 34 - 22:47:40
2025-10-21 22:47:40,629 | INFO | 📊 Monitoreando 2 posiciones activas...
2025-10-21 22:47:58,331 | INFO | 📊 Resumen ciclo 34:
2025-10-21 22:47:58,331 | INFO |    🎯 Señales detectadas: 0
2025-10-21 22:47:58,333 | INFO |    📈 Posiciones activas: 2
2025-10-21 22:47:58,333 | INFO |    💼 Posiciones:
2025-10-21 22:47:58,333 | INFO |       ADAUSDT: SELL @ $0.64
2025-10-21 22:47:58,333 | INFO |       AVAXUSDT: SELL @ $19.36
2025-10-21 22:47:58,333 | INFO | ⏳ Esperando 30 segundos para el próximo ciclo...

2025-10-21 22:48:28,335 | INFO | 
🔍 CICLO 35 - 22:48:28
2025-10-21 22:48:28,335 | INFO | 📊 Monitoreando 2 posiciones activas...
2025-10-21 22:48:47,004 | INFO | 📊 Resumen ciclo 35:
2025-10-21 22:48:47,004 | INFO |    🎯 Señales detectadas: 0
2025-10-21 22:48:47,004 | INFO |    📈 Posiciones activas: 2
2025-10-21 22:48:47,004 | INFO |    💼 Posiciones:
2025-10-21 22:48:47,004 | INFO |       ADAUSDT: SELL @ $0.64
2025-10-21 22:48:47,006 | INFO |       AVAXUSDT: SELL @ $19.36
2025-10-21 22:48:47,006 | INFO | ⏳ Esperando 30 segundos para el próximo ciclo...

2025-10-21 22:49:17,006 | INFO | 
🔍 CICLO 36 - 22:49:17
2025-10-21 22:49:17,014 | INFO | 📊 Monitoreando 2 posiciones activas...
2025-10-21 22:49:36,190 | INFO | 📊 Resumen ciclo 36:
2025-10-21 22:49:36,192 | INFO |    🎯 Señales detectadas: 0
2025-10-21 22:49:36,192 | INFO |    📈 Posiciones activas: 2
2025-10-21 22:49:36,194 | INFO |    💼 Posiciones:
2025-10-21 22:49:36,195 | INFO |       ADAUSDT: SELL @ $0.64
2025-10-21 22:49:36,195 | INFO |       AVAXUSDT: SELL @ $19.36
2025-10-21 22:49:36,195 | INFO | ⏳ Esperando 30 segundos para el próximo ciclo...

2025-10-21 22:50:06,198 | INFO | 
🔍 CICLO 37 - 22:50:06
2025-10-21 22:50:06,198 | INFO | 📊 Monitoreando 2 posiciones activas...
2025-10-21 22:50:24,949 | INFO | 📊 Resumen ciclo 37:
2025-10-21 22:50:24,949 | INFO |    🎯 Señales detectadas: 0
2025-10-21 22:50:24,949 | INFO |    📈 Posiciones activas: 2
2025-10-21 22:50:24,949 | INFO |    💼 Posiciones:
2025-10-21 22:50:24,949 | INFO |       ADAUSDT: SELL @ $0.64
2025-10-21 22:50:24,949 | INFO |       AVAXUSDT: SELL @ $19.36
2025-10-21 22:50:24,949 | INFO | ⏳ Esperando 30 segundos para el próximo ciclo...

2025-10-21 22:50:54,953 | INFO | 
🔍 CICLO 38 - 22:50:54
2025-10-21 22:50:54,953 | INFO | 📊 Monitoreando 2 posiciones activas...
2025-10-21 22:51:13,403 | INFO | 📊 Resumen ciclo 38:
2025-10-21 22:51:13,403 | INFO |    🎯 Señales detectadas: 0
2025-10-21 22:51:13,403 | INFO |    📈 Posiciones activas: 2
2025-10-21 22:51:13,403 | INFO |    💼 Posiciones:
2025-10-21 22:51:13,410 | INFO |       ADAUSDT: SELL @ $0.64
2025-10-21 22:51:13,410 | INFO |       AVAXUSDT: SELL @ $19.36
2025-10-21 22:51:13,410 | INFO | ⏳ Esperando 30 segundos para el próximo ciclo...

2025-10-21 22:51:43,411 | INFO | 
🔍 CICLO 39 - 22:51:43
2025-10-21 22:51:43,411 | INFO | 📊 Monitoreando 2 posiciones activas...
2025-10-21 22:52:02,703 | INFO | 📊 Resumen ciclo 39:
2025-10-21 22:52:02,703 | INFO |    🎯 Señales detectadas: 0
2025-10-21 22:52:02,703 | INFO |    📈 Posiciones activas: 2
2025-10-21 22:52:02,703 | INFO |    💼 Posiciones:
2025-10-21 22:52:02,703 | INFO |       ADAUSDT: SELL @ $0.64
2025-10-21 22:52:02,703 | INFO |       AVAXUSDT: SELL @ $19.36
2025-10-21 22:52:02,703 | INFO | ⏳ Esperando 30 segundos para el próximo ciclo...

2025-10-21 22:52:32,706 | INFO | 
🔍 CICLO 40 - 22:52:32
2025-10-21 22:52:32,706 | INFO | 📊 Monitoreando 2 posiciones activas...
2025-10-21 22:52:52,274 | INFO | 📊 Resumen ciclo 40:
2025-10-21 22:52:52,276 | INFO |    🎯 Señales detectadas: 0
2025-10-21 22:52:52,276 | INFO |    📈 Posiciones activas: 2
2025-10-21 22:52:52,276 | INFO |    💼 Posiciones:
2025-10-21 22:52:52,276 | INFO |       ADAUSDT: SELL @ $0.64
2025-10-21 22:52:52,276 | INFO |       AVAXUSDT: SELL @ $19.36
2025-10-21 22:52:52,276 | INFO | ⏳ Esperando 30 segundos para el próximo ciclo...

2025-10-21 22:53:22,279 | INFO | 
🔍 CICLO 41 - 22:53:22
2025-10-21 22:53:22,279 | INFO | 📊 Monitoreando 2 posiciones activas...
2025-10-21 22:53:38,733 | INFO | 📊 Resumen ciclo 41:
2025-10-21 22:53:38,735 | INFO |    🎯 Señales detectadas: 0
2025-10-21 22:53:38,735 | INFO |    📈 Posiciones activas: 2
2025-10-21 22:53:38,735 | INFO |    💼 Posiciones:
2025-10-21 22:53:38,735 | INFO |       ADAUSDT: SELL @ $0.64
2025-10-21 22:53:38,735 | INFO |       AVAXUSDT: SELL @ $19.36
2025-10-21 22:53:38,737 | INFO | ⏳ Esperando 30 segundos para el próximo ciclo...

2025-10-21 22:54:08,738 | INFO | 
🔍 CICLO 42 - 22:54:08
2025-10-21 22:54:08,738 | INFO | 📊 Monitoreando 2 posiciones activas...
2025-10-21 22:54:27,290 | INFO | 📊 Resumen ciclo 42:
2025-10-21 22:54:27,290 | INFO |    🎯 Señales detectadas: 0
2025-10-21 22:54:27,290 | INFO |    📈 Posiciones activas: 2
2025-10-21 22:54:27,291 | INFO |    💼 Posiciones:
2025-10-21 22:54:27,291 | INFO |       ADAUSDT: SELL @ $0.64
2025-10-21 22:54:27,291 | INFO |       AVAXUSDT: SELL @ $19.36
2025-10-21 22:54:27,291 | INFO | ⏳ Esperando 30 segundos para el próximo ciclo...

2025-10-21 22:54:57,292 | INFO | 
🔍 CICLO 43 - 22:54:57
2025-10-21 22:54:57,292 | INFO | 📊 Monitoreando 2 posiciones activas...
2025-10-21 22:55:15,732 | INFO | 📊 Resumen ciclo 43:
2025-10-21 22:55:15,733 | INFO |    🎯 Señales detectadas: 0
2025-10-21 22:55:15,733 | INFO |    📈 Posiciones activas: 2
2025-10-21 22:55:15,733 | INFO |    💼 Posiciones:
2025-10-21 22:55:15,733 | INFO |       ADAUSDT: SELL @ $0.64
2025-10-21 22:55:15,733 | INFO |       AVAXUSDT: SELL @ $19.36
2025-10-21 22:55:15,734 | INFO | ⏳ Esperando 30 segundos para el próximo ciclo...

2025-10-21 22:55:45,735 | INFO | 
🔍 CICLO 44 - 22:55:45
2025-10-21 22:55:45,735 | INFO | 📊 Monitoreando 2 posiciones activas...
2025-10-21 22:56:03,896 | INFO | 📊 Resumen ciclo 44:
2025-10-21 22:56:03,896 | INFO |    🎯 Señales detectadas: 0
2025-10-21 22:56:03,896 | INFO |    📈 Posiciones activas: 2
2025-10-21 22:56:03,898 | INFO |    💼 Posiciones:
2025-10-21 22:56:03,898 | INFO |       ADAUSDT: SELL @ $0.64
2025-10-21 22:56:03,898 | INFO |       AVAXUSDT: SELL @ $19.36
2025-10-21 22:56:03,898 | INFO | ⏳ Esperando 30 segundos para el próximo ciclo...

2025-10-21 22:56:33,900 | INFO | 
🔍 CICLO 45 - 22:56:33
2025-10-21 22:56:33,900 | INFO | 📊 Monitoreando 2 posiciones activas...
2025-10-21 22:56:51,473 | INFO | 📊 Resumen ciclo 45:
2025-10-21 22:56:51,473 | INFO |    🎯 Señales detectadas: 0
2025-10-21 22:56:51,473 | INFO |    📈 Posiciones activas: 2
2025-10-21 22:56:51,473 | INFO |    💼 Posiciones:
2025-10-21 22:56:51,473 | INFO |       ADAUSDT: SELL @ $0.64
2025-10-21 22:56:51,478 | INFO |       AVAXUSDT: SELL @ $19.36
2025-10-21 22:56:51,478 | INFO | ⏳ Esperando 30 segundos para el próximo ciclo...

2025-10-21 22:57:21,479 | INFO | 
🔍 CICLO 46 - 22:57:21
2025-10-21 22:57:21,479 | INFO | 📊 Monitoreando 2 posiciones activas...
2025-10-21 22:57:39,905 | INFO | 📊 Resumen ciclo 46:
2025-10-21 22:57:39,906 | INFO |    🎯 Señales detectadas: 0
2025-10-21 22:57:39,906 | INFO |    📈 Posiciones activas: 2
2025-10-21 22:57:39,906 | INFO |    💼 Posiciones:
2025-10-21 22:57:39,906 | INFO |       ADAUSDT: SELL @ $0.64
2025-10-21 22:57:39,906 | INFO |       AVAXUSDT: SELL @ $19.36
2025-10-21 22:57:39,906 | INFO | ⏳ Esperando 30 segundos para el próximo ciclo...

2025-10-21 22:58:09,907 | INFO | 
🔍 CICLO 47 - 22:58:09
2025-10-21 22:58:09,907 | INFO | 📊 Monitoreando 2 posiciones activas...
2025-10-21 22:58:28,425 | INFO | 📊 Resumen ciclo 47:
2025-10-21 22:58:28,425 | INFO |    🎯 Señales detectadas: 0
2025-10-21 22:58:28,425 | INFO |    📈 Posiciones activas: 2
2025-10-21 22:58:28,426 | INFO |    💼 Posiciones:
2025-10-21 22:58:28,426 | INFO |       ADAUSDT: SELL @ $0.64
2025-10-21 22:58:28,426 | INFO |       AVAXUSDT: SELL @ $19.36
2025-10-21 22:58:28,426 | INFO | ⏳ Esperando 30 segundos para el próximo ciclo...

2025-10-21 22:58:58,427 | INFO | 
🔍 CICLO 48 - 22:58:58
2025-10-21 22:58:58,427 | INFO | 📊 Monitoreando 2 posiciones activas...
2025-10-21 22:59:17,143 | INFO | 📊 Resumen ciclo 48:
2025-10-21 22:59:17,145 | INFO |    🎯 Señales detectadas: 0
2025-10-21 22:59:17,146 | INFO |    📈 Posiciones activas: 2
2025-10-21 22:59:17,146 | INFO |    💼 Posiciones:
2025-10-21 22:59:17,146 | INFO |       ADAUSDT: SELL @ $0.64
2025-10-21 22:59:17,147 | INFO |       AVAXUSDT: SELL @ $19.36
2025-10-21 22:59:17,147 | INFO | ⏳ Esperando 30 segundos para el próximo ciclo...

2025-10-21 22:59:47,148 | INFO | 
🔍 CICLO 49 - 22:59:47
2025-10-21 22:59:47,149 | INFO | 📊 Monitoreando 2 posiciones activas...
2025-10-21 23:00:07,653 | INFO | 📊 Resumen ciclo 49:
2025-10-21 23:00:07,653 | INFO |    🎯 Señales detectadas: 0
2025-10-21 23:00:07,653 | INFO |    📈 Posiciones activas: 2
2025-10-21 23:00:07,653 | INFO |    💼 Posiciones:
2025-10-21 23:00:07,653 | INFO |       ADAUSDT: SELL @ $0.64
2025-10-21 23:00:07,653 | INFO |       AVAXUSDT: SELL @ $19.36
2025-10-21 23:00:07,656 | INFO | ⏳ Esperando 30 segundos para el próximo ciclo...

2025-10-21 23:00:37,657 | INFO | 
🔍 CICLO 50 - 23:00:37
2025-10-21 23:00:37,657 | INFO | 📊 Monitoreando 2 posiciones activas...
2025-10-21 23:00:55,055 | INFO | 📊 Resumen ciclo 50:
2025-10-21 23:00:55,055 | INFO |    🎯 Señales detectadas: 0
2025-10-21 23:00:55,055 | INFO |    📈 Posiciones activas: 2
2025-10-21 23:00:55,055 | INFO |    💼 Posiciones:
2025-10-21 23:00:55,057 | INFO |       ADAUSDT: SELL @ $0.64
2025-10-21 23:00:55,057 | INFO |       AVAXUSDT: SELL @ $19.36
2025-10-21 23:00:55,057 | INFO | ⏳ Esperando 30 segundos para el próximo ciclo...

2025-10-21 23:01:25,058 | INFO | 
🔍 CICLO 51 - 23:01:25
2025-10-21 23:01:25,058 | INFO | 📊 Monitoreando 2 posiciones activas...
2025-10-21 23:01:42,778 | INFO | 📊 Resumen ciclo 51:
2025-10-21 23:01:42,780 | INFO |    🎯 Señales detectadas: 0
2025-10-21 23:01:42,780 | INFO |    📈 Posiciones activas: 2
2025-10-21 23:01:42,780 | INFO |    💼 Posiciones:
2025-10-21 23:01:42,782 | INFO |       ADAUSDT: SELL @ $0.64
2025-10-21 23:01:42,782 | INFO |       AVAXUSDT: SELL @ $19.36
2025-10-21 23:01:42,784 | INFO | ⏳ Esperando 30 segundos para el próximo ciclo...

2025-10-21 23:02:12,784 | INFO | 
🔍 CICLO 52 - 23:02:12
2025-10-21 23:02:12,784 | INFO | 📊 Monitoreando 2 posiciones activas...
2025-10-21 23:02:33,950 | INFO | 📊 Resumen ciclo 52:
2025-10-21 23:02:33,950 | INFO |    🎯 Señales detectadas: 0
2025-10-21 23:02:33,950 | INFO |    📈 Posiciones activas: 2
2025-10-21 23:02:33,950 | INFO |    💼 Posiciones:
2025-10-21 23:02:33,950 | INFO |       ADAUSDT: SELL @ $0.64
2025-10-21 23:02:33,950 | INFO |       AVAXUSDT: SELL @ $19.36
2025-10-21 23:02:33,950 | INFO | ⏳ Esperando 30 segundos para el próximo ciclo...

2025-10-21 23:03:03,961 | INFO | 
🔍 CICLO 53 - 23:03:03
2025-10-21 23:03:03,961 | INFO | 📊 Monitoreando 2 posiciones activas...
2025-10-21 23:03:24,727 | INFO | 📊 Resumen ciclo 53:
2025-10-21 23:03:24,734 | INFO |    🎯 Señales detectadas: 0
2025-10-21 23:03:24,749 | INFO |    📈 Posiciones activas: 2
2025-10-21 23:03:24,763 | INFO |    💼 Posiciones:
2025-10-21 23:03:24,776 | INFO |       ADAUSDT: SELL @ $0.64
2025-10-21 23:03:24,782 | INFO |       AVAXUSDT: SELL @ $19.36
2025-10-21 23:03:24,785 | INFO | ⏳ Esperando 30 segundos para el próximo ciclo...

2025-10-21 23:03:54,788 | INFO | 
🔍 CICLO 54 - 23:03:54
2025-10-21 23:03:54,788 | INFO | 📊 Monitoreando 2 posiciones activas...
2025-10-21 23:04:16,070 | INFO | 📊 Resumen ciclo 54:
2025-10-21 23:04:16,074 | INFO |    🎯 Señales detectadas: 0
2025-10-21 23:04:16,076 | INFO |    📈 Posiciones activas: 2
2025-10-21 23:04:16,076 | INFO |    💼 Posiciones:
2025-10-21 23:04:16,079 | INFO |       ADAUSDT: SELL @ $0.64
2025-10-21 23:04:16,080 | INFO |       AVAXUSDT: SELL @ $19.36
2025-10-21 23:04:16,083 | INFO | ⏳ Esperando 30 segundos para el próximo ciclo...

2025-10-21 23:04:46,085 | INFO | 
🔍 CICLO 55 - 23:04:46
2025-10-21 23:04:46,085 | INFO | 📊 Monitoreando 2 posiciones activas...
2025-10-21 23:05:05,018 | INFO | 📊 Resumen ciclo 55:
2025-10-21 23:05:05,018 | INFO |    🎯 Señales detectadas: 0
2025-10-21 23:05:05,018 | INFO |    📈 Posiciones activas: 2
2025-10-21 23:05:05,018 | INFO |    💼 Posiciones:
2025-10-21 23:05:05,018 | INFO |       ADAUSDT: SELL @ $0.64
2025-10-21 23:05:05,018 | INFO |       AVAXUSDT: SELL @ $19.36
2025-10-21 23:05:05,018 | INFO | ⏳ Esperando 30 segundos para el próximo ciclo...

2025-10-21 23:05:35,028 | INFO | 
🔍 CICLO 56 - 23:05:35
2025-10-21 23:05:35,028 | INFO | 📊 Monitoreando 2 posiciones activas...
2025-10-21 23:05:51,809 | INFO | 📊 Resumen ciclo 56:
2025-10-21 23:05:51,809 | INFO |    🎯 Señales detectadas: 0
2025-10-21 23:05:51,809 | INFO |    📈 Posiciones activas: 2
2025-10-21 23:05:51,809 | INFO |    💼 Posiciones:
2025-10-21 23:05:51,809 | INFO |       ADAUSDT: SELL @ $0.64
2025-10-21 23:05:51,809 | INFO |       AVAXUSDT: SELL @ $19.36
2025-10-21 23:05:51,811 | INFO | ⏳ Esperando 30 segundos para el próximo ciclo...

2025-10-21 23:06:21,812 | INFO | 
🔍 CICLO 57 - 23:06:21
2025-10-21 23:06:21,812 | INFO | 📊 Monitoreando 2 posiciones activas...
2025-10-21 23:06:40,737 | INFO | 📊 Resumen ciclo 57:
2025-10-21 23:06:40,737 | INFO |    🎯 Señales detectadas: 0
2025-10-21 23:06:40,739 | INFO |    📈 Posiciones activas: 2
2025-10-21 23:06:40,739 | INFO |    💼 Posiciones:
2025-10-21 23:06:40,739 | INFO |       ADAUSDT: SELL @ $0.64
2025-10-21 23:06:40,739 | INFO |       AVAXUSDT: SELL @ $19.36
2025-10-21 23:06:40,739 | INFO | ⏳ Esperando 30 segundos para el próximo ciclo...

2025-10-21 23:07:10,742 | INFO | 
🔍 CICLO 58 - 23:07:10
2025-10-21 23:07:10,742 | INFO | 📊 Monitoreando 2 posiciones activas...
2025-10-21 23:07:29,271 | INFO | 📊 Resumen ciclo 58:
2025-10-21 23:07:29,271 | INFO |    🎯 Señales detectadas: 0
2025-10-21 23:07:29,271 | INFO |    📈 Posiciones activas: 2
2025-10-21 23:07:29,273 | INFO |    💼 Posiciones:
2025-10-21 23:07:29,273 | INFO |       ADAUSDT: SELL @ $0.64
2025-10-21 23:07:29,273 | INFO |       AVAXUSDT: SELL @ $19.36
2025-10-21 23:07:29,273 | INFO | ⏳ Esperando 30 segundos para el próximo ciclo...

2025-10-21 23:07:59,275 | INFO | 
🔍 CICLO 59 - 23:07:59
2025-10-21 23:07:59,275 | INFO | 📊 Monitoreando 2 posiciones activas...
2025-10-21 23:08:16,444 | INFO | 📊 Resumen ciclo 59:
2025-10-21 23:08:16,444 | INFO |    🎯 Señales detectadas: 0
2025-10-21 23:08:16,444 | INFO |    📈 Posiciones activas: 2
2025-10-21 23:08:16,444 | INFO |    💼 Posiciones:
2025-10-21 23:08:16,448 | INFO |       ADAUSDT: SELL @ $0.64
2025-10-21 23:08:16,448 | INFO |       AVAXUSDT: SELL @ $19.36
2025-10-21 23:08:16,448 | INFO | ⏳ Esperando 30 segundos para el próximo ciclo...

2025-10-21 23:08:46,449 | INFO | 
🔍 CICLO 60 - 23:08:46
2025-10-21 23:08:46,449 | INFO | 📊 Monitoreando 2 posiciones activas...
2025-10-21 23:09:04,056 | INFO | 📊 Resumen ciclo 60:
2025-10-21 23:09:04,056 | INFO |    🎯 Señales detectadas: 0
2025-10-21 23:09:04,056 | INFO |    📈 Posiciones activas: 2
2025-10-21 23:09:04,056 | INFO |    💼 Posiciones:
2025-10-21 23:09:04,056 | INFO |       ADAUSDT: SELL @ $0.64
2025-10-21 23:09:04,056 | INFO |       AVAXUSDT: SELL @ $19.36
2025-10-21 23:09:04,056 | INFO | ⏳ Esperando 30 segundos para el próximo ciclo...

2025-10-21 23:09:34,066 | INFO | 
🔍 CICLO 61 - 23:09:34
2025-10-21 23:09:34,066 | INFO | 📊 Monitoreando 2 posiciones activas...
2025-10-21 23:09:50,145 | INFO | 📊 Resumen ciclo 61:
2025-10-21 23:09:50,145 | INFO |    🎯 Señales detectadas: 0
2025-10-21 23:09:50,155 | INFO |    📈 Posiciones activas: 2
2025-10-21 23:09:50,155 | INFO |    💼 Posiciones:
2025-10-21 23:09:50,155 | INFO |       ADAUSDT: SELL @ $0.64
2025-10-21 23:09:50,155 | INFO |       AVAXUSDT: SELL @ $19.36
2025-10-21 23:09:50,157 | INFO | ⏳ Esperando 30 segundos para el próximo ciclo...

2025-10-21 23:10:20,157 | INFO | 
🔍 CICLO 62 - 23:10:20
2025-10-21 23:10:20,157 | INFO | 📊 Monitoreando 2 posiciones activas...
2025-10-21 23:10:39,545 | INFO | 📊 Resumen ciclo 62:
2025-10-21 23:10:39,546 | INFO |    🎯 Señales detectadas: 0
2025-10-21 23:10:39,547 | INFO |    📈 Posiciones activas: 2
2025-10-21 23:10:39,547 | INFO |    💼 Posiciones:
2025-10-21 23:10:39,547 | INFO |       ADAUSDT: SELL @ $0.64
2025-10-21 23:10:39,547 | INFO |       AVAXUSDT: SELL @ $19.36
2025-10-21 23:10:39,547 | INFO | ⏳ Esperando 30 segundos para el próximo ciclo...

2025-10-21 23:11:09,549 | INFO | 
🔍 CICLO 63 - 23:11:09
2025-10-21 23:11:09,549 | INFO | 📊 Monitoreando 2 posiciones activas...
2025-10-21 23:11:29,674 | INFO | 📊 Resumen ciclo 63:
2025-10-21 23:11:29,674 | INFO |    🎯 Señales detectadas: 0
2025-10-21 23:11:29,674 | INFO |    📈 Posiciones activas: 2
2025-10-21 23:11:29,674 | INFO |    💼 Posiciones:
2025-10-21 23:11:29,674 | INFO |       ADAUSDT: SELL @ $0.64
2025-10-21 23:11:29,674 | INFO |       AVAXUSDT: SELL @ $19.36
2025-10-21 23:11:29,674 | INFO | ⏳ Esperando 30 segundos para el próximo ciclo...

2025-10-21 23:11:59,690 | INFO | 
🔍 CICLO 64 - 23:11:59
2025-10-21 23:11:59,690 | INFO | 📊 Monitoreando 2 posiciones activas...
2025-10-21 23:12:17,850 | INFO | 📊 Resumen ciclo 64:
2025-10-21 23:12:17,850 | INFO |    🎯 Señales detectadas: 0
2025-10-21 23:12:17,850 | INFO |    📈 Posiciones activas: 2
2025-10-21 23:12:17,852 | INFO |    💼 Posiciones:
2025-10-21 23:12:17,852 | INFO |       ADAUSDT: SELL @ $0.64
2025-10-21 23:12:17,852 | INFO |       AVAXUSDT: SELL @ $19.36
2025-10-21 23:12:17,852 | INFO | ⏳ Esperando 30 segundos para el próximo ciclo...

2025-10-21 23:12:47,854 | INFO | 
🔍 CICLO 65 - 23:12:47
2025-10-21 23:12:47,854 | INFO | 📊 Monitoreando 2 posiciones activas...
2025-10-21 23:13:07,118 | INFO | 📊 Resumen ciclo 65:
2025-10-21 23:13:07,120 | INFO |    🎯 Señales detectadas: 0
2025-10-21 23:13:07,120 | INFO |    📈 Posiciones activas: 2
2025-10-21 23:13:07,120 | INFO |    💼 Posiciones:
2025-10-21 23:13:07,120 | INFO |       ADAUSDT: SELL @ $0.64
2025-10-21 23:13:07,120 | INFO |       AVAXUSDT: SELL @ $19.36
2025-10-21 23:13:07,120 | INFO | ⏳ Esperando 30 segundos para el próximo ciclo...

2025-10-21 23:13:37,122 | INFO | 
🔍 CICLO 66 - 23:13:37
2025-10-21 23:13:37,122 | INFO | 📊 Monitoreando 2 posiciones activas...
2025-10-21 23:13:56,129 | INFO | 📊 Resumen ciclo 66:
2025-10-21 23:13:56,129 | INFO |    🎯 Señales detectadas: 0
2025-10-21 23:13:56,129 | INFO |    📈 Posiciones activas: 2
2025-10-21 23:13:56,129 | INFO |    💼 Posiciones:
2025-10-21 23:13:56,129 | INFO |       ADAUSDT: SELL @ $0.64
2025-10-21 23:13:56,129 | INFO |       AVAXUSDT: SELL @ $19.36
2025-10-21 23:13:56,129 | INFO | ⏳ Esperando 30 segundos para el próximo ciclo...

2025-10-21 23:14:26,135 | INFO | 
🔍 CICLO 67 - 23:14:26
2025-10-21 23:14:26,135 | INFO | 📊 Monitoreando 2 posiciones activas...
2025-10-21 23:14:45,043 | INFO | 📊 Resumen ciclo 67:
2025-10-21 23:14:45,043 | INFO |    🎯 Señales detectadas: 0
2025-10-21 23:14:45,043 | INFO |    📈 Posiciones activas: 2
2025-10-21 23:14:45,043 | INFO |    💼 Posiciones:
2025-10-21 23:14:45,043 | INFO |       ADAUSDT: SELL @ $0.64
2025-10-21 23:14:45,045 | INFO |       AVAXUSDT: SELL @ $19.36
2025-10-21 23:14:45,045 | INFO | ⏳ Esperando 30 segundos para el próximo ciclo...

2025-10-21 23:15:15,047 | INFO | 
🔍 CICLO 68 - 23:15:15
2025-10-21 23:15:15,047 | INFO | 📊 Monitoreando 2 posiciones activas...
2025-10-21 23:15:34,332 | INFO | 📊 Resumen ciclo 68:
2025-10-21 23:15:34,332 | INFO |    🎯 Señales detectadas: 0
2025-10-21 23:15:34,332 | INFO |    📈 Posiciones activas: 2
2025-10-21 23:15:34,332 | INFO |    💼 Posiciones:
2025-10-21 23:15:34,332 | INFO |       ADAUSDT: SELL @ $0.64
2025-10-21 23:15:34,332 | INFO |       AVAXUSDT: SELL @ $19.36
2025-10-21 23:15:34,332 | INFO | ⏳ Esperando 30 segundos para el próximo ciclo...

2025-10-21 23:16:04,336 | INFO | 
🔍 CICLO 69 - 23:16:04
2025-10-21 23:16:04,336 | INFO | 📊 Monitoreando 2 posiciones activas...
2025-10-21 23:16:23,256 | INFO | 📊 Resumen ciclo 69:
2025-10-21 23:16:23,256 | INFO |    🎯 Señales detectadas: 0
2025-10-21 23:16:23,256 | INFO |    📈 Posiciones activas: 2
2025-10-21 23:16:23,256 | INFO |    💼 Posiciones:
2025-10-21 23:16:23,256 | INFO |       ADAUSDT: SELL @ $0.64
2025-10-21 23:16:23,256 | INFO |       AVAXUSDT: SELL @ $19.36
2025-10-21 23:16:23,256 | INFO | ⏳ Esperando 30 segundos para el próximo ciclo...

2025-10-21 23:16:53,262 | INFO | 
🔍 CICLO 70 - 23:16:53
2025-10-21 23:16:53,262 | INFO | 📊 Monitoreando 2 posiciones activas...
2025-10-21 23:17:11,850 | INFO | 📊 Resumen ciclo 70:
2025-10-21 23:17:11,852 | INFO |    🎯 Señales detectadas: 0
2025-10-21 23:17:11,852 | INFO |    📈 Posiciones activas: 2
2025-10-21 23:17:11,852 | INFO |    💼 Posiciones:
2025-10-21 23:17:11,852 | INFO |       ADAUSDT: SELL @ $0.64
2025-10-21 23:17:11,854 | INFO |       AVAXUSDT: SELL @ $19.36
2025-10-21 23:17:11,854 | INFO | ⏳ Esperando 30 segundos para el próximo ciclo...

2025-10-21 23:17:41,857 | INFO | 
🔍 CICLO 71 - 23:17:41
2025-10-21 23:17:41,857 | INFO | 📊 Monitoreando 2 posiciones activas...
2025-10-21 23:18:01,786 | INFO | 📊 Resumen ciclo 71:
2025-10-21 23:18:01,786 | INFO |    🎯 Señales detectadas: 0
2025-10-21 23:18:01,786 | INFO |    📈 Posiciones activas: 2
2025-10-21 23:18:01,786 | INFO |    💼 Posiciones:
2025-10-21 23:18:01,786 | INFO |       ADAUSDT: SELL @ $0.64
2025-10-21 23:18:01,786 | INFO |       AVAXUSDT: SELL @ $19.36
2025-10-21 23:18:01,787 | INFO | ⏳ Esperando 30 segundos para el próximo ciclo...

2025-10-21 23:18:31,788 | INFO | 
🔍 CICLO 72 - 23:18:31
2025-10-21 23:18:31,788 | INFO | 📊 Monitoreando 2 posiciones activas...
2025-10-21 23:18:50,042 | INFO | 📊 Resumen ciclo 72:
2025-10-21 23:18:50,042 | INFO |    🎯 Señales detectadas: 0
2025-10-21 23:18:50,042 | INFO |    📈 Posiciones activas: 2
2025-10-21 23:18:50,042 | INFO |    💼 Posiciones:
2025-10-21 23:18:50,042 | INFO |       ADAUSDT: SELL @ $0.64
2025-10-21 23:18:50,042 | INFO |       AVAXUSDT: SELL @ $19.36
2025-10-21 23:18:50,042 | INFO | ⏳ Esperando 30 segundos para el próximo ciclo...

2025-10-21 23:19:20,046 | INFO | 
🔍 CICLO 73 - 23:19:20
2025-10-21 23:19:20,046 | INFO | 📊 Monitoreando 2 posiciones activas...
2025-10-21 23:19:39,316 | INFO | 📊 Resumen ciclo 73:
2025-10-21 23:19:39,318 | INFO |    🎯 Señales detectadas: 0
2025-10-21 23:19:39,318 | INFO |    📈 Posiciones activas: 2
2025-10-21 23:19:39,318 | INFO |    💼 Posiciones:
2025-10-21 23:19:39,318 | INFO |       ADAUSDT: SELL @ $0.64
2025-10-21 23:19:39,318 | INFO |       AVAXUSDT: SELL @ $19.36
2025-10-21 23:19:39,318 | INFO | ⏳ Esperando 30 segundos para el próximo ciclo...

2025-10-21 23:20:09,320 | INFO | 
🔍 CICLO 74 - 23:20:09
2025-10-21 23:20:09,321 | INFO | 📊 Monitoreando 2 posiciones activas...
2025-10-21 23:20:29,875 | INFO | 📊 Resumen ciclo 74:
2025-10-21 23:20:29,875 | INFO |    🎯 Señales detectadas: 0
2025-10-21 23:20:29,875 | INFO |    📈 Posiciones activas: 2
2025-10-21 23:20:29,889 | INFO |    💼 Posiciones:
2025-10-21 23:20:29,889 | INFO |       ADAUSDT: SELL @ $0.64
2025-10-21 23:20:29,889 | INFO |       AVAXUSDT: SELL @ $19.36
2025-10-21 23:20:29,889 | INFO | ⏳ Esperando 30 segundos para el próximo ciclo...

2025-10-21 23:20:59,891 | INFO | 
🔍 CICLO 75 - 23:20:59
2025-10-21 23:20:59,891 | INFO | 📊 Monitoreando 2 posiciones activas...
2025-10-21 23:21:18,576 | INFO | 📊 Resumen ciclo 75:
2025-10-21 23:21:18,578 | INFO |    🎯 Señales detectadas: 0
2025-10-21 23:21:18,578 | INFO |    📈 Posiciones activas: 2
2025-10-21 23:21:18,578 | INFO |    💼 Posiciones:
2025-10-21 23:21:18,578 | INFO |       ADAUSDT: SELL @ $0.64
2025-10-21 23:21:18,578 | INFO |       AVAXUSDT: SELL @ $19.36
2025-10-21 23:21:18,580 | INFO | ⏳ Esperando 30 segundos para el próximo ciclo...

2025-10-21 23:21:48,581 | INFO | 
🔍 CICLO 76 - 23:21:48
2025-10-21 23:21:48,581 | INFO | 📊 Monitoreando 2 posiciones activas...
2025-10-21 23:22:07,944 | INFO | 📊 Resumen ciclo 76:
2025-10-21 23:22:07,944 | INFO |    🎯 Señales detectadas: 0
2025-10-21 23:22:07,945 | INFO |    📈 Posiciones activas: 2
2025-10-21 23:22:07,945 | INFO |    💼 Posiciones:
2025-10-21 23:22:07,945 | INFO |       ADAUSDT: SELL @ $0.64
2025-10-21 23:22:07,945 | INFO |       AVAXUSDT: SELL @ $19.36
2025-10-21 23:22:07,945 | INFO | ⏳ Esperando 30 segundos para el próximo ciclo...

2025-10-21 23:22:37,947 | INFO | 
🔍 CICLO 77 - 23:22:37
2025-10-21 23:22:37,947 | INFO | 📊 Monitoreando 2 posiciones activas...
2025-10-21 23:22:57,549 | INFO | 📊 Resumen ciclo 77:
2025-10-21 23:22:57,551 | INFO |    🎯 Señales detectadas: 0
2025-10-21 23:22:57,551 | INFO |    📈 Posiciones activas: 2
2025-10-21 23:22:57,553 | INFO |    💼 Posiciones:
2025-10-21 23:22:57,553 | INFO |       ADAUSDT: SELL @ $0.64
2025-10-21 23:22:57,553 | INFO |       AVAXUSDT: SELL @ $19.36
2025-10-21 23:22:57,555 | INFO | ⏳ Esperando 30 segundos para el próximo ciclo...

2025-10-21 23:23:27,556 | INFO | 
🔍 CICLO 78 - 23:23:27
2025-10-21 23:23:27,556 | INFO | 📊 Monitoreando 2 posiciones activas...
2025-10-21 23:23:47,067 | INFO | 📊 Resumen ciclo 78:
2025-10-21 23:23:47,069 | INFO |    🎯 Señales detectadas: 0
2025-10-21 23:23:47,069 | INFO |    📈 Posiciones activas: 2
2025-10-21 23:23:47,069 | INFO |    💼 Posiciones:
2025-10-21 23:23:47,069 | INFO |       ADAUSDT: SELL @ $0.64
2025-10-21 23:23:47,069 | INFO |       AVAXUSDT: SELL @ $19.36
2025-10-21 23:23:47,069 | INFO | ⏳ Esperando 30 segundos para el próximo ciclo...

2025-10-21 23:24:17,071 | INFO | 
🔍 CICLO 79 - 23:24:17
2025-10-21 23:24:17,071 | INFO | 📊 Monitoreando 2 posiciones activas...
2025-10-21 23:24:35,445 | INFO | 📊 Resumen ciclo 79:
2025-10-21 23:24:35,445 | INFO |    🎯 Señales detectadas: 0
2025-10-21 23:24:35,445 | INFO |    📈 Posiciones activas: 2
2025-10-21 23:24:35,445 | INFO |    💼 Posiciones:
2025-10-21 23:24:35,448 | INFO |       ADAUSDT: SELL @ $0.64
2025-10-21 23:24:35,448 | INFO |       AVAXUSDT: SELL @ $19.36
2025-10-21 23:24:35,448 | INFO | ⏳ Esperando 30 segundos para el próximo ciclo...

2025-10-21 23:25:05,449 | INFO | 
🔍 CICLO 80 - 23:25:05
2025-10-21 23:25:05,449 | INFO | 📊 Monitoreando 2 posiciones activas...
2025-10-21 23:25:24,714 | INFO | 📊 Resumen ciclo 80:
2025-10-21 23:25:24,714 | INFO |    🎯 Señales detectadas: 0
2025-10-21 23:25:24,714 | INFO |    📈 Posiciones activas: 2
2025-10-21 23:25:24,714 | INFO |    💼 Posiciones:
2025-10-21 23:25:24,714 | INFO |       ADAUSDT: SELL @ $0.64
2025-10-21 23:25:24,714 | INFO |       AVAXUSDT: SELL @ $19.36
2025-10-21 23:25:24,714 | INFO | ⏳ Esperando 30 segundos para el próximo ciclo...

2025-10-21 23:25:54,726 | INFO | 
🔍 CICLO 81 - 23:25:54
2025-10-21 23:25:54,726 | INFO | 📊 Monitoreando 2 posiciones activas...
2025-10-21 23:26:14,470 | INFO | 📊 Resumen ciclo 81:
2025-10-21 23:26:14,470 | INFO |    🎯 Señales detectadas: 0
2025-10-21 23:26:14,470 | INFO |    📈 Posiciones activas: 2
2025-10-21 23:26:14,470 | INFO |    💼 Posiciones:
2025-10-21 23:26:14,470 | INFO |       ADAUSDT: SELL @ $0.64
2025-10-21 23:26:14,470 | INFO |       AVAXUSDT: SELL @ $19.36
2025-10-21 23:26:14,470 | INFO | ⏳ Esperando 30 segundos para el próximo ciclo...

2025-10-21 23:26:44,473 | INFO | 
🔍 CICLO 82 - 23:26:44
2025-10-21 23:26:44,473 | INFO | 📊 Monitoreando 2 posiciones activas...
2025-10-21 23:27:03,109 | INFO | 📊 Resumen ciclo 82:
2025-10-21 23:27:03,109 | INFO |    🎯 Señales detectadas: 0
2025-10-21 23:27:03,109 | INFO |    📈 Posiciones activas: 2
2025-10-21 23:27:03,109 | INFO |    💼 Posiciones:
2025-10-21 23:27:03,109 | INFO |       ADAUSDT: SELL @ $0.64
2025-10-21 23:27:03,109 | INFO |       AVAXUSDT: SELL @ $19.36
2025-10-21 23:27:03,109 | INFO | ⏳ Esperando 30 segundos para el próximo ciclo...

2025-10-21 23:27:33,119 | INFO | 
🔍 CICLO 83 - 23:27:33
2025-10-21 23:27:33,119 | INFO | 📊 Monitoreando 2 posiciones activas...
2025-10-21 23:27:51,969 | INFO | 📊 Resumen ciclo 83:
2025-10-21 23:27:51,969 | INFO |    🎯 Señales detectadas: 0
2025-10-21 23:27:51,969 | INFO |    📈 Posiciones activas: 2
2025-10-21 23:27:51,969 | INFO |    💼 Posiciones:
2025-10-21 23:27:51,969 | INFO |       ADAUSDT: SELL @ $0.64
2025-10-21 23:27:51,969 | INFO |       AVAXUSDT: SELL @ $19.36
2025-10-21 23:27:51,969 | INFO | ⏳ Esperando 30 segundos para el próximo ciclo...

2025-10-21 23:28:21,975 | INFO | 
🔍 CICLO 84 - 23:28:21
2025-10-21 23:28:21,977 | INFO | 📊 Monitoreando 2 posiciones activas...
2025-10-21 23:28:39,919 | INFO | 📊 Resumen ciclo 84:
2025-10-21 23:28:39,919 | INFO |    🎯 Señales detectadas: 0
2025-10-21 23:28:39,919 | INFO |    📈 Posiciones activas: 2
2025-10-21 23:28:39,919 | INFO |    💼 Posiciones:
2025-10-21 23:28:39,919 | INFO |       ADAUSDT: SELL @ $0.64
2025-10-21 23:28:39,919 | INFO |       AVAXUSDT: SELL @ $19.36
2025-10-21 23:28:39,919 | INFO | ⏳ Esperando 30 segundos para el próximo ciclo...

2025-10-21 23:29:09,933 | INFO | 
🔍 CICLO 85 - 23:29:09
2025-10-21 23:29:09,933 | INFO | 📊 Monitoreando 2 posiciones activas...
2025-10-21 23:29:29,910 | INFO | 📊 Resumen ciclo 85:
2025-10-21 23:29:29,912 | INFO |    🎯 Señales detectadas: 0
2025-10-21 23:29:29,912 | INFO |    📈 Posiciones activas: 2
2025-10-21 23:29:29,912 | INFO |    💼 Posiciones:
2025-10-21 23:29:29,914 | INFO |       ADAUSDT: SELL @ $0.64
2025-10-21 23:29:29,914 | INFO |       AVAXUSDT: SELL @ $19.36
2025-10-21 23:29:29,914 | INFO | ⏳ Esperando 30 segundos para el próximo ciclo...

2025-10-21 23:29:59,915 | INFO | 
🔍 CICLO 86 - 23:29:59
2025-10-21 23:29:59,915 | INFO | 📊 Monitoreando 2 posiciones activas...
2025-10-21 23:30:20,045 | INFO | 📊 Resumen ciclo 86:
2025-10-21 23:30:20,045 | INFO |    🎯 Señales detectadas: 0
2025-10-21 23:30:20,061 | INFO |    📈 Posiciones activas: 2
2025-10-21 23:30:20,061 | INFO |    💼 Posiciones:
2025-10-21 23:30:20,061 | INFO |       ADAUSDT: SELL @ $0.64
2025-10-21 23:30:20,061 | INFO |       AVAXUSDT: SELL @ $19.36
2025-10-21 23:30:20,062 | INFO | ⏳ Esperando 30 segundos para el próximo ciclo...

2025-10-21 23:30:50,063 | INFO | 
🔍 CICLO 87 - 23:30:50
2025-10-21 23:30:50,063 | INFO | 📊 Monitoreando 2 posiciones activas...
2025-10-21 23:31:10,237 | INFO | 📊 Resumen ciclo 87:
2025-10-21 23:31:10,237 | INFO |    🎯 Señales detectadas: 0
2025-10-21 23:31:10,237 | INFO |    📈 Posiciones activas: 2
2025-10-21 23:31:10,237 | INFO |    💼 Posiciones:
2025-10-21 23:31:10,237 | INFO |       ADAUSDT: SELL @ $0.64
2025-10-21 23:31:10,237 | INFO |       AVAXUSDT: SELL @ $19.36
2025-10-21 23:31:10,237 | INFO | ⏳ Esperando 30 segundos para el próximo ciclo...

2025-10-21 23:31:40,241 | INFO | 
🔍 CICLO 88 - 23:31:40
2025-10-21 23:31:40,241 | INFO | 📊 Monitoreando 2 posiciones activas...
2025-10-21 23:31:57,235 | INFO | 📊 Resumen ciclo 88:
2025-10-21 23:31:57,235 | INFO |    🎯 Señales detectadas: 0
2025-10-21 23:31:57,235 | INFO |    📈 Posiciones activas: 2
2025-10-21 23:31:57,235 | INFO |    💼 Posiciones:
2025-10-21 23:31:57,235 | INFO |       ADAUSDT: SELL @ $0.64
2025-10-21 23:31:57,235 | INFO |       AVAXUSDT: SELL @ $19.36
2025-10-21 23:31:57,235 | INFO | ⏳ Esperando 30 segundos para el próximo ciclo...

2025-10-21 23:32:27,242 | INFO | 
🔍 CICLO 89 - 23:32:27
2025-10-21 23:32:27,242 | INFO | 📊 Monitoreando 2 posiciones activas...
2025-10-21 23:32:45,811 | INFO | 📊 Resumen ciclo 89:
2025-10-21 23:32:45,812 | INFO |    🎯 Señales detectadas: 0
2025-10-21 23:32:45,814 | INFO |    📈 Posiciones activas: 2
2025-10-21 23:32:45,814 | INFO |    💼 Posiciones:
2025-10-21 23:32:45,815 | INFO |       ADAUSDT: SELL @ $0.64
2025-10-21 23:32:45,815 | INFO |       AVAXUSDT: SELL @ $19.36
2025-10-21 23:32:45,816 | INFO | ⏳ Esperando 30 segundos para el próximo ciclo...

2025-10-21 23:33:15,817 | INFO | 
🔍 CICLO 90 - 23:33:15
2025-10-21 23:33:15,817 | INFO | 📊 Monitoreando 2 posiciones activas...
2025-10-21 23:33:33,863 | INFO | 📊 Resumen ciclo 90:
2025-10-21 23:33:33,863 | INFO |    🎯 Señales detectadas: 0
2025-10-21 23:33:33,863 | INFO |    📈 Posiciones activas: 2
2025-10-21 23:33:33,865 | INFO |    💼 Posiciones:
2025-10-21 23:33:33,865 | INFO |       ADAUSDT: SELL @ $0.64
2025-10-21 23:33:33,865 | INFO |       AVAXUSDT: SELL @ $19.36
2025-10-21 23:33:33,865 | INFO | ⏳ Esperando 30 segundos para el próximo ciclo...

2025-10-21 23:34:03,867 | INFO | 
🔍 CICLO 91 - 23:34:03
2025-10-21 23:34:03,867 | INFO | 📊 Monitoreando 2 posiciones activas...
2025-10-21 23:34:22,017 | INFO | 📊 Resumen ciclo 91:
2025-10-21 23:34:22,017 | INFO |    🎯 Señales detectadas: 0
2025-10-21 23:34:22,017 | INFO |    📈 Posiciones activas: 2
2025-10-21 23:34:22,017 | INFO |    💼 Posiciones:
2025-10-21 23:34:22,017 | INFO |       ADAUSDT: SELL @ $0.64
2025-10-21 23:34:22,019 | INFO |       AVAXUSDT: SELL @ $19.36
2025-10-21 23:34:22,019 | INFO | ⏳ Esperando 30 segundos para el próximo ciclo...

2025-10-21 23:34:52,020 | INFO | 
🔍 CICLO 92 - 23:34:52
2025-10-21 23:34:52,020 | INFO | 📊 Monitoreando 2 posiciones activas...
2025-10-21 23:35:09,273 | INFO | 📊 Resumen ciclo 92:
2025-10-21 23:35:09,279 | INFO |    🎯 Señales detectadas: 0
2025-10-21 23:35:09,279 | INFO |    📈 Posiciones activas: 2
2025-10-21 23:35:09,279 | INFO |    💼 Posiciones:
2025-10-21 23:35:09,281 | INFO |       ADAUSDT: SELL @ $0.64
2025-10-21 23:35:09,281 | INFO |       AVAXUSDT: SELL @ $19.36
2025-10-21 23:35:09,281 | INFO | ⏳ Esperando 30 segundos para el próximo ciclo...

2025-10-21 23:35:39,283 | INFO | 
🔍 CICLO 93 - 23:35:39
2025-10-21 23:35:39,283 | INFO | 📊 Monitoreando 2 posiciones activas...
2025-10-21 23:35:57,446 | INFO | 📊 Resumen ciclo 93:
2025-10-21 23:35:57,446 | INFO |    🎯 Señales detectadas: 0
2025-10-21 23:35:57,446 | INFO |    📈 Posiciones activas: 2
2025-10-21 23:35:57,446 | INFO |    💼 Posiciones:
2025-10-21 23:35:57,454 | INFO |       ADAUSDT: SELL @ $0.64
2025-10-21 23:35:57,454 | INFO |       AVAXUSDT: SELL @ $19.36
2025-10-21 23:35:57,454 | INFO | ⏳ Esperando 30 segundos para el próximo ciclo...

2025-10-21 23:36:27,455 | INFO | 
🔍 CICLO 94 - 23:36:27
2025-10-21 23:36:27,455 | INFO | 📊 Monitoreando 2 posiciones activas...
2025-10-21 23:36:46,152 | INFO | 📊 Resumen ciclo 94:
2025-10-21 23:36:46,152 | INFO |    🎯 Señales detectadas: 0
2025-10-21 23:36:46,152 | INFO |    📈 Posiciones activas: 2
2025-10-21 23:36:46,153 | INFO |    💼 Posiciones:
2025-10-21 23:36:46,153 | INFO |       ADAUSDT: SELL @ $0.64
2025-10-21 23:36:46,153 | INFO |       AVAXUSDT: SELL @ $19.36
2025-10-21 23:36:46,153 | INFO | ⏳ Esperando 30 segundos para el próximo ciclo...

2025-10-21 23:37:16,154 | INFO | 
🔍 CICLO 95 - 23:37:16
2025-10-21 23:37:16,155 | INFO | 📊 Monitoreando 2 posiciones activas...
2025-10-21 23:37:34,752 | INFO | 📊 Resumen ciclo 95:
2025-10-21 23:37:34,752 | INFO |    🎯 Señales detectadas: 0
2025-10-21 23:37:34,752 | INFO |    📈 Posiciones activas: 2
2025-10-21 23:37:34,754 | INFO |    💼 Posiciones:
2025-10-21 23:37:34,754 | INFO |       ADAUSDT: SELL @ $0.64
2025-10-21 23:37:34,754 | INFO |       AVAXUSDT: SELL @ $19.36
2025-10-21 23:37:34,754 | INFO | ⏳ Esperando 30 segundos para el próximo ciclo...

2025-10-21 23:38:04,756 | INFO | 
🔍 CICLO 96 - 23:38:04
2025-10-21 23:38:04,756 | INFO | 📊 Monitoreando 2 posiciones activas...
2025-10-21 23:38:22,624 | INFO | 📊 Resumen ciclo 96:
2025-10-21 23:38:22,625 | INFO |    🎯 Señales detectadas: 0
2025-10-21 23:38:22,625 | INFO |    📈 Posiciones activas: 2
2025-10-21 23:38:22,625 | INFO |    💼 Posiciones:
2025-10-21 23:38:22,625 | INFO |       ADAUSDT: SELL @ $0.64
2025-10-21 23:38:22,626 | INFO |       AVAXUSDT: SELL @ $19.36
2025-10-21 23:38:22,626 | INFO | ⏳ Esperando 30 segundos para el próximo ciclo...

2025-10-21 23:38:52,627 | INFO | 
🔍 CICLO 97 - 23:38:52
2025-10-21 23:38:52,627 | INFO | 📊 Monitoreando 2 posiciones activas...
2025-10-21 23:39:13,118 | INFO | 📊 Resumen ciclo 97:
2025-10-21 23:39:13,119 | INFO |    🎯 Señales detectadas: 0
2025-10-21 23:39:13,119 | INFO |    📈 Posiciones activas: 2
2025-10-21 23:39:13,119 | INFO |    💼 Posiciones:
2025-10-21 23:39:13,120 | INFO |       ADAUSDT: SELL @ $0.64
2025-10-21 23:39:13,121 | INFO |       AVAXUSDT: SELL @ $19.36
2025-10-21 23:39:13,121 | INFO | ⏳ Esperando 30 segundos para el próximo ciclo...

2025-10-21 23:39:43,122 | INFO | 
🔍 CICLO 98 - 23:39:43
2025-10-21 23:39:43,123 | INFO | 📊 Monitoreando 2 posiciones activas...
2025-10-21 23:40:01,002 | INFO | 📊 Resumen ciclo 98:
2025-10-21 23:40:01,002 | INFO |    🎯 Señales detectadas: 0
2025-10-21 23:40:01,002 | INFO |    📈 Posiciones activas: 2
2025-10-21 23:40:01,002 | INFO |    💼 Posiciones:
2025-10-21 23:40:01,002 | INFO |       ADAUSDT: SELL @ $0.64
2025-10-21 23:40:01,002 | INFO |       AVAXUSDT: SELL @ $19.36
2025-10-21 23:40:01,002 | INFO | ⏳ Esperando 30 segundos para el próximo ciclo...

2025-10-21 23:40:31,006 | INFO | 
🔍 CICLO 99 - 23:40:31
2025-10-21 23:40:31,006 | INFO | 📊 Monitoreando 2 posiciones activas...
2025-10-21 23:40:50,600 | INFO | 📊 Resumen ciclo 99:
2025-10-21 23:40:50,602 | INFO |    🎯 Señales detectadas: 0
2025-10-21 23:40:50,602 | INFO |    📈 Posiciones activas: 2
2025-10-21 23:40:50,602 | INFO |    💼 Posiciones:
2025-10-21 23:40:50,603 | INFO |       ADAUSDT: SELL @ $0.64
2025-10-21 23:40:50,603 | INFO |       AVAXUSDT: SELL @ $19.36
2025-10-21 23:40:50,603 | INFO | ⏳ Esperando 30 segundos para el próximo ciclo...

2025-10-21 23:41:20,605 | INFO | 
🔍 CICLO 100 - 23:41:20
2025-10-21 23:41:20,605 | INFO | 📊 Monitoreando 2 posiciones activas...
2025-10-21 23:41:40,300 | INFO | 📊 Resumen ciclo 100:
2025-10-21 23:41:40,300 | INFO |    🎯 Señales detectadas: 0
2025-10-21 23:41:40,300 | INFO |    📈 Posiciones activas: 2
2025-10-21 23:41:40,300 | INFO |    💼 Posiciones:
2025-10-21 23:41:40,301 | INFO |       ADAUSDT: SELL @ $0.64
2025-10-21 23:41:40,301 | INFO |       AVAXUSDT: SELL @ $19.36
2025-10-21 23:41:40,301 | INFO | ⏳ Esperando 30 segundos para el próximo ciclo...

2025-10-21 23:42:10,302 | INFO | 
🔍 CICLO 101 - 23:42:10
2025-10-21 23:42:10,302 | INFO | 📊 Monitoreando 2 posiciones activas...
2025-10-21 23:42:29,644 | INFO | 📊 Resumen ciclo 101:
2025-10-21 23:42:29,645 | INFO |    🎯 Señales detectadas: 0
2025-10-21 23:42:29,646 | INFO |    📈 Posiciones activas: 2
2025-10-21 23:42:29,646 | INFO |    💼 Posiciones:
2025-10-21 23:42:29,647 | INFO |       ADAUSDT: SELL @ $0.64
2025-10-21 23:42:29,647 | INFO |       AVAXUSDT: SELL @ $19.36
2025-10-21 23:42:29,648 | INFO | ⏳ Esperando 30 segundos para el próximo ciclo...

2025-10-21 23:42:59,649 | INFO | 
🔍 CICLO 102 - 23:42:59
2025-10-21 23:42:59,649 | INFO | 📊 Monitoreando 2 posiciones activas...
2025-10-21 23:43:19,322 | INFO | 📊 Resumen ciclo 102:
2025-10-21 23:43:19,322 | INFO |    🎯 Señales detectadas: 0
2025-10-21 23:43:19,323 | INFO |    📈 Posiciones activas: 2
2025-10-21 23:43:19,323 | INFO |    💼 Posiciones:
2025-10-21 23:43:19,323 | INFO |       ADAUSDT: SELL @ $0.64
2025-10-21 23:43:19,323 | INFO |       AVAXUSDT: SELL @ $19.36
2025-10-21 23:43:19,323 | INFO | ⏳ Esperando 30 segundos para el próximo ciclo...

2025-10-21 23:43:49,325 | INFO | 
🔍 CICLO 103 - 23:43:49
2025-10-21 23:43:49,325 | INFO | 📊 Monitoreando 2 posiciones activas...
2025-10-21 23:44:10,204 | INFO | 📊 Resumen ciclo 103:
2025-10-21 23:44:10,206 | INFO |    🎯 Señales detectadas: 0
2025-10-21 23:44:10,206 | INFO |    📈 Posiciones activas: 2
2025-10-21 23:44:10,208 | INFO |    💼 Posiciones:
2025-10-21 23:44:10,208 | INFO |       ADAUSDT: SELL @ $0.64
2025-10-21 23:44:10,208 | INFO |       AVAXUSDT: SELL @ $19.36
2025-10-21 23:44:10,210 | INFO | ⏳ Esperando 30 segundos para el próximo ciclo...

2025-10-21 23:44:40,211 | INFO | 
🔍 CICLO 104 - 23:44:40
2025-10-21 23:44:40,211 | INFO | 📊 Monitoreando 2 posiciones activas...
2025-10-21 23:45:00,228 | INFO | 📊 Resumen ciclo 104:
2025-10-21 23:45:00,229 | INFO |    🎯 Señales detectadas: 0
2025-10-21 23:45:00,230 | INFO |    📈 Posiciones activas: 2
2025-10-21 23:45:00,230 | INFO |    💼 Posiciones:
2025-10-21 23:45:00,231 | INFO |       ADAUSDT: SELL @ $0.64
2025-10-21 23:45:00,231 | INFO |       AVAXUSDT: SELL @ $19.36
2025-10-21 23:45:00,232 | INFO | ⏳ Esperando 30 segundos para el próximo ciclo...

2025-10-21 23:45:30,232 | INFO | 
🔍 CICLO 105 - 23:45:30
2025-10-21 23:45:30,232 | INFO | 📊 Monitoreando 2 posiciones activas...
2025-10-21 23:45:50,191 | INFO | 📊 Resumen ciclo 105:
2025-10-21 23:45:50,191 | INFO |    🎯 Señales detectadas: 0
2025-10-21 23:45:50,191 | INFO |    📈 Posiciones activas: 2
2025-10-21 23:45:50,191 | INFO |    💼 Posiciones:
2025-10-21 23:45:50,193 | INFO |       ADAUSDT: SELL @ $0.64
2025-10-21 23:45:50,193 | INFO |       AVAXUSDT: SELL @ $19.36
2025-10-21 23:45:50,193 | INFO | ⏳ Esperando 30 segundos para el próximo ciclo...

2025-10-21 23:46:20,194 | INFO | 
🔍 CICLO 106 - 23:46:20
2025-10-21 23:46:20,194 | INFO | 📊 Monitoreando 2 posiciones activas...
2025-10-21 23:46:40,742 | INFO | 📊 Resumen ciclo 106:
2025-10-21 23:46:40,743 | INFO |    🎯 Señales detectadas: 0
2025-10-21 23:46:40,743 | INFO |    📈 Posiciones activas: 2
2025-10-21 23:46:40,743 | INFO |    💼 Posiciones:
2025-10-21 23:46:40,743 | INFO |       ADAUSDT: SELL @ $0.64
2025-10-21 23:46:40,743 | INFO |       AVAXUSDT: SELL @ $19.36
2025-10-21 23:46:40,744 | INFO | ⏳ Esperando 30 segundos para el próximo ciclo...

2025-10-21 23:47:10,745 | INFO | 
🔍 CICLO 107 - 23:47:10
2025-10-21 23:47:10,756 | INFO | 📊 Monitoreando 2 posiciones activas...
2025-10-21 23:47:29,882 | INFO | 📊 Resumen ciclo 107:
2025-10-21 23:47:29,882 | INFO |    🎯 Señales detectadas: 0
2025-10-21 23:47:29,883 | INFO |    📈 Posiciones activas: 2
2025-10-21 23:47:29,883 | INFO |    💼 Posiciones:
2025-10-21 23:47:29,883 | INFO |       ADAUSDT: SELL @ $0.64
2025-10-21 23:47:29,883 | INFO |       AVAXUSDT: SELL @ $19.36
2025-10-21 23:47:29,883 | INFO | ⏳ Esperando 30 segundos para el próximo ciclo...

2025-10-21 23:47:59,885 | INFO | 
🔍 CICLO 108 - 23:47:59
2025-10-21 23:47:59,885 | INFO | 📊 Monitoreando 2 posiciones activas...
2025-10-21 23:48:22,058 | INFO | 📊 Resumen ciclo 108:
2025-10-21 23:48:22,058 | INFO |    🎯 Señales detectadas: 0
2025-10-21 23:48:22,058 | INFO |    📈 Posiciones activas: 2
2025-10-21 23:48:22,058 | INFO |    💼 Posiciones:
2025-10-21 23:48:22,058 | INFO |       ADAUSDT: SELL @ $0.64
2025-10-21 23:48:22,058 | INFO |       AVAXUSDT: SELL @ $19.36
2025-10-21 23:48:22,058 | INFO | ⏳ Esperando 30 segundos para el próximo ciclo...

2025-10-21 23:48:52,061 | INFO | 
🔍 CICLO 109 - 23:48:52
2025-10-21 23:48:52,061 | INFO | 📊 Monitoreando 2 posiciones activas...
2025-10-21 23:49:12,564 | INFO | 📊 Resumen ciclo 109:
2025-10-21 23:49:12,564 | INFO |    🎯 Señales detectadas: 0
2025-10-21 23:49:12,565 | INFO |    📈 Posiciones activas: 2
2025-10-21 23:49:12,565 | INFO |    💼 Posiciones:
2025-10-21 23:49:12,565 | INFO |       ADAUSDT: SELL @ $0.64
2025-10-21 23:49:12,565 | INFO |       AVAXUSDT: SELL @ $19.36
2025-10-21 23:49:12,565 | INFO | ⏳ Esperando 30 segundos para el próximo ciclo...

2025-10-21 23:49:42,567 | INFO | 
🔍 CICLO 110 - 23:49:42
2025-10-21 23:49:42,567 | INFO | 📊 Monitoreando 2 posiciones activas...
2025-10-21 23:50:00,848 | INFO | 📊 Resumen ciclo 110:
2025-10-21 23:50:00,854 | INFO |    🎯 Señales detectadas: 0
2025-10-21 23:50:00,854 | INFO |    📈 Posiciones activas: 2
2025-10-21 23:50:00,854 | INFO |    💼 Posiciones:
2025-10-21 23:50:00,854 | INFO |       ADAUSDT: SELL @ $0.64
2025-10-21 23:50:00,854 | INFO |       AVAXUSDT: SELL @ $19.36
2025-10-21 23:50:00,854 | INFO | ⏳ Esperando 30 segundos para el próximo ciclo...

2025-10-21 23:50:30,857 | INFO | 
🔍 CICLO 111 - 23:50:30
2025-10-21 23:50:30,857 | INFO | 📊 Monitoreando 2 posiciones activas...
2025-10-21 23:50:48,510 | INFO | 📊 Resumen ciclo 111:
2025-10-21 23:50:48,512 | INFO |    🎯 Señales detectadas: 0
2025-10-21 23:50:48,512 | INFO |    📈 Posiciones activas: 2
2025-10-21 23:50:48,512 | INFO |    💼 Posiciones:
2025-10-21 23:50:48,513 | INFO |       ADAUSDT: SELL @ $0.64
2025-10-21 23:50:48,513 | INFO |       AVAXUSDT: SELL @ $19.36
2025-10-21 23:50:48,513 | INFO | ⏳ Esperando 30 segundos para el próximo ciclo...

2025-10-21 23:51:18,515 | INFO | 
🔍 CICLO 112 - 23:51:18
2025-10-21 23:51:18,515 | INFO | 📊 Monitoreando 2 posiciones activas...
2025-10-21 23:51:36,584 | INFO | 📊 Resumen ciclo 112:
2025-10-21 23:51:36,586 | INFO |    🎯 Señales detectadas: 0
2025-10-21 23:51:36,586 | INFO |    📈 Posiciones activas: 2
2025-10-21 23:51:36,586 | INFO |    💼 Posiciones:
2025-10-21 23:51:36,586 | INFO |       ADAUSDT: SELL @ $0.64
2025-10-21 23:51:36,586 | INFO |       AVAXUSDT: SELL @ $19.36
2025-10-21 23:51:36,586 | INFO | ⏳ Esperando 30 segundos para el próximo ciclo...

2025-10-21 23:52:06,588 | INFO | 
🔍 CICLO 113 - 23:52:06
2025-10-21 23:52:06,588 | INFO | 📊 Monitoreando 2 posiciones activas...
2025-10-21 23:52:22,853 | INFO | 📊 Resumen ciclo 113:
2025-10-21 23:52:22,853 | INFO |    🎯 Señales detectadas: 0
2025-10-21 23:52:22,853 | INFO |    📈 Posiciones activas: 2
2025-10-21 23:52:22,853 | INFO |    💼 Posiciones:
2025-10-21 23:52:22,853 | INFO |       ADAUSDT: SELL @ $0.64
2025-10-21 23:52:22,853 | INFO |       AVAXUSDT: SELL @ $19.36
2025-10-21 23:52:22,853 | INFO | ⏳ Esperando 30 segundos para el próximo ciclo...

2025-10-21 23:52:52,860 | INFO | 
🔍 CICLO 114 - 23:52:52
2025-10-21 23:52:52,860 | INFO | 📊 Monitoreando 2 posiciones activas...
2025-10-21 23:53:09,568 | INFO | 📊 Resumen ciclo 114:
2025-10-21 23:53:09,568 | INFO |    🎯 Señales detectadas: 0
2025-10-21 23:53:09,568 | INFO |    📈 Posiciones activas: 2
2025-10-21 23:53:09,568 | INFO |    💼 Posiciones:
2025-10-21 23:53:09,568 | INFO |       ADAUSDT: SELL @ $0.64
2025-10-21 23:53:09,570 | INFO |       AVAXUSDT: SELL @ $19.36
2025-10-21 23:53:09,570 | INFO | ⏳ Esperando 30 segundos para el próximo ciclo...

2025-10-21 23:53:39,571 | INFO | 
🔍 CICLO 115 - 23:53:39
2025-10-21 23:53:39,571 | INFO | 📊 Monitoreando 2 posiciones activas...
2025-10-21 23:53:56,493 | INFO | 📊 Resumen ciclo 115:
2025-10-21 23:53:56,493 | INFO |    🎯 Señales detectadas: 0
2025-10-21 23:53:56,493 | INFO |    📈 Posiciones activas: 2
2025-10-21 23:53:56,493 | INFO |    💼 Posiciones:
2025-10-21 23:53:56,493 | INFO |       ADAUSDT: SELL @ $0.64
2025-10-21 23:53:56,504 | INFO |       AVAXUSDT: SELL @ $19.36
2025-10-21 23:53:56,504 | INFO | ⏳ Esperando 30 segundos para el próximo ciclo...

2025-10-21 23:54:26,505 | INFO | 
🔍 CICLO 116 - 23:54:26
2025-10-21 23:54:26,505 | INFO | 📊 Monitoreando 2 posiciones activas...
2025-10-21 23:54:44,877 | INFO | 📊 Resumen ciclo 116:
2025-10-21 23:54:44,877 | INFO |    🎯 Señales detectadas: 0
2025-10-21 23:54:44,877 | INFO |    📈 Posiciones activas: 2
2025-10-21 23:54:44,877 | INFO |    💼 Posiciones:
2025-10-21 23:54:44,877 | INFO |       ADAUSDT: SELL @ $0.64
2025-10-21 23:54:44,877 | INFO |       AVAXUSDT: SELL @ $19.36
2025-10-21 23:54:44,877 | INFO | ⏳ Esperando 30 segundos para el próximo ciclo...

2025-10-21 23:55:14,888 | INFO | 
🔍 CICLO 117 - 23:55:14
2025-10-21 23:55:14,888 | INFO | 📊 Monitoreando 2 posiciones activas...
2025-10-21 23:55:33,787 | INFO | 📊 Resumen ciclo 117:
2025-10-21 23:55:33,787 | INFO |    🎯 Señales detectadas: 0
2025-10-21 23:55:33,787 | INFO |    📈 Posiciones activas: 2
2025-10-21 23:55:33,787 | INFO |    💼 Posiciones:
2025-10-21 23:55:33,787 | INFO |       ADAUSDT: SELL @ $0.64
2025-10-21 23:55:33,787 | INFO |       AVAXUSDT: SELL @ $19.36
2025-10-21 23:55:33,787 | INFO | ⏳ Esperando 30 segundos para el próximo ciclo...

2025-10-21 23:56:03,789 | INFO | 
🔍 CICLO 118 - 23:56:03
2025-10-21 23:56:03,789 | INFO | 📊 Monitoreando 2 posiciones activas...
2025-10-21 23:56:21,537 | INFO | 📊 Resumen ciclo 118:
2025-10-21 23:56:21,537 | INFO |    🎯 Señales detectadas: 0
2025-10-21 23:56:21,537 | INFO |    📈 Posiciones activas: 2
2025-10-21 23:56:21,537 | INFO |    💼 Posiciones:
2025-10-21 23:56:21,537 | INFO |       ADAUSDT: SELL @ $0.64
2025-10-21 23:56:21,537 | INFO |       AVAXUSDT: SELL @ $19.36
2025-10-21 23:56:21,540 | INFO | ⏳ Esperando 30 segundos para el próximo ciclo...

2025-10-21 23:56:51,541 | INFO | 
🔍 CICLO 119 - 23:56:51
2025-10-21 23:56:51,542 | INFO | 📊 Monitoreando 2 posiciones activas...
2025-10-21 23:57:09,707 | INFO | 📊 Resumen ciclo 119:
2025-10-21 23:57:09,707 | INFO |    🎯 Señales detectadas: 0
2025-10-21 23:57:09,707 | INFO |    📈 Posiciones activas: 2
2025-10-21 23:57:09,707 | INFO |    💼 Posiciones:
2025-10-21 23:57:09,707 | INFO |       ADAUSDT: SELL @ $0.64
2025-10-21 23:57:09,707 | INFO |       AVAXUSDT: SELL @ $19.36
2025-10-21 23:57:09,707 | INFO | ⏳ Esperando 30 segundos para el próximo ciclo...

2025-10-21 23:57:39,710 | INFO | 
🔍 CICLO 120 - 23:57:39
2025-10-21 23:57:39,710 | INFO | 📊 Monitoreando 2 posiciones activas...
2025-10-21 23:57:59,303 | INFO | 📊 Resumen ciclo 120:
2025-10-21 23:57:59,303 | INFO |    🎯 Señales detectadas: 0
2025-10-21 23:57:59,304 | INFO |    📈 Posiciones activas: 2
2025-10-21 23:57:59,304 | INFO |    💼 Posiciones:
2025-10-21 23:57:59,304 | INFO |       ADAUSDT: SELL @ $0.64
2025-10-21 23:57:59,304 | INFO |       AVAXUSDT: SELL @ $19.36
2025-10-21 23:57:59,306 | INFO | ⏳ Esperando 30 segundos para el próximo ciclo...

2025-10-21 23:58:29,307 | INFO | 
🔍 CICLO 121 - 23:58:29
2025-10-21 23:58:29,307 | INFO | 📊 Monitoreando 2 posiciones activas...
2025-10-21 23:58:47,511 | INFO | 📊 Resumen ciclo 121:
2025-10-21 23:58:47,511 | INFO |    🎯 Señales detectadas: 0
2025-10-21 23:58:47,514 | INFO |    📈 Posiciones activas: 2
2025-10-21 23:58:47,514 | INFO |    💼 Posiciones:
2025-10-21 23:58:47,514 | INFO |       ADAUSDT: SELL @ $0.64
2025-10-21 23:58:47,514 | INFO |       AVAXUSDT: SELL @ $19.36
2025-10-21 23:58:47,514 | INFO | ⏳ Esperando 30 segundos para el próximo ciclo...

2025-10-21 23:59:17,515 | INFO | 
🔍 CICLO 122 - 23:59:17
2025-10-21 23:59:17,515 | INFO | 📊 Monitoreando 2 posiciones activas...
2025-10-21 23:59:35,436 | INFO | 📊 Resumen ciclo 122:
2025-10-21 23:59:35,438 | INFO |    🎯 Señales detectadas: 0
2025-10-21 23:59:35,438 | INFO |    📈 Posiciones activas: 2
2025-10-21 23:59:35,438 | INFO |    💼 Posiciones:
2025-10-21 23:59:35,438 | INFO |       ADAUSDT: SELL @ $0.64
2025-10-21 23:59:35,440 | INFO |       AVAXUSDT: SELL @ $19.36
2025-10-21 23:59:35,440 | INFO | ⏳ Esperando 30 segundos para el próximo ciclo...

2025-10-22 00:00:05,441 | INFO | 
🔍 CICLO 123 - 00:00:05
2025-10-22 00:00:05,441 | INFO | 📊 Monitoreando 2 posiciones activas...
2025-10-22 00:00:25,713 | INFO | 📊 Resumen ciclo 123:
2025-10-22 00:00:25,713 | INFO |    🎯 Señales detectadas: 0
2025-10-22 00:00:25,715 | INFO |    📈 Posiciones activas: 2
2025-10-22 00:00:25,715 | INFO |    💼 Posiciones:
2025-10-22 00:00:25,715 | INFO |       ADAUSDT: SELL @ $0.64
2025-10-22 00:00:25,715 | INFO |       AVAXUSDT: SELL @ $19.36
2025-10-22 00:00:25,715 | INFO | ⏳ Esperando 30 segundos para el próximo ciclo...

2025-10-22 00:00:55,716 | INFO | 
🔍 CICLO 124 - 00:00:55
2025-10-22 00:00:55,716 | INFO | 📊 Monitoreando 2 posiciones activas...
2025-10-22 00:01:14,834 | INFO | 📊 Resumen ciclo 124:
2025-10-22 00:01:14,834 | INFO |    🎯 Señales detectadas: 0
2025-10-22 00:01:14,837 | INFO |    📈 Posiciones activas: 2
2025-10-22 00:01:14,837 | INFO |    💼 Posiciones:
2025-10-22 00:01:14,837 | INFO |       ADAUSDT: SELL @ $0.64
2025-10-22 00:01:14,837 | INFO |       AVAXUSDT: SELL @ $19.36
2025-10-22 00:01:14,837 | INFO | ⏳ Esperando 30 segundos para el próximo ciclo...

2025-10-22 00:01:44,839 | INFO | 
🔍 CICLO 125 - 00:01:44
2025-10-22 00:01:44,839 | INFO | 📊 Monitoreando 2 posiciones activas...
2025-10-22 00:02:02,517 | INFO | 📊 Resumen ciclo 125:
2025-10-22 00:02:02,517 | INFO |    🎯 Señales detectadas: 0
2025-10-22 00:02:02,528 | INFO |    📈 Posiciones activas: 2
2025-10-22 00:02:02,528 | INFO |    💼 Posiciones:
2025-10-22 00:02:02,528 | INFO |       ADAUSDT: SELL @ $0.64
2025-10-22 00:02:02,528 | INFO |       AVAXUSDT: SELL @ $19.36
2025-10-22 00:02:02,528 | INFO | ⏳ Esperando 30 segundos para el próximo ciclo...

2025-10-22 00:02:32,530 | INFO | 
🔍 CICLO 126 - 00:02:32
2025-10-22 00:02:32,530 | INFO | 📊 Monitoreando 2 posiciones activas...
2025-10-22 00:02:52,226 | INFO | 📊 Resumen ciclo 126:
2025-10-22 00:02:52,226 | INFO |    🎯 Señales detectadas: 0
2025-10-22 00:02:52,226 | INFO |    📈 Posiciones activas: 2
2025-10-22 00:02:52,236 | INFO |    💼 Posiciones:
2025-10-22 00:02:52,238 | INFO |       ADAUSDT: SELL @ $0.64
2025-10-22 00:02:52,238 | INFO |       AVAXUSDT: SELL @ $19.36
2025-10-22 00:02:52,238 | INFO | ⏳ Esperando 30 segundos para el próximo ciclo...

2025-10-22 00:03:22,241 | INFO | 
🔍 CICLO 127 - 00:03:22
2025-10-22 00:03:22,241 | INFO | 📊 Monitoreando 2 posiciones activas...
2025-10-22 00:03:40,894 | INFO | 📊 Resumen ciclo 127:
2025-10-22 00:03:40,894 | INFO |    🎯 Señales detectadas: 0
2025-10-22 00:03:40,894 | INFO |    📈 Posiciones activas: 2
2025-10-22 00:03:40,894 | INFO |    💼 Posiciones:
2025-10-22 00:03:40,894 | INFO |       ADAUSDT: SELL @ $0.64
2025-10-22 00:03:40,897 | INFO |       AVAXUSDT: SELL @ $19.36
2025-10-22 00:03:40,897 | INFO | ⏳ Esperando 30 segundos para el próximo ciclo...

2025-10-22 00:04:10,897 | INFO | 
🔍 CICLO 128 - 00:04:10
2025-10-22 00:04:10,899 | INFO | 📊 Monitoreando 2 posiciones activas...
2025-10-22 00:04:29,743 | INFO | 📊 Resumen ciclo 128:
2025-10-22 00:04:29,743 | INFO |    🎯 Señales detectadas: 0
2025-10-22 00:04:29,743 | INFO |    📈 Posiciones activas: 2
2025-10-22 00:04:29,743 | INFO |    💼 Posiciones:
2025-10-22 00:04:29,743 | INFO |       ADAUSDT: SELL @ $0.64
2025-10-22 00:04:29,743 | INFO |       AVAXUSDT: SELL @ $19.36
2025-10-22 00:04:29,743 | INFO | ⏳ Esperando 30 segundos para el próximo ciclo...

2025-10-22 00:04:59,748 | INFO | 
🔍 CICLO 129 - 00:04:59
2025-10-22 00:04:59,750 | INFO | 📊 Monitoreando 2 posiciones activas...
2025-10-22 00:05:19,308 | INFO | 📊 Resumen ciclo 129:
2025-10-22 00:05:19,308 | INFO |    🎯 Señales detectadas: 0
2025-10-22 00:05:19,308 | INFO |    📈 Posiciones activas: 2
2025-10-22 00:05:19,308 | INFO |    💼 Posiciones:
2025-10-22 00:05:19,308 | INFO |       ADAUSDT: SELL @ $0.64
2025-10-22 00:05:19,308 | INFO |       AVAXUSDT: SELL @ $19.36
2025-10-22 00:05:19,311 | INFO | ⏳ Esperando 30 segundos para el próximo ciclo...

2025-10-22 00:05:49,312 | INFO | 
🔍 CICLO 130 - 00:05:49
2025-10-22 00:05:49,312 | INFO | 📊 Monitoreando 2 posiciones activas...
2025-10-22 00:06:07,006 | INFO | 📊 Resumen ciclo 130:
2025-10-22 00:06:07,010 | INFO |    🎯 Señales detectadas: 0
2025-10-22 00:06:07,010 | INFO |    📈 Posiciones activas: 2
2025-10-22 00:06:07,010 | INFO |    💼 Posiciones:
2025-10-22 00:06:07,010 | INFO |       ADAUSDT: SELL @ $0.64
2025-10-22 00:06:07,010 | INFO |       AVAXUSDT: SELL @ $19.36
2025-10-22 00:06:07,010 | INFO | ⏳ Esperando 30 segundos para el próximo ciclo...

2025-10-22 00:06:37,013 | INFO | 
🔍 CICLO 131 - 00:06:37
2025-10-22 00:06:37,013 | INFO | 📊 Monitoreando 2 posiciones activas...
2025-10-22 00:06:55,595 | INFO | 📊 Resumen ciclo 131:
2025-10-22 00:06:55,597 | INFO |    🎯 Señales detectadas: 0
2025-10-22 00:06:55,597 | INFO |    📈 Posiciones activas: 2
2025-10-22 00:06:55,597 | INFO |    💼 Posiciones:
2025-10-22 00:06:55,597 | INFO |       ADAUSDT: SELL @ $0.64
2025-10-22 00:06:55,597 | INFO |       AVAXUSDT: SELL @ $19.36
2025-10-22 00:06:55,597 | INFO | ⏳ Esperando 30 segundos para el próximo ciclo...

2025-10-22 00:07:25,599 | INFO | 
🔍 CICLO 132 - 00:07:25
2025-10-22 00:07:25,599 | INFO | 📊 Monitoreando 2 posiciones activas...
2025-10-22 00:07:44,121 | INFO | 📊 Resumen ciclo 132:
2025-10-22 00:07:44,121 | INFO |    🎯 Señales detectadas: 0
2025-10-22 00:07:44,122 | INFO |    📈 Posiciones activas: 2
2025-10-22 00:07:44,122 | INFO |    💼 Posiciones:
2025-10-22 00:07:44,122 | INFO |       ADAUSDT: SELL @ $0.64
2025-10-22 00:07:44,123 | INFO |       AVAXUSDT: SELL @ $19.36
2025-10-22 00:07:44,123 | INFO | ⏳ Esperando 30 segundos para el próximo ciclo...

2025-10-22 00:08:14,124 | INFO | 
🔍 CICLO 133 - 00:08:14
2025-10-22 00:08:14,124 | INFO | 📊 Monitoreando 2 posiciones activas...
2025-10-22 00:08:34,097 | INFO | 📊 Resumen ciclo 133:
2025-10-22 00:08:34,097 | INFO |    🎯 Señales detectadas: 0
2025-10-22 00:08:34,097 | INFO |    📈 Posiciones activas: 2
2025-10-22 00:08:34,097 | INFO |    💼 Posiciones:
2025-10-22 00:08:34,097 | INFO |       ADAUSDT: SELL @ $0.64
2025-10-22 00:08:34,097 | INFO |       AVAXUSDT: SELL @ $19.36
2025-10-22 00:08:34,097 | INFO | ⏳ Esperando 30 segundos para el próximo ciclo...

2025-10-22 00:09:04,110 | INFO | 
🔍 CICLO 134 - 00:09:04
2025-10-22 00:09:04,110 | INFO | 📊 Monitoreando 2 posiciones activas...
2025-10-22 00:09:22,318 | INFO | 📊 Resumen ciclo 134:
2025-10-22 00:09:22,318 | INFO |    🎯 Señales detectadas: 0
2025-10-22 00:09:22,318 | INFO |    📈 Posiciones activas: 2
2025-10-22 00:09:22,318 | INFO |    💼 Posiciones:
2025-10-22 00:09:22,318 | INFO |       ADAUSDT: SELL @ $0.64
2025-10-22 00:09:22,318 | INFO |       AVAXUSDT: SELL @ $19.36
2025-10-22 00:09:22,318 | INFO | ⏳ Esperando 30 segundos para el próximo ciclo...

2025-10-22 00:09:52,322 | INFO | 
🔍 CICLO 135 - 00:09:52
2025-10-22 00:09:52,322 | INFO | 📊 Monitoreando 2 posiciones activas...
2025-10-22 00:10:10,343 | INFO | 📊 Resumen ciclo 135:
2025-10-22 00:10:10,343 | INFO |    🎯 Señales detectadas: 0
2025-10-22 00:10:10,344 | INFO |    📈 Posiciones activas: 2
2025-10-22 00:10:10,344 | INFO |    💼 Posiciones:
2025-10-22 00:10:10,344 | INFO |       ADAUSDT: SELL @ $0.64
2025-10-22 00:10:10,344 | INFO |       AVAXUSDT: SELL @ $19.36
2025-10-22 00:10:10,344 | INFO | ⏳ Esperando 30 segundos para el próximo ciclo...

2025-10-22 00:10:40,346 | INFO | 
🔍 CICLO 136 - 00:10:40
2025-10-22 00:10:40,346 | INFO | 📊 Monitoreando 2 posiciones activas...
2025-10-22 00:10:57,815 | INFO | 📊 Resumen ciclo 136:
2025-10-22 00:10:57,817 | INFO |    🎯 Señales detectadas: 0
2025-10-22 00:10:57,817 | INFO |    📈 Posiciones activas: 2
2025-10-22 00:10:57,817 | INFO |    💼 Posiciones:
2025-10-22 00:10:57,817 | INFO |       ADAUSDT: SELL @ $0.64
2025-10-22 00:10:57,817 | INFO |       AVAXUSDT: SELL @ $19.36
2025-10-22 00:10:57,817 | INFO | ⏳ Esperando 30 segundos para el próximo ciclo...

2025-10-22 00:11:27,819 | INFO | 
🔍 CICLO 137 - 00:11:27
2025-10-22 00:11:27,819 | INFO | 📊 Monitoreando 2 posiciones activas...
2025-10-22 00:11:44,628 | INFO | 📊 Resumen ciclo 137:
2025-10-22 00:11:44,630 | INFO |    🎯 Señales detectadas: 0
2025-10-22 00:11:44,630 | INFO |    📈 Posiciones activas: 2
2025-10-22 00:11:44,630 | INFO |    💼 Posiciones:
2025-10-22 00:11:44,630 | INFO |       ADAUSDT: SELL @ $0.64
2025-10-22 00:11:44,630 | INFO |       AVAXUSDT: SELL @ $19.36
2025-10-22 00:11:44,630 | INFO | ⏳ Esperando 30 segundos para el próximo ciclo...

2025-10-22 00:12:14,632 | INFO | 
🔍 CICLO 138 - 00:12:14
2025-10-22 00:12:14,632 | INFO | 📊 Monitoreando 2 posiciones activas...
2025-10-22 00:12:30,871 | INFO | 📊 Resumen ciclo 138:
2025-10-22 00:12:30,871 | INFO |    🎯 Señales detectadas: 0
2025-10-22 00:12:30,871 | INFO |    📈 Posiciones activas: 2
2025-10-22 00:12:30,871 | INFO |    💼 Posiciones:
2025-10-22 00:12:30,871 | INFO |       ADAUSDT: SELL @ $0.64
2025-10-22 00:12:30,871 | INFO |       AVAXUSDT: SELL @ $19.36
2025-10-22 00:12:30,871 | INFO | ⏳ Esperando 30 segundos para el próximo ciclo...

2025-10-22 00:13:00,874 | INFO | 
🔍 CICLO 139 - 00:13:00
2025-10-22 00:13:00,874 | INFO | 📊 Monitoreando 2 posiciones activas...
2025-10-22 00:13:18,116 | INFO | 📊 Resumen ciclo 139:
2025-10-22 00:13:18,116 | INFO |    🎯 Señales detectadas: 0
2025-10-22 00:13:18,116 | INFO |    📈 Posiciones activas: 2
2025-10-22 00:13:18,116 | INFO |    💼 Posiciones:
2025-10-22 00:13:18,116 | INFO |       ADAUSDT: SELL @ $0.64
2025-10-22 00:13:18,118 | INFO |       AVAXUSDT: SELL @ $19.36
2025-10-22 00:13:18,118 | INFO | ⏳ Esperando 30 segundos para el próximo ciclo...

2025-10-22 00:13:48,119 | INFO | 
🔍 CICLO 140 - 00:13:48
2025-10-22 00:13:48,120 | INFO | 📊 Monitoreando 2 posiciones activas...
2025-10-22 00:14:11,457 | INFO | 📊 Resumen ciclo 140:
2025-10-22 00:14:11,459 | INFO |    🎯 Señales detectadas: 0
2025-10-22 00:14:11,459 | INFO |    📈 Posiciones activas: 2
2025-10-22 00:14:11,459 | INFO |    💼 Posiciones:
2025-10-22 00:14:11,459 | INFO |       ADAUSDT: SELL @ $0.64
2025-10-22 00:14:11,459 | INFO |       AVAXUSDT: SELL @ $19.36
2025-10-22 00:14:11,459 | INFO | ⏳ Esperando 30 segundos para el próximo ciclo...

2025-10-22 00:14:41,461 | INFO | 
🔍 CICLO 141 - 00:14:41
2025-10-22 00:14:41,461 | INFO | 📊 Monitoreando 2 posiciones activas...
2025-10-22 00:15:00,009 | INFO | 📊 Resumen ciclo 141:
2025-10-22 00:15:00,009 | INFO |    🎯 Señales detectadas: 0
2025-10-22 00:15:00,011 | INFO |    📈 Posiciones activas: 2
2025-10-22 00:15:00,011 | INFO |    💼 Posiciones:
2025-10-22 00:15:00,013 | INFO |       ADAUSDT: SELL @ $0.64
2025-10-22 00:15:00,015 | INFO |       AVAXUSDT: SELL @ $19.36
2025-10-22 00:15:00,020 | INFO | ⏳ Esperando 30 segundos para el próximo ciclo...

2025-10-22 00:15:30,024 | INFO | 
🔍 CICLO 142 - 00:15:30
2025-10-22 00:15:30,024 | INFO | 📊 Monitoreando 2 posiciones activas...
2025-10-22 00:15:47,989 | INFO | 📊 Resumen ciclo 142:
2025-10-22 00:15:47,989 | INFO |    🎯 Señales detectadas: 0
2025-10-22 00:15:47,989 | INFO |    📈 Posiciones activas: 2
2025-10-22 00:15:47,989 | INFO |    💼 Posiciones:
2025-10-22 00:15:47,989 | INFO |       ADAUSDT: SELL @ $0.64
2025-10-22 00:15:47,992 | INFO |       AVAXUSDT: SELL @ $19.36
2025-10-22 00:15:47,992 | INFO | ⏳ Esperando 30 segundos para el próximo ciclo...

2025-10-22 00:16:17,992 | INFO | 
🔍 CICLO 143 - 00:16:17
2025-10-22 00:16:17,992 | INFO | 📊 Monitoreando 2 posiciones activas...
2025-10-22 00:16:38,243 | INFO | 📊 Resumen ciclo 143:
2025-10-22 00:16:38,243 | INFO |    🎯 Señales detectadas: 0
2025-10-22 00:16:38,243 | INFO |    📈 Posiciones activas: 2
2025-10-22 00:16:38,243 | INFO |    💼 Posiciones:
2025-10-22 00:16:38,243 | INFO |       ADAUSDT: SELL @ $0.64
2025-10-22 00:16:38,243 | INFO |       AVAXUSDT: SELL @ $19.36
2025-10-22 00:16:38,243 | INFO | ⏳ Esperando 30 segundos para el próximo ciclo...

2025-10-22 00:17:08,260 | INFO | 
🔍 CICLO 144 - 00:17:08
2025-10-22 00:17:08,260 | INFO | 📊 Monitoreando 2 posiciones activas...
2025-10-22 00:17:27,814 | INFO | 📊 Resumen ciclo 144:
2025-10-22 00:17:27,814 | INFO |    🎯 Señales detectadas: 0
2025-10-22 00:17:27,814 | INFO |    📈 Posiciones activas: 2
2025-10-22 00:17:27,814 | INFO |    💼 Posiciones:
2025-10-22 00:17:27,814 | INFO |       ADAUSDT: SELL @ $0.64
2025-10-22 00:17:27,814 | INFO |       AVAXUSDT: SELL @ $19.36
2025-10-22 00:17:27,814 | INFO | ⏳ Esperando 30 segundos para el próximo ciclo...

2025-10-22 00:17:57,817 | INFO | 
🔍 CICLO 145 - 00:17:57
2025-10-22 00:17:57,819 | INFO | 📊 Monitoreando 2 posiciones activas...
2025-10-22 00:18:15,897 | INFO | 📊 Resumen ciclo 145:
2025-10-22 00:18:15,897 | INFO |    🎯 Señales detectadas: 0
2025-10-22 00:18:15,897 | INFO |    📈 Posiciones activas: 2
2025-10-22 00:18:15,897 | INFO |    💼 Posiciones:
2025-10-22 00:18:15,897 | INFO |       ADAUSDT: SELL @ $0.64
2025-10-22 00:18:15,897 | INFO |       AVAXUSDT: SELL @ $19.36
2025-10-22 00:18:15,899 | INFO | ⏳ Esperando 30 segundos para el próximo ciclo...

2025-10-22 00:18:45,900 | INFO | 
🔍 CICLO 146 - 00:18:45
2025-10-22 00:18:45,900 | INFO | 📊 Monitoreando 2 posiciones activas...
2025-10-22 00:19:05,444 | INFO | 📊 Resumen ciclo 146:
2025-10-22 00:19:05,444 | INFO |    🎯 Señales detectadas: 0
2025-10-22 00:19:05,444 | INFO |    📈 Posiciones activas: 2
2025-10-22 00:19:05,444 | INFO |    💼 Posiciones:
2025-10-22 00:19:05,444 | INFO |       ADAUSDT: SELL @ $0.64
2025-10-22 00:19:05,444 | INFO |       AVAXUSDT: SELL @ $19.36
2025-10-22 00:19:05,447 | INFO | ⏳ Esperando 30 segundos para el próximo ciclo...

2025-10-22 00:19:35,448 | INFO | 
🔍 CICLO 147 - 00:19:35
2025-10-22 00:19:35,448 | INFO | 📊 Monitoreando 2 posiciones activas...
2025-10-22 00:19:53,962 | INFO | 📊 Resumen ciclo 147:
2025-10-22 00:19:53,962 | INFO |    🎯 Señales detectadas: 0
2025-10-22 00:19:53,962 | INFO |    📈 Posiciones activas: 2
2025-10-22 00:19:53,962 | INFO |    💼 Posiciones:
2025-10-22 00:19:53,978 | INFO |       ADAUSDT: SELL @ $0.64
2025-10-22 00:19:53,978 | INFO |       AVAXUSDT: SELL @ $19.36
2025-10-22 00:19:53,978 | INFO | ⏳ Esperando 30 segundos para el próximo ciclo...

2025-10-22 00:20:23,981 | INFO | 
🔍 CICLO 148 - 00:20:23
2025-10-22 00:20:23,981 | INFO | 📊 Monitoreando 2 posiciones activas...
2025-10-22 00:20:42,971 | INFO | 📊 Resumen ciclo 148:
2025-10-22 00:20:42,971 | INFO |    🎯 Señales detectadas: 0
2025-10-22 00:20:42,973 | INFO |    📈 Posiciones activas: 2
2025-10-22 00:20:42,973 | INFO |    💼 Posiciones:
2025-10-22 00:20:42,973 | INFO |       ADAUSDT: SELL @ $0.64
2025-10-22 00:20:42,973 | INFO |       AVAXUSDT: SELL @ $19.36
2025-10-22 00:20:42,975 | INFO | ⏳ Esperando 30 segundos para el próximo ciclo...

2025-10-22 00:21:12,976 | INFO | 
🔍 CICLO 149 - 00:21:12
2025-10-22 00:21:12,978 | INFO | 📊 Monitoreando 2 posiciones activas...
2025-10-22 00:21:32,514 | INFO | 📊 Resumen ciclo 149:
2025-10-22 00:21:32,514 | INFO |    🎯 Señales detectadas: 0
2025-10-22 00:21:32,514 | INFO |    📈 Posiciones activas: 2
2025-10-22 00:21:32,514 | INFO |    💼 Posiciones:
2025-10-22 00:21:32,514 | INFO |       ADAUSDT: SELL @ $0.64
2025-10-22 00:21:32,514 | INFO |       AVAXUSDT: SELL @ $19.36
2025-10-22 00:21:32,518 | INFO | ⏳ Esperando 30 segundos para el próximo ciclo...

2025-10-22 00:22:02,519 | INFO | 
🔍 CICLO 150 - 00:22:02
2025-10-22 00:22:02,519 | INFO | 📊 Monitoreando 2 posiciones activas...
2025-10-22 00:22:20,672 | INFO | 📊 Resumen ciclo 150:
2025-10-22 00:22:20,674 | INFO |    🎯 Señales detectadas: 0
2025-10-22 00:22:20,674 | INFO |    📈 Posiciones activas: 2
2025-10-22 00:22:20,674 | INFO |    💼 Posiciones:
2025-10-22 00:22:20,674 | INFO |       ADAUSDT: SELL @ $0.64
2025-10-22 00:22:20,674 | INFO |       AVAXUSDT: SELL @ $19.36
2025-10-22 00:22:20,674 | INFO | ⏳ Esperando 30 segundos para el próximo ciclo...

2025-10-22 00:22:50,676 | INFO | 
🔍 CICLO 151 - 00:22:50
2025-10-22 00:22:50,677 | INFO | 📊 Monitoreando 2 posiciones activas...
2025-10-22 00:23:10,613 | INFO | 📊 Resumen ciclo 151:
2025-10-22 00:23:10,613 | INFO |    🎯 Señales detectadas: 0
2025-10-22 00:23:10,613 | INFO |    📈 Posiciones activas: 2
2025-10-22 00:23:10,613 | INFO |    💼 Posiciones:
2025-10-22 00:23:10,613 | INFO |       ADAUSDT: SELL @ $0.64
2025-10-22 00:23:10,613 | INFO |       AVAXUSDT: SELL @ $19.36
2025-10-22 00:23:10,615 | INFO | ⏳ Esperando 30 segundos para el próximo ciclo...

2025-10-22 00:23:40,616 | INFO | 
🔍 CICLO 152 - 00:23:40
2025-10-22 00:23:40,616 | INFO | 📊 Monitoreando 2 posiciones activas...
2025-10-22 00:23:59,175 | INFO | 📊 Resumen ciclo 152:
2025-10-22 00:23:59,177 | INFO |    🎯 Señales detectadas: 0
2025-10-22 00:23:59,177 | INFO |    📈 Posiciones activas: 2
2025-10-22 00:23:59,177 | INFO |    💼 Posiciones:
2025-10-22 00:23:59,177 | INFO |       ADAUSDT: SELL @ $0.64
2025-10-22 00:23:59,177 | INFO |       AVAXUSDT: SELL @ $19.36
2025-10-22 00:23:59,177 | INFO | ⏳ Esperando 30 segundos para el próximo ciclo...

2025-10-22 00:24:29,179 | INFO | 
🔍 CICLO 153 - 00:24:29
2025-10-22 00:24:29,180 | INFO | 📊 Monitoreando 2 posiciones activas...
2025-10-22 00:24:47,047 | INFO | 📊 Resumen ciclo 153:
2025-10-22 00:24:47,047 | INFO |    🎯 Señales detectadas: 0
2025-10-22 00:24:47,049 | INFO |    📈 Posiciones activas: 2
2025-10-22 00:24:47,049 | INFO |    💼 Posiciones:
2025-10-22 00:24:47,049 | INFO |       ADAUSDT: SELL @ $0.64
2025-10-22 00:24:47,049 | INFO |       AVAXUSDT: SELL @ $19.36
2025-10-22 00:24:47,049 | INFO | ⏳ Esperando 30 segundos para el próximo ciclo...

2025-10-22 00:25:17,051 | INFO | 
🔍 CICLO 154 - 00:25:17
2025-10-22 00:25:17,051 | INFO | 📊 Monitoreando 2 posiciones activas...
2025-10-22 00:25:36,425 | INFO | 📊 Resumen ciclo 154:
2025-10-22 00:25:36,431 | INFO |    🎯 Señales detectadas: 0
2025-10-22 00:25:36,431 | INFO |    📈 Posiciones activas: 2
2025-10-22 00:25:36,431 | INFO |    💼 Posiciones:
2025-10-22 00:25:36,431 | INFO |       ADAUSDT: SELL @ $0.64
2025-10-22 00:25:36,431 | INFO |       AVAXUSDT: SELL @ $19.36
2025-10-22 00:25:36,431 | INFO | ⏳ Esperando 30 segundos para el próximo ciclo...

2025-10-22 00:26:06,433 | INFO | 
🔍 CICLO 155 - 00:26:06
2025-10-22 00:26:06,433 | INFO | 📊 Monitoreando 2 posiciones activas...
2025-10-22 00:26:24,936 | INFO | 📊 Resumen ciclo 155:
2025-10-22 00:26:24,936 | INFO |    🎯 Señales detectadas: 0
2025-10-22 00:26:24,936 | INFO |    📈 Posiciones activas: 2
2025-10-22 00:26:24,936 | INFO |    💼 Posiciones:
2025-10-22 00:26:24,936 | INFO |       ADAUSDT: SELL @ $0.64
2025-10-22 00:26:24,936 | INFO |       AVAXUSDT: SELL @ $19.36
2025-10-22 00:26:24,938 | INFO | ⏳ Esperando 30 segundos para el próximo ciclo...

2025-10-22 00:26:54,939 | INFO | 
🔍 CICLO 156 - 00:26:54
2025-10-22 00:26:54,939 | INFO | 📊 Monitoreando 2 posiciones activas...
2025-10-22 00:27:13,848 | INFO | 📊 Resumen ciclo 156:
2025-10-22 00:27:13,848 | INFO |    🎯 Señales detectadas: 0
2025-10-22 00:27:13,848 | INFO |    📈 Posiciones activas: 2
2025-10-22 00:27:13,848 | INFO |    💼 Posiciones:
2025-10-22 00:27:13,848 | INFO |       ADAUSDT: SELL @ $0.64
2025-10-22 00:27:13,848 | INFO |       AVAXUSDT: SELL @ $19.36
2025-10-22 00:27:13,848 | INFO | ⏳ Esperando 30 segundos para el próximo ciclo...

2025-10-22 00:27:43,858 | INFO | 
🔍 CICLO 157 - 00:27:43
2025-10-22 00:27:43,858 | INFO | 📊 Monitoreando 2 posiciones activas...
2025-10-22 00:28:03,691 | INFO | 📊 Resumen ciclo 157:
2025-10-22 00:28:03,692 | INFO |    🎯 Señales detectadas: 0
2025-10-22 00:28:03,692 | INFO |    📈 Posiciones activas: 2
2025-10-22 00:28:03,692 | INFO |    💼 Posiciones:
2025-10-22 00:28:03,692 | INFO |       ADAUSDT: SELL @ $0.64
2025-10-22 00:28:03,692 | INFO |       AVAXUSDT: SELL @ $19.36
2025-10-22 00:28:03,692 | INFO | ⏳ Esperando 30 segundos para el próximo ciclo...

2025-10-22 00:28:33,695 | INFO | 
🔍 CICLO 158 - 00:28:33
2025-10-22 00:28:33,695 | INFO | 📊 Monitoreando 2 posiciones activas...
2025-10-22 00:28:53,263 | INFO | 📊 Resumen ciclo 158:
2025-10-22 00:28:53,265 | INFO |    🎯 Señales detectadas: 0
2025-10-22 00:28:53,267 | INFO |    📈 Posiciones activas: 2
2025-10-22 00:28:53,267 | INFO |    💼 Posiciones:
2025-10-22 00:28:53,267 | INFO |       ADAUSDT: SELL @ $0.64
2025-10-22 00:28:53,267 | INFO |       AVAXUSDT: SELL @ $19.36
2025-10-22 00:28:53,267 | INFO | ⏳ Esperando 30 segundos para el próximo ciclo...

2025-10-22 00:29:23,270 | INFO | 
🔍 CICLO 159 - 00:29:23
2025-10-22 00:29:23,270 | INFO | 📊 Monitoreando 2 posiciones activas...
2025-10-22 00:29:42,980 | INFO | 📊 Resumen ciclo 159:
2025-10-22 00:29:42,980 | INFO |    🎯 Señales detectadas: 0
2025-10-22 00:29:42,980 | INFO |    📈 Posiciones activas: 2
2025-10-22 00:29:42,980 | INFO |    💼 Posiciones:
2025-10-22 00:29:42,980 | INFO |       ADAUSDT: SELL @ $0.64
2025-10-22 00:29:42,980 | INFO |       AVAXUSDT: SELL @ $19.36
2025-10-22 00:29:42,980 | INFO | ⏳ Esperando 30 segundos para el próximo ciclo...

2025-10-22 00:30:12,985 | INFO | 
🔍 CICLO 160 - 00:30:12
2025-10-22 00:30:12,985 | INFO | 📊 Monitoreando 2 posiciones activas...
2025-10-22 00:30:32,494 | INFO | 📊 Resumen ciclo 160:
2025-10-22 00:30:32,494 | INFO |    🎯 Señales detectadas: 0
2025-10-22 00:30:32,494 | INFO |    📈 Posiciones activas: 2
2025-10-22 00:30:32,494 | INFO |    💼 Posiciones:
2025-10-22 00:30:32,494 | INFO |       ADAUSDT: SELL @ $0.64
2025-10-22 00:30:32,494 | INFO |       AVAXUSDT: SELL @ $19.36
2025-10-22 00:30:32,496 | INFO | ⏳ Esperando 30 segundos para el próximo ciclo...

2025-10-22 00:31:02,497 | INFO | 
🔍 CICLO 161 - 00:31:02
2025-10-22 00:31:02,497 | INFO | 📊 Monitoreando 2 posiciones activas...
2025-10-22 00:31:22,208 | INFO | 📊 Resumen ciclo 161:
2025-10-22 00:31:22,209 | INFO |    🎯 Señales detectadas: 0
2025-10-22 00:31:22,209 | INFO |    📈 Posiciones activas: 2
2025-10-22 00:31:22,209 | INFO |    💼 Posiciones:
2025-10-22 00:31:22,209 | INFO |       ADAUSDT: SELL @ $0.64
2025-10-22 00:31:22,209 | INFO |       AVAXUSDT: SELL @ $19.36
2025-10-22 00:31:22,210 | INFO | ⏳ Esperando 30 segundos para el próximo ciclo...

2025-10-22 00:31:52,211 | INFO | 
🔍 CICLO 162 - 00:31:52
2025-10-22 00:31:52,211 | INFO | 📊 Monitoreando 2 posiciones activas...
2025-10-22 00:32:11,234 | INFO | 📊 Resumen ciclo 162:
2025-10-22 00:32:11,234 | INFO |    🎯 Señales detectadas: 0
2025-10-22 00:32:11,234 | INFO |    📈 Posiciones activas: 2
2025-10-22 00:32:11,234 | INFO |    💼 Posiciones:
2025-10-22 00:32:11,234 | INFO |       ADAUSDT: SELL @ $0.64
2025-10-22 00:32:11,234 | INFO |       AVAXUSDT: SELL @ $19.36
2025-10-22 00:32:11,234 | INFO | ⏳ Esperando 30 segundos para el próximo ciclo...

2025-10-22 00:32:41,246 | INFO | 
🔍 CICLO 163 - 00:32:41
2025-10-22 00:32:41,246 | INFO | 📊 Monitoreando 2 posiciones activas...
2025-10-22 00:33:01,439 | INFO | 📊 Resumen ciclo 163:
2025-10-22 00:33:01,439 | INFO |    🎯 Señales detectadas: 0
2025-10-22 00:33:01,439 | INFO |    📈 Posiciones activas: 2
2025-10-22 00:33:01,439 | INFO |    💼 Posiciones:
2025-10-22 00:33:01,439 | INFO |       ADAUSDT: SELL @ $0.64
2025-10-22 00:33:01,439 | INFO |       AVAXUSDT: SELL @ $19.36
2025-10-22 00:33:01,442 | INFO | ⏳ Esperando 30 segundos para el próximo ciclo...

2025-10-22 00:33:31,443 | INFO | 
🔍 CICLO 164 - 00:33:31
2025-10-22 00:33:31,443 | INFO | 📊 Monitoreando 2 posiciones activas...
2025-10-22 00:33:49,513 | INFO | 📊 Resumen ciclo 164:
2025-10-22 00:33:49,516 | INFO |    🎯 Señales detectadas: 0
2025-10-22 00:33:49,516 | INFO |    📈 Posiciones activas: 2
2025-10-22 00:33:49,516 | INFO |    💼 Posiciones:
2025-10-22 00:33:49,516 | INFO |       ADAUSDT: SELL @ $0.64
2025-10-22 00:33:49,518 | INFO |       AVAXUSDT: SELL @ $19.36
2025-10-22 00:33:49,518 | INFO | ⏳ Esperando 30 segundos para el próximo ciclo...

2025-10-22 00:34:19,518 | INFO | 
🔍 CICLO 165 - 00:34:19
2025-10-22 00:34:19,518 | INFO | 📊 Monitoreando 2 posiciones activas...
2025-10-22 00:34:37,920 | INFO | 📊 Resumen ciclo 165:
2025-10-22 00:34:37,920 | INFO |    🎯 Señales detectadas: 0
2025-10-22 00:34:37,920 | INFO |    📈 Posiciones activas: 2
2025-10-22 00:34:37,920 | INFO |    💼 Posiciones:
2025-10-22 00:34:37,920 | INFO |       ADAUSDT: SELL @ $0.64
2025-10-22 00:34:37,924 | INFO |       AVAXUSDT: SELL @ $19.36
2025-10-22 00:34:37,924 | INFO | ⏳ Esperando 30 segundos para el próximo ciclo...

2025-10-22 00:35:07,925 | INFO | 
🔍 CICLO 166 - 00:35:07
2025-10-22 00:35:07,925 | INFO | 📊 Monitoreando 2 posiciones activas...
2025-10-22 00:35:26,882 | INFO | 📊 Resumen ciclo 166:
2025-10-22 00:35:26,882 | INFO |    🎯 Señales detectadas: 0
2025-10-22 00:35:26,882 | INFO |    📈 Posiciones activas: 2
2025-10-22 00:35:26,884 | INFO |    💼 Posiciones:
2025-10-22 00:35:26,884 | INFO |       ADAUSDT: SELL @ $0.64
2025-10-22 00:35:26,884 | INFO |       AVAXUSDT: SELL @ $19.36
2025-10-22 00:35:26,884 | INFO | ⏳ Esperando 30 segundos para el próximo ciclo...

2025-10-22 00:35:56,885 | INFO | 
🔍 CICLO 167 - 00:35:56
2025-10-22 00:35:56,885 | INFO | 📊 Monitoreando 2 posiciones activas...
2025-10-22 00:36:15,896 | INFO | 📊 Resumen ciclo 167:
2025-10-22 00:36:15,896 | INFO |    🎯 Señales detectadas: 0
2025-10-22 00:36:15,897 | INFO |    📈 Posiciones activas: 2
2025-10-22 00:36:15,897 | INFO |    💼 Posiciones:
2025-10-22 00:36:15,897 | INFO |       ADAUSDT: SELL @ $0.64
2025-10-22 00:36:15,897 | INFO |       AVAXUSDT: SELL @ $19.36
2025-10-22 00:36:15,897 | INFO | ⏳ Esperando 30 segundos para el próximo ciclo...

2025-10-22 00:36:45,899 | INFO | 
🔍 CICLO 168 - 00:36:45
2025-10-22 00:36:45,899 | INFO | 📊 Monitoreando 2 posiciones activas...
2025-10-22 00:37:04,015 | INFO | 📊 Resumen ciclo 168:
2025-10-22 00:37:04,017 | INFO |    🎯 Señales detectadas: 0
2025-10-22 00:37:04,017 | INFO |    📈 Posiciones activas: 2
2025-10-22 00:37:04,017 | INFO |    💼 Posiciones:
2025-10-22 00:37:04,017 | INFO |       ADAUSDT: SELL @ $0.64
2025-10-22 00:37:04,019 | INFO |       AVAXUSDT: SELL @ $19.36
2025-10-22 00:37:04,019 | INFO | ⏳ Esperando 30 segundos para el próximo ciclo...

2025-10-22 00:37:34,020 | INFO | 
🔍 CICLO 169 - 00:37:34
2025-10-22 00:37:34,020 | INFO | 📊 Monitoreando 2 posiciones activas...
2025-10-22 00:37:52,752 | INFO | 📊 Resumen ciclo 169:
2025-10-22 00:37:52,753 | INFO |    🎯 Señales detectadas: 0
2025-10-22 00:37:52,753 | INFO |    📈 Posiciones activas: 2
2025-10-22 00:37:52,753 | INFO |    💼 Posiciones:
2025-10-22 00:37:52,753 | INFO |       ADAUSDT: SELL @ $0.64
2025-10-22 00:37:52,753 | INFO |       AVAXUSDT: SELL @ $19.36
2025-10-22 00:37:52,753 | INFO | ⏳ Esperando 30 segundos para el próximo ciclo...

2025-10-22 00:38:22,755 | INFO | 
🔍 CICLO 170 - 00:38:22
2025-10-22 00:38:22,755 | INFO | 📊 Monitoreando 2 posiciones activas...
2025-10-22 00:38:41,959 | INFO | 📊 Resumen ciclo 170:
2025-10-22 00:38:41,959 | INFO |    🎯 Señales detectadas: 0
2025-10-22 00:38:41,959 | INFO |    📈 Posiciones activas: 2
2025-10-22 00:38:41,959 | INFO |    💼 Posiciones:
2025-10-22 00:38:41,959 | INFO |       ADAUSDT: SELL @ $0.64
2025-10-22 00:38:41,959 | INFO |       AVAXUSDT: SELL @ $19.36
2025-10-22 00:38:41,959 | INFO | ⏳ Esperando 30 segundos para el próximo ciclo...

2025-10-22 00:39:11,962 | INFO | 
🔍 CICLO 171 - 00:39:11
2025-10-22 00:39:11,962 | INFO | 📊 Monitoreando 2 posiciones activas...
2025-10-22 00:39:31,818 | INFO | 📊 Resumen ciclo 171:
2025-10-22 00:39:31,818 | INFO |    🎯 Señales detectadas: 0
2025-10-22 00:39:31,818 | INFO |    📈 Posiciones activas: 2
2025-10-22 00:39:31,818 | INFO |    💼 Posiciones:
2025-10-22 00:39:31,818 | INFO |       ADAUSDT: SELL @ $0.64
2025-10-22 00:39:31,818 | INFO |       AVAXUSDT: SELL @ $19.36
2025-10-22 00:39:31,818 | INFO | ⏳ Esperando 30 segundos para el próximo ciclo...

2025-10-22 00:40:01,832 | INFO | 
🔍 CICLO 172 - 00:40:01
2025-10-22 00:40:01,832 | INFO | 📊 Monitoreando 2 posiciones activas...
2025-10-22 00:40:23,862 | INFO | 📊 Resumen ciclo 172:
2025-10-22 00:40:23,862 | INFO |    🎯 Señales detectadas: 0
2025-10-22 00:40:23,862 | INFO |    📈 Posiciones activas: 2
2025-10-22 00:40:23,862 | INFO |    💼 Posiciones:
2025-10-22 00:40:23,862 | INFO |       ADAUSDT: SELL @ $0.64
2025-10-22 00:40:23,862 | INFO |       AVAXUSDT: SELL @ $19.36
2025-10-22 00:40:23,862 | INFO | ⏳ Esperando 30 segundos para el próximo ciclo...

2025-10-22 00:40:53,869 | INFO | 
🔍 CICLO 173 - 00:40:53
2025-10-22 00:40:53,870 | INFO | 📊 Monitoreando 2 posiciones activas...
2025-10-22 00:41:15,777 | INFO | 📊 Resumen ciclo 173:
2025-10-22 00:41:15,777 | INFO |    🎯 Señales detectadas: 0
2025-10-22 00:41:15,777 | INFO |    📈 Posiciones activas: 2
2025-10-22 00:41:15,777 | INFO |    💼 Posiciones:
2025-10-22 00:41:15,779 | INFO |       ADAUSDT: SELL @ $0.64
2025-10-22 00:41:15,779 | INFO |       AVAXUSDT: SELL @ $19.36
2025-10-22 00:41:15,779 | INFO | ⏳ Esperando 30 segundos para el próximo ciclo...

2025-10-22 00:41:45,781 | INFO | 
🔍 CICLO 174 - 00:41:45
2025-10-22 00:41:45,781 | INFO | 📊 Monitoreando 2 posiciones activas...
2025-10-22 00:42:10,391 | INFO | 📊 Resumen ciclo 174:
2025-10-22 00:42:10,393 | INFO |    🎯 Señales detectadas: 0
2025-10-22 00:42:10,393 | INFO |    📈 Posiciones activas: 2
2025-10-22 00:42:10,395 | INFO |    💼 Posiciones:
2025-10-22 00:42:10,395 | INFO |       ADAUSDT: SELL @ $0.64
2025-10-22 00:42:10,395 | INFO |       AVAXUSDT: SELL @ $19.36
2025-10-22 00:42:10,395 | INFO | ⏳ Esperando 30 segundos para el próximo ciclo...

2025-10-22 00:42:40,399 | INFO | 
🔍 CICLO 175 - 00:42:40
2025-10-22 00:42:40,400 | INFO | 📊 Monitoreando 2 posiciones activas...
2025-10-22 00:43:01,627 | INFO | 📊 Resumen ciclo 175:
2025-10-22 00:43:01,627 | INFO |    🎯 Señales detectadas: 0
2025-10-22 00:43:01,627 | INFO |    📈 Posiciones activas: 2
2025-10-22 00:43:01,627 | INFO |    💼 Posiciones:
2025-10-22 00:43:01,640 | INFO |       ADAUSDT: SELL @ $0.64
2025-10-22 00:43:01,640 | INFO |       AVAXUSDT: SELL @ $19.36
2025-10-22 00:43:01,640 | INFO | ⏳ Esperando 30 segundos para el próximo ciclo...

2025-10-22 00:43:31,641 | INFO | 
🔍 CICLO 176 - 00:43:31
2025-10-22 00:43:31,641 | INFO | 📊 Monitoreando 2 posiciones activas...
2025-10-22 00:43:52,817 | INFO | 📊 Resumen ciclo 176:
2025-10-22 00:43:52,817 | INFO |    🎯 Señales detectadas: 0
2025-10-22 00:43:52,817 | INFO |    📈 Posiciones activas: 2
2025-10-22 00:43:52,817 | INFO |    💼 Posiciones:
2025-10-22 00:43:52,817 | INFO |       ADAUSDT: SELL @ $0.64
2025-10-22 00:43:52,817 | INFO |       AVAXUSDT: SELL @ $19.36
2025-10-22 00:43:52,817 | INFO | ⏳ Esperando 30 segundos para el próximo ciclo...

2025-10-22 00:44:22,825 | INFO | 
🔍 CICLO 177 - 00:44:22
2025-10-22 00:44:22,825 | INFO | 📊 Monitoreando 2 posiciones activas...
2025-10-22 00:44:48,407 | INFO | 📊 Resumen ciclo 177:
2025-10-22 00:44:48,407 | INFO |    🎯 Señales detectadas: 0
2025-10-22 00:44:48,407 | INFO |    📈 Posiciones activas: 2
2025-10-22 00:44:48,407 | INFO |    💼 Posiciones:
2025-10-22 00:44:48,407 | INFO |       ADAUSDT: SELL @ $0.64
2025-10-22 00:44:48,408 | INFO |       AVAXUSDT: SELL @ $19.36
2025-10-22 00:44:48,408 | INFO | ⏳ Esperando 30 segundos para el próximo ciclo...

2025-10-22 00:45:18,410 | INFO | 
🔍 CICLO 178 - 00:45:18
2025-10-22 00:45:18,410 | INFO | 📊 Monitoreando 2 posiciones activas...
2025-10-22 00:45:40,917 | INFO | 📊 Resumen ciclo 178:
2025-10-22 00:45:40,917 | INFO |    🎯 Señales detectadas: 0
2025-10-22 00:45:40,917 | INFO |    📈 Posiciones activas: 2
2025-10-22 00:45:40,917 | INFO |    💼 Posiciones:
2025-10-22 00:45:40,917 | INFO |       ADAUSDT: SELL @ $0.64
2025-10-22 00:45:40,917 | INFO |       AVAXUSDT: SELL @ $19.36
2025-10-22 00:45:40,917 | INFO | ⏳ Esperando 30 segundos para el próximo ciclo...

2025-10-22 00:46:10,920 | INFO | 
🔍 CICLO 179 - 00:46:10
2025-10-22 00:46:10,920 | INFO | 📊 Monitoreando 2 posiciones activas...
2025-10-22 00:46:32,412 | INFO | 📊 Resumen ciclo 179:
2025-10-22 00:46:32,414 | INFO |    🎯 Señales detectadas: 0
2025-10-22 00:46:32,414 | INFO |    📈 Posiciones activas: 2
2025-10-22 00:46:32,414 | INFO |    💼 Posiciones:
2025-10-22 00:46:32,415 | INFO |       ADAUSDT: SELL @ $0.64
2025-10-22 00:46:32,415 | INFO |       AVAXUSDT: SELL @ $19.36
2025-10-22 00:46:32,415 | INFO | ⏳ Esperando 30 segundos para el próximo ciclo...

2025-10-22 00:47:02,416 | INFO | 
🔍 CICLO 180 - 00:47:02
2025-10-22 00:47:02,416 | INFO | 📊 Monitoreando 2 posiciones activas...
2025-10-22 00:47:26,807 | INFO | 📊 Resumen ciclo 180:
2025-10-22 00:47:26,807 | INFO |    🎯 Señales detectadas: 0
2025-10-22 00:47:26,807 | INFO |    📈 Posiciones activas: 2
2025-10-22 00:47:26,807 | INFO |    💼 Posiciones:
2025-10-22 00:47:26,816 | INFO |       ADAUSDT: SELL @ $0.64
2025-10-22 00:47:26,816 | INFO |       AVAXUSDT: SELL @ $19.36
2025-10-22 00:47:26,816 | INFO | ⏳ Esperando 30 segundos para el próximo ciclo...

2025-10-22 00:47:56,817 | INFO | 
🔍 CICLO 181 - 00:47:56
2025-10-22 00:47:56,817 | INFO | 📊 Monitoreando 2 posiciones activas...
2025-10-22 00:48:18,956 | INFO | 📊 Resumen ciclo 181:
2025-10-22 00:48:18,956 | INFO |    🎯 Señales detectadas: 0
2025-10-22 00:48:18,956 | INFO |    📈 Posiciones activas: 2
2025-10-22 00:48:18,956 | INFO |    💼 Posiciones:
2025-10-22 00:48:18,956 | INFO |       ADAUSDT: SELL @ $0.64
2025-10-22 00:48:18,956 | INFO |       AVAXUSDT: SELL @ $19.36
2025-10-22 00:48:18,960 | INFO | ⏳ Esperando 30 segundos para el próximo ciclo...

2025-10-22 00:48:48,960 | INFO | 
🔍 CICLO 182 - 00:48:48
2025-10-22 00:48:48,960 | INFO | 📊 Monitoreando 2 posiciones activas...
2025-10-22 00:49:10,477 | INFO | 📊 Resumen ciclo 182:
2025-10-22 00:49:10,478 | INFO |    🎯 Señales detectadas: 0
2025-10-22 00:49:10,479 | INFO |    📈 Posiciones activas: 2
2025-10-22 00:49:10,480 | INFO |    💼 Posiciones:
2025-10-22 00:49:10,480 | INFO |       ADAUSDT: SELL @ $0.64
2025-10-22 00:49:10,480 | INFO |       AVAXUSDT: SELL @ $19.36
2025-10-22 00:49:10,480 | INFO | ⏳ Esperando 30 segundos para el próximo ciclo...

2025-10-22 00:49:40,486 | INFO | 
🔍 CICLO 183 - 00:49:40
2025-10-22 00:49:40,490 | INFO | 📊 Monitoreando 2 posiciones activas...
2025-10-22 00:50:04,252 | INFO | 📊 Resumen ciclo 183:
2025-10-22 00:50:04,252 | INFO |    🎯 Señales detectadas: 0
2025-10-22 00:50:04,252 | INFO |    📈 Posiciones activas: 2
2025-10-22 00:50:04,252 | INFO |    💼 Posiciones:
2025-10-22 00:50:04,252 | INFO |       ADAUSDT: SELL @ $0.64
2025-10-22 00:50:04,252 | INFO |       AVAXUSDT: SELL @ $19.36
2025-10-22 00:50:04,252 | INFO | ⏳ Esperando 30 segundos para el próximo ciclo...

2025-10-22 00:50:34,255 | INFO | 
🔍 CICLO 184 - 00:50:34
2025-10-22 00:50:34,255 | INFO | 📊 Monitoreando 2 posiciones activas...
2025-10-22 00:50:56,316 | INFO | 📊 Resumen ciclo 184:
2025-10-22 00:50:56,316 | INFO |    🎯 Señales detectadas: 0
2025-10-22 00:50:56,316 | INFO |    📈 Posiciones activas: 2
2025-10-22 00:50:56,316 | INFO |    💼 Posiciones:
2025-10-22 00:50:56,316 | INFO |       ADAUSDT: SELL @ $0.64
2025-10-22 00:50:56,316 | INFO |       AVAXUSDT: SELL @ $19.36
2025-10-22 00:50:56,316 | INFO | ⏳ Esperando 30 segundos para el próximo ciclo...

2025-10-22 00:51:26,320 | INFO | 
🔍 CICLO 185 - 00:51:26
2025-10-22 00:51:26,320 | INFO | 📊 Monitoreando 2 posiciones activas...
2025-10-22 00:51:47,737 | INFO | 📊 Resumen ciclo 185:
2025-10-22 00:51:47,737 | INFO |    🎯 Señales detectadas: 0
2025-10-22 00:51:47,737 | INFO |    📈 Posiciones activas: 2
2025-10-22 00:51:47,737 | INFO |    💼 Posiciones:
2025-10-22 00:51:47,738 | INFO |       ADAUSDT: SELL @ $0.64
2025-10-22 00:51:47,738 | INFO |       AVAXUSDT: SELL @ $19.36
2025-10-22 00:51:47,738 | INFO | ⏳ Esperando 30 segundos para el próximo ciclo...

2025-10-22 00:52:17,739 | INFO | 
🔍 CICLO 186 - 00:52:17
2025-10-22 00:52:17,742 | INFO | 📊 Monitoreando 2 posiciones activas...
2025-10-22 00:52:40,946 | INFO | 📊 Resumen ciclo 186:
2025-10-22 00:52:40,948 | INFO |    🎯 Señales detectadas: 0
2025-10-22 00:52:40,948 | INFO |    📈 Posiciones activas: 2
2025-10-22 00:52:40,948 | INFO |    💼 Posiciones:
2025-10-22 00:52:40,956 | INFO |       ADAUSDT: SELL @ $0.64
2025-10-22 00:52:40,958 | INFO |       AVAXUSDT: SELL @ $19.36
2025-10-22 00:52:40,958 | INFO | ⏳ Esperando 30 segundos para el próximo ciclo...

2025-10-22 00:53:10,960 | INFO | 
🔍 CICLO 187 - 00:53:10
2025-10-22 00:53:10,960 | INFO | 📊 Monitoreando 2 posiciones activas...
2025-10-22 00:53:32,573 | INFO | 📊 Resumen ciclo 187:
2025-10-22 00:53:32,573 | INFO |    🎯 Señales detectadas: 0
2025-10-22 00:53:32,573 | INFO |    📈 Posiciones activas: 2
2025-10-22 00:53:32,583 | INFO |    💼 Posiciones:
2025-10-22 00:53:32,583 | INFO |       ADAUSDT: SELL @ $0.64
2025-10-22 00:53:32,583 | INFO |       AVAXUSDT: SELL @ $19.36
2025-10-22 00:53:32,583 | INFO | ⏳ Esperando 30 segundos para el próximo ciclo...

2025-10-22 00:54:02,584 | INFO | 
🔍 CICLO 188 - 00:54:02
2025-10-22 00:54:02,584 | INFO | 📊 Monitoreando 2 posiciones activas...
2025-10-22 00:54:24,001 | INFO | 📊 Resumen ciclo 188:
2025-10-22 00:54:24,001 | INFO |    🎯 Señales detectadas: 0
2025-10-22 00:54:24,001 | INFO |    📈 Posiciones activas: 2
2025-10-22 00:54:24,003 | INFO |    💼 Posiciones:
2025-10-22 00:54:24,003 | INFO |       ADAUSDT: SELL @ $0.64
2025-10-22 00:54:24,003 | INFO |       AVAXUSDT: SELL @ $19.36
2025-10-22 00:54:24,003 | INFO | ⏳ Esperando 30 segundos para el próximo ciclo...

2025-10-22 00:54:54,005 | INFO | 
🔍 CICLO 189 - 00:54:54
2025-10-22 00:54:54,005 | INFO | 📊 Monitoreando 2 posiciones activas...
2025-10-22 00:55:16,281 | INFO | 📊 Resumen ciclo 189:
2025-10-22 00:55:16,281 | INFO |    🎯 Señales detectadas: 0
2025-10-22 00:55:16,283 | INFO |    📈 Posiciones activas: 2
2025-10-22 00:55:16,285 | INFO |    💼 Posiciones:
2025-10-22 00:55:16,286 | INFO |       ADAUSDT: SELL @ $0.64
2025-10-22 00:55:16,286 | INFO |       AVAXUSDT: SELL @ $19.36
2025-10-22 00:55:16,286 | INFO | ⏳ Esperando 30 segundos para el próximo ciclo...

2025-10-22 00:55:46,287 | INFO | 
🔍 CICLO 190 - 00:55:46
2025-10-22 00:55:46,288 | INFO | 📊 Monitoreando 2 posiciones activas...
2025-10-22 00:56:08,518 | INFO | 📊 Resumen ciclo 190:
2025-10-22 00:56:08,518 | INFO |    🎯 Señales detectadas: 0
2025-10-22 00:56:08,518 | INFO |    📈 Posiciones activas: 2
2025-10-22 00:56:08,518 | INFO |    💼 Posiciones:
2025-10-22 00:56:08,518 | INFO |       ADAUSDT: SELL @ $0.64
2025-10-22 00:56:08,521 | INFO |       AVAXUSDT: SELL @ $19.36
2025-10-22 00:56:08,521 | INFO | ⏳ Esperando 30 segundos para el próximo ciclo...

2025-10-22 00:56:38,522 | INFO | 
🔍 CICLO 191 - 00:56:38
2025-10-22 00:56:38,523 | INFO | 📊 Monitoreando 2 posiciones activas...
2025-10-22 00:57:00,581 | INFO | 📊 Resumen ciclo 191:
2025-10-22 00:57:00,582 | INFO |    🎯 Señales detectadas: 0
2025-10-22 00:57:00,582 | INFO |    📈 Posiciones activas: 2
2025-10-22 00:57:00,582 | INFO |    💼 Posiciones:
2025-10-22 00:57:00,582 | INFO |       ADAUSDT: SELL @ $0.64
2025-10-22 00:57:00,582 | INFO |       AVAXUSDT: SELL @ $19.36
2025-10-22 00:57:00,582 | INFO | ⏳ Esperando 30 segundos para el próximo ciclo...

2025-10-22 00:57:30,584 | INFO | 
🔍 CICLO 192 - 00:57:30
2025-10-22 00:57:30,588 | INFO | 📊 Monitoreando 2 posiciones activas...
2025-10-22 00:57:53,104 | INFO | 📊 Resumen ciclo 192:
2025-10-22 00:57:53,104 | INFO |    🎯 Señales detectadas: 0
2025-10-22 00:57:53,104 | INFO |    📈 Posiciones activas: 2
2025-10-22 00:57:53,104 | INFO |    💼 Posiciones:
2025-10-22 00:57:53,104 | INFO |       ADAUSDT: SELL @ $0.64
2025-10-22 00:57:53,104 | INFO |       AVAXUSDT: SELL @ $19.36
2025-10-22 00:57:53,104 | INFO | ⏳ Esperando 30 segundos para el próximo ciclo...

2025-10-22 00:58:23,110 | INFO | 
🔍 CICLO 193 - 00:58:23
2025-10-22 00:58:23,110 | INFO | 📊 Monitoreando 2 posiciones activas...
2025-10-22 00:58:46,329 | INFO | 📊 Resumen ciclo 193:
2025-10-22 00:58:46,329 | INFO |    🎯 Señales detectadas: 0
2025-10-22 00:58:46,329 | INFO |    📈 Posiciones activas: 2
2025-10-22 00:58:46,329 | INFO |    💼 Posiciones:
2025-10-22 00:58:46,329 | INFO |       ADAUSDT: SELL @ $0.64
2025-10-22 00:58:46,329 | INFO |       AVAXUSDT: SELL @ $19.36
2025-10-22 00:58:46,329 | INFO | ⏳ Esperando 30 segundos para el próximo ciclo...

2025-10-22 00:59:16,333 | INFO | 
🔍 CICLO 194 - 00:59:16
2025-10-22 00:59:16,333 | INFO | 📊 Monitoreando 2 posiciones activas...
2025-10-22 00:59:38,811 | INFO | 📊 Resumen ciclo 194:
2025-10-22 00:59:38,811 | INFO |    🎯 Señales detectadas: 0
2025-10-22 00:59:38,822 | INFO |    📈 Posiciones activas: 2
2025-10-22 00:59:38,822 | INFO |    💼 Posiciones:
2025-10-22 00:59:38,824 | INFO |       ADAUSDT: SELL @ $0.64
2025-10-22 00:59:38,824 | INFO |       AVAXUSDT: SELL @ $19.36
2025-10-22 00:59:38,831 | INFO | ⏳ Esperando 30 segundos para el próximo ciclo...

2025-10-22 01:00:08,861 | INFO | 
🔍 CICLO 195 - 01:00:08
2025-10-22 01:00:08,861 | INFO | 📊 Monitoreando 2 posiciones activas...
2025-10-22 01:00:32,185 | INFO | 📊 Resumen ciclo 195:
2025-10-22 01:00:32,185 | INFO |    🎯 Señales detectadas: 0
2025-10-22 01:00:32,185 | INFO |    📈 Posiciones activas: 2
2025-10-22 01:00:32,185 | INFO |    💼 Posiciones:
2025-10-22 01:00:32,185 | INFO |       ADAUSDT: SELL @ $0.64
2025-10-22 01:00:32,189 | INFO |       AVAXUSDT: SELL @ $19.36
2025-10-22 01:00:32,189 | INFO | ⏳ Esperando 30 segundos para el próximo ciclo...

2025-10-22 01:01:02,190 | INFO | 
🔍 CICLO 196 - 01:01:02
2025-10-22 01:01:02,213 | INFO | 📊 Monitoreando 2 posiciones activas...
2025-10-22 01:01:24,051 | INFO | 📊 Resumen ciclo 196:
2025-10-22 01:01:24,051 | INFO |    🎯 Señales detectadas: 0
2025-10-22 01:01:24,051 | INFO |    📈 Posiciones activas: 2
2025-10-22 01:01:24,051 | INFO |    💼 Posiciones:
2025-10-22 01:01:24,051 | INFO |       ADAUSDT: SELL @ $0.64
2025-10-22 01:01:24,053 | INFO |       AVAXUSDT: SELL @ $19.36
2025-10-22 01:01:24,053 | INFO | ⏳ Esperando 30 segundos para el próximo ciclo...

2025-10-22 01:01:54,054 | INFO | 
🔍 CICLO 197 - 01:01:54
2025-10-22 01:01:54,054 | INFO | 📊 Monitoreando 2 posiciones activas...
2025-10-22 01:02:15,458 | INFO | 📊 Resumen ciclo 197:
2025-10-22 01:02:15,458 | INFO |    🎯 Señales detectadas: 0
2025-10-22 01:02:15,458 | INFO |    📈 Posiciones activas: 2
2025-10-22 01:02:15,458 | INFO |    💼 Posiciones:
2025-10-22 01:02:15,458 | INFO |       ADAUSDT: SELL @ $0.64
2025-10-22 01:02:15,458 | INFO |       AVAXUSDT: SELL @ $19.36
2025-10-22 01:02:15,461 | INFO | ⏳ Esperando 30 segundos para el próximo ciclo...

2025-10-22 01:02:45,462 | INFO | 
🔍 CICLO 198 - 01:02:45
2025-10-22 01:02:45,462 | INFO | 📊 Monitoreando 2 posiciones activas...
2025-10-22 01:03:08,420 | INFO | 📊 Resumen ciclo 198:
2025-10-22 01:03:08,421 | INFO |    🎯 Señales detectadas: 0
2025-10-22 01:03:08,421 | INFO |    📈 Posiciones activas: 2
2025-10-22 01:03:08,421 | INFO |    💼 Posiciones:
2025-10-22 01:03:08,421 | INFO |       ADAUSDT: SELL @ $0.64
2025-10-22 01:03:08,421 | INFO |       AVAXUSDT: SELL @ $19.36
2025-10-22 01:03:08,421 | INFO | ⏳ Esperando 30 segundos para el próximo ciclo...

2025-10-22 01:03:38,423 | INFO | 
🔍 CICLO 199 - 01:03:38
2025-10-22 01:03:38,423 | INFO | 📊 Monitoreando 2 posiciones activas...
2025-10-22 01:04:00,830 | INFO | 📊 Resumen ciclo 199:
2025-10-22 01:04:00,830 | INFO |    🎯 Señales detectadas: 0
2025-10-22 01:04:00,832 | INFO |    📈 Posiciones activas: 2
2025-10-22 01:04:00,832 | INFO |    💼 Posiciones:
2025-10-22 01:04:00,832 | INFO |       ADAUSDT: SELL @ $0.64
2025-10-22 01:04:00,832 | INFO |       AVAXUSDT: SELL @ $19.36
2025-10-22 01:04:00,832 | INFO | ⏳ Esperando 30 segundos para el próximo ciclo...

2025-10-22 01:04:30,834 | INFO | 
🔍 CICLO 200 - 01:04:30
2025-10-22 01:04:30,834 | INFO | 📊 Monitoreando 2 posiciones activas...
2025-10-22 01:04:52,362 | INFO | 📊 Resumen ciclo 200:
2025-10-22 01:04:52,362 | INFO |    🎯 Señales detectadas: 0
2025-10-22 01:04:52,362 | INFO |    📈 Posiciones activas: 2
2025-10-22 01:04:52,362 | INFO |    💼 Posiciones:
2025-10-22 01:04:52,362 | INFO |       ADAUSDT: SELL @ $0.64
2025-10-22 01:04:52,362 | INFO |       AVAXUSDT: SELL @ $19.36
2025-10-22 01:04:52,362 | INFO | ⏳ Esperando 30 segundos para el próximo ciclo...

2025-10-22 01:05:22,367 | INFO | 
🔍 CICLO 201 - 01:05:22
2025-10-22 01:05:22,373 | INFO | 📊 Monitoreando 2 posiciones activas...
2025-10-22 01:05:46,166 | INFO | 📊 Resumen ciclo 201:
2025-10-22 01:05:46,170 | INFO |    🎯 Señales detectadas: 0
2025-10-22 01:05:46,170 | INFO |    📈 Posiciones activas: 2
2025-10-22 01:05:46,170 | INFO |    💼 Posiciones:
2025-10-22 01:05:46,177 | INFO |       ADAUSDT: SELL @ $0.64
2025-10-22 01:05:46,177 | INFO |       AVAXUSDT: SELL @ $19.36
2025-10-22 01:05:46,178 | INFO | ⏳ Esperando 30 segundos para el próximo ciclo...

2025-10-22 01:06:16,185 | INFO | 
🔍 CICLO 202 - 01:06:16
2025-10-22 01:06:16,185 | INFO | 📊 Monitoreando 2 posiciones activas...
2025-10-22 01:06:38,488 | INFO | 📊 Resumen ciclo 202:
2025-10-22 01:06:38,488 | INFO |    🎯 Señales detectadas: 0
2025-10-22 01:06:38,488 | INFO |    📈 Posiciones activas: 2
2025-10-22 01:06:38,488 | INFO |    💼 Posiciones:
2025-10-22 01:06:38,488 | INFO |       ADAUSDT: SELL @ $0.64
2025-10-22 01:06:38,488 | INFO |       AVAXUSDT: SELL @ $19.36
2025-10-22 01:06:38,488 | INFO | ⏳ Esperando 30 segundos para el próximo ciclo...

2025-10-22 01:07:08,493 | INFO | 
🔍 CICLO 203 - 01:07:08
2025-10-22 01:07:08,494 | INFO | 📊 Monitoreando 2 posiciones activas...
2025-10-22 01:07:29,784 | INFO | 📊 Resumen ciclo 203:
2025-10-22 01:07:29,784 | INFO |    🎯 Señales detectadas: 0
2025-10-22 01:07:29,784 | INFO |    📈 Posiciones activas: 2
2025-10-22 01:07:29,784 | INFO |    💼 Posiciones:
2025-10-22 01:07:29,784 | INFO |       ADAUSDT: SELL @ $0.64
2025-10-22 01:07:29,784 | INFO |       AVAXUSDT: SELL @ $19.36
2025-10-22 01:07:29,784 | INFO | ⏳ Esperando 30 segundos para el próximo ciclo...

2025-10-22 01:07:59,786 | INFO | 
🔍 CICLO 204 - 01:07:59
2025-10-22 01:07:59,786 | INFO | 📊 Monitoreando 2 posiciones activas...
2025-10-22 01:08:22,682 | INFO | 📊 Resumen ciclo 204:
2025-10-22 01:08:22,682 | INFO |    🎯 Señales detectadas: 0
2025-10-22 01:08:22,682 | INFO |    📈 Posiciones activas: 2
2025-10-22 01:08:22,682 | INFO |    💼 Posiciones:
2025-10-22 01:08:22,682 | INFO |       ADAUSDT: SELL @ $0.64
2025-10-22 01:08:22,682 | INFO |       AVAXUSDT: SELL @ $19.36
2025-10-22 01:08:22,684 | INFO | ⏳ Esperando 30 segundos para el próximo ciclo...

2025-10-22 01:08:52,685 | INFO | 
🔍 CICLO 205 - 01:08:52
2025-10-22 01:08:52,685 | INFO | 📊 Monitoreando 2 posiciones activas...
2025-10-22 01:09:15,232 | INFO | 📊 Resumen ciclo 205:
2025-10-22 01:09:15,232 | INFO |    🎯 Señales detectadas: 0
2025-10-22 01:09:15,232 | INFO |    📈 Posiciones activas: 2
2025-10-22 01:09:15,232 | INFO |    💼 Posiciones:
2025-10-22 01:09:15,234 | INFO |       ADAUSDT: SELL @ $0.64
2025-10-22 01:09:15,234 | INFO |       AVAXUSDT: SELL @ $19.36
2025-10-22 01:09:15,234 | INFO | ⏳ Esperando 30 segundos para el próximo ciclo...

2025-10-22 01:09:45,237 | INFO | 
🔍 CICLO 206 - 01:09:45
2025-10-22 01:09:45,241 | INFO | 📊 Monitoreando 2 posiciones activas...
2025-10-22 01:10:06,784 | INFO | 📊 Resumen ciclo 206:
2025-10-22 01:10:06,784 | INFO |    🎯 Señales detectadas: 0
2025-10-22 01:10:06,786 | INFO |    📈 Posiciones activas: 2
2025-10-22 01:10:06,786 | INFO |    💼 Posiciones:
2025-10-22 01:10:06,786 | INFO |       ADAUSDT: SELL @ $0.64
2025-10-22 01:10:06,786 | INFO |       AVAXUSDT: SELL @ $19.36
2025-10-22 01:10:06,786 | INFO | ⏳ Esperando 30 segundos para el próximo ciclo...

2025-10-22 01:10:36,790 | INFO | 
🔍 CICLO 207 - 01:10:36
2025-10-22 01:10:36,792 | INFO | 📊 Monitoreando 2 posiciones activas...
2025-10-22 01:10:59,576 | INFO | 📊 Resumen ciclo 207:
2025-10-22 01:10:59,584 | INFO |    🎯 Señales detectadas: 0
2025-10-22 01:10:59,584 | INFO |    📈 Posiciones activas: 2
2025-10-22 01:10:59,584 | INFO |    💼 Posiciones:
2025-10-22 01:10:59,586 | INFO |       ADAUSDT: SELL @ $0.64
2025-10-22 01:10:59,592 | INFO |       AVAXUSDT: SELL @ $19.36
2025-10-22 01:10:59,593 | INFO | ⏳ Esperando 30 segundos para el próximo ciclo...

2025-10-22 01:11:29,599 | INFO | 
🔍 CICLO 208 - 01:11:29
2025-10-22 01:11:29,599 | INFO | 📊 Monitoreando 2 posiciones activas...
2025-10-22 01:11:53,288 | INFO | 📊 Resumen ciclo 208:
2025-10-22 01:11:53,290 | INFO |    🎯 Señales detectadas: 0
2025-10-22 01:11:53,290 | INFO |    📈 Posiciones activas: 2
2025-10-22 01:11:53,290 | INFO |    💼 Posiciones:
2025-10-22 01:11:53,292 | INFO |       ADAUSDT: SELL @ $0.64
2025-10-22 01:11:53,292 | INFO |       AVAXUSDT: SELL @ $19.36
2025-10-22 01:11:53,292 | INFO | ⏳ Esperando 30 segundos para el próximo ciclo...

2025-10-22 01:12:23,293 | INFO | 
🔍 CICLO 209 - 01:12:23
2025-10-22 01:12:23,293 | INFO | 📊 Monitoreando 2 posiciones activas...
2025-10-22 01:12:44,368 | INFO | 📊 Resumen ciclo 209:
2025-10-22 01:12:44,370 | INFO |    🎯 Señales detectadas: 0
2025-10-22 01:12:44,377 | INFO |    📈 Posiciones activas: 2
2025-10-22 01:12:44,381 | INFO |    💼 Posiciones:
2025-10-22 01:12:44,382 | INFO |       ADAUSDT: SELL @ $0.64
2025-10-22 01:12:44,383 | INFO |       AVAXUSDT: SELL @ $19.36
2025-10-22 01:12:44,394 | INFO | ⏳ Esperando 30 segundos para el próximo ciclo...

2025-10-22 01:13:14,395 | INFO | 
🔍 CICLO 210 - 01:13:14
2025-10-22 01:13:14,395 | INFO | 📊 Monitoreando 2 posiciones activas...
2025-10-22 01:13:36,853 | INFO | 📊 Resumen ciclo 210:
2025-10-22 01:13:36,853 | INFO |    🎯 Señales detectadas: 0
2025-10-22 01:13:36,853 | INFO |    📈 Posiciones activas: 2
2025-10-22 01:13:36,853 | INFO |    💼 Posiciones:
2025-10-22 01:13:36,853 | INFO |       ADAUSDT: SELL @ $0.64
2025-10-22 01:13:36,853 | INFO |       AVAXUSDT: SELL @ $19.36
2025-10-22 01:13:36,853 | INFO | ⏳ Esperando 30 segundos para el próximo ciclo...

2025-10-22 01:14:06,860 | INFO | 
🔍 CICLO 211 - 01:14:06
2025-10-22 01:14:06,860 | INFO | 📊 Monitoreando 2 posiciones activas...
2025-10-22 01:14:30,342 | INFO | 📊 Resumen ciclo 211:
2025-10-22 01:14:30,343 | INFO |    🎯 Señales detectadas: 0
2025-10-22 01:14:30,343 | INFO |    📈 Posiciones activas: 2
2025-10-22 01:14:30,343 | INFO |    💼 Posiciones:
2025-10-22 01:14:30,343 | INFO |       ADAUSDT: SELL @ $0.64
2025-10-22 01:14:30,344 | INFO |       AVAXUSDT: SELL @ $19.36
2025-10-22 01:14:30,344 | INFO | ⏳ Esperando 30 segundos para el próximo ciclo...

2025-10-22 01:15:00,345 | INFO | 
🔍 CICLO 212 - 01:15:00
2025-10-22 01:15:00,347 | INFO | 📊 Monitoreando 2 posiciones activas...
2025-10-22 01:15:21,257 | INFO | 📊 Resumen ciclo 212:
2025-10-22 01:15:21,272 | INFO |    🎯 Señales detectadas: 0
2025-10-22 01:15:21,274 | INFO |    📈 Posiciones activas: 2
2025-10-22 01:15:21,276 | INFO |    💼 Posiciones:
2025-10-22 01:15:21,278 | INFO |       ADAUSDT: SELL @ $0.64
2025-10-22 01:15:21,278 | INFO |       AVAXUSDT: SELL @ $19.36
2025-10-22 01:15:21,280 | INFO | ⏳ Esperando 30 segundos para el próximo ciclo...

2025-10-22 01:15:51,282 | INFO | 
🔍 CICLO 213 - 01:15:51
2025-10-22 01:15:51,282 | INFO | 📊 Monitoreando 2 posiciones activas...
2025-10-22 01:16:12,820 | INFO | 📊 Resumen ciclo 213:
2025-10-22 01:16:12,829 | INFO |    🎯 Señales detectadas: 0
2025-10-22 01:16:12,830 | INFO |    📈 Posiciones activas: 2
2025-10-22 01:16:12,830 | INFO |    💼 Posiciones:
2025-10-22 01:16:12,830 | INFO |       ADAUSDT: SELL @ $0.64
2025-10-22 01:16:12,830 | INFO |       AVAXUSDT: SELL @ $19.36
2025-10-22 01:16:12,830 | INFO | ⏳ Esperando 30 segundos para el próximo ciclo...

2025-10-22 01:16:42,831 | INFO | 
🔍 CICLO 214 - 01:16:42
2025-10-22 01:16:42,831 | INFO | 📊 Monitoreando 2 posiciones activas...
2025-10-22 01:17:06,149 | INFO | 📊 Resumen ciclo 214:
2025-10-22 01:17:06,155 | INFO |    🎯 Señales detectadas: 0
2025-10-22 01:17:06,171 | INFO |    📈 Posiciones activas: 2
2025-10-22 01:17:06,184 | INFO |    💼 Posiciones:
2025-10-22 01:17:06,184 | INFO |       ADAUSDT: SELL @ $0.64
2025-10-22 01:17:06,190 | INFO |       AVAXUSDT: SELL @ $19.36
2025-10-22 01:17:06,197 | INFO | ⏳ Esperando 30 segundos para el próximo ciclo...

2025-10-22 01:17:36,201 | INFO | 
🔍 CICLO 215 - 01:17:36
2025-10-22 01:17:36,201 | INFO | 📊 Monitoreando 2 posiciones activas...
2025-10-22 01:17:58,494 | INFO | 📊 Resumen ciclo 215:
2025-10-22 01:17:58,499 | INFO |    🎯 Señales detectadas: 0
2025-10-22 01:17:58,499 | INFO |    📈 Posiciones activas: 2
2025-10-22 01:17:58,499 | INFO |    💼 Posiciones:
2025-10-22 01:17:58,501 | INFO |       ADAUSDT: SELL @ $0.64
2025-10-22 01:17:58,501 | INFO |       AVAXUSDT: SELL @ $19.36
2025-10-22 01:17:58,501 | INFO | ⏳ Esperando 30 segundos para el próximo ciclo...

2025-10-22 01:18:28,503 | INFO | 
🔍 CICLO 216 - 01:18:28
2025-10-22 01:18:28,503 | INFO | 📊 Monitoreando 2 posiciones activas...
2025-10-22 01:18:50,287 | INFO | 📊 Resumen ciclo 216:
2025-10-22 01:18:50,287 | INFO |    🎯 Señales detectadas: 0
2025-10-22 01:18:50,287 | INFO |    📈 Posiciones activas: 2
2025-10-22 01:18:50,287 | INFO |    💼 Posiciones:
2025-10-22 01:18:50,287 | INFO |       ADAUSDT: SELL @ $0.64
2025-10-22 01:18:50,287 | INFO |       AVAXUSDT: SELL @ $19.36
2025-10-22 01:18:50,287 | INFO | ⏳ Esperando 30 segundos para el próximo ciclo...

2025-10-22 01:19:20,295 | INFO | 
🔍 CICLO 217 - 01:19:20
2025-10-22 01:19:20,295 | INFO | 📊 Monitoreando 2 posiciones activas...
2025-10-22 01:19:43,366 | INFO | 📊 Resumen ciclo 217:
2025-10-22 01:19:43,373 | INFO |    🎯 Señales detectadas: 0
2025-10-22 01:19:43,375 | INFO |    📈 Posiciones activas: 2
2025-10-22 01:19:43,375 | INFO |    💼 Posiciones:
2025-10-22 01:19:43,375 | INFO |       ADAUSDT: SELL @ $0.64
2025-10-22 01:19:43,375 | INFO |       AVAXUSDT: SELL @ $19.36
2025-10-22 01:19:43,375 | INFO | ⏳ Esperando 30 segundos para el próximo ciclo...

2025-10-22 01:20:13,377 | INFO | 
🔍 CICLO 218 - 01:20:13
2025-10-22 01:20:13,377 | INFO | 📊 Monitoreando 2 posiciones activas...
2025-10-22 01:20:35,529 | INFO | 📊 Resumen ciclo 218:
2025-10-22 01:20:35,529 | INFO |    🎯 Señales detectadas: 0
2025-10-22 01:20:35,529 | INFO |    📈 Posiciones activas: 2
2025-10-22 01:20:35,540 | INFO |    💼 Posiciones:
2025-10-22 01:20:35,540 | INFO |       ADAUSDT: SELL @ $0.64
2025-10-22 01:20:35,540 | INFO |       AVAXUSDT: SELL @ $19.36
2025-10-22 01:20:35,540 | INFO | ⏳ Esperando 30 segundos para el próximo ciclo...

2025-10-22 01:21:05,542 | INFO | 
🔍 CICLO 219 - 01:21:05
2025-10-22 01:21:05,542 | INFO | 📊 Monitoreando 2 posiciones activas...
2025-10-22 01:21:28,172 | INFO | 📊 Resumen ciclo 219:
2025-10-22 01:21:28,173 | INFO |    🎯 Señales detectadas: 0
2025-10-22 01:21:28,173 | INFO |    📈 Posiciones activas: 2
2025-10-22 01:21:28,173 | INFO |    💼 Posiciones:
2025-10-22 01:21:28,173 | INFO |       ADAUSDT: SELL @ $0.64
2025-10-22 01:21:28,173 | INFO |       AVAXUSDT: SELL @ $19.36
2025-10-22 01:21:28,173 | INFO | ⏳ Esperando 30 segundos para el próximo ciclo...

2025-10-22 01:21:58,176 | INFO | 
🔍 CICLO 220 - 01:21:58
2025-10-22 01:21:58,176 | INFO | 📊 Monitoreando 2 posiciones activas...
2025-10-22 01:22:20,788 | INFO | 📊 Resumen ciclo 220:
2025-10-22 01:22:20,788 | INFO |    🎯 Señales detectadas: 0
2025-10-22 01:22:20,788 | INFO |    📈 Posiciones activas: 2
2025-10-22 01:22:20,788 | INFO |    💼 Posiciones:
2025-10-22 01:22:20,788 | INFO |       ADAUSDT: SELL @ $0.64
2025-10-22 01:22:20,788 | INFO |       AVAXUSDT: SELL @ $19.36
2025-10-22 01:22:20,788 | INFO | ⏳ Esperando 30 segundos para el próximo ciclo...

2025-10-22 01:22:50,791 | INFO | 
🔍 CICLO 221 - 01:22:50
2025-10-22 01:22:50,791 | INFO | 📊 Monitoreando 2 posiciones activas...
2025-10-22 01:23:12,662 | INFO | 📊 Resumen ciclo 221:
2025-10-22 01:23:12,679 | INFO |    🎯 Señales detectadas: 0
2025-10-22 01:23:12,710 | INFO |    📈 Posiciones activas: 2
2025-10-22 01:23:12,712 | INFO |    💼 Posiciones:
2025-10-22 01:23:12,719 | INFO |       ADAUSDT: SELL @ $0.64
2025-10-22 01:23:12,720 | INFO |       AVAXUSDT: SELL @ $19.36
2025-10-22 01:23:12,720 | INFO | ⏳ Esperando 30 segundos para el próximo ciclo...

2025-10-22 01:23:42,725 | INFO | 
🔍 CICLO 222 - 01:23:42
2025-10-22 01:23:42,725 | INFO | 📊 Monitoreando 2 posiciones activas...
2025-10-22 01:24:06,152 | INFO | 📊 Resumen ciclo 222:
2025-10-22 01:24:06,152 | INFO |    🎯 Señales detectadas: 0
2025-10-22 01:24:06,152 | INFO |    📈 Posiciones activas: 2
2025-10-22 01:24:06,152 | INFO |    💼 Posiciones:
2025-10-22 01:24:06,152 | INFO |       ADAUSDT: SELL @ $0.64
2025-10-22 01:24:06,152 | INFO |       AVAXUSDT: SELL @ $19.36
2025-10-22 01:24:06,152 | INFO | ⏳ Esperando 30 segundos para el próximo ciclo...

2025-10-22 01:24:36,162 | INFO | 
🔍 CICLO 223 - 01:24:36
2025-10-22 01:24:36,162 | INFO | 📊 Monitoreando 2 posiciones activas...
2025-10-22 01:24:58,281 | INFO | 📊 Resumen ciclo 223:
2025-10-22 01:24:58,281 | INFO |    🎯 Señales detectadas: 0
2025-10-22 01:24:58,281 | INFO |    📈 Posiciones activas: 2
2025-10-22 01:24:58,281 | INFO |    💼 Posiciones:
2025-10-22 01:24:58,281 | INFO |       ADAUSDT: SELL @ $0.64
2025-10-22 01:24:58,289 | INFO |       AVAXUSDT: SELL @ $19.36
2025-10-22 01:24:58,289 | INFO | ⏳ Esperando 30 segundos para el próximo ciclo...

2025-10-22 01:25:28,290 | INFO | 
🔍 CICLO 224 - 01:25:28
2025-10-22 01:25:28,291 | INFO | 📊 Monitoreando 2 posiciones activas...
2025-10-22 01:25:49,293 | INFO | 📊 Resumen ciclo 224:
2025-10-22 01:25:49,293 | INFO |    🎯 Señales detectadas: 0
2025-10-22 01:25:49,293 | INFO |    📈 Posiciones activas: 2
2025-10-22 01:25:49,293 | INFO |    💼 Posiciones:
2025-10-22 01:25:49,297 | INFO |       ADAUSDT: SELL @ $0.64
2025-10-22 01:25:49,297 | INFO |       AVAXUSDT: SELL @ $19.36
2025-10-22 01:25:49,297 | INFO | ⏳ Esperando 30 segundos para el próximo ciclo...

2025-10-22 01:26:19,298 | INFO | 
🔍 CICLO 225 - 01:26:19
2025-10-22 01:26:19,298 | INFO | 📊 Monitoreando 2 posiciones activas...
2025-10-22 01:26:42,035 | INFO | 📊 Resumen ciclo 225:
2025-10-22 01:26:42,035 | INFO |    🎯 Señales detectadas: 0
2025-10-22 01:26:42,035 | INFO |    📈 Posiciones activas: 2
2025-10-22 01:26:42,035 | INFO |    💼 Posiciones:
2025-10-22 01:26:42,037 | INFO |       ADAUSDT: SELL @ $0.64
2025-10-22 01:26:42,037 | INFO |       AVAXUSDT: SELL @ $19.36
2025-10-22 01:26:42,037 | INFO | ⏳ Esperando 30 segundos para el próximo ciclo...

2025-10-22 01:27:12,039 | INFO | 
🔍 CICLO 226 - 01:27:12
2025-10-22 01:27:12,039 | INFO | 📊 Monitoreando 2 posiciones activas...
2025-10-22 01:27:34,496 | INFO | 📊 Resumen ciclo 226:
2025-10-22 01:27:34,496 | INFO |    🎯 Señales detectadas: 0
2025-10-22 01:27:34,496 | INFO |    📈 Posiciones activas: 2
2025-10-22 01:27:34,498 | INFO |    💼 Posiciones:
2025-10-22 01:27:34,498 | INFO |       ADAUSDT: SELL @ $0.64
2025-10-22 01:27:34,499 | INFO |       AVAXUSDT: SELL @ $19.36
2025-10-22 01:27:34,499 | INFO | ⏳ Esperando 30 segundos para el próximo ciclo...

2025-10-22 01:28:04,501 | INFO | 
🔍 CICLO 227 - 01:28:04
2025-10-22 01:28:04,501 | INFO | 📊 Monitoreando 2 posiciones activas...
2025-10-22 01:28:25,858 | INFO | 📊 Resumen ciclo 227:
2025-10-22 01:28:25,864 | INFO |    🎯 Señales detectadas: 0
2025-10-22 01:28:25,866 | INFO |    📈 Posiciones activas: 2
2025-10-22 01:28:25,866 | INFO |    💼 Posiciones:
2025-10-22 01:28:25,866 | INFO |       ADAUSDT: SELL @ $0.64
2025-10-22 01:28:25,875 | INFO |       AVAXUSDT: SELL @ $19.36
2025-10-22 01:28:25,877 | INFO | ⏳ Esperando 30 segundos para el próximo ciclo...

2025-10-22 01:28:55,879 | INFO | 
🔍 CICLO 228 - 01:28:55
2025-10-22 01:28:55,879 | INFO | 📊 Monitoreando 2 posiciones activas...
2025-10-22 01:29:18,221 | INFO | 📊 Resumen ciclo 228:
2025-10-22 01:29:18,221 | INFO |    🎯 Señales detectadas: 0
2025-10-22 01:29:18,221 | INFO |    📈 Posiciones activas: 2
2025-10-22 01:29:18,221 | INFO |    💼 Posiciones:
2025-10-22 01:29:18,223 | INFO |       ADAUSDT: SELL @ $0.64
2025-10-22 01:29:18,223 | INFO |       AVAXUSDT: SELL @ $19.36
2025-10-22 01:29:18,223 | INFO | ⏳ Esperando 30 segundos para el próximo ciclo...

2025-10-22 01:29:48,224 | INFO | 
🔍 CICLO 229 - 01:29:48
2025-10-22 01:29:48,224 | INFO | 📊 Monitoreando 2 posiciones activas...
2025-10-22 01:30:11,847 | INFO | 📊 Resumen ciclo 229:
2025-10-22 01:30:11,847 | INFO |    🎯 Señales detectadas: 0
2025-10-22 01:30:11,847 | INFO |    📈 Posiciones activas: 2
2025-10-22 01:30:11,847 | INFO |    💼 Posiciones:
2025-10-22 01:30:11,847 | INFO |       ADAUSDT: SELL @ $0.64
2025-10-22 01:30:11,849 | INFO |       AVAXUSDT: SELL @ $19.36
2025-10-22 01:30:11,849 | INFO | ⏳ Esperando 30 segundos para el próximo ciclo...

2025-10-22 01:30:41,849 | INFO | 
🔍 CICLO 230 - 01:30:41
2025-10-22 01:30:41,849 | INFO | 📊 Monitoreando 2 posiciones activas...
2025-10-22 01:31:03,202 | INFO | 📊 Resumen ciclo 230:
2025-10-22 01:31:03,202 | INFO |    🎯 Señales detectadas: 0
2025-10-22 01:31:03,204 | INFO |    📈 Posiciones activas: 2
2025-10-22 01:31:03,204 | INFO |    💼 Posiciones:
2025-10-22 01:31:03,204 | INFO |       ADAUSDT: SELL @ $0.64
2025-10-22 01:31:03,204 | INFO |       AVAXUSDT: SELL @ $19.36
2025-10-22 01:31:03,206 | INFO | ⏳ Esperando 30 segundos para el próximo ciclo...

2025-10-22 01:31:33,206 | INFO | 
🔍 CICLO 231 - 01:31:33
2025-10-22 01:31:33,206 | INFO | 📊 Monitoreando 2 posiciones activas...
2025-10-22 01:31:55,742 | INFO | 📊 Resumen ciclo 231:
2025-10-22 01:31:55,742 | INFO |    🎯 Señales detectadas: 0
2025-10-22 01:31:55,744 | INFO |    📈 Posiciones activas: 2
2025-10-22 01:31:55,744 | INFO |    💼 Posiciones:
2025-10-22 01:31:55,744 | INFO |       ADAUSDT: SELL @ $0.64
2025-10-22 01:31:55,744 | INFO |       AVAXUSDT: SELL @ $19.36
2025-10-22 01:31:55,744 | INFO | ⏳ Esperando 30 segundos para el próximo ciclo...

2025-10-22 01:32:25,747 | INFO | 
🔍 CICLO 232 - 01:32:25
2025-10-22 01:32:25,747 | INFO | 📊 Monitoreando 2 posiciones activas...
2025-10-22 01:32:49,103 | INFO | 📊 Resumen ciclo 232:
2025-10-22 01:32:49,103 | INFO |    🎯 Señales detectadas: 0
2025-10-22 01:32:49,105 | INFO |    📈 Posiciones activas: 2
2025-10-22 01:32:49,105 | INFO |    💼 Posiciones:
2025-10-22 01:32:49,105 | INFO |       ADAUSDT: SELL @ $0.64
2025-10-22 01:32:49,105 | INFO |       AVAXUSDT: SELL @ $19.36
2025-10-22 01:32:49,105 | INFO | ⏳ Esperando 30 segundos para el próximo ciclo...

2025-10-22 01:33:19,108 | INFO | 
🔍 CICLO 233 - 01:33:19
2025-10-22 01:33:19,108 | INFO | 📊 Monitoreando 2 posiciones activas...
2025-10-22 01:33:41,448 | INFO | 📊 Resumen ciclo 233:
2025-10-22 01:33:41,448 | INFO |    🎯 Señales detectadas: 0
2025-10-22 01:33:41,448 | INFO |    📈 Posiciones activas: 2
2025-10-22 01:33:41,448 | INFO |    💼 Posiciones:
2025-10-22 01:33:41,448 | INFO |       ADAUSDT: SELL @ $0.64
2025-10-22 01:33:41,448 | INFO |       AVAXUSDT: SELL @ $19.36
2025-10-22 01:33:41,448 | INFO | ⏳ Esperando 30 segundos para el próximo ciclo...

2025-10-22 01:34:11,451 | INFO | 
🔍 CICLO 234 - 01:34:11
2025-10-22 01:34:11,451 | INFO | 📊 Monitoreando 2 posiciones activas...
2025-10-22 01:34:34,629 | INFO | 📊 Resumen ciclo 234:
2025-10-22 01:34:34,631 | INFO |    🎯 Señales detectadas: 0
2025-10-22 01:34:34,631 | INFO |    📈 Posiciones activas: 2
2025-10-22 01:34:34,631 | INFO |    💼 Posiciones:
2025-10-22 01:34:34,631 | INFO |       ADAUSDT: SELL @ $0.64
2025-10-22 01:34:34,631 | INFO |       AVAXUSDT: SELL @ $19.36
2025-10-22 01:34:34,631 | INFO | ⏳ Esperando 30 segundos para el próximo ciclo...

2025-10-22 01:35:04,633 | INFO | 
🔍 CICLO 235 - 01:35:04
2025-10-22 01:35:04,633 | INFO | 📊 Monitoreando 2 posiciones activas...
2025-10-22 01:35:28,587 | INFO | 📊 Resumen ciclo 235:
2025-10-22 01:35:28,587 | INFO |    🎯 Señales detectadas: 0
2025-10-22 01:35:28,589 | INFO |    📈 Posiciones activas: 2
2025-10-22 01:35:28,589 | INFO |    💼 Posiciones:
2025-10-22 01:35:28,589 | INFO |       ADAUSDT: SELL @ $0.64
2025-10-22 01:35:28,589 | INFO |       AVAXUSDT: SELL @ $19.36
2025-10-22 01:35:28,589 | INFO | ⏳ Esperando 30 segundos para el próximo ciclo...

2025-10-22 01:35:58,591 | INFO | 
🔍 CICLO 236 - 01:35:58
2025-10-22 01:35:58,591 | INFO | 📊 Monitoreando 2 posiciones activas...
2025-10-22 01:36:19,049 | INFO | 📊 Resumen ciclo 236:
2025-10-22 01:36:19,049 | INFO |    🎯 Señales detectadas: 0
2025-10-22 01:36:19,049 | INFO |    📈 Posiciones activas: 2
2025-10-22 01:36:19,049 | INFO |    💼 Posiciones:
2025-10-22 01:36:19,051 | INFO |       ADAUSDT: SELL @ $0.64
2025-10-22 01:36:19,051 | INFO |       AVAXUSDT: SELL @ $19.36
2025-10-22 01:36:19,051 | INFO | ⏳ Esperando 30 segundos para el próximo ciclo...

2025-10-22 01:36:49,052 | INFO | 
🔍 CICLO 237 - 01:36:49
2025-10-22 01:36:49,052 | INFO | 📊 Monitoreando 2 posiciones activas...
2025-10-22 01:37:11,522 | INFO | 📊 Resumen ciclo 237:
2025-10-22 01:37:11,522 | INFO |    🎯 Señales detectadas: 0
2025-10-22 01:37:11,522 | INFO |    📈 Posiciones activas: 2
2025-10-22 01:37:11,522 | INFO |    💼 Posiciones:
2025-10-22 01:37:11,522 | INFO |       ADAUSDT: SELL @ $0.64
2025-10-22 01:37:11,532 | INFO |       AVAXUSDT: SELL @ $19.36
2025-10-22 01:37:11,532 | INFO | ⏳ Esperando 30 segundos para el próximo ciclo...

2025-10-22 01:37:41,540 | INFO | 
🔍 CICLO 238 - 01:37:41
2025-10-22 01:37:41,543 | INFO | 📊 Monitoreando 2 posiciones activas...
2025-10-22 01:38:05,651 | INFO | 📊 Resumen ciclo 238:
2025-10-22 01:38:05,651 | INFO |    🎯 Señales detectadas: 0
2025-10-22 01:38:05,651 | INFO |    📈 Posiciones activas: 2
2025-10-22 01:38:05,651 | INFO |    💼 Posiciones:
2025-10-22 01:38:05,651 | INFO |       ADAUSDT: SELL @ $0.64
2025-10-22 01:38:05,653 | INFO |       AVAXUSDT: SELL @ $19.36
2025-10-22 01:38:05,653 | INFO | ⏳ Esperando 30 segundos para el próximo ciclo...

2025-10-22 01:38:35,654 | INFO | 
🔍 CICLO 239 - 01:38:35
2025-10-22 01:38:35,656 | INFO | 📊 Monitoreando 2 posiciones activas...
2025-10-22 01:38:56,563 | INFO | 📊 Resumen ciclo 239:
2025-10-22 01:38:56,563 | INFO |    🎯 Señales detectadas: 0
2025-10-22 01:38:56,563 | INFO |    📈 Posiciones activas: 2
2025-10-22 01:38:56,563 | INFO |    💼 Posiciones:
2025-10-22 01:38:56,563 | INFO |       ADAUSDT: SELL @ $0.64
2025-10-22 01:38:56,563 | INFO |       AVAXUSDT: SELL @ $19.36
2025-10-22 01:38:56,563 | INFO | ⏳ Esperando 30 segundos para el próximo ciclo...

2025-10-22 01:39:26,565 | INFO | 
🔍 CICLO 240 - 01:39:26
2025-10-22 01:39:26,565 | INFO | 📊 Monitoreando 2 posiciones activas...
2025-10-22 01:39:48,317 | INFO | 📊 Resumen ciclo 240:
2025-10-22 01:39:48,319 | INFO |    🎯 Señales detectadas: 0
2025-10-22 01:39:48,319 | INFO |    📈 Posiciones activas: 2
2025-10-22 01:39:48,320 | INFO |    💼 Posiciones:
2025-10-22 01:39:48,320 | INFO |       ADAUSDT: SELL @ $0.64
2025-10-22 01:39:48,320 | INFO |       AVAXUSDT: SELL @ $19.36
2025-10-22 01:39:48,320 | INFO | ⏳ Esperando 30 segundos para el próximo ciclo...

2025-10-22 01:40:18,328 | INFO | 
🔍 CICLO 241 - 01:40:18
2025-10-22 01:40:18,332 | INFO | 📊 Monitoreando 2 posiciones activas...
2025-10-22 01:40:42,165 | INFO | 📊 Resumen ciclo 241:
2025-10-22 01:40:42,169 | INFO |    🎯 Señales detectadas: 0
2025-10-22 01:40:42,169 | INFO |    📈 Posiciones activas: 2
2025-10-22 01:40:42,169 | INFO |    💼 Posiciones:
2025-10-22 01:40:42,171 | INFO |       ADAUSDT: SELL @ $0.64
2025-10-22 01:40:42,171 | INFO |       AVAXUSDT: SELL @ $19.36
2025-10-22 01:40:42,171 | INFO | ⏳ Esperando 30 segundos para el próximo ciclo...

2025-10-22 01:41:12,173 | INFO | 
🔍 CICLO 242 - 01:41:12
2025-10-22 01:41:12,282 | INFO | 📊 Monitoreando 2 posiciones activas...
2025-10-22 01:41:34,457 | INFO | 📊 Resumen ciclo 242:
2025-10-22 01:41:34,457 | INFO |    🎯 Señales detectadas: 0
2025-10-22 01:41:34,457 | INFO |    📈 Posiciones activas: 2
2025-10-22 01:41:34,457 | INFO |    💼 Posiciones:
2025-10-22 01:41:34,457 | INFO |       ADAUSDT: SELL @ $0.64
2025-10-22 01:41:34,459 | INFO |       AVAXUSDT: SELL @ $19.36
2025-10-22 01:41:34,459 | INFO | ⏳ Esperando 30 segundos para el próximo ciclo...

2025-10-22 01:42:04,460 | INFO | 
🔍 CICLO 243 - 01:42:04
2025-10-22 01:42:04,460 | INFO | 📊 Monitoreando 2 posiciones activas...
2025-10-22 01:42:26,824 | INFO | 📊 Resumen ciclo 243:
2025-10-22 01:42:26,827 | INFO |    🎯 Señales detectadas: 0
2025-10-22 01:42:26,827 | INFO |    📈 Posiciones activas: 2
2025-10-22 01:42:26,827 | INFO |    💼 Posiciones:
2025-10-22 01:42:26,827 | INFO |       ADAUSDT: SELL @ $0.64
2025-10-22 01:42:26,828 | INFO |       AVAXUSDT: SELL @ $19.36
2025-10-22 01:42:26,828 | INFO | ⏳ Esperando 30 segundos para el próximo ciclo...

2025-10-22 01:42:56,829 | INFO | 
🔍 CICLO 244 - 01:42:56
2025-10-22 01:42:56,829 | INFO | 📊 Monitoreando 2 posiciones activas...
2025-10-22 01:43:20,652 | INFO | 📊 Resumen ciclo 244:
2025-10-22 01:43:20,652 | INFO |    🎯 Señales detectadas: 0
2025-10-22 01:43:20,652 | INFO |    📈 Posiciones activas: 2
2025-10-22 01:43:20,652 | INFO |    💼 Posiciones:
2025-10-22 01:43:20,652 | INFO |       ADAUSDT: SELL @ $0.64
2025-10-22 01:43:20,658 | INFO |       AVAXUSDT: SELL @ $19.36
2025-10-22 01:43:20,658 | INFO | ⏳ Esperando 30 segundos para el próximo ciclo...

2025-10-22 01:43:50,659 | INFO | 
🔍 CICLO 245 - 01:43:50
2025-10-22 01:43:50,659 | INFO | 📊 Monitoreando 2 posiciones activas...
2025-10-22 01:44:12,572 | INFO | 📊 Resumen ciclo 245:
2025-10-22 01:44:12,572 | INFO |    🎯 Señales detectadas: 0
2025-10-22 01:44:12,572 | INFO |    📈 Posiciones activas: 2
2025-10-22 01:44:12,572 | INFO |    💼 Posiciones:
2025-10-22 01:44:12,572 | INFO |       ADAUSDT: SELL @ $0.64
2025-10-22 01:44:12,572 | INFO |       AVAXUSDT: SELL @ $19.36
2025-10-22 01:44:12,572 | INFO | ⏳ Esperando 30 segundos para el próximo ciclo...

2025-10-22 01:44:42,579 | INFO | 
🔍 CICLO 246 - 01:44:42
2025-10-22 01:44:42,579 | INFO | 📊 Monitoreando 2 posiciones activas...
2025-10-22 01:45:04,534 | INFO | 📊 Resumen ciclo 246:
2025-10-22 01:45:04,534 | INFO |    🎯 Señales detectadas: 0
2025-10-22 01:45:04,534 | INFO |    📈 Posiciones activas: 2
2025-10-22 01:45:04,534 | INFO |    💼 Posiciones:
2025-10-22 01:45:04,534 | INFO |       ADAUSDT: SELL @ $0.64
2025-10-22 01:45:04,536 | INFO |       AVAXUSDT: SELL @ $19.36
2025-10-22 01:45:04,536 | INFO | ⏳ Esperando 30 segundos para el próximo ciclo...

2025-10-22 01:45:34,537 | INFO | 
🔍 CICLO 247 - 01:45:34
2025-10-22 01:45:34,537 | INFO | 📊 Monitoreando 2 posiciones activas...
2025-10-22 01:45:57,134 | INFO | 📊 Resumen ciclo 247:
2025-10-22 01:45:57,134 | INFO |    🎯 Señales detectadas: 0
2025-10-22 01:45:57,134 | INFO |    📈 Posiciones activas: 2
2025-10-22 01:45:57,134 | INFO |    💼 Posiciones:
2025-10-22 01:45:57,134 | INFO |       ADAUSDT: SELL @ $0.64
2025-10-22 01:45:57,134 | INFO |       AVAXUSDT: SELL @ $19.36
2025-10-22 01:45:57,134 | INFO | ⏳ Esperando 30 segundos para el próximo ciclo...

2025-10-22 01:46:27,138 | INFO | 
🔍 CICLO 248 - 01:46:27
2025-10-22 01:46:27,138 | INFO | 📊 Monitoreando 2 posiciones activas...
2025-10-22 01:46:49,251 | INFO | 📊 Resumen ciclo 248:
2025-10-22 01:46:49,251 | INFO |    🎯 Señales detectadas: 0
2025-10-22 01:46:49,251 | INFO |    📈 Posiciones activas: 2
2025-10-22 01:46:49,251 | INFO |    💼 Posiciones:
2025-10-22 01:46:49,251 | INFO |       ADAUSDT: SELL @ $0.64
2025-10-22 01:46:49,254 | INFO |       AVAXUSDT: SELL @ $19.36
2025-10-22 01:46:49,254 | INFO | ⏳ Esperando 30 segundos para el próximo ciclo...

2025-10-22 01:47:19,255 | INFO | 
🔍 CICLO 249 - 01:47:19
2025-10-22 01:47:19,255 | INFO | 📊 Monitoreando 2 posiciones activas...
2025-10-22 01:47:41,364 | INFO | 📊 Resumen ciclo 249:
2025-10-22 01:47:41,364 | INFO |    🎯 Señales detectadas: 0
2025-10-22 01:47:41,366 | INFO |    📈 Posiciones activas: 2
2025-10-22 01:47:41,366 | INFO |    💼 Posiciones:
2025-10-22 01:47:41,368 | INFO |       ADAUSDT: SELL @ $0.64
2025-10-22 01:47:41,369 | INFO |       AVAXUSDT: SELL @ $19.36
2025-10-22 01:47:41,370 | INFO | ⏳ Esperando 30 segundos para el próximo ciclo...

2025-10-22 01:48:11,372 | INFO | 
🔍 CICLO 250 - 01:48:11
2025-10-22 01:48:11,375 | INFO | 📊 Monitoreando 2 posiciones activas...
2025-10-22 01:48:34,551 | INFO | 📊 Resumen ciclo 250:
2025-10-22 01:48:34,555 | INFO |    🎯 Señales detectadas: 0
2025-10-22 01:48:34,559 | INFO |    📈 Posiciones activas: 2
2025-10-22 01:48:34,559 | INFO |    💼 Posiciones:
2025-10-22 01:48:34,580 | INFO |       ADAUSDT: SELL @ $0.64
2025-10-22 01:48:34,580 | INFO |       AVAXUSDT: SELL @ $19.36
2025-10-22 01:48:34,581 | INFO | ⏳ Esperando 30 segundos para el próximo ciclo...

2025-10-22 01:49:04,582 | INFO | 
🔍 CICLO 251 - 01:49:04
2025-10-22 01:49:04,582 | INFO | 📊 Monitoreando 2 posiciones activas...
2025-10-22 01:49:26,682 | INFO | 📊 Resumen ciclo 251:
2025-10-22 01:49:26,682 | INFO |    🎯 Señales detectadas: 0
2025-10-22 01:49:26,682 | INFO |    📈 Posiciones activas: 2
2025-10-22 01:49:26,682 | INFO |    💼 Posiciones:
2025-10-22 01:49:26,682 | INFO |       ADAUSDT: SELL @ $0.64
2025-10-22 01:49:26,682 | INFO |       AVAXUSDT: SELL @ $19.36
2025-10-22 01:49:26,682 | INFO | ⏳ Esperando 30 segundos para el próximo ciclo...

2025-10-22 01:49:56,685 | INFO | 
🔍 CICLO 252 - 01:49:56
2025-10-22 01:49:56,685 | INFO | 📊 Monitoreando 2 posiciones activas...
2025-10-22 01:50:18,525 | INFO | 📊 Resumen ciclo 252:
2025-10-22 01:50:18,525 | INFO |    🎯 Señales detectadas: 0
2025-10-22 01:50:18,525 | INFO |    📈 Posiciones activas: 2
2025-10-22 01:50:18,527 | INFO |    💼 Posiciones:
2025-10-22 01:50:18,527 | INFO |       ADAUSDT: SELL @ $0.64
2025-10-22 01:50:18,527 | INFO |       AVAXUSDT: SELL @ $19.36
2025-10-22 01:50:18,527 | INFO | ⏳ Esperando 30 segundos para el próximo ciclo...

2025-10-22 01:50:48,528 | INFO | 
🔍 CICLO 253 - 01:50:48
2025-10-22 01:50:48,528 | INFO | 📊 Monitoreando 2 posiciones activas...
2025-10-22 01:51:11,496 | INFO | 📊 Resumen ciclo 253:
2025-10-22 01:51:11,496 | INFO |    🎯 Señales detectadas: 0
2025-10-22 01:51:11,496 | INFO |    📈 Posiciones activas: 2
2025-10-22 01:51:11,500 | INFO |    💼 Posiciones:
2025-10-22 01:51:11,500 | INFO |       ADAUSDT: SELL @ $0.64
2025-10-22 01:51:11,501 | INFO |       AVAXUSDT: SELL @ $19.36
2025-10-22 01:51:11,501 | INFO | ⏳ Esperando 30 segundos para el próximo ciclo...

2025-10-22 01:51:41,502 | INFO | 
🔍 CICLO 254 - 01:51:41
2025-10-22 01:51:41,502 | INFO | 📊 Monitoreando 2 posiciones activas...
2025-10-22 01:52:02,948 | INFO | 📊 Resumen ciclo 254:
2025-10-22 01:52:02,951 | INFO |    🎯 Señales detectadas: 0
2025-10-22 01:52:02,951 | INFO |    📈 Posiciones activas: 2
2025-10-22 01:52:02,951 | INFO |    💼 Posiciones:
2025-10-22 01:52:02,951 | INFO |       ADAUSDT: SELL @ $0.64
2025-10-22 01:52:02,951 | INFO |       AVAXUSDT: SELL @ $19.36
2025-10-22 01:52:02,951 | INFO | ⏳ Esperando 30 segundos para el próximo ciclo...

2025-10-22 01:52:32,953 | INFO | 
🔍 CICLO 255 - 01:52:32
2025-10-22 01:52:32,955 | INFO | 📊 Monitoreando 2 posiciones activas...
2025-10-22 01:52:56,091 | INFO | 📊 Resumen ciclo 255:
2025-10-22 01:52:56,091 | INFO |    🎯 Señales detectadas: 0
2025-10-22 01:52:56,091 | INFO |    📈 Posiciones activas: 2
2025-10-22 01:52:56,091 | INFO |    💼 Posiciones:
2025-10-22 01:52:56,091 | INFO |       ADAUSDT: SELL @ $0.64
2025-10-22 01:52:56,091 | INFO |       AVAXUSDT: SELL @ $19.36
2025-10-22 01:52:56,091 | INFO | ⏳ Esperando 30 segundos para el próximo ciclo...

2025-10-22 01:53:26,098 | INFO | 
🔍 CICLO 256 - 01:53:26
2025-10-22 01:53:26,098 | INFO | 📊 Monitoreando 2 posiciones activas...
2025-10-22 01:53:49,325 | INFO | 📊 Resumen ciclo 256:
2025-10-22 01:53:49,325 | INFO |    🎯 Señales detectadas: 0
2025-10-22 01:53:49,325 | INFO |    📈 Posiciones activas: 2
2025-10-22 01:53:49,325 | INFO |    💼 Posiciones:
2025-10-22 01:53:49,325 | INFO |       ADAUSDT: SELL @ $0.64
2025-10-22 01:53:49,331 | INFO |       AVAXUSDT: SELL @ $19.36
2025-10-22 01:53:49,331 | INFO | ⏳ Esperando 30 segundos para el próximo ciclo...

2025-10-22 01:54:19,332 | INFO | 
🔍 CICLO 257 - 01:54:19
2025-10-22 01:54:19,332 | INFO | 📊 Monitoreando 2 posiciones activas...
2025-10-22 01:54:40,394 | INFO | 📊 Resumen ciclo 257:
2025-10-22 01:54:40,394 | INFO |    🎯 Señales detectadas: 0
2025-10-22 01:54:40,396 | INFO |    📈 Posiciones activas: 2
2025-10-22 01:54:40,396 | INFO |    💼 Posiciones:
2025-10-22 01:54:40,396 | INFO |       ADAUSDT: SELL @ $0.64
2025-10-22 01:54:40,396 | INFO |       AVAXUSDT: SELL @ $19.36
2025-10-22 01:54:40,396 | INFO | ⏳ Esperando 30 segundos para el próximo ciclo...

2025-10-22 01:55:10,398 | INFO | 
🔍 CICLO 258 - 01:55:10
2025-10-22 01:55:10,398 | INFO | 📊 Monitoreando 2 posiciones activas...
2025-10-22 01:55:32,752 | INFO | 📊 Resumen ciclo 258:
2025-10-22 01:55:32,752 | INFO |    🎯 Señales detectadas: 0
2025-10-22 01:55:32,753 | INFO |    📈 Posiciones activas: 2
2025-10-22 01:55:32,753 | INFO |    💼 Posiciones:
2025-10-22 01:55:32,753 | INFO |       ADAUSDT: SELL @ $0.64
2025-10-22 01:55:32,753 | INFO |       AVAXUSDT: SELL @ $19.36
2025-10-22 01:55:32,754 | INFO | ⏳ Esperando 30 segundos para el próximo ciclo...

2025-10-22 01:56:02,756 | INFO | 
🔍 CICLO 259 - 01:56:02
2025-10-22 01:56:02,756 | INFO | 📊 Monitoreando 2 posiciones activas...
2025-10-22 01:56:26,572 | INFO | 📊 Resumen ciclo 259:
2025-10-22 01:56:26,573 | INFO |    🎯 Señales detectadas: 0
2025-10-22 01:56:26,573 | INFO |    📈 Posiciones activas: 2
2025-10-22 01:56:26,575 | INFO |    💼 Posiciones:
2025-10-22 01:56:26,575 | INFO |       ADAUSDT: SELL @ $0.64
2025-10-22 01:56:26,575 | INFO |       AVAXUSDT: SELL @ $19.36
2025-10-22 01:56:26,575 | INFO | ⏳ Esperando 30 segundos para el próximo ciclo...

2025-10-22 01:56:56,578 | INFO | 
🔍 CICLO 260 - 01:56:56
2025-10-22 01:56:56,578 | INFO | 📊 Monitoreando 2 posiciones activas...
2025-10-22 01:57:17,378 | INFO | 📊 Resumen ciclo 260:
2025-10-22 01:57:17,378 | INFO |    🎯 Señales detectadas: 0
2025-10-22 01:57:17,378 | INFO |    📈 Posiciones activas: 2
2025-10-22 01:57:17,378 | INFO |    💼 Posiciones:
2025-10-22 01:57:17,378 | INFO |       ADAUSDT: SELL @ $0.64
2025-10-22 01:57:17,378 | INFO |       AVAXUSDT: SELL @ $19.36
2025-10-22 01:57:17,378 | INFO | ⏳ Esperando 30 segundos para el próximo ciclo...

2025-10-22 01:57:47,380 | INFO | 
🔍 CICLO 261 - 01:57:47
2025-10-22 01:57:47,380 | INFO | 📊 Monitoreando 2 posiciones activas...
2025-10-22 01:58:08,554 | INFO | 📊 Resumen ciclo 261:
2025-10-22 01:58:08,554 | INFO |    🎯 Señales detectadas: 0
2025-10-22 01:58:08,556 | INFO |    📈 Posiciones activas: 2
2025-10-22 01:58:08,556 | INFO |    💼 Posiciones:
2025-10-22 01:58:08,556 | INFO |       ADAUSDT: SELL @ $0.64
2025-10-22 01:58:08,556 | INFO |       AVAXUSDT: SELL @ $19.36
2025-10-22 01:58:08,556 | INFO | ⏳ Esperando 30 segundos para el próximo ciclo...

2025-10-22 01:58:38,558 | INFO | 
🔍 CICLO 262 - 01:58:38
2025-10-22 01:58:38,558 | INFO | 📊 Monitoreando 2 posiciones activas...
2025-10-22 01:59:02,824 | INFO | 📊 Resumen ciclo 262:
2025-10-22 01:59:02,826 | INFO |    🎯 Señales detectadas: 0
2025-10-22 01:59:02,826 | INFO |    📈 Posiciones activas: 2
2025-10-22 01:59:02,826 | INFO |    💼 Posiciones:
2025-10-22 01:59:02,826 | INFO |       ADAUSDT: SELL @ $0.64
2025-10-22 01:59:02,826 | INFO |       AVAXUSDT: SELL @ $19.36
2025-10-22 01:59:02,826 | INFO | ⏳ Esperando 30 segundos para el próximo ciclo...

2025-10-22 01:59:32,828 | INFO | 
🔍 CICLO 263 - 01:59:32
2025-10-22 01:59:32,830 | INFO | 📊 Monitoreando 2 posiciones activas...
2025-10-22 01:59:54,452 | INFO | 📊 Resumen ciclo 263:
2025-10-22 01:59:54,452 | INFO |    🎯 Señales detectadas: 0
2025-10-22 01:59:54,452 | INFO |    📈 Posiciones activas: 2
2025-10-22 01:59:54,452 | INFO |    💼 Posiciones:
2025-10-22 01:59:54,452 | INFO |       ADAUSDT: SELL @ $0.64
2025-10-22 01:59:54,452 | INFO |       AVAXUSDT: SELL @ $19.36
2025-10-22 01:59:54,452 | INFO | ⏳ Esperando 30 segundos para el próximo ciclo...

2025-10-22 02:00:24,457 | INFO | 
🔍 CICLO 264 - 02:00:24
2025-10-22 02:00:24,457 | INFO | 📊 Monitoreando 2 posiciones activas...
2025-10-22 02:00:44,978 | INFO | 📊 Resumen ciclo 264:
2025-10-22 02:00:44,978 | INFO |    🎯 Señales detectadas: 0
2025-10-22 02:00:44,978 | INFO |    📈 Posiciones activas: 2
2025-10-22 02:00:44,978 | INFO |    💼 Posiciones:
2025-10-22 02:00:44,978 | INFO |       ADAUSDT: SELL @ $0.64
2025-10-22 02:00:44,978 | INFO |       AVAXUSDT: SELL @ $19.36
2025-10-22 02:00:44,978 | INFO | ⏳ Esperando 30 segundos para el próximo ciclo...

2025-10-22 02:01:14,988 | INFO | 
🔍 CICLO 265 - 02:01:14
2025-10-22 02:01:14,988 | INFO | 📊 Monitoreando 2 posiciones activas...
2025-10-22 02:01:38,860 | INFO | 📊 Resumen ciclo 265:
2025-10-22 02:01:38,860 | INFO |    🎯 Señales detectadas: 0
2025-10-22 02:01:38,860 | INFO |    📈 Posiciones activas: 2
2025-10-22 02:01:38,860 | INFO |    💼 Posiciones:
2025-10-22 02:01:38,860 | INFO |       ADAUSDT: SELL @ $0.64
2025-10-22 02:01:38,860 | INFO |       AVAXUSDT: SELL @ $19.36
2025-10-22 02:01:38,860 | INFO | ⏳ Esperando 30 segundos para el próximo ciclo...

2025-10-22 02:02:08,864 | INFO | 
🔍 CICLO 266 - 02:02:08
2025-10-22 02:02:08,865 | INFO | 📊 Monitoreando 2 posiciones activas...
2025-10-22 02:02:31,116 | INFO | 📊 Resumen ciclo 266:
2025-10-22 02:02:31,118 | INFO |    🎯 Señales detectadas: 0
2025-10-22 02:02:31,118 | INFO |    📈 Posiciones activas: 2
2025-10-22 02:02:31,118 | INFO |    💼 Posiciones:
2025-10-22 02:02:31,118 | INFO |       ADAUSDT: SELL @ $0.64
2025-10-22 02:02:31,119 | INFO |       AVAXUSDT: SELL @ $19.36
2025-10-22 02:02:31,119 | INFO | ⏳ Esperando 30 segundos para el próximo ciclo...

2025-10-22 02:03:01,120 | INFO | 
🔍 CICLO 267 - 02:03:01
2025-10-22 02:03:01,122 | INFO | 📊 Monitoreando 2 posiciones activas...
2025-10-22 02:03:22,234 | INFO | 📊 Resumen ciclo 267:
2025-10-22 02:03:22,234 | INFO |    🎯 Señales detectadas: 0
2025-10-22 02:03:22,234 | INFO |    📈 Posiciones activas: 2
2025-10-22 02:03:22,234 | INFO |    💼 Posiciones:
2025-10-22 02:03:22,234 | INFO |       ADAUSDT: SELL @ $0.64
2025-10-22 02:03:22,234 | INFO |       AVAXUSDT: SELL @ $19.36
2025-10-22 02:03:22,234 | INFO | ⏳ Esperando 30 segundos para el próximo ciclo...

2025-10-22 02:03:52,244 | INFO | 
🔍 CICLO 268 - 02:03:52
2025-10-22 02:03:52,244 | INFO | 📊 Monitoreando 2 posiciones activas...
2025-10-22 02:04:15,931 | INFO | 📊 Resumen ciclo 268:
2025-10-22 02:04:15,931 | INFO |    🎯 Señales detectadas: 0
2025-10-22 02:04:15,931 | INFO |    📈 Posiciones activas: 2
2025-10-22 02:04:15,931 | INFO |    💼 Posiciones:
2025-10-22 02:04:15,933 | INFO |       ADAUSDT: SELL @ $0.64
2025-10-22 02:04:15,933 | INFO |       AVAXUSDT: SELL @ $19.36
2025-10-22 02:04:15,933 | INFO | ⏳ Esperando 30 segundos para el próximo ciclo...

2025-10-22 02:04:45,943 | INFO | 
🔍 CICLO 269 - 02:04:45
2025-10-22 02:04:45,945 | INFO | 📊 Monitoreando 2 posiciones activas...
2025-10-22 02:05:08,044 | INFO | 📊 Resumen ciclo 269:
2025-10-22 02:05:08,044 | INFO |    🎯 Señales detectadas: 0
2025-10-22 02:05:08,044 | INFO |    📈 Posiciones activas: 2
2025-10-22 02:05:08,048 | INFO |    💼 Posiciones:
2025-10-22 02:05:08,048 | INFO |       ADAUSDT: SELL @ $0.64
2025-10-22 02:05:08,048 | INFO |       AVAXUSDT: SELL @ $19.36
2025-10-22 02:05:08,048 | INFO | ⏳ Esperando 30 segundos para el próximo ciclo...

2025-10-22 02:05:38,050 | INFO | 
🔍 CICLO 270 - 02:05:38
2025-10-22 02:05:38,050 | INFO | 📊 Monitoreando 2 posiciones activas...
2025-10-22 02:06:00,218 | INFO | 📊 Resumen ciclo 270:
2025-10-22 02:06:00,220 | INFO |    🎯 Señales detectadas: 0
2025-10-22 02:06:00,228 | INFO |    📈 Posiciones activas: 2
2025-10-22 02:06:00,228 | INFO |    💼 Posiciones:
2025-10-22 02:06:00,230 | INFO |       ADAUSDT: SELL @ $0.64
2025-10-22 02:06:00,231 | INFO |       AVAXUSDT: SELL @ $19.36
2025-10-22 02:06:00,237 | INFO | ⏳ Esperando 30 segundos para el próximo ciclo...

2025-10-22 02:06:30,247 | INFO | 
🔍 CICLO 271 - 02:06:30
2025-10-22 02:06:30,251 | INFO | 📊 Monitoreando 2 posiciones activas...
2025-10-22 02:06:53,065 | INFO | 📊 Resumen ciclo 271:
2025-10-22 02:06:53,065 | INFO |    🎯 Señales detectadas: 0
2025-10-22 02:06:53,065 | INFO |    📈 Posiciones activas: 2
2025-10-22 02:06:53,065 | INFO |    💼 Posiciones:
2025-10-22 02:06:53,065 | INFO |       ADAUSDT: SELL @ $0.64
2025-10-22 02:06:53,065 | INFO |       AVAXUSDT: SELL @ $19.36
2025-10-22 02:06:53,074 | INFO | ⏳ Esperando 30 segundos para el próximo ciclo...

2025-10-22 02:07:23,075 | INFO | 
🔍 CICLO 272 - 02:07:23
2025-10-22 02:07:23,075 | INFO | 📊 Monitoreando 2 posiciones activas...
2025-10-22 02:07:46,642 | INFO | 📊 Resumen ciclo 272:
2025-10-22 02:07:46,642 | INFO |    🎯 Señales detectadas: 0
2025-10-22 02:07:46,642 | INFO |    📈 Posiciones activas: 2
2025-10-22 02:07:46,642 | INFO |    💼 Posiciones:
2025-10-22 02:07:46,644 | INFO |       ADAUSDT: SELL @ $0.64
2025-10-22 02:07:46,644 | INFO |       AVAXUSDT: SELL @ $19.36
2025-10-22 02:07:46,646 | INFO | ⏳ Esperando 30 segundos para el próximo ciclo...

2025-10-22 02:08:16,649 | INFO | 
🔍 CICLO 273 - 02:08:16
2025-10-22 02:08:16,649 | INFO | 📊 Monitoreando 2 posiciones activas...
2025-10-22 02:08:38,363 | INFO | 📊 Resumen ciclo 273:
2025-10-22 02:08:38,363 | INFO |    🎯 Señales detectadas: 0
2025-10-22 02:08:38,363 | INFO |    📈 Posiciones activas: 2
2025-10-22 02:08:38,363 | INFO |    💼 Posiciones:
2025-10-22 02:08:38,365 | INFO |       ADAUSDT: SELL @ $0.64
2025-10-22 02:08:38,365 | INFO |       AVAXUSDT: SELL @ $19.36
2025-10-22 02:08:38,365 | INFO | ⏳ Esperando 30 segundos para el próximo ciclo...

2025-10-22 02:09:08,366 | INFO | 
🔍 CICLO 274 - 02:09:08
2025-10-22 02:09:08,366 | INFO | 📊 Monitoreando 2 posiciones activas...
2025-10-22 02:09:31,669 | INFO | 📊 Resumen ciclo 274:
2025-10-22 02:09:31,678 | INFO |    🎯 Señales detectadas: 0
2025-10-22 02:09:31,678 | INFO |    📈 Posiciones activas: 2
2025-10-22 02:09:31,678 | INFO |    💼 Posiciones:
2025-10-22 02:09:31,678 | INFO |       ADAUSDT: SELL @ $0.64
2025-10-22 02:09:31,678 | INFO |       AVAXUSDT: SELL @ $19.36
2025-10-22 02:09:31,679 | INFO | ⏳ Esperando 30 segundos para el próximo ciclo...

2025-10-22 02:10:01,680 | INFO | 
🔍 CICLO 275 - 02:10:01
2025-10-22 02:10:01,680 | INFO | 📊 Monitoreando 2 posiciones activas...
2025-10-22 02:10:23,915 | INFO | 📊 Resumen ciclo 275:
2025-10-22 02:10:23,918 | INFO |    🎯 Señales detectadas: 0
2025-10-22 02:10:23,918 | INFO |    📈 Posiciones activas: 2
2025-10-22 02:10:23,918 | INFO |    💼 Posiciones:
2025-10-22 02:10:23,918 | INFO |       ADAUSDT: SELL @ $0.64
2025-10-22 02:10:23,918 | INFO |       AVAXUSDT: SELL @ $19.36
2025-10-22 02:10:23,918 | INFO | ⏳ Esperando 30 segundos para el próximo ciclo...

2025-10-22 02:10:53,921 | INFO | 
🔍 CICLO 276 - 02:10:53
2025-10-22 02:10:53,921 | INFO | 📊 Monitoreando 2 posiciones activas...
2025-10-22 02:11:16,048 | INFO | 📊 Resumen ciclo 276:
2025-10-22 02:11:16,048 | INFO |    🎯 Señales detectadas: 0
2025-10-22 02:11:16,050 | INFO |    📈 Posiciones activas: 2
2025-10-22 02:11:16,050 | INFO |    💼 Posiciones:
2025-10-22 02:11:16,050 | INFO |       ADAUSDT: SELL @ $0.64
2025-10-22 02:11:16,058 | INFO |       AVAXUSDT: SELL @ $19.36
2025-10-22 02:11:16,066 | INFO | ⏳ Esperando 30 segundos para el próximo ciclo...

2025-10-22 02:11:46,074 | INFO | 
🔍 CICLO 277 - 02:11:46
2025-10-22 02:11:46,075 | INFO | 📊 Monitoreando 2 posiciones activas...
2025-10-22 02:12:07,915 | INFO | 📊 Resumen ciclo 277:
2025-10-22 02:12:07,917 | INFO |    🎯 Señales detectadas: 0
2025-10-22 02:12:07,923 | INFO |    📈 Posiciones activas: 2
2025-10-22 02:12:07,923 | INFO |    💼 Posiciones:
2025-10-22 02:12:07,923 | INFO |       ADAUSDT: SELL @ $0.64
2025-10-22 02:12:07,925 | INFO |       AVAXUSDT: SELL @ $19.36
2025-10-22 02:12:07,925 | INFO | ⏳ Esperando 30 segundos para el próximo ciclo...

2025-10-22 02:12:37,927 | INFO | 
🔍 CICLO 278 - 02:12:37
2025-10-22 02:12:37,927 | INFO | 📊 Monitoreando 2 posiciones activas...
2025-10-22 02:13:00,449 | INFO | 📊 Resumen ciclo 278:
2025-10-22 02:13:00,449 | INFO |    🎯 Señales detectadas: 0
2025-10-22 02:13:00,449 | INFO |    📈 Posiciones activas: 2
2025-10-22 02:13:00,449 | INFO |    💼 Posiciones:
2025-10-22 02:13:00,451 | INFO |       ADAUSDT: SELL @ $0.64
2025-10-22 02:13:00,451 | INFO |       AVAXUSDT: SELL @ $19.36
2025-10-22 02:13:00,451 | INFO | ⏳ Esperando 30 segundos para el próximo ciclo...

2025-10-22 02:13:30,453 | INFO | 
🔍 CICLO 279 - 02:13:30
2025-10-22 02:13:30,453 | INFO | 📊 Monitoreando 2 posiciones activas...
2025-10-22 02:13:53,034 | INFO | 📊 Resumen ciclo 279:
2025-10-22 02:13:53,034 | INFO |    🎯 Señales detectadas: 0
2025-10-22 02:13:53,034 | INFO |    📈 Posiciones activas: 2
2025-10-22 02:13:53,036 | INFO |    💼 Posiciones:
2025-10-22 02:13:53,036 | INFO |       ADAUSDT: SELL @ $0.64
2025-10-22 02:13:53,036 | INFO |       AVAXUSDT: SELL @ $19.36
2025-10-22 02:13:53,036 | INFO | ⏳ Esperando 30 segundos para el próximo ciclo...

2025-10-22 02:14:23,037 | INFO | 
🔍 CICLO 280 - 02:14:23
2025-10-22 02:14:23,037 | INFO | 📊 Monitoreando 2 posiciones activas...
2025-10-22 02:14:45,649 | INFO | 📊 Resumen ciclo 280:
2025-10-22 02:14:45,649 | INFO |    🎯 Señales detectadas: 0
2025-10-22 02:14:45,649 | INFO |    📈 Posiciones activas: 2
2025-10-22 02:14:45,649 | INFO |    💼 Posiciones:
2025-10-22 02:14:45,649 | INFO |       ADAUSDT: SELL @ $0.64
2025-10-22 02:14:45,649 | INFO |       AVAXUSDT: SELL @ $19.36
2025-10-22 02:14:45,652 | INFO | ⏳ Esperando 30 segundos para el próximo ciclo...

2025-10-22 02:15:15,662 | INFO | 
🔍 CICLO 281 - 02:15:15
2025-10-22 02:15:15,662 | INFO | 📊 Monitoreando 2 posiciones activas...
2025-10-22 02:15:37,428 | INFO | 📊 Resumen ciclo 281:
2025-10-22 02:15:37,475 | INFO |    🎯 Señales detectadas: 0
2025-10-22 02:15:37,475 | INFO |    📈 Posiciones activas: 2
2025-10-22 02:15:37,476 | INFO |    💼 Posiciones:
2025-10-22 02:15:37,487 | INFO |       ADAUSDT: SELL @ $0.64
2025-10-22 02:15:37,487 | INFO |       AVAXUSDT: SELL @ $19.36
2025-10-22 02:15:37,490 | INFO | ⏳ Esperando 30 segundos para el próximo ciclo...

2025-10-22 02:16:07,491 | INFO | 
🔍 CICLO 282 - 02:16:07
2025-10-22 02:16:07,493 | INFO | 📊 Monitoreando 2 posiciones activas...
2025-10-22 02:16:29,571 | INFO | 📊 Resumen ciclo 282:
2025-10-22 02:16:29,571 | INFO |    🎯 Señales detectadas: 0
2025-10-22 02:16:29,571 | INFO |    📈 Posiciones activas: 2
2025-10-22 02:16:29,571 | INFO |    💼 Posiciones:
2025-10-22 02:16:29,571 | INFO |       ADAUSDT: SELL @ $0.64
2025-10-22 02:16:29,571 | INFO |       AVAXUSDT: SELL @ $19.36
2025-10-22 02:16:29,571 | INFO | ⏳ Esperando 30 segundos para el próximo ciclo...

2025-10-22 02:16:59,576 | INFO | 
🔍 CICLO 283 - 02:16:59
2025-10-22 02:16:59,576 | INFO | 📊 Monitoreando 2 posiciones activas...
2025-10-22 02:17:22,811 | INFO | 📊 Resumen ciclo 283:
2025-10-22 02:17:22,811 | INFO |    🎯 Señales detectadas: 0
2025-10-22 02:17:22,811 | INFO |    📈 Posiciones activas: 2
2025-10-22 02:17:22,811 | INFO |    💼 Posiciones:
2025-10-22 02:17:22,811 | INFO |       ADAUSDT: SELL @ $0.64
2025-10-22 02:17:22,813 | INFO |       AVAXUSDT: SELL @ $19.36
2025-10-22 02:17:22,813 | INFO | ⏳ Esperando 30 segundos para el próximo ciclo...

2025-10-22 02:17:52,814 | INFO | 
🔍 CICLO 284 - 02:17:52
2025-10-22 02:17:52,814 | INFO | 📊 Monitoreando 2 posiciones activas...
2025-10-22 02:18:15,058 | INFO | 📊 Resumen ciclo 284:
2025-10-22 02:18:15,058 | INFO |    🎯 Señales detectadas: 0
2025-10-22 02:18:15,060 | INFO |    📈 Posiciones activas: 2
2025-10-22 02:18:15,060 | INFO |    💼 Posiciones:
2025-10-22 02:18:15,060 | INFO |       ADAUSDT: SELL @ $0.64
2025-10-22 02:18:15,060 | INFO |       AVAXUSDT: SELL @ $19.36
2025-10-22 02:18:15,060 | INFO | ⏳ Esperando 30 segundos para el próximo ciclo...

2025-10-22 02:18:45,062 | INFO | 
🔍 CICLO 285 - 02:18:45
2025-10-22 02:18:45,062 | INFO | 📊 Monitoreando 2 posiciones activas...
2025-10-22 02:19:07,330 | INFO | 📊 Resumen ciclo 285:
2025-10-22 02:19:07,330 | INFO |    🎯 Señales detectadas: 0
2025-10-22 02:19:07,330 | INFO |    📈 Posiciones activas: 2
2025-10-22 02:19:07,330 | INFO |    💼 Posiciones:
2025-10-22 02:19:07,330 | INFO |       ADAUSDT: SELL @ $0.64
2025-10-22 02:19:07,330 | INFO |       AVAXUSDT: SELL @ $19.36
2025-10-22 02:19:07,330 | INFO | ⏳ Esperando 30 segundos para el próximo ciclo...

2025-10-22 02:19:37,335 | INFO | 
🔍 CICLO 286 - 02:19:37
2025-10-22 02:19:37,335 | INFO | 📊 Monitoreando 2 posiciones activas...
2025-10-22 02:20:00,281 | INFO | 📊 Resumen ciclo 286:
2025-10-22 02:20:00,283 | INFO |    🎯 Señales detectadas: 0
2025-10-22 02:20:00,283 | INFO |    📈 Posiciones activas: 2
2025-10-22 02:20:00,283 | INFO |    💼 Posiciones:
2025-10-22 02:20:00,283 | INFO |       ADAUSDT: SELL @ $0.64
2025-10-22 02:20:00,283 | INFO |       AVAXUSDT: SELL @ $19.36
2025-10-22 02:20:00,284 | INFO | ⏳ Esperando 30 segundos para el próximo ciclo...

2025-10-22 02:20:30,285 | INFO | 
🔍 CICLO 287 - 02:20:30
2025-10-22 02:20:30,285 | INFO | 📊 Monitoreando 2 posiciones activas...
2025-10-22 02:20:52,725 | INFO | 📊 Resumen ciclo 287:
2025-10-22 02:20:52,746 | INFO |    🎯 Señales detectadas: 0
2025-10-22 02:20:52,753 | INFO |    📈 Posiciones activas: 2
2025-10-22 02:20:52,756 | INFO |    💼 Posiciones:
2025-10-22 02:20:52,756 | INFO |       ADAUSDT: SELL @ $0.64
2025-10-22 02:20:52,759 | INFO |       AVAXUSDT: SELL @ $19.36
2025-10-22 02:20:52,762 | INFO | ⏳ Esperando 30 segundos para el próximo ciclo...

2025-10-22 02:21:22,763 | INFO | 
🔍 CICLO 288 - 02:21:22
2025-10-22 02:21:22,763 | INFO | 📊 Monitoreando 2 posiciones activas...
2025-10-22 02:21:44,201 | INFO | 📊 Resumen ciclo 288:
2025-10-22 02:21:44,201 | INFO |    🎯 Señales detectadas: 0
2025-10-22 02:21:44,201 | INFO |    📈 Posiciones activas: 2
2025-10-22 02:21:44,201 | INFO |    💼 Posiciones:
2025-10-22 02:21:44,201 | INFO |       ADAUSDT: SELL @ $0.64
2025-10-22 02:21:44,201 | INFO |       AVAXUSDT: SELL @ $19.36
2025-10-22 02:21:44,201 | INFO | ⏳ Esperando 30 segundos para el próximo ciclo...

2025-10-22 02:22:14,204 | INFO | 
🔍 CICLO 289 - 02:22:14
2025-10-22 02:22:14,204 | INFO | 📊 Monitoreando 2 posiciones activas...
2025-10-22 02:22:37,939 | INFO | 📊 Resumen ciclo 289:
2025-10-22 02:22:37,939 | INFO |    🎯 Señales detectadas: 0
2025-10-22 02:22:37,939 | INFO |    📈 Posiciones activas: 2
2025-10-22 02:22:37,939 | INFO |    💼 Posiciones:
2025-10-22 02:22:37,953 | INFO |       ADAUSDT: SELL @ $0.64
2025-10-22 02:22:37,953 | INFO |       AVAXUSDT: SELL @ $19.36
2025-10-22 02:22:37,953 | INFO | ⏳ Esperando 30 segundos para el próximo ciclo...

2025-10-22 02:23:07,954 | INFO | 
🔍 CICLO 290 - 02:23:07
2025-10-22 02:23:07,954 | INFO | 📊 Monitoreando 2 posiciones activas...
2025-10-22 02:23:30,288 | INFO | 📊 Resumen ciclo 290:
2025-10-22 02:23:30,288 | INFO |    🎯 Señales detectadas: 0
2025-10-22 02:23:30,288 | INFO |    📈 Posiciones activas: 2
2025-10-22 02:23:30,288 | INFO |    💼 Posiciones:
2025-10-22 02:23:30,288 | INFO |       ADAUSDT: SELL @ $0.64
2025-10-22 02:23:30,291 | INFO |       AVAXUSDT: SELL @ $19.36
2025-10-22 02:23:30,291 | INFO | ⏳ Esperando 30 segundos para el próximo ciclo...

2025-10-22 02:24:00,292 | INFO | 
🔍 CICLO 291 - 02:24:00
2025-10-22 02:24:00,292 | INFO | 📊 Monitoreando 2 posiciones activas...
2025-10-22 02:24:21,383 | INFO | 📊 Resumen ciclo 291:
2025-10-22 02:24:21,383 | INFO |    🎯 Señales detectadas: 0
2025-10-22 02:24:21,385 | INFO |    📈 Posiciones activas: 2
2025-10-22 02:24:21,395 | INFO |    💼 Posiciones:
2025-10-22 02:24:21,395 | INFO |       ADAUSDT: SELL @ $0.64
2025-10-22 02:24:21,395 | INFO |       AVAXUSDT: SELL @ $19.36
2025-10-22 02:24:21,401 | INFO | ⏳ Esperando 30 segundos para el próximo ciclo...

2025-10-22 02:24:51,408 | INFO | 
🔍 CICLO 292 - 02:24:51
2025-10-22 02:24:51,408 | INFO | 📊 Monitoreando 2 posiciones activas...
2025-10-22 02:25:15,366 | INFO | 📊 Resumen ciclo 292:
2025-10-22 02:25:15,366 | INFO |    🎯 Señales detectadas: 0
2025-10-22 02:25:15,366 | INFO |    📈 Posiciones activas: 2
2025-10-22 02:25:15,366 | INFO |    💼 Posiciones:
2025-10-22 02:25:15,366 | INFO |       ADAUSDT: SELL @ $0.64
2025-10-22 02:25:15,366 | INFO |       AVAXUSDT: SELL @ $19.36
2025-10-22 02:25:15,366 | INFO | ⏳ Esperando 30 segundos para el próximo ciclo...

2025-10-22 02:25:45,371 | INFO | 
🔍 CICLO 293 - 02:25:45
2025-10-22 02:25:45,372 | INFO | 📊 Monitoreando 2 posiciones activas...
2025-10-22 02:26:08,875 | INFO | 📊 Resumen ciclo 293:
2025-10-22 02:26:08,876 | INFO |    🎯 Señales detectadas: 0
2025-10-22 02:26:08,876 | INFO |    📈 Posiciones activas: 2
2025-10-22 02:26:08,876 | INFO |    💼 Posiciones:
2025-10-22 02:26:08,876 | INFO |       ADAUSDT: SELL @ $0.64
2025-10-22 02:26:08,877 | INFO |       AVAXUSDT: SELL @ $19.36
2025-10-22 02:26:08,877 | INFO | ⏳ Esperando 30 segundos para el próximo ciclo...

2025-10-22 02:26:38,881 | INFO | 
🔍 CICLO 294 - 02:26:38
2025-10-22 02:26:38,881 | INFO | 📊 Monitoreando 2 posiciones activas...
2025-10-22 02:26:59,250 | INFO | 📊 Resumen ciclo 294:
2025-10-22 02:26:59,250 | INFO |    🎯 Señales detectadas: 0
2025-10-22 02:26:59,250 | INFO |    📈 Posiciones activas: 2
2025-10-22 02:26:59,250 | INFO |    💼 Posiciones:
2025-10-22 02:26:59,250 | INFO |       ADAUSDT: SELL @ $0.64
2025-10-22 02:26:59,252 | INFO |       AVAXUSDT: SELL @ $19.36
2025-10-22 02:26:59,252 | INFO | ⏳ Esperando 30 segundos para el próximo ciclo...

2025-10-22 02:27:29,253 | INFO | 
🔍 CICLO 295 - 02:27:29
2025-10-22 02:27:29,255 | INFO | 📊 Monitoreando 2 posiciones activas...
2025-10-22 02:27:52,722 | INFO | 📊 Resumen ciclo 295:
2025-10-22 02:27:52,722 | INFO |    🎯 Señales detectadas: 0
2025-10-22 02:27:52,724 | INFO |    📈 Posiciones activas: 2
2025-10-22 02:27:52,724 | INFO |    💼 Posiciones:
2025-10-22 02:27:52,724 | INFO |       ADAUSDT: SELL @ $0.64
2025-10-22 02:27:52,725 | INFO |       AVAXUSDT: SELL @ $19.36
2025-10-22 02:27:52,725 | INFO | ⏳ Esperando 30 segundos para el próximo ciclo...

2025-10-22 02:28:22,726 | INFO | 
🔍 CICLO 296 - 02:28:22
2025-10-22 02:28:22,726 | INFO | 📊 Monitoreando 2 posiciones activas...
2025-10-22 02:28:46,065 | INFO | 📊 Resumen ciclo 296:
2025-10-22 02:28:46,066 | INFO |    🎯 Señales detectadas: 0
2025-10-22 02:28:46,066 | INFO |    📈 Posiciones activas: 2
2025-10-22 02:28:46,066 | INFO |    💼 Posiciones:
2025-10-22 02:28:46,066 | INFO |       ADAUSDT: SELL @ $0.64
2025-10-22 02:28:46,066 | INFO |       AVAXUSDT: SELL @ $19.36
2025-10-22 02:28:46,066 | INFO | ⏳ Esperando 30 segundos para el próximo ciclo...

2025-10-22 02:29:16,068 | INFO | 
🔍 CICLO 297 - 02:29:16
2025-10-22 02:29:16,068 | INFO | 📊 Monitoreando 2 posiciones activas...
2025-10-22 02:29:38,706 | INFO | 📊 Resumen ciclo 297:
2025-10-22 02:29:38,706 | INFO |    🎯 Señales detectadas: 0
2025-10-22 02:29:38,706 | INFO |    📈 Posiciones activas: 2
2025-10-22 02:29:38,706 | INFO |    💼 Posiciones:
2025-10-22 02:29:38,706 | INFO |       ADAUSDT: SELL @ $0.64
2025-10-22 02:29:38,707 | INFO |       AVAXUSDT: SELL @ $19.36
2025-10-22 02:29:38,707 | INFO | ⏳ Esperando 30 segundos para el próximo ciclo...

2025-10-22 02:30:08,708 | INFO | 
🔍 CICLO 298 - 02:30:08
2025-10-22 02:30:08,708 | INFO | 📊 Monitoreando 2 posiciones activas...
2025-10-22 02:30:32,062 | INFO | 📊 Resumen ciclo 298:
2025-10-22 02:30:32,062 | INFO |    🎯 Señales detectadas: 0
2025-10-22 02:30:32,071 | INFO |    📈 Posiciones activas: 2
2025-10-22 02:30:32,071 | INFO |    💼 Posiciones:
2025-10-22 02:30:32,071 | INFO |       ADAUSDT: SELL @ $0.64
2025-10-22 02:30:32,071 | INFO |       AVAXUSDT: SELL @ $19.36
2025-10-22 02:30:32,071 | INFO | ⏳ Esperando 30 segundos para el próximo ciclo...

2025-10-22 02:31:02,073 | INFO | 
🔍 CICLO 299 - 02:31:02
2025-10-22 02:31:02,073 | INFO | 📊 Monitoreando 2 posiciones activas...
2025-10-22 02:31:25,140 | INFO | 📊 Resumen ciclo 299:
2025-10-22 02:31:25,140 | INFO |    🎯 Señales detectadas: 0
2025-10-22 02:31:25,143 | INFO |    📈 Posiciones activas: 2
2025-10-22 02:31:25,144 | INFO |    💼 Posiciones:
2025-10-22 02:31:25,146 | INFO |       ADAUSDT: SELL @ $0.64
2025-10-22 02:31:25,148 | INFO |       AVAXUSDT: SELL @ $19.36
2025-10-22 02:31:25,149 | INFO | ⏳ Esperando 30 segundos para el próximo ciclo...

2025-10-22 02:31:55,151 | INFO | 
🔍 CICLO 300 - 02:31:55
2025-10-22 02:31:55,151 | INFO | 📊 Monitoreando 2 posiciones activas...
2025-10-22 02:32:17,077 | INFO | 📊 Resumen ciclo 300:
2025-10-22 02:32:17,079 | INFO |    🎯 Señales detectadas: 0
2025-10-22 02:32:17,079 | INFO |    📈 Posiciones activas: 2
2025-10-22 02:32:17,079 | INFO |    💼 Posiciones:
2025-10-22 02:32:17,079 | INFO |       ADAUSDT: SELL @ $0.64
2025-10-22 02:32:17,079 | INFO |       AVAXUSDT: SELL @ $19.36
2025-10-22 02:32:17,079 | INFO | ⏳ Esperando 30 segundos para el próximo ciclo...

2025-10-22 02:32:47,081 | INFO | 
🔍 CICLO 301 - 02:32:47
2025-10-22 02:32:47,081 | INFO | 📊 Monitoreando 2 posiciones activas...
2025-10-22 02:33:09,498 | INFO | 📊 Resumen ciclo 301:
2025-10-22 02:33:09,498 | INFO |    🎯 Señales detectadas: 0
2025-10-22 02:33:09,498 | INFO |    📈 Posiciones activas: 2
2025-10-22 02:33:09,498 | INFO |    💼 Posiciones:
2025-10-22 02:33:09,498 | INFO |       ADAUSDT: SELL @ $0.64
2025-10-22 02:33:09,498 | INFO |       AVAXUSDT: SELL @ $19.36
2025-10-22 02:33:09,498 | INFO | ⏳ Esperando 30 segundos para el próximo ciclo...

2025-10-22 02:33:39,501 | INFO | 
🔍 CICLO 302 - 02:33:39
2025-10-22 02:33:39,501 | INFO | 📊 Monitoreando 2 posiciones activas...
2025-10-22 02:34:02,118 | INFO | 📊 Resumen ciclo 302:
2025-10-22 02:34:02,118 | INFO |    🎯 Señales detectadas: 0
2025-10-22 02:34:02,120 | INFO |    📈 Posiciones activas: 2
2025-10-22 02:34:02,120 | INFO |    💼 Posiciones:
2025-10-22 02:34:02,120 | INFO |       ADAUSDT: SELL @ $0.64
2025-10-22 02:34:02,120 | INFO |       AVAXUSDT: SELL @ $19.36
2025-10-22 02:34:02,120 | INFO | ⏳ Esperando 30 segundos para el próximo ciclo...

2025-10-22 02:34:32,122 | INFO | 
🔍 CICLO 303 - 02:34:32
2025-10-22 02:34:32,122 | INFO | 📊 Monitoreando 2 posiciones activas...
2025-10-22 02:34:53,990 | INFO | 📊 Resumen ciclo 303:
2025-10-22 02:34:53,991 | INFO |    🎯 Señales detectadas: 0
2025-10-22 02:34:53,991 | INFO |    📈 Posiciones activas: 2
2025-10-22 02:34:53,991 | INFO |    💼 Posiciones:
2025-10-22 02:34:53,991 | INFO |       ADAUSDT: SELL @ $0.64
2025-10-22 02:34:53,992 | INFO |       AVAXUSDT: SELL @ $19.36
2025-10-22 02:34:53,992 | INFO | ⏳ Esperando 30 segundos para el próximo ciclo...

2025-10-22 02:35:23,993 | INFO | 
🔍 CICLO 304 - 02:35:23
2025-10-22 02:35:23,993 | INFO | 📊 Monitoreando 2 posiciones activas...
2025-10-22 02:35:46,706 | INFO | 📊 Resumen ciclo 304:
2025-10-22 02:35:46,724 | INFO |    🎯 Señales detectadas: 0
2025-10-22 02:35:46,728 | INFO |    📈 Posiciones activas: 2
2025-10-22 02:35:46,748 | INFO |    💼 Posiciones:
2025-10-22 02:35:46,748 | INFO |       ADAUSDT: SELL @ $0.64
2025-10-22 02:35:46,750 | INFO |       AVAXUSDT: SELL @ $19.36
2025-10-22 02:35:46,750 | INFO | ⏳ Esperando 30 segundos para el próximo ciclo...

2025-10-22 02:36:16,751 | INFO | 
🔍 CICLO 305 - 02:36:16
2025-10-22 02:36:16,751 | INFO | 📊 Monitoreando 2 posiciones activas...
2025-10-22 02:36:39,859 | INFO | 📊 Resumen ciclo 305:
2025-10-22 02:36:39,859 | INFO |    🎯 Señales detectadas: 0
2025-10-22 02:36:39,859 | INFO |    📈 Posiciones activas: 2
2025-10-22 02:36:39,859 | INFO |    💼 Posiciones:
2025-10-22 02:36:39,861 | INFO |       ADAUSDT: SELL @ $0.64
2025-10-22 02:36:39,861 | INFO |       AVAXUSDT: SELL @ $19.36
2025-10-22 02:36:39,861 | INFO | ⏳ Esperando 30 segundos para el próximo ciclo...

2025-10-22 02:37:09,862 | INFO | 
🔍 CICLO 306 - 02:37:09
2025-10-22 02:37:09,862 | INFO | 📊 Monitoreando 2 posiciones activas...
2025-10-22 02:37:32,657 | INFO | 📊 Resumen ciclo 306:
2025-10-22 02:37:32,661 | INFO |    🎯 Señales detectadas: 0
2025-10-22 02:37:32,661 | INFO |    📈 Posiciones activas: 2
2025-10-22 02:37:32,661 | INFO |    💼 Posiciones:
2025-10-22 02:37:32,663 | INFO |       ADAUSDT: SELL @ $0.64
2025-10-22 02:37:32,663 | INFO |       AVAXUSDT: SELL @ $19.36
2025-10-22 02:37:32,663 | INFO | ⏳ Esperando 30 segundos para el próximo ciclo...

2025-10-22 02:38:02,665 | INFO | 
🔍 CICLO 307 - 02:38:02
2025-10-22 02:38:02,665 | INFO | 📊 Monitoreando 2 posiciones activas...
2025-10-22 02:38:24,943 | INFO | 📊 Resumen ciclo 307:
2025-10-22 02:38:24,943 | INFO |    🎯 Señales detectadas: 0
2025-10-22 02:38:24,943 | INFO |    📈 Posiciones activas: 2
2025-10-22 02:38:24,943 | INFO |    💼 Posiciones:
2025-10-22 02:38:24,943 | INFO |       ADAUSDT: SELL @ $0.64
2025-10-22 02:38:24,943 | INFO |       AVAXUSDT: SELL @ $19.36
2025-10-22 02:38:24,943 | INFO | ⏳ Esperando 30 segundos para el próximo ciclo...

2025-10-22 02:38:54,945 | INFO | 
🔍 CICLO 308 - 02:38:54
2025-10-22 02:38:54,945 | INFO | 📊 Monitoreando 2 posiciones activas...
2025-10-22 02:39:17,667 | INFO | 📊 Resumen ciclo 308:
2025-10-22 02:39:17,669 | INFO |    🎯 Señales detectadas: 0
2025-10-22 02:39:17,675 | INFO |    📈 Posiciones activas: 2
2025-10-22 02:39:17,690 | INFO |    💼 Posiciones:
2025-10-22 02:39:17,692 | INFO |       ADAUSDT: SELL @ $0.64
2025-10-22 02:39:17,693 | INFO |       AVAXUSDT: SELL @ $19.36
2025-10-22 02:39:17,693 | INFO | ⏳ Esperando 30 segundos para el próximo ciclo...

2025-10-22 02:39:47,694 | INFO | 
🔍 CICLO 309 - 02:39:47
2025-10-22 02:39:47,694 | INFO | 📊 Monitoreando 2 posiciones activas...
2025-10-22 02:40:10,538 | INFO | 📊 Resumen ciclo 309:
2025-10-22 02:40:10,538 | INFO |    🎯 Señales detectadas: 0
2025-10-22 02:40:10,538 | INFO |    📈 Posiciones activas: 2
2025-10-22 02:40:10,538 | INFO |    💼 Posiciones:
2025-10-22 02:40:10,538 | INFO |       ADAUSDT: SELL @ $0.64
2025-10-22 02:40:10,538 | INFO |       AVAXUSDT: SELL @ $19.36
2025-10-22 02:40:10,538 | INFO | ⏳ Esperando 30 segundos para el próximo ciclo...

2025-10-22 02:40:40,541 | INFO | 
🔍 CICLO 310 - 02:40:40
2025-10-22 02:40:40,541 | INFO | 📊 Monitoreando 2 posiciones activas...
2025-10-22 02:41:03,551 | INFO | 📊 Resumen ciclo 310:
2025-10-22 02:41:03,551 | INFO |    🎯 Señales detectadas: 0
2025-10-22 02:41:03,553 | INFO |    📈 Posiciones activas: 2
2025-10-22 02:41:03,553 | INFO |    💼 Posiciones:
2025-10-22 02:41:03,553 | INFO |       ADAUSDT: SELL @ $0.64
2025-10-22 02:41:03,553 | INFO |       AVAXUSDT: SELL @ $19.36
2025-10-22 02:41:03,553 | INFO | ⏳ Esperando 30 segundos para el próximo ciclo...

2025-10-22 02:41:33,555 | INFO | 
🔍 CICLO 311 - 02:41:33
2025-10-22 02:41:33,555 | INFO | 📊 Monitoreando 2 posiciones activas...
2025-10-22 02:41:56,080 | INFO | 📊 Resumen ciclo 311:
2025-10-22 02:41:56,082 | INFO |    🎯 Señales detectadas: 0
2025-10-22 02:41:56,082 | INFO |    📈 Posiciones activas: 2
2025-10-22 02:41:56,082 | INFO |    💼 Posiciones:
2025-10-22 02:41:56,082 | INFO |       ADAUSDT: SELL @ $0.64
2025-10-22 02:41:56,084 | INFO |       AVAXUSDT: SELL @ $19.36
2025-10-22 02:41:56,084 | INFO | ⏳ Esperando 30 segundos para el próximo ciclo...

2025-10-22 02:42:26,086 | INFO | 
🔍 CICLO 312 - 02:42:26
2025-10-22 02:42:26,086 | INFO | 📊 Monitoreando 2 posiciones activas...
2025-10-22 02:42:49,243 | INFO | 📊 Resumen ciclo 312:
2025-10-22 02:42:49,245 | INFO |    🎯 Señales detectadas: 0
2025-10-22 02:42:49,249 | INFO |    📈 Posiciones activas: 2
2025-10-22 02:42:49,249 | INFO |    💼 Posiciones:
2025-10-22 02:42:49,253 | INFO |       ADAUSDT: SELL @ $0.64
2025-10-22 02:42:49,255 | INFO |       AVAXUSDT: SELL @ $19.36
2025-10-22 02:42:49,255 | INFO | ⏳ Esperando 30 segundos para el próximo ciclo...

2025-10-22 02:43:19,257 | INFO | 
🔍 CICLO 313 - 02:43:19
2025-10-22 02:43:19,257 | INFO | 📊 Monitoreando 2 posiciones activas...
2025-10-22 02:43:42,022 | INFO | 📊 Resumen ciclo 313:
2025-10-22 02:43:42,024 | INFO |    🎯 Señales detectadas: 0
2025-10-22 02:43:42,024 | INFO |    📈 Posiciones activas: 2
2025-10-22 02:43:42,024 | INFO |    💼 Posiciones:
2025-10-22 02:43:42,024 | INFO |       ADAUSDT: SELL @ $0.64
2025-10-22 02:43:42,027 | INFO |       AVAXUSDT: SELL @ $19.36
2025-10-22 02:43:42,027 | INFO | ⏳ Esperando 30 segundos para el próximo ciclo...

2025-10-22 02:44:12,028 | INFO | 
🔍 CICLO 314 - 02:44:12
2025-10-22 02:44:12,028 | INFO | 📊 Monitoreando 2 posiciones activas...
2025-10-22 02:44:34,689 | INFO | 📊 Resumen ciclo 314:
2025-10-22 02:44:34,690 | INFO |    🎯 Señales detectadas: 0
2025-10-22 02:44:34,691 | INFO |    📈 Posiciones activas: 2
2025-10-22 02:44:34,691 | INFO |    💼 Posiciones:
2025-10-22 02:44:34,691 | INFO |       ADAUSDT: SELL @ $0.64
2025-10-22 02:44:34,691 | INFO |       AVAXUSDT: SELL @ $19.36
2025-10-22 02:44:34,691 | INFO | ⏳ Esperando 30 segundos para el próximo ciclo...

2025-10-22 02:45:04,693 | INFO | 
🔍 CICLO 315 - 02:45:04
2025-10-22 02:45:04,693 | INFO | 📊 Monitoreando 2 posiciones activas...
2025-10-22 02:45:26,981 | INFO | 📊 Resumen ciclo 315:
2025-10-22 02:45:26,985 | INFO |    🎯 Señales detectadas: 0
2025-10-22 02:45:26,985 | INFO |    📈 Posiciones activas: 2
2025-10-22 02:45:26,985 | INFO |    💼 Posiciones:
2025-10-22 02:45:26,985 | INFO |       ADAUSDT: SELL @ $0.64
2025-10-22 02:45:26,985 | INFO |       AVAXUSDT: SELL @ $19.36
2025-10-22 02:45:26,987 | INFO | ⏳ Esperando 30 segundos para el próximo ciclo...

2025-10-22 02:45:56,988 | INFO | 
🔍 CICLO 316 - 02:45:56
2025-10-22 02:45:56,988 | INFO | 📊 Monitoreando 2 posiciones activas...
2025-10-22 02:46:19,514 | INFO | 📊 Resumen ciclo 316:
2025-10-22 02:46:19,519 | INFO |    🎯 Señales detectadas: 0
2025-10-22 02:46:19,519 | INFO |    📈 Posiciones activas: 2
2025-10-22 02:46:19,519 | INFO |    💼 Posiciones:
2025-10-22 02:46:19,519 | INFO |       ADAUSDT: SELL @ $0.64
2025-10-22 02:46:19,521 | INFO |       AVAXUSDT: SELL @ $19.36
2025-10-22 02:46:19,521 | INFO | ⏳ Esperando 30 segundos para el próximo ciclo...

2025-10-22 02:46:49,522 | INFO | 
🔍 CICLO 317 - 02:46:49
2025-10-22 02:46:49,522 | INFO | 📊 Monitoreando 2 posiciones activas...
2025-10-22 02:47:12,430 | INFO | 📊 Resumen ciclo 317:
2025-10-22 02:47:12,432 | INFO |    🎯 Señales detectadas: 0
2025-10-22 02:47:12,433 | INFO |    📈 Posiciones activas: 2
2025-10-22 02:47:12,433 | INFO |    💼 Posiciones:
2025-10-22 02:47:12,433 | INFO |       ADAUSDT: SELL @ $0.64
2025-10-22 02:47:12,433 | INFO |       AVAXUSDT: SELL @ $19.36
2025-10-22 02:47:12,433 | INFO | ⏳ Esperando 30 segundos para el próximo ciclo...

2025-10-22 02:47:42,436 | INFO | 
🔍 CICLO 318 - 02:47:42
2025-10-22 02:47:42,436 | INFO | 📊 Monitoreando 2 posiciones activas...
2025-10-22 02:48:04,214 | INFO | 📊 Resumen ciclo 318:
2025-10-22 02:48:04,214 | INFO |    🎯 Señales detectadas: 0
2025-10-22 02:48:04,214 | INFO |    📈 Posiciones activas: 2
2025-10-22 02:48:04,216 | INFO |    💼 Posiciones:
2025-10-22 02:48:04,216 | INFO |       ADAUSDT: SELL @ $0.64
2025-10-22 02:48:04,216 | INFO |       AVAXUSDT: SELL @ $19.36
2025-10-22 02:48:04,216 | INFO | ⏳ Esperando 30 segundos para el próximo ciclo...

2025-10-22 02:48:34,218 | INFO | 
🔍 CICLO 319 - 02:48:34
2025-10-22 02:48:34,218 | INFO | 📊 Monitoreando 2 posiciones activas...
2025-10-22 02:48:57,243 | INFO | 📊 Resumen ciclo 319:
2025-10-22 02:48:57,245 | INFO |    🎯 Señales detectadas: 0
2025-10-22 02:48:57,249 | INFO |    📈 Posiciones activas: 2
2025-10-22 02:48:57,249 | INFO |    💼 Posiciones:
2025-10-22 02:48:57,249 | INFO |       ADAUSDT: SELL @ $0.64
2025-10-22 02:48:57,251 | INFO |       AVAXUSDT: SELL @ $19.36
2025-10-22 02:48:57,251 | INFO | ⏳ Esperando 30 segundos para el próximo ciclo...

2025-10-22 02:49:27,253 | INFO | 
🔍 CICLO 320 - 02:49:27
2025-10-22 02:49:27,253 | INFO | 📊 Monitoreando 2 posiciones activas...
2025-10-22 02:49:49,898 | INFO | 📊 Resumen ciclo 320:
2025-10-22 02:49:49,898 | INFO |    🎯 Señales detectadas: 0
2025-10-22 02:49:49,898 | INFO |    📈 Posiciones activas: 2
2025-10-22 02:49:49,898 | INFO |    💼 Posiciones:
2025-10-22 02:49:49,898 | INFO |       ADAUSDT: SELL @ $0.64
2025-10-22 02:49:49,898 | INFO |       AVAXUSDT: SELL @ $19.36
2025-10-22 02:49:49,898 | INFO | ⏳ Esperando 30 segundos para el próximo ciclo...

2025-10-22 02:50:19,900 | INFO | 
🔍 CICLO 321 - 02:50:19
2025-10-22 02:50:19,900 | INFO | 📊 Monitoreando 2 posiciones activas...
2025-10-22 02:50:42,099 | INFO | 📊 Resumen ciclo 321:
2025-10-22 02:50:42,115 | INFO |    🎯 Señales detectadas: 0
2025-10-22 02:50:42,115 | INFO |    📈 Posiciones activas: 2
2025-10-22 02:50:42,115 | INFO |    💼 Posiciones:
2025-10-22 02:50:42,117 | INFO |       ADAUSDT: SELL @ $0.64
2025-10-22 02:50:42,123 | INFO |       AVAXUSDT: SELL @ $19.36
2025-10-22 02:50:42,125 | INFO | ⏳ Esperando 30 segundos para el próximo ciclo...

2025-10-22 02:51:12,128 | INFO | 
🔍 CICLO 322 - 02:51:12
2025-10-22 02:51:12,138 | INFO | 📊 Monitoreando 2 posiciones activas...
2025-10-22 02:51:35,179 | INFO | 📊 Resumen ciclo 322:
2025-10-22 02:51:35,179 | INFO |    🎯 Señales detectadas: 0
2025-10-22 02:51:35,179 | INFO |    📈 Posiciones activas: 2
2025-10-22 02:51:35,179 | INFO |    💼 Posiciones:
2025-10-22 02:51:35,179 | INFO |       ADAUSDT: SELL @ $0.64
2025-10-22 02:51:35,179 | INFO |       AVAXUSDT: SELL @ $19.36
2025-10-22 02:51:35,179 | INFO | ⏳ Esperando 30 segundos para el próximo ciclo...

2025-10-22 02:52:05,182 | INFO | 
🔍 CICLO 323 - 02:52:05
2025-10-22 02:52:05,182 | INFO | 📊 Monitoreando 2 posiciones activas...
2025-10-22 02:52:28,579 | INFO | 📊 Resumen ciclo 323:
2025-10-22 02:52:28,592 | INFO |    🎯 Señales detectadas: 0
2025-10-22 02:52:28,598 | INFO |    📈 Posiciones activas: 2
2025-10-22 02:52:28,600 | INFO |    💼 Posiciones:
2025-10-22 02:52:28,602 | INFO |       ADAUSDT: SELL @ $0.64
2025-10-22 02:52:28,606 | INFO |       AVAXUSDT: SELL @ $19.36
2025-10-22 02:52:28,637 | INFO | ⏳ Esperando 30 segundos para el próximo ciclo...

2025-10-22 02:52:58,639 | INFO | 
🔍 CICLO 324 - 02:52:58
2025-10-22 02:52:58,640 | INFO | 📊 Monitoreando 2 posiciones activas...
2025-10-22 02:53:20,154 | INFO | 📊 Resumen ciclo 324:
2025-10-22 02:53:20,154 | INFO |    🎯 Señales detectadas: 0
2025-10-22 02:53:20,156 | INFO |    📈 Posiciones activas: 2
2025-10-22 02:53:20,156 | INFO |    💼 Posiciones:
2025-10-22 02:53:20,164 | INFO |       ADAUSDT: SELL @ $0.64
2025-10-22 02:53:20,166 | INFO |       AVAXUSDT: SELL @ $19.36
2025-10-22 02:53:20,171 | INFO | ⏳ Esperando 30 segundos para el próximo ciclo...

2025-10-22 02:53:50,173 | INFO | 
🔍 CICLO 325 - 02:53:50
2025-10-22 02:53:50,173 | INFO | 📊 Monitoreando 2 posiciones activas...
2025-10-22 02:54:12,782 | INFO | 📊 Resumen ciclo 325:
2025-10-22 02:54:12,782 | INFO |    🎯 Señales detectadas: 0
2025-10-22 02:54:12,782 | INFO |    📈 Posiciones activas: 2
2025-10-22 02:54:12,782 | INFO |    💼 Posiciones:
2025-10-22 02:54:12,782 | INFO |       ADAUSDT: SELL @ $0.64
2025-10-22 02:54:12,782 | INFO |       AVAXUSDT: SELL @ $19.36
2025-10-22 02:54:12,782 | INFO | ⏳ Esperando 30 segundos para el próximo ciclo...

2025-10-22 02:54:42,789 | INFO | 
🔍 CICLO 326 - 02:54:42
2025-10-22 02:54:42,789 | INFO | 📊 Monitoreando 2 posiciones activas...
2025-10-22 02:55:06,936 | INFO | 📊 Resumen ciclo 326:
2025-10-22 02:55:06,936 | INFO |    🎯 Señales detectadas: 0
2025-10-22 02:55:06,936 | INFO |    📈 Posiciones activas: 2
2025-10-22 02:55:06,940 | INFO |    💼 Posiciones:
2025-10-22 02:55:06,940 | INFO |       ADAUSDT: SELL @ $0.64
2025-10-22 02:55:06,940 | INFO |       AVAXUSDT: SELL @ $19.36
2025-10-22 02:55:06,943 | INFO | ⏳ Esperando 30 segundos para el próximo ciclo...

2025-10-22 02:55:36,945 | INFO | 
🔍 CICLO 327 - 02:55:36
2025-10-22 02:55:36,945 | INFO | 📊 Monitoreando 2 posiciones activas...
2025-10-22 02:55:58,662 | INFO | 📊 Resumen ciclo 327:
2025-10-22 02:55:58,664 | INFO |    🎯 Señales detectadas: 0
2025-10-22 02:55:58,665 | INFO |    📈 Posiciones activas: 2
2025-10-22 02:55:58,667 | INFO |    💼 Posiciones:
2025-10-22 02:55:58,667 | INFO |       ADAUSDT: SELL @ $0.64
2025-10-22 02:55:58,667 | INFO |       AVAXUSDT: SELL @ $19.36
2025-10-22 02:55:58,667 | INFO | ⏳ Esperando 30 segundos para el próximo ciclo...

2025-10-22 02:56:28,717 | INFO | 
🔍 CICLO 328 - 02:56:28
2025-10-22 02:56:28,727 | INFO | 📊 Monitoreando 2 posiciones activas...
2025-10-22 02:56:51,448 | INFO | 📊 Resumen ciclo 328:
2025-10-22 02:56:51,452 | INFO |    🎯 Señales detectadas: 0
2025-10-22 02:56:51,452 | INFO |    📈 Posiciones activas: 2
2025-10-22 02:56:51,452 | INFO |    💼 Posiciones:
2025-10-22 02:56:51,452 | INFO |       ADAUSDT: SELL @ $0.64
2025-10-22 02:56:51,452 | INFO |       AVAXUSDT: SELL @ $19.36
2025-10-22 02:56:51,452 | INFO | ⏳ Esperando 30 segundos para el próximo ciclo...

2025-10-22 02:57:21,454 | INFO | 
🔍 CICLO 329 - 02:57:21
2025-10-22 02:57:21,454 | INFO | 📊 Monitoreando 2 posiciones activas...
2025-10-22 02:57:46,093 | INFO | 📊 Resumen ciclo 329:
2025-10-22 02:57:46,099 | INFO |    🎯 Señales detectadas: 0
2025-10-22 02:57:46,101 | INFO |    📈 Posiciones activas: 2
2025-10-22 02:57:46,101 | INFO |    💼 Posiciones:
2025-10-22 02:57:46,101 | INFO |       ADAUSDT: SELL @ $0.64
2025-10-22 02:57:46,101 | INFO |       AVAXUSDT: SELL @ $19.36
2025-10-22 02:57:46,103 | INFO | ⏳ Esperando 30 segundos para el próximo ciclo...

2025-10-22 02:58:16,132 | INFO | 
🔍 CICLO 330 - 02:58:16
2025-10-22 02:58:16,133 | INFO | 📊 Monitoreando 2 posiciones activas...
2025-10-22 02:58:38,188 | INFO | 📊 Resumen ciclo 330:
2025-10-22 02:58:38,190 | INFO |    🎯 Señales detectadas: 0
2025-10-22 02:58:38,190 | INFO |    📈 Posiciones activas: 2
2025-10-22 02:58:38,190 | INFO |    💼 Posiciones:
2025-10-22 02:58:38,190 | INFO |       ADAUSDT: SELL @ $0.64
2025-10-22 02:58:38,190 | INFO |       AVAXUSDT: SELL @ $19.36
2025-10-22 02:58:38,190 | INFO | ⏳ Esperando 30 segundos para el próximo ciclo...

2025-10-22 02:59:08,204 | INFO | 
🔍 CICLO 331 - 02:59:08
2025-10-22 02:59:08,214 | INFO | 📊 Monitoreando 2 posiciones activas...
2025-10-22 02:59:30,860 | INFO | 📊 Resumen ciclo 331:
2025-10-22 02:59:30,860 | INFO |    🎯 Señales detectadas: 0
2025-10-22 02:59:30,860 | INFO |    📈 Posiciones activas: 2
2025-10-22 02:59:30,860 | INFO |    💼 Posiciones:
2025-10-22 02:59:30,860 | INFO |       ADAUSDT: SELL @ $0.64
2025-10-22 02:59:30,860 | INFO |       AVAXUSDT: SELL @ $19.36
2025-10-22 02:59:30,860 | INFO | ⏳ Esperando 30 segundos para el próximo ciclo...

2025-10-22 03:00:00,872 | INFO | 
🔍 CICLO 332 - 03:00:00
2025-10-22 03:00:00,872 | INFO | 📊 Monitoreando 2 posiciones activas...
2025-10-22 03:00:24,644 | INFO | 📊 Resumen ciclo 332:
2025-10-22 03:00:24,646 | INFO |    🎯 Señales detectadas: 0
2025-10-22 03:00:24,646 | INFO |    📈 Posiciones activas: 2
2025-10-22 03:00:24,646 | INFO |    💼 Posiciones:
2025-10-22 03:00:24,646 | INFO |       ADAUSDT: SELL @ $0.64
2025-10-22 03:00:24,646 | INFO |       AVAXUSDT: SELL @ $19.36
2025-10-22 03:00:24,646 | INFO | ⏳ Esperando 30 segundos para el próximo ciclo...

2025-10-22 03:00:54,652 | INFO | 
🔍 CICLO 333 - 03:00:54
2025-10-22 03:00:54,653 | INFO | 📊 Monitoreando 2 posiciones activas...
2025-10-22 03:01:16,951 | INFO | 📊 Resumen ciclo 333:
2025-10-22 03:01:16,951 | INFO |    🎯 Señales detectadas: 0
2025-10-22 03:01:16,951 | INFO |    📈 Posiciones activas: 2
2025-10-22 03:01:16,961 | INFO |    💼 Posiciones:
2025-10-22 03:01:16,961 | INFO |       ADAUSDT: SELL @ $0.64
2025-10-22 03:01:16,961 | INFO |       AVAXUSDT: SELL @ $19.36
2025-10-22 03:01:16,961 | INFO | ⏳ Esperando 30 segundos para el próximo ciclo...

2025-10-22 03:01:46,963 | INFO | 
🔍 CICLO 334 - 03:01:46
2025-10-22 03:01:46,963 | INFO | 📊 Monitoreando 2 posiciones activas...
2025-10-22 03:02:09,359 | INFO | 📊 Resumen ciclo 334:
2025-10-22 03:02:09,359 | INFO |    🎯 Señales detectadas: 0
2025-10-22 03:02:09,359 | INFO |    📈 Posiciones activas: 2
2025-10-22 03:02:09,359 | INFO |    💼 Posiciones:
2025-10-22 03:02:09,359 | INFO |       ADAUSDT: SELL @ $0.64
2025-10-22 03:02:09,373 | INFO |       AVAXUSDT: SELL @ $19.36
2025-10-22 03:02:09,373 | INFO | ⏳ Esperando 30 segundos para el próximo ciclo...

2025-10-22 03:02:39,374 | INFO | 
🔍 CICLO 335 - 03:02:39
2025-10-22 03:02:39,374 | INFO | 📊 Monitoreando 2 posiciones activas...
2025-10-22 03:03:03,552 | INFO | 📊 Resumen ciclo 335:
2025-10-22 03:03:03,552 | INFO |    🎯 Señales detectadas: 0
2025-10-22 03:03:03,552 | INFO |    📈 Posiciones activas: 2
2025-10-22 03:03:03,564 | INFO |    💼 Posiciones:
2025-10-22 03:03:03,566 | INFO |       ADAUSDT: SELL @ $0.64
2025-10-22 03:03:03,568 | INFO |       AVAXUSDT: SELL @ $19.36
2025-10-22 03:03:03,568 | INFO | ⏳ Esperando 30 segundos para el próximo ciclo...

2025-10-22 03:03:33,571 | INFO | 
🔍 CICLO 336 - 03:03:33
2025-10-22 03:03:33,571 | INFO | 📊 Monitoreando 2 posiciones activas...
2025-10-22 03:03:56,292 | INFO | 📊 Resumen ciclo 336:
2025-10-22 03:03:56,292 | INFO |    🎯 Señales detectadas: 0
2025-10-22 03:03:56,292 | INFO |    📈 Posiciones activas: 2
2025-10-22 03:03:56,292 | INFO |    💼 Posiciones:
2025-10-22 03:03:56,292 | INFO |       ADAUSDT: SELL @ $0.64
2025-10-22 03:03:56,292 | INFO |       AVAXUSDT: SELL @ $19.36
2025-10-22 03:03:56,292 | INFO | ⏳ Esperando 30 segundos para el próximo ciclo...

2025-10-22 03:04:26,295 | INFO | 
🔍 CICLO 337 - 03:04:26
2025-10-22 03:04:26,295 | INFO | 📊 Monitoreando 2 posiciones activas...
2025-10-22 03:04:47,520 | INFO | 📊 Resumen ciclo 337:
2025-10-22 03:04:47,520 | INFO |    🎯 Señales detectadas: 0
2025-10-22 03:04:47,520 | INFO |    📈 Posiciones activas: 2
2025-10-22 03:04:47,520 | INFO |    💼 Posiciones:
2025-10-22 03:04:47,520 | INFO |       ADAUSDT: SELL @ $0.64
2025-10-22 03:04:47,520 | INFO |       AVAXUSDT: SELL @ $19.36
2025-10-22 03:04:47,520 | INFO | ⏳ Esperando 30 segundos para el próximo ciclo...

2025-10-22 03:05:17,522 | INFO | 
🔍 CICLO 338 - 03:05:17
2025-10-22 03:05:17,522 | INFO | 📊 Monitoreando 2 posiciones activas...
2025-10-22 03:05:41,134 | INFO | 📊 Resumen ciclo 338:
2025-10-22 03:05:41,134 | INFO |    🎯 Señales detectadas: 0
2025-10-22 03:05:41,134 | INFO |    📈 Posiciones activas: 2
2025-10-22 03:05:41,135 | INFO |    💼 Posiciones:
2025-10-22 03:05:41,135 | INFO |       ADAUSDT: SELL @ $0.64
2025-10-22 03:05:41,135 | INFO |       AVAXUSDT: SELL @ $19.36
2025-10-22 03:05:41,135 | INFO | ⏳ Esperando 30 segundos para el próximo ciclo...

2025-10-22 03:06:11,137 | INFO | 
🔍 CICLO 339 - 03:06:11
2025-10-22 03:06:11,138 | INFO | 📊 Monitoreando 2 posiciones activas...
2025-10-22 03:06:34,949 | INFO | 📊 Resumen ciclo 339:
2025-10-22 03:06:34,956 | INFO |    🎯 Señales detectadas: 0
2025-10-22 03:06:34,956 | INFO |    📈 Posiciones activas: 2
2025-10-22 03:06:34,956 | INFO |    💼 Posiciones:
2025-10-22 03:06:34,956 | INFO |       ADAUSDT: SELL @ $0.64
2025-10-22 03:06:34,956 | INFO |       AVAXUSDT: SELL @ $19.36
2025-10-22 03:06:34,956 | INFO | ⏳ Esperando 30 segundos para el próximo ciclo...

2025-10-22 03:07:04,958 | INFO | 
🔍 CICLO 340 - 03:07:04
2025-10-22 03:07:04,963 | INFO | 📊 Monitoreando 2 posiciones activas...
2025-10-22 03:07:26,527 | INFO | 📊 Resumen ciclo 340:
2025-10-22 03:07:26,529 | INFO |    🎯 Señales detectadas: 0
2025-10-22 03:07:26,529 | INFO |    📈 Posiciones activas: 2
2025-10-22 03:07:26,529 | INFO |    💼 Posiciones:
2025-10-22 03:07:26,529 | INFO |       ADAUSDT: SELL @ $0.64
2025-10-22 03:07:26,531 | INFO |       AVAXUSDT: SELL @ $19.36
2025-10-22 03:07:26,533 | INFO | ⏳ Esperando 30 segundos para el próximo ciclo...

2025-10-22 03:07:56,534 | INFO | 
🔍 CICLO 341 - 03:07:56
2025-10-22 03:07:56,534 | INFO | 📊 Monitoreando 2 posiciones activas...
2025-10-22 03:08:19,474 | INFO | 📊 Resumen ciclo 341:
2025-10-22 03:08:19,474 | INFO |    🎯 Señales detectadas: 0
2025-10-22 03:08:19,474 | INFO |    📈 Posiciones activas: 2
2025-10-22 03:08:19,474 | INFO |    💼 Posiciones:
2025-10-22 03:08:19,474 | INFO |       ADAUSDT: SELL @ $0.64
2025-10-22 03:08:19,474 | INFO |       AVAXUSDT: SELL @ $19.36
2025-10-22 03:08:19,474 | INFO | ⏳ Esperando 30 segundos para el próximo ciclo...

2025-10-22 03:08:49,479 | INFO | 
🔍 CICLO 342 - 03:08:49
2025-10-22 03:08:49,479 | INFO | 📊 Monitoreando 2 posiciones activas...
2025-10-22 03:09:11,509 | INFO | 📊 Resumen ciclo 342:
2025-10-22 03:09:11,509 | INFO |    🎯 Señales detectadas: 0
2025-10-22 03:09:11,509 | INFO |    📈 Posiciones activas: 2
2025-10-22 03:09:11,509 | INFO |    💼 Posiciones:
2025-10-22 03:09:11,512 | INFO |       ADAUSDT: SELL @ $0.64
2025-10-22 03:09:11,512 | INFO |       AVAXUSDT: SELL @ $19.36
2025-10-22 03:09:11,512 | INFO | ⏳ Esperando 30 segundos para el próximo ciclo...

2025-10-22 03:09:41,513 | INFO | 
🔍 CICLO 343 - 03:09:41
2025-10-22 03:09:41,513 | INFO | 📊 Monitoreando 2 posiciones activas...
2025-10-22 03:10:04,178 | INFO | 📊 Resumen ciclo 343:
2025-10-22 03:10:04,178 | INFO |    🎯 Señales detectadas: 0
2025-10-22 03:10:04,178 | INFO |    📈 Posiciones activas: 2
2025-10-22 03:10:04,178 | INFO |    💼 Posiciones:
2025-10-22 03:10:04,178 | INFO |       ADAUSDT: SELL @ $0.64
2025-10-22 03:10:04,178 | INFO |       AVAXUSDT: SELL @ $19.36
2025-10-22 03:10:04,178 | INFO | ⏳ Esperando 30 segundos para el próximo ciclo...

2025-10-22 03:10:34,181 | INFO | 
🔍 CICLO 344 - 03:10:34
2025-10-22 03:10:34,181 | INFO | 📊 Monitoreando 2 posiciones activas...
2025-10-22 03:10:57,269 | INFO | 📊 Resumen ciclo 344:
2025-10-22 03:10:57,269 | INFO |    🎯 Señales detectadas: 0
2025-10-22 03:10:57,269 | INFO |    📈 Posiciones activas: 2
2025-10-22 03:10:57,269 | INFO |    💼 Posiciones:
2025-10-22 03:10:57,269 | INFO |       ADAUSDT: SELL @ $0.64
2025-10-22 03:10:57,269 | INFO |       AVAXUSDT: SELL @ $19.36
2025-10-22 03:10:57,269 | INFO | ⏳ Esperando 30 segundos para el próximo ciclo...

2025-10-22 03:11:27,275 | INFO | 
🔍 CICLO 345 - 03:11:27
2025-10-22 03:11:27,275 | INFO | 📊 Monitoreando 2 posiciones activas...
2025-10-22 03:11:48,920 | INFO | 📊 Resumen ciclo 345:
2025-10-22 03:11:48,920 | INFO |    🎯 Señales detectadas: 0
2025-10-22 03:11:48,920 | INFO |    📈 Posiciones activas: 2
2025-10-22 03:11:48,920 | INFO |    💼 Posiciones:
2025-10-22 03:11:48,920 | INFO |       ADAUSDT: SELL @ $0.64
2025-10-22 03:11:48,922 | INFO |       AVAXUSDT: SELL @ $19.36
2025-10-22 03:11:48,922 | INFO | ⏳ Esperando 30 segundos para el próximo ciclo...

2025-10-22 03:12:18,923 | INFO | 
🔍 CICLO 346 - 03:12:18
2025-10-22 03:12:18,923 | INFO | 📊 Monitoreando 2 posiciones activas...
2025-10-22 03:12:41,532 | INFO | 📊 Resumen ciclo 346:
2025-10-22 03:12:41,532 | INFO |    🎯 Señales detectadas: 0
2025-10-22 03:12:41,532 | INFO |    📈 Posiciones activas: 2
2025-10-22 03:12:41,532 | INFO |    💼 Posiciones:
2025-10-22 03:12:41,532 | INFO |       ADAUSDT: SELL @ $0.64
2025-10-22 03:12:41,532 | INFO |       AVAXUSDT: SELL @ $19.36
2025-10-22 03:12:41,532 | INFO | ⏳ Esperando 30 segundos para el próximo ciclo...

2025-10-22 03:13:11,535 | INFO | 
🔍 CICLO 347 - 03:13:11
2025-10-22 03:13:11,535 | INFO | 📊 Monitoreando 2 posiciones activas...
2025-10-22 03:13:34,596 | INFO | 📊 Resumen ciclo 347:
2025-10-22 03:13:34,596 | INFO |    🎯 Señales detectadas: 0
2025-10-22 03:13:34,596 | INFO |    📈 Posiciones activas: 2
2025-10-22 03:13:34,596 | INFO |    💼 Posiciones:
2025-10-22 03:13:34,596 | INFO |       ADAUSDT: SELL @ $0.64
2025-10-22 03:13:34,596 | INFO |       AVAXUSDT: SELL @ $19.36
2025-10-22 03:13:34,596 | INFO | ⏳ Esperando 30 segundos para el próximo ciclo...

2025-10-22 03:14:04,607 | INFO | 
🔍 CICLO 348 - 03:14:04
2025-10-22 03:14:04,607 | INFO | 📊 Monitoreando 2 posiciones activas...
2025-10-22 03:14:27,788 | INFO | 📊 Resumen ciclo 348:
2025-10-22 03:14:27,789 | INFO |    🎯 Señales detectadas: 0
2025-10-22 03:14:27,789 | INFO |    📈 Posiciones activas: 2
2025-10-22 03:14:27,789 | INFO |    💼 Posiciones:
2025-10-22 03:14:27,789 | INFO |       ADAUSDT: SELL @ $0.64
2025-10-22 03:14:27,790 | INFO |       AVAXUSDT: SELL @ $19.36
2025-10-22 03:14:27,790 | INFO | ⏳ Esperando 30 segundos para el próximo ciclo...

2025-10-22 03:14:57,791 | INFO | 
🔍 CICLO 349 - 03:14:57
2025-10-22 03:14:57,791 | INFO | 📊 Monitoreando 2 posiciones activas...
2025-10-22 03:15:20,212 | INFO | 📊 Resumen ciclo 349:
2025-10-22 03:15:20,214 | INFO |    🎯 Señales detectadas: 0
2025-10-22 03:15:20,214 | INFO |    📈 Posiciones activas: 2
2025-10-22 03:15:20,223 | INFO |    💼 Posiciones:
2025-10-22 03:15:20,229 | INFO |       ADAUSDT: SELL @ $0.64
2025-10-22 03:15:20,229 | INFO |       AVAXUSDT: SELL @ $19.36
2025-10-22 03:15:20,231 | INFO | ⏳ Esperando 30 segundos para el próximo ciclo...

2025-10-22 03:15:50,260 | INFO | 
🔍 CICLO 350 - 03:15:50
2025-10-22 03:15:50,260 | INFO | 📊 Monitoreando 2 posiciones activas...
2025-10-22 03:16:13,620 | INFO | 📊 Resumen ciclo 350:
2025-10-22 03:16:13,620 | INFO |    🎯 Señales detectadas: 0
2025-10-22 03:16:13,620 | INFO |    📈 Posiciones activas: 2
2025-10-22 03:16:13,620 | INFO |    💼 Posiciones:
2025-10-22 03:16:13,620 | INFO |       ADAUSDT: SELL @ $0.64
2025-10-22 03:16:13,624 | INFO |       AVAXUSDT: SELL @ $19.36
2025-10-22 03:16:13,624 | INFO | ⏳ Esperando 30 segundos para el próximo ciclo...

2025-10-22 03:16:43,627 | INFO | 
🔍 CICLO 351 - 03:16:43
2025-10-22 03:16:43,627 | INFO | 📊 Monitoreando 2 posiciones activas...
2025-10-22 03:17:05,633 | INFO | 📊 Resumen ciclo 351:
2025-10-22 03:17:05,633 | INFO |    🎯 Señales detectadas: 0
2025-10-22 03:17:05,633 | INFO |    📈 Posiciones activas: 2
2025-10-22 03:17:05,633 | INFO |    💼 Posiciones:
2025-10-22 03:17:05,633 | INFO |       ADAUSDT: SELL @ $0.64
2025-10-22 03:17:05,633 | INFO |       AVAXUSDT: SELL @ $19.36
2025-10-22 03:17:05,633 | INFO | ⏳ Esperando 30 segundos para el próximo ciclo...

2025-10-22 03:17:35,637 | INFO | 
🔍 CICLO 352 - 03:17:35
2025-10-22 03:17:35,637 | INFO | 📊 Monitoreando 2 posiciones activas...
2025-10-22 03:17:58,424 | INFO | 📊 Resumen ciclo 352:
2025-10-22 03:17:58,426 | INFO |    🎯 Señales detectadas: 0
2025-10-22 03:17:58,426 | INFO |    📈 Posiciones activas: 2
2025-10-22 03:17:58,426 | INFO |    💼 Posiciones:
2025-10-22 03:17:58,429 | INFO |       ADAUSDT: SELL @ $0.64
2025-10-22 03:17:58,429 | INFO |       AVAXUSDT: SELL @ $19.36
2025-10-22 03:17:58,431 | INFO | ⏳ Esperando 30 segundos para el próximo ciclo...

2025-10-22 03:18:28,433 | INFO | 
🔍 CICLO 353 - 03:18:28
2025-10-22 03:18:28,433 | INFO | 📊 Monitoreando 2 posiciones activas...
2025-10-22 03:18:51,603 | INFO | 📊 Resumen ciclo 353:
2025-10-22 03:18:51,603 | INFO |    🎯 Señales detectadas: 0
2025-10-22 03:18:51,603 | INFO |    📈 Posiciones activas: 2
2025-10-22 03:18:51,603 | INFO |    💼 Posiciones:
2025-10-22 03:18:51,603 | INFO |       ADAUSDT: SELL @ $0.64
2025-10-22 03:18:51,603 | INFO |       AVAXUSDT: SELL @ $19.36
2025-10-22 03:18:51,603 | INFO | ⏳ Esperando 30 segundos para el próximo ciclo...

2025-10-22 03:19:21,615 | INFO | 
🔍 CICLO 354 - 03:19:21
2025-10-22 03:19:21,615 | INFO | 📊 Monitoreando 2 posiciones activas...
2025-10-22 03:19:43,598 | INFO | 📊 Resumen ciclo 354:
2025-10-22 03:19:43,598 | INFO |    🎯 Señales detectadas: 0
2025-10-22 03:19:43,598 | INFO |    📈 Posiciones activas: 2
2025-10-22 03:19:43,598 | INFO |    💼 Posiciones:
2025-10-22 03:19:43,598 | INFO |       ADAUSDT: SELL @ $0.64
2025-10-22 03:19:43,598 | INFO |       AVAXUSDT: SELL @ $19.36
2025-10-22 03:19:43,598 | INFO | ⏳ Esperando 30 segundos para el próximo ciclo...

2025-10-22 03:20:13,602 | INFO | 
🔍 CICLO 355 - 03:20:13
2025-10-22 03:20:13,602 | INFO | 📊 Monitoreando 2 posiciones activas...
2025-10-22 03:20:35,933 | INFO | 📊 Resumen ciclo 355:
2025-10-22 03:20:35,934 | INFO |    🎯 Señales detectadas: 0
2025-10-22 03:20:35,934 | INFO |    📈 Posiciones activas: 2
2025-10-22 03:20:35,934 | INFO |    💼 Posiciones:
2025-10-22 03:20:35,934 | INFO |       ADAUSDT: SELL @ $0.64
2025-10-22 03:20:35,934 | INFO |       AVAXUSDT: SELL @ $19.36
2025-10-22 03:20:35,934 | INFO | ⏳ Esperando 30 segundos para el próximo ciclo...

2025-10-22 03:21:05,936 | INFO | 
🔍 CICLO 356 - 03:21:05
2025-10-22 03:21:05,936 | INFO | 📊 Monitoreando 2 posiciones activas...
2025-10-22 03:21:29,127 | INFO | 📊 Resumen ciclo 356:
2025-10-22 03:21:29,127 | INFO |    🎯 Señales detectadas: 0
2025-10-22 03:21:29,127 | INFO |    📈 Posiciones activas: 2
2025-10-22 03:21:29,127 | INFO |    💼 Posiciones:
2025-10-22 03:21:29,127 | INFO |       ADAUSDT: SELL @ $0.64
2025-10-22 03:21:29,127 | INFO |       AVAXUSDT: SELL @ $19.36
2025-10-22 03:21:29,127 | INFO | ⏳ Esperando 30 segundos para el próximo ciclo...

2025-10-22 03:21:59,133 | INFO | 
🔍 CICLO 357 - 03:21:59
2025-10-22 03:21:59,133 | INFO | 📊 Monitoreando 2 posiciones activas...
2025-10-22 03:22:21,480 | INFO | 📊 Resumen ciclo 357:
2025-10-22 03:22:21,480 | INFO |    🎯 Señales detectadas: 0
2025-10-22 03:22:21,480 | INFO |    📈 Posiciones activas: 2
2025-10-22 03:22:21,480 | INFO |    💼 Posiciones:
2025-10-22 03:22:21,480 | INFO |       ADAUSDT: SELL @ $0.64
2025-10-22 03:22:21,480 | INFO |       AVAXUSDT: SELL @ $19.36
2025-10-22 03:22:21,482 | INFO | ⏳ Esperando 30 segundos para el próximo ciclo...

2025-10-22 03:22:51,483 | INFO | 
🔍 CICLO 358 - 03:22:51
2025-10-22 03:22:51,483 | INFO | 📊 Monitoreando 2 posiciones activas...
2025-10-22 03:23:14,645 | INFO | 📊 Resumen ciclo 358:
2025-10-22 03:23:14,656 | INFO |    🎯 Señales detectadas: 0
2025-10-22 03:23:14,656 | INFO |    📈 Posiciones activas: 2
2025-10-22 03:23:14,658 | INFO |    💼 Posiciones:
2025-10-22 03:23:14,658 | INFO |       ADAUSDT: SELL @ $0.64
2025-10-22 03:23:14,658 | INFO |       AVAXUSDT: SELL @ $19.36
2025-10-22 03:23:14,658 | INFO | ⏳ Esperando 30 segundos para el próximo ciclo...

2025-10-22 03:23:44,661 | INFO | 
🔍 CICLO 359 - 03:23:44
2025-10-22 03:23:44,661 | INFO | 📊 Monitoreando 2 posiciones activas...
2025-10-22 03:24:09,257 | INFO | 📊 Resumen ciclo 359:
2025-10-22 03:24:09,257 | INFO |    🎯 Señales detectadas: 0
2025-10-22 03:24:09,257 | INFO |    📈 Posiciones activas: 2
2025-10-22 03:24:09,257 | INFO |    💼 Posiciones:
2025-10-22 03:24:09,257 | INFO |       ADAUSDT: SELL @ $0.64
2025-10-22 03:24:09,257 | INFO |       AVAXUSDT: SELL @ $19.36
2025-10-22 03:24:09,257 | INFO | ⏳ Esperando 30 segundos para el próximo ciclo...

2025-10-22 03:24:39,260 | INFO | 
🔍 CICLO 360 - 03:24:39
2025-10-22 03:24:39,260 | INFO | 📊 Monitoreando 2 posiciones activas...
2025-10-22 03:25:00,561 | INFO | 📊 Resumen ciclo 360:
2025-10-22 03:25:00,561 | INFO |    🎯 Señales detectadas: 0
2025-10-22 03:25:00,561 | INFO |    📈 Posiciones activas: 2
2025-10-22 03:25:00,561 | INFO |    💼 Posiciones:
2025-10-22 03:25:00,562 | INFO |       ADAUSDT: SELL @ $0.64
2025-10-22 03:25:00,562 | INFO |       AVAXUSDT: SELL @ $19.36
2025-10-22 03:25:00,562 | INFO | ⏳ Esperando 30 segundos para el próximo ciclo...

2025-10-22 03:25:30,563 | INFO | 
🔍 CICLO 361 - 03:25:30
2025-10-22 03:25:30,563 | INFO | 📊 Monitoreando 2 posiciones activas...
2025-10-22 03:25:53,461 | INFO | 📊 Resumen ciclo 361:
2025-10-22 03:25:53,461 | INFO |    🎯 Señales detectadas: 0
2025-10-22 03:25:53,461 | INFO |    📈 Posiciones activas: 2
2025-10-22 03:25:53,461 | INFO |    💼 Posiciones:
2025-10-22 03:25:53,461 | INFO |       ADAUSDT: SELL @ $0.64
2025-10-22 03:25:53,461 | INFO |       AVAXUSDT: SELL @ $19.36
2025-10-22 03:25:53,461 | INFO | ⏳ Esperando 30 segundos para el próximo ciclo...

2025-10-22 03:26:23,482 | INFO | 
🔍 CICLO 362 - 03:26:23
2025-10-22 03:26:23,482 | INFO | 📊 Monitoreando 2 posiciones activas...
2025-10-22 03:26:46,687 | INFO | 📊 Resumen ciclo 362:
2025-10-22 03:26:46,687 | INFO |    🎯 Señales detectadas: 0
2025-10-22 03:26:46,688 | INFO |    📈 Posiciones activas: 2
2025-10-22 03:26:46,688 | INFO |    💼 Posiciones:
2025-10-22 03:26:46,688 | INFO |       ADAUSDT: SELL @ $0.64
2025-10-22 03:26:46,688 | INFO |       AVAXUSDT: SELL @ $19.36
2025-10-22 03:26:46,688 | INFO | ⏳ Esperando 30 segundos para el próximo ciclo...

2025-10-22 03:27:16,689 | INFO | 
🔍 CICLO 363 - 03:27:16
2025-10-22 03:27:16,689 | INFO | 📊 Monitoreando 2 posiciones activas...
2025-10-22 03:27:37,805 | INFO | 📊 Resumen ciclo 363:
2025-10-22 03:27:37,816 | INFO |    🎯 Señales detectadas: 0
2025-10-22 03:27:37,816 | INFO |    📈 Posiciones activas: 2
2025-10-22 03:27:37,818 | INFO |    💼 Posiciones:
2025-10-22 03:27:37,818 | INFO |       ADAUSDT: SELL @ $0.64
2025-10-22 03:27:37,838 | INFO |       AVAXUSDT: SELL @ $19.36
2025-10-22 03:27:37,838 | INFO | ⏳ Esperando 30 segundos para el próximo ciclo...

2025-10-22 03:28:07,864 | INFO | 
🔍 CICLO 364 - 03:28:07
2025-10-22 03:28:07,864 | INFO | 📊 Monitoreando 2 posiciones activas...
2025-10-22 03:28:30,971 | INFO | 📊 Resumen ciclo 364:
2025-10-22 03:28:30,971 | INFO |    🎯 Señales detectadas: 0
2025-10-22 03:28:30,971 | INFO |    📈 Posiciones activas: 2
2025-10-22 03:28:30,971 | INFO |    💼 Posiciones:
2025-10-22 03:28:30,971 | INFO |       ADAUSDT: SELL @ $0.64
2025-10-22 03:28:30,974 | INFO |       AVAXUSDT: SELL @ $19.36
2025-10-22 03:28:30,974 | INFO | ⏳ Esperando 30 segundos para el próximo ciclo...

2025-10-22 03:29:00,975 | INFO | 
🔍 CICLO 365 - 03:29:00
2025-10-22 03:29:00,975 | INFO | 📊 Monitoreando 2 posiciones activas...
2025-10-22 03:29:29,511 | INFO | 📊 Resumen ciclo 365:
2025-10-22 03:29:29,511 | INFO |    🎯 Señales detectadas: 0
2025-10-22 03:29:29,511 | INFO |    📈 Posiciones activas: 2
2025-10-22 03:29:29,511 | INFO |    💼 Posiciones:
2025-10-22 03:29:29,511 | INFO |       ADAUSDT: SELL @ $0.64
2025-10-22 03:29:29,511 | INFO |       AVAXUSDT: SELL @ $19.36
2025-10-22 03:29:29,512 | INFO | ⏳ Esperando 30 segundos para el próximo ciclo...

2025-10-22 03:29:59,513 | INFO | 
🔍 CICLO 366 - 03:29:59
2025-10-22 03:29:59,514 | INFO | 📊 Monitoreando 2 posiciones activas...
2025-10-22 03:30:21,073 | INFO | 📊 Resumen ciclo 366:
2025-10-22 03:30:21,073 | INFO |    🎯 Señales detectadas: 0
2025-10-22 03:30:21,073 | INFO |    📈 Posiciones activas: 2
2025-10-22 03:30:21,073 | INFO |    💼 Posiciones:
2025-10-22 03:30:21,075 | INFO |       ADAUSDT: SELL @ $0.64
2025-10-22 03:30:21,075 | INFO |       AVAXUSDT: SELL @ $19.36
2025-10-22 03:30:21,075 | INFO | ⏳ Esperando 30 segundos para el próximo ciclo...

2025-10-22 03:30:51,076 | INFO | 
🔍 CICLO 367 - 03:30:51
2025-10-22 03:30:51,076 | INFO | 📊 Monitoreando 2 posiciones activas...
2025-10-22 03:31:13,078 | INFO | 📊 Resumen ciclo 367:
2025-10-22 03:31:13,080 | INFO |    🎯 Señales detectadas: 0
2025-10-22 03:31:13,080 | INFO |    📈 Posiciones activas: 2
2025-10-22 03:31:13,080 | INFO |    💼 Posiciones:
2025-10-22 03:31:13,080 | INFO |       ADAUSDT: SELL @ $0.64
2025-10-22 03:31:13,080 | INFO |       AVAXUSDT: SELL @ $19.36
2025-10-22 03:31:13,080 | INFO | ⏳ Esperando 30 segundos para el próximo ciclo...

2025-10-22 03:31:43,083 | INFO | 
🔍 CICLO 368 - 03:31:43
2025-10-22 03:31:43,083 | INFO | 📊 Monitoreando 2 posiciones activas...
2025-10-22 03:32:06,534 | INFO | 📊 Resumen ciclo 368:
2025-10-22 03:32:06,534 | INFO |    🎯 Señales detectadas: 0
2025-10-22 03:32:06,534 | INFO |    📈 Posiciones activas: 2
2025-10-22 03:32:06,534 | INFO |    💼 Posiciones:
2025-10-22 03:32:06,534 | INFO |       ADAUSDT: SELL @ $0.64
2025-10-22 03:32:06,534 | INFO |       AVAXUSDT: SELL @ $19.36
2025-10-22 03:32:06,536 | INFO | ⏳ Esperando 30 segundos para el próximo ciclo...

2025-10-22 03:32:36,537 | INFO | 
🔍 CICLO 369 - 03:32:36
2025-10-22 03:32:36,537 | INFO | 📊 Monitoreando 2 posiciones activas...
2025-10-22 03:32:58,025 | INFO | 📊 Resumen ciclo 369:
2025-10-22 03:32:58,027 | INFO |    🎯 Señales detectadas: 0
2025-10-22 03:32:58,027 | INFO |    📈 Posiciones activas: 2
2025-10-22 03:32:58,027 | INFO |    💼 Posiciones:
2025-10-22 03:32:58,027 | INFO |       ADAUSDT: SELL @ $0.64
2025-10-22 03:32:58,027 | INFO |       AVAXUSDT: SELL @ $19.36
2025-10-22 03:32:58,027 | INFO | ⏳ Esperando 30 segundos para el próximo ciclo...

2025-10-22 03:33:28,029 | INFO | 
🔍 CICLO 370 - 03:33:28
2025-10-22 03:33:28,030 | INFO | 📊 Monitoreando 2 posiciones activas...
2025-10-22 03:33:50,671 | INFO | 📊 Resumen ciclo 370:
2025-10-22 03:33:50,672 | INFO |    🎯 Señales detectadas: 0
2025-10-22 03:33:50,672 | INFO |    📈 Posiciones activas: 2
2025-10-22 03:33:50,672 | INFO |    💼 Posiciones:
2025-10-22 03:33:50,672 | INFO |       ADAUSDT: SELL @ $0.64
2025-10-22 03:33:50,672 | INFO |       AVAXUSDT: SELL @ $19.36
2025-10-22 03:33:50,673 | INFO | ⏳ Esperando 30 segundos para el próximo ciclo...

2025-10-22 03:34:20,674 | INFO | 
🔍 CICLO 371 - 03:34:20
2025-10-22 03:34:20,675 | INFO | 📊 Monitoreando 2 posiciones activas...
2025-10-22 03:34:44,765 | INFO | 📊 Resumen ciclo 371:
2025-10-22 03:34:44,765 | INFO |    🎯 Señales detectadas: 0
2025-10-22 03:34:44,765 | INFO |    📈 Posiciones activas: 2
2025-10-22 03:34:44,765 | INFO |    💼 Posiciones:
2025-10-22 03:34:44,767 | INFO |       ADAUSDT: SELL @ $0.64
2025-10-22 03:34:44,767 | INFO |       AVAXUSDT: SELL @ $19.36
2025-10-22 03:34:44,767 | INFO | ⏳ Esperando 30 segundos para el próximo ciclo...

2025-10-22 03:35:14,768 | INFO | 
🔍 CICLO 372 - 03:35:14
2025-10-22 03:35:14,768 | INFO | 📊 Monitoreando 2 posiciones activas...
2025-10-22 03:35:36,712 | INFO | 📊 Resumen ciclo 372:
2025-10-22 03:35:36,720 | INFO |    🎯 Señales detectadas: 0
2025-10-22 03:35:36,722 | INFO |    📈 Posiciones activas: 2
2025-10-22 03:35:36,722 | INFO |    💼 Posiciones:
2025-10-22 03:35:36,722 | INFO |       ADAUSDT: SELL @ $0.64
2025-10-22 03:35:36,722 | INFO |       AVAXUSDT: SELL @ $19.36
2025-10-22 03:35:36,725 | INFO | ⏳ Esperando 30 segundos para el próximo ciclo...

2025-10-22 03:36:06,734 | INFO | 
🔍 CICLO 373 - 03:36:06
2025-10-22 03:36:06,738 | INFO | 📊 Monitoreando 2 posiciones activas...
2025-10-22 03:36:29,318 | INFO | 📊 Resumen ciclo 373:
2025-10-22 03:36:29,318 | INFO |    🎯 Señales detectadas: 0
2025-10-22 03:36:29,318 | INFO |    📈 Posiciones activas: 2
2025-10-22 03:36:29,318 | INFO |    💼 Posiciones:
2025-10-22 03:36:29,323 | INFO |       ADAUSDT: SELL @ $0.64
2025-10-22 03:36:29,323 | INFO |       AVAXUSDT: SELL @ $19.36
2025-10-22 03:36:29,323 | INFO | ⏳ Esperando 30 segundos para el próximo ciclo...

2025-10-22 03:36:59,328 | INFO | 
🔍 CICLO 374 - 03:36:59
2025-10-22 03:36:59,330 | INFO | 📊 Monitoreando 2 posiciones activas...
2025-10-22 03:37:22,626 | INFO | 📊 Resumen ciclo 374:
2025-10-22 03:37:22,626 | INFO |    🎯 Señales detectadas: 0
2025-10-22 03:37:22,626 | INFO |    📈 Posiciones activas: 2
2025-10-22 03:37:22,626 | INFO |    💼 Posiciones:
2025-10-22 03:37:22,626 | INFO |       ADAUSDT: SELL @ $0.64
2025-10-22 03:37:22,626 | INFO |       AVAXUSDT: SELL @ $19.36
2025-10-22 03:37:22,626 | INFO | ⏳ Esperando 30 segundos para el próximo ciclo...

2025-10-22 03:37:52,636 | INFO | 
🔍 CICLO 375 - 03:37:52
2025-10-22 03:37:52,636 | INFO | 📊 Monitoreando 2 posiciones activas...
2025-10-22 03:38:14,482 | INFO | 📊 Resumen ciclo 375:
2025-10-22 03:38:14,482 | INFO |    🎯 Señales detectadas: 0
2025-10-22 03:38:14,482 | INFO |    📈 Posiciones activas: 2
2025-10-22 03:38:14,482 | INFO |    💼 Posiciones:
2025-10-22 03:38:14,482 | INFO |       ADAUSDT: SELL @ $0.64
2025-10-22 03:38:14,482 | INFO |       AVAXUSDT: SELL @ $19.36
2025-10-22 03:38:14,482 | INFO | ⏳ Esperando 30 segundos para el próximo ciclo...

2025-10-22 03:38:44,486 | INFO | 
🔍 CICLO 376 - 03:38:44
2025-10-22 03:38:44,486 | INFO | 📊 Monitoreando 2 posiciones activas...
2025-10-22 03:39:08,063 | INFO | 📊 Resumen ciclo 376:
2025-10-22 03:39:08,077 | INFO |    🎯 Señales detectadas: 0
2025-10-22 03:39:08,077 | INFO |    📈 Posiciones activas: 2
2025-10-22 03:39:08,077 | INFO |    💼 Posiciones:
2025-10-22 03:39:08,077 | INFO |       ADAUSDT: SELL @ $0.64
2025-10-22 03:39:08,077 | INFO |       AVAXUSDT: SELL @ $19.36
2025-10-22 03:39:08,077 | INFO | ⏳ Esperando 30 segundos para el próximo ciclo...

2025-10-22 03:39:38,080 | INFO | 
🔍 CICLO 377 - 03:39:38
2025-10-22 03:39:38,080 | INFO | 📊 Monitoreando 2 posiciones activas...
2025-10-22 03:40:00,028 | INFO | 📊 Resumen ciclo 377:
2025-10-22 03:40:00,030 | INFO |    🎯 Señales detectadas: 0
2025-10-22 03:40:00,030 | INFO |    📈 Posiciones activas: 2
2025-10-22 03:40:00,030 | INFO |    💼 Posiciones:
2025-10-22 03:40:00,030 | INFO |       ADAUSDT: SELL @ $0.64
2025-10-22 03:40:00,030 | INFO |       AVAXUSDT: SELL @ $19.36
2025-10-22 03:40:00,030 | INFO | ⏳ Esperando 30 segundos para el próximo ciclo...

2025-10-22 03:40:30,032 | INFO | 
🔍 CICLO 378 - 03:40:30
2025-10-22 03:40:30,032 | INFO | 📊 Monitoreando 2 posiciones activas...
2025-10-22 03:40:52,544 | INFO | 📊 Resumen ciclo 378:
2025-10-22 03:40:52,544 | INFO |    🎯 Señales detectadas: 0
2025-10-22 03:40:52,544 | INFO |    📈 Posiciones activas: 2
2025-10-22 03:40:52,544 | INFO |    💼 Posiciones:
2025-10-22 03:40:52,544 | INFO |       ADAUSDT: SELL @ $0.64
2025-10-22 03:40:52,544 | INFO |       AVAXUSDT: SELL @ $19.36
2025-10-22 03:40:52,544 | INFO | ⏳ Esperando 30 segundos para el próximo ciclo...

2025-10-22 03:41:22,552 | INFO | 
🔍 CICLO 379 - 03:41:22
2025-10-22 03:41:22,553 | INFO | 📊 Monitoreando 2 posiciones activas...
2025-10-22 03:41:45,934 | INFO | 📊 Resumen ciclo 379:
2025-10-22 03:41:45,934 | INFO |    🎯 Señales detectadas: 0
2025-10-22 03:41:45,935 | INFO |    📈 Posiciones activas: 2
2025-10-22 03:41:45,935 | INFO |    💼 Posiciones:
2025-10-22 03:41:45,935 | INFO |       ADAUSDT: SELL @ $0.64
2025-10-22 03:41:45,935 | INFO |       AVAXUSDT: SELL @ $19.36
2025-10-22 03:41:45,935 | INFO | ⏳ Esperando 30 segundos para el próximo ciclo...

2025-10-22 03:42:15,937 | INFO | 
🔍 CICLO 380 - 03:42:15
2025-10-22 03:42:15,937 | INFO | 📊 Monitoreando 2 posiciones activas...
2025-10-22 03:42:37,983 | INFO | 📊 Resumen ciclo 380:
2025-10-22 03:42:37,983 | INFO |    🎯 Señales detectadas: 0
2025-10-22 03:42:37,983 | INFO |    📈 Posiciones activas: 2
2025-10-22 03:42:37,983 | INFO |    💼 Posiciones:
2025-10-22 03:42:37,983 | INFO |       ADAUSDT: SELL @ $0.64
2025-10-22 03:42:37,983 | INFO |       AVAXUSDT: SELL @ $19.36
2025-10-22 03:42:37,983 | INFO | ⏳ Esperando 30 segundos para el próximo ciclo...

2025-10-22 03:43:07,986 | INFO | 
🔍 CICLO 381 - 03:43:07
2025-10-22 03:43:07,986 | INFO | 📊 Monitoreando 2 posiciones activas...
2025-10-22 03:43:30,592 | INFO | 📊 Resumen ciclo 381:
2025-10-22 03:43:30,592 | INFO |    🎯 Señales detectadas: 0
2025-10-22 03:43:30,595 | INFO |    📈 Posiciones activas: 2
2025-10-22 03:43:30,595 | INFO |    💼 Posiciones:
2025-10-22 03:43:30,595 | INFO |       ADAUSDT: SELL @ $0.64
2025-10-22 03:43:30,595 | INFO |       AVAXUSDT: SELL @ $19.36
2025-10-22 03:43:30,597 | INFO | ⏳ Esperando 30 segundos para el próximo ciclo...

2025-10-22 03:44:00,607 | INFO | 
🔍 CICLO 382 - 03:44:00
2025-10-22 03:44:00,609 | INFO | 📊 Monitoreando 2 posiciones activas...
2025-10-22 03:44:23,835 | INFO | 📊 Resumen ciclo 382:
2025-10-22 03:44:23,835 | INFO |    🎯 Señales detectadas: 0
2025-10-22 03:44:23,835 | INFO |    📈 Posiciones activas: 2
2025-10-22 03:44:23,835 | INFO |    💼 Posiciones:
2025-10-22 03:44:23,839 | INFO |       ADAUSDT: SELL @ $0.64
2025-10-22 03:44:23,840 | INFO |       AVAXUSDT: SELL @ $19.36
2025-10-22 03:44:23,840 | INFO | ⏳ Esperando 30 segundos para el próximo ciclo...

2025-10-22 03:44:53,840 | INFO | 
🔍 CICLO 383 - 03:44:53
2025-10-22 03:44:53,841 | INFO | 📊 Monitoreando 2 posiciones activas...
2025-10-22 03:45:15,619 | INFO | 📊 Resumen ciclo 383:
2025-10-22 03:45:15,621 | INFO |    🎯 Señales detectadas: 0
2025-10-22 03:45:15,623 | INFO |    📈 Posiciones activas: 2
2025-10-22 03:45:15,624 | INFO |    💼 Posiciones:
2025-10-22 03:45:15,626 | INFO |       ADAUSDT: SELL @ $0.64
2025-10-22 03:45:15,629 | INFO |       AVAXUSDT: SELL @ $19.36
2025-10-22 03:45:15,632 | INFO | ⏳ Esperando 30 segundos para el próximo ciclo...

2025-10-22 03:45:45,640 | INFO | 
🔍 CICLO 384 - 03:45:45
2025-10-22 03:45:45,640 | INFO | 📊 Monitoreando 2 posiciones activas...
2025-10-22 03:46:07,893 | INFO | 📊 Resumen ciclo 384:
2025-10-22 03:46:07,893 | INFO |    🎯 Señales detectadas: 0
2025-10-22 03:46:07,895 | INFO |    📈 Posiciones activas: 2
2025-10-22 03:46:07,895 | INFO |    💼 Posiciones:
2025-10-22 03:46:07,895 | INFO |       ADAUSDT: SELL @ $0.64
2025-10-22 03:46:07,895 | INFO |       AVAXUSDT: SELL @ $19.36
2025-10-22 03:46:07,895 | INFO | ⏳ Esperando 30 segundos para el próximo ciclo...

2025-10-22 03:46:37,897 | INFO | 
🔍 CICLO 385 - 03:46:37
2025-10-22 03:46:37,897 | INFO | 📊 Monitoreando 2 posiciones activas...
2025-10-22 03:47:02,067 | INFO | 📊 Resumen ciclo 385:
2025-10-22 03:47:02,067 | INFO |    🎯 Señales detectadas: 0
2025-10-22 03:47:02,067 | INFO |    📈 Posiciones activas: 2
2025-10-22 03:47:02,067 | INFO |    💼 Posiciones:
2025-10-22 03:47:02,067 | INFO |       ADAUSDT: SELL @ $0.64
2025-10-22 03:47:02,067 | INFO |       AVAXUSDT: SELL @ $19.36
2025-10-22 03:47:02,067 | INFO | ⏳ Esperando 30 segundos para el próximo ciclo...

2025-10-22 03:47:32,071 | INFO | 
🔍 CICLO 386 - 03:47:32
2025-10-22 03:47:32,071 | INFO | 📊 Monitoreando 2 posiciones activas...
2025-10-22 03:47:53,651 | INFO | 📊 Resumen ciclo 386:
2025-10-22 03:47:53,653 | INFO |    🎯 Señales detectadas: 0
2025-10-22 03:47:53,653 | INFO |    📈 Posiciones activas: 2
2025-10-22 03:47:53,653 | INFO |    💼 Posiciones:
2025-10-22 03:47:53,653 | INFO |       ADAUSDT: SELL @ $0.64
2025-10-22 03:47:53,653 | INFO |       AVAXUSDT: SELL @ $19.36
2025-10-22 03:47:53,653 | INFO | ⏳ Esperando 30 segundos para el próximo ciclo...

2025-10-22 03:48:23,655 | INFO | 
🔍 CICLO 387 - 03:48:23
2025-10-22 03:48:23,655 | INFO | 📊 Monitoreando 2 posiciones activas...
2025-10-22 03:48:46,027 | INFO | 📊 Resumen ciclo 387:
2025-10-22 03:48:46,027 | INFO |    🎯 Señales detectadas: 0
2025-10-22 03:48:46,027 | INFO |    📈 Posiciones activas: 2
2025-10-22 03:48:46,027 | INFO |    💼 Posiciones:
2025-10-22 03:48:46,027 | INFO |       ADAUSDT: SELL @ $0.64
2025-10-22 03:48:46,027 | INFO |       AVAXUSDT: SELL @ $19.36
2025-10-22 03:48:46,027 | INFO | ⏳ Esperando 30 segundos para el próximo ciclo...

2025-10-22 03:49:16,028 | INFO | 
🔍 CICLO 388 - 03:49:16
2025-10-22 03:49:16,028 | INFO | 📊 Monitoreando 2 posiciones activas...
2025-10-22 03:49:41,140 | INFO | 📊 Resumen ciclo 388:
2025-10-22 03:49:41,140 | INFO |    🎯 Señales detectadas: 0
2025-10-22 03:49:41,140 | INFO |    📈 Posiciones activas: 2
2025-10-22 03:49:41,148 | INFO |    💼 Posiciones:
2025-10-22 03:49:41,148 | INFO |       ADAUSDT: SELL @ $0.64
2025-10-22 03:49:41,148 | INFO |       AVAXUSDT: SELL @ $19.36
2025-10-22 03:49:41,148 | INFO | ⏳ Esperando 30 segundos para el próximo ciclo...

2025-10-22 03:50:11,150 | INFO | 
🔍 CICLO 389 - 03:50:11
2025-10-22 03:50:11,150 | INFO | 📊 Monitoreando 2 posiciones activas...
2025-10-22 03:50:32,933 | INFO | 📊 Resumen ciclo 389:
2025-10-22 03:50:32,935 | INFO |    🎯 Señales detectadas: 0
2025-10-22 03:50:32,935 | INFO |    📈 Posiciones activas: 2
2025-10-22 03:50:32,935 | INFO |    💼 Posiciones:
2025-10-22 03:50:32,937 | INFO |       ADAUSDT: SELL @ $0.64
2025-10-22 03:50:32,937 | INFO |       AVAXUSDT: SELL @ $19.36
2025-10-22 03:50:32,937 | INFO | ⏳ Esperando 30 segundos para el próximo ciclo...

2025-10-22 03:51:02,942 | INFO | 
🔍 CICLO 390 - 03:51:02
2025-10-22 03:51:02,948 | INFO | 📊 Monitoreando 2 posiciones activas...
2025-10-22 03:51:25,292 | INFO | 📊 Resumen ciclo 390:
2025-10-22 03:51:25,292 | INFO |    🎯 Señales detectadas: 0
2025-10-22 03:51:25,292 | INFO |    📈 Posiciones activas: 2
2025-10-22 03:51:25,292 | INFO |    💼 Posiciones:
2025-10-22 03:51:25,295 | INFO |       ADAUSDT: SELL @ $0.64
2025-10-22 03:51:25,295 | INFO |       AVAXUSDT: SELL @ $19.36
2025-10-22 03:51:25,295 | INFO | ⏳ Esperando 30 segundos para el próximo ciclo...

2025-10-22 03:51:55,296 | INFO | 
🔍 CICLO 391 - 03:51:55
2025-10-22 03:51:55,296 | INFO | 📊 Monitoreando 2 posiciones activas...
2025-10-22 03:52:19,460 | INFO | 📊 Resumen ciclo 391:
2025-10-22 03:52:19,470 | INFO |    🎯 Señales detectadas: 0
2025-10-22 03:52:19,476 | INFO |    📈 Posiciones activas: 2
2025-10-22 03:52:19,478 | INFO |    💼 Posiciones:
2025-10-22 03:52:19,478 | INFO |       ADAUSDT: SELL @ $0.64
2025-10-22 03:52:19,481 | INFO |       AVAXUSDT: SELL @ $19.36
2025-10-22 03:52:19,482 | INFO | ⏳ Esperando 30 segundos para el próximo ciclo...

2025-10-22 03:52:49,494 | INFO | 
🔍 CICLO 392 - 03:52:49
2025-10-22 03:52:49,494 | INFO | 📊 Monitoreando 2 posiciones activas...
2025-10-22 03:53:10,575 | INFO | 📊 Resumen ciclo 392:
2025-10-22 03:53:10,575 | INFO |    🎯 Señales detectadas: 0
2025-10-22 03:53:10,577 | INFO |    📈 Posiciones activas: 2
2025-10-22 03:53:10,577 | INFO |    💼 Posiciones:
2025-10-22 03:53:10,578 | INFO |       ADAUSDT: SELL @ $0.64
2025-10-22 03:53:10,584 | INFO |       AVAXUSDT: SELL @ $19.36
2025-10-22 03:53:10,586 | INFO | ⏳ Esperando 30 segundos para el próximo ciclo...

2025-10-22 03:53:40,596 | INFO | 
🔍 CICLO 393 - 03:53:40
2025-10-22 03:53:40,598 | INFO | 📊 Monitoreando 2 posiciones activas...
2025-10-22 03:54:02,718 | INFO | 📊 Resumen ciclo 393:
2025-10-22 03:54:02,718 | INFO |    🎯 Señales detectadas: 0
2025-10-22 03:54:02,720 | INFO |    📈 Posiciones activas: 2
2025-10-22 03:54:02,720 | INFO |    💼 Posiciones:
2025-10-22 03:54:02,720 | INFO |       ADAUSDT: SELL @ $0.64
2025-10-22 03:54:02,722 | INFO |       AVAXUSDT: SELL @ $19.36
2025-10-22 03:54:02,722 | INFO | ⏳ Esperando 30 segundos para el próximo ciclo...

2025-10-22 03:54:32,746 | INFO | 
🔍 CICLO 394 - 03:54:32
2025-10-22 03:54:32,746 | INFO | 📊 Monitoreando 2 posiciones activas...
2025-10-22 03:54:56,305 | INFO | 📊 Resumen ciclo 394:
2025-10-22 03:54:56,307 | INFO |    🎯 Señales detectadas: 0
2025-10-22 03:54:56,311 | INFO |    📈 Posiciones activas: 2
2025-10-22 03:54:56,313 | INFO |    💼 Posiciones:
2025-10-22 03:54:56,313 | INFO |       ADAUSDT: SELL @ $0.64
2025-10-22 03:54:56,313 | INFO |       AVAXUSDT: SELL @ $19.36
2025-10-22 03:54:56,318 | INFO | ⏳ Esperando 30 segundos para el próximo ciclo...

2025-10-22 03:55:26,320 | INFO | 
🔍 CICLO 395 - 03:55:26
2025-10-22 03:55:26,321 | INFO | 📊 Monitoreando 2 posiciones activas...
2025-10-22 03:55:49,021 | INFO | 📊 Resumen ciclo 395:
2025-10-22 03:55:49,021 | INFO |    🎯 Señales detectadas: 0
2025-10-22 03:55:49,026 | INFO |    📈 Posiciones activas: 2
2025-10-22 03:55:49,026 | INFO |    💼 Posiciones:
2025-10-22 03:55:49,026 | INFO |       ADAUSDT: SELL @ $0.64
2025-10-22 03:55:49,033 | INFO |       AVAXUSDT: SELL @ $19.36
2025-10-22 03:55:49,033 | INFO | ⏳ Esperando 30 segundos para el próximo ciclo...

2025-10-22 03:56:19,037 | INFO | 
🔍 CICLO 396 - 03:56:19
2025-10-22 03:56:19,037 | INFO | 📊 Monitoreando 2 posiciones activas...
2025-10-22 03:56:41,512 | INFO | 📊 Resumen ciclo 396:
2025-10-22 03:56:41,516 | INFO |    🎯 Señales detectadas: 0
2025-10-22 03:56:41,516 | INFO |    📈 Posiciones activas: 2
2025-10-22 03:56:41,517 | INFO |    💼 Posiciones:
2025-10-22 03:56:41,517 | INFO |       ADAUSDT: SELL @ $0.64
2025-10-22 03:56:41,520 | INFO |       AVAXUSDT: SELL @ $19.36
2025-10-22 03:56:41,520 | INFO | ⏳ Esperando 30 segundos para el próximo ciclo...

2025-10-22 03:57:11,523 | INFO | 
🔍 CICLO 397 - 03:57:11
2025-10-22 03:57:11,523 | INFO | 📊 Monitoreando 2 posiciones activas...
2025-10-22 03:57:34,607 | INFO | 📊 Resumen ciclo 397:
2025-10-22 03:57:34,607 | INFO |    🎯 Señales detectadas: 0
2025-10-22 03:57:34,607 | INFO |    📈 Posiciones activas: 2
2025-10-22 03:57:34,607 | INFO |    💼 Posiciones:
2025-10-22 03:57:34,607 | INFO |       ADAUSDT: SELL @ $0.64
2025-10-22 03:57:34,607 | INFO |       AVAXUSDT: SELL @ $19.36
2025-10-22 03:57:34,607 | INFO | ⏳ Esperando 30 segundos para el próximo ciclo...

2025-10-22 03:58:04,610 | INFO | 
🔍 CICLO 398 - 03:58:04
2025-10-22 03:58:04,611 | INFO | 📊 Monitoreando 2 posiciones activas...
2025-10-22 03:58:27,624 | INFO | 📊 Resumen ciclo 398:
2025-10-22 03:58:27,624 | INFO |    🎯 Señales detectadas: 0
2025-10-22 03:58:27,624 | INFO |    📈 Posiciones activas: 2
2025-10-22 03:58:27,624 | INFO |    💼 Posiciones:
2025-10-22 03:58:27,627 | INFO |       ADAUSDT: SELL @ $0.64
2025-10-22 03:58:27,627 | INFO |       AVAXUSDT: SELL @ $19.36
2025-10-22 03:58:27,627 | INFO | ⏳ Esperando 30 segundos para el próximo ciclo...

2025-10-22 03:58:57,628 | INFO | 
🔍 CICLO 399 - 03:58:57
2025-10-22 03:58:57,628 | INFO | 📊 Monitoreando 2 posiciones activas...
2025-10-22 03:59:20,046 | INFO | 📊 Resumen ciclo 399:
2025-10-22 03:59:20,047 | INFO |    🎯 Señales detectadas: 0
2025-10-22 03:59:20,047 | INFO |    📈 Posiciones activas: 2
2025-10-22 03:59:20,047 | INFO |    💼 Posiciones:
2025-10-22 03:59:20,047 | INFO |       ADAUSDT: SELL @ $0.64
2025-10-22 03:59:20,047 | INFO |       AVAXUSDT: SELL @ $19.36
2025-10-22 03:59:20,049 | INFO | ⏳ Esperando 30 segundos para el próximo ciclo...

2025-10-22 03:59:50,049 | INFO | 
🔍 CICLO 400 - 03:59:50
2025-10-22 03:59:50,055 | INFO | 📊 Monitoreando 2 posiciones activas...
2025-10-22 04:00:13,720 | INFO | 📊 Resumen ciclo 400:
2025-10-22 04:00:13,720 | INFO |    🎯 Señales detectadas: 0
2025-10-22 04:00:13,720 | INFO |    📈 Posiciones activas: 2
2025-10-22 04:00:13,720 | INFO |    💼 Posiciones:
2025-10-22 04:00:13,720 | INFO |       ADAUSDT: SELL @ $0.64
2025-10-22 04:00:13,720 | INFO |       AVAXUSDT: SELL @ $19.36
2025-10-22 04:00:13,720 | INFO | ⏳ Esperando 30 segundos para el próximo ciclo...

2025-10-22 04:00:43,729 | INFO | 
🔍 CICLO 401 - 04:00:43
2025-10-22 04:00:43,729 | INFO | 📊 Monitoreando 2 posiciones activas...
2025-10-22 04:01:05,483 | INFO | 📊 Resumen ciclo 401:
2025-10-22 04:01:05,483 | INFO |    🎯 Señales detectadas: 0
2025-10-22 04:01:05,483 | INFO |    📈 Posiciones activas: 2
2025-10-22 04:01:05,484 | INFO |    💼 Posiciones:
2025-10-22 04:01:05,485 | INFO |       ADAUSDT: SELL @ $0.64
2025-10-22 04:01:05,485 | INFO |       AVAXUSDT: SELL @ $19.36
2025-10-22 04:01:05,485 | INFO | ⏳ Esperando 30 segundos para el próximo ciclo...

2025-10-22 04:01:35,486 | INFO | 
🔍 CICLO 402 - 04:01:35
2025-10-22 04:01:35,486 | INFO | 📊 Monitoreando 2 posiciones activas...
2025-10-22 04:01:57,369 | INFO | 📊 Resumen ciclo 402:
2025-10-22 04:01:57,369 | INFO |    🎯 Señales detectadas: 0
2025-10-22 04:01:57,369 | INFO |    📈 Posiciones activas: 2
2025-10-22 04:01:57,369 | INFO |    💼 Posiciones:
2025-10-22 04:01:57,369 | INFO |       ADAUSDT: SELL @ $0.64
2025-10-22 04:01:57,369 | INFO |       AVAXUSDT: SELL @ $19.36
2025-10-22 04:01:57,369 | INFO | ⏳ Esperando 30 segundos para el próximo ciclo...

2025-10-22 04:02:27,374 | INFO | 
🔍 CICLO 403 - 04:02:27
2025-10-22 04:02:27,374 | INFO | 📊 Monitoreando 2 posiciones activas...
2025-10-22 04:02:50,222 | INFO | 📊 Resumen ciclo 403:
2025-10-22 04:02:50,222 | INFO |    🎯 Señales detectadas: 0
2025-10-22 04:02:50,222 | INFO |    📈 Posiciones activas: 2
2025-10-22 04:02:50,222 | INFO |    💼 Posiciones:
2025-10-22 04:02:50,222 | INFO |       ADAUSDT: SELL @ $0.64
2025-10-22 04:02:50,222 | INFO |       AVAXUSDT: SELL @ $19.36
2025-10-22 04:02:50,222 | INFO | ⏳ Esperando 30 segundos para el próximo ciclo...

2025-10-22 04:03:20,225 | INFO | 
🔍 CICLO 404 - 04:03:20
2025-10-22 04:03:20,225 | INFO | 📊 Monitoreando 2 posiciones activas...
2025-10-22 04:03:41,900 | INFO | 📊 Resumen ciclo 404:
2025-10-22 04:03:41,901 | INFO |    🎯 Señales detectadas: 0
2025-10-22 04:03:41,901 | INFO |    📈 Posiciones activas: 2
2025-10-22 04:03:41,901 | INFO |    💼 Posiciones:
2025-10-22 04:03:41,901 | INFO |       ADAUSDT: SELL @ $0.64
2025-10-22 04:03:41,903 | INFO |       AVAXUSDT: SELL @ $19.36
2025-10-22 04:03:41,903 | INFO | ⏳ Esperando 30 segundos para el próximo ciclo...

2025-10-22 04:04:11,905 | INFO | 
🔍 CICLO 405 - 04:04:11
2025-10-22 04:04:11,905 | INFO | 📊 Monitoreando 2 posiciones activas...
2025-10-22 04:04:34,742 | INFO | 📊 Resumen ciclo 405:
2025-10-22 04:04:34,745 | INFO |    🎯 Señales detectadas: 0
2025-10-22 04:04:34,745 | INFO |    📈 Posiciones activas: 2
2025-10-22 04:04:34,745 | INFO |    💼 Posiciones:
2025-10-22 04:04:34,745 | INFO |       ADAUSDT: SELL @ $0.64
2025-10-22 04:04:34,745 | INFO |       AVAXUSDT: SELL @ $19.36
2025-10-22 04:04:34,747 | INFO | ⏳ Esperando 30 segundos para el próximo ciclo...

2025-10-22 04:05:04,748 | INFO | 
🔍 CICLO 406 - 04:05:04
2025-10-22 04:05:04,748 | INFO | 📊 Monitoreando 2 posiciones activas...
2025-10-22 04:05:26,756 | INFO | 📊 Resumen ciclo 406:
2025-10-22 04:05:26,756 | INFO |    🎯 Señales detectadas: 0
2025-10-22 04:05:26,756 | INFO |    📈 Posiciones activas: 2
2025-10-22 04:05:26,756 | INFO |    💼 Posiciones:
2025-10-22 04:05:26,756 | INFO |       ADAUSDT: SELL @ $0.64
2025-10-22 04:05:26,756 | INFO |       AVAXUSDT: SELL @ $19.36
2025-10-22 04:05:26,758 | INFO | ⏳ Esperando 30 segundos para el próximo ciclo...

2025-10-22 04:05:56,759 | INFO | 
🔍 CICLO 407 - 04:05:56
2025-10-22 04:05:56,759 | INFO | 📊 Monitoreando 2 posiciones activas...
2025-10-22 04:06:18,840 | INFO | 📊 Resumen ciclo 407:
2025-10-22 04:06:18,840 | INFO |    🎯 Señales detectadas: 0
2025-10-22 04:06:18,840 | INFO |    📈 Posiciones activas: 2
2025-10-22 04:06:18,840 | INFO |    💼 Posiciones:
2025-10-22 04:06:18,840 | INFO |       ADAUSDT: SELL @ $0.64
2025-10-22 04:06:18,840 | INFO |       AVAXUSDT: SELL @ $19.36
2025-10-22 04:06:18,840 | INFO | ⏳ Esperando 30 segundos para el próximo ciclo...

2025-10-22 04:06:48,845 | INFO | 
🔍 CICLO 408 - 04:06:48
2025-10-22 04:06:48,845 | INFO | 📊 Monitoreando 2 posiciones activas...
2025-10-22 04:07:11,626 | INFO | 📊 Resumen ciclo 408:
2025-10-22 04:07:11,626 | INFO |    🎯 Señales detectadas: 0
2025-10-22 04:07:11,628 | INFO |    📈 Posiciones activas: 2
2025-10-22 04:07:11,628 | INFO |    💼 Posiciones:
2025-10-22 04:07:11,628 | INFO |       ADAUSDT: SELL @ $0.64
2025-10-22 04:07:11,628 | INFO |       AVAXUSDT: SELL @ $19.36
2025-10-22 04:07:11,628 | INFO | ⏳ Esperando 30 segundos para el próximo ciclo...

2025-10-22 04:07:41,630 | INFO | 
🔍 CICLO 409 - 04:07:41
2025-10-22 04:07:41,630 | INFO | 📊 Monitoreando 2 posiciones activas...
2025-10-22 04:08:04,645 | INFO | 📊 Resumen ciclo 409:
2025-10-22 04:08:04,647 | INFO |    🎯 Señales detectadas: 0
2025-10-22 04:08:04,647 | INFO |    📈 Posiciones activas: 2
2025-10-22 04:08:04,647 | INFO |    💼 Posiciones:
2025-10-22 04:08:04,647 | INFO |       ADAUSDT: SELL @ $0.64
2025-10-22 04:08:04,650 | INFO |       AVAXUSDT: SELL @ $19.36
2025-10-22 04:08:04,650 | INFO | ⏳ Esperando 30 segundos para el próximo ciclo...

2025-10-22 04:08:34,651 | INFO | 
🔍 CICLO 410 - 04:08:34
2025-10-22 04:08:34,659 | INFO | 📊 Monitoreando 2 posiciones activas...
2025-10-22 04:08:56,568 | INFO | 📊 Resumen ciclo 410:
2025-10-22 04:08:56,568 | INFO |    🎯 Señales detectadas: 0
2025-10-22 04:08:56,570 | INFO |    📈 Posiciones activas: 2
2025-10-22 04:08:56,570 | INFO |    💼 Posiciones:
2025-10-22 04:08:56,570 | INFO |       ADAUSDT: SELL @ $0.64
2025-10-22 04:08:56,570 | INFO |       AVAXUSDT: SELL @ $19.36
2025-10-22 04:08:56,570 | INFO | ⏳ Esperando 30 segundos para el próximo ciclo...

2025-10-22 04:09:26,572 | INFO | 
🔍 CICLO 411 - 04:09:26
2025-10-22 04:09:26,572 | INFO | 📊 Monitoreando 2 posiciones activas...
2025-10-22 04:09:48,403 | INFO | 📊 Resumen ciclo 411:
2025-10-22 04:09:48,403 | INFO |    🎯 Señales detectadas: 0
2025-10-22 04:09:48,403 | INFO |    📈 Posiciones activas: 2
2025-10-22 04:09:48,403 | INFO |    💼 Posiciones:
2025-10-22 04:09:48,403 | INFO |       ADAUSDT: SELL @ $0.64
2025-10-22 04:09:48,403 | INFO |       AVAXUSDT: SELL @ $19.36
2025-10-22 04:09:48,403 | INFO | ⏳ Esperando 30 segundos para el próximo ciclo...

2025-10-22 04:10:18,406 | INFO | 
🔍 CICLO 412 - 04:10:18
2025-10-22 04:10:18,406 | INFO | 📊 Monitoreando 2 posiciones activas...
2025-10-22 04:10:40,895 | INFO | 📊 Resumen ciclo 412:
2025-10-22 04:10:40,895 | INFO |    🎯 Señales detectadas: 0
2025-10-22 04:10:40,895 | INFO |    📈 Posiciones activas: 2
2025-10-22 04:10:40,895 | INFO |    💼 Posiciones:
2025-10-22 04:10:40,895 | INFO |       ADAUSDT: SELL @ $0.64
2025-10-22 04:10:40,895 | INFO |       AVAXUSDT: SELL @ $19.36
2025-10-22 04:10:40,903 | INFO | ⏳ Esperando 30 segundos para el próximo ciclo...

2025-10-22 04:11:10,904 | INFO | 
🔍 CICLO 413 - 04:11:10
2025-10-22 04:11:10,904 | INFO | 📊 Monitoreando 2 posiciones activas...
2025-10-22 04:11:31,766 | INFO | 📊 Resumen ciclo 413:
2025-10-22 04:11:31,775 | INFO |    🎯 Señales detectadas: 0
2025-10-22 04:11:31,775 | INFO |    📈 Posiciones activas: 2
2025-10-22 04:11:31,775 | INFO |    💼 Posiciones:
2025-10-22 04:11:31,775 | INFO |       ADAUSDT: SELL @ $0.64
2025-10-22 04:11:31,775 | INFO |       AVAXUSDT: SELL @ $19.36
2025-10-22 04:11:31,777 | INFO | ⏳ Esperando 30 segundos para el próximo ciclo...

2025-10-22 04:12:01,778 | INFO | 
🔍 CICLO 414 - 04:12:01
2025-10-22 04:12:01,778 | INFO | 📊 Monitoreando 2 posiciones activas...
2025-10-22 04:12:24,771 | INFO | 📊 Resumen ciclo 414:
2025-10-22 04:12:24,773 | INFO |    🎯 Señales detectadas: 0
2025-10-22 04:12:24,774 | INFO |    📈 Posiciones activas: 2
2025-10-22 04:12:24,779 | INFO |    💼 Posiciones:
2025-10-22 04:12:24,781 | INFO |       ADAUSDT: SELL @ $0.64
2025-10-22 04:12:24,781 | INFO |       AVAXUSDT: SELL @ $19.36
2025-10-22 04:12:24,782 | INFO | ⏳ Esperando 30 segundos para el próximo ciclo...

2025-10-22 04:12:54,784 | INFO | 
🔍 CICLO 415 - 04:12:54
2025-10-22 04:12:54,785 | INFO | 📊 Monitoreando 2 posiciones activas...
2025-10-22 04:13:17,197 | INFO | 📊 Resumen ciclo 415:
2025-10-22 04:13:17,197 | INFO |    🎯 Señales detectadas: 0
2025-10-22 04:13:17,197 | INFO |    📈 Posiciones activas: 2
2025-10-22 04:13:17,197 | INFO |    💼 Posiciones:
2025-10-22 04:13:17,197 | INFO |       ADAUSDT: SELL @ $0.64
2025-10-22 04:13:17,197 | INFO |       AVAXUSDT: SELL @ $19.36
2025-10-22 04:13:17,197 | INFO | ⏳ Esperando 30 segundos para el próximo ciclo...

2025-10-22 04:13:47,199 | INFO | 
🔍 CICLO 416 - 04:13:47
2025-10-22 04:13:47,199 | INFO | 📊 Monitoreando 2 posiciones activas...
2025-10-22 04:14:08,807 | INFO | 📊 Resumen ciclo 416:
2025-10-22 04:14:08,819 | INFO |    🎯 Señales detectadas: 0
2025-10-22 04:14:08,819 | INFO |    📈 Posiciones activas: 2
2025-10-22 04:14:08,819 | INFO |    💼 Posiciones:
2025-10-22 04:14:08,819 | INFO |       ADAUSDT: SELL @ $0.64
2025-10-22 04:14:08,819 | INFO |       AVAXUSDT: SELL @ $19.36
2025-10-22 04:14:08,819 | INFO | ⏳ Esperando 30 segundos para el próximo ciclo...

2025-10-22 04:14:38,821 | INFO | 
🔍 CICLO 417 - 04:14:38
2025-10-22 04:14:38,821 | INFO | 📊 Monitoreando 2 posiciones activas...
2025-10-22 04:15:01,603 | INFO | 📊 Resumen ciclo 417:
2025-10-22 04:15:01,605 | INFO |    🎯 Señales detectadas: 0
2025-10-22 04:15:01,613 | INFO |    📈 Posiciones activas: 2
2025-10-22 04:15:01,613 | INFO |    💼 Posiciones:
2025-10-22 04:15:01,615 | INFO |       ADAUSDT: SELL @ $0.64
2025-10-22 04:15:01,617 | INFO |       AVAXUSDT: SELL @ $19.36
2025-10-22 04:15:01,617 | INFO | ⏳ Esperando 30 segundos para el próximo ciclo...

2025-10-22 04:15:31,623 | INFO | 
🔍 CICLO 418 - 04:15:31
2025-10-22 04:15:31,623 | INFO | 📊 Monitoreando 2 posiciones activas...
2025-10-22 04:15:54,448 | INFO | 📊 Resumen ciclo 418:
2025-10-22 04:15:54,448 | INFO |    🎯 Señales detectadas: 0
2025-10-22 04:15:54,448 | INFO |    📈 Posiciones activas: 2
2025-10-22 04:15:54,448 | INFO |    💼 Posiciones:
2025-10-22 04:15:54,448 | INFO |       ADAUSDT: SELL @ $0.64
2025-10-22 04:15:54,451 | INFO |       AVAXUSDT: SELL @ $19.36
2025-10-22 04:15:54,451 | INFO | ⏳ Esperando 30 segundos para el próximo ciclo...

2025-10-22 04:16:24,455 | INFO | 
🔍 CICLO 419 - 04:16:24
2025-10-22 04:16:24,457 | INFO | 📊 Monitoreando 2 posiciones activas...
2025-10-22 04:16:45,910 | INFO | 📊 Resumen ciclo 419:
2025-10-22 04:16:45,910 | INFO |    🎯 Señales detectadas: 0
2025-10-22 04:16:45,910 | INFO |    📈 Posiciones activas: 2
2025-10-22 04:16:45,910 | INFO |    💼 Posiciones:
2025-10-22 04:16:45,910 | INFO |       ADAUSDT: SELL @ $0.64
2025-10-22 04:16:45,910 | INFO |       AVAXUSDT: SELL @ $19.36
2025-10-22 04:16:45,910 | INFO | ⏳ Esperando 30 segundos para el próximo ciclo...

2025-10-22 04:17:15,918 | INFO | 
🔍 CICLO 420 - 04:17:15
2025-10-22 04:17:15,921 | INFO | 📊 Monitoreando 2 posiciones activas...
2025-10-22 04:17:38,211 | INFO | 📊 Resumen ciclo 420:
2025-10-22 04:17:38,211 | INFO |    🎯 Señales detectadas: 0
2025-10-22 04:17:38,213 | INFO |    📈 Posiciones activas: 2
2025-10-22 04:17:38,228 | INFO |    💼 Posiciones:
2025-10-22 04:17:38,251 | INFO |       ADAUSDT: SELL @ $0.64
2025-10-22 04:17:38,253 | INFO |       AVAXUSDT: SELL @ $19.36
2025-10-22 04:17:38,261 | INFO | ⏳ Esperando 30 segundos para el próximo ciclo...

2025-10-22 04:18:08,288 | INFO | 
🔍 CICLO 421 - 04:18:08
2025-10-22 04:18:08,288 | INFO | 📊 Monitoreando 2 posiciones activas...
2025-10-22 04:18:31,596 | INFO | 📊 Resumen ciclo 421:
2025-10-22 04:18:31,596 | INFO |    🎯 Señales detectadas: 0
2025-10-22 04:18:31,598 | INFO |    📈 Posiciones activas: 2
2025-10-22 04:18:31,598 | INFO |    💼 Posiciones:
2025-10-22 04:18:31,598 | INFO |       ADAUSDT: SELL @ $0.64
2025-10-22 04:18:31,599 | INFO |       AVAXUSDT: SELL @ $19.36
2025-10-22 04:18:31,599 | INFO | ⏳ Esperando 30 segundos para el próximo ciclo...

2025-10-22 04:19:01,599 | INFO | 
🔍 CICLO 422 - 04:19:01
2025-10-22 04:19:01,604 | INFO | 📊 Monitoreando 2 posiciones activas...
2025-10-22 04:19:24,006 | INFO | 📊 Resumen ciclo 422:
2025-10-22 04:19:24,006 | INFO |    🎯 Señales detectadas: 0
2025-10-22 04:19:24,006 | INFO |    📈 Posiciones activas: 2
2025-10-22 04:19:24,006 | INFO |    💼 Posiciones:
2025-10-22 04:19:24,008 | INFO |       ADAUSDT: SELL @ $0.64
2025-10-22 04:19:24,008 | INFO |       AVAXUSDT: SELL @ $19.36
2025-10-22 04:19:24,015 | INFO | ⏳ Esperando 30 segundos para el próximo ciclo...

2025-10-22 04:19:54,016 | INFO | 
🔍 CICLO 423 - 04:19:54
2025-10-22 04:19:54,016 | INFO | 📊 Monitoreando 2 posiciones activas...
2025-10-22 04:20:14,865 | INFO | 📊 Resumen ciclo 423:
2025-10-22 04:20:14,865 | INFO |    🎯 Señales detectadas: 0
2025-10-22 04:20:14,865 | INFO |    📈 Posiciones activas: 2
2025-10-22 04:20:14,865 | INFO |    💼 Posiciones:
2025-10-22 04:20:14,865 | INFO |       ADAUSDT: SELL @ $0.64
2025-10-22 04:20:14,867 | INFO |       AVAXUSDT: SELL @ $19.36
2025-10-22 04:20:14,867 | INFO | ⏳ Esperando 30 segundos para el próximo ciclo...

2025-10-22 04:20:44,868 | INFO | 
🔍 CICLO 424 - 04:20:44
2025-10-22 04:20:44,868 | INFO | 📊 Monitoreando 2 posiciones activas...
2025-10-22 04:21:08,863 | INFO | 📊 Resumen ciclo 424:
2025-10-22 04:21:08,864 | INFO |    🎯 Señales detectadas: 0
2025-10-22 04:21:08,864 | INFO |    📈 Posiciones activas: 2
2025-10-22 04:21:08,864 | INFO |    💼 Posiciones:
2025-10-22 04:21:08,865 | INFO |       ADAUSDT: SELL @ $0.64
2025-10-22 04:21:08,865 | INFO |       AVAXUSDT: SELL @ $19.36
2025-10-22 04:21:08,865 | INFO | ⏳ Esperando 30 segundos para el próximo ciclo...

2025-10-22 04:21:38,866 | INFO | 
🔍 CICLO 425 - 04:21:38
2025-10-22 04:21:38,866 | INFO | 📊 Monitoreando 2 posiciones activas...
2025-10-22 04:22:02,162 | INFO | 📊 Resumen ciclo 425:
2025-10-22 04:22:02,162 | INFO |    🎯 Señales detectadas: 0
2025-10-22 04:22:02,164 | INFO |    📈 Posiciones activas: 2
2025-10-22 04:22:02,164 | INFO |    💼 Posiciones:
2025-10-22 04:22:02,164 | INFO |       ADAUSDT: SELL @ $0.64
2025-10-22 04:22:02,164 | INFO |       AVAXUSDT: SELL @ $19.36
2025-10-22 04:22:02,164 | INFO | ⏳ Esperando 30 segundos para el próximo ciclo...

2025-10-22 04:22:32,167 | INFO | 
🔍 CICLO 426 - 04:22:32
2025-10-22 04:22:32,167 | INFO | 📊 Monitoreando 2 posiciones activas...
2025-10-22 04:22:53,222 | INFO | 📊 Resumen ciclo 426:
2025-10-22 04:22:53,222 | INFO |    🎯 Señales detectadas: 0
2025-10-22 04:22:53,222 | INFO |    📈 Posiciones activas: 2
2025-10-22 04:22:53,222 | INFO |    💼 Posiciones:
2025-10-22 04:22:53,222 | INFO |       ADAUSDT: SELL @ $0.64
2025-10-22 04:22:53,222 | INFO |       AVAXUSDT: SELL @ $19.36
2025-10-22 04:22:53,222 | INFO | ⏳ Esperando 30 segundos para el próximo ciclo...

2025-10-22 04:23:23,235 | INFO | 
🔍 CICLO 427 - 04:23:23
2025-10-22 04:23:23,235 | INFO | 📊 Monitoreando 2 posiciones activas...
2025-10-22 04:23:46,641 | INFO | 📊 Resumen ciclo 427:
2025-10-22 04:23:46,641 | INFO |    🎯 Señales detectadas: 0
2025-10-22 04:23:46,641 | INFO |    📈 Posiciones activas: 2
2025-10-22 04:23:46,641 | INFO |    💼 Posiciones:
2025-10-22 04:23:46,644 | INFO |       ADAUSDT: SELL @ $0.64
2025-10-22 04:23:46,644 | INFO |       AVAXUSDT: SELL @ $19.36
2025-10-22 04:23:46,644 | INFO | ⏳ Esperando 30 segundos para el próximo ciclo...

2025-10-22 04:24:16,645 | INFO | 
🔍 CICLO 428 - 04:24:16
2025-10-22 04:24:16,645 | INFO | 📊 Monitoreando 2 posiciones activas...
2025-10-22 04:24:38,776 | INFO | 📊 Resumen ciclo 428:
2025-10-22 04:24:38,776 | INFO |    🎯 Señales detectadas: 0
2025-10-22 04:24:38,778 | INFO |    📈 Posiciones activas: 2
2025-10-22 04:24:38,779 | INFO |    💼 Posiciones:
2025-10-22 04:24:38,781 | INFO |       ADAUSDT: SELL @ $0.64
2025-10-22 04:24:38,807 | INFO |       AVAXUSDT: SELL @ $19.36
2025-10-22 04:24:38,807 | INFO | ⏳ Esperando 30 segundos para el próximo ciclo...

2025-10-22 04:25:08,809 | INFO | 
🔍 CICLO 429 - 04:25:08
2025-10-22 04:25:08,809 | INFO | 📊 Monitoreando 2 posiciones activas...
2025-10-22 04:25:30,310 | INFO | 📊 Resumen ciclo 429:
2025-10-22 04:25:30,310 | INFO |    🎯 Señales detectadas: 0
2025-10-22 04:25:30,313 | INFO |    📈 Posiciones activas: 2
2025-10-22 04:25:30,313 | INFO |    💼 Posiciones:
2025-10-22 04:25:30,313 | INFO |       ADAUSDT: SELL @ $0.64
2025-10-22 04:25:30,313 | INFO |       AVAXUSDT: SELL @ $19.36
2025-10-22 04:25:30,313 | INFO | ⏳ Esperando 30 segundos para el próximo ciclo...

2025-10-22 04:26:00,315 | INFO | 
🔍 CICLO 430 - 04:26:00
2025-10-22 04:26:00,316 | INFO | 📊 Monitoreando 2 posiciones activas...
2025-10-22 04:26:22,209 | INFO | 📊 Resumen ciclo 430:
2025-10-22 04:26:22,209 | INFO |    🎯 Señales detectadas: 0
2025-10-22 04:26:22,209 | INFO |    📈 Posiciones activas: 2
2025-10-22 04:26:22,209 | INFO |    💼 Posiciones:
2025-10-22 04:26:22,209 | INFO |       ADAUSDT: SELL @ $0.64
2025-10-22 04:26:22,209 | INFO |       AVAXUSDT: SELL @ $19.36
2025-10-22 04:26:22,209 | INFO | ⏳ Esperando 30 segundos para el próximo ciclo...

2025-10-22 04:26:52,211 | INFO | 
🔍 CICLO 431 - 04:26:52
2025-10-22 04:26:52,211 | INFO | 📊 Monitoreando 2 posiciones activas...
2025-10-22 04:27:14,044 | INFO | 📊 Resumen ciclo 431:
2025-10-22 04:27:14,053 | INFO |    🎯 Señales detectadas: 0
2025-10-22 04:27:14,053 | INFO |    📈 Posiciones activas: 2
2025-10-22 04:27:14,053 | INFO |    💼 Posiciones:
2025-10-22 04:27:14,053 | INFO |       ADAUSDT: SELL @ $0.64
2025-10-22 04:27:14,053 | INFO |       AVAXUSDT: SELL @ $19.36
2025-10-22 04:27:14,053 | INFO | ⏳ Esperando 30 segundos para el próximo ciclo...

2025-10-22 04:27:44,056 | INFO | 
🔍 CICLO 432 - 04:27:44
2025-10-22 04:27:44,056 | INFO | 📊 Monitoreando 2 posiciones activas...
2025-10-22 04:28:07,162 | INFO | 📊 Resumen ciclo 432:
2025-10-22 04:28:07,164 | INFO |    🎯 Señales detectadas: 0
2025-10-22 04:28:07,164 | INFO |    📈 Posiciones activas: 2
2025-10-22 04:28:07,166 | INFO |    💼 Posiciones:
2025-10-22 04:28:07,166 | INFO |       ADAUSDT: SELL @ $0.64
2025-10-22 04:28:07,166 | INFO |       AVAXUSDT: SELL @ $19.36
2025-10-22 04:28:07,166 | INFO | ⏳ Esperando 30 segundos para el próximo ciclo...

2025-10-22 04:28:37,168 | INFO | 
🔍 CICLO 433 - 04:28:37
2025-10-22 04:28:37,169 | INFO | 📊 Monitoreando 2 posiciones activas...
2025-10-22 04:29:00,212 | INFO | 📊 Resumen ciclo 433:
2025-10-22 04:29:00,214 | INFO |    🎯 Señales detectadas: 0
2025-10-22 04:29:00,214 | INFO |    📈 Posiciones activas: 2
2025-10-22 04:29:00,214 | INFO |    💼 Posiciones:
2025-10-22 04:29:00,214 | INFO |       ADAUSDT: SELL @ $0.64
2025-10-22 04:29:00,214 | INFO |       AVAXUSDT: SELL @ $19.36
2025-10-22 04:29:00,214 | INFO | ⏳ Esperando 30 segundos para el próximo ciclo...

2025-10-22 04:29:30,216 | INFO | 
🔍 CICLO 434 - 04:29:30
2025-10-22 04:29:30,216 | INFO | 📊 Monitoreando 2 posiciones activas...
2025-10-22 04:29:51,740 | INFO | 📊 Resumen ciclo 434:
2025-10-22 04:29:51,742 | INFO |    🎯 Señales detectadas: 0
2025-10-22 04:29:51,742 | INFO |    📈 Posiciones activas: 2
2025-10-22 04:29:51,742 | INFO |    💼 Posiciones:
2025-10-22 04:29:51,742 | INFO |       ADAUSDT: SELL @ $0.64
2025-10-22 04:29:51,742 | INFO |       AVAXUSDT: SELL @ $19.36
2025-10-22 04:29:51,742 | INFO | ⏳ Esperando 30 segundos para el próximo ciclo...

2025-10-22 04:30:21,744 | INFO | 
🔍 CICLO 435 - 04:30:21
2025-10-22 04:30:21,744 | INFO | 📊 Monitoreando 2 posiciones activas...
2025-10-22 04:30:43,983 | INFO | 📊 Resumen ciclo 435:
2025-10-22 04:30:43,984 | INFO |    🎯 Señales detectadas: 0
2025-10-22 04:30:43,984 | INFO |    📈 Posiciones activas: 2
2025-10-22 04:30:43,984 | INFO |    💼 Posiciones:
2025-10-22 04:30:43,984 | INFO |       ADAUSDT: SELL @ $0.64
2025-10-22 04:30:43,984 | INFO |       AVAXUSDT: SELL @ $19.36
2025-10-22 04:30:43,994 | INFO | ⏳ Esperando 30 segundos para el próximo ciclo...

2025-10-22 04:31:13,996 | INFO | 
🔍 CICLO 436 - 04:31:13
2025-10-22 04:31:13,997 | INFO | 📊 Monitoreando 2 posiciones activas...
2025-10-22 04:31:37,168 | INFO | 📊 Resumen ciclo 436:
2025-10-22 04:31:37,168 | INFO |    🎯 Señales detectadas: 0
2025-10-22 04:31:37,168 | INFO |    📈 Posiciones activas: 2
2025-10-22 04:31:37,168 | INFO |    💼 Posiciones:
2025-10-22 04:31:37,168 | INFO |       ADAUSDT: SELL @ $0.64
2025-10-22 04:31:37,171 | INFO |       AVAXUSDT: SELL @ $19.36
2025-10-22 04:31:37,171 | INFO | ⏳ Esperando 30 segundos para el próximo ciclo...

2025-10-22 04:32:07,171 | INFO | 
🔍 CICLO 437 - 04:32:07
2025-10-22 04:32:07,172 | INFO | 📊 Monitoreando 2 posiciones activas...
2025-10-22 04:32:29,732 | INFO | 📊 Resumen ciclo 437:
2025-10-22 04:32:29,732 | INFO |    🎯 Señales detectadas: 0
2025-10-22 04:32:29,732 | INFO |    📈 Posiciones activas: 2
2025-10-22 04:32:29,732 | INFO |    💼 Posiciones:
2025-10-22 04:32:29,732 | INFO |       ADAUSDT: SELL @ $0.64
2025-10-22 04:32:29,732 | INFO |       AVAXUSDT: SELL @ $19.36
2025-10-22 04:32:29,732 | INFO | ⏳ Esperando 30 segundos para el próximo ciclo...

2025-10-22 04:32:59,737 | INFO | 
🔍 CICLO 438 - 04:32:59
2025-10-22 04:32:59,737 | INFO | 📊 Monitoreando 2 posiciones activas...
2025-10-22 04:33:21,869 | INFO | 📊 Resumen ciclo 438:
2025-10-22 04:33:21,869 | INFO |    🎯 Señales detectadas: 0
2025-10-22 04:33:21,869 | INFO |    📈 Posiciones activas: 2
2025-10-22 04:33:21,869 | INFO |    💼 Posiciones:
2025-10-22 04:33:21,869 | INFO |       ADAUSDT: SELL @ $0.64
2025-10-22 04:33:21,869 | INFO |       AVAXUSDT: SELL @ $19.36
2025-10-22 04:33:21,869 | INFO | ⏳ Esperando 30 segundos para el próximo ciclo...

2025-10-22 04:33:51,876 | INFO | 
🔍 CICLO 439 - 04:33:51
2025-10-22 04:33:51,900 | INFO | 📊 Monitoreando 2 posiciones activas...
2025-10-22 04:34:16,062 | INFO | 📊 Resumen ciclo 439:
2025-10-22 04:34:16,062 | INFO |    🎯 Señales detectadas: 0
2025-10-22 04:34:16,062 | INFO |    📈 Posiciones activas: 2
2025-10-22 04:34:16,062 | INFO |    💼 Posiciones:
2025-10-22 04:34:16,064 | INFO |       ADAUSDT: SELL @ $0.64
2025-10-22 04:34:16,064 | INFO |       AVAXUSDT: SELL @ $19.36
2025-10-22 04:34:16,064 | INFO | ⏳ Esperando 30 segundos para el próximo ciclo...

2025-10-22 04:34:46,065 | INFO | 
🔍 CICLO 440 - 04:34:46
2025-10-22 04:34:46,066 | INFO | 📊 Monitoreando 2 posiciones activas...
2025-10-22 04:35:07,114 | INFO | 📊 Resumen ciclo 440:
2025-10-22 04:35:07,121 | INFO |    🎯 Señales detectadas: 0
2025-10-22 04:35:07,123 | INFO |    📈 Posiciones activas: 2
2025-10-22 04:35:07,127 | INFO |    💼 Posiciones:
2025-10-22 04:35:07,132 | INFO |       ADAUSDT: SELL @ $0.64
2025-10-22 04:35:07,143 | INFO |       AVAXUSDT: SELL @ $19.36
2025-10-22 04:35:07,143 | INFO | ⏳ Esperando 30 segundos para el próximo ciclo...

2025-10-22 04:35:37,161 | INFO | 
🔍 CICLO 441 - 04:35:37
2025-10-22 04:35:37,161 | INFO | 📊 Monitoreando 2 posiciones activas...
2025-10-22 04:35:59,534 | INFO | 📊 Resumen ciclo 441:
2025-10-22 04:35:59,534 | INFO |    🎯 Señales detectadas: 0
2025-10-22 04:35:59,534 | INFO |    📈 Posiciones activas: 2
2025-10-22 04:35:59,534 | INFO |    💼 Posiciones:
2025-10-22 04:35:59,534 | INFO |       ADAUSDT: SELL @ $0.64
2025-10-22 04:35:59,534 | INFO |       AVAXUSDT: SELL @ $19.36
2025-10-22 04:35:59,534 | INFO | ⏳ Esperando 30 segundos para el próximo ciclo...

2025-10-22 04:36:29,541 | INFO | 
🔍 CICLO 442 - 04:36:29
2025-10-22 04:36:29,541 | INFO | 📊 Monitoreando 2 posiciones activas...
2025-10-22 04:36:47,679 | INFO | 📊 Resumen ciclo 442:
2025-10-22 04:36:47,679 | INFO |    🎯 Señales detectadas: 0
2025-10-22 04:36:47,679 | INFO |    📈 Posiciones activas: 2
2025-10-22 04:36:47,679 | INFO |    💼 Posiciones:
2025-10-22 04:36:47,680 | INFO |       ADAUSDT: SELL @ $0.64
2025-10-22 04:36:47,680 | INFO |       AVAXUSDT: SELL @ $19.36
2025-10-22 04:36:47,680 | INFO | ⏳ Esperando 30 segundos para el próximo ciclo...

2025-10-22 04:37:17,681 | INFO | 
🔍 CICLO 443 - 04:37:17
2025-10-22 04:37:17,681 | INFO | 📊 Monitoreando 2 posiciones activas...
2025-10-22 04:37:34,901 | INFO | 📊 Resumen ciclo 443:
2025-10-22 04:37:34,901 | INFO |    🎯 Señales detectadas: 0
2025-10-22 04:37:34,902 | INFO |    📈 Posiciones activas: 2
2025-10-22 04:37:34,902 | INFO |    💼 Posiciones:
2025-10-22 04:37:34,902 | INFO |       ADAUSDT: SELL @ $0.64
2025-10-22 04:37:34,902 | INFO |       AVAXUSDT: SELL @ $19.36
2025-10-22 04:37:34,902 | INFO | ⏳ Esperando 30 segundos para el próximo ciclo...

2025-10-22 04:38:04,904 | INFO | 
🔍 CICLO 444 - 04:38:04
2025-10-22 04:38:04,904 | INFO | 📊 Monitoreando 2 posiciones activas...
2025-10-22 04:38:22,938 | INFO | 📊 Resumen ciclo 444:
2025-10-22 04:38:22,938 | INFO |    🎯 Señales detectadas: 0
2025-10-22 04:38:22,940 | INFO |    📈 Posiciones activas: 2
2025-10-22 04:38:22,940 | INFO |    💼 Posiciones:
2025-10-22 04:38:22,940 | INFO |       ADAUSDT: SELL @ $0.64
2025-10-22 04:38:22,941 | INFO |       AVAXUSDT: SELL @ $19.36
2025-10-22 04:38:22,941 | INFO | ⏳ Esperando 30 segundos para el próximo ciclo...

2025-10-22 04:38:52,941 | INFO | 
🔍 CICLO 445 - 04:38:52
2025-10-22 04:38:52,948 | INFO | 📊 Monitoreando 2 posiciones activas...
2025-10-22 04:39:11,844 | INFO | 📊 Resumen ciclo 445:
2025-10-22 04:39:11,845 | INFO |    🎯 Señales detectadas: 0
2025-10-22 04:39:11,845 | INFO |    📈 Posiciones activas: 2
2025-10-22 04:39:11,845 | INFO |    💼 Posiciones:
2025-10-22 04:39:11,848 | INFO |       ADAUSDT: SELL @ $0.64
2025-10-22 04:39:11,853 | INFO |       AVAXUSDT: SELL @ $19.36
2025-10-22 04:39:11,855 | INFO | ⏳ Esperando 30 segundos para el próximo ciclo...

2025-10-22 04:39:41,857 | INFO | 
🔍 CICLO 446 - 04:39:41
2025-10-22 04:39:41,857 | INFO | 📊 Monitoreando 2 posiciones activas...
2025-10-22 04:39:58,810 | INFO | 📊 Resumen ciclo 446:
2025-10-22 04:39:58,810 | INFO |    🎯 Señales detectadas: 0
2025-10-22 04:39:58,811 | INFO |    📈 Posiciones activas: 2
2025-10-22 04:39:58,811 | INFO |    💼 Posiciones:
2025-10-22 04:39:58,811 | INFO |       ADAUSDT: SELL @ $0.64
2025-10-22 04:39:58,811 | INFO |       AVAXUSDT: SELL @ $19.36
2025-10-22 04:39:58,811 | INFO | ⏳ Esperando 30 segundos para el próximo ciclo...

2025-10-22 04:40:28,812 | INFO | 
🔍 CICLO 447 - 04:40:28
2025-10-22 04:40:28,813 | INFO | 📊 Monitoreando 2 posiciones activas...
2025-10-22 04:40:48,183 | INFO | 📊 Resumen ciclo 447:
2025-10-22 04:40:48,183 | INFO |    🎯 Señales detectadas: 0
2025-10-22 04:40:48,184 | INFO |    📈 Posiciones activas: 2
2025-10-22 04:40:48,184 | INFO |    💼 Posiciones:
2025-10-22 04:40:48,184 | INFO |       ADAUSDT: SELL @ $0.64
2025-10-22 04:40:48,184 | INFO |       AVAXUSDT: SELL @ $19.36
2025-10-22 04:40:48,185 | INFO | ⏳ Esperando 30 segundos para el próximo ciclo...

2025-10-22 04:41:18,185 | INFO | 
🔍 CICLO 448 - 04:41:18
2025-10-22 04:41:18,185 | INFO | 📊 Monitoreando 2 posiciones activas...
2025-10-22 04:41:37,442 | INFO | 📊 Resumen ciclo 448:
2025-10-22 04:41:37,443 | INFO |    🎯 Señales detectadas: 0
2025-10-22 04:41:37,444 | INFO |    📈 Posiciones activas: 2
2025-10-22 04:41:37,444 | INFO |    💼 Posiciones:
2025-10-22 04:41:37,444 | INFO |       ADAUSDT: SELL @ $0.64
2025-10-22 04:41:37,445 | INFO |       AVAXUSDT: SELL @ $19.36
2025-10-22 04:41:37,445 | INFO | ⏳ Esperando 30 segundos para el próximo ciclo...

2025-10-22 04:42:07,447 | INFO | 
🔍 CICLO 449 - 04:42:07
2025-10-22 04:42:07,447 | INFO | 📊 Monitoreando 2 posiciones activas...
2025-10-22 04:42:26,157 | INFO | 📊 Resumen ciclo 449:
2025-10-22 04:42:26,168 | INFO |    🎯 Señales detectadas: 0
2025-10-22 04:42:26,169 | INFO |    📈 Posiciones activas: 2
2025-10-22 04:42:26,169 | INFO |    💼 Posiciones:
2025-10-22 04:42:26,169 | INFO |       ADAUSDT: SELL @ $0.64
2025-10-22 04:42:26,169 | INFO |       AVAXUSDT: SELL @ $19.36
2025-10-22 04:42:26,169 | INFO | ⏳ Esperando 30 segundos para el próximo ciclo...

2025-10-22 04:42:56,170 | INFO | 
🔍 CICLO 450 - 04:42:56
2025-10-22 04:42:56,170 | INFO | 📊 Monitoreando 2 posiciones activas...
2025-10-22 04:43:16,040 | INFO | 📊 Resumen ciclo 450:
2025-10-22 04:43:16,042 | INFO |    🎯 Señales detectadas: 0
2025-10-22 04:43:16,044 | INFO |    📈 Posiciones activas: 2
2025-10-22 04:43:16,044 | INFO |    💼 Posiciones:
2025-10-22 04:43:16,044 | INFO |       ADAUSDT: SELL @ $0.64
2025-10-22 04:43:16,044 | INFO |       AVAXUSDT: SELL @ $19.36
2025-10-22 04:43:16,046 | INFO | ⏳ Esperando 30 segundos para el próximo ciclo...

2025-10-22 04:43:46,047 | INFO | 
🔍 CICLO 451 - 04:43:46
2025-10-22 04:43:46,047 | INFO | 📊 Monitoreando 2 posiciones activas...
2025-10-22 04:44:04,066 | INFO | 📊 Resumen ciclo 451:
2025-10-22 04:44:04,066 | INFO |    🎯 Señales detectadas: 0
2025-10-22 04:44:04,066 | INFO |    📈 Posiciones activas: 2
2025-10-22 04:44:04,067 | INFO |    💼 Posiciones:
2025-10-22 04:44:04,067 | INFO |       ADAUSDT: SELL @ $0.64
2025-10-22 04:44:04,067 | INFO |       AVAXUSDT: SELL @ $19.36
2025-10-22 04:44:04,067 | INFO | ⏳ Esperando 30 segundos para el próximo ciclo...

2025-10-22 04:44:34,068 | INFO | 
🔍 CICLO 452 - 04:44:34
2025-10-22 04:44:34,069 | INFO | 📊 Monitoreando 2 posiciones activas...
2025-10-22 04:44:52,652 | INFO | 📊 Resumen ciclo 452:
2025-10-22 04:44:52,652 | INFO |    🎯 Señales detectadas: 0
2025-10-22 04:44:52,652 | INFO |    📈 Posiciones activas: 2
2025-10-22 04:44:52,653 | INFO |    💼 Posiciones:
2025-10-22 04:44:52,653 | INFO |       ADAUSDT: SELL @ $0.64
2025-10-22 04:44:52,653 | INFO |       AVAXUSDT: SELL @ $19.36
2025-10-22 04:44:52,653 | INFO | ⏳ Esperando 30 segundos para el próximo ciclo...

2025-10-22 04:45:22,654 | INFO | 
🔍 CICLO 453 - 04:45:22
2025-10-22 04:45:22,655 | INFO | 📊 Monitoreando 2 posiciones activas...
2025-10-22 04:45:45,977 | INFO | 📊 Resumen ciclo 453:
2025-10-22 04:45:45,978 | INFO |    🎯 Señales detectadas: 0
2025-10-22 04:45:45,978 | INFO |    📈 Posiciones activas: 2
2025-10-22 04:45:45,979 | INFO |    💼 Posiciones:
2025-10-22 04:45:45,980 | INFO |       ADAUSDT: SELL @ $0.64
2025-10-22 04:45:45,980 | INFO |       AVAXUSDT: SELL @ $19.36
2025-10-22 04:45:45,980 | INFO | ⏳ Esperando 30 segundos para el próximo ciclo...

2025-10-22 04:46:15,981 | INFO | 
🔍 CICLO 454 - 04:46:15
2025-10-22 04:46:15,981 | INFO | 📊 Monitoreando 2 posiciones activas...
2025-10-22 04:46:35,648 | INFO | 📊 Resumen ciclo 454:
2025-10-22 04:46:35,648 | INFO |    🎯 Señales detectadas: 0
2025-10-22 04:46:35,648 | INFO |    📈 Posiciones activas: 2
2025-10-22 04:46:35,648 | INFO |    💼 Posiciones:
2025-10-22 04:46:35,650 | INFO |       ADAUSDT: SELL @ $0.64
2025-10-22 04:46:35,650 | INFO |       AVAXUSDT: SELL @ $19.36
2025-10-22 04:46:35,650 | INFO | ⏳ Esperando 30 segundos para el próximo ciclo...

2025-10-22 04:47:05,653 | INFO | 
🔍 CICLO 455 - 04:47:05
2025-10-22 04:47:05,653 | INFO | 📊 Monitoreando 2 posiciones activas...
2025-10-22 04:47:23,013 | INFO | 📊 Resumen ciclo 455:
2025-10-22 04:47:23,013 | INFO |    🎯 Señales detectadas: 0
2025-10-22 04:47:23,013 | INFO |    📈 Posiciones activas: 2
2025-10-22 04:47:23,013 | INFO |    💼 Posiciones:
2025-10-22 04:47:23,013 | INFO |       ADAUSDT: SELL @ $0.64
2025-10-22 04:47:23,013 | INFO |       AVAXUSDT: SELL @ $19.36
2025-10-22 04:47:23,013 | INFO | ⏳ Esperando 30 segundos para el próximo ciclo...

2025-10-22 04:47:53,015 | INFO | 
🔍 CICLO 456 - 04:47:53
2025-10-22 04:47:53,015 | INFO | 📊 Monitoreando 2 posiciones activas...
2025-10-22 04:48:12,084 | INFO | 📊 Resumen ciclo 456:
2025-10-22 04:48:12,085 | INFO |    🎯 Señales detectadas: 0
2025-10-22 04:48:12,085 | INFO |    📈 Posiciones activas: 2
2025-10-22 04:48:12,085 | INFO |    💼 Posiciones:
2025-10-22 04:48:12,085 | INFO |       ADAUSDT: SELL @ $0.64
2025-10-22 04:48:12,087 | INFO |       AVAXUSDT: SELL @ $19.36
2025-10-22 04:48:12,088 | INFO | ⏳ Esperando 30 segundos para el próximo ciclo...

2025-10-22 04:48:42,088 | INFO | 
🔍 CICLO 457 - 04:48:42
2025-10-22 04:48:42,089 | INFO | 📊 Monitoreando 2 posiciones activas...
2025-10-22 04:48:59,694 | INFO | 📊 Resumen ciclo 457:
2025-10-22 04:48:59,694 | INFO |    🎯 Señales detectadas: 0
2025-10-22 04:48:59,695 | INFO |    📈 Posiciones activas: 2
2025-10-22 04:48:59,695 | INFO |    💼 Posiciones:
2025-10-22 04:48:59,695 | INFO |       ADAUSDT: SELL @ $0.64
2025-10-22 04:48:59,696 | INFO |       AVAXUSDT: SELL @ $19.36
2025-10-22 04:48:59,696 | INFO | ⏳ Esperando 30 segundos para el próximo ciclo...

2025-10-22 04:49:29,697 | INFO | 
🔍 CICLO 458 - 04:49:29
2025-10-22 04:49:29,697 | INFO | 📊 Monitoreando 2 posiciones activas...
2025-10-22 04:49:46,861 | INFO | 📊 Resumen ciclo 458:
2025-10-22 04:49:46,862 | INFO |    🎯 Señales detectadas: 0
2025-10-22 04:49:46,862 | INFO |    📈 Posiciones activas: 2
2025-10-22 04:49:46,862 | INFO |    💼 Posiciones:
2025-10-22 04:49:46,863 | INFO |       ADAUSDT: SELL @ $0.64
2025-10-22 04:49:46,863 | INFO |       AVAXUSDT: SELL @ $19.36
2025-10-22 04:49:46,863 | INFO | ⏳ Esperando 30 segundos para el próximo ciclo...

2025-10-22 04:50:16,864 | INFO | 
🔍 CICLO 459 - 04:50:16
2025-10-22 04:50:16,864 | INFO | 📊 Monitoreando 2 posiciones activas...
2025-10-22 04:50:34,232 | INFO | 📊 Resumen ciclo 459:
2025-10-22 04:50:34,233 | INFO |    🎯 Señales detectadas: 0
2025-10-22 04:50:34,233 | INFO |    📈 Posiciones activas: 2
2025-10-22 04:50:34,233 | INFO |    💼 Posiciones:
2025-10-22 04:50:34,233 | INFO |       ADAUSDT: SELL @ $0.64
2025-10-22 04:50:34,233 | INFO |       AVAXUSDT: SELL @ $19.36
2025-10-22 04:50:34,234 | INFO | ⏳ Esperando 30 segundos para el próximo ciclo...

2025-10-22 04:51:04,234 | INFO | 
🔍 CICLO 460 - 04:51:04
2025-10-22 04:51:04,234 | INFO | 📊 Monitoreando 2 posiciones activas...
2025-10-22 04:51:22,269 | INFO | 📊 Resumen ciclo 460:
2025-10-22 04:51:22,272 | INFO |    🎯 Señales detectadas: 0
2025-10-22 04:51:22,272 | INFO |    📈 Posiciones activas: 2
2025-10-22 04:51:22,272 | INFO |    💼 Posiciones:
2025-10-22 04:51:22,273 | INFO |       ADAUSDT: SELL @ $0.64
2025-10-22 04:51:22,273 | INFO |       AVAXUSDT: SELL @ $19.36
2025-10-22 04:51:22,273 | INFO | ⏳ Esperando 30 segundos para el próximo ciclo...

2025-10-22 04:51:52,274 | INFO | 
🔍 CICLO 461 - 04:51:52
2025-10-22 04:51:52,274 | INFO | 📊 Monitoreando 2 posiciones activas...
2025-10-22 04:52:14,066 | INFO | 📊 Resumen ciclo 461:
2025-10-22 04:52:14,066 | INFO |    🎯 Señales detectadas: 0
2025-10-22 04:52:14,066 | INFO |    📈 Posiciones activas: 2
2025-10-22 04:52:14,066 | INFO |    💼 Posiciones:
2025-10-22 04:52:14,066 | INFO |       ADAUSDT: SELL @ $0.64
2025-10-22 04:52:14,070 | INFO |       AVAXUSDT: SELL @ $19.36
2025-10-22 04:52:14,070 | INFO | ⏳ Esperando 30 segundos para el próximo ciclo...

2025-10-22 04:52:44,071 | INFO | 
🔍 CICLO 462 - 04:52:44
2025-10-22 04:52:44,072 | INFO | 📊 Monitoreando 2 posiciones activas...
2025-10-22 04:53:02,470 | INFO | 📊 Resumen ciclo 462:
2025-10-22 04:53:02,470 | INFO |    🎯 Señales detectadas: 0
2025-10-22 04:53:02,470 | INFO |    📈 Posiciones activas: 2
2025-10-22 04:53:02,470 | INFO |    💼 Posiciones:
2025-10-22 04:53:02,470 | INFO |       ADAUSDT: SELL @ $0.64
2025-10-22 04:53:02,470 | INFO |       AVAXUSDT: SELL @ $19.36
2025-10-22 04:53:02,471 | INFO | ⏳ Esperando 30 segundos para el próximo ciclo...

