2025-10-21 23:00:17,296 | ERROR | Failed to get ticker 'EURUSD=X' reason: Expecting value: line 1 column 1 (char 0)
2025-10-21 23:00:18,130 | ERROR | EURUSD=X: No price data found, symbol may be delisted (period=1d)
2025-10-21 23:00:18,132 | WARNING | No hay datos para EURUSD
2025-10-21 23:00:19,009 | ERROR | Failed to get ticker 'GBPUSD=X' reason: Expecting value: line 1 column 1 (char 0)
2025-10-21 23:00:19,859 | ERROR | GBPUSD=X: No price data found, symbol may be delisted (period=1d)
2025-10-21 23:00:19,871 | WARNING | No hay datos para GBPUSD
2025-10-21 23:00:20,760 | ERROR | Failed to get ticker 'USDJPY=X' reason: Expecting value: line 1 column 1 (char 0)
2025-10-21 23:00:21,711 | ERROR | USDJPY=X: No price data found, symbol may be delisted (period=1d)
2025-10-21 23:00:21,713 | WARNING | No hay datos para USDJPY
2025-10-21 23:00:22,649 | ERROR | Failed to get ticker 'AUDUSD=X' reason: Expecting value: line 1 column 1 (char 0)
2025-10-21 23:00:23,510 | ERROR | AUDUSD=X: No price data found, symbol may be delisted (period=1d)
2025-10-21 23:00:23,513 | WARNING | No hay datos para AUDUSD
2025-10-21 23:01:48,836 | ERROR | Failed to get ticker 'EURUSD=X' reason: Expecting value: line 1 column 1 (char 0)
2025-10-21 23:01:49,932 | ERROR | EURUSD=X: No price data found, symbol may be delisted (period=1d)
2025-10-21 23:01:51,671 | ERROR | Failed to get ticker 'GBPUSD=X' reason: Expecting value: line 1 column 1 (char 0)
2025-10-21 23:01:52,751 | ERROR | GBPUSD=X: No price data found, symbol may be delisted (period=1d)
2025-10-21 23:01:54,524 | ERROR | Failed to get ticker 'USDJPY=X' reason: Expecting value: line 1 column 1 (char 0)
2025-10-21 23:01:55,560 | ERROR | USDJPY=X: No price data found, symbol may be delisted (period=1d)
2025-10-21 23:01:56,681 | ERROR | Failed to get ticker 'AUDUSD=X' reason: Expecting value: line 1 column 1 (char 0)
2025-10-21 23:01:57,706 | ERROR | AUDUSD=X: No price data found, symbol may be delisted (period=1d)
2025-10-21 23:01:59,602 | ERROR | Failed to get ticker 'GC=F' reason: Expecting value: line 1 column 1 (char 0)
2025-10-21 23:02:00,676 | ERROR | GC=F: No price data found, symbol may be delisted (period=1d)
2025-10-21 23:02:01,734 | ERROR | Failed to get ticker 'SI=F' reason: Expecting value: line 1 column 1 (char 0)
2025-10-21 23:02:02,813 | ERROR | SI=F: No price data found, symbol may be delisted (period=1d)
2025-10-21 23:03:03,880 | ERROR | Failed to get ticker 'EURUSD=X' reason: Expecting value: line 1 column 1 (char 0)
2025-10-21 23:03:04,855 | ERROR | EURUSD=X: No price data found, symbol may be delisted (period=1d)
2025-10-21 23:03:06,836 | ERROR | Failed to get ticker 'GBPUSD=X' reason: Expecting value: line 1 column 1 (char 0)
2025-10-21 23:03:07,885 | ERROR | GBPUSD=X: No price data found, symbol may be delisted (period=1d)
2025-10-21 23:03:10,029 | ERROR | Failed to get ticker 'USDJPY=X' reason: Expecting value: line 1 column 1 (char 0)
2025-10-21 23:03:11,109 | ERROR | USDJPY=X: No price data found, symbol may be delisted (period=1d)
2025-10-21 23:03:12,078 | ERROR | Failed to get ticker 'AUDUSD=X' reason: Expecting value: line 1 column 1 (char 0)
2025-10-21 23:03:13,207 | ERROR | AUDUSD=X: No price data found, symbol may be delisted (period=1d)
2025-10-21 23:03:15,088 | ERROR | Failed to get ticker 'GC=F' reason: Expecting value: line 1 column 1 (char 0)
2025-10-21 23:03:16,073 | ERROR | GC=F: No price data found, symbol may be delisted (period=1d)
2025-10-21 23:03:17,069 | ERROR | Failed to get ticker 'SI=F' reason: Expecting value: line 1 column 1 (char 0)
2025-10-21 23:03:18,060 | ERROR | SI=F: No price data found, symbol may be delisted (period=1d)
2025-10-21 23:03:31,719 | INFO | [START] Iniciando monitoreo continuo...
2025-10-21 23:03:31,722 | INFO | 
[CYCLE] CICLO 1 - 04:03:31
2025-10-21 23:03:31,722 | INFO | [SESSION] Sesión: SYDNEY | Prioridad: LOW
2025-10-21 23:03:32,516 | ERROR | Failed to get ticker 'EURUSD=X' reason: Expecting value: line 1 column 1 (char 0)
2025-10-21 23:03:33,329 | ERROR | EURUSD=X: No price data found, symbol may be delisted (period=1d)
2025-10-21 23:03:35,162 | ERROR | Failed to get ticker 'GBPUSD=X' reason: Expecting value: line 1 column 1 (char 0)
2025-10-21 23:03:36,091 | ERROR | GBPUSD=X: No price data found, symbol may be delisted (period=1d)
2025-10-21 23:03:38,015 | ERROR | Failed to get ticker 'USDJPY=X' reason: Expecting value: line 1 column 1 (char 0)
2025-10-21 23:03:38,938 | ERROR | USDJPY=X: No price data found, symbol may be delisted (period=1d)
2025-10-21 23:03:38,952 | INFO | [DATA] Usando datos simulados para USDJPY: $149.1931
2025-10-21 23:03:39,922 | ERROR | Failed to get ticker 'AUDUSD=X' reason: Expecting value: line 1 column 1 (char 0)
2025-10-21 23:03:40,909 | ERROR | AUDUSD=X: No price data found, symbol may be delisted (period=1d)
2025-10-21 23:03:41,712 | INFO | [SIGNAL] SEÑAL DETECTADA: AUDUSD | BEARISH_BREAKOUT
2025-10-21 23:03:41,712 | INFO |    [CONF] Confianza: 72.1% | Riesgo: HIGH
2025-10-21 23:03:41,713 | INFO |    [PRICE] Precio: $0.7252 | Spread: 0.000250
2025-10-21 23:03:41,713 | INFO | [SKIP] Trade no ejecutado para AUDUSD (condiciones no cumplidas)
2025-10-21 23:03:42,727 | ERROR | Failed to get ticker 'GC=F' reason: Expecting value: line 1 column 1 (char 0)
2025-10-21 23:03:43,816 | ERROR | GC=F: No price data found, symbol may be delisted (period=1d)
2025-10-21 23:03:43,819 | INFO | [DATA] Usando datos simulados para XAUUSD: $2658.3607
2025-10-21 23:03:44,891 | ERROR | Failed to get ticker 'SI=F' reason: Expecting value: line 1 column 1 (char 0)
2025-10-21 23:03:46,049 | ERROR | SI=F: No price data found, symbol may be delisted (period=1d)
2025-10-21 23:03:46,051 | INFO | [DATA] Usando datos simulados para XAGUSD: $31.4381
2025-10-21 23:03:46,059 | INFO | [SIGNAL] SEÑAL DETECTADA: XAGUSD | BULLISH_BREAKOUT
2025-10-21 23:03:46,059 | INFO |    [CONF] Confianza: 71.9% | Riesgo: HIGH
2025-10-21 23:03:46,060 | INFO |    [PRICE] Precio: $31.4381 | Spread: 0.030000
2025-10-21 23:03:46,060 | INFO | [SKIP] Trade no ejecutado para XAGUSD (condiciones no cumplidas)
2025-10-21 23:03:46,060 | INFO | [SIGNALS] Señales detectadas: 2
2025-10-21 23:03:46,062 | INFO | [POSITIONS] Posiciones activas: 0
2025-10-21 23:03:46,062 | INFO | [CAPITAL] Capital actual: $500.00
2025-10-21 23:03:46,062 | INFO | [WAIT] Esperando 60 segundos para el próximo ciclo...
2025-10-21 23:04:00,966 | INFO | [INIT] SICAR Forex & Metals Auto Trading System INICIADO
2025-10-21 23:04:00,967 | INFO | [CAPITAL] Capital inicial: $500.00
2025-10-21 23:04:00,967 | INFO | [SYMBOLS] Símbolos monitoreados: EURUSD, GBPUSD, USDJPY, AUDUSD, XAUUSD, XAGUSD
2025-10-21 23:04:00,968 | INFO | [START] Iniciando monitoreo continuo...
2025-10-21 23:04:00,969 | INFO | 
[CYCLE] CICLO 1 - 04:04:00
2025-10-21 23:04:00,969 | INFO | [SESSION] Sesión: SYDNEY | Prioridad: LOW
2025-10-21 23:04:02,106 | ERROR | Failed to get ticker 'EURUSD=X' reason: Expecting value: line 1 column 1 (char 0)
2025-10-21 23:04:03,199 | ERROR | EURUSD=X: No price data found, symbol may be delisted (period=1d)
2025-10-21 23:04:05,030 | ERROR | Failed to get ticker 'GBPUSD=X' reason: Expecting value: line 1 column 1 (char 0)
2025-10-21 23:04:05,789 | ERROR | GBPUSD=X: No price data found, symbol may be delisted (period=1d)
2025-10-21 23:04:07,700 | ERROR | Failed to get ticker 'USDJPY=X' reason: Expecting value: line 1 column 1 (char 0)
2025-10-21 23:04:08,701 | ERROR | USDJPY=X: No price data found, symbol may be delisted (period=1d)
2025-10-21 23:04:08,705 | INFO | [DATA] Usando datos simulados para USDJPY: $148.9709
2025-10-21 23:04:09,845 | ERROR | Failed to get ticker 'AUDUSD=X' reason: Expecting value: line 1 column 1 (char 0)
2025-10-21 23:04:10,910 | ERROR | AUDUSD=X: No price data found, symbol may be delisted (period=1d)
2025-10-21 23:04:12,071 | INFO | [SIGNAL] SEÑAL DETECTADA: AUDUSD | BEARISH_BREAKOUT
2025-10-21 23:04:12,081 | INFO |    [CONF] Confianza: 72.1% | Riesgo: HIGH
2025-10-21 23:04:12,083 | INFO |    [PRICE] Precio: $0.7252 | Spread: 0.000250
2025-10-21 23:04:12,083 | INFO | [SKIP] Trade no ejecutado para AUDUSD (condiciones no cumplidas)
2025-10-21 23:04:13,177 | ERROR | Failed to get ticker 'GC=F' reason: Expecting value: line 1 column 1 (char 0)
2025-10-21 23:04:14,202 | ERROR | GC=F: No price data found, symbol may be delisted (period=1d)
2025-10-21 23:04:14,206 | INFO | [DATA] Usando datos simulados para XAUUSD: $2646.7650
2025-10-21 23:04:15,243 | ERROR | Failed to get ticker 'SI=F' reason: Expecting value: line 1 column 1 (char 0)
2025-10-21 23:04:16,397 | ERROR | SI=F: No price data found, symbol may be delisted (period=1d)
2025-10-21 23:04:16,405 | INFO | [DATA] Usando datos simulados para XAGUSD: $31.6534
2025-10-21 23:04:16,419 | INFO | [SIGNALS] Señales detectadas: 1
2025-10-21 23:04:16,430 | INFO | [POSITIONS] Posiciones activas: 0
2025-10-21 23:04:16,435 | INFO | [CAPITAL] Capital actual: $500.00
2025-10-21 23:04:16,436 | INFO | [WAIT] Esperando 60 segundos para el próximo ciclo...
2025-10-21 23:05:16,440 | INFO | 
[CYCLE] CICLO 2 - 04:05:16
2025-10-21 23:05:16,441 | INFO | [SESSION] Sesión: SYDNEY | Prioridad: LOW
2025-10-21 23:05:17,556 | ERROR | Failed to get ticker 'EURUSD=X' reason: Expecting value: line 1 column 1 (char 0)
2025-10-21 23:05:18,555 | ERROR | EURUSD=X: No price data found, symbol may be delisted (period=1d)
2025-10-21 23:05:20,262 | ERROR | Failed to get ticker 'GBPUSD=X' reason: Expecting value: line 1 column 1 (char 0)
2025-10-21 23:05:21,247 | ERROR | GBPUSD=X: No price data found, symbol may be delisted (period=1d)
2025-10-21 23:05:22,917 | ERROR | Failed to get ticker 'USDJPY=X' reason: Expecting value: line 1 column 1 (char 0)
2025-10-21 23:05:23,963 | ERROR | USDJPY=X: No price data found, symbol may be delisted (period=1d)
2025-10-21 23:05:23,967 | INFO | [DATA] Usando datos simulados para USDJPY: $149.1280
2025-10-21 23:05:24,929 | ERROR | Failed to get ticker 'AUDUSD=X' reason: Expecting value: line 1 column 1 (char 0)
2025-10-21 23:05:25,884 | ERROR | AUDUSD=X: No price data found, symbol may be delisted (period=1d)
2025-10-21 23:05:26,625 | INFO | [SIGNAL] SEÑAL DETECTADA: AUDUSD | BEARISH_BREAKOUT
2025-10-21 23:05:26,625 | INFO |    [CONF] Confianza: 72.1% | Riesgo: HIGH
2025-10-21 23:05:26,626 | INFO |    [PRICE] Precio: $0.7252 | Spread: 0.000250
2025-10-21 23:05:26,628 | INFO | [SKIP] Trade no ejecutado para AUDUSD (condiciones no cumplidas)
2025-10-21 23:05:27,635 | ERROR | Failed to get ticker 'GC=F' reason: Expecting value: line 1 column 1 (char 0)
2025-10-21 23:05:28,654 | ERROR | GC=F: No price data found, symbol may be delisted (period=1d)
2025-10-21 23:05:28,657 | INFO | [DATA] Usando datos simulados para XAUUSD: $2640.0759
2025-10-21 23:05:28,669 | INFO | [SIGNAL] SEÑAL DETECTADA: XAUUSD | BEARISH_BREAKOUT
2025-10-21 23:05:28,670 | INFO |    [CONF] Confianza: 69.9% | Riesgo: HIGH
2025-10-21 23:05:28,672 | INFO |    [PRICE] Precio: $2640.0759 | Spread: 0.500000
2025-10-21 23:05:28,672 | INFO | [SKIP] Trade no ejecutado para XAUUSD (condiciones no cumplidas)
2025-10-21 23:05:29,812 | ERROR | Failed to get ticker 'SI=F' reason: Expecting value: line 1 column 1 (char 0)
2025-10-21 23:05:30,911 | ERROR | SI=F: No price data found, symbol may be delisted (period=1d)
2025-10-21 23:05:30,912 | INFO | [DATA] Usando datos simulados para XAGUSD: $31.5330
2025-10-21 23:05:30,912 | INFO | [SIGNALS] Señales detectadas: 2
2025-10-21 23:05:30,912 | INFO | [POSITIONS] Posiciones activas: 0
2025-10-21 23:05:30,912 | INFO | [CAPITAL] Capital actual: $500.00
2025-10-21 23:05:30,917 | INFO | [WAIT] Esperando 60 segundos para el próximo ciclo...
2025-10-21 23:06:30,924 | INFO | 
[CYCLE] CICLO 3 - 04:06:30
2025-10-21 23:06:30,924 | INFO | [SESSION] Sesión: SYDNEY | Prioridad: LOW
2025-10-21 23:06:32,103 | ERROR | Failed to get ticker 'EURUSD=X' reason: Expecting value: line 1 column 1 (char 0)
2025-10-21 23:06:33,096 | ERROR | EURUSD=X: No price data found, symbol may be delisted (period=1d)
2025-10-21 23:06:34,891 | ERROR | Failed to get ticker 'GBPUSD=X' reason: Expecting value: line 1 column 1 (char 0)
2025-10-21 23:06:35,965 | ERROR | GBPUSD=X: No price data found, symbol may be delisted (period=1d)
2025-10-21 23:06:37,750 | ERROR | Failed to get ticker 'USDJPY=X' reason: Expecting value: line 1 column 1 (char 0)
2025-10-21 23:06:38,779 | ERROR | USDJPY=X: No price data found, symbol may be delisted (period=1d)
2025-10-21 23:06:38,788 | INFO | [DATA] Usando datos simulados para USDJPY: $150.2025
2025-10-21 23:06:39,883 | ERROR | Failed to get ticker 'AUDUSD=X' reason: Expecting value: line 1 column 1 (char 0)
2025-10-21 23:06:41,023 | ERROR | AUDUSD=X: No price data found, symbol may be delisted (period=1d)
2025-10-21 23:06:41,757 | INFO | [SIGNAL] SEÑAL DETECTADA: AUDUSD | BEARISH_BREAKOUT
2025-10-21 23:06:41,758 | INFO |    [CONF] Confianza: 72.1% | Riesgo: HIGH
2025-10-21 23:06:41,760 | INFO |    [PRICE] Precio: $0.7252 | Spread: 0.000250
2025-10-21 23:06:41,760 | INFO | [SKIP] Trade no ejecutado para AUDUSD (condiciones no cumplidas)
2025-10-21 23:06:42,714 | ERROR | Failed to get ticker 'GC=F' reason: Expecting value: line 1 column 1 (char 0)
2025-10-21 23:06:43,722 | ERROR | GC=F: No price data found, symbol may be delisted (period=1d)
2025-10-21 23:06:43,725 | INFO | [DATA] Usando datos simulados para XAUUSD: $2648.5385
2025-10-21 23:06:44,798 | ERROR | Failed to get ticker 'SI=F' reason: Expecting value: line 1 column 1 (char 0)
2025-10-21 23:06:45,948 | ERROR | SI=F: No price data found, symbol may be delisted (period=1d)
2025-10-21 23:06:45,952 | INFO | [DATA] Usando datos simulados para XAGUSD: $31.3540
2025-10-21 23:06:45,952 | INFO | [SIGNALS] Señales detectadas: 1
2025-10-21 23:06:45,952 | INFO | [POSITIONS] Posiciones activas: 0
2025-10-21 23:06:45,952 | INFO | [CAPITAL] Capital actual: $500.00
2025-10-21 23:06:45,952 | INFO | [WAIT] Esperando 60 segundos para el próximo ciclo...
2025-10-21 23:07:45,957 | INFO | 
[CYCLE] CICLO 4 - 04:07:45
2025-10-21 23:07:45,957 | INFO | [SESSION] Sesión: SYDNEY | Prioridad: LOW
2025-10-21 23:07:46,790 | ERROR | Failed to get ticker 'EURUSD=X' reason: Expecting value: line 1 column 1 (char 0)
2025-10-21 23:07:47,563 | ERROR | EURUSD=X: No price data found, symbol may be delisted (period=1d)
2025-10-21 23:07:49,052 | ERROR | Failed to get ticker 'GBPUSD=X' reason: Expecting value: line 1 column 1 (char 0)
2025-10-21 23:07:50,067 | ERROR | GBPUSD=X: No price data found, symbol may be delisted (period=1d)
2025-10-21 23:07:51,781 | ERROR | Failed to get ticker 'USDJPY=X' reason: Expecting value: line 1 column 1 (char 0)
2025-10-21 23:07:52,733 | ERROR | USDJPY=X: No price data found, symbol may be delisted (period=1d)
2025-10-21 23:07:52,733 | INFO | [DATA] Usando datos simulados para USDJPY: $149.5046
2025-10-21 23:07:53,698 | ERROR | Failed to get ticker 'AUDUSD=X' reason: Expecting value: line 1 column 1 (char 0)
2025-10-21 23:07:54,631 | ERROR | AUDUSD=X: No price data found, symbol may be delisted (period=1d)
2025-10-21 23:07:55,409 | INFO | [SIGNAL] SEÑAL DETECTADA: AUDUSD | BEARISH_BREAKOUT
2025-10-21 23:07:55,409 | INFO |    [CONF] Confianza: 72.1% | Riesgo: HIGH
2025-10-21 23:07:55,411 | INFO |    [PRICE] Precio: $0.7252 | Spread: 0.000250
2025-10-21 23:07:55,411 | INFO | [SKIP] Trade no ejecutado para AUDUSD (condiciones no cumplidas)
2025-10-21 23:07:56,416 | ERROR | Failed to get ticker 'GC=F' reason: Expecting value: line 1 column 1 (char 0)
2025-10-21 23:07:57,355 | ERROR | GC=F: No price data found, symbol may be delisted (period=1d)
2025-10-21 23:07:57,357 | INFO | [DATA] Usando datos simulados para XAUUSD: $2655.7746
2025-10-21 23:07:58,293 | ERROR | Failed to get ticker 'SI=F' reason: Expecting value: line 1 column 1 (char 0)
2025-10-21 23:07:59,201 | ERROR | SI=F: No price data found, symbol may be delisted (period=1d)
2025-10-21 23:07:59,217 | INFO | [DATA] Usando datos simulados para XAGUSD: $31.3576
2025-10-21 23:07:59,222 | INFO | [SIGNAL] SEÑAL DETECTADA: XAGUSD | BEARISH_BREAKOUT
2025-10-21 23:07:59,222 | INFO |    [CONF] Confianza: 77.2% | Riesgo: HIGH
2025-10-21 23:07:59,222 | INFO |    [PRICE] Precio: $31.3576 | Spread: 0.030000
2025-10-21 23:07:59,227 | INFO | [SKIP] Trade no ejecutado para XAGUSD (condiciones no cumplidas)
2025-10-21 23:07:59,228 | INFO | [SIGNALS] Señales detectadas: 2
2025-10-21 23:07:59,228 | INFO | [POSITIONS] Posiciones activas: 0
2025-10-21 23:07:59,228 | INFO | [CAPITAL] Capital actual: $500.00
2025-10-21 23:07:59,229 | INFO | [WAIT] Esperando 60 segundos para el próximo ciclo...
2025-10-21 23:08:59,241 | INFO | 
[CYCLE] CICLO 5 - 04:08:59
2025-10-21 23:08:59,241 | INFO | [SESSION] Sesión: SYDNEY | Prioridad: LOW
2025-10-21 23:09:00,168 | ERROR | Failed to get ticker 'EURUSD=X' reason: Expecting value: line 1 column 1 (char 0)
2025-10-21 23:09:00,989 | ERROR | EURUSD=X: No price data found, symbol may be delisted (period=1d)
2025-10-21 23:09:02,529 | ERROR | Failed to get ticker 'GBPUSD=X' reason: Expecting value: line 1 column 1 (char 0)
2025-10-21 23:09:03,361 | ERROR | GBPUSD=X: No price data found, symbol may be delisted (period=1d)
2025-10-21 23:09:05,114 | ERROR | Failed to get ticker 'USDJPY=X' reason: Expecting value: line 1 column 1 (char 0)
2025-10-21 23:09:05,986 | ERROR | USDJPY=X: No price data found, symbol may be delisted (period=1d)
2025-10-21 23:09:05,991 | INFO | [DATA] Usando datos simulados para USDJPY: $149.6950
2025-10-21 23:09:06,791 | ERROR | Failed to get ticker 'AUDUSD=X' reason: Expecting value: line 1 column 1 (char 0)
2025-10-21 23:09:07,534 | ERROR | AUDUSD=X: No price data found, symbol may be delisted (period=1d)
2025-10-21 23:09:08,424 | INFO | [SIGNAL] SEÑAL DETECTADA: AUDUSD | BEARISH_BREAKOUT
2025-10-21 23:09:08,428 | INFO |    [CONF] Confianza: 72.1% | Riesgo: HIGH
2025-10-21 23:09:08,430 | INFO |    [PRICE] Precio: $0.7252 | Spread: 0.000250
2025-10-21 23:09:08,430 | INFO | [SKIP] Trade no ejecutado para AUDUSD (condiciones no cumplidas)
2025-10-21 23:09:09,167 | ERROR | Failed to get ticker 'GC=F' reason: Expecting value: line 1 column 1 (char 0)
2025-10-21 23:09:09,927 | ERROR | GC=F: No price data found, symbol may be delisted (period=1d)
2025-10-21 23:09:09,932 | INFO | [DATA] Usando datos simulados para XAUUSD: $2661.0120
2025-10-21 23:09:10,832 | ERROR | Failed to get ticker 'SI=F' reason: Expecting value: line 1 column 1 (char 0)
2025-10-21 23:09:11,602 | ERROR | SI=F: No price data found, symbol may be delisted (period=1d)
2025-10-21 23:09:11,605 | INFO | [DATA] Usando datos simulados para XAGUSD: $31.5169
2025-10-21 23:09:11,605 | INFO | [SIGNALS] Señales detectadas: 1
2025-10-21 23:09:11,605 | INFO | [POSITIONS] Posiciones activas: 0
2025-10-21 23:09:11,607 | INFO | [CAPITAL] Capital actual: $500.00
2025-10-21 23:09:11,611 | INFO | [WAIT] Esperando 60 segundos para el próximo ciclo...
2025-10-21 23:10:11,621 | INFO | 
[CYCLE] CICLO 6 - 04:10:11
2025-10-21 23:10:11,621 | INFO | [SESSION] Sesión: SYDNEY | Prioridad: LOW
2025-10-21 23:10:12,672 | ERROR | Failed to get ticker 'EURUSD=X' reason: Expecting value: line 1 column 1 (char 0)
2025-10-21 23:10:13,552 | ERROR | EURUSD=X: No price data found, symbol may be delisted (period=1d)
2025-10-21 23:10:15,579 | ERROR | Failed to get ticker 'GBPUSD=X' reason: Expecting value: line 1 column 1 (char 0)
2025-10-21 23:10:16,579 | ERROR | GBPUSD=X: No price data found, symbol may be delisted (period=1d)
2025-10-21 23:10:18,375 | ERROR | Failed to get ticker 'USDJPY=X' reason: Expecting value: line 1 column 1 (char 0)
2025-10-21 23:10:19,267 | ERROR | USDJPY=X: No price data found, symbol may be delisted (period=1d)
2025-10-21 23:10:19,274 | INFO | [DATA] Usando datos simulados para USDJPY: $149.8243
2025-10-21 23:10:20,107 | ERROR | Failed to get ticker 'AUDUSD=X' reason: Expecting value: line 1 column 1 (char 0)
2025-10-21 23:10:20,995 | ERROR | AUDUSD=X: No price data found, symbol may be delisted (period=1d)
2025-10-21 23:10:21,972 | INFO | [SIGNAL] SEÑAL DETECTADA: AUDUSD | BEARISH_BREAKOUT
2025-10-21 23:10:21,974 | INFO |    [CONF] Confianza: 72.1% | Riesgo: HIGH
2025-10-21 23:10:21,978 | INFO |    [PRICE] Precio: $0.7252 | Spread: 0.000250
2025-10-21 23:10:21,978 | INFO | [SKIP] Trade no ejecutado para AUDUSD (condiciones no cumplidas)
2025-10-21 23:10:22,918 | ERROR | Failed to get ticker 'GC=F' reason: Expecting value: line 1 column 1 (char 0)
2025-10-21 23:10:23,859 | ERROR | GC=F: No price data found, symbol may be delisted (period=1d)
2025-10-21 23:10:23,866 | INFO | [DATA] Usando datos simulados para XAUUSD: $2652.9364
2025-10-21 23:10:23,870 | INFO | [SIGNAL] SEÑAL DETECTADA: XAUUSD | BULLISH_BREAKOUT
2025-10-21 23:10:23,870 | INFO |    [CONF] Confianza: 68.8% | Riesgo: HIGH
2025-10-21 23:10:23,870 | INFO |    [PRICE] Precio: $2652.9364 | Spread: 0.500000
2025-10-21 23:10:23,870 | INFO | [SKIP] Trade no ejecutado para XAUUSD (condiciones no cumplidas)
2025-10-21 23:10:24,791 | ERROR | Failed to get ticker 'SI=F' reason: Expecting value: line 1 column 1 (char 0)
2025-10-21 23:10:25,601 | ERROR | SI=F: No price data found, symbol may be delisted (period=1d)
2025-10-21 23:10:25,604 | INFO | [DATA] Usando datos simulados para XAGUSD: $31.4773
2025-10-21 23:10:25,605 | INFO | [SIGNALS] Señales detectadas: 2
2025-10-21 23:10:25,605 | INFO | [POSITIONS] Posiciones activas: 0
2025-10-21 23:10:25,605 | INFO | [CAPITAL] Capital actual: $500.00
2025-10-21 23:10:25,605 | INFO | [WAIT] Esperando 60 segundos para el próximo ciclo...
2025-10-21 23:11:25,611 | INFO | 
[CYCLE] CICLO 7 - 04:11:25
2025-10-21 23:11:25,612 | INFO | [SESSION] Sesión: SYDNEY | Prioridad: LOW
2025-10-21 23:11:26,934 | ERROR | Failed to get ticker 'EURUSD=X' reason: Expecting value: line 1 column 1 (char 0)
2025-10-21 23:11:27,978 | ERROR | EURUSD=X: No price data found, symbol may be delisted (period=1d)
2025-10-21 23:11:29,803 | ERROR | Failed to get ticker 'GBPUSD=X' reason: Expecting value: line 1 column 1 (char 0)
2025-10-21 23:11:30,651 | ERROR | GBPUSD=X: No price data found, symbol may be delisted (period=1d)
2025-10-21 23:11:32,278 | ERROR | Failed to get ticker 'USDJPY=X' reason: Expecting value: line 1 column 1 (char 0)
2025-10-21 23:11:33,038 | ERROR | USDJPY=X: No price data found, symbol may be delisted (period=1d)
2025-10-21 23:11:33,042 | INFO | [DATA] Usando datos simulados para USDJPY: $150.0269
2025-10-21 23:11:33,928 | ERROR | Failed to get ticker 'AUDUSD=X' reason: Expecting value: line 1 column 1 (char 0)
2025-10-21 23:11:34,817 | ERROR | AUDUSD=X: No price data found, symbol may be delisted (period=1d)
2025-10-21 23:11:35,641 | INFO | [SIGNAL] SEÑAL DETECTADA: AUDUSD | BEARISH_BREAKOUT
2025-10-21 23:11:35,641 | INFO |    [CONF] Confianza: 72.1% | Riesgo: HIGH
2025-10-21 23:11:35,641 | INFO |    [PRICE] Precio: $0.7252 | Spread: 0.000250
2025-10-21 23:11:35,641 | INFO | [SKIP] Trade no ejecutado para AUDUSD (condiciones no cumplidas)
2025-10-21 23:11:36,504 | ERROR | Failed to get ticker 'GC=F' reason: Expecting value: line 1 column 1 (char 0)
2025-10-21 23:11:37,261 | ERROR | GC=F: No price data found, symbol may be delisted (period=1d)
2025-10-21 23:11:37,261 | INFO | [DATA] Usando datos simulados para XAUUSD: $2644.9965
2025-10-21 23:11:38,161 | ERROR | Failed to get ticker 'SI=F' reason: Expecting value: line 1 column 1 (char 0)
2025-10-21 23:11:38,988 | ERROR | SI=F: No price data found, symbol may be delisted (period=1d)
2025-10-21 23:11:38,988 | INFO | [DATA] Usando datos simulados para XAGUSD: $31.4957
2025-10-21 23:11:38,988 | INFO | [SIGNALS] Señales detectadas: 1
2025-10-21 23:11:38,988 | INFO | [POSITIONS] Posiciones activas: 0
2025-10-21 23:11:38,988 | INFO | [CAPITAL] Capital actual: $500.00
2025-10-21 23:11:38,988 | INFO | [WAIT] Esperando 60 segundos para el próximo ciclo...
2025-10-21 23:12:38,994 | INFO | 
[CYCLE] CICLO 8 - 04:12:38
2025-10-21 23:12:38,994 | INFO | [SESSION] Sesión: SYDNEY | Prioridad: LOW
2025-10-21 23:12:40,096 | ERROR | Failed to get ticker 'EURUSD=X' reason: Expecting value: line 1 column 1 (char 0)
2025-10-21 23:12:40,914 | ERROR | EURUSD=X: No price data found, symbol may be delisted (period=1d)
2025-10-21 23:12:42,712 | ERROR | Failed to get ticker 'GBPUSD=X' reason: Expecting value: line 1 column 1 (char 0)
2025-10-21 23:12:43,513 | ERROR | GBPUSD=X: No price data found, symbol may be delisted (period=1d)
2025-10-21 23:12:45,158 | ERROR | Failed to get ticker 'USDJPY=X' reason: Expecting value: line 1 column 1 (char 0)
2025-10-21 23:12:45,967 | ERROR | USDJPY=X: No price data found, symbol may be delisted (period=1d)
2025-10-21 23:12:45,978 | INFO | [DATA] Usando datos simulados para USDJPY: $149.6587
2025-10-21 23:12:46,754 | ERROR | Failed to get ticker 'AUDUSD=X' reason: Expecting value: line 1 column 1 (char 0)
2025-10-21 23:12:47,652 | ERROR | AUDUSD=X: No price data found, symbol may be delisted (period=1d)
2025-10-21 23:12:48,679 | INFO | [SIGNAL] SEÑAL DETECTADA: AUDUSD | BEARISH_BREAKOUT
2025-10-21 23:12:48,679 | INFO |    [CONF] Confianza: 72.1% | Riesgo: HIGH
2025-10-21 23:12:48,681 | INFO |    [PRICE] Precio: $0.7252 | Spread: 0.000250
2025-10-21 23:12:48,681 | INFO | [SKIP] Trade no ejecutado para AUDUSD (condiciones no cumplidas)
2025-10-21 23:12:49,637 | ERROR | Failed to get ticker 'GC=F' reason: Expecting value: line 1 column 1 (char 0)
2025-10-21 23:12:50,588 | ERROR | GC=F: No price data found, symbol may be delisted (period=1d)
2025-10-21 23:12:50,590 | INFO | [DATA] Usando datos simulados para XAUUSD: $2644.9176
2025-10-21 23:12:50,600 | INFO | [SIGNAL] SEÑAL DETECTADA: XAUUSD | BEARISH_BREAKOUT
2025-10-21 23:12:50,607 | INFO |    [CONF] Confianza: 67.1% | Riesgo: HIGH
2025-10-21 23:12:50,617 | INFO |    [PRICE] Precio: $2644.9176 | Spread: 0.500000
2025-10-21 23:12:50,617 | INFO | [SKIP] Trade no ejecutado para XAUUSD (condiciones no cumplidas)
2025-10-21 23:12:51,584 | ERROR | Failed to get ticker 'SI=F' reason: Expecting value: line 1 column 1 (char 0)
2025-10-21 23:12:52,482 | ERROR | SI=F: No price data found, symbol may be delisted (period=1d)
2025-10-21 23:12:52,498 | INFO | [DATA] Usando datos simulados para XAGUSD: $31.4000
2025-10-21 23:12:52,498 | INFO | [SIGNALS] Señales detectadas: 2
2025-10-21 23:12:52,498 | INFO | [POSITIONS] Posiciones activas: 0
2025-10-21 23:12:52,498 | INFO | [CAPITAL] Capital actual: $500.00
2025-10-21 23:12:52,498 | INFO | [WAIT] Esperando 60 segundos para el próximo ciclo...
2025-10-21 23:13:52,511 | INFO | 
[CYCLE] CICLO 9 - 04:13:52
2025-10-21 23:13:52,513 | INFO | [SESSION] Sesión: SYDNEY | Prioridad: LOW
2025-10-21 23:13:53,634 | ERROR | Failed to get ticker 'EURUSD=X' reason: Expecting value: line 1 column 1 (char 0)
2025-10-21 23:13:54,700 | ERROR | EURUSD=X: No price data found, symbol may be delisted (period=1d)
2025-10-21 23:13:56,613 | ERROR | Failed to get ticker 'GBPUSD=X' reason: Expecting value: line 1 column 1 (char 0)
2025-10-21 23:13:57,723 | ERROR | GBPUSD=X: No price data found, symbol may be delisted (period=1d)
2025-10-21 23:13:59,471 | ERROR | Failed to get ticker 'USDJPY=X' reason: Expecting value: line 1 column 1 (char 0)
2025-10-21 23:14:00,572 | ERROR | USDJPY=X: No price data found, symbol may be delisted (period=1d)
2025-10-21 23:14:00,581 | INFO | [DATA] Usando datos simulados para USDJPY: $150.0679
2025-10-21 23:14:01,663 | ERROR | Failed to get ticker 'AUDUSD=X' reason: Expecting value: line 1 column 1 (char 0)
2025-10-21 23:14:02,720 | ERROR | AUDUSD=X: No price data found, symbol may be delisted (period=1d)
2025-10-21 23:14:03,538 | INFO | [SIGNAL] SEÑAL DETECTADA: AUDUSD | BEARISH_BREAKOUT
2025-10-21 23:14:03,538 | INFO |    [CONF] Confianza: 72.1% | Riesgo: HIGH
2025-10-21 23:14:03,538 | INFO |    [PRICE] Precio: $0.7252 | Spread: 0.000250
2025-10-21 23:14:03,538 | INFO | [SKIP] Trade no ejecutado para AUDUSD (condiciones no cumplidas)
2025-10-21 23:14:04,566 | ERROR | Failed to get ticker 'GC=F' reason: Expecting value: line 1 column 1 (char 0)
2025-10-21 23:14:05,836 | ERROR | GC=F: No price data found, symbol may be delisted (period=1d)
2025-10-21 23:14:05,838 | INFO | [DATA] Usando datos simulados para XAUUSD: $2651.7088
2025-10-21 23:14:06,886 | ERROR | Failed to get ticker 'SI=F' reason: Expecting value: line 1 column 1 (char 0)
2025-10-21 23:14:07,936 | ERROR | SI=F: No price data found, symbol may be delisted (period=1d)
2025-10-21 23:14:07,940 | INFO | [DATA] Usando datos simulados para XAGUSD: $31.3993
2025-10-21 23:14:07,940 | INFO | [SIGNALS] Señales detectadas: 1
2025-10-21 23:14:07,940 | INFO | [POSITIONS] Posiciones activas: 0
2025-10-21 23:14:07,940 | INFO | [CAPITAL] Capital actual: $500.00
2025-10-21 23:14:07,940 | INFO | [WAIT] Esperando 60 segundos para el próximo ciclo...
2025-10-21 23:15:07,942 | INFO | 
[CYCLE] CICLO 10 - 04:15:07
2025-10-21 23:15:07,942 | INFO | [SESSION] Sesión: SYDNEY | Prioridad: LOW
2025-10-21 23:15:09,144 | ERROR | Failed to get ticker 'EURUSD=X' reason: Expecting value: line 1 column 1 (char 0)
2025-10-21 23:15:10,111 | ERROR | EURUSD=X: No price data found, symbol may be delisted (period=1d)
2025-10-21 23:15:11,994 | ERROR | Failed to get ticker 'GBPUSD=X' reason: Expecting value: line 1 column 1 (char 0)
2025-10-21 23:15:12,896 | ERROR | GBPUSD=X: No price data found, symbol may be delisted (period=1d)
2025-10-21 23:15:14,619 | ERROR | Failed to get ticker 'USDJPY=X' reason: Expecting value: line 1 column 1 (char 0)
2025-10-21 23:15:15,539 | ERROR | USDJPY=X: No price data found, symbol may be delisted (period=1d)
2025-10-21 23:15:15,542 | INFO | [DATA] Usando datos simulados para USDJPY: $149.0107
2025-10-21 23:15:16,390 | ERROR | Failed to get ticker 'AUDUSD=X' reason: Expecting value: line 1 column 1 (char 0)
2025-10-21 23:15:17,250 | ERROR | AUDUSD=X: No price data found, symbol may be delisted (period=1d)
2025-10-21 23:15:18,058 | INFO | [SIGNAL] SEÑAL DETECTADA: AUDUSD | BEARISH_BREAKOUT
2025-10-21 23:15:18,058 | INFO |    [CONF] Confianza: 72.1% | Riesgo: HIGH
2025-10-21 23:15:18,058 | INFO |    [PRICE] Precio: $0.7252 | Spread: 0.000250
2025-10-21 23:15:18,058 | INFO | [SKIP] Trade no ejecutado para AUDUSD (condiciones no cumplidas)
2025-10-21 23:15:18,948 | ERROR | Failed to get ticker 'GC=F' reason: Expecting value: line 1 column 1 (char 0)
2025-10-21 23:15:19,806 | ERROR | GC=F: No price data found, symbol may be delisted (period=1d)
2025-10-21 23:15:19,809 | INFO | [DATA] Usando datos simulados para XAUUSD: $2651.7371
2025-10-21 23:15:20,774 | ERROR | Failed to get ticker 'SI=F' reason: Expecting value: line 1 column 1 (char 0)
2025-10-21 23:15:21,751 | ERROR | SI=F: No price data found, symbol may be delisted (period=1d)
2025-10-21 23:15:21,759 | INFO | [DATA] Usando datos simulados para XAGUSD: $31.5915
2025-10-21 23:15:21,761 | INFO | [SIGNALS] Señales detectadas: 1
2025-10-21 23:15:21,763 | INFO | [POSITIONS] Posiciones activas: 0
2025-10-21 23:15:21,765 | INFO | [CAPITAL] Capital actual: $500.00
2025-10-21 23:15:21,767 | INFO | [STATS] ROI Total: +0.00% | Señales totales: 14
2025-10-21 23:15:21,767 | INFO | [WAIT] Esperando 60 segundos para el próximo ciclo...
2025-10-21 23:16:21,775 | INFO | 
[CYCLE] CICLO 11 - 04:16:21
2025-10-21 23:16:21,776 | INFO | [SESSION] Sesión: SYDNEY | Prioridad: LOW
2025-10-21 23:16:23,147 | ERROR | Failed to get ticker 'EURUSD=X' reason: Expecting value: line 1 column 1 (char 0)
2025-10-21 23:16:24,041 | ERROR | EURUSD=X: No price data found, symbol may be delisted (period=1d)
2025-10-21 23:16:25,836 | ERROR | Failed to get ticker 'GBPUSD=X' reason: Expecting value: line 1 column 1 (char 0)
2025-10-21 23:16:26,763 | ERROR | GBPUSD=X: No price data found, symbol may be delisted (period=1d)
2025-10-21 23:16:28,431 | ERROR | Failed to get ticker 'USDJPY=X' reason: Expecting value: line 1 column 1 (char 0)
2025-10-21 23:16:29,279 | ERROR | USDJPY=X: No price data found, symbol may be delisted (period=1d)
2025-10-21 23:16:29,281 | INFO | [DATA] Usando datos simulados para USDJPY: $148.8046
2025-10-21 23:16:30,190 | ERROR | Failed to get ticker 'AUDUSD=X' reason: Expecting value: line 1 column 1 (char 0)
2025-10-21 23:16:31,031 | ERROR | AUDUSD=X: No price data found, symbol may be delisted (period=1d)
2025-10-21 23:16:31,814 | INFO | [SIGNAL] SEÑAL DETECTADA: AUDUSD | BEARISH_BREAKOUT
2025-10-21 23:16:31,821 | INFO |    [CONF] Confianza: 72.1% | Riesgo: HIGH
2025-10-21 23:16:31,821 | INFO |    [PRICE] Precio: $0.7252 | Spread: 0.000250
2025-10-21 23:16:31,821 | INFO | [SKIP] Trade no ejecutado para AUDUSD (condiciones no cumplidas)
2025-10-21 23:16:32,611 | ERROR | Failed to get ticker 'GC=F' reason: Expecting value: line 1 column 1 (char 0)
2025-10-21 23:16:33,528 | ERROR | GC=F: No price data found, symbol may be delisted (period=1d)
2025-10-21 23:16:33,532 | INFO | [DATA] Usando datos simulados para XAUUSD: $2645.0198
2025-10-21 23:16:33,545 | INFO | [SIGNAL] SEÑAL DETECTADA: XAUUSD | BULLISH_BREAKOUT
2025-10-21 23:16:33,545 | INFO |    [CONF] Confianza: 71.0% | Riesgo: HIGH
2025-10-21 23:16:33,546 | INFO |    [PRICE] Precio: $2645.0198 | Spread: 0.500000
2025-10-21 23:16:33,546 | INFO | [SKIP] Trade no ejecutado para XAUUSD (condiciones no cumplidas)
2025-10-21 23:16:34,375 | ERROR | Failed to get ticker 'SI=F' reason: Expecting value: line 1 column 1 (char 0)
2025-10-21 23:16:35,205 | ERROR | SI=F: No price data found, symbol may be delisted (period=1d)
2025-10-21 23:16:35,221 | INFO | [DATA] Usando datos simulados para XAGUSD: $31.4059
2025-10-21 23:16:35,221 | INFO | [SIGNALS] Señales detectadas: 2
2025-10-21 23:16:35,221 | INFO | [POSITIONS] Posiciones activas: 0
2025-10-21 23:16:35,221 | INFO | [CAPITAL] Capital actual: $500.00
2025-10-21 23:16:35,221 | INFO | [WAIT] Esperando 60 segundos para el próximo ciclo...
2025-10-21 23:17:35,230 | INFO | 
[CYCLE] CICLO 12 - 04:17:35
2025-10-21 23:17:35,231 | INFO | [SESSION] Sesión: SYDNEY | Prioridad: LOW
2025-10-21 23:17:36,212 | ERROR | Failed to get ticker 'EURUSD=X' reason: Expecting value: line 1 column 1 (char 0)
2025-10-21 23:17:37,076 | ERROR | EURUSD=X: No price data found, symbol may be delisted (period=1d)
2025-10-21 23:17:39,195 | ERROR | Failed to get ticker 'GBPUSD=X' reason: Expecting value: line 1 column 1 (char 0)
2025-10-21 23:17:40,159 | ERROR | GBPUSD=X: No price data found, symbol may be delisted (period=1d)
2025-10-21 23:17:42,331 | ERROR | Failed to get ticker 'USDJPY=X' reason: Expecting value: line 1 column 1 (char 0)
2025-10-21 23:17:43,454 | ERROR | USDJPY=X: No price data found, symbol may be delisted (period=1d)
2025-10-21 23:17:43,455 | INFO | [DATA] Usando datos simulados para USDJPY: $149.3603
2025-10-21 23:17:44,722 | ERROR | Failed to get ticker 'AUDUSD=X' reason: Expecting value: line 1 column 1 (char 0)
2025-10-21 23:17:46,374 | ERROR | AUDUSD=X: No price data found, symbol may be delisted (period=1d)
2025-10-21 23:17:47,345 | INFO | [SIGNAL] SEÑAL DETECTADA: AUDUSD | BEARISH_BREAKOUT
2025-10-21 23:17:47,347 | INFO |    [CONF] Confianza: 72.1% | Riesgo: HIGH
2025-10-21 23:17:47,351 | INFO |    [PRICE] Precio: $0.7252 | Spread: 0.000250
2025-10-21 23:17:47,362 | INFO | [SKIP] Trade no ejecutado para AUDUSD (condiciones no cumplidas)
2025-10-21 23:17:48,529 | ERROR | Failed to get ticker 'GC=F' reason: Expecting value: line 1 column 1 (char 0)
2025-10-21 23:17:49,639 | ERROR | GC=F: No price data found, symbol may be delisted (period=1d)
2025-10-21 23:17:49,643 | INFO | [DATA] Usando datos simulados para XAUUSD: $2642.1342
2025-10-21 23:17:50,762 | ERROR | Failed to get ticker 'SI=F' reason: Expecting value: line 1 column 1 (char 0)
2025-10-21 23:17:51,903 | ERROR | SI=F: No price data found, symbol may be delisted (period=1d)
2025-10-21 23:17:51,906 | INFO | [DATA] Usando datos simulados para XAGUSD: $31.4245
2025-10-21 23:17:51,906 | INFO | [SIGNALS] Señales detectadas: 1
2025-10-21 23:17:51,906 | INFO | [POSITIONS] Posiciones activas: 0
2025-10-21 23:17:51,906 | INFO | [CAPITAL] Capital actual: $500.00
2025-10-21 23:17:51,906 | INFO | [WAIT] Esperando 60 segundos para el próximo ciclo...
2025-10-21 23:18:51,921 | INFO | 
[CYCLE] CICLO 13 - 04:18:51
2025-10-21 23:18:51,922 | INFO | [SESSION] Sesión: SYDNEY | Prioridad: LOW
2025-10-21 23:18:53,078 | ERROR | Failed to get ticker 'EURUSD=X' reason: Expecting value: line 1 column 1 (char 0)
2025-10-21 23:18:54,075 | ERROR | EURUSD=X: No price data found, symbol may be delisted (period=1d)
2025-10-21 23:18:56,060 | ERROR | Failed to get ticker 'GBPUSD=X' reason: Expecting value: line 1 column 1 (char 0)
2025-10-21 23:18:57,129 | ERROR | GBPUSD=X: No price data found, symbol may be delisted (period=1d)
2025-10-21 23:18:59,105 | ERROR | Failed to get ticker 'USDJPY=X' reason: Expecting value: line 1 column 1 (char 0)
2025-10-21 23:19:00,141 | ERROR | USDJPY=X: No price data found, symbol may be delisted (period=1d)
2025-10-21 23:19:00,143 | INFO | [DATA] Usando datos simulados para USDJPY: $148.9505
2025-10-21 23:19:01,326 | ERROR | Failed to get ticker 'AUDUSD=X' reason: Expecting value: line 1 column 1 (char 0)
2025-10-21 23:19:02,440 | ERROR | AUDUSD=X: No price data found, symbol may be delisted (period=1d)
2025-10-21 23:19:03,341 | INFO | [SIGNAL] SEÑAL DETECTADA: AUDUSD | BEARISH_BREAKOUT
2025-10-21 23:19:03,341 | INFO |    [CONF] Confianza: 72.1% | Riesgo: HIGH
2025-10-21 23:19:03,341 | INFO |    [PRICE] Precio: $0.7252 | Spread: 0.000250
2025-10-21 23:19:03,345 | INFO | [SKIP] Trade no ejecutado para AUDUSD (condiciones no cumplidas)
2025-10-21 23:19:04,374 | ERROR | Failed to get ticker 'GC=F' reason: Expecting value: line 1 column 1 (char 0)
2025-10-21 23:19:05,383 | ERROR | GC=F: No price data found, symbol may be delisted (period=1d)
2025-10-21 23:19:05,388 | INFO | [DATA] Usando datos simulados para XAUUSD: $2659.4652
2025-10-21 23:19:06,448 | ERROR | Failed to get ticker 'SI=F' reason: Expecting value: line 1 column 1 (char 0)
2025-10-21 23:19:07,503 | ERROR | SI=F: No price data found, symbol may be delisted (period=1d)
2025-10-21 23:19:07,506 | INFO | [DATA] Usando datos simulados para XAGUSD: $31.4769
2025-10-21 23:19:07,506 | INFO | [SIGNALS] Señales detectadas: 1
2025-10-21 23:19:07,506 | INFO | [POSITIONS] Posiciones activas: 0
2025-10-21 23:19:07,506 | INFO | [CAPITAL] Capital actual: $500.00
2025-10-21 23:19:07,506 | INFO | [WAIT] Esperando 60 segundos para el próximo ciclo...
2025-10-21 23:20:07,517 | INFO | 
[CYCLE] CICLO 14 - 04:20:07
2025-10-21 23:20:07,517 | INFO | [SESSION] Sesión: SYDNEY | Prioridad: LOW
2025-10-21 23:20:08,542 | ERROR | Failed to get ticker 'EURUSD=X' reason: Expecting value: line 1 column 1 (char 0)
2025-10-21 23:20:09,371 | ERROR | EURUSD=X: No price data found, symbol may be delisted (period=1d)
2025-10-21 23:20:11,104 | ERROR | Failed to get ticker 'GBPUSD=X' reason: Expecting value: line 1 column 1 (char 0)
2025-10-21 23:20:12,199 | ERROR | GBPUSD=X: No price data found, symbol may be delisted (period=1d)
2025-10-21 23:20:14,457 | ERROR | Failed to get ticker 'USDJPY=X' reason: Expecting value: line 1 column 1 (char 0)
2025-10-21 23:20:15,500 | ERROR | USDJPY=X: No price data found, symbol may be delisted (period=1d)
2025-10-21 23:20:15,502 | INFO | [DATA] Usando datos simulados para USDJPY: $150.1913
2025-10-21 23:20:16,510 | ERROR | Failed to get ticker 'AUDUSD=X' reason: Expecting value: line 1 column 1 (char 0)
2025-10-21 23:20:17,530 | ERROR | AUDUSD=X: No price data found, symbol may be delisted (period=1d)
2025-10-21 23:20:18,564 | INFO | [SIGNAL] SEÑAL DETECTADA: AUDUSD | BEARISH_BREAKOUT
2025-10-21 23:20:18,567 | INFO |    [CONF] Confianza: 72.1% | Riesgo: HIGH
2025-10-21 23:20:18,567 | INFO |    [PRICE] Precio: $0.7252 | Spread: 0.000250
2025-10-21 23:20:18,568 | INFO | [SKIP] Trade no ejecutado para AUDUSD (condiciones no cumplidas)
2025-10-21 23:20:19,586 | ERROR | Failed to get ticker 'GC=F' reason: Expecting value: line 1 column 1 (char 0)
2025-10-21 23:20:20,818 | ERROR | GC=F: No price data found, symbol may be delisted (period=1d)
2025-10-21 23:20:20,821 | INFO | [DATA] Usando datos simulados para XAUUSD: $2644.8116
2025-10-21 23:20:22,046 | ERROR | Failed to get ticker 'SI=F' reason: Expecting value: line 1 column 1 (char 0)
2025-10-21 23:20:23,227 | ERROR | SI=F: No price data found, symbol may be delisted (period=1d)
2025-10-21 23:20:23,231 | INFO | [DATA] Usando datos simulados para XAGUSD: $31.5596
2025-10-21 23:20:23,231 | INFO | [SIGNALS] Señales detectadas: 1
2025-10-21 23:20:23,231 | INFO | [POSITIONS] Posiciones activas: 0
2025-10-21 23:20:23,235 | INFO | [CAPITAL] Capital actual: $500.00
2025-10-21 23:20:23,235 | INFO | [WAIT] Esperando 60 segundos para el próximo ciclo...
2025-10-21 23:21:23,241 | INFO | 
[CYCLE] CICLO 15 - 04:21:23
2025-10-21 23:21:23,241 | INFO | [SESSION] Sesión: SYDNEY | Prioridad: LOW
2025-10-21 23:21:24,290 | ERROR | Failed to get ticker 'EURUSD=X' reason: Expecting value: line 1 column 1 (char 0)
2025-10-21 23:21:25,346 | ERROR | EURUSD=X: No price data found, symbol may be delisted (period=1d)
2025-10-21 23:21:27,194 | ERROR | Failed to get ticker 'GBPUSD=X' reason: Expecting value: line 1 column 1 (char 0)
2025-10-21 23:21:28,207 | ERROR | GBPUSD=X: No price data found, symbol may be delisted (period=1d)
2025-10-21 23:21:30,095 | ERROR | Failed to get ticker 'USDJPY=X' reason: Expecting value: line 1 column 1 (char 0)
2025-10-21 23:21:31,153 | ERROR | USDJPY=X: No price data found, symbol may be delisted (period=1d)
2025-10-21 23:21:31,157 | INFO | [DATA] Usando datos simulados para USDJPY: $148.8227
2025-10-21 23:21:32,266 | ERROR | Failed to get ticker 'AUDUSD=X' reason: Expecting value: line 1 column 1 (char 0)
2025-10-21 23:21:33,246 | ERROR | AUDUSD=X: No price data found, symbol may be delisted (period=1d)
2025-10-21 23:21:34,103 | INFO | [SIGNAL] SEÑAL DETECTADA: AUDUSD | BEARISH_BREAKOUT
2025-10-21 23:21:34,105 | INFO |    [CONF] Confianza: 72.1% | Riesgo: HIGH
2025-10-21 23:21:34,107 | INFO |    [PRICE] Precio: $0.7252 | Spread: 0.000250
2025-10-21 23:21:34,107 | INFO | [SKIP] Trade no ejecutado para AUDUSD (condiciones no cumplidas)
2025-10-21 23:21:35,267 | ERROR | Failed to get ticker 'GC=F' reason: Expecting value: line 1 column 1 (char 0)
2025-10-21 23:21:36,425 | ERROR | GC=F: No price data found, symbol may be delisted (period=1d)
2025-10-21 23:21:36,430 | INFO | [DATA] Usando datos simulados para XAUUSD: $2650.9110
2025-10-21 23:21:37,444 | ERROR | Failed to get ticker 'SI=F' reason: Expecting value: line 1 column 1 (char 0)
2025-10-21 23:21:38,622 | ERROR | SI=F: No price data found, symbol may be delisted (period=1d)
2025-10-21 23:21:38,624 | INFO | [DATA] Usando datos simulados para XAGUSD: $31.5364
2025-10-21 23:21:38,624 | INFO | [SIGNALS] Señales detectadas: 1
2025-10-21 23:21:38,626 | INFO | [POSITIONS] Posiciones activas: 0
2025-10-21 23:21:38,626 | INFO | [CAPITAL] Capital actual: $500.00
2025-10-21 23:21:38,628 | INFO | [WAIT] Esperando 60 segundos para el próximo ciclo...
2025-10-21 23:22:38,640 | INFO | 
[CYCLE] CICLO 16 - 04:22:38
2025-10-21 23:22:38,640 | INFO | [SESSION] Sesión: SYDNEY | Prioridad: LOW
2025-10-21 23:22:39,737 | ERROR | Failed to get ticker 'EURUSD=X' reason: Expecting value: line 1 column 1 (char 0)
2025-10-21 23:22:40,617 | ERROR | EURUSD=X: No price data found, symbol may be delisted (period=1d)
2025-10-21 23:22:42,483 | ERROR | Failed to get ticker 'GBPUSD=X' reason: Expecting value: line 1 column 1 (char 0)
2025-10-21 23:22:43,376 | ERROR | GBPUSD=X: No price data found, symbol may be delisted (period=1d)
2025-10-21 23:22:45,085 | ERROR | Failed to get ticker 'USDJPY=X' reason: Expecting value: line 1 column 1 (char 0)
2025-10-21 23:22:46,060 | ERROR | USDJPY=X: No price data found, symbol may be delisted (period=1d)
2025-10-21 23:22:46,064 | INFO | [DATA] Usando datos simulados para USDJPY: $148.8161
2025-10-21 23:22:46,958 | ERROR | Failed to get ticker 'AUDUSD=X' reason: Expecting value: line 1 column 1 (char 0)
2025-10-21 23:22:47,842 | ERROR | AUDUSD=X: No price data found, symbol may be delisted (period=1d)
2025-10-21 23:22:48,703 | INFO | [SIGNAL] SEÑAL DETECTADA: AUDUSD | BEARISH_BREAKOUT
2025-10-21 23:22:48,703 | INFO |    [CONF] Confianza: 72.1% | Riesgo: HIGH
2025-10-21 23:22:48,705 | INFO |    [PRICE] Precio: $0.7252 | Spread: 0.000250
2025-10-21 23:22:48,705 | INFO | [SKIP] Trade no ejecutado para AUDUSD (condiciones no cumplidas)
2025-10-21 23:22:49,600 | ERROR | Failed to get ticker 'GC=F' reason: Expecting value: line 1 column 1 (char 0)
2025-10-21 23:22:50,518 | ERROR | GC=F: No price data found, symbol may be delisted (period=1d)
2025-10-21 23:22:50,522 | INFO | [DATA] Usando datos simulados para XAUUSD: $2641.5069
2025-10-21 23:22:51,523 | ERROR | Failed to get ticker 'SI=F' reason: Expecting value: line 1 column 1 (char 0)
2025-10-21 23:22:52,508 | ERROR | SI=F: No price data found, symbol may be delisted (period=1d)
2025-10-21 23:22:52,511 | INFO | [DATA] Usando datos simulados para XAGUSD: $31.5548
2025-10-21 23:22:52,511 | INFO | [SIGNALS] Señales detectadas: 1
2025-10-21 23:22:52,511 | INFO | [POSITIONS] Posiciones activas: 0
2025-10-21 23:22:52,511 | INFO | [CAPITAL] Capital actual: $500.00
2025-10-21 23:22:52,511 | INFO | [WAIT] Esperando 60 segundos para el próximo ciclo...
2025-10-21 23:23:52,511 | INFO | 
[CYCLE] CICLO 17 - 04:23:52
2025-10-21 23:23:52,513 | INFO | [SESSION] Sesión: SYDNEY | Prioridad: LOW
2025-10-21 23:23:53,528 | ERROR | Failed to get ticker 'EURUSD=X' reason: Expecting value: line 1 column 1 (char 0)
2025-10-21 23:23:54,361 | ERROR | EURUSD=X: No price data found, symbol may be delisted (period=1d)
2025-10-21 23:23:55,978 | ERROR | Failed to get ticker 'GBPUSD=X' reason: Expecting value: line 1 column 1 (char 0)
2025-10-21 23:23:56,851 | ERROR | GBPUSD=X: No price data found, symbol may be delisted (period=1d)
2025-10-21 23:23:58,532 | ERROR | Failed to get ticker 'USDJPY=X' reason: Expecting value: line 1 column 1 (char 0)
2025-10-21 23:23:59,301 | ERROR | USDJPY=X: No price data found, symbol may be delisted (period=1d)
2025-10-21 23:23:59,305 | INFO | [DATA] Usando datos simulados para USDJPY: $149.3200
2025-10-21 23:24:00,091 | ERROR | Failed to get ticker 'AUDUSD=X' reason: Expecting value: line 1 column 1 (char 0)
2025-10-21 23:24:00,940 | ERROR | AUDUSD=X: No price data found, symbol may be delisted (period=1d)
2025-10-21 23:24:01,742 | INFO | [SIGNAL] SEÑAL DETECTADA: AUDUSD | BEARISH_BREAKOUT
2025-10-21 23:24:01,742 | INFO |    [CONF] Confianza: 72.1% | Riesgo: HIGH
2025-10-21 23:24:01,742 | INFO |    [PRICE] Precio: $0.7252 | Spread: 0.000250
2025-10-21 23:24:01,742 | INFO | [SKIP] Trade no ejecutado para AUDUSD (condiciones no cumplidas)
2025-10-21 23:24:02,610 | ERROR | Failed to get ticker 'GC=F' reason: Expecting value: line 1 column 1 (char 0)
2025-10-21 23:24:03,430 | ERROR | GC=F: No price data found, symbol may be delisted (period=1d)
2025-10-21 23:24:03,435 | INFO | [DATA] Usando datos simulados para XAUUSD: $2643.1663
2025-10-21 23:24:04,179 | ERROR | Failed to get ticker 'SI=F' reason: Expecting value: line 1 column 1 (char 0)
2025-10-21 23:24:05,088 | ERROR | SI=F: No price data found, symbol may be delisted (period=1d)
2025-10-21 23:24:05,090 | INFO | [DATA] Usando datos simulados para XAGUSD: $31.5724
2025-10-21 23:24:05,090 | INFO | [SIGNALS] Señales detectadas: 1
2025-10-21 23:24:05,092 | INFO | [POSITIONS] Posiciones activas: 0
2025-10-21 23:24:05,092 | INFO | [CAPITAL] Capital actual: $500.00
2025-10-21 23:24:05,092 | INFO | [WAIT] Esperando 60 segundos para el próximo ciclo...
2025-10-21 23:25:05,103 | INFO | 
[CYCLE] CICLO 18 - 04:25:05
2025-10-21 23:25:05,105 | INFO | [SESSION] Sesión: SYDNEY | Prioridad: LOW
2025-10-21 23:25:06,451 | ERROR | Failed to get ticker 'EURUSD=X' reason: Expecting value: line 1 column 1 (char 0)
2025-10-21 23:25:07,462 | ERROR | EURUSD=X: No price data found, symbol may be delisted (period=1d)
2025-10-21 23:25:09,280 | ERROR | Failed to get ticker 'GBPUSD=X' reason: Expecting value: line 1 column 1 (char 0)
2025-10-21 23:25:10,197 | ERROR | GBPUSD=X: No price data found, symbol may be delisted (period=1d)
2025-10-21 23:25:12,055 | ERROR | Failed to get ticker 'USDJPY=X' reason: Expecting value: line 1 column 1 (char 0)
2025-10-21 23:25:13,002 | ERROR | USDJPY=X: No price data found, symbol may be delisted (period=1d)
2025-10-21 23:25:13,005 | INFO | [DATA] Usando datos simulados para USDJPY: $149.7357
2025-10-21 23:25:13,909 | ERROR | Failed to get ticker 'AUDUSD=X' reason: Expecting value: line 1 column 1 (char 0)
2025-10-21 23:25:14,808 | ERROR | AUDUSD=X: No price data found, symbol may be delisted (period=1d)
2025-10-21 23:25:15,728 | INFO | [SIGNAL] SEÑAL DETECTADA: AUDUSD | BEARISH_BREAKOUT
2025-10-21 23:25:15,730 | INFO |    [CONF] Confianza: 72.1% | Riesgo: HIGH
2025-10-21 23:25:15,730 | INFO |    [PRICE] Precio: $0.7252 | Spread: 0.000250
2025-10-21 23:25:15,731 | INFO | [SKIP] Trade no ejecutado para AUDUSD (condiciones no cumplidas)
2025-10-21 23:25:16,621 | ERROR | Failed to get ticker 'GC=F' reason: Expecting value: line 1 column 1 (char 0)
2025-10-21 23:25:17,511 | ERROR | GC=F: No price data found, symbol may be delisted (period=1d)
2025-10-21 23:25:17,514 | INFO | [DATA] Usando datos simulados para XAUUSD: $2656.1639
2025-10-21 23:25:18,388 | ERROR | Failed to get ticker 'SI=F' reason: Expecting value: line 1 column 1 (char 0)
2025-10-21 23:25:19,347 | ERROR | SI=F: No price data found, symbol may be delisted (period=1d)
2025-10-21 23:25:19,349 | INFO | [DATA] Usando datos simulados para XAGUSD: $31.5118
2025-10-21 23:25:19,353 | INFO | [SIGNAL] SEÑAL DETECTADA: XAGUSD | BEARISH_BREAKOUT
2025-10-21 23:25:19,353 | INFO |    [CONF] Confianza: 67.7% | Riesgo: HIGH
2025-10-21 23:25:19,353 | INFO |    [PRICE] Precio: $31.5118 | Spread: 0.030000
2025-10-21 23:25:19,353 | INFO | [SKIP] Trade no ejecutado para XAGUSD (condiciones no cumplidas)
2025-10-21 23:25:19,353 | INFO | [SIGNALS] Señales detectadas: 2
2025-10-21 23:25:19,358 | INFO | [POSITIONS] Posiciones activas: 0
2025-10-21 23:25:19,358 | INFO | [CAPITAL] Capital actual: $500.00
2025-10-21 23:25:19,359 | INFO | [WAIT] Esperando 60 segundos para el próximo ciclo...
2025-10-21 23:26:19,370 | INFO | 
[CYCLE] CICLO 19 - 04:26:19
2025-10-21 23:26:19,372 | INFO | [SESSION] Sesión: SYDNEY | Prioridad: LOW
2025-10-21 23:26:20,391 | ERROR | Failed to get ticker 'EURUSD=X' reason: Expecting value: line 1 column 1 (char 0)
2025-10-21 23:26:21,251 | ERROR | EURUSD=X: No price data found, symbol may be delisted (period=1d)
2025-10-21 23:26:22,845 | ERROR | Failed to get ticker 'GBPUSD=X' reason: Expecting value: line 1 column 1 (char 0)
2025-10-21 23:26:23,728 | ERROR | GBPUSD=X: No price data found, symbol may be delisted (period=1d)
2025-10-21 23:26:25,423 | ERROR | Failed to get ticker 'USDJPY=X' reason: Expecting value: line 1 column 1 (char 0)
2025-10-21 23:26:26,215 | ERROR | USDJPY=X: No price data found, symbol may be delisted (period=1d)
2025-10-21 23:26:26,218 | INFO | [DATA] Usando datos simulados para USDJPY: $149.7529
2025-10-21 23:26:27,257 | ERROR | Failed to get ticker 'AUDUSD=X' reason: Expecting value: line 1 column 1 (char 0)
2025-10-21 23:26:28,105 | ERROR | AUDUSD=X: No price data found, symbol may be delisted (period=1d)
2025-10-21 23:26:28,946 | INFO | [SIGNAL] SEÑAL DETECTADA: AUDUSD | BEARISH_BREAKOUT
2025-10-21 23:26:28,946 | INFO |    [CONF] Confianza: 72.1% | Riesgo: HIGH
2025-10-21 23:26:28,951 | INFO |    [PRICE] Precio: $0.7252 | Spread: 0.000250
2025-10-21 23:26:28,952 | INFO | [SKIP] Trade no ejecutado para AUDUSD (condiciones no cumplidas)
2025-10-21 23:26:29,836 | ERROR | Failed to get ticker 'GC=F' reason: Expecting value: line 1 column 1 (char 0)
2025-10-21 23:26:30,697 | ERROR | GC=F: No price data found, symbol may be delisted (period=1d)
2025-10-21 23:26:30,699 | INFO | [DATA] Usando datos simulados para XAUUSD: $2647.8621
2025-10-21 23:26:31,502 | ERROR | Failed to get ticker 'SI=F' reason: Expecting value: line 1 column 1 (char 0)
2025-10-21 23:26:32,352 | ERROR | SI=F: No price data found, symbol may be delisted (period=1d)
2025-10-21 23:26:32,355 | INFO | [DATA] Usando datos simulados para XAGUSD: $31.4712
2025-10-21 23:26:32,357 | INFO | [SIGNALS] Señales detectadas: 1
2025-10-21 23:26:32,357 | INFO | [POSITIONS] Posiciones activas: 0
2025-10-21 23:26:32,357 | INFO | [CAPITAL] Capital actual: $500.00
2025-10-21 23:26:32,359 | INFO | [WAIT] Esperando 60 segundos para el próximo ciclo...
2025-10-21 23:27:32,365 | INFO | 
[CYCLE] CICLO 20 - 04:27:32
2025-10-21 23:27:32,367 | INFO | [SESSION] Sesión: SYDNEY | Prioridad: LOW
2025-10-21 23:27:33,413 | ERROR | Failed to get ticker 'EURUSD=X' reason: Expecting value: line 1 column 1 (char 0)
2025-10-21 23:27:34,188 | ERROR | EURUSD=X: No price data found, symbol may be delisted (period=1d)
2025-10-21 23:27:36,014 | ERROR | Failed to get ticker 'GBPUSD=X' reason: Expecting value: line 1 column 1 (char 0)
2025-10-21 23:27:36,906 | ERROR | GBPUSD=X: No price data found, symbol may be delisted (period=1d)
2025-10-21 23:27:38,804 | ERROR | Failed to get ticker 'USDJPY=X' reason: Expecting value: line 1 column 1 (char 0)
2025-10-21 23:27:39,674 | ERROR | USDJPY=X: No price data found, symbol may be delisted (period=1d)
2025-10-21 23:27:39,680 | INFO | [DATA] Usando datos simulados para USDJPY: $148.8660
2025-10-21 23:27:40,457 | ERROR | Failed to get ticker 'AUDUSD=X' reason: Expecting value: line 1 column 1 (char 0)
2025-10-21 23:27:41,304 | ERROR | AUDUSD=X: No price data found, symbol may be delisted (period=1d)
2025-10-21 23:27:42,212 | INFO | [SIGNAL] SEÑAL DETECTADA: AUDUSD | BEARISH_BREAKOUT
2025-10-21 23:27:42,212 | INFO |    [CONF] Confianza: 72.1% | Riesgo: HIGH
2025-10-21 23:27:42,212 | INFO |    [PRICE] Precio: $0.7252 | Spread: 0.000250
2025-10-21 23:27:42,212 | INFO | [SKIP] Trade no ejecutado para AUDUSD (condiciones no cumplidas)
2025-10-21 23:27:43,146 | ERROR | Failed to get ticker 'GC=F' reason: Expecting value: line 1 column 1 (char 0)
2025-10-21 23:27:44,025 | ERROR | GC=F: No price data found, symbol may be delisted (period=1d)
2025-10-21 23:27:44,027 | INFO | [DATA] Usando datos simulados para XAUUSD: $2643.8645
2025-10-21 23:27:44,911 | ERROR | Failed to get ticker 'SI=F' reason: Expecting value: line 1 column 1 (char 0)
2025-10-21 23:27:45,821 | ERROR | SI=F: No price data found, symbol may be delisted (period=1d)
2025-10-21 23:27:45,824 | INFO | [DATA] Usando datos simulados para XAGUSD: $31.4607
2025-10-21 23:27:45,824 | INFO | [SIGNALS] Señales detectadas: 1
2025-10-21 23:27:45,824 | INFO | [POSITIONS] Posiciones activas: 0
2025-10-21 23:27:45,824 | INFO | [CAPITAL] Capital actual: $500.00
2025-10-21 23:27:45,824 | INFO | [STATS] ROI Total: +0.00% | Señales totales: 26
2025-10-21 23:27:45,824 | INFO | [WAIT] Esperando 60 segundos para el próximo ciclo...
2025-10-21 23:28:45,838 | INFO | 
[CYCLE] CICLO 21 - 04:28:45
2025-10-21 23:28:45,838 | INFO | [SESSION] Sesión: SYDNEY | Prioridad: LOW
2025-10-21 23:28:47,195 | ERROR | Failed to get ticker 'EURUSD=X' reason: Expecting value: line 1 column 1 (char 0)
2025-10-21 23:28:48,310 | ERROR | EURUSD=X: No price data found, symbol may be delisted (period=1d)
2025-10-21 23:28:50,219 | ERROR | Failed to get ticker 'GBPUSD=X' reason: Expecting value: line 1 column 1 (char 0)
2025-10-21 23:28:51,186 | ERROR | GBPUSD=X: No price data found, symbol may be delisted (period=1d)
2025-10-21 23:28:53,134 | ERROR | Failed to get ticker 'USDJPY=X' reason: Expecting value: line 1 column 1 (char 0)
2025-10-21 23:28:54,160 | ERROR | USDJPY=X: No price data found, symbol may be delisted (period=1d)
2025-10-21 23:28:54,160 | INFO | [DATA] Usando datos simulados para USDJPY: $150.0745
2025-10-21 23:28:55,226 | ERROR | Failed to get ticker 'AUDUSD=X' reason: Expecting value: line 1 column 1 (char 0)
2025-10-21 23:28:56,231 | ERROR | AUDUSD=X: No price data found, symbol may be delisted (period=1d)
2025-10-21 23:28:57,581 | INFO | [SIGNAL] SEÑAL DETECTADA: AUDUSD | BEARISH_BREAKOUT
2025-10-21 23:28:57,583 | INFO |    [CONF] Confianza: 72.1% | Riesgo: HIGH
2025-10-21 23:28:57,586 | INFO |    [PRICE] Precio: $0.7252 | Spread: 0.000250
2025-10-21 23:28:57,586 | INFO | [SKIP] Trade no ejecutado para AUDUSD (condiciones no cumplidas)
2025-10-21 23:28:58,838 | ERROR | Failed to get ticker 'GC=F' reason: Expecting value: line 1 column 1 (char 0)
2025-10-21 23:28:59,893 | ERROR | GC=F: No price data found, symbol may be delisted (period=1d)
2025-10-21 23:28:59,897 | INFO | [DATA] Usando datos simulados para XAUUSD: $2638.8378
2025-10-21 23:29:00,911 | ERROR | Failed to get ticker 'SI=F' reason: Expecting value: line 1 column 1 (char 0)
2025-10-21 23:29:01,937 | ERROR | SI=F: No price data found, symbol may be delisted (period=1d)
2025-10-21 23:29:01,940 | INFO | [DATA] Usando datos simulados para XAGUSD: $31.5056
2025-10-21 23:29:01,940 | INFO | [SIGNALS] Señales detectadas: 1
2025-10-21 23:29:01,940 | INFO | [POSITIONS] Posiciones activas: 0
2025-10-21 23:29:01,940 | INFO | [CAPITAL] Capital actual: $500.00
2025-10-21 23:29:01,942 | INFO | [WAIT] Esperando 60 segundos para el próximo ciclo...
2025-10-21 23:30:01,949 | INFO | 
[CYCLE] CICLO 22 - 04:30:01
2025-10-21 23:30:01,954 | INFO | [SESSION] Sesión: SYDNEY | Prioridad: LOW
2025-10-21 23:30:03,240 | ERROR | Failed to get ticker 'EURUSD=X' reason: Expecting value: line 1 column 1 (char 0)
2025-10-21 23:30:04,511 | ERROR | EURUSD=X: No price data found, symbol may be delisted (period=1d)
2025-10-21 23:30:06,549 | ERROR | Failed to get ticker 'GBPUSD=X' reason: Expecting value: line 1 column 1 (char 0)
2025-10-21 23:30:07,747 | ERROR | GBPUSD=X: No price data found, symbol may be delisted (period=1d)
2025-10-21 23:30:09,733 | ERROR | Failed to get ticker 'USDJPY=X' reason: Expecting value: line 1 column 1 (char 0)
2025-10-21 23:30:10,879 | ERROR | USDJPY=X: No price data found, symbol may be delisted (period=1d)
2025-10-21 23:30:10,885 | INFO | [DATA] Usando datos simulados para USDJPY: $148.9710
2025-10-21 23:30:12,184 | ERROR | Failed to get ticker 'AUDUSD=X' reason: Expecting value: line 1 column 1 (char 0)
2025-10-21 23:30:13,274 | ERROR | AUDUSD=X: No price data found, symbol may be delisted (period=1d)
2025-10-21 23:30:14,273 | INFO | [SIGNAL] SEÑAL DETECTADA: AUDUSD | BEARISH_BREAKOUT
2025-10-21 23:30:14,273 | INFO |    [CONF] Confianza: 72.1% | Riesgo: HIGH
2025-10-21 23:30:14,275 | INFO |    [PRICE] Precio: $0.7252 | Spread: 0.000250
2025-10-21 23:30:14,275 | INFO | [SKIP] Trade no ejecutado para AUDUSD (condiciones no cumplidas)
2025-10-21 23:30:15,369 | ERROR | Failed to get ticker 'GC=F' reason: Expecting value: line 1 column 1 (char 0)
2025-10-21 23:30:16,526 | ERROR | GC=F: No price data found, symbol may be delisted (period=1d)
2025-10-21 23:30:16,530 | INFO | [DATA] Usando datos simulados para XAUUSD: $2661.4969
2025-10-21 23:30:17,663 | ERROR | Failed to get ticker 'SI=F' reason: Expecting value: line 1 column 1 (char 0)
2025-10-21 23:30:18,757 | ERROR | SI=F: No price data found, symbol may be delisted (period=1d)
2025-10-21 23:30:18,759 | INFO | [DATA] Usando datos simulados para XAGUSD: $31.6082
2025-10-21 23:30:18,759 | INFO | [SIGNALS] Señales detectadas: 1
2025-10-21 23:30:18,759 | INFO | [POSITIONS] Posiciones activas: 0
2025-10-21 23:30:18,762 | INFO | [CAPITAL] Capital actual: $500.00
2025-10-21 23:30:18,762 | INFO | [WAIT] Esperando 60 segundos para el próximo ciclo...
2025-10-21 23:31:18,767 | INFO | 
[CYCLE] CICLO 23 - 04:31:18
2025-10-21 23:31:18,769 | INFO | [SESSION] Sesión: SYDNEY | Prioridad: LOW
2025-10-21 23:31:20,292 | ERROR | Failed to get ticker 'EURUSD=X' reason: Expecting value: line 1 column 1 (char 0)
2025-10-21 23:31:21,663 | ERROR | EURUSD=X: No price data found, symbol may be delisted (period=1d)
2025-10-21 23:31:23,843 | ERROR | Failed to get ticker 'GBPUSD=X' reason: Expecting value: line 1 column 1 (char 0)
2025-10-21 23:31:24,857 | ERROR | GBPUSD=X: No price data found, symbol may be delisted (period=1d)
2025-10-21 23:31:26,791 | ERROR | Failed to get ticker 'USDJPY=X' reason: Expecting value: line 1 column 1 (char 0)
2025-10-21 23:31:27,640 | ERROR | USDJPY=X: No price data found, symbol may be delisted (period=1d)
2025-10-21 23:31:27,644 | INFO | [DATA] Usando datos simulados para USDJPY: $149.5735
2025-10-21 23:31:27,655 | INFO | [SIGNAL] SEÑAL DETECTADA: USDJPY | BEARISH_BREAKOUT
2025-10-21 23:31:27,656 | INFO |    [CONF] Confianza: 70.2% | Riesgo: MEDIUM
2025-10-21 23:31:27,657 | INFO |    [PRICE] Precio: $149.5735 | Spread: 0.015000
2025-10-21 23:31:27,670 | INFO | [SKIP] Trade no ejecutado para USDJPY (condiciones no cumplidas)
2025-10-21 23:31:28,590 | ERROR | Failed to get ticker 'AUDUSD=X' reason: Expecting value: line 1 column 1 (char 0)
2025-10-21 23:31:29,453 | ERROR | AUDUSD=X: No price data found, symbol may be delisted (period=1d)
2025-10-21 23:31:30,300 | INFO | [SIGNAL] SEÑAL DETECTADA: AUDUSD | BEARISH_BREAKOUT
2025-10-21 23:31:30,300 | INFO |    [CONF] Confianza: 72.1% | Riesgo: HIGH
2025-10-21 23:31:30,300 | INFO |    [PRICE] Precio: $0.7252 | Spread: 0.000250
2025-10-21 23:31:30,300 | INFO | [SKIP] Trade no ejecutado para AUDUSD (condiciones no cumplidas)
2025-10-21 23:31:31,166 | ERROR | Failed to get ticker 'GC=F' reason: Expecting value: line 1 column 1 (char 0)
2025-10-21 23:31:32,100 | ERROR | GC=F: No price data found, symbol may be delisted (period=1d)
2025-10-21 23:31:32,103 | INFO | [DATA] Usando datos simulados para XAUUSD: $2645.0358
2025-10-21 23:31:32,941 | ERROR | Failed to get ticker 'SI=F' reason: Expecting value: line 1 column 1 (char 0)
2025-10-21 23:31:33,767 | ERROR | SI=F: No price data found, symbol may be delisted (period=1d)
2025-10-21 23:31:33,770 | INFO | [DATA] Usando datos simulados para XAGUSD: $31.5101
2025-10-21 23:31:33,770 | INFO | [SIGNALS] Señales detectadas: 2
2025-10-21 23:31:33,770 | INFO | [POSITIONS] Posiciones activas: 0
2025-10-21 23:31:33,770 | INFO | [CAPITAL] Capital actual: $500.00
2025-10-21 23:31:33,770 | INFO | [WAIT] Esperando 60 segundos para el próximo ciclo...
2025-10-21 23:32:33,770 | INFO | 
[CYCLE] CICLO 24 - 04:32:33
2025-10-21 23:32:33,774 | INFO | [SESSION] Sesión: SYDNEY | Prioridad: LOW
2025-10-21 23:32:34,889 | ERROR | Failed to get ticker 'EURUSD=X' reason: Expecting value: line 1 column 1 (char 0)
2025-10-21 23:32:35,969 | ERROR | EURUSD=X: No price data found, symbol may be delisted (period=1d)
2025-10-21 23:32:38,187 | ERROR | Failed to get ticker 'GBPUSD=X' reason: Expecting value: line 1 column 1 (char 0)
2025-10-21 23:32:39,482 | ERROR | GBPUSD=X: No price data found, symbol may be delisted (period=1d)
2025-10-21 23:32:41,383 | ERROR | Failed to get ticker 'USDJPY=X' reason: Expecting value: line 1 column 1 (char 0)
2025-10-21 23:32:42,674 | ERROR | USDJPY=X: No price data found, symbol may be delisted (period=1d)
2025-10-21 23:32:42,677 | INFO | [DATA] Usando datos simulados para USDJPY: $150.1206
2025-10-21 23:32:43,674 | ERROR | Failed to get ticker 'AUDUSD=X' reason: Expecting value: line 1 column 1 (char 0)
2025-10-21 23:32:44,937 | ERROR | AUDUSD=X: No price data found, symbol may be delisted (period=1d)
2025-10-21 23:32:45,823 | INFO | [SIGNAL] SEÑAL DETECTADA: AUDUSD | BEARISH_BREAKOUT
2025-10-21 23:32:45,824 | INFO |    [CONF] Confianza: 72.1% | Riesgo: HIGH
2025-10-21 23:32:45,825 | INFO |    [PRICE] Precio: $0.7252 | Spread: 0.000250
2025-10-21 23:32:45,826 | INFO | [SKIP] Trade no ejecutado para AUDUSD (condiciones no cumplidas)
2025-10-21 23:32:47,144 | ERROR | Failed to get ticker 'GC=F' reason: Expecting value: line 1 column 1 (char 0)
2025-10-21 23:32:48,153 | ERROR | GC=F: No price data found, symbol may be delisted (period=1d)
2025-10-21 23:32:48,158 | INFO | [DATA] Usando datos simulados para XAUUSD: $2645.7183
2025-10-21 23:32:49,104 | ERROR | Failed to get ticker 'SI=F' reason: Expecting value: line 1 column 1 (char 0)
2025-10-21 23:32:50,085 | ERROR | SI=F: No price data found, symbol may be delisted (period=1d)
2025-10-21 23:32:50,089 | INFO | [DATA] Usando datos simulados para XAGUSD: $31.5705
2025-10-21 23:32:50,090 | INFO | [SIGNALS] Señales detectadas: 1
2025-10-21 23:32:50,090 | INFO | [POSITIONS] Posiciones activas: 0
2025-10-21 23:32:50,092 | INFO | [CAPITAL] Capital actual: $500.00
2025-10-21 23:32:50,092 | INFO | [WAIT] Esperando 60 segundos para el próximo ciclo...
2025-10-21 23:33:50,095 | INFO | 
[CYCLE] CICLO 25 - 04:33:50
2025-10-21 23:33:50,095 | INFO | [SESSION] Sesión: SYDNEY | Prioridad: LOW
2025-10-21 23:33:51,350 | ERROR | Failed to get ticker 'EURUSD=X' reason: Expecting value: line 1 column 1 (char 0)
2025-10-21 23:33:52,337 | ERROR | EURUSD=X: No price data found, symbol may be delisted (period=1d)
2025-10-21 23:33:54,152 | ERROR | Failed to get ticker 'GBPUSD=X' reason: Expecting value: line 1 column 1 (char 0)
2025-10-21 23:33:55,267 | ERROR | GBPUSD=X: No price data found, symbol may be delisted (period=1d)
2025-10-21 23:33:57,208 | ERROR | Failed to get ticker 'USDJPY=X' reason: Expecting value: line 1 column 1 (char 0)
2025-10-21 23:33:58,274 | ERROR | USDJPY=X: No price data found, symbol may be delisted (period=1d)
2025-10-21 23:33:58,276 | INFO | [DATA] Usando datos simulados para USDJPY: $150.1759
2025-10-21 23:33:59,282 | ERROR | Failed to get ticker 'AUDUSD=X' reason: Expecting value: line 1 column 1 (char 0)
2025-10-21 23:34:00,378 | ERROR | AUDUSD=X: No price data found, symbol may be delisted (period=1d)
2025-10-21 23:34:01,339 | INFO | [SIGNAL] SEÑAL DETECTADA: AUDUSD | BEARISH_BREAKOUT
2025-10-21 23:34:01,340 | INFO |    [CONF] Confianza: 72.1% | Riesgo: HIGH
2025-10-21 23:34:01,340 | INFO |    [PRICE] Precio: $0.7252 | Spread: 0.000250
2025-10-21 23:34:01,343 | INFO | [SKIP] Trade no ejecutado para AUDUSD (condiciones no cumplidas)
2025-10-21 23:34:02,320 | ERROR | Failed to get ticker 'GC=F' reason: Expecting value: line 1 column 1 (char 0)
2025-10-21 23:34:03,365 | ERROR | GC=F: No price data found, symbol may be delisted (period=1d)
2025-10-21 23:34:03,368 | INFO | [DATA] Usando datos simulados para XAUUSD: $2643.7722
2025-10-21 23:34:04,415 | ERROR | Failed to get ticker 'SI=F' reason: Expecting value: line 1 column 1 (char 0)
2025-10-21 23:34:05,475 | ERROR | SI=F: No price data found, symbol may be delisted (period=1d)
2025-10-21 23:34:05,478 | INFO | [DATA] Usando datos simulados para XAGUSD: $31.6258
2025-10-21 23:34:05,478 | INFO | [SIGNALS] Señales detectadas: 1
2025-10-21 23:34:05,480 | INFO | [POSITIONS] Posiciones activas: 0
2025-10-21 23:34:05,480 | INFO | [CAPITAL] Capital actual: $500.00
2025-10-21 23:34:05,480 | INFO | [WAIT] Esperando 60 segundos para el próximo ciclo...
2025-10-21 23:35:05,481 | INFO | 
[CYCLE] CICLO 26 - 04:35:05
2025-10-21 23:35:05,482 | INFO | [SESSION] Sesión: SYDNEY | Prioridad: LOW
2025-10-21 23:35:06,667 | ERROR | Failed to get ticker 'EURUSD=X' reason: Expecting value: line 1 column 1 (char 0)
2025-10-21 23:35:07,724 | ERROR | EURUSD=X: No price data found, symbol may be delisted (period=1d)
2025-10-21 23:35:09,736 | ERROR | Failed to get ticker 'GBPUSD=X' reason: Expecting value: line 1 column 1 (char 0)
2025-10-21 23:35:10,780 | ERROR | GBPUSD=X: No price data found, symbol may be delisted (period=1d)
2025-10-21 23:35:12,610 | ERROR | Failed to get ticker 'USDJPY=X' reason: Expecting value: line 1 column 1 (char 0)
2025-10-21 23:35:13,648 | ERROR | USDJPY=X: No price data found, symbol may be delisted (period=1d)
2025-10-21 23:35:13,651 | INFO | [DATA] Usando datos simulados para USDJPY: $149.1107
2025-10-21 23:35:14,716 | ERROR | Failed to get ticker 'AUDUSD=X' reason: Expecting value: line 1 column 1 (char 0)
2025-10-21 23:35:15,670 | ERROR | AUDUSD=X: No price data found, symbol may be delisted (period=1d)
2025-10-21 23:35:16,815 | INFO | [SIGNAL] SEÑAL DETECTADA: AUDUSD | BEARISH_BREAKOUT
2025-10-21 23:35:16,821 | INFO |    [CONF] Confianza: 72.1% | Riesgo: HIGH
2025-10-21 23:35:16,821 | INFO |    [PRICE] Precio: $0.7252 | Spread: 0.000250
2025-10-21 23:35:16,821 | INFO | [SKIP] Trade no ejecutado para AUDUSD (condiciones no cumplidas)
2025-10-21 23:35:17,808 | ERROR | Failed to get ticker 'GC=F' reason: Expecting value: line 1 column 1 (char 0)
2025-10-21 23:35:18,795 | ERROR | GC=F: No price data found, symbol may be delisted (period=1d)
2025-10-21 23:35:18,797 | INFO | [DATA] Usando datos simulados para XAUUSD: $2655.9966
2025-10-21 23:35:19,759 | ERROR | Failed to get ticker 'SI=F' reason: Expecting value: line 1 column 1 (char 0)
2025-10-21 23:35:20,831 | ERROR | SI=F: No price data found, symbol may be delisted (period=1d)
2025-10-21 23:35:20,836 | INFO | [DATA] Usando datos simulados para XAGUSD: $31.3949
2025-10-21 23:35:20,836 | INFO | [SIGNALS] Señales detectadas: 1
2025-10-21 23:35:20,838 | INFO | [POSITIONS] Posiciones activas: 0
2025-10-21 23:35:20,839 | INFO | [CAPITAL] Capital actual: $500.00
2025-10-21 23:35:20,841 | INFO | [WAIT] Esperando 60 segundos para el próximo ciclo...
2025-10-21 23:36:20,840 | INFO | 
[CYCLE] CICLO 27 - 04:36:20
2025-10-21 23:36:20,842 | INFO | [SESSION] Sesión: SYDNEY | Prioridad: LOW
2025-10-21 23:36:22,035 | ERROR | Failed to get ticker 'EURUSD=X' reason: Expecting value: line 1 column 1 (char 0)
2025-10-21 23:36:23,025 | ERROR | EURUSD=X: No price data found, symbol may be delisted (period=1d)
2025-10-21 23:36:25,163 | ERROR | Failed to get ticker 'GBPUSD=X' reason: Expecting value: line 1 column 1 (char 0)
2025-10-21 23:36:26,101 | ERROR | GBPUSD=X: No price data found, symbol may be delisted (period=1d)
2025-10-21 23:36:28,035 | ERROR | Failed to get ticker 'USDJPY=X' reason: Expecting value: line 1 column 1 (char 0)
2025-10-21 23:36:29,146 | ERROR | USDJPY=X: No price data found, symbol may be delisted (period=1d)
2025-10-21 23:36:29,148 | INFO | [DATA] Usando datos simulados para USDJPY: $149.6298
2025-10-21 23:36:30,396 | ERROR | Failed to get ticker 'AUDUSD=X' reason: Expecting value: line 1 column 1 (char 0)
2025-10-21 23:36:31,511 | ERROR | AUDUSD=X: No price data found, symbol may be delisted (period=1d)
2025-10-21 23:36:32,500 | INFO | [SIGNAL] SEÑAL DETECTADA: AUDUSD | BEARISH_BREAKOUT
2025-10-21 23:36:32,501 | INFO |    [CONF] Confianza: 72.1% | Riesgo: HIGH
2025-10-21 23:36:32,503 | INFO |    [PRICE] Precio: $0.7252 | Spread: 0.000250
2025-10-21 23:36:32,505 | INFO | [SKIP] Trade no ejecutado para AUDUSD (condiciones no cumplidas)
2025-10-21 23:36:33,542 | ERROR | Failed to get ticker 'GC=F' reason: Expecting value: line 1 column 1 (char 0)
2025-10-21 23:36:34,901 | ERROR | GC=F: No price data found, symbol may be delisted (period=1d)
2025-10-21 23:36:34,904 | INFO | [DATA] Usando datos simulados para XAUUSD: $2652.6409
2025-10-21 23:36:36,100 | ERROR | Failed to get ticker 'SI=F' reason: Expecting value: line 1 column 1 (char 0)
2025-10-21 23:36:37,320 | ERROR | SI=F: No price data found, symbol may be delisted (period=1d)
2025-10-21 23:36:37,320 | INFO | [DATA] Usando datos simulados para XAGUSD: $31.4932
2025-10-21 23:36:37,324 | INFO | [SIGNALS] Señales detectadas: 1
2025-10-21 23:36:37,325 | INFO | [POSITIONS] Posiciones activas: 0
2025-10-21 23:36:37,326 | INFO | [CAPITAL] Capital actual: $500.00
2025-10-21 23:36:37,326 | INFO | [WAIT] Esperando 60 segundos para el próximo ciclo...
2025-10-21 23:37:37,334 | INFO | 
[CYCLE] CICLO 28 - 04:37:37
2025-10-21 23:37:37,334 | INFO | [SESSION] Sesión: SYDNEY | Prioridad: LOW
2025-10-21 23:37:38,572 | ERROR | Failed to get ticker 'EURUSD=X' reason: Expecting value: line 1 column 1 (char 0)
2025-10-21 23:37:39,543 | ERROR | EURUSD=X: No price data found, symbol may be delisted (period=1d)
2025-10-21 23:37:41,595 | ERROR | Failed to get ticker 'GBPUSD=X' reason: Expecting value: line 1 column 1 (char 0)
2025-10-21 23:37:42,679 | ERROR | GBPUSD=X: No price data found, symbol may be delisted (period=1d)
2025-10-21 23:37:44,913 | ERROR | Failed to get ticker 'USDJPY=X' reason: Expecting value: line 1 column 1 (char 0)
2025-10-21 23:37:45,933 | ERROR | USDJPY=X: No price data found, symbol may be delisted (period=1d)
2025-10-21 23:37:45,939 | INFO | [DATA] Usando datos simulados para USDJPY: $149.3267
2025-10-21 23:37:46,936 | ERROR | Failed to get ticker 'AUDUSD=X' reason: Expecting value: line 1 column 1 (char 0)
2025-10-21 23:37:47,968 | ERROR | AUDUSD=X: No price data found, symbol may be delisted (period=1d)
2025-10-21 23:37:48,760 | INFO | [SIGNAL] SEÑAL DETECTADA: AUDUSD | BEARISH_BREAKOUT
2025-10-21 23:37:48,761 | INFO |    [CONF] Confianza: 72.1% | Riesgo: HIGH
2025-10-21 23:37:48,762 | INFO |    [PRICE] Precio: $0.7252 | Spread: 0.000250
2025-10-21 23:37:48,762 | INFO | [SKIP] Trade no ejecutado para AUDUSD (condiciones no cumplidas)
2025-10-21 23:37:49,861 | ERROR | Failed to get ticker 'GC=F' reason: Expecting value: line 1 column 1 (char 0)
2025-10-21 23:37:50,865 | ERROR | GC=F: No price data found, symbol may be delisted (period=1d)
2025-10-21 23:37:50,869 | INFO | [DATA] Usando datos simulados para XAUUSD: $2647.0586
2025-10-21 23:37:51,963 | ERROR | Failed to get ticker 'SI=F' reason: Expecting value: line 1 column 1 (char 0)
2025-10-21 23:37:53,169 | ERROR | SI=F: No price data found, symbol may be delisted (period=1d)
2025-10-21 23:37:53,173 | INFO | [DATA] Usando datos simulados para XAGUSD: $31.4134
2025-10-21 23:37:53,173 | INFO | [SIGNALS] Señales detectadas: 1
2025-10-21 23:37:53,173 | INFO | [POSITIONS] Posiciones activas: 0
2025-10-21 23:37:53,174 | INFO | [CAPITAL] Capital actual: $500.00
2025-10-21 23:37:53,174 | INFO | [WAIT] Esperando 60 segundos para el próximo ciclo...
2025-10-21 23:38:53,176 | INFO | 
[CYCLE] CICLO 29 - 04:38:53
2025-10-21 23:38:53,178 | INFO | [SESSION] Sesión: SYDNEY | Prioridad: LOW
2025-10-21 23:38:54,354 | ERROR | Failed to get ticker 'EURUSD=X' reason: Expecting value: line 1 column 1 (char 0)
2025-10-21 23:38:55,350 | ERROR | EURUSD=X: No price data found, symbol may be delisted (period=1d)
2025-10-21 23:38:57,224 | ERROR | Failed to get ticker 'GBPUSD=X' reason: Expecting value: line 1 column 1 (char 0)
2025-10-21 23:38:58,167 | ERROR | GBPUSD=X: No price data found, symbol may be delisted (period=1d)
2025-10-21 23:39:00,135 | ERROR | Failed to get ticker 'USDJPY=X' reason: Expecting value: line 1 column 1 (char 0)
2025-10-21 23:39:01,156 | ERROR | USDJPY=X: No price data found, symbol may be delisted (period=1d)
2025-10-21 23:39:01,159 | INFO | [DATA] Usando datos simulados para USDJPY: $149.9969
2025-10-21 23:39:02,202 | ERROR | Failed to get ticker 'AUDUSD=X' reason: Expecting value: line 1 column 1 (char 0)
2025-10-21 23:39:03,297 | ERROR | AUDUSD=X: No price data found, symbol may be delisted (period=1d)
2025-10-21 23:39:04,328 | INFO | [SIGNAL] SEÑAL DETECTADA: AUDUSD | BEARISH_BREAKOUT
2025-10-21 23:39:04,331 | INFO |    [CONF] Confianza: 72.1% | Riesgo: HIGH
2025-10-21 23:39:04,331 | INFO |    [PRICE] Precio: $0.7252 | Spread: 0.000250
2025-10-21 23:39:04,333 | INFO | [SKIP] Trade no ejecutado para AUDUSD (condiciones no cumplidas)
2025-10-21 23:39:05,277 | ERROR | Failed to get ticker 'GC=F' reason: Expecting value: line 1 column 1 (char 0)
2025-10-21 23:39:06,386 | ERROR | GC=F: No price data found, symbol may be delisted (period=1d)
2025-10-21 23:39:06,388 | INFO | [DATA] Usando datos simulados para XAUUSD: $2638.3382
2025-10-21 23:39:07,395 | ERROR | Failed to get ticker 'SI=F' reason: Expecting value: line 1 column 1 (char 0)
2025-10-21 23:39:08,327 | ERROR | SI=F: No price data found, symbol may be delisted (period=1d)
2025-10-21 23:39:08,330 | INFO | [DATA] Usando datos simulados para XAGUSD: $31.5901
2025-10-21 23:39:08,330 | INFO | [SIGNALS] Señales detectadas: 1
2025-10-21 23:39:08,330 | INFO | [POSITIONS] Posiciones activas: 0
2025-10-21 23:39:08,333 | INFO | [CAPITAL] Capital actual: $500.00
2025-10-21 23:39:08,333 | INFO | [WAIT] Esperando 60 segundos para el próximo ciclo...
2025-10-21 23:40:08,339 | INFO | 
[CYCLE] CICLO 30 - 04:40:08
2025-10-21 23:40:08,340 | INFO | [SESSION] Sesión: SYDNEY | Prioridad: LOW
2025-10-21 23:40:09,514 | ERROR | Failed to get ticker 'EURUSD=X' reason: Expecting value: line 1 column 1 (char 0)
2025-10-21 23:40:10,737 | ERROR | EURUSD=X: No price data found, symbol may be delisted (period=1d)
2025-10-21 23:40:12,488 | ERROR | Failed to get ticker 'GBPUSD=X' reason: Expecting value: line 1 column 1 (char 0)
2025-10-21 23:40:13,478 | ERROR | GBPUSD=X: No price data found, symbol may be delisted (period=1d)
2025-10-21 23:40:15,324 | ERROR | Failed to get ticker 'USDJPY=X' reason: Expecting value: line 1 column 1 (char 0)
2025-10-21 23:40:16,358 | ERROR | USDJPY=X: No price data found, symbol may be delisted (period=1d)
2025-10-21 23:40:16,363 | INFO | [DATA] Usando datos simulados para USDJPY: $149.3783
2025-10-21 23:40:16,373 | INFO | [SIGNAL] SEÑAL DETECTADA: USDJPY | BULLISH_BREAKOUT
2025-10-21 23:40:16,374 | INFO |    [CONF] Confianza: 69.0% | Riesgo: MEDIUM
2025-10-21 23:40:16,375 | INFO |    [PRICE] Precio: $149.3783 | Spread: 0.015000
2025-10-21 23:40:16,379 | INFO | [SKIP] Trade no ejecutado para USDJPY (condiciones no cumplidas)
2025-10-21 23:40:17,572 | ERROR | Failed to get ticker 'AUDUSD=X' reason: Expecting value: line 1 column 1 (char 0)
2025-10-21 23:40:18,700 | ERROR | AUDUSD=X: No price data found, symbol may be delisted (period=1d)
2025-10-21 23:40:19,758 | INFO | [SIGNAL] SEÑAL DETECTADA: AUDUSD | BEARISH_BREAKOUT
2025-10-21 23:40:19,758 | INFO |    [CONF] Confianza: 72.1% | Riesgo: HIGH
2025-10-21 23:40:19,758 | INFO |    [PRICE] Precio: $0.7252 | Spread: 0.000250
2025-10-21 23:40:19,758 | INFO | [SKIP] Trade no ejecutado para AUDUSD (condiciones no cumplidas)
2025-10-21 23:40:20,803 | ERROR | Failed to get ticker 'GC=F' reason: Expecting value: line 1 column 1 (char 0)
2025-10-21 23:40:21,848 | ERROR | GC=F: No price data found, symbol may be delisted (period=1d)
2025-10-21 23:40:21,852 | INFO | [DATA] Usando datos simulados para XAUUSD: $2647.7431
2025-10-21 23:40:21,858 | INFO | [SIGNAL] SEÑAL DETECTADA: XAUUSD | BEARISH_BREAKOUT
2025-10-21 23:40:21,860 | INFO |    [CONF] Confianza: 65.3% | Riesgo: HIGH
2025-10-21 23:40:21,860 | INFO |    [PRICE] Precio: $2647.7431 | Spread: 0.500000
2025-10-21 23:40:21,860 | INFO | [SKIP] Trade no ejecutado para XAUUSD (condiciones no cumplidas)
2025-10-21 23:40:22,956 | ERROR | Failed to get ticker 'SI=F' reason: Expecting value: line 1 column 1 (char 0)
2025-10-21 23:40:24,298 | ERROR | SI=F: No price data found, symbol may be delisted (period=1d)
2025-10-21 23:40:24,304 | INFO | [DATA] Usando datos simulados para XAGUSD: $31.3440
2025-10-21 23:40:24,304 | INFO | [SIGNALS] Señales detectadas: 3
2025-10-21 23:40:24,309 | INFO | [POSITIONS] Posiciones activas: 0
2025-10-21 23:40:24,310 | INFO | [CAPITAL] Capital actual: $500.00
2025-10-21 23:40:24,311 | INFO | [STATS] ROI Total: +0.00% | Señales totales: 39
2025-10-21 23:40:24,311 | INFO | [WAIT] Esperando 60 segundos para el próximo ciclo...
2025-10-21 23:41:24,325 | INFO | 
[CYCLE] CICLO 31 - 04:41:24
2025-10-21 23:41:24,326 | INFO | [SESSION] Sesión: SYDNEY | Prioridad: LOW
2025-10-21 23:41:25,362 | ERROR | Failed to get ticker 'EURUSD=X' reason: Expecting value: line 1 column 1 (char 0)
2025-10-21 23:41:26,281 | ERROR | EURUSD=X: No price data found, symbol may be delisted (period=1d)
2025-10-21 23:41:28,078 | ERROR | Failed to get ticker 'GBPUSD=X' reason: Expecting value: line 1 column 1 (char 0)
2025-10-21 23:41:28,961 | ERROR | GBPUSD=X: No price data found, symbol may be delisted (period=1d)
2025-10-21 23:41:31,192 | ERROR | Failed to get ticker 'USDJPY=X' reason: Expecting value: line 1 column 1 (char 0)
2025-10-21 23:41:32,085 | ERROR | USDJPY=X: No price data found, symbol may be delisted (period=1d)
2025-10-21 23:41:32,087 | INFO | [DATA] Usando datos simulados para USDJPY: $149.4950
2025-10-21 23:41:32,097 | INFO | [SIGNAL] SEÑAL DETECTADA: USDJPY | BEARISH_BREAKOUT
2025-10-21 23:41:32,098 | INFO |    [CONF] Confianza: 69.7% | Riesgo: MEDIUM
2025-10-21 23:41:32,099 | INFO |    [PRICE] Precio: $149.4950 | Spread: 0.015000
2025-10-21 23:41:32,104 | INFO | [SKIP] Trade no ejecutado para USDJPY (condiciones no cumplidas)
2025-10-21 23:41:32,940 | ERROR | Failed to get ticker 'AUDUSD=X' reason: Expecting value: line 1 column 1 (char 0)
2025-10-21 23:41:33,889 | ERROR | AUDUSD=X: No price data found, symbol may be delisted (period=1d)
2025-10-21 23:41:34,810 | INFO | [SIGNAL] SEÑAL DETECTADA: AUDUSD | BEARISH_BREAKOUT
2025-10-21 23:41:34,811 | INFO |    [CONF] Confianza: 72.1% | Riesgo: HIGH
2025-10-21 23:41:34,812 | INFO |    [PRICE] Precio: $0.7252 | Spread: 0.000250
2025-10-21 23:41:34,814 | INFO | [SKIP] Trade no ejecutado para AUDUSD (condiciones no cumplidas)
2025-10-21 23:41:35,674 | ERROR | Failed to get ticker 'GC=F' reason: Expecting value: line 1 column 1 (char 0)
2025-10-21 23:41:36,783 | ERROR | GC=F: No price data found, symbol may be delisted (period=1d)
2025-10-21 23:41:36,783 | INFO | [DATA] Usando datos simulados para XAUUSD: $2645.8926
2025-10-21 23:41:37,673 | ERROR | Failed to get ticker 'SI=F' reason: Expecting value: line 1 column 1 (char 0)
2025-10-21 23:41:38,863 | ERROR | SI=F: No price data found, symbol may be delisted (period=1d)
2025-10-21 23:41:38,869 | INFO | [DATA] Usando datos simulados para XAGUSD: $31.3866
2025-10-21 23:41:38,870 | INFO | [SIGNALS] Señales detectadas: 2
2025-10-21 23:41:38,872 | INFO | [POSITIONS] Posiciones activas: 0
2025-10-21 23:41:38,873 | INFO | [CAPITAL] Capital actual: $500.00
2025-10-21 23:41:38,874 | INFO | [WAIT] Esperando 60 segundos para el próximo ciclo...
2025-10-21 23:42:38,876 | INFO | 
[CYCLE] CICLO 32 - 04:42:38
2025-10-21 23:42:38,877 | INFO | [SESSION] Sesión: SYDNEY | Prioridad: LOW
2025-10-21 23:42:39,981 | ERROR | Failed to get ticker 'EURUSD=X' reason: Expecting value: line 1 column 1 (char 0)
2025-10-21 23:42:41,075 | ERROR | EURUSD=X: No price data found, symbol may be delisted (period=1d)
2025-10-21 23:42:42,872 | ERROR | Failed to get ticker 'GBPUSD=X' reason: Expecting value: line 1 column 1 (char 0)
2025-10-21 23:42:43,828 | ERROR | GBPUSD=X: No price data found, symbol may be delisted (period=1d)
2025-10-21 23:42:45,666 | ERROR | Failed to get ticker 'USDJPY=X' reason: Expecting value: line 1 column 1 (char 0)
2025-10-21 23:42:46,834 | ERROR | USDJPY=X: No price data found, symbol may be delisted (period=1d)
2025-10-21 23:42:46,838 | INFO | [DATA] Usando datos simulados para USDJPY: $149.3770
2025-10-21 23:42:47,873 | ERROR | Failed to get ticker 'AUDUSD=X' reason: Expecting value: line 1 column 1 (char 0)
2025-10-21 23:42:48,907 | ERROR | AUDUSD=X: No price data found, symbol may be delisted (period=1d)
2025-10-21 23:42:49,676 | INFO | [SIGNAL] SEÑAL DETECTADA: AUDUSD | BEARISH_BREAKOUT
2025-10-21 23:42:49,677 | INFO |    [CONF] Confianza: 72.1% | Riesgo: HIGH
2025-10-21 23:42:49,677 | INFO |    [PRICE] Precio: $0.7252 | Spread: 0.000250
2025-10-21 23:42:49,679 | INFO | [SKIP] Trade no ejecutado para AUDUSD (condiciones no cumplidas)
2025-10-21 23:42:50,670 | ERROR | Failed to get ticker 'GC=F' reason: Expecting value: line 1 column 1 (char 0)
2025-10-21 23:42:51,642 | ERROR | GC=F: No price data found, symbol may be delisted (period=1d)
2025-10-21 23:42:51,651 | INFO | [DATA] Usando datos simulados para XAUUSD: $2662.1447
2025-10-21 23:42:52,823 | ERROR | Failed to get ticker 'SI=F' reason: Expecting value: line 1 column 1 (char 0)
2025-10-21 23:42:53,912 | ERROR | SI=F: No price data found, symbol may be delisted (period=1d)
2025-10-21 23:42:53,916 | INFO | [DATA] Usando datos simulados para XAGUSD: $31.4980
2025-10-21 23:42:53,917 | INFO | [SIGNALS] Señales detectadas: 1
2025-10-21 23:42:53,917 | INFO | [POSITIONS] Posiciones activas: 0
2025-10-21 23:42:53,918 | INFO | [CAPITAL] Capital actual: $500.00
2025-10-21 23:42:53,919 | INFO | [WAIT] Esperando 60 segundos para el próximo ciclo...
2025-10-21 23:43:53,924 | INFO | 
[CYCLE] CICLO 33 - 04:43:53
2025-10-21 23:43:53,932 | INFO | [SESSION] Sesión: SYDNEY | Prioridad: LOW
2025-10-21 23:43:55,070 | ERROR | Failed to get ticker 'EURUSD=X' reason: Expecting value: line 1 column 1 (char 0)
2025-10-21 23:43:55,974 | ERROR | EURUSD=X: No price data found, symbol may be delisted (period=1d)
2025-10-21 23:43:57,716 | ERROR | Failed to get ticker 'GBPUSD=X' reason: Expecting value: line 1 column 1 (char 0)
2025-10-21 23:43:58,637 | ERROR | GBPUSD=X: No price data found, symbol may be delisted (period=1d)
2025-10-21 23:44:00,854 | ERROR | Failed to get ticker 'USDJPY=X' reason: Expecting value: line 1 column 1 (char 0)
2025-10-21 23:44:01,866 | ERROR | USDJPY=X: No price data found, symbol may be delisted (period=1d)
2025-10-21 23:44:01,869 | INFO | [DATA] Usando datos simulados para USDJPY: $149.1653
2025-10-21 23:44:02,805 | ERROR | Failed to get ticker 'AUDUSD=X' reason: Expecting value: line 1 column 1 (char 0)
2025-10-21 23:44:03,846 | ERROR | AUDUSD=X: No price data found, symbol may be delisted (period=1d)
2025-10-21 23:44:04,927 | INFO | [SIGNAL] SEÑAL DETECTADA: AUDUSD | BEARISH_BREAKOUT
2025-10-21 23:44:04,928 | INFO |    [CONF] Confianza: 72.1% | Riesgo: HIGH
2025-10-21 23:44:04,929 | INFO |    [PRICE] Precio: $0.7252 | Spread: 0.000250
2025-10-21 23:44:04,931 | INFO | [SKIP] Trade no ejecutado para AUDUSD (condiciones no cumplidas)
2025-10-21 23:44:05,879 | ERROR | Failed to get ticker 'GC=F' reason: Expecting value: line 1 column 1 (char 0)
2025-10-21 23:44:06,744 | ERROR | GC=F: No price data found, symbol may be delisted (period=1d)
2025-10-21 23:44:06,747 | INFO | [DATA] Usando datos simulados para XAUUSD: $2656.5826
2025-10-21 23:44:07,673 | ERROR | Failed to get ticker 'SI=F' reason: Expecting value: line 1 column 1 (char 0)
2025-10-21 23:44:08,713 | ERROR | SI=F: No price data found, symbol may be delisted (period=1d)
2025-10-21 23:44:08,715 | INFO | [DATA] Usando datos simulados para XAGUSD: $31.4519
2025-10-21 23:44:08,716 | INFO | [SIGNALS] Señales detectadas: 1
2025-10-21 23:44:08,716 | INFO | [POSITIONS] Posiciones activas: 0
2025-10-21 23:44:08,716 | INFO | [CAPITAL] Capital actual: $500.00
2025-10-21 23:44:08,716 | INFO | [WAIT] Esperando 60 segundos para el próximo ciclo...
2025-10-21 23:45:08,725 | INFO | 
[CYCLE] CICLO 34 - 04:45:08
2025-10-21 23:45:08,726 | INFO | [SESSION] Sesión: SYDNEY | Prioridad: LOW
2025-10-21 23:45:09,718 | ERROR | Failed to get ticker 'EURUSD=X' reason: Expecting value: line 1 column 1 (char 0)
2025-10-21 23:45:10,581 | ERROR | EURUSD=X: No price data found, symbol may be delisted (period=1d)
2025-10-21 23:45:12,359 | ERROR | Failed to get ticker 'GBPUSD=X' reason: Expecting value: line 1 column 1 (char 0)
2025-10-21 23:45:13,198 | ERROR | GBPUSD=X: No price data found, symbol may be delisted (period=1d)
2025-10-21 23:45:15,045 | ERROR | Failed to get ticker 'USDJPY=X' reason: Expecting value: line 1 column 1 (char 0)
2025-10-21 23:45:15,884 | ERROR | USDJPY=X: No price data found, symbol may be delisted (period=1d)
2025-10-21 23:45:15,887 | INFO | [DATA] Usando datos simulados para USDJPY: $148.9344
2025-10-21 23:45:16,987 | ERROR | Failed to get ticker 'AUDUSD=X' reason: Expecting value: line 1 column 1 (char 0)
2025-10-21 23:45:17,867 | ERROR | AUDUSD=X: No price data found, symbol may be delisted (period=1d)
2025-10-21 23:45:18,812 | INFO | [SIGNAL] SEÑAL DETECTADA: AUDUSD | BEARISH_BREAKOUT
2025-10-21 23:45:18,813 | INFO |    [CONF] Confianza: 72.1% | Riesgo: HIGH
2025-10-21 23:45:18,814 | INFO |    [PRICE] Precio: $0.7252 | Spread: 0.000250
2025-10-21 23:45:18,815 | INFO | [SKIP] Trade no ejecutado para AUDUSD (condiciones no cumplidas)
2025-10-21 23:45:19,737 | ERROR | Failed to get ticker 'GC=F' reason: Expecting value: line 1 column 1 (char 0)
2025-10-21 23:45:20,625 | ERROR | GC=F: No price data found, symbol may be delisted (period=1d)
2025-10-21 23:45:20,627 | INFO | [DATA] Usando datos simulados para XAUUSD: $2654.9449
2025-10-21 23:45:21,474 | ERROR | Failed to get ticker 'SI=F' reason: Expecting value: line 1 column 1 (char 0)
2025-10-21 23:45:22,348 | ERROR | SI=F: No price data found, symbol may be delisted (period=1d)
2025-10-21 23:45:22,354 | INFO | [DATA] Usando datos simulados para XAGUSD: $31.4992
2025-10-21 23:45:22,354 | INFO | [SIGNALS] Señales detectadas: 1
2025-10-21 23:45:22,354 | INFO | [POSITIONS] Posiciones activas: 0
2025-10-21 23:45:22,354 | INFO | [CAPITAL] Capital actual: $500.00
2025-10-21 23:45:22,354 | INFO | [WAIT] Esperando 60 segundos para el próximo ciclo...
2025-10-21 23:46:22,360 | INFO | 
[CYCLE] CICLO 35 - 04:46:22
2025-10-21 23:46:22,360 | INFO | [SESSION] Sesión: SYDNEY | Prioridad: LOW
2025-10-21 23:46:23,713 | ERROR | Failed to get ticker 'EURUSD=X' reason: Expecting value: line 1 column 1 (char 0)
2025-10-21 23:46:24,858 | ERROR | EURUSD=X: No price data found, symbol may be delisted (period=1d)
2025-10-21 23:46:27,103 | ERROR | Failed to get ticker 'GBPUSD=X' reason: Expecting value: line 1 column 1 (char 0)
2025-10-21 23:46:28,254 | ERROR | GBPUSD=X: No price data found, symbol may be delisted (period=1d)
2025-10-21 23:46:30,500 | ERROR | Failed to get ticker 'USDJPY=X' reason: Expecting value: line 1 column 1 (char 0)
2025-10-21 23:46:31,700 | ERROR | USDJPY=X: No price data found, symbol may be delisted (period=1d)
2025-10-21 23:46:31,702 | INFO | [DATA] Usando datos simulados para USDJPY: $149.0152
2025-10-21 23:46:31,711 | INFO | [SIGNAL] SEÑAL DETECTADA: USDJPY | BEARISH_BREAKOUT
2025-10-21 23:46:31,712 | INFO |    [CONF] Confianza: 69.3% | Riesgo: MEDIUM
2025-10-21 23:46:31,713 | INFO |    [PRICE] Precio: $149.0152 | Spread: 0.015000
2025-10-21 23:46:31,717 | INFO | [SKIP] Trade no ejecutado para USDJPY (condiciones no cumplidas)
2025-10-21 23:46:32,971 | ERROR | Failed to get ticker 'AUDUSD=X' reason: Expecting value: line 1 column 1 (char 0)
2025-10-21 23:46:34,090 | ERROR | AUDUSD=X: No price data found, symbol may be delisted (period=1d)
2025-10-21 23:46:35,119 | INFO | [SIGNAL] SEÑAL DETECTADA: AUDUSD | BEARISH_BREAKOUT
2025-10-21 23:46:35,120 | INFO |    [CONF] Confianza: 72.1% | Riesgo: HIGH
2025-10-21 23:46:35,120 | INFO |    [PRICE] Precio: $0.7252 | Spread: 0.000250
2025-10-21 23:46:35,120 | INFO | [SKIP] Trade no ejecutado para AUDUSD (condiciones no cumplidas)
2025-10-21 23:46:36,339 | ERROR | Failed to get ticker 'GC=F' reason: Expecting value: line 1 column 1 (char 0)
2025-10-21 23:46:37,556 | ERROR | GC=F: No price data found, symbol may be delisted (period=1d)
2025-10-21 23:46:37,559 | INFO | [DATA] Usando datos simulados para XAUUSD: $2638.2095
2025-10-21 23:46:38,786 | ERROR | Failed to get ticker 'SI=F' reason: Expecting value: line 1 column 1 (char 0)
2025-10-21 23:46:39,991 | ERROR | SI=F: No price data found, symbol may be delisted (period=1d)
2025-10-21 23:46:39,993 | INFO | [DATA] Usando datos simulados para XAGUSD: $31.5817
2025-10-21 23:46:39,995 | INFO | [SIGNALS] Señales detectadas: 2
2025-10-21 23:46:39,995 | INFO | [POSITIONS] Posiciones activas: 0
2025-10-21 23:46:39,995 | INFO | [CAPITAL] Capital actual: $500.00
2025-10-21 23:46:39,996 | INFO | [WAIT] Esperando 60 segundos para el próximo ciclo...
2025-10-21 23:47:40,010 | INFO | 
[CYCLE] CICLO 36 - 04:47:40
2025-10-21 23:47:40,011 | INFO | [SESSION] Sesión: SYDNEY | Prioridad: LOW
2025-10-21 23:47:41,173 | ERROR | Failed to get ticker 'EURUSD=X' reason: Expecting value: line 1 column 1 (char 0)
2025-10-21 23:47:42,301 | ERROR | EURUSD=X: No price data found, symbol may be delisted (period=1d)
2025-10-21 23:47:44,438 | ERROR | Failed to get ticker 'GBPUSD=X' reason: Expecting value: line 1 column 1 (char 0)
2025-10-21 23:47:45,456 | ERROR | GBPUSD=X: No price data found, symbol may be delisted (period=1d)
2025-10-21 23:47:47,546 | ERROR | Failed to get ticker 'USDJPY=X' reason: Expecting value: line 1 column 1 (char 0)
2025-10-21 23:47:48,718 | ERROR | USDJPY=X: No price data found, symbol may be delisted (period=1d)
2025-10-21 23:47:48,722 | INFO | [DATA] Usando datos simulados para USDJPY: $148.8950
2025-10-21 23:47:49,846 | ERROR | Failed to get ticker 'AUDUSD=X' reason: Expecting value: line 1 column 1 (char 0)
2025-10-21 23:47:50,946 | ERROR | AUDUSD=X: No price data found, symbol may be delisted (period=1d)
2025-10-21 23:47:51,756 | INFO | [SIGNAL] SEÑAL DETECTADA: AUDUSD | BEARISH_BREAKOUT
2025-10-21 23:47:51,760 | INFO |    [CONF] Confianza: 72.1% | Riesgo: HIGH
2025-10-21 23:47:51,761 | INFO |    [PRICE] Precio: $0.7252 | Spread: 0.000250
2025-10-21 23:47:51,762 | INFO | [SKIP] Trade no ejecutado para AUDUSD (condiciones no cumplidas)
2025-10-21 23:47:52,897 | ERROR | Failed to get ticker 'GC=F' reason: Expecting value: line 1 column 1 (char 0)
2025-10-21 23:47:53,957 | ERROR | GC=F: No price data found, symbol may be delisted (period=1d)
2025-10-21 23:47:53,960 | INFO | [DATA] Usando datos simulados para XAUUSD: $2651.7777
2025-10-21 23:47:55,061 | ERROR | Failed to get ticker 'SI=F' reason: Expecting value: line 1 column 1 (char 0)
2025-10-21 23:47:56,311 | ERROR | SI=F: No price data found, symbol may be delisted (period=1d)
2025-10-21 23:47:56,319 | INFO | [DATA] Usando datos simulados para XAGUSD: $31.4055
2025-10-21 23:47:56,337 | INFO | [SIGNAL] SEÑAL DETECTADA: XAGUSD | BEARISH_BREAKOUT
2025-10-21 23:47:56,343 | INFO |    [CONF] Confianza: 71.1% | Riesgo: HIGH
2025-10-21 23:47:56,348 | INFO |    [PRICE] Precio: $31.4055 | Spread: 0.030000
2025-10-21 23:47:56,350 | INFO | [SKIP] Trade no ejecutado para XAGUSD (condiciones no cumplidas)
2025-10-21 23:47:56,351 | INFO | [SIGNALS] Señales detectadas: 2
2025-10-21 23:47:56,351 | INFO | [POSITIONS] Posiciones activas: 0
2025-10-21 23:47:56,352 | INFO | [CAPITAL] Capital actual: $500.00
2025-10-21 23:47:56,355 | INFO | [WAIT] Esperando 60 segundos para el próximo ciclo...
2025-10-21 23:48:56,376 | INFO | 
[CYCLE] CICLO 37 - 04:48:56
2025-10-21 23:48:56,378 | INFO | [SESSION] Sesión: SYDNEY | Prioridad: LOW
2025-10-21 23:48:57,699 | ERROR | Failed to get ticker 'EURUSD=X' reason: Expecting value: line 1 column 1 (char 0)
2025-10-21 23:48:58,825 | ERROR | EURUSD=X: No price data found, symbol may be delisted (period=1d)
2025-10-21 23:49:01,099 | ERROR | Failed to get ticker 'GBPUSD=X' reason: Expecting value: line 1 column 1 (char 0)
2025-10-21 23:49:02,286 | ERROR | GBPUSD=X: No price data found, symbol may be delisted (period=1d)
2025-10-21 23:49:04,310 | ERROR | Failed to get ticker 'USDJPY=X' reason: Expecting value: line 1 column 1 (char 0)
2025-10-21 23:49:05,567 | ERROR | USDJPY=X: No price data found, symbol may be delisted (period=1d)
2025-10-21 23:49:05,576 | INFO | [DATA] Usando datos simulados para USDJPY: $150.1264
2025-10-21 23:49:05,585 | INFO | [SIGNAL] SEÑAL DETECTADA: USDJPY | BEARISH_BREAKOUT
2025-10-21 23:49:05,586 | INFO |    [CONF] Confianza: 68.2% | Riesgo: MEDIUM
2025-10-21 23:49:05,587 | INFO |    [PRICE] Precio: $150.1264 | Spread: 0.015000
2025-10-21 23:49:05,591 | INFO | [SKIP] Trade no ejecutado para USDJPY (condiciones no cumplidas)
2025-10-21 23:49:06,669 | ERROR | Failed to get ticker 'AUDUSD=X' reason: Expecting value: line 1 column 1 (char 0)
2025-10-21 23:49:07,755 | ERROR | AUDUSD=X: No price data found, symbol may be delisted (period=1d)
2025-10-21 23:49:08,953 | INFO | [SIGNAL] SEÑAL DETECTADA: AUDUSD | BEARISH_BREAKOUT
2025-10-21 23:49:08,953 | INFO |    [CONF] Confianza: 72.1% | Riesgo: HIGH
2025-10-21 23:49:08,953 | INFO |    [PRICE] Precio: $0.7252 | Spread: 0.000250
2025-10-21 23:49:08,956 | INFO | [SKIP] Trade no ejecutado para AUDUSD (condiciones no cumplidas)
2025-10-21 23:49:10,123 | ERROR | Failed to get ticker 'GC=F' reason: Expecting value: line 1 column 1 (char 0)
2025-10-21 23:49:11,236 | ERROR | GC=F: No price data found, symbol may be delisted (period=1d)
2025-10-21 23:49:11,240 | INFO | [DATA] Usando datos simulados para XAUUSD: $2662.8566
2025-10-21 23:49:12,347 | ERROR | Failed to get ticker 'SI=F' reason: Expecting value: line 1 column 1 (char 0)
2025-10-21 23:49:13,465 | ERROR | SI=F: No price data found, symbol may be delisted (period=1d)
2025-10-21 23:49:13,469 | INFO | [DATA] Usando datos simulados para XAGUSD: $31.5850
2025-10-21 23:49:13,477 | INFO | [SIGNAL] SEÑAL DETECTADA: XAGUSD | BULLISH_BREAKOUT
2025-10-21 23:49:13,478 | INFO |    [CONF] Confianza: 67.8% | Riesgo: HIGH
2025-10-21 23:49:13,478 | INFO |    [PRICE] Precio: $31.5850 | Spread: 0.030000
2025-10-21 23:49:13,479 | INFO | [SKIP] Trade no ejecutado para XAGUSD (condiciones no cumplidas)
2025-10-21 23:49:13,480 | INFO | [SIGNALS] Señales detectadas: 3
2025-10-21 23:49:13,481 | INFO | [POSITIONS] Posiciones activas: 0
2025-10-21 23:49:13,482 | INFO | [CAPITAL] Capital actual: $500.00
2025-10-21 23:49:13,482 | INFO | [WAIT] Esperando 60 segundos para el próximo ciclo...
2025-10-21 23:50:13,489 | INFO | 
[CYCLE] CICLO 38 - 04:50:13
2025-10-21 23:50:13,490 | INFO | [SESSION] Sesión: SYDNEY | Prioridad: LOW
2025-10-21 23:50:14,509 | ERROR | Failed to get ticker 'EURUSD=X' reason: Expecting value: line 1 column 1 (char 0)
2025-10-21 23:50:15,301 | ERROR | EURUSD=X: No price data found, symbol may be delisted (period=1d)
2025-10-21 23:50:16,946 | ERROR | Failed to get ticker 'GBPUSD=X' reason: Expecting value: line 1 column 1 (char 0)
2025-10-21 23:50:17,780 | ERROR | GBPUSD=X: No price data found, symbol may be delisted (period=1d)
2025-10-21 23:50:19,462 | ERROR | Failed to get ticker 'USDJPY=X' reason: Expecting value: line 1 column 1 (char 0)
2025-10-21 23:50:20,215 | ERROR | USDJPY=X: No price data found, symbol may be delisted (period=1d)
2025-10-21 23:50:20,218 | INFO | [DATA] Usando datos simulados para USDJPY: $150.1760
2025-10-21 23:50:21,205 | ERROR | Failed to get ticker 'AUDUSD=X' reason: Expecting value: line 1 column 1 (char 0)
2025-10-21 23:50:22,053 | ERROR | AUDUSD=X: No price data found, symbol may be delisted (period=1d)
2025-10-21 23:50:22,805 | INFO | [SIGNAL] SEÑAL DETECTADA: AUDUSD | BEARISH_BREAKOUT
2025-10-21 23:50:22,805 | INFO |    [CONF] Confianza: 72.1% | Riesgo: HIGH
2025-10-21 23:50:22,807 | INFO |    [PRICE] Precio: $0.7252 | Spread: 0.000250
2025-10-21 23:50:22,807 | INFO | [SKIP] Trade no ejecutado para AUDUSD (condiciones no cumplidas)
2025-10-21 23:50:23,579 | ERROR | Failed to get ticker 'GC=F' reason: Expecting value: line 1 column 1 (char 0)
2025-10-21 23:50:24,340 | ERROR | GC=F: No price data found, symbol may be delisted (period=1d)
2025-10-21 23:50:24,342 | INFO | [DATA] Usando datos simulados para XAUUSD: $2641.2229
2025-10-21 23:50:25,165 | ERROR | Failed to get ticker 'SI=F' reason: Expecting value: line 1 column 1 (char 0)
2025-10-21 23:50:25,916 | ERROR | SI=F: No price data found, symbol may be delisted (period=1d)
2025-10-21 23:50:25,918 | INFO | [DATA] Usando datos simulados para XAGUSD: $31.4616
2025-10-21 23:50:25,920 | INFO | [SIGNALS] Señales detectadas: 1
2025-10-21 23:50:25,920 | INFO | [POSITIONS] Posiciones activas: 0
2025-10-21 23:50:25,920 | INFO | [CAPITAL] Capital actual: $500.00
2025-10-21 23:50:25,920 | INFO | [WAIT] Esperando 60 segundos para el próximo ciclo...
2025-10-21 23:51:25,922 | INFO | 
[CYCLE] CICLO 39 - 04:51:25
2025-10-21 23:51:25,924 | INFO | [SESSION] Sesión: SYDNEY | Prioridad: LOW
2025-10-21 23:51:27,024 | ERROR | Failed to get ticker 'EURUSD=X' reason: Expecting value: line 1 column 1 (char 0)
2025-10-21 23:51:27,919 | ERROR | EURUSD=X: No price data found, symbol may be delisted (period=1d)
2025-10-21 23:51:29,656 | ERROR | Failed to get ticker 'GBPUSD=X' reason: Expecting value: line 1 column 1 (char 0)
2025-10-21 23:51:30,451 | ERROR | GBPUSD=X: No price data found, symbol may be delisted (period=1d)
2025-10-21 23:51:32,784 | ERROR | Failed to get ticker 'USDJPY=X' reason: Expecting value: line 1 column 1 (char 0)
2025-10-21 23:51:33,772 | ERROR | USDJPY=X: No price data found, symbol may be delisted (period=1d)
2025-10-21 23:51:33,776 | INFO | [DATA] Usando datos simulados para USDJPY: $149.7990
2025-10-21 23:51:34,786 | ERROR | Failed to get ticker 'AUDUSD=X' reason: Expecting value: line 1 column 1 (char 0)
2025-10-21 23:51:37,354 | ERROR | AUDUSD=X: No price data found, symbol may be delisted (period=1d)
2025-10-21 23:51:38,141 | INFO | [SIGNAL] SEÑAL DETECTADA: AUDUSD | BEARISH_BREAKOUT
2025-10-21 23:51:38,143 | INFO |    [CONF] Confianza: 72.1% | Riesgo: HIGH
2025-10-21 23:51:38,143 | INFO |    [PRICE] Precio: $0.7252 | Spread: 0.000250
2025-10-21 23:51:38,145 | INFO | [SKIP] Trade no ejecutado para AUDUSD (condiciones no cumplidas)
2025-10-21 23:51:39,099 | ERROR | Failed to get ticker 'GC=F' reason: Expecting value: line 1 column 1 (char 0)
2025-10-21 23:51:40,053 | ERROR | GC=F: No price data found, symbol may be delisted (period=1d)
2025-10-21 23:51:40,053 | INFO | [DATA] Usando datos simulados para XAUUSD: $2647.4156
2025-10-21 23:51:41,159 | ERROR | Failed to get ticker 'SI=F' reason: Expecting value: line 1 column 1 (char 0)
2025-10-21 23:51:42,102 | ERROR | SI=F: No price data found, symbol may be delisted (period=1d)
2025-10-21 23:51:42,116 | INFO | [DATA] Usando datos simulados para XAGUSD: $31.3933
2025-10-21 23:51:42,116 | INFO | [SIGNALS] Señales detectadas: 1
2025-10-21 23:51:42,116 | INFO | [POSITIONS] Posiciones activas: 0
2025-10-21 23:51:42,118 | INFO | [CAPITAL] Capital actual: $500.00
2025-10-21 23:51:42,119 | INFO | [WAIT] Esperando 60 segundos para el próximo ciclo...
2025-10-21 23:52:42,130 | INFO | 
[CYCLE] CICLO 40 - 04:52:42
2025-10-21 23:52:42,130 | INFO | [SESSION] Sesión: SYDNEY | Prioridad: LOW
2025-10-21 23:52:43,208 | ERROR | Failed to get ticker 'EURUSD=X' reason: Expecting value: line 1 column 1 (char 0)
2025-10-21 23:52:44,288 | ERROR | EURUSD=X: No price data found, symbol may be delisted (period=1d)
2025-10-21 23:52:46,036 | ERROR | Failed to get ticker 'GBPUSD=X' reason: Expecting value: line 1 column 1 (char 0)
2025-10-21 23:52:47,193 | ERROR | GBPUSD=X: No price data found, symbol may be delisted (period=1d)
2025-10-21 23:52:48,897 | ERROR | Failed to get ticker 'USDJPY=X' reason: Expecting value: line 1 column 1 (char 0)
2025-10-21 23:52:49,868 | ERROR | USDJPY=X: No price data found, symbol may be delisted (period=1d)
2025-10-21 23:52:49,873 | INFO | [DATA] Usando datos simulados para USDJPY: $148.8314
2025-10-21 23:52:50,890 | ERROR | Failed to get ticker 'AUDUSD=X' reason: Expecting value: line 1 column 1 (char 0)
2025-10-21 23:52:51,819 | ERROR | AUDUSD=X: No price data found, symbol may be delisted (period=1d)
2025-10-21 23:52:52,688 | INFO | [SIGNAL] SEÑAL DETECTADA: AUDUSD | BEARISH_BREAKOUT
2025-10-21 23:52:52,690 | INFO |    [CONF] Confianza: 72.1% | Riesgo: HIGH
2025-10-21 23:52:52,690 | INFO |    [PRICE] Precio: $0.7252 | Spread: 0.000250
2025-10-21 23:52:52,691 | INFO | [SKIP] Trade no ejecutado para AUDUSD (condiciones no cumplidas)
2025-10-21 23:52:53,706 | ERROR | Failed to get ticker 'GC=F' reason: Expecting value: line 1 column 1 (char 0)
2025-10-21 23:52:54,740 | ERROR | GC=F: No price data found, symbol may be delisted (period=1d)
2025-10-21 23:52:54,742 | INFO | [DATA] Usando datos simulados para XAUUSD: $2640.1048
2025-10-21 23:52:55,760 | ERROR | Failed to get ticker 'SI=F' reason: Expecting value: line 1 column 1 (char 0)
2025-10-21 23:52:56,823 | ERROR | SI=F: No price data found, symbol may be delisted (period=1d)
2025-10-21 23:52:56,836 | INFO | [DATA] Usando datos simulados para XAGUSD: $31.6509
2025-10-21 23:52:56,837 | INFO | [SIGNALS] Señales detectadas: 1
2025-10-21 23:52:56,838 | INFO | [POSITIONS] Posiciones activas: 0
2025-10-21 23:52:56,839 | INFO | [CAPITAL] Capital actual: $500.00
2025-10-21 23:52:56,839 | INFO | [STATS] ROI Total: +0.00% | Señales totales: 54
2025-10-21 23:52:56,840 | INFO | [WAIT] Esperando 60 segundos para el próximo ciclo...
2025-10-21 23:53:56,850 | INFO | 
[CYCLE] CICLO 41 - 04:53:56
2025-10-21 23:53:56,851 | INFO | [SESSION] Sesión: SYDNEY | Prioridad: LOW
2025-10-21 23:53:57,880 | ERROR | Failed to get ticker 'EURUSD=X' reason: Expecting value: line 1 column 1 (char 0)
2025-10-21 23:53:58,921 | ERROR | EURUSD=X: No price data found, symbol may be delisted (period=1d)
2025-10-21 23:54:00,770 | ERROR | Failed to get ticker 'GBPUSD=X' reason: Expecting value: line 1 column 1 (char 0)
2025-10-21 23:54:01,889 | ERROR | GBPUSD=X: No price data found, symbol may be delisted (period=1d)
2025-10-21 23:54:03,660 | ERROR | Failed to get ticker 'USDJPY=X' reason: Expecting value: line 1 column 1 (char 0)
2025-10-21 23:54:04,615 | ERROR | USDJPY=X: No price data found, symbol may be delisted (period=1d)
2025-10-21 23:54:04,618 | INFO | [DATA] Usando datos simulados para USDJPY: $149.8384
2025-10-21 23:54:05,574 | ERROR | Failed to get ticker 'AUDUSD=X' reason: Expecting value: line 1 column 1 (char 0)
2025-10-21 23:54:06,543 | ERROR | AUDUSD=X: No price data found, symbol may be delisted (period=1d)
2025-10-21 23:54:07,522 | INFO | [SIGNAL] SEÑAL DETECTADA: AUDUSD | BEARISH_BREAKOUT
2025-10-21 23:54:07,522 | INFO |    [CONF] Confianza: 72.1% | Riesgo: HIGH
2025-10-21 23:54:07,522 | INFO |    [PRICE] Precio: $0.7252 | Spread: 0.000250
2025-10-21 23:54:07,524 | INFO | [SKIP] Trade no ejecutado para AUDUSD (condiciones no cumplidas)
2025-10-21 23:54:08,571 | ERROR | Failed to get ticker 'GC=F' reason: Expecting value: line 1 column 1 (char 0)
2025-10-21 23:54:09,512 | ERROR | GC=F: No price data found, symbol may be delisted (period=1d)
2025-10-21 23:54:09,516 | INFO | [DATA] Usando datos simulados para XAUUSD: $2639.5142
2025-10-21 23:54:10,457 | ERROR | Failed to get ticker 'SI=F' reason: Expecting value: line 1 column 1 (char 0)
2025-10-21 23:54:11,382 | ERROR | SI=F: No price data found, symbol may be delisted (period=1d)
2025-10-21 23:54:11,382 | INFO | [DATA] Usando datos simulados para XAGUSD: $31.4130
2025-10-21 23:54:11,394 | INFO | [SIGNAL] SEÑAL DETECTADA: XAGUSD | BULLISH_BREAKOUT
2025-10-21 23:54:11,394 | INFO |    [CONF] Confianza: 65.6% | Riesgo: HIGH
2025-10-21 23:54:11,394 | INFO |    [PRICE] Precio: $31.4130 | Spread: 0.030000
2025-10-21 23:54:11,394 | INFO | [SKIP] Trade no ejecutado para XAGUSD (condiciones no cumplidas)
2025-10-21 23:54:11,394 | INFO | [SIGNALS] Señales detectadas: 2
2025-10-21 23:54:11,396 | INFO | [POSITIONS] Posiciones activas: 0
2025-10-21 23:54:11,397 | INFO | [CAPITAL] Capital actual: $500.00
2025-10-21 23:54:11,397 | INFO | [WAIT] Esperando 60 segundos para el próximo ciclo...
2025-10-21 23:55:11,402 | INFO | 
[CYCLE] CICLO 42 - 04:55:11
2025-10-21 23:55:11,402 | INFO | [SESSION] Sesión: SYDNEY | Prioridad: LOW
2025-10-21 23:55:12,510 | ERROR | Failed to get ticker 'EURUSD=X' reason: Expecting value: line 1 column 1 (char 0)
2025-10-21 23:55:13,430 | ERROR | EURUSD=X: No price data found, symbol may be delisted (period=1d)
2025-10-21 23:55:15,238 | ERROR | Failed to get ticker 'GBPUSD=X' reason: Expecting value: line 1 column 1 (char 0)
2025-10-21 23:55:16,169 | ERROR | GBPUSD=X: No price data found, symbol may be delisted (period=1d)
2025-10-21 23:55:18,149 | ERROR | Failed to get ticker 'USDJPY=X' reason: Expecting value: line 1 column 1 (char 0)
2025-10-21 23:55:19,017 | ERROR | USDJPY=X: No price data found, symbol may be delisted (period=1d)
2025-10-21 23:55:19,020 | INFO | [DATA] Usando datos simulados para USDJPY: $149.2356
2025-10-21 23:55:19,933 | ERROR | Failed to get ticker 'AUDUSD=X' reason: Expecting value: line 1 column 1 (char 0)
2025-10-21 23:55:20,859 | ERROR | AUDUSD=X: No price data found, symbol may be delisted (period=1d)
2025-10-21 23:55:21,732 | INFO | [SIGNAL] SEÑAL DETECTADA: AUDUSD | BEARISH_BREAKOUT
2025-10-21 23:55:21,732 | INFO |    [CONF] Confianza: 72.1% | Riesgo: HIGH
2025-10-21 23:55:21,732 | INFO |    [PRICE] Precio: $0.7252 | Spread: 0.000250
2025-10-21 23:55:21,732 | INFO | [SKIP] Trade no ejecutado para AUDUSD (condiciones no cumplidas)
2025-10-21 23:55:22,698 | ERROR | Failed to get ticker 'GC=F' reason: Expecting value: line 1 column 1 (char 0)
2025-10-21 23:55:23,638 | ERROR | GC=F: No price data found, symbol may be delisted (period=1d)
2025-10-21 23:55:23,642 | INFO | [DATA] Usando datos simulados para XAUUSD: $2647.4044
2025-10-21 23:55:24,586 | ERROR | Failed to get ticker 'SI=F' reason: Expecting value: line 1 column 1 (char 0)
2025-10-21 23:55:25,507 | ERROR | SI=F: No price data found, symbol may be delisted (period=1d)
2025-10-21 23:55:25,510 | INFO | [DATA] Usando datos simulados para XAGUSD: $31.5627
2025-10-21 23:55:25,510 | INFO | [SIGNALS] Señales detectadas: 1
2025-10-21 23:55:25,510 | INFO | [POSITIONS] Posiciones activas: 0
2025-10-21 23:55:25,510 | INFO | [CAPITAL] Capital actual: $500.00
2025-10-21 23:55:25,513 | INFO | [WAIT] Esperando 60 segundos para el próximo ciclo...
2025-10-21 23:56:25,524 | INFO | 
[CYCLE] CICLO 43 - 04:56:25
2025-10-21 23:56:25,524 | INFO | [SESSION] Sesión: SYDNEY | Prioridad: LOW
2025-10-21 23:56:26,556 | ERROR | Failed to get ticker 'EURUSD=X' reason: Expecting value: line 1 column 1 (char 0)
2025-10-21 23:56:27,496 | ERROR | EURUSD=X: No price data found, symbol may be delisted (period=1d)
2025-10-21 23:56:29,343 | ERROR | Failed to get ticker 'GBPUSD=X' reason: Expecting value: line 1 column 1 (char 0)
2025-10-21 23:56:30,240 | ERROR | GBPUSD=X: No price data found, symbol may be delisted (period=1d)
2025-10-21 23:56:32,029 | ERROR | Failed to get ticker 'USDJPY=X' reason: Expecting value: line 1 column 1 (char 0)
2025-10-21 23:56:32,963 | ERROR | USDJPY=X: No price data found, symbol may be delisted (period=1d)
2025-10-21 23:56:32,967 | INFO | [DATA] Usando datos simulados para USDJPY: $148.7717
2025-10-21 23:56:33,979 | ERROR | Failed to get ticker 'AUDUSD=X' reason: Expecting value: line 1 column 1 (char 0)
2025-10-21 23:56:34,898 | ERROR | AUDUSD=X: No price data found, symbol may be delisted (period=1d)
2025-10-21 23:56:35,908 | INFO | [SIGNAL] SEÑAL DETECTADA: AUDUSD | BEARISH_BREAKOUT
2025-10-21 23:56:35,908 | INFO |    [CONF] Confianza: 72.1% | Riesgo: HIGH
2025-10-21 23:56:35,908 | INFO |    [PRICE] Precio: $0.7252 | Spread: 0.000250
2025-10-21 23:56:35,908 | INFO | [SKIP] Trade no ejecutado para AUDUSD (condiciones no cumplidas)
2025-10-21 23:56:36,715 | ERROR | Failed to get ticker 'GC=F' reason: Expecting value: line 1 column 1 (char 0)
2025-10-21 23:56:37,595 | ERROR | GC=F: No price data found, symbol may be delisted (period=1d)
2025-10-21 23:56:37,597 | INFO | [DATA] Usando datos simulados para XAUUSD: $2662.8567
2025-10-21 23:56:37,604 | INFO | [SIGNAL] SEÑAL DETECTADA: XAUUSD | BULLISH_BREAKOUT
2025-10-21 23:56:37,604 | INFO |    [CONF] Confianza: 71.7% | Riesgo: HIGH
2025-10-21 23:56:37,605 | INFO |    [PRICE] Precio: $2662.8567 | Spread: 0.500000
2025-10-21 23:56:37,606 | INFO | [SKIP] Trade no ejecutado para XAUUSD (condiciones no cumplidas)
2025-10-21 23:56:38,419 | ERROR | Failed to get ticker 'SI=F' reason: Expecting value: line 1 column 1 (char 0)
2025-10-21 23:56:39,287 | ERROR | SI=F: No price data found, symbol may be delisted (period=1d)
2025-10-21 23:56:39,295 | INFO | [DATA] Usando datos simulados para XAGUSD: $31.4805
2025-10-21 23:56:39,295 | INFO | [SIGNALS] Señales detectadas: 2
2025-10-21 23:56:39,295 | INFO | [POSITIONS] Posiciones activas: 0
2025-10-21 23:56:39,295 | INFO | [CAPITAL] Capital actual: $500.00
2025-10-21 23:56:39,295 | INFO | [WAIT] Esperando 60 segundos para el próximo ciclo...
2025-10-21 23:57:39,305 | INFO | 
[CYCLE] CICLO 44 - 04:57:39
2025-10-21 23:57:39,306 | INFO | [SESSION] Sesión: SYDNEY | Prioridad: LOW
2025-10-21 23:57:40,558 | ERROR | Failed to get ticker 'EURUSD=X' reason: Expecting value: line 1 column 1 (char 0)
2025-10-21 23:57:41,643 | ERROR | EURUSD=X: No price data found, symbol may be delisted (period=1d)
2025-10-21 23:57:43,601 | ERROR | Failed to get ticker 'GBPUSD=X' reason: Expecting value: line 1 column 1 (char 0)
2025-10-21 23:57:44,755 | ERROR | GBPUSD=X: No price data found, symbol may be delisted (period=1d)
2025-10-21 23:57:46,850 | ERROR | Failed to get ticker 'USDJPY=X' reason: Expecting value: line 1 column 1 (char 0)
2025-10-21 23:57:48,015 | ERROR | USDJPY=X: No price data found, symbol may be delisted (period=1d)
2025-10-21 23:57:48,019 | INFO | [DATA] Usando datos simulados para USDJPY: $150.2230
2025-10-21 23:57:49,299 | ERROR | Failed to get ticker 'AUDUSD=X' reason: Expecting value: line 1 column 1 (char 0)
2025-10-21 23:57:50,439 | ERROR | AUDUSD=X: No price data found, symbol may be delisted (period=1d)
2025-10-21 23:57:51,400 | INFO | [SIGNAL] SEÑAL DETECTADA: AUDUSD | BEARISH_BREAKOUT
2025-10-21 23:57:51,402 | INFO |    [CONF] Confianza: 72.1% | Riesgo: HIGH
2025-10-21 23:57:51,402 | INFO |    [PRICE] Precio: $0.7252 | Spread: 0.000250
2025-10-21 23:57:51,403 | INFO | [SKIP] Trade no ejecutado para AUDUSD (condiciones no cumplidas)
2025-10-21 23:57:52,587 | ERROR | Failed to get ticker 'GC=F' reason: Expecting value: line 1 column 1 (char 0)
2025-10-21 23:57:53,753 | ERROR | GC=F: No price data found, symbol may be delisted (period=1d)
2025-10-21 23:57:53,758 | INFO | [DATA] Usando datos simulados para XAUUSD: $2654.8573
2025-10-21 23:57:54,951 | ERROR | Failed to get ticker 'SI=F' reason: Expecting value: line 1 column 1 (char 0)
2025-10-21 23:57:56,154 | ERROR | SI=F: No price data found, symbol may be delisted (period=1d)
2025-10-21 23:57:56,157 | INFO | [DATA] Usando datos simulados para XAGUSD: $31.4619
2025-10-21 23:57:56,168 | INFO | [SIGNAL] SEÑAL DETECTADA: XAGUSD | BEARISH_BREAKOUT
2025-10-21 23:57:56,168 | INFO |    [CONF] Confianza: 65.4% | Riesgo: HIGH
2025-10-21 23:57:56,173 | INFO |    [PRICE] Precio: $31.4619 | Spread: 0.030000
2025-10-21 23:57:56,173 | INFO | [SKIP] Trade no ejecutado para XAGUSD (condiciones no cumplidas)
2025-10-21 23:57:56,174 | INFO | [SIGNALS] Señales detectadas: 2
2025-10-21 23:57:56,174 | INFO | [POSITIONS] Posiciones activas: 0
2025-10-21 23:57:56,175 | INFO | [CAPITAL] Capital actual: $500.00
2025-10-21 23:57:56,175 | INFO | [WAIT] Esperando 60 segundos para el próximo ciclo...
2025-10-21 23:58:56,187 | INFO | 
[CYCLE] CICLO 45 - 04:58:56
2025-10-21 23:58:56,188 | INFO | [SESSION] Sesión: SYDNEY | Prioridad: LOW
2025-10-21 23:58:57,264 | ERROR | Failed to get ticker 'EURUSD=X' reason: Expecting value: line 1 column 1 (char 0)
2025-10-21 23:58:58,079 | ERROR | EURUSD=X: No price data found, symbol may be delisted (period=1d)
2025-10-21 23:58:59,909 | ERROR | Failed to get ticker 'GBPUSD=X' reason: Expecting value: line 1 column 1 (char 0)
2025-10-21 23:59:00,745 | ERROR | GBPUSD=X: No price data found, symbol may be delisted (period=1d)
2025-10-21 23:59:02,323 | ERROR | Failed to get ticker 'USDJPY=X' reason: Expecting value: line 1 column 1 (char 0)
2025-10-21 23:59:03,233 | ERROR | USDJPY=X: No price data found, symbol may be delisted (period=1d)
2025-10-21 23:59:03,236 | INFO | [DATA] Usando datos simulados para USDJPY: $149.4967
2025-10-21 23:59:04,133 | ERROR | Failed to get ticker 'AUDUSD=X' reason: Expecting value: line 1 column 1 (char 0)
2025-10-21 23:59:05,060 | ERROR | AUDUSD=X: No price data found, symbol may be delisted (period=1d)
2025-10-21 23:59:05,958 | INFO | [SIGNAL] SEÑAL DETECTADA: AUDUSD | BEARISH_BREAKOUT
2025-10-21 23:59:05,958 | INFO |    [CONF] Confianza: 72.1% | Riesgo: HIGH
2025-10-21 23:59:05,960 | INFO |    [PRICE] Precio: $0.7252 | Spread: 0.000250
2025-10-21 23:59:05,961 | INFO | [SKIP] Trade no ejecutado para AUDUSD (condiciones no cumplidas)
2025-10-21 23:59:06,807 | ERROR | Failed to get ticker 'GC=F' reason: Expecting value: line 1 column 1 (char 0)
2025-10-21 23:59:07,699 | ERROR | GC=F: No price data found, symbol may be delisted (period=1d)
2025-10-21 23:59:07,702 | INFO | [DATA] Usando datos simulados para XAUUSD: $2646.1882
2025-10-21 23:59:08,595 | ERROR | Failed to get ticker 'SI=F' reason: Expecting value: line 1 column 1 (char 0)
2025-10-21 23:59:09,512 | ERROR | SI=F: No price data found, symbol may be delisted (period=1d)
2025-10-21 23:59:09,515 | INFO | [DATA] Usando datos simulados para XAGUSD: $31.5457
2025-10-21 23:59:09,515 | INFO | [SIGNALS] Señales detectadas: 1
2025-10-21 23:59:09,515 | INFO | [POSITIONS] Posiciones activas: 0
2025-10-21 23:59:09,515 | INFO | [CAPITAL] Capital actual: $500.00
2025-10-21 23:59:09,515 | INFO | [WAIT] Esperando 60 segundos para el próximo ciclo...
2025-10-22 00:00:09,525 | INFO | 
[CYCLE] CICLO 46 - 05:00:09
2025-10-22 00:00:09,525 | INFO | [SESSION] Sesión: SYDNEY | Prioridad: LOW
2025-10-22 00:00:10,804 | ERROR | Failed to get ticker 'EURUSD=X' reason: Expecting value: line 1 column 1 (char 0)
2025-10-22 00:00:11,863 | ERROR | EURUSD=X: No price data found, symbol may be delisted (period=1d)
2025-10-22 00:00:13,820 | ERROR | Failed to get ticker 'GBPUSD=X' reason: Expecting value: line 1 column 1 (char 0)
2025-10-22 00:00:14,968 | ERROR | GBPUSD=X: No price data found, symbol may be delisted (period=1d)
2025-10-22 00:00:17,601 | ERROR | Failed to get ticker 'USDJPY=X' reason: Expecting value: line 1 column 1 (char 0)
2025-10-22 00:00:18,775 | ERROR | USDJPY=X: No price data found, symbol may be delisted (period=1d)
2025-10-22 00:00:18,779 | INFO | [DATA] Usando datos simulados para USDJPY: $148.8119
2025-10-22 00:00:20,026 | ERROR | Failed to get ticker 'AUDUSD=X' reason: Expecting value: line 1 column 1 (char 0)
2025-10-22 00:00:21,280 | ERROR | AUDUSD=X: No price data found, symbol may be delisted (period=1d)
2025-10-22 00:00:22,463 | INFO | [SIGNAL] SEÑAL DETECTADA: AUDUSD | BEARISH_BREAKOUT
2025-10-22 00:00:22,465 | INFO |    [CONF] Confianza: 72.1% | Riesgo: HIGH
2025-10-22 00:00:22,465 | INFO |    [PRICE] Precio: $0.7252 | Spread: 0.000250
2025-10-22 00:00:22,468 | INFO | [SKIP] Trade no ejecutado para AUDUSD (condiciones no cumplidas)
2025-10-22 00:00:23,673 | ERROR | Failed to get ticker 'GC=F' reason: Expecting value: line 1 column 1 (char 0)
2025-10-22 00:00:24,880 | ERROR | GC=F: No price data found, symbol may be delisted (period=1d)
2025-10-22 00:00:24,883 | INFO | [DATA] Usando datos simulados para XAUUSD: $2656.0915
2025-10-22 00:00:26,052 | ERROR | Failed to get ticker 'SI=F' reason: Expecting value: line 1 column 1 (char 0)
2025-10-22 00:00:27,189 | ERROR | SI=F: No price data found, symbol may be delisted (period=1d)
2025-10-22 00:00:27,191 | INFO | [DATA] Usando datos simulados para XAGUSD: $31.4127
2025-10-22 00:00:27,191 | INFO | [SIGNALS] Señales detectadas: 1
2025-10-22 00:00:27,194 | INFO | [POSITIONS] Posiciones activas: 0
2025-10-22 00:00:27,194 | INFO | [CAPITAL] Capital actual: $500.00
2025-10-22 00:00:27,196 | INFO | [WAIT] Esperando 60 segundos para el próximo ciclo...
2025-10-22 00:01:27,199 | INFO | 
[CYCLE] CICLO 47 - 05:01:27
2025-10-22 00:01:27,199 | INFO | [SESSION] Sesión: SYDNEY | Prioridad: LOW
2025-10-22 00:01:28,174 | ERROR | Failed to get ticker 'EURUSD=X' reason: Expecting value: line 1 column 1 (char 0)
2025-10-22 00:01:28,977 | ERROR | EURUSD=X: No price data found, symbol may be delisted (period=1d)
2025-10-22 00:01:30,645 | ERROR | Failed to get ticker 'GBPUSD=X' reason: Expecting value: line 1 column 1 (char 0)
2025-10-22 00:01:31,483 | ERROR | GBPUSD=X: No price data found, symbol may be delisted (period=1d)
2025-10-22 00:01:33,209 | ERROR | Failed to get ticker 'USDJPY=X' reason: Expecting value: line 1 column 1 (char 0)
2025-10-22 00:01:34,174 | ERROR | USDJPY=X: No price data found, symbol may be delisted (period=1d)
2025-10-22 00:01:34,177 | INFO | [DATA] Usando datos simulados para USDJPY: $149.7890
2025-10-22 00:01:35,014 | ERROR | Failed to get ticker 'AUDUSD=X' reason: Expecting value: line 1 column 1 (char 0)
2025-10-22 00:01:35,906 | ERROR | AUDUSD=X: No price data found, symbol may be delisted (period=1d)
2025-10-22 00:01:36,755 | INFO | [SIGNAL] SEÑAL DETECTADA: AUDUSD | BEARISH_BREAKOUT
2025-10-22 00:01:36,756 | INFO |    [CONF] Confianza: 72.1% | Riesgo: HIGH
2025-10-22 00:01:36,758 | INFO |    [PRICE] Precio: $0.7252 | Spread: 0.000250
2025-10-22 00:01:36,758 | INFO | [SKIP] Trade no ejecutado para AUDUSD (condiciones no cumplidas)
2025-10-22 00:01:37,617 | ERROR | Failed to get ticker 'GC=F' reason: Expecting value: line 1 column 1 (char 0)
2025-10-22 00:01:38,452 | ERROR | GC=F: No price data found, symbol may be delisted (period=1d)
2025-10-22 00:01:38,455 | INFO | [DATA] Usando datos simulados para XAUUSD: $2653.7605
2025-10-22 00:01:39,472 | ERROR | Failed to get ticker 'SI=F' reason: Expecting value: line 1 column 1 (char 0)
2025-10-22 00:01:40,425 | ERROR | SI=F: No price data found, symbol may be delisted (period=1d)
2025-10-22 00:01:40,428 | INFO | [DATA] Usando datos simulados para XAGUSD: $31.4625
2025-10-22 00:01:40,428 | INFO | [SIGNALS] Señales detectadas: 1
2025-10-22 00:01:40,428 | INFO | [POSITIONS] Posiciones activas: 0
2025-10-22 00:01:40,431 | INFO | [CAPITAL] Capital actual: $500.00
2025-10-22 00:01:40,431 | INFO | [WAIT] Esperando 60 segundos para el próximo ciclo...
2025-10-22 00:02:40,435 | INFO | 
[CYCLE] CICLO 48 - 05:02:40
2025-10-22 00:02:40,435 | INFO | [SESSION] Sesión: SYDNEY | Prioridad: LOW
2025-10-22 00:02:41,632 | ERROR | Failed to get ticker 'EURUSD=X' reason: Expecting value: line 1 column 1 (char 0)
2025-10-22 00:02:42,653 | ERROR | EURUSD=X: No price data found, symbol may be delisted (period=1d)
2025-10-22 00:02:44,559 | ERROR | Failed to get ticker 'GBPUSD=X' reason: Expecting value: line 1 column 1 (char 0)
2025-10-22 00:02:45,690 | ERROR | GBPUSD=X: No price data found, symbol may be delisted (period=1d)
2025-10-22 00:02:47,845 | ERROR | Failed to get ticker 'USDJPY=X' reason: Expecting value: line 1 column 1 (char 0)
2025-10-22 00:02:48,883 | ERROR | USDJPY=X: No price data found, symbol may be delisted (period=1d)
2025-10-22 00:02:48,886 | INFO | [DATA] Usando datos simulados para USDJPY: $149.8193
2025-10-22 00:02:49,985 | ERROR | Failed to get ticker 'AUDUSD=X' reason: Expecting value: line 1 column 1 (char 0)
2025-10-22 00:02:51,098 | ERROR | AUDUSD=X: No price data found, symbol may be delisted (period=1d)
2025-10-22 00:02:51,978 | INFO | [SIGNAL] SEÑAL DETECTADA: AUDUSD | BEARISH_BREAKOUT
2025-10-22 00:02:51,982 | INFO |    [CONF] Confianza: 72.1% | Riesgo: HIGH
2025-10-22 00:02:51,982 | INFO |    [PRICE] Precio: $0.7252 | Spread: 0.000250
2025-10-22 00:02:51,982 | INFO | [SKIP] Trade no ejecutado para AUDUSD (condiciones no cumplidas)
2025-10-22 00:02:53,105 | ERROR | Failed to get ticker 'GC=F' reason: Expecting value: line 1 column 1 (char 0)
2025-10-22 00:02:54,139 | ERROR | GC=F: No price data found, symbol may be delisted (period=1d)
2025-10-22 00:02:54,141 | INFO | [DATA] Usando datos simulados para XAUUSD: $2646.7703
2025-10-22 00:02:55,107 | ERROR | Failed to get ticker 'SI=F' reason: Expecting value: line 1 column 1 (char 0)
2025-10-22 00:02:56,264 | ERROR | SI=F: No price data found, symbol may be delisted (period=1d)
2025-10-22 00:02:56,269 | INFO | [DATA] Usando datos simulados para XAGUSD: $31.3669
2025-10-22 00:02:56,269 | INFO | [SIGNALS] Señales detectadas: 1
2025-10-22 00:02:56,269 | INFO | [POSITIONS] Posiciones activas: 0
2025-10-22 00:02:56,269 | INFO | [CAPITAL] Capital actual: $500.00
2025-10-22 00:02:56,274 | INFO | [WAIT] Esperando 60 segundos para el próximo ciclo...
2025-10-22 00:03:56,280 | INFO | 
[CYCLE] CICLO 49 - 05:03:56
2025-10-22 00:03:56,280 | INFO | [SESSION] Sesión: SYDNEY | Prioridad: LOW
2025-10-22 00:03:57,231 | ERROR | Failed to get ticker 'EURUSD=X' reason: Expecting value: line 1 column 1 (char 0)
2025-10-22 00:03:58,106 | ERROR | EURUSD=X: No price data found, symbol may be delisted (period=1d)
2025-10-22 00:03:59,877 | ERROR | Failed to get ticker 'GBPUSD=X' reason: Expecting value: line 1 column 1 (char 0)
2025-10-22 00:04:00,725 | ERROR | GBPUSD=X: No price data found, symbol may be delisted (period=1d)
2025-10-22 00:04:02,490 | ERROR | Failed to get ticker 'USDJPY=X' reason: Expecting value: line 1 column 1 (char 0)
2025-10-22 00:04:03,324 | ERROR | USDJPY=X: No price data found, symbol may be delisted (period=1d)
2025-10-22 00:04:03,336 | INFO | [DATA] Usando datos simulados para USDJPY: $149.1475
2025-10-22 00:04:03,350 | INFO | [SIGNAL] SEÑAL DETECTADA: USDJPY | BEARISH_BREAKOUT
2025-10-22 00:04:03,350 | INFO |    [CONF] Confianza: 72.3% | Riesgo: MEDIUM
2025-10-22 00:04:03,350 | INFO |    [PRICE] Precio: $149.1475 | Spread: 0.015000
2025-10-22 00:04:03,353 | INFO | [SKIP] Trade no ejecutado para USDJPY (condiciones no cumplidas)
2025-10-22 00:04:04,181 | ERROR | Failed to get ticker 'AUDUSD=X' reason: Expecting value: line 1 column 1 (char 0)
2025-10-22 00:04:04,917 | ERROR | AUDUSD=X: No price data found, symbol may be delisted (period=1d)
2025-10-22 00:04:05,715 | INFO | [SIGNAL] SEÑAL DETECTADA: AUDUSD | BEARISH_BREAKOUT
2025-10-22 00:04:05,715 | INFO |    [CONF] Confianza: 72.1% | Riesgo: HIGH
2025-10-22 00:04:05,717 | INFO |    [PRICE] Precio: $0.7252 | Spread: 0.000250
2025-10-22 00:04:05,717 | INFO | [SKIP] Trade no ejecutado para AUDUSD (condiciones no cumplidas)
2025-10-22 00:04:06,548 | ERROR | Failed to get ticker 'GC=F' reason: Expecting value: line 1 column 1 (char 0)
2025-10-22 00:04:07,416 | ERROR | GC=F: No price data found, symbol may be delisted (period=1d)
2025-10-22 00:04:07,420 | INFO | [DATA] Usando datos simulados para XAUUSD: $2637.4252
2025-10-22 00:04:07,428 | INFO | [SIGNAL] SEÑAL DETECTADA: XAUUSD | BEARISH_BREAKOUT
2025-10-22 00:04:07,428 | INFO |    [CONF] Confianza: 65.2% | Riesgo: HIGH
2025-10-22 00:04:07,430 | INFO |    [PRICE] Precio: $2637.4252 | Spread: 0.500000
2025-10-22 00:04:07,432 | INFO | [SKIP] Trade no ejecutado para XAUUSD (condiciones no cumplidas)
2025-10-22 00:04:08,433 | ERROR | Failed to get ticker 'SI=F' reason: Expecting value: line 1 column 1 (char 0)
2025-10-22 00:04:09,260 | ERROR | SI=F: No price data found, symbol may be delisted (period=1d)
2025-10-22 00:04:09,272 | INFO | [DATA] Usando datos simulados para XAGUSD: $31.5856
2025-10-22 00:04:09,277 | INFO | [SIGNAL] SEÑAL DETECTADA: XAGUSD | BULLISH_BREAKOUT
2025-10-22 00:04:09,277 | INFO |    [CONF] Confianza: 65.4% | Riesgo: HIGH
2025-10-22 00:04:09,277 | INFO |    [PRICE] Precio: $31.5856 | Spread: 0.030000
2025-10-22 00:04:09,277 | INFO | [SKIP] Trade no ejecutado para XAGUSD (condiciones no cumplidas)
2025-10-22 00:04:09,280 | INFO | [SIGNALS] Señales detectadas: 4
2025-10-22 00:04:09,280 | INFO | [POSITIONS] Posiciones activas: 0
2025-10-22 00:04:09,281 | INFO | [CAPITAL] Capital actual: $500.00
2025-10-22 00:04:09,281 | INFO | [WAIT] Esperando 60 segundos para el próximo ciclo...
2025-10-22 00:05:09,294 | INFO | 
[CYCLE] CICLO 50 - 05:05:09
2025-10-22 00:05:09,294 | INFO | [SESSION] Sesión: SYDNEY | Prioridad: LOW
2025-10-22 00:05:10,899 | ERROR | Failed to get ticker 'EURUSD=X' reason: Expecting value: line 1 column 1 (char 0)
2025-10-22 00:05:12,005 | ERROR | EURUSD=X: No price data found, symbol may be delisted (period=1d)
2025-10-22 00:05:13,980 | ERROR | Failed to get ticker 'GBPUSD=X' reason: Expecting value: line 1 column 1 (char 0)
2025-10-22 00:05:15,088 | ERROR | GBPUSD=X: No price data found, symbol may be delisted (period=1d)
2025-10-22 00:05:17,143 | ERROR | Failed to get ticker 'USDJPY=X' reason: Expecting value: line 1 column 1 (char 0)
2025-10-22 00:05:18,183 | ERROR | USDJPY=X: No price data found, symbol may be delisted (period=1d)
2025-10-22 00:05:18,187 | INFO | [DATA] Usando datos simulados para USDJPY: $148.8697
2025-10-22 00:05:19,336 | ERROR | Failed to get ticker 'AUDUSD=X' reason: Expecting value: line 1 column 1 (char 0)
2025-10-22 00:05:20,364 | ERROR | AUDUSD=X: No price data found, symbol may be delisted (period=1d)
2025-10-22 00:05:21,169 | INFO | [SIGNAL] SEÑAL DETECTADA: AUDUSD | BEARISH_BREAKOUT
2025-10-22 00:05:21,171 | INFO |    [CONF] Confianza: 72.1% | Riesgo: HIGH
2025-10-22 00:05:21,171 | INFO |    [PRICE] Precio: $0.7252 | Spread: 0.000250
2025-10-22 00:05:21,173 | INFO | [SKIP] Trade no ejecutado para AUDUSD (condiciones no cumplidas)
2025-10-22 00:05:22,153 | ERROR | Failed to get ticker 'GC=F' reason: Expecting value: line 1 column 1 (char 0)
2025-10-22 00:05:23,164 | ERROR | GC=F: No price data found, symbol may be delisted (period=1d)
2025-10-22 00:05:23,168 | INFO | [DATA] Usando datos simulados para XAUUSD: $2646.0618
2025-10-22 00:05:23,182 | INFO | [SIGNAL] SEÑAL DETECTADA: XAUUSD | BULLISH_BREAKOUT
2025-10-22 00:05:23,182 | INFO |    [CONF] Confianza: 77.3% | Riesgo: HIGH
2025-10-22 00:05:23,182 | INFO |    [PRICE] Precio: $2646.0618 | Spread: 0.500000
2025-10-22 00:05:23,186 | INFO | [SKIP] Trade no ejecutado para XAUUSD (condiciones no cumplidas)
2025-10-22 00:05:24,249 | ERROR | Failed to get ticker 'SI=F' reason: Expecting value: line 1 column 1 (char 0)
2025-10-22 00:05:25,309 | ERROR | SI=F: No price data found, symbol may be delisted (period=1d)
2025-10-22 00:05:25,312 | INFO | [DATA] Usando datos simulados para XAGUSD: $31.4584
2025-10-22 00:05:25,312 | INFO | [SIGNALS] Señales detectadas: 2
2025-10-22 00:05:25,312 | INFO | [POSITIONS] Posiciones activas: 0
2025-10-22 00:05:25,316 | INFO | [CAPITAL] Capital actual: $500.00
2025-10-22 00:05:25,317 | INFO | [STATS] ROI Total: +0.00% | Señales totales: 71
2025-10-22 00:05:25,317 | INFO | [WAIT] Esperando 60 segundos para el próximo ciclo...
2025-10-22 00:06:25,330 | INFO | 
[CYCLE] CICLO 51 - 05:06:25
2025-10-22 00:06:25,331 | INFO | [SESSION] Sesión: SYDNEY | Prioridad: LOW
2025-10-22 00:06:26,435 | ERROR | Failed to get ticker 'EURUSD=X' reason: Expecting value: line 1 column 1 (char 0)
2025-10-22 00:06:27,366 | ERROR | EURUSD=X: No price data found, symbol may be delisted (period=1d)
2025-10-22 00:06:29,082 | ERROR | Failed to get ticker 'GBPUSD=X' reason: Expecting value: line 1 column 1 (char 0)
2025-10-22 00:06:29,917 | ERROR | GBPUSD=X: No price data found, symbol may be delisted (period=1d)
2025-10-22 00:06:31,573 | ERROR | Failed to get ticker 'USDJPY=X' reason: Expecting value: line 1 column 1 (char 0)
2025-10-22 00:06:32,484 | ERROR | USDJPY=X: No price data found, symbol may be delisted (period=1d)
2025-10-22 00:06:32,494 | INFO | [DATA] Usando datos simulados para USDJPY: $149.3125
2025-10-22 00:06:33,404 | ERROR | Failed to get ticker 'AUDUSD=X' reason: Expecting value: line 1 column 1 (char 0)
2025-10-22 00:06:34,221 | ERROR | AUDUSD=X: No price data found, symbol may be delisted (period=1d)
2025-10-22 00:06:35,003 | INFO | [SIGNAL] SEÑAL DETECTADA: AUDUSD | BEARISH_BREAKOUT
2025-10-22 00:06:35,003 | INFO |    [CONF] Confianza: 72.1% | Riesgo: HIGH
2025-10-22 00:06:35,003 | INFO |    [PRICE] Precio: $0.7252 | Spread: 0.000250
2025-10-22 00:06:35,003 | INFO | [SKIP] Trade no ejecutado para AUDUSD (condiciones no cumplidas)
2025-10-22 00:06:35,812 | ERROR | Failed to get ticker 'GC=F' reason: Expecting value: line 1 column 1 (char 0)
2025-10-22 00:06:36,653 | ERROR | GC=F: No price data found, symbol may be delisted (period=1d)
2025-10-22 00:06:36,656 | INFO | [DATA] Usando datos simulados para XAUUSD: $2657.7122
2025-10-22 00:06:36,664 | INFO | [SIGNAL] SEÑAL DETECTADA: XAUUSD | BULLISH_BREAKOUT
2025-10-22 00:06:36,664 | INFO |    [CONF] Confianza: 71.7% | Riesgo: HIGH
2025-10-22 00:06:36,664 | INFO |    [PRICE] Precio: $2657.7122 | Spread: 0.500000
2025-10-22 00:06:36,666 | INFO | [SKIP] Trade no ejecutado para XAUUSD (condiciones no cumplidas)
2025-10-22 00:06:37,536 | ERROR | Failed to get ticker 'SI=F' reason: Expecting value: line 1 column 1 (char 0)
2025-10-22 00:06:38,699 | ERROR | SI=F: No price data found, symbol may be delisted (period=1d)
2025-10-22 00:06:38,701 | INFO | [DATA] Usando datos simulados para XAGUSD: $31.5712
2025-10-22 00:06:38,701 | INFO | [SIGNALS] Señales detectadas: 2
2025-10-22 00:06:38,701 | INFO | [POSITIONS] Posiciones activas: 0
2025-10-22 00:06:38,701 | INFO | [CAPITAL] Capital actual: $500.00
2025-10-22 00:06:38,701 | INFO | [WAIT] Esperando 60 segundos para el próximo ciclo...
2025-10-22 00:07:38,702 | INFO | 
[CYCLE] CICLO 52 - 05:07:38
2025-10-22 00:07:38,702 | INFO | [SESSION] Sesión: SYDNEY | Prioridad: LOW
2025-10-22 00:07:39,918 | ERROR | Failed to get ticker 'EURUSD=X' reason: Expecting value: line 1 column 1 (char 0)
2025-10-22 00:07:41,067 | ERROR | EURUSD=X: No price data found, symbol may be delisted (period=1d)
2025-10-22 00:07:44,052 | ERROR | Failed to get ticker 'GBPUSD=X' reason: Expecting value: line 1 column 1 (char 0)
2025-10-22 00:07:45,129 | ERROR | GBPUSD=X: No price data found, symbol may be delisted (period=1d)
2025-10-22 00:07:46,998 | ERROR | Failed to get ticker 'USDJPY=X' reason: Expecting value: line 1 column 1 (char 0)
2025-10-22 00:07:48,014 | ERROR | USDJPY=X: No price data found, symbol may be delisted (period=1d)
2025-10-22 00:07:48,020 | INFO | [DATA] Usando datos simulados para USDJPY: $149.1087
2025-10-22 00:07:49,035 | ERROR | Failed to get ticker 'AUDUSD=X' reason: Expecting value: line 1 column 1 (char 0)
2025-10-22 00:07:50,038 | ERROR | AUDUSD=X: No price data found, symbol may be delisted (period=1d)
2025-10-22 00:07:50,963 | INFO | [SIGNAL] SEÑAL DETECTADA: AUDUSD | BEARISH_BREAKOUT
2025-10-22 00:07:50,963 | INFO |    [CONF] Confianza: 72.1% | Riesgo: HIGH
2025-10-22 00:07:50,965 | INFO |    [PRICE] Precio: $0.7252 | Spread: 0.000250
2025-10-22 00:07:50,965 | INFO | [SKIP] Trade no ejecutado para AUDUSD (condiciones no cumplidas)
2025-10-22 00:07:51,977 | ERROR | Failed to get ticker 'GC=F' reason: Expecting value: line 1 column 1 (char 0)
2025-10-22 00:07:53,031 | ERROR | GC=F: No price data found, symbol may be delisted (period=1d)
2025-10-22 00:07:53,038 | INFO | [DATA] Usando datos simulados para XAUUSD: $2656.5219
2025-10-22 00:07:54,070 | ERROR | Failed to get ticker 'SI=F' reason: Expecting value: line 1 column 1 (char 0)
2025-10-22 00:07:55,128 | ERROR | SI=F: No price data found, symbol may be delisted (period=1d)
2025-10-22 00:07:55,130 | INFO | [DATA] Usando datos simulados para XAGUSD: $31.6176
2025-10-22 00:07:55,130 | INFO | [SIGNALS] Señales detectadas: 1
2025-10-22 00:07:55,130 | INFO | [POSITIONS] Posiciones activas: 0
2025-10-22 00:07:55,130 | INFO | [CAPITAL] Capital actual: $500.00
2025-10-22 00:07:55,130 | INFO | [WAIT] Esperando 60 segundos para el próximo ciclo...
2025-10-22 00:08:55,133 | INFO | 
[CYCLE] CICLO 53 - 05:08:55
2025-10-22 00:08:55,133 | INFO | [SESSION] Sesión: SYDNEY | Prioridad: LOW
2025-10-22 00:08:56,323 | ERROR | Failed to get ticker 'EURUSD=X' reason: Expecting value: line 1 column 1 (char 0)
2025-10-22 00:08:57,243 | ERROR | EURUSD=X: No price data found, symbol may be delisted (period=1d)
2025-10-22 00:08:58,932 | ERROR | Failed to get ticker 'GBPUSD=X' reason: Expecting value: line 1 column 1 (char 0)
2025-10-22 00:08:59,736 | ERROR | GBPUSD=X: No price data found, symbol may be delisted (period=1d)
2025-10-22 00:09:01,526 | ERROR | Failed to get ticker 'USDJPY=X' reason: Expecting value: line 1 column 1 (char 0)
2025-10-22 00:09:02,497 | ERROR | USDJPY=X: No price data found, symbol may be delisted (period=1d)
2025-10-22 00:09:02,501 | INFO | [DATA] Usando datos simulados para USDJPY: $149.9381
2025-10-22 00:09:03,322 | ERROR | Failed to get ticker 'AUDUSD=X' reason: Expecting value: line 1 column 1 (char 0)
2025-10-22 00:09:04,128 | ERROR | AUDUSD=X: No price data found, symbol may be delisted (period=1d)
2025-10-22 00:09:05,277 | INFO | [SIGNAL] SEÑAL DETECTADA: AUDUSD | BEARISH_BREAKOUT
2025-10-22 00:09:05,290 | INFO |    [CONF] Confianza: 72.1% | Riesgo: HIGH
2025-10-22 00:09:05,293 | INFO |    [PRICE] Precio: $0.7252 | Spread: 0.000250
2025-10-22 00:09:05,294 | INFO | [SKIP] Trade no ejecutado para AUDUSD (condiciones no cumplidas)
2025-10-22 00:09:06,504 | ERROR | Failed to get ticker 'GC=F' reason: Expecting value: line 1 column 1 (char 0)
2025-10-22 00:09:07,500 | ERROR | GC=F: No price data found, symbol may be delisted (period=1d)
2025-10-22 00:09:07,504 | INFO | [DATA] Usando datos simulados para XAUUSD: $2653.3722
2025-10-22 00:09:08,422 | ERROR | Failed to get ticker 'SI=F' reason: Expecting value: line 1 column 1 (char 0)
2025-10-22 00:09:09,353 | ERROR | SI=F: No price data found, symbol may be delisted (period=1d)
2025-10-22 00:09:09,355 | INFO | [DATA] Usando datos simulados para XAGUSD: $31.6189
2025-10-22 00:09:09,357 | INFO | [SIGNALS] Señales detectadas: 1
2025-10-22 00:09:09,359 | INFO | [POSITIONS] Posiciones activas: 0
2025-10-22 00:09:09,359 | INFO | [CAPITAL] Capital actual: $500.00
2025-10-22 00:09:09,360 | INFO | [WAIT] Esperando 60 segundos para el próximo ciclo...
2025-10-22 00:10:09,361 | INFO | 
[CYCLE] CICLO 54 - 05:10:09
2025-10-22 00:10:09,362 | INFO | [SESSION] Sesión: SYDNEY | Prioridad: LOW
2025-10-22 00:10:10,228 | ERROR | Failed to get ticker 'EURUSD=X' reason: Expecting value: line 1 column 1 (char 0)
2025-10-22 00:10:10,967 | ERROR | EURUSD=X: No price data found, symbol may be delisted (period=1d)
2025-10-22 00:10:12,763 | ERROR | Failed to get ticker 'GBPUSD=X' reason: Expecting value: line 1 column 1 (char 0)
2025-10-22 00:10:13,553 | ERROR | GBPUSD=X: No price data found, symbol may be delisted (period=1d)
2025-10-22 00:10:14,954 | ERROR | Failed to get ticker 'USDJPY=X' reason: Expecting value: line 1 column 1 (char 0)
2025-10-22 00:10:15,599 | ERROR | USDJPY=X: No price data found, symbol may be delisted (period=1d)
2025-10-22 00:10:15,602 | INFO | [DATA] Usando datos simulados para USDJPY: $149.6599
2025-10-22 00:10:16,248 | ERROR | Failed to get ticker 'AUDUSD=X' reason: Expecting value: line 1 column 1 (char 0)
2025-10-22 00:10:17,033 | ERROR | AUDUSD=X: No price data found, symbol may be delisted (period=1d)
2025-10-22 00:10:17,826 | INFO | [SIGNAL] SEÑAL DETECTADA: AUDUSD | BEARISH_BREAKOUT
2025-10-22 00:10:17,826 | INFO |    [CONF] Confianza: 72.1% | Riesgo: HIGH
2025-10-22 00:10:17,829 | INFO |    [PRICE] Precio: $0.7252 | Spread: 0.000250
2025-10-22 00:10:17,830 | INFO | [SKIP] Trade no ejecutado para AUDUSD (condiciones no cumplidas)
2025-10-22 00:10:18,483 | ERROR | Failed to get ticker 'GC=F' reason: Expecting value: line 1 column 1 (char 0)
2025-10-22 00:10:19,116 | ERROR | GC=F: No price data found, symbol may be delisted (period=1d)
2025-10-22 00:10:19,119 | INFO | [DATA] Usando datos simulados para XAUUSD: $2656.9750
2025-10-22 00:10:19,775 | ERROR | Failed to get ticker 'SI=F' reason: Expecting value: line 1 column 1 (char 0)
2025-10-22 00:10:20,427 | ERROR | SI=F: No price data found, symbol may be delisted (period=1d)
2025-10-22 00:10:20,429 | INFO | [DATA] Usando datos simulados para XAGUSD: $31.4293
2025-10-22 00:10:20,435 | INFO | [SIGNAL] SEÑAL DETECTADA: XAGUSD | BULLISH_BREAKOUT
2025-10-22 00:10:20,435 | INFO |    [CONF] Confianza: 69.6% | Riesgo: HIGH
2025-10-22 00:10:20,435 | INFO |    [PRICE] Precio: $31.4293 | Spread: 0.030000
2025-10-22 00:10:20,435 | INFO | [SKIP] Trade no ejecutado para XAGUSD (condiciones no cumplidas)
2025-10-22 00:10:20,438 | INFO | [SIGNALS] Señales detectadas: 2
2025-10-22 00:10:20,438 | INFO | [POSITIONS] Posiciones activas: 0
2025-10-22 00:10:20,439 | INFO | [CAPITAL] Capital actual: $500.00
2025-10-22 00:10:20,439 | INFO | [WAIT] Esperando 60 segundos para el próximo ciclo...
2025-10-22 00:11:20,440 | INFO | 
[CYCLE] CICLO 55 - 05:11:20
2025-10-22 00:11:20,440 | INFO | [SESSION] Sesión: SYDNEY | Prioridad: LOW
2025-10-22 00:11:21,728 | ERROR | Failed to get ticker 'EURUSD=X' reason: Expecting value: line 1 column 1 (char 0)
2025-10-22 00:11:22,716 | ERROR | EURUSD=X: No price data found, symbol may be delisted (period=1d)
2025-10-22 00:11:24,570 | ERROR | Failed to get ticker 'GBPUSD=X' reason: Expecting value: line 1 column 1 (char 0)
2025-10-22 00:11:25,548 | ERROR | GBPUSD=X: No price data found, symbol may be delisted (period=1d)
2025-10-22 00:11:27,434 | ERROR | Failed to get ticker 'USDJPY=X' reason: Expecting value: line 1 column 1 (char 0)
2025-10-22 00:11:28,549 | ERROR | USDJPY=X: No price data found, symbol may be delisted (period=1d)
2025-10-22 00:11:28,554 | INFO | [DATA] Usando datos simulados para USDJPY: $149.9082
2025-10-22 00:11:29,706 | ERROR | Failed to get ticker 'AUDUSD=X' reason: Expecting value: line 1 column 1 (char 0)
2025-10-22 00:11:30,686 | ERROR | AUDUSD=X: No price data found, symbol may be delisted (period=1d)
2025-10-22 00:11:31,473 | INFO | [SIGNAL] SEÑAL DETECTADA: AUDUSD | BEARISH_BREAKOUT
2025-10-22 00:11:31,475 | INFO |    [CONF] Confianza: 72.1% | Riesgo: HIGH
2025-10-22 00:11:31,475 | INFO |    [PRICE] Precio: $0.7252 | Spread: 0.000250
2025-10-22 00:11:31,475 | INFO | [SKIP] Trade no ejecutado para AUDUSD (condiciones no cumplidas)
2025-10-22 00:11:32,530 | ERROR | Failed to get ticker 'GC=F' reason: Expecting value: line 1 column 1 (char 0)
2025-10-22 00:11:33,548 | ERROR | GC=F: No price data found, symbol may be delisted (period=1d)
2025-10-22 00:11:33,550 | INFO | [DATA] Usando datos simulados para XAUUSD: $2652.6443
2025-10-22 00:11:34,633 | ERROR | Failed to get ticker 'SI=F' reason: Expecting value: line 1 column 1 (char 0)
2025-10-22 00:11:35,651 | ERROR | SI=F: No price data found, symbol may be delisted (period=1d)
2025-10-22 00:11:35,654 | INFO | [DATA] Usando datos simulados para XAGUSD: $31.4722
2025-10-22 00:11:35,656 | INFO | [SIGNALS] Señales detectadas: 1
2025-10-22 00:11:35,656 | INFO | [POSITIONS] Posiciones activas: 0
2025-10-22 00:11:35,656 | INFO | [CAPITAL] Capital actual: $500.00
2025-10-22 00:11:35,658 | INFO | [WAIT] Esperando 60 segundos para el próximo ciclo...
2025-10-22 00:12:35,669 | INFO | 
[CYCLE] CICLO 56 - 05:12:35
2025-10-22 00:12:35,670 | INFO | [SESSION] Sesión: SYDNEY | Prioridad: LOW
2025-10-22 00:12:36,799 | ERROR | Failed to get ticker 'EURUSD=X' reason: Expecting value: line 1 column 1 (char 0)
2025-10-22 00:12:37,898 | ERROR | EURUSD=X: No price data found, symbol may be delisted (period=1d)
2025-10-22 00:12:39,863 | ERROR | Failed to get ticker 'GBPUSD=X' reason: Expecting value: line 1 column 1 (char 0)
2025-10-22 00:12:40,974 | ERROR | GBPUSD=X: No price data found, symbol may be delisted (period=1d)
2025-10-22 00:12:42,693 | ERROR | Failed to get ticker 'USDJPY=X' reason: Expecting value: line 1 column 1 (char 0)
2025-10-22 00:12:43,698 | ERROR | USDJPY=X: No price data found, symbol may be delisted (period=1d)
2025-10-22 00:12:43,702 | INFO | [DATA] Usando datos simulados para USDJPY: $149.4459
2025-10-22 00:12:44,725 | ERROR | Failed to get ticker 'AUDUSD=X' reason: Expecting value: line 1 column 1 (char 0)
2025-10-22 00:12:45,693 | ERROR | AUDUSD=X: No price data found, symbol may be delisted (period=1d)
2025-10-22 00:12:46,367 | INFO | [SIGNAL] SEÑAL DETECTADA: AUDUSD | BEARISH_BREAKOUT
2025-10-22 00:12:46,383 | INFO |    [CONF] Confianza: 72.1% | Riesgo: HIGH
2025-10-22 00:12:46,383 | INFO |    [PRICE] Precio: $0.7252 | Spread: 0.000250
2025-10-22 00:12:46,383 | INFO | [SKIP] Trade no ejecutado para AUDUSD (condiciones no cumplidas)
2025-10-22 00:12:47,536 | ERROR | Failed to get ticker 'GC=F' reason: Expecting value: line 1 column 1 (char 0)
2025-10-22 00:12:48,470 | ERROR | GC=F: No price data found, symbol may be delisted (period=1d)
2025-10-22 00:12:48,475 | INFO | [DATA] Usando datos simulados para XAUUSD: $2637.4199
2025-10-22 00:12:49,422 | ERROR | Failed to get ticker 'SI=F' reason: Expecting value: line 1 column 1 (char 0)
2025-10-22 00:12:50,372 | ERROR | SI=F: No price data found, symbol may be delisted (period=1d)
2025-10-22 00:12:50,375 | INFO | [DATA] Usando datos simulados para XAGUSD: $31.6135
2025-10-22 00:12:50,383 | INFO | [SIGNAL] SEÑAL DETECTADA: XAGUSD | BULLISH_BREAKOUT
2025-10-22 00:12:50,407 | INFO |    [CONF] Confianza: 68.9% | Riesgo: HIGH
2025-10-22 00:12:50,412 | INFO |    [PRICE] Precio: $31.6135 | Spread: 0.030000
2025-10-22 00:12:50,412 | INFO | [SKIP] Trade no ejecutado para XAGUSD (condiciones no cumplidas)
2025-10-22 00:12:50,414 | INFO | [SIGNALS] Señales detectadas: 2
2025-10-22 00:12:50,416 | INFO | [POSITIONS] Posiciones activas: 0
2025-10-22 00:12:50,416 | INFO | [CAPITAL] Capital actual: $500.00
2025-10-22 00:12:50,417 | INFO | [WAIT] Esperando 60 segundos para el próximo ciclo...
2025-10-22 00:13:50,430 | INFO | 
[CYCLE] CICLO 57 - 05:13:50
2025-10-22 00:13:50,436 | INFO | [SESSION] Sesión: SYDNEY | Prioridad: LOW
2025-10-22 00:13:52,031 | ERROR | Failed to get ticker 'EURUSD=X' reason: Expecting value: line 1 column 1 (char 0)
2025-10-22 00:13:53,474 | ERROR | EURUSD=X: No price data found, symbol may be delisted (period=1d)
2025-10-22 00:13:56,172 | ERROR | Failed to get ticker 'GBPUSD=X' reason: Expecting value: line 1 column 1 (char 0)
2025-10-22 00:13:57,660 | ERROR | GBPUSD=X: No price data found, symbol may be delisted (period=1d)
2025-10-22 00:14:00,801 | ERROR | Failed to get ticker 'USDJPY=X' reason: Expecting value: line 1 column 1 (char 0)
2025-10-22 00:14:02,241 | ERROR | USDJPY=X: No price data found, symbol may be delisted (period=1d)
2025-10-22 00:14:02,243 | INFO | [DATA] Usando datos simulados para USDJPY: $150.1499
2025-10-22 00:14:03,385 | ERROR | Failed to get ticker 'AUDUSD=X' reason: Expecting value: line 1 column 1 (char 0)
2025-10-22 00:14:04,576 | ERROR | AUDUSD=X: No price data found, symbol may be delisted (period=1d)
2025-10-22 00:14:05,485 | INFO | [SIGNAL] SEÑAL DETECTADA: AUDUSD | BEARISH_BREAKOUT
2025-10-22 00:14:05,487 | INFO |    [CONF] Confianza: 72.1% | Riesgo: HIGH
2025-10-22 00:14:05,487 | INFO |    [PRICE] Precio: $0.7252 | Spread: 0.000250
2025-10-22 00:14:05,489 | INFO | [SKIP] Trade no ejecutado para AUDUSD (condiciones no cumplidas)
2025-10-22 00:14:06,670 | ERROR | Failed to get ticker 'GC=F' reason: Expecting value: line 1 column 1 (char 0)
2025-10-22 00:14:07,726 | ERROR | GC=F: No price data found, symbol may be delisted (period=1d)
2025-10-22 00:14:07,729 | INFO | [DATA] Usando datos simulados para XAUUSD: $2641.6376
2025-10-22 00:14:08,821 | ERROR | Failed to get ticker 'SI=F' reason: Expecting value: line 1 column 1 (char 0)
2025-10-22 00:14:09,957 | ERROR | SI=F: No price data found, symbol may be delisted (period=1d)
2025-10-22 00:14:09,961 | INFO | [DATA] Usando datos simulados para XAGUSD: $31.4427
2025-10-22 00:14:09,973 | INFO | [SIGNAL] SEÑAL DETECTADA: XAGUSD | BULLISH_BREAKOUT
2025-10-22 00:14:09,973 | INFO |    [CONF] Confianza: 70.1% | Riesgo: HIGH
2025-10-22 00:14:09,973 | INFO |    [PRICE] Precio: $31.4427 | Spread: 0.030000
2025-10-22 00:14:09,973 | INFO | [SKIP] Trade no ejecutado para XAGUSD (condiciones no cumplidas)
2025-10-22 00:14:09,976 | INFO | [SIGNALS] Señales detectadas: 2
2025-10-22 00:14:09,976 | INFO | [POSITIONS] Posiciones activas: 0
2025-10-22 00:14:09,976 | INFO | [CAPITAL] Capital actual: $500.00
2025-10-22 00:14:09,978 | INFO | [WAIT] Esperando 60 segundos para el próximo ciclo...
2025-10-22 00:15:09,988 | INFO | 
[CYCLE] CICLO 58 - 05:15:09
2025-10-22 00:15:09,988 | INFO | [SESSION] Sesión: SYDNEY | Prioridad: LOW
2025-10-22 00:15:10,958 | ERROR | Failed to get ticker 'EURUSD=X' reason: Expecting value: line 1 column 1 (char 0)
2025-10-22 00:15:11,826 | ERROR | EURUSD=X: No price data found, symbol may be delisted (period=1d)
2025-10-22 00:15:13,925 | ERROR | Failed to get ticker 'GBPUSD=X' reason: Expecting value: line 1 column 1 (char 0)
2025-10-22 00:15:14,856 | ERROR | GBPUSD=X: No price data found, symbol may be delisted (period=1d)
2025-10-22 00:15:16,549 | ERROR | Failed to get ticker 'USDJPY=X' reason: Expecting value: line 1 column 1 (char 0)
2025-10-22 00:15:17,475 | ERROR | USDJPY=X: No price data found, symbol may be delisted (period=1d)
2025-10-22 00:15:17,478 | INFO | [DATA] Usando datos simulados para USDJPY: $149.6591
2025-10-22 00:15:18,342 | ERROR | Failed to get ticker 'AUDUSD=X' reason: Expecting value: line 1 column 1 (char 0)
2025-10-22 00:15:19,212 | ERROR | AUDUSD=X: No price data found, symbol may be delisted (period=1d)
2025-10-22 00:15:20,018 | INFO | [SIGNAL] SEÑAL DETECTADA: AUDUSD | BEARISH_BREAKOUT
2025-10-22 00:15:20,018 | INFO |    [CONF] Confianza: 72.1% | Riesgo: HIGH
2025-10-22 00:15:20,020 | INFO |    [PRICE] Precio: $0.7252 | Spread: 0.000250
2025-10-22 00:15:20,020 | INFO | [SKIP] Trade no ejecutado para AUDUSD (condiciones no cumplidas)
2025-10-22 00:15:20,860 | ERROR | Failed to get ticker 'GC=F' reason: Expecting value: line 1 column 1 (char 0)
2025-10-22 00:15:21,941 | ERROR | GC=F: No price data found, symbol may be delisted (period=1d)
2025-10-22 00:15:21,945 | INFO | [DATA] Usando datos simulados para XAUUSD: $2638.6699
2025-10-22 00:15:21,956 | INFO | [SIGNAL] SEÑAL DETECTADA: XAUUSD | BEARISH_BREAKOUT
2025-10-22 00:15:21,956 | INFO |    [CONF] Confianza: 68.2% | Riesgo: HIGH
2025-10-22 00:15:21,958 | INFO |    [PRICE] Precio: $2638.6699 | Spread: 0.500000
2025-10-22 00:15:21,958 | INFO | [SKIP] Trade no ejecutado para XAUUSD (condiciones no cumplidas)
2025-10-22 00:15:22,926 | ERROR | Failed to get ticker 'SI=F' reason: Expecting value: line 1 column 1 (char 0)
2025-10-22 00:15:23,907 | ERROR | SI=F: No price data found, symbol may be delisted (period=1d)
2025-10-22 00:15:23,907 | INFO | [DATA] Usando datos simulados para XAGUSD: $31.6002
2025-10-22 00:15:23,907 | INFO | [SIGNALS] Señales detectadas: 2
2025-10-22 00:15:23,913 | INFO | [POSITIONS] Posiciones activas: 0
2025-10-22 00:15:23,915 | INFO | [CAPITAL] Capital actual: $500.00
2025-10-22 00:15:23,917 | INFO | [WAIT] Esperando 60 segundos para el próximo ciclo...
2025-10-22 00:16:23,926 | INFO | 
[CYCLE] CICLO 59 - 05:16:23
2025-10-22 00:16:23,926 | INFO | [SESSION] Sesión: SYDNEY | Prioridad: LOW
2025-10-22 00:16:25,130 | ERROR | Failed to get ticker 'EURUSD=X' reason: Expecting value: line 1 column 1 (char 0)
2025-10-22 00:16:26,227 | ERROR | EURUSD=X: No price data found, symbol may be delisted (period=1d)
2025-10-22 00:16:28,478 | ERROR | Failed to get ticker 'GBPUSD=X' reason: Expecting value: line 1 column 1 (char 0)
2025-10-22 00:16:29,537 | ERROR | GBPUSD=X: No price data found, symbol may be delisted (period=1d)
2025-10-22 00:16:31,820 | ERROR | Failed to get ticker 'USDJPY=X' reason: Expecting value: line 1 column 1 (char 0)
2025-10-22 00:16:33,013 | ERROR | USDJPY=X: No price data found, symbol may be delisted (period=1d)
2025-10-22 00:16:33,015 | INFO | [DATA] Usando datos simulados para USDJPY: $149.9938
2025-10-22 00:16:34,191 | ERROR | Failed to get ticker 'AUDUSD=X' reason: Expecting value: line 1 column 1 (char 0)
2025-10-22 00:16:35,646 | ERROR | AUDUSD=X: No price data found, symbol may be delisted (period=1d)
2025-10-22 00:16:36,611 | INFO | [SIGNAL] SEÑAL DETECTADA: AUDUSD | BEARISH_BREAKOUT
2025-10-22 00:16:36,611 | INFO |    [CONF] Confianza: 72.1% | Riesgo: HIGH
2025-10-22 00:16:36,611 | INFO |    [PRICE] Precio: $0.7252 | Spread: 0.000250
2025-10-22 00:16:36,611 | INFO | [SKIP] Trade no ejecutado para AUDUSD (condiciones no cumplidas)
2025-10-22 00:16:37,738 | ERROR | Failed to get ticker 'GC=F' reason: Expecting value: line 1 column 1 (char 0)
2025-10-22 00:16:38,767 | ERROR | GC=F: No price data found, symbol may be delisted (period=1d)
2025-10-22 00:16:38,767 | INFO | [DATA] Usando datos simulados para XAUUSD: $2640.2304
2025-10-22 00:16:39,950 | ERROR | Failed to get ticker 'SI=F' reason: Expecting value: line 1 column 1 (char 0)
2025-10-22 00:16:41,073 | ERROR | SI=F: No price data found, symbol may be delisted (period=1d)
2025-10-22 00:16:41,075 | INFO | [DATA] Usando datos simulados para XAGUSD: $31.4383
2025-10-22 00:16:41,075 | INFO | [SIGNALS] Señales detectadas: 1
2025-10-22 00:16:41,075 | INFO | [POSITIONS] Posiciones activas: 0
2025-10-22 00:16:41,075 | INFO | [CAPITAL] Capital actual: $500.00
2025-10-22 00:16:41,077 | INFO | [WAIT] Esperando 60 segundos para el próximo ciclo...
2025-10-22 00:17:41,082 | INFO | 
[CYCLE] CICLO 60 - 05:17:41
2025-10-22 00:17:41,082 | INFO | [SESSION] Sesión: SYDNEY | Prioridad: LOW
2025-10-22 00:17:42,214 | ERROR | Failed to get ticker 'EURUSD=X' reason: Expecting value: line 1 column 1 (char 0)
2025-10-22 00:17:43,267 | ERROR | EURUSD=X: No price data found, symbol may be delisted (period=1d)
2025-10-22 00:17:45,194 | ERROR | Failed to get ticker 'GBPUSD=X' reason: Expecting value: line 1 column 1 (char 0)
2025-10-22 00:17:46,187 | ERROR | GBPUSD=X: No price data found, symbol may be delisted (period=1d)
2025-10-22 00:17:48,183 | ERROR | Failed to get ticker 'USDJPY=X' reason: Expecting value: line 1 column 1 (char 0)
2025-10-22 00:17:49,265 | ERROR | USDJPY=X: No price data found, symbol may be delisted (period=1d)
2025-10-22 00:17:49,267 | INFO | [DATA] Usando datos simulados para USDJPY: $149.1763
2025-10-22 00:17:50,349 | ERROR | Failed to get ticker 'AUDUSD=X' reason: Expecting value: line 1 column 1 (char 0)
2025-10-22 00:17:51,548 | ERROR | AUDUSD=X: No price data found, symbol may be delisted (period=1d)
2025-10-22 00:17:52,376 | INFO | [SIGNAL] SEÑAL DETECTADA: AUDUSD | BEARISH_BREAKOUT
2025-10-22 00:17:52,378 | INFO |    [CONF] Confianza: 72.1% | Riesgo: HIGH
2025-10-22 00:17:52,380 | INFO |    [PRICE] Precio: $0.7252 | Spread: 0.000250
2025-10-22 00:17:52,382 | INFO | [SKIP] Trade no ejecutado para AUDUSD (condiciones no cumplidas)
2025-10-22 00:17:53,522 | ERROR | Failed to get ticker 'GC=F' reason: Expecting value: line 1 column 1 (char 0)
2025-10-22 00:17:54,680 | ERROR | GC=F: No price data found, symbol may be delisted (period=1d)
2025-10-22 00:17:54,683 | INFO | [DATA] Usando datos simulados para XAUUSD: $2651.1082
2025-10-22 00:17:54,697 | INFO | [SIGNAL] SEÑAL DETECTADA: XAUUSD | BULLISH_BREAKOUT
2025-10-22 00:17:54,700 | INFO |    [CONF] Confianza: 74.9% | Riesgo: HIGH
2025-10-22 00:17:54,701 | INFO |    [PRICE] Precio: $2651.1082 | Spread: 0.500000
2025-10-22 00:17:54,703 | INFO | [SKIP] Trade no ejecutado para XAUUSD (condiciones no cumplidas)
2025-10-22 00:17:55,805 | ERROR | Failed to get ticker 'SI=F' reason: Expecting value: line 1 column 1 (char 0)
2025-10-22 00:17:56,889 | ERROR | SI=F: No price data found, symbol may be delisted (period=1d)
2025-10-22 00:17:56,891 | INFO | [DATA] Usando datos simulados para XAGUSD: $31.5689
2025-10-22 00:17:56,893 | INFO | [SIGNALS] Señales detectadas: 2
2025-10-22 00:17:56,893 | INFO | [POSITIONS] Posiciones activas: 0
2025-10-22 00:17:56,893 | INFO | [CAPITAL] Capital actual: $500.00
2025-10-22 00:17:56,893 | INFO | [STATS] ROI Total: +0.00% | Señales totales: 87
2025-10-22 00:17:56,893 | INFO | [WAIT] Esperando 60 segundos para el próximo ciclo...
2025-10-22 00:18:56,907 | INFO | 
[CYCLE] CICLO 61 - 05:18:56
2025-10-22 00:18:56,908 | INFO | [SESSION] Sesión: SYDNEY | Prioridad: LOW
2025-10-22 00:18:58,294 | ERROR | Failed to get ticker 'EURUSD=X' reason: Expecting value: line 1 column 1 (char 0)
2025-10-22 00:18:59,427 | ERROR | EURUSD=X: No price data found, symbol may be delisted (period=1d)
2025-10-22 00:19:01,464 | ERROR | Failed to get ticker 'GBPUSD=X' reason: Expecting value: line 1 column 1 (char 0)
2025-10-22 00:19:02,601 | ERROR | GBPUSD=X: No price data found, symbol may be delisted (period=1d)
2025-10-22 00:19:04,580 | ERROR | Failed to get ticker 'USDJPY=X' reason: Expecting value: line 1 column 1 (char 0)
2025-10-22 00:19:05,683 | ERROR | USDJPY=X: No price data found, symbol may be delisted (period=1d)
2025-10-22 00:19:05,685 | INFO | [DATA] Usando datos simulados para USDJPY: $148.8936
2025-10-22 00:19:06,779 | ERROR | Failed to get ticker 'AUDUSD=X' reason: Expecting value: line 1 column 1 (char 0)
2025-10-22 00:19:07,802 | ERROR | AUDUSD=X: No price data found, symbol may be delisted (period=1d)
2025-10-22 00:19:08,645 | INFO | [SIGNAL] SEÑAL DETECTADA: AUDUSD | BEARISH_BREAKOUT
2025-10-22 00:19:08,645 | INFO |    [CONF] Confianza: 72.1% | Riesgo: HIGH
2025-10-22 00:19:08,647 | INFO |    [PRICE] Precio: $0.7252 | Spread: 0.000250
2025-10-22 00:19:08,647 | INFO | [SKIP] Trade no ejecutado para AUDUSD (condiciones no cumplidas)
2025-10-22 00:19:09,857 | ERROR | Failed to get ticker 'GC=F' reason: Expecting value: line 1 column 1 (char 0)
2025-10-22 00:19:11,026 | ERROR | GC=F: No price data found, symbol may be delisted (period=1d)
2025-10-22 00:19:11,042 | INFO | [DATA] Usando datos simulados para XAUUSD: $2649.5383
2025-10-22 00:19:11,051 | INFO | [SIGNAL] SEÑAL DETECTADA: XAUUSD | BEARISH_BREAKOUT
2025-10-22 00:19:11,051 | INFO |    [CONF] Confianza: 73.6% | Riesgo: HIGH
2025-10-22 00:19:11,056 | INFO |    [PRICE] Precio: $2649.5383 | Spread: 0.500000
2025-10-22 00:19:11,058 | INFO | [SKIP] Trade no ejecutado para XAUUSD (condiciones no cumplidas)
2025-10-22 00:19:12,139 | ERROR | Failed to get ticker 'SI=F' reason: Expecting value: line 1 column 1 (char 0)
2025-10-22 00:19:13,213 | ERROR | SI=F: No price data found, symbol may be delisted (period=1d)
2025-10-22 00:19:13,217 | INFO | [DATA] Usando datos simulados para XAGUSD: $31.5289
2025-10-22 00:19:13,217 | INFO | [SIGNALS] Señales detectadas: 2
2025-10-22 00:19:13,219 | INFO | [POSITIONS] Posiciones activas: 0
2025-10-22 00:19:13,219 | INFO | [CAPITAL] Capital actual: $500.00
2025-10-22 00:19:13,223 | INFO | [WAIT] Esperando 60 segundos para el próximo ciclo...
2025-10-22 00:20:13,234 | INFO | 
[CYCLE] CICLO 62 - 05:20:13
2025-10-22 00:20:13,234 | INFO | [SESSION] Sesión: SYDNEY | Prioridad: LOW
2025-10-22 00:20:14,620 | ERROR | Failed to get ticker 'EURUSD=X' reason: Expecting value: line 1 column 1 (char 0)
2025-10-22 00:20:15,693 | ERROR | EURUSD=X: No price data found, symbol may be delisted (period=1d)
2025-10-22 00:20:17,531 | ERROR | Failed to get ticker 'GBPUSD=X' reason: Expecting value: line 1 column 1 (char 0)
2025-10-22 00:20:18,514 | ERROR | GBPUSD=X: No price data found, symbol may be delisted (period=1d)
2025-10-22 00:20:20,391 | ERROR | Failed to get ticker 'USDJPY=X' reason: Expecting value: line 1 column 1 (char 0)
2025-10-22 00:20:21,427 | ERROR | USDJPY=X: No price data found, symbol may be delisted (period=1d)
2025-10-22 00:20:21,430 | INFO | [DATA] Usando datos simulados para USDJPY: $148.9463
2025-10-22 00:20:22,477 | ERROR | Failed to get ticker 'AUDUSD=X' reason: Expecting value: line 1 column 1 (char 0)
2025-10-22 00:20:23,447 | ERROR | AUDUSD=X: No price data found, symbol may be delisted (period=1d)
2025-10-22 00:20:24,665 | INFO | [SIGNAL] SEÑAL DETECTADA: AUDUSD | BEARISH_BREAKOUT
2025-10-22 00:20:24,669 | INFO |    [CONF] Confianza: 72.1% | Riesgo: HIGH
2025-10-22 00:20:24,669 | INFO |    [PRICE] Precio: $0.7252 | Spread: 0.000250
2025-10-22 00:20:24,669 | INFO | [SKIP] Trade no ejecutado para AUDUSD (condiciones no cumplidas)
2025-10-22 00:20:25,980 | ERROR | Failed to get ticker 'GC=F' reason: Expecting value: line 1 column 1 (char 0)
2025-10-22 00:20:27,193 | ERROR | GC=F: No price data found, symbol may be delisted (period=1d)
2025-10-22 00:20:27,197 | INFO | [DATA] Usando datos simulados para XAUUSD: $2647.2052
2025-10-22 00:20:27,211 | INFO | [SIGNAL] SEÑAL DETECTADA: XAUUSD | BEARISH_BREAKOUT
2025-10-22 00:20:27,214 | INFO |    [CONF] Confianza: 69.3% | Riesgo: HIGH
2025-10-22 00:20:27,215 | INFO |    [PRICE] Precio: $2647.2052 | Spread: 0.500000
2025-10-22 00:20:27,216 | INFO | [SKIP] Trade no ejecutado para XAUUSD (condiciones no cumplidas)
2025-10-22 00:20:28,397 | ERROR | Failed to get ticker 'SI=F' reason: Expecting value: line 1 column 1 (char 0)
2025-10-22 00:20:29,535 | ERROR | SI=F: No price data found, symbol may be delisted (period=1d)
2025-10-22 00:20:29,538 | INFO | [DATA] Usando datos simulados para XAGUSD: $31.4852
2025-10-22 00:20:29,540 | INFO | [SIGNALS] Señales detectadas: 2
2025-10-22 00:20:29,540 | INFO | [POSITIONS] Posiciones activas: 0
2025-10-22 00:20:29,540 | INFO | [CAPITAL] Capital actual: $500.00
2025-10-22 00:20:29,540 | INFO | [WAIT] Esperando 60 segundos para el próximo ciclo...
2025-10-22 00:21:29,549 | INFO | 
[CYCLE] CICLO 63 - 05:21:29
2025-10-22 00:21:29,549 | INFO | [SESSION] Sesión: SYDNEY | Prioridad: LOW
2025-10-22 00:21:30,641 | ERROR | Failed to get ticker 'EURUSD=X' reason: Expecting value: line 1 column 1 (char 0)
2025-10-22 00:21:31,561 | ERROR | EURUSD=X: No price data found, symbol may be delisted (period=1d)
2025-10-22 00:21:33,349 | ERROR | Failed to get ticker 'GBPUSD=X' reason: Expecting value: line 1 column 1 (char 0)
2025-10-22 00:21:34,159 | ERROR | GBPUSD=X: No price data found, symbol may be delisted (period=1d)
2025-10-22 00:21:35,788 | ERROR | Failed to get ticker 'USDJPY=X' reason: Expecting value: line 1 column 1 (char 0)
2025-10-22 00:21:36,613 | ERROR | USDJPY=X: No price data found, symbol may be delisted (period=1d)
2025-10-22 00:21:36,617 | INFO | [DATA] Usando datos simulados para USDJPY: $149.7548
2025-10-22 00:21:36,631 | INFO | [SIGNAL] SEÑAL DETECTADA: USDJPY | BEARISH_BREAKOUT
2025-10-22 00:21:36,639 | INFO |    [CONF] Confianza: 73.3% | Riesgo: MEDIUM
2025-10-22 00:21:36,639 | INFO |    [PRICE] Precio: $149.7548 | Spread: 0.015000
2025-10-22 00:21:36,647 | INFO | [SKIP] Trade no ejecutado para USDJPY (condiciones no cumplidas)
2025-10-22 00:21:37,498 | ERROR | Failed to get ticker 'AUDUSD=X' reason: Expecting value: line 1 column 1 (char 0)
2025-10-22 00:21:38,341 | ERROR | AUDUSD=X: No price data found, symbol may be delisted (period=1d)
2025-10-22 00:21:39,114 | INFO | [SIGNAL] SEÑAL DETECTADA: AUDUSD | BEARISH_BREAKOUT
2025-10-22 00:21:39,114 | INFO |    [CONF] Confianza: 72.1% | Riesgo: HIGH
2025-10-22 00:21:39,114 | INFO |    [PRICE] Precio: $0.7252 | Spread: 0.000250
2025-10-22 00:21:39,114 | INFO | [SKIP] Trade no ejecutado para AUDUSD (condiciones no cumplidas)
2025-10-22 00:21:39,850 | ERROR | Failed to get ticker 'GC=F' reason: Expecting value: line 1 column 1 (char 0)
2025-10-22 00:21:40,742 | ERROR | GC=F: No price data found, symbol may be delisted (period=1d)
2025-10-22 00:21:40,756 | INFO | [DATA] Usando datos simulados para XAUUSD: $2646.0290
2025-10-22 00:21:40,758 | INFO | [SIGNAL] SEÑAL DETECTADA: XAUUSD | BEARISH_BREAKOUT
2025-10-22 00:21:40,758 | INFO |    [CONF] Confianza: 73.6% | Riesgo: HIGH
2025-10-22 00:21:40,758 | INFO |    [PRICE] Precio: $2646.0290 | Spread: 0.500000
2025-10-22 00:21:40,767 | INFO | [SKIP] Trade no ejecutado para XAUUSD (condiciones no cumplidas)
2025-10-22 00:21:41,706 | ERROR | Failed to get ticker 'SI=F' reason: Expecting value: line 1 column 1 (char 0)
2025-10-22 00:21:42,650 | ERROR | SI=F: No price data found, symbol may be delisted (period=1d)
2025-10-22 00:21:42,656 | INFO | [DATA] Usando datos simulados para XAGUSD: $31.5567
2025-10-22 00:21:42,656 | INFO | [SIGNALS] Señales detectadas: 3
2025-10-22 00:21:42,656 | INFO | [POSITIONS] Posiciones activas: 0
2025-10-22 00:21:42,656 | INFO | [CAPITAL] Capital actual: $500.00
2025-10-22 00:21:42,656 | INFO | [WAIT] Esperando 60 segundos para el próximo ciclo...
2025-10-22 00:22:42,662 | INFO | 
[CYCLE] CICLO 64 - 05:22:42
2025-10-22 00:22:42,662 | INFO | [SESSION] Sesión: SYDNEY | Prioridad: LOW
2025-10-22 00:22:43,755 | ERROR | Failed to get ticker 'EURUSD=X' reason: Expecting value: line 1 column 1 (char 0)
2025-10-22 00:22:44,575 | ERROR | EURUSD=X: No price data found, symbol may be delisted (period=1d)
2025-10-22 00:22:46,280 | ERROR | Failed to get ticker 'GBPUSD=X' reason: Expecting value: line 1 column 1 (char 0)
2025-10-22 00:22:47,106 | ERROR | GBPUSD=X: No price data found, symbol may be delisted (period=1d)
2025-10-22 00:22:48,791 | ERROR | Failed to get ticker 'USDJPY=X' reason: Expecting value: line 1 column 1 (char 0)
2025-10-22 00:22:49,610 | ERROR | USDJPY=X: No price data found, symbol may be delisted (period=1d)
2025-10-22 00:22:49,615 | INFO | [DATA] Usando datos simulados para USDJPY: $149.8639
2025-10-22 00:22:50,476 | ERROR | Failed to get ticker 'AUDUSD=X' reason: Expecting value: line 1 column 1 (char 0)
2025-10-22 00:22:51,436 | ERROR | AUDUSD=X: No price data found, symbol may be delisted (period=1d)
2025-10-22 00:22:52,393 | INFO | [SIGNAL] SEÑAL DETECTADA: AUDUSD | BEARISH_BREAKOUT
2025-10-22 00:22:52,393 | INFO |    [CONF] Confianza: 72.1% | Riesgo: HIGH
2025-10-22 00:22:52,393 | INFO |    [PRICE] Precio: $0.7252 | Spread: 0.000250
2025-10-22 00:22:52,397 | INFO | [SKIP] Trade no ejecutado para AUDUSD (condiciones no cumplidas)
2025-10-22 00:22:53,418 | ERROR | Failed to get ticker 'GC=F' reason: Expecting value: line 1 column 1 (char 0)
2025-10-22 00:22:54,418 | ERROR | GC=F: No price data found, symbol may be delisted (period=1d)
2025-10-22 00:22:54,425 | INFO | [DATA] Usando datos simulados para XAUUSD: $2642.1044
2025-10-22 00:22:55,449 | ERROR | Failed to get ticker 'SI=F' reason: Expecting value: line 1 column 1 (char 0)
2025-10-22 00:22:56,591 | ERROR | SI=F: No price data found, symbol may be delisted (period=1d)
2025-10-22 00:22:56,596 | INFO | [DATA] Usando datos simulados para XAGUSD: $31.4675
2025-10-22 00:22:56,596 | INFO | [SIGNALS] Señales detectadas: 1
2025-10-22 00:22:56,596 | INFO | [POSITIONS] Posiciones activas: 0
2025-10-22 00:22:56,596 | INFO | [CAPITAL] Capital actual: $500.00
2025-10-22 00:22:56,596 | INFO | [WAIT] Esperando 60 segundos para el próximo ciclo...
2025-10-22 00:23:56,612 | INFO | 
[CYCLE] CICLO 65 - 05:23:56
2025-10-22 00:23:56,614 | INFO | [SESSION] Sesión: SYDNEY | Prioridad: LOW
2025-10-22 00:23:57,951 | ERROR | Failed to get ticker 'EURUSD=X' reason: Expecting value: line 1 column 1 (char 0)
2025-10-22 00:23:58,927 | ERROR | EURUSD=X: No price data found, symbol may be delisted (period=1d)
2025-10-22 00:24:00,791 | ERROR | Failed to get ticker 'GBPUSD=X' reason: Expecting value: line 1 column 1 (char 0)
2025-10-22 00:24:01,832 | ERROR | GBPUSD=X: No price data found, symbol may be delisted (period=1d)
2025-10-22 00:24:03,664 | ERROR | Failed to get ticker 'USDJPY=X' reason: Expecting value: line 1 column 1 (char 0)
2025-10-22 00:24:05,014 | ERROR | USDJPY=X: No price data found, symbol may be delisted (period=1d)
2025-10-22 00:24:05,018 | INFO | [DATA] Usando datos simulados para USDJPY: $150.2284
2025-10-22 00:24:06,048 | ERROR | Failed to get ticker 'AUDUSD=X' reason: Expecting value: line 1 column 1 (char 0)
2025-10-22 00:24:07,116 | ERROR | AUDUSD=X: No price data found, symbol may be delisted (period=1d)
2025-10-22 00:24:07,943 | INFO | [SIGNAL] SEÑAL DETECTADA: AUDUSD | BEARISH_BREAKOUT
2025-10-22 00:24:07,943 | INFO |    [CONF] Confianza: 72.1% | Riesgo: HIGH
2025-10-22 00:24:07,943 | INFO |    [PRICE] Precio: $0.7252 | Spread: 0.000250
2025-10-22 00:24:07,948 | INFO | [SKIP] Trade no ejecutado para AUDUSD (condiciones no cumplidas)
2025-10-22 00:24:08,920 | ERROR | Failed to get ticker 'GC=F' reason: Expecting value: line 1 column 1 (char 0)
2025-10-22 00:24:09,970 | ERROR | GC=F: No price data found, symbol may be delisted (period=1d)
2025-10-22 00:24:09,974 | INFO | [DATA] Usando datos simulados para XAUUSD: $2661.0592
2025-10-22 00:24:11,018 | ERROR | Failed to get ticker 'SI=F' reason: Expecting value: line 1 column 1 (char 0)
2025-10-22 00:24:12,154 | ERROR | SI=F: No price data found, symbol may be delisted (period=1d)
2025-10-22 00:24:12,155 | INFO | [DATA] Usando datos simulados para XAGUSD: $31.5941
2025-10-22 00:24:12,158 | INFO | [SIGNALS] Señales detectadas: 1
2025-10-22 00:24:12,158 | INFO | [POSITIONS] Posiciones activas: 0
2025-10-22 00:24:12,159 | INFO | [CAPITAL] Capital actual: $500.00
2025-10-22 00:24:12,159 | INFO | [WAIT] Esperando 60 segundos para el próximo ciclo...
2025-10-22 00:25:12,164 | INFO | 
[CYCLE] CICLO 66 - 05:25:12
2025-10-22 00:25:12,165 | INFO | [SESSION] Sesión: SYDNEY | Prioridad: LOW
2025-10-22 00:25:13,468 | ERROR | Failed to get ticker 'EURUSD=X' reason: Expecting value: line 1 column 1 (char 0)
2025-10-22 00:25:14,503 | ERROR | EURUSD=X: No price data found, symbol may be delisted (period=1d)
2025-10-22 00:25:16,243 | ERROR | Failed to get ticker 'GBPUSD=X' reason: Expecting value: line 1 column 1 (char 0)
2025-10-22 00:25:17,260 | ERROR | GBPUSD=X: No price data found, symbol may be delisted (period=1d)
2025-10-22 00:25:19,326 | ERROR | Failed to get ticker 'USDJPY=X' reason: Expecting value: line 1 column 1 (char 0)
2025-10-22 00:25:20,292 | ERROR | USDJPY=X: No price data found, symbol may be delisted (period=1d)
2025-10-22 00:25:20,296 | INFO | [DATA] Usando datos simulados para USDJPY: $149.1328
2025-10-22 00:25:21,417 | ERROR | Failed to get ticker 'AUDUSD=X' reason: Expecting value: line 1 column 1 (char 0)
2025-10-22 00:25:22,561 | ERROR | AUDUSD=X: No price data found, symbol may be delisted (period=1d)
2025-10-22 00:25:23,470 | INFO | [SIGNAL] SEÑAL DETECTADA: AUDUSD | BEARISH_BREAKOUT
2025-10-22 00:25:23,470 | INFO |    [CONF] Confianza: 72.1% | Riesgo: HIGH
2025-10-22 00:25:23,472 | INFO |    [PRICE] Precio: $0.7252 | Spread: 0.000250
2025-10-22 00:25:23,472 | INFO | [SKIP] Trade no ejecutado para AUDUSD (condiciones no cumplidas)
2025-10-22 00:25:24,533 | ERROR | Failed to get ticker 'GC=F' reason: Expecting value: line 1 column 1 (char 0)
2025-10-22 00:25:25,743 | ERROR | GC=F: No price data found, symbol may be delisted (period=1d)
2025-10-22 00:25:25,746 | INFO | [DATA] Usando datos simulados para XAUUSD: $2638.2605
2025-10-22 00:25:26,946 | ERROR | Failed to get ticker 'SI=F' reason: Expecting value: line 1 column 1 (char 0)
2025-10-22 00:25:28,098 | ERROR | SI=F: No price data found, symbol may be delisted (period=1d)
2025-10-22 00:25:28,110 | INFO | [DATA] Usando datos simulados para XAGUSD: $31.4495
2025-10-22 00:25:28,110 | INFO | [SIGNALS] Señales detectadas: 1
2025-10-22 00:25:28,112 | INFO | [POSITIONS] Posiciones activas: 0
2025-10-22 00:25:28,112 | INFO | [CAPITAL] Capital actual: $500.00
2025-10-22 00:25:28,112 | INFO | [WAIT] Esperando 60 segundos para el próximo ciclo...
2025-10-22 00:26:28,122 | INFO | 
[CYCLE] CICLO 67 - 05:26:28
2025-10-22 00:26:28,123 | INFO | [SESSION] Sesión: SYDNEY | Prioridad: LOW
2025-10-22 00:26:29,213 | ERROR | Failed to get ticker 'EURUSD=X' reason: Expecting value: line 1 column 1 (char 0)
2025-10-22 00:26:30,210 | ERROR | EURUSD=X: No price data found, symbol may be delisted (period=1d)
2025-10-22 00:26:31,977 | ERROR | Failed to get ticker 'GBPUSD=X' reason: Expecting value: line 1 column 1 (char 0)
2025-10-22 00:26:32,857 | ERROR | GBPUSD=X: No price data found, symbol may be delisted (period=1d)
2025-10-22 00:26:34,543 | ERROR | Failed to get ticker 'USDJPY=X' reason: Expecting value: line 1 column 1 (char 0)
2025-10-22 00:26:35,403 | ERROR | USDJPY=X: No price data found, symbol may be delisted (period=1d)
2025-10-22 00:26:35,406 | INFO | [DATA] Usando datos simulados para USDJPY: $149.9120
2025-10-22 00:26:36,324 | ERROR | Failed to get ticker 'AUDUSD=X' reason: Expecting value: line 1 column 1 (char 0)
2025-10-22 00:26:37,162 | ERROR | AUDUSD=X: No price data found, symbol may be delisted (period=1d)
2025-10-22 00:26:37,980 | INFO | [SIGNAL] SEÑAL DETECTADA: AUDUSD | BEARISH_BREAKOUT
2025-10-22 00:26:37,980 | INFO |    [CONF] Confianza: 72.1% | Riesgo: HIGH
2025-10-22 00:26:37,980 | INFO |    [PRICE] Precio: $0.7252 | Spread: 0.000250
2025-10-22 00:26:37,980 | INFO | [SKIP] Trade no ejecutado para AUDUSD (condiciones no cumplidas)
2025-10-22 00:26:38,799 | ERROR | Failed to get ticker 'GC=F' reason: Expecting value: line 1 column 1 (char 0)
2025-10-22 00:26:39,589 | ERROR | GC=F: No price data found, symbol may be delisted (period=1d)
2025-10-22 00:26:39,591 | INFO | [DATA] Usando datos simulados para XAUUSD: $2643.7441
2025-10-22 00:26:39,599 | INFO | [SIGNAL] SEÑAL DETECTADA: XAUUSD | BEARISH_BREAKOUT
2025-10-22 00:26:39,601 | INFO |    [CONF] Confianza: 70.4% | Riesgo: HIGH
2025-10-22 00:26:39,605 | INFO |    [PRICE] Precio: $2643.7441 | Spread: 0.500000
2025-10-22 00:26:39,606 | INFO | [SKIP] Trade no ejecutado para XAUUSD (condiciones no cumplidas)
2025-10-22 00:26:40,446 | ERROR | Failed to get ticker 'SI=F' reason: Expecting value: line 1 column 1 (char 0)
2025-10-22 00:26:41,294 | ERROR | SI=F: No price data found, symbol may be delisted (period=1d)
2025-10-22 00:26:41,296 | INFO | [DATA] Usando datos simulados para XAGUSD: $31.3751
2025-10-22 00:26:41,298 | INFO | [SIGNALS] Señales detectadas: 2
2025-10-22 00:26:41,298 | INFO | [POSITIONS] Posiciones activas: 0
2025-10-22 00:26:41,298 | INFO | [CAPITAL] Capital actual: $500.00
2025-10-22 00:26:41,298 | INFO | [WAIT] Esperando 60 segundos para el próximo ciclo...
2025-10-22 00:27:41,310 | INFO | 
[CYCLE] CICLO 68 - 05:27:41
2025-10-22 00:27:41,312 | INFO | [SESSION] Sesión: SYDNEY | Prioridad: LOW
2025-10-22 00:27:42,358 | ERROR | Failed to get ticker 'EURUSD=X' reason: Expecting value: line 1 column 1 (char 0)
2025-10-22 00:27:43,398 | ERROR | EURUSD=X: No price data found, symbol may be delisted (period=1d)
2025-10-22 00:27:45,754 | ERROR | Failed to get ticker 'GBPUSD=X' reason: Expecting value: line 1 column 1 (char 0)
2025-10-22 00:27:46,945 | ERROR | GBPUSD=X: No price data found, symbol may be delisted (period=1d)
2025-10-22 00:27:49,009 | ERROR | Failed to get ticker 'USDJPY=X' reason: Expecting value: line 1 column 1 (char 0)
2025-10-22 00:27:50,148 | ERROR | USDJPY=X: No price data found, symbol may be delisted (period=1d)
2025-10-22 00:27:50,152 | INFO | [DATA] Usando datos simulados para USDJPY: $150.2232
2025-10-22 00:27:51,265 | ERROR | Failed to get ticker 'AUDUSD=X' reason: Expecting value: line 1 column 1 (char 0)
2025-10-22 00:27:52,411 | ERROR | AUDUSD=X: No price data found, symbol may be delisted (period=1d)
2025-10-22 00:27:53,341 | INFO | [SIGNAL] SEÑAL DETECTADA: AUDUSD | BEARISH_BREAKOUT
2025-10-22 00:27:53,341 | INFO |    [CONF] Confianza: 72.1% | Riesgo: HIGH
2025-10-22 00:27:53,344 | INFO |    [PRICE] Precio: $0.7252 | Spread: 0.000250
2025-10-22 00:27:53,344 | INFO | [SKIP] Trade no ejecutado para AUDUSD (condiciones no cumplidas)
2025-10-22 00:27:54,479 | ERROR | Failed to get ticker 'GC=F' reason: Expecting value: line 1 column 1 (char 0)
2025-10-22 00:27:55,630 | ERROR | GC=F: No price data found, symbol may be delisted (period=1d)
2025-10-22 00:27:55,634 | INFO | [DATA] Usando datos simulados para XAUUSD: $2637.8421
2025-10-22 00:27:56,762 | ERROR | Failed to get ticker 'SI=F' reason: Expecting value: line 1 column 1 (char 0)
2025-10-22 00:27:57,913 | ERROR | SI=F: No price data found, symbol may be delisted (period=1d)
2025-10-22 00:27:57,913 | INFO | [DATA] Usando datos simulados para XAGUSD: $31.4109
2025-10-22 00:27:57,917 | INFO | [SIGNALS] Señales detectadas: 1
2025-10-22 00:27:57,917 | INFO | [POSITIONS] Posiciones activas: 0
2025-10-22 00:27:57,917 | INFO | [CAPITAL] Capital actual: $500.00
2025-10-22 00:27:57,917 | INFO | [WAIT] Esperando 60 segundos para el próximo ciclo...
2025-10-22 00:28:57,927 | INFO | 
[CYCLE] CICLO 69 - 05:28:57
2025-10-22 00:28:57,928 | INFO | [SESSION] Sesión: SYDNEY | Prioridad: LOW
2025-10-22 00:28:59,047 | ERROR | Failed to get ticker 'EURUSD=X' reason: Expecting value: line 1 column 1 (char 0)
2025-10-22 00:29:00,083 | ERROR | EURUSD=X: No price data found, symbol may be delisted (period=1d)
2025-10-22 00:29:01,910 | ERROR | Failed to get ticker 'GBPUSD=X' reason: Expecting value: line 1 column 1 (char 0)
2025-10-22 00:29:02,965 | ERROR | GBPUSD=X: No price data found, symbol may be delisted (period=1d)
2025-10-22 00:29:04,893 | ERROR | Failed to get ticker 'USDJPY=X' reason: Expecting value: line 1 column 1 (char 0)
2025-10-22 00:29:05,894 | ERROR | USDJPY=X: No price data found, symbol may be delisted (period=1d)
2025-10-22 00:29:05,899 | INFO | [DATA] Usando datos simulados para USDJPY: $149.1702
2025-10-22 00:29:06,946 | ERROR | Failed to get ticker 'AUDUSD=X' reason: Expecting value: line 1 column 1 (char 0)
2025-10-22 00:29:08,011 | ERROR | AUDUSD=X: No price data found, symbol may be delisted (period=1d)
2025-10-22 00:29:08,841 | INFO | [SIGNAL] SEÑAL DETECTADA: AUDUSD | BEARISH_BREAKOUT
2025-10-22 00:29:08,841 | INFO |    [CONF] Confianza: 72.1% | Riesgo: HIGH
2025-10-22 00:29:08,843 | INFO |    [PRICE] Precio: $0.7252 | Spread: 0.000250
2025-10-22 00:29:08,843 | INFO | [SKIP] Trade no ejecutado para AUDUSD (condiciones no cumplidas)
2025-10-22 00:29:10,103 | ERROR | Failed to get ticker 'GC=F' reason: Expecting value: line 1 column 1 (char 0)
2025-10-22 00:29:11,197 | ERROR | GC=F: No price data found, symbol may be delisted (period=1d)
2025-10-22 00:29:11,203 | INFO | [DATA] Usando datos simulados para XAUUSD: $2638.2898
2025-10-22 00:29:11,212 | INFO | [SIGNAL] SEÑAL DETECTADA: XAUUSD | BULLISH_BREAKOUT
2025-10-22 00:29:11,212 | INFO |    [CONF] Confianza: 65.4% | Riesgo: HIGH
2025-10-22 00:29:11,214 | INFO |    [PRICE] Precio: $2638.2898 | Spread: 0.500000
2025-10-22 00:29:11,217 | INFO | [SKIP] Trade no ejecutado para XAUUSD (condiciones no cumplidas)
2025-10-22 00:29:12,263 | ERROR | Failed to get ticker 'SI=F' reason: Expecting value: line 1 column 1 (char 0)
2025-10-22 00:29:13,381 | ERROR | SI=F: No price data found, symbol may be delisted (period=1d)
2025-10-22 00:29:13,384 | INFO | [DATA] Usando datos simulados para XAGUSD: $31.5805
2025-10-22 00:29:13,392 | INFO | [SIGNAL] SEÑAL DETECTADA: XAGUSD | BEARISH_BREAKOUT
2025-10-22 00:29:13,392 | INFO |    [CONF] Confianza: 69.7% | Riesgo: HIGH
2025-10-22 00:29:13,394 | INFO |    [PRICE] Precio: $31.5805 | Spread: 0.030000
2025-10-22 00:29:13,395 | INFO | [SKIP] Trade no ejecutado para XAGUSD (condiciones no cumplidas)
2025-10-22 00:29:13,396 | INFO | [SIGNALS] Señales detectadas: 3
2025-10-22 00:29:13,398 | INFO | [POSITIONS] Posiciones activas: 0
2025-10-22 00:29:13,399 | INFO | [CAPITAL] Capital actual: $500.00
2025-10-22 00:29:13,399 | INFO | [WAIT] Esperando 60 segundos para el próximo ciclo...
2025-10-22 00:30:13,401 | INFO | 
[CYCLE] CICLO 70 - 05:30:13
2025-10-22 00:30:13,401 | INFO | [SESSION] Sesión: SYDNEY | Prioridad: LOW
2025-10-22 00:30:14,521 | ERROR | Failed to get ticker 'EURUSD=X' reason: Expecting value: line 1 column 1 (char 0)
2025-10-22 00:30:15,655 | ERROR | EURUSD=X: No price data found, symbol may be delisted (period=1d)
2025-10-22 00:30:17,853 | ERROR | Failed to get ticker 'GBPUSD=X' reason: Expecting value: line 1 column 1 (char 0)
2025-10-22 00:30:18,946 | ERROR | GBPUSD=X: No price data found, symbol may be delisted (period=1d)
2025-10-22 00:30:21,010 | ERROR | Failed to get ticker 'USDJPY=X' reason: Expecting value: line 1 column 1 (char 0)
2025-10-22 00:30:22,127 | ERROR | USDJPY=X: No price data found, symbol may be delisted (period=1d)
2025-10-22 00:30:22,129 | INFO | [DATA] Usando datos simulados para USDJPY: $148.8986
2025-10-22 00:30:23,245 | ERROR | Failed to get ticker 'AUDUSD=X' reason: Expecting value: line 1 column 1 (char 0)
2025-10-22 00:30:24,367 | ERROR | AUDUSD=X: No price data found, symbol may be delisted (period=1d)
2025-10-22 00:30:25,517 | INFO | [SIGNAL] SEÑAL DETECTADA: AUDUSD | BEARISH_BREAKOUT
2025-10-22 00:30:25,517 | INFO |    [CONF] Confianza: 72.1% | Riesgo: HIGH
2025-10-22 00:30:25,517 | INFO |    [PRICE] Precio: $0.7252 | Spread: 0.000250
2025-10-22 00:30:25,520 | INFO | [SKIP] Trade no ejecutado para AUDUSD (condiciones no cumplidas)
2025-10-22 00:30:26,679 | ERROR | Failed to get ticker 'GC=F' reason: Expecting value: line 1 column 1 (char 0)
2025-10-22 00:30:27,778 | ERROR | GC=F: No price data found, symbol may be delisted (period=1d)
2025-10-22 00:30:27,781 | INFO | [DATA] Usando datos simulados para XAUUSD: $2657.3995
2025-10-22 00:30:28,821 | ERROR | Failed to get ticker 'SI=F' reason: Expecting value: line 1 column 1 (char 0)
2025-10-22 00:30:29,915 | ERROR | SI=F: No price data found, symbol may be delisted (period=1d)
2025-10-22 00:30:29,918 | INFO | [DATA] Usando datos simulados para XAGUSD: $31.4550
2025-10-22 00:30:29,918 | INFO | [SIGNALS] Señales detectadas: 1
2025-10-22 00:30:29,918 | INFO | [POSITIONS] Posiciones activas: 0
2025-10-22 00:30:29,918 | INFO | [CAPITAL] Capital actual: $500.00
2025-10-22 00:30:29,918 | INFO | [STATS] ROI Total: +0.00% | Señales totales: 104
2025-10-22 00:30:29,918 | INFO | [WAIT] Esperando 60 segundos para el próximo ciclo...
2025-10-22 00:31:29,928 | INFO | 
[CYCLE] CICLO 71 - 05:31:29
2025-10-22 00:31:29,929 | INFO | [SESSION] Sesión: SYDNEY | Prioridad: LOW
2025-10-22 00:31:31,010 | ERROR | Failed to get ticker 'EURUSD=X' reason: Expecting value: line 1 column 1 (char 0)
2025-10-22 00:31:32,112 | ERROR | EURUSD=X: No price data found, symbol may be delisted (period=1d)
2025-10-22 00:31:34,018 | ERROR | Failed to get ticker 'GBPUSD=X' reason: Expecting value: line 1 column 1 (char 0)
2025-10-22 00:31:35,060 | ERROR | GBPUSD=X: No price data found, symbol may be delisted (period=1d)
2025-10-22 00:31:36,920 | ERROR | Failed to get ticker 'USDJPY=X' reason: Expecting value: line 1 column 1 (char 0)
2025-10-22 00:31:37,907 | ERROR | USDJPY=X: No price data found, symbol may be delisted (period=1d)
2025-10-22 00:31:37,909 | INFO | [DATA] Usando datos simulados para USDJPY: $149.1676
2025-10-22 00:31:39,037 | ERROR | Failed to get ticker 'AUDUSD=X' reason: Expecting value: line 1 column 1 (char 0)
2025-10-22 00:31:40,147 | ERROR | AUDUSD=X: No price data found, symbol may be delisted (period=1d)
2025-10-22 00:31:40,986 | INFO | [SIGNAL] SEÑAL DETECTADA: AUDUSD | BEARISH_BREAKOUT
2025-10-22 00:31:40,990 | INFO |    [CONF] Confianza: 72.1% | Riesgo: HIGH
2025-10-22 00:31:40,990 | INFO |    [PRICE] Precio: $0.7252 | Spread: 0.000250
2025-10-22 00:31:40,990 | INFO | [SKIP] Trade no ejecutado para AUDUSD (condiciones no cumplidas)
2025-10-22 00:31:42,038 | ERROR | Failed to get ticker 'GC=F' reason: Expecting value: line 1 column 1 (char 0)
2025-10-22 00:31:43,244 | ERROR | GC=F: No price data found, symbol may be delisted (period=1d)
2025-10-22 00:31:43,248 | INFO | [DATA] Usando datos simulados para XAUUSD: $2637.7339
2025-10-22 00:31:44,309 | ERROR | Failed to get ticker 'SI=F' reason: Expecting value: line 1 column 1 (char 0)
2025-10-22 00:31:45,350 | ERROR | SI=F: No price data found, symbol may be delisted (period=1d)
2025-10-22 00:31:45,355 | INFO | [DATA] Usando datos simulados para XAGUSD: $31.4619
2025-10-22 00:31:45,355 | INFO | [SIGNALS] Señales detectadas: 1
2025-10-22 00:31:45,355 | INFO | [POSITIONS] Posiciones activas: 0
2025-10-22 00:31:45,357 | INFO | [CAPITAL] Capital actual: $500.00
2025-10-22 00:31:45,357 | INFO | [WAIT] Esperando 60 segundos para el próximo ciclo...
2025-10-22 00:32:45,370 | INFO | 
[CYCLE] CICLO 72 - 05:32:45
2025-10-22 00:32:45,370 | INFO | [SESSION] Sesión: SYDNEY | Prioridad: LOW
2025-10-22 00:32:46,556 | ERROR | Failed to get ticker 'EURUSD=X' reason: Expecting value: line 1 column 1 (char 0)
2025-10-22 00:32:47,722 | ERROR | EURUSD=X: No price data found, symbol may be delisted (period=1d)
2025-10-22 00:32:49,907 | ERROR | Failed to get ticker 'GBPUSD=X' reason: Expecting value: line 1 column 1 (char 0)
2025-10-22 00:32:51,051 | ERROR | GBPUSD=X: No price data found, symbol may be delisted (period=1d)
2025-10-22 00:32:53,049 | ERROR | Failed to get ticker 'USDJPY=X' reason: Expecting value: line 1 column 1 (char 0)
2025-10-22 00:32:54,175 | ERROR | USDJPY=X: No price data found, symbol may be delisted (period=1d)
2025-10-22 00:32:54,178 | INFO | [DATA] Usando datos simulados para USDJPY: $148.8815
2025-10-22 00:32:54,186 | INFO | [SIGNAL] SEÑAL DETECTADA: USDJPY | BEARISH_BREAKOUT
2025-10-22 00:32:54,186 | INFO |    [CONF] Confianza: 70.1% | Riesgo: MEDIUM
2025-10-22 00:32:54,186 | INFO |    [PRICE] Precio: $148.8815 | Spread: 0.015000
2025-10-22 00:32:54,192 | INFO | [SKIP] Trade no ejecutado para USDJPY (condiciones no cumplidas)
2025-10-22 00:32:55,390 | ERROR | Failed to get ticker 'AUDUSD=X' reason: Expecting value: line 1 column 1 (char 0)
2025-10-22 00:32:56,457 | ERROR | AUDUSD=X: No price data found, symbol may be delisted (period=1d)
2025-10-22 00:32:57,313 | INFO | [SIGNAL] SEÑAL DETECTADA: AUDUSD | BEARISH_BREAKOUT
2025-10-22 00:32:57,313 | INFO |    [CONF] Confianza: 72.1% | Riesgo: HIGH
2025-10-22 00:32:57,313 | INFO |    [PRICE] Precio: $0.7252 | Spread: 0.000250
2025-10-22 00:32:57,313 | INFO | [SKIP] Trade no ejecutado para AUDUSD (condiciones no cumplidas)
2025-10-22 00:32:58,426 | ERROR | Failed to get ticker 'GC=F' reason: Expecting value: line 1 column 1 (char 0)
2025-10-22 00:32:59,553 | ERROR | GC=F: No price data found, symbol may be delisted (period=1d)
2025-10-22 00:32:59,556 | INFO | [DATA] Usando datos simulados para XAUUSD: $2636.8248
2025-10-22 00:33:00,806 | ERROR | Failed to get ticker 'SI=F' reason: Expecting value: line 1 column 1 (char 0)
2025-10-22 00:33:01,875 | ERROR | SI=F: No price data found, symbol may be delisted (period=1d)
2025-10-22 00:33:01,878 | INFO | [DATA] Usando datos simulados para XAGUSD: $31.5316
2025-10-22 00:33:01,880 | INFO | [SIGNAL] SEÑAL DETECTADA: XAGUSD | BEARISH_BREAKOUT
2025-10-22 00:33:01,885 | INFO |    [CONF] Confianza: 67.9% | Riesgo: HIGH
2025-10-22 00:33:01,885 | INFO |    [PRICE] Precio: $31.5316 | Spread: 0.030000
2025-10-22 00:33:01,887 | INFO | [SKIP] Trade no ejecutado para XAGUSD (condiciones no cumplidas)
2025-10-22 00:33:01,888 | INFO | [SIGNALS] Señales detectadas: 3
2025-10-22 00:33:01,888 | INFO | [POSITIONS] Posiciones activas: 0
2025-10-22 00:33:01,888 | INFO | [CAPITAL] Capital actual: $500.00
2025-10-22 00:33:01,889 | INFO | [WAIT] Esperando 60 segundos para el próximo ciclo...
2025-10-22 00:34:01,901 | INFO | 
[CYCLE] CICLO 73 - 05:34:01
2025-10-22 00:34:01,901 | INFO | [SESSION] Sesión: SYDNEY | Prioridad: LOW
2025-10-22 00:34:03,095 | ERROR | Failed to get ticker 'EURUSD=X' reason: Expecting value: line 1 column 1 (char 0)
2025-10-22 00:34:04,191 | ERROR | EURUSD=X: No price data found, symbol may be delisted (period=1d)
2025-10-22 00:34:06,222 | ERROR | Failed to get ticker 'GBPUSD=X' reason: Expecting value: line 1 column 1 (char 0)
2025-10-22 00:34:07,316 | ERROR | GBPUSD=X: No price data found, symbol may be delisted (period=1d)
2025-10-22 00:34:09,387 | ERROR | Failed to get ticker 'USDJPY=X' reason: Expecting value: line 1 column 1 (char 0)
2025-10-22 00:34:10,411 | ERROR | USDJPY=X: No price data found, symbol may be delisted (period=1d)
2025-10-22 00:34:10,411 | INFO | [DATA] Usando datos simulados para USDJPY: $149.4164
2025-10-22 00:34:11,413 | ERROR | Failed to get ticker 'AUDUSD=X' reason: Expecting value: line 1 column 1 (char 0)
2025-10-22 00:34:13,740 | ERROR | AUDUSD=X: No price data found, symbol may be delisted (period=1d)
2025-10-22 00:34:14,732 | INFO | [SIGNAL] SEÑAL DETECTADA: AUDUSD | BEARISH_BREAKOUT
2025-10-22 00:34:14,734 | INFO |    [CONF] Confianza: 72.1% | Riesgo: HIGH
2025-10-22 00:34:14,735 | INFO |    [PRICE] Precio: $0.7252 | Spread: 0.000250
2025-10-22 00:34:14,735 | INFO | [SKIP] Trade no ejecutado para AUDUSD (condiciones no cumplidas)
2025-10-22 00:34:15,784 | ERROR | Failed to get ticker 'GC=F' reason: Expecting value: line 1 column 1 (char 0)
2025-10-22 00:34:16,842 | ERROR | GC=F: No price data found, symbol may be delisted (period=1d)
2025-10-22 00:34:16,846 | INFO | [DATA] Usando datos simulados para XAUUSD: $2644.5617
2025-10-22 00:34:16,850 | INFO | [SIGNAL] SEÑAL DETECTADA: XAUUSD | BULLISH_BREAKOUT
2025-10-22 00:34:16,853 | INFO |    [CONF] Confianza: 67.3% | Riesgo: HIGH
2025-10-22 00:34:16,853 | INFO |    [PRICE] Precio: $2644.5617 | Spread: 0.500000
2025-10-22 00:34:16,853 | INFO | [SKIP] Trade no ejecutado para XAUUSD (condiciones no cumplidas)
2025-10-22 00:34:17,867 | ERROR | Failed to get ticker 'SI=F' reason: Expecting value: line 1 column 1 (char 0)
2025-10-22 00:34:19,031 | ERROR | SI=F: No price data found, symbol may be delisted (period=1d)
2025-10-22 00:34:19,033 | INFO | [DATA] Usando datos simulados para XAGUSD: $31.4365
2025-10-22 00:34:19,033 | INFO | [SIGNALS] Señales detectadas: 2
2025-10-22 00:34:19,033 | INFO | [POSITIONS] Posiciones activas: 0
2025-10-22 00:34:19,033 | INFO | [CAPITAL] Capital actual: $500.00
2025-10-22 00:34:19,033 | INFO | [WAIT] Esperando 60 segundos para el próximo ciclo...
2025-10-22 00:35:19,048 | INFO | 
[CYCLE] CICLO 74 - 05:35:19
2025-10-22 00:35:19,049 | INFO | [SESSION] Sesión: SYDNEY | Prioridad: LOW
2025-10-22 00:35:20,366 | ERROR | Failed to get ticker 'EURUSD=X' reason: Expecting value: line 1 column 1 (char 0)
2025-10-22 00:35:21,581 | ERROR | EURUSD=X: No price data found, symbol may be delisted (period=1d)
2025-10-22 00:35:23,756 | ERROR | Failed to get ticker 'GBPUSD=X' reason: Expecting value: line 1 column 1 (char 0)
2025-10-22 00:35:24,860 | ERROR | GBPUSD=X: No price data found, symbol may be delisted (period=1d)
2025-10-22 00:35:26,895 | ERROR | Failed to get ticker 'USDJPY=X' reason: Expecting value: line 1 column 1 (char 0)
2025-10-22 00:35:27,919 | ERROR | USDJPY=X: No price data found, symbol may be delisted (period=1d)
2025-10-22 00:35:27,924 | INFO | [DATA] Usando datos simulados para USDJPY: $149.2679
2025-10-22 00:35:29,161 | ERROR | Failed to get ticker 'AUDUSD=X' reason: Expecting value: line 1 column 1 (char 0)
2025-10-22 00:35:30,209 | ERROR | AUDUSD=X: No price data found, symbol may be delisted (period=1d)
2025-10-22 00:35:31,029 | INFO | [SIGNAL] SEÑAL DETECTADA: AUDUSD | BEARISH_BREAKOUT
2025-10-22 00:35:31,033 | INFO |    [CONF] Confianza: 72.1% | Riesgo: HIGH
2025-10-22 00:35:31,035 | INFO |    [PRICE] Precio: $0.7252 | Spread: 0.000250
2025-10-22 00:35:31,035 | INFO | [SKIP] Trade no ejecutado para AUDUSD (condiciones no cumplidas)
2025-10-22 00:35:32,056 | ERROR | Failed to get ticker 'GC=F' reason: Expecting value: line 1 column 1 (char 0)
2025-10-22 00:35:33,176 | ERROR | GC=F: No price data found, symbol may be delisted (period=1d)
2025-10-22 00:35:33,180 | INFO | [DATA] Usando datos simulados para XAUUSD: $2639.1029
2025-10-22 00:35:33,188 | INFO | [SIGNAL] SEÑAL DETECTADA: XAUUSD | BEARISH_BREAKOUT
2025-10-22 00:35:33,190 | INFO |    [CONF] Confianza: 66.5% | Riesgo: HIGH
2025-10-22 00:35:33,191 | INFO |    [PRICE] Precio: $2639.1029 | Spread: 0.500000
2025-10-22 00:35:33,192 | INFO | [SKIP] Trade no ejecutado para XAUUSD (condiciones no cumplidas)
2025-10-22 00:35:34,243 | ERROR | Failed to get ticker 'SI=F' reason: Expecting value: line 1 column 1 (char 0)
2025-10-22 00:35:35,449 | ERROR | SI=F: No price data found, symbol may be delisted (period=1d)
2025-10-22 00:35:35,453 | INFO | [DATA] Usando datos simulados para XAGUSD: $31.4213
2025-10-22 00:35:35,453 | INFO | [SIGNALS] Señales detectadas: 2
2025-10-22 00:35:35,453 | INFO | [POSITIONS] Posiciones activas: 0
2025-10-22 00:35:35,456 | INFO | [CAPITAL] Capital actual: $500.00
2025-10-22 00:35:35,456 | INFO | [WAIT] Esperando 60 segundos para el próximo ciclo...
2025-10-22 00:36:35,461 | INFO | 
[CYCLE] CICLO 75 - 05:36:35
2025-10-22 00:36:35,463 | INFO | [SESSION] Sesión: SYDNEY | Prioridad: LOW
2025-10-22 00:36:36,582 | ERROR | Failed to get ticker 'EURUSD=X' reason: Expecting value: line 1 column 1 (char 0)
2025-10-22 00:36:37,454 | ERROR | EURUSD=X: No price data found, symbol may be delisted (period=1d)
2025-10-22 00:36:39,148 | ERROR | Failed to get ticker 'GBPUSD=X' reason: Expecting value: line 1 column 1 (char 0)
2025-10-22 00:36:40,108 | ERROR | GBPUSD=X: No price data found, symbol may be delisted (period=1d)
2025-10-22 00:36:41,801 | ERROR | Failed to get ticker 'USDJPY=X' reason: Expecting value: line 1 column 1 (char 0)
2025-10-22 00:36:42,629 | ERROR | USDJPY=X: No price data found, symbol may be delisted (period=1d)
2025-10-22 00:36:42,635 | INFO | [DATA] Usando datos simulados para USDJPY: $149.1733
2025-10-22 00:36:43,490 | ERROR | Failed to get ticker 'AUDUSD=X' reason: Expecting value: line 1 column 1 (char 0)
2025-10-22 00:36:44,392 | ERROR | AUDUSD=X: No price data found, symbol may be delisted (period=1d)
2025-10-22 00:36:45,149 | INFO | [SIGNAL] SEÑAL DETECTADA: AUDUSD | BEARISH_BREAKOUT
2025-10-22 00:36:45,149 | INFO |    [CONF] Confianza: 72.1% | Riesgo: HIGH
2025-10-22 00:36:45,149 | INFO |    [PRICE] Precio: $0.7252 | Spread: 0.000250
2025-10-22 00:36:45,149 | INFO | [SKIP] Trade no ejecutado para AUDUSD (condiciones no cumplidas)
2025-10-22 00:36:46,148 | ERROR | Failed to get ticker 'GC=F' reason: Expecting value: line 1 column 1 (char 0)
2025-10-22 00:36:47,071 | ERROR | GC=F: No price data found, symbol may be delisted (period=1d)
2025-10-22 00:36:47,075 | INFO | [DATA] Usando datos simulados para XAUUSD: $2647.8332
2025-10-22 00:36:48,082 | ERROR | Failed to get ticker 'SI=F' reason: Expecting value: line 1 column 1 (char 0)
2025-10-22 00:36:48,931 | ERROR | SI=F: No price data found, symbol may be delisted (period=1d)
2025-10-22 00:36:48,936 | INFO | [DATA] Usando datos simulados para XAGUSD: $31.3472
2025-10-22 00:36:48,936 | INFO | [SIGNALS] Señales detectadas: 1
2025-10-22 00:36:48,936 | INFO | [POSITIONS] Posiciones activas: 0
2025-10-22 00:36:48,936 | INFO | [CAPITAL] Capital actual: $500.00
2025-10-22 00:36:48,939 | INFO | [WAIT] Esperando 60 segundos para el próximo ciclo...
2025-10-22 00:37:48,956 | INFO | 
[CYCLE] CICLO 76 - 05:37:48
2025-10-22 00:37:48,956 | INFO | [SESSION] Sesión: SYDNEY | Prioridad: LOW
2025-10-22 00:37:50,296 | ERROR | Failed to get ticker 'EURUSD=X' reason: Expecting value: line 1 column 1 (char 0)
2025-10-22 00:37:51,568 | ERROR | EURUSD=X: No price data found, symbol may be delisted (period=1d)
2025-10-22 00:37:53,724 | ERROR | Failed to get ticker 'GBPUSD=X' reason: Expecting value: line 1 column 1 (char 0)
2025-10-22 00:37:54,817 | ERROR | GBPUSD=X: No price data found, symbol may be delisted (period=1d)
2025-10-22 00:37:56,785 | ERROR | Failed to get ticker 'USDJPY=X' reason: Expecting value: line 1 column 1 (char 0)
2025-10-22 00:37:57,839 | ERROR | USDJPY=X: No price data found, symbol may be delisted (period=1d)
2025-10-22 00:37:57,841 | INFO | [DATA] Usando datos simulados para USDJPY: $149.2471
2025-10-22 00:37:58,839 | ERROR | Failed to get ticker 'AUDUSD=X' reason: Expecting value: line 1 column 1 (char 0)
2025-10-22 00:37:59,964 | ERROR | AUDUSD=X: No price data found, symbol may be delisted (period=1d)
2025-10-22 00:38:00,840 | INFO | [SIGNAL] SEÑAL DETECTADA: AUDUSD | BEARISH_BREAKOUT
2025-10-22 00:38:00,856 | INFO |    [CONF] Confianza: 72.1% | Riesgo: HIGH
2025-10-22 00:38:00,856 | INFO |    [PRICE] Precio: $0.7252 | Spread: 0.000250
2025-10-22 00:38:00,858 | INFO | [SKIP] Trade no ejecutado para AUDUSD (condiciones no cumplidas)
2025-10-22 00:38:01,910 | ERROR | Failed to get ticker 'GC=F' reason: Expecting value: line 1 column 1 (char 0)
2025-10-22 00:38:02,992 | ERROR | GC=F: No price data found, symbol may be delisted (period=1d)
2025-10-22 00:38:02,997 | INFO | [DATA] Usando datos simulados para XAUUSD: $2648.7041
2025-10-22 00:38:04,046 | ERROR | Failed to get ticker 'SI=F' reason: Expecting value: line 1 column 1 (char 0)
2025-10-22 00:38:05,082 | ERROR | SI=F: No price data found, symbol may be delisted (period=1d)
2025-10-22 00:38:05,087 | INFO | [DATA] Usando datos simulados para XAGUSD: $31.3638
2025-10-22 00:38:05,087 | INFO | [SIGNALS] Señales detectadas: 1
2025-10-22 00:38:05,087 | INFO | [POSITIONS] Posiciones activas: 0
2025-10-22 00:38:05,087 | INFO | [CAPITAL] Capital actual: $500.00
2025-10-22 00:38:05,087 | INFO | [WAIT] Esperando 60 segundos para el próximo ciclo...
2025-10-22 00:39:05,104 | INFO | 
[CYCLE] CICLO 77 - 05:39:05
2025-10-22 00:39:05,105 | INFO | [SESSION] Sesión: SYDNEY | Prioridad: LOW
2025-10-22 00:39:06,351 | ERROR | Failed to get ticker 'EURUSD=X' reason: Expecting value: line 1 column 1 (char 0)
2025-10-22 00:39:07,358 | ERROR | EURUSD=X: No price data found, symbol may be delisted (period=1d)
2025-10-22 00:39:09,567 | ERROR | Failed to get ticker 'GBPUSD=X' reason: Expecting value: line 1 column 1 (char 0)
2025-10-22 00:39:10,678 | ERROR | GBPUSD=X: No price data found, symbol may be delisted (period=1d)
2025-10-22 00:39:12,731 | ERROR | Failed to get ticker 'USDJPY=X' reason: Expecting value: line 1 column 1 (char 0)
2025-10-22 00:39:13,972 | ERROR | USDJPY=X: No price data found, symbol may be delisted (period=1d)
2025-10-22 00:39:13,976 | INFO | [DATA] Usando datos simulados para USDJPY: $150.2399
2025-10-22 00:39:13,991 | INFO | [SIGNAL] SEÑAL DETECTADA: USDJPY | BEARISH_BREAKOUT
2025-10-22 00:39:13,991 | INFO |    [CONF] Confianza: 71.4% | Riesgo: MEDIUM
2025-10-22 00:39:13,993 | INFO |    [PRICE] Precio: $150.2399 | Spread: 0.015000
2025-10-22 00:39:14,001 | INFO | [SKIP] Trade no ejecutado para USDJPY (condiciones no cumplidas)
2025-10-22 00:39:15,293 | ERROR | Failed to get ticker 'AUDUSD=X' reason: Expecting value: line 1 column 1 (char 0)
2025-10-22 00:39:16,522 | ERROR | AUDUSD=X: No price data found, symbol may be delisted (period=1d)
2025-10-22 00:39:17,495 | INFO | [SIGNAL] SEÑAL DETECTADA: AUDUSD | BEARISH_BREAKOUT
2025-10-22 00:39:17,496 | INFO |    [CONF] Confianza: 72.1% | Riesgo: HIGH
2025-10-22 00:39:17,496 | INFO |    [PRICE] Precio: $0.7252 | Spread: 0.000250
2025-10-22 00:39:17,498 | INFO | [SKIP] Trade no ejecutado para AUDUSD (condiciones no cumplidas)
2025-10-22 00:39:18,600 | ERROR | Failed to get ticker 'GC=F' reason: Expecting value: line 1 column 1 (char 0)
2025-10-22 00:39:19,859 | ERROR | GC=F: No price data found, symbol may be delisted (period=1d)
2025-10-22 00:39:19,864 | INFO | [DATA] Usando datos simulados para XAUUSD: $2641.7596
2025-10-22 00:39:20,923 | ERROR | Failed to get ticker 'SI=F' reason: Expecting value: line 1 column 1 (char 0)
2025-10-22 00:39:21,987 | ERROR | SI=F: No price data found, symbol may be delisted (period=1d)
2025-10-22 00:39:21,992 | INFO | [DATA] Usando datos simulados para XAGUSD: $31.5405
2025-10-22 00:39:21,993 | INFO | [SIGNALS] Señales detectadas: 2
2025-10-22 00:39:21,993 | INFO | [POSITIONS] Posiciones activas: 0
2025-10-22 00:39:21,993 | INFO | [CAPITAL] Capital actual: $500.00
2025-10-22 00:39:21,995 | INFO | [WAIT] Esperando 60 segundos para el próximo ciclo...
2025-10-22 00:40:21,999 | INFO | 
[CYCLE] CICLO 78 - 05:40:21
2025-10-22 00:40:22,001 | INFO | [SESSION] Sesión: SYDNEY | Prioridad: LOW
2025-10-22 00:40:23,350 | ERROR | Failed to get ticker 'EURUSD=X' reason: Expecting value: line 1 column 1 (char 0)
2025-10-22 00:40:24,473 | ERROR | EURUSD=X: No price data found, symbol may be delisted (period=1d)
2025-10-22 00:40:26,817 | ERROR | Failed to get ticker 'GBPUSD=X' reason: Expecting value: line 1 column 1 (char 0)
2025-10-22 00:40:35,894 | ERROR | GBPUSD=X: No price data found, symbol may be delisted (period=1d)
2025-10-22 00:40:38,219 | ERROR | Failed to get ticker 'USDJPY=X' reason: Expecting value: line 1 column 1 (char 0)
2025-10-22 00:40:39,295 | ERROR | USDJPY=X: No price data found, symbol may be delisted (period=1d)
2025-10-22 00:40:39,299 | INFO | [DATA] Usando datos simulados para USDJPY: $150.2176
2025-10-22 00:40:40,433 | ERROR | Failed to get ticker 'AUDUSD=X' reason: Expecting value: line 1 column 1 (char 0)
2025-10-22 00:40:41,610 | ERROR | AUDUSD=X: No price data found, symbol may be delisted (period=1d)
2025-10-22 00:40:42,697 | INFO | [SIGNAL] SEÑAL DETECTADA: AUDUSD | BEARISH_BREAKOUT
2025-10-22 00:40:42,699 | INFO |    [CONF] Confianza: 72.1% | Riesgo: HIGH
2025-10-22 00:40:42,707 | INFO |    [PRICE] Precio: $0.7252 | Spread: 0.000250
2025-10-22 00:40:42,707 | INFO | [SKIP] Trade no ejecutado para AUDUSD (condiciones no cumplidas)
2025-10-22 00:40:44,011 | ERROR | Failed to get ticker 'GC=F' reason: Expecting value: line 1 column 1 (char 0)
2025-10-22 00:40:45,188 | ERROR | GC=F: No price data found, symbol may be delisted (period=1d)
2025-10-22 00:40:45,191 | INFO | [DATA] Usando datos simulados para XAUUSD: $2654.7511
2025-10-22 00:40:45,200 | INFO | [SIGNAL] SEÑAL DETECTADA: XAUUSD | BEARISH_BREAKOUT
2025-10-22 00:40:45,200 | INFO |    [CONF] Confianza: 66.2% | Riesgo: HIGH
2025-10-22 00:40:45,200 | INFO |    [PRICE] Precio: $2654.7511 | Spread: 0.500000
2025-10-22 00:40:45,201 | INFO | [SKIP] Trade no ejecutado para XAUUSD (condiciones no cumplidas)
2025-10-22 00:40:46,385 | ERROR | Failed to get ticker 'SI=F' reason: Expecting value: line 1 column 1 (char 0)
2025-10-22 00:40:47,619 | ERROR | SI=F: No price data found, symbol may be delisted (period=1d)
2025-10-22 00:40:47,623 | INFO | [DATA] Usando datos simulados para XAGUSD: $31.3830
2025-10-22 00:40:47,623 | INFO | [SIGNALS] Señales detectadas: 2
2025-10-22 00:40:47,623 | INFO | [POSITIONS] Posiciones activas: 0
2025-10-22 00:40:47,623 | INFO | [CAPITAL] Capital actual: $500.00
2025-10-22 00:40:47,623 | INFO | [WAIT] Esperando 60 segundos para el próximo ciclo...
2025-10-22 00:41:47,703 | INFO | 
[CYCLE] CICLO 79 - 05:41:47
2025-10-22 00:41:47,714 | INFO | [SESSION] Sesión: SYDNEY | Prioridad: LOW
2025-10-22 00:41:49,193 | ERROR | Failed to get ticker 'EURUSD=X' reason: Expecting value: line 1 column 1 (char 0)
2025-10-22 00:41:50,664 | ERROR | EURUSD=X: No price data found, symbol may be delisted (period=1d)
2025-10-22 00:41:53,239 | ERROR | Failed to get ticker 'GBPUSD=X' reason: Expecting value: line 1 column 1 (char 0)
2025-10-22 00:41:54,724 | ERROR | GBPUSD=X: No price data found, symbol may be delisted (period=1d)
2025-10-22 00:41:57,403 | ERROR | Failed to get ticker 'USDJPY=X' reason: Expecting value: line 1 column 1 (char 0)
2025-10-22 00:41:58,753 | ERROR | USDJPY=X: No price data found, symbol may be delisted (period=1d)
2025-10-22 00:41:58,758 | INFO | [DATA] Usando datos simulados para USDJPY: $149.0768
2025-10-22 00:42:00,171 | ERROR | Failed to get ticker 'AUDUSD=X' reason: Expecting value: line 1 column 1 (char 0)
2025-10-22 00:42:01,504 | ERROR | AUDUSD=X: No price data found, symbol may be delisted (period=1d)
2025-10-22 00:42:02,650 | INFO | [SIGNAL] SEÑAL DETECTADA: AUDUSD | BEARISH_BREAKOUT
2025-10-22 00:42:02,650 | INFO |    [CONF] Confianza: 72.1% | Riesgo: HIGH
2025-10-22 00:42:02,650 | INFO |    [PRICE] Precio: $0.7252 | Spread: 0.000250
2025-10-22 00:42:02,652 | INFO | [SKIP] Trade no ejecutado para AUDUSD (condiciones no cumplidas)
2025-10-22 00:42:04,016 | ERROR | Failed to get ticker 'GC=F' reason: Expecting value: line 1 column 1 (char 0)
2025-10-22 00:42:05,349 | ERROR | GC=F: No price data found, symbol may be delisted (period=1d)
2025-10-22 00:42:05,353 | INFO | [DATA] Usando datos simulados para XAUUSD: $2648.0668
2025-10-22 00:42:06,601 | ERROR | Failed to get ticker 'SI=F' reason: Expecting value: line 1 column 1 (char 0)
2025-10-22 00:42:07,778 | ERROR | SI=F: No price data found, symbol may be delisted (period=1d)
2025-10-22 00:42:07,780 | INFO | [DATA] Usando datos simulados para XAGUSD: $31.3843
2025-10-22 00:42:07,782 | INFO | [SIGNALS] Señales detectadas: 1
2025-10-22 00:42:07,783 | INFO | [POSITIONS] Posiciones activas: 0
2025-10-22 00:42:07,786 | INFO | [CAPITAL] Capital actual: $500.00
2025-10-22 00:42:07,786 | INFO | [WAIT] Esperando 60 segundos para el próximo ciclo...
2025-10-22 00:43:07,803 | INFO | 
[CYCLE] CICLO 80 - 05:43:07
2025-10-22 00:43:07,804 | INFO | [SESSION] Sesión: SYDNEY | Prioridad: LOW
2025-10-22 00:43:09,039 | ERROR | Failed to get ticker 'EURUSD=X' reason: Expecting value: line 1 column 1 (char 0)
2025-10-22 00:43:10,286 | ERROR | EURUSD=X: No price data found, symbol may be delisted (period=1d)
2025-10-22 00:43:12,625 | ERROR | Failed to get ticker 'GBPUSD=X' reason: Expecting value: line 1 column 1 (char 0)
2025-10-22 00:43:13,925 | ERROR | GBPUSD=X: No price data found, symbol may be delisted (period=1d)
2025-10-22 00:43:16,356 | ERROR | Failed to get ticker 'USDJPY=X' reason: Expecting value: line 1 column 1 (char 0)
2025-10-22 00:43:17,608 | ERROR | USDJPY=X: No price data found, symbol may be delisted (period=1d)
2025-10-22 00:43:17,611 | INFO | [DATA] Usando datos simulados para USDJPY: $149.4322
2025-10-22 00:43:18,892 | ERROR | Failed to get ticker 'AUDUSD=X' reason: Expecting value: line 1 column 1 (char 0)
2025-10-22 00:43:20,216 | ERROR | AUDUSD=X: No price data found, symbol may be delisted (period=1d)
2025-10-22 00:43:21,293 | INFO | [SIGNAL] SEÑAL DETECTADA: AUDUSD | BEARISH_BREAKOUT
2025-10-22 00:43:21,302 | INFO |    [CONF] Confianza: 72.1% | Riesgo: HIGH
2025-10-22 00:43:21,304 | INFO |    [PRICE] Precio: $0.7252 | Spread: 0.000250
2025-10-22 00:43:21,304 | INFO | [SKIP] Trade no ejecutado para AUDUSD (condiciones no cumplidas)
2025-10-22 00:43:22,650 | ERROR | Failed to get ticker 'GC=F' reason: Expecting value: line 1 column 1 (char 0)
2025-10-22 00:43:23,880 | ERROR | GC=F: No price data found, symbol may be delisted (period=1d)
2025-10-22 00:43:23,880 | INFO | [DATA] Usando datos simulados para XAUUSD: $2645.0355
2025-10-22 00:43:23,888 | INFO | [SIGNAL] SEÑAL DETECTADA: XAUUSD | BULLISH_BREAKOUT
2025-10-22 00:43:23,892 | INFO |    [CONF] Confianza: 68.7% | Riesgo: HIGH
2025-10-22 00:43:23,892 | INFO |    [PRICE] Precio: $2645.0355 | Spread: 0.500000
2025-10-22 00:43:23,893 | INFO | [SKIP] Trade no ejecutado para XAUUSD (condiciones no cumplidas)
2025-10-22 00:43:25,121 | ERROR | Failed to get ticker 'SI=F' reason: Expecting value: line 1 column 1 (char 0)
2025-10-22 00:43:26,264 | ERROR | SI=F: No price data found, symbol may be delisted (period=1d)
2025-10-22 00:43:26,269 | INFO | [DATA] Usando datos simulados para XAGUSD: $31.5149
2025-10-22 00:43:26,269 | INFO | [SIGNALS] Señales detectadas: 2
2025-10-22 00:43:26,269 | INFO | [POSITIONS] Posiciones activas: 0
2025-10-22 00:43:26,269 | INFO | [CAPITAL] Capital actual: $500.00
2025-10-22 00:43:26,269 | INFO | [STATS] ROI Total: +0.00% | Señales totales: 121
2025-10-22 00:43:26,269 | INFO | [WAIT] Esperando 60 segundos para el próximo ciclo...
2025-10-22 00:44:26,280 | INFO | 
[CYCLE] CICLO 81 - 05:44:26
2025-10-22 00:44:26,303 | INFO | [SESSION] Sesión: SYDNEY | Prioridad: LOW
2025-10-22 00:44:27,684 | ERROR | Failed to get ticker 'EURUSD=X' reason: Expecting value: line 1 column 1 (char 0)
2025-10-22 00:44:29,099 | ERROR | EURUSD=X: No price data found, symbol may be delisted (period=1d)
2025-10-22 00:44:31,892 | ERROR | Failed to get ticker 'GBPUSD=X' reason: Expecting value: line 1 column 1 (char 0)
2025-10-22 00:44:33,285 | ERROR | GBPUSD=X: No price data found, symbol may be delisted (period=1d)
2025-10-22 00:44:36,065 | ERROR | Failed to get ticker 'USDJPY=X' reason: Expecting value: line 1 column 1 (char 0)
2025-10-22 00:44:37,462 | ERROR | USDJPY=X: No price data found, symbol may be delisted (period=1d)
2025-10-22 00:44:37,464 | INFO | [DATA] Usando datos simulados para USDJPY: $148.9344
2025-10-22 00:44:37,479 | INFO | [SIGNAL] SEÑAL DETECTADA: USDJPY | BULLISH_BREAKOUT
2025-10-22 00:44:37,479 | INFO |    [CONF] Confianza: 71.5% | Riesgo: MEDIUM
2025-10-22 00:44:37,480 | INFO |    [PRICE] Precio: $148.9344 | Spread: 0.015000
2025-10-22 00:44:37,485 | INFO | [SKIP] Trade no ejecutado para USDJPY (condiciones no cumplidas)
2025-10-22 00:44:38,949 | ERROR | Failed to get ticker 'AUDUSD=X' reason: Expecting value: line 1 column 1 (char 0)
2025-10-22 00:44:40,490 | ERROR | AUDUSD=X: No price data found, symbol may be delisted (period=1d)
2025-10-22 00:44:41,708 | INFO | [SIGNAL] SEÑAL DETECTADA: AUDUSD | BEARISH_BREAKOUT
2025-10-22 00:44:41,708 | INFO |    [CONF] Confianza: 72.1% | Riesgo: HIGH
2025-10-22 00:44:41,709 | INFO |    [PRICE] Precio: $0.7252 | Spread: 0.000250
2025-10-22 00:44:41,709 | INFO | [SKIP] Trade no ejecutado para AUDUSD (condiciones no cumplidas)
2025-10-22 00:44:43,067 | ERROR | Failed to get ticker 'GC=F' reason: Expecting value: line 1 column 1 (char 0)
2025-10-22 00:44:44,404 | ERROR | GC=F: No price data found, symbol may be delisted (period=1d)
2025-10-22 00:44:44,407 | INFO | [DATA] Usando datos simulados para XAUUSD: $2651.0544
2025-10-22 00:44:45,772 | ERROR | Failed to get ticker 'SI=F' reason: Expecting value: line 1 column 1 (char 0)
2025-10-22 00:44:47,124 | ERROR | SI=F: No price data found, symbol may be delisted (period=1d)
2025-10-22 00:44:47,134 | INFO | [DATA] Usando datos simulados para XAGUSD: $31.4978
2025-10-22 00:44:47,154 | INFO | [SIGNAL] SEÑAL DETECTADA: XAGUSD | BULLISH_BREAKOUT
2025-10-22 00:44:47,155 | INFO |    [CONF] Confianza: 74.0% | Riesgo: HIGH
2025-10-22 00:44:47,155 | INFO |    [PRICE] Precio: $31.4978 | Spread: 0.030000
2025-10-22 00:44:47,156 | INFO | [SKIP] Trade no ejecutado para XAGUSD (condiciones no cumplidas)
2025-10-22 00:44:47,156 | INFO | [SIGNALS] Señales detectadas: 3
2025-10-22 00:44:47,156 | INFO | [POSITIONS] Posiciones activas: 0
2025-10-22 00:44:47,156 | INFO | [CAPITAL] Capital actual: $500.00
2025-10-22 00:44:47,158 | INFO | [WAIT] Esperando 60 segundos para el próximo ciclo...
2025-10-22 00:45:47,169 | INFO | 
[CYCLE] CICLO 82 - 05:45:47
2025-10-22 00:45:47,171 | INFO | [SESSION] Sesión: SYDNEY | Prioridad: LOW
2025-10-22 00:45:48,475 | ERROR | Failed to get ticker 'EURUSD=X' reason: Expecting value: line 1 column 1 (char 0)
2025-10-22 00:45:49,657 | ERROR | EURUSD=X: No price data found, symbol may be delisted (period=1d)
2025-10-22 00:45:51,692 | ERROR | Failed to get ticker 'GBPUSD=X' reason: Expecting value: line 1 column 1 (char 0)
2025-10-22 00:45:52,870 | ERROR | GBPUSD=X: No price data found, symbol may be delisted (period=1d)
2025-10-22 00:45:55,115 | ERROR | Failed to get ticker 'USDJPY=X' reason: Expecting value: line 1 column 1 (char 0)
2025-10-22 00:45:56,379 | ERROR | USDJPY=X: No price data found, symbol may be delisted (period=1d)
2025-10-22 00:45:56,383 | INFO | [DATA] Usando datos simulados para USDJPY: $149.1218
2025-10-22 00:45:57,633 | ERROR | Failed to get ticker 'AUDUSD=X' reason: Expecting value: line 1 column 1 (char 0)
2025-10-22 00:45:58,869 | ERROR | AUDUSD=X: No price data found, symbol may be delisted (period=1d)
2025-10-22 00:45:59,967 | INFO | [SIGNAL] SEÑAL DETECTADA: AUDUSD | BEARISH_BREAKOUT
2025-10-22 00:45:59,970 | INFO |    [CONF] Confianza: 72.1% | Riesgo: HIGH
2025-10-22 00:45:59,970 | INFO |    [PRICE] Precio: $0.7252 | Spread: 0.000250
2025-10-22 00:45:59,972 | INFO | [SKIP] Trade no ejecutado para AUDUSD (condiciones no cumplidas)
2025-10-22 00:46:01,127 | ERROR | Failed to get ticker 'GC=F' reason: Expecting value: line 1 column 1 (char 0)
2025-10-22 00:46:02,642 | ERROR | GC=F: No price data found, symbol may be delisted (period=1d)
2025-10-22 00:46:02,645 | INFO | [DATA] Usando datos simulados para XAUUSD: $2638.8917
2025-10-22 00:46:02,660 | INFO | [SIGNAL] SEÑAL DETECTADA: XAUUSD | BEARISH_BREAKOUT
2025-10-22 00:46:02,662 | INFO |    [CONF] Confianza: 67.0% | Riesgo: HIGH
2025-10-22 00:46:02,663 | INFO |    [PRICE] Precio: $2638.8917 | Spread: 0.500000
2025-10-22 00:46:02,663 | INFO | [SKIP] Trade no ejecutado para XAUUSD (condiciones no cumplidas)
2025-10-22 00:46:04,024 | ERROR | Failed to get ticker 'SI=F' reason: Expecting value: line 1 column 1 (char 0)
2025-10-22 00:46:05,354 | ERROR | SI=F: No price data found, symbol may be delisted (period=1d)
2025-10-22 00:46:05,365 | INFO | [DATA] Usando datos simulados para XAGUSD: $31.5015
2025-10-22 00:46:05,367 | INFO | [SIGNALS] Señales detectadas: 2
2025-10-22 00:46:05,369 | INFO | [POSITIONS] Posiciones activas: 0
2025-10-22 00:46:05,371 | INFO | [CAPITAL] Capital actual: $500.00
2025-10-22 00:46:05,373 | INFO | [WAIT] Esperando 60 segundos para el próximo ciclo...
2025-10-22 00:47:05,398 | INFO | 
[CYCLE] CICLO 83 - 05:47:05
2025-10-22 00:47:05,415 | INFO | [SESSION] Sesión: SYDNEY | Prioridad: LOW
2025-10-22 00:47:06,795 | ERROR | Failed to get ticker 'EURUSD=X' reason: Expecting value: line 1 column 1 (char 0)
2025-10-22 00:47:08,061 | ERROR | EURUSD=X: No price data found, symbol may be delisted (period=1d)
2025-10-22 00:47:10,545 | ERROR | Failed to get ticker 'GBPUSD=X' reason: Expecting value: line 1 column 1 (char 0)
2025-10-22 00:47:11,818 | ERROR | GBPUSD=X: No price data found, symbol may be delisted (period=1d)
2025-10-22 00:47:14,184 | ERROR | Failed to get ticker 'USDJPY=X' reason: Expecting value: line 1 column 1 (char 0)
2025-10-22 00:47:15,527 | ERROR | USDJPY=X: No price data found, symbol may be delisted (period=1d)
2025-10-22 00:47:15,535 | INFO | [DATA] Usando datos simulados para USDJPY: $149.2275
2025-10-22 00:47:16,891 | ERROR | Failed to get ticker 'AUDUSD=X' reason: Expecting value: line 1 column 1 (char 0)
2025-10-22 00:47:18,283 | ERROR | AUDUSD=X: No price data found, symbol may be delisted (period=1d)
2025-10-22 00:47:19,554 | INFO | [SIGNAL] SEÑAL DETECTADA: AUDUSD | BEARISH_BREAKOUT
2025-10-22 00:47:19,556 | INFO |    [CONF] Confianza: 72.1% | Riesgo: HIGH
2025-10-22 00:47:19,558 | INFO |    [PRICE] Precio: $0.7252 | Spread: 0.000250
2025-10-22 00:47:19,558 | INFO | [SKIP] Trade no ejecutado para AUDUSD (condiciones no cumplidas)
2025-10-22 00:47:21,247 | ERROR | Failed to get ticker 'GC=F' reason: Expecting value: line 1 column 1 (char 0)
2025-10-22 00:47:22,757 | ERROR | GC=F: No price data found, symbol may be delisted (period=1d)
2025-10-22 00:47:22,763 | INFO | [DATA] Usando datos simulados para XAUUSD: $2642.3142
2025-10-22 00:47:22,776 | INFO | [SIGNAL] SEÑAL DETECTADA: XAUUSD | BEARISH_BREAKOUT
2025-10-22 00:47:22,777 | INFO |    [CONF] Confianza: 68.4% | Riesgo: HIGH
2025-10-22 00:47:22,779 | INFO |    [PRICE] Precio: $2642.3142 | Spread: 0.500000
2025-10-22 00:47:22,780 | INFO | [SKIP] Trade no ejecutado para XAUUSD (condiciones no cumplidas)
2025-10-22 00:47:24,125 | ERROR | Failed to get ticker 'SI=F' reason: Expecting value: line 1 column 1 (char 0)
2025-10-22 00:47:25,635 | ERROR | SI=F: No price data found, symbol may be delisted (period=1d)
2025-10-22 00:47:25,635 | INFO | [DATA] Usando datos simulados para XAGUSD: $31.5120
2025-10-22 00:47:25,641 | INFO | [SIGNAL] SEÑAL DETECTADA: XAGUSD | BULLISH_BREAKOUT
2025-10-22 00:47:25,647 | INFO |    [CONF] Confianza: 65.2% | Riesgo: HIGH
2025-10-22 00:47:25,647 | INFO |    [PRICE] Precio: $31.5120 | Spread: 0.030000
2025-10-22 00:47:25,648 | INFO | [SKIP] Trade no ejecutado para XAGUSD (condiciones no cumplidas)
2025-10-22 00:47:25,650 | INFO | [SIGNALS] Señales detectadas: 3
2025-10-22 00:47:25,652 | INFO | [POSITIONS] Posiciones activas: 0
2025-10-22 00:47:25,653 | INFO | [CAPITAL] Capital actual: $500.00
2025-10-22 00:47:25,654 | INFO | [WAIT] Esperando 60 segundos para el próximo ciclo...
2025-10-22 00:48:25,667 | INFO | 
[CYCLE] CICLO 84 - 05:48:25
2025-10-22 00:48:25,667 | INFO | [SESSION] Sesión: SYDNEY | Prioridad: LOW
2025-10-22 00:48:26,855 | ERROR | Failed to get ticker 'EURUSD=X' reason: Expecting value: line 1 column 1 (char 0)
2025-10-22 00:48:27,797 | ERROR | EURUSD=X: No price data found, symbol may be delisted (period=1d)
2025-10-22 00:48:29,653 | ERROR | Failed to get ticker 'GBPUSD=X' reason: Expecting value: line 1 column 1 (char 0)
2025-10-22 00:48:30,644 | ERROR | GBPUSD=X: No price data found, symbol may be delisted (period=1d)
2025-10-22 00:48:32,568 | ERROR | Failed to get ticker 'USDJPY=X' reason: Expecting value: line 1 column 1 (char 0)
2025-10-22 00:48:33,548 | ERROR | USDJPY=X: No price data found, symbol may be delisted (period=1d)
2025-10-22 00:48:33,551 | INFO | [DATA] Usando datos simulados para USDJPY: $149.1459
2025-10-22 00:48:34,461 | ERROR | Failed to get ticker 'AUDUSD=X' reason: Expecting value: line 1 column 1 (char 0)
2025-10-22 00:48:35,502 | ERROR | AUDUSD=X: No price data found, symbol may be delisted (period=1d)
2025-10-22 00:48:36,598 | INFO | [SIGNAL] SEÑAL DETECTADA: AUDUSD | BEARISH_BREAKOUT
2025-10-22 00:48:36,598 | INFO |    [CONF] Confianza: 72.1% | Riesgo: HIGH
2025-10-22 00:48:36,598 | INFO |    [PRICE] Precio: $0.7252 | Spread: 0.000250
2025-10-22 00:48:36,598 | INFO | [SKIP] Trade no ejecutado para AUDUSD (condiciones no cumplidas)
2025-10-22 00:48:37,721 | ERROR | Failed to get ticker 'GC=F' reason: Expecting value: line 1 column 1 (char 0)
2025-10-22 00:48:38,893 | ERROR | GC=F: No price data found, symbol may be delisted (period=1d)
2025-10-22 00:48:38,904 | INFO | [DATA] Usando datos simulados para XAUUSD: $2656.3306
2025-10-22 00:48:39,959 | ERROR | Failed to get ticker 'SI=F' reason: Expecting value: line 1 column 1 (char 0)
2025-10-22 00:48:41,133 | ERROR | SI=F: No price data found, symbol may be delisted (period=1d)
2025-10-22 00:48:41,133 | INFO | [DATA] Usando datos simulados para XAGUSD: $31.4838
2025-10-22 00:48:41,133 | INFO | [SIGNALS] Señales detectadas: 1
2025-10-22 00:48:41,133 | INFO | [POSITIONS] Posiciones activas: 0
2025-10-22 00:48:41,133 | INFO | [CAPITAL] Capital actual: $500.00
2025-10-22 00:48:41,133 | INFO | [WAIT] Esperando 60 segundos para el próximo ciclo...
2025-10-22 00:49:41,147 | INFO | 
[CYCLE] CICLO 85 - 05:49:41
2025-10-22 00:49:41,147 | INFO | [SESSION] Sesión: SYDNEY | Prioridad: LOW
2025-10-22 00:49:42,453 | ERROR | Failed to get ticker 'EURUSD=X' reason: Expecting value: line 1 column 1 (char 0)
2025-10-22 00:49:43,618 | ERROR | EURUSD=X: No price data found, symbol may be delisted (period=1d)
2025-10-22 00:49:46,028 | ERROR | Failed to get ticker 'GBPUSD=X' reason: Expecting value: line 1 column 1 (char 0)
2025-10-22 00:49:47,186 | ERROR | GBPUSD=X: No price data found, symbol may be delisted (period=1d)
2025-10-22 00:49:49,357 | ERROR | Failed to get ticker 'USDJPY=X' reason: Expecting value: line 1 column 1 (char 0)
2025-10-22 00:49:50,441 | ERROR | USDJPY=X: No price data found, symbol may be delisted (period=1d)
2025-10-22 00:49:50,455 | INFO | [DATA] Usando datos simulados para USDJPY: $149.8535
2025-10-22 00:49:51,502 | ERROR | Failed to get ticker 'AUDUSD=X' reason: Expecting value: line 1 column 1 (char 0)
2025-10-22 00:49:52,509 | ERROR | AUDUSD=X: No price data found, symbol may be delisted (period=1d)
2025-10-22 00:49:53,603 | INFO | [SIGNAL] SEÑAL DETECTADA: AUDUSD | BEARISH_BREAKOUT
2025-10-22 00:49:53,603 | INFO |    [CONF] Confianza: 72.1% | Riesgo: HIGH
2025-10-22 00:49:53,603 | INFO |    [PRICE] Precio: $0.7252 | Spread: 0.000250
2025-10-22 00:49:53,603 | INFO | [SKIP] Trade no ejecutado para AUDUSD (condiciones no cumplidas)
2025-10-22 00:49:54,718 | ERROR | Failed to get ticker 'GC=F' reason: Expecting value: line 1 column 1 (char 0)
2025-10-22 00:49:55,775 | ERROR | GC=F: No price data found, symbol may be delisted (period=1d)
2025-10-22 00:49:55,781 | INFO | [DATA] Usando datos simulados para XAUUSD: $2646.5019
2025-10-22 00:49:57,069 | ERROR | Failed to get ticker 'SI=F' reason: Expecting value: line 1 column 1 (char 0)
2025-10-22 00:49:58,246 | ERROR | SI=F: No price data found, symbol may be delisted (period=1d)
2025-10-22 00:49:58,247 | INFO | [DATA] Usando datos simulados para XAGUSD: $31.5674
2025-10-22 00:49:58,247 | INFO | [SIGNALS] Señales detectadas: 1
2025-10-22 00:49:58,247 | INFO | [POSITIONS] Posiciones activas: 0
2025-10-22 00:49:58,247 | INFO | [CAPITAL] Capital actual: $500.00
2025-10-22 00:49:58,247 | INFO | [WAIT] Esperando 60 segundos para el próximo ciclo...
2025-10-22 00:50:58,267 | INFO | 
[CYCLE] CICLO 86 - 05:50:58
2025-10-22 00:50:58,269 | INFO | [SESSION] Sesión: SYDNEY | Prioridad: LOW
2025-10-22 00:50:59,560 | ERROR | Failed to get ticker 'EURUSD=X' reason: Expecting value: line 1 column 1 (char 0)
2025-10-22 00:51:00,719 | ERROR | EURUSD=X: No price data found, symbol may be delisted (period=1d)
2025-10-22 00:51:02,601 | ERROR | Failed to get ticker 'GBPUSD=X' reason: Expecting value: line 1 column 1 (char 0)
2025-10-22 00:51:03,629 | ERROR | GBPUSD=X: No price data found, symbol may be delisted (period=1d)
2025-10-22 00:51:05,768 | ERROR | Failed to get ticker 'USDJPY=X' reason: Expecting value: line 1 column 1 (char 0)
2025-10-22 00:51:06,788 | ERROR | USDJPY=X: No price data found, symbol may be delisted (period=1d)
2025-10-22 00:51:06,801 | INFO | [DATA] Usando datos simulados para USDJPY: $149.7132
2025-10-22 00:51:07,770 | ERROR | Failed to get ticker 'AUDUSD=X' reason: Expecting value: line 1 column 1 (char 0)
2025-10-22 00:51:08,717 | ERROR | AUDUSD=X: No price data found, symbol may be delisted (period=1d)
2025-10-22 00:51:09,630 | INFO | [SIGNAL] SEÑAL DETECTADA: AUDUSD | BEARISH_BREAKOUT
2025-10-22 00:51:09,634 | INFO |    [CONF] Confianza: 72.1% | Riesgo: HIGH
2025-10-22 00:51:09,635 | INFO |    [PRICE] Precio: $0.7252 | Spread: 0.000250
2025-10-22 00:51:09,635 | INFO | [SKIP] Trade no ejecutado para AUDUSD (condiciones no cumplidas)
2025-10-22 00:51:10,558 | ERROR | Failed to get ticker 'GC=F' reason: Expecting value: line 1 column 1 (char 0)
2025-10-22 00:51:11,542 | ERROR | GC=F: No price data found, symbol may be delisted (period=1d)
2025-10-22 00:51:11,547 | INFO | [DATA] Usando datos simulados para XAUUSD: $2640.8868
2025-10-22 00:51:12,495 | ERROR | Failed to get ticker 'SI=F' reason: Expecting value: line 1 column 1 (char 0)
2025-10-22 00:51:13,455 | ERROR | SI=F: No price data found, symbol may be delisted (period=1d)
2025-10-22 00:51:13,455 | INFO | [DATA] Usando datos simulados para XAGUSD: $31.6095
2025-10-22 00:51:13,455 | INFO | [SIGNALS] Señales detectadas: 1
2025-10-22 00:51:13,455 | INFO | [POSITIONS] Posiciones activas: 0
2025-10-22 00:51:13,455 | INFO | [CAPITAL] Capital actual: $500.00
2025-10-22 00:51:13,455 | INFO | [WAIT] Esperando 60 segundos para el próximo ciclo...
2025-10-22 00:52:13,460 | INFO | 
[CYCLE] CICLO 87 - 05:52:13
2025-10-22 00:52:13,470 | INFO | [SESSION] Sesión: SYDNEY | Prioridad: LOW
2025-10-22 00:52:14,621 | ERROR | Failed to get ticker 'EURUSD=X' reason: Expecting value: line 1 column 1 (char 0)
2025-10-22 00:52:15,640 | ERROR | EURUSD=X: No price data found, symbol may be delisted (period=1d)
2025-10-22 00:52:17,606 | ERROR | Failed to get ticker 'GBPUSD=X' reason: Expecting value: line 1 column 1 (char 0)
2025-10-22 00:52:18,706 | ERROR | GBPUSD=X: No price data found, symbol may be delisted (period=1d)
2025-10-22 00:52:21,006 | ERROR | Failed to get ticker 'USDJPY=X' reason: Expecting value: line 1 column 1 (char 0)
2025-10-22 00:52:22,131 | ERROR | USDJPY=X: No price data found, symbol may be delisted (period=1d)
2025-10-22 00:52:22,135 | INFO | [DATA] Usando datos simulados para USDJPY: $149.5804
2025-10-22 00:52:23,357 | ERROR | Failed to get ticker 'AUDUSD=X' reason: Expecting value: line 1 column 1 (char 0)
2025-10-22 00:52:24,459 | ERROR | AUDUSD=X: No price data found, symbol may be delisted (period=1d)
2025-10-22 00:52:25,697 | INFO | [SIGNAL] SEÑAL DETECTADA: AUDUSD | BEARISH_BREAKOUT
2025-10-22 00:52:25,697 | INFO |    [CONF] Confianza: 72.1% | Riesgo: HIGH
2025-10-22 00:52:25,697 | INFO |    [PRICE] Precio: $0.7252 | Spread: 0.000250
2025-10-22 00:52:25,697 | INFO | [SKIP] Trade no ejecutado para AUDUSD (condiciones no cumplidas)
2025-10-22 00:52:26,769 | ERROR | Failed to get ticker 'GC=F' reason: Expecting value: line 1 column 1 (char 0)
2025-10-22 00:52:27,796 | ERROR | GC=F: No price data found, symbol may be delisted (period=1d)
2025-10-22 00:52:27,800 | INFO | [DATA] Usando datos simulados para XAUUSD: $2640.1003
2025-10-22 00:52:28,926 | ERROR | Failed to get ticker 'SI=F' reason: Expecting value: line 1 column 1 (char 0)
2025-10-22 00:52:30,051 | ERROR | SI=F: No price data found, symbol may be delisted (period=1d)
2025-10-22 00:52:30,056 | INFO | [DATA] Usando datos simulados para XAGUSD: $31.5224
2025-10-22 00:52:30,056 | INFO | [SIGNALS] Señales detectadas: 1
2025-10-22 00:52:30,058 | INFO | [POSITIONS] Posiciones activas: 0
2025-10-22 00:52:30,058 | INFO | [CAPITAL] Capital actual: $500.00
2025-10-22 00:52:30,058 | INFO | [WAIT] Esperando 60 segundos para el próximo ciclo...
2025-10-22 00:53:30,061 | INFO | 
[CYCLE] CICLO 88 - 05:53:30
2025-10-22 00:53:30,062 | INFO | [SESSION] Sesión: SYDNEY | Prioridad: LOW
2025-10-22 00:53:31,270 | ERROR | Failed to get ticker 'EURUSD=X' reason: Expecting value: line 1 column 1 (char 0)
2025-10-22 00:53:32,311 | ERROR | EURUSD=X: No price data found, symbol may be delisted (period=1d)
2025-10-22 00:53:34,278 | ERROR | Failed to get ticker 'GBPUSD=X' reason: Expecting value: line 1 column 1 (char 0)
2025-10-22 00:53:35,319 | ERROR | GBPUSD=X: No price data found, symbol may be delisted (period=1d)
2025-10-22 00:53:37,491 | ERROR | Failed to get ticker 'USDJPY=X' reason: Expecting value: line 1 column 1 (char 0)
2025-10-22 00:53:38,480 | ERROR | USDJPY=X: No price data found, symbol may be delisted (period=1d)
2025-10-22 00:53:38,483 | INFO | [DATA] Usando datos simulados para USDJPY: $149.7957
2025-10-22 00:53:39,559 | ERROR | Failed to get ticker 'AUDUSD=X' reason: Expecting value: line 1 column 1 (char 0)
2025-10-22 00:53:40,515 | ERROR | AUDUSD=X: No price data found, symbol may be delisted (period=1d)
2025-10-22 00:53:41,875 | INFO | [SIGNAL] SEÑAL DETECTADA: AUDUSD | BEARISH_BREAKOUT
2025-10-22 00:53:41,877 | INFO |    [CONF] Confianza: 72.1% | Riesgo: HIGH
2025-10-22 00:53:41,880 | INFO |    [PRICE] Precio: $0.7252 | Spread: 0.000250
2025-10-22 00:53:41,882 | INFO | [SKIP] Trade no ejecutado para AUDUSD (condiciones no cumplidas)
2025-10-22 00:53:42,857 | ERROR | Failed to get ticker 'GC=F' reason: Expecting value: line 1 column 1 (char 0)
2025-10-22 00:53:43,815 | ERROR | GC=F: No price data found, symbol may be delisted (period=1d)
2025-10-22 00:53:43,819 | INFO | [DATA] Usando datos simulados para XAUUSD: $2650.4636
2025-10-22 00:53:44,860 | ERROR | Failed to get ticker 'SI=F' reason: Expecting value: line 1 column 1 (char 0)
2025-10-22 00:53:45,824 | ERROR | SI=F: No price data found, symbol may be delisted (period=1d)
2025-10-22 00:53:45,826 | INFO | [DATA] Usando datos simulados para XAGUSD: $31.5066
2025-10-22 00:53:45,826 | INFO | [SIGNALS] Señales detectadas: 1
2025-10-22 00:53:45,826 | INFO | [POSITIONS] Posiciones activas: 0
2025-10-22 00:53:45,826 | INFO | [CAPITAL] Capital actual: $500.00
2025-10-22 00:53:45,826 | INFO | [WAIT] Esperando 60 segundos para el próximo ciclo...
2025-10-22 00:54:45,845 | INFO | 
[CYCLE] CICLO 89 - 05:54:45
2025-10-22 00:54:45,846 | INFO | [SESSION] Sesión: SYDNEY | Prioridad: LOW
2025-10-22 00:54:47,310 | ERROR | Failed to get ticker 'EURUSD=X' reason: Expecting value: line 1 column 1 (char 0)
2025-10-22 00:54:48,742 | ERROR | EURUSD=X: No price data found, symbol may be delisted (period=1d)
2025-10-22 00:54:50,829 | ERROR | Failed to get ticker 'GBPUSD=X' reason: Expecting value: line 1 column 1 (char 0)
2025-10-22 00:54:52,076 | ERROR | GBPUSD=X: No price data found, symbol may be delisted (period=1d)
2025-10-22 00:54:54,334 | ERROR | Failed to get ticker 'USDJPY=X' reason: Expecting value: line 1 column 1 (char 0)
2025-10-22 00:54:55,614 | ERROR | USDJPY=X: No price data found, symbol may be delisted (period=1d)
2025-10-22 00:54:55,620 | INFO | [DATA] Usando datos simulados para USDJPY: $150.2266
2025-10-22 00:54:56,925 | ERROR | Failed to get ticker 'AUDUSD=X' reason: Expecting value: line 1 column 1 (char 0)
2025-10-22 00:54:58,268 | ERROR | AUDUSD=X: No price data found, symbol may be delisted (period=1d)
2025-10-22 00:54:59,385 | INFO | [SIGNAL] SEÑAL DETECTADA: AUDUSD | BEARISH_BREAKOUT
2025-10-22 00:54:59,385 | INFO |    [CONF] Confianza: 72.1% | Riesgo: HIGH
2025-10-22 00:54:59,385 | INFO |    [PRICE] Precio: $0.7252 | Spread: 0.000250
2025-10-22 00:54:59,385 | INFO | [SKIP] Trade no ejecutado para AUDUSD (condiciones no cumplidas)
2025-10-22 00:55:00,846 | ERROR | Failed to get ticker 'GC=F' reason: Expecting value: line 1 column 1 (char 0)
2025-10-22 00:55:02,169 | ERROR | GC=F: No price data found, symbol may be delisted (period=1d)
2025-10-22 00:55:02,177 | INFO | [DATA] Usando datos simulados para XAUUSD: $2645.5616
2025-10-22 00:55:03,471 | ERROR | Failed to get ticker 'SI=F' reason: Expecting value: line 1 column 1 (char 0)
2025-10-22 00:55:04,739 | ERROR | SI=F: No price data found, symbol may be delisted (period=1d)
2025-10-22 00:55:04,741 | INFO | [DATA] Usando datos simulados para XAGUSD: $31.5934
2025-10-22 00:55:04,741 | INFO | [SIGNALS] Señales detectadas: 1
2025-10-22 00:55:04,741 | INFO | [POSITIONS] Posiciones activas: 0
2025-10-22 00:55:04,741 | INFO | [CAPITAL] Capital actual: $500.00
2025-10-22 00:55:04,741 | INFO | [WAIT] Esperando 60 segundos para el próximo ciclo...
2025-10-22 00:56:04,751 | INFO | 
[CYCLE] CICLO 90 - 05:56:04
2025-10-22 00:56:04,751 | INFO | [SESSION] Sesión: SYDNEY | Prioridad: LOW
2025-10-22 00:56:06,841 | ERROR | Failed to get ticker 'EURUSD=X' reason: Expecting value: line 1 column 1 (char 0)
2025-10-22 00:56:08,159 | ERROR | EURUSD=X: No price data found, symbol may be delisted (period=1d)
2025-10-22 00:56:10,467 | ERROR | Failed to get ticker 'GBPUSD=X' reason: Expecting value: line 1 column 1 (char 0)
2025-10-22 00:56:12,056 | ERROR | GBPUSD=X: No price data found, symbol may be delisted (period=1d)
2025-10-22 00:56:14,268 | ERROR | Failed to get ticker 'USDJPY=X' reason: Expecting value: line 1 column 1 (char 0)
2025-10-22 00:56:15,595 | ERROR | USDJPY=X: No price data found, symbol may be delisted (period=1d)
2025-10-22 00:56:15,600 | INFO | [DATA] Usando datos simulados para USDJPY: $149.1810
2025-10-22 00:56:16,801 | ERROR | Failed to get ticker 'AUDUSD=X' reason: Expecting value: line 1 column 1 (char 0)
2025-10-22 00:56:18,039 | ERROR | AUDUSD=X: No price data found, symbol may be delisted (period=1d)
2025-10-22 00:56:19,019 | INFO | [SIGNAL] SEÑAL DETECTADA: AUDUSD | BEARISH_BREAKOUT
2025-10-22 00:56:19,019 | INFO |    [CONF] Confianza: 72.1% | Riesgo: HIGH
2025-10-22 00:56:19,019 | INFO |    [PRICE] Precio: $0.7252 | Spread: 0.000250
2025-10-22 00:56:19,019 | INFO | [SKIP] Trade no ejecutado para AUDUSD (condiciones no cumplidas)
2025-10-22 00:56:20,355 | ERROR | Failed to get ticker 'GC=F' reason: Expecting value: line 1 column 1 (char 0)
2025-10-22 00:56:21,550 | ERROR | GC=F: No price data found, symbol may be delisted (period=1d)
2025-10-22 00:56:21,552 | INFO | [DATA] Usando datos simulados para XAUUSD: $2660.9674
2025-10-22 00:56:22,765 | ERROR | Failed to get ticker 'SI=F' reason: Expecting value: line 1 column 1 (char 0)
2025-10-22 00:56:23,878 | ERROR | SI=F: No price data found, symbol may be delisted (period=1d)
2025-10-22 00:56:23,882 | INFO | [DATA] Usando datos simulados para XAGUSD: $31.3835
2025-10-22 00:56:23,882 | INFO | [SIGNALS] Señales detectadas: 1
2025-10-22 00:56:23,882 | INFO | [POSITIONS] Posiciones activas: 0
2025-10-22 00:56:23,887 | INFO | [CAPITAL] Capital actual: $500.00
2025-10-22 00:56:23,887 | INFO | [STATS] ROI Total: +0.00% | Señales totales: 136
2025-10-22 00:56:23,888 | INFO | [WAIT] Esperando 60 segundos para el próximo ciclo...
2025-10-22 00:57:23,902 | INFO | 
[CYCLE] CICLO 91 - 05:57:23
2025-10-22 00:57:23,904 | INFO | [SESSION] Sesión: SYDNEY | Prioridad: LOW
2025-10-22 00:57:25,251 | ERROR | Failed to get ticker 'EURUSD=X' reason: Expecting value: line 1 column 1 (char 0)
2025-10-22 00:57:26,455 | ERROR | EURUSD=X: No price data found, symbol may be delisted (period=1d)
2025-10-22 00:57:28,743 | ERROR | Failed to get ticker 'GBPUSD=X' reason: Expecting value: line 1 column 1 (char 0)
2025-10-22 00:57:29,988 | ERROR | GBPUSD=X: No price data found, symbol may be delisted (period=1d)
2025-10-22 00:57:32,471 | ERROR | Failed to get ticker 'USDJPY=X' reason: Expecting value: line 1 column 1 (char 0)
2025-10-22 00:57:33,978 | ERROR | USDJPY=X: No price data found, symbol may be delisted (period=1d)
2025-10-22 00:57:33,982 | INFO | [DATA] Usando datos simulados para USDJPY: $149.6891
2025-10-22 00:57:35,284 | ERROR | Failed to get ticker 'AUDUSD=X' reason: Expecting value: line 1 column 1 (char 0)
2025-10-22 00:57:36,554 | ERROR | AUDUSD=X: No price data found, symbol may be delisted (period=1d)
2025-10-22 00:57:37,623 | INFO | [SIGNAL] SEÑAL DETECTADA: AUDUSD | BEARISH_BREAKOUT
2025-10-22 00:57:37,625 | INFO |    [CONF] Confianza: 72.1% | Riesgo: HIGH
2025-10-22 00:57:37,625 | INFO |    [PRICE] Precio: $0.7252 | Spread: 0.000250
2025-10-22 00:57:37,625 | INFO | [SKIP] Trade no ejecutado para AUDUSD (condiciones no cumplidas)
2025-10-22 00:57:39,015 | ERROR | Failed to get ticker 'GC=F' reason: Expecting value: line 1 column 1 (char 0)
2025-10-22 00:57:40,379 | ERROR | GC=F: No price data found, symbol may be delisted (period=1d)
2025-10-22 00:57:40,379 | INFO | [DATA] Usando datos simulados para XAUUSD: $2642.0592
2025-10-22 00:57:41,712 | ERROR | Failed to get ticker 'SI=F' reason: Expecting value: line 1 column 1 (char 0)
2025-10-22 00:57:43,161 | ERROR | SI=F: No price data found, symbol may be delisted (period=1d)
2025-10-22 00:57:43,167 | INFO | [DATA] Usando datos simulados para XAGUSD: $31.4102
2025-10-22 00:57:43,168 | INFO | [SIGNALS] Señales detectadas: 1
2025-10-22 00:57:43,170 | INFO | [POSITIONS] Posiciones activas: 0
2025-10-22 00:57:43,170 | INFO | [CAPITAL] Capital actual: $500.00
2025-10-22 00:57:43,172 | INFO | [WAIT] Esperando 60 segundos para el próximo ciclo...
2025-10-22 00:58:43,186 | INFO | 
[CYCLE] CICLO 92 - 05:58:43
2025-10-22 00:58:43,188 | INFO | [SESSION] Sesión: SYDNEY | Prioridad: LOW
2025-10-22 00:58:44,661 | ERROR | Failed to get ticker 'EURUSD=X' reason: Expecting value: line 1 column 1 (char 0)
2025-10-22 00:58:46,050 | ERROR | EURUSD=X: No price data found, symbol may be delisted (period=1d)
2025-10-22 00:58:48,471 | ERROR | Failed to get ticker 'GBPUSD=X' reason: Expecting value: line 1 column 1 (char 0)
2025-10-22 00:58:49,777 | ERROR | GBPUSD=X: No price data found, symbol may be delisted (period=1d)
2025-10-22 00:58:52,215 | ERROR | Failed to get ticker 'USDJPY=X' reason: Expecting value: line 1 column 1 (char 0)
2025-10-22 00:58:53,448 | ERROR | USDJPY=X: No price data found, symbol may be delisted (period=1d)
2025-10-22 00:58:53,464 | INFO | [DATA] Usando datos simulados para USDJPY: $148.7848
2025-10-22 00:58:54,693 | ERROR | Failed to get ticker 'AUDUSD=X' reason: Expecting value: line 1 column 1 (char 0)
2025-10-22 00:58:55,904 | ERROR | AUDUSD=X: No price data found, symbol may be delisted (period=1d)
2025-10-22 00:58:57,045 | INFO | [SIGNAL] SEÑAL DETECTADA: AUDUSD | BEARISH_BREAKOUT
2025-10-22 00:58:57,045 | INFO |    [CONF] Confianza: 72.1% | Riesgo: HIGH
2025-10-22 00:58:57,045 | INFO |    [PRICE] Precio: $0.7252 | Spread: 0.000250
2025-10-22 00:58:57,052 | INFO | [SKIP] Trade no ejecutado para AUDUSD (condiciones no cumplidas)
2025-10-22 00:58:58,277 | ERROR | Failed to get ticker 'GC=F' reason: Expecting value: line 1 column 1 (char 0)
2025-10-22 00:58:59,485 | ERROR | GC=F: No price data found, symbol may be delisted (period=1d)
2025-10-22 00:58:59,499 | INFO | [DATA] Usando datos simulados para XAUUSD: $2637.7670
2025-10-22 00:59:00,708 | ERROR | Failed to get ticker 'SI=F' reason: Expecting value: line 1 column 1 (char 0)
2025-10-22 00:59:01,798 | ERROR | SI=F: No price data found, symbol may be delisted (period=1d)
2025-10-22 00:59:01,803 | INFO | [DATA] Usando datos simulados para XAGUSD: $31.5104
2025-10-22 00:59:01,803 | INFO | [SIGNALS] Señales detectadas: 1
2025-10-22 00:59:01,803 | INFO | [POSITIONS] Posiciones activas: 0
2025-10-22 00:59:01,803 | INFO | [CAPITAL] Capital actual: $500.00
2025-10-22 00:59:01,807 | INFO | [WAIT] Esperando 60 segundos para el próximo ciclo...
2025-10-22 01:00:01,812 | INFO | 
[CYCLE] CICLO 93 - 06:00:01
2025-10-22 01:00:01,832 | INFO | [SESSION] Sesión: SYDNEY | Prioridad: LOW
2025-10-22 01:00:03,013 | ERROR | Failed to get ticker 'EURUSD=X' reason: Expecting value: line 1 column 1 (char 0)
2025-10-22 01:00:04,055 | ERROR | EURUSD=X: No price data found, symbol may be delisted (period=1d)
2025-10-22 01:00:06,095 | ERROR | Failed to get ticker 'GBPUSD=X' reason: Expecting value: line 1 column 1 (char 0)
2025-10-22 01:00:07,158 | ERROR | GBPUSD=X: No price data found, symbol may be delisted (period=1d)
2025-10-22 01:00:09,899 | ERROR | Failed to get ticker 'USDJPY=X' reason: Expecting value: line 1 column 1 (char 0)
2025-10-22 01:00:11,068 | ERROR | USDJPY=X: No price data found, symbol may be delisted (period=1d)
2025-10-22 01:00:11,072 | INFO | [DATA] Usando datos simulados para USDJPY: $149.2928
2025-10-22 01:00:12,387 | ERROR | Failed to get ticker 'AUDUSD=X' reason: Expecting value: line 1 column 1 (char 0)
2025-10-22 01:00:13,605 | ERROR | AUDUSD=X: No price data found, symbol may be delisted (period=1d)
2025-10-22 01:00:14,758 | INFO | [SIGNAL] SEÑAL DETECTADA: AUDUSD | BEARISH_BREAKOUT
2025-10-22 01:00:14,763 | INFO |    [CONF] Confianza: 72.1% | Riesgo: HIGH
2025-10-22 01:00:14,771 | INFO |    [PRICE] Precio: $0.7252 | Spread: 0.000250
2025-10-22 01:00:14,773 | INFO | [SKIP] Trade no ejecutado para AUDUSD (condiciones no cumplidas)
2025-10-22 01:00:15,950 | ERROR | Failed to get ticker 'GC=F' reason: Expecting value: line 1 column 1 (char 0)
2025-10-22 01:00:17,116 | ERROR | GC=F: No price data found, symbol may be delisted (period=1d)
2025-10-22 01:00:17,120 | INFO | [DATA] Usando datos simulados para XAUUSD: $2644.0771
2025-10-22 01:00:18,423 | ERROR | Failed to get ticker 'SI=F' reason: Expecting value: line 1 column 1 (char 0)
2025-10-22 01:00:19,637 | ERROR | SI=F: No price data found, symbol may be delisted (period=1d)
2025-10-22 01:00:19,645 | INFO | [DATA] Usando datos simulados para XAGUSD: $31.3743
2025-10-22 01:00:19,645 | INFO | [SIGNALS] Señales detectadas: 1
2025-10-22 01:00:19,645 | INFO | [POSITIONS] Posiciones activas: 0
2025-10-22 01:00:19,649 | INFO | [CAPITAL] Capital actual: $500.00
2025-10-22 01:00:19,650 | INFO | [WAIT] Esperando 60 segundos para el próximo ciclo...
2025-10-22 01:01:19,670 | INFO | 
[CYCLE] CICLO 94 - 06:01:19
2025-10-22 01:01:19,673 | INFO | [SESSION] Sesión: SYDNEY | Prioridad: LOW
2025-10-22 01:01:21,116 | ERROR | Failed to get ticker 'EURUSD=X' reason: Expecting value: line 1 column 1 (char 0)
2025-10-22 01:01:22,175 | ERROR | EURUSD=X: No price data found, symbol may be delisted (period=1d)
2025-10-22 01:01:24,257 | ERROR | Failed to get ticker 'GBPUSD=X' reason: Expecting value: line 1 column 1 (char 0)
2025-10-22 01:01:25,330 | ERROR | GBPUSD=X: No price data found, symbol may be delisted (period=1d)
2025-10-22 01:01:27,481 | ERROR | Failed to get ticker 'USDJPY=X' reason: Expecting value: line 1 column 1 (char 0)
2025-10-22 01:01:28,580 | ERROR | USDJPY=X: No price data found, symbol may be delisted (period=1d)
2025-10-22 01:01:28,581 | INFO | [DATA] Usando datos simulados para USDJPY: $148.8386
2025-10-22 01:01:29,635 | ERROR | Failed to get ticker 'AUDUSD=X' reason: Expecting value: line 1 column 1 (char 0)
2025-10-22 01:01:30,897 | ERROR | AUDUSD=X: No price data found, symbol may be delisted (period=1d)
2025-10-22 01:01:31,950 | INFO | [SIGNAL] SEÑAL DETECTADA: AUDUSD | BEARISH_BREAKOUT
2025-10-22 01:01:31,950 | INFO |    [CONF] Confianza: 72.1% | Riesgo: HIGH
2025-10-22 01:01:31,950 | INFO |    [PRICE] Precio: $0.7252 | Spread: 0.000250
2025-10-22 01:01:31,950 | INFO | [SKIP] Trade no ejecutado para AUDUSD (condiciones no cumplidas)
2025-10-22 01:01:33,081 | ERROR | Failed to get ticker 'GC=F' reason: Expecting value: line 1 column 1 (char 0)
2025-10-22 01:01:34,195 | ERROR | GC=F: No price data found, symbol may be delisted (period=1d)
2025-10-22 01:01:34,195 | INFO | [DATA] Usando datos simulados para XAUUSD: $2646.4998
2025-10-22 01:01:35,337 | ERROR | Failed to get ticker 'SI=F' reason: Expecting value: line 1 column 1 (char 0)
2025-10-22 01:01:36,292 | ERROR | SI=F: No price data found, symbol may be delisted (period=1d)
2025-10-22 01:01:36,292 | INFO | [DATA] Usando datos simulados para XAGUSD: $31.5414
2025-10-22 01:01:36,292 | INFO | [SIGNALS] Señales detectadas: 1
2025-10-22 01:01:36,306 | INFO | [POSITIONS] Posiciones activas: 0
2025-10-22 01:01:36,306 | INFO | [CAPITAL] Capital actual: $500.00
2025-10-22 01:01:36,309 | INFO | [WAIT] Esperando 60 segundos para el próximo ciclo...
2025-10-22 01:02:36,321 | INFO | 
[CYCLE] CICLO 95 - 06:02:36
2025-10-22 01:02:36,323 | INFO | [SESSION] Sesión: SYDNEY | Prioridad: LOW
2025-10-22 01:02:37,852 | ERROR | Failed to get ticker 'EURUSD=X' reason: Expecting value: line 1 column 1 (char 0)
2025-10-22 01:02:39,147 | ERROR | EURUSD=X: No price data found, symbol may be delisted (period=1d)
2025-10-22 01:02:41,250 | ERROR | Failed to get ticker 'GBPUSD=X' reason: Expecting value: line 1 column 1 (char 0)
2025-10-22 01:02:42,434 | ERROR | GBPUSD=X: No price data found, symbol may be delisted (period=1d)
2025-10-22 01:02:44,312 | ERROR | Failed to get ticker 'USDJPY=X' reason: Expecting value: line 1 column 1 (char 0)
2025-10-22 01:02:45,683 | ERROR | USDJPY=X: No price data found, symbol may be delisted (period=1d)
2025-10-22 01:02:45,688 | INFO | [DATA] Usando datos simulados para USDJPY: $149.2778
2025-10-22 01:02:45,699 | INFO | [SIGNAL] SEÑAL DETECTADA: USDJPY | BEARISH_BREAKOUT
2025-10-22 01:02:45,714 | INFO |    [CONF] Confianza: 73.6% | Riesgo: MEDIUM
2025-10-22 01:02:45,716 | INFO |    [PRICE] Precio: $149.2778 | Spread: 0.015000
2025-10-22 01:02:45,725 | INFO | [SKIP] Trade no ejecutado para USDJPY (condiciones no cumplidas)
2025-10-22 01:02:47,175 | ERROR | Failed to get ticker 'AUDUSD=X' reason: Expecting value: line 1 column 1 (char 0)
2025-10-22 01:02:48,548 | ERROR | AUDUSD=X: No price data found, symbol may be delisted (period=1d)
2025-10-22 01:02:49,900 | INFO | [SIGNAL] SEÑAL DETECTADA: AUDUSD | BEARISH_BREAKOUT
2025-10-22 01:02:49,903 | INFO |    [CONF] Confianza: 72.1% | Riesgo: HIGH
2025-10-22 01:02:49,904 | INFO |    [PRICE] Precio: $0.7252 | Spread: 0.000250
2025-10-22 01:02:49,906 | INFO | [SKIP] Trade no ejecutado para AUDUSD (condiciones no cumplidas)
2025-10-22 01:02:51,416 | ERROR | Failed to get ticker 'GC=F' reason: Expecting value: line 1 column 1 (char 0)
2025-10-22 01:02:52,820 | ERROR | GC=F: No price data found, symbol may be delisted (period=1d)
2025-10-22 01:02:52,820 | INFO | [DATA] Usando datos simulados para XAUUSD: $2637.9282
2025-10-22 01:02:54,208 | ERROR | Failed to get ticker 'SI=F' reason: Expecting value: line 1 column 1 (char 0)
2025-10-22 01:02:55,550 | ERROR | SI=F: No price data found, symbol may be delisted (period=1d)
2025-10-22 01:02:55,553 | INFO | [DATA] Usando datos simulados para XAGUSD: $31.4205
2025-10-22 01:02:55,553 | INFO | [SIGNALS] Señales detectadas: 2
2025-10-22 01:02:55,556 | INFO | [POSITIONS] Posiciones activas: 0
2025-10-22 01:02:55,558 | INFO | [CAPITAL] Capital actual: $500.00
2025-10-22 01:02:55,561 | INFO | [WAIT] Esperando 60 segundos para el próximo ciclo...
2025-10-22 01:03:55,567 | INFO | 
[CYCLE] CICLO 96 - 06:03:55
2025-10-22 01:03:55,570 | INFO | [SESSION] Sesión: SYDNEY | Prioridad: LOW
2025-10-22 01:03:57,171 | ERROR | Failed to get ticker 'EURUSD=X' reason: Expecting value: line 1 column 1 (char 0)
2025-10-22 01:03:58,544 | ERROR | EURUSD=X: No price data found, symbol may be delisted (period=1d)
2025-10-22 01:04:00,929 | ERROR | Failed to get ticker 'GBPUSD=X' reason: Expecting value: line 1 column 1 (char 0)
2025-10-22 01:04:02,088 | ERROR | GBPUSD=X: No price data found, symbol may be delisted (period=1d)
2025-10-22 01:04:04,329 | ERROR | Failed to get ticker 'USDJPY=X' reason: Expecting value: line 1 column 1 (char 0)
2025-10-22 01:04:05,469 | ERROR | USDJPY=X: No price data found, symbol may be delisted (period=1d)
2025-10-22 01:04:05,474 | INFO | [DATA] Usando datos simulados para USDJPY: $148.8099
2025-10-22 01:04:06,598 | ERROR | Failed to get ticker 'AUDUSD=X' reason: Expecting value: line 1 column 1 (char 0)
2025-10-22 01:04:07,755 | ERROR | AUDUSD=X: No price data found, symbol may be delisted (period=1d)
2025-10-22 01:04:08,866 | INFO | [SIGNAL] SEÑAL DETECTADA: AUDUSD | BEARISH_BREAKOUT
2025-10-22 01:04:08,867 | INFO |    [CONF] Confianza: 72.1% | Riesgo: HIGH
2025-10-22 01:04:08,876 | INFO |    [PRICE] Precio: $0.7252 | Spread: 0.000250
2025-10-22 01:04:08,877 | INFO | [SKIP] Trade no ejecutado para AUDUSD (condiciones no cumplidas)
2025-10-22 01:04:10,201 | ERROR | Failed to get ticker 'GC=F' reason: Expecting value: line 1 column 1 (char 0)
2025-10-22 01:04:11,508 | ERROR | GC=F: No price data found, symbol may be delisted (period=1d)
2025-10-22 01:04:11,509 | INFO | [DATA] Usando datos simulados para XAUUSD: $2648.2553
2025-10-22 01:04:12,863 | ERROR | Failed to get ticker 'SI=F' reason: Expecting value: line 1 column 1 (char 0)
2025-10-22 01:04:14,162 | ERROR | SI=F: No price data found, symbol may be delisted (period=1d)
2025-10-22 01:04:14,177 | INFO | [DATA] Usando datos simulados para XAGUSD: $31.4151
2025-10-22 01:04:14,186 | INFO | [SIGNALS] Señales detectadas: 1
2025-10-22 01:04:14,187 | INFO | [POSITIONS] Posiciones activas: 0
2025-10-22 01:04:14,188 | INFO | [CAPITAL] Capital actual: $500.00
2025-10-22 01:04:14,188 | INFO | [WAIT] Esperando 60 segundos para el próximo ciclo...
2025-10-22 01:05:14,203 | INFO | 
[CYCLE] CICLO 97 - 06:05:14
2025-10-22 01:05:14,203 | INFO | [SESSION] Sesión: SYDNEY | Prioridad: LOW
2025-10-22 01:05:15,486 | ERROR | Failed to get ticker 'EURUSD=X' reason: Expecting value: line 1 column 1 (char 0)
2025-10-22 01:05:16,763 | ERROR | EURUSD=X: No price data found, symbol may be delisted (period=1d)
2025-10-22 01:05:18,995 | ERROR | Failed to get ticker 'GBPUSD=X' reason: Expecting value: line 1 column 1 (char 0)
2025-10-22 01:05:20,157 | ERROR | GBPUSD=X: No price data found, symbol may be delisted (period=1d)
2025-10-22 01:05:22,547 | ERROR | Failed to get ticker 'USDJPY=X' reason: Expecting value: line 1 column 1 (char 0)
2025-10-22 01:05:23,929 | ERROR | USDJPY=X: No price data found, symbol may be delisted (period=1d)
2025-10-22 01:05:23,929 | INFO | [DATA] Usando datos simulados para USDJPY: $150.1657
2025-10-22 01:05:23,948 | INFO | [SIGNAL] SEÑAL DETECTADA: USDJPY | BULLISH_BREAKOUT
2025-10-22 01:05:23,949 | INFO |    [CONF] Confianza: 67.9% | Riesgo: MEDIUM
2025-10-22 01:05:23,950 | INFO |    [PRICE] Precio: $150.1657 | Spread: 0.015000
2025-10-22 01:05:23,955 | INFO | [SKIP] Trade no ejecutado para USDJPY (condiciones no cumplidas)
2025-10-22 01:05:25,288 | ERROR | Failed to get ticker 'AUDUSD=X' reason: Expecting value: line 1 column 1 (char 0)
2025-10-22 01:05:26,590 | ERROR | AUDUSD=X: No price data found, symbol may be delisted (period=1d)
2025-10-22 01:05:27,716 | INFO | [SIGNAL] SEÑAL DETECTADA: AUDUSD | BEARISH_BREAKOUT
2025-10-22 01:05:27,717 | INFO |    [CONF] Confianza: 72.1% | Riesgo: HIGH
2025-10-22 01:05:27,717 | INFO |    [PRICE] Precio: $0.7252 | Spread: 0.000250
2025-10-22 01:05:27,718 | INFO | [SKIP] Trade no ejecutado para AUDUSD (condiciones no cumplidas)
2025-10-22 01:05:29,289 | ERROR | Failed to get ticker 'GC=F' reason: Expecting value: line 1 column 1 (char 0)
2025-10-22 01:05:30,649 | ERROR | GC=F: No price data found, symbol may be delisted (period=1d)
2025-10-22 01:05:30,653 | INFO | [DATA] Usando datos simulados para XAUUSD: $2649.3686
2025-10-22 01:05:32,011 | ERROR | Failed to get ticker 'SI=F' reason: Expecting value: line 1 column 1 (char 0)
2025-10-22 01:05:33,378 | ERROR | SI=F: No price data found, symbol may be delisted (period=1d)
2025-10-22 01:05:33,386 | INFO | [DATA] Usando datos simulados para XAGUSD: $31.5938
2025-10-22 01:05:33,405 | INFO | [SIGNAL] SEÑAL DETECTADA: XAGUSD | BULLISH_BREAKOUT
2025-10-22 01:05:33,413 | INFO |    [CONF] Confianza: 73.7% | Riesgo: HIGH
2025-10-22 01:05:33,417 | INFO |    [PRICE] Precio: $31.5938 | Spread: 0.030000
2025-10-22 01:05:33,419 | INFO | [SKIP] Trade no ejecutado para XAGUSD (condiciones no cumplidas)
2025-10-22 01:05:33,421 | INFO | [SIGNALS] Señales detectadas: 3
2025-10-22 01:05:33,428 | INFO | [POSITIONS] Posiciones activas: 0
2025-10-22 01:05:33,429 | INFO | [CAPITAL] Capital actual: $500.00
2025-10-22 01:05:33,430 | INFO | [WAIT] Esperando 60 segundos para el próximo ciclo...
2025-10-22 01:06:33,433 | INFO | 
[CYCLE] CICLO 98 - 06:06:33
2025-10-22 01:06:33,435 | INFO | [SESSION] Sesión: SYDNEY | Prioridad: LOW
2025-10-22 01:06:34,995 | ERROR | Failed to get ticker 'EURUSD=X' reason: Expecting value: line 1 column 1 (char 0)
2025-10-22 01:06:36,281 | ERROR | EURUSD=X: No price data found, symbol may be delisted (period=1d)
2025-10-22 01:06:39,161 | ERROR | Failed to get ticker 'GBPUSD=X' reason: Expecting value: line 1 column 1 (char 0)
2025-10-22 01:06:40,337 | ERROR | GBPUSD=X: No price data found, symbol may be delisted (period=1d)
2025-10-22 01:06:42,593 | ERROR | Failed to get ticker 'USDJPY=X' reason: Expecting value: line 1 column 1 (char 0)
2025-10-22 01:06:43,749 | ERROR | USDJPY=X: No price data found, symbol may be delisted (period=1d)
2025-10-22 01:06:43,751 | INFO | [DATA] Usando datos simulados para USDJPY: $149.1978
2025-10-22 01:06:45,028 | ERROR | Failed to get ticker 'AUDUSD=X' reason: Expecting value: line 1 column 1 (char 0)
2025-10-22 01:06:46,254 | ERROR | AUDUSD=X: No price data found, symbol may be delisted (period=1d)
2025-10-22 01:06:47,313 | INFO | [SIGNAL] SEÑAL DETECTADA: AUDUSD | BEARISH_BREAKOUT
2025-10-22 01:06:47,315 | INFO |    [CONF] Confianza: 72.1% | Riesgo: HIGH
2025-10-22 01:06:47,317 | INFO |    [PRICE] Precio: $0.7252 | Spread: 0.000250
2025-10-22 01:06:47,317 | INFO | [SKIP] Trade no ejecutado para AUDUSD (condiciones no cumplidas)
2025-10-22 01:06:48,412 | ERROR | Failed to get ticker 'GC=F' reason: Expecting value: line 1 column 1 (char 0)
2025-10-22 01:06:49,783 | ERROR | GC=F: No price data found, symbol may be delisted (period=1d)
2025-10-22 01:06:49,783 | INFO | [DATA] Usando datos simulados para XAUUSD: $2651.2900
2025-10-22 01:06:51,100 | ERROR | Failed to get ticker 'SI=F' reason: Expecting value: line 1 column 1 (char 0)
2025-10-22 01:06:52,374 | ERROR | SI=F: No price data found, symbol may be delisted (period=1d)
2025-10-22 01:06:52,377 | INFO | [DATA] Usando datos simulados para XAGUSD: $31.3610
2025-10-22 01:06:52,392 | INFO | [SIGNAL] SEÑAL DETECTADA: XAGUSD | BULLISH_BREAKOUT
2025-10-22 01:06:52,393 | INFO |    [CONF] Confianza: 66.7% | Riesgo: HIGH
2025-10-22 01:06:52,395 | INFO |    [PRICE] Precio: $31.3610 | Spread: 0.030000
2025-10-22 01:06:52,396 | INFO | [SKIP] Trade no ejecutado para XAGUSD (condiciones no cumplidas)
2025-10-22 01:06:52,396 | INFO | [SIGNALS] Señales detectadas: 2
2025-10-22 01:06:52,398 | INFO | [POSITIONS] Posiciones activas: 0
2025-10-22 01:06:52,400 | INFO | [CAPITAL] Capital actual: $500.00
2025-10-22 01:06:52,400 | INFO | [WAIT] Esperando 60 segundos para el próximo ciclo...
2025-10-22 01:07:52,416 | INFO | 
[CYCLE] CICLO 99 - 06:07:52
2025-10-22 01:07:52,416 | INFO | [SESSION] Sesión: SYDNEY | Prioridad: LOW
2025-10-22 01:07:53,803 | ERROR | Failed to get ticker 'EURUSD=X' reason: Expecting value: line 1 column 1 (char 0)
2025-10-22 01:07:54,975 | ERROR | EURUSD=X: No price data found, symbol may be delisted (period=1d)
2025-10-22 01:07:57,011 | ERROR | Failed to get ticker 'GBPUSD=X' reason: Expecting value: line 1 column 1 (char 0)
2025-10-22 01:07:58,136 | ERROR | GBPUSD=X: No price data found, symbol may be delisted (period=1d)
2025-10-22 01:08:00,328 | ERROR | Failed to get ticker 'USDJPY=X' reason: Expecting value: line 1 column 1 (char 0)
2025-10-22 01:08:01,415 | ERROR | USDJPY=X: No price data found, symbol may be delisted (period=1d)
2025-10-22 01:08:01,427 | INFO | [DATA] Usando datos simulados para USDJPY: $149.5083
2025-10-22 01:08:01,438 | INFO | [SIGNAL] SEÑAL DETECTADA: USDJPY | BEARISH_BREAKOUT
2025-10-22 01:08:01,440 | INFO |    [CONF] Confianza: 73.3% | Riesgo: MEDIUM
2025-10-22 01:08:01,441 | INFO |    [PRICE] Precio: $149.5083 | Spread: 0.015000
2025-10-22 01:08:01,446 | INFO | [SKIP] Trade no ejecutado para USDJPY (condiciones no cumplidas)
2025-10-22 01:08:02,753 | ERROR | Failed to get ticker 'AUDUSD=X' reason: Expecting value: line 1 column 1 (char 0)
2025-10-22 01:08:04,058 | ERROR | AUDUSD=X: No price data found, symbol may be delisted (period=1d)
2025-10-22 01:08:05,134 | INFO | [SIGNAL] SEÑAL DETECTADA: AUDUSD | BEARISH_BREAKOUT
2025-10-22 01:08:05,136 | INFO |    [CONF] Confianza: 72.1% | Riesgo: HIGH
2025-10-22 01:08:05,136 | INFO |    [PRICE] Precio: $0.7252 | Spread: 0.000250
2025-10-22 01:08:05,136 | INFO | [SKIP] Trade no ejecutado para AUDUSD (condiciones no cumplidas)
2025-10-22 01:08:06,535 | ERROR | Failed to get ticker 'GC=F' reason: Expecting value: line 1 column 1 (char 0)
2025-10-22 01:08:07,805 | ERROR | GC=F: No price data found, symbol may be delisted (period=1d)
2025-10-22 01:08:07,808 | INFO | [DATA] Usando datos simulados para XAUUSD: $2659.9195
2025-10-22 01:08:09,217 | ERROR | Failed to get ticker 'SI=F' reason: Expecting value: line 1 column 1 (char 0)
2025-10-22 01:08:10,681 | ERROR | SI=F: No price data found, symbol may be delisted (period=1d)
2025-10-22 01:08:10,685 | INFO | [DATA] Usando datos simulados para XAGUSD: $31.5240
2025-10-22 01:08:10,685 | INFO | [SIGNALS] Señales detectadas: 2
2025-10-22 01:08:10,685 | INFO | [POSITIONS] Posiciones activas: 0
2025-10-22 01:08:10,685 | INFO | [CAPITAL] Capital actual: $500.00
2025-10-22 01:08:10,685 | INFO | [WAIT] Esperando 60 segundos para el próximo ciclo...
2025-10-22 01:09:10,690 | INFO | 
[CYCLE] CICLO 100 - 06:09:10
2025-10-22 01:09:10,692 | INFO | [SESSION] Sesión: SYDNEY | Prioridad: LOW
2025-10-22 01:09:11,934 | ERROR | Failed to get ticker 'EURUSD=X' reason: Expecting value: line 1 column 1 (char 0)
2025-10-22 01:09:13,241 | ERROR | EURUSD=X: No price data found, symbol may be delisted (period=1d)
2025-10-22 01:09:15,469 | ERROR | Failed to get ticker 'GBPUSD=X' reason: Expecting value: line 1 column 1 (char 0)
2025-10-22 01:09:16,431 | ERROR | GBPUSD=X: No price data found, symbol may be delisted (period=1d)
2025-10-22 01:09:18,551 | ERROR | Failed to get ticker 'USDJPY=X' reason: Expecting value: line 1 column 1 (char 0)
2025-10-22 01:09:19,591 | ERROR | USDJPY=X: No price data found, symbol may be delisted (period=1d)
2025-10-22 01:09:19,597 | INFO | [DATA] Usando datos simulados para USDJPY: $149.4376
2025-10-22 01:09:20,627 | ERROR | Failed to get ticker 'AUDUSD=X' reason: Expecting value: line 1 column 1 (char 0)
2025-10-22 01:09:21,686 | ERROR | AUDUSD=X: No price data found, symbol may be delisted (period=1d)
2025-10-22 01:09:23,184 | INFO | [SIGNAL] SEÑAL DETECTADA: AUDUSD | BEARISH_BREAKOUT
2025-10-22 01:09:23,184 | INFO |    [CONF] Confianza: 72.1% | Riesgo: HIGH
2025-10-22 01:09:23,184 | INFO |    [PRICE] Precio: $0.7252 | Spread: 0.000250
2025-10-22 01:09:23,188 | INFO | [SKIP] Trade no ejecutado para AUDUSD (condiciones no cumplidas)
2025-10-22 01:09:24,568 | ERROR | Failed to get ticker 'GC=F' reason: Expecting value: line 1 column 1 (char 0)
2025-10-22 01:09:25,975 | ERROR | GC=F: No price data found, symbol may be delisted (period=1d)
2025-10-22 01:09:25,981 | INFO | [DATA] Usando datos simulados para XAUUSD: $2656.2625
2025-10-22 01:09:27,332 | ERROR | Failed to get ticker 'SI=F' reason: Expecting value: line 1 column 1 (char 0)
2025-10-22 01:09:28,530 | ERROR | SI=F: No price data found, symbol may be delisted (period=1d)
2025-10-22 01:09:28,546 | INFO | [DATA] Usando datos simulados para XAGUSD: $31.5342
2025-10-22 01:09:28,556 | INFO | [SIGNALS] Señales detectadas: 1
2025-10-22 01:09:28,563 | INFO | [POSITIONS] Posiciones activas: 0
2025-10-22 01:09:28,564 | INFO | [CAPITAL] Capital actual: $500.00
2025-10-22 01:09:28,575 | INFO | [STATS] ROI Total: +0.00% | Señales totales: 151
2025-10-22 01:09:28,585 | INFO | [WAIT] Esperando 60 segundos para el próximo ciclo...
2025-10-22 01:10:28,606 | INFO | 
[CYCLE] CICLO 101 - 06:10:28
2025-10-22 01:10:28,609 | INFO | [SESSION] Sesión: SYDNEY | Prioridad: LOW
2025-10-22 01:10:29,758 | ERROR | Failed to get ticker 'EURUSD=X' reason: Expecting value: line 1 column 1 (char 0)
2025-10-22 01:10:30,712 | ERROR | EURUSD=X: No price data found, symbol may be delisted (period=1d)
2025-10-22 01:10:32,583 | ERROR | Failed to get ticker 'GBPUSD=X' reason: Expecting value: line 1 column 1 (char 0)
2025-10-22 01:10:33,414 | ERROR | GBPUSD=X: No price data found, symbol may be delisted (period=1d)
2025-10-22 01:10:35,237 | ERROR | Failed to get ticker 'USDJPY=X' reason: Expecting value: line 1 column 1 (char 0)
2025-10-22 01:10:36,207 | ERROR | USDJPY=X: No price data found, symbol may be delisted (period=1d)
2025-10-22 01:10:36,209 | INFO | [DATA] Usando datos simulados para USDJPY: $148.9685
2025-10-22 01:10:37,242 | ERROR | Failed to get ticker 'AUDUSD=X' reason: Expecting value: line 1 column 1 (char 0)
2025-10-22 01:10:38,391 | ERROR | AUDUSD=X: No price data found, symbol may be delisted (period=1d)
2025-10-22 01:10:39,227 | INFO | [SIGNAL] SEÑAL DETECTADA: AUDUSD | BEARISH_BREAKOUT
2025-10-22 01:10:39,228 | INFO |    [CONF] Confianza: 72.1% | Riesgo: HIGH
2025-10-22 01:10:39,228 | INFO |    [PRICE] Precio: $0.7252 | Spread: 0.000250
2025-10-22 01:10:39,228 | INFO | [SKIP] Trade no ejecutado para AUDUSD (condiciones no cumplidas)
2025-10-22 01:10:40,349 | ERROR | Failed to get ticker 'GC=F' reason: Expecting value: line 1 column 1 (char 0)
2025-10-22 01:10:41,475 | ERROR | GC=F: No price data found, symbol may be delisted (period=1d)
2025-10-22 01:10:41,478 | INFO | [DATA] Usando datos simulados para XAUUSD: $2648.8627
2025-10-22 01:10:42,621 | ERROR | Failed to get ticker 'SI=F' reason: Expecting value: line 1 column 1 (char 0)
2025-10-22 01:10:43,768 | ERROR | SI=F: No price data found, symbol may be delisted (period=1d)
2025-10-22 01:10:43,780 | INFO | [DATA] Usando datos simulados para XAGUSD: $31.5082
2025-10-22 01:10:43,782 | INFO | [SIGNALS] Señales detectadas: 1
2025-10-22 01:10:43,784 | INFO | [POSITIONS] Posiciones activas: 0
2025-10-22 01:10:43,784 | INFO | [CAPITAL] Capital actual: $500.00
2025-10-22 01:10:43,785 | INFO | [WAIT] Esperando 60 segundos para el próximo ciclo...
2025-10-22 01:11:43,785 | INFO | 
[CYCLE] CICLO 102 - 06:11:43
2025-10-22 01:11:43,785 | INFO | [SESSION] Sesión: SYDNEY | Prioridad: LOW
2025-10-22 01:11:45,074 | ERROR | Failed to get ticker 'EURUSD=X' reason: Expecting value: line 1 column 1 (char 0)
2025-10-22 01:11:46,215 | ERROR | EURUSD=X: No price data found, symbol may be delisted (period=1d)
2025-10-22 01:11:48,444 | ERROR | Failed to get ticker 'GBPUSD=X' reason: Expecting value: line 1 column 1 (char 0)
2025-10-22 01:11:49,563 | ERROR | GBPUSD=X: No price data found, symbol may be delisted (period=1d)
2025-10-22 01:11:51,976 | ERROR | Failed to get ticker 'USDJPY=X' reason: Expecting value: line 1 column 1 (char 0)
2025-10-22 01:11:53,272 | ERROR | USDJPY=X: No price data found, symbol may be delisted (period=1d)
2025-10-22 01:11:53,280 | INFO | [DATA] Usando datos simulados para USDJPY: $149.0616
2025-10-22 01:11:54,553 | ERROR | Failed to get ticker 'AUDUSD=X' reason: Expecting value: line 1 column 1 (char 0)
2025-10-22 01:11:55,784 | ERROR | AUDUSD=X: No price data found, symbol may be delisted (period=1d)
2025-10-22 01:11:56,881 | INFO | [SIGNAL] SEÑAL DETECTADA: AUDUSD | BEARISH_BREAKOUT
2025-10-22 01:11:56,881 | INFO |    [CONF] Confianza: 72.1% | Riesgo: HIGH
2025-10-22 01:11:56,881 | INFO |    [PRICE] Precio: $0.7252 | Spread: 0.000250
2025-10-22 01:11:56,881 | INFO | [SKIP] Trade no ejecutado para AUDUSD (condiciones no cumplidas)
2025-10-22 01:11:58,162 | ERROR | Failed to get ticker 'GC=F' reason: Expecting value: line 1 column 1 (char 0)
2025-10-22 01:11:59,380 | ERROR | GC=F: No price data found, symbol may be delisted (period=1d)
2025-10-22 01:11:59,383 | INFO | [DATA] Usando datos simulados para XAUUSD: $2643.2856
2025-10-22 01:12:00,619 | ERROR | Failed to get ticker 'SI=F' reason: Expecting value: line 1 column 1 (char 0)
2025-10-22 01:12:01,757 | ERROR | SI=F: No price data found, symbol may be delisted (period=1d)
2025-10-22 01:12:01,765 | INFO | [DATA] Usando datos simulados para XAGUSD: $31.4745
2025-10-22 01:12:01,765 | INFO | [SIGNALS] Señales detectadas: 1
2025-10-22 01:12:01,765 | INFO | [POSITIONS] Posiciones activas: 0
2025-10-22 01:12:01,765 | INFO | [CAPITAL] Capital actual: $500.00
2025-10-22 01:12:01,768 | INFO | [WAIT] Esperando 60 segundos para el próximo ciclo...
2025-10-22 01:13:01,774 | INFO | 
[CYCLE] CICLO 103 - 06:13:01
2025-10-22 01:13:01,780 | INFO | [SESSION] Sesión: SYDNEY | Prioridad: LOW
2025-10-22 01:13:02,897 | ERROR | Failed to get ticker 'EURUSD=X' reason: Expecting value: line 1 column 1 (char 0)
2025-10-22 01:13:03,938 | ERROR | EURUSD=X: No price data found, symbol may be delisted (period=1d)
2025-10-22 01:13:05,935 | ERROR | Failed to get ticker 'GBPUSD=X' reason: Expecting value: line 1 column 1 (char 0)
2025-10-22 01:13:06,902 | ERROR | GBPUSD=X: No price data found, symbol may be delisted (period=1d)
2025-10-22 01:13:08,881 | ERROR | Failed to get ticker 'USDJPY=X' reason: Expecting value: line 1 column 1 (char 0)
2025-10-22 01:13:09,862 | ERROR | USDJPY=X: No price data found, symbol may be delisted (period=1d)
2025-10-22 01:13:09,868 | INFO | [DATA] Usando datos simulados para USDJPY: $149.7835
2025-10-22 01:13:10,950 | ERROR | Failed to get ticker 'AUDUSD=X' reason: Expecting value: line 1 column 1 (char 0)
2025-10-22 01:13:11,897 | ERROR | AUDUSD=X: No price data found, symbol may be delisted (period=1d)
2025-10-22 01:13:12,764 | INFO | [SIGNAL] SEÑAL DETECTADA: AUDUSD | BEARISH_BREAKOUT
2025-10-22 01:13:12,764 | INFO |    [CONF] Confianza: 72.1% | Riesgo: HIGH
2025-10-22 01:13:12,769 | INFO |    [PRICE] Precio: $0.7252 | Spread: 0.000250
2025-10-22 01:13:12,771 | INFO | [SKIP] Trade no ejecutado para AUDUSD (condiciones no cumplidas)
2025-10-22 01:13:13,780 | ERROR | Failed to get ticker 'GC=F' reason: Expecting value: line 1 column 1 (char 0)
2025-10-22 01:13:14,816 | ERROR | GC=F: No price data found, symbol may be delisted (period=1d)
2025-10-22 01:13:14,825 | INFO | [DATA] Usando datos simulados para XAUUSD: $2658.3597
2025-10-22 01:13:15,886 | ERROR | Failed to get ticker 'SI=F' reason: Expecting value: line 1 column 1 (char 0)
2025-10-22 01:13:17,070 | ERROR | SI=F: No price data found, symbol may be delisted (period=1d)
2025-10-22 01:13:17,090 | INFO | [DATA] Usando datos simulados para XAGUSD: $31.6181
2025-10-22 01:13:17,091 | INFO | [SIGNALS] Señales detectadas: 1
2025-10-22 01:13:17,094 | INFO | [POSITIONS] Posiciones activas: 0
2025-10-22 01:13:17,110 | INFO | [CAPITAL] Capital actual: $500.00
2025-10-22 01:13:17,116 | INFO | [WAIT] Esperando 60 segundos para el próximo ciclo...
2025-10-22 01:14:17,139 | INFO | 
[CYCLE] CICLO 104 - 06:14:17
2025-10-22 01:14:17,147 | INFO | [SESSION] Sesión: SYDNEY | Prioridad: LOW
2025-10-22 01:14:18,501 | ERROR | Failed to get ticker 'EURUSD=X' reason: Expecting value: line 1 column 1 (char 0)
2025-10-22 01:14:19,754 | ERROR | EURUSD=X: No price data found, symbol may be delisted (period=1d)
2025-10-22 01:14:22,051 | ERROR | Failed to get ticker 'GBPUSD=X' reason: Expecting value: line 1 column 1 (char 0)
2025-10-22 01:14:23,252 | ERROR | GBPUSD=X: No price data found, symbol may be delisted (period=1d)
2025-10-22 01:14:25,679 | ERROR | Failed to get ticker 'USDJPY=X' reason: Expecting value: line 1 column 1 (char 0)
2025-10-22 01:14:26,791 | ERROR | USDJPY=X: No price data found, symbol may be delisted (period=1d)
2025-10-22 01:14:26,809 | INFO | [DATA] Usando datos simulados para USDJPY: $148.7815
2025-10-22 01:14:27,943 | ERROR | Failed to get ticker 'AUDUSD=X' reason: Expecting value: line 1 column 1 (char 0)
2025-10-22 01:14:29,226 | ERROR | AUDUSD=X: No price data found, symbol may be delisted (period=1d)
2025-10-22 01:14:30,316 | INFO | [SIGNAL] SEÑAL DETECTADA: AUDUSD | BEARISH_BREAKOUT
2025-10-22 01:14:30,319 | INFO |    [CONF] Confianza: 72.1% | Riesgo: HIGH
2025-10-22 01:14:30,321 | INFO |    [PRICE] Precio: $0.7252 | Spread: 0.000250
2025-10-22 01:14:30,321 | INFO | [SKIP] Trade no ejecutado para AUDUSD (condiciones no cumplidas)
2025-10-22 01:14:31,288 | ERROR | Failed to get ticker 'GC=F' reason: Expecting value: line 1 column 1 (char 0)
2025-10-22 01:14:32,407 | ERROR | GC=F: No price data found, symbol may be delisted (period=1d)
2025-10-22 01:14:32,412 | INFO | [DATA] Usando datos simulados para XAUUSD: $2662.7027
2025-10-22 01:14:33,398 | ERROR | Failed to get ticker 'SI=F' reason: Expecting value: line 1 column 1 (char 0)
2025-10-22 01:14:34,377 | ERROR | SI=F: No price data found, symbol may be delisted (period=1d)
2025-10-22 01:14:34,385 | INFO | [DATA] Usando datos simulados para XAGUSD: $31.4311
2025-10-22 01:14:34,421 | INFO | [SIGNAL] SEÑAL DETECTADA: XAGUSD | BEARISH_BREAKOUT
2025-10-22 01:14:34,426 | INFO |    [CONF] Confianza: 67.4% | Riesgo: HIGH
2025-10-22 01:14:34,427 | INFO |    [PRICE] Precio: $31.4311 | Spread: 0.030000
2025-10-22 01:14:34,429 | INFO | [SKIP] Trade no ejecutado para XAGUSD (condiciones no cumplidas)
2025-10-22 01:14:34,429 | INFO | [SIGNALS] Señales detectadas: 2
2025-10-22 01:14:34,430 | INFO | [POSITIONS] Posiciones activas: 0
2025-10-22 01:14:34,430 | INFO | [CAPITAL] Capital actual: $500.00
2025-10-22 01:14:34,431 | INFO | [WAIT] Esperando 60 segundos para el próximo ciclo...
2025-10-22 01:15:34,442 | INFO | 
[CYCLE] CICLO 105 - 06:15:34
2025-10-22 01:15:34,443 | INFO | [SESSION] Sesión: SYDNEY | Prioridad: LOW
2025-10-22 01:15:35,888 | ERROR | Failed to get ticker 'EURUSD=X' reason: Expecting value: line 1 column 1 (char 0)
2025-10-22 01:15:37,305 | ERROR | EURUSD=X: No price data found, symbol may be delisted (period=1d)
2025-10-22 01:15:39,666 | ERROR | Failed to get ticker 'GBPUSD=X' reason: Expecting value: line 1 column 1 (char 0)
2025-10-22 01:15:40,963 | ERROR | GBPUSD=X: No price data found, symbol may be delisted (period=1d)
2025-10-22 01:15:43,330 | ERROR | Failed to get ticker 'USDJPY=X' reason: Expecting value: line 1 column 1 (char 0)
2025-10-22 01:15:44,738 | ERROR | USDJPY=X: No price data found, symbol may be delisted (period=1d)
2025-10-22 01:15:44,752 | INFO | [DATA] Usando datos simulados para USDJPY: $149.8384
2025-10-22 01:15:45,944 | ERROR | Failed to get ticker 'AUDUSD=X' reason: Expecting value: line 1 column 1 (char 0)
2025-10-22 01:15:47,205 | ERROR | AUDUSD=X: No price data found, symbol may be delisted (period=1d)
2025-10-22 01:15:48,266 | INFO | [SIGNAL] SEÑAL DETECTADA: AUDUSD | BEARISH_BREAKOUT
2025-10-22 01:15:48,266 | INFO |    [CONF] Confianza: 72.1% | Riesgo: HIGH
2025-10-22 01:15:48,268 | INFO |    [PRICE] Precio: $0.7252 | Spread: 0.000250
2025-10-22 01:15:48,268 | INFO | [SKIP] Trade no ejecutado para AUDUSD (condiciones no cumplidas)
2025-10-22 01:15:49,483 | ERROR | Failed to get ticker 'GC=F' reason: Expecting value: line 1 column 1 (char 0)
2025-10-22 01:15:50,792 | ERROR | GC=F: No price data found, symbol may be delisted (period=1d)
2025-10-22 01:15:50,801 | INFO | [DATA] Usando datos simulados para XAUUSD: $2642.3830
2025-10-22 01:15:52,190 | ERROR | Failed to get ticker 'SI=F' reason: Expecting value: line 1 column 1 (char 0)
2025-10-22 01:15:53,594 | ERROR | SI=F: No price data found, symbol may be delisted (period=1d)
2025-10-22 01:15:53,609 | INFO | [DATA] Usando datos simulados para XAGUSD: $31.6088
2025-10-22 01:15:53,609 | INFO | [SIGNALS] Señales detectadas: 1
2025-10-22 01:15:53,609 | INFO | [POSITIONS] Posiciones activas: 0
2025-10-22 01:15:53,609 | INFO | [CAPITAL] Capital actual: $500.00
2025-10-22 01:15:53,609 | INFO | [WAIT] Esperando 60 segundos para el próximo ciclo...
2025-10-22 01:16:53,616 | INFO | 
[CYCLE] CICLO 106 - 06:16:53
2025-10-22 01:16:53,632 | INFO | [SESSION] Sesión: SYDNEY | Prioridad: LOW
2025-10-22 01:16:55,226 | ERROR | Failed to get ticker 'EURUSD=X' reason: Expecting value: line 1 column 1 (char 0)
2025-10-22 01:16:56,823 | ERROR | EURUSD=X: No price data found, symbol may be delisted (period=1d)
2025-10-22 01:16:59,506 | ERROR | Failed to get ticker 'GBPUSD=X' reason: Expecting value: line 1 column 1 (char 0)
2025-10-22 01:17:00,954 | ERROR | GBPUSD=X: No price data found, symbol may be delisted (period=1d)
2025-10-22 01:17:03,472 | ERROR | Failed to get ticker 'USDJPY=X' reason: Expecting value: line 1 column 1 (char 0)
2025-10-22 01:17:04,828 | ERROR | USDJPY=X: No price data found, symbol may be delisted (period=1d)
2025-10-22 01:17:04,831 | INFO | [DATA] Usando datos simulados para USDJPY: $149.8228
2025-10-22 01:17:06,151 | ERROR | Failed to get ticker 'AUDUSD=X' reason: Expecting value: line 1 column 1 (char 0)
2025-10-22 01:17:07,617 | ERROR | AUDUSD=X: No price data found, symbol may be delisted (period=1d)
2025-10-22 01:17:08,558 | INFO | [SIGNAL] SEÑAL DETECTADA: AUDUSD | BEARISH_BREAKOUT
2025-10-22 01:17:08,560 | INFO |    [CONF] Confianza: 72.1% | Riesgo: HIGH
2025-10-22 01:17:08,560 | INFO |    [PRICE] Precio: $0.7252 | Spread: 0.000250
2025-10-22 01:17:08,561 | INFO | [SKIP] Trade no ejecutado para AUDUSD (condiciones no cumplidas)
2025-10-22 01:17:09,754 | ERROR | Failed to get ticker 'GC=F' reason: Expecting value: line 1 column 1 (char 0)
2025-10-22 01:17:10,927 | ERROR | GC=F: No price data found, symbol may be delisted (period=1d)
2025-10-22 01:17:10,930 | INFO | [DATA] Usando datos simulados para XAUUSD: $2654.8663
2025-10-22 01:17:12,116 | ERROR | Failed to get ticker 'SI=F' reason: Expecting value: line 1 column 1 (char 0)
2025-10-22 01:17:13,403 | ERROR | SI=F: No price data found, symbol may be delisted (period=1d)
2025-10-22 01:17:13,406 | INFO | [DATA] Usando datos simulados para XAGUSD: $31.4490
2025-10-22 01:17:13,406 | INFO | [SIGNALS] Señales detectadas: 1
2025-10-22 01:17:13,406 | INFO | [POSITIONS] Posiciones activas: 0
2025-10-22 01:17:13,406 | INFO | [CAPITAL] Capital actual: $500.00
2025-10-22 01:17:13,406 | INFO | [WAIT] Esperando 60 segundos para el próximo ciclo...
2025-10-22 01:18:13,420 | INFO | 
[CYCLE] CICLO 107 - 06:18:13
2025-10-22 01:18:13,423 | INFO | [SESSION] Sesión: SYDNEY | Prioridad: LOW
2025-10-22 01:18:14,764 | ERROR | Failed to get ticker 'EURUSD=X' reason: Expecting value: line 1 column 1 (char 0)
2025-10-22 01:18:15,981 | ERROR | EURUSD=X: No price data found, symbol may be delisted (period=1d)
2025-10-22 01:18:18,321 | ERROR | Failed to get ticker 'GBPUSD=X' reason: Expecting value: line 1 column 1 (char 0)
2025-10-22 01:18:19,618 | ERROR | GBPUSD=X: No price data found, symbol may be delisted (period=1d)
2025-10-22 01:18:22,153 | ERROR | Failed to get ticker 'USDJPY=X' reason: Expecting value: line 1 column 1 (char 0)
2025-10-22 01:18:23,454 | ERROR | USDJPY=X: No price data found, symbol may be delisted (period=1d)
2025-10-22 01:18:23,457 | INFO | [DATA] Usando datos simulados para USDJPY: $148.9447
2025-10-22 01:18:24,726 | ERROR | Failed to get ticker 'AUDUSD=X' reason: Expecting value: line 1 column 1 (char 0)
2025-10-22 01:18:25,974 | ERROR | AUDUSD=X: No price data found, symbol may be delisted (period=1d)
2025-10-22 01:18:26,922 | INFO | [SIGNAL] SEÑAL DETECTADA: AUDUSD | BEARISH_BREAKOUT
2025-10-22 01:18:26,923 | INFO |    [CONF] Confianza: 72.1% | Riesgo: HIGH
2025-10-22 01:18:26,923 | INFO |    [PRICE] Precio: $0.7252 | Spread: 0.000250
2025-10-22 01:18:26,925 | INFO | [SKIP] Trade no ejecutado para AUDUSD (condiciones no cumplidas)
2025-10-22 01:18:28,282 | ERROR | Failed to get ticker 'GC=F' reason: Expecting value: line 1 column 1 (char 0)
2025-10-22 01:18:29,641 | ERROR | GC=F: No price data found, symbol may be delisted (period=1d)
2025-10-22 01:18:29,644 | INFO | [DATA] Usando datos simulados para XAUUSD: $2655.7583
2025-10-22 01:18:30,885 | ERROR | Failed to get ticker 'SI=F' reason: Expecting value: line 1 column 1 (char 0)
2025-10-22 01:18:32,220 | ERROR | SI=F: No price data found, symbol may be delisted (period=1d)
2025-10-22 01:18:32,237 | INFO | [DATA] Usando datos simulados para XAGUSD: $31.4329
2025-10-22 01:18:32,268 | INFO | [SIGNAL] SEÑAL DETECTADA: XAGUSD | BULLISH_BREAKOUT
2025-10-22 01:18:32,276 | INFO |    [CONF] Confianza: 68.8% | Riesgo: HIGH
2025-10-22 01:18:32,285 | INFO |    [PRICE] Precio: $31.4329 | Spread: 0.030000
2025-10-22 01:18:32,287 | INFO | [SKIP] Trade no ejecutado para XAGUSD (condiciones no cumplidas)
2025-10-22 01:18:32,288 | INFO | [SIGNALS] Señales detectadas: 2
2025-10-22 01:18:32,288 | INFO | [POSITIONS] Posiciones activas: 0
2025-10-22 01:18:32,289 | INFO | [CAPITAL] Capital actual: $500.00
2025-10-22 01:18:32,290 | INFO | [WAIT] Esperando 60 segundos para el próximo ciclo...
2025-10-22 01:19:32,304 | INFO | 
[CYCLE] CICLO 108 - 06:19:32
2025-10-22 01:19:32,304 | INFO | [SESSION] Sesión: SYDNEY | Prioridad: LOW
2025-10-22 01:19:33,842 | ERROR | Failed to get ticker 'EURUSD=X' reason: Expecting value: line 1 column 1 (char 0)
2025-10-22 01:19:35,034 | ERROR | EURUSD=X: No price data found, symbol may be delisted (period=1d)
2025-10-22 01:19:37,585 | ERROR | Failed to get ticker 'GBPUSD=X' reason: Expecting value: line 1 column 1 (char 0)
2025-10-22 01:19:39,042 | ERROR | GBPUSD=X: No price data found, symbol may be delisted (period=1d)
2025-10-22 01:19:41,625 | ERROR | Failed to get ticker 'USDJPY=X' reason: Expecting value: line 1 column 1 (char 0)
2025-10-22 01:19:43,010 | ERROR | USDJPY=X: No price data found, symbol may be delisted (period=1d)
2025-10-22 01:19:43,017 | INFO | [DATA] Usando datos simulados para USDJPY: $149.2070
2025-10-22 01:19:44,438 | ERROR | Failed to get ticker 'AUDUSD=X' reason: Expecting value: line 1 column 1 (char 0)
2025-10-22 01:19:45,909 | ERROR | AUDUSD=X: No price data found, symbol may be delisted (period=1d)
2025-10-22 01:19:46,976 | INFO | [SIGNAL] SEÑAL DETECTADA: AUDUSD | BEARISH_BREAKOUT
2025-10-22 01:19:46,976 | INFO |    [CONF] Confianza: 72.1% | Riesgo: HIGH
2025-10-22 01:19:46,988 | INFO |    [PRICE] Precio: $0.7252 | Spread: 0.000250
2025-10-22 01:19:46,988 | INFO | [SKIP] Trade no ejecutado para AUDUSD (condiciones no cumplidas)
2025-10-22 01:19:48,281 | ERROR | Failed to get ticker 'GC=F' reason: Expecting value: line 1 column 1 (char 0)
2025-10-22 01:19:49,474 | ERROR | GC=F: No price data found, symbol may be delisted (period=1d)
2025-10-22 01:19:49,478 | INFO | [DATA] Usando datos simulados para XAUUSD: $2641.1023
2025-10-22 01:19:50,708 | ERROR | Failed to get ticker 'SI=F' reason: Expecting value: line 1 column 1 (char 0)
2025-10-22 01:19:51,912 | ERROR | SI=F: No price data found, symbol may be delisted (period=1d)
2025-10-22 01:19:51,917 | INFO | [DATA] Usando datos simulados para XAGUSD: $31.3965
2025-10-22 01:19:51,919 | INFO | [SIGNALS] Señales detectadas: 1
2025-10-22 01:19:51,919 | INFO | [POSITIONS] Posiciones activas: 0
2025-10-22 01:19:51,921 | INFO | [CAPITAL] Capital actual: $500.00
2025-10-22 01:19:51,923 | INFO | [WAIT] Esperando 60 segundos para el próximo ciclo...
2025-10-22 01:20:51,940 | INFO | 
[CYCLE] CICLO 109 - 06:20:51
2025-10-22 01:20:51,942 | INFO | [SESSION] Sesión: SYDNEY | Prioridad: LOW
2025-10-22 01:20:53,439 | ERROR | Failed to get ticker 'EURUSD=X' reason: Expecting value: line 1 column 1 (char 0)
2025-10-22 01:20:54,629 | ERROR | EURUSD=X: No price data found, symbol may be delisted (period=1d)
2025-10-22 01:20:56,879 | ERROR | Failed to get ticker 'GBPUSD=X' reason: Expecting value: line 1 column 1 (char 0)
2025-10-22 01:20:58,105 | ERROR | GBPUSD=X: No price data found, symbol may be delisted (period=1d)
2025-10-22 01:21:00,405 | ERROR | Failed to get ticker 'USDJPY=X' reason: Expecting value: line 1 column 1 (char 0)
2025-10-22 01:21:01,703 | ERROR | USDJPY=X: No price data found, symbol may be delisted (period=1d)
2025-10-22 01:21:01,707 | INFO | [DATA] Usando datos simulados para USDJPY: $149.9744
2025-10-22 01:21:02,978 | ERROR | Failed to get ticker 'AUDUSD=X' reason: Expecting value: line 1 column 1 (char 0)
2025-10-22 01:21:04,246 | ERROR | AUDUSD=X: No price data found, symbol may be delisted (period=1d)
2025-10-22 01:21:05,345 | INFO | [SIGNAL] SEÑAL DETECTADA: AUDUSD | BEARISH_BREAKOUT
2025-10-22 01:21:05,349 | INFO |    [CONF] Confianza: 72.1% | Riesgo: HIGH
2025-10-22 01:21:05,349 | INFO |    [PRICE] Precio: $0.7252 | Spread: 0.000250
2025-10-22 01:21:05,349 | INFO | [SKIP] Trade no ejecutado para AUDUSD (condiciones no cumplidas)
2025-10-22 01:21:06,715 | ERROR | Failed to get ticker 'GC=F' reason: Expecting value: line 1 column 1 (char 0)
2025-10-22 01:21:08,117 | ERROR | GC=F: No price data found, symbol may be delisted (period=1d)
2025-10-22 01:21:08,123 | INFO | [DATA] Usando datos simulados para XAUUSD: $2639.3789
2025-10-22 01:21:09,561 | ERROR | Failed to get ticker 'SI=F' reason: Expecting value: line 1 column 1 (char 0)
2025-10-22 01:21:10,899 | ERROR | SI=F: No price data found, symbol may be delisted (period=1d)
2025-10-22 01:21:10,906 | INFO | [DATA] Usando datos simulados para XAGUSD: $31.5366
2025-10-22 01:21:10,906 | INFO | [SIGNALS] Señales detectadas: 1
2025-10-22 01:21:10,907 | INFO | [POSITIONS] Posiciones activas: 0
2025-10-22 01:21:10,907 | INFO | [CAPITAL] Capital actual: $500.00
2025-10-22 01:21:10,907 | INFO | [WAIT] Esperando 60 segundos para el próximo ciclo...
2025-10-22 01:22:10,916 | INFO | 
[CYCLE] CICLO 110 - 06:22:10
2025-10-22 01:22:10,916 | INFO | [SESSION] Sesión: SYDNEY | Prioridad: LOW
2025-10-22 01:22:12,240 | ERROR | Failed to get ticker 'EURUSD=X' reason: Expecting value: line 1 column 1 (char 0)
2025-10-22 01:22:13,330 | ERROR | EURUSD=X: No price data found, symbol may be delisted (period=1d)
2025-10-22 01:22:15,535 | ERROR | Failed to get ticker 'GBPUSD=X' reason: Expecting value: line 1 column 1 (char 0)
2025-10-22 01:22:16,621 | ERROR | GBPUSD=X: No price data found, symbol may be delisted (period=1d)
2025-10-22 01:22:18,864 | ERROR | Failed to get ticker 'USDJPY=X' reason: Expecting value: line 1 column 1 (char 0)
2025-10-22 01:22:19,909 | ERROR | USDJPY=X: No price data found, symbol may be delisted (period=1d)
2025-10-22 01:22:19,911 | INFO | [DATA] Usando datos simulados para USDJPY: $149.3930
2025-10-22 01:22:21,069 | ERROR | Failed to get ticker 'AUDUSD=X' reason: Expecting value: line 1 column 1 (char 0)
2025-10-22 01:22:22,165 | ERROR | AUDUSD=X: No price data found, symbol may be delisted (period=1d)
2025-10-22 01:22:23,228 | INFO | [SIGNAL] SEÑAL DETECTADA: AUDUSD | BEARISH_BREAKOUT
2025-10-22 01:22:23,228 | INFO |    [CONF] Confianza: 72.1% | Riesgo: HIGH
2025-10-22 01:22:23,228 | INFO |    [PRICE] Precio: $0.7252 | Spread: 0.000250
2025-10-22 01:22:23,232 | INFO | [SKIP] Trade no ejecutado para AUDUSD (condiciones no cumplidas)
2025-10-22 01:22:24,410 | ERROR | Failed to get ticker 'GC=F' reason: Expecting value: line 1 column 1 (char 0)
2025-10-22 01:22:25,527 | ERROR | GC=F: No price data found, symbol may be delisted (period=1d)
2025-10-22 01:22:25,532 | INFO | [DATA] Usando datos simulados para XAUUSD: $2645.2788
2025-10-22 01:22:26,653 | ERROR | Failed to get ticker 'SI=F' reason: Expecting value: line 1 column 1 (char 0)
2025-10-22 01:22:27,708 | ERROR | SI=F: No price data found, symbol may be delisted (period=1d)
2025-10-22 01:22:27,710 | INFO | [DATA] Usando datos simulados para XAGUSD: $31.3473
2025-10-22 01:22:27,710 | INFO | [SIGNALS] Señales detectadas: 1
2025-10-22 01:22:27,710 | INFO | [POSITIONS] Posiciones activas: 0
2025-10-22 01:22:27,710 | INFO | [CAPITAL] Capital actual: $500.00
2025-10-22 01:22:27,710 | INFO | [STATS] ROI Total: +0.00% | Señales totales: 163
2025-10-22 01:22:27,710 | INFO | [WAIT] Esperando 60 segundos para el próximo ciclo...
2025-10-22 01:23:27,722 | INFO | 
[CYCLE] CICLO 111 - 06:23:27
2025-10-22 01:23:27,722 | INFO | [SESSION] Sesión: SYDNEY | Prioridad: LOW
2025-10-22 01:23:29,216 | ERROR | Failed to get ticker 'EURUSD=X' reason: Expecting value: line 1 column 1 (char 0)
2025-10-22 01:23:30,434 | ERROR | EURUSD=X: No price data found, symbol may be delisted (period=1d)
2025-10-22 01:23:32,608 | ERROR | Failed to get ticker 'GBPUSD=X' reason: Expecting value: line 1 column 1 (char 0)
2025-10-22 01:23:33,844 | ERROR | GBPUSD=X: No price data found, symbol may be delisted (period=1d)
2025-10-22 01:23:35,972 | ERROR | Failed to get ticker 'USDJPY=X' reason: Expecting value: line 1 column 1 (char 0)
2025-10-22 01:23:37,321 | ERROR | USDJPY=X: No price data found, symbol may be delisted (period=1d)
2025-10-22 01:23:37,325 | INFO | [DATA] Usando datos simulados para USDJPY: $150.0758
2025-10-22 01:23:38,539 | ERROR | Failed to get ticker 'AUDUSD=X' reason: Expecting value: line 1 column 1 (char 0)
2025-10-22 01:23:39,743 | ERROR | AUDUSD=X: No price data found, symbol may be delisted (period=1d)
2025-10-22 01:23:40,778 | INFO | [SIGNAL] SEÑAL DETECTADA: AUDUSD | BEARISH_BREAKOUT
2025-10-22 01:23:40,778 | INFO |    [CONF] Confianza: 72.1% | Riesgo: HIGH
2025-10-22 01:23:40,778 | INFO |    [PRICE] Precio: $0.7252 | Spread: 0.000250
2025-10-22 01:23:40,778 | INFO | [SKIP] Trade no ejecutado para AUDUSD (condiciones no cumplidas)
2025-10-22 01:23:42,046 | ERROR | Failed to get ticker 'GC=F' reason: Expecting value: line 1 column 1 (char 0)
2025-10-22 01:23:43,428 | ERROR | GC=F: No price data found, symbol may be delisted (period=1d)
2025-10-22 01:23:43,435 | INFO | [DATA] Usando datos simulados para XAUUSD: $2641.8310
2025-10-22 01:23:44,803 | ERROR | Failed to get ticker 'SI=F' reason: Expecting value: line 1 column 1 (char 0)
2025-10-22 01:23:46,418 | ERROR | SI=F: No price data found, symbol may be delisted (period=1d)
2025-10-22 01:23:46,451 | INFO | [DATA] Usando datos simulados para XAGUSD: $31.5724
2025-10-22 01:23:46,480 | INFO | [SIGNAL] SEÑAL DETECTADA: XAGUSD | BEARISH_BREAKOUT
2025-10-22 01:23:46,494 | INFO |    [CONF] Confianza: 68.1% | Riesgo: HIGH
2025-10-22 01:23:46,496 | INFO |    [PRICE] Precio: $31.5724 | Spread: 0.030000
2025-10-22 01:23:46,502 | INFO | [SKIP] Trade no ejecutado para XAGUSD (condiciones no cumplidas)
2025-10-22 01:23:46,502 | INFO | [SIGNALS] Señales detectadas: 2
2025-10-22 01:23:46,504 | INFO | [POSITIONS] Posiciones activas: 0
2025-10-22 01:23:46,504 | INFO | [CAPITAL] Capital actual: $500.00
2025-10-22 01:23:46,510 | INFO | [WAIT] Esperando 60 segundos para el próximo ciclo...
2025-10-22 01:24:46,534 | INFO | 
[CYCLE] CICLO 112 - 06:24:46
2025-10-22 01:24:46,537 | INFO | [SESSION] Sesión: SYDNEY | Prioridad: LOW
2025-10-22 01:24:47,860 | ERROR | Failed to get ticker 'EURUSD=X' reason: Expecting value: line 1 column 1 (char 0)
2025-10-22 01:24:49,128 | ERROR | EURUSD=X: No price data found, symbol may be delisted (period=1d)
2025-10-22 01:24:51,494 | ERROR | Failed to get ticker 'GBPUSD=X' reason: Expecting value: line 1 column 1 (char 0)
2025-10-22 01:24:52,794 | ERROR | GBPUSD=X: No price data found, symbol may be delisted (period=1d)
2025-10-22 01:24:55,264 | ERROR | Failed to get ticker 'USDJPY=X' reason: Expecting value: line 1 column 1 (char 0)
2025-10-22 01:24:56,637 | ERROR | USDJPY=X: No price data found, symbol may be delisted (period=1d)
2025-10-22 01:24:56,642 | INFO | [DATA] Usando datos simulados para USDJPY: $149.8450
2025-10-22 01:24:57,982 | ERROR | Failed to get ticker 'AUDUSD=X' reason: Expecting value: line 1 column 1 (char 0)
2025-10-22 01:24:59,240 | ERROR | AUDUSD=X: No price data found, symbol may be delisted (period=1d)
2025-10-22 01:25:00,434 | INFO | [SIGNAL] SEÑAL DETECTADA: AUDUSD | BEARISH_BREAKOUT
2025-10-22 01:25:00,435 | INFO |    [CONF] Confianza: 72.1% | Riesgo: HIGH
2025-10-22 01:25:00,437 | INFO |    [PRICE] Precio: $0.7252 | Spread: 0.000250
2025-10-22 01:25:00,437 | INFO | [SKIP] Trade no ejecutado para AUDUSD (condiciones no cumplidas)
2025-10-22 01:25:01,560 | ERROR | Failed to get ticker 'GC=F' reason: Expecting value: line 1 column 1 (char 0)
2025-10-22 01:25:02,856 | ERROR | GC=F: No price data found, symbol may be delisted (period=1d)
2025-10-22 01:25:02,860 | INFO | [DATA] Usando datos simulados para XAUUSD: $2655.4934
2025-10-22 01:25:02,869 | INFO | [SIGNAL] SEÑAL DETECTADA: XAUUSD | BEARISH_BREAKOUT
2025-10-22 01:25:02,869 | INFO |    [CONF] Confianza: 71.5% | Riesgo: HIGH
2025-10-22 01:25:02,869 | INFO |    [PRICE] Precio: $2655.4934 | Spread: 0.500000
2025-10-22 01:25:02,872 | INFO | [SKIP] Trade no ejecutado para XAUUSD (condiciones no cumplidas)
2025-10-22 01:25:04,196 | ERROR | Failed to get ticker 'SI=F' reason: Expecting value: line 1 column 1 (char 0)
2025-10-22 01:25:05,448 | ERROR | SI=F: No price data found, symbol may be delisted (period=1d)
2025-10-22 01:25:05,460 | INFO | [DATA] Usando datos simulados para XAGUSD: $31.4669
2025-10-22 01:25:05,462 | INFO | [SIGNALS] Señales detectadas: 2
2025-10-22 01:25:05,467 | INFO | [POSITIONS] Posiciones activas: 0
2025-10-22 01:25:05,467 | INFO | [CAPITAL] Capital actual: $500.00
2025-10-22 01:25:05,470 | INFO | [WAIT] Esperando 60 segundos para el próximo ciclo...
2025-10-22 01:26:05,477 | INFO | 
[CYCLE] CICLO 113 - 06:26:05
2025-10-22 01:26:05,487 | INFO | [SESSION] Sesión: SYDNEY | Prioridad: LOW
2025-10-22 01:26:06,698 | ERROR | Failed to get ticker 'EURUSD=X' reason: Expecting value: line 1 column 1 (char 0)
2025-10-22 01:26:07,687 | ERROR | EURUSD=X: No price data found, symbol may be delisted (period=1d)
2025-10-22 01:26:09,617 | ERROR | Failed to get ticker 'GBPUSD=X' reason: Expecting value: line 1 column 1 (char 0)
2025-10-22 01:26:10,628 | ERROR | GBPUSD=X: No price data found, symbol may be delisted (period=1d)
2025-10-22 01:26:12,639 | ERROR | Failed to get ticker 'USDJPY=X' reason: Expecting value: line 1 column 1 (char 0)
2025-10-22 01:26:13,623 | ERROR | USDJPY=X: No price data found, symbol may be delisted (period=1d)
2025-10-22 01:26:13,633 | INFO | [DATA] Usando datos simulados para USDJPY: $149.3137
2025-10-22 01:26:14,469 | ERROR | Failed to get ticker 'AUDUSD=X' reason: Expecting value: line 1 column 1 (char 0)
2025-10-22 01:26:15,555 | ERROR | AUDUSD=X: No price data found, symbol may be delisted (period=1d)
2025-10-22 01:26:16,592 | INFO | [SIGNAL] SEÑAL DETECTADA: AUDUSD | BEARISH_BREAKOUT
2025-10-22 01:26:16,597 | INFO |    [CONF] Confianza: 72.1% | Riesgo: HIGH
2025-10-22 01:26:16,597 | INFO |    [PRICE] Precio: $0.7252 | Spread: 0.000250
2025-10-22 01:26:16,598 | INFO | [SKIP] Trade no ejecutado para AUDUSD (condiciones no cumplidas)
2025-10-22 01:26:17,598 | ERROR | Failed to get ticker 'GC=F' reason: Expecting value: line 1 column 1 (char 0)
2025-10-22 01:26:18,524 | ERROR | GC=F: No price data found, symbol may be delisted (period=1d)
2025-10-22 01:26:18,527 | INFO | [DATA] Usando datos simulados para XAUUSD: $2647.4870
2025-10-22 01:26:19,431 | ERROR | Failed to get ticker 'SI=F' reason: Expecting value: line 1 column 1 (char 0)
2025-10-22 01:26:20,498 | ERROR | SI=F: No price data found, symbol may be delisted (period=1d)
2025-10-22 01:26:20,503 | INFO | [DATA] Usando datos simulados para XAGUSD: $31.6231
2025-10-22 01:26:20,503 | INFO | [SIGNALS] Señales detectadas: 1
2025-10-22 01:26:20,503 | INFO | [POSITIONS] Posiciones activas: 0
2025-10-22 01:26:20,503 | INFO | [CAPITAL] Capital actual: $500.00
2025-10-22 01:26:20,503 | INFO | [WAIT] Esperando 60 segundos para el próximo ciclo...
2025-10-22 01:27:20,518 | INFO | 
[CYCLE] CICLO 114 - 06:27:20
2025-10-22 01:27:20,518 | INFO | [SESSION] Sesión: SYDNEY | Prioridad: LOW
2025-10-22 01:27:21,882 | ERROR | Failed to get ticker 'EURUSD=X' reason: Expecting value: line 1 column 1 (char 0)
2025-10-22 01:27:23,195 | ERROR | EURUSD=X: No price data found, symbol may be delisted (period=1d)
2025-10-22 01:27:25,464 | ERROR | Failed to get ticker 'GBPUSD=X' reason: Expecting value: line 1 column 1 (char 0)
2025-10-22 01:27:26,768 | ERROR | GBPUSD=X: No price data found, symbol may be delisted (period=1d)
2025-10-22 01:27:29,438 | ERROR | Failed to get ticker 'USDJPY=X' reason: Expecting value: line 1 column 1 (char 0)
2025-10-22 01:27:30,730 | ERROR | USDJPY=X: No price data found, symbol may be delisted (period=1d)
2025-10-22 01:27:30,733 | INFO | [DATA] Usando datos simulados para USDJPY: $149.1023
2025-10-22 01:27:31,948 | ERROR | Failed to get ticker 'AUDUSD=X' reason: Expecting value: line 1 column 1 (char 0)
2025-10-22 01:27:33,249 | ERROR | AUDUSD=X: No price data found, symbol may be delisted (period=1d)
2025-10-22 01:27:34,373 | INFO | [SIGNAL] SEÑAL DETECTADA: AUDUSD | BEARISH_BREAKOUT
2025-10-22 01:27:34,377 | INFO |    [CONF] Confianza: 72.1% | Riesgo: HIGH
2025-10-22 01:27:34,377 | INFO |    [PRICE] Precio: $0.7252 | Spread: 0.000250
2025-10-22 01:27:34,377 | INFO | [SKIP] Trade no ejecutado para AUDUSD (condiciones no cumplidas)
2025-10-22 01:27:35,763 | ERROR | Failed to get ticker 'GC=F' reason: Expecting value: line 1 column 1 (char 0)
2025-10-22 01:27:36,979 | ERROR | GC=F: No price data found, symbol may be delisted (period=1d)
2025-10-22 01:27:36,997 | INFO | [DATA] Usando datos simulados para XAUUSD: $2641.6707
2025-10-22 01:27:37,005 | INFO | [SIGNAL] SEÑAL DETECTADA: XAUUSD | BEARISH_BREAKOUT
2025-10-22 01:27:37,005 | INFO |    [CONF] Confianza: 69.0% | Riesgo: HIGH
2025-10-22 01:27:37,005 | INFO |    [PRICE] Precio: $2641.6707 | Spread: 0.500000
2025-10-22 01:27:37,005 | INFO | [SKIP] Trade no ejecutado para XAUUSD (condiciones no cumplidas)
2025-10-22 01:27:38,141 | ERROR | Failed to get ticker 'SI=F' reason: Expecting value: line 1 column 1 (char 0)
2025-10-22 01:27:39,307 | ERROR | SI=F: No price data found, symbol may be delisted (period=1d)
2025-10-22 01:27:39,310 | INFO | [DATA] Usando datos simulados para XAGUSD: $31.5424
2025-10-22 01:27:39,318 | INFO | [SIGNAL] SEÑAL DETECTADA: XAGUSD | BEARISH_BREAKOUT
2025-10-22 01:27:39,318 | INFO |    [CONF] Confianza: 76.0% | Riesgo: HIGH
2025-10-22 01:27:39,318 | INFO |    [PRICE] Precio: $31.5424 | Spread: 0.030000
2025-10-22 01:27:39,322 | INFO | [SKIP] Trade no ejecutado para XAGUSD (condiciones no cumplidas)
2025-10-22 01:27:39,323 | INFO | [SIGNALS] Señales detectadas: 3
2025-10-22 01:27:39,323 | INFO | [POSITIONS] Posiciones activas: 0
2025-10-22 01:27:39,324 | INFO | [CAPITAL] Capital actual: $500.00
2025-10-22 01:27:39,324 | INFO | [WAIT] Esperando 60 segundos para el próximo ciclo...
2025-10-22 01:28:39,339 | INFO | 
[CYCLE] CICLO 115 - 06:28:39
2025-10-22 01:28:39,340 | INFO | [SESSION] Sesión: SYDNEY | Prioridad: LOW
2025-10-22 01:28:40,661 | ERROR | Failed to get ticker 'EURUSD=X' reason: Expecting value: line 1 column 1 (char 0)
2025-10-22 01:28:41,910 | ERROR | EURUSD=X: No price data found, symbol may be delisted (period=1d)
2025-10-22 01:28:44,124 | ERROR | Failed to get ticker 'GBPUSD=X' reason: Expecting value: line 1 column 1 (char 0)
2025-10-22 01:28:45,288 | ERROR | GBPUSD=X: No price data found, symbol may be delisted (period=1d)
2025-10-22 01:28:47,458 | ERROR | Failed to get ticker 'USDJPY=X' reason: Expecting value: line 1 column 1 (char 0)
2025-10-22 01:28:48,616 | ERROR | USDJPY=X: No price data found, symbol may be delisted (period=1d)
2025-10-22 01:28:48,628 | INFO | [DATA] Usando datos simulados para USDJPY: $149.4359
2025-10-22 01:28:49,727 | ERROR | Failed to get ticker 'AUDUSD=X' reason: Expecting value: line 1 column 1 (char 0)
2025-10-22 01:28:50,909 | ERROR | AUDUSD=X: No price data found, symbol may be delisted (period=1d)
2025-10-22 01:28:51,864 | INFO | [SIGNAL] SEÑAL DETECTADA: AUDUSD | BEARISH_BREAKOUT
2025-10-22 01:28:51,866 | INFO |    [CONF] Confianza: 72.1% | Riesgo: HIGH
2025-10-22 01:28:51,866 | INFO |    [PRICE] Precio: $0.7252 | Spread: 0.000250
2025-10-22 01:28:51,868 | INFO | [SKIP] Trade no ejecutado para AUDUSD (condiciones no cumplidas)
2025-10-22 01:28:53,114 | ERROR | Failed to get ticker 'GC=F' reason: Expecting value: line 1 column 1 (char 0)
2025-10-22 01:28:54,423 | ERROR | GC=F: No price data found, symbol may be delisted (period=1d)
2025-10-22 01:28:54,435 | INFO | [DATA] Usando datos simulados para XAUUSD: $2646.2799
2025-10-22 01:28:55,595 | ERROR | Failed to get ticker 'SI=F' reason: Expecting value: line 1 column 1 (char 0)
2025-10-22 01:28:56,784 | ERROR | SI=F: No price data found, symbol may be delisted (period=1d)
2025-10-22 01:28:56,786 | INFO | [DATA] Usando datos simulados para XAGUSD: $31.6531
2025-10-22 01:28:56,788 | INFO | [SIGNALS] Señales detectadas: 1
2025-10-22 01:28:56,788 | INFO | [POSITIONS] Posiciones activas: 0
2025-10-22 01:28:56,790 | INFO | [CAPITAL] Capital actual: $500.00
2025-10-22 01:28:56,790 | INFO | [WAIT] Esperando 60 segundos para el próximo ciclo...
2025-10-22 01:29:56,804 | INFO | 
[CYCLE] CICLO 116 - 06:29:56
2025-10-22 01:29:56,805 | INFO | [SESSION] Sesión: SYDNEY | Prioridad: LOW
2025-10-22 01:29:58,189 | ERROR | Failed to get ticker 'EURUSD=X' reason: Expecting value: line 1 column 1 (char 0)
2025-10-22 01:29:59,384 | ERROR | EURUSD=X: No price data found, symbol may be delisted (period=1d)
2025-10-22 01:30:01,631 | ERROR | Failed to get ticker 'GBPUSD=X' reason: Expecting value: line 1 column 1 (char 0)
2025-10-22 01:30:03,142 | ERROR | GBPUSD=X: No price data found, symbol may be delisted (period=1d)
2025-10-22 01:30:05,703 | ERROR | Failed to get ticker 'USDJPY=X' reason: Expecting value: line 1 column 1 (char 0)
2025-10-22 01:30:07,082 | ERROR | USDJPY=X: No price data found, symbol may be delisted (period=1d)
2025-10-22 01:30:07,084 | INFO | [DATA] Usando datos simulados para USDJPY: $149.9674
2025-10-22 01:30:08,411 | ERROR | Failed to get ticker 'AUDUSD=X' reason: Expecting value: line 1 column 1 (char 0)
2025-10-22 01:30:09,760 | ERROR | AUDUSD=X: No price data found, symbol may be delisted (period=1d)
2025-10-22 01:30:10,829 | INFO | [SIGNAL] SEÑAL DETECTADA: AUDUSD | BEARISH_BREAKOUT
2025-10-22 01:30:10,829 | INFO |    [CONF] Confianza: 72.1% | Riesgo: HIGH
2025-10-22 01:30:10,832 | INFO |    [PRICE] Precio: $0.7252 | Spread: 0.000250
2025-10-22 01:30:10,833 | INFO | [SKIP] Trade no ejecutado para AUDUSD (condiciones no cumplidas)
2025-10-22 01:30:12,185 | ERROR | Failed to get ticker 'GC=F' reason: Expecting value: line 1 column 1 (char 0)
2025-10-22 01:30:13,595 | ERROR | GC=F: No price data found, symbol may be delisted (period=1d)
2025-10-22 01:30:13,598 | INFO | [DATA] Usando datos simulados para XAUUSD: $2638.6755
2025-10-22 01:30:13,607 | INFO | [SIGNAL] SEÑAL DETECTADA: XAUUSD | BULLISH_BREAKOUT
2025-10-22 01:30:13,607 | INFO |    [CONF] Confianza: 72.2% | Riesgo: HIGH
2025-10-22 01:30:13,609 | INFO |    [PRICE] Precio: $2638.6755 | Spread: 0.500000
2025-10-22 01:30:13,609 | INFO | [SKIP] Trade no ejecutado para XAUUSD (condiciones no cumplidas)
2025-10-22 01:30:14,831 | ERROR | Failed to get ticker 'SI=F' reason: Expecting value: line 1 column 1 (char 0)
2025-10-22 01:30:16,001 | ERROR | SI=F: No price data found, symbol may be delisted (period=1d)
2025-10-22 01:30:16,003 | INFO | [DATA] Usando datos simulados para XAGUSD: $31.4685
2025-10-22 01:30:16,003 | INFO | [SIGNALS] Señales detectadas: 2
2025-10-22 01:30:16,003 | INFO | [POSITIONS] Posiciones activas: 0
2025-10-22 01:30:16,003 | INFO | [CAPITAL] Capital actual: $500.00
2025-10-22 01:30:16,003 | INFO | [WAIT] Esperando 60 segundos para el próximo ciclo...
2025-10-22 01:31:16,009 | INFO | 
[CYCLE] CICLO 117 - 06:31:16
2025-10-22 01:31:16,010 | INFO | [SESSION] Sesión: SYDNEY | Prioridad: LOW
2025-10-22 01:31:17,219 | ERROR | Failed to get ticker 'EURUSD=X' reason: Expecting value: line 1 column 1 (char 0)
2025-10-22 01:31:18,362 | ERROR | EURUSD=X: No price data found, symbol may be delisted (period=1d)
2025-10-22 01:31:20,608 | ERROR | Failed to get ticker 'GBPUSD=X' reason: Expecting value: line 1 column 1 (char 0)
2025-10-22 01:31:21,863 | ERROR | GBPUSD=X: No price data found, symbol may be delisted (period=1d)
2025-10-22 01:31:24,489 | ERROR | Failed to get ticker 'USDJPY=X' reason: Expecting value: line 1 column 1 (char 0)
2025-10-22 01:31:25,828 | ERROR | USDJPY=X: No price data found, symbol may be delisted (period=1d)
2025-10-22 01:31:25,842 | INFO | [DATA] Usando datos simulados para USDJPY: $149.0835
2025-10-22 01:31:27,028 | ERROR | Failed to get ticker 'AUDUSD=X' reason: Expecting value: line 1 column 1 (char 0)
2025-10-22 01:31:28,146 | ERROR | AUDUSD=X: No price data found, symbol may be delisted (period=1d)
2025-10-22 01:31:29,101 | INFO | [SIGNAL] SEÑAL DETECTADA: AUDUSD | BEARISH_BREAKOUT
2025-10-22 01:31:29,101 | INFO |    [CONF] Confianza: 72.1% | Riesgo: HIGH
2025-10-22 01:31:29,103 | INFO |    [PRICE] Precio: $0.7252 | Spread: 0.000250
2025-10-22 01:31:29,106 | INFO | [SKIP] Trade no ejecutado para AUDUSD (condiciones no cumplidas)
2025-10-22 01:31:30,359 | ERROR | Failed to get ticker 'GC=F' reason: Expecting value: line 1 column 1 (char 0)
2025-10-22 01:31:31,556 | ERROR | GC=F: No price data found, symbol may be delisted (period=1d)
2025-10-22 01:31:31,562 | INFO | [DATA] Usando datos simulados para XAUUSD: $2641.4216
2025-10-22 01:31:32,729 | ERROR | Failed to get ticker 'SI=F' reason: Expecting value: line 1 column 1 (char 0)
2025-10-22 01:31:33,955 | ERROR | SI=F: No price data found, symbol may be delisted (period=1d)
2025-10-22 01:31:33,961 | INFO | [DATA] Usando datos simulados para XAGUSD: $31.5868
2025-10-22 01:31:33,975 | INFO | [SIGNAL] SEÑAL DETECTADA: XAGUSD | BULLISH_BREAKOUT
2025-10-22 01:31:33,975 | INFO |    [CONF] Confianza: 66.3% | Riesgo: HIGH
2025-10-22 01:31:33,976 | INFO |    [PRICE] Precio: $31.5868 | Spread: 0.030000
2025-10-22 01:31:33,976 | INFO | [SKIP] Trade no ejecutado para XAGUSD (condiciones no cumplidas)
2025-10-22 01:31:33,976 | INFO | [SIGNALS] Señales detectadas: 2
2025-10-22 01:31:33,977 | INFO | [POSITIONS] Posiciones activas: 0
2025-10-22 01:31:33,977 | INFO | [CAPITAL] Capital actual: $500.00
2025-10-22 01:31:33,977 | INFO | [WAIT] Esperando 60 segundos para el próximo ciclo...
2025-10-22 01:32:33,984 | INFO | 
[CYCLE] CICLO 118 - 06:32:33
2025-10-22 01:32:33,986 | INFO | [SESSION] Sesión: SYDNEY | Prioridad: LOW
2025-10-22 01:32:35,408 | ERROR | Failed to get ticker 'EURUSD=X' reason: Expecting value: line 1 column 1 (char 0)
2025-10-22 01:32:36,661 | ERROR | EURUSD=X: No price data found, symbol may be delisted (period=1d)
2025-10-22 01:32:39,137 | ERROR | Failed to get ticker 'GBPUSD=X' reason: Expecting value: line 1 column 1 (char 0)
2025-10-22 01:32:40,373 | ERROR | GBPUSD=X: No price data found, symbol may be delisted (period=1d)
2025-10-22 01:32:42,850 | ERROR | Failed to get ticker 'USDJPY=X' reason: Expecting value: line 1 column 1 (char 0)
2025-10-22 01:32:44,150 | ERROR | USDJPY=X: No price data found, symbol may be delisted (period=1d)
2025-10-22 01:32:44,152 | INFO | [DATA] Usando datos simulados para USDJPY: $149.6797
2025-10-22 01:32:45,567 | ERROR | Failed to get ticker 'AUDUSD=X' reason: Expecting value: line 1 column 1 (char 0)
2025-10-22 01:32:47,074 | ERROR | AUDUSD=X: No price data found, symbol may be delisted (period=1d)
2025-10-22 01:32:48,622 | INFO | [SIGNAL] SEÑAL DETECTADA: AUDUSD | BEARISH_BREAKOUT
2025-10-22 01:32:48,622 | INFO |    [CONF] Confianza: 72.1% | Riesgo: HIGH
2025-10-22 01:32:48,622 | INFO |    [PRICE] Precio: $0.7252 | Spread: 0.000250
2025-10-22 01:32:48,628 | INFO | [SKIP] Trade no ejecutado para AUDUSD (condiciones no cumplidas)
2025-10-22 01:32:49,891 | ERROR | Failed to get ticker 'GC=F' reason: Expecting value: line 1 column 1 (char 0)
2025-10-22 01:32:51,107 | ERROR | GC=F: No price data found, symbol may be delisted (period=1d)
2025-10-22 01:32:51,110 | INFO | [DATA] Usando datos simulados para XAUUSD: $2637.4031
2025-10-22 01:32:52,334 | ERROR | Failed to get ticker 'SI=F' reason: Expecting value: line 1 column 1 (char 0)
2025-10-22 01:32:53,491 | ERROR | SI=F: No price data found, symbol may be delisted (period=1d)
2025-10-22 01:32:53,494 | INFO | [DATA] Usando datos simulados para XAGUSD: $31.4470
2025-10-22 01:32:53,496 | INFO | [SIGNALS] Señales detectadas: 1
2025-10-22 01:32:53,496 | INFO | [POSITIONS] Posiciones activas: 0
2025-10-22 01:32:53,496 | INFO | [CAPITAL] Capital actual: $500.00
2025-10-22 01:32:53,496 | INFO | [WAIT] Esperando 60 segundos para el próximo ciclo...
2025-10-22 01:33:53,510 | INFO | 
[CYCLE] CICLO 119 - 06:33:53
2025-10-22 01:33:53,512 | INFO | [SESSION] Sesión: SYDNEY | Prioridad: LOW
2025-10-22 01:33:54,654 | ERROR | Failed to get ticker 'EURUSD=X' reason: Expecting value: line 1 column 1 (char 0)
2025-10-22 01:33:55,602 | ERROR | EURUSD=X: No price data found, symbol may be delisted (period=1d)
2025-10-22 01:33:57,631 | ERROR | Failed to get ticker 'GBPUSD=X' reason: Expecting value: line 1 column 1 (char 0)
2025-10-22 01:33:58,828 | ERROR | GBPUSD=X: No price data found, symbol may be delisted (period=1d)
2025-10-22 01:34:00,988 | ERROR | Failed to get ticker 'USDJPY=X' reason: Expecting value: line 1 column 1 (char 0)
2025-10-22 01:34:02,208 | ERROR | USDJPY=X: No price data found, symbol may be delisted (period=1d)
2025-10-22 01:34:02,225 | INFO | [DATA] Usando datos simulados para USDJPY: $149.7106
2025-10-22 01:34:03,255 | ERROR | Failed to get ticker 'AUDUSD=X' reason: Expecting value: line 1 column 1 (char 0)
2025-10-22 01:34:04,540 | ERROR | AUDUSD=X: No price data found, symbol may be delisted (period=1d)
2025-10-22 01:34:05,503 | INFO | [SIGNAL] SEÑAL DETECTADA: AUDUSD | BEARISH_BREAKOUT
2025-10-22 01:34:05,503 | INFO |    [CONF] Confianza: 72.1% | Riesgo: HIGH
2025-10-22 01:34:05,503 | INFO |    [PRICE] Precio: $0.7252 | Spread: 0.000250
2025-10-22 01:34:05,503 | INFO | [SKIP] Trade no ejecutado para AUDUSD (condiciones no cumplidas)
2025-10-22 01:34:06,669 | ERROR | Failed to get ticker 'GC=F' reason: Expecting value: line 1 column 1 (char 0)
2025-10-22 01:34:07,877 | ERROR | GC=F: No price data found, symbol may be delisted (period=1d)
2025-10-22 01:34:07,887 | INFO | [DATA] Usando datos simulados para XAUUSD: $2657.0071
2025-10-22 01:34:08,999 | ERROR | Failed to get ticker 'SI=F' reason: Expecting value: line 1 column 1 (char 0)
2025-10-22 01:34:10,257 | ERROR | SI=F: No price data found, symbol may be delisted (period=1d)
2025-10-22 01:34:10,262 | INFO | [DATA] Usando datos simulados para XAGUSD: $31.6315
2025-10-22 01:34:10,262 | INFO | [SIGNALS] Señales detectadas: 1
2025-10-22 01:34:10,262 | INFO | [POSITIONS] Posiciones activas: 0
2025-10-22 01:34:10,262 | INFO | [CAPITAL] Capital actual: $500.00
2025-10-22 01:34:10,262 | INFO | [WAIT] Esperando 60 segundos para el próximo ciclo...
2025-10-22 01:35:10,273 | INFO | 
[CYCLE] CICLO 120 - 06:35:10
2025-10-22 01:35:10,275 | INFO | [SESSION] Sesión: SYDNEY | Prioridad: LOW
2025-10-22 01:35:11,733 | ERROR | Failed to get ticker 'EURUSD=X' reason: Expecting value: line 1 column 1 (char 0)
2025-10-22 01:35:13,197 | ERROR | EURUSD=X: No price data found, symbol may be delisted (period=1d)
2025-10-22 01:35:15,504 | ERROR | Failed to get ticker 'GBPUSD=X' reason: Expecting value: line 1 column 1 (char 0)
2025-10-22 01:35:16,832 | ERROR | GBPUSD=X: No price data found, symbol may be delisted (period=1d)
2025-10-22 01:35:19,261 | ERROR | Failed to get ticker 'USDJPY=X' reason: Expecting value: line 1 column 1 (char 0)
2025-10-22 01:35:20,665 | ERROR | USDJPY=X: No price data found, symbol may be delisted (period=1d)
2025-10-22 01:35:20,670 | INFO | [DATA] Usando datos simulados para USDJPY: $149.9552
2025-10-22 01:35:21,988 | ERROR | Failed to get ticker 'AUDUSD=X' reason: Expecting value: line 1 column 1 (char 0)
2025-10-22 01:35:23,426 | ERROR | AUDUSD=X: No price data found, symbol may be delisted (period=1d)
2025-10-22 01:35:24,490 | INFO | [SIGNAL] SEÑAL DETECTADA: AUDUSD | BEARISH_BREAKOUT
2025-10-22 01:35:24,491 | INFO |    [CONF] Confianza: 72.1% | Riesgo: HIGH
2025-10-22 01:35:24,491 | INFO |    [PRICE] Precio: $0.7252 | Spread: 0.000250
2025-10-22 01:35:24,493 | INFO | [SKIP] Trade no ejecutado para AUDUSD (condiciones no cumplidas)
2025-10-22 01:35:25,754 | ERROR | Failed to get ticker 'GC=F' reason: Expecting value: line 1 column 1 (char 0)
2025-10-22 01:35:27,004 | ERROR | GC=F: No price data found, symbol may be delisted (period=1d)
2025-10-22 01:35:27,004 | INFO | [DATA] Usando datos simulados para XAUUSD: $2637.2822
2025-10-22 01:35:28,306 | ERROR | Failed to get ticker 'SI=F' reason: Expecting value: line 1 column 1 (char 0)
2025-10-22 01:35:29,626 | ERROR | SI=F: No price data found, symbol may be delisted (period=1d)
2025-10-22 01:35:29,633 | INFO | [DATA] Usando datos simulados para XAGUSD: $31.4899
2025-10-22 01:35:29,633 | INFO | [SIGNALS] Señales detectadas: 1
2025-10-22 01:35:29,633 | INFO | [POSITIONS] Posiciones activas: 0
2025-10-22 01:35:29,633 | INFO | [CAPITAL] Capital actual: $500.00
2025-10-22 01:35:29,633 | INFO | [STATS] ROI Total: +0.00% | Señales totales: 179
2025-10-22 01:35:29,637 | INFO | [WAIT] Esperando 60 segundos para el próximo ciclo...
2025-10-22 01:36:29,651 | INFO | 
[CYCLE] CICLO 121 - 06:36:29
2025-10-22 01:36:29,655 | INFO | [SESSION] Sesión: SYDNEY | Prioridad: LOW
2025-10-22 01:36:30,917 | ERROR | Failed to get ticker 'EURUSD=X' reason: Expecting value: line 1 column 1 (char 0)
2025-10-22 01:36:31,991 | ERROR | EURUSD=X: No price data found, symbol may be delisted (period=1d)
2025-10-22 01:36:34,055 | ERROR | Failed to get ticker 'GBPUSD=X' reason: Expecting value: line 1 column 1 (char 0)
2025-10-22 01:36:35,096 | ERROR | GBPUSD=X: No price data found, symbol may be delisted (period=1d)
2025-10-22 01:36:37,373 | ERROR | Failed to get ticker 'USDJPY=X' reason: Expecting value: line 1 column 1 (char 0)
2025-10-22 01:36:38,362 | ERROR | USDJPY=X: No price data found, symbol may be delisted (period=1d)
2025-10-22 01:36:38,365 | INFO | [DATA] Usando datos simulados para USDJPY: $149.5289
2025-10-22 01:36:39,307 | ERROR | Failed to get ticker 'AUDUSD=X' reason: Expecting value: line 1 column 1 (char 0)
2025-10-22 01:36:40,242 | ERROR | AUDUSD=X: No price data found, symbol may be delisted (period=1d)
2025-10-22 01:36:41,149 | INFO | [SIGNAL] SEÑAL DETECTADA: AUDUSD | BEARISH_BREAKOUT
2025-10-22 01:36:41,150 | INFO |    [CONF] Confianza: 72.1% | Riesgo: HIGH
2025-10-22 01:36:41,150 | INFO |    [PRICE] Precio: $0.7252 | Spread: 0.000250
2025-10-22 01:36:41,150 | INFO | [SKIP] Trade no ejecutado para AUDUSD (condiciones no cumplidas)
2025-10-22 01:36:42,213 | ERROR | Failed to get ticker 'GC=F' reason: Expecting value: line 1 column 1 (char 0)
2025-10-22 01:36:43,231 | ERROR | GC=F: No price data found, symbol may be delisted (period=1d)
2025-10-22 01:36:43,236 | INFO | [DATA] Usando datos simulados para XAUUSD: $2638.7364
2025-10-22 01:36:44,160 | ERROR | Failed to get ticker 'SI=F' reason: Expecting value: line 1 column 1 (char 0)
2025-10-22 01:36:45,149 | ERROR | SI=F: No price data found, symbol may be delisted (period=1d)
2025-10-22 01:36:45,152 | INFO | [DATA] Usando datos simulados para XAGUSD: $31.4620
2025-10-22 01:36:45,152 | INFO | [SIGNALS] Señales detectadas: 1
2025-10-22 01:36:45,152 | INFO | [POSITIONS] Posiciones activas: 0
2025-10-22 01:36:45,152 | INFO | [CAPITAL] Capital actual: $500.00
2025-10-22 01:36:45,152 | INFO | [WAIT] Esperando 60 segundos para el próximo ciclo...
2025-10-22 01:37:45,153 | INFO | 
[CYCLE] CICLO 122 - 06:37:45
2025-10-22 01:37:45,155 | INFO | [SESSION] Sesión: SYDNEY | Prioridad: LOW
2025-10-22 01:37:46,624 | ERROR | Failed to get ticker 'EURUSD=X' reason: Expecting value: line 1 column 1 (char 0)
2025-10-22 01:37:48,066 | ERROR | EURUSD=X: No price data found, symbol may be delisted (period=1d)
2025-10-22 01:37:50,734 | ERROR | Failed to get ticker 'GBPUSD=X' reason: Expecting value: line 1 column 1 (char 0)
2025-10-22 01:37:52,060 | ERROR | GBPUSD=X: No price data found, symbol may be delisted (period=1d)
2025-10-22 01:37:54,541 | ERROR | Failed to get ticker 'USDJPY=X' reason: Expecting value: line 1 column 1 (char 0)
2025-10-22 01:37:55,953 | ERROR | USDJPY=X: No price data found, symbol may be delisted (period=1d)
2025-10-22 01:37:55,957 | INFO | [DATA] Usando datos simulados para USDJPY: $149.4857
2025-10-22 01:37:57,251 | ERROR | Failed to get ticker 'AUDUSD=X' reason: Expecting value: line 1 column 1 (char 0)
2025-10-22 01:37:58,736 | ERROR | AUDUSD=X: No price data found, symbol may be delisted (period=1d)
2025-10-22 01:37:59,813 | INFO | [SIGNAL] SEÑAL DETECTADA: AUDUSD | BEARISH_BREAKOUT
2025-10-22 01:37:59,824 | INFO |    [CONF] Confianza: 72.1% | Riesgo: HIGH
2025-10-22 01:37:59,848 | INFO |    [PRICE] Precio: $0.7252 | Spread: 0.000250
2025-10-22 01:37:59,852 | INFO | [SKIP] Trade no ejecutado para AUDUSD (condiciones no cumplidas)
2025-10-22 01:38:01,328 | ERROR | Failed to get ticker 'GC=F' reason: Expecting value: line 1 column 1 (char 0)
2025-10-22 01:38:02,663 | ERROR | GC=F: No price data found, symbol may be delisted (period=1d)
2025-10-22 01:38:02,665 | INFO | [DATA] Usando datos simulados para XAUUSD: $2643.0514
2025-10-22 01:38:03,919 | ERROR | Failed to get ticker 'SI=F' reason: Expecting value: line 1 column 1 (char 0)
2025-10-22 01:38:05,213 | ERROR | SI=F: No price data found, symbol may be delisted (period=1d)
2025-10-22 01:38:05,225 | INFO | [DATA] Usando datos simulados para XAGUSD: $31.6399
2025-10-22 01:38:05,228 | INFO | [SIGNALS] Señales detectadas: 1
2025-10-22 01:38:05,234 | INFO | [POSITIONS] Posiciones activas: 0
2025-10-22 01:38:05,236 | INFO | [CAPITAL] Capital actual: $500.00
2025-10-22 01:38:05,240 | INFO | [WAIT] Esperando 60 segundos para el próximo ciclo...
2025-10-22 01:39:05,248 | INFO | 
[CYCLE] CICLO 123 - 06:39:05
2025-10-22 01:39:05,250 | INFO | [SESSION] Sesión: SYDNEY | Prioridad: LOW
2025-10-22 01:39:06,677 | ERROR | Failed to get ticker 'EURUSD=X' reason: Expecting value: line 1 column 1 (char 0)
2025-10-22 01:39:07,931 | ERROR | EURUSD=X: No price data found, symbol may be delisted (period=1d)
2025-10-22 01:39:10,139 | ERROR | Failed to get ticker 'GBPUSD=X' reason: Expecting value: line 1 column 1 (char 0)
2025-10-22 01:39:11,399 | ERROR | GBPUSD=X: No price data found, symbol may be delisted (period=1d)
2025-10-22 01:39:13,839 | ERROR | Failed to get ticker 'USDJPY=X' reason: Expecting value: line 1 column 1 (char 0)
2025-10-22 01:39:15,053 | ERROR | USDJPY=X: No price data found, symbol may be delisted (period=1d)
2025-10-22 01:39:15,061 | INFO | [DATA] Usando datos simulados para USDJPY: $149.2772
2025-10-22 01:39:16,341 | ERROR | Failed to get ticker 'AUDUSD=X' reason: Expecting value: line 1 column 1 (char 0)
2025-10-22 01:39:17,582 | ERROR | AUDUSD=X: No price data found, symbol may be delisted (period=1d)
2025-10-22 01:39:18,605 | INFO | [SIGNAL] SEÑAL DETECTADA: AUDUSD | BEARISH_BREAKOUT
2025-10-22 01:39:18,606 | INFO |    [CONF] Confianza: 72.1% | Riesgo: HIGH
2025-10-22 01:39:18,609 | INFO |    [PRICE] Precio: $0.7252 | Spread: 0.000250
2025-10-22 01:39:18,615 | INFO | [SKIP] Trade no ejecutado para AUDUSD (condiciones no cumplidas)
2025-10-22 01:39:20,119 | ERROR | Failed to get ticker 'GC=F' reason: Expecting value: line 1 column 1 (char 0)
2025-10-22 01:39:21,383 | ERROR | GC=F: No price data found, symbol may be delisted (period=1d)
2025-10-22 01:39:21,388 | INFO | [DATA] Usando datos simulados para XAUUSD: $2644.0285
2025-10-22 01:39:22,731 | ERROR | Failed to get ticker 'SI=F' reason: Expecting value: line 1 column 1 (char 0)
2025-10-22 01:39:23,908 | ERROR | SI=F: No price data found, symbol may be delisted (period=1d)
2025-10-22 01:39:23,914 | INFO | [DATA] Usando datos simulados para XAGUSD: $31.5227
2025-10-22 01:39:23,924 | INFO | [SIGNAL] SEÑAL DETECTADA: XAGUSD | BEARISH_BREAKOUT
2025-10-22 01:39:23,929 | INFO |    [CONF] Confianza: 71.9% | Riesgo: HIGH
2025-10-22 01:39:23,931 | INFO |    [PRICE] Precio: $31.5227 | Spread: 0.030000
2025-10-22 01:39:23,936 | INFO | [SKIP] Trade no ejecutado para XAGUSD (condiciones no cumplidas)
2025-10-22 01:39:23,937 | INFO | [SIGNALS] Señales detectadas: 2
2025-10-22 01:39:23,940 | INFO | [POSITIONS] Posiciones activas: 0
2025-10-22 01:39:23,941 | INFO | [CAPITAL] Capital actual: $500.00
2025-10-22 01:39:23,942 | INFO | [WAIT] Esperando 60 segundos para el próximo ciclo...
2025-10-22 01:40:23,954 | INFO | 
[CYCLE] CICLO 124 - 06:40:23
2025-10-22 01:40:23,956 | INFO | [SESSION] Sesión: SYDNEY | Prioridad: LOW
2025-10-22 01:40:25,448 | ERROR | Failed to get ticker 'EURUSD=X' reason: Expecting value: line 1 column 1 (char 0)
2025-10-22 01:40:26,800 | ERROR | EURUSD=X: No price data found, symbol may be delisted (period=1d)
2025-10-22 01:40:29,027 | ERROR | Failed to get ticker 'GBPUSD=X' reason: Expecting value: line 1 column 1 (char 0)
2025-10-22 01:40:30,211 | ERROR | GBPUSD=X: No price data found, symbol may be delisted (period=1d)
2025-10-22 01:40:32,685 | ERROR | Failed to get ticker 'USDJPY=X' reason: Expecting value: line 1 column 1 (char 0)
2025-10-22 01:40:33,981 | ERROR | USDJPY=X: No price data found, symbol may be delisted (period=1d)
2025-10-22 01:40:33,992 | INFO | [DATA] Usando datos simulados para USDJPY: $150.1450
2025-10-22 01:40:35,297 | ERROR | Failed to get ticker 'AUDUSD=X' reason: Expecting value: line 1 column 1 (char 0)
2025-10-22 01:40:36,675 | ERROR | AUDUSD=X: No price data found, symbol may be delisted (period=1d)
2025-10-22 01:40:37,730 | INFO | [SIGNAL] SEÑAL DETECTADA: AUDUSD | BEARISH_BREAKOUT
2025-10-22 01:40:37,730 | INFO |    [CONF] Confianza: 72.1% | Riesgo: HIGH
2025-10-22 01:40:37,730 | INFO |    [PRICE] Precio: $0.7252 | Spread: 0.000250
2025-10-22 01:40:37,730 | INFO | [SKIP] Trade no ejecutado para AUDUSD (condiciones no cumplidas)
2025-10-22 01:40:39,166 | ERROR | Failed to get ticker 'GC=F' reason: Expecting value: line 1 column 1 (char 0)
2025-10-22 01:40:40,545 | ERROR | GC=F: No price data found, symbol may be delisted (period=1d)
2025-10-22 01:40:40,563 | INFO | [DATA] Usando datos simulados para XAUUSD: $2654.3984
2025-10-22 01:40:40,610 | INFO | [SIGNAL] SEÑAL DETECTADA: XAUUSD | BULLISH_BREAKOUT
2025-10-22 01:40:40,614 | INFO |    [CONF] Confianza: 67.7% | Riesgo: HIGH
2025-10-22 01:40:40,630 | INFO |    [PRICE] Precio: $2654.3984 | Spread: 0.500000
2025-10-22 01:40:40,632 | INFO | [SKIP] Trade no ejecutado para XAUUSD (condiciones no cumplidas)
2025-10-22 01:40:41,931 | ERROR | Failed to get ticker 'SI=F' reason: Expecting value: line 1 column 1 (char 0)
2025-10-22 01:40:43,331 | ERROR | SI=F: No price data found, symbol may be delisted (period=1d)
2025-10-22 01:40:43,333 | INFO | [DATA] Usando datos simulados para XAGUSD: $31.6451
2025-10-22 01:40:43,335 | INFO | [SIGNALS] Señales detectadas: 2
2025-10-22 01:40:43,335 | INFO | [POSITIONS] Posiciones activas: 0
2025-10-22 01:40:43,335 | INFO | [CAPITAL] Capital actual: $500.00
2025-10-22 01:40:43,335 | INFO | [WAIT] Esperando 60 segundos para el próximo ciclo...
2025-10-22 01:41:43,343 | INFO | 
[CYCLE] CICLO 125 - 06:41:43
2025-10-22 01:41:43,345 | INFO | [SESSION] Sesión: SYDNEY | Prioridad: LOW
2025-10-22 01:41:44,695 | ERROR | Failed to get ticker 'EURUSD=X' reason: Expecting value: line 1 column 1 (char 0)
2025-10-22 01:41:45,886 | ERROR | EURUSD=X: No price data found, symbol may be delisted (period=1d)
2025-10-22 01:41:47,952 | ERROR | Failed to get ticker 'GBPUSD=X' reason: Expecting value: line 1 column 1 (char 0)
2025-10-22 01:41:49,166 | ERROR | GBPUSD=X: No price data found, symbol may be delisted (period=1d)
2025-10-22 01:41:51,475 | ERROR | Failed to get ticker 'USDJPY=X' reason: Expecting value: line 1 column 1 (char 0)
2025-10-22 01:41:52,720 | ERROR | USDJPY=X: No price data found, symbol may be delisted (period=1d)
2025-10-22 01:41:52,735 | INFO | [DATA] Usando datos simulados para USDJPY: $149.7128
2025-10-22 01:41:54,179 | ERROR | Failed to get ticker 'AUDUSD=X' reason: Expecting value: line 1 column 1 (char 0)
2025-10-22 01:41:55,450 | ERROR | AUDUSD=X: No price data found, symbol may be delisted (period=1d)
2025-10-22 01:41:56,480 | INFO | [SIGNAL] SEÑAL DETECTADA: AUDUSD | BEARISH_BREAKOUT
2025-10-22 01:41:56,482 | INFO |    [CONF] Confianza: 72.1% | Riesgo: HIGH
2025-10-22 01:41:56,482 | INFO |    [PRICE] Precio: $0.7252 | Spread: 0.000250
2025-10-22 01:41:56,482 | INFO | [SKIP] Trade no ejecutado para AUDUSD (condiciones no cumplidas)
2025-10-22 01:41:57,832 | ERROR | Failed to get ticker 'GC=F' reason: Expecting value: line 1 column 1 (char 0)
2025-10-22 01:41:59,091 | ERROR | GC=F: No price data found, symbol may be delisted (period=1d)
2025-10-22 01:41:59,093 | INFO | [DATA] Usando datos simulados para XAUUSD: $2639.6047
2025-10-22 01:42:00,366 | ERROR | Failed to get ticker 'SI=F' reason: Expecting value: line 1 column 1 (char 0)
2025-10-22 01:42:01,661 | ERROR | SI=F: No price data found, symbol may be delisted (period=1d)
2025-10-22 01:42:01,674 | INFO | [DATA] Usando datos simulados para XAGUSD: $31.5840
2025-10-22 01:42:01,674 | INFO | [SIGNALS] Señales detectadas: 1
2025-10-22 01:42:01,676 | INFO | [POSITIONS] Posiciones activas: 0
2025-10-22 01:42:01,678 | INFO | [CAPITAL] Capital actual: $500.00
2025-10-22 01:42:01,680 | INFO | [WAIT] Esperando 60 segundos para el próximo ciclo...
2025-10-22 01:43:01,685 | INFO | 
[CYCLE] CICLO 126 - 06:43:01
2025-10-22 01:43:01,685 | INFO | [SESSION] Sesión: SYDNEY | Prioridad: LOW
2025-10-22 01:43:03,127 | ERROR | Failed to get ticker 'EURUSD=X' reason: Expecting value: line 1 column 1 (char 0)
2025-10-22 01:43:04,563 | ERROR | EURUSD=X: No price data found, symbol may be delisted (period=1d)
2025-10-22 01:43:07,101 | ERROR | Failed to get ticker 'GBPUSD=X' reason: Expecting value: line 1 column 1 (char 0)
2025-10-22 01:43:08,365 | ERROR | GBPUSD=X: No price data found, symbol may be delisted (period=1d)
2025-10-22 01:43:10,762 | ERROR | Failed to get ticker 'USDJPY=X' reason: Expecting value: line 1 column 1 (char 0)
2025-10-22 01:43:12,023 | ERROR | USDJPY=X: No price data found, symbol may be delisted (period=1d)
2025-10-22 01:43:12,023 | INFO | [DATA] Usando datos simulados para USDJPY: $149.0076
2025-10-22 01:43:13,400 | ERROR | Failed to get ticker 'AUDUSD=X' reason: Expecting value: line 1 column 1 (char 0)
2025-10-22 01:43:14,857 | ERROR | AUDUSD=X: No price data found, symbol may be delisted (period=1d)
2025-10-22 01:43:16,044 | INFO | [SIGNAL] SEÑAL DETECTADA: AUDUSD | BEARISH_BREAKOUT
2025-10-22 01:43:16,044 | INFO |    [CONF] Confianza: 72.1% | Riesgo: HIGH
2025-10-22 01:43:16,044 | INFO |    [PRICE] Precio: $0.7252 | Spread: 0.000250
2025-10-22 01:43:16,045 | INFO | [SKIP] Trade no ejecutado para AUDUSD (condiciones no cumplidas)
2025-10-22 01:43:17,572 | ERROR | Failed to get ticker 'GC=F' reason: Expecting value: line 1 column 1 (char 0)
2025-10-22 01:43:19,094 | ERROR | GC=F: No price data found, symbol may be delisted (period=1d)
2025-10-22 01:43:19,098 | INFO | [DATA] Usando datos simulados para XAUUSD: $2650.4644
2025-10-22 01:43:20,623 | ERROR | Failed to get ticker 'SI=F' reason: Expecting value: line 1 column 1 (char 0)
2025-10-22 01:43:21,841 | ERROR | SI=F: No price data found, symbol may be delisted (period=1d)
2025-10-22 01:43:21,847 | INFO | [DATA] Usando datos simulados para XAGUSD: $31.5534
2025-10-22 01:43:21,847 | INFO | [SIGNALS] Señales detectadas: 1
2025-10-22 01:43:21,849 | INFO | [POSITIONS] Posiciones activas: 0
2025-10-22 01:43:21,851 | INFO | [CAPITAL] Capital actual: $500.00
2025-10-22 01:43:21,856 | INFO | [WAIT] Esperando 60 segundos para el próximo ciclo...
2025-10-22 01:44:21,872 | INFO | 
[CYCLE] CICLO 127 - 06:44:21
2025-10-22 01:44:21,874 | INFO | [SESSION] Sesión: SYDNEY | Prioridad: LOW
2025-10-22 01:44:23,313 | ERROR | Failed to get ticker 'EURUSD=X' reason: Expecting value: line 1 column 1 (char 0)
2025-10-22 01:44:24,526 | ERROR | EURUSD=X: No price data found, symbol may be delisted (period=1d)
2025-10-22 01:44:26,619 | ERROR | Failed to get ticker 'GBPUSD=X' reason: Expecting value: line 1 column 1 (char 0)
2025-10-22 01:44:27,794 | ERROR | GBPUSD=X: No price data found, symbol may be delisted (period=1d)
2025-10-22 01:44:29,979 | ERROR | Failed to get ticker 'USDJPY=X' reason: Expecting value: line 1 column 1 (char 0)
2025-10-22 01:44:31,126 | ERROR | USDJPY=X: No price data found, symbol may be delisted (period=1d)
2025-10-22 01:44:31,130 | INFO | [DATA] Usando datos simulados para USDJPY: $150.1034
2025-10-22 01:44:32,261 | ERROR | Failed to get ticker 'AUDUSD=X' reason: Expecting value: line 1 column 1 (char 0)
2025-10-22 01:44:33,475 | ERROR | AUDUSD=X: No price data found, symbol may be delisted (period=1d)
2025-10-22 01:44:34,382 | INFO | [SIGNAL] SEÑAL DETECTADA: AUDUSD | BEARISH_BREAKOUT
2025-10-22 01:44:34,382 | INFO |    [CONF] Confianza: 72.1% | Riesgo: HIGH
2025-10-22 01:44:34,384 | INFO |    [PRICE] Precio: $0.7252 | Spread: 0.000250
2025-10-22 01:44:34,384 | INFO | [SKIP] Trade no ejecutado para AUDUSD (condiciones no cumplidas)
2025-10-22 01:44:36,019 | ERROR | Failed to get ticker 'GC=F' reason: Expecting value: line 1 column 1 (char 0)
2025-10-22 01:44:37,279 | ERROR | GC=F: No price data found, symbol may be delisted (period=1d)
2025-10-22 01:44:37,283 | INFO | [DATA] Usando datos simulados para XAUUSD: $2647.0060
2025-10-22 01:44:38,604 | ERROR | Failed to get ticker 'SI=F' reason: Expecting value: line 1 column 1 (char 0)
2025-10-22 01:44:39,871 | ERROR | SI=F: No price data found, symbol may be delisted (period=1d)
2025-10-22 01:44:39,882 | INFO | [DATA] Usando datos simulados para XAGUSD: $31.5898
2025-10-22 01:44:39,886 | INFO | [SIGNAL] SEÑAL DETECTADA: XAGUSD | BEARISH_BREAKOUT
2025-10-22 01:44:39,886 | INFO |    [CONF] Confianza: 68.4% | Riesgo: HIGH
2025-10-22 01:44:39,886 | INFO |    [PRICE] Precio: $31.5898 | Spread: 0.030000
2025-10-22 01:44:39,886 | INFO | [SKIP] Trade no ejecutado para XAGUSD (condiciones no cumplidas)
2025-10-22 01:44:39,886 | INFO | [SIGNALS] Señales detectadas: 2
2025-10-22 01:44:39,898 | INFO | [POSITIONS] Posiciones activas: 0
2025-10-22 01:44:39,898 | INFO | [CAPITAL] Capital actual: $500.00
2025-10-22 01:44:39,899 | INFO | [WAIT] Esperando 60 segundos para el próximo ciclo...
2025-10-22 01:45:39,904 | INFO | 
[CYCLE] CICLO 128 - 06:45:39
2025-10-22 01:45:39,904 | INFO | [SESSION] Sesión: SYDNEY | Prioridad: LOW
2025-10-22 01:45:41,229 | ERROR | Failed to get ticker 'EURUSD=X' reason: Expecting value: line 1 column 1 (char 0)
2025-10-22 01:45:42,640 | ERROR | EURUSD=X: No price data found, symbol may be delisted (period=1d)
2025-10-22 01:45:44,809 | ERROR | Failed to get ticker 'GBPUSD=X' reason: Expecting value: line 1 column 1 (char 0)
2025-10-22 01:45:45,984 | ERROR | GBPUSD=X: No price data found, symbol may be delisted (period=1d)
2025-10-22 01:45:48,276 | ERROR | Failed to get ticker 'USDJPY=X' reason: Expecting value: line 1 column 1 (char 0)
2025-10-22 01:45:49,526 | ERROR | USDJPY=X: No price data found, symbol may be delisted (period=1d)
2025-10-22 01:45:49,533 | INFO | [DATA] Usando datos simulados para USDJPY: $150.0288
2025-10-22 01:45:50,803 | ERROR | Failed to get ticker 'AUDUSD=X' reason: Expecting value: line 1 column 1 (char 0)
2025-10-22 01:45:52,093 | ERROR | AUDUSD=X: No price data found, symbol may be delisted (period=1d)
2025-10-22 01:45:53,638 | INFO | [SIGNAL] SEÑAL DETECTADA: AUDUSD | BEARISH_BREAKOUT
2025-10-22 01:45:53,638 | INFO |    [CONF] Confianza: 72.1% | Riesgo: HIGH
2025-10-22 01:45:53,641 | INFO |    [PRICE] Precio: $0.7252 | Spread: 0.000250
2025-10-22 01:45:53,642 | INFO | [SKIP] Trade no ejecutado para AUDUSD (condiciones no cumplidas)
2025-10-22 01:45:55,093 | ERROR | Failed to get ticker 'GC=F' reason: Expecting value: line 1 column 1 (char 0)
2025-10-22 01:45:56,570 | ERROR | GC=F: No price data found, symbol may be delisted (period=1d)
2025-10-22 01:45:56,576 | INFO | [DATA] Usando datos simulados para XAUUSD: $2641.2974
2025-10-22 01:45:57,791 | ERROR | Failed to get ticker 'SI=F' reason: Expecting value: line 1 column 1 (char 0)
2025-10-22 01:45:59,077 | ERROR | SI=F: No price data found, symbol may be delisted (period=1d)
2025-10-22 01:45:59,090 | INFO | [DATA] Usando datos simulados para XAGUSD: $31.6389
2025-10-22 01:45:59,092 | INFO | [SIGNALS] Señales detectadas: 1
2025-10-22 01:45:59,094 | INFO | [POSITIONS] Posiciones activas: 0
2025-10-22 01:45:59,096 | INFO | [CAPITAL] Capital actual: $500.00
2025-10-22 01:45:59,096 | INFO | [WAIT] Esperando 60 segundos para el próximo ciclo...
2025-10-22 01:46:59,106 | INFO | 
[CYCLE] CICLO 129 - 06:46:59
2025-10-22 01:46:59,108 | INFO | [SESSION] Sesión: SYDNEY | Prioridad: LOW
2025-10-22 01:47:00,464 | ERROR | Failed to get ticker 'EURUSD=X' reason: Expecting value: line 1 column 1 (char 0)
2025-10-22 01:47:01,734 | ERROR | EURUSD=X: No price data found, symbol may be delisted (period=1d)
2025-10-22 01:47:03,909 | ERROR | Failed to get ticker 'GBPUSD=X' reason: Expecting value: line 1 column 1 (char 0)
2025-10-22 01:47:05,085 | ERROR | GBPUSD=X: No price data found, symbol may be delisted (period=1d)
2025-10-22 01:47:07,582 | ERROR | Failed to get ticker 'USDJPY=X' reason: Expecting value: line 1 column 1 (char 0)
2025-10-22 01:47:08,725 | ERROR | USDJPY=X: No price data found, symbol may be delisted (period=1d)
2025-10-22 01:47:08,728 | INFO | [DATA] Usando datos simulados para USDJPY: $148.8446
2025-10-22 01:47:09,908 | ERROR | Failed to get ticker 'AUDUSD=X' reason: Expecting value: line 1 column 1 (char 0)
2025-10-22 01:47:11,066 | ERROR | AUDUSD=X: No price data found, symbol may be delisted (period=1d)
2025-10-22 01:47:12,086 | INFO | [SIGNAL] SEÑAL DETECTADA: AUDUSD | BEARISH_BREAKOUT
2025-10-22 01:47:12,086 | INFO |    [CONF] Confianza: 72.1% | Riesgo: HIGH
2025-10-22 01:47:12,090 | INFO |    [PRICE] Precio: $0.7252 | Spread: 0.000250
2025-10-22 01:47:12,090 | INFO | [SKIP] Trade no ejecutado para AUDUSD (condiciones no cumplidas)
2025-10-22 01:47:13,389 | ERROR | Failed to get ticker 'GC=F' reason: Expecting value: line 1 column 1 (char 0)
2025-10-22 01:47:14,624 | ERROR | GC=F: No price data found, symbol may be delisted (period=1d)
2025-10-22 01:47:14,627 | INFO | [DATA] Usando datos simulados para XAUUSD: $2647.0362
2025-10-22 01:47:15,752 | ERROR | Failed to get ticker 'SI=F' reason: Expecting value: line 1 column 1 (char 0)
2025-10-22 01:47:17,058 | ERROR | SI=F: No price data found, symbol may be delisted (period=1d)
2025-10-22 01:47:17,060 | INFO | [DATA] Usando datos simulados para XAGUSD: $31.4010
2025-10-22 01:47:17,060 | INFO | [SIGNALS] Señales detectadas: 1
2025-10-22 01:47:17,060 | INFO | [POSITIONS] Posiciones activas: 0
2025-10-22 01:47:17,060 | INFO | [CAPITAL] Capital actual: $500.00
2025-10-22 01:47:17,060 | INFO | [WAIT] Esperando 60 segundos para el próximo ciclo...
2025-10-22 01:48:17,070 | INFO | 
[CYCLE] CICLO 130 - 06:48:17
2025-10-22 01:48:17,072 | INFO | [SESSION] Sesión: SYDNEY | Prioridad: LOW
2025-10-22 01:48:18,465 | ERROR | Failed to get ticker 'EURUSD=X' reason: Expecting value: line 1 column 1 (char 0)
2025-10-22 01:48:19,720 | ERROR | EURUSD=X: No price data found, symbol may be delisted (period=1d)
2025-10-22 01:48:22,510 | ERROR | Failed to get ticker 'GBPUSD=X' reason: Expecting value: line 1 column 1 (char 0)
2025-10-22 01:48:23,853 | ERROR | GBPUSD=X: No price data found, symbol may be delisted (period=1d)
2025-10-22 01:48:26,228 | ERROR | Failed to get ticker 'USDJPY=X' reason: Expecting value: line 1 column 1 (char 0)
2025-10-22 01:48:27,568 | ERROR | USDJPY=X: No price data found, symbol may be delisted (period=1d)
2025-10-22 01:48:27,572 | INFO | [DATA] Usando datos simulados para USDJPY: $149.3300
2025-10-22 01:48:28,891 | ERROR | Failed to get ticker 'AUDUSD=X' reason: Expecting value: line 1 column 1 (char 0)
2025-10-22 01:48:30,206 | ERROR | AUDUSD=X: No price data found, symbol may be delisted (period=1d)
2025-10-22 01:48:31,304 | INFO | [SIGNAL] SEÑAL DETECTADA: AUDUSD | BEARISH_BREAKOUT
2025-10-22 01:48:31,306 | INFO |    [CONF] Confianza: 72.1% | Riesgo: HIGH
2025-10-22 01:48:31,315 | INFO |    [PRICE] Precio: $0.7252 | Spread: 0.000250
2025-10-22 01:48:31,328 | INFO | [SKIP] Trade no ejecutado para AUDUSD (condiciones no cumplidas)
2025-10-22 01:48:32,830 | ERROR | Failed to get ticker 'GC=F' reason: Expecting value: line 1 column 1 (char 0)
2025-10-22 01:48:34,138 | ERROR | GC=F: No price data found, symbol may be delisted (period=1d)
2025-10-22 01:48:34,138 | INFO | [DATA] Usando datos simulados para XAUUSD: $2657.0796
2025-10-22 01:48:35,475 | ERROR | Failed to get ticker 'SI=F' reason: Expecting value: line 1 column 1 (char 0)
2025-10-22 01:48:36,737 | ERROR | SI=F: No price data found, symbol may be delisted (period=1d)
2025-10-22 01:48:36,745 | INFO | [DATA] Usando datos simulados para XAGUSD: $31.3748
2025-10-22 01:48:36,746 | INFO | [SIGNALS] Señales detectadas: 1
2025-10-22 01:48:36,747 | INFO | [POSITIONS] Posiciones activas: 0
2025-10-22 01:48:36,749 | INFO | [CAPITAL] Capital actual: $500.00
2025-10-22 01:48:36,751 | INFO | [STATS] ROI Total: +0.00% | Señales totales: 192
2025-10-22 01:48:36,754 | INFO | [WAIT] Esperando 60 segundos para el próximo ciclo...
2025-10-22 01:49:36,760 | INFO | 
[CYCLE] CICLO 131 - 06:49:36
2025-10-22 01:49:36,762 | INFO | [SESSION] Sesión: SYDNEY | Prioridad: LOW
2025-10-22 01:49:38,023 | ERROR | Failed to get ticker 'EURUSD=X' reason: Expecting value: line 1 column 1 (char 0)
2025-10-22 01:49:39,130 | ERROR | EURUSD=X: No price data found, symbol may be delisted (period=1d)
2025-10-22 01:49:41,181 | ERROR | Failed to get ticker 'GBPUSD=X' reason: Expecting value: line 1 column 1 (char 0)
2025-10-22 01:49:42,098 | ERROR | GBPUSD=X: No price data found, symbol may be delisted (period=1d)
2025-10-22 01:49:44,064 | ERROR | Failed to get ticker 'USDJPY=X' reason: Expecting value: line 1 column 1 (char 0)
2025-10-22 01:49:45,094 | ERROR | USDJPY=X: No price data found, symbol may be delisted (period=1d)
2025-10-22 01:49:45,096 | INFO | [DATA] Usando datos simulados para USDJPY: $149.2176
2025-10-22 01:49:46,192 | ERROR | Failed to get ticker 'AUDUSD=X' reason: Expecting value: line 1 column 1 (char 0)
2025-10-22 01:49:47,072 | ERROR | AUDUSD=X: No price data found, symbol may be delisted (period=1d)
2025-10-22 01:49:48,039 | INFO | [SIGNAL] SEÑAL DETECTADA: AUDUSD | BEARISH_BREAKOUT
2025-10-22 01:49:48,039 | INFO |    [CONF] Confianza: 72.1% | Riesgo: HIGH
2025-10-22 01:49:48,044 | INFO |    [PRICE] Precio: $0.7252 | Spread: 0.000250
2025-10-22 01:49:48,044 | INFO | [SKIP] Trade no ejecutado para AUDUSD (condiciones no cumplidas)
2025-10-22 01:49:49,045 | ERROR | Failed to get ticker 'GC=F' reason: Expecting value: line 1 column 1 (char 0)
2025-10-22 01:49:50,038 | ERROR | GC=F: No price data found, symbol may be delisted (period=1d)
2025-10-22 01:49:50,040 | INFO | [DATA] Usando datos simulados para XAUUSD: $2638.5251
2025-10-22 01:49:51,059 | ERROR | Failed to get ticker 'SI=F' reason: Expecting value: line 1 column 1 (char 0)
2025-10-22 01:49:52,101 | ERROR | SI=F: No price data found, symbol may be delisted (period=1d)
2025-10-22 01:49:52,103 | INFO | [DATA] Usando datos simulados para XAGUSD: $31.4684
2025-10-22 01:49:52,108 | INFO | [SIGNAL] SEÑAL DETECTADA: XAGUSD | BEARISH_BREAKOUT
2025-10-22 01:49:52,108 | INFO |    [CONF] Confianza: 67.7% | Riesgo: HIGH
2025-10-22 01:49:52,108 | INFO |    [PRICE] Precio: $31.4684 | Spread: 0.030000
2025-10-22 01:49:52,108 | INFO | [SKIP] Trade no ejecutado para XAGUSD (condiciones no cumplidas)
2025-10-22 01:49:52,108 | INFO | [SIGNALS] Señales detectadas: 2
2025-10-22 01:49:52,108 | INFO | [POSITIONS] Posiciones activas: 0
2025-10-22 01:49:52,108 | INFO | [CAPITAL] Capital actual: $500.00
2025-10-22 01:49:52,108 | INFO | [WAIT] Esperando 60 segundos para el próximo ciclo...
2025-10-22 01:50:52,125 | INFO | 
[CYCLE] CICLO 132 - 06:50:52
2025-10-22 01:50:52,125 | INFO | [SESSION] Sesión: SYDNEY | Prioridad: LOW
2025-10-22 01:50:53,467 | ERROR | Failed to get ticker 'EURUSD=X' reason: Expecting value: line 1 column 1 (char 0)
2025-10-22 01:50:54,829 | ERROR | EURUSD=X: No price data found, symbol may be delisted (period=1d)
2025-10-22 01:50:57,366 | ERROR | Failed to get ticker 'GBPUSD=X' reason: Expecting value: line 1 column 1 (char 0)
2025-10-22 01:50:58,687 | ERROR | GBPUSD=X: No price data found, symbol may be delisted (period=1d)
2025-10-22 01:51:00,798 | ERROR | Failed to get ticker 'USDJPY=X' reason: Expecting value: line 1 column 1 (char 0)
2025-10-22 01:51:02,120 | ERROR | USDJPY=X: No price data found, symbol may be delisted (period=1d)
2025-10-22 01:51:02,141 | INFO | [DATA] Usando datos simulados para USDJPY: $149.0338
2025-10-22 01:51:03,456 | ERROR | Failed to get ticker 'AUDUSD=X' reason: Expecting value: line 1 column 1 (char 0)
2025-10-22 01:51:04,810 | ERROR | AUDUSD=X: No price data found, symbol may be delisted (period=1d)
2025-10-22 01:51:05,785 | INFO | [SIGNAL] SEÑAL DETECTADA: AUDUSD | BEARISH_BREAKOUT
2025-10-22 01:51:05,785 | INFO |    [CONF] Confianza: 72.1% | Riesgo: HIGH
2025-10-22 01:51:05,789 | INFO |    [PRICE] Precio: $0.7252 | Spread: 0.000250
2025-10-22 01:51:05,789 | INFO | [SKIP] Trade no ejecutado para AUDUSD (condiciones no cumplidas)
2025-10-22 01:51:07,014 | ERROR | Failed to get ticker 'GC=F' reason: Expecting value: line 1 column 1 (char 0)
2025-10-22 01:51:08,380 | ERROR | GC=F: No price data found, symbol may be delisted (period=1d)
2025-10-22 01:51:08,380 | INFO | [DATA] Usando datos simulados para XAUUSD: $2661.3794
2025-10-22 01:51:09,673 | ERROR | Failed to get ticker 'SI=F' reason: Expecting value: line 1 column 1 (char 0)
2025-10-22 01:51:11,024 | ERROR | SI=F: No price data found, symbol may be delisted (period=1d)
2025-10-22 01:51:11,034 | INFO | [DATA] Usando datos simulados para XAGUSD: $31.3779
2025-10-22 01:51:11,034 | INFO | [SIGNALS] Señales detectadas: 1
2025-10-22 01:51:11,034 | INFO | [POSITIONS] Posiciones activas: 0
2025-10-22 01:51:11,034 | INFO | [CAPITAL] Capital actual: $500.00
2025-10-22 01:51:11,034 | INFO | [WAIT] Esperando 60 segundos para el próximo ciclo...
2025-10-22 01:52:11,037 | INFO | 
[CYCLE] CICLO 133 - 06:52:11
2025-10-22 01:52:11,037 | INFO | [SESSION] Sesión: SYDNEY | Prioridad: LOW
2025-10-22 01:52:12,467 | ERROR | Failed to get ticker 'EURUSD=X' reason: Expecting value: line 1 column 1 (char 0)
2025-10-22 01:52:13,738 | ERROR | EURUSD=X: No price data found, symbol may be delisted (period=1d)
2025-10-22 01:52:15,958 | ERROR | Failed to get ticker 'GBPUSD=X' reason: Expecting value: line 1 column 1 (char 0)
2025-10-22 01:52:17,158 | ERROR | GBPUSD=X: No price data found, symbol may be delisted (period=1d)
2025-10-22 01:52:19,596 | ERROR | Failed to get ticker 'USDJPY=X' reason: Expecting value: line 1 column 1 (char 0)
2025-10-22 01:52:20,860 | ERROR | USDJPY=X: No price data found, symbol may be delisted (period=1d)
2025-10-22 01:52:20,862 | INFO | [DATA] Usando datos simulados para USDJPY: $149.2527
2025-10-22 01:52:21,998 | ERROR | Failed to get ticker 'AUDUSD=X' reason: Expecting value: line 1 column 1 (char 0)
2025-10-22 01:52:23,198 | ERROR | AUDUSD=X: No price data found, symbol may be delisted (period=1d)
2025-10-22 01:52:24,374 | INFO | [SIGNAL] SEÑAL DETECTADA: AUDUSD | BEARISH_BREAKOUT
2025-10-22 01:52:24,378 | INFO |    [CONF] Confianza: 72.1% | Riesgo: HIGH
2025-10-22 01:52:24,379 | INFO |    [PRICE] Precio: $0.7252 | Spread: 0.000250
2025-10-22 01:52:24,379 | INFO | [SKIP] Trade no ejecutado para AUDUSD (condiciones no cumplidas)
2025-10-22 01:52:25,505 | ERROR | Failed to get ticker 'GC=F' reason: Expecting value: line 1 column 1 (char 0)
2025-10-22 01:52:26,699 | ERROR | GC=F: No price data found, symbol may be delisted (period=1d)
2025-10-22 01:52:26,705 | INFO | [DATA] Usando datos simulados para XAUUSD: $2653.5949
2025-10-22 01:52:26,721 | INFO | [SIGNAL] SEÑAL DETECTADA: XAUUSD | BEARISH_BREAKOUT
2025-10-22 01:52:26,722 | INFO |    [CONF] Confianza: 71.2% | Riesgo: HIGH
2025-10-22 01:52:26,723 | INFO |    [PRICE] Precio: $2653.5949 | Spread: 0.500000
2025-10-22 01:52:26,723 | INFO | [SKIP] Trade no ejecutado para XAUUSD (condiciones no cumplidas)
2025-10-22 01:52:27,832 | ERROR | Failed to get ticker 'SI=F' reason: Expecting value: line 1 column 1 (char 0)
2025-10-22 01:52:29,110 | ERROR | SI=F: No price data found, symbol may be delisted (period=1d)
2025-10-22 01:52:29,127 | INFO | [DATA] Usando datos simulados para XAGUSD: $31.6082
2025-10-22 01:52:29,130 | INFO | [SIGNALS] Señales detectadas: 2
2025-10-22 01:52:29,130 | INFO | [POSITIONS] Posiciones activas: 0
2025-10-22 01:52:29,132 | INFO | [CAPITAL] Capital actual: $500.00
2025-10-22 01:52:29,132 | INFO | [WAIT] Esperando 60 segundos para el próximo ciclo...
2025-10-22 01:53:29,145 | INFO | 
[CYCLE] CICLO 134 - 06:53:29
2025-10-22 01:53:29,150 | INFO | [SESSION] Sesión: SYDNEY | Prioridad: LOW
2025-10-22 01:53:30,437 | ERROR | Failed to get ticker 'EURUSD=X' reason: Expecting value: line 1 column 1 (char 0)
2025-10-22 01:53:31,618 | ERROR | EURUSD=X: No price data found, symbol may be delisted (period=1d)
2025-10-22 01:53:33,883 | ERROR | Failed to get ticker 'GBPUSD=X' reason: Expecting value: line 1 column 1 (char 0)
2025-10-22 01:53:35,122 | ERROR | GBPUSD=X: No price data found, symbol may be delisted (period=1d)
2025-10-22 01:53:37,398 | ERROR | Failed to get ticker 'USDJPY=X' reason: Expecting value: line 1 column 1 (char 0)
2025-10-22 01:53:38,392 | ERROR | USDJPY=X: No price data found, symbol may be delisted (period=1d)
2025-10-22 01:53:38,395 | INFO | [DATA] Usando datos simulados para USDJPY: $149.7112
2025-10-22 01:53:38,412 | INFO | [SIGNAL] SEÑAL DETECTADA: USDJPY | BEARISH_BREAKOUT
2025-10-22 01:53:38,414 | INFO |    [CONF] Confianza: 69.6% | Riesgo: MEDIUM
2025-10-22 01:53:38,415 | INFO |    [PRICE] Precio: $149.7112 | Spread: 0.015000
2025-10-22 01:53:38,423 | INFO | [SKIP] Trade no ejecutado para USDJPY (condiciones no cumplidas)
2025-10-22 01:53:39,471 | ERROR | Failed to get ticker 'AUDUSD=X' reason: Expecting value: line 1 column 1 (char 0)
2025-10-22 01:53:40,571 | ERROR | AUDUSD=X: No price data found, symbol may be delisted (period=1d)
2025-10-22 01:53:41,643 | INFO | [SIGNAL] SEÑAL DETECTADA: AUDUSD | BEARISH_BREAKOUT
2025-10-22 01:53:41,643 | INFO |    [CONF] Confianza: 72.1% | Riesgo: HIGH
2025-10-22 01:53:41,647 | INFO |    [PRICE] Precio: $0.7252 | Spread: 0.000250
2025-10-22 01:53:41,663 | INFO | [SKIP] Trade no ejecutado para AUDUSD (condiciones no cumplidas)
2025-10-22 01:53:42,931 | ERROR | Failed to get ticker 'GC=F' reason: Expecting value: line 1 column 1 (char 0)
2025-10-22 01:53:44,138 | ERROR | GC=F: No price data found, symbol may be delisted (period=1d)
2025-10-22 01:53:44,140 | INFO | [DATA] Usando datos simulados para XAUUSD: $2639.5256
2025-10-22 01:53:44,150 | INFO | [SIGNAL] SEÑAL DETECTADA: XAUUSD | BULLISH_BREAKOUT
2025-10-22 01:53:44,152 | INFO |    [CONF] Confianza: 72.3% | Riesgo: HIGH
2025-10-22 01:53:44,152 | INFO |    [PRICE] Precio: $2639.5256 | Spread: 0.500000
2025-10-22 01:53:44,152 | INFO | [SKIP] Trade no ejecutado para XAUUSD (condiciones no cumplidas)
2025-10-22 01:53:45,323 | ERROR | Failed to get ticker 'SI=F' reason: Expecting value: line 1 column 1 (char 0)
2025-10-22 01:53:46,414 | ERROR | SI=F: No price data found, symbol may be delisted (period=1d)
2025-10-22 01:53:46,417 | INFO | [DATA] Usando datos simulados para XAGUSD: $31.4100
2025-10-22 01:53:46,417 | INFO | [SIGNALS] Señales detectadas: 3
2025-10-22 01:53:46,417 | INFO | [POSITIONS] Posiciones activas: 0
2025-10-22 01:53:46,417 | INFO | [CAPITAL] Capital actual: $500.00
2025-10-22 01:53:46,417 | INFO | [WAIT] Esperando 60 segundos para el próximo ciclo...
2025-10-22 01:54:46,425 | INFO | 
[CYCLE] CICLO 135 - 06:54:46
2025-10-22 01:54:46,425 | INFO | [SESSION] Sesión: SYDNEY | Prioridad: LOW
2025-10-22 01:54:47,757 | ERROR | Failed to get ticker 'EURUSD=X' reason: Expecting value: line 1 column 1 (char 0)
2025-10-22 01:54:49,035 | ERROR | EURUSD=X: No price data found, symbol may be delisted (period=1d)
2025-10-22 01:54:51,221 | ERROR | Failed to get ticker 'GBPUSD=X' reason: Expecting value: line 1 column 1 (char 0)
2025-10-22 01:54:52,557 | ERROR | GBPUSD=X: No price data found, symbol may be delisted (period=1d)
2025-10-22 01:54:54,790 | ERROR | Failed to get ticker 'USDJPY=X' reason: Expecting value: line 1 column 1 (char 0)
2025-10-22 01:54:56,052 | ERROR | USDJPY=X: No price data found, symbol may be delisted (period=1d)
2025-10-22 01:54:56,059 | INFO | [DATA] Usando datos simulados para USDJPY: $149.4691
2025-10-22 01:54:57,249 | ERROR | Failed to get ticker 'AUDUSD=X' reason: Expecting value: line 1 column 1 (char 0)
2025-10-22 01:54:58,435 | ERROR | AUDUSD=X: No price data found, symbol may be delisted (period=1d)
2025-10-22 01:54:59,402 | INFO | [SIGNAL] SEÑAL DETECTADA: AUDUSD | BEARISH_BREAKOUT
2025-10-22 01:54:59,407 | INFO |    [CONF] Confianza: 72.1% | Riesgo: HIGH
2025-10-22 01:54:59,409 | INFO |    [PRICE] Precio: $0.7252 | Spread: 0.000250
2025-10-22 01:54:59,414 | INFO | [SKIP] Trade no ejecutado para AUDUSD (condiciones no cumplidas)
2025-10-22 01:55:00,622 | ERROR | Failed to get ticker 'GC=F' reason: Expecting value: line 1 column 1 (char 0)
2025-10-22 01:55:01,966 | ERROR | GC=F: No price data found, symbol may be delisted (period=1d)
2025-10-22 01:55:01,970 | INFO | [DATA] Usando datos simulados para XAUUSD: $2642.5015
2025-10-22 01:55:03,265 | ERROR | Failed to get ticker 'SI=F' reason: Expecting value: line 1 column 1 (char 0)
2025-10-22 01:55:04,547 | ERROR | SI=F: No price data found, symbol may be delisted (period=1d)
2025-10-22 01:55:04,560 | INFO | [DATA] Usando datos simulados para XAGUSD: $31.3968
2025-10-22 01:55:04,562 | INFO | [SIGNALS] Señales detectadas: 1
2025-10-22 01:55:04,562 | INFO | [POSITIONS] Posiciones activas: 0
2025-10-22 01:55:04,562 | INFO | [CAPITAL] Capital actual: $500.00
2025-10-22 01:55:04,563 | INFO | [WAIT] Esperando 60 segundos para el próximo ciclo...
2025-10-22 01:56:04,568 | INFO | 
[CYCLE] CICLO 136 - 06:56:04
2025-10-22 01:56:04,570 | INFO | [SESSION] Sesión: SYDNEY | Prioridad: LOW
2025-10-22 01:56:06,044 | ERROR | Failed to get ticker 'EURUSD=X' reason: Expecting value: line 1 column 1 (char 0)
2025-10-22 01:56:07,385 | ERROR | EURUSD=X: No price data found, symbol may be delisted (period=1d)
2025-10-22 01:56:10,131 | ERROR | Failed to get ticker 'GBPUSD=X' reason: Expecting value: line 1 column 1 (char 0)
2025-10-22 01:56:11,493 | ERROR | GBPUSD=X: No price data found, symbol may be delisted (period=1d)
2025-10-22 01:56:13,889 | ERROR | Failed to get ticker 'USDJPY=X' reason: Expecting value: line 1 column 1 (char 0)
2025-10-22 01:56:15,302 | ERROR | USDJPY=X: No price data found, symbol may be delisted (period=1d)
2025-10-22 01:56:15,329 | INFO | [DATA] Usando datos simulados para USDJPY: $149.4057
2025-10-22 01:56:16,461 | ERROR | Failed to get ticker 'AUDUSD=X' reason: Expecting value: line 1 column 1 (char 0)
2025-10-22 01:56:17,694 | ERROR | AUDUSD=X: No price data found, symbol may be delisted (period=1d)
2025-10-22 01:56:18,780 | INFO | [SIGNAL] SEÑAL DETECTADA: AUDUSD | BEARISH_BREAKOUT
2025-10-22 01:56:18,780 | INFO |    [CONF] Confianza: 72.1% | Riesgo: HIGH
2025-10-22 01:56:18,784 | INFO |    [PRICE] Precio: $0.7252 | Spread: 0.000250
2025-10-22 01:56:18,784 | INFO | [SKIP] Trade no ejecutado para AUDUSD (condiciones no cumplidas)
2025-10-22 01:56:20,045 | ERROR | Failed to get ticker 'GC=F' reason: Expecting value: line 1 column 1 (char 0)
2025-10-22 01:56:21,540 | ERROR | GC=F: No price data found, symbol may be delisted (period=1d)
2025-10-22 01:56:21,545 | INFO | [DATA] Usando datos simulados para XAUUSD: $2653.0744
2025-10-22 01:56:22,899 | ERROR | Failed to get ticker 'SI=F' reason: Expecting value: line 1 column 1 (char 0)
2025-10-22 01:56:24,203 | ERROR | SI=F: No price data found, symbol may be delisted (period=1d)
2025-10-22 01:56:24,219 | INFO | [DATA] Usando datos simulados para XAGUSD: $31.5227
2025-10-22 01:56:24,248 | INFO | [SIGNAL] SEÑAL DETECTADA: XAGUSD | BEARISH_BREAKOUT
2025-10-22 01:56:24,249 | INFO |    [CONF] Confianza: 66.6% | Riesgo: HIGH
2025-10-22 01:56:24,250 | INFO |    [PRICE] Precio: $31.5227 | Spread: 0.030000
2025-10-22 01:56:24,251 | INFO | [SKIP] Trade no ejecutado para XAGUSD (condiciones no cumplidas)
2025-10-22 01:56:24,252 | INFO | [SIGNALS] Señales detectadas: 2
2025-10-22 01:56:24,253 | INFO | [POSITIONS] Posiciones activas: 0
2025-10-22 01:56:24,253 | INFO | [CAPITAL] Capital actual: $500.00
2025-10-22 01:56:24,254 | INFO | [WAIT] Esperando 60 segundos para el próximo ciclo...
2025-10-22 01:57:24,262 | INFO | 
[CYCLE] CICLO 137 - 06:57:24
2025-10-22 01:57:24,264 | INFO | [SESSION] Sesión: SYDNEY | Prioridad: LOW
2025-10-22 01:57:25,508 | ERROR | Failed to get ticker 'EURUSD=X' reason: Expecting value: line 1 column 1 (char 0)
2025-10-22 01:57:26,612 | ERROR | EURUSD=X: No price data found, symbol may be delisted (period=1d)
2025-10-22 01:57:28,831 | ERROR | Failed to get ticker 'GBPUSD=X' reason: Expecting value: line 1 column 1 (char 0)
2025-10-22 01:57:29,905 | ERROR | GBPUSD=X: No price data found, symbol may be delisted (period=1d)
2025-10-22 01:57:31,921 | ERROR | Failed to get ticker 'USDJPY=X' reason: Expecting value: line 1 column 1 (char 0)
2025-10-22 01:57:32,967 | ERROR | USDJPY=X: No price data found, symbol may be delisted (period=1d)
2025-10-22 01:57:32,988 | INFO | [DATA] Usando datos simulados para USDJPY: $149.7070
2025-10-22 01:57:33,992 | ERROR | Failed to get ticker 'AUDUSD=X' reason: Expecting value: line 1 column 1 (char 0)
2025-10-22 01:57:35,147 | ERROR | AUDUSD=X: No price data found, symbol may be delisted (period=1d)
2025-10-22 01:57:36,245 | INFO | [SIGNAL] SEÑAL DETECTADA: AUDUSD | BEARISH_BREAKOUT
2025-10-22 01:57:36,247 | INFO |    [CONF] Confianza: 72.1% | Riesgo: HIGH
2025-10-22 01:57:36,247 | INFO |    [PRICE] Precio: $0.7252 | Spread: 0.000250
2025-10-22 01:57:36,247 | INFO | [SKIP] Trade no ejecutado para AUDUSD (condiciones no cumplidas)
2025-10-22 01:57:37,168 | ERROR | Failed to get ticker 'GC=F' reason: Expecting value: line 1 column 1 (char 0)
2025-10-22 01:57:38,158 | ERROR | GC=F: No price data found, symbol may be delisted (period=1d)
2025-10-22 01:57:38,163 | INFO | [DATA] Usando datos simulados para XAUUSD: $2662.1833
2025-10-22 01:57:39,131 | ERROR | Failed to get ticker 'SI=F' reason: Expecting value: line 1 column 1 (char 0)
2025-10-22 01:57:40,190 | ERROR | SI=F: No price data found, symbol may be delisted (period=1d)
2025-10-22 01:57:40,192 | INFO | [DATA] Usando datos simulados para XAGUSD: $31.4261
2025-10-22 01:57:40,192 | INFO | [SIGNALS] Señales detectadas: 1
2025-10-22 01:57:40,192 | INFO | [POSITIONS] Posiciones activas: 0
2025-10-22 01:57:40,192 | INFO | [CAPITAL] Capital actual: $500.00
2025-10-22 01:57:40,192 | INFO | [WAIT] Esperando 60 segundos para el próximo ciclo...
2025-10-22 01:58:40,201 | INFO | 
[CYCLE] CICLO 138 - 06:58:40
2025-10-22 01:58:40,201 | INFO | [SESSION] Sesión: SYDNEY | Prioridad: LOW
2025-10-22 01:58:41,443 | ERROR | Failed to get ticker 'EURUSD=X' reason: Expecting value: line 1 column 1 (char 0)
2025-10-22 01:58:42,457 | ERROR | EURUSD=X: No price data found, symbol may be delisted (period=1d)
2025-10-22 01:58:44,742 | ERROR | Failed to get ticker 'GBPUSD=X' reason: Expecting value: line 1 column 1 (char 0)
2025-10-22 01:58:45,945 | ERROR | GBPUSD=X: No price data found, symbol may be delisted (period=1d)
2025-10-22 01:58:48,174 | ERROR | Failed to get ticker 'USDJPY=X' reason: Expecting value: line 1 column 1 (char 0)
2025-10-22 01:58:49,362 | ERROR | USDJPY=X: No price data found, symbol may be delisted (period=1d)
2025-10-22 01:58:49,365 | INFO | [DATA] Usando datos simulados para USDJPY: $148.9633
2025-10-22 01:58:50,460 | ERROR | Failed to get ticker 'AUDUSD=X' reason: Expecting value: line 1 column 1 (char 0)
2025-10-22 01:58:51,581 | ERROR | AUDUSD=X: No price data found, symbol may be delisted (period=1d)
2025-10-22 01:58:52,835 | INFO | [SIGNAL] SEÑAL DETECTADA: AUDUSD | BEARISH_BREAKOUT
2025-10-22 01:58:52,837 | INFO |    [CONF] Confianza: 72.1% | Riesgo: HIGH
2025-10-22 01:58:52,837 | INFO |    [PRICE] Precio: $0.7252 | Spread: 0.000250
2025-10-22 01:58:52,837 | INFO | [SKIP] Trade no ejecutado para AUDUSD (condiciones no cumplidas)
2025-10-22 01:58:54,241 | ERROR | Failed to get ticker 'GC=F' reason: Expecting value: line 1 column 1 (char 0)
2025-10-22 01:58:55,549 | ERROR | GC=F: No price data found, symbol may be delisted (period=1d)
2025-10-22 01:58:55,551 | INFO | [DATA] Usando datos simulados para XAUUSD: $2661.1239
2025-10-22 01:58:56,999 | ERROR | Failed to get ticker 'SI=F' reason: Expecting value: line 1 column 1 (char 0)
2025-10-22 01:58:58,296 | ERROR | SI=F: No price data found, symbol may be delisted (period=1d)
2025-10-22 01:58:58,299 | INFO | [DATA] Usando datos simulados para XAGUSD: $31.5966
2025-10-22 01:58:58,299 | INFO | [SIGNALS] Señales detectadas: 1
2025-10-22 01:58:58,299 | INFO | [POSITIONS] Posiciones activas: 0
2025-10-22 01:58:58,299 | INFO | [CAPITAL] Capital actual: $500.00
2025-10-22 01:58:58,299 | INFO | [WAIT] Esperando 60 segundos para el próximo ciclo...
2025-10-22 01:59:58,312 | INFO | 
[CYCLE] CICLO 139 - 06:59:58
2025-10-22 01:59:58,325 | INFO | [SESSION] Sesión: SYDNEY | Prioridad: LOW
2025-10-22 01:59:59,702 | ERROR | Failed to get ticker 'EURUSD=X' reason: Expecting value: line 1 column 1 (char 0)
2025-10-22 02:00:00,972 | ERROR | EURUSD=X: No price data found, symbol may be delisted (period=1d)
2025-10-22 02:00:03,167 | ERROR | Failed to get ticker 'GBPUSD=X' reason: Expecting value: line 1 column 1 (char 0)
2025-10-22 02:00:04,399 | ERROR | GBPUSD=X: No price data found, symbol may be delisted (period=1d)
2025-10-22 02:00:07,019 | ERROR | Failed to get ticker 'USDJPY=X' reason: Expecting value: line 1 column 1 (char 0)
2025-10-22 02:00:08,359 | ERROR | USDJPY=X: No price data found, symbol may be delisted (period=1d)
2025-10-22 02:00:08,362 | INFO | [DATA] Usando datos simulados para USDJPY: $149.0470
2025-10-22 02:00:09,691 | ERROR | Failed to get ticker 'AUDUSD=X' reason: Expecting value: line 1 column 1 (char 0)
2025-10-22 02:00:10,931 | ERROR | AUDUSD=X: No price data found, symbol may be delisted (period=1d)
2025-10-22 02:00:12,103 | INFO | [SIGNAL] SEÑAL DETECTADA: AUDUSD | BEARISH_BREAKOUT
2025-10-22 02:00:12,105 | INFO |    [CONF] Confianza: 72.1% | Riesgo: HIGH
2025-10-22 02:00:12,105 | INFO |    [PRICE] Precio: $0.7252 | Spread: 0.000250
2025-10-22 02:00:12,107 | INFO | [SKIP] Trade no ejecutado para AUDUSD (condiciones no cumplidas)
2025-10-22 02:00:13,390 | ERROR | Failed to get ticker 'GC=F' reason: Expecting value: line 1 column 1 (char 0)
2025-10-22 02:00:14,624 | ERROR | GC=F: No price data found, symbol may be delisted (period=1d)
2025-10-22 02:00:14,626 | INFO | [DATA] Usando datos simulados para XAUUSD: $2662.4083
2025-10-22 02:00:15,832 | ERROR | Failed to get ticker 'SI=F' reason: Expecting value: line 1 column 1 (char 0)
2025-10-22 02:00:17,072 | ERROR | SI=F: No price data found, symbol may be delisted (period=1d)
2025-10-22 02:00:17,076 | INFO | [DATA] Usando datos simulados para XAGUSD: $31.3943
2025-10-22 02:00:17,076 | INFO | [SIGNALS] Señales detectadas: 1
2025-10-22 02:00:17,076 | INFO | [POSITIONS] Posiciones activas: 0
2025-10-22 02:00:17,076 | INFO | [CAPITAL] Capital actual: $500.00
2025-10-22 02:00:17,076 | INFO | [WAIT] Esperando 60 segundos para el próximo ciclo...
2025-10-22 02:01:17,083 | INFO | 
[CYCLE] CICLO 140 - 07:01:17
2025-10-22 02:01:17,083 | INFO | [SESSION] Sesión: TOKYO | Prioridad: LOW
2025-10-22 02:01:18,452 | ERROR | Failed to get ticker 'EURUSD=X' reason: Expecting value: line 1 column 1 (char 0)
2025-10-22 02:01:19,828 | ERROR | EURUSD=X: No price data found, symbol may be delisted (period=1d)
2025-10-22 02:01:22,166 | ERROR | Failed to get ticker 'GBPUSD=X' reason: Expecting value: line 1 column 1 (char 0)
2025-10-22 02:01:23,521 | ERROR | GBPUSD=X: No price data found, symbol may be delisted (period=1d)
2025-10-22 02:01:26,078 | ERROR | Failed to get ticker 'USDJPY=X' reason: Expecting value: line 1 column 1 (char 0)
2025-10-22 02:01:27,403 | ERROR | USDJPY=X: No price data found, symbol may be delisted (period=1d)
2025-10-22 02:01:27,407 | INFO | [DATA] Usando datos simulados para USDJPY: $149.2399
2025-10-22 02:01:29,004 | ERROR | Failed to get ticker 'AUDUSD=X' reason: Expecting value: line 1 column 1 (char 0)
2025-10-22 02:01:30,342 | ERROR | AUDUSD=X: No price data found, symbol may be delisted (period=1d)
2025-10-22 02:01:31,528 | INFO | [SIGNAL] SEÑAL DETECTADA: AUDUSD | BEARISH_BREAKOUT
2025-10-22 02:01:31,528 | INFO |    [CONF] Confianza: 72.1% | Riesgo: HIGH
2025-10-22 02:01:31,528 | INFO |    [PRICE] Precio: $0.7252 | Spread: 0.000250
2025-10-22 02:01:31,530 | INFO | [SKIP] Trade no ejecutado para AUDUSD (condiciones no cumplidas)
2025-10-22 02:01:32,827 | ERROR | Failed to get ticker 'GC=F' reason: Expecting value: line 1 column 1 (char 0)
2025-10-22 02:01:34,151 | ERROR | GC=F: No price data found, symbol may be delisted (period=1d)
2025-10-22 02:01:34,155 | INFO | [DATA] Usando datos simulados para XAUUSD: $2654.9134
2025-10-22 02:01:35,464 | ERROR | Failed to get ticker 'SI=F' reason: Expecting value: line 1 column 1 (char 0)
2025-10-22 02:01:36,778 | ERROR | SI=F: No price data found, symbol may be delisted (period=1d)
2025-10-22 02:01:36,781 | INFO | [DATA] Usando datos simulados para XAGUSD: $31.3820
2025-10-22 02:01:36,781 | INFO | [SIGNALS] Señales detectadas: 1
2025-10-22 02:01:36,783 | INFO | [POSITIONS] Posiciones activas: 0
2025-10-22 02:01:36,783 | INFO | [CAPITAL] Capital actual: $500.00
2025-10-22 02:01:36,783 | INFO | [STATS] ROI Total: +0.00% | Señales totales: 207
2025-10-22 02:01:36,785 | INFO | [WAIT] Esperando 60 segundos para el próximo ciclo...
2025-10-22 02:02:36,802 | INFO | 
[CYCLE] CICLO 141 - 07:02:36
2025-10-22 02:02:36,806 | INFO | [SESSION] Sesión: TOKYO | Prioridad: LOW
2025-10-22 02:02:38,419 | ERROR | Failed to get ticker 'EURUSD=X' reason: Expecting value: line 1 column 1 (char 0)
2025-10-22 02:02:39,559 | ERROR | EURUSD=X: No price data found, symbol may be delisted (period=1d)
2025-10-22 02:02:41,814 | ERROR | Failed to get ticker 'GBPUSD=X' reason: Expecting value: line 1 column 1 (char 0)
2025-10-22 02:02:42,937 | ERROR | GBPUSD=X: No price data found, symbol may be delisted (period=1d)
2025-10-22 02:02:45,231 | ERROR | Failed to get ticker 'USDJPY=X' reason: Expecting value: line 1 column 1 (char 0)
2025-10-22 02:02:46,420 | ERROR | USDJPY=X: No price data found, symbol may be delisted (period=1d)
2025-10-22 02:02:46,423 | INFO | [DATA] Usando datos simulados para USDJPY: $149.7638
2025-10-22 02:02:47,735 | ERROR | Failed to get ticker 'AUDUSD=X' reason: Expecting value: line 1 column 1 (char 0)
2025-10-22 02:02:48,938 | ERROR | AUDUSD=X: No price data found, symbol may be delisted (period=1d)
2025-10-22 02:02:49,944 | INFO | [SIGNAL] SEÑAL DETECTADA: AUDUSD | BEARISH_BREAKOUT
2025-10-22 02:02:49,944 | INFO |    [CONF] Confianza: 72.1% | Riesgo: HIGH
2025-10-22 02:02:49,946 | INFO |    [PRICE] Precio: $0.7252 | Spread: 0.000250
2025-10-22 02:02:49,946 | INFO | [SKIP] Trade no ejecutado para AUDUSD (condiciones no cumplidas)
2025-10-22 02:02:51,270 | ERROR | Failed to get ticker 'GC=F' reason: Expecting value: line 1 column 1 (char 0)
2025-10-22 02:02:52,526 | ERROR | GC=F: No price data found, symbol may be delisted (period=1d)
2025-10-22 02:02:52,528 | INFO | [DATA] Usando datos simulados para XAUUSD: $2641.5661
2025-10-22 02:02:53,848 | ERROR | Failed to get ticker 'SI=F' reason: Expecting value: line 1 column 1 (char 0)
2025-10-22 02:02:55,154 | ERROR | SI=F: No price data found, symbol may be delisted (period=1d)
2025-10-22 02:02:55,162 | INFO | [DATA] Usando datos simulados para XAGUSD: $31.6175
2025-10-22 02:02:55,162 | INFO | [SIGNALS] Señales detectadas: 1
2025-10-22 02:02:55,162 | INFO | [POSITIONS] Posiciones activas: 0
2025-10-22 02:02:55,162 | INFO | [CAPITAL] Capital actual: $500.00
2025-10-22 02:02:55,162 | INFO | [WAIT] Esperando 60 segundos para el próximo ciclo...
2025-10-22 02:03:55,173 | INFO | 
[CYCLE] CICLO 142 - 07:03:55
2025-10-22 02:03:55,175 | INFO | [SESSION] Sesión: TOKYO | Prioridad: LOW
2025-10-22 02:03:56,399 | ERROR | Failed to get ticker 'EURUSD=X' reason: Expecting value: line 1 column 1 (char 0)
2025-10-22 02:03:57,553 | ERROR | EURUSD=X: No price data found, symbol may be delisted (period=1d)
2025-10-22 02:03:59,570 | ERROR | Failed to get ticker 'GBPUSD=X' reason: Expecting value: line 1 column 1 (char 0)
2025-10-22 02:04:00,615 | ERROR | GBPUSD=X: No price data found, symbol may be delisted (period=1d)
2025-10-22 02:04:02,886 | ERROR | Failed to get ticker 'USDJPY=X' reason: Expecting value: line 1 column 1 (char 0)
2025-10-22 02:04:03,980 | ERROR | USDJPY=X: No price data found, symbol may be delisted (period=1d)
2025-10-22 02:04:03,984 | INFO | [DATA] Usando datos simulados para USDJPY: $149.1776
2025-10-22 02:04:05,058 | ERROR | Failed to get ticker 'AUDUSD=X' reason: Expecting value: line 1 column 1 (char 0)
2025-10-22 02:04:06,126 | ERROR | AUDUSD=X: No price data found, symbol may be delisted (period=1d)
2025-10-22 02:04:07,293 | INFO | [SIGNAL] SEÑAL DETECTADA: AUDUSD | BEARISH_BREAKOUT
2025-10-22 02:04:07,295 | INFO |    [CONF] Confianza: 72.1% | Riesgo: HIGH
2025-10-22 02:04:07,295 | INFO |    [PRICE] Precio: $0.7252 | Spread: 0.000250
2025-10-22 02:04:07,295 | INFO | [SKIP] Trade no ejecutado para AUDUSD (condiciones no cumplidas)
2025-10-22 02:04:08,532 | ERROR | Failed to get ticker 'GC=F' reason: Expecting value: line 1 column 1 (char 0)
2025-10-22 02:04:09,758 | ERROR | GC=F: No price data found, symbol may be delisted (period=1d)
2025-10-22 02:04:09,765 | INFO | [DATA] Usando datos simulados para XAUUSD: $2655.5951
2025-10-22 02:04:10,951 | ERROR | Failed to get ticker 'SI=F' reason: Expecting value: line 1 column 1 (char 0)
2025-10-22 02:04:12,149 | ERROR | SI=F: No price data found, symbol may be delisted (period=1d)
2025-10-22 02:04:12,153 | INFO | [DATA] Usando datos simulados para XAGUSD: $31.5604
2025-10-22 02:04:12,153 | INFO | [SIGNALS] Señales detectadas: 1
2025-10-22 02:04:12,153 | INFO | [POSITIONS] Posiciones activas: 0
2025-10-22 02:04:12,153 | INFO | [CAPITAL] Capital actual: $500.00
2025-10-22 02:04:12,153 | INFO | [WAIT] Esperando 60 segundos para el próximo ciclo...
2025-10-22 02:05:12,164 | INFO | 
[CYCLE] CICLO 143 - 07:05:12
2025-10-22 02:05:12,166 | INFO | [SESSION] Sesión: TOKYO | Prioridad: LOW
2025-10-22 02:05:13,485 | ERROR | Failed to get ticker 'EURUSD=X' reason: Expecting value: line 1 column 1 (char 0)
2025-10-22 02:05:14,669 | ERROR | EURUSD=X: No price data found, symbol may be delisted (period=1d)
2025-10-22 02:05:16,958 | ERROR | Failed to get ticker 'GBPUSD=X' reason: Expecting value: line 1 column 1 (char 0)
2025-10-22 02:05:18,310 | ERROR | GBPUSD=X: No price data found, symbol may be delisted (period=1d)
2025-10-22 02:05:20,585 | ERROR | Failed to get ticker 'USDJPY=X' reason: Expecting value: line 1 column 1 (char 0)
2025-10-22 02:05:21,868 | ERROR | USDJPY=X: No price data found, symbol may be delisted (period=1d)
2025-10-22 02:05:21,871 | INFO | [DATA] Usando datos simulados para USDJPY: $149.0703
2025-10-22 02:05:21,881 | INFO | [SIGNAL] SEÑAL DETECTADA: USDJPY | BEARISH_BREAKOUT
2025-10-22 02:05:21,883 | INFO |    [CONF] Confianza: 69.7% | Riesgo: MEDIUM
2025-10-22 02:05:21,883 | INFO |    [PRICE] Precio: $149.0703 | Spread: 0.015000
2025-10-22 02:05:21,889 | INFO | [SKIP] Trade no ejecutado para USDJPY (condiciones no cumplidas)
2025-10-22 02:05:23,157 | ERROR | Failed to get ticker 'AUDUSD=X' reason: Expecting value: line 1 column 1 (char 0)
2025-10-22 02:05:24,274 | ERROR | AUDUSD=X: No price data found, symbol may be delisted (period=1d)
2025-10-22 02:05:25,246 | INFO | [SIGNAL] SEÑAL DETECTADA: AUDUSD | BEARISH_BREAKOUT
2025-10-22 02:05:25,246 | INFO |    [CONF] Confianza: 72.1% | Riesgo: HIGH
2025-10-22 02:05:25,246 | INFO |    [PRICE] Precio: $0.7252 | Spread: 0.000250
2025-10-22 02:05:25,249 | INFO | [SKIP] Trade no ejecutado para AUDUSD (condiciones no cumplidas)
2025-10-22 02:05:26,422 | ERROR | Failed to get ticker 'GC=F' reason: Expecting value: line 1 column 1 (char 0)
2025-10-22 02:05:27,570 | ERROR | GC=F: No price data found, symbol may be delisted (period=1d)
2025-10-22 02:05:27,582 | INFO | [DATA] Usando datos simulados para XAUUSD: $2653.5993
2025-10-22 02:05:27,596 | INFO | [SIGNAL] SEÑAL DETECTADA: XAUUSD | BULLISH_BREAKOUT
2025-10-22 02:05:27,596 | INFO |    [CONF] Confianza: 70.9% | Riesgo: HIGH
2025-10-22 02:05:27,598 | INFO |    [PRICE] Precio: $2653.5993 | Spread: 0.500000
2025-10-22 02:05:27,598 | INFO | [SKIP] Trade no ejecutado para XAUUSD (condiciones no cumplidas)
2025-10-22 02:05:28,975 | ERROR | Failed to get ticker 'SI=F' reason: Expecting value: line 1 column 1 (char 0)
2025-10-22 02:05:30,435 | ERROR | SI=F: No price data found, symbol may be delisted (period=1d)
2025-10-22 02:05:30,449 | INFO | [DATA] Usando datos simulados para XAGUSD: $31.4002
2025-10-22 02:05:30,451 | INFO | [SIGNALS] Señales detectadas: 3
2025-10-22 02:05:30,463 | INFO | [POSITIONS] Posiciones activas: 0
2025-10-22 02:05:30,487 | INFO | [CAPITAL] Capital actual: $500.00
2025-10-22 02:05:30,489 | INFO | [WAIT] Esperando 60 segundos para el próximo ciclo...
2025-10-22 02:06:30,516 | INFO | 
[CYCLE] CICLO 144 - 07:06:30
2025-10-22 02:06:30,518 | INFO | [SESSION] Sesión: TOKYO | Prioridad: LOW
2025-10-22 02:06:31,828 | ERROR | Failed to get ticker 'EURUSD=X' reason: Expecting value: line 1 column 1 (char 0)
2025-10-22 02:06:32,930 | ERROR | EURUSD=X: No price data found, symbol may be delisted (period=1d)
2025-10-22 02:06:35,051 | ERROR | Failed to get ticker 'GBPUSD=X' reason: Expecting value: line 1 column 1 (char 0)
2025-10-22 02:06:36,175 | ERROR | GBPUSD=X: No price data found, symbol may be delisted (period=1d)
2025-10-22 02:06:38,234 | ERROR | Failed to get ticker 'USDJPY=X' reason: Expecting value: line 1 column 1 (char 0)
2025-10-22 02:06:39,355 | ERROR | USDJPY=X: No price data found, symbol may be delisted (period=1d)
2025-10-22 02:06:39,362 | INFO | [DATA] Usando datos simulados para USDJPY: $149.1381
2025-10-22 02:06:40,441 | ERROR | Failed to get ticker 'AUDUSD=X' reason: Expecting value: line 1 column 1 (char 0)
2025-10-22 02:06:41,595 | ERROR | AUDUSD=X: No price data found, symbol may be delisted (period=1d)
2025-10-22 02:06:42,743 | INFO | [SIGNAL] SEÑAL DETECTADA: AUDUSD | BEARISH_BREAKOUT
2025-10-22 02:06:42,743 | INFO |    [CONF] Confianza: 72.1% | Riesgo: HIGH
2025-10-22 02:06:42,743 | INFO |    [PRICE] Precio: $0.7252 | Spread: 0.000250
2025-10-22 02:06:42,743 | INFO | [SKIP] Trade no ejecutado para AUDUSD (condiciones no cumplidas)
2025-10-22 02:06:43,795 | ERROR | Failed to get ticker 'GC=F' reason: Expecting value: line 1 column 1 (char 0)
2025-10-22 02:06:44,867 | ERROR | GC=F: No price data found, symbol may be delisted (period=1d)
2025-10-22 02:06:44,869 | INFO | [DATA] Usando datos simulados para XAUUSD: $2653.5867
2025-10-22 02:06:45,893 | ERROR | Failed to get ticker 'SI=F' reason: Expecting value: line 1 column 1 (char 0)
2025-10-22 02:06:46,943 | ERROR | SI=F: No price data found, symbol may be delisted (period=1d)
2025-10-22 02:06:46,946 | INFO | [DATA] Usando datos simulados para XAGUSD: $31.6369
2025-10-22 02:06:46,946 | INFO | [SIGNALS] Señales detectadas: 1
2025-10-22 02:06:46,948 | INFO | [POSITIONS] Posiciones activas: 0
2025-10-22 02:06:46,948 | INFO | [CAPITAL] Capital actual: $500.00
2025-10-22 02:06:46,950 | INFO | [WAIT] Esperando 60 segundos para el próximo ciclo...
2025-10-22 02:07:46,965 | INFO | 
[CYCLE] CICLO 145 - 07:07:46
2025-10-22 02:07:46,971 | INFO | [SESSION] Sesión: TOKYO | Prioridad: LOW
2025-10-22 02:07:48,275 | ERROR | Failed to get ticker 'EURUSD=X' reason: Expecting value: line 1 column 1 (char 0)
2025-10-22 02:07:49,363 | ERROR | EURUSD=X: No price data found, symbol may be delisted (period=1d)
2025-10-22 02:07:51,418 | ERROR | Failed to get ticker 'GBPUSD=X' reason: Expecting value: line 1 column 1 (char 0)
2025-10-22 02:07:52,582 | ERROR | GBPUSD=X: No price data found, symbol may be delisted (period=1d)
2025-10-22 02:07:54,724 | ERROR | Failed to get ticker 'USDJPY=X' reason: Expecting value: line 1 column 1 (char 0)
2025-10-22 02:07:55,875 | ERROR | USDJPY=X: No price data found, symbol may be delisted (period=1d)
2025-10-22 02:07:55,881 | INFO | [DATA] Usando datos simulados para USDJPY: $149.3982
2025-10-22 02:07:57,171 | ERROR | Failed to get ticker 'AUDUSD=X' reason: Expecting value: line 1 column 1 (char 0)
2025-10-22 02:07:58,386 | ERROR | AUDUSD=X: No price data found, symbol may be delisted (period=1d)
2025-10-22 02:07:59,415 | INFO | [SIGNAL] SEÑAL DETECTADA: AUDUSD | BEARISH_BREAKOUT
2025-10-22 02:07:59,415 | INFO |    [CONF] Confianza: 72.1% | Riesgo: HIGH
2025-10-22 02:07:59,420 | INFO |    [PRICE] Precio: $0.7252 | Spread: 0.000250
2025-10-22 02:07:59,420 | INFO | [SKIP] Trade no ejecutado para AUDUSD (condiciones no cumplidas)
2025-10-22 02:08:00,706 | ERROR | Failed to get ticker 'GC=F' reason: Expecting value: line 1 column 1 (char 0)
2025-10-22 02:08:01,867 | ERROR | GC=F: No price data found, symbol may be delisted (period=1d)
2025-10-22 02:08:01,873 | INFO | [DATA] Usando datos simulados para XAUUSD: $2648.9421
2025-10-22 02:08:03,131 | ERROR | Failed to get ticker 'SI=F' reason: Expecting value: line 1 column 1 (char 0)
2025-10-22 02:08:04,275 | ERROR | SI=F: No price data found, symbol may be delisted (period=1d)
2025-10-22 02:08:04,278 | INFO | [DATA] Usando datos simulados para XAGUSD: $31.3761
2025-10-22 02:08:04,278 | INFO | [SIGNALS] Señales detectadas: 1
2025-10-22 02:08:04,278 | INFO | [POSITIONS] Posiciones activas: 0
2025-10-22 02:08:04,278 | INFO | [CAPITAL] Capital actual: $500.00
2025-10-22 02:08:04,278 | INFO | [WAIT] Esperando 60 segundos para el próximo ciclo...
2025-10-22 02:09:04,280 | INFO | 
[CYCLE] CICLO 146 - 07:09:04
2025-10-22 02:09:04,282 | INFO | [SESSION] Sesión: TOKYO | Prioridad: LOW
2025-10-22 02:09:05,596 | ERROR | Failed to get ticker 'EURUSD=X' reason: Expecting value: line 1 column 1 (char 0)
2025-10-22 02:09:06,817 | ERROR | EURUSD=X: No price data found, symbol may be delisted (period=1d)
2025-10-22 02:09:09,132 | ERROR | Failed to get ticker 'GBPUSD=X' reason: Expecting value: line 1 column 1 (char 0)
2025-10-22 02:09:10,417 | ERROR | GBPUSD=X: No price data found, symbol may be delisted (period=1d)
2025-10-22 02:09:13,286 | ERROR | Failed to get ticker 'USDJPY=X' reason: Expecting value: line 1 column 1 (char 0)
2025-10-22 02:09:14,566 | ERROR | USDJPY=X: No price data found, symbol may be delisted (period=1d)
2025-10-22 02:09:14,576 | INFO | [DATA] Usando datos simulados para USDJPY: $148.8189
2025-10-22 02:09:15,837 | ERROR | Failed to get ticker 'AUDUSD=X' reason: Expecting value: line 1 column 1 (char 0)
2025-10-22 02:09:17,161 | ERROR | AUDUSD=X: No price data found, symbol may be delisted (period=1d)
2025-10-22 02:09:18,217 | INFO | [SIGNAL] SEÑAL DETECTADA: AUDUSD | BEARISH_BREAKOUT
2025-10-22 02:09:18,217 | INFO |    [CONF] Confianza: 72.1% | Riesgo: HIGH
2025-10-22 02:09:18,219 | INFO |    [PRICE] Precio: $0.7252 | Spread: 0.000250
2025-10-22 02:09:18,219 | INFO | [SKIP] Trade no ejecutado para AUDUSD (condiciones no cumplidas)
2025-10-22 02:09:19,543 | ERROR | Failed to get ticker 'GC=F' reason: Expecting value: line 1 column 1 (char 0)
2025-10-22 02:09:20,882 | ERROR | GC=F: No price data found, symbol may be delisted (period=1d)
2025-10-22 02:09:20,891 | INFO | [DATA] Usando datos simulados para XAUUSD: $2648.8146
2025-10-22 02:09:22,300 | ERROR | Failed to get ticker 'SI=F' reason: Expecting value: line 1 column 1 (char 0)
2025-10-22 02:09:23,616 | ERROR | SI=F: No price data found, symbol may be delisted (period=1d)
2025-10-22 02:09:23,620 | INFO | [DATA] Usando datos simulados para XAGUSD: $31.4073
2025-10-22 02:09:23,634 | INFO | [SIGNAL] SEÑAL DETECTADA: XAGUSD | BEARISH_BREAKOUT
2025-10-22 02:09:23,634 | INFO |    [CONF] Confianza: 76.4% | Riesgo: HIGH
2025-10-22 02:09:23,635 | INFO |    [PRICE] Precio: $31.4073 | Spread: 0.030000
2025-10-22 02:09:23,635 | INFO | [SKIP] Trade no ejecutado para XAGUSD (condiciones no cumplidas)
2025-10-22 02:09:23,636 | INFO | [SIGNALS] Señales detectadas: 2
2025-10-22 02:09:23,637 | INFO | [POSITIONS] Posiciones activas: 0
2025-10-22 02:09:23,637 | INFO | [CAPITAL] Capital actual: $500.00
2025-10-22 02:09:23,638 | INFO | [WAIT] Esperando 60 segundos para el próximo ciclo...
2025-10-22 02:10:23,647 | INFO | 
[CYCLE] CICLO 147 - 07:10:23
2025-10-22 02:10:23,650 | INFO | [SESSION] Sesión: TOKYO | Prioridad: LOW
2025-10-22 02:10:24,913 | ERROR | Failed to get ticker 'EURUSD=X' reason: Expecting value: line 1 column 1 (char 0)
2025-10-22 02:10:26,142 | ERROR | EURUSD=X: No price data found, symbol may be delisted (period=1d)
2025-10-22 02:10:28,167 | ERROR | Failed to get ticker 'GBPUSD=X' reason: Expecting value: line 1 column 1 (char 0)
2025-10-22 02:10:29,485 | ERROR | GBPUSD=X: No price data found, symbol may be delisted (period=1d)
2025-10-22 02:10:31,649 | ERROR | Failed to get ticker 'USDJPY=X' reason: Expecting value: line 1 column 1 (char 0)
2025-10-22 02:10:32,985 | ERROR | USDJPY=X: No price data found, symbol may be delisted (period=1d)
2025-10-22 02:10:33,000 | INFO | [DATA] Usando datos simulados para USDJPY: $149.3133
2025-10-22 02:10:34,315 | ERROR | Failed to get ticker 'AUDUSD=X' reason: Expecting value: line 1 column 1 (char 0)
2025-10-22 02:10:35,535 | ERROR | AUDUSD=X: No price data found, symbol may be delisted (period=1d)
2025-10-22 02:10:36,640 | INFO | [SIGNAL] SEÑAL DETECTADA: AUDUSD | BEARISH_BREAKOUT
2025-10-22 02:10:36,641 | INFO |    [CONF] Confianza: 72.1% | Riesgo: HIGH
2025-10-22 02:10:36,643 | INFO |    [PRICE] Precio: $0.7252 | Spread: 0.000250
2025-10-22 02:10:36,645 | INFO | [SKIP] Trade no ejecutado para AUDUSD (condiciones no cumplidas)
2025-10-22 02:10:37,888 | ERROR | Failed to get ticker 'GC=F' reason: Expecting value: line 1 column 1 (char 0)
2025-10-22 02:10:39,108 | ERROR | GC=F: No price data found, symbol may be delisted (period=1d)
2025-10-22 02:10:39,113 | INFO | [DATA] Usando datos simulados para XAUUSD: $2653.1814
2025-10-22 02:10:40,302 | ERROR | Failed to get ticker 'SI=F' reason: Expecting value: line 1 column 1 (char 0)
2025-10-22 02:10:41,506 | ERROR | SI=F: No price data found, symbol may be delisted (period=1d)
2025-10-22 02:10:41,522 | INFO | [DATA] Usando datos simulados para XAGUSD: $31.4909
2025-10-22 02:10:41,523 | INFO | [SIGNALS] Señales detectadas: 1
2025-10-22 02:10:41,524 | INFO | [POSITIONS] Posiciones activas: 0
2025-10-22 02:10:41,524 | INFO | [CAPITAL] Capital actual: $500.00
2025-10-22 02:10:41,524 | INFO | [WAIT] Esperando 60 segundos para el próximo ciclo...
2025-10-22 02:11:41,525 | INFO | 
[CYCLE] CICLO 148 - 07:11:41
2025-10-22 02:11:41,529 | INFO | [SESSION] Sesión: TOKYO | Prioridad: LOW
2025-10-22 02:11:43,028 | ERROR | Failed to get ticker 'EURUSD=X' reason: Expecting value: line 1 column 1 (char 0)
2025-10-22 02:11:44,155 | ERROR | EURUSD=X: No price data found, symbol may be delisted (period=1d)
2025-10-22 02:11:46,309 | ERROR | Failed to get ticker 'GBPUSD=X' reason: Expecting value: line 1 column 1 (char 0)
2025-10-22 02:11:47,630 | ERROR | GBPUSD=X: No price data found, symbol may be delisted (period=1d)
2025-10-22 02:11:49,854 | ERROR | Failed to get ticker 'USDJPY=X' reason: Expecting value: line 1 column 1 (char 0)
2025-10-22 02:11:51,336 | ERROR | USDJPY=X: No price data found, symbol may be delisted (period=1d)
2025-10-22 02:11:51,340 | INFO | [DATA] Usando datos simulados para USDJPY: $148.8943
2025-10-22 02:11:52,624 | ERROR | Failed to get ticker 'AUDUSD=X' reason: Expecting value: line 1 column 1 (char 0)
2025-10-22 02:11:53,885 | ERROR | AUDUSD=X: No price data found, symbol may be delisted (period=1d)
2025-10-22 02:11:54,908 | INFO | [SIGNAL] SEÑAL DETECTADA: AUDUSD | BEARISH_BREAKOUT
2025-10-22 02:11:54,908 | INFO |    [CONF] Confianza: 72.1% | Riesgo: HIGH
2025-10-22 02:11:54,910 | INFO |    [PRICE] Precio: $0.7252 | Spread: 0.000250
2025-10-22 02:11:54,910 | INFO | [SKIP] Trade no ejecutado para AUDUSD (condiciones no cumplidas)
2025-10-22 02:11:56,266 | ERROR | Failed to get ticker 'GC=F' reason: Expecting value: line 1 column 1 (char 0)
2025-10-22 02:11:57,710 | ERROR | GC=F: No price data found, symbol may be delisted (period=1d)
2025-10-22 02:11:57,713 | INFO | [DATA] Usando datos simulados para XAUUSD: $2637.5377
2025-10-22 02:11:57,728 | INFO | [SIGNAL] SEÑAL DETECTADA: XAUUSD | BULLISH_BREAKOUT
2025-10-22 02:11:57,734 | INFO |    [CONF] Confianza: 70.1% | Riesgo: HIGH
2025-10-22 02:11:57,736 | INFO |    [PRICE] Precio: $2637.5377 | Spread: 0.500000
2025-10-22 02:11:57,736 | INFO | [SKIP] Trade no ejecutado para XAUUSD (condiciones no cumplidas)
2025-10-22 02:11:58,952 | ERROR | Failed to get ticker 'SI=F' reason: Expecting value: line 1 column 1 (char 0)
2025-10-22 02:12:00,065 | ERROR | SI=F: No price data found, symbol may be delisted (period=1d)
2025-10-22 02:12:00,070 | INFO | [DATA] Usando datos simulados para XAGUSD: $31.4451
2025-10-22 02:12:00,071 | INFO | [SIGNALS] Señales detectadas: 2
2025-10-22 02:12:00,071 | INFO | [POSITIONS] Posiciones activas: 0
2025-10-22 02:12:00,073 | INFO | [CAPITAL] Capital actual: $500.00
2025-10-22 02:12:00,074 | INFO | [WAIT] Esperando 60 segundos para el próximo ciclo...
2025-10-22 02:13:00,077 | INFO | 
[CYCLE] CICLO 149 - 07:13:00
2025-10-22 02:13:00,079 | INFO | [SESSION] Sesión: TOKYO | Prioridad: LOW
2025-10-22 02:13:01,310 | ERROR | Failed to get ticker 'EURUSD=X' reason: Expecting value: line 1 column 1 (char 0)
2025-10-22 02:13:02,169 | ERROR | EURUSD=X: No price data found, symbol may be delisted (period=1d)
2025-10-22 02:13:04,232 | ERROR | Failed to get ticker 'GBPUSD=X' reason: Expecting value: line 1 column 1 (char 0)
2025-10-22 02:13:05,166 | ERROR | GBPUSD=X: No price data found, symbol may be delisted (period=1d)
2025-10-22 02:13:07,254 | ERROR | Failed to get ticker 'USDJPY=X' reason: Expecting value: line 1 column 1 (char 0)
2025-10-22 02:13:08,225 | ERROR | USDJPY=X: No price data found, symbol may be delisted (period=1d)
2025-10-22 02:13:08,231 | INFO | [DATA] Usando datos simulados para USDJPY: $149.0595
2025-10-22 02:13:09,239 | ERROR | Failed to get ticker 'AUDUSD=X' reason: Expecting value: line 1 column 1 (char 0)
2025-10-22 02:13:10,323 | ERROR | AUDUSD=X: No price data found, symbol may be delisted (period=1d)
2025-10-22 02:13:11,231 | INFO | [SIGNAL] SEÑAL DETECTADA: AUDUSD | BEARISH_BREAKOUT
2025-10-22 02:13:11,235 | INFO |    [CONF] Confianza: 72.1% | Riesgo: HIGH
2025-10-22 02:13:11,235 | INFO |    [PRICE] Precio: $0.7252 | Spread: 0.000250
2025-10-22 02:13:11,235 | INFO | [SKIP] Trade no ejecutado para AUDUSD (condiciones no cumplidas)
2025-10-22 02:13:12,216 | ERROR | Failed to get ticker 'GC=F' reason: Expecting value: line 1 column 1 (char 0)
2025-10-22 02:13:13,209 | ERROR | GC=F: No price data found, symbol may be delisted (period=1d)
2025-10-22 02:13:13,213 | INFO | [DATA] Usando datos simulados para XAUUSD: $2661.9307
2025-10-22 02:13:14,148 | ERROR | Failed to get ticker 'SI=F' reason: Expecting value: line 1 column 1 (char 0)
2025-10-22 02:13:15,155 | ERROR | SI=F: No price data found, symbol may be delisted (period=1d)
2025-10-22 02:13:15,158 | INFO | [DATA] Usando datos simulados para XAGUSD: $31.6221
2025-10-22 02:13:15,158 | INFO | [SIGNALS] Señales detectadas: 1
2025-10-22 02:13:15,158 | INFO | [POSITIONS] Posiciones activas: 0
2025-10-22 02:13:15,158 | INFO | [CAPITAL] Capital actual: $500.00
2025-10-22 02:13:15,158 | INFO | [WAIT] Esperando 60 segundos para el próximo ciclo...
2025-10-22 02:14:15,170 | INFO | 
[CYCLE] CICLO 150 - 07:14:15
2025-10-22 02:14:15,172 | INFO | [SESSION] Sesión: TOKYO | Prioridad: LOW
2025-10-22 02:14:16,443 | ERROR | Failed to get ticker 'EURUSD=X' reason: Expecting value: line 1 column 1 (char 0)
2025-10-22 02:14:17,606 | ERROR | EURUSD=X: No price data found, symbol may be delisted (period=1d)
2025-10-22 02:14:19,841 | ERROR | Failed to get ticker 'GBPUSD=X' reason: Expecting value: line 1 column 1 (char 0)
2025-10-22 02:14:20,928 | ERROR | GBPUSD=X: No price data found, symbol may be delisted (period=1d)
2025-10-22 02:14:23,276 | ERROR | Failed to get ticker 'USDJPY=X' reason: Expecting value: line 1 column 1 (char 0)
2025-10-22 02:14:24,439 | ERROR | USDJPY=X: No price data found, symbol may be delisted (period=1d)
2025-10-22 02:14:24,453 | INFO | [DATA] Usando datos simulados para USDJPY: $149.3055
2025-10-22 02:14:24,461 | INFO | [SIGNAL] SEÑAL DETECTADA: USDJPY | BEARISH_BREAKOUT
2025-10-22 02:14:24,462 | INFO |    [CONF] Confianza: 71.3% | Riesgo: MEDIUM
2025-10-22 02:14:24,463 | INFO |    [PRICE] Precio: $149.3055 | Spread: 0.015000
2025-10-22 02:14:24,467 | INFO | [SKIP] Trade no ejecutado para USDJPY (condiciones no cumplidas)
2025-10-22 02:14:25,510 | ERROR | Failed to get ticker 'AUDUSD=X' reason: Expecting value: line 1 column 1 (char 0)
2025-10-22 02:14:26,704 | ERROR | AUDUSD=X: No price data found, symbol may be delisted (period=1d)
2025-10-22 02:14:27,729 | INFO | [SIGNAL] SEÑAL DETECTADA: AUDUSD | BEARISH_BREAKOUT
2025-10-22 02:14:27,731 | INFO |    [CONF] Confianza: 72.1% | Riesgo: HIGH
2025-10-22 02:14:27,733 | INFO |    [PRICE] Precio: $0.7252 | Spread: 0.000250
2025-10-22 02:14:27,733 | INFO | [SKIP] Trade no ejecutado para AUDUSD (condiciones no cumplidas)
2025-10-22 02:14:28,855 | ERROR | Failed to get ticker 'GC=F' reason: Expecting value: line 1 column 1 (char 0)
2025-10-22 02:14:30,008 | ERROR | GC=F: No price data found, symbol may be delisted (period=1d)
2025-10-22 02:14:30,010 | INFO | [DATA] Usando datos simulados para XAUUSD: $2645.7017
2025-10-22 02:14:31,062 | ERROR | Failed to get ticker 'SI=F' reason: Expecting value: line 1 column 1 (char 0)
2025-10-22 02:14:32,155 | ERROR | SI=F: No price data found, symbol may be delisted (period=1d)
2025-10-22 02:14:32,158 | INFO | [DATA] Usando datos simulados para XAGUSD: $31.5189
2025-10-22 02:14:32,158 | INFO | [SIGNALS] Señales detectadas: 2
2025-10-22 02:14:32,158 | INFO | [POSITIONS] Posiciones activas: 0
2025-10-22 02:14:32,158 | INFO | [CAPITAL] Capital actual: $500.00
2025-10-22 02:14:32,158 | INFO | [STATS] ROI Total: +0.00% | Señales totales: 222
2025-10-22 02:14:32,158 | INFO | [WAIT] Esperando 60 segundos para el próximo ciclo...
2025-10-22 02:15:32,175 | INFO | 
[CYCLE] CICLO 151 - 07:15:32
2025-10-22 02:15:32,182 | INFO | [SESSION] Sesión: TOKYO | Prioridad: LOW
2025-10-22 02:15:33,553 | ERROR | Failed to get ticker 'EURUSD=X' reason: Expecting value: line 1 column 1 (char 0)
2025-10-22 02:15:35,002 | ERROR | EURUSD=X: No price data found, symbol may be delisted (period=1d)
2025-10-22 02:15:37,893 | ERROR | Failed to get ticker 'GBPUSD=X' reason: Expecting value: line 1 column 1 (char 0)
2025-10-22 02:15:39,342 | ERROR | GBPUSD=X: No price data found, symbol may be delisted (period=1d)
2025-10-22 02:15:41,337 | ERROR | Failed to get ticker 'USDJPY=X' reason: Expecting value: line 1 column 1 (char 0)
2025-10-22 02:15:42,493 | ERROR | USDJPY=X: No price data found, symbol may be delisted (period=1d)
2025-10-22 02:15:42,499 | INFO | [DATA] Usando datos simulados para USDJPY: $149.0465
2025-10-22 02:15:43,513 | ERROR | Failed to get ticker 'AUDUSD=X' reason: Expecting value: line 1 column 1 (char 0)
2025-10-22 02:15:44,630 | ERROR | AUDUSD=X: No price data found, symbol may be delisted (period=1d)
2025-10-22 02:15:45,753 | INFO | [SIGNAL] SEÑAL DETECTADA: AUDUSD | BEARISH_BREAKOUT
2025-10-22 02:15:45,757 | INFO |    [CONF] Confianza: 72.1% | Riesgo: HIGH
2025-10-22 02:15:45,760 | INFO |    [PRICE] Precio: $0.7252 | Spread: 0.000250
2025-10-22 02:15:45,760 | INFO | [SKIP] Trade no ejecutado para AUDUSD (condiciones no cumplidas)
2025-10-22 02:15:46,876 | ERROR | Failed to get ticker 'GC=F' reason: Expecting value: line 1 column 1 (char 0)
2025-10-22 02:15:47,984 | ERROR | GC=F: No price data found, symbol may be delisted (period=1d)
2025-10-22 02:15:48,046 | INFO | [DATA] Usando datos simulados para XAUUSD: $2637.0424
2025-10-22 02:15:49,327 | ERROR | Failed to get ticker 'SI=F' reason: Expecting value: line 1 column 1 (char 0)
2025-10-22 02:15:50,269 | ERROR | SI=F: No price data found, symbol may be delisted (period=1d)
2025-10-22 02:15:50,280 | INFO | [DATA] Usando datos simulados para XAGUSD: $31.6211
2025-10-22 02:15:50,280 | INFO | [SIGNALS] Señales detectadas: 1
2025-10-22 02:15:50,280 | INFO | [POSITIONS] Posiciones activas: 0
2025-10-22 02:15:50,280 | INFO | [CAPITAL] Capital actual: $500.00
2025-10-22 02:15:50,280 | INFO | [WAIT] Esperando 60 segundos para el próximo ciclo...
2025-10-22 02:16:50,296 | INFO | 
[CYCLE] CICLO 152 - 07:16:50
2025-10-22 02:16:50,301 | INFO | [SESSION] Sesión: TOKYO | Prioridad: LOW
2025-10-22 02:16:51,796 | ERROR | Failed to get ticker 'EURUSD=X' reason: Expecting value: line 1 column 1 (char 0)
2025-10-22 02:16:52,817 | ERROR | EURUSD=X: No price data found, symbol may be delisted (period=1d)
2025-10-22 02:16:55,081 | ERROR | Failed to get ticker 'GBPUSD=X' reason: Expecting value: line 1 column 1 (char 0)
2025-10-22 02:16:56,317 | ERROR | GBPUSD=X: No price data found, symbol may be delisted (period=1d)
2025-10-22 02:16:58,493 | ERROR | Failed to get ticker 'USDJPY=X' reason: Expecting value: line 1 column 1 (char 0)
2025-10-22 02:16:59,936 | ERROR | USDJPY=X: No price data found, symbol may be delisted (period=1d)
2025-10-22 02:16:59,936 | INFO | [DATA] Usando datos simulados para USDJPY: $149.6785
2025-10-22 02:17:01,421 | ERROR | Failed to get ticker 'AUDUSD=X' reason: Expecting value: line 1 column 1 (char 0)
2025-10-22 02:17:02,862 | ERROR | AUDUSD=X: No price data found, symbol may be delisted (period=1d)
2025-10-22 02:17:03,995 | INFO | [SIGNAL] SEÑAL DETECTADA: AUDUSD | BEARISH_BREAKOUT
2025-10-22 02:17:04,015 | INFO |    [CONF] Confianza: 72.1% | Riesgo: HIGH
2025-10-22 02:17:04,015 | INFO |    [PRICE] Precio: $0.7252 | Spread: 0.000250
2025-10-22 02:17:04,027 | INFO | [SKIP] Trade no ejecutado para AUDUSD (condiciones no cumplidas)
2025-10-22 02:17:05,370 | ERROR | Failed to get ticker 'GC=F' reason: Expecting value: line 1 column 1 (char 0)
2025-10-22 02:17:06,711 | ERROR | GC=F: No price data found, symbol may be delisted (period=1d)
2025-10-22 02:17:06,714 | INFO | [DATA] Usando datos simulados para XAUUSD: $2655.6443
2025-10-22 02:17:08,210 | ERROR | Failed to get ticker 'SI=F' reason: Expecting value: line 1 column 1 (char 0)
2025-10-22 02:17:09,529 | ERROR | SI=F: No price data found, symbol may be delisted (period=1d)
2025-10-22 02:17:09,529 | INFO | [DATA] Usando datos simulados para XAGUSD: $31.5639
2025-10-22 02:17:09,529 | INFO | [SIGNALS] Señales detectadas: 1
2025-10-22 02:17:09,529 | INFO | [POSITIONS] Posiciones activas: 0
2025-10-22 02:17:09,529 | INFO | [CAPITAL] Capital actual: $500.00
2025-10-22 02:17:09,529 | INFO | [WAIT] Esperando 60 segundos para el próximo ciclo...
2025-10-22 02:18:09,560 | INFO | 
[CYCLE] CICLO 153 - 07:18:09
2025-10-22 02:18:09,568 | INFO | [SESSION] Sesión: TOKYO | Prioridad: LOW
2025-10-22 02:18:10,859 | ERROR | Failed to get ticker 'EURUSD=X' reason: Expecting value: line 1 column 1 (char 0)
2025-10-22 02:18:11,949 | ERROR | EURUSD=X: No price data found, symbol may be delisted (period=1d)
2025-10-22 02:18:14,209 | ERROR | Failed to get ticker 'GBPUSD=X' reason: Expecting value: line 1 column 1 (char 0)
2025-10-22 02:18:15,197 | ERROR | GBPUSD=X: No price data found, symbol may be delisted (period=1d)
2025-10-22 02:18:17,009 | ERROR | Failed to get ticker 'USDJPY=X' reason: Expecting value: line 1 column 1 (char 0)
2025-10-22 02:18:17,960 | ERROR | USDJPY=X: No price data found, symbol may be delisted (period=1d)
2025-10-22 02:18:17,968 | INFO | [DATA] Usando datos simulados para USDJPY: $149.6021
2025-10-22 02:18:17,977 | INFO | [SIGNAL] SEÑAL DETECTADA: USDJPY | BEARISH_BREAKOUT
2025-10-22 02:18:17,984 | INFO |    [CONF] Confianza: 67.9% | Riesgo: MEDIUM
2025-10-22 02:18:17,985 | INFO |    [PRICE] Precio: $149.6021 | Spread: 0.015000
2025-10-22 02:18:17,990 | INFO | [SKIP] Trade no ejecutado para USDJPY (condiciones no cumplidas)
2025-10-22 02:18:18,941 | ERROR | Failed to get ticker 'AUDUSD=X' reason: Expecting value: line 1 column 1 (char 0)
2025-10-22 02:18:20,058 | ERROR | AUDUSD=X: No price data found, symbol may be delisted (period=1d)
2025-10-22 02:18:21,156 | INFO | [SIGNAL] SEÑAL DETECTADA: AUDUSD | BEARISH_BREAKOUT
2025-10-22 02:18:21,158 | INFO |    [CONF] Confianza: 72.1% | Riesgo: HIGH
2025-10-22 02:18:21,158 | INFO |    [PRICE] Precio: $0.7252 | Spread: 0.000250
2025-10-22 02:18:21,158 | INFO | [SKIP] Trade no ejecutado para AUDUSD (condiciones no cumplidas)
2025-10-22 02:18:22,203 | ERROR | Failed to get ticker 'GC=F' reason: Expecting value: line 1 column 1 (char 0)
2025-10-22 02:18:23,233 | ERROR | GC=F: No price data found, symbol may be delisted (period=1d)
2025-10-22 02:18:23,244 | INFO | [DATA] Usando datos simulados para XAUUSD: $2638.2852
2025-10-22 02:18:24,283 | ERROR | Failed to get ticker 'SI=F' reason: Expecting value: line 1 column 1 (char 0)
2025-10-22 02:18:25,296 | ERROR | SI=F: No price data found, symbol may be delisted (period=1d)
2025-10-22 02:18:25,298 | INFO | [DATA] Usando datos simulados para XAGUSD: $31.6047
2025-10-22 02:18:25,308 | INFO | [SIGNAL] SEÑAL DETECTADA: XAGUSD | BULLISH_BREAKOUT
2025-10-22 02:18:25,308 | INFO |    [CONF] Confianza: 72.8% | Riesgo: HIGH
2025-10-22 02:18:25,310 | INFO |    [PRICE] Precio: $31.6047 | Spread: 0.030000
2025-10-22 02:18:25,311 | INFO | [SKIP] Trade no ejecutado para XAGUSD (condiciones no cumplidas)
2025-10-22 02:18:25,312 | INFO | [SIGNALS] Señales detectadas: 3
2025-10-22 02:18:25,313 | INFO | [POSITIONS] Posiciones activas: 0
2025-10-22 02:18:25,313 | INFO | [CAPITAL] Capital actual: $500.00
2025-10-22 02:18:25,315 | INFO | [WAIT] Esperando 60 segundos para el próximo ciclo...
2025-10-22 02:19:25,319 | INFO | 
[CYCLE] CICLO 154 - 07:19:25
2025-10-22 02:19:25,335 | INFO | [SESSION] Sesión: TOKYO | Prioridad: LOW
2025-10-22 02:19:26,719 | ERROR | Failed to get ticker 'EURUSD=X' reason: Expecting value: line 1 column 1 (char 0)
2025-10-22 02:19:27,914 | ERROR | EURUSD=X: No price data found, symbol may be delisted (period=1d)
2025-10-22 02:19:30,157 | ERROR | Failed to get ticker 'GBPUSD=X' reason: Expecting value: line 1 column 1 (char 0)
2025-10-22 02:19:31,335 | ERROR | GBPUSD=X: No price data found, symbol may be delisted (period=1d)
2025-10-22 02:19:33,652 | ERROR | Failed to get ticker 'USDJPY=X' reason: Expecting value: line 1 column 1 (char 0)
2025-10-22 02:19:34,788 | ERROR | USDJPY=X: No price data found, symbol may be delisted (period=1d)
2025-10-22 02:19:34,790 | INFO | [DATA] Usando datos simulados para USDJPY: $149.2310
2025-10-22 02:19:35,912 | ERROR | Failed to get ticker 'AUDUSD=X' reason: Expecting value: line 1 column 1 (char 0)
2025-10-22 02:19:37,106 | ERROR | AUDUSD=X: No price data found, symbol may be delisted (period=1d)
2025-10-22 02:19:38,143 | INFO | [SIGNAL] SEÑAL DETECTADA: AUDUSD | BEARISH_BREAKOUT
2025-10-22 02:19:38,145 | INFO |    [CONF] Confianza: 72.1% | Riesgo: HIGH
2025-10-22 02:19:38,145 | INFO |    [PRICE] Precio: $0.7252 | Spread: 0.000250
2025-10-22 02:19:38,145 | INFO | [SKIP] Trade no ejecutado para AUDUSD (condiciones no cumplidas)
2025-10-22 02:19:39,543 | ERROR | Failed to get ticker 'GC=F' reason: Expecting value: line 1 column 1 (char 0)
2025-10-22 02:19:40,924 | ERROR | GC=F: No price data found, symbol may be delisted (period=1d)
2025-10-22 02:19:40,926 | INFO | [DATA] Usando datos simulados para XAUUSD: $2656.0086
2025-10-22 02:19:42,283 | ERROR | Failed to get ticker 'SI=F' reason: Expecting value: line 1 column 1 (char 0)
2025-10-22 02:19:43,655 | ERROR | SI=F: No price data found, symbol may be delisted (period=1d)
2025-10-22 02:19:43,662 | INFO | [DATA] Usando datos simulados para XAGUSD: $31.5327
2025-10-22 02:19:43,662 | INFO | [SIGNALS] Señales detectadas: 1
2025-10-22 02:19:43,662 | INFO | [POSITIONS] Posiciones activas: 0
2025-10-22 02:19:43,662 | INFO | [CAPITAL] Capital actual: $500.00
2025-10-22 02:19:43,664 | INFO | [WAIT] Esperando 60 segundos para el próximo ciclo...
2025-10-22 02:20:43,668 | INFO | 
[CYCLE] CICLO 155 - 07:20:43
2025-10-22 02:20:43,669 | INFO | [SESSION] Sesión: TOKYO | Prioridad: LOW
2025-10-22 02:20:44,959 | ERROR | Failed to get ticker 'EURUSD=X' reason: Expecting value: line 1 column 1 (char 0)
2025-10-22 02:20:46,168 | ERROR | EURUSD=X: No price data found, symbol may be delisted (period=1d)
2025-10-22 02:20:48,278 | ERROR | Failed to get ticker 'GBPUSD=X' reason: Expecting value: line 1 column 1 (char 0)
2025-10-22 02:20:49,367 | ERROR | GBPUSD=X: No price data found, symbol may be delisted (period=1d)
2025-10-22 02:20:51,590 | ERROR | Failed to get ticker 'USDJPY=X' reason: Expecting value: line 1 column 1 (char 0)
2025-10-22 02:20:52,702 | ERROR | USDJPY=X: No price data found, symbol may be delisted (period=1d)
2025-10-22 02:20:52,725 | INFO | [DATA] Usando datos simulados para USDJPY: $150.0590
2025-10-22 02:20:53,573 | ERROR | Failed to get ticker 'AUDUSD=X' reason: Expecting value: line 1 column 1 (char 0)
2025-10-22 02:20:54,528 | ERROR | AUDUSD=X: No price data found, symbol may be delisted (period=1d)
2025-10-22 02:20:55,435 | INFO | [SIGNAL] SEÑAL DETECTADA: AUDUSD | BEARISH_BREAKOUT
2025-10-22 02:20:55,440 | INFO |    [CONF] Confianza: 72.1% | Riesgo: HIGH
2025-10-22 02:20:55,440 | INFO |    [PRICE] Precio: $0.7252 | Spread: 0.000250
2025-10-22 02:20:55,440 | INFO | [SKIP] Trade no ejecutado para AUDUSD (condiciones no cumplidas)
2025-10-22 02:20:56,383 | ERROR | Failed to get ticker 'GC=F' reason: Expecting value: line 1 column 1 (char 0)
2025-10-22 02:20:57,633 | ERROR | GC=F: No price data found, symbol may be delisted (period=1d)
2025-10-22 02:20:57,637 | INFO | [DATA] Usando datos simulados para XAUUSD: $2642.4999
2025-10-22 02:20:57,673 | INFO | [SIGNAL] SEÑAL DETECTADA: XAUUSD | BULLISH_BREAKOUT
2025-10-22 02:20:57,720 | INFO |    [CONF] Confianza: 73.8% | Riesgo: HIGH
2025-10-22 02:20:57,732 | INFO |    [PRICE] Precio: $2642.4999 | Spread: 0.500000
2025-10-22 02:20:57,738 | INFO | [SKIP] Trade no ejecutado para XAUUSD (condiciones no cumplidas)
2025-10-22 02:20:58,963 | ERROR | Failed to get ticker 'SI=F' reason: Expecting value: line 1 column 1 (char 0)
2025-10-22 02:21:08,745 | ERROR | SI=F: No price data found, symbol may be delisted (period=1d)
2025-10-22 02:21:08,750 | INFO | [DATA] Usando datos simulados para XAGUSD: $31.3669
2025-10-22 02:21:08,763 | INFO | [SIGNAL] SEÑAL DETECTADA: XAGUSD | BEARISH_BREAKOUT
2025-10-22 02:21:08,763 | INFO |    [CONF] Confianza: 66.3% | Riesgo: HIGH
2025-10-22 02:21:08,765 | INFO |    [PRICE] Precio: $31.3669 | Spread: 0.030000
2025-10-22 02:21:08,767 | INFO | [SKIP] Trade no ejecutado para XAGUSD (condiciones no cumplidas)
2025-10-22 02:21:08,770 | INFO | [SIGNALS] Señales detectadas: 3
2025-10-22 02:21:08,770 | INFO | [POSITIONS] Posiciones activas: 0
2025-10-22 02:21:08,771 | INFO | [CAPITAL] Capital actual: $500.00
2025-10-22 02:21:08,772 | INFO | [WAIT] Esperando 60 segundos para el próximo ciclo...
2025-10-22 02:22:08,774 | INFO | 
[CYCLE] CICLO 156 - 07:22:08
2025-10-22 02:22:08,775 | INFO | [SESSION] Sesión: TOKYO | Prioridad: LOW
2025-10-22 02:22:10,331 | ERROR | Failed to get ticker 'EURUSD=X' reason: Expecting value: line 1 column 1 (char 0)
2025-10-22 02:22:11,569 | ERROR | EURUSD=X: No price data found, symbol may be delisted (period=1d)
2025-10-22 02:22:13,644 | ERROR | Failed to get ticker 'GBPUSD=X' reason: Expecting value: line 1 column 1 (char 0)
2025-10-22 02:22:14,812 | ERROR | GBPUSD=X: No price data found, symbol may be delisted (period=1d)
2025-10-22 02:22:17,248 | ERROR | Failed to get ticker 'USDJPY=X' reason: Expecting value: line 1 column 1 (char 0)
2025-10-22 02:22:18,583 | ERROR | USDJPY=X: No price data found, symbol may be delisted (period=1d)
2025-10-22 02:22:18,590 | INFO | [DATA] Usando datos simulados para USDJPY: $150.0515
2025-10-22 02:22:18,611 | INFO | [SIGNAL] SEÑAL DETECTADA: USDJPY | BEARISH_BREAKOUT
2025-10-22 02:22:18,612 | INFO |    [CONF] Confianza: 73.0% | Riesgo: MEDIUM
2025-10-22 02:22:18,613 | INFO |    [PRICE] Precio: $150.0515 | Spread: 0.015000
2025-10-22 02:22:18,616 | INFO | [SKIP] Trade no ejecutado para USDJPY (condiciones no cumplidas)
2025-10-22 02:22:19,937 | ERROR | Failed to get ticker 'AUDUSD=X' reason: Expecting value: line 1 column 1 (char 0)
2025-10-22 02:22:21,251 | ERROR | AUDUSD=X: No price data found, symbol may be delisted (period=1d)
2025-10-22 02:22:22,512 | INFO | [SIGNAL] SEÑAL DETECTADA: AUDUSD | BEARISH_BREAKOUT
2025-10-22 02:22:22,512 | INFO |    [CONF] Confianza: 72.1% | Riesgo: HIGH
2025-10-22 02:22:22,514 | INFO |    [PRICE] Precio: $0.7252 | Spread: 0.000250
2025-10-22 02:22:22,514 | INFO | [SKIP] Trade no ejecutado para AUDUSD (condiciones no cumplidas)
2025-10-22 02:22:23,924 | ERROR | Failed to get ticker 'GC=F' reason: Expecting value: line 1 column 1 (char 0)
2025-10-22 02:22:25,397 | ERROR | GC=F: No price data found, symbol may be delisted (period=1d)
2025-10-22 02:22:25,405 | INFO | [DATA] Usando datos simulados para XAUUSD: $2637.9872
2025-10-22 02:22:25,419 | INFO | [SIGNAL] SEÑAL DETECTADA: XAUUSD | BEARISH_BREAKOUT
2025-10-22 02:22:25,419 | INFO |    [CONF] Confianza: 65.4% | Riesgo: HIGH
2025-10-22 02:22:25,422 | INFO |    [PRICE] Precio: $2637.9872 | Spread: 0.500000
2025-10-22 02:22:25,423 | INFO | [SKIP] Trade no ejecutado para XAUUSD (condiciones no cumplidas)
2025-10-22 02:22:26,863 | ERROR | Failed to get ticker 'SI=F' reason: Expecting value: line 1 column 1 (char 0)
2025-10-22 02:22:28,203 | ERROR | SI=F: No price data found, symbol may be delisted (period=1d)
2025-10-22 02:22:28,207 | INFO | [DATA] Usando datos simulados para XAGUSD: $31.4644
2025-10-22 02:22:28,207 | INFO | [SIGNALS] Señales detectadas: 3
2025-10-22 02:22:28,207 | INFO | [POSITIONS] Posiciones activas: 0
2025-10-22 02:22:28,207 | INFO | [CAPITAL] Capital actual: $500.00
2025-10-22 02:22:28,211 | INFO | [WAIT] Esperando 60 segundos para el próximo ciclo...
2025-10-22 02:23:28,213 | INFO | 
[CYCLE] CICLO 157 - 07:23:28
2025-10-22 02:23:28,216 | INFO | [SESSION] Sesión: TOKYO | Prioridad: LOW
2025-10-22 02:23:29,604 | ERROR | Failed to get ticker 'EURUSD=X' reason: Expecting value: line 1 column 1 (char 0)
2025-10-22 02:23:30,841 | ERROR | EURUSD=X: No price data found, symbol may be delisted (period=1d)
2025-10-22 02:23:33,212 | ERROR | Failed to get ticker 'GBPUSD=X' reason: Expecting value: line 1 column 1 (char 0)
2025-10-22 02:23:34,360 | ERROR | GBPUSD=X: No price data found, symbol may be delisted (period=1d)
2025-10-22 02:23:36,497 | ERROR | Failed to get ticker 'USDJPY=X' reason: Expecting value: line 1 column 1 (char 0)
2025-10-22 02:23:37,641 | ERROR | USDJPY=X: No price data found, symbol may be delisted (period=1d)
2025-10-22 02:23:37,644 | INFO | [DATA] Usando datos simulados para USDJPY: $149.1492
2025-10-22 02:23:38,865 | ERROR | Failed to get ticker 'AUDUSD=X' reason: Expecting value: line 1 column 1 (char 0)
2025-10-22 02:23:39,986 | ERROR | AUDUSD=X: No price data found, symbol may be delisted (period=1d)
2025-10-22 02:23:40,985 | INFO | [SIGNAL] SEÑAL DETECTADA: AUDUSD | BEARISH_BREAKOUT
2025-10-22 02:23:40,985 | INFO |    [CONF] Confianza: 72.1% | Riesgo: HIGH
2025-10-22 02:23:40,991 | INFO |    [PRICE] Precio: $0.7252 | Spread: 0.000250
2025-10-22 02:23:40,991 | INFO | [SKIP] Trade no ejecutado para AUDUSD (condiciones no cumplidas)
2025-10-22 02:23:42,399 | ERROR | Failed to get ticker 'GC=F' reason: Expecting value: line 1 column 1 (char 0)
2025-10-22 02:23:43,770 | ERROR | GC=F: No price data found, symbol may be delisted (period=1d)
2025-10-22 02:23:43,778 | INFO | [DATA] Usando datos simulados para XAUUSD: $2660.7003
2025-10-22 02:23:45,126 | ERROR | Failed to get ticker 'SI=F' reason: Expecting value: line 1 column 1 (char 0)
2025-10-22 02:23:46,472 | ERROR | SI=F: No price data found, symbol may be delisted (period=1d)
2025-10-22 02:23:46,477 | INFO | [DATA] Usando datos simulados para XAGUSD: $31.4353
2025-10-22 02:23:46,478 | INFO | [SIGNALS] Señales detectadas: 1
2025-10-22 02:23:46,479 | INFO | [POSITIONS] Posiciones activas: 0
2025-10-22 02:23:46,479 | INFO | [CAPITAL] Capital actual: $500.00
2025-10-22 02:23:46,481 | INFO | [WAIT] Esperando 60 segundos para el próximo ciclo...
2025-10-22 02:24:46,489 | INFO | 
[CYCLE] CICLO 158 - 07:24:46
2025-10-22 02:24:46,490 | INFO | [SESSION] Sesión: TOKYO | Prioridad: LOW
2025-10-22 02:24:47,809 | ERROR | Failed to get ticker 'EURUSD=X' reason: Expecting value: line 1 column 1 (char 0)
2025-10-22 02:24:49,040 | ERROR | EURUSD=X: No price data found, symbol may be delisted (period=1d)
2025-10-22 02:24:51,254 | ERROR | Failed to get ticker 'GBPUSD=X' reason: Expecting value: line 1 column 1 (char 0)
2025-10-22 02:24:52,527 | ERROR | GBPUSD=X: No price data found, symbol may be delisted (period=1d)
2025-10-22 02:24:54,835 | ERROR | Failed to get ticker 'USDJPY=X' reason: Expecting value: line 1 column 1 (char 0)
2025-10-22 02:24:56,179 | ERROR | USDJPY=X: No price data found, symbol may be delisted (period=1d)
2025-10-22 02:24:56,183 | INFO | [DATA] Usando datos simulados para USDJPY: $149.5551
2025-10-22 02:24:57,266 | ERROR | Failed to get ticker 'AUDUSD=X' reason: Expecting value: line 1 column 1 (char 0)
2025-10-22 02:24:58,466 | ERROR | AUDUSD=X: No price data found, symbol may be delisted (period=1d)
2025-10-22 02:24:59,481 | INFO | [SIGNAL] SEÑAL DETECTADA: AUDUSD | BEARISH_BREAKOUT
2025-10-22 02:24:59,481 | INFO |    [CONF] Confianza: 72.1% | Riesgo: HIGH
2025-10-22 02:24:59,481 | INFO |    [PRICE] Precio: $0.7252 | Spread: 0.000250
2025-10-22 02:24:59,483 | INFO | [SKIP] Trade no ejecutado para AUDUSD (condiciones no cumplidas)
2025-10-22 02:25:00,797 | ERROR | Failed to get ticker 'GC=F' reason: Expecting value: line 1 column 1 (char 0)
2025-10-22 02:25:02,175 | ERROR | GC=F: No price data found, symbol may be delisted (period=1d)
2025-10-22 02:25:02,179 | INFO | [DATA] Usando datos simulados para XAUUSD: $2636.9491
2025-10-22 02:25:03,374 | ERROR | Failed to get ticker 'SI=F' reason: Expecting value: line 1 column 1 (char 0)
2025-10-22 02:25:04,701 | ERROR | SI=F: No price data found, symbol may be delisted (period=1d)
2025-10-22 02:25:04,716 | INFO | [DATA] Usando datos simulados para XAGUSD: $31.4997
2025-10-22 02:25:04,718 | INFO | [SIGNALS] Señales detectadas: 1
2025-10-22 02:25:04,720 | INFO | [POSITIONS] Posiciones activas: 0
2025-10-22 02:25:04,728 | INFO | [CAPITAL] Capital actual: $500.00
2025-10-22 02:25:04,732 | INFO | [WAIT] Esperando 60 segundos para el próximo ciclo...
2025-10-22 02:26:04,750 | INFO | 
[CYCLE] CICLO 159 - 07:26:04
2025-10-22 02:26:04,750 | INFO | [SESSION] Sesión: TOKYO | Prioridad: LOW
2025-10-22 02:26:06,123 | ERROR | Failed to get ticker 'EURUSD=X' reason: Expecting value: line 1 column 1 (char 0)
2025-10-22 02:26:07,379 | ERROR | EURUSD=X: No price data found, symbol may be delisted (period=1d)
2025-10-22 02:26:09,661 | ERROR | Failed to get ticker 'GBPUSD=X' reason: Expecting value: line 1 column 1 (char 0)
2025-10-22 02:26:10,829 | ERROR | GBPUSD=X: No price data found, symbol may be delisted (period=1d)
2025-10-22 02:26:12,997 | ERROR | Failed to get ticker 'USDJPY=X' reason: Expecting value: line 1 column 1 (char 0)
2025-10-22 02:26:14,198 | ERROR | USDJPY=X: No price data found, symbol may be delisted (period=1d)
2025-10-22 02:26:14,252 | INFO | [DATA] Usando datos simulados para USDJPY: $149.4091
2025-10-22 02:26:14,307 | INFO | [SIGNAL] SEÑAL DETECTADA: USDJPY | BEARISH_BREAKOUT
2025-10-22 02:26:14,325 | INFO |    [CONF] Confianza: 70.1% | Riesgo: MEDIUM
2025-10-22 02:26:14,328 | INFO |    [PRICE] Precio: $149.4091 | Spread: 0.015000
2025-10-22 02:26:14,352 | INFO | [SKIP] Trade no ejecutado para USDJPY (condiciones no cumplidas)
2025-10-22 02:26:15,513 | ERROR | Failed to get ticker 'AUDUSD=X' reason: Expecting value: line 1 column 1 (char 0)
2025-10-22 02:26:17,186 | ERROR | AUDUSD=X: No price data found, symbol may be delisted (period=1d)
2025-10-22 02:26:18,438 | INFO | [SIGNAL] SEÑAL DETECTADA: AUDUSD | BEARISH_BREAKOUT
2025-10-22 02:26:18,439 | INFO |    [CONF] Confianza: 72.1% | Riesgo: HIGH
2025-10-22 02:26:18,441 | INFO |    [PRICE] Precio: $0.7252 | Spread: 0.000250
2025-10-22 02:26:18,443 | INFO | [SKIP] Trade no ejecutado para AUDUSD (condiciones no cumplidas)
2025-10-22 02:26:19,681 | ERROR | Failed to get ticker 'GC=F' reason: Expecting value: line 1 column 1 (char 0)
2025-10-22 02:26:20,988 | ERROR | GC=F: No price data found, symbol may be delisted (period=1d)
2025-10-22 02:26:20,990 | INFO | [DATA] Usando datos simulados para XAUUSD: $2659.4588
2025-10-22 02:26:22,156 | ERROR | Failed to get ticker 'SI=F' reason: Expecting value: line 1 column 1 (char 0)
2025-10-22 02:26:23,475 | ERROR | SI=F: No price data found, symbol may be delisted (period=1d)
2025-10-22 02:26:23,531 | INFO | [DATA] Usando datos simulados para XAGUSD: $31.4576
2025-10-22 02:26:23,566 | INFO | [SIGNAL] SEÑAL DETECTADA: XAGUSD | BEARISH_BREAKOUT
2025-10-22 02:26:23,569 | INFO |    [CONF] Confianza: 67.9% | Riesgo: HIGH
2025-10-22 02:26:23,578 | INFO |    [PRICE] Precio: $31.4576 | Spread: 0.030000
2025-10-22 02:26:23,580 | INFO | [SKIP] Trade no ejecutado para XAGUSD (condiciones no cumplidas)
2025-10-22 02:26:23,583 | INFO | [SIGNALS] Señales detectadas: 3
2025-10-22 02:26:23,588 | INFO | [POSITIONS] Posiciones activas: 0
2025-10-22 02:26:23,590 | INFO | [CAPITAL] Capital actual: $500.00
2025-10-22 02:26:23,591 | INFO | [WAIT] Esperando 60 segundos para el próximo ciclo...
2025-10-22 02:27:23,597 | INFO | 
[CYCLE] CICLO 160 - 07:27:23
2025-10-22 02:27:23,597 | INFO | [SESSION] Sesión: TOKYO | Prioridad: LOW
2025-10-22 02:27:24,982 | ERROR | Failed to get ticker 'EURUSD=X' reason: Expecting value: line 1 column 1 (char 0)
2025-10-22 02:27:26,237 | ERROR | EURUSD=X: No price data found, symbol may be delisted (period=1d)
2025-10-22 02:27:28,511 | ERROR | Failed to get ticker 'GBPUSD=X' reason: Expecting value: line 1 column 1 (char 0)
2025-10-22 02:27:29,691 | ERROR | GBPUSD=X: No price data found, symbol may be delisted (period=1d)
2025-10-22 02:27:31,959 | ERROR | Failed to get ticker 'USDJPY=X' reason: Expecting value: line 1 column 1 (char 0)
2025-10-22 02:27:33,292 | ERROR | USDJPY=X: No price data found, symbol may be delisted (period=1d)
2025-10-22 02:27:33,298 | INFO | [DATA] Usando datos simulados para USDJPY: $149.2876
2025-10-22 02:27:33,312 | INFO | [SIGNAL] SEÑAL DETECTADA: USDJPY | BEARISH_BREAKOUT
2025-10-22 02:27:33,312 | INFO |    [CONF] Confianza: 68.6% | Riesgo: MEDIUM
2025-10-22 02:27:33,313 | INFO |    [PRICE] Precio: $149.2876 | Spread: 0.015000
2025-10-22 02:27:33,317 | INFO | [SKIP] Trade no ejecutado para USDJPY (condiciones no cumplidas)
2025-10-22 02:27:34,640 | ERROR | Failed to get ticker 'AUDUSD=X' reason: Expecting value: line 1 column 1 (char 0)
2025-10-22 02:27:36,012 | ERROR | AUDUSD=X: No price data found, symbol may be delisted (period=1d)
2025-10-22 02:27:37,048 | INFO | [SIGNAL] SEÑAL DETECTADA: AUDUSD | BEARISH_BREAKOUT
2025-10-22 02:27:37,052 | INFO |    [CONF] Confianza: 72.1% | Riesgo: HIGH
2025-10-22 02:27:37,052 | INFO |    [PRICE] Precio: $0.7252 | Spread: 0.000250
2025-10-22 02:27:37,052 | INFO | [SKIP] Trade no ejecutado para AUDUSD (condiciones no cumplidas)
2025-10-22 02:27:38,279 | ERROR | Failed to get ticker 'GC=F' reason: Expecting value: line 1 column 1 (char 0)
2025-10-22 02:27:39,689 | ERROR | GC=F: No price data found, symbol may be delisted (period=1d)
2025-10-22 02:27:39,692 | INFO | [DATA] Usando datos simulados para XAUUSD: $2653.9358
2025-10-22 02:27:40,988 | ERROR | Failed to get ticker 'SI=F' reason: Expecting value: line 1 column 1 (char 0)
2025-10-22 02:27:42,331 | ERROR | SI=F: No price data found, symbol may be delisted (period=1d)
2025-10-22 02:27:42,334 | INFO | [DATA] Usando datos simulados para XAGUSD: $31.5028
2025-10-22 02:27:42,334 | INFO | [SIGNALS] Señales detectadas: 2
2025-10-22 02:27:42,334 | INFO | [POSITIONS] Posiciones activas: 0
2025-10-22 02:27:42,334 | INFO | [CAPITAL] Capital actual: $500.00
2025-10-22 02:27:42,334 | INFO | [STATS] ROI Total: +0.00% | Señales totales: 241
2025-10-22 02:27:42,336 | INFO | [WAIT] Esperando 60 segundos para el próximo ciclo...
2025-10-22 02:28:42,344 | INFO | 
[CYCLE] CICLO 161 - 07:28:42
2025-10-22 02:28:42,344 | INFO | [SESSION] Sesión: TOKYO | Prioridad: LOW
2025-10-22 02:28:43,947 | ERROR | Failed to get ticker 'EURUSD=X' reason: Expecting value: line 1 column 1 (char 0)
2025-10-22 02:28:45,257 | ERROR | EURUSD=X: No price data found, symbol may be delisted (period=1d)
2025-10-22 02:28:47,703 | ERROR | Failed to get ticker 'GBPUSD=X' reason: Expecting value: line 1 column 1 (char 0)
2025-10-22 02:28:48,805 | ERROR | GBPUSD=X: No price data found, symbol may be delisted (period=1d)
2025-10-22 02:28:50,974 | ERROR | Failed to get ticker 'USDJPY=X' reason: Expecting value: line 1 column 1 (char 0)
2025-10-22 02:28:52,089 | ERROR | USDJPY=X: No price data found, symbol may be delisted (period=1d)
2025-10-22 02:28:52,093 | INFO | [DATA] Usando datos simulados para USDJPY: $149.4638
2025-10-22 02:28:53,312 | ERROR | Failed to get ticker 'AUDUSD=X' reason: Expecting value: line 1 column 1 (char 0)
2025-10-22 02:28:54,403 | ERROR | AUDUSD=X: No price data found, symbol may be delisted (period=1d)
2025-10-22 02:28:55,365 | INFO | [SIGNAL] SEÑAL DETECTADA: AUDUSD | BEARISH_BREAKOUT
2025-10-22 02:28:55,365 | INFO |    [CONF] Confianza: 72.1% | Riesgo: HIGH
2025-10-22 02:28:55,365 | INFO |    [PRICE] Precio: $0.7252 | Spread: 0.000250
2025-10-22 02:28:55,365 | INFO | [SKIP] Trade no ejecutado para AUDUSD (condiciones no cumplidas)
2025-10-22 02:28:56,625 | ERROR | Failed to get ticker 'GC=F' reason: Expecting value: line 1 column 1 (char 0)
2025-10-22 02:28:57,841 | ERROR | GC=F: No price data found, symbol may be delisted (period=1d)
2025-10-22 02:28:57,845 | INFO | [DATA] Usando datos simulados para XAUUSD: $2637.2056
2025-10-22 02:28:59,200 | ERROR | Failed to get ticker 'SI=F' reason: Expecting value: line 1 column 1 (char 0)
2025-10-22 02:29:00,487 | ERROR | SI=F: No price data found, symbol may be delisted (period=1d)
2025-10-22 02:29:00,493 | INFO | [DATA] Usando datos simulados para XAGUSD: $31.4351
2025-10-22 02:29:00,493 | INFO | [SIGNALS] Señales detectadas: 1
2025-10-22 02:29:00,494 | INFO | [POSITIONS] Posiciones activas: 0
2025-10-22 02:29:00,494 | INFO | [CAPITAL] Capital actual: $500.00
2025-10-22 02:29:00,494 | INFO | [WAIT] Esperando 60 segundos para el próximo ciclo...
2025-10-22 02:30:00,500 | INFO | 
[CYCLE] CICLO 162 - 07:30:00
2025-10-22 02:30:00,511 | INFO | [SESSION] Sesión: TOKYO | Prioridad: LOW
2025-10-22 02:30:01,834 | ERROR | Failed to get ticker 'EURUSD=X' reason: Expecting value: line 1 column 1 (char 0)
2025-10-22 02:30:03,032 | ERROR | EURUSD=X: No price data found, symbol may be delisted (period=1d)
2025-10-22 02:30:05,274 | ERROR | Failed to get ticker 'GBPUSD=X' reason: Expecting value: line 1 column 1 (char 0)
2025-10-22 02:30:06,606 | ERROR | GBPUSD=X: No price data found, symbol may be delisted (period=1d)
2025-10-22 02:30:08,654 | ERROR | Failed to get ticker 'USDJPY=X' reason: Expecting value: line 1 column 1 (char 0)
2025-10-22 02:30:09,998 | ERROR | USDJPY=X: No price data found, symbol may be delisted (period=1d)
2025-10-22 02:30:10,004 | INFO | [DATA] Usando datos simulados para USDJPY: $149.6293
2025-10-22 02:30:11,294 | ERROR | Failed to get ticker 'AUDUSD=X' reason: Expecting value: line 1 column 1 (char 0)
2025-10-22 02:30:12,692 | ERROR | AUDUSD=X: No price data found, symbol may be delisted (period=1d)
2025-10-22 02:30:13,700 | INFO | [SIGNAL] SEÑAL DETECTADA: AUDUSD | BEARISH_BREAKOUT
2025-10-22 02:30:13,700 | INFO |    [CONF] Confianza: 72.1% | Riesgo: HIGH
2025-10-22 02:30:13,700 | INFO |    [PRICE] Precio: $0.7252 | Spread: 0.000250
2025-10-22 02:30:13,702 | INFO | [SKIP] Trade no ejecutado para AUDUSD (condiciones no cumplidas)
2025-10-22 02:30:15,023 | ERROR | Failed to get ticker 'GC=F' reason: Expecting value: line 1 column 1 (char 0)
2025-10-22 02:30:16,329 | ERROR | GC=F: No price data found, symbol may be delisted (period=1d)
2025-10-22 02:30:16,331 | INFO | [DATA] Usando datos simulados para XAUUSD: $2663.1917
2025-10-22 02:30:17,612 | ERROR | Failed to get ticker 'SI=F' reason: Expecting value: line 1 column 1 (char 0)
2025-10-22 02:30:19,008 | ERROR | SI=F: No price data found, symbol may be delisted (period=1d)
2025-10-22 02:30:19,014 | INFO | [DATA] Usando datos simulados para XAGUSD: $31.4743
2025-10-22 02:30:19,014 | INFO | [SIGNALS] Señales detectadas: 1
2025-10-22 02:30:19,017 | INFO | [POSITIONS] Posiciones activas: 0
2025-10-22 02:30:19,019 | INFO | [CAPITAL] Capital actual: $500.00
2025-10-22 02:30:19,019 | INFO | [WAIT] Esperando 60 segundos para el próximo ciclo...
2025-10-22 02:31:19,033 | INFO | 
[CYCLE] CICLO 163 - 07:31:19
2025-10-22 02:31:19,034 | INFO | [SESSION] Sesión: TOKYO | Prioridad: LOW
2025-10-22 02:31:20,299 | ERROR | Failed to get ticker 'EURUSD=X' reason: Expecting value: line 1 column 1 (char 0)
2025-10-22 02:31:21,326 | ERROR | EURUSD=X: No price data found, symbol may be delisted (period=1d)
2025-10-22 02:31:23,716 | ERROR | Failed to get ticker 'GBPUSD=X' reason: Expecting value: line 1 column 1 (char 0)
2025-10-22 02:31:24,983 | ERROR | GBPUSD=X: No price data found, symbol may be delisted (period=1d)
2025-10-22 02:31:27,038 | ERROR | Failed to get ticker 'USDJPY=X' reason: Expecting value: line 1 column 1 (char 0)
2025-10-22 02:31:28,279 | ERROR | USDJPY=X: No price data found, symbol may be delisted (period=1d)
2025-10-22 02:31:28,284 | INFO | [DATA] Usando datos simulados para USDJPY: $149.1808
2025-10-22 02:31:29,551 | ERROR | Failed to get ticker 'AUDUSD=X' reason: Expecting value: line 1 column 1 (char 0)
2025-10-22 02:31:30,782 | ERROR | AUDUSD=X: No price data found, symbol may be delisted (period=1d)
2025-10-22 02:31:31,962 | INFO | [SIGNAL] SEÑAL DETECTADA: AUDUSD | BEARISH_BREAKOUT
2025-10-22 02:31:31,965 | INFO |    [CONF] Confianza: 72.1% | Riesgo: HIGH
2025-10-22 02:31:31,990 | INFO |    [PRICE] Precio: $0.7252 | Spread: 0.000250
2025-10-22 02:31:31,991 | INFO | [SKIP] Trade no ejecutado para AUDUSD (condiciones no cumplidas)
2025-10-22 02:31:33,214 | ERROR | Failed to get ticker 'GC=F' reason: Expecting value: line 1 column 1 (char 0)
2025-10-22 02:31:34,406 | ERROR | GC=F: No price data found, symbol may be delisted (period=1d)
2025-10-22 02:31:34,417 | INFO | [DATA] Usando datos simulados para XAUUSD: $2646.3993
2025-10-22 02:31:34,434 | INFO | [SIGNAL] SEÑAL DETECTADA: XAUUSD | BEARISH_BREAKOUT
2025-10-22 02:31:34,436 | INFO |    [CONF] Confianza: 66.7% | Riesgo: HIGH
2025-10-22 02:31:34,436 | INFO |    [PRICE] Precio: $2646.3993 | Spread: 0.500000
2025-10-22 02:31:34,443 | INFO | [SKIP] Trade no ejecutado para XAUUSD (condiciones no cumplidas)
2025-10-22 02:31:35,709 | ERROR | Failed to get ticker 'SI=F' reason: Expecting value: line 1 column 1 (char 0)
2025-10-22 02:31:36,917 | ERROR | SI=F: No price data found, symbol may be delisted (period=1d)
2025-10-22 02:31:36,920 | INFO | [DATA] Usando datos simulados para XAGUSD: $31.3793
2025-10-22 02:31:36,920 | INFO | [SIGNALS] Señales detectadas: 2
2025-10-22 02:31:36,920 | INFO | [POSITIONS] Posiciones activas: 0
2025-10-22 02:31:36,920 | INFO | [CAPITAL] Capital actual: $500.00
2025-10-22 02:31:36,920 | INFO | [WAIT] Esperando 60 segundos para el próximo ciclo...
2025-10-22 02:32:36,930 | INFO | 
[CYCLE] CICLO 164 - 07:32:36
2025-10-22 02:32:36,932 | INFO | [SESSION] Sesión: TOKYO | Prioridad: LOW
2025-10-22 02:32:38,466 | ERROR | Failed to get ticker 'EURUSD=X' reason: Expecting value: line 1 column 1 (char 0)
2025-10-22 02:32:39,654 | ERROR | EURUSD=X: No price data found, symbol may be delisted (period=1d)
2025-10-22 02:32:41,806 | ERROR | Failed to get ticker 'GBPUSD=X' reason: Expecting value: line 1 column 1 (char 0)
2025-10-22 02:32:43,018 | ERROR | GBPUSD=X: No price data found, symbol may be delisted (period=1d)
2025-10-22 02:32:45,233 | ERROR | Failed to get ticker 'USDJPY=X' reason: Expecting value: line 1 column 1 (char 0)
2025-10-22 02:32:46,405 | ERROR | USDJPY=X: No price data found, symbol may be delisted (period=1d)
2025-10-22 02:32:46,405 | INFO | [DATA] Usando datos simulados para USDJPY: $150.0776
2025-10-22 02:32:47,638 | ERROR | Failed to get ticker 'AUDUSD=X' reason: Expecting value: line 1 column 1 (char 0)
2025-10-22 02:32:48,857 | ERROR | AUDUSD=X: No price data found, symbol may be delisted (period=1d)
2025-10-22 02:32:50,099 | INFO | [SIGNAL] SEÑAL DETECTADA: AUDUSD | BEARISH_BREAKOUT
2025-10-22 02:32:50,102 | INFO |    [CONF] Confianza: 72.1% | Riesgo: HIGH
2025-10-22 02:32:50,102 | INFO |    [PRICE] Precio: $0.7252 | Spread: 0.000250
2025-10-22 02:32:50,104 | INFO | [SKIP] Trade no ejecutado para AUDUSD (condiciones no cumplidas)
2025-10-22 02:32:51,579 | ERROR | Failed to get ticker 'GC=F' reason: Expecting value: line 1 column 1 (char 0)
2025-10-22 02:32:52,891 | ERROR | GC=F: No price data found, symbol may be delisted (period=1d)
2025-10-22 02:32:52,897 | INFO | [DATA] Usando datos simulados para XAUUSD: $2642.3186
2025-10-22 02:32:54,118 | ERROR | Failed to get ticker 'SI=F' reason: Expecting value: line 1 column 1 (char 0)
2025-10-22 02:32:55,435 | ERROR | SI=F: No price data found, symbol may be delisted (period=1d)
2025-10-22 02:32:55,437 | INFO | [DATA] Usando datos simulados para XAGUSD: $31.5281
2025-10-22 02:32:55,439 | INFO | [SIGNALS] Señales detectadas: 1
2025-10-22 02:32:55,439 | INFO | [POSITIONS] Posiciones activas: 0
2025-10-22 02:32:55,440 | INFO | [CAPITAL] Capital actual: $500.00
2025-10-22 02:32:55,440 | INFO | [WAIT] Esperando 60 segundos para el próximo ciclo...
2025-10-22 02:33:55,443 | INFO | 
[CYCLE] CICLO 165 - 07:33:55
2025-10-22 02:33:55,445 | INFO | [SESSION] Sesión: TOKYO | Prioridad: LOW
2025-10-22 02:33:56,992 | ERROR | Failed to get ticker 'EURUSD=X' reason: Expecting value: line 1 column 1 (char 0)
2025-10-22 02:33:58,277 | ERROR | EURUSD=X: No price data found, symbol may be delisted (period=1d)
2025-10-22 02:34:00,857 | ERROR | Failed to get ticker 'GBPUSD=X' reason: Expecting value: line 1 column 1 (char 0)
2025-10-22 02:34:02,167 | ERROR | GBPUSD=X: No price data found, symbol may be delisted (period=1d)
2025-10-22 02:34:04,209 | ERROR | Failed to get ticker 'USDJPY=X' reason: Expecting value: line 1 column 1 (char 0)
2025-10-22 02:34:05,411 | ERROR | USDJPY=X: No price data found, symbol may be delisted (period=1d)
2025-10-22 02:34:05,413 | INFO | [DATA] Usando datos simulados para USDJPY: $150.1233
2025-10-22 02:34:05,427 | INFO | [SIGNAL] SEÑAL DETECTADA: USDJPY | BEARISH_BREAKOUT
2025-10-22 02:34:05,427 | INFO |    [CONF] Confianza: 73.3% | Riesgo: MEDIUM
2025-10-22 02:34:05,428 | INFO |    [PRICE] Precio: $150.1233 | Spread: 0.015000
2025-10-22 02:34:05,434 | INFO | [SKIP] Trade no ejecutado para USDJPY (condiciones no cumplidas)
2025-10-22 02:34:06,623 | ERROR | Failed to get ticker 'AUDUSD=X' reason: Expecting value: line 1 column 1 (char 0)
2025-10-22 02:34:07,746 | ERROR | AUDUSD=X: No price data found, symbol may be delisted (period=1d)
2025-10-22 02:34:08,733 | INFO | [SIGNAL] SEÑAL DETECTADA: AUDUSD | BEARISH_BREAKOUT
2025-10-22 02:34:08,733 | INFO |    [CONF] Confianza: 72.1% | Riesgo: HIGH
2025-10-22 02:34:08,733 | INFO |    [PRICE] Precio: $0.7252 | Spread: 0.000250
2025-10-22 02:34:08,733 | INFO | [SKIP] Trade no ejecutado para AUDUSD (condiciones no cumplidas)
2025-10-22 02:34:10,119 | ERROR | Failed to get ticker 'GC=F' reason: Expecting value: line 1 column 1 (char 0)
2025-10-22 02:34:11,361 | ERROR | GC=F: No price data found, symbol may be delisted (period=1d)
2025-10-22 02:34:11,365 | INFO | [DATA] Usando datos simulados para XAUUSD: $2651.6926
2025-10-22 02:34:12,571 | ERROR | Failed to get ticker 'SI=F' reason: Expecting value: line 1 column 1 (char 0)
2025-10-22 02:34:13,806 | ERROR | SI=F: No price data found, symbol may be delisted (period=1d)
2025-10-22 02:34:13,809 | INFO | [DATA] Usando datos simulados para XAGUSD: $31.6122
2025-10-22 02:34:13,809 | INFO | [SIGNALS] Señales detectadas: 2
2025-10-22 02:34:13,809 | INFO | [POSITIONS] Posiciones activas: 0
2025-10-22 02:34:13,809 | INFO | [CAPITAL] Capital actual: $500.00
2025-10-22 02:34:13,809 | INFO | [WAIT] Esperando 60 segundos para el próximo ciclo...
2025-10-22 02:35:13,814 | INFO | 
[CYCLE] CICLO 166 - 07:35:13
2025-10-22 02:35:13,815 | INFO | [SESSION] Sesión: TOKYO | Prioridad: LOW
2025-10-22 02:35:15,236 | ERROR | Failed to get ticker 'EURUSD=X' reason: Expecting value: line 1 column 1 (char 0)
2025-10-22 02:35:16,623 | ERROR | EURUSD=X: No price data found, symbol may be delisted (period=1d)
2025-10-22 02:35:18,867 | ERROR | Failed to get ticker 'GBPUSD=X' reason: Expecting value: line 1 column 1 (char 0)
2025-10-22 02:35:19,963 | ERROR | GBPUSD=X: No price data found, symbol may be delisted (period=1d)
2025-10-22 02:35:22,392 | ERROR | Failed to get ticker 'USDJPY=X' reason: Expecting value: line 1 column 1 (char 0)
2025-10-22 02:35:23,620 | ERROR | USDJPY=X: No price data found, symbol may be delisted (period=1d)
2025-10-22 02:35:23,631 | INFO | [DATA] Usando datos simulados para USDJPY: $150.1484
2025-10-22 02:35:24,914 | ERROR | Failed to get ticker 'AUDUSD=X' reason: Expecting value: line 1 column 1 (char 0)
2025-10-22 02:35:26,214 | ERROR | AUDUSD=X: No price data found, symbol may be delisted (period=1d)
2025-10-22 02:35:27,210 | INFO | [SIGNAL] SEÑAL DETECTADA: AUDUSD | BEARISH_BREAKOUT
2025-10-22 02:35:27,212 | INFO |    [CONF] Confianza: 72.1% | Riesgo: HIGH
2025-10-22 02:35:27,214 | INFO |    [PRICE] Precio: $0.7252 | Spread: 0.000250
2025-10-22 02:35:27,214 | INFO | [SKIP] Trade no ejecutado para AUDUSD (condiciones no cumplidas)
2025-10-22 02:35:28,598 | ERROR | Failed to get ticker 'GC=F' reason: Expecting value: line 1 column 1 (char 0)
2025-10-22 02:35:29,738 | ERROR | GC=F: No price data found, symbol may be delisted (period=1d)
2025-10-22 02:35:29,740 | INFO | [DATA] Usando datos simulados para XAUUSD: $2642.7471
2025-10-22 02:35:31,063 | ERROR | Failed to get ticker 'SI=F' reason: Expecting value: line 1 column 1 (char 0)
2025-10-22 02:35:32,336 | ERROR | SI=F: No price data found, symbol may be delisted (period=1d)
2025-10-22 02:35:32,341 | INFO | [DATA] Usando datos simulados para XAGUSD: $31.4651
2025-10-22 02:35:32,344 | INFO | [SIGNAL] SEÑAL DETECTADA: XAGUSD | BULLISH_BREAKOUT
2025-10-22 02:35:32,344 | INFO |    [CONF] Confianza: 71.6% | Riesgo: HIGH
2025-10-22 02:35:32,344 | INFO |    [PRICE] Precio: $31.4651 | Spread: 0.030000
2025-10-22 02:35:32,344 | INFO | [SKIP] Trade no ejecutado para XAGUSD (condiciones no cumplidas)
2025-10-22 02:35:32,351 | INFO | [SIGNALS] Señales detectadas: 2
2025-10-22 02:35:32,352 | INFO | [POSITIONS] Posiciones activas: 0
2025-10-22 02:35:32,352 | INFO | [CAPITAL] Capital actual: $500.00
2025-10-22 02:35:32,354 | INFO | [WAIT] Esperando 60 segundos para el próximo ciclo...
2025-10-22 02:36:32,367 | INFO | 
[CYCLE] CICLO 167 - 07:36:32
2025-10-22 02:36:32,368 | INFO | [SESSION] Sesión: TOKYO | Prioridad: LOW
2025-10-22 02:36:33,815 | ERROR | Failed to get ticker 'EURUSD=X' reason: Expecting value: line 1 column 1 (char 0)
2025-10-22 02:36:35,181 | ERROR | EURUSD=X: No price data found, symbol may be delisted (period=1d)
2025-10-22 02:36:38,274 | ERROR | Failed to get ticker 'GBPUSD=X' reason: Expecting value: line 1 column 1 (char 0)
2025-10-22 02:36:39,550 | ERROR | GBPUSD=X: No price data found, symbol may be delisted (period=1d)
2025-10-22 02:36:41,858 | ERROR | Failed to get ticker 'USDJPY=X' reason: Expecting value: line 1 column 1 (char 0)
2025-10-22 02:36:43,083 | ERROR | USDJPY=X: No price data found, symbol may be delisted (period=1d)
2025-10-22 02:36:43,085 | INFO | [DATA] Usando datos simulados para USDJPY: $149.4559
2025-10-22 02:36:44,228 | ERROR | Failed to get ticker 'AUDUSD=X' reason: Expecting value: line 1 column 1 (char 0)
2025-10-22 02:36:45,440 | ERROR | AUDUSD=X: No price data found, symbol may be delisted (period=1d)
2025-10-22 02:36:46,435 | INFO | [SIGNAL] SEÑAL DETECTADA: AUDUSD | BEARISH_BREAKOUT
2025-10-22 02:36:46,436 | INFO |    [CONF] Confianza: 72.1% | Riesgo: HIGH
2025-10-22 02:36:46,438 | INFO |    [PRICE] Precio: $0.7252 | Spread: 0.000250
2025-10-22 02:36:46,440 | INFO | [SKIP] Trade no ejecutado para AUDUSD (condiciones no cumplidas)
2025-10-22 02:36:47,735 | ERROR | Failed to get ticker 'GC=F' reason: Expecting value: line 1 column 1 (char 0)
2025-10-22 02:36:48,866 | ERROR | GC=F: No price data found, symbol may be delisted (period=1d)
2025-10-22 02:36:48,873 | INFO | [DATA] Usando datos simulados para XAUUSD: $2658.2240
2025-10-22 02:36:50,104 | ERROR | Failed to get ticker 'SI=F' reason: Expecting value: line 1 column 1 (char 0)
2025-10-22 02:36:51,247 | ERROR | SI=F: No price data found, symbol may be delisted (period=1d)
2025-10-22 02:36:51,254 | INFO | [DATA] Usando datos simulados para XAGUSD: $31.3984
2025-10-22 02:36:51,254 | INFO | [SIGNALS] Señales detectadas: 1
2025-10-22 02:36:51,257 | INFO | [POSITIONS] Posiciones activas: 0
2025-10-22 02:36:51,261 | INFO | [CAPITAL] Capital actual: $500.00
2025-10-22 02:36:51,271 | INFO | [WAIT] Esperando 60 segundos para el próximo ciclo...
2025-10-22 02:37:51,283 | INFO | 
[CYCLE] CICLO 168 - 07:37:51
2025-10-22 02:37:51,283 | INFO | [SESSION] Sesión: TOKYO | Prioridad: LOW
2025-10-22 02:37:52,721 | ERROR | Failed to get ticker 'EURUSD=X' reason: Expecting value: line 1 column 1 (char 0)
2025-10-22 02:37:54,152 | ERROR | EURUSD=X: No price data found, symbol may be delisted (period=1d)
2025-10-22 02:37:56,593 | ERROR | Failed to get ticker 'GBPUSD=X' reason: Expecting value: line 1 column 1 (char 0)
2025-10-22 02:37:57,780 | ERROR | GBPUSD=X: No price data found, symbol may be delisted (period=1d)
2025-10-22 02:38:00,676 | ERROR | Failed to get ticker 'USDJPY=X' reason: Expecting value: line 1 column 1 (char 0)
2025-10-22 02:38:01,864 | ERROR | USDJPY=X: No price data found, symbol may be delisted (period=1d)
2025-10-22 02:38:01,871 | INFO | [DATA] Usando datos simulados para USDJPY: $148.8979
2025-10-22 02:38:03,123 | ERROR | Failed to get ticker 'AUDUSD=X' reason: Expecting value: line 1 column 1 (char 0)
2025-10-22 02:38:04,380 | ERROR | AUDUSD=X: No price data found, symbol may be delisted (period=1d)
2025-10-22 02:38:05,496 | INFO | [SIGNAL] SEÑAL DETECTADA: AUDUSD | BEARISH_BREAKOUT
2025-10-22 02:38:05,498 | INFO |    [CONF] Confianza: 72.1% | Riesgo: HIGH
2025-10-22 02:38:05,498 | INFO |    [PRICE] Precio: $0.7252 | Spread: 0.000250
2025-10-22 02:38:05,498 | INFO | [SKIP] Trade no ejecutado para AUDUSD (condiciones no cumplidas)
2025-10-22 02:38:07,118 | ERROR | Failed to get ticker 'GC=F' reason: Expecting value: line 1 column 1 (char 0)
2025-10-22 02:38:08,388 | ERROR | GC=F: No price data found, symbol may be delisted (period=1d)
2025-10-22 02:38:08,392 | INFO | [DATA] Usando datos simulados para XAUUSD: $2643.2366
2025-10-22 02:38:09,719 | ERROR | Failed to get ticker 'SI=F' reason: Expecting value: line 1 column 1 (char 0)
2025-10-22 02:38:11,194 | ERROR | SI=F: No price data found, symbol may be delisted (period=1d)
2025-10-22 02:38:11,200 | INFO | [DATA] Usando datos simulados para XAGUSD: $31.4718
2025-10-22 02:38:11,208 | INFO | [SIGNAL] SEÑAL DETECTADA: XAGUSD | BEARISH_BREAKOUT
2025-10-22 02:38:11,212 | INFO |    [CONF] Confianza: 65.8% | Riesgo: HIGH
2025-10-22 02:38:11,212 | INFO |    [PRICE] Precio: $31.4718 | Spread: 0.030000
2025-10-22 02:38:11,212 | INFO | [SKIP] Trade no ejecutado para XAGUSD (condiciones no cumplidas)
2025-10-22 02:38:11,217 | INFO | [SIGNALS] Señales detectadas: 2
2025-10-22 02:38:11,219 | INFO | [POSITIONS] Posiciones activas: 0
2025-10-22 02:38:11,220 | INFO | [CAPITAL] Capital actual: $500.00
2025-10-22 02:38:11,221 | INFO | [WAIT] Esperando 60 segundos para el próximo ciclo...
2025-10-22 02:39:11,230 | INFO | 
[CYCLE] CICLO 169 - 07:39:11
2025-10-22 02:39:11,230 | INFO | [SESSION] Sesión: TOKYO | Prioridad: LOW
2025-10-22 02:39:12,745 | ERROR | Failed to get ticker 'EURUSD=X' reason: Expecting value: line 1 column 1 (char 0)
2025-10-22 02:39:14,196 | ERROR | EURUSD=X: No price data found, symbol may be delisted (period=1d)
2025-10-22 02:39:16,913 | ERROR | Failed to get ticker 'GBPUSD=X' reason: Expecting value: line 1 column 1 (char 0)
2025-10-22 02:39:18,251 | ERROR | GBPUSD=X: No price data found, symbol may be delisted (period=1d)
2025-10-22 02:39:20,653 | ERROR | Failed to get ticker 'USDJPY=X' reason: Expecting value: line 1 column 1 (char 0)
2025-10-22 02:39:21,877 | ERROR | USDJPY=X: No price data found, symbol may be delisted (period=1d)
2025-10-22 02:39:21,882 | INFO | [DATA] Usando datos simulados para USDJPY: $149.4924
2025-10-22 02:39:23,177 | ERROR | Failed to get ticker 'AUDUSD=X' reason: Expecting value: line 1 column 1 (char 0)
2025-10-22 02:39:24,359 | ERROR | AUDUSD=X: No price data found, symbol may be delisted (period=1d)
2025-10-22 02:39:25,371 | INFO | [SIGNAL] SEÑAL DETECTADA: AUDUSD | BEARISH_BREAKOUT
2025-10-22 02:39:25,371 | INFO |    [CONF] Confianza: 72.1% | Riesgo: HIGH
2025-10-22 02:39:25,373 | INFO |    [PRICE] Precio: $0.7252 | Spread: 0.000250
2025-10-22 02:39:25,373 | INFO | [SKIP] Trade no ejecutado para AUDUSD (condiciones no cumplidas)
2025-10-22 02:39:26,792 | ERROR | Failed to get ticker 'GC=F' reason: Expecting value: line 1 column 1 (char 0)
2025-10-22 02:39:28,008 | ERROR | GC=F: No price data found, symbol may be delisted (period=1d)
2025-10-22 02:39:28,014 | INFO | [DATA] Usando datos simulados para XAUUSD: $2656.4050
2025-10-22 02:39:28,023 | INFO | [SIGNAL] SEÑAL DETECTADA: XAUUSD | BULLISH_BREAKOUT
2025-10-22 02:39:28,026 | INFO |    [CONF] Confianza: 72.9% | Riesgo: HIGH
2025-10-22 02:39:28,028 | INFO |    [PRICE] Precio: $2656.4050 | Spread: 0.500000
2025-10-22 02:39:28,028 | INFO | [SKIP] Trade no ejecutado para XAUUSD (condiciones no cumplidas)
2025-10-22 02:39:29,302 | ERROR | Failed to get ticker 'SI=F' reason: Expecting value: line 1 column 1 (char 0)
2025-10-22 02:39:30,419 | ERROR | SI=F: No price data found, symbol may be delisted (period=1d)
2025-10-22 02:39:30,422 | INFO | [DATA] Usando datos simulados para XAGUSD: $31.4746
2025-10-22 02:39:30,422 | INFO | [SIGNALS] Señales detectadas: 2
2025-10-22 02:39:30,422 | INFO | [POSITIONS] Posiciones activas: 0
2025-10-22 02:39:30,422 | INFO | [CAPITAL] Capital actual: $500.00
2025-10-22 02:39:30,422 | INFO | [WAIT] Esperando 60 segundos para el próximo ciclo...
2025-10-22 02:40:30,424 | INFO | 
[CYCLE] CICLO 170 - 07:40:30
2025-10-22 02:40:30,428 | INFO | [SESSION] Sesión: TOKYO | Prioridad: LOW
2025-10-22 02:40:31,561 | ERROR | Failed to get ticker 'EURUSD=X' reason: Expecting value: line 1 column 1 (char 0)
2025-10-22 02:40:32,727 | ERROR | EURUSD=X: No price data found, symbol may be delisted (period=1d)
2025-10-22 02:40:34,610 | ERROR | Failed to get ticker 'GBPUSD=X' reason: Expecting value: line 1 column 1 (char 0)
2025-10-22 02:40:35,719 | ERROR | GBPUSD=X: No price data found, symbol may be delisted (period=1d)
2025-10-22 02:40:37,954 | ERROR | Failed to get ticker 'USDJPY=X' reason: Expecting value: line 1 column 1 (char 0)
2025-10-22 02:40:39,178 | ERROR | USDJPY=X: No price data found, symbol may be delisted (period=1d)
2025-10-22 02:40:39,182 | INFO | [DATA] Usando datos simulados para USDJPY: $149.3662
2025-10-22 02:40:40,443 | ERROR | Failed to get ticker 'AUDUSD=X' reason: Expecting value: line 1 column 1 (char 0)
2025-10-22 02:40:41,660 | ERROR | AUDUSD=X: No price data found, symbol may be delisted (period=1d)
2025-10-22 02:40:42,820 | INFO | [SIGNAL] SEÑAL DETECTADA: AUDUSD | BEARISH_BREAKOUT
2025-10-22 02:40:42,822 | INFO |    [CONF] Confianza: 72.1% | Riesgo: HIGH
2025-10-22 02:40:42,822 | INFO |    [PRICE] Precio: $0.7252 | Spread: 0.000250
2025-10-22 02:40:42,828 | INFO | [SKIP] Trade no ejecutado para AUDUSD (condiciones no cumplidas)
2025-10-22 02:40:44,069 | ERROR | Failed to get ticker 'GC=F' reason: Expecting value: line 1 column 1 (char 0)
2025-10-22 02:40:45,507 | ERROR | GC=F: No price data found, symbol may be delisted (period=1d)
2025-10-22 02:40:45,512 | INFO | [DATA] Usando datos simulados para XAUUSD: $2638.4995
2025-10-22 02:40:46,628 | ERROR | Failed to get ticker 'SI=F' reason: Expecting value: line 1 column 1 (char 0)
2025-10-22 02:40:47,830 | ERROR | SI=F: No price data found, symbol may be delisted (period=1d)
2025-10-22 02:40:47,836 | INFO | [DATA] Usando datos simulados para XAGUSD: $31.4519
2025-10-22 02:40:47,851 | INFO | [SIGNAL] SEÑAL DETECTADA: XAGUSD | BEARISH_BREAKOUT
2025-10-22 02:40:47,854 | INFO |    [CONF] Confianza: 78.7% | Riesgo: HIGH
2025-10-22 02:40:47,857 | INFO |    [PRICE] Precio: $31.4519 | Spread: 0.030000
2025-10-22 02:40:47,858 | INFO | [SKIP] Trade no ejecutado para XAGUSD (condiciones no cumplidas)
2025-10-22 02:40:47,859 | INFO | [SIGNALS] Señales detectadas: 2
2025-10-22 02:40:47,861 | INFO | [POSITIONS] Posiciones activas: 0
2025-10-22 02:40:47,862 | INFO | [CAPITAL] Capital actual: $500.00
2025-10-22 02:40:47,863 | INFO | [STATS] ROI Total: +0.00% | Señales totales: 257
2025-10-22 02:40:47,864 | INFO | [WAIT] Esperando 60 segundos para el próximo ciclo...
2025-10-22 02:41:47,875 | INFO | 
[CYCLE] CICLO 171 - 07:41:47
2025-10-22 02:41:47,875 | INFO | [SESSION] Sesión: TOKYO | Prioridad: LOW
2025-10-22 02:41:49,117 | ERROR | Failed to get ticker 'EURUSD=X' reason: Expecting value: line 1 column 1 (char 0)
2025-10-22 02:41:50,215 | ERROR | EURUSD=X: No price data found, symbol may be delisted (period=1d)
2025-10-22 02:41:52,407 | ERROR | Failed to get ticker 'GBPUSD=X' reason: Expecting value: line 1 column 1 (char 0)
2025-10-22 02:41:53,494 | ERROR | GBPUSD=X: No price data found, symbol may be delisted (period=1d)
2025-10-22 02:41:55,527 | ERROR | Failed to get ticker 'USDJPY=X' reason: Expecting value: line 1 column 1 (char 0)
2025-10-22 02:41:56,578 | ERROR | USDJPY=X: No price data found, symbol may be delisted (period=1d)
2025-10-22 02:41:56,580 | INFO | [DATA] Usando datos simulados para USDJPY: $149.9650
2025-10-22 02:41:57,620 | ERROR | Failed to get ticker 'AUDUSD=X' reason: Expecting value: line 1 column 1 (char 0)
2025-10-22 02:41:58,757 | ERROR | AUDUSD=X: No price data found, symbol may be delisted (period=1d)
2025-10-22 02:41:59,847 | INFO | [SIGNAL] SEÑAL DETECTADA: AUDUSD | BEARISH_BREAKOUT
2025-10-22 02:41:59,849 | INFO |    [CONF] Confianza: 72.1% | Riesgo: HIGH
2025-10-22 02:41:59,849 | INFO |    [PRICE] Precio: $0.7252 | Spread: 0.000250
2025-10-22 02:41:59,851 | INFO | [SKIP] Trade no ejecutado para AUDUSD (condiciones no cumplidas)
2025-10-22 02:42:01,102 | ERROR | Failed to get ticker 'GC=F' reason: Expecting value: line 1 column 1 (char 0)
2025-10-22 02:42:02,327 | ERROR | GC=F: No price data found, symbol may be delisted (period=1d)
2025-10-22 02:42:02,333 | INFO | [DATA] Usando datos simulados para XAUUSD: $2651.4968
2025-10-22 02:42:03,558 | ERROR | Failed to get ticker 'SI=F' reason: Expecting value: line 1 column 1 (char 0)
2025-10-22 02:42:04,909 | ERROR | SI=F: No price data found, symbol may be delisted (period=1d)
2025-10-22 02:42:04,909 | INFO | [DATA] Usando datos simulados para XAGUSD: $31.4167
2025-10-22 02:42:04,909 | INFO | [SIGNALS] Señales detectadas: 1
2025-10-22 02:42:04,909 | INFO | [POSITIONS] Posiciones activas: 0
2025-10-22 02:42:04,909 | INFO | [CAPITAL] Capital actual: $500.00
2025-10-22 02:42:04,909 | INFO | [WAIT] Esperando 60 segundos para el próximo ciclo...
2025-10-22 02:43:04,918 | INFO | 
[CYCLE] CICLO 172 - 07:43:04
2025-10-22 02:43:04,918 | INFO | [SESSION] Sesión: TOKYO | Prioridad: LOW
2025-10-22 02:43:06,010 | ERROR | Failed to get ticker 'EURUSD=X' reason: Expecting value: line 1 column 1 (char 0)
2025-10-22 02:43:06,844 | ERROR | EURUSD=X: No price data found, symbol may be delisted (period=1d)
2025-10-22 02:43:08,671 | ERROR | Failed to get ticker 'GBPUSD=X' reason: Expecting value: line 1 column 1 (char 0)
2025-10-22 02:43:09,717 | ERROR | GBPUSD=X: No price data found, symbol may be delisted (period=1d)
2025-10-22 02:43:11,886 | ERROR | Failed to get ticker 'USDJPY=X' reason: Expecting value: line 1 column 1 (char 0)
2025-10-22 02:43:12,872 | ERROR | USDJPY=X: No price data found, symbol may be delisted (period=1d)
2025-10-22 02:43:12,878 | INFO | [DATA] Usando datos simulados para USDJPY: $149.2927
2025-10-22 02:43:13,759 | ERROR | Failed to get ticker 'AUDUSD=X' reason: Expecting value: line 1 column 1 (char 0)
2025-10-22 02:43:14,692 | ERROR | AUDUSD=X: No price data found, symbol may be delisted (period=1d)
2025-10-22 02:43:15,659 | INFO | [SIGNAL] SEÑAL DETECTADA: AUDUSD | BEARISH_BREAKOUT
2025-10-22 02:43:15,659 | INFO |    [CONF] Confianza: 72.1% | Riesgo: HIGH
2025-10-22 02:43:15,659 | INFO |    [PRICE] Precio: $0.7252 | Spread: 0.000250
2025-10-22 02:43:15,659 | INFO | [SKIP] Trade no ejecutado para AUDUSD (condiciones no cumplidas)
2025-10-22 02:43:16,673 | ERROR | Failed to get ticker 'GC=F' reason: Expecting value: line 1 column 1 (char 0)
2025-10-22 02:43:17,783 | ERROR | GC=F: No price data found, symbol may be delisted (period=1d)
2025-10-22 02:43:17,789 | INFO | [DATA] Usando datos simulados para XAUUSD: $2647.1463
2025-10-22 02:43:17,803 | INFO | [SIGNAL] SEÑAL DETECTADA: XAUUSD | BEARISH_BREAKOUT
2025-10-22 02:43:17,805 | INFO |    [CONF] Confianza: 66.8% | Riesgo: HIGH
2025-10-22 02:43:17,805 | INFO |    [PRICE] Precio: $2647.1463 | Spread: 0.500000
2025-10-22 02:43:17,806 | INFO | [SKIP] Trade no ejecutado para XAUUSD (condiciones no cumplidas)
2025-10-22 02:43:18,891 | ERROR | Failed to get ticker 'SI=F' reason: Expecting value: line 1 column 1 (char 0)
2025-10-22 02:43:19,953 | ERROR | SI=F: No price data found, symbol may be delisted (period=1d)
2025-10-22 02:43:19,957 | INFO | [DATA] Usando datos simulados para XAGUSD: $31.4120
2025-10-22 02:43:19,957 | INFO | [SIGNALS] Señales detectadas: 2
2025-10-22 02:43:19,957 | INFO | [POSITIONS] Posiciones activas: 0
2025-10-22 02:43:19,957 | INFO | [CAPITAL] Capital actual: $500.00
2025-10-22 02:43:19,964 | INFO | [WAIT] Esperando 60 segundos para el próximo ciclo...
2025-10-22 02:44:19,972 | INFO | 
[CYCLE] CICLO 173 - 07:44:19
2025-10-22 02:44:19,973 | INFO | [SESSION] Sesión: TOKYO | Prioridad: LOW
2025-10-22 02:44:21,497 | ERROR | Failed to get ticker 'EURUSD=X' reason: Expecting value: line 1 column 1 (char 0)
2025-10-22 02:44:22,800 | ERROR | EURUSD=X: No price data found, symbol may be delisted (period=1d)
2025-10-22 02:44:25,433 | ERROR | Failed to get ticker 'GBPUSD=X' reason: Expecting value: line 1 column 1 (char 0)
2025-10-22 02:44:26,774 | ERROR | GBPUSD=X: No price data found, symbol may be delisted (period=1d)
2025-10-22 02:44:29,384 | ERROR | Failed to get ticker 'USDJPY=X' reason: Expecting value: line 1 column 1 (char 0)
2025-10-22 02:44:30,711 | ERROR | USDJPY=X: No price data found, symbol may be delisted (period=1d)
2025-10-22 02:44:30,712 | INFO | [DATA] Usando datos simulados para USDJPY: $150.0162
2025-10-22 02:44:31,947 | ERROR | Failed to get ticker 'AUDUSD=X' reason: Expecting value: line 1 column 1 (char 0)
2025-10-22 02:44:33,124 | ERROR | AUDUSD=X: No price data found, symbol may be delisted (period=1d)
2025-10-22 02:44:34,124 | INFO | [SIGNAL] SEÑAL DETECTADA: AUDUSD | BEARISH_BREAKOUT
2025-10-22 02:44:34,126 | INFO |    [CONF] Confianza: 72.1% | Riesgo: HIGH
2025-10-22 02:44:34,126 | INFO |    [PRICE] Precio: $0.7252 | Spread: 0.000250
2025-10-22 02:44:34,126 | INFO | [SKIP] Trade no ejecutado para AUDUSD (condiciones no cumplidas)
2025-10-22 02:44:35,342 | ERROR | Failed to get ticker 'GC=F' reason: Expecting value: line 1 column 1 (char 0)
2025-10-22 02:44:36,510 | ERROR | GC=F: No price data found, symbol may be delisted (period=1d)
2025-10-22 02:44:36,510 | INFO | [DATA] Usando datos simulados para XAUUSD: $2661.9582
2025-10-22 02:44:37,801 | ERROR | Failed to get ticker 'SI=F' reason: Expecting value: line 1 column 1 (char 0)
2025-10-22 02:44:38,982 | ERROR | SI=F: No price data found, symbol may be delisted (period=1d)
2025-10-22 02:44:38,987 | INFO | [DATA] Usando datos simulados para XAGUSD: $31.5722
2025-10-22 02:44:38,987 | INFO | [SIGNALS] Señales detectadas: 1
2025-10-22 02:44:38,987 | INFO | [POSITIONS] Posiciones activas: 0
2025-10-22 02:44:38,987 | INFO | [CAPITAL] Capital actual: $500.00
2025-10-22 02:44:38,987 | INFO | [WAIT] Esperando 60 segundos para el próximo ciclo...
2025-10-22 02:45:38,996 | INFO | 
[CYCLE] CICLO 174 - 07:45:38
2025-10-22 02:45:38,998 | INFO | [SESSION] Sesión: TOKYO | Prioridad: LOW
2025-10-22 02:45:40,308 | ERROR | Failed to get ticker 'EURUSD=X' reason: Expecting value: line 1 column 1 (char 0)
2025-10-22 02:45:41,544 | ERROR | EURUSD=X: No price data found, symbol may be delisted (period=1d)
2025-10-22 02:45:43,763 | ERROR | Failed to get ticker 'GBPUSD=X' reason: Expecting value: line 1 column 1 (char 0)
2025-10-22 02:45:44,923 | ERROR | GBPUSD=X: No price data found, symbol may be delisted (period=1d)
2025-10-22 02:45:47,544 | ERROR | Failed to get ticker 'USDJPY=X' reason: Expecting value: line 1 column 1 (char 0)
2025-10-22 02:45:48,725 | ERROR | USDJPY=X: No price data found, symbol may be delisted (period=1d)
2025-10-22 02:45:48,748 | INFO | [DATA] Usando datos simulados para USDJPY: $148.9986
2025-10-22 02:45:50,092 | ERROR | Failed to get ticker 'AUDUSD=X' reason: Expecting value: line 1 column 1 (char 0)
2025-10-22 02:45:51,454 | ERROR | AUDUSD=X: No price data found, symbol may be delisted (period=1d)
2025-10-22 02:45:52,388 | INFO | [SIGNAL] SEÑAL DETECTADA: AUDUSD | BEARISH_BREAKOUT
2025-10-22 02:45:52,388 | INFO |    [CONF] Confianza: 72.1% | Riesgo: HIGH
2025-10-22 02:45:52,388 | INFO |    [PRICE] Precio: $0.7252 | Spread: 0.000250
2025-10-22 02:45:52,388 | INFO | [SKIP] Trade no ejecutado para AUDUSD (condiciones no cumplidas)
2025-10-22 02:45:53,520 | ERROR | Failed to get ticker 'GC=F' reason: Expecting value: line 1 column 1 (char 0)
2025-10-22 02:45:54,759 | ERROR | GC=F: No price data found, symbol may be delisted (period=1d)
2025-10-22 02:45:54,772 | INFO | [DATA] Usando datos simulados para XAUUSD: $2644.5570
2025-10-22 02:45:54,797 | INFO | [SIGNAL] SEÑAL DETECTADA: XAUUSD | BULLISH_BREAKOUT
2025-10-22 02:45:54,802 | INFO |    [CONF] Confianza: 70.4% | Riesgo: HIGH
2025-10-22 02:45:54,811 | INFO |    [PRICE] Precio: $2644.5570 | Spread: 0.500000
2025-10-22 02:45:54,814 | INFO | [SKIP] Trade no ejecutado para XAUUSD (condiciones no cumplidas)
2025-10-22 02:45:56,106 | ERROR | Failed to get ticker 'SI=F' reason: Expecting value: line 1 column 1 (char 0)
2025-10-22 02:45:57,349 | ERROR | SI=F: No price data found, symbol may be delisted (period=1d)
2025-10-22 02:45:57,351 | INFO | [DATA] Usando datos simulados para XAGUSD: $31.3566
2025-10-22 02:45:57,351 | INFO | [SIGNALS] Señales detectadas: 2
2025-10-22 02:45:57,351 | INFO | [POSITIONS] Posiciones activas: 0
2025-10-22 02:45:57,351 | INFO | [CAPITAL] Capital actual: $500.00
2025-10-22 02:45:57,351 | INFO | [WAIT] Esperando 60 segundos para el próximo ciclo...
2025-10-22 02:46:57,358 | INFO | 
[CYCLE] CICLO 175 - 07:46:57
2025-10-22 02:46:57,360 | INFO | [SESSION] Sesión: TOKYO | Prioridad: LOW
2025-10-22 02:46:58,992 | ERROR | Failed to get ticker 'EURUSD=X' reason: Expecting value: line 1 column 1 (char 0)
2025-10-22 02:47:00,257 | ERROR | EURUSD=X: No price data found, symbol may be delisted (period=1d)
2025-10-22 02:47:02,616 | ERROR | Failed to get ticker 'GBPUSD=X' reason: Expecting value: line 1 column 1 (char 0)
2025-10-22 02:47:03,827 | ERROR | GBPUSD=X: No price data found, symbol may be delisted (period=1d)
2025-10-22 02:47:06,138 | ERROR | Failed to get ticker 'USDJPY=X' reason: Expecting value: line 1 column 1 (char 0)
2025-10-22 02:47:07,446 | ERROR | USDJPY=X: No price data found, symbol may be delisted (period=1d)
2025-10-22 02:47:07,446 | INFO | [DATA] Usando datos simulados para USDJPY: $149.4101
2025-10-22 02:47:08,891 | ERROR | Failed to get ticker 'AUDUSD=X' reason: Expecting value: line 1 column 1 (char 0)
2025-10-22 02:47:10,196 | ERROR | AUDUSD=X: No price data found, symbol may be delisted (period=1d)
2025-10-22 02:47:11,182 | INFO | [SIGNAL] SEÑAL DETECTADA: AUDUSD | BEARISH_BREAKOUT
2025-10-22 02:47:11,182 | INFO |    [CONF] Confianza: 72.1% | Riesgo: HIGH
2025-10-22 02:47:11,182 | INFO |    [PRICE] Precio: $0.7252 | Spread: 0.000250
2025-10-22 02:47:11,182 | INFO | [SKIP] Trade no ejecutado para AUDUSD (condiciones no cumplidas)
2025-10-22 02:47:12,430 | ERROR | Failed to get ticker 'GC=F' reason: Expecting value: line 1 column 1 (char 0)
2025-10-22 02:47:13,590 | ERROR | GC=F: No price data found, symbol may be delisted (period=1d)
2025-10-22 02:47:13,600 | INFO | [DATA] Usando datos simulados para XAUUSD: $2638.7630
2025-10-22 02:47:14,926 | ERROR | Failed to get ticker 'SI=F' reason: Expecting value: line 1 column 1 (char 0)
2025-10-22 02:47:16,197 | ERROR | SI=F: No price data found, symbol may be delisted (period=1d)
2025-10-22 02:47:16,223 | INFO | [DATA] Usando datos simulados para XAGUSD: $31.4405
2025-10-22 02:47:16,234 | INFO | [SIGNALS] Señales detectadas: 1
2025-10-22 02:47:16,246 | INFO | [POSITIONS] Posiciones activas: 0
2025-10-22 02:47:16,257 | INFO | [CAPITAL] Capital actual: $500.00
2025-10-22 02:47:16,267 | INFO | [WAIT] Esperando 60 segundos para el próximo ciclo...
2025-10-22 02:48:16,296 | INFO | 
[CYCLE] CICLO 176 - 07:48:16
2025-10-22 02:48:16,297 | INFO | [SESSION] Sesión: TOKYO | Prioridad: LOW
2025-10-22 02:48:17,685 | ERROR | Failed to get ticker 'EURUSD=X' reason: Expecting value: line 1 column 1 (char 0)
2025-10-22 02:48:18,927 | ERROR | EURUSD=X: No price data found, symbol may be delisted (period=1d)
2025-10-22 02:48:21,301 | ERROR | Failed to get ticker 'GBPUSD=X' reason: Expecting value: line 1 column 1 (char 0)
2025-10-22 02:48:22,515 | ERROR | GBPUSD=X: No price data found, symbol may be delisted (period=1d)
2025-10-22 02:48:28,774 | ERROR | Failed to get ticker 'USDJPY=X' reason: Expecting value: line 1 column 1 (char 0)
2025-10-22 02:48:29,933 | ERROR | USDJPY=X: No price data found, symbol may be delisted (period=1d)
2025-10-22 02:48:29,942 | INFO | [DATA] Usando datos simulados para USDJPY: $149.0075
2025-10-22 02:48:31,101 | ERROR | Failed to get ticker 'AUDUSD=X' reason: Expecting value: line 1 column 1 (char 0)
2025-10-22 02:48:32,425 | ERROR | AUDUSD=X: No price data found, symbol may be delisted (period=1d)
2025-10-22 02:48:33,470 | INFO | [SIGNAL] SEÑAL DETECTADA: AUDUSD | BEARISH_BREAKOUT
2025-10-22 02:48:33,471 | INFO |    [CONF] Confianza: 72.1% | Riesgo: HIGH
2025-10-22 02:48:33,471 | INFO |    [PRICE] Precio: $0.7252 | Spread: 0.000250
2025-10-22 02:48:33,471 | INFO | [SKIP] Trade no ejecutado para AUDUSD (condiciones no cumplidas)
2025-10-22 02:48:34,682 | ERROR | Failed to get ticker 'GC=F' reason: Expecting value: line 1 column 1 (char 0)
2025-10-22 02:48:35,930 | ERROR | GC=F: No price data found, symbol may be delisted (period=1d)
2025-10-22 02:48:35,933 | INFO | [DATA] Usando datos simulados para XAUUSD: $2648.8707
2025-10-22 02:48:35,933 | INFO | [SIGNAL] SEÑAL DETECTADA: XAUUSD | BULLISH_BREAKOUT
2025-10-22 02:48:35,941 | INFO |    [CONF] Confianza: 67.9% | Riesgo: HIGH
2025-10-22 02:48:35,941 | INFO |    [PRICE] Precio: $2648.8707 | Spread: 0.500000
2025-10-22 02:48:35,941 | INFO | [SKIP] Trade no ejecutado para XAUUSD (condiciones no cumplidas)
2025-10-22 02:48:37,129 | ERROR | Failed to get ticker 'SI=F' reason: Expecting value: line 1 column 1 (char 0)
2025-10-22 02:48:38,433 | ERROR | SI=F: No price data found, symbol may be delisted (period=1d)
2025-10-22 02:48:38,459 | INFO | [DATA] Usando datos simulados para XAGUSD: $31.5854
2025-10-22 02:48:38,466 | INFO | [SIGNALS] Señales detectadas: 2
2025-10-22 02:48:38,466 | INFO | [POSITIONS] Posiciones activas: 0
2025-10-22 02:48:38,467 | INFO | [CAPITAL] Capital actual: $500.00
2025-10-22 02:48:38,467 | INFO | [WAIT] Esperando 60 segundos para el próximo ciclo...
2025-10-22 02:49:38,480 | INFO | 
[CYCLE] CICLO 177 - 07:49:38
2025-10-22 02:49:38,483 | INFO | [SESSION] Sesión: TOKYO | Prioridad: LOW
2025-10-22 02:49:40,320 | ERROR | Failed to get ticker 'EURUSD=X' reason: Expecting value: line 1 column 1 (char 0)
2025-10-22 02:49:41,680 | ERROR | EURUSD=X: No price data found, symbol may be delisted (period=1d)
2025-10-22 02:49:44,070 | ERROR | Failed to get ticker 'GBPUSD=X' reason: Expecting value: line 1 column 1 (char 0)
2025-10-22 02:49:45,345 | ERROR | GBPUSD=X: No price data found, symbol may be delisted (period=1d)
2025-10-22 02:49:47,725 | ERROR | Failed to get ticker 'USDJPY=X' reason: Expecting value: line 1 column 1 (char 0)
2025-10-22 02:49:48,927 | ERROR | USDJPY=X: No price data found, symbol may be delisted (period=1d)
2025-10-22 02:49:48,931 | INFO | [DATA] Usando datos simulados para USDJPY: $149.5144
2025-10-22 02:49:48,946 | INFO | [SIGNAL] SEÑAL DETECTADA: USDJPY | BULLISH_BREAKOUT
2025-10-22 02:49:48,947 | INFO |    [CONF] Confianza: 65.3% | Riesgo: MEDIUM
2025-10-22 02:49:48,948 | INFO |    [PRICE] Precio: $149.5144 | Spread: 0.015000
2025-10-22 02:49:48,953 | INFO | [SKIP] Trade no ejecutado para USDJPY (condiciones no cumplidas)
2025-10-22 02:49:50,204 | ERROR | Failed to get ticker 'AUDUSD=X' reason: Expecting value: line 1 column 1 (char 0)
2025-10-22 02:49:51,447 | ERROR | AUDUSD=X: No price data found, symbol may be delisted (period=1d)
2025-10-22 02:49:52,539 | INFO | [SIGNAL] SEÑAL DETECTADA: AUDUSD | BEARISH_BREAKOUT
2025-10-22 02:49:52,541 | INFO |    [CONF] Confianza: 72.1% | Riesgo: HIGH
2025-10-22 02:49:52,541 | INFO |    [PRICE] Precio: $0.7252 | Spread: 0.000250
2025-10-22 02:49:52,543 | INFO | [SKIP] Trade no ejecutado para AUDUSD (condiciones no cumplidas)
2025-10-22 02:49:53,672 | ERROR | Failed to get ticker 'GC=F' reason: Expecting value: line 1 column 1 (char 0)
2025-10-22 02:49:54,804 | ERROR | GC=F: No price data found, symbol may be delisted (period=1d)
2025-10-22 02:49:54,806 | INFO | [DATA] Usando datos simulados para XAUUSD: $2640.7171
2025-10-22 02:49:56,080 | ERROR | Failed to get ticker 'SI=F' reason: Expecting value: line 1 column 1 (char 0)
2025-10-22 02:49:57,301 | ERROR | SI=F: No price data found, symbol may be delisted (period=1d)
2025-10-22 02:49:57,305 | INFO | [DATA] Usando datos simulados para XAGUSD: $31.4973
2025-10-22 02:49:57,305 | INFO | [SIGNALS] Señales detectadas: 2
2025-10-22 02:49:57,305 | INFO | [POSITIONS] Posiciones activas: 0
2025-10-22 02:49:57,305 | INFO | [CAPITAL] Capital actual: $500.00
2025-10-22 02:49:57,308 | INFO | [WAIT] Esperando 60 segundos para el próximo ciclo...
2025-10-22 02:50:57,320 | INFO | 
[CYCLE] CICLO 178 - 07:50:57
2025-10-22 02:50:57,322 | INFO | [SESSION] Sesión: TOKYO | Prioridad: LOW
2025-10-22 02:50:58,602 | ERROR | Failed to get ticker 'EURUSD=X' reason: Expecting value: line 1 column 1 (char 0)
2025-10-22 02:50:59,497 | ERROR | EURUSD=X: No price data found, symbol may be delisted (period=1d)
2025-10-22 02:51:01,628 | ERROR | Failed to get ticker 'GBPUSD=X' reason: Expecting value: line 1 column 1 (char 0)
2025-10-22 02:51:02,598 | ERROR | GBPUSD=X: No price data found, symbol may be delisted (period=1d)
2025-10-22 02:51:04,707 | ERROR | Failed to get ticker 'USDJPY=X' reason: Expecting value: line 1 column 1 (char 0)
2025-10-22 02:51:05,704 | ERROR | USDJPY=X: No price data found, symbol may be delisted (period=1d)
2025-10-22 02:51:05,710 | INFO | [DATA] Usando datos simulados para USDJPY: $149.3072
2025-10-22 02:51:05,724 | INFO | [SIGNAL] SEÑAL DETECTADA: USDJPY | BEARISH_BREAKOUT
2025-10-22 02:51:05,725 | INFO |    [CONF] Confianza: 70.6% | Riesgo: MEDIUM
2025-10-22 02:51:05,726 | INFO |    [PRICE] Precio: $149.3072 | Spread: 0.015000
2025-10-22 02:51:05,731 | INFO | [SKIP] Trade no ejecutado para USDJPY (condiciones no cumplidas)
2025-10-22 02:51:06,688 | ERROR | Failed to get ticker 'AUDUSD=X' reason: Expecting value: line 1 column 1 (char 0)
2025-10-22 02:51:07,617 | ERROR | AUDUSD=X: No price data found, symbol may be delisted (period=1d)
2025-10-22 02:51:08,633 | INFO | [SIGNAL] SEÑAL DETECTADA: AUDUSD | BEARISH_BREAKOUT
2025-10-22 02:51:08,637 | INFO |    [CONF] Confianza: 72.1% | Riesgo: HIGH
2025-10-22 02:51:08,637 | INFO |    [PRICE] Precio: $0.7252 | Spread: 0.000250
2025-10-22 02:51:08,639 | INFO | [SKIP] Trade no ejecutado para AUDUSD (condiciones no cumplidas)
2025-10-22 02:51:09,634 | ERROR | Failed to get ticker 'GC=F' reason: Expecting value: line 1 column 1 (char 0)
2025-10-22 02:51:10,721 | ERROR | GC=F: No price data found, symbol may be delisted (period=1d)
2025-10-22 02:51:10,726 | INFO | [DATA] Usando datos simulados para XAUUSD: $2652.3708
2025-10-22 02:51:11,681 | ERROR | Failed to get ticker 'SI=F' reason: Expecting value: line 1 column 1 (char 0)
2025-10-22 02:51:12,706 | ERROR | SI=F: No price data found, symbol may be delisted (period=1d)
2025-10-22 02:51:12,710 | INFO | [DATA] Usando datos simulados para XAGUSD: $31.4054
2025-10-22 02:51:12,726 | INFO | [SIGNAL] SEÑAL DETECTADA: XAGUSD | BULLISH_BREAKOUT
2025-10-22 02:51:12,727 | INFO |    [CONF] Confianza: 67.1% | Riesgo: HIGH
2025-10-22 02:51:12,728 | INFO |    [PRICE] Precio: $31.4054 | Spread: 0.030000
2025-10-22 02:51:12,730 | INFO | [SKIP] Trade no ejecutado para XAGUSD (condiciones no cumplidas)
2025-10-22 02:51:12,731 | INFO | [SIGNALS] Señales detectadas: 3
2025-10-22 02:51:12,731 | INFO | [POSITIONS] Posiciones activas: 0
2025-10-22 02:51:12,733 | INFO | [CAPITAL] Capital actual: $500.00
2025-10-22 02:51:12,733 | INFO | [WAIT] Esperando 60 segundos para el próximo ciclo...
2025-10-22 02:52:12,737 | INFO | 
[CYCLE] CICLO 179 - 07:52:12
2025-10-22 02:52:12,739 | INFO | [SESSION] Sesión: TOKYO | Prioridad: LOW
2025-10-22 02:52:14,177 | ERROR | Failed to get ticker 'EURUSD=X' reason: Expecting value: line 1 column 1 (char 0)
2025-10-22 02:52:15,496 | ERROR | EURUSD=X: No price data found, symbol may be delisted (period=1d)
2025-10-22 02:52:18,110 | ERROR | Failed to get ticker 'GBPUSD=X' reason: Expecting value: line 1 column 1 (char 0)
2025-10-22 02:52:19,401 | ERROR | GBPUSD=X: No price data found, symbol may be delisted (period=1d)
2025-10-22 02:52:21,743 | ERROR | Failed to get ticker 'USDJPY=X' reason: Expecting value: line 1 column 1 (char 0)
2025-10-22 02:52:23,014 | ERROR | USDJPY=X: No price data found, symbol may be delisted (period=1d)
2025-10-22 02:52:23,018 | INFO | [DATA] Usando datos simulados para USDJPY: $148.7671
2025-10-22 02:52:24,336 | ERROR | Failed to get ticker 'AUDUSD=X' reason: Expecting value: line 1 column 1 (char 0)
2025-10-22 02:52:25,690 | ERROR | AUDUSD=X: No price data found, symbol may be delisted (period=1d)
2025-10-22 02:52:26,722 | INFO | [SIGNAL] SEÑAL DETECTADA: AUDUSD | BEARISH_BREAKOUT
2025-10-22 02:52:26,724 | INFO |    [CONF] Confianza: 72.1% | Riesgo: HIGH
2025-10-22 02:52:26,724 | INFO |    [PRICE] Precio: $0.7252 | Spread: 0.000250
2025-10-22 02:52:26,726 | INFO | [SKIP] Trade no ejecutado para AUDUSD (condiciones no cumplidas)
2025-10-22 02:52:27,975 | ERROR | Failed to get ticker 'GC=F' reason: Expecting value: line 1 column 1 (char 0)
2025-10-22 02:52:29,223 | ERROR | GC=F: No price data found, symbol may be delisted (period=1d)
2025-10-22 02:52:29,228 | INFO | [DATA] Usando datos simulados para XAUUSD: $2645.2729
2025-10-22 02:52:30,519 | ERROR | Failed to get ticker 'SI=F' reason: Expecting value: line 1 column 1 (char 0)
2025-10-22 02:52:31,656 | ERROR | SI=F: No price data found, symbol may be delisted (period=1d)
2025-10-22 02:52:31,661 | INFO | [DATA] Usando datos simulados para XAGUSD: $31.4507
2025-10-22 02:52:31,663 | INFO | [SIGNALS] Señales detectadas: 1
2025-10-22 02:52:31,663 | INFO | [POSITIONS] Posiciones activas: 0
2025-10-22 02:52:31,663 | INFO | [CAPITAL] Capital actual: $500.00
2025-10-22 02:52:31,663 | INFO | [WAIT] Esperando 60 segundos para el próximo ciclo...
2025-10-22 02:53:31,669 | INFO | 
[CYCLE] CICLO 180 - 07:53:31
2025-10-22 02:53:31,669 | INFO | [SESSION] Sesión: TOKYO | Prioridad: LOW
2025-10-22 02:53:32,854 | ERROR | Failed to get ticker 'EURUSD=X' reason: Expecting value: line 1 column 1 (char 0)
2025-10-22 02:53:33,958 | ERROR | EURUSD=X: No price data found, symbol may be delisted (period=1d)
2025-10-22 02:53:36,032 | ERROR | Failed to get ticker 'GBPUSD=X' reason: Expecting value: line 1 column 1 (char 0)
2025-10-22 02:53:36,992 | ERROR | GBPUSD=X: No price data found, symbol may be delisted (period=1d)
2025-10-22 02:53:39,398 | ERROR | Failed to get ticker 'USDJPY=X' reason: Expecting value: line 1 column 1 (char 0)
2025-10-22 02:53:40,393 | ERROR | USDJPY=X: No price data found, symbol may be delisted (period=1d)
2025-10-22 02:53:40,396 | INFO | [DATA] Usando datos simulados para USDJPY: $149.9054
2025-10-22 02:53:41,401 | ERROR | Failed to get ticker 'AUDUSD=X' reason: Expecting value: line 1 column 1 (char 0)
2025-10-22 02:53:42,507 | ERROR | AUDUSD=X: No price data found, symbol may be delisted (period=1d)
2025-10-22 02:53:43,594 | INFO | [SIGNAL] SEÑAL DETECTADA: AUDUSD | BEARISH_BREAKOUT
2025-10-22 02:53:43,596 | INFO |    [CONF] Confianza: 72.1% | Riesgo: HIGH
2025-10-22 02:53:43,598 | INFO |    [PRICE] Precio: $0.7252 | Spread: 0.000250
2025-10-22 02:53:43,598 | INFO | [SKIP] Trade no ejecutado para AUDUSD (condiciones no cumplidas)
2025-10-22 02:53:44,548 | ERROR | Failed to get ticker 'GC=F' reason: Expecting value: line 1 column 1 (char 0)
2025-10-22 02:53:45,494 | ERROR | GC=F: No price data found, symbol may be delisted (period=1d)
2025-10-22 02:53:45,498 | INFO | [DATA] Usando datos simulados para XAUUSD: $2661.2877
2025-10-22 02:53:46,457 | ERROR | Failed to get ticker 'SI=F' reason: Expecting value: line 1 column 1 (char 0)
2025-10-22 02:53:47,458 | ERROR | SI=F: No price data found, symbol may be delisted (period=1d)
2025-10-22 02:53:47,472 | INFO | [DATA] Usando datos simulados para XAGUSD: $31.3749
2025-10-22 02:53:47,474 | INFO | [SIGNALS] Señales detectadas: 1
2025-10-22 02:53:47,479 | INFO | [POSITIONS] Posiciones activas: 0
2025-10-22 02:53:47,483 | INFO | [CAPITAL] Capital actual: $500.00
2025-10-22 02:53:47,484 | INFO | [STATS] ROI Total: +0.00% | Señales totales: 273
2025-10-22 02:53:47,490 | INFO | [WAIT] Esperando 60 segundos para el próximo ciclo...
2025-10-22 02:54:47,498 | INFO | 
[CYCLE] CICLO 181 - 07:54:47
2025-10-22 02:54:47,498 | INFO | [SESSION] Sesión: TOKYO | Prioridad: LOW
2025-10-22 02:54:49,118 | ERROR | Failed to get ticker 'EURUSD=X' reason: Expecting value: line 1 column 1 (char 0)
2025-10-22 02:54:50,524 | ERROR | EURUSD=X: No price data found, symbol may be delisted (period=1d)
2025-10-22 02:54:53,022 | ERROR | Failed to get ticker 'GBPUSD=X' reason: Expecting value: line 1 column 1 (char 0)
2025-10-22 02:54:54,332 | ERROR | GBPUSD=X: No price data found, symbol may be delisted (period=1d)
2025-10-22 02:54:57,094 | ERROR | Failed to get ticker 'USDJPY=X' reason: Expecting value: line 1 column 1 (char 0)
2025-10-22 02:54:58,417 | ERROR | USDJPY=X: No price data found, symbol may be delisted (period=1d)
2025-10-22 02:54:58,422 | INFO | [DATA] Usando datos simulados para USDJPY: $149.3116
2025-10-22 02:54:59,723 | ERROR | Failed to get ticker 'AUDUSD=X' reason: Expecting value: line 1 column 1 (char 0)
2025-10-22 02:55:01,166 | ERROR | AUDUSD=X: No price data found, symbol may be delisted (period=1d)
2025-10-22 02:55:02,756 | INFO | [SIGNAL] SEÑAL DETECTADA: AUDUSD | BEARISH_BREAKOUT
2025-10-22 02:55:02,761 | INFO |    [CONF] Confianza: 72.1% | Riesgo: HIGH
2025-10-22 02:55:02,761 | INFO |    [PRICE] Precio: $0.7252 | Spread: 0.000250
2025-10-22 02:55:02,761 | INFO | [SKIP] Trade no ejecutado para AUDUSD (condiciones no cumplidas)
2025-10-22 02:55:03,943 | ERROR | Failed to get ticker 'GC=F' reason: Expecting value: line 1 column 1 (char 0)
2025-10-22 02:55:05,149 | ERROR | GC=F: No price data found, symbol may be delisted (period=1d)
2025-10-22 02:55:05,153 | INFO | [DATA] Usando datos simulados para XAUUSD: $2637.2663
2025-10-22 02:55:06,367 | ERROR | Failed to get ticker 'SI=F' reason: Expecting value: line 1 column 1 (char 0)
2025-10-22 02:55:07,598 | ERROR | SI=F: No price data found, symbol may be delisted (period=1d)
2025-10-22 02:55:07,619 | INFO | [DATA] Usando datos simulados para XAGUSD: $31.3783
2025-10-22 02:55:07,621 | INFO | [SIGNALS] Señales detectadas: 1
2025-10-22 02:55:07,621 | INFO | [POSITIONS] Posiciones activas: 0
2025-10-22 02:55:07,621 | INFO | [CAPITAL] Capital actual: $500.00
2025-10-22 02:55:07,623 | INFO | [WAIT] Esperando 60 segundos para el próximo ciclo...
2025-10-22 02:56:07,633 | INFO | 
[CYCLE] CICLO 182 - 07:56:07
2025-10-22 02:56:07,633 | INFO | [SESSION] Sesión: TOKYO | Prioridad: LOW
2025-10-22 02:56:08,914 | ERROR | Failed to get ticker 'EURUSD=X' reason: Expecting value: line 1 column 1 (char 0)
2025-10-22 02:56:10,217 | ERROR | EURUSD=X: No price data found, symbol may be delisted (period=1d)
2025-10-22 02:56:12,989 | ERROR | Failed to get ticker 'GBPUSD=X' reason: Expecting value: line 1 column 1 (char 0)
2025-10-22 02:56:14,403 | ERROR | GBPUSD=X: No price data found, symbol may be delisted (period=1d)
2025-10-22 02:56:16,697 | ERROR | Failed to get ticker 'USDJPY=X' reason: Expecting value: line 1 column 1 (char 0)
2025-10-22 02:56:17,873 | ERROR | USDJPY=X: No price data found, symbol may be delisted (period=1d)
2025-10-22 02:56:17,873 | INFO | [DATA] Usando datos simulados para USDJPY: $149.3939
2025-10-22 02:56:19,084 | ERROR | Failed to get ticker 'AUDUSD=X' reason: Expecting value: line 1 column 1 (char 0)
2025-10-22 02:56:20,288 | ERROR | AUDUSD=X: No price data found, symbol may be delisted (period=1d)
2025-10-22 02:56:21,270 | INFO | [SIGNAL] SEÑAL DETECTADA: AUDUSD | BEARISH_BREAKOUT
2025-10-22 02:56:21,270 | INFO |    [CONF] Confianza: 72.1% | Riesgo: HIGH
2025-10-22 02:56:21,273 | INFO |    [PRICE] Precio: $0.7252 | Spread: 0.000250
2025-10-22 02:56:21,275 | INFO | [SKIP] Trade no ejecutado para AUDUSD (condiciones no cumplidas)
2025-10-22 02:56:22,470 | ERROR | Failed to get ticker 'GC=F' reason: Expecting value: line 1 column 1 (char 0)
2025-10-22 02:56:23,726 | ERROR | GC=F: No price data found, symbol may be delisted (period=1d)
2025-10-22 02:56:23,742 | INFO | [DATA] Usando datos simulados para XAUUSD: $2658.5288
2025-10-22 02:56:24,945 | ERROR | Failed to get ticker 'SI=F' reason: Expecting value: line 1 column 1 (char 0)
2025-10-22 02:56:26,183 | ERROR | SI=F: No price data found, symbol may be delisted (period=1d)
2025-10-22 02:56:26,190 | INFO | [DATA] Usando datos simulados para XAGUSD: $31.5626
2025-10-22 02:56:26,202 | INFO | [SIGNAL] SEÑAL DETECTADA: XAGUSD | BEARISH_BREAKOUT
2025-10-22 02:56:26,202 | INFO |    [CONF] Confianza: 70.8% | Riesgo: HIGH
2025-10-22 02:56:26,203 | INFO |    [PRICE] Precio: $31.5626 | Spread: 0.030000
2025-10-22 02:56:26,203 | INFO | [SKIP] Trade no ejecutado para XAGUSD (condiciones no cumplidas)
2025-10-22 02:56:26,203 | INFO | [SIGNALS] Señales detectadas: 2
2025-10-22 02:56:26,208 | INFO | [POSITIONS] Posiciones activas: 0
2025-10-22 02:56:26,209 | INFO | [CAPITAL] Capital actual: $500.00
2025-10-22 02:56:26,210 | INFO | [WAIT] Esperando 60 segundos para el próximo ciclo...
2025-10-22 02:57:26,224 | INFO | 
[CYCLE] CICLO 183 - 07:57:26
2025-10-22 02:57:26,224 | INFO | [SESSION] Sesión: TOKYO | Prioridad: LOW
2025-10-22 02:57:27,755 | ERROR | Failed to get ticker 'EURUSD=X' reason: Expecting value: line 1 column 1 (char 0)
2025-10-22 02:57:29,110 | ERROR | EURUSD=X: No price data found, symbol may be delisted (period=1d)
2025-10-22 02:57:31,850 | ERROR | Failed to get ticker 'GBPUSD=X' reason: Expecting value: line 1 column 1 (char 0)
2025-10-22 02:57:33,191 | ERROR | GBPUSD=X: No price data found, symbol may be delisted (period=1d)
2025-10-22 02:57:35,719 | ERROR | Failed to get ticker 'USDJPY=X' reason: Expecting value: line 1 column 1 (char 0)
2025-10-22 02:57:37,109 | ERROR | USDJPY=X: No price data found, symbol may be delisted (period=1d)
2025-10-22 02:57:37,115 | INFO | [DATA] Usando datos simulados para USDJPY: $149.4873
2025-10-22 02:57:38,593 | ERROR | Failed to get ticker 'AUDUSD=X' reason: Expecting value: line 1 column 1 (char 0)
2025-10-22 02:57:39,949 | ERROR | AUDUSD=X: No price data found, symbol may be delisted (period=1d)
2025-10-22 02:57:41,056 | INFO | [SIGNAL] SEÑAL DETECTADA: AUDUSD | BEARISH_BREAKOUT
2025-10-22 02:57:41,056 | INFO |    [CONF] Confianza: 72.1% | Riesgo: HIGH
2025-10-22 02:57:41,058 | INFO |    [PRICE] Precio: $0.7252 | Spread: 0.000250
2025-10-22 02:57:41,060 | INFO | [SKIP] Trade no ejecutado para AUDUSD (condiciones no cumplidas)
2025-10-22 02:57:42,355 | ERROR | Failed to get ticker 'GC=F' reason: Expecting value: line 1 column 1 (char 0)
2025-10-22 02:57:45,793 | ERROR | GC=F: No price data found, symbol may be delisted (period=1d)
2025-10-22 02:57:45,795 | INFO | [DATA] Usando datos simulados para XAUUSD: $2657.1323
2025-10-22 02:57:45,812 | INFO | [SIGNAL] SEÑAL DETECTADA: XAUUSD | BEARISH_BREAKOUT
2025-10-22 02:57:45,813 | INFO |    [CONF] Confianza: 74.4% | Riesgo: HIGH
2025-10-22 02:57:45,814 | INFO |    [PRICE] Precio: $2657.1323 | Spread: 0.500000
2025-10-22 02:57:45,814 | INFO | [SKIP] Trade no ejecutado para XAUUSD (condiciones no cumplidas)
2025-10-22 02:57:47,184 | ERROR | Failed to get ticker 'SI=F' reason: Expecting value: line 1 column 1 (char 0)
2025-10-22 02:57:48,402 | ERROR | SI=F: No price data found, symbol may be delisted (period=1d)
2025-10-22 02:57:48,419 | INFO | [DATA] Usando datos simulados para XAGUSD: $31.4131
2025-10-22 02:57:48,421 | INFO | [SIGNALS] Señales detectadas: 2
2025-10-22 02:57:48,421 | INFO | [POSITIONS] Posiciones activas: 0
2025-10-22 02:57:48,425 | INFO | [CAPITAL] Capital actual: $500.00
2025-10-22 02:57:48,426 | INFO | [WAIT] Esperando 60 segundos para el próximo ciclo...
2025-10-22 02:58:48,442 | INFO | 
[CYCLE] CICLO 184 - 07:58:48
2025-10-22 02:58:48,444 | INFO | [SESSION] Sesión: TOKYO | Prioridad: LOW
2025-10-22 02:58:49,981 | ERROR | Failed to get ticker 'EURUSD=X' reason: Expecting value: line 1 column 1 (char 0)
2025-10-22 02:58:51,328 | ERROR | EURUSD=X: No price data found, symbol may be delisted (period=1d)
2025-10-22 02:58:53,639 | ERROR | Failed to get ticker 'GBPUSD=X' reason: Expecting value: line 1 column 1 (char 0)
2025-10-22 02:58:55,097 | ERROR | GBPUSD=X: No price data found, symbol may be delisted (period=1d)
2025-10-22 02:58:57,516 | ERROR | Failed to get ticker 'USDJPY=X' reason: Expecting value: line 1 column 1 (char 0)
2025-10-22 02:58:58,903 | ERROR | USDJPY=X: No price data found, symbol may be delisted (period=1d)
2025-10-22 02:58:58,905 | INFO | [DATA] Usando datos simulados para USDJPY: $149.5685
2025-10-22 02:59:00,050 | ERROR | Failed to get ticker 'AUDUSD=X' reason: Expecting value: line 1 column 1 (char 0)
2025-10-22 02:59:01,199 | ERROR | AUDUSD=X: No price data found, symbol may be delisted (period=1d)
2025-10-22 02:59:02,201 | INFO | [SIGNAL] SEÑAL DETECTADA: AUDUSD | BEARISH_BREAKOUT
2025-10-22 02:59:02,201 | INFO |    [CONF] Confianza: 72.1% | Riesgo: HIGH
2025-10-22 02:59:02,201 | INFO |    [PRICE] Precio: $0.7252 | Spread: 0.000250
2025-10-22 02:59:02,201 | INFO | [SKIP] Trade no ejecutado para AUDUSD (condiciones no cumplidas)
2025-10-22 02:59:03,432 | ERROR | Failed to get ticker 'GC=F' reason: Expecting value: line 1 column 1 (char 0)
2025-10-22 02:59:04,531 | ERROR | GC=F: No price data found, symbol may be delisted (period=1d)
2025-10-22 02:59:04,532 | INFO | [DATA] Usando datos simulados para XAUUSD: $2646.7468
2025-10-22 02:59:05,814 | ERROR | Failed to get ticker 'SI=F' reason: Expecting value: line 1 column 1 (char 0)
2025-10-22 02:59:07,031 | ERROR | SI=F: No price data found, symbol may be delisted (period=1d)
2025-10-22 02:59:07,042 | INFO | [DATA] Usando datos simulados para XAGUSD: $31.4709
2025-10-22 02:59:07,060 | INFO | [SIGNAL] SEÑAL DETECTADA: XAGUSD | BULLISH_BREAKOUT
2025-10-22 02:59:07,060 | INFO |    [CONF] Confianza: 73.2% | Riesgo: HIGH
2025-10-22 02:59:07,061 | INFO |    [PRICE] Precio: $31.4709 | Spread: 0.030000
2025-10-22 02:59:07,061 | INFO | [SKIP] Trade no ejecutado para XAGUSD (condiciones no cumplidas)
2025-10-22 02:59:07,062 | INFO | [SIGNALS] Señales detectadas: 2
2025-10-22 02:59:07,062 | INFO | [POSITIONS] Posiciones activas: 0
2025-10-22 02:59:07,062 | INFO | [CAPITAL] Capital actual: $500.00
2025-10-22 02:59:07,064 | INFO | [WAIT] Esperando 60 segundos para el próximo ciclo...
2025-10-22 03:00:07,075 | INFO | 
[CYCLE] CICLO 185 - 08:00:07
2025-10-22 03:00:07,075 | INFO | [SESSION] Sesión: TOKYO | Prioridad: MEDIUM
2025-10-22 03:00:08,377 | ERROR | Failed to get ticker 'EURUSD=X' reason: Expecting value: line 1 column 1 (char 0)
2025-10-22 03:00:09,685 | ERROR | EURUSD=X: No price data found, symbol may be delisted (period=1d)
2025-10-22 03:00:12,066 | ERROR | Failed to get ticker 'GBPUSD=X' reason: Expecting value: line 1 column 1 (char 0)
2025-10-22 03:00:13,236 | ERROR | GBPUSD=X: No price data found, symbol may be delisted (period=1d)
2025-10-22 03:00:15,580 | ERROR | Failed to get ticker 'USDJPY=X' reason: Expecting value: line 1 column 1 (char 0)
2025-10-22 03:00:16,712 | ERROR | USDJPY=X: No price data found, symbol may be delisted (period=1d)
2025-10-22 03:00:16,714 | INFO | [DATA] Usando datos simulados para USDJPY: $149.5618
2025-10-22 03:00:17,942 | ERROR | Failed to get ticker 'AUDUSD=X' reason: Expecting value: line 1 column 1 (char 0)
2025-10-22 03:00:19,165 | ERROR | AUDUSD=X: No price data found, symbol may be delisted (period=1d)
2025-10-22 03:00:20,317 | INFO | [SIGNAL] SEÑAL DETECTADA: AUDUSD | BEARISH_BREAKOUT
2025-10-22 03:00:20,318 | INFO |    [CONF] Confianza: 82.1% | Riesgo: MEDIUM
2025-10-22 03:00:20,318 | INFO |    [PRICE] Precio: $0.7252 | Spread: 0.000250
2025-10-22 03:00:21,727 | ERROR | Failed to get ticker 'GC=F' reason: Expecting value: line 1 column 1 (char 0)
2025-10-22 03:00:23,036 | ERROR | GC=F: No price data found, symbol may be delisted (period=1d)
2025-10-22 03:00:23,036 | INFO | [DATA] Usando datos simulados para XAUUSD: $2637.3047
2025-10-22 03:00:23,049 | INFO | [SIGNAL] SEÑAL DETECTADA: XAUUSD | BULLISH_BREAKOUT
2025-10-22 03:00:23,051 | INFO |    [CONF] Confianza: 70.9% | Riesgo: MEDIUM
2025-10-22 03:00:23,051 | INFO |    [PRICE] Precio: $2637.3047 | Spread: 0.500000
2025-10-22 03:00:23,060 | INFO | [SKIP] Trade no ejecutado para XAUUSD (condiciones no cumplidas)
2025-10-22 03:00:24,289 | ERROR | Failed to get ticker 'SI=F' reason: Expecting value: line 1 column 1 (char 0)
2025-10-22 03:00:25,473 | ERROR | SI=F: No price data found, symbol may be delisted (period=1d)
2025-10-22 03:00:25,547 | INFO | [DATA] Usando datos simulados para XAGUSD: $31.4886
2025-10-22 03:00:25,555 | INFO | [SIGNALS] Señales detectadas: 2
2025-10-22 03:00:25,567 | INFO | [POSITIONS] Posiciones activas: 1
2025-10-22 03:00:25,576 | INFO | [PORTFOLIO] Posiciones:
2025-10-22 03:00:25,576 | INFO |    AUDUSD: SELL @ $0.7252
2025-10-22 03:00:25,576 | INFO | [CAPITAL] Capital actual: $500.00
2025-10-22 03:00:25,577 | INFO | [WAIT] Esperando 60 segundos para el próximo ciclo...
2025-10-22 03:01:25,597 | INFO | 
[CYCLE] CICLO 186 - 08:01:25
2025-10-22 03:01:25,611 | INFO | [SESSION] Sesión: TOKYO | Prioridad: MEDIUM
2025-10-22 03:01:27,089 | ERROR | Failed to get ticker 'AUDUSD=X' reason: Expecting value: line 1 column 1 (char 0)
2025-10-22 03:01:28,335 | ERROR | AUDUSD=X: No price data found, symbol may be delisted (period=1d)
2025-10-22 03:01:30,819 | ERROR | Failed to get ticker 'EURUSD=X' reason: Expecting value: line 1 column 1 (char 0)
2025-10-22 03:01:32,163 | ERROR | EURUSD=X: No price data found, symbol may be delisted (period=1d)
2025-10-22 03:01:34,669 | ERROR | Failed to get ticker 'GBPUSD=X' reason: Expecting value: line 1 column 1 (char 0)
2025-10-22 03:01:35,991 | ERROR | GBPUSD=X: No price data found, symbol may be delisted (period=1d)
2025-10-22 03:01:38,333 | ERROR | Failed to get ticker 'USDJPY=X' reason: Expecting value: line 1 column 1 (char 0)
2025-10-22 03:01:39,337 | ERROR | USDJPY=X: No price data found, symbol may be delisted (period=1d)
2025-10-22 03:01:39,354 | INFO | [DATA] Usando datos simulados para USDJPY: $150.0260
2025-10-22 03:01:39,375 | INFO | [SIGNAL] SEÑAL DETECTADA: AUDUSD | BEARISH_BREAKOUT
2025-10-22 03:01:39,376 | INFO |    [CONF] Confianza: 82.1% | Riesgo: MEDIUM
2025-10-22 03:01:39,378 | INFO |    [PRICE] Precio: $0.7252 | Spread: 0.000250
2025-10-22 03:01:39,378 | INFO | [SKIP] Trade no ejecutado para AUDUSD (condiciones no cumplidas)
2025-10-22 03:01:40,588 | ERROR | Failed to get ticker 'GC=F' reason: Expecting value: line 1 column 1 (char 0)
2025-10-22 03:01:41,896 | ERROR | GC=F: No price data found, symbol may be delisted (period=1d)
2025-10-22 03:01:41,906 | INFO | [DATA] Usando datos simulados para XAUUSD: $2660.1764
2025-10-22 03:01:43,092 | ERROR | Failed to get ticker 'SI=F' reason: Expecting value: line 1 column 1 (char 0)
2025-10-22 03:01:44,270 | ERROR | SI=F: No price data found, symbol may be delisted (period=1d)
2025-10-22 03:01:44,274 | INFO | [DATA] Usando datos simulados para XAGUSD: $31.3886
2025-10-22 03:01:44,286 | INFO | [SIGNAL] SEÑAL DETECTADA: XAGUSD | BEARISH_BREAKOUT
2025-10-22 03:01:44,287 | INFO |    [CONF] Confianza: 82.1% | Riesgo: MEDIUM
2025-10-22 03:01:44,288 | INFO |    [PRICE] Precio: $31.3886 | Spread: 0.030000
2025-10-22 03:01:44,295 | INFO | [SKIP] Trade no ejecutado para XAGUSD (condiciones no cumplidas)
2025-10-22 03:01:44,296 | INFO | [SIGNALS] Señales detectadas: 2
2025-10-22 03:01:44,296 | INFO | [POSITIONS] Posiciones activas: 1
2025-10-22 03:01:44,298 | INFO | [PORTFOLIO] Posiciones:
2025-10-22 03:01:44,299 | INFO |    AUDUSD: SELL @ $0.7252
2025-10-22 03:01:44,300 | INFO | [CAPITAL] Capital actual: $500.00
2025-10-22 03:01:44,301 | INFO | [WAIT] Esperando 60 segundos para el próximo ciclo...
2025-10-22 03:02:44,306 | INFO | 
[CYCLE] CICLO 187 - 08:02:44
2025-10-22 03:02:44,306 | INFO | [SESSION] Sesión: TOKYO | Prioridad: MEDIUM
2025-10-22 03:02:45,692 | ERROR | Failed to get ticker 'AUDUSD=X' reason: Expecting value: line 1 column 1 (char 0)
2025-10-22 03:02:47,005 | ERROR | AUDUSD=X: No price data found, symbol may be delisted (period=1d)
2025-10-22 03:02:49,582 | ERROR | Failed to get ticker 'EURUSD=X' reason: Expecting value: line 1 column 1 (char 0)
2025-10-22 03:02:50,904 | ERROR | EURUSD=X: No price data found, symbol may be delisted (period=1d)
2025-10-22 03:02:53,662 | ERROR | Failed to get ticker 'GBPUSD=X' reason: Expecting value: line 1 column 1 (char 0)
2025-10-22 03:02:54,984 | ERROR | GBPUSD=X: No price data found, symbol may be delisted (period=1d)
2025-10-22 03:02:57,759 | ERROR | Failed to get ticker 'USDJPY=X' reason: Expecting value: line 1 column 1 (char 0)
2025-10-22 03:02:59,202 | ERROR | USDJPY=X: No price data found, symbol may be delisted (period=1d)
2025-10-22 03:02:59,205 | INFO | [DATA] Usando datos simulados para USDJPY: $149.7725
2025-10-22 03:02:59,220 | INFO | [SIGNAL] SEÑAL DETECTADA: AUDUSD | BEARISH_BREAKOUT
2025-10-22 03:02:59,221 | INFO |    [CONF] Confianza: 82.1% | Riesgo: MEDIUM
2025-10-22 03:02:59,221 | INFO |    [PRICE] Precio: $0.7252 | Spread: 0.000250
2025-10-22 03:02:59,222 | INFO | [SKIP] Trade no ejecutado para AUDUSD (condiciones no cumplidas)
2025-10-22 03:03:00,817 | ERROR | Failed to get ticker 'GC=F' reason: Expecting value: line 1 column 1 (char 0)
2025-10-22 03:03:02,338 | ERROR | GC=F: No price data found, symbol may be delisted (period=1d)
2025-10-22 03:03:02,346 | INFO | [DATA] Usando datos simulados para XAUUSD: $2657.4795
2025-10-22 03:03:02,357 | INFO | [SIGNAL] SEÑAL DETECTADA: XAUUSD | BULLISH_BREAKOUT
2025-10-22 03:03:02,370 | INFO |    [CONF] Confianza: 72.4% | Riesgo: MEDIUM
2025-10-22 03:03:02,373 | INFO |    [PRICE] Precio: $2657.4795 | Spread: 0.500000
2025-10-22 03:03:02,381 | INFO | [SKIP] Trade no ejecutado para XAUUSD (condiciones no cumplidas)
2025-10-22 03:03:03,822 | ERROR | Failed to get ticker 'SI=F' reason: Expecting value: line 1 column 1 (char 0)
2025-10-22 03:03:05,090 | ERROR | SI=F: No price data found, symbol may be delisted (period=1d)
2025-10-22 03:03:05,101 | INFO | [DATA] Usando datos simulados para XAGUSD: $31.6032
2025-10-22 03:03:05,112 | INFO | [SIGNAL] SEÑAL DETECTADA: XAGUSD | BEARISH_BREAKOUT
2025-10-22 03:03:05,112 | INFO |    [CONF] Confianza: 73.3% | Riesgo: MEDIUM
2025-10-22 03:03:05,112 | INFO |    [PRICE] Precio: $31.6032 | Spread: 0.030000
2025-10-22 03:03:05,117 | INFO | [SKIP] Trade no ejecutado para XAGUSD (condiciones no cumplidas)
2025-10-22 03:03:05,117 | INFO | [SIGNALS] Señales detectadas: 3
2025-10-22 03:03:05,117 | INFO | [POSITIONS] Posiciones activas: 1
2025-10-22 03:03:05,118 | INFO | [PORTFOLIO] Posiciones:
2025-10-22 03:03:05,118 | INFO |    AUDUSD: SELL @ $0.7252
2025-10-22 03:03:05,119 | INFO | [CAPITAL] Capital actual: $500.00
2025-10-22 03:03:05,119 | INFO | [WAIT] Esperando 60 segundos para el próximo ciclo...
2025-10-22 03:04:05,138 | INFO | 
[CYCLE] CICLO 188 - 08:04:05
2025-10-22 03:04:05,140 | INFO | [SESSION] Sesión: TOKYO | Prioridad: MEDIUM
2025-10-22 03:04:06,579 | ERROR | Failed to get ticker 'AUDUSD=X' reason: Expecting value: line 1 column 1 (char 0)
2025-10-22 03:04:07,823 | ERROR | AUDUSD=X: No price data found, symbol may be delisted (period=1d)
2025-10-22 03:04:09,906 | ERROR | Failed to get ticker 'EURUSD=X' reason: Expecting value: line 1 column 1 (char 0)
2025-10-22 03:04:11,034 | ERROR | EURUSD=X: No price data found, symbol may be delisted (period=1d)
2025-10-22 03:04:13,564 | ERROR | Failed to get ticker 'GBPUSD=X' reason: Expecting value: line 1 column 1 (char 0)
2025-10-22 03:04:14,807 | ERROR | GBPUSD=X: No price data found, symbol may be delisted (period=1d)
2025-10-22 03:04:16,972 | ERROR | Failed to get ticker 'USDJPY=X' reason: Expecting value: line 1 column 1 (char 0)
2025-10-22 03:04:18,916 | ERROR | USDJPY=X: No price data found, symbol may be delisted (period=1d)
2025-10-22 03:04:18,940 | INFO | [DATA] Usando datos simulados para USDJPY: $149.7236
2025-10-22 03:04:18,989 | INFO | [SIGNAL] SEÑAL DETECTADA: USDJPY | BULLISH_BREAKOUT
2025-10-22 03:04:18,990 | INFO |    [CONF] Confianza: 82.8% | Riesgo: MEDIUM
2025-10-22 03:04:18,991 | INFO |    [PRICE] Precio: $149.7236 | Spread: 0.015000
2025-10-22 03:04:18,996 | INFO | [SKIP] Trade no ejecutado para USDJPY (condiciones no cumplidas)
2025-10-22 03:04:19,013 | INFO | [SIGNAL] SEÑAL DETECTADA: AUDUSD | BEARISH_BREAKOUT
2025-10-22 03:04:19,014 | INFO |    [CONF] Confianza: 82.1% | Riesgo: MEDIUM
2025-10-22 03:04:19,016 | INFO |    [PRICE] Precio: $0.7252 | Spread: 0.000250
2025-10-22 03:04:19,027 | INFO | [SKIP] Trade no ejecutado para AUDUSD (condiciones no cumplidas)
2025-10-22 03:04:20,326 | ERROR | Failed to get ticker 'GC=F' reason: Expecting value: line 1 column 1 (char 0)
2025-10-22 03:04:21,778 | ERROR | GC=F: No price data found, symbol may be delisted (period=1d)
2025-10-22 03:04:21,781 | INFO | [DATA] Usando datos simulados para XAUUSD: $2640.8783
2025-10-22 03:04:21,791 | INFO | [SIGNAL] SEÑAL DETECTADA: XAUUSD | BEARISH_BREAKOUT
2025-10-22 03:04:21,794 | INFO |    [CONF] Confianza: 76.8% | Riesgo: MEDIUM
2025-10-22 03:04:21,794 | INFO |    [PRICE] Precio: $2640.8783 | Spread: 0.500000
2025-10-22 03:04:21,796 | INFO | [SKIP] Trade no ejecutado para XAUUSD (condiciones no cumplidas)
2025-10-22 03:04:23,018 | ERROR | Failed to get ticker 'SI=F' reason: Expecting value: line 1 column 1 (char 0)
2025-10-22 03:04:24,310 | ERROR | SI=F: No price data found, symbol may be delisted (period=1d)
2025-10-22 03:04:24,321 | INFO | [DATA] Usando datos simulados para XAGUSD: $31.4604
2025-10-22 03:04:24,323 | INFO | [SIGNALS] Señales detectadas: 3
2025-10-22 03:04:24,323 | INFO | [POSITIONS] Posiciones activas: 1
2025-10-22 03:04:24,323 | INFO | [PORTFOLIO] Posiciones:
2025-10-22 03:04:24,325 | INFO |    AUDUSD: SELL @ $0.7252
2025-10-22 03:04:24,325 | INFO | [CAPITAL] Capital actual: $500.00
2025-10-22 03:04:24,325 | INFO | [WAIT] Esperando 60 segundos para el próximo ciclo...
2025-10-22 03:05:24,332 | INFO | 
[CYCLE] CICLO 189 - 08:05:24
2025-10-22 03:05:24,332 | INFO | [SESSION] Sesión: TOKYO | Prioridad: MEDIUM
2025-10-22 03:05:25,895 | ERROR | Failed to get ticker 'AUDUSD=X' reason: Expecting value: line 1 column 1 (char 0)
2025-10-22 03:05:26,986 | ERROR | AUDUSD=X: No price data found, symbol may be delisted (period=1d)
2025-10-22 03:05:29,286 | ERROR | Failed to get ticker 'EURUSD=X' reason: Expecting value: line 1 column 1 (char 0)
2025-10-22 03:05:30,550 | ERROR | EURUSD=X: No price data found, symbol may be delisted (period=1d)
2025-10-22 03:05:32,904 | ERROR | Failed to get ticker 'GBPUSD=X' reason: Expecting value: line 1 column 1 (char 0)
2025-10-22 03:05:34,118 | ERROR | GBPUSD=X: No price data found, symbol may be delisted (period=1d)
2025-10-22 03:05:36,465 | ERROR | Failed to get ticker 'USDJPY=X' reason: Expecting value: line 1 column 1 (char 0)
2025-10-22 03:05:37,953 | ERROR | USDJPY=X: No price data found, symbol may be delisted (period=1d)
2025-10-22 03:05:37,953 | INFO | [DATA] Usando datos simulados para USDJPY: $149.3148
2025-10-22 03:05:37,964 | INFO | [SIGNAL] SEÑAL DETECTADA: AUDUSD | BEARISH_BREAKOUT
2025-10-22 03:05:37,965 | INFO |    [CONF] Confianza: 82.1% | Riesgo: MEDIUM
2025-10-22 03:05:37,965 | INFO |    [PRICE] Precio: $0.7252 | Spread: 0.000250
2025-10-22 03:05:37,966 | INFO | [SKIP] Trade no ejecutado para AUDUSD (condiciones no cumplidas)
2025-10-22 03:05:39,304 | ERROR | Failed to get ticker 'GC=F' reason: Expecting value: line 1 column 1 (char 0)
2025-10-22 03:05:40,791 | ERROR | GC=F: No price data found, symbol may be delisted (period=1d)
2025-10-22 03:05:40,796 | INFO | [DATA] Usando datos simulados para XAUUSD: $2650.6338
2025-10-22 03:05:42,116 | ERROR | Failed to get ticker 'SI=F' reason: Expecting value: line 1 column 1 (char 0)
2025-10-22 03:05:43,385 | ERROR | SI=F: No price data found, symbol may be delisted (period=1d)
2025-10-22 03:05:43,387 | INFO | [DATA] Usando datos simulados para XAGUSD: $31.4475
2025-10-22 03:05:43,387 | INFO | [SIGNALS] Señales detectadas: 1
2025-10-22 03:05:43,389 | INFO | [POSITIONS] Posiciones activas: 1
2025-10-22 03:05:43,389 | INFO | [PORTFOLIO] Posiciones:
2025-10-22 03:05:43,389 | INFO |    AUDUSD: SELL @ $0.7252
2025-10-22 03:05:43,389 | INFO | [CAPITAL] Capital actual: $500.00
2025-10-22 03:05:43,392 | INFO | [WAIT] Esperando 60 segundos para el próximo ciclo...
2025-10-22 03:06:43,424 | INFO | 
[CYCLE] CICLO 190 - 08:06:43
2025-10-22 03:06:43,431 | INFO | [SESSION] Sesión: TOKYO | Prioridad: MEDIUM
2025-10-22 03:06:44,850 | ERROR | Failed to get ticker 'AUDUSD=X' reason: Expecting value: line 1 column 1 (char 0)
2025-10-22 03:06:46,069 | ERROR | AUDUSD=X: No price data found, symbol may be delisted (period=1d)
2025-10-22 03:06:48,111 | ERROR | Failed to get ticker 'EURUSD=X' reason: Expecting value: line 1 column 1 (char 0)
2025-10-22 03:06:49,373 | ERROR | EURUSD=X: No price data found, symbol may be delisted (period=1d)
2025-10-22 03:06:51,667 | ERROR | Failed to get ticker 'GBPUSD=X' reason: Expecting value: line 1 column 1 (char 0)
2025-10-22 03:06:52,795 | ERROR | GBPUSD=X: No price data found, symbol may be delisted (period=1d)
2025-10-22 03:06:55,024 | ERROR | Failed to get ticker 'USDJPY=X' reason: Expecting value: line 1 column 1 (char 0)
2025-10-22 03:06:56,297 | ERROR | USDJPY=X: No price data found, symbol may be delisted (period=1d)
2025-10-22 03:06:56,325 | INFO | [DATA] Usando datos simulados para USDJPY: $149.7165
2025-10-22 03:06:56,341 | INFO | [SIGNAL] SEÑAL DETECTADA: AUDUSD | BEARISH_BREAKOUT
2025-10-22 03:06:56,341 | INFO |    [CONF] Confianza: 82.1% | Riesgo: MEDIUM
2025-10-22 03:06:56,347 | INFO |    [PRICE] Precio: $0.7252 | Spread: 0.000250
2025-10-22 03:06:56,387 | INFO | [SKIP] Trade no ejecutado para AUDUSD (condiciones no cumplidas)
2025-10-22 03:06:57,731 | ERROR | Failed to get ticker 'GC=F' reason: Expecting value: line 1 column 1 (char 0)
2025-10-22 03:06:58,974 | ERROR | GC=F: No price data found, symbol may be delisted (period=1d)
2025-10-22 03:06:58,988 | INFO | [DATA] Usando datos simulados para XAUUSD: $2638.7091
2025-10-22 03:07:00,268 | ERROR | Failed to get ticker 'SI=F' reason: Expecting value: line 1 column 1 (char 0)
2025-10-22 03:07:01,567 | ERROR | SI=F: No price data found, symbol may be delisted (period=1d)
2025-10-22 03:07:01,570 | INFO | [DATA] Usando datos simulados para XAGUSD: $31.3624
2025-10-22 03:07:01,571 | INFO | [SIGNALS] Señales detectadas: 1
2025-10-22 03:07:01,571 | INFO | [POSITIONS] Posiciones activas: 1
2025-10-22 03:07:01,571 | INFO | [PORTFOLIO] Posiciones:
2025-10-22 03:07:01,573 | INFO |    AUDUSD: SELL @ $0.7252
2025-10-22 03:07:01,573 | INFO | [CAPITAL] Capital actual: $500.00
2025-10-22 03:07:01,575 | INFO | [STATS] ROI Total: +0.00% | Señales totales: 292
2025-10-22 03:07:01,575 | INFO | [WAIT] Esperando 60 segundos para el próximo ciclo...
2025-10-22 03:08:01,578 | INFO | 
[CYCLE] CICLO 191 - 08:08:01
2025-10-22 03:08:01,580 | INFO | [SESSION] Sesión: TOKYO | Prioridad: MEDIUM
2025-10-22 03:08:02,973 | ERROR | Failed to get ticker 'AUDUSD=X' reason: Expecting value: line 1 column 1 (char 0)
2025-10-22 03:08:04,025 | ERROR | AUDUSD=X: No price data found, symbol may be delisted (period=1d)
2025-10-22 03:08:06,145 | ERROR | Failed to get ticker 'EURUSD=X' reason: Expecting value: line 1 column 1 (char 0)
2025-10-22 03:08:07,220 | ERROR | EURUSD=X: No price data found, symbol may be delisted (period=1d)
2025-10-22 03:08:09,443 | ERROR | Failed to get ticker 'GBPUSD=X' reason: Expecting value: line 1 column 1 (char 0)
2025-10-22 03:08:10,529 | ERROR | GBPUSD=X: No price data found, symbol may be delisted (period=1d)
2025-10-22 03:08:12,656 | ERROR | Failed to get ticker 'USDJPY=X' reason: Expecting value: line 1 column 1 (char 0)
2025-10-22 03:08:13,687 | ERROR | USDJPY=X: No price data found, symbol may be delisted (period=1d)
2025-10-22 03:08:13,687 | INFO | [DATA] Usando datos simulados para USDJPY: $149.1351
2025-10-22 03:08:13,714 | INFO | [SIGNAL] SEÑAL DETECTADA: USDJPY | BULLISH_BREAKOUT
2025-10-22 03:08:13,717 | INFO |    [CONF] Confianza: 76.7% | Riesgo: MEDIUM
2025-10-22 03:08:13,717 | INFO |    [PRICE] Precio: $149.1351 | Spread: 0.015000
2025-10-22 03:08:13,724 | INFO | [SKIP] Trade no ejecutado para USDJPY (condiciones no cumplidas)
2025-10-22 03:08:13,731 | INFO | [SIGNAL] SEÑAL DETECTADA: AUDUSD | BEARISH_BREAKOUT
2025-10-22 03:08:13,731 | INFO |    [CONF] Confianza: 82.1% | Riesgo: MEDIUM
2025-10-22 03:08:13,733 | INFO |    [PRICE] Precio: $0.7252 | Spread: 0.000250
2025-10-22 03:08:13,733 | INFO | [SKIP] Trade no ejecutado para AUDUSD (condiciones no cumplidas)
2025-10-22 03:08:14,972 | ERROR | Failed to get ticker 'GC=F' reason: Expecting value: line 1 column 1 (char 0)
2025-10-22 03:08:16,174 | ERROR | GC=F: No price data found, symbol may be delisted (period=1d)
2025-10-22 03:08:16,177 | INFO | [DATA] Usando datos simulados para XAUUSD: $2656.9526
2025-10-22 03:08:16,181 | INFO | [SIGNAL] SEÑAL DETECTADA: XAUUSD | BEARISH_BREAKOUT
2025-10-22 03:08:16,186 | INFO |    [CONF] Confianza: 78.3% | Riesgo: MEDIUM
2025-10-22 03:08:16,186 | INFO |    [PRICE] Precio: $2656.9526 | Spread: 0.500000
2025-10-22 03:08:16,193 | INFO | [SKIP] Trade no ejecutado para XAUUSD (condiciones no cumplidas)
2025-10-22 03:08:17,490 | ERROR | Failed to get ticker 'SI=F' reason: Expecting value: line 1 column 1 (char 0)
2025-10-22 03:08:18,661 | ERROR | SI=F: No price data found, symbol may be delisted (period=1d)
2025-10-22 03:08:18,666 | INFO | [DATA] Usando datos simulados para XAGUSD: $31.3853
2025-10-22 03:08:18,666 | INFO | [SIGNALS] Señales detectadas: 3
2025-10-22 03:08:18,668 | INFO | [POSITIONS] Posiciones activas: 1
2025-10-22 03:08:18,668 | INFO | [PORTFOLIO] Posiciones:
2025-10-22 03:08:18,668 | INFO |    AUDUSD: SELL @ $0.7252
2025-10-22 03:08:18,668 | INFO | [CAPITAL] Capital actual: $500.00
2025-10-22 03:08:18,668 | INFO | [WAIT] Esperando 60 segundos para el próximo ciclo...
2025-10-22 03:09:18,672 | INFO | 
[CYCLE] CICLO 192 - 08:09:18
2025-10-22 03:09:18,672 | INFO | [SESSION] Sesión: TOKYO | Prioridad: MEDIUM
2025-10-22 03:09:20,088 | ERROR | Failed to get ticker 'AUDUSD=X' reason: Expecting value: line 1 column 1 (char 0)
2025-10-22 03:09:21,426 | ERROR | AUDUSD=X: No price data found, symbol may be delisted (period=1d)
2025-10-22 03:09:23,513 | ERROR | Failed to get ticker 'EURUSD=X' reason: Expecting value: line 1 column 1 (char 0)
2025-10-22 03:09:24,754 | ERROR | EURUSD=X: No price data found, symbol may be delisted (period=1d)
2025-10-22 03:09:26,913 | ERROR | Failed to get ticker 'GBPUSD=X' reason: Expecting value: line 1 column 1 (char 0)
2025-10-22 03:09:28,095 | ERROR | GBPUSD=X: No price data found, symbol may be delisted (period=1d)
2025-10-22 03:09:30,280 | ERROR | Failed to get ticker 'USDJPY=X' reason: Expecting value: line 1 column 1 (char 0)
2025-10-22 03:09:31,512 | ERROR | USDJPY=X: No price data found, symbol may be delisted (period=1d)
2025-10-22 03:09:31,512 | INFO | [DATA] Usando datos simulados para USDJPY: $149.8325
2025-10-22 03:09:31,541 | INFO | [SIGNAL] SEÑAL DETECTADA: AUDUSD | BEARISH_BREAKOUT
2025-10-22 03:09:31,547 | INFO |    [CONF] Confianza: 82.1% | Riesgo: MEDIUM
2025-10-22 03:09:31,548 | INFO |    [PRICE] Precio: $0.7252 | Spread: 0.000250
2025-10-22 03:09:31,549 | INFO | [SKIP] Trade no ejecutado para AUDUSD (condiciones no cumplidas)
2025-10-22 03:09:32,702 | ERROR | Failed to get ticker 'GC=F' reason: Expecting value: line 1 column 1 (char 0)
2025-10-22 03:09:33,965 | ERROR | GC=F: No price data found, symbol may be delisted (period=1d)
2025-10-22 03:09:33,967 | INFO | [DATA] Usando datos simulados para XAUUSD: $2660.7190
2025-10-22 03:09:35,193 | ERROR | Failed to get ticker 'SI=F' reason: Expecting value: line 1 column 1 (char 0)
2025-10-22 03:09:36,389 | ERROR | SI=F: No price data found, symbol may be delisted (period=1d)
2025-10-22 03:09:36,392 | INFO | [DATA] Usando datos simulados para XAGUSD: $31.3964
2025-10-22 03:09:36,405 | INFO | [SIGNAL] SEÑAL DETECTADA: XAGUSD | BULLISH_BREAKOUT
2025-10-22 03:09:36,411 | INFO |    [CONF] Confianza: 73.1% | Riesgo: MEDIUM
2025-10-22 03:09:36,413 | INFO |    [PRICE] Precio: $31.3964 | Spread: 0.030000
2025-10-22 03:09:36,423 | INFO | [SKIP] Trade no ejecutado para XAGUSD (condiciones no cumplidas)
2025-10-22 03:09:36,424 | INFO | [SIGNALS] Señales detectadas: 2
2025-10-22 03:09:36,425 | INFO | [POSITIONS] Posiciones activas: 1
2025-10-22 03:09:36,427 | INFO | [PORTFOLIO] Posiciones:
2025-10-22 03:09:36,428 | INFO |    AUDUSD: SELL @ $0.7252
2025-10-22 03:09:36,428 | INFO | [CAPITAL] Capital actual: $500.00
2025-10-22 03:09:36,428 | INFO | [WAIT] Esperando 60 segundos para el próximo ciclo...
2025-10-22 03:10:36,442 | INFO | 
[CYCLE] CICLO 193 - 08:10:36
2025-10-22 03:10:36,444 | INFO | [SESSION] Sesión: TOKYO | Prioridad: MEDIUM
2025-10-22 03:10:37,725 | ERROR | Failed to get ticker 'AUDUSD=X' reason: Expecting value: line 1 column 1 (char 0)
2025-10-22 03:10:38,890 | ERROR | AUDUSD=X: No price data found, symbol may be delisted (period=1d)
2025-10-22 03:10:41,221 | ERROR | Failed to get ticker 'EURUSD=X' reason: Expecting value: line 1 column 1 (char 0)
2025-10-22 03:10:42,314 | ERROR | EURUSD=X: No price data found, symbol may be delisted (period=1d)
2025-10-22 03:10:44,540 | ERROR | Failed to get ticker 'GBPUSD=X' reason: Expecting value: line 1 column 1 (char 0)
2025-10-22 03:10:45,599 | ERROR | GBPUSD=X: No price data found, symbol may be delisted (period=1d)
2025-10-22 03:10:47,795 | ERROR | Failed to get ticker 'USDJPY=X' reason: Expecting value: line 1 column 1 (char 0)
2025-10-22 03:10:48,863 | ERROR | USDJPY=X: No price data found, symbol may be delisted (period=1d)
2025-10-22 03:10:48,866 | INFO | [DATA] Usando datos simulados para USDJPY: $148.9050
2025-10-22 03:10:48,877 | INFO | [SIGNAL] SEÑAL DETECTADA: AUDUSD | BEARISH_BREAKOUT
2025-10-22 03:10:48,878 | INFO |    [CONF] Confianza: 82.1% | Riesgo: MEDIUM
2025-10-22 03:10:48,879 | INFO |    [PRICE] Precio: $0.7252 | Spread: 0.000250
2025-10-22 03:10:48,880 | INFO | [SKIP] Trade no ejecutado para AUDUSD (condiciones no cumplidas)
2025-10-22 03:10:49,974 | ERROR | Failed to get ticker 'GC=F' reason: Expecting value: line 1 column 1 (char 0)
2025-10-22 03:10:51,046 | ERROR | GC=F: No price data found, symbol may be delisted (period=1d)
2025-10-22 03:10:51,058 | INFO | [DATA] Usando datos simulados para XAUUSD: $2638.6261
2025-10-22 03:10:52,127 | ERROR | Failed to get ticker 'SI=F' reason: Expecting value: line 1 column 1 (char 0)
2025-10-22 03:10:53,219 | ERROR | SI=F: No price data found, symbol may be delisted (period=1d)
2025-10-22 03:10:53,219 | INFO | [DATA] Usando datos simulados para XAGUSD: $31.5213
2025-10-22 03:10:53,232 | INFO | [SIGNAL] SEÑAL DETECTADA: XAGUSD | BEARISH_BREAKOUT
2025-10-22 03:10:53,232 | INFO |    [CONF] Confianza: 69.8% | Riesgo: MEDIUM
2025-10-22 03:10:53,234 | INFO |    [PRICE] Precio: $31.5213 | Spread: 0.030000
2025-10-22 03:10:53,239 | INFO | [SKIP] Trade no ejecutado para XAGUSD (condiciones no cumplidas)
2025-10-22 03:10:53,241 | INFO | [SIGNALS] Señales detectadas: 2
2025-10-22 03:10:53,243 | INFO | [POSITIONS] Posiciones activas: 1
2025-10-22 03:10:53,243 | INFO | [PORTFOLIO] Posiciones:
2025-10-22 03:10:53,244 | INFO |    AUDUSD: SELL @ $0.7252
2025-10-22 03:10:53,246 | INFO | [CAPITAL] Capital actual: $500.00
2025-10-22 03:10:53,246 | INFO | [WAIT] Esperando 60 segundos para el próximo ciclo...
2025-10-22 03:11:53,251 | INFO | 
[CYCLE] CICLO 194 - 08:11:53
2025-10-22 03:11:53,251 | INFO | [SESSION] Sesión: TOKYO | Prioridad: MEDIUM
2025-10-22 03:11:54,706 | ERROR | Failed to get ticker 'AUDUSD=X' reason: Expecting value: line 1 column 1 (char 0)
2025-10-22 03:11:55,848 | ERROR | AUDUSD=X: No price data found, symbol may be delisted (period=1d)
2025-10-22 03:11:58,148 | ERROR | Failed to get ticker 'EURUSD=X' reason: Expecting value: line 1 column 1 (char 0)
2025-10-22 03:11:59,497 | ERROR | EURUSD=X: No price data found, symbol may be delisted (period=1d)
2025-10-22 03:12:01,592 | ERROR | Failed to get ticker 'GBPUSD=X' reason: Expecting value: line 1 column 1 (char 0)
2025-10-22 03:12:02,817 | ERROR | GBPUSD=X: No price data found, symbol may be delisted (period=1d)
2025-10-22 03:12:04,886 | ERROR | Failed to get ticker 'USDJPY=X' reason: Expecting value: line 1 column 1 (char 0)
2025-10-22 03:12:06,102 | ERROR | USDJPY=X: No price data found, symbol may be delisted (period=1d)
2025-10-22 03:12:06,104 | INFO | [DATA] Usando datos simulados para USDJPY: $149.6923
2025-10-22 03:12:06,129 | INFO | [SIGNAL] SEÑAL DETECTADA: USDJPY | BEARISH_BREAKOUT
2025-10-22 03:12:06,134 | INFO |    [CONF] Confianza: 82.7% | Riesgo: MEDIUM
2025-10-22 03:12:06,137 | INFO |    [PRICE] Precio: $149.6923 | Spread: 0.015000
2025-10-22 03:12:06,153 | INFO | [SKIP] Trade no ejecutado para USDJPY (condiciones no cumplidas)
2025-10-22 03:12:07,341 | ERROR | Failed to get ticker 'AUDUSD=X' reason: Expecting value: line 1 column 1 (char 0)
2025-10-22 03:12:08,521 | ERROR | AUDUSD=X: No price data found, symbol may be delisted (period=1d)
2025-10-22 03:12:09,498 | INFO | [SIGNAL] SEÑAL DETECTADA: AUDUSD | BEARISH_BREAKOUT
2025-10-22 03:12:09,498 | INFO |    [CONF] Confianza: 82.1% | Riesgo: MEDIUM
2025-10-22 03:12:09,498 | INFO |    [PRICE] Precio: $0.7252 | Spread: 0.000250
2025-10-22 03:12:09,498 | INFO | [SKIP] Trade no ejecutado para AUDUSD (condiciones no cumplidas)
2025-10-22 03:12:10,695 | ERROR | Failed to get ticker 'GC=F' reason: Expecting value: line 1 column 1 (char 0)
2025-10-22 03:12:11,967 | ERROR | GC=F: No price data found, symbol may be delisted (period=1d)
2025-10-22 03:12:11,972 | INFO | [DATA] Usando datos simulados para XAUUSD: $2638.9356
2025-10-22 03:12:13,164 | ERROR | Failed to get ticker 'SI=F' reason: Expecting value: line 1 column 1 (char 0)
2025-10-22 03:12:14,381 | ERROR | SI=F: No price data found, symbol may be delisted (period=1d)
2025-10-22 03:12:14,384 | INFO | [DATA] Usando datos simulados para XAGUSD: $31.5864
2025-10-22 03:12:14,392 | INFO | [SIGNAL] SEÑAL DETECTADA: XAGUSD | BULLISH_BREAKOUT
2025-10-22 03:12:14,392 | INFO |    [CONF] Confianza: 69.7% | Riesgo: MEDIUM
2025-10-22 03:12:14,394 | INFO |    [PRICE] Precio: $31.5864 | Spread: 0.030000
2025-10-22 03:12:14,399 | INFO | [SKIP] Trade no ejecutado para XAGUSD (condiciones no cumplidas)
2025-10-22 03:12:14,400 | INFO | [SIGNALS] Señales detectadas: 3
2025-10-22 03:12:14,400 | INFO | [POSITIONS] Posiciones activas: 1
2025-10-22 03:12:14,400 | INFO | [PORTFOLIO] Posiciones:
2025-10-22 03:12:14,400 | INFO |    AUDUSD: SELL @ $0.7252
2025-10-22 03:12:14,401 | INFO | [CAPITAL] Capital actual: $500.00
2025-10-22 03:12:14,401 | INFO | [WAIT] Esperando 60 segundos para el próximo ciclo...
2025-10-22 03:13:14,412 | INFO | 
[CYCLE] CICLO 195 - 08:13:14
2025-10-22 03:13:14,414 | INFO | [SESSION] Sesión: TOKYO | Prioridad: MEDIUM
2025-10-22 03:13:15,876 | ERROR | Failed to get ticker 'AUDUSD=X' reason: Expecting value: line 1 column 1 (char 0)
2025-10-22 03:13:17,065 | ERROR | AUDUSD=X: No price data found, symbol may be delisted (period=1d)
2025-10-22 03:13:19,502 | ERROR | Failed to get ticker 'EURUSD=X' reason: Expecting value: line 1 column 1 (char 0)
2025-10-22 03:13:20,791 | ERROR | EURUSD=X: No price data found, symbol may be delisted (period=1d)
2025-10-22 03:13:23,191 | ERROR | Failed to get ticker 'GBPUSD=X' reason: Expecting value: line 1 column 1 (char 0)
2025-10-22 03:13:24,573 | ERROR | GBPUSD=X: No price data found, symbol may be delisted (period=1d)
2025-10-22 03:13:26,868 | ERROR | Failed to get ticker 'USDJPY=X' reason: Expecting value: line 1 column 1 (char 0)
2025-10-22 03:13:28,255 | ERROR | USDJPY=X: No price data found, symbol may be delisted (period=1d)
2025-10-22 03:13:28,268 | INFO | [DATA] Usando datos simulados para USDJPY: $149.5313
2025-10-22 03:13:28,281 | INFO | [SIGNAL] SEÑAL DETECTADA: AUDUSD | BEARISH_BREAKOUT
2025-10-22 03:13:28,281 | INFO |    [CONF] Confianza: 82.1% | Riesgo: MEDIUM
2025-10-22 03:13:28,283 | INFO |    [PRICE] Precio: $0.7252 | Spread: 0.000250
2025-10-22 03:13:28,285 | INFO | [SKIP] Trade no ejecutado para AUDUSD (condiciones no cumplidas)
2025-10-22 03:13:29,557 | ERROR | Failed to get ticker 'GC=F' reason: Expecting value: line 1 column 1 (char 0)
2025-10-22 03:13:30,948 | ERROR | GC=F: No price data found, symbol may be delisted (period=1d)
2025-10-22 03:13:30,986 | INFO | [DATA] Usando datos simulados para XAUUSD: $2651.6008
2025-10-22 03:13:32,250 | ERROR | Failed to get ticker 'SI=F' reason: Expecting value: line 1 column 1 (char 0)
2025-10-22 03:13:33,580 | ERROR | SI=F: No price data found, symbol may be delisted (period=1d)
2025-10-22 03:13:33,580 | INFO | [DATA] Usando datos simulados para XAGUSD: $31.4054
2025-10-22 03:13:33,580 | INFO | [SIGNALS] Señales detectadas: 1
2025-10-22 03:13:33,580 | INFO | [POSITIONS] Posiciones activas: 1
2025-10-22 03:13:33,580 | INFO | [PORTFOLIO] Posiciones:
2025-10-22 03:13:33,580 | INFO |    AUDUSD: SELL @ $0.7252
2025-10-22 03:13:33,580 | INFO | [CAPITAL] Capital actual: $500.00
2025-10-22 03:13:33,580 | INFO | [WAIT] Esperando 60 segundos para el próximo ciclo...
2025-10-22 03:14:33,585 | INFO | 
[CYCLE] CICLO 196 - 08:14:33
2025-10-22 03:14:33,587 | INFO | [SESSION] Sesión: TOKYO | Prioridad: MEDIUM
2025-10-22 03:14:34,934 | ERROR | Failed to get ticker 'AUDUSD=X' reason: Expecting value: line 1 column 1 (char 0)
2025-10-22 03:14:36,146 | ERROR | AUDUSD=X: No price data found, symbol may be delisted (period=1d)
2025-10-22 03:14:38,733 | ERROR | Failed to get ticker 'EURUSD=X' reason: Expecting value: line 1 column 1 (char 0)
2025-10-22 03:14:40,104 | ERROR | EURUSD=X: No price data found, symbol may be delisted (period=1d)
2025-10-22 03:14:42,287 | ERROR | Failed to get ticker 'GBPUSD=X' reason: Expecting value: line 1 column 1 (char 0)
2025-10-22 03:14:43,582 | ERROR | GBPUSD=X: No price data found, symbol may be delisted (period=1d)
2025-10-22 03:14:45,547 | ERROR | Failed to get ticker 'USDJPY=X' reason: Expecting value: line 1 column 1 (char 0)
2025-10-22 03:14:46,722 | ERROR | USDJPY=X: No price data found, symbol may be delisted (period=1d)
2025-10-22 03:14:46,728 | INFO | [DATA] Usando datos simulados para USDJPY: $150.1284
2025-10-22 03:14:46,799 | INFO | [SIGNAL] SEÑAL DETECTADA: AUDUSD | BEARISH_BREAKOUT
2025-10-22 03:14:46,803 | INFO |    [CONF] Confianza: 82.1% | Riesgo: MEDIUM
2025-10-22 03:14:46,805 | INFO |    [PRICE] Precio: $0.7252 | Spread: 0.000250
2025-10-22 03:14:46,811 | INFO | [SKIP] Trade no ejecutado para AUDUSD (condiciones no cumplidas)
2025-10-22 03:14:48,022 | ERROR | Failed to get ticker 'GC=F' reason: Expecting value: line 1 column 1 (char 0)
2025-10-22 03:14:49,266 | ERROR | GC=F: No price data found, symbol may be delisted (period=1d)
2025-10-22 03:14:49,266 | INFO | [DATA] Usando datos simulados para XAUUSD: $2639.1104
2025-10-22 03:14:50,432 | ERROR | Failed to get ticker 'SI=F' reason: Expecting value: line 1 column 1 (char 0)
2025-10-22 03:14:51,598 | ERROR | SI=F: No price data found, symbol may be delisted (period=1d)
2025-10-22 03:14:51,598 | INFO | [DATA] Usando datos simulados para XAGUSD: $31.3841
2025-10-22 03:14:51,610 | INFO | [SIGNAL] SEÑAL DETECTADA: XAGUSD | BEARISH_BREAKOUT
2025-10-22 03:14:51,614 | INFO |    [CONF] Confianza: 74.4% | Riesgo: MEDIUM
2025-10-22 03:14:51,617 | INFO |    [PRICE] Precio: $31.3841 | Spread: 0.030000
2025-10-22 03:14:51,621 | INFO | [SKIP] Trade no ejecutado para XAGUSD (condiciones no cumplidas)
2025-10-22 03:14:51,622 | INFO | [SIGNALS] Señales detectadas: 2
2025-10-22 03:14:51,622 | INFO | [POSITIONS] Posiciones activas: 1
2025-10-22 03:14:51,623 | INFO | [PORTFOLIO] Posiciones:
2025-10-22 03:14:51,624 | INFO |    AUDUSD: SELL @ $0.7252
2025-10-22 03:14:51,625 | INFO | [CAPITAL] Capital actual: $500.00
2025-10-22 03:14:51,626 | INFO | [WAIT] Esperando 60 segundos para el próximo ciclo...
2025-10-22 03:15:51,641 | INFO | 
[CYCLE] CICLO 197 - 08:15:51
2025-10-22 03:15:51,643 | INFO | [SESSION] Sesión: TOKYO | Prioridad: MEDIUM
2025-10-22 03:15:53,056 | ERROR | Failed to get ticker 'AUDUSD=X' reason: Expecting value: line 1 column 1 (char 0)
2025-10-22 03:15:54,361 | ERROR | AUDUSD=X: No price data found, symbol may be delisted (period=1d)
2025-10-22 03:15:56,766 | ERROR | Failed to get ticker 'EURUSD=X' reason: Expecting value: line 1 column 1 (char 0)
2025-10-22 03:15:58,031 | ERROR | EURUSD=X: No price data found, symbol may be delisted (period=1d)
2025-10-22 03:16:00,328 | ERROR | Failed to get ticker 'GBPUSD=X' reason: Expecting value: line 1 column 1 (char 0)
2025-10-22 03:16:01,596 | ERROR | GBPUSD=X: No price data found, symbol may be delisted (period=1d)
2025-10-22 03:16:04,037 | ERROR | Failed to get ticker 'USDJPY=X' reason: Expecting value: line 1 column 1 (char 0)
2025-10-22 03:16:05,294 | ERROR | USDJPY=X: No price data found, symbol may be delisted (period=1d)
2025-10-22 03:16:05,301 | INFO | [DATA] Usando datos simulados para USDJPY: $149.2275
2025-10-22 03:16:06,488 | ERROR | Failed to get ticker 'AUDUSD=X' reason: Expecting value: line 1 column 1 (char 0)
2025-10-22 03:16:07,799 | ERROR | AUDUSD=X: No price data found, symbol may be delisted (period=1d)
2025-10-22 03:16:08,937 | INFO | [SIGNAL] SEÑAL DETECTADA: AUDUSD | BEARISH_BREAKOUT
2025-10-22 03:16:08,937 | INFO |    [CONF] Confianza: 82.1% | Riesgo: MEDIUM
2025-10-22 03:16:08,937 | INFO |    [PRICE] Precio: $0.7252 | Spread: 0.000250
2025-10-22 03:16:08,937 | INFO | [SKIP] Trade no ejecutado para AUDUSD (condiciones no cumplidas)
2025-10-22 03:16:10,341 | ERROR | Failed to get ticker 'GC=F' reason: Expecting value: line 1 column 1 (char 0)
2025-10-22 03:16:11,675 | ERROR | GC=F: No price data found, symbol may be delisted (period=1d)
2025-10-22 03:16:11,675 | INFO | [DATA] Usando datos simulados para XAUUSD: $2661.0105
2025-10-22 03:16:11,685 | INFO | [SIGNAL] SEÑAL DETECTADA: XAUUSD | BEARISH_BREAKOUT
2025-10-22 03:16:11,685 | INFO |    [CONF] Confianza: 73.2% | Riesgo: MEDIUM
2025-10-22 03:16:11,685 | INFO |    [PRICE] Precio: $2661.0105 | Spread: 0.500000
2025-10-22 03:16:11,692 | INFO | [SKIP] Trade no ejecutado para XAUUSD (condiciones no cumplidas)
2025-10-22 03:16:12,962 | ERROR | Failed to get ticker 'SI=F' reason: Expecting value: line 1 column 1 (char 0)
2025-10-22 03:16:14,143 | ERROR | SI=F: No price data found, symbol may be delisted (period=1d)
2025-10-22 03:16:14,145 | INFO | [DATA] Usando datos simulados para XAGUSD: $31.6255
2025-10-22 03:16:14,145 | INFO | [SIGNALS] Señales detectadas: 2
2025-10-22 03:16:14,145 | INFO | [POSITIONS] Posiciones activas: 1
2025-10-22 03:16:14,147 | INFO | [PORTFOLIO] Posiciones:
2025-10-22 03:16:14,147 | INFO |    AUDUSD: SELL @ $0.7252
2025-10-22 03:16:14,147 | INFO | [CAPITAL] Capital actual: $500.00
2025-10-22 03:16:14,147 | INFO | [WAIT] Esperando 60 segundos para el próximo ciclo...
2025-10-22 03:17:14,155 | INFO | 
[CYCLE] CICLO 198 - 08:17:14
2025-10-22 03:17:14,157 | INFO | [SESSION] Sesión: TOKYO | Prioridad: MEDIUM
2025-10-22 03:17:15,664 | ERROR | Failed to get ticker 'AUDUSD=X' reason: Expecting value: line 1 column 1 (char 0)
2025-10-22 03:17:18,181 | ERROR | AUDUSD=X: No price data found, symbol may be delisted (period=1d)
2025-10-22 03:17:20,360 | ERROR | Failed to get ticker 'EURUSD=X' reason: Expecting value: line 1 column 1 (char 0)
2025-10-22 03:17:21,576 | ERROR | EURUSD=X: No price data found, symbol may be delisted (period=1d)
2025-10-22 03:17:23,633 | ERROR | Failed to get ticker 'GBPUSD=X' reason: Expecting value: line 1 column 1 (char 0)
2025-10-22 03:17:24,860 | ERROR | GBPUSD=X: No price data found, symbol may be delisted (period=1d)
2025-10-22 03:17:27,067 | ERROR | Failed to get ticker 'USDJPY=X' reason: Expecting value: line 1 column 1 (char 0)
2025-10-22 03:17:28,234 | ERROR | USDJPY=X: No price data found, symbol may be delisted (period=1d)
2025-10-22 03:17:28,249 | INFO | [DATA] Usando datos simulados para USDJPY: $149.0996
2025-10-22 03:17:28,293 | INFO | [SIGNAL] SEÑAL DETECTADA: AUDUSD | BEARISH_BREAKOUT
2025-10-22 03:17:28,301 | INFO |    [CONF] Confianza: 82.1% | Riesgo: MEDIUM
2025-10-22 03:17:28,303 | INFO |    [PRICE] Precio: $0.7252 | Spread: 0.000250
2025-10-22 03:17:28,312 | INFO | [SKIP] Trade no ejecutado para AUDUSD (condiciones no cumplidas)
2025-10-22 03:17:29,602 | ERROR | Failed to get ticker 'GC=F' reason: Expecting value: line 1 column 1 (char 0)
2025-10-22 03:17:30,773 | ERROR | GC=F: No price data found, symbol may be delisted (period=1d)
2025-10-22 03:17:30,776 | INFO | [DATA] Usando datos simulados para XAUUSD: $2642.6180
2025-10-22 03:17:30,788 | INFO | [SIGNAL] SEÑAL DETECTADA: XAUUSD | BEARISH_BREAKOUT
2025-10-22 03:17:30,789 | INFO |    [CONF] Confianza: 78.9% | Riesgo: MEDIUM
2025-10-22 03:17:30,790 | INFO |    [PRICE] Precio: $2642.6180 | Spread: 0.500000
2025-10-22 03:17:30,794 | INFO | [SKIP] Trade no ejecutado para XAUUSD (condiciones no cumplidas)
2025-10-22 03:17:31,961 | ERROR | Failed to get ticker 'SI=F' reason: Expecting value: line 1 column 1 (char 0)
2025-10-22 03:17:33,244 | ERROR | SI=F: No price data found, symbol may be delisted (period=1d)
2025-10-22 03:17:33,249 | INFO | [DATA] Usando datos simulados para XAGUSD: $31.6329
2025-10-22 03:17:33,261 | INFO | [SIGNAL] SEÑAL DETECTADA: XAGUSD | BULLISH_BREAKOUT
2025-10-22 03:17:33,263 | INFO |    [CONF] Confianza: 83.7% | Riesgo: MEDIUM
2025-10-22 03:17:33,264 | INFO |    [PRICE] Precio: $31.6329 | Spread: 0.030000
2025-10-22 03:17:33,272 | INFO | [SKIP] Trade no ejecutado para XAGUSD (condiciones no cumplidas)
2025-10-22 03:17:33,272 | INFO | [SIGNALS] Señales detectadas: 3
2025-10-22 03:17:33,272 | INFO | [POSITIONS] Posiciones activas: 1
2025-10-22 03:17:33,272 | INFO | [PORTFOLIO] Posiciones:
2025-10-22 03:17:33,273 | INFO |    AUDUSD: SELL @ $0.7252
2025-10-22 03:17:33,273 | INFO | [CAPITAL] Capital actual: $500.00
2025-10-22 03:17:33,273 | INFO | [WAIT] Esperando 60 segundos para el próximo ciclo...
2025-10-22 03:18:33,278 | INFO | 
[CYCLE] CICLO 199 - 08:18:33
2025-10-22 03:18:33,279 | INFO | [SESSION] Sesión: TOKYO | Prioridad: MEDIUM
2025-10-22 03:18:34,720 | ERROR | Failed to get ticker 'AUDUSD=X' reason: Expecting value: line 1 column 1 (char 0)
2025-10-22 03:18:35,949 | ERROR | AUDUSD=X: No price data found, symbol may be delisted (period=1d)
2025-10-22 03:18:38,246 | ERROR | Failed to get ticker 'EURUSD=X' reason: Expecting value: line 1 column 1 (char 0)
2025-10-22 03:18:39,567 | ERROR | EURUSD=X: No price data found, symbol may be delisted (period=1d)
2025-10-22 03:18:42,328 | ERROR | Failed to get ticker 'GBPUSD=X' reason: Expecting value: line 1 column 1 (char 0)
2025-10-22 03:18:43,585 | ERROR | GBPUSD=X: No price data found, symbol may be delisted (period=1d)
2025-10-22 03:18:45,979 | ERROR | Failed to get ticker 'USDJPY=X' reason: Expecting value: line 1 column 1 (char 0)
2025-10-22 03:18:47,440 | ERROR | USDJPY=X: No price data found, symbol may be delisted (period=1d)
2025-10-22 03:18:47,444 | INFO | [DATA] Usando datos simulados para USDJPY: $150.0631
2025-10-22 03:18:47,462 | INFO | [SIGNAL] SEÑAL DETECTADA: AUDUSD | BEARISH_BREAKOUT
2025-10-22 03:18:47,463 | INFO |    [CONF] Confianza: 82.1% | Riesgo: MEDIUM
2025-10-22 03:18:47,463 | INFO |    [PRICE] Precio: $0.7252 | Spread: 0.000250
2025-10-22 03:18:47,464 | INFO | [SKIP] Trade no ejecutado para AUDUSD (condiciones no cumplidas)
2025-10-22 03:18:48,767 | ERROR | Failed to get ticker 'GC=F' reason: Expecting value: line 1 column 1 (char 0)
2025-10-22 03:18:50,091 | ERROR | GC=F: No price data found, symbol may be delisted (period=1d)
2025-10-22 03:18:50,097 | INFO | [DATA] Usando datos simulados para XAUUSD: $2651.7782
2025-10-22 03:18:52,026 | ERROR | Failed to get ticker 'SI=F' reason: Expecting value: line 1 column 1 (char 0)
2025-10-22 03:18:53,560 | ERROR | SI=F: No price data found, symbol may be delisted (period=1d)
2025-10-22 03:18:53,567 | INFO | [DATA] Usando datos simulados para XAGUSD: $31.6025
2025-10-22 03:18:53,580 | INFO | [SIGNAL] SEÑAL DETECTADA: XAGUSD | BULLISH_BREAKOUT
2025-10-22 03:18:53,582 | INFO |    [CONF] Confianza: 76.1% | Riesgo: MEDIUM
2025-10-22 03:18:53,582 | INFO |    [PRICE] Precio: $31.6025 | Spread: 0.030000
2025-10-22 03:18:53,590 | INFO | [SKIP] Trade no ejecutado para XAGUSD (condiciones no cumplidas)
2025-10-22 03:18:53,590 | INFO | [SIGNALS] Señales detectadas: 2
2025-10-22 03:18:53,591 | INFO | [POSITIONS] Posiciones activas: 1
2025-10-22 03:18:53,592 | INFO | [PORTFOLIO] Posiciones:
2025-10-22 03:18:53,592 | INFO |    AUDUSD: SELL @ $0.7252
2025-10-22 03:18:53,594 | INFO | [CAPITAL] Capital actual: $500.00
2025-10-22 03:18:53,595 | INFO | [WAIT] Esperando 60 segundos para el próximo ciclo...
2025-10-22 03:19:53,601 | INFO | 
[CYCLE] CICLO 200 - 08:19:53
2025-10-22 03:19:53,602 | INFO | [SESSION] Sesión: TOKYO | Prioridad: MEDIUM
2025-10-22 03:19:55,132 | ERROR | Failed to get ticker 'AUDUSD=X' reason: Expecting value: line 1 column 1 (char 0)
2025-10-22 03:19:56,363 | ERROR | AUDUSD=X: No price data found, symbol may be delisted (period=1d)
2025-10-22 03:19:58,569 | ERROR | Failed to get ticker 'EURUSD=X' reason: Expecting value: line 1 column 1 (char 0)
2025-10-22 03:19:59,737 | ERROR | EURUSD=X: No price data found, symbol may be delisted (period=1d)
2025-10-22 03:20:02,114 | ERROR | Failed to get ticker 'GBPUSD=X' reason: Expecting value: line 1 column 1 (char 0)
2025-10-22 03:20:03,330 | ERROR | GBPUSD=X: No price data found, symbol may be delisted (period=1d)
2025-10-22 03:20:05,600 | ERROR | Failed to get ticker 'USDJPY=X' reason: Expecting value: line 1 column 1 (char 0)
2025-10-22 03:20:06,909 | ERROR | USDJPY=X: No price data found, symbol may be delisted (period=1d)
2025-10-22 03:20:06,911 | INFO | [DATA] Usando datos simulados para USDJPY: $150.1694
2025-10-22 03:20:08,025 | ERROR | Failed to get ticker 'AUDUSD=X' reason: Expecting value: line 1 column 1 (char 0)
2025-10-22 03:20:09,255 | ERROR | AUDUSD=X: No price data found, symbol may be delisted (period=1d)
2025-10-22 03:20:10,389 | INFO | [SIGNAL] SEÑAL DETECTADA: AUDUSD | BEARISH_BREAKOUT
2025-10-22 03:20:10,399 | INFO |    [CONF] Confianza: 82.1% | Riesgo: MEDIUM
2025-10-22 03:20:10,399 | INFO |    [PRICE] Precio: $0.7252 | Spread: 0.000250
2025-10-22 03:20:10,401 | INFO | [SKIP] Trade no ejecutado para AUDUSD (condiciones no cumplidas)
2025-10-22 03:20:11,621 | ERROR | Failed to get ticker 'GC=F' reason: Expecting value: line 1 column 1 (char 0)
2025-10-22 03:20:12,599 | ERROR | GC=F: No price data found, symbol may be delisted (period=1d)
2025-10-22 03:20:12,603 | INFO | [DATA] Usando datos simulados para XAUUSD: $2648.0580
2025-10-22 03:20:12,612 | INFO | [SIGNAL] SEÑAL DETECTADA: XAUUSD | BULLISH_BREAKOUT
2025-10-22 03:20:12,612 | INFO |    [CONF] Confianza: 66.9% | Riesgo: MEDIUM
2025-10-22 03:20:12,614 | INFO |    [PRICE] Precio: $2648.0580 | Spread: 0.500000
2025-10-22 03:20:12,619 | INFO | [SKIP] Trade no ejecutado para XAUUSD (condiciones no cumplidas)
2025-10-22 03:20:13,780 | ERROR | Failed to get ticker 'SI=F' reason: Expecting value: line 1 column 1 (char 0)
2025-10-22 03:20:14,954 | ERROR | SI=F: No price data found, symbol may be delisted (period=1d)
2025-10-22 03:20:14,958 | INFO | [DATA] Usando datos simulados para XAGUSD: $31.4501
2025-10-22 03:20:14,973 | INFO | [SIGNAL] SEÑAL DETECTADA: XAGUSD | BEARISH_BREAKOUT
2025-10-22 03:20:14,974 | INFO |    [CONF] Confianza: 74.9% | Riesgo: MEDIUM
2025-10-22 03:20:14,975 | INFO |    [PRICE] Precio: $31.4501 | Spread: 0.030000
2025-10-22 03:20:14,982 | INFO | [SKIP] Trade no ejecutado para XAGUSD (condiciones no cumplidas)
2025-10-22 03:20:14,983 | INFO | [SIGNALS] Señales detectadas: 3
2025-10-22 03:20:14,983 | INFO | [POSITIONS] Posiciones activas: 1
2025-10-22 03:20:14,983 | INFO | [PORTFOLIO] Posiciones:
2025-10-22 03:20:14,984 | INFO |    AUDUSD: SELL @ $0.7252
2025-10-22 03:20:14,984 | INFO | [CAPITAL] Capital actual: $500.00
2025-10-22 03:20:14,984 | INFO | [STATS] ROI Total: +0.00% | Señales totales: 315
2025-10-22 03:20:14,985 | INFO | [WAIT] Esperando 60 segundos para el próximo ciclo...
2025-10-22 03:21:14,993 | INFO | 
[CYCLE] CICLO 201 - 08:21:14
2025-10-22 03:21:14,996 | INFO | [SESSION] Sesión: TOKYO | Prioridad: MEDIUM
2025-10-22 03:21:16,386 | ERROR | Failed to get ticker 'AUDUSD=X' reason: Expecting value: line 1 column 1 (char 0)
2025-10-22 03:21:17,696 | ERROR | AUDUSD=X: No price data found, symbol may be delisted (period=1d)
2025-10-22 03:21:20,184 | ERROR | Failed to get ticker 'EURUSD=X' reason: Expecting value: line 1 column 1 (char 0)
2025-10-22 03:21:21,415 | ERROR | EURUSD=X: No price data found, symbol may be delisted (period=1d)
2025-10-22 03:21:23,788 | ERROR | Failed to get ticker 'GBPUSD=X' reason: Expecting value: line 1 column 1 (char 0)
2025-10-22 03:21:25,064 | ERROR | GBPUSD=X: No price data found, symbol may be delisted (period=1d)
2025-10-22 03:21:27,476 | ERROR | Failed to get ticker 'USDJPY=X' reason: Expecting value: line 1 column 1 (char 0)
2025-10-22 03:21:28,802 | ERROR | USDJPY=X: No price data found, symbol may be delisted (period=1d)
2025-10-22 03:21:28,806 | INFO | [DATA] Usando datos simulados para USDJPY: $148.9551
2025-10-22 03:21:28,824 | INFO | [SIGNAL] SEÑAL DETECTADA: AUDUSD | BEARISH_BREAKOUT
2025-10-22 03:21:28,824 | INFO |    [CONF] Confianza: 82.1% | Riesgo: MEDIUM
2025-10-22 03:21:28,824 | INFO |    [PRICE] Precio: $0.7252 | Spread: 0.000250
2025-10-22 03:21:28,826 | INFO | [SKIP] Trade no ejecutado para AUDUSD (condiciones no cumplidas)
2025-10-22 03:21:30,142 | ERROR | Failed to get ticker 'GC=F' reason: Expecting value: line 1 column 1 (char 0)
2025-10-22 03:21:31,326 | ERROR | GC=F: No price data found, symbol may be delisted (period=1d)
2025-10-22 03:21:31,330 | INFO | [DATA] Usando datos simulados para XAUUSD: $2638.3810
2025-10-22 03:21:31,338 | INFO | [SIGNAL] SEÑAL DETECTADA: XAUUSD | BULLISH_BREAKOUT
2025-10-22 03:21:31,339 | INFO |    [CONF] Confianza: 79.1% | Riesgo: MEDIUM
2025-10-22 03:21:31,340 | INFO |    [PRICE] Precio: $2638.3810 | Spread: 0.500000
2025-10-22 03:21:31,346 | INFO | [SKIP] Trade no ejecutado para XAUUSD (condiciones no cumplidas)
2025-10-22 03:21:32,578 | ERROR | Failed to get ticker 'SI=F' reason: Expecting value: line 1 column 1 (char 0)
2025-10-22 03:21:33,797 | ERROR | SI=F: No price data found, symbol may be delisted (period=1d)
2025-10-22 03:21:33,799 | INFO | [DATA] Usando datos simulados para XAGUSD: $31.5095
2025-10-22 03:21:33,816 | INFO | [SIGNAL] SEÑAL DETECTADA: XAGUSD | BEARISH_BREAKOUT
2025-10-22 03:21:33,816 | INFO |    [CONF] Confianza: 79.8% | Riesgo: MEDIUM
2025-10-22 03:21:33,816 | INFO |    [PRICE] Precio: $31.5095 | Spread: 0.030000
2025-10-22 03:21:33,825 | INFO | [SKIP] Trade no ejecutado para XAGUSD (condiciones no cumplidas)
2025-10-22 03:21:33,825 | INFO | [SIGNALS] Señales detectadas: 3
2025-10-22 03:21:33,825 | INFO | [POSITIONS] Posiciones activas: 1
2025-10-22 03:21:33,825 | INFO | [PORTFOLIO] Posiciones:
2025-10-22 03:21:33,827 | INFO |    AUDUSD: SELL @ $0.7252
2025-10-22 03:21:33,827 | INFO | [CAPITAL] Capital actual: $500.00
2025-10-22 03:21:33,827 | INFO | [WAIT] Esperando 60 segundos para el próximo ciclo...
2025-10-22 03:22:33,838 | INFO | 
[CYCLE] CICLO 202 - 08:22:33
2025-10-22 03:22:33,841 | INFO | [SESSION] Sesión: TOKYO | Prioridad: MEDIUM
2025-10-22 03:22:35,152 | ERROR | Failed to get ticker 'AUDUSD=X' reason: Expecting value: line 1 column 1 (char 0)
2025-10-22 03:22:36,398 | ERROR | AUDUSD=X: No price data found, symbol may be delisted (period=1d)
2025-10-22 03:22:38,602 | ERROR | Failed to get ticker 'EURUSD=X' reason: Expecting value: line 1 column 1 (char 0)
2025-10-22 03:22:39,728 | ERROR | EURUSD=X: No price data found, symbol may be delisted (period=1d)
2025-10-22 03:22:41,730 | ERROR | Failed to get ticker 'GBPUSD=X' reason: Expecting value: line 1 column 1 (char 0)
2025-10-22 03:22:43,159 | ERROR | GBPUSD=X: No price data found, symbol may be delisted (period=1d)
2025-10-22 03:22:46,395 | ERROR | Failed to get ticker 'USDJPY=X' reason: Expecting value: line 1 column 1 (char 0)
2025-10-22 03:22:47,527 | ERROR | USDJPY=X: No price data found, symbol may be delisted (period=1d)
2025-10-22 03:22:47,539 | INFO | [DATA] Usando datos simulados para USDJPY: $148.9138
2025-10-22 03:22:47,551 | INFO | [SIGNAL] SEÑAL DETECTADA: AUDUSD | BEARISH_BREAKOUT
2025-10-22 03:22:47,555 | INFO |    [CONF] Confianza: 82.1% | Riesgo: MEDIUM
2025-10-22 03:22:47,557 | INFO |    [PRICE] Precio: $0.7252 | Spread: 0.000250
2025-10-22 03:22:47,558 | INFO | [SKIP] Trade no ejecutado para AUDUSD (condiciones no cumplidas)
2025-10-22 03:22:48,825 | ERROR | Failed to get ticker 'GC=F' reason: Expecting value: line 1 column 1 (char 0)
2025-10-22 03:22:49,948 | ERROR | GC=F: No price data found, symbol may be delisted (period=1d)
2025-10-22 03:22:49,966 | INFO | [DATA] Usando datos simulados para XAUUSD: $2649.3217
2025-10-22 03:22:49,980 | INFO | [SIGNAL] SEÑAL DETECTADA: XAUUSD | BULLISH_BREAKOUT
2025-10-22 03:22:49,981 | INFO |    [CONF] Confianza: 76.4% | Riesgo: MEDIUM
2025-10-22 03:22:49,981 | INFO |    [PRICE] Precio: $2649.3217 | Spread: 0.500000
2025-10-22 03:22:49,987 | INFO | [SKIP] Trade no ejecutado para XAUUSD (condiciones no cumplidas)
2025-10-22 03:22:51,206 | ERROR | Failed to get ticker 'SI=F' reason: Expecting value: line 1 column 1 (char 0)
2025-10-22 03:22:52,492 | ERROR | SI=F: No price data found, symbol may be delisted (period=1d)
2025-10-22 03:22:52,496 | INFO | [DATA] Usando datos simulados para XAGUSD: $31.5629
2025-10-22 03:22:52,504 | INFO | [SIGNAL] SEÑAL DETECTADA: XAGUSD | BEARISH_BREAKOUT
2025-10-22 03:22:52,506 | INFO |    [CONF] Confianza: 74.7% | Riesgo: MEDIUM
2025-10-22 03:22:52,507 | INFO |    [PRICE] Precio: $31.5629 | Spread: 0.030000
2025-10-22 03:22:52,511 | INFO | [SKIP] Trade no ejecutado para XAGUSD (condiciones no cumplidas)
2025-10-22 03:22:52,512 | INFO | [SIGNALS] Señales detectadas: 3
2025-10-22 03:22:52,512 | INFO | [POSITIONS] Posiciones activas: 1
2025-10-22 03:22:52,512 | INFO | [PORTFOLIO] Posiciones:
2025-10-22 03:22:52,513 | INFO |    AUDUSD: SELL @ $0.7252
2025-10-22 03:22:52,513 | INFO | [CAPITAL] Capital actual: $500.00
2025-10-22 03:22:52,513 | INFO | [WAIT] Esperando 60 segundos para el próximo ciclo...
2025-10-22 03:23:52,524 | INFO | 
[CYCLE] CICLO 203 - 08:23:52
2025-10-22 03:23:52,527 | INFO | [SESSION] Sesión: TOKYO | Prioridad: MEDIUM
2025-10-22 03:23:53,962 | ERROR | Failed to get ticker 'AUDUSD=X' reason: Expecting value: line 1 column 1 (char 0)
2025-10-22 03:23:55,384 | ERROR | AUDUSD=X: No price data found, symbol may be delisted (period=1d)
2025-10-22 03:23:57,724 | ERROR | Failed to get ticker 'EURUSD=X' reason: Expecting value: line 1 column 1 (char 0)
2025-10-22 03:23:59,018 | ERROR | EURUSD=X: No price data found, symbol may be delisted (period=1d)
2025-10-22 03:24:01,519 | ERROR | Failed to get ticker 'GBPUSD=X' reason: Expecting value: line 1 column 1 (char 0)
2025-10-22 03:24:02,939 | ERROR | GBPUSD=X: No price data found, symbol may be delisted (period=1d)
2025-10-22 03:24:05,320 | ERROR | Failed to get ticker 'USDJPY=X' reason: Expecting value: line 1 column 1 (char 0)
2025-10-22 03:24:06,914 | ERROR | USDJPY=X: No price data found, symbol may be delisted (period=1d)
2025-10-22 03:24:06,919 | INFO | [DATA] Usando datos simulados para USDJPY: $150.0313
2025-10-22 03:24:08,593 | ERROR | Failed to get ticker 'AUDUSD=X' reason: Expecting value: line 1 column 1 (char 0)
2025-10-22 03:24:09,787 | ERROR | AUDUSD=X: No price data found, symbol may be delisted (period=1d)
2025-10-22 03:24:10,697 | INFO | [SIGNAL] SEÑAL DETECTADA: AUDUSD | BEARISH_BREAKOUT
2025-10-22 03:24:10,697 | INFO |    [CONF] Confianza: 82.1% | Riesgo: MEDIUM
2025-10-22 03:24:10,697 | INFO |    [PRICE] Precio: $0.7252 | Spread: 0.000250
2025-10-22 03:24:10,697 | INFO | [SKIP] Trade no ejecutado para AUDUSD (condiciones no cumplidas)
2025-10-22 03:24:11,862 | ERROR | Failed to get ticker 'GC=F' reason: Expecting value: line 1 column 1 (char 0)
2025-10-22 03:24:13,019 | ERROR | GC=F: No price data found, symbol may be delisted (period=1d)
2025-10-22 03:24:13,030 | INFO | [DATA] Usando datos simulados para XAUUSD: $2642.0087
2025-10-22 03:24:14,229 | ERROR | Failed to get ticker 'SI=F' reason: Expecting value: line 1 column 1 (char 0)
2025-10-22 03:24:15,470 | ERROR | SI=F: No price data found, symbol may be delisted (period=1d)
2025-10-22 03:24:15,476 | INFO | [DATA] Usando datos simulados para XAGUSD: $31.6171
2025-10-22 03:24:15,484 | INFO | [SIGNAL] SEÑAL DETECTADA: XAGUSD | BULLISH_BREAKOUT
2025-10-22 03:24:15,486 | INFO |    [CONF] Confianza: 79.0% | Riesgo: MEDIUM
2025-10-22 03:24:15,488 | INFO |    [PRICE] Precio: $31.6171 | Spread: 0.030000
2025-10-22 03:24:15,493 | INFO | [SKIP] Trade no ejecutado para XAGUSD (condiciones no cumplidas)
2025-10-22 03:24:15,494 | INFO | [SIGNALS] Señales detectadas: 2
2025-10-22 03:24:15,495 | INFO | [POSITIONS] Posiciones activas: 1
2025-10-22 03:24:15,496 | INFO | [PORTFOLIO] Posiciones:
2025-10-22 03:24:15,496 | INFO |    AUDUSD: SELL @ $0.7252
2025-10-22 03:24:15,497 | INFO | [CAPITAL] Capital actual: $500.00
2025-10-22 03:24:15,497 | INFO | [WAIT] Esperando 60 segundos para el próximo ciclo...
2025-10-22 03:25:15,498 | INFO | 
[CYCLE] CICLO 204 - 08:25:15
2025-10-22 03:25:15,499 | INFO | [SESSION] Sesión: TOKYO | Prioridad: MEDIUM
2025-10-22 03:25:16,765 | ERROR | Failed to get ticker 'AUDUSD=X' reason: Expecting value: line 1 column 1 (char 0)
2025-10-22 03:25:17,948 | ERROR | AUDUSD=X: No price data found, symbol may be delisted (period=1d)
2025-10-22 03:25:20,012 | ERROR | Failed to get ticker 'EURUSD=X' reason: Expecting value: line 1 column 1 (char 0)
2025-10-22 03:25:21,192 | ERROR | EURUSD=X: No price data found, symbol may be delisted (period=1d)
2025-10-22 03:25:23,224 | ERROR | Failed to get ticker 'GBPUSD=X' reason: Expecting value: line 1 column 1 (char 0)
2025-10-22 03:25:24,356 | ERROR | GBPUSD=X: No price data found, symbol may be delisted (period=1d)
2025-10-22 03:25:26,722 | ERROR | Failed to get ticker 'USDJPY=X' reason: Expecting value: line 1 column 1 (char 0)
2025-10-22 03:25:27,865 | ERROR | USDJPY=X: No price data found, symbol may be delisted (period=1d)
2025-10-22 03:25:27,875 | INFO | [DATA] Usando datos simulados para USDJPY: $149.0087
2025-10-22 03:25:27,890 | INFO | [SIGNAL] SEÑAL DETECTADA: AUDUSD | BEARISH_BREAKOUT
2025-10-22 03:25:27,891 | INFO |    [CONF] Confianza: 82.1% | Riesgo: MEDIUM
2025-10-22 03:25:27,892 | INFO |    [PRICE] Precio: $0.7252 | Spread: 0.000250
2025-10-22 03:25:27,893 | INFO | [SKIP] Trade no ejecutado para AUDUSD (condiciones no cumplidas)
2025-10-22 03:25:29,054 | ERROR | Failed to get ticker 'GC=F' reason: Expecting value: line 1 column 1 (char 0)
2025-10-22 03:25:30,101 | ERROR | GC=F: No price data found, symbol may be delisted (period=1d)
2025-10-22 03:25:30,101 | INFO | [DATA] Usando datos simulados para XAUUSD: $2653.3282
2025-10-22 03:25:31,243 | ERROR | Failed to get ticker 'SI=F' reason: Expecting value: line 1 column 1 (char 0)
2025-10-22 03:25:32,523 | ERROR | SI=F: No price data found, symbol may be delisted (period=1d)
2025-10-22 03:25:32,526 | INFO | [DATA] Usando datos simulados para XAGUSD: $31.6105
2025-10-22 03:25:32,540 | INFO | [SIGNAL] SEÑAL DETECTADA: XAGUSD | BULLISH_BREAKOUT
2025-10-22 03:25:32,545 | INFO |    [CONF] Confianza: 72.0% | Riesgo: MEDIUM
2025-10-22 03:25:32,546 | INFO |    [PRICE] Precio: $31.6105 | Spread: 0.030000
2025-10-22 03:25:32,555 | INFO | [SKIP] Trade no ejecutado para XAGUSD (condiciones no cumplidas)
2025-10-22 03:25:32,556 | INFO | [SIGNALS] Señales detectadas: 2
2025-10-22 03:25:32,557 | INFO | [POSITIONS] Posiciones activas: 1
2025-10-22 03:25:32,558 | INFO | [PORTFOLIO] Posiciones:
2025-10-22 03:25:32,559 | INFO |    AUDUSD: SELL @ $0.7252
2025-10-22 03:25:32,559 | INFO | [CAPITAL] Capital actual: $500.00
2025-10-22 03:25:32,560 | INFO | [WAIT] Esperando 60 segundos para el próximo ciclo...
2025-10-22 03:26:32,572 | INFO | 
[CYCLE] CICLO 205 - 08:26:32
2025-10-22 03:26:32,573 | INFO | [SESSION] Sesión: TOKYO | Prioridad: MEDIUM
2025-10-22 03:26:33,932 | ERROR | Failed to get ticker 'AUDUSD=X' reason: Expecting value: line 1 column 1 (char 0)
2025-10-22 03:26:35,221 | ERROR | AUDUSD=X: No price data found, symbol may be delisted (period=1d)
2025-10-22 03:26:37,676 | ERROR | Failed to get ticker 'EURUSD=X' reason: Expecting value: line 1 column 1 (char 0)
2025-10-22 03:26:39,006 | ERROR | EURUSD=X: No price data found, symbol may be delisted (period=1d)
2025-10-22 03:26:41,478 | ERROR | Failed to get ticker 'GBPUSD=X' reason: Expecting value: line 1 column 1 (char 0)
2025-10-22 03:26:42,861 | ERROR | GBPUSD=X: No price data found, symbol may be delisted (period=1d)
2025-10-22 03:26:45,322 | ERROR | Failed to get ticker 'USDJPY=X' reason: Expecting value: line 1 column 1 (char 0)
2025-10-22 03:26:46,640 | ERROR | USDJPY=X: No price data found, symbol may be delisted (period=1d)
2025-10-22 03:26:46,650 | INFO | [DATA] Usando datos simulados para USDJPY: $149.4804
2025-10-22 03:26:46,665 | INFO | [SIGNAL] SEÑAL DETECTADA: AUDUSD | BEARISH_BREAKOUT
2025-10-22 03:26:46,665 | INFO |    [CONF] Confianza: 82.1% | Riesgo: MEDIUM
2025-10-22 03:26:46,665 | INFO |    [PRICE] Precio: $0.7252 | Spread: 0.000250
2025-10-22 03:26:46,665 | INFO | [SKIP] Trade no ejecutado para AUDUSD (condiciones no cumplidas)
2025-10-22 03:26:47,771 | ERROR | Failed to get ticker 'GC=F' reason: Expecting value: line 1 column 1 (char 0)
2025-10-22 03:26:48,932 | ERROR | GC=F: No price data found, symbol may be delisted (period=1d)
2025-10-22 03:26:48,934 | INFO | [DATA] Usando datos simulados para XAUUSD: $2656.6872
2025-10-22 03:26:48,948 | INFO | [SIGNAL] SEÑAL DETECTADA: XAUUSD | BEARISH_BREAKOUT
2025-10-22 03:26:48,949 | INFO |    [CONF] Confianza: 81.6% | Riesgo: MEDIUM
2025-10-22 03:26:48,951 | INFO |    [PRICE] Precio: $2656.6872 | Spread: 0.500000
2025-10-22 03:26:48,956 | INFO | [SKIP] Trade no ejecutado para XAUUSD (condiciones no cumplidas)
2025-10-22 03:26:50,096 | ERROR | Failed to get ticker 'SI=F' reason: Expecting value: line 1 column 1 (char 0)
2025-10-22 03:26:51,342 | ERROR | SI=F: No price data found, symbol may be delisted (period=1d)
2025-10-22 03:26:51,352 | INFO | [DATA] Usando datos simulados para XAGUSD: $31.3475
2025-10-22 03:26:51,361 | INFO | [SIGNAL] SEÑAL DETECTADA: XAGUSD | BEARISH_BREAKOUT
2025-10-22 03:26:51,361 | INFO |    [CONF] Confianza: 69.4% | Riesgo: MEDIUM
2025-10-22 03:26:51,361 | INFO |    [PRICE] Precio: $31.3475 | Spread: 0.030000
2025-10-22 03:26:51,369 | INFO | [SKIP] Trade no ejecutado para XAGUSD (condiciones no cumplidas)
2025-10-22 03:26:51,370 | INFO | [SIGNALS] Señales detectadas: 3
2025-10-22 03:26:51,370 | INFO | [POSITIONS] Posiciones activas: 1
2025-10-22 03:26:51,370 | INFO | [PORTFOLIO] Posiciones:
2025-10-22 03:26:51,371 | INFO |    AUDUSD: SELL @ $0.7252
2025-10-22 03:26:51,371 | INFO | [CAPITAL] Capital actual: $500.00
2025-10-22 03:26:51,371 | INFO | [WAIT] Esperando 60 segundos para el próximo ciclo...
2025-10-22 03:27:51,386 | INFO | 
[CYCLE] CICLO 206 - 08:27:51
2025-10-22 03:27:51,386 | INFO | [SESSION] Sesión: TOKYO | Prioridad: MEDIUM
2025-10-22 03:27:52,787 | ERROR | Failed to get ticker 'AUDUSD=X' reason: Expecting value: line 1 column 1 (char 0)
2025-10-22 03:27:54,028 | ERROR | AUDUSD=X: No price data found, symbol may be delisted (period=1d)
2025-10-22 03:27:56,233 | ERROR | Failed to get ticker 'EURUSD=X' reason: Expecting value: line 1 column 1 (char 0)
2025-10-22 03:27:57,585 | ERROR | EURUSD=X: No price data found, symbol may be delisted (period=1d)
2025-10-22 03:27:59,707 | ERROR | Failed to get ticker 'GBPUSD=X' reason: Expecting value: line 1 column 1 (char 0)
2025-10-22 03:28:00,890 | ERROR | GBPUSD=X: No price data found, symbol may be delisted (period=1d)
2025-10-22 03:28:03,101 | ERROR | Failed to get ticker 'USDJPY=X' reason: Expecting value: line 1 column 1 (char 0)
2025-10-22 03:28:04,334 | ERROR | USDJPY=X: No price data found, symbol may be delisted (period=1d)
2025-10-22 03:28:04,338 | INFO | [DATA] Usando datos simulados para USDJPY: $149.0628
2025-10-22 03:28:05,679 | ERROR | Failed to get ticker 'AUDUSD=X' reason: Expecting value: line 1 column 1 (char 0)
2025-10-22 03:28:06,874 | ERROR | AUDUSD=X: No price data found, symbol may be delisted (period=1d)
2025-10-22 03:28:07,784 | INFO | [SIGNAL] SEÑAL DETECTADA: AUDUSD | BEARISH_BREAKOUT
2025-10-22 03:28:07,786 | INFO |    [CONF] Confianza: 82.1% | Riesgo: MEDIUM
2025-10-22 03:28:07,789 | INFO |    [PRICE] Precio: $0.7252 | Spread: 0.000250
2025-10-22 03:28:07,789 | INFO | [SKIP] Trade no ejecutado para AUDUSD (condiciones no cumplidas)
2025-10-22 03:28:09,066 | ERROR | Failed to get ticker 'GC=F' reason: Expecting value: line 1 column 1 (char 0)
2025-10-22 03:28:10,305 | ERROR | GC=F: No price data found, symbol may be delisted (period=1d)
2025-10-22 03:28:10,311 | INFO | [DATA] Usando datos simulados para XAUUSD: $2638.5267
2025-10-22 03:28:11,616 | ERROR | Failed to get ticker 'SI=F' reason: Expecting value: line 1 column 1 (char 0)
2025-10-22 03:28:12,900 | ERROR | SI=F: No price data found, symbol may be delisted (period=1d)
2025-10-22 03:28:12,903 | INFO | [DATA] Usando datos simulados para XAGUSD: $31.5672
2025-10-22 03:28:12,905 | INFO | [SIGNALS] Señales detectadas: 1
2025-10-22 03:28:12,905 | INFO | [POSITIONS] Posiciones activas: 1
2025-10-22 03:28:12,905 | INFO | [PORTFOLIO] Posiciones:
2025-10-22 03:28:12,905 | INFO |    AUDUSD: SELL @ $0.7252
2025-10-22 03:28:12,905 | INFO | [CAPITAL] Capital actual: $500.00
2025-10-22 03:28:12,905 | INFO | [WAIT] Esperando 60 segundos para el próximo ciclo...
2025-10-22 03:29:12,916 | INFO | 
[CYCLE] CICLO 207 - 08:29:12
2025-10-22 03:29:12,916 | INFO | [SESSION] Sesión: TOKYO | Prioridad: MEDIUM
2025-10-22 03:29:14,560 | ERROR | Failed to get ticker 'AUDUSD=X' reason: Expecting value: line 1 column 1 (char 0)
2025-10-22 03:29:15,876 | ERROR | AUDUSD=X: No price data found, symbol may be delisted (period=1d)
2025-10-22 03:29:18,628 | ERROR | Failed to get ticker 'EURUSD=X' reason: Expecting value: line 1 column 1 (char 0)
2025-10-22 03:29:20,198 | ERROR | EURUSD=X: No price data found, symbol may be delisted (period=1d)
2025-10-22 03:29:22,787 | ERROR | Failed to get ticker 'GBPUSD=X' reason: Expecting value: line 1 column 1 (char 0)
2025-10-22 03:29:24,114 | ERROR | GBPUSD=X: No price data found, symbol may be delisted (period=1d)
2025-10-22 03:29:26,463 | ERROR | Failed to get ticker 'USDJPY=X' reason: Expecting value: line 1 column 1 (char 0)
2025-10-22 03:29:27,696 | ERROR | USDJPY=X: No price data found, symbol may be delisted (period=1d)
2025-10-22 03:29:27,700 | INFO | [DATA] Usando datos simulados para USDJPY: $149.0529
2025-10-22 03:29:27,715 | INFO | [SIGNAL] SEÑAL DETECTADA: AUDUSD | BEARISH_BREAKOUT
2025-10-22 03:29:27,718 | INFO |    [CONF] Confianza: 82.1% | Riesgo: MEDIUM
2025-10-22 03:29:27,720 | INFO |    [PRICE] Precio: $0.7252 | Spread: 0.000250
2025-10-22 03:29:27,723 | INFO | [SKIP] Trade no ejecutado para AUDUSD (condiciones no cumplidas)
2025-10-22 03:29:29,093 | ERROR | Failed to get ticker 'GC=F' reason: Expecting value: line 1 column 1 (char 0)
2025-10-22 03:29:30,268 | ERROR | GC=F: No price data found, symbol may be delisted (period=1d)
2025-10-22 03:29:30,272 | INFO | [DATA] Usando datos simulados para XAUUSD: $2643.0317
2025-10-22 03:29:30,288 | INFO | [SIGNAL] SEÑAL DETECTADA: XAUUSD | BEARISH_BREAKOUT
2025-10-22 03:29:30,291 | INFO |    [CONF] Confianza: 76.3% | Riesgo: MEDIUM
2025-10-22 03:29:30,292 | INFO |    [PRICE] Precio: $2643.0317 | Spread: 0.500000
2025-10-22 03:29:30,298 | INFO | [SKIP] Trade no ejecutado para XAUUSD (condiciones no cumplidas)
2025-10-22 03:29:31,466 | ERROR | Failed to get ticker 'SI=F' reason: Expecting value: line 1 column 1 (char 0)
2025-10-22 03:29:32,629 | ERROR | SI=F: No price data found, symbol may be delisted (period=1d)
2025-10-22 03:29:32,633 | INFO | [DATA] Usando datos simulados para XAGUSD: $31.6272
2025-10-22 03:29:32,647 | INFO | [SIGNAL] SEÑAL DETECTADA: XAGUSD | BULLISH_BREAKOUT
2025-10-22 03:29:32,648 | INFO |    [CONF] Confianza: 75.0% | Riesgo: MEDIUM
2025-10-22 03:29:32,649 | INFO |    [PRICE] Precio: $31.6272 | Spread: 0.030000
2025-10-22 03:29:32,655 | INFO | [SKIP] Trade no ejecutado para XAGUSD (condiciones no cumplidas)
2025-10-22 03:29:32,656 | INFO | [SIGNALS] Señales detectadas: 3
2025-10-22 03:29:32,657 | INFO | [POSITIONS] Posiciones activas: 1
2025-10-22 03:29:32,658 | INFO | [PORTFOLIO] Posiciones:
2025-10-22 03:29:32,659 | INFO |    AUDUSD: SELL @ $0.7252
2025-10-22 03:29:32,660 | INFO | [CAPITAL] Capital actual: $500.00
2025-10-22 03:29:32,661 | INFO | [WAIT] Esperando 60 segundos para el próximo ciclo...
2025-10-22 03:30:32,672 | INFO | 
[CYCLE] CICLO 208 - 08:30:32
2025-10-22 03:30:32,672 | INFO | [SESSION] Sesión: TOKYO | Prioridad: MEDIUM
2025-10-22 03:30:33,975 | ERROR | Failed to get ticker 'AUDUSD=X' reason: Expecting value: line 1 column 1 (char 0)
2025-10-22 03:30:35,321 | ERROR | AUDUSD=X: No price data found, symbol may be delisted (period=1d)
2025-10-22 03:30:37,473 | ERROR | Failed to get ticker 'EURUSD=X' reason: Expecting value: line 1 column 1 (char 0)
2025-10-22 03:30:38,779 | ERROR | EURUSD=X: No price data found, symbol may be delisted (period=1d)
2025-10-22 03:30:41,309 | ERROR | Failed to get ticker 'GBPUSD=X' reason: Expecting value: line 1 column 1 (char 0)
2025-10-22 03:30:42,633 | ERROR | GBPUSD=X: No price data found, symbol may be delisted (period=1d)
2025-10-22 03:30:44,962 | ERROR | Failed to get ticker 'USDJPY=X' reason: Expecting value: line 1 column 1 (char 0)
2025-10-22 03:30:46,105 | ERROR | USDJPY=X: No price data found, symbol may be delisted (period=1d)
2025-10-22 03:30:46,107 | INFO | [DATA] Usando datos simulados para USDJPY: $149.0626
2025-10-22 03:30:46,123 | INFO | [SIGNAL] SEÑAL DETECTADA: AUDUSD | BEARISH_BREAKOUT
2025-10-22 03:30:46,123 | INFO |    [CONF] Confianza: 82.1% | Riesgo: MEDIUM
2025-10-22 03:30:46,123 | INFO |    [PRICE] Precio: $0.7252 | Spread: 0.000250
2025-10-22 03:30:46,124 | INFO | [SKIP] Trade no ejecutado para AUDUSD (condiciones no cumplidas)
2025-10-22 03:30:47,284 | ERROR | Failed to get ticker 'GC=F' reason: Expecting value: line 1 column 1 (char 0)
2025-10-22 03:30:48,482 | ERROR | GC=F: No price data found, symbol may be delisted (period=1d)
2025-10-22 03:30:48,482 | INFO | [DATA] Usando datos simulados para XAUUSD: $2655.3013
2025-10-22 03:30:49,810 | ERROR | Failed to get ticker 'SI=F' reason: Expecting value: line 1 column 1 (char 0)
2025-10-22 03:30:51,043 | ERROR | SI=F: No price data found, symbol may be delisted (period=1d)
2025-10-22 03:30:51,047 | INFO | [DATA] Usando datos simulados para XAGUSD: $31.6424
2025-10-22 03:30:51,052 | INFO | [SIGNAL] SEÑAL DETECTADA: XAGUSD | BEARISH_BREAKOUT
2025-10-22 03:30:51,052 | INFO |    [CONF] Confianza: 74.6% | Riesgo: MEDIUM
2025-10-22 03:30:51,052 | INFO |    [PRICE] Precio: $31.6424 | Spread: 0.030000
2025-10-22 03:30:51,059 | INFO | [SKIP] Trade no ejecutado para XAGUSD (condiciones no cumplidas)
2025-10-22 03:30:51,059 | INFO | [SIGNALS] Señales detectadas: 2
2025-10-22 03:30:51,060 | INFO | [POSITIONS] Posiciones activas: 1
2025-10-22 03:30:51,060 | INFO | [PORTFOLIO] Posiciones:
2025-10-22 03:30:51,060 | INFO |    AUDUSD: SELL @ $0.7252
2025-10-22 03:30:51,061 | INFO | [CAPITAL] Capital actual: $500.00
2025-10-22 03:30:51,061 | INFO | [WAIT] Esperando 60 segundos para el próximo ciclo...
2025-10-22 03:31:51,074 | INFO | 
[CYCLE] CICLO 209 - 08:31:51
2025-10-22 03:31:51,085 | INFO | [SESSION] Sesión: TOKYO | Prioridad: MEDIUM
2025-10-22 03:31:52,654 | ERROR | Failed to get ticker 'AUDUSD=X' reason: Expecting value: line 1 column 1 (char 0)
2025-10-22 03:31:54,137 | ERROR | AUDUSD=X: No price data found, symbol may be delisted (period=1d)
2025-10-22 03:31:56,939 | ERROR | Failed to get ticker 'EURUSD=X' reason: Expecting value: line 1 column 1 (char 0)
2025-10-22 03:31:58,259 | ERROR | EURUSD=X: No price data found, symbol may be delisted (period=1d)
2025-10-22 03:32:00,847 | ERROR | Failed to get ticker 'GBPUSD=X' reason: Expecting value: line 1 column 1 (char 0)
2025-10-22 03:32:02,109 | ERROR | GBPUSD=X: No price data found, symbol may be delisted (period=1d)
2025-10-22 03:32:04,514 | ERROR | Failed to get ticker 'USDJPY=X' reason: Expecting value: line 1 column 1 (char 0)
2025-10-22 03:32:05,760 | ERROR | USDJPY=X: No price data found, symbol may be delisted (period=1d)
2025-10-22 03:32:05,766 | INFO | [DATA] Usando datos simulados para USDJPY: $149.8508
2025-10-22 03:32:07,092 | ERROR | Failed to get ticker 'AUDUSD=X' reason: Expecting value: line 1 column 1 (char 0)
2025-10-22 03:32:08,213 | ERROR | AUDUSD=X: No price data found, symbol may be delisted (period=1d)
2025-10-22 03:32:09,182 | INFO | [SIGNAL] SEÑAL DETECTADA: AUDUSD | BEARISH_BREAKOUT
2025-10-22 03:32:09,182 | INFO |    [CONF] Confianza: 82.1% | Riesgo: MEDIUM
2025-10-22 03:32:09,187 | INFO |    [PRICE] Precio: $0.7252 | Spread: 0.000250
2025-10-22 03:32:09,188 | INFO | [SKIP] Trade no ejecutado para AUDUSD (condiciones no cumplidas)
2025-10-22 03:32:10,447 | ERROR | Failed to get ticker 'GC=F' reason: Expecting value: line 1 column 1 (char 0)
2025-10-22 03:32:11,746 | ERROR | GC=F: No price data found, symbol may be delisted (period=1d)
2025-10-22 03:32:11,756 | INFO | [DATA] Usando datos simulados para XAUUSD: $2639.9376
2025-10-22 03:32:13,021 | ERROR | Failed to get ticker 'SI=F' reason: Expecting value: line 1 column 1 (char 0)
2025-10-22 03:32:14,023 | ERROR | SI=F: No price data found, symbol may be delisted (period=1d)
2025-10-22 03:32:14,024 | INFO | [DATA] Usando datos simulados para XAGUSD: $31.4243
2025-10-22 03:32:14,037 | INFO | [SIGNAL] SEÑAL DETECTADA: XAGUSD | BULLISH_BREAKOUT
2025-10-22 03:32:14,037 | INFO |    [CONF] Confianza: 71.2% | Riesgo: MEDIUM
2025-10-22 03:32:14,037 | INFO |    [PRICE] Precio: $31.4243 | Spread: 0.030000
2025-10-22 03:32:14,056 | INFO | [SKIP] Trade no ejecutado para XAGUSD (condiciones no cumplidas)
2025-10-22 03:32:14,056 | INFO | [SIGNALS] Señales detectadas: 2
2025-10-22 03:32:14,057 | INFO | [POSITIONS] Posiciones activas: 1
2025-10-22 03:32:14,057 | INFO | [PORTFOLIO] Posiciones:
2025-10-22 03:32:14,058 | INFO |    AUDUSD: SELL @ $0.7252
2025-10-22 03:32:14,058 | INFO | [CAPITAL] Capital actual: $500.00
2025-10-22 03:32:14,059 | INFO | [WAIT] Esperando 60 segundos para el próximo ciclo...
2025-10-22 03:33:14,074 | INFO | 
[CYCLE] CICLO 210 - 08:33:14
2025-10-22 03:33:14,076 | INFO | [SESSION] Sesión: TOKYO | Prioridad: MEDIUM
2025-10-22 03:33:15,488 | ERROR | Failed to get ticker 'AUDUSD=X' reason: Expecting value: line 1 column 1 (char 0)
2025-10-22 03:33:16,687 | ERROR | AUDUSD=X: No price data found, symbol may be delisted (period=1d)
2025-10-22 03:33:18,934 | ERROR | Failed to get ticker 'EURUSD=X' reason: Expecting value: line 1 column 1 (char 0)
2025-10-22 03:33:20,214 | ERROR | EURUSD=X: No price data found, symbol may be delisted (period=1d)
2025-10-22 03:33:22,855 | ERROR | Failed to get ticker 'GBPUSD=X' reason: Expecting value: line 1 column 1 (char 0)
2025-10-22 03:33:23,940 | ERROR | GBPUSD=X: No price data found, symbol may be delisted (period=1d)
2025-10-22 03:33:26,345 | ERROR | Failed to get ticker 'USDJPY=X' reason: Expecting value: line 1 column 1 (char 0)
2025-10-22 03:33:27,628 | ERROR | USDJPY=X: No price data found, symbol may be delisted (period=1d)
2025-10-22 03:33:27,632 | INFO | [DATA] Usando datos simulados para USDJPY: $149.6179
2025-10-22 03:33:27,647 | INFO | [SIGNAL] SEÑAL DETECTADA: AUDUSD | BEARISH_BREAKOUT
2025-10-22 03:33:27,648 | INFO |    [CONF] Confianza: 82.1% | Riesgo: MEDIUM
2025-10-22 03:33:27,650 | INFO |    [PRICE] Precio: $0.7252 | Spread: 0.000250
2025-10-22 03:33:27,653 | INFO | [SKIP] Trade no ejecutado para AUDUSD (condiciones no cumplidas)
2025-10-22 03:33:29,105 | ERROR | Failed to get ticker 'GC=F' reason: Expecting value: line 1 column 1 (char 0)
2025-10-22 03:33:30,467 | ERROR | GC=F: No price data found, symbol may be delisted (period=1d)
2025-10-22 03:33:30,469 | INFO | [DATA] Usando datos simulados para XAUUSD: $2655.4295
2025-10-22 03:33:30,485 | INFO | [SIGNAL] SEÑAL DETECTADA: XAUUSD | BULLISH_BREAKOUT
2025-10-22 03:33:30,488 | INFO |    [CONF] Confianza: 82.9% | Riesgo: MEDIUM
2025-10-22 03:33:30,490 | INFO |    [PRICE] Precio: $2655.4295 | Spread: 0.500000
2025-10-22 03:33:30,504 | INFO | [SKIP] Trade no ejecutado para XAUUSD (condiciones no cumplidas)
2025-10-22 03:33:31,921 | ERROR | Failed to get ticker 'SI=F' reason: Expecting value: line 1 column 1 (char 0)
2025-10-22 03:33:33,206 | ERROR | SI=F: No price data found, symbol may be delisted (period=1d)
2025-10-22 03:33:33,209 | INFO | [DATA] Usando datos simulados para XAGUSD: $31.4776
2025-10-22 03:33:33,209 | INFO | [SIGNALS] Señales detectadas: 2
2025-10-22 03:33:33,209 | INFO | [POSITIONS] Posiciones activas: 1
2025-10-22 03:33:33,213 | INFO | [PORTFOLIO] Posiciones:
2025-10-22 03:33:33,213 | INFO |    AUDUSD: SELL @ $0.7252
2025-10-22 03:33:33,214 | INFO | [CAPITAL] Capital actual: $500.00
2025-10-22 03:33:33,214 | INFO | [STATS] ROI Total: +0.00% | Señales totales: 338
2025-10-22 03:33:33,214 | INFO | [WAIT] Esperando 60 segundos para el próximo ciclo...
2025-10-22 03:34:33,228 | INFO | 
[CYCLE] CICLO 211 - 08:34:33
2025-10-22 03:34:33,228 | INFO | [SESSION] Sesión: TOKYO | Prioridad: MEDIUM
2025-10-22 03:34:34,804 | ERROR | Failed to get ticker 'AUDUSD=X' reason: Expecting value: line 1 column 1 (char 0)
2025-10-22 03:34:36,242 | ERROR | AUDUSD=X: No price data found, symbol may be delisted (period=1d)
2025-10-22 03:34:38,931 | ERROR | Failed to get ticker 'EURUSD=X' reason: Expecting value: line 1 column 1 (char 0)
2025-10-22 03:34:40,269 | ERROR | EURUSD=X: No price data found, symbol may be delisted (period=1d)
2025-10-22 03:34:42,666 | ERROR | Failed to get ticker 'GBPUSD=X' reason: Expecting value: line 1 column 1 (char 0)
2025-10-22 03:34:43,942 | ERROR | GBPUSD=X: No price data found, symbol may be delisted (period=1d)
2025-10-22 03:34:46,093 | ERROR | Failed to get ticker 'USDJPY=X' reason: Expecting value: line 1 column 1 (char 0)
2025-10-22 03:34:47,426 | ERROR | USDJPY=X: No price data found, symbol may be delisted (period=1d)
2025-10-22 03:34:47,428 | INFO | [DATA] Usando datos simulados para USDJPY: $148.9322
2025-10-22 03:34:47,439 | INFO | [SIGNAL] SEÑAL DETECTADA: AUDUSD | BEARISH_BREAKOUT
2025-10-22 03:34:47,441 | INFO |    [CONF] Confianza: 82.1% | Riesgo: MEDIUM
2025-10-22 03:34:47,441 | INFO |    [PRICE] Precio: $0.7252 | Spread: 0.000250
2025-10-22 03:34:47,442 | INFO | [SKIP] Trade no ejecutado para AUDUSD (condiciones no cumplidas)
2025-10-22 03:34:48,621 | ERROR | Failed to get ticker 'GC=F' reason: Expecting value: line 1 column 1 (char 0)
2025-10-22 03:34:49,806 | ERROR | GC=F: No price data found, symbol may be delisted (period=1d)
2025-10-22 03:34:49,806 | INFO | [DATA] Usando datos simulados para XAUUSD: $2640.8580
2025-10-22 03:34:49,824 | INFO | [SIGNAL] SEÑAL DETECTADA: XAUUSD | BEARISH_BREAKOUT
2025-10-22 03:34:49,826 | INFO |    [CONF] Confianza: 68.3% | Riesgo: MEDIUM
2025-10-22 03:34:49,830 | INFO |    [PRICE] Precio: $2640.8580 | Spread: 0.500000
2025-10-22 03:34:49,837 | INFO | [SKIP] Trade no ejecutado para XAUUSD (condiciones no cumplidas)
2025-10-22 03:34:51,197 | ERROR | Failed to get ticker 'SI=F' reason: Expecting value: line 1 column 1 (char 0)
2025-10-22 03:34:52,322 | ERROR | SI=F: No price data found, symbol may be delisted (period=1d)
2025-10-22 03:34:52,348 | INFO | [DATA] Usando datos simulados para XAGUSD: $31.4853
2025-10-22 03:34:52,377 | INFO | [SIGNAL] SEÑAL DETECTADA: XAGUSD | BULLISH_BREAKOUT
2025-10-22 03:34:52,379 | INFO |    [CONF] Confianza: 82.0% | Riesgo: MEDIUM
2025-10-22 03:34:52,382 | INFO |    [PRICE] Precio: $31.4853 | Spread: 0.030000
2025-10-22 03:34:52,389 | INFO | [SKIP] Trade no ejecutado para XAGUSD (condiciones no cumplidas)
2025-10-22 03:34:52,390 | INFO | [SIGNALS] Señales detectadas: 3
2025-10-22 03:34:52,390 | INFO | [POSITIONS] Posiciones activas: 1
2025-10-22 03:34:52,391 | INFO | [PORTFOLIO] Posiciones:
2025-10-22 03:34:52,392 | INFO |    AUDUSD: SELL @ $0.7252
2025-10-22 03:34:52,392 | INFO | [CAPITAL] Capital actual: $500.00
2025-10-22 03:34:52,393 | INFO | [WAIT] Esperando 60 segundos para el próximo ciclo...
2025-10-22 03:35:52,405 | INFO | 
[CYCLE] CICLO 212 - 08:35:52
2025-10-22 03:35:52,405 | INFO | [SESSION] Sesión: TOKYO | Prioridad: MEDIUM
2025-10-22 03:35:53,810 | ERROR | Failed to get ticker 'AUDUSD=X' reason: Expecting value: line 1 column 1 (char 0)
2025-10-22 03:35:55,178 | ERROR | AUDUSD=X: No price data found, symbol may be delisted (period=1d)
2025-10-22 03:35:57,755 | ERROR | Failed to get ticker 'EURUSD=X' reason: Expecting value: line 1 column 1 (char 0)
2025-10-22 03:35:58,963 | ERROR | EURUSD=X: No price data found, symbol may be delisted (period=1d)
2025-10-22 03:36:01,128 | ERROR | Failed to get ticker 'GBPUSD=X' reason: Expecting value: line 1 column 1 (char 0)
2025-10-22 03:36:02,436 | ERROR | GBPUSD=X: No price data found, symbol may be delisted (period=1d)
2025-10-22 03:36:04,966 | ERROR | Failed to get ticker 'USDJPY=X' reason: Expecting value: line 1 column 1 (char 0)
2025-10-22 03:36:06,213 | ERROR | USDJPY=X: No price data found, symbol may be delisted (period=1d)
2025-10-22 03:36:06,214 | INFO | [DATA] Usando datos simulados para USDJPY: $150.0139
2025-10-22 03:36:06,223 | INFO | [SIGNAL] SEÑAL DETECTADA: USDJPY | BEARISH_BREAKOUT
2025-10-22 03:36:06,223 | INFO |    [CONF] Confianza: 80.5% | Riesgo: LOW
2025-10-22 03:36:06,223 | INFO |    [PRICE] Precio: $150.0139 | Spread: 0.015000
2025-10-22 03:36:06,231 | INFO | [SKIP] Trade no ejecutado para USDJPY (condiciones no cumplidas)
2025-10-22 03:36:07,624 | ERROR | Failed to get ticker 'AUDUSD=X' reason: Expecting value: line 1 column 1 (char 0)
2025-10-22 03:36:08,954 | ERROR | AUDUSD=X: No price data found, symbol may be delisted (period=1d)
2025-10-22 03:36:10,222 | INFO | [SIGNAL] SEÑAL DETECTADA: AUDUSD | BEARISH_BREAKOUT
2025-10-22 03:36:10,222 | INFO |    [CONF] Confianza: 82.1% | Riesgo: MEDIUM
2025-10-22 03:36:10,222 | INFO |    [PRICE] Precio: $0.7252 | Spread: 0.000250
2025-10-22 03:36:10,222 | INFO | [SKIP] Trade no ejecutado para AUDUSD (condiciones no cumplidas)
2025-10-22 03:36:11,538 | ERROR | Failed to get ticker 'GC=F' reason: Expecting value: line 1 column 1 (char 0)
2025-10-22 03:36:12,820 | ERROR | GC=F: No price data found, symbol may be delisted (period=1d)
2025-10-22 03:36:12,824 | INFO | [DATA] Usando datos simulados para XAUUSD: $2652.4927
2025-10-22 03:36:12,831 | INFO | [SIGNAL] SEÑAL DETECTADA: XAUUSD | BEARISH_BREAKOUT
2025-10-22 03:36:12,831 | INFO |    [CONF] Confianza: 68.9% | Riesgo: MEDIUM
2025-10-22 03:36:12,832 | INFO |    [PRICE] Precio: $2652.4927 | Spread: 0.500000
2025-10-22 03:36:12,836 | INFO | [SKIP] Trade no ejecutado para XAUUSD (condiciones no cumplidas)
2025-10-22 03:36:14,160 | ERROR | Failed to get ticker 'SI=F' reason: Expecting value: line 1 column 1 (char 0)
2025-10-22 03:36:15,496 | ERROR | SI=F: No price data found, symbol may be delisted (period=1d)
2025-10-22 03:36:15,502 | INFO | [DATA] Usando datos simulados para XAGUSD: $31.4358
2025-10-22 03:36:15,517 | INFO | [SIGNAL] SEÑAL DETECTADA: XAGUSD | BEARISH_BREAKOUT
2025-10-22 03:36:15,518 | INFO |    [CONF] Confianza: 65.8% | Riesgo: MEDIUM
2025-10-22 03:36:15,518 | INFO |    [PRICE] Precio: $31.4358 | Spread: 0.030000
2025-10-22 03:36:15,529 | INFO | [SKIP] Trade no ejecutado para XAGUSD (condiciones no cumplidas)
2025-10-22 03:36:15,530 | INFO | [SIGNALS] Señales detectadas: 4
2025-10-22 03:36:15,530 | INFO | [POSITIONS] Posiciones activas: 1
2025-10-22 03:36:15,532 | INFO | [PORTFOLIO] Posiciones:
2025-10-22 03:36:15,532 | INFO |    AUDUSD: SELL @ $0.7252
2025-10-22 03:36:15,532 | INFO | [CAPITAL] Capital actual: $500.00
2025-10-22 03:36:15,533 | INFO | [WAIT] Esperando 60 segundos para el próximo ciclo...
2025-10-22 03:37:15,535 | INFO | 
[CYCLE] CICLO 213 - 08:37:15
2025-10-22 03:37:15,537 | INFO | [SESSION] Sesión: TOKYO | Prioridad: MEDIUM
2025-10-22 03:37:23,380 | ERROR | Failed to get ticker 'AUDUSD=X' reason: Expecting value: line 1 column 1 (char 0)
2025-10-22 03:37:24,600 | ERROR | AUDUSD=X: No price data found, symbol may be delisted (period=1d)
2025-10-22 03:37:26,654 | ERROR | Failed to get ticker 'EURUSD=X' reason: Expecting value: line 1 column 1 (char 0)
2025-10-22 03:37:27,789 | ERROR | EURUSD=X: No price data found, symbol may be delisted (period=1d)
2025-10-22 03:37:30,093 | ERROR | Failed to get ticker 'GBPUSD=X' reason: Expecting value: line 1 column 1 (char 0)
2025-10-22 03:37:31,228 | ERROR | GBPUSD=X: No price data found, symbol may be delisted (period=1d)
2025-10-22 03:37:33,485 | ERROR | Failed to get ticker 'USDJPY=X' reason: Expecting value: line 1 column 1 (char 0)
2025-10-22 03:37:34,716 | ERROR | USDJPY=X: No price data found, symbol may be delisted (period=1d)
2025-10-22 03:37:34,720 | INFO | [DATA] Usando datos simulados para USDJPY: $149.7248
2025-10-22 03:37:34,735 | INFO | [SIGNAL] SEÑAL DETECTADA: AUDUSD | BEARISH_BREAKOUT
2025-10-22 03:37:34,735 | INFO |    [CONF] Confianza: 82.1% | Riesgo: MEDIUM
2025-10-22 03:37:34,735 | INFO |    [PRICE] Precio: $0.7252 | Spread: 0.000250
2025-10-22 03:37:34,735 | INFO | [SKIP] Trade no ejecutado para AUDUSD (condiciones no cumplidas)
2025-10-22 03:37:35,890 | ERROR | Failed to get ticker 'GC=F' reason: Expecting value: line 1 column 1 (char 0)
2025-10-22 03:37:37,014 | ERROR | GC=F: No price data found, symbol may be delisted (period=1d)
2025-10-22 03:37:37,017 | INFO | [DATA] Usando datos simulados para XAUUSD: $2651.8613
2025-10-22 03:37:38,235 | ERROR | Failed to get ticker 'SI=F' reason: Expecting value: line 1 column 1 (char 0)
2025-10-22 03:37:39,461 | ERROR | SI=F: No price data found, symbol may be delisted (period=1d)
2025-10-22 03:37:39,465 | INFO | [DATA] Usando datos simulados para XAGUSD: $31.4642
2025-10-22 03:37:39,479 | INFO | [SIGNAL] SEÑAL DETECTADA: XAGUSD | BULLISH_BREAKOUT
2025-10-22 03:37:39,479 | INFO |    [CONF] Confianza: 76.7% | Riesgo: MEDIUM
2025-10-22 03:37:39,479 | INFO |    [PRICE] Precio: $31.4642 | Spread: 0.030000
2025-10-22 03:37:39,484 | INFO | [SKIP] Trade no ejecutado para XAGUSD (condiciones no cumplidas)
2025-10-22 03:37:39,486 | INFO | [SIGNALS] Señales detectadas: 2
2025-10-22 03:37:39,486 | INFO | [POSITIONS] Posiciones activas: 1
2025-10-22 03:37:39,486 | INFO | [PORTFOLIO] Posiciones:
2025-10-22 03:37:39,486 | INFO |    AUDUSD: SELL @ $0.7252
2025-10-22 03:37:39,486 | INFO | [CAPITAL] Capital actual: $500.00
2025-10-22 03:37:39,487 | INFO | [WAIT] Esperando 60 segundos para el próximo ciclo...
2025-10-22 03:38:39,497 | INFO | 
[CYCLE] CICLO 214 - 08:38:39
2025-10-22 03:38:39,499 | INFO | [SESSION] Sesión: TOKYO | Prioridad: MEDIUM
2025-10-22 03:38:41,020 | ERROR | Failed to get ticker 'AUDUSD=X' reason: Expecting value: line 1 column 1 (char 0)
2025-10-22 03:38:42,320 | ERROR | AUDUSD=X: No price data found, symbol may be delisted (period=1d)
2025-10-22 03:38:44,595 | ERROR | Failed to get ticker 'EURUSD=X' reason: Expecting value: line 1 column 1 (char 0)
2025-10-22 03:38:45,917 | ERROR | EURUSD=X: No price data found, symbol may be delisted (period=1d)
2025-10-22 03:38:48,515 | ERROR | Failed to get ticker 'GBPUSD=X' reason: Expecting value: line 1 column 1 (char 0)
2025-10-22 03:38:49,798 | ERROR | GBPUSD=X: No price data found, symbol may be delisted (period=1d)
2025-10-22 03:38:52,314 | ERROR | Failed to get ticker 'USDJPY=X' reason: Expecting value: line 1 column 1 (char 0)
2025-10-22 03:38:53,631 | ERROR | USDJPY=X: No price data found, symbol may be delisted (period=1d)
2025-10-22 03:38:53,650 | INFO | [DATA] Usando datos simulados para USDJPY: $148.9089
2025-10-22 03:38:53,669 | INFO | [SIGNAL] SEÑAL DETECTADA: AUDUSD | BEARISH_BREAKOUT
2025-10-22 03:38:53,670 | INFO |    [CONF] Confianza: 82.1% | Riesgo: MEDIUM
2025-10-22 03:38:53,671 | INFO |    [PRICE] Precio: $0.7252 | Spread: 0.000250
2025-10-22 03:38:53,672 | INFO | [SKIP] Trade no ejecutado para AUDUSD (condiciones no cumplidas)
2025-10-22 03:38:54,927 | ERROR | Failed to get ticker 'GC=F' reason: Expecting value: line 1 column 1 (char 0)
2025-10-22 03:38:56,316 | ERROR | GC=F: No price data found, symbol may be delisted (period=1d)
2025-10-22 03:38:56,320 | INFO | [DATA] Usando datos simulados para XAUUSD: $2659.8697
2025-10-22 03:38:57,572 | ERROR | Failed to get ticker 'SI=F' reason: Expecting value: line 1 column 1 (char 0)
2025-10-22 03:38:58,858 | ERROR | SI=F: No price data found, symbol may be delisted (period=1d)
2025-10-22 03:38:58,860 | INFO | [DATA] Usando datos simulados para XAGUSD: $31.5328
2025-10-22 03:38:58,869 | INFO | [SIGNAL] SEÑAL DETECTADA: XAGUSD | BULLISH_BREAKOUT
2025-10-22 03:38:58,871 | INFO |    [CONF] Confianza: 75.7% | Riesgo: MEDIUM
2025-10-22 03:38:58,872 | INFO |    [PRICE] Precio: $31.5328 | Spread: 0.030000
2025-10-22 03:38:58,878 | INFO | [SKIP] Trade no ejecutado para XAGUSD (condiciones no cumplidas)
2025-10-22 03:38:58,879 | INFO | [SIGNALS] Señales detectadas: 2
2025-10-22 03:38:58,880 | INFO | [POSITIONS] Posiciones activas: 1
2025-10-22 03:38:58,881 | INFO | [PORTFOLIO] Posiciones:
2025-10-22 03:38:58,881 | INFO |    AUDUSD: SELL @ $0.7252
2025-10-22 03:38:58,881 | INFO | [CAPITAL] Capital actual: $500.00
2025-10-22 03:38:58,883 | INFO | [WAIT] Esperando 60 segundos para el próximo ciclo...
2025-10-22 03:39:58,900 | INFO | 
[CYCLE] CICLO 215 - 08:39:58
2025-10-22 03:39:58,921 | INFO | [SESSION] Sesión: TOKYO | Prioridad: MEDIUM
2025-10-22 03:40:00,202 | ERROR | Failed to get ticker 'AUDUSD=X' reason: Expecting value: line 1 column 1 (char 0)
2025-10-22 03:40:01,360 | ERROR | AUDUSD=X: No price data found, symbol may be delisted (period=1d)
2025-10-22 03:40:03,750 | ERROR | Failed to get ticker 'EURUSD=X' reason: Expecting value: line 1 column 1 (char 0)
2025-10-22 03:40:04,731 | ERROR | EURUSD=X: No price data found, symbol may be delisted (period=1d)
2025-10-22 03:40:06,654 | ERROR | Failed to get ticker 'GBPUSD=X' reason: Expecting value: line 1 column 1 (char 0)
2025-10-22 03:40:07,568 | ERROR | GBPUSD=X: No price data found, symbol may be delisted (period=1d)
2025-10-22 03:40:09,713 | ERROR | Failed to get ticker 'USDJPY=X' reason: Expecting value: line 1 column 1 (char 0)
2025-10-22 03:40:10,688 | ERROR | USDJPY=X: No price data found, symbol may be delisted (period=1d)
2025-10-22 03:40:10,688 | INFO | [DATA] Usando datos simulados para USDJPY: $149.0612
2025-10-22 03:40:10,702 | INFO | [SIGNAL] SEÑAL DETECTADA: USDJPY | BULLISH_BREAKOUT
2025-10-22 03:40:10,702 | INFO |    [CONF] Confianza: 69.8% | Riesgo: MEDIUM
2025-10-22 03:40:10,704 | INFO |    [PRICE] Precio: $149.0612 | Spread: 0.015000
2025-10-22 03:40:10,708 | INFO | [SKIP] Trade no ejecutado para USDJPY (condiciones no cumplidas)
2025-10-22 03:40:11,655 | ERROR | Failed to get ticker 'AUDUSD=X' reason: Expecting value: line 1 column 1 (char 0)
2025-10-22 03:40:12,470 | ERROR | AUDUSD=X: No price data found, symbol may be delisted (period=1d)
2025-10-22 03:40:13,432 | INFO | [SIGNAL] SEÑAL DETECTADA: AUDUSD | BEARISH_BREAKOUT
2025-10-22 03:40:13,433 | INFO |    [CONF] Confianza: 82.1% | Riesgo: MEDIUM
2025-10-22 03:40:13,433 | INFO |    [PRICE] Precio: $0.7252 | Spread: 0.000250
2025-10-22 03:40:13,436 | INFO | [SKIP] Trade no ejecutado para AUDUSD (condiciones no cumplidas)
2025-10-22 03:40:14,437 | ERROR | Failed to get ticker 'GC=F' reason: Expecting value: line 1 column 1 (char 0)
2025-10-22 03:40:15,451 | ERROR | GC=F: No price data found, symbol may be delisted (period=1d)
2025-10-22 03:40:15,461 | INFO | [DATA] Usando datos simulados para XAUUSD: $2642.1471
2025-10-22 03:40:16,424 | ERROR | Failed to get ticker 'SI=F' reason: Expecting value: line 1 column 1 (char 0)
2025-10-22 03:40:17,330 | ERROR | SI=F: No price data found, symbol may be delisted (period=1d)
2025-10-22 03:40:17,331 | INFO | [DATA] Usando datos simulados para XAGUSD: $31.4350
2025-10-22 03:40:17,331 | INFO | [SIGNALS] Señales detectadas: 2
2025-10-22 03:40:17,331 | INFO | [POSITIONS] Posiciones activas: 1
2025-10-22 03:40:17,331 | INFO | [PORTFOLIO] Posiciones:
2025-10-22 03:40:17,331 | INFO |    AUDUSD: SELL @ $0.7252
2025-10-22 03:40:17,331 | INFO | [CAPITAL] Capital actual: $500.00
2025-10-22 03:40:17,336 | INFO | [WAIT] Esperando 60 segundos para el próximo ciclo...
2025-10-22 03:41:17,342 | INFO | 
[CYCLE] CICLO 216 - 08:41:17
2025-10-22 03:41:17,344 | INFO | [SESSION] Sesión: TOKYO | Prioridad: MEDIUM
2025-10-22 03:41:18,695 | ERROR | Failed to get ticker 'AUDUSD=X' reason: Expecting value: line 1 column 1 (char 0)
2025-10-22 03:41:19,985 | ERROR | AUDUSD=X: No price data found, symbol may be delisted (period=1d)
2025-10-22 03:41:22,280 | ERROR | Failed to get ticker 'EURUSD=X' reason: Expecting value: line 1 column 1 (char 0)
2025-10-22 03:41:23,649 | ERROR | EURUSD=X: No price data found, symbol may be delisted (period=1d)
2025-10-22 03:41:26,148 | ERROR | Failed to get ticker 'GBPUSD=X' reason: Expecting value: line 1 column 1 (char 0)
2025-10-22 03:41:27,546 | ERROR | GBPUSD=X: No price data found, symbol may be delisted (period=1d)
2025-10-22 03:41:29,789 | ERROR | Failed to get ticker 'USDJPY=X' reason: Expecting value: line 1 column 1 (char 0)
2025-10-22 03:41:31,167 | ERROR | USDJPY=X: No price data found, symbol may be delisted (period=1d)
2025-10-22 03:41:31,170 | INFO | [DATA] Usando datos simulados para USDJPY: $150.0945
2025-10-22 03:41:31,185 | INFO | [SIGNAL] SEÑAL DETECTADA: AUDUSD | BEARISH_BREAKOUT
2025-10-22 03:41:31,187 | INFO |    [CONF] Confianza: 82.1% | Riesgo: MEDIUM
2025-10-22 03:41:31,187 | INFO |    [PRICE] Precio: $0.7252 | Spread: 0.000250
2025-10-22 03:41:31,188 | INFO | [SKIP] Trade no ejecutado para AUDUSD (condiciones no cumplidas)
2025-10-22 03:41:32,462 | ERROR | Failed to get ticker 'GC=F' reason: Expecting value: line 1 column 1 (char 0)
2025-10-22 03:41:33,835 | ERROR | GC=F: No price data found, symbol may be delisted (period=1d)
2025-10-22 03:41:33,838 | INFO | [DATA] Usando datos simulados para XAUUSD: $2662.3083
2025-10-22 03:41:33,852 | INFO | [SIGNAL] SEÑAL DETECTADA: XAUUSD | BEARISH_BREAKOUT
2025-10-22 03:41:33,853 | INFO |    [CONF] Confianza: 71.2% | Riesgo: MEDIUM
2025-10-22 03:41:33,853 | INFO |    [PRICE] Precio: $2662.3083 | Spread: 0.500000
2025-10-22 03:41:33,857 | INFO | [SKIP] Trade no ejecutado para XAUUSD (condiciones no cumplidas)
2025-10-22 03:41:35,050 | ERROR | Failed to get ticker 'SI=F' reason: Expecting value: line 1 column 1 (char 0)
2025-10-22 03:41:36,320 | ERROR | SI=F: No price data found, symbol may be delisted (period=1d)
2025-10-22 03:41:36,323 | INFO | [DATA] Usando datos simulados para XAGUSD: $31.4408
2025-10-22 03:41:36,334 | INFO | [SIGNAL] SEÑAL DETECTADA: XAGUSD | BEARISH_BREAKOUT
2025-10-22 03:41:36,336 | INFO |    [CONF] Confianza: 67.1% | Riesgo: MEDIUM
2025-10-22 03:41:36,337 | INFO |    [PRICE] Precio: $31.4408 | Spread: 0.030000
2025-10-22 03:41:36,341 | INFO | [SKIP] Trade no ejecutado para XAGUSD (condiciones no cumplidas)
2025-10-22 03:41:36,341 | INFO | [SIGNALS] Señales detectadas: 3
2025-10-22 03:41:36,341 | INFO | [POSITIONS] Posiciones activas: 1
2025-10-22 03:41:36,341 | INFO | [PORTFOLIO] Posiciones:
2025-10-22 03:41:36,342 | INFO |    AUDUSD: SELL @ $0.7252
2025-10-22 03:41:36,343 | INFO | [CAPITAL] Capital actual: $500.00
2025-10-22 03:41:36,343 | INFO | [WAIT] Esperando 60 segundos para el próximo ciclo...
2025-10-22 03:42:36,360 | INFO | 
[CYCLE] CICLO 217 - 08:42:36
2025-10-22 03:42:36,362 | INFO | [SESSION] Sesión: TOKYO | Prioridad: MEDIUM
2025-10-22 03:42:37,799 | ERROR | Failed to get ticker 'AUDUSD=X' reason: Expecting value: line 1 column 1 (char 0)
2025-10-22 03:42:39,097 | ERROR | AUDUSD=X: No price data found, symbol may be delisted (period=1d)
2025-10-22 03:42:41,513 | ERROR | Failed to get ticker 'EURUSD=X' reason: Expecting value: line 1 column 1 (char 0)
2025-10-22 03:42:42,694 | ERROR | EURUSD=X: No price data found, symbol may be delisted (period=1d)
2025-10-22 03:42:44,781 | ERROR | Failed to get ticker 'GBPUSD=X' reason: Expecting value: line 1 column 1 (char 0)
2025-10-22 03:42:45,971 | ERROR | GBPUSD=X: No price data found, symbol may be delisted (period=1d)
2025-10-22 03:42:48,376 | ERROR | Failed to get ticker 'USDJPY=X' reason: Expecting value: line 1 column 1 (char 0)
2025-10-22 03:42:49,549 | ERROR | USDJPY=X: No price data found, symbol may be delisted (period=1d)
2025-10-22 03:42:49,553 | INFO | [DATA] Usando datos simulados para USDJPY: $149.9850
2025-10-22 03:42:49,599 | INFO | [SIGNAL] SEÑAL DETECTADA: AUDUSD | BEARISH_BREAKOUT
2025-10-22 03:42:49,601 | INFO |    [CONF] Confianza: 82.1% | Riesgo: MEDIUM
2025-10-22 03:42:49,611 | INFO |    [PRICE] Precio: $0.7252 | Spread: 0.000250
2025-10-22 03:42:49,613 | INFO | [SKIP] Trade no ejecutado para AUDUSD (condiciones no cumplidas)
2025-10-22 03:42:50,756 | ERROR | Failed to get ticker 'GC=F' reason: Expecting value: line 1 column 1 (char 0)
2025-10-22 03:42:51,918 | ERROR | GC=F: No price data found, symbol may be delisted (period=1d)
2025-10-22 03:42:51,921 | INFO | [DATA] Usando datos simulados para XAUUSD: $2661.8859
2025-10-22 03:42:53,226 | ERROR | Failed to get ticker 'SI=F' reason: Expecting value: line 1 column 1 (char 0)
2025-10-22 03:42:54,745 | ERROR | SI=F: No price data found, symbol may be delisted (period=1d)
2025-10-22 03:42:54,750 | INFO | [DATA] Usando datos simulados para XAGUSD: $31.5378
2025-10-22 03:42:54,750 | INFO | [SIGNALS] Señales detectadas: 1
2025-10-22 03:42:54,750 | INFO | [POSITIONS] Posiciones activas: 1
2025-10-22 03:42:54,750 | INFO | [PORTFOLIO] Posiciones:
2025-10-22 03:42:54,750 | INFO |    AUDUSD: SELL @ $0.7252
2025-10-22 03:42:54,750 | INFO | [CAPITAL] Capital actual: $500.00
2025-10-22 03:42:54,750 | INFO | [WAIT] Esperando 60 segundos para el próximo ciclo...
2025-10-22 03:43:54,769 | INFO | 
[CYCLE] CICLO 218 - 08:43:54
2025-10-22 03:43:54,772 | INFO | [SESSION] Sesión: TOKYO | Prioridad: MEDIUM
2025-10-22 03:43:56,175 | ERROR | Failed to get ticker 'AUDUSD=X' reason: Expecting value: line 1 column 1 (char 0)
2025-10-22 03:43:57,491 | ERROR | AUDUSD=X: No price data found, symbol may be delisted (period=1d)
2025-10-22 03:44:00,017 | ERROR | Failed to get ticker 'EURUSD=X' reason: Expecting value: line 1 column 1 (char 0)
2025-10-22 03:44:01,377 | ERROR | EURUSD=X: No price data found, symbol may be delisted (period=1d)
2025-10-22 03:44:04,005 | ERROR | Failed to get ticker 'GBPUSD=X' reason: Expecting value: line 1 column 1 (char 0)
2025-10-22 03:44:05,490 | ERROR | GBPUSD=X: No price data found, symbol may be delisted (period=1d)
2025-10-22 03:44:07,891 | ERROR | Failed to get ticker 'USDJPY=X' reason: Expecting value: line 1 column 1 (char 0)
2025-10-22 03:44:09,109 | ERROR | USDJPY=X: No price data found, symbol may be delisted (period=1d)
2025-10-22 03:44:09,109 | INFO | [DATA] Usando datos simulados para USDJPY: $149.5686
2025-10-22 03:44:09,120 | INFO | [SIGNAL] SEÑAL DETECTADA: USDJPY | BULLISH_BREAKOUT
2025-10-22 03:44:09,122 | INFO |    [CONF] Confianza: 73.1% | Riesgo: LOW
2025-10-22 03:44:09,123 | INFO |    [PRICE] Precio: $149.5686 | Spread: 0.015000
2025-10-22 03:44:09,128 | INFO | [SKIP] Trade no ejecutado para USDJPY (condiciones no cumplidas)
2025-10-22 03:44:10,337 | ERROR | Failed to get ticker 'AUDUSD=X' reason: Expecting value: line 1 column 1 (char 0)
2025-10-22 03:44:11,605 | ERROR | AUDUSD=X: No price data found, symbol may be delisted (period=1d)
2025-10-22 03:44:12,660 | INFO | [SIGNAL] SEÑAL DETECTADA: AUDUSD | BEARISH_BREAKOUT
2025-10-22 03:44:12,660 | INFO |    [CONF] Confianza: 82.1% | Riesgo: MEDIUM
2025-10-22 03:44:12,660 | INFO |    [PRICE] Precio: $0.7252 | Spread: 0.000250
2025-10-22 03:44:12,660 | INFO | [SKIP] Trade no ejecutado para AUDUSD (condiciones no cumplidas)
2025-10-22 03:44:14,531 | ERROR | Failed to get ticker 'GC=F' reason: Expecting value: line 1 column 1 (char 0)
2025-10-22 03:44:16,014 | ERROR | GC=F: No price data found, symbol may be delisted (period=1d)
2025-10-22 03:44:16,064 | INFO | [DATA] Usando datos simulados para XAUUSD: $2647.3360
2025-10-22 03:44:17,370 | ERROR | Failed to get ticker 'SI=F' reason: Expecting value: line 1 column 1 (char 0)
2025-10-22 03:44:18,532 | ERROR | SI=F: No price data found, symbol may be delisted (period=1d)
2025-10-22 03:44:18,542 | INFO | [DATA] Usando datos simulados para XAGUSD: $31.5482
2025-10-22 03:44:18,543 | INFO | [SIGNALS] Señales detectadas: 2
2025-10-22 03:44:18,543 | INFO | [POSITIONS] Posiciones activas: 1
2025-10-22 03:44:18,543 | INFO | [PORTFOLIO] Posiciones:
2025-10-22 03:44:18,543 | INFO |    AUDUSD: SELL @ $0.7252
2025-10-22 03:44:18,545 | INFO | [CAPITAL] Capital actual: $500.00
2025-10-22 03:44:18,546 | INFO | [WAIT] Esperando 60 segundos para el próximo ciclo...
2025-10-22 03:45:18,550 | INFO | 
[CYCLE] CICLO 219 - 08:45:18
2025-10-22 03:45:18,553 | INFO | [SESSION] Sesión: TOKYO | Prioridad: MEDIUM
2025-10-22 03:45:19,974 | ERROR | Failed to get ticker 'AUDUSD=X' reason: Expecting value: line 1 column 1 (char 0)
2025-10-22 03:45:21,298 | ERROR | AUDUSD=X: No price data found, symbol may be delisted (period=1d)
2025-10-22 03:45:23,608 | ERROR | Failed to get ticker 'EURUSD=X' reason: Expecting value: line 1 column 1 (char 0)
2025-10-22 03:45:24,995 | ERROR | EURUSD=X: No price data found, symbol may be delisted (period=1d)
2025-10-22 03:45:27,016 | ERROR | Failed to get ticker 'GBPUSD=X' reason: Expecting value: line 1 column 1 (char 0)
2025-10-22 03:45:28,154 | ERROR | GBPUSD=X: No price data found, symbol may be delisted (period=1d)
2025-10-22 03:45:30,230 | ERROR | Failed to get ticker 'USDJPY=X' reason: Expecting value: line 1 column 1 (char 0)
2025-10-22 03:45:31,428 | ERROR | USDJPY=X: No price data found, symbol may be delisted (period=1d)
2025-10-22 03:45:31,437 | INFO | [DATA] Usando datos simulados para USDJPY: $149.8967
2025-10-22 03:45:31,450 | INFO | [SIGNAL] SEÑAL DETECTADA: AUDUSD | BEARISH_BREAKOUT
2025-10-22 03:45:31,450 | INFO |    [CONF] Confianza: 82.1% | Riesgo: MEDIUM
2025-10-22 03:45:31,450 | INFO |    [PRICE] Precio: $0.7252 | Spread: 0.000250
2025-10-22 03:45:31,450 | INFO | [SKIP] Trade no ejecutado para AUDUSD (condiciones no cumplidas)
2025-10-22 03:45:32,526 | ERROR | Failed to get ticker 'GC=F' reason: Expecting value: line 1 column 1 (char 0)
2025-10-22 03:45:33,807 | ERROR | GC=F: No price data found, symbol may be delisted (period=1d)
2025-10-22 03:45:33,810 | INFO | [DATA] Usando datos simulados para XAUUSD: $2648.7024
2025-10-22 03:45:35,013 | ERROR | Failed to get ticker 'SI=F' reason: Expecting value: line 1 column 1 (char 0)
2025-10-22 03:45:36,256 | ERROR | SI=F: No price data found, symbol may be delisted (period=1d)
2025-10-22 03:45:36,266 | INFO | [DATA] Usando datos simulados para XAGUSD: $31.5673
2025-10-22 03:45:36,276 | INFO | [SIGNAL] SEÑAL DETECTADA: XAGUSD | BEARISH_BREAKOUT
2025-10-22 03:45:36,276 | INFO |    [CONF] Confianza: 66.4% | Riesgo: MEDIUM
2025-10-22 03:45:36,276 | INFO |    [PRICE] Precio: $31.5673 | Spread: 0.030000
2025-10-22 03:45:36,280 | INFO | [SKIP] Trade no ejecutado para XAGUSD (condiciones no cumplidas)
2025-10-22 03:45:36,281 | INFO | [SIGNALS] Señales detectadas: 2
2025-10-22 03:45:36,281 | INFO | [POSITIONS] Posiciones activas: 1
2025-10-22 03:45:36,282 | INFO | [PORTFOLIO] Posiciones:
2025-10-22 03:45:36,285 | INFO |    AUDUSD: SELL @ $0.7252
2025-10-22 03:45:36,285 | INFO | [CAPITAL] Capital actual: $500.00
2025-10-22 03:45:36,285 | INFO | [WAIT] Esperando 60 segundos para el próximo ciclo...
2025-10-22 03:46:36,293 | INFO | 
[CYCLE] CICLO 220 - 08:46:36
2025-10-22 03:46:36,296 | INFO | [SESSION] Sesión: TOKYO | Prioridad: MEDIUM
2025-10-22 03:46:38,060 | ERROR | Failed to get ticker 'AUDUSD=X' reason: Expecting value: line 1 column 1 (char 0)
2025-10-22 03:46:39,410 | ERROR | AUDUSD=X: No price data found, symbol may be delisted (period=1d)
2025-10-22 03:46:41,999 | ERROR | Failed to get ticker 'EURUSD=X' reason: Expecting value: line 1 column 1 (char 0)
2025-10-22 03:46:43,450 | ERROR | EURUSD=X: No price data found, symbol may be delisted (period=1d)
2025-10-22 03:46:45,855 | ERROR | Failed to get ticker 'GBPUSD=X' reason: Expecting value: line 1 column 1 (char 0)
2025-10-22 03:46:47,244 | ERROR | GBPUSD=X: No price data found, symbol may be delisted (period=1d)
2025-10-22 03:46:49,772 | ERROR | Failed to get ticker 'USDJPY=X' reason: Expecting value: line 1 column 1 (char 0)
2025-10-22 03:46:51,084 | ERROR | USDJPY=X: No price data found, symbol may be delisted (period=1d)
2025-10-22 03:46:51,086 | INFO | [DATA] Usando datos simulados para USDJPY: $149.5996
2025-10-22 03:46:51,098 | INFO | [SIGNAL] SEÑAL DETECTADA: USDJPY | BEARISH_BREAKOUT
2025-10-22 03:46:51,098 | INFO |    [CONF] Confianza: 74.7% | Riesgo: MEDIUM
2025-10-22 03:46:51,099 | INFO |    [PRICE] Precio: $149.5996 | Spread: 0.015000
2025-10-22 03:46:51,105 | INFO | [SKIP] Trade no ejecutado para USDJPY (condiciones no cumplidas)
2025-10-22 03:46:51,113 | INFO | [SIGNAL] SEÑAL DETECTADA: AUDUSD | BEARISH_BREAKOUT
2025-10-22 03:46:51,114 | INFO |    [CONF] Confianza: 82.1% | Riesgo: MEDIUM
2025-10-22 03:46:51,115 | INFO |    [PRICE] Precio: $0.7252 | Spread: 0.000250
2025-10-22 03:46:51,116 | INFO | [SKIP] Trade no ejecutado para AUDUSD (condiciones no cumplidas)
2025-10-22 03:46:52,310 | ERROR | Failed to get ticker 'GC=F' reason: Expecting value: line 1 column 1 (char 0)
2025-10-22 03:46:53,461 | ERROR | GC=F: No price data found, symbol may be delisted (period=1d)
2025-10-22 03:46:53,464 | INFO | [DATA] Usando datos simulados para XAUUSD: $2638.5472
2025-10-22 03:46:53,478 | INFO | [SIGNAL] SEÑAL DETECTADA: XAUUSD | BEARISH_BREAKOUT
2025-10-22 03:46:53,481 | INFO |    [CONF] Confianza: 68.0% | Riesgo: MEDIUM
2025-10-22 03:46:53,481 | INFO |    [PRICE] Precio: $2638.5472 | Spread: 0.500000
2025-10-22 03:46:53,489 | INFO | [SKIP] Trade no ejecutado para XAUUSD (condiciones no cumplidas)
2025-10-22 03:46:54,750 | ERROR | Failed to get ticker 'SI=F' reason: Expecting value: line 1 column 1 (char 0)
2025-10-22 03:46:56,136 | ERROR | SI=F: No price data found, symbol may be delisted (period=1d)
2025-10-22 03:46:56,140 | INFO | [DATA] Usando datos simulados para XAGUSD: $31.5933
2025-10-22 03:46:56,153 | INFO | [SIGNAL] SEÑAL DETECTADA: XAGUSD | BULLISH_BREAKOUT
2025-10-22 03:46:56,155 | INFO |    [CONF] Confianza: 72.9% | Riesgo: MEDIUM
2025-10-22 03:46:56,155 | INFO |    [PRICE] Precio: $31.5933 | Spread: 0.030000
2025-10-22 03:46:56,164 | INFO | [SKIP] Trade no ejecutado para XAGUSD (condiciones no cumplidas)
2025-10-22 03:46:56,164 | INFO | [SIGNALS] Señales detectadas: 4
2025-10-22 03:46:56,165 | INFO | [POSITIONS] Posiciones activas: 1
2025-10-22 03:46:56,165 | INFO | [PORTFOLIO] Posiciones:
2025-10-22 03:46:56,166 | INFO |    AUDUSD: SELL @ $0.7252
2025-10-22 03:46:56,166 | INFO | [CAPITAL] Capital actual: $500.00
2025-10-22 03:46:56,166 | INFO | [STATS] ROI Total: +0.00% | Señales totales: 363
2025-10-22 03:46:56,166 | INFO | [WAIT] Esperando 60 segundos para el próximo ciclo...
2025-10-22 03:47:56,170 | INFO | 
[CYCLE] CICLO 221 - 08:47:56
2025-10-22 03:47:56,171 | INFO | [SESSION] Sesión: TOKYO | Prioridad: MEDIUM
2025-10-22 03:47:57,551 | ERROR | Failed to get ticker 'AUDUSD=X' reason: Expecting value: line 1 column 1 (char 0)
2025-10-22 03:47:58,630 | ERROR | AUDUSD=X: No price data found, symbol may be delisted (period=1d)
2025-10-22 03:48:01,145 | ERROR | Failed to get ticker 'EURUSD=X' reason: Expecting value: line 1 column 1 (char 0)
2025-10-22 03:48:02,499 | ERROR | EURUSD=X: No price data found, symbol may be delisted (period=1d)
2025-10-22 03:48:04,840 | ERROR | Failed to get ticker 'GBPUSD=X' reason: Expecting value: line 1 column 1 (char 0)
2025-10-22 03:48:06,118 | ERROR | GBPUSD=X: No price data found, symbol may be delisted (period=1d)
2025-10-22 03:48:08,554 | ERROR | Failed to get ticker 'USDJPY=X' reason: Expecting value: line 1 column 1 (char 0)
2025-10-22 03:48:09,924 | ERROR | USDJPY=X: No price data found, symbol may be delisted (period=1d)
2025-10-22 03:48:09,928 | INFO | [DATA] Usando datos simulados para USDJPY: $149.3851
2025-10-22 03:48:11,139 | ERROR | Failed to get ticker 'AUDUSD=X' reason: Expecting value: line 1 column 1 (char 0)
2025-10-22 03:48:12,436 | ERROR | AUDUSD=X: No price data found, symbol may be delisted (period=1d)
2025-10-22 03:48:14,047 | INFO | [SIGNAL] SEÑAL DETECTADA: AUDUSD | BEARISH_BREAKOUT
2025-10-22 03:48:14,047 | INFO |    [CONF] Confianza: 82.1% | Riesgo: MEDIUM
2025-10-22 03:48:14,049 | INFO |    [PRICE] Precio: $0.7252 | Spread: 0.000250
2025-10-22 03:48:14,049 | INFO | [SKIP] Trade no ejecutado para AUDUSD (condiciones no cumplidas)
2025-10-22 03:48:15,267 | ERROR | Failed to get ticker 'GC=F' reason: Expecting value: line 1 column 1 (char 0)
2025-10-22 03:48:16,533 | ERROR | GC=F: No price data found, symbol may be delisted (period=1d)
2025-10-22 03:48:16,554 | INFO | [DATA] Usando datos simulados para XAUUSD: $2659.4485
2025-10-22 03:48:16,582 | INFO | [SIGNAL] SEÑAL DETECTADA: XAUUSD | BULLISH_BREAKOUT
2025-10-22 03:48:16,583 | INFO |    [CONF] Confianza: 74.1% | Riesgo: MEDIUM
2025-10-22 03:48:16,584 | INFO |    [PRICE] Precio: $2659.4485 | Spread: 0.500000
2025-10-22 03:48:16,597 | INFO | [SKIP] Trade no ejecutado para XAUUSD (condiciones no cumplidas)
2025-10-22 03:48:17,850 | ERROR | Failed to get ticker 'SI=F' reason: Expecting value: line 1 column 1 (char 0)
2025-10-22 03:48:19,058 | ERROR | SI=F: No price data found, symbol may be delisted (period=1d)
2025-10-22 03:48:19,063 | INFO | [DATA] Usando datos simulados para XAGUSD: $31.6543
2025-10-22 03:48:19,076 | INFO | [SIGNAL] SEÑAL DETECTADA: XAGUSD | BULLISH_BREAKOUT
2025-10-22 03:48:19,076 | INFO |    [CONF] Confianza: 70.2% | Riesgo: MEDIUM
2025-10-22 03:48:19,076 | INFO |    [PRICE] Precio: $31.6543 | Spread: 0.030000
2025-10-22 03:48:19,080 | INFO | [SKIP] Trade no ejecutado para XAGUSD (condiciones no cumplidas)
2025-10-22 03:48:19,080 | INFO | [SIGNALS] Señales detectadas: 3
2025-10-22 03:48:19,080 | INFO | [POSITIONS] Posiciones activas: 1
2025-10-22 03:48:19,080 | INFO | [PORTFOLIO] Posiciones:
2025-10-22 03:48:19,080 | INFO |    AUDUSD: SELL @ $0.7252
2025-10-22 03:48:19,081 | INFO | [CAPITAL] Capital actual: $500.00
2025-10-22 03:48:19,081 | INFO | [WAIT] Esperando 60 segundos para el próximo ciclo...
2025-10-22 03:49:19,086 | INFO | 
[CYCLE] CICLO 222 - 08:49:19
2025-10-22 03:49:19,087 | INFO | [SESSION] Sesión: TOKYO | Prioridad: MEDIUM
2025-10-22 03:49:20,804 | ERROR | Failed to get ticker 'AUDUSD=X' reason: Expecting value: line 1 column 1 (char 0)
2025-10-22 03:49:22,236 | ERROR | AUDUSD=X: No price data found, symbol may be delisted (period=1d)
2025-10-22 03:49:24,540 | ERROR | Failed to get ticker 'EURUSD=X' reason: Expecting value: line 1 column 1 (char 0)
2025-10-22 03:49:25,744 | ERROR | EURUSD=X: No price data found, symbol may be delisted (period=1d)
2025-10-22 03:49:28,202 | ERROR | Failed to get ticker 'GBPUSD=X' reason: Expecting value: line 1 column 1 (char 0)
2025-10-22 03:49:29,297 | ERROR | GBPUSD=X: No price data found, symbol may be delisted (period=1d)
2025-10-22 03:49:31,559 | ERROR | Failed to get ticker 'USDJPY=X' reason: Expecting value: line 1 column 1 (char 0)
2025-10-22 03:49:32,605 | ERROR | USDJPY=X: No price data found, symbol may be delisted (period=1d)
2025-10-22 03:49:32,610 | INFO | [DATA] Usando datos simulados para USDJPY: $150.0740
2025-10-22 03:49:32,623 | INFO | [SIGNAL] SEÑAL DETECTADA: AUDUSD | BEARISH_BREAKOUT
2025-10-22 03:49:32,624 | INFO |    [CONF] Confianza: 82.1% | Riesgo: MEDIUM
2025-10-22 03:49:32,625 | INFO |    [PRICE] Precio: $0.7252 | Spread: 0.000250
2025-10-22 03:49:32,626 | INFO | [SKIP] Trade no ejecutado para AUDUSD (condiciones no cumplidas)
2025-10-22 03:49:33,796 | ERROR | Failed to get ticker 'GC=F' reason: Expecting value: line 1 column 1 (char 0)
2025-10-22 03:49:34,824 | ERROR | GC=F: No price data found, symbol may be delisted (period=1d)
2025-10-22 03:49:34,828 | INFO | [DATA] Usando datos simulados para XAUUSD: $2649.0732
2025-10-22 03:49:35,835 | ERROR | Failed to get ticker 'SI=F' reason: Expecting value: line 1 column 1 (char 0)
2025-10-22 03:49:36,904 | ERROR | SI=F: No price data found, symbol may be delisted (period=1d)
2025-10-22 03:49:36,910 | INFO | [DATA] Usando datos simulados para XAGUSD: $31.6535
2025-10-22 03:49:36,912 | INFO | [SIGNALS] Señales detectadas: 1
2025-10-22 03:49:36,914 | INFO | [POSITIONS] Posiciones activas: 1
2025-10-22 03:49:36,916 | INFO | [PORTFOLIO] Posiciones:
2025-10-22 03:49:36,917 | INFO |    AUDUSD: SELL @ $0.7252
2025-10-22 03:49:36,918 | INFO | [CAPITAL] Capital actual: $500.00
2025-10-22 03:49:36,919 | INFO | [WAIT] Esperando 60 segundos para el próximo ciclo...
2025-10-22 03:50:36,926 | INFO | 
[CYCLE] CICLO 223 - 08:50:36
2025-10-22 03:50:36,929 | INFO | [SESSION] Sesión: TOKYO | Prioridad: MEDIUM
2025-10-22 03:50:38,203 | ERROR | Failed to get ticker 'AUDUSD=X' reason: Expecting value: line 1 column 1 (char 0)
2025-10-22 03:50:39,460 | ERROR | AUDUSD=X: No price data found, symbol may be delisted (period=1d)
2025-10-22 03:50:41,829 | ERROR | Failed to get ticker 'EURUSD=X' reason: Expecting value: line 1 column 1 (char 0)
2025-10-22 03:50:43,009 | ERROR | EURUSD=X: No price data found, symbol may be delisted (period=1d)
2025-10-22 03:50:45,362 | ERROR | Failed to get ticker 'GBPUSD=X' reason: Expecting value: line 1 column 1 (char 0)
2025-10-22 03:50:46,649 | ERROR | GBPUSD=X: No price data found, symbol may be delisted (period=1d)
2025-10-22 03:50:49,078 | ERROR | Failed to get ticker 'USDJPY=X' reason: Expecting value: line 1 column 1 (char 0)
2025-10-22 03:50:50,333 | ERROR | USDJPY=X: No price data found, symbol may be delisted (period=1d)
2025-10-22 03:50:50,335 | INFO | [DATA] Usando datos simulados para USDJPY: $149.7121
2025-10-22 03:50:50,346 | INFO | [SIGNAL] SEÑAL DETECTADA: AUDUSD | BEARISH_BREAKOUT
2025-10-22 03:50:50,355 | INFO |    [CONF] Confianza: 82.1% | Riesgo: MEDIUM
2025-10-22 03:50:50,357 | INFO |    [PRICE] Precio: $0.7252 | Spread: 0.000250
2025-10-22 03:50:50,358 | INFO | [SKIP] Trade no ejecutado para AUDUSD (condiciones no cumplidas)
2025-10-22 03:50:51,702 | ERROR | Failed to get ticker 'GC=F' reason: Expecting value: line 1 column 1 (char 0)
2025-10-22 03:50:52,899 | ERROR | GC=F: No price data found, symbol may be delisted (period=1d)
2025-10-22 03:50:52,912 | INFO | [DATA] Usando datos simulados para XAUUSD: $2640.7742
2025-10-22 03:50:54,152 | ERROR | Failed to get ticker 'SI=F' reason: Expecting value: line 1 column 1 (char 0)
2025-10-22 03:50:55,364 | ERROR | SI=F: No price data found, symbol may be delisted (period=1d)
2025-10-22 03:50:55,367 | INFO | [DATA] Usando datos simulados para XAGUSD: $31.3785
2025-10-22 03:50:55,383 | INFO | [SIGNAL] SEÑAL DETECTADA: XAGUSD | BULLISH_BREAKOUT
2025-10-22 03:50:55,384 | INFO |    [CONF] Confianza: 71.1% | Riesgo: MEDIUM
2025-10-22 03:50:55,388 | INFO |    [PRICE] Precio: $31.3785 | Spread: 0.030000
2025-10-22 03:50:55,398 | INFO | [SKIP] Trade no ejecutado para XAGUSD (condiciones no cumplidas)
2025-10-22 03:50:55,400 | INFO | [SIGNALS] Señales detectadas: 2
2025-10-22 03:50:55,400 | INFO | [POSITIONS] Posiciones activas: 1
2025-10-22 03:50:55,401 | INFO | [PORTFOLIO] Posiciones:
2025-10-22 03:50:55,401 | INFO |    AUDUSD: SELL @ $0.7252
2025-10-22 03:50:55,402 | INFO | [CAPITAL] Capital actual: $500.00
2025-10-22 03:50:55,402 | INFO | [WAIT] Esperando 60 segundos para el próximo ciclo...
2025-10-22 03:51:55,406 | INFO | 
[CYCLE] CICLO 224 - 08:51:55
2025-10-22 03:51:55,406 | INFO | [SESSION] Sesión: TOKYO | Prioridad: MEDIUM
2025-10-22 03:51:56,844 | ERROR | Failed to get ticker 'AUDUSD=X' reason: Expecting value: line 1 column 1 (char 0)
2025-10-22 03:51:58,109 | ERROR | AUDUSD=X: No price data found, symbol may be delisted (period=1d)
2025-10-22 03:52:01,084 | ERROR | Failed to get ticker 'EURUSD=X' reason: Expecting value: line 1 column 1 (char 0)
2025-10-22 03:52:02,402 | ERROR | EURUSD=X: No price data found, symbol may be delisted (period=1d)
2025-10-22 03:52:05,042 | ERROR | Failed to get ticker 'GBPUSD=X' reason: Expecting value: line 1 column 1 (char 0)
2025-10-22 03:52:06,428 | ERROR | GBPUSD=X: No price data found, symbol may be delisted (period=1d)
2025-10-22 03:52:08,995 | ERROR | Failed to get ticker 'USDJPY=X' reason: Expecting value: line 1 column 1 (char 0)
2025-10-22 03:52:10,453 | ERROR | USDJPY=X: No price data found, symbol may be delisted (period=1d)
2025-10-22 03:52:10,456 | INFO | [DATA] Usando datos simulados para USDJPY: $149.7120
2025-10-22 03:52:11,753 | ERROR | Failed to get ticker 'AUDUSD=X' reason: Expecting value: line 1 column 1 (char 0)
2025-10-22 03:52:13,376 | ERROR | AUDUSD=X: No price data found, symbol may be delisted (period=1d)
2025-10-22 03:52:14,491 | INFO | [SIGNAL] SEÑAL DETECTADA: AUDUSD | BEARISH_BREAKOUT
2025-10-22 03:52:14,498 | INFO |    [CONF] Confianza: 82.1% | Riesgo: MEDIUM
2025-10-22 03:52:14,500 | INFO |    [PRICE] Precio: $0.7252 | Spread: 0.000250
2025-10-22 03:52:14,507 | INFO | [SKIP] Trade no ejecutado para AUDUSD (condiciones no cumplidas)
2025-10-22 03:52:15,733 | ERROR | Failed to get ticker 'GC=F' reason: Expecting value: line 1 column 1 (char 0)
2025-10-22 03:52:17,175 | ERROR | GC=F: No price data found, symbol may be delisted (period=1d)
2025-10-22 03:52:17,178 | INFO | [DATA] Usando datos simulados para XAUUSD: $2657.5989
2025-10-22 03:52:18,478 | ERROR | Failed to get ticker 'SI=F' reason: Expecting value: line 1 column 1 (char 0)
2025-10-22 03:52:19,971 | ERROR | SI=F: No price data found, symbol may be delisted (period=1d)
2025-10-22 03:52:19,984 | INFO | [DATA] Usando datos simulados para XAGUSD: $31.6312
2025-10-22 03:52:20,027 | INFO | [SIGNAL] SEÑAL DETECTADA: XAGUSD | BULLISH_BREAKOUT
2025-10-22 03:52:20,043 | INFO |    [CONF] Confianza: 75.5% | Riesgo: MEDIUM
2025-10-22 03:52:20,043 | INFO |    [PRICE] Precio: $31.6312 | Spread: 0.030000
2025-10-22 03:52:20,064 | INFO | [SKIP] Trade no ejecutado para XAGUSD (condiciones no cumplidas)
2025-10-22 03:52:20,065 | INFO | [SIGNALS] Señales detectadas: 2
2025-10-22 03:52:20,065 | INFO | [POSITIONS] Posiciones activas: 1
2025-10-22 03:52:20,066 | INFO | [PORTFOLIO] Posiciones:
2025-10-22 03:52:20,071 | INFO |    AUDUSD: SELL @ $0.7252
2025-10-22 03:52:20,072 | INFO | [CAPITAL] Capital actual: $500.00
2025-10-22 03:52:20,074 | INFO | [WAIT] Esperando 60 segundos para el próximo ciclo...
2025-10-22 03:53:20,085 | INFO | 
[CYCLE] CICLO 225 - 08:53:20
2025-10-22 03:53:20,087 | INFO | [SESSION] Sesión: TOKYO | Prioridad: MEDIUM
2025-10-22 03:53:21,446 | ERROR | Failed to get ticker 'AUDUSD=X' reason: Expecting value: line 1 column 1 (char 0)
2025-10-22 03:53:22,702 | ERROR | AUDUSD=X: No price data found, symbol may be delisted (period=1d)
2025-10-22 03:53:24,950 | ERROR | Failed to get ticker 'EURUSD=X' reason: Expecting value: line 1 column 1 (char 0)
2025-10-22 03:53:26,401 | ERROR | EURUSD=X: No price data found, symbol may be delisted (period=1d)
2025-10-22 03:53:28,963 | ERROR | Failed to get ticker 'GBPUSD=X' reason: Expecting value: line 1 column 1 (char 0)
2025-10-22 03:53:30,324 | ERROR | GBPUSD=X: No price data found, symbol may be delisted (period=1d)
2025-10-22 03:53:32,740 | ERROR | Failed to get ticker 'USDJPY=X' reason: Expecting value: line 1 column 1 (char 0)
2025-10-22 03:53:34,116 | ERROR | USDJPY=X: No price data found, symbol may be delisted (period=1d)
2025-10-22 03:53:34,119 | INFO | [DATA] Usando datos simulados para USDJPY: $148.8688
2025-10-22 03:53:34,135 | INFO | [SIGNAL] SEÑAL DETECTADA: AUDUSD | BEARISH_BREAKOUT
2025-10-22 03:53:34,137 | INFO |    [CONF] Confianza: 82.1% | Riesgo: MEDIUM
2025-10-22 03:53:34,138 | INFO |    [PRICE] Precio: $0.7252 | Spread: 0.000250
2025-10-22 03:53:34,139 | INFO | [SKIP] Trade no ejecutado para AUDUSD (condiciones no cumplidas)
2025-10-22 03:53:35,309 | ERROR | Failed to get ticker 'GC=F' reason: Expecting value: line 1 column 1 (char 0)
2025-10-22 03:53:36,493 | ERROR | GC=F: No price data found, symbol may be delisted (period=1d)
2025-10-22 03:53:36,498 | INFO | [DATA] Usando datos simulados para XAUUSD: $2653.5907
2025-10-22 03:53:37,701 | ERROR | Failed to get ticker 'SI=F' reason: Expecting value: line 1 column 1 (char 0)
2025-10-22 03:53:38,757 | ERROR | SI=F: No price data found, symbol may be delisted (period=1d)
2025-10-22 03:53:38,763 | INFO | [DATA] Usando datos simulados para XAGUSD: $31.4733
2025-10-22 03:53:38,765 | INFO | [SIGNALS] Señales detectadas: 1
2025-10-22 03:53:38,769 | INFO | [POSITIONS] Posiciones activas: 1
2025-10-22 03:53:38,770 | INFO | [PORTFOLIO] Posiciones:
2025-10-22 03:53:38,771 | INFO |    AUDUSD: SELL @ $0.7252
2025-10-22 03:53:38,772 | INFO | [CAPITAL] Capital actual: $500.00
2025-10-22 03:53:38,772 | INFO | [WAIT] Esperando 60 segundos para el próximo ciclo...
2025-10-22 03:54:38,775 | INFO | 
[CYCLE] CICLO 226 - 08:54:38
2025-10-22 03:54:38,777 | INFO | [SESSION] Sesión: TOKYO | Prioridad: MEDIUM
2025-10-22 03:54:39,987 | ERROR | Failed to get ticker 'AUDUSD=X' reason: Expecting value: line 1 column 1 (char 0)
2025-10-22 03:54:41,005 | ERROR | AUDUSD=X: No price data found, symbol may be delisted (period=1d)
2025-10-22 03:54:43,281 | ERROR | Failed to get ticker 'EURUSD=X' reason: Expecting value: line 1 column 1 (char 0)
2025-10-22 03:54:44,512 | ERROR | EURUSD=X: No price data found, symbol may be delisted (period=1d)
2025-10-22 03:54:46,905 | ERROR | Failed to get ticker 'GBPUSD=X' reason: Expecting value: line 1 column 1 (char 0)
2025-10-22 03:54:48,019 | ERROR | GBPUSD=X: No price data found, symbol may be delisted (period=1d)
2025-10-22 03:54:50,821 | ERROR | Failed to get ticker 'USDJPY=X' reason: Expecting value: line 1 column 1 (char 0)
2025-10-22 03:54:52,095 | ERROR | USDJPY=X: No price data found, symbol may be delisted (period=1d)
2025-10-22 03:54:52,097 | INFO | [DATA] Usando datos simulados para USDJPY: $149.9583
2025-10-22 03:54:52,110 | INFO | [SIGNAL] SEÑAL DETECTADA: USDJPY | BULLISH_BREAKOUT
2025-10-22 03:54:52,112 | INFO |    [CONF] Confianza: 73.7% | Riesgo: LOW
2025-10-22 03:54:52,112 | INFO |    [PRICE] Precio: $149.9583 | Spread: 0.015000
2025-10-22 03:54:52,118 | INFO | [SKIP] Trade no ejecutado para USDJPY (condiciones no cumplidas)
2025-10-22 03:54:52,127 | INFO | [SIGNAL] SEÑAL DETECTADA: AUDUSD | BEARISH_BREAKOUT
2025-10-22 03:54:52,127 | INFO |    [CONF] Confianza: 82.1% | Riesgo: MEDIUM
2025-10-22 03:54:52,128 | INFO |    [PRICE] Precio: $0.7252 | Spread: 0.000250
2025-10-22 03:54:52,128 | INFO | [SKIP] Trade no ejecutado para AUDUSD (condiciones no cumplidas)
2025-10-22 03:54:53,249 | ERROR | Failed to get ticker 'GC=F' reason: Expecting value: line 1 column 1 (char 0)
2025-10-22 03:54:54,281 | ERROR | GC=F: No price data found, symbol may be delisted (period=1d)
2025-10-22 03:54:54,288 | INFO | [DATA] Usando datos simulados para XAUUSD: $2658.2035
2025-10-22 03:54:55,343 | ERROR | Failed to get ticker 'SI=F' reason: Expecting value: line 1 column 1 (char 0)
2025-10-22 03:54:56,416 | ERROR | SI=F: No price data found, symbol may be delisted (period=1d)
2025-10-22 03:54:56,419 | INFO | [DATA] Usando datos simulados para XAGUSD: $31.3979
2025-10-22 03:54:56,419 | INFO | [SIGNALS] Señales detectadas: 2
2025-10-22 03:54:56,419 | INFO | [POSITIONS] Posiciones activas: 1
2025-10-22 03:54:56,419 | INFO | [PORTFOLIO] Posiciones:
2025-10-22 03:54:56,419 | INFO |    AUDUSD: SELL @ $0.7252
2025-10-22 03:54:56,419 | INFO | [CAPITAL] Capital actual: $500.00
2025-10-22 03:54:56,419 | INFO | [WAIT] Esperando 60 segundos para el próximo ciclo...
2025-10-22 03:55:56,429 | INFO | 
[CYCLE] CICLO 227 - 08:55:56
2025-10-22 03:55:56,429 | INFO | [SESSION] Sesión: TOKYO | Prioridad: MEDIUM
2025-10-22 03:55:57,652 | ERROR | Failed to get ticker 'AUDUSD=X' reason: Expecting value: line 1 column 1 (char 0)
2025-10-22 03:55:58,729 | ERROR | AUDUSD=X: No price data found, symbol may be delisted (period=1d)
2025-10-22 03:56:00,882 | ERROR | Failed to get ticker 'EURUSD=X' reason: Expecting value: line 1 column 1 (char 0)
2025-10-22 03:56:02,110 | ERROR | EURUSD=X: No price data found, symbol may be delisted (period=1d)
2025-10-22 03:56:04,300 | ERROR | Failed to get ticker 'GBPUSD=X' reason: Expecting value: line 1 column 1 (char 0)
2025-10-22 03:56:05,612 | ERROR | GBPUSD=X: No price data found, symbol may be delisted (period=1d)
2025-10-22 03:56:08,120 | ERROR | Failed to get ticker 'USDJPY=X' reason: Expecting value: line 1 column 1 (char 0)
2025-10-22 03:56:09,463 | ERROR | USDJPY=X: No price data found, symbol may be delisted (period=1d)
2025-10-22 03:56:09,468 | INFO | [DATA] Usando datos simulados para USDJPY: $149.4703
2025-10-22 03:56:10,830 | ERROR | Failed to get ticker 'AUDUSD=X' reason: Expecting value: line 1 column 1 (char 0)
2025-10-22 03:56:12,124 | ERROR | AUDUSD=X: No price data found, symbol may be delisted (period=1d)
2025-10-22 03:56:13,137 | INFO | [SIGNAL] SEÑAL DETECTADA: AUDUSD | BEARISH_BREAKOUT
2025-10-22 03:56:13,138 | INFO |    [CONF] Confianza: 82.1% | Riesgo: MEDIUM
2025-10-22 03:56:13,142 | INFO |    [PRICE] Precio: $0.7252 | Spread: 0.000250
2025-10-22 03:56:13,144 | INFO | [SKIP] Trade no ejecutado para AUDUSD (condiciones no cumplidas)
2025-10-22 03:56:14,445 | ERROR | Failed to get ticker 'GC=F' reason: Expecting value: line 1 column 1 (char 0)
2025-10-22 03:56:15,859 | ERROR | GC=F: No price data found, symbol may be delisted (period=1d)
2025-10-22 03:56:15,878 | INFO | [DATA] Usando datos simulados para XAUUSD: $2643.9812
2025-10-22 03:56:17,044 | ERROR | Failed to get ticker 'SI=F' reason: Expecting value: line 1 column 1 (char 0)
2025-10-22 03:56:18,436 | ERROR | SI=F: No price data found, symbol may be delisted (period=1d)
2025-10-22 03:56:18,440 | INFO | [DATA] Usando datos simulados para XAGUSD: $31.6037
2025-10-22 03:56:18,440 | INFO | [SIGNALS] Señales detectadas: 1
2025-10-22 03:56:18,440 | INFO | [POSITIONS] Posiciones activas: 1
2025-10-22 03:56:18,440 | INFO | [PORTFOLIO] Posiciones:
2025-10-22 03:56:18,440 | INFO |    AUDUSD: SELL @ $0.7252
2025-10-22 03:56:18,440 | INFO | [CAPITAL] Capital actual: $500.00
2025-10-22 03:56:18,443 | INFO | [WAIT] Esperando 60 segundos para el próximo ciclo...
2025-10-22 03:57:18,445 | INFO | 
[CYCLE] CICLO 228 - 08:57:18
2025-10-22 03:57:18,445 | INFO | [SESSION] Sesión: TOKYO | Prioridad: MEDIUM
2025-10-22 03:57:19,558 | ERROR | Failed to get ticker 'AUDUSD=X' reason: Expecting value: line 1 column 1 (char 0)
2025-10-22 03:57:20,470 | ERROR | AUDUSD=X: No price data found, symbol may be delisted (period=1d)
2025-10-22 03:57:22,965 | ERROR | Failed to get ticker 'EURUSD=X' reason: Expecting value: line 1 column 1 (char 0)
2025-10-22 03:57:23,907 | ERROR | EURUSD=X: No price data found, symbol may be delisted (period=1d)
2025-10-22 03:57:25,830 | ERROR | Failed to get ticker 'GBPUSD=X' reason: Expecting value: line 1 column 1 (char 0)
2025-10-22 03:57:26,877 | ERROR | GBPUSD=X: No price data found, symbol may be delisted (period=1d)
2025-10-22 03:57:29,671 | ERROR | Failed to get ticker 'USDJPY=X' reason: Expecting value: line 1 column 1 (char 0)
2025-10-22 03:57:30,948 | ERROR | USDJPY=X: No price data found, symbol may be delisted (period=1d)
2025-10-22 03:57:30,956 | INFO | [DATA] Usando datos simulados para USDJPY: $149.1504
2025-10-22 03:57:30,965 | INFO | [SIGNAL] SEÑAL DETECTADA: AUDUSD | BEARISH_BREAKOUT
2025-10-22 03:57:30,967 | INFO |    [CONF] Confianza: 82.1% | Riesgo: MEDIUM
2025-10-22 03:57:30,968 | INFO |    [PRICE] Precio: $0.7252 | Spread: 0.000250
2025-10-22 03:57:30,970 | INFO | [SKIP] Trade no ejecutado para AUDUSD (condiciones no cumplidas)
2025-10-22 03:57:32,336 | ERROR | Failed to get ticker 'GC=F' reason: Expecting value: line 1 column 1 (char 0)
2025-10-22 03:57:33,711 | ERROR | GC=F: No price data found, symbol may be delisted (period=1d)
2025-10-22 03:57:33,722 | INFO | [DATA] Usando datos simulados para XAUUSD: $2642.9334
2025-10-22 03:57:33,758 | INFO | [SIGNAL] SEÑAL DETECTADA: XAUUSD | BULLISH_BREAKOUT
2025-10-22 03:57:33,760 | INFO |    [CONF] Confianza: 75.9% | Riesgo: MEDIUM
2025-10-22 03:57:33,761 | INFO |    [PRICE] Precio: $2642.9334 | Spread: 0.500000
2025-10-22 03:57:33,766 | INFO | [SKIP] Trade no ejecutado para XAUUSD (condiciones no cumplidas)
2025-10-22 03:57:35,161 | ERROR | Failed to get ticker 'SI=F' reason: Expecting value: line 1 column 1 (char 0)
2025-10-22 03:57:36,442 | ERROR | SI=F: No price data found, symbol may be delisted (period=1d)
2025-10-22 03:57:36,449 | INFO | [DATA] Usando datos simulados para XAGUSD: $31.6532
2025-10-22 03:57:36,458 | INFO | [SIGNAL] SEÑAL DETECTADA: XAGUSD | BEARISH_BREAKOUT
2025-10-22 03:57:36,459 | INFO |    [CONF] Confianza: 80.2% | Riesgo: MEDIUM
2025-10-22 03:57:36,459 | INFO |    [PRICE] Precio: $31.6532 | Spread: 0.030000
2025-10-22 03:57:36,463 | INFO | [SKIP] Trade no ejecutado para XAGUSD (condiciones no cumplidas)
2025-10-22 03:57:36,464 | INFO | [SIGNALS] Señales detectadas: 3
2025-10-22 03:57:36,464 | INFO | [POSITIONS] Posiciones activas: 1
2025-10-22 03:57:36,466 | INFO | [PORTFOLIO] Posiciones:
2025-10-22 03:57:36,488 | INFO |    AUDUSD: SELL @ $0.7252
2025-10-22 03:57:36,490 | INFO | [CAPITAL] Capital actual: $500.00
2025-10-22 03:57:36,502 | INFO | [WAIT] Esperando 60 segundos para el próximo ciclo...
2025-10-22 03:58:36,529 | INFO | 
[CYCLE] CICLO 229 - 08:58:36
2025-10-22 03:58:36,532 | INFO | [SESSION] Sesión: TOKYO | Prioridad: MEDIUM
2025-10-22 03:58:37,857 | ERROR | Failed to get ticker 'AUDUSD=X' reason: Expecting value: line 1 column 1 (char 0)
2025-10-22 03:58:38,904 | ERROR | AUDUSD=X: No price data found, symbol may be delisted (period=1d)
2025-10-22 03:58:40,964 | ERROR | Failed to get ticker 'EURUSD=X' reason: Expecting value: line 1 column 1 (char 0)
2025-10-22 03:58:42,125 | ERROR | EURUSD=X: No price data found, symbol may be delisted (period=1d)
2025-10-22 03:58:44,427 | ERROR | Failed to get ticker 'GBPUSD=X' reason: Expecting value: line 1 column 1 (char 0)
2025-10-22 03:58:45,607 | ERROR | GBPUSD=X: No price data found, symbol may be delisted (period=1d)
2025-10-22 03:58:47,750 | ERROR | Failed to get ticker 'USDJPY=X' reason: Expecting value: line 1 column 1 (char 0)
2025-10-22 03:58:49,122 | ERROR | USDJPY=X: No price data found, symbol may be delisted (period=1d)
2025-10-22 03:58:49,127 | INFO | [DATA] Usando datos simulados para USDJPY: $149.4850
2025-10-22 03:58:49,143 | INFO | [SIGNAL] SEÑAL DETECTADA: AUDUSD | BEARISH_BREAKOUT
2025-10-22 03:58:49,143 | INFO |    [CONF] Confianza: 82.1% | Riesgo: MEDIUM
2025-10-22 03:58:49,144 | INFO |    [PRICE] Precio: $0.7252 | Spread: 0.000250
2025-10-22 03:58:49,145 | INFO | [SKIP] Trade no ejecutado para AUDUSD (condiciones no cumplidas)
2025-10-22 03:58:50,322 | ERROR | Failed to get ticker 'GC=F' reason: Expecting value: line 1 column 1 (char 0)
2025-10-22 03:58:51,528 | ERROR | GC=F: No price data found, symbol may be delisted (period=1d)
2025-10-22 03:58:51,531 | INFO | [DATA] Usando datos simulados para XAUUSD: $2661.2755
2025-10-22 03:58:51,541 | INFO | [SIGNAL] SEÑAL DETECTADA: XAUUSD | BEARISH_BREAKOUT
2025-10-22 03:58:51,542 | INFO |    [CONF] Confianza: 83.1% | Riesgo: MEDIUM
2025-10-22 03:58:51,543 | INFO |    [PRICE] Precio: $2661.2755 | Spread: 0.500000
2025-10-22 03:58:51,547 | INFO | [SKIP] Trade no ejecutado para XAUUSD (condiciones no cumplidas)
2025-10-22 03:58:52,883 | ERROR | Failed to get ticker 'SI=F' reason: Expecting value: line 1 column 1 (char 0)
2025-10-22 03:58:54,151 | ERROR | SI=F: No price data found, symbol may be delisted (period=1d)
2025-10-22 03:58:54,157 | INFO | [DATA] Usando datos simulados para XAGUSD: $31.5279
2025-10-22 03:58:54,157 | INFO | [SIGNALS] Señales detectadas: 2
2025-10-22 03:58:54,157 | INFO | [POSITIONS] Posiciones activas: 1
2025-10-22 03:58:54,160 | INFO | [PORTFOLIO] Posiciones:
2025-10-22 03:58:54,161 | INFO |    AUDUSD: SELL @ $0.7252
2025-10-22 03:58:54,162 | INFO | [CAPITAL] Capital actual: $500.00
2025-10-22 03:58:54,163 | INFO | [WAIT] Esperando 60 segundos para el próximo ciclo...
2025-10-22 03:59:54,172 | INFO | 
[CYCLE] CICLO 230 - 08:59:54
2025-10-22 03:59:54,173 | INFO | [SESSION] Sesión: TOKYO | Prioridad: MEDIUM
2025-10-22 03:59:55,804 | ERROR | Failed to get ticker 'AUDUSD=X' reason: Expecting value: line 1 column 1 (char 0)
2025-10-22 03:59:57,090 | ERROR | AUDUSD=X: No price data found, symbol may be delisted (period=1d)
2025-10-22 03:59:59,445 | ERROR | Failed to get ticker 'EURUSD=X' reason: Expecting value: line 1 column 1 (char 0)
2025-10-22 04:00:00,726 | ERROR | EURUSD=X: No price data found, symbol may be delisted (period=1d)
2025-10-22 04:00:03,372 | ERROR | Failed to get ticker 'GBPUSD=X' reason: Expecting value: line 1 column 1 (char 0)
2025-10-22 04:00:04,892 | ERROR | GBPUSD=X: No price data found, symbol may be delisted (period=1d)
2025-10-22 04:00:07,275 | ERROR | Failed to get ticker 'USDJPY=X' reason: Expecting value: line 1 column 1 (char 0)
2025-10-22 04:00:08,663 | ERROR | USDJPY=X: No price data found, symbol may be delisted (period=1d)
2025-10-22 04:00:08,663 | INFO | [DATA] Usando datos simulados para USDJPY: $149.1835
2025-10-22 04:00:08,683 | INFO | [SIGNAL] SEÑAL DETECTADA: USDJPY | BULLISH_BREAKOUT
2025-10-22 04:00:08,685 | INFO |    [CONF] Confianza: 78.9% | Riesgo: MEDIUM
2025-10-22 04:00:08,685 | INFO |    [PRICE] Precio: $149.1835 | Spread: 0.015000
2025-10-22 04:00:08,690 | INFO | [SKIP] Trade no ejecutado para USDJPY (condiciones no cumplidas)
2025-10-22 04:00:09,883 | ERROR | Failed to get ticker 'AUDUSD=X' reason: Expecting value: line 1 column 1 (char 0)
2025-10-22 04:00:11,211 | ERROR | AUDUSD=X: No price data found, symbol may be delisted (period=1d)
2025-10-22 04:00:12,392 | INFO | [SIGNAL] SEÑAL DETECTADA: AUDUSD | BEARISH_BREAKOUT
2025-10-22 04:00:12,392 | INFO |    [CONF] Confianza: 82.1% | Riesgo: MEDIUM
2025-10-22 04:00:12,392 | INFO |    [PRICE] Precio: $0.7252 | Spread: 0.000250
2025-10-22 04:00:12,392 | INFO | [SKIP] Trade no ejecutado para AUDUSD (condiciones no cumplidas)
2025-10-22 04:00:13,829 | ERROR | Failed to get ticker 'GC=F' reason: Expecting value: line 1 column 1 (char 0)
2025-10-22 04:00:15,221 | ERROR | GC=F: No price data found, symbol may be delisted (period=1d)
2025-10-22 04:00:15,223 | INFO | [DATA] Usando datos simulados para XAUUSD: $2644.4841
2025-10-22 04:00:15,231 | INFO | [SIGNAL] SEÑAL DETECTADA: XAUUSD | BULLISH_BREAKOUT
2025-10-22 04:00:15,233 | INFO |    [CONF] Confianza: 73.2% | Riesgo: MEDIUM
2025-10-22 04:00:15,233 | INFO |    [PRICE] Precio: $2644.4841 | Spread: 0.500000
2025-10-22 04:00:15,240 | INFO | [SKIP] Trade no ejecutado para XAUUSD (condiciones no cumplidas)
2025-10-22 04:00:16,689 | ERROR | Failed to get ticker 'SI=F' reason: Expecting value: line 1 column 1 (char 0)
2025-10-22 04:00:17,978 | ERROR | SI=F: No price data found, symbol may be delisted (period=1d)
2025-10-22 04:00:17,978 | INFO | [DATA] Usando datos simulados para XAGUSD: $31.5680
2025-10-22 04:00:17,978 | INFO | [SIGNALS] Señales detectadas: 3
2025-10-22 04:00:17,978 | INFO | [POSITIONS] Posiciones activas: 1
2025-10-22 04:00:17,978 | INFO | [PORTFOLIO] Posiciones:
2025-10-22 04:00:17,978 | INFO |    AUDUSD: SELL @ $0.7252
2025-10-22 04:00:17,978 | INFO | [CAPITAL] Capital actual: $500.00
2025-10-22 04:00:17,978 | INFO | [STATS] ROI Total: +0.00% | Señales totales: 383
2025-10-22 04:00:17,978 | INFO | [WAIT] Esperando 60 segundos para el próximo ciclo...
2025-10-22 04:01:17,993 | INFO | 
[CYCLE] CICLO 231 - 09:01:17
2025-10-22 04:01:17,996 | INFO | [SESSION] Sesión: LONDON | Prioridad: MEDIUM
2025-10-22 04:01:19,095 | ERROR | Failed to get ticker 'AUDUSD=X' reason: Expecting value: line 1 column 1 (char 0)
2025-10-22 04:01:20,083 | ERROR | AUDUSD=X: No price data found, symbol may be delisted (period=1d)
2025-10-22 04:01:22,156 | ERROR | Failed to get ticker 'EURUSD=X' reason: Expecting value: line 1 column 1 (char 0)
2025-10-22 04:01:23,042 | ERROR | EURUSD=X: No price data found, symbol may be delisted (period=1d)
2025-10-22 04:01:25,052 | ERROR | Failed to get ticker 'GBPUSD=X' reason: Expecting value: line 1 column 1 (char 0)
2025-10-22 04:01:26,010 | ERROR | GBPUSD=X: No price data found, symbol may be delisted (period=1d)
2025-10-22 04:01:28,243 | ERROR | Failed to get ticker 'USDJPY=X' reason: Expecting value: line 1 column 1 (char 0)
2025-10-22 04:01:29,129 | ERROR | USDJPY=X: No price data found, symbol may be delisted (period=1d)
2025-10-22 04:01:29,129 | INFO | [DATA] Usando datos simulados para USDJPY: $149.4123
2025-10-22 04:01:29,153 | INFO | [SIGNAL] SEÑAL DETECTADA: AUDUSD | BEARISH_BREAKOUT
2025-10-22 04:01:29,154 | INFO |    [CONF] Confianza: 82.1% | Riesgo: MEDIUM
2025-10-22 04:01:29,156 | INFO |    [PRICE] Precio: $0.7252 | Spread: 0.000250
2025-10-22 04:01:29,158 | INFO | [SKIP] Trade no ejecutado para AUDUSD (condiciones no cumplidas)
2025-10-22 04:01:30,333 | ERROR | Failed to get ticker 'GC=F' reason: Expecting value: line 1 column 1 (char 0)
2025-10-22 04:01:31,463 | ERROR | GC=F: No price data found, symbol may be delisted (period=1d)
2025-10-22 04:01:31,465 | INFO | [DATA] Usando datos simulados para XAUUSD: $2648.0745
2025-10-22 04:01:31,474 | INFO | [SIGNAL] SEÑAL DETECTADA: XAUUSD | BEARISH_BREAKOUT
2025-10-22 04:01:31,474 | INFO |    [CONF] Confianza: 65.4% | Riesgo: MEDIUM
2025-10-22 04:01:31,476 | INFO |    [PRICE] Precio: $2648.0745 | Spread: 0.500000
2025-10-22 04:01:31,481 | INFO | [SKIP] Trade no ejecutado para XAUUSD (condiciones no cumplidas)
2025-10-22 04:01:32,625 | ERROR | Failed to get ticker 'SI=F' reason: Expecting value: line 1 column 1 (char 0)
2025-10-22 04:01:33,742 | ERROR | SI=F: No price data found, symbol may be delisted (period=1d)
2025-10-22 04:01:33,747 | INFO | [DATA] Usando datos simulados para XAGUSD: $31.5685
2025-10-22 04:01:33,754 | INFO | [SIGNAL] SEÑAL DETECTADA: XAGUSD | BULLISH_BREAKOUT
2025-10-22 04:01:33,756 | INFO |    [CONF] Confianza: 70.2% | Riesgo: MEDIUM
2025-10-22 04:01:33,757 | INFO |    [PRICE] Precio: $31.5685 | Spread: 0.030000
2025-10-22 04:01:33,762 | INFO | [SKIP] Trade no ejecutado para XAGUSD (condiciones no cumplidas)
2025-10-22 04:01:33,763 | INFO | [SIGNALS] Señales detectadas: 3
2025-10-22 04:01:33,763 | INFO | [POSITIONS] Posiciones activas: 1
2025-10-22 04:01:33,763 | INFO | [PORTFOLIO] Posiciones:
2025-10-22 04:01:33,763 | INFO |    AUDUSD: SELL @ $0.7252
2025-10-22 04:01:33,763 | INFO | [CAPITAL] Capital actual: $500.00
2025-10-22 04:01:33,763 | INFO | [WAIT] Esperando 60 segundos para el próximo ciclo...
2025-10-22 04:02:33,768 | INFO | 
[CYCLE] CICLO 232 - 09:02:33
2025-10-22 04:02:33,768 | INFO | [SESSION] Sesión: LONDON | Prioridad: MEDIUM
2025-10-22 04:02:35,176 | ERROR | Failed to get ticker 'AUDUSD=X' reason: Expecting value: line 1 column 1 (char 0)
2025-10-22 04:02:36,502 | ERROR | AUDUSD=X: No price data found, symbol may be delisted (period=1d)
2025-10-22 04:02:38,894 | ERROR | Failed to get ticker 'EURUSD=X' reason: Expecting value: line 1 column 1 (char 0)
2025-10-22 04:02:40,261 | ERROR | EURUSD=X: No price data found, symbol may be delisted (period=1d)
2025-10-22 04:02:42,630 | ERROR | Failed to get ticker 'GBPUSD=X' reason: Expecting value: line 1 column 1 (char 0)
2025-10-22 04:02:43,952 | ERROR | GBPUSD=X: No price data found, symbol may be delisted (period=1d)
2025-10-22 04:02:46,449 | ERROR | Failed to get ticker 'USDJPY=X' reason: Expecting value: line 1 column 1 (char 0)
2025-10-22 04:02:47,657 | ERROR | USDJPY=X: No price data found, symbol may be delisted (period=1d)
2025-10-22 04:02:47,660 | INFO | [DATA] Usando datos simulados para USDJPY: $149.3724
2025-10-22 04:02:47,674 | INFO | [SIGNAL] SEÑAL DETECTADA: AUDUSD | BEARISH_BREAKOUT
2025-10-22 04:02:47,677 | INFO |    [CONF] Confianza: 82.1% | Riesgo: MEDIUM
2025-10-22 04:02:47,679 | INFO |    [PRICE] Precio: $0.7252 | Spread: 0.000250
2025-10-22 04:02:47,680 | INFO | [SKIP] Trade no ejecutado para AUDUSD (condiciones no cumplidas)
2025-10-22 04:02:48,981 | ERROR | Failed to get ticker 'GC=F' reason: Expecting value: line 1 column 1 (char 0)
2025-10-22 04:02:50,338 | ERROR | GC=F: No price data found, symbol may be delisted (period=1d)
2025-10-22 04:02:50,340 | INFO | [DATA] Usando datos simulados para XAUUSD: $2653.2034
2025-10-22 04:02:50,352 | INFO | [SIGNAL] SEÑAL DETECTADA: XAUUSD | BULLISH_BREAKOUT
2025-10-22 04:02:50,353 | INFO |    [CONF] Confianza: 76.7% | Riesgo: MEDIUM
2025-10-22 04:02:50,354 | INFO |    [PRICE] Precio: $2653.2034 | Spread: 0.500000
2025-10-22 04:02:50,364 | INFO | [SKIP] Trade no ejecutado para XAUUSD (condiciones no cumplidas)
2025-10-22 04:02:51,639 | ERROR | Failed to get ticker 'SI=F' reason: Expecting value: line 1 column 1 (char 0)
2025-10-22 04:02:53,069 | ERROR | SI=F: No price data found, symbol may be delisted (period=1d)
2025-10-22 04:02:53,072 | INFO | [DATA] Usando datos simulados para XAGUSD: $31.6500
2025-10-22 04:02:53,083 | INFO | [SIGNAL] SEÑAL DETECTADA: XAGUSD | BEARISH_BREAKOUT
2025-10-22 04:02:53,085 | INFO |    [CONF] Confianza: 68.1% | Riesgo: MEDIUM
2025-10-22 04:02:53,086 | INFO |    [PRICE] Precio: $31.6500 | Spread: 0.030000
2025-10-22 04:02:53,090 | INFO | [SKIP] Trade no ejecutado para XAGUSD (condiciones no cumplidas)
2025-10-22 04:02:53,092 | INFO | [SIGNALS] Señales detectadas: 3
2025-10-22 04:02:53,093 | INFO | [POSITIONS] Posiciones activas: 1
2025-10-22 04:02:53,093 | INFO | [PORTFOLIO] Posiciones:
2025-10-22 04:02:53,094 | INFO |    AUDUSD: SELL @ $0.7252
2025-10-22 04:02:53,094 | INFO | [CAPITAL] Capital actual: $500.00
2025-10-22 04:02:53,095 | INFO | [WAIT] Esperando 60 segundos para el próximo ciclo...
2025-10-22 04:03:53,101 | INFO | 
[CYCLE] CICLO 233 - 09:03:53
2025-10-22 04:03:53,102 | INFO | [SESSION] Sesión: LONDON | Prioridad: MEDIUM
2025-10-22 04:03:54,506 | ERROR | Failed to get ticker 'AUDUSD=X' reason: Expecting value: line 1 column 1 (char 0)
2025-10-22 04:03:55,766 | ERROR | AUDUSD=X: No price data found, symbol may be delisted (period=1d)
2025-10-22 04:03:58,360 | ERROR | Failed to get ticker 'EURUSD=X' reason: Expecting value: line 1 column 1 (char 0)
2025-10-22 04:03:59,560 | ERROR | EURUSD=X: No price data found, symbol may be delisted (period=1d)
2025-10-22 04:04:01,652 | ERROR | Failed to get ticker 'GBPUSD=X' reason: Expecting value: line 1 column 1 (char 0)
2025-10-22 04:04:02,894 | ERROR | GBPUSD=X: No price data found, symbol may be delisted (period=1d)
2025-10-22 04:04:05,109 | ERROR | Failed to get ticker 'USDJPY=X' reason: Expecting value: line 1 column 1 (char 0)
2025-10-22 04:04:06,168 | ERROR | USDJPY=X: No price data found, symbol may be delisted (period=1d)
2025-10-22 04:04:06,178 | INFO | [DATA] Usando datos simulados para USDJPY: $149.9894
2025-10-22 04:04:06,189 | INFO | [SIGNAL] SEÑAL DETECTADA: USDJPY | BULLISH_BREAKOUT
2025-10-22 04:04:06,190 | INFO |    [CONF] Confianza: 78.3% | Riesgo: LOW
2025-10-22 04:04:06,191 | INFO |    [PRICE] Precio: $149.9894 | Spread: 0.015000
2025-10-22 04:04:06,195 | INFO | [SKIP] Trade no ejecutado para USDJPY (condiciones no cumplidas)
2025-10-22 04:04:07,340 | ERROR | Failed to get ticker 'AUDUSD=X' reason: Expecting value: line 1 column 1 (char 0)
2025-10-22 04:04:08,583 | ERROR | AUDUSD=X: No price data found, symbol may be delisted (period=1d)
2025-10-22 04:04:09,532 | INFO | [SIGNAL] SEÑAL DETECTADA: AUDUSD | BEARISH_BREAKOUT
2025-10-22 04:04:09,532 | INFO |    [CONF] Confianza: 82.1% | Riesgo: MEDIUM
2025-10-22 04:04:09,535 | INFO |    [PRICE] Precio: $0.7252 | Spread: 0.000250
2025-10-22 04:04:09,535 | INFO | [SKIP] Trade no ejecutado para AUDUSD (condiciones no cumplidas)
2025-10-22 04:04:10,819 | ERROR | Failed to get ticker 'GC=F' reason: Expecting value: line 1 column 1 (char 0)
2025-10-22 04:04:11,927 | ERROR | GC=F: No price data found, symbol may be delisted (period=1d)
2025-10-22 04:04:11,931 | INFO | [DATA] Usando datos simulados para XAUUSD: $2651.7868
2025-10-22 04:04:11,945 | INFO | [SIGNAL] SEÑAL DETECTADA: XAUUSD | BULLISH_BREAKOUT
2025-10-22 04:04:11,946 | INFO |    [CONF] Confianza: 75.7% | Riesgo: MEDIUM
2025-10-22 04:04:11,947 | INFO |    [PRICE] Precio: $2651.7868 | Spread: 0.500000
2025-10-22 04:04:11,951 | INFO | [SKIP] Trade no ejecutado para XAUUSD (condiciones no cumplidas)
2025-10-22 04:04:13,316 | ERROR | Failed to get ticker 'SI=F' reason: Expecting value: line 1 column 1 (char 0)
2025-10-22 04:04:14,739 | ERROR | SI=F: No price data found, symbol may be delisted (period=1d)
2025-10-22 04:04:14,747 | INFO | [DATA] Usando datos simulados para XAGUSD: $31.5318
2025-10-22 04:04:14,747 | INFO | [SIGNALS] Señales detectadas: 3
2025-10-22 04:04:14,749 | INFO | [POSITIONS] Posiciones activas: 1
2025-10-22 04:04:14,749 | INFO | [PORTFOLIO] Posiciones:
2025-10-22 04:04:14,751 | INFO |    AUDUSD: SELL @ $0.7252
2025-10-22 04:04:14,753 | INFO | [CAPITAL] Capital actual: $500.00
2025-10-22 04:04:14,753 | INFO | [WAIT] Esperando 60 segundos para el próximo ciclo...
2025-10-22 04:05:14,764 | INFO | 
[CYCLE] CICLO 234 - 09:05:14
2025-10-22 04:05:14,769 | INFO | [SESSION] Sesión: LONDON | Prioridad: MEDIUM
2025-10-22 04:05:16,148 | ERROR | Failed to get ticker 'AUDUSD=X' reason: Expecting value: line 1 column 1 (char 0)
2025-10-22 04:05:17,345 | ERROR | AUDUSD=X: No price data found, symbol may be delisted (period=1d)
2025-10-22 04:05:19,583 | ERROR | Failed to get ticker 'EURUSD=X' reason: Expecting value: line 1 column 1 (char 0)
2025-10-22 04:05:20,632 | ERROR | EURUSD=X: No price data found, symbol may be delisted (period=1d)
2025-10-22 04:05:22,871 | ERROR | Failed to get ticker 'GBPUSD=X' reason: Expecting value: line 1 column 1 (char 0)
2025-10-22 04:05:24,003 | ERROR | GBPUSD=X: No price data found, symbol may be delisted (period=1d)
2025-10-22 04:05:26,246 | ERROR | Failed to get ticker 'USDJPY=X' reason: Expecting value: line 1 column 1 (char 0)
2025-10-22 04:05:27,382 | ERROR | USDJPY=X: No price data found, symbol may be delisted (period=1d)
2025-10-22 04:05:27,383 | INFO | [DATA] Usando datos simulados para USDJPY: $149.2152
2025-10-22 04:05:27,395 | INFO | [SIGNAL] SEÑAL DETECTADA: USDJPY | BULLISH_BREAKOUT
2025-10-22 04:05:27,395 | INFO |    [CONF] Confianza: 69.0% | Riesgo: LOW
2025-10-22 04:05:27,396 | INFO |    [PRICE] Precio: $149.2152 | Spread: 0.015000
2025-10-22 04:05:27,400 | INFO | [SKIP] Trade no ejecutado para USDJPY (condiciones no cumplidas)
2025-10-22 04:05:27,406 | INFO | [SIGNAL] SEÑAL DETECTADA: AUDUSD | BEARISH_BREAKOUT
2025-10-22 04:05:27,407 | INFO |    [CONF] Confianza: 82.1% | Riesgo: MEDIUM
2025-10-22 04:05:27,407 | INFO |    [PRICE] Precio: $0.7252 | Spread: 0.000250
2025-10-22 04:05:27,407 | INFO | [SKIP] Trade no ejecutado para AUDUSD (condiciones no cumplidas)
2025-10-22 04:05:28,606 | ERROR | Failed to get ticker 'GC=F' reason: Expecting value: line 1 column 1 (char 0)
2025-10-22 04:05:29,847 | ERROR | GC=F: No price data found, symbol may be delisted (period=1d)
2025-10-22 04:05:29,850 | INFO | [DATA] Usando datos simulados para XAUUSD: $2642.0692
2025-10-22 04:05:30,911 | ERROR | Failed to get ticker 'SI=F' reason: Expecting value: line 1 column 1 (char 0)
2025-10-22 04:05:32,389 | ERROR | SI=F: No price data found, symbol may be delisted (period=1d)
2025-10-22 04:05:32,408 | INFO | [DATA] Usando datos simulados para XAGUSD: $31.3755
2025-10-22 04:05:32,408 | INFO | [SIGNALS] Señales detectadas: 2
2025-10-22 04:05:32,410 | INFO | [POSITIONS] Posiciones activas: 1
2025-10-22 04:05:32,416 | INFO | [PORTFOLIO] Posiciones:
2025-10-22 04:05:32,432 | INFO |    AUDUSD: SELL @ $0.7252
2025-10-22 04:05:32,432 | INFO | [CAPITAL] Capital actual: $500.00
2025-10-22 04:05:32,433 | INFO | [WAIT] Esperando 60 segundos para el próximo ciclo...
2025-10-22 04:06:32,436 | INFO | 
[CYCLE] CICLO 235 - 09:06:32
2025-10-22 04:06:32,436 | INFO | [SESSION] Sesión: LONDON | Prioridad: MEDIUM
2025-10-22 04:06:33,762 | ERROR | Failed to get ticker 'AUDUSD=X' reason: Expecting value: line 1 column 1 (char 0)
2025-10-22 04:06:34,915 | ERROR | AUDUSD=X: No price data found, symbol may be delisted (period=1d)
2025-10-22 04:06:37,002 | ERROR | Failed to get ticker 'EURUSD=X' reason: Expecting value: line 1 column 1 (char 0)
2025-10-22 04:06:38,262 | ERROR | EURUSD=X: No price data found, symbol may be delisted (period=1d)
2025-10-22 04:06:40,496 | ERROR | Failed to get ticker 'GBPUSD=X' reason: Expecting value: line 1 column 1 (char 0)
2025-10-22 04:06:41,730 | ERROR | GBPUSD=X: No price data found, symbol may be delisted (period=1d)
2025-10-22 04:06:44,040 | ERROR | Failed to get ticker 'USDJPY=X' reason: Expecting value: line 1 column 1 (char 0)
2025-10-22 04:06:45,212 | ERROR | USDJPY=X: No price data found, symbol may be delisted (period=1d)
2025-10-22 04:06:45,232 | INFO | [DATA] Usando datos simulados para USDJPY: $149.0123
2025-10-22 04:06:45,244 | INFO | [SIGNAL] SEÑAL DETECTADA: USDJPY | BEARISH_BREAKOUT
2025-10-22 04:06:45,244 | INFO |    [CONF] Confianza: 69.5% | Riesgo: MEDIUM
2025-10-22 04:06:45,246 | INFO |    [PRICE] Precio: $149.0123 | Spread: 0.015000
2025-10-22 04:06:45,252 | INFO | [SKIP] Trade no ejecutado para USDJPY (condiciones no cumplidas)
2025-10-22 04:06:45,261 | INFO | [SIGNAL] SEÑAL DETECTADA: AUDUSD | BEARISH_BREAKOUT
2025-10-22 04:06:45,262 | INFO |    [CONF] Confianza: 82.1% | Riesgo: MEDIUM
2025-10-22 04:06:45,263 | INFO |    [PRICE] Precio: $0.7252 | Spread: 0.000250
2025-10-22 04:06:45,273 | INFO | [SKIP] Trade no ejecutado para AUDUSD (condiciones no cumplidas)
2025-10-22 04:06:46,328 | ERROR | Failed to get ticker 'GC=F' reason: Expecting value: line 1 column 1 (char 0)
2025-10-22 04:06:47,542 | ERROR | GC=F: No price data found, symbol may be delisted (period=1d)
2025-10-22 04:06:47,544 | INFO | [DATA] Usando datos simulados para XAUUSD: $2637.6248
2025-10-22 04:06:48,701 | ERROR | Failed to get ticker 'SI=F' reason: Expecting value: line 1 column 1 (char 0)
2025-10-22 04:06:49,994 | ERROR | SI=F: No price data found, symbol may be delisted (period=1d)
2025-10-22 04:06:49,999 | INFO | [DATA] Usando datos simulados para XAGUSD: $31.5674
2025-10-22 04:06:50,012 | INFO | [SIGNAL] SEÑAL DETECTADA: XAGUSD | BEARISH_BREAKOUT
2025-10-22 04:06:50,012 | INFO |    [CONF] Confianza: 68.0% | Riesgo: MEDIUM
2025-10-22 04:06:50,012 | INFO |    [PRICE] Precio: $31.5674 | Spread: 0.030000
2025-10-22 04:06:50,024 | INFO | [SKIP] Trade no ejecutado para XAGUSD (condiciones no cumplidas)
2025-10-22 04:06:50,024 | INFO | [SIGNALS] Señales detectadas: 3
2025-10-22 04:06:50,024 | INFO | [POSITIONS] Posiciones activas: 1
2025-10-22 04:06:50,027 | INFO | [PORTFOLIO] Posiciones:
2025-10-22 04:06:50,027 | INFO |    AUDUSD: SELL @ $0.7252
2025-10-22 04:06:50,027 | INFO | [CAPITAL] Capital actual: $500.00
2025-10-22 04:06:50,027 | INFO | [WAIT] Esperando 60 segundos para el próximo ciclo...
2025-10-22 04:07:50,042 | INFO | 
[CYCLE] CICLO 236 - 09:07:50
2025-10-22 04:07:50,045 | INFO | [SESSION] Sesión: LONDON | Prioridad: MEDIUM
2025-10-22 04:07:51,402 | ERROR | Failed to get ticker 'AUDUSD=X' reason: Expecting value: line 1 column 1 (char 0)
2025-10-22 04:07:52,690 | ERROR | AUDUSD=X: No price data found, symbol may be delisted (period=1d)
2025-10-22 04:07:55,021 | ERROR | Failed to get ticker 'EURUSD=X' reason: Expecting value: line 1 column 1 (char 0)
2025-10-22 04:07:56,329 | ERROR | EURUSD=X: No price data found, symbol may be delisted (period=1d)
2025-10-22 04:07:58,607 | ERROR | Failed to get ticker 'GBPUSD=X' reason: Expecting value: line 1 column 1 (char 0)
2025-10-22 04:07:59,944 | ERROR | GBPUSD=X: No price data found, symbol may be delisted (period=1d)
2025-10-22 04:08:02,342 | ERROR | Failed to get ticker 'USDJPY=X' reason: Expecting value: line 1 column 1 (char 0)
2025-10-22 04:08:03,487 | ERROR | USDJPY=X: No price data found, symbol may be delisted (period=1d)
2025-10-22 04:08:03,489 | INFO | [DATA] Usando datos simulados para USDJPY: $149.7422
2025-10-22 04:08:04,762 | ERROR | Failed to get ticker 'AUDUSD=X' reason: Expecting value: line 1 column 1 (char 0)
2025-10-22 04:08:06,030 | ERROR | AUDUSD=X: No price data found, symbol may be delisted (period=1d)
2025-10-22 04:08:07,118 | INFO | [SIGNAL] SEÑAL DETECTADA: AUDUSD | BEARISH_BREAKOUT
2025-10-22 04:08:07,153 | INFO |    [CONF] Confianza: 82.1% | Riesgo: MEDIUM
2025-10-22 04:08:07,156 | INFO |    [PRICE] Precio: $0.7252 | Spread: 0.000250
2025-10-22 04:08:07,156 | INFO | [SKIP] Trade no ejecutado para AUDUSD (condiciones no cumplidas)
2025-10-22 04:08:08,475 | ERROR | Failed to get ticker 'GC=F' reason: Expecting value: line 1 column 1 (char 0)
2025-10-22 04:08:09,613 | ERROR | GC=F: No price data found, symbol may be delisted (period=1d)
2025-10-22 04:08:09,615 | INFO | [DATA] Usando datos simulados para XAUUSD: $2638.4103
2025-10-22 04:08:10,804 | ERROR | Failed to get ticker 'SI=F' reason: Expecting value: line 1 column 1 (char 0)
2025-10-22 04:08:11,978 | ERROR | SI=F: No price data found, symbol may be delisted (period=1d)
2025-10-22 04:08:11,985 | INFO | [DATA] Usando datos simulados para XAGUSD: $31.6376
2025-10-22 04:08:11,995 | INFO | [SIGNAL] SEÑAL DETECTADA: XAGUSD | BULLISH_BREAKOUT
2025-10-22 04:08:11,995 | INFO |    [CONF] Confianza: 72.6% | Riesgo: MEDIUM
2025-10-22 04:08:11,996 | INFO |    [PRICE] Precio: $31.6376 | Spread: 0.030000
2025-10-22 04:08:12,001 | INFO | [SKIP] Trade no ejecutado para XAGUSD (condiciones no cumplidas)
2025-10-22 04:08:12,003 | INFO | [SIGNALS] Señales detectadas: 2
2025-10-22 04:08:12,004 | INFO | [POSITIONS] Posiciones activas: 1
2025-10-22 04:08:12,005 | INFO | [PORTFOLIO] Posiciones:
2025-10-22 04:08:12,005 | INFO |    AUDUSD: SELL @ $0.7252
2025-10-22 04:08:12,005 | INFO | [CAPITAL] Capital actual: $500.00
2025-10-22 04:08:12,006 | INFO | [WAIT] Esperando 60 segundos para el próximo ciclo...
2025-10-22 04:09:12,013 | INFO | 
[CYCLE] CICLO 237 - 09:09:12
2025-10-22 04:09:12,015 | INFO | [SESSION] Sesión: LONDON | Prioridad: MEDIUM
2025-10-22 04:09:13,249 | ERROR | Failed to get ticker 'AUDUSD=X' reason: Expecting value: line 1 column 1 (char 0)
2025-10-22 04:09:14,589 | ERROR | AUDUSD=X: No price data found, symbol may be delisted (period=1d)
2025-10-22 04:09:16,610 | ERROR | Failed to get ticker 'EURUSD=X' reason: Expecting value: line 1 column 1 (char 0)
2025-10-22 04:09:17,555 | ERROR | EURUSD=X: No price data found, symbol may be delisted (period=1d)
2025-10-22 04:09:19,561 | ERROR | Failed to get ticker 'GBPUSD=X' reason: Expecting value: line 1 column 1 (char 0)
2025-10-22 04:09:20,792 | ERROR | GBPUSD=X: No price data found, symbol may be delisted (period=1d)
2025-10-22 04:09:22,955 | ERROR | Failed to get ticker 'USDJPY=X' reason: Expecting value: line 1 column 1 (char 0)
2025-10-22 04:09:23,945 | ERROR | USDJPY=X: No price data found, symbol may be delisted (period=1d)
2025-10-22 04:09:23,947 | INFO | [DATA] Usando datos simulados para USDJPY: $148.7897
2025-10-22 04:09:23,957 | INFO | [SIGNAL] SEÑAL DETECTADA: AUDUSD | BEARISH_BREAKOUT
2025-10-22 04:09:23,959 | INFO |    [CONF] Confianza: 82.1% | Riesgo: MEDIUM
2025-10-22 04:09:23,960 | INFO |    [PRICE] Precio: $0.7252 | Spread: 0.000250
2025-10-22 04:09:23,961 | INFO | [SKIP] Trade no ejecutado para AUDUSD (condiciones no cumplidas)
2025-10-22 04:09:24,854 | ERROR | Failed to get ticker 'GC=F' reason: Expecting value: line 1 column 1 (char 0)
2025-10-22 04:09:25,975 | ERROR | GC=F: No price data found, symbol may be delisted (period=1d)
2025-10-22 04:09:25,979 | INFO | [DATA] Usando datos simulados para XAUUSD: $2657.4534
2025-10-22 04:09:25,993 | INFO | [SIGNAL] SEÑAL DETECTADA: XAUUSD | BULLISH_BREAKOUT
2025-10-22 04:09:25,994 | INFO |    [CONF] Confianza: 82.6% | Riesgo: MEDIUM
2025-10-22 04:09:25,996 | INFO |    [PRICE] Precio: $2657.4534 | Spread: 0.500000
2025-10-22 04:09:26,000 | INFO | [SKIP] Trade no ejecutado para XAUUSD (condiciones no cumplidas)
2025-10-22 04:09:27,205 | ERROR | Failed to get ticker 'SI=F' reason: Expecting value: line 1 column 1 (char 0)
2025-10-22 04:09:28,293 | ERROR | SI=F: No price data found, symbol may be delisted (period=1d)
2025-10-22 04:09:28,297 | INFO | [DATA] Usando datos simulados para XAGUSD: $31.5444
2025-10-22 04:09:28,297 | INFO | [SIGNALS] Señales detectadas: 2
2025-10-22 04:09:28,297 | INFO | [POSITIONS] Posiciones activas: 1
2025-10-22 04:09:28,301 | INFO | [PORTFOLIO] Posiciones:
2025-10-22 04:09:28,301 | INFO |    AUDUSD: SELL @ $0.7252
2025-10-22 04:09:28,303 | INFO | [CAPITAL] Capital actual: $500.00
2025-10-22 04:09:28,305 | INFO | [WAIT] Esperando 60 segundos para el próximo ciclo...
2025-10-22 04:10:28,307 | INFO | 
[CYCLE] CICLO 238 - 09:10:28
2025-10-22 04:10:28,308 | INFO | [SESSION] Sesión: LONDON | Prioridad: MEDIUM
2025-10-22 04:10:29,741 | ERROR | Failed to get ticker 'AUDUSD=X' reason: Expecting value: line 1 column 1 (char 0)
2025-10-22 04:10:31,077 | ERROR | AUDUSD=X: No price data found, symbol may be delisted (period=1d)
2025-10-22 04:10:33,529 | ERROR | Failed to get ticker 'EURUSD=X' reason: Expecting value: line 1 column 1 (char 0)
2025-10-22 04:10:34,891 | ERROR | EURUSD=X: No price data found, symbol may be delisted (period=1d)
2025-10-22 04:10:37,214 | ERROR | Failed to get ticker 'GBPUSD=X' reason: Expecting value: line 1 column 1 (char 0)
2025-10-22 04:10:38,435 | ERROR | GBPUSD=X: No price data found, symbol may be delisted (period=1d)
2025-10-22 04:10:40,723 | ERROR | Failed to get ticker 'USDJPY=X' reason: Expecting value: line 1 column 1 (char 0)
2025-10-22 04:10:41,815 | ERROR | USDJPY=X: No price data found, symbol may be delisted (period=1d)
2025-10-22 04:10:41,819 | INFO | [DATA] Usando datos simulados para USDJPY: $149.9429
2025-10-22 04:10:41,834 | INFO | [SIGNAL] SEÑAL DETECTADA: USDJPY | BULLISH_BREAKOUT
2025-10-22 04:10:41,836 | INFO |    [CONF] Confianza: 71.9% | Riesgo: LOW
2025-10-22 04:10:41,836 | INFO |    [PRICE] Precio: $149.9429 | Spread: 0.015000
2025-10-22 04:10:41,841 | INFO | [SKIP] Trade no ejecutado para USDJPY (condiciones no cumplidas)
2025-10-22 04:10:41,848 | INFO | [SIGNAL] SEÑAL DETECTADA: AUDUSD | BEARISH_BREAKOUT
2025-10-22 04:10:41,848 | INFO |    [CONF] Confianza: 82.1% | Riesgo: MEDIUM
2025-10-22 04:10:41,850 | INFO |    [PRICE] Precio: $0.7252 | Spread: 0.000250
2025-10-22 04:10:41,850 | INFO | [SKIP] Trade no ejecutado para AUDUSD (condiciones no cumplidas)
2025-10-22 04:10:43,032 | ERROR | Failed to get ticker 'GC=F' reason: Expecting value: line 1 column 1 (char 0)
2025-10-22 04:10:44,251 | ERROR | GC=F: No price data found, symbol may be delisted (period=1d)
2025-10-22 04:10:44,254 | INFO | [DATA] Usando datos simulados para XAUUSD: $2657.8626
2025-10-22 04:10:44,261 | INFO | [SIGNAL] SEÑAL DETECTADA: XAUUSD | BEARISH_BREAKOUT
2025-10-22 04:10:44,261 | INFO |    [CONF] Confianza: 76.2% | Riesgo: MEDIUM
2025-10-22 04:10:44,261 | INFO |    [PRICE] Precio: $2657.8626 | Spread: 0.500000
2025-10-22 04:10:44,269 | INFO | [SKIP] Trade no ejecutado para XAUUSD (condiciones no cumplidas)
2025-10-22 04:10:45,485 | ERROR | Failed to get ticker 'SI=F' reason: Expecting value: line 1 column 1 (char 0)
2025-10-22 04:10:46,817 | ERROR | SI=F: No price data found, symbol may be delisted (period=1d)
2025-10-22 04:10:46,822 | INFO | [DATA] Usando datos simulados para XAGUSD: $31.6145
2025-10-22 04:10:46,852 | INFO | [SIGNAL] SEÑAL DETECTADA: XAGUSD | BULLISH_BREAKOUT
2025-10-22 04:10:46,853 | INFO |    [CONF] Confianza: 72.9% | Riesgo: MEDIUM
2025-10-22 04:10:46,853 | INFO |    [PRICE] Precio: $31.6145 | Spread: 0.030000
2025-10-22 04:10:46,886 | INFO | [SKIP] Trade no ejecutado para XAGUSD (condiciones no cumplidas)
2025-10-22 04:10:46,886 | INFO | [SIGNALS] Señales detectadas: 4
2025-10-22 04:10:46,886 | INFO | [POSITIONS] Posiciones activas: 1
2025-10-22 04:10:46,886 | INFO | [PORTFOLIO] Posiciones:
2025-10-22 04:10:46,886 | INFO |    AUDUSD: SELL @ $0.7252
2025-10-22 04:10:46,886 | INFO | [CAPITAL] Capital actual: $500.00
2025-10-22 04:10:46,893 | INFO | [WAIT] Esperando 60 segundos para el próximo ciclo...
2025-10-22 04:11:46,906 | INFO | 
[CYCLE] CICLO 239 - 09:11:46
2025-10-22 04:11:46,908 | INFO | [SESSION] Sesión: LONDON | Prioridad: MEDIUM
2025-10-22 04:11:48,315 | ERROR | Failed to get ticker 'AUDUSD=X' reason: Expecting value: line 1 column 1 (char 0)
2025-10-22 04:11:49,707 | ERROR | AUDUSD=X: No price data found, symbol may be delisted (period=1d)
2025-10-22 04:11:51,979 | ERROR | Failed to get ticker 'EURUSD=X' reason: Expecting value: line 1 column 1 (char 0)
2025-10-22 04:11:53,353 | ERROR | EURUSD=X: No price data found, symbol may be delisted (period=1d)
2025-10-22 04:11:55,692 | ERROR | Failed to get ticker 'GBPUSD=X' reason: Expecting value: line 1 column 1 (char 0)
2025-10-22 04:11:56,918 | ERROR | GBPUSD=X: No price data found, symbol may be delisted (period=1d)
2025-10-22 04:11:59,143 | ERROR | Failed to get ticker 'USDJPY=X' reason: Expecting value: line 1 column 1 (char 0)
2025-10-22 04:12:00,198 | ERROR | USDJPY=X: No price data found, symbol may be delisted (period=1d)
2025-10-22 04:12:00,208 | INFO | [DATA] Usando datos simulados para USDJPY: $149.3618
2025-10-22 04:12:01,399 | ERROR | Failed to get ticker 'AUDUSD=X' reason: Expecting value: line 1 column 1 (char 0)
2025-10-22 04:12:02,714 | ERROR | AUDUSD=X: No price data found, symbol may be delisted (period=1d)
2025-10-22 04:12:03,829 | INFO | [SIGNAL] SEÑAL DETECTADA: AUDUSD | BEARISH_BREAKOUT
2025-10-22 04:12:03,829 | INFO |    [CONF] Confianza: 82.1% | Riesgo: MEDIUM
2025-10-22 04:12:03,829 | INFO |    [PRICE] Precio: $0.7252 | Spread: 0.000250
2025-10-22 04:12:03,832 | INFO | [SKIP] Trade no ejecutado para AUDUSD (condiciones no cumplidas)
2025-10-22 04:12:05,180 | ERROR | Failed to get ticker 'GC=F' reason: Expecting value: line 1 column 1 (char 0)
2025-10-22 04:12:06,404 | ERROR | GC=F: No price data found, symbol may be delisted (period=1d)
2025-10-22 04:12:06,406 | INFO | [DATA] Usando datos simulados para XAUUSD: $2661.9173
2025-10-22 04:12:06,410 | INFO | [SIGNAL] SEÑAL DETECTADA: XAUUSD | BULLISH_BREAKOUT
2025-10-22 04:12:06,410 | INFO |    [CONF] Confianza: 71.4% | Riesgo: MEDIUM
2025-10-22 04:12:06,410 | INFO |    [PRICE] Precio: $2661.9173 | Spread: 0.500000
2025-10-22 04:12:06,421 | INFO | [SKIP] Trade no ejecutado para XAUUSD (condiciones no cumplidas)
2025-10-22 04:12:07,670 | ERROR | Failed to get ticker 'SI=F' reason: Expecting value: line 1 column 1 (char 0)
2025-10-22 04:12:08,932 | ERROR | SI=F: No price data found, symbol may be delisted (period=1d)
2025-10-22 04:12:08,947 | INFO | [DATA] Usando datos simulados para XAGUSD: $31.6320
2025-10-22 04:12:08,958 | INFO | [SIGNAL] SEÑAL DETECTADA: XAGUSD | BULLISH_BREAKOUT
2025-10-22 04:12:08,958 | INFO |    [CONF] Confianza: 76.6% | Riesgo: MEDIUM
2025-10-22 04:12:08,958 | INFO |    [PRICE] Precio: $31.6320 | Spread: 0.030000
2025-10-22 04:12:08,966 | INFO | [SKIP] Trade no ejecutado para XAGUSD (condiciones no cumplidas)
2025-10-22 04:12:08,966 | INFO | [SIGNALS] Señales detectadas: 3
2025-10-22 04:12:08,966 | INFO | [POSITIONS] Posiciones activas: 1
2025-10-22 04:12:08,966 | INFO | [PORTFOLIO] Posiciones:
2025-10-22 04:12:08,967 | INFO |    AUDUSD: SELL @ $0.7252
2025-10-22 04:12:08,967 | INFO | [CAPITAL] Capital actual: $500.00
2025-10-22 04:12:08,967 | INFO | [WAIT] Esperando 60 segundos para el próximo ciclo...
2025-10-22 04:13:08,975 | INFO | 
[CYCLE] CICLO 240 - 09:13:08
2025-10-22 04:13:08,981 | INFO | [SESSION] Sesión: LONDON | Prioridad: MEDIUM
2025-10-22 04:13:10,388 | ERROR | Failed to get ticker 'AUDUSD=X' reason: Expecting value: line 1 column 1 (char 0)
2025-10-22 04:13:11,745 | ERROR | AUDUSD=X: No price data found, symbol may be delisted (period=1d)
2025-10-22 04:13:14,317 | ERROR | Failed to get ticker 'EURUSD=X' reason: Expecting value: line 1 column 1 (char 0)
2025-10-22 04:13:15,594 | ERROR | EURUSD=X: No price data found, symbol may be delisted (period=1d)
2025-10-22 04:13:17,946 | ERROR | Failed to get ticker 'GBPUSD=X' reason: Expecting value: line 1 column 1 (char 0)
2025-10-22 04:13:19,030 | ERROR | GBPUSD=X: No price data found, symbol may be delisted (period=1d)
2025-10-22 04:13:21,204 | ERROR | Failed to get ticker 'USDJPY=X' reason: Expecting value: line 1 column 1 (char 0)
2025-10-22 04:13:22,463 | ERROR | USDJPY=X: No price data found, symbol may be delisted (period=1d)
2025-10-22 04:13:22,477 | INFO | [DATA] Usando datos simulados para USDJPY: $148.9593
2025-10-22 04:13:22,491 | INFO | [SIGNAL] SEÑAL DETECTADA: AUDUSD | BEARISH_BREAKOUT
2025-10-22 04:13:22,492 | INFO |    [CONF] Confianza: 82.1% | Riesgo: MEDIUM
2025-10-22 04:13:22,492 | INFO |    [PRICE] Precio: $0.7252 | Spread: 0.000250
2025-10-22 04:13:22,493 | INFO | [SKIP] Trade no ejecutado para AUDUSD (condiciones no cumplidas)
2025-10-22 04:13:23,651 | ERROR | Failed to get ticker 'GC=F' reason: Expecting value: line 1 column 1 (char 0)
2025-10-22 04:13:24,847 | ERROR | GC=F: No price data found, symbol may be delisted (period=1d)
2025-10-22 04:13:24,847 | INFO | [DATA] Usando datos simulados para XAUUSD: $2651.4744
2025-10-22 04:13:24,864 | INFO | [SIGNAL] SEÑAL DETECTADA: XAUUSD | BEARISH_BREAKOUT
2025-10-22 04:13:24,865 | INFO |    [CONF] Confianza: 79.1% | Riesgo: MEDIUM
2025-10-22 04:13:24,865 | INFO |    [PRICE] Precio: $2651.4744 | Spread: 0.500000
2025-10-22 04:13:24,873 | INFO | [SKIP] Trade no ejecutado para XAUUSD (condiciones no cumplidas)
2025-10-22 04:13:26,114 | ERROR | Failed to get ticker 'SI=F' reason: Expecting value: line 1 column 1 (char 0)
2025-10-22 04:13:27,350 | ERROR | SI=F: No price data found, symbol may be delisted (period=1d)
2025-10-22 04:13:27,363 | INFO | [DATA] Usando datos simulados para XAGUSD: $31.4123
2025-10-22 04:13:27,363 | INFO | [SIGNALS] Señales detectadas: 2
2025-10-22 04:13:27,365 | INFO | [POSITIONS] Posiciones activas: 1
2025-10-22 04:13:27,365 | INFO | [PORTFOLIO] Posiciones:
2025-10-22 04:13:27,365 | INFO |    AUDUSD: SELL @ $0.7252
2025-10-22 04:13:27,365 | INFO | [CAPITAL] Capital actual: $500.00
2025-10-22 04:13:27,365 | INFO | [STATS] ROI Total: +0.00% | Señales totales: 410
2025-10-22 04:13:27,365 | INFO | [WAIT] Esperando 60 segundos para el próximo ciclo...
2025-10-22 04:14:27,369 | INFO | 
[CYCLE] CICLO 241 - 09:14:27
2025-10-22 04:14:27,372 | INFO | [SESSION] Sesión: LONDON | Prioridad: MEDIUM
2025-10-22 04:14:28,696 | ERROR | Failed to get ticker 'AUDUSD=X' reason: Expecting value: line 1 column 1 (char 0)
2025-10-22 04:14:29,927 | ERROR | AUDUSD=X: No price data found, symbol may be delisted (period=1d)
2025-10-22 04:14:32,272 | ERROR | Failed to get ticker 'EURUSD=X' reason: Expecting value: line 1 column 1 (char 0)
2025-10-22 04:14:33,477 | ERROR | EURUSD=X: No price data found, symbol may be delisted (period=1d)
2025-10-22 04:14:35,818 | ERROR | Failed to get ticker 'GBPUSD=X' reason: Expecting value: line 1 column 1 (char 0)
2025-10-22 04:14:37,059 | ERROR | GBPUSD=X: No price data found, symbol may be delisted (period=1d)
2025-10-22 04:14:39,355 | ERROR | Failed to get ticker 'USDJPY=X' reason: Expecting value: line 1 column 1 (char 0)
2025-10-22 04:14:40,556 | ERROR | USDJPY=X: No price data found, symbol may be delisted (period=1d)
2025-10-22 04:14:40,561 | INFO | [DATA] Usando datos simulados para USDJPY: $149.8375
2025-10-22 04:14:40,575 | INFO | [SIGNAL] SEÑAL DETECTADA: AUDUSD | BEARISH_BREAKOUT
2025-10-22 04:14:40,576 | INFO |    [CONF] Confianza: 82.1% | Riesgo: MEDIUM
2025-10-22 04:14:40,577 | INFO |    [PRICE] Precio: $0.7252 | Spread: 0.000250
2025-10-22 04:14:40,578 | INFO | [SKIP] Trade no ejecutado para AUDUSD (condiciones no cumplidas)
2025-10-22 04:14:41,851 | ERROR | Failed to get ticker 'GC=F' reason: Expecting value: line 1 column 1 (char 0)
2025-10-22 04:14:43,192 | ERROR | GC=F: No price data found, symbol may be delisted (period=1d)
2025-10-22 04:14:43,197 | INFO | [DATA] Usando datos simulados para XAUUSD: $2650.3494
2025-10-22 04:14:44,476 | ERROR | Failed to get ticker 'SI=F' reason: Expecting value: line 1 column 1 (char 0)
2025-10-22 04:14:45,735 | ERROR | SI=F: No price data found, symbol may be delisted (period=1d)
2025-10-22 04:14:45,738 | INFO | [DATA] Usando datos simulados para XAGUSD: $31.6327
2025-10-22 04:14:45,738 | INFO | [SIGNALS] Señales detectadas: 1
2025-10-22 04:14:45,738 | INFO | [POSITIONS] Posiciones activas: 1
2025-10-22 04:14:45,738 | INFO | [PORTFOLIO] Posiciones:
2025-10-22 04:14:45,742 | INFO |    AUDUSD: SELL @ $0.7252
2025-10-22 04:14:45,743 | INFO | [CAPITAL] Capital actual: $500.00
2025-10-22 04:14:45,745 | INFO | [WAIT] Esperando 60 segundos para el próximo ciclo...
2025-10-22 04:15:45,752 | INFO | 
[CYCLE] CICLO 242 - 09:15:45
2025-10-22 04:15:45,754 | INFO | [SESSION] Sesión: LONDON | Prioridad: MEDIUM
2025-10-22 04:15:47,234 | ERROR | Failed to get ticker 'AUDUSD=X' reason: Expecting value: line 1 column 1 (char 0)
2025-10-22 04:15:48,562 | ERROR | AUDUSD=X: No price data found, symbol may be delisted (period=1d)
2025-10-22 04:15:51,005 | ERROR | Failed to get ticker 'EURUSD=X' reason: Expecting value: line 1 column 1 (char 0)
2025-10-22 04:15:52,243 | ERROR | EURUSD=X: No price data found, symbol may be delisted (period=1d)
2025-10-22 04:15:54,448 | ERROR | Failed to get ticker 'GBPUSD=X' reason: Expecting value: line 1 column 1 (char 0)
2025-10-22 04:15:55,602 | ERROR | GBPUSD=X: No price data found, symbol may be delisted (period=1d)
2025-10-22 04:15:57,705 | ERROR | Failed to get ticker 'USDJPY=X' reason: Expecting value: line 1 column 1 (char 0)
2025-10-22 04:15:58,907 | ERROR | USDJPY=X: No price data found, symbol may be delisted (period=1d)
2025-10-22 04:15:58,916 | INFO | [DATA] Usando datos simulados para USDJPY: $149.6812
2025-10-22 04:15:58,926 | INFO | [SIGNAL] SEÑAL DETECTADA: AUDUSD | BEARISH_BREAKOUT
2025-10-22 04:15:58,928 | INFO |    [CONF] Confianza: 82.1% | Riesgo: MEDIUM
2025-10-22 04:15:58,928 | INFO |    [PRICE] Precio: $0.7252 | Spread: 0.000250
2025-10-22 04:15:58,929 | INFO | [SKIP] Trade no ejecutado para AUDUSD (condiciones no cumplidas)
2025-10-22 04:15:59,917 | ERROR | Failed to get ticker 'GC=F' reason: Expecting value: line 1 column 1 (char 0)
2025-10-22 04:16:01,255 | ERROR | GC=F: No price data found, symbol may be delisted (period=1d)
2025-10-22 04:16:01,269 | INFO | [DATA] Usando datos simulados para XAUUSD: $2657.2923
2025-10-22 04:16:01,287 | INFO | [SIGNAL] SEÑAL DETECTADA: XAUUSD | BEARISH_BREAKOUT
2025-10-22 04:16:01,287 | INFO |    [CONF] Confianza: 65.8% | Riesgo: MEDIUM
2025-10-22 04:16:01,288 | INFO |    [PRICE] Precio: $2657.2923 | Spread: 0.500000
2025-10-22 04:16:01,295 | INFO | [SKIP] Trade no ejecutado para XAUUSD (condiciones no cumplidas)
2025-10-22 04:16:02,588 | ERROR | Failed to get ticker 'SI=F' reason: Expecting value: line 1 column 1 (char 0)
2025-10-22 04:16:03,754 | ERROR | SI=F: No price data found, symbol may be delisted (period=1d)
2025-10-22 04:16:03,757 | INFO | [DATA] Usando datos simulados para XAGUSD: $31.5448
2025-10-22 04:16:03,757 | INFO | [SIGNAL] SEÑAL DETECTADA: XAGUSD | BEARISH_BREAKOUT
2025-10-22 04:16:03,757 | INFO |    [CONF] Confianza: 77.5% | Riesgo: MEDIUM
2025-10-22 04:16:03,757 | INFO |    [PRICE] Precio: $31.5448 | Spread: 0.030000
2025-10-22 04:16:03,769 | INFO | [SKIP] Trade no ejecutado para XAGUSD (condiciones no cumplidas)
2025-10-22 04:16:03,769 | INFO | [SIGNALS] Señales detectadas: 3
2025-10-22 04:16:03,769 | INFO | [POSITIONS] Posiciones activas: 1
2025-10-22 04:16:03,772 | INFO | [PORTFOLIO] Posiciones:
2025-10-22 04:16:03,772 | INFO |    AUDUSD: SELL @ $0.7252
2025-10-22 04:16:03,772 | INFO | [CAPITAL] Capital actual: $500.00
2025-10-22 04:16:03,772 | INFO | [WAIT] Esperando 60 segundos para el próximo ciclo...
2025-10-22 04:17:03,784 | INFO | 
[CYCLE] CICLO 243 - 09:17:03
2025-10-22 04:17:03,790 | INFO | [SESSION] Sesión: LONDON | Prioridad: MEDIUM
2025-10-22 04:17:05,046 | ERROR | Failed to get ticker 'AUDUSD=X' reason: Expecting value: line 1 column 1 (char 0)
2025-10-22 04:17:06,085 | ERROR | AUDUSD=X: No price data found, symbol may be delisted (period=1d)
2025-10-22 04:17:08,358 | ERROR | Failed to get ticker 'EURUSD=X' reason: Expecting value: line 1 column 1 (char 0)
2025-10-22 04:17:09,301 | ERROR | EURUSD=X: No price data found, symbol may be delisted (period=1d)
2025-10-22 04:17:11,132 | ERROR | Failed to get ticker 'GBPUSD=X' reason: Expecting value: line 1 column 1 (char 0)
2025-10-22 04:17:12,124 | ERROR | GBPUSD=X: No price data found, symbol may be delisted (period=1d)
2025-10-22 04:17:14,020 | ERROR | Failed to get ticker 'USDJPY=X' reason: Expecting value: line 1 column 1 (char 0)
2025-10-22 04:17:15,053 | ERROR | USDJPY=X: No price data found, symbol may be delisted (period=1d)
2025-10-22 04:17:15,057 | INFO | [DATA] Usando datos simulados para USDJPY: $149.4637
2025-10-22 04:17:15,067 | INFO | [SIGNAL] SEÑAL DETECTADA: AUDUSD | BEARISH_BREAKOUT
2025-10-22 04:17:15,069 | INFO |    [CONF] Confianza: 82.1% | Riesgo: MEDIUM
2025-10-22 04:17:15,070 | INFO |    [PRICE] Precio: $0.7252 | Spread: 0.000250
2025-10-22 04:17:15,071 | INFO | [SKIP] Trade no ejecutado para AUDUSD (condiciones no cumplidas)
2025-10-22 04:17:16,034 | ERROR | Failed to get ticker 'GC=F' reason: Expecting value: line 1 column 1 (char 0)
2025-10-22 04:17:17,222 | ERROR | GC=F: No price data found, symbol may be delisted (period=1d)
2025-10-22 04:17:17,225 | INFO | [DATA] Usando datos simulados para XAUUSD: $2652.9741
2025-10-22 04:17:17,242 | INFO | [SIGNAL] SEÑAL DETECTADA: XAUUSD | BEARISH_BREAKOUT
2025-10-22 04:17:17,243 | INFO |    [CONF] Confianza: 77.5% | Riesgo: MEDIUM
2025-10-22 04:17:17,246 | INFO |    [PRICE] Precio: $2652.9741 | Spread: 0.500000
2025-10-22 04:17:17,253 | INFO | [SKIP] Trade no ejecutado para XAUUSD (condiciones no cumplidas)
2025-10-22 04:17:18,401 | ERROR | Failed to get ticker 'SI=F' reason: Expecting value: line 1 column 1 (char 0)
2025-10-22 04:17:19,482 | ERROR | SI=F: No price data found, symbol may be delisted (period=1d)
2025-10-22 04:17:19,484 | INFO | [DATA] Usando datos simulados para XAGUSD: $31.4379
2025-10-22 04:17:19,499 | INFO | [SIGNAL] SEÑAL DETECTADA: XAGUSD | BEARISH_BREAKOUT
2025-10-22 04:17:19,500 | INFO |    [CONF] Confianza: 67.6% | Riesgo: MEDIUM
2025-10-22 04:17:19,500 | INFO |    [PRICE] Precio: $31.4379 | Spread: 0.030000
2025-10-22 04:17:19,504 | INFO | [SKIP] Trade no ejecutado para XAGUSD (condiciones no cumplidas)
2025-10-22 04:17:19,504 | INFO | [SIGNALS] Señales detectadas: 3
2025-10-22 04:17:19,504 | INFO | [POSITIONS] Posiciones activas: 1
2025-10-22 04:17:19,504 | INFO | [PORTFOLIO] Posiciones:
2025-10-22 04:17:19,504 | INFO |    AUDUSD: SELL @ $0.7252
2025-10-22 04:17:19,505 | INFO | [CAPITAL] Capital actual: $500.00
2025-10-22 04:17:19,505 | INFO | [WAIT] Esperando 60 segundos para el próximo ciclo...
2025-10-22 04:18:19,525 | INFO | 
[CYCLE] CICLO 244 - 09:18:19
2025-10-22 04:18:19,526 | INFO | [SESSION] Sesión: LONDON | Prioridad: MEDIUM
2025-10-22 04:18:20,885 | ERROR | Failed to get ticker 'AUDUSD=X' reason: Expecting value: line 1 column 1 (char 0)
2025-10-22 04:18:22,052 | ERROR | AUDUSD=X: No price data found, symbol may be delisted (period=1d)
2025-10-22 04:18:24,364 | ERROR | Failed to get ticker 'EURUSD=X' reason: Expecting value: line 1 column 1 (char 0)
2025-10-22 04:18:25,538 | ERROR | EURUSD=X: No price data found, symbol may be delisted (period=1d)
2025-10-22 04:18:27,970 | ERROR | Failed to get ticker 'GBPUSD=X' reason: Expecting value: line 1 column 1 (char 0)
2025-10-22 04:18:29,033 | ERROR | GBPUSD=X: No price data found, symbol may be delisted (period=1d)
2025-10-22 04:18:31,091 | ERROR | Failed to get ticker 'USDJPY=X' reason: Expecting value: line 1 column 1 (char 0)
2025-10-22 04:18:32,098 | ERROR | USDJPY=X: No price data found, symbol may be delisted (period=1d)
2025-10-22 04:18:32,132 | INFO | [DATA] Usando datos simulados para USDJPY: $149.6142
2025-10-22 04:18:32,157 | INFO | [SIGNAL] SEÑAL DETECTADA: AUDUSD | BEARISH_BREAKOUT
2025-10-22 04:18:32,165 | INFO |    [CONF] Confianza: 82.1% | Riesgo: MEDIUM
2025-10-22 04:18:32,168 | INFO |    [PRICE] Precio: $0.7252 | Spread: 0.000250
2025-10-22 04:18:32,172 | INFO | [SKIP] Trade no ejecutado para AUDUSD (condiciones no cumplidas)
2025-10-22 04:18:33,144 | ERROR | Failed to get ticker 'GC=F' reason: Expecting value: line 1 column 1 (char 0)
2025-10-22 04:18:34,149 | ERROR | GC=F: No price data found, symbol may be delisted (period=1d)
2025-10-22 04:18:34,152 | INFO | [DATA] Usando datos simulados para XAUUSD: $2645.3037
2025-10-22 04:18:35,174 | ERROR | Failed to get ticker 'SI=F' reason: Expecting value: line 1 column 1 (char 0)
2025-10-22 04:18:36,260 | ERROR | SI=F: No price data found, symbol may be delisted (period=1d)
2025-10-22 04:18:36,260 | INFO | [DATA] Usando datos simulados para XAGUSD: $31.3607
2025-10-22 04:18:36,260 | INFO | [SIGNALS] Señales detectadas: 1
2025-10-22 04:18:36,260 | INFO | [POSITIONS] Posiciones activas: 1
2025-10-22 04:18:36,276 | INFO | [PORTFOLIO] Posiciones:
2025-10-22 04:18:36,278 | INFO |    AUDUSD: SELL @ $0.7252
2025-10-22 04:18:36,279 | INFO | [CAPITAL] Capital actual: $500.00
2025-10-22 04:18:36,280 | INFO | [WAIT] Esperando 60 segundos para el próximo ciclo...
2025-10-22 04:19:36,285 | INFO | 
[CYCLE] CICLO 245 - 09:19:36
2025-10-22 04:19:36,285 | INFO | [SESSION] Sesión: LONDON | Prioridad: MEDIUM
2025-10-22 04:19:37,506 | ERROR | Failed to get ticker 'AUDUSD=X' reason: Expecting value: line 1 column 1 (char 0)
2025-10-22 04:19:38,589 | ERROR | AUDUSD=X: No price data found, symbol may be delisted (period=1d)
2025-10-22 04:19:40,888 | ERROR | Failed to get ticker 'EURUSD=X' reason: Expecting value: line 1 column 1 (char 0)
2025-10-22 04:19:41,952 | ERROR | EURUSD=X: No price data found, symbol may be delisted (period=1d)
2025-10-22 04:19:44,075 | ERROR | Failed to get ticker 'GBPUSD=X' reason: Expecting value: line 1 column 1 (char 0)
2025-10-22 04:19:45,305 | ERROR | GBPUSD=X: No price data found, symbol may be delisted (period=1d)
2025-10-22 04:19:47,626 | ERROR | Failed to get ticker 'USDJPY=X' reason: Expecting value: line 1 column 1 (char 0)
2025-10-22 04:19:48,621 | ERROR | USDJPY=X: No price data found, symbol may be delisted (period=1d)
2025-10-22 04:19:48,623 | INFO | [DATA] Usando datos simulados para USDJPY: $150.2275
2025-10-22 04:19:48,631 | INFO | [SIGNAL] SEÑAL DETECTADA: USDJPY | BULLISH_BREAKOUT
2025-10-22 04:19:48,631 | INFO |    [CONF] Confianza: 70.3% | Riesgo: LOW
2025-10-22 04:19:48,631 | INFO |    [PRICE] Precio: $150.2275 | Spread: 0.015000
2025-10-22 04:19:48,639 | INFO | [SKIP] Trade no ejecutado para USDJPY (condiciones no cumplidas)
2025-10-22 04:19:48,648 | INFO | [SIGNAL] SEÑAL DETECTADA: AUDUSD | BEARISH_BREAKOUT
2025-10-22 04:19:48,648 | INFO |    [CONF] Confianza: 82.1% | Riesgo: MEDIUM
2025-10-22 04:19:48,648 | INFO |    [PRICE] Precio: $0.7252 | Spread: 0.000250
2025-10-22 04:19:48,652 | INFO | [SKIP] Trade no ejecutado para AUDUSD (condiciones no cumplidas)
2025-10-22 04:19:49,665 | ERROR | Failed to get ticker 'GC=F' reason: Expecting value: line 1 column 1 (char 0)
2025-10-22 04:19:50,582 | ERROR | GC=F: No price data found, symbol may be delisted (period=1d)
2025-10-22 04:19:50,585 | INFO | [DATA] Usando datos simulados para XAUUSD: $2662.4037
2025-10-22 04:19:50,597 | INFO | [SIGNAL] SEÑAL DETECTADA: XAUUSD | BEARISH_BREAKOUT
2025-10-22 04:19:50,597 | INFO |    [CONF] Confianza: 75.6% | Riesgo: MEDIUM
2025-10-22 04:19:50,597 | INFO |    [PRICE] Precio: $2662.4037 | Spread: 0.500000
2025-10-22 04:19:50,604 | INFO | [SKIP] Trade no ejecutado para XAUUSD (condiciones no cumplidas)
2025-10-22 04:19:51,528 | ERROR | Failed to get ticker 'SI=F' reason: Expecting value: line 1 column 1 (char 0)
2025-10-22 04:19:52,579 | ERROR | SI=F: No price data found, symbol may be delisted (period=1d)
2025-10-22 04:19:52,586 | INFO | [DATA] Usando datos simulados para XAGUSD: $31.5957
2025-10-22 04:19:52,586 | INFO | [SIGNALS] Señales detectadas: 3
2025-10-22 04:19:52,586 | INFO | [POSITIONS] Posiciones activas: 1
2025-10-22 04:19:52,586 | INFO | [PORTFOLIO] Posiciones:
2025-10-22 04:19:52,586 | INFO |    AUDUSD: SELL @ $0.7252
2025-10-22 04:19:52,588 | INFO | [CAPITAL] Capital actual: $500.00
2025-10-22 04:19:52,588 | INFO | [WAIT] Esperando 60 segundos para el próximo ciclo...
2025-10-22 04:20:52,595 | INFO | 
[CYCLE] CICLO 246 - 09:20:52
2025-10-22 04:20:52,597 | INFO | [SESSION] Sesión: LONDON | Prioridad: MEDIUM
2025-10-22 04:20:53,790 | ERROR | Failed to get ticker 'AUDUSD=X' reason: Expecting value: line 1 column 1 (char 0)
2025-10-22 04:20:54,782 | ERROR | AUDUSD=X: No price data found, symbol may be delisted (period=1d)
2025-10-22 04:20:57,029 | ERROR | Failed to get ticker 'EURUSD=X' reason: Expecting value: line 1 column 1 (char 0)
2025-10-22 04:20:58,302 | ERROR | EURUSD=X: No price data found, symbol may be delisted (period=1d)
2025-10-22 04:21:00,524 | ERROR | Failed to get ticker 'GBPUSD=X' reason: Expecting value: line 1 column 1 (char 0)
2025-10-22 04:21:01,754 | ERROR | GBPUSD=X: No price data found, symbol may be delisted (period=1d)
2025-10-22 04:21:03,954 | ERROR | Failed to get ticker 'USDJPY=X' reason: Expecting value: line 1 column 1 (char 0)
2025-10-22 04:21:05,222 | ERROR | USDJPY=X: No price data found, symbol may be delisted (period=1d)
2025-10-22 04:21:05,225 | INFO | [DATA] Usando datos simulados para USDJPY: $148.7992
2025-10-22 04:21:06,316 | ERROR | Failed to get ticker 'AUDUSD=X' reason: Expecting value: line 1 column 1 (char 0)
2025-10-22 04:21:07,397 | ERROR | AUDUSD=X: No price data found, symbol may be delisted (period=1d)
2025-10-22 04:21:08,380 | INFO | [SIGNAL] SEÑAL DETECTADA: AUDUSD | BEARISH_BREAKOUT
2025-10-22 04:21:08,384 | INFO |    [CONF] Confianza: 82.1% | Riesgo: MEDIUM
2025-10-22 04:21:08,386 | INFO |    [PRICE] Precio: $0.7252 | Spread: 0.000250
2025-10-22 04:21:08,386 | INFO | [SKIP] Trade no ejecutado para AUDUSD (condiciones no cumplidas)
2025-10-22 04:21:09,446 | ERROR | Failed to get ticker 'GC=F' reason: Expecting value: line 1 column 1 (char 0)
2025-10-22 04:21:10,367 | ERROR | GC=F: No price data found, symbol may be delisted (period=1d)
2025-10-22 04:21:10,368 | INFO | [DATA] Usando datos simulados para XAUUSD: $2661.8621
2025-10-22 04:21:10,382 | INFO | [SIGNAL] SEÑAL DETECTADA: XAUUSD | BEARISH_BREAKOUT
2025-10-22 04:21:10,382 | INFO |    [CONF] Confianza: 76.2% | Riesgo: MEDIUM
2025-10-22 04:21:10,383 | INFO |    [PRICE] Precio: $2661.8621 | Spread: 0.500000
2025-10-22 04:21:10,386 | INFO | [SKIP] Trade no ejecutado para XAUUSD (condiciones no cumplidas)
2025-10-22 04:21:11,505 | ERROR | Failed to get ticker 'SI=F' reason: Expecting value: line 1 column 1 (char 0)
2025-10-22 04:21:12,497 | ERROR | SI=F: No price data found, symbol may be delisted (period=1d)
2025-10-22 04:21:12,500 | INFO | [DATA] Usando datos simulados para XAGUSD: $31.4738
2025-10-22 04:21:12,515 | INFO | [SIGNAL] SEÑAL DETECTADA: XAGUSD | BEARISH_BREAKOUT
2025-10-22 04:21:12,515 | INFO |    [CONF] Confianza: 75.5% | Riesgo: MEDIUM
2025-10-22 04:21:12,515 | INFO |    [PRICE] Precio: $31.4738 | Spread: 0.030000
2025-10-22 04:21:12,519 | INFO | [SKIP] Trade no ejecutado para XAGUSD (condiciones no cumplidas)
2025-10-22 04:21:12,519 | INFO | [SIGNALS] Señales detectadas: 3
2025-10-22 04:21:12,519 | INFO | [POSITIONS] Posiciones activas: 1
2025-10-22 04:21:12,520 | INFO | [PORTFOLIO] Posiciones:
2025-10-22 04:21:12,520 | INFO |    AUDUSD: SELL @ $0.7252
2025-10-22 04:21:12,520 | INFO | [CAPITAL] Capital actual: $500.00
2025-10-22 04:21:12,520 | INFO | [WAIT] Esperando 60 segundos para el próximo ciclo...
2025-10-22 04:22:12,524 | INFO | 
[CYCLE] CICLO 247 - 09:22:12
2025-10-22 04:22:12,526 | INFO | [SESSION] Sesión: LONDON | Prioridad: MEDIUM
2025-10-22 04:22:13,881 | ERROR | Failed to get ticker 'AUDUSD=X' reason: Expecting value: line 1 column 1 (char 0)
2025-10-22 04:22:15,048 | ERROR | AUDUSD=X: No price data found, symbol may be delisted (period=1d)
2025-10-22 04:22:17,223 | ERROR | Failed to get ticker 'EURUSD=X' reason: Expecting value: line 1 column 1 (char 0)
2025-10-22 04:22:18,826 | ERROR | EURUSD=X: No price data found, symbol may be delisted (period=1d)
2025-10-22 04:22:21,273 | ERROR | Failed to get ticker 'GBPUSD=X' reason: Expecting value: line 1 column 1 (char 0)
2025-10-22 04:22:22,552 | ERROR | GBPUSD=X: No price data found, symbol may be delisted (period=1d)
2025-10-22 04:22:25,112 | ERROR | Failed to get ticker 'USDJPY=X' reason: Expecting value: line 1 column 1 (char 0)
2025-10-22 04:22:26,402 | ERROR | USDJPY=X: No price data found, symbol may be delisted (period=1d)
2025-10-22 04:22:26,407 | INFO | [DATA] Usando datos simulados para USDJPY: $149.1788
2025-10-22 04:22:26,428 | INFO | [SIGNAL] SEÑAL DETECTADA: AUDUSD | BEARISH_BREAKOUT
2025-10-22 04:22:26,428 | INFO |    [CONF] Confianza: 82.1% | Riesgo: MEDIUM
2025-10-22 04:22:26,431 | INFO |    [PRICE] Precio: $0.7252 | Spread: 0.000250
2025-10-22 04:22:26,432 | INFO | [SKIP] Trade no ejecutado para AUDUSD (condiciones no cumplidas)
2025-10-22 04:22:27,742 | ERROR | Failed to get ticker 'GC=F' reason: Expecting value: line 1 column 1 (char 0)
2025-10-22 04:22:28,961 | ERROR | GC=F: No price data found, symbol may be delisted (period=1d)
2025-10-22 04:22:28,972 | INFO | [DATA] Usando datos simulados para XAUUSD: $2644.0772
2025-10-22 04:22:28,989 | INFO | [SIGNAL] SEÑAL DETECTADA: XAUUSD | BULLISH_BREAKOUT
2025-10-22 04:22:28,990 | INFO |    [CONF] Confianza: 78.9% | Riesgo: MEDIUM
2025-10-22 04:22:28,991 | INFO |    [PRICE] Precio: $2644.0772 | Spread: 0.500000
2025-10-22 04:22:28,998 | INFO | [SKIP] Trade no ejecutado para XAUUSD (condiciones no cumplidas)
2025-10-22 04:22:30,180 | ERROR | Failed to get ticker 'SI=F' reason: Expecting value: line 1 column 1 (char 0)
2025-10-22 04:22:31,687 | ERROR | SI=F: No price data found, symbol may be delisted (period=1d)
2025-10-22 04:22:31,690 | INFO | [DATA] Usando datos simulados para XAGUSD: $31.5530
2025-10-22 04:22:31,705 | INFO | [SIGNAL] SEÑAL DETECTADA: XAGUSD | BULLISH_BREAKOUT
2025-10-22 04:22:31,705 | INFO |    [CONF] Confianza: 71.3% | Riesgo: MEDIUM
2025-10-22 04:22:31,706 | INFO |    [PRICE] Precio: $31.5530 | Spread: 0.030000
2025-10-22 04:22:31,709 | INFO | [SKIP] Trade no ejecutado para XAGUSD (condiciones no cumplidas)
2025-10-22 04:22:31,710 | INFO | [SIGNALS] Señales detectadas: 3
2025-10-22 04:22:31,710 | INFO | [POSITIONS] Posiciones activas: 1
2025-10-22 04:22:31,710 | INFO | [PORTFOLIO] Posiciones:
2025-10-22 04:22:31,710 | INFO |    AUDUSD: SELL @ $0.7252
2025-10-22 04:22:31,710 | INFO | [CAPITAL] Capital actual: $500.00
2025-10-22 04:22:31,711 | INFO | [WAIT] Esperando 60 segundos para el próximo ciclo...
2025-10-22 04:23:31,717 | INFO | 
[CYCLE] CICLO 248 - 09:23:31
2025-10-22 04:23:31,717 | INFO | [SESSION] Sesión: LONDON | Prioridad: MEDIUM
2025-10-22 04:23:33,117 | ERROR | Failed to get ticker 'AUDUSD=X' reason: Expecting value: line 1 column 1 (char 0)
2025-10-22 04:23:34,220 | ERROR | AUDUSD=X: No price data found, symbol may be delisted (period=1d)
2025-10-22 04:23:36,420 | ERROR | Failed to get ticker 'EURUSD=X' reason: Expecting value: line 1 column 1 (char 0)
2025-10-22 04:23:37,601 | ERROR | EURUSD=X: No price data found, symbol may be delisted (period=1d)
2025-10-22 04:23:39,889 | ERROR | Failed to get ticker 'GBPUSD=X' reason: Expecting value: line 1 column 1 (char 0)
2025-10-22 04:23:41,031 | ERROR | GBPUSD=X: No price data found, symbol may be delisted (period=1d)
2025-10-22 04:23:43,630 | ERROR | Failed to get ticker 'USDJPY=X' reason: Expecting value: line 1 column 1 (char 0)
2025-10-22 04:23:44,874 | ERROR | USDJPY=X: No price data found, symbol may be delisted (period=1d)
2025-10-22 04:23:44,886 | INFO | [DATA] Usando datos simulados para USDJPY: $149.4129
2025-10-22 04:23:44,896 | INFO | [SIGNAL] SEÑAL DETECTADA: USDJPY | BEARISH_BREAKOUT
2025-10-22 04:23:44,897 | INFO |    [CONF] Confianza: 80.5% | Riesgo: MEDIUM
2025-10-22 04:23:44,898 | INFO |    [PRICE] Precio: $149.4129 | Spread: 0.015000
2025-10-22 04:23:44,903 | INFO | [SKIP] Trade no ejecutado para USDJPY (condiciones no cumplidas)
2025-10-22 04:23:44,910 | INFO | [SIGNAL] SEÑAL DETECTADA: AUDUSD | BEARISH_BREAKOUT
2025-10-22 04:23:44,911 | INFO |    [CONF] Confianza: 82.1% | Riesgo: MEDIUM
2025-10-22 04:23:44,912 | INFO |    [PRICE] Precio: $0.7252 | Spread: 0.000250
2025-10-22 04:23:44,913 | INFO | [SKIP] Trade no ejecutado para AUDUSD (condiciones no cumplidas)
2025-10-22 04:23:46,281 | ERROR | Failed to get ticker 'GC=F' reason: Expecting value: line 1 column 1 (char 0)
2025-10-22 04:23:47,295 | ERROR | GC=F: No price data found, symbol may be delisted (period=1d)
2025-10-22 04:23:47,306 | INFO | [DATA] Usando datos simulados para XAUUSD: $2647.7259
2025-10-22 04:23:48,363 | ERROR | Failed to get ticker 'SI=F' reason: Expecting value: line 1 column 1 (char 0)
2025-10-22 04:23:49,591 | ERROR | SI=F: No price data found, symbol may be delisted (period=1d)
2025-10-22 04:23:49,596 | INFO | [DATA] Usando datos simulados para XAGUSD: $31.5619
2025-10-22 04:23:49,604 | INFO | [SIGNAL] SEÑAL DETECTADA: XAGUSD | BULLISH_BREAKOUT
2025-10-22 04:23:49,605 | INFO |    [CONF] Confianza: 69.1% | Riesgo: MEDIUM
2025-10-22 04:23:49,606 | INFO |    [PRICE] Precio: $31.5619 | Spread: 0.030000
2025-10-22 04:23:49,611 | INFO | [SKIP] Trade no ejecutado para XAGUSD (condiciones no cumplidas)
2025-10-22 04:23:49,612 | INFO | [SIGNALS] Señales detectadas: 3
2025-10-22 04:23:49,613 | INFO | [POSITIONS] Posiciones activas: 1
2025-10-22 04:23:49,617 | INFO | [PORTFOLIO] Posiciones:
2025-10-22 04:23:49,617 | INFO |    AUDUSD: SELL @ $0.7252
2025-10-22 04:23:49,619 | INFO | [CAPITAL] Capital actual: $500.00
2025-10-22 04:23:49,620 | INFO | [WAIT] Esperando 60 segundos para el próximo ciclo...
2025-10-22 04:24:49,627 | INFO | 
[CYCLE] CICLO 249 - 09:24:49
2025-10-22 04:24:49,627 | INFO | [SESSION] Sesión: LONDON | Prioridad: MEDIUM
2025-10-22 04:24:51,026 | ERROR | Failed to get ticker 'AUDUSD=X' reason: Expecting value: line 1 column 1 (char 0)
2025-10-22 04:24:52,250 | ERROR | AUDUSD=X: No price data found, symbol may be delisted (period=1d)
2025-10-22 04:24:54,412 | ERROR | Failed to get ticker 'EURUSD=X' reason: Expecting value: line 1 column 1 (char 0)
2025-10-22 04:24:55,461 | ERROR | EURUSD=X: No price data found, symbol may be delisted (period=1d)
2025-10-22 04:24:57,749 | ERROR | Failed to get ticker 'GBPUSD=X' reason: Expecting value: line 1 column 1 (char 0)
2025-10-22 04:24:58,916 | ERROR | GBPUSD=X: No price data found, symbol may be delisted (period=1d)
2025-10-22 04:25:01,008 | ERROR | Failed to get ticker 'USDJPY=X' reason: Expecting value: line 1 column 1 (char 0)
2025-10-22 04:25:02,368 | ERROR | USDJPY=X: No price data found, symbol may be delisted (period=1d)
2025-10-22 04:25:02,377 | INFO | [DATA] Usando datos simulados para USDJPY: $148.9707
2025-10-22 04:25:02,398 | INFO | [SIGNAL] SEÑAL DETECTADA: USDJPY | BEARISH_BREAKOUT
2025-10-22 04:25:02,398 | INFO |    [CONF] Confianza: 83.5% | Riesgo: MEDIUM
2025-10-22 04:25:02,399 | INFO |    [PRICE] Precio: $148.9707 | Spread: 0.015000
2025-10-22 04:25:02,403 | INFO | [SKIP] Trade no ejecutado para USDJPY (condiciones no cumplidas)
2025-10-22 04:25:03,742 | ERROR | Failed to get ticker 'AUDUSD=X' reason: Expecting value: line 1 column 1 (char 0)
2025-10-22 04:25:05,003 | ERROR | AUDUSD=X: No price data found, symbol may be delisted (period=1d)
2025-10-22 04:25:05,980 | INFO | [SIGNAL] SEÑAL DETECTADA: AUDUSD | BEARISH_BREAKOUT
2025-10-22 04:25:05,980 | INFO |    [CONF] Confianza: 82.1% | Riesgo: MEDIUM
2025-10-22 04:25:05,985 | INFO |    [PRICE] Precio: $0.7252 | Spread: 0.000250
2025-10-22 04:25:05,985 | INFO | [SKIP] Trade no ejecutado para AUDUSD (condiciones no cumplidas)
2025-10-22 04:25:07,150 | ERROR | Failed to get ticker 'GC=F' reason: Expecting value: line 1 column 1 (char 0)
2025-10-22 04:25:08,422 | ERROR | GC=F: No price data found, symbol may be delisted (period=1d)
2025-10-22 04:25:08,426 | INFO | [DATA] Usando datos simulados para XAUUSD: $2653.1450
2025-10-22 04:25:09,757 | ERROR | Failed to get ticker 'SI=F' reason: Expecting value: line 1 column 1 (char 0)
2025-10-22 04:25:11,137 | ERROR | SI=F: No price data found, symbol may be delisted (period=1d)
2025-10-22 04:25:11,137 | INFO | [DATA] Usando datos simulados para XAGUSD: $31.4330
2025-10-22 04:25:11,155 | INFO | [SIGNAL] SEÑAL DETECTADA: XAGUSD | BULLISH_BREAKOUT
2025-10-22 04:25:11,155 | INFO |    [CONF] Confianza: 77.8% | Riesgo: MEDIUM
2025-10-22 04:25:11,157 | INFO |    [PRICE] Precio: $31.4330 | Spread: 0.030000
2025-10-22 04:25:11,181 | INFO | [SKIP] Trade no ejecutado para XAGUSD (condiciones no cumplidas)
2025-10-22 04:25:11,184 | INFO | [SIGNALS] Señales detectadas: 3
2025-10-22 04:25:11,184 | INFO | [POSITIONS] Posiciones activas: 1
2025-10-22 04:25:11,185 | INFO | [PORTFOLIO] Posiciones:
2025-10-22 04:25:11,186 | INFO |    AUDUSD: SELL @ $0.7252
2025-10-22 04:25:11,187 | INFO | [CAPITAL] Capital actual: $500.00
2025-10-22 04:25:11,187 | INFO | [WAIT] Esperando 60 segundos para el próximo ciclo...
2025-10-22 04:26:11,196 | INFO | 
[CYCLE] CICLO 250 - 09:26:11
2025-10-22 04:26:11,198 | INFO | [SESSION] Sesión: LONDON | Prioridad: MEDIUM
2025-10-22 04:26:12,568 | ERROR | Failed to get ticker 'AUDUSD=X' reason: Expecting value: line 1 column 1 (char 0)
2025-10-22 04:26:13,880 | ERROR | AUDUSD=X: No price data found, symbol may be delisted (period=1d)
2025-10-22 04:26:16,236 | ERROR | Failed to get ticker 'EURUSD=X' reason: Expecting value: line 1 column 1 (char 0)
2025-10-22 04:26:17,496 | ERROR | EURUSD=X: No price data found, symbol may be delisted (period=1d)
2025-10-22 04:26:19,825 | ERROR | Failed to get ticker 'GBPUSD=X' reason: Expecting value: line 1 column 1 (char 0)
2025-10-22 04:26:21,219 | ERROR | GBPUSD=X: No price data found, symbol may be delisted (period=1d)
2025-10-22 04:26:23,472 | ERROR | Failed to get ticker 'USDJPY=X' reason: Expecting value: line 1 column 1 (char 0)
2025-10-22 04:26:24,709 | ERROR | USDJPY=X: No price data found, symbol may be delisted (period=1d)
2025-10-22 04:26:24,711 | INFO | [DATA] Usando datos simulados para USDJPY: $149.9547
2025-10-22 04:26:24,727 | INFO | [SIGNAL] SEÑAL DETECTADA: AUDUSD | BEARISH_BREAKOUT
2025-10-22 04:26:24,728 | INFO |    [CONF] Confianza: 82.1% | Riesgo: MEDIUM
2025-10-22 04:26:24,732 | INFO |    [PRICE] Precio: $0.7252 | Spread: 0.000250
2025-10-22 04:26:24,733 | INFO | [SKIP] Trade no ejecutado para AUDUSD (condiciones no cumplidas)
2025-10-22 04:26:25,919 | ERROR | Failed to get ticker 'GC=F' reason: Expecting value: line 1 column 1 (char 0)
2025-10-22 04:26:27,210 | ERROR | GC=F: No price data found, symbol may be delisted (period=1d)
2025-10-22 04:26:27,219 | INFO | [DATA] Usando datos simulados para XAUUSD: $2646.1448
2025-10-22 04:26:28,445 | ERROR | Failed to get ticker 'SI=F' reason: Expecting value: line 1 column 1 (char 0)
2025-10-22 04:26:29,725 | ERROR | SI=F: No price data found, symbol may be delisted (period=1d)
2025-10-22 04:26:29,728 | INFO | [DATA] Usando datos simulados para XAGUSD: $31.6492
2025-10-22 04:26:29,728 | INFO | [SIGNALS] Señales detectadas: 1
2025-10-22 04:26:29,728 | INFO | [POSITIONS] Posiciones activas: 1
2025-10-22 04:26:29,728 | INFO | [PORTFOLIO] Posiciones:
2025-10-22 04:26:29,728 | INFO |    AUDUSD: SELL @ $0.7252
2025-10-22 04:26:29,728 | INFO | [CAPITAL] Capital actual: $500.00
2025-10-22 04:26:29,728 | INFO | [STATS] ROI Total: +0.00% | Señales totales: 434
2025-10-22 04:26:29,728 | INFO | [WAIT] Esperando 60 segundos para el próximo ciclo...
2025-10-22 04:27:29,735 | INFO | 
[CYCLE] CICLO 251 - 09:27:29
2025-10-22 04:27:29,737 | INFO | [SESSION] Sesión: LONDON | Prioridad: MEDIUM
2025-10-22 04:27:30,784 | ERROR | Failed to get ticker 'AUDUSD=X' reason: Expecting value: line 1 column 1 (char 0)
2025-10-22 04:27:31,742 | ERROR | AUDUSD=X: No price data found, symbol may be delisted (period=1d)
2025-10-22 04:27:33,938 | ERROR | Failed to get ticker 'EURUSD=X' reason: Expecting value: line 1 column 1 (char 0)
2025-10-22 04:27:34,972 | ERROR | EURUSD=X: No price data found, symbol may be delisted (period=1d)
2025-10-22 04:27:36,986 | ERROR | Failed to get ticker 'GBPUSD=X' reason: Expecting value: line 1 column 1 (char 0)
2025-10-22 04:27:38,005 | ERROR | GBPUSD=X: No price data found, symbol may be delisted (period=1d)
2025-10-22 04:27:40,259 | ERROR | Failed to get ticker 'USDJPY=X' reason: Expecting value: line 1 column 1 (char 0)
2025-10-22 04:27:41,306 | ERROR | USDJPY=X: No price data found, symbol may be delisted (period=1d)
2025-10-22 04:27:41,315 | INFO | [DATA] Usando datos simulados para USDJPY: $149.6552
2025-10-22 04:27:41,331 | INFO | [SIGNAL] SEÑAL DETECTADA: USDJPY | BEARISH_BREAKOUT
2025-10-22 04:27:41,333 | INFO |    [CONF] Confianza: 81.9% | Riesgo: MEDIUM
2025-10-22 04:27:41,346 | INFO |    [PRICE] Precio: $149.6552 | Spread: 0.015000
2025-10-22 04:27:41,357 | INFO | [SKIP] Trade no ejecutado para USDJPY (condiciones no cumplidas)
2025-10-22 04:27:41,367 | INFO | [SIGNAL] SEÑAL DETECTADA: AUDUSD | BEARISH_BREAKOUT
2025-10-22 04:27:41,368 | INFO |    [CONF] Confianza: 82.1% | Riesgo: MEDIUM
2025-10-22 04:27:41,370 | INFO |    [PRICE] Precio: $0.7252 | Spread: 0.000250
2025-10-22 04:27:41,370 | INFO | [SKIP] Trade no ejecutado para AUDUSD (condiciones no cumplidas)
2025-10-22 04:27:42,327 | ERROR | Failed to get ticker 'GC=F' reason: Expecting value: line 1 column 1 (char 0)
2025-10-22 04:27:43,367 | ERROR | GC=F: No price data found, symbol may be delisted (period=1d)
2025-10-22 04:27:43,367 | INFO | [DATA] Usando datos simulados para XAUUSD: $2646.6138
2025-10-22 04:27:43,379 | INFO | [SIGNAL] SEÑAL DETECTADA: XAUUSD | BULLISH_BREAKOUT
2025-10-22 04:27:43,381 | INFO |    [CONF] Confianza: 69.4% | Riesgo: MEDIUM
2025-10-22 04:27:43,382 | INFO |    [PRICE] Precio: $2646.6138 | Spread: 0.500000
2025-10-22 04:27:43,386 | INFO | [SKIP] Trade no ejecutado para XAUUSD (condiciones no cumplidas)
2025-10-22 04:27:44,408 | ERROR | Failed to get ticker 'SI=F' reason: Expecting value: line 1 column 1 (char 0)
2025-10-22 04:27:45,445 | ERROR | SI=F: No price data found, symbol may be delisted (period=1d)
2025-10-22 04:27:45,447 | INFO | [DATA] Usando datos simulados para XAGUSD: $31.5143
2025-10-22 04:27:45,447 | INFO | [SIGNALS] Señales detectadas: 3
2025-10-22 04:27:45,447 | INFO | [POSITIONS] Posiciones activas: 1
2025-10-22 04:27:45,447 | INFO | [PORTFOLIO] Posiciones:
2025-10-22 04:27:45,451 | INFO |    AUDUSD: SELL @ $0.7252
2025-10-22 04:27:45,451 | INFO | [CAPITAL] Capital actual: $500.00
2025-10-22 04:27:45,451 | INFO | [WAIT] Esperando 60 segundos para el próximo ciclo...
2025-10-22 04:28:45,452 | INFO | 
[CYCLE] CICLO 252 - 09:28:45
2025-10-22 04:28:45,452 | INFO | [SESSION] Sesión: LONDON | Prioridad: MEDIUM
2025-10-22 04:28:46,697 | ERROR | Failed to get ticker 'AUDUSD=X' reason: Expecting value: line 1 column 1 (char 0)
2025-10-22 04:28:47,621 | ERROR | AUDUSD=X: No price data found, symbol may be delisted (period=1d)
2025-10-22 04:28:49,955 | ERROR | Failed to get ticker 'EURUSD=X' reason: Expecting value: line 1 column 1 (char 0)
2025-10-22 04:28:51,031 | ERROR | EURUSD=X: No price data found, symbol may be delisted (period=1d)
2025-10-22 04:28:53,303 | ERROR | Failed to get ticker 'GBPUSD=X' reason: Expecting value: line 1 column 1 (char 0)
2025-10-22 04:28:54,348 | ERROR | GBPUSD=X: No price data found, symbol may be delisted (period=1d)
2025-10-22 04:28:56,399 | ERROR | Failed to get ticker 'USDJPY=X' reason: Expecting value: line 1 column 1 (char 0)
2025-10-22 04:28:57,400 | ERROR | USDJPY=X: No price data found, symbol may be delisted (period=1d)
2025-10-22 04:28:57,401 | INFO | [DATA] Usando datos simulados para USDJPY: $149.5781
2025-10-22 04:28:57,411 | INFO | [SIGNAL] SEÑAL DETECTADA: AUDUSD | BEARISH_BREAKOUT
2025-10-22 04:28:57,413 | INFO |    [CONF] Confianza: 82.1% | Riesgo: MEDIUM
2025-10-22 04:28:57,413 | INFO |    [PRICE] Precio: $0.7252 | Spread: 0.000250
2025-10-22 04:28:57,416 | INFO | [SKIP] Trade no ejecutado para AUDUSD (condiciones no cumplidas)
2025-10-22 04:28:58,411 | ERROR | Failed to get ticker 'GC=F' reason: Expecting value: line 1 column 1 (char 0)
2025-10-22 04:28:59,558 | ERROR | GC=F: No price data found, symbol may be delisted (period=1d)
2025-10-22 04:28:59,572 | INFO | [DATA] Usando datos simulados para XAUUSD: $2650.3897
2025-10-22 04:29:00,792 | ERROR | Failed to get ticker 'SI=F' reason: Expecting value: line 1 column 1 (char 0)
2025-10-22 04:29:01,956 | ERROR | SI=F: No price data found, symbol may be delisted (period=1d)
2025-10-22 04:29:01,959 | INFO | [DATA] Usando datos simulados para XAGUSD: $31.5645
2025-10-22 04:29:01,969 | INFO | [SIGNAL] SEÑAL DETECTADA: XAGUSD | BULLISH_BREAKOUT
2025-10-22 04:29:01,970 | INFO |    [CONF] Confianza: 85.6% | Riesgo: MEDIUM
2025-10-22 04:29:01,971 | INFO |    [PRICE] Precio: $31.5645 | Spread: 0.030000
2025-10-22 04:29:01,976 | INFO | [SKIP] Trade no ejecutado para XAGUSD (condiciones no cumplidas)
2025-10-22 04:29:01,976 | INFO | [SIGNALS] Señales detectadas: 2
2025-10-22 04:29:01,978 | INFO | [POSITIONS] Posiciones activas: 1
2025-10-22 04:29:01,979 | INFO | [PORTFOLIO] Posiciones:
2025-10-22 04:29:01,979 | INFO |    AUDUSD: SELL @ $0.7252
2025-10-22 04:29:01,981 | INFO | [CAPITAL] Capital actual: $500.00
2025-10-22 04:29:01,982 | INFO | [WAIT] Esperando 60 segundos para el próximo ciclo...
2025-10-22 04:30:01,984 | INFO | 
[CYCLE] CICLO 253 - 09:30:01
2025-10-22 04:30:01,984 | INFO | [SESSION] Sesión: LONDON | Prioridad: MEDIUM
2025-10-22 04:30:03,409 | ERROR | Failed to get ticker 'AUDUSD=X' reason: Expecting value: line 1 column 1 (char 0)
2025-10-22 04:30:04,586 | ERROR | AUDUSD=X: No price data found, symbol may be delisted (period=1d)
2025-10-22 04:30:06,783 | ERROR | Failed to get ticker 'EURUSD=X' reason: Expecting value: line 1 column 1 (char 0)
2025-10-22 04:30:07,860 | ERROR | EURUSD=X: No price data found, symbol may be delisted (period=1d)
2025-10-22 04:30:10,167 | ERROR | Failed to get ticker 'GBPUSD=X' reason: Expecting value: line 1 column 1 (char 0)
2025-10-22 04:30:11,359 | ERROR | GBPUSD=X: No price data found, symbol may be delisted (period=1d)
2025-10-22 04:30:13,698 | ERROR | Failed to get ticker 'USDJPY=X' reason: Expecting value: line 1 column 1 (char 0)
2025-10-22 04:30:14,947 | ERROR | USDJPY=X: No price data found, symbol may be delisted (period=1d)
2025-10-22 04:30:14,951 | INFO | [DATA] Usando datos simulados para USDJPY: $149.0264
2025-10-22 04:30:14,965 | INFO | [SIGNAL] SEÑAL DETECTADA: USDJPY | BULLISH_BREAKOUT
2025-10-22 04:30:14,969 | INFO |    [CONF] Confianza: 72.4% | Riesgo: LOW
2025-10-22 04:30:14,969 | INFO |    [PRICE] Precio: $149.0264 | Spread: 0.015000
2025-10-22 04:30:14,974 | INFO | [SKIP] Trade no ejecutado para USDJPY (condiciones no cumplidas)
2025-10-22 04:30:14,982 | INFO | [SIGNAL] SEÑAL DETECTADA: AUDUSD | BEARISH_BREAKOUT
2025-10-22 04:30:14,983 | INFO |    [CONF] Confianza: 82.1% | Riesgo: MEDIUM
2025-10-22 04:30:14,985 | INFO |    [PRICE] Precio: $0.7252 | Spread: 0.000250
2025-10-22 04:30:14,985 | INFO | [SKIP] Trade no ejecutado para AUDUSD (condiciones no cumplidas)
2025-10-22 04:30:16,195 | ERROR | Failed to get ticker 'GC=F' reason: Expecting value: line 1 column 1 (char 0)
2025-10-22 04:30:17,407 | ERROR | GC=F: No price data found, symbol may be delisted (period=1d)
2025-10-22 04:30:17,409 | INFO | [DATA] Usando datos simulados para XAUUSD: $2637.2546
2025-10-22 04:30:18,733 | ERROR | Failed to get ticker 'SI=F' reason: Expecting value: line 1 column 1 (char 0)
2025-10-22 04:30:19,906 | ERROR | SI=F: No price data found, symbol may be delisted (period=1d)
2025-10-22 04:30:19,910 | INFO | [DATA] Usando datos simulados para XAGUSD: $31.4867
2025-10-22 04:30:19,913 | INFO | [SIGNALS] Señales detectadas: 2
2025-10-22 04:30:19,913 | INFO | [POSITIONS] Posiciones activas: 1
2025-10-22 04:30:19,915 | INFO | [PORTFOLIO] Posiciones:
2025-10-22 04:30:19,916 | INFO |    AUDUSD: SELL @ $0.7252
2025-10-22 04:30:19,916 | INFO | [CAPITAL] Capital actual: $500.00
2025-10-22 04:30:19,917 | INFO | [WAIT] Esperando 60 segundos para el próximo ciclo...
2025-10-22 04:31:19,918 | INFO | 
[CYCLE] CICLO 254 - 09:31:19
2025-10-22 04:31:19,918 | INFO | [SESSION] Sesión: LONDON | Prioridad: MEDIUM
2025-10-22 04:31:21,343 | ERROR | Failed to get ticker 'AUDUSD=X' reason: Expecting value: line 1 column 1 (char 0)
2025-10-22 04:31:22,656 | ERROR | AUDUSD=X: No price data found, symbol may be delisted (period=1d)
2025-10-22 04:31:25,006 | ERROR | Failed to get ticker 'EURUSD=X' reason: Expecting value: line 1 column 1 (char 0)
2025-10-22 04:31:26,286 | ERROR | EURUSD=X: No price data found, symbol may be delisted (period=1d)
2025-10-22 04:31:28,710 | ERROR | Failed to get ticker 'GBPUSD=X' reason: Expecting value: line 1 column 1 (char 0)
2025-10-22 04:31:29,988 | ERROR | GBPUSD=X: No price data found, symbol may be delisted (period=1d)
2025-10-22 04:31:32,366 | ERROR | Failed to get ticker 'USDJPY=X' reason: Expecting value: line 1 column 1 (char 0)
2025-10-22 04:31:33,659 | ERROR | USDJPY=X: No price data found, symbol may be delisted (period=1d)
2025-10-22 04:31:33,674 | INFO | [DATA] Usando datos simulados para USDJPY: $149.1265
2025-10-22 04:31:33,725 | INFO | [SIGNAL] SEÑAL DETECTADA: AUDUSD | BEARISH_BREAKOUT
2025-10-22 04:31:33,727 | INFO |    [CONF] Confianza: 82.1% | Riesgo: MEDIUM
2025-10-22 04:31:33,728 | INFO |    [PRICE] Precio: $0.7252 | Spread: 0.000250
2025-10-22 04:31:33,733 | INFO | [SKIP] Trade no ejecutado para AUDUSD (condiciones no cumplidas)
2025-10-22 04:31:35,084 | ERROR | Failed to get ticker 'GC=F' reason: Expecting value: line 1 column 1 (char 0)
2025-10-22 04:31:36,416 | ERROR | GC=F: No price data found, symbol may be delisted (period=1d)
2025-10-22 04:31:36,417 | INFO | [DATA] Usando datos simulados para XAUUSD: $2660.5524
2025-10-22 04:31:37,891 | ERROR | Failed to get ticker 'SI=F' reason: Expecting value: line 1 column 1 (char 0)
2025-10-22 04:31:39,030 | ERROR | SI=F: No price data found, symbol may be delisted (period=1d)
2025-10-22 04:31:39,035 | INFO | [DATA] Usando datos simulados para XAGUSD: $31.5889
2025-10-22 04:31:39,039 | INFO | [SIGNALS] Señales detectadas: 1
2025-10-22 04:31:39,039 | INFO | [POSITIONS] Posiciones activas: 1
2025-10-22 04:31:39,039 | INFO | [PORTFOLIO] Posiciones:
2025-10-22 04:31:39,039 | INFO |    AUDUSD: SELL @ $0.7252
2025-10-22 04:31:39,039 | INFO | [CAPITAL] Capital actual: $500.00
2025-10-22 04:31:39,039 | INFO | [WAIT] Esperando 60 segundos para el próximo ciclo...
2025-10-22 04:32:39,056 | INFO | 
[CYCLE] CICLO 255 - 09:32:39
2025-10-22 04:32:39,058 | INFO | [SESSION] Sesión: LONDON | Prioridad: MEDIUM
2025-10-22 04:32:40,302 | ERROR | Failed to get ticker 'AUDUSD=X' reason: Expecting value: line 1 column 1 (char 0)
2025-10-22 04:32:41,395 | ERROR | AUDUSD=X: No price data found, symbol may be delisted (period=1d)
2025-10-22 04:32:43,391 | ERROR | Failed to get ticker 'EURUSD=X' reason: Expecting value: line 1 column 1 (char 0)
2025-10-22 04:32:44,642 | ERROR | EURUSD=X: No price data found, symbol may be delisted (period=1d)
2025-10-22 04:32:46,793 | ERROR | Failed to get ticker 'GBPUSD=X' reason: Expecting value: line 1 column 1 (char 0)
2025-10-22 04:32:47,983 | ERROR | GBPUSD=X: No price data found, symbol may be delisted (period=1d)
2025-10-22 04:32:50,371 | ERROR | Failed to get ticker 'USDJPY=X' reason: Expecting value: line 1 column 1 (char 0)
2025-10-22 04:32:51,607 | ERROR | USDJPY=X: No price data found, symbol may be delisted (period=1d)
2025-10-22 04:32:51,613 | INFO | [DATA] Usando datos simulados para USDJPY: $149.7102
2025-10-22 04:32:51,651 | INFO | [SIGNAL] SEÑAL DETECTADA: AUDUSD | BEARISH_BREAKOUT
2025-10-22 04:32:51,653 | INFO |    [CONF] Confianza: 82.1% | Riesgo: MEDIUM
2025-10-22 04:32:51,654 | INFO |    [PRICE] Precio: $0.7252 | Spread: 0.000250
2025-10-22 04:32:51,663 | INFO | [SKIP] Trade no ejecutado para AUDUSD (condiciones no cumplidas)
2025-10-22 04:32:52,930 | ERROR | Failed to get ticker 'GC=F' reason: Expecting value: line 1 column 1 (char 0)
2025-10-22 04:32:54,198 | ERROR | GC=F: No price data found, symbol may be delisted (period=1d)
2025-10-22 04:32:54,202 | INFO | [DATA] Usando datos simulados para XAUUSD: $2653.8308
2025-10-22 04:32:54,211 | INFO | [SIGNAL] SEÑAL DETECTADA: XAUUSD | BULLISH_BREAKOUT
2025-10-22 04:32:54,214 | INFO |    [CONF] Confianza: 80.5% | Riesgo: MEDIUM
2025-10-22 04:32:54,215 | INFO |    [PRICE] Precio: $2653.8308 | Spread: 0.500000
2025-10-22 04:32:54,220 | INFO | [SKIP] Trade no ejecutado para XAUUSD (condiciones no cumplidas)
2025-10-22 04:32:55,417 | ERROR | Failed to get ticker 'SI=F' reason: Expecting value: line 1 column 1 (char 0)
2025-10-22 04:32:56,724 | ERROR | SI=F: No price data found, symbol may be delisted (period=1d)
2025-10-22 04:32:56,729 | INFO | [DATA] Usando datos simulados para XAGUSD: $31.6090
2025-10-22 04:32:56,730 | INFO | [SIGNALS] Señales detectadas: 2
2025-10-22 04:32:56,730 | INFO | [POSITIONS] Posiciones activas: 1
2025-10-22 04:32:56,731 | INFO | [PORTFOLIO] Posiciones:
2025-10-22 04:32:56,731 | INFO |    AUDUSD: SELL @ $0.7252
2025-10-22 04:32:56,732 | INFO | [CAPITAL] Capital actual: $500.00
2025-10-22 04:32:56,734 | INFO | [WAIT] Esperando 60 segundos para el próximo ciclo...
2025-10-22 04:33:56,736 | INFO | 
[CYCLE] CICLO 256 - 09:33:56
2025-10-22 04:33:56,739 | INFO | [SESSION] Sesión: LONDON | Prioridad: MEDIUM
2025-10-22 04:33:58,590 | ERROR | Failed to get ticker 'AUDUSD=X' reason: Expecting value: line 1 column 1 (char 0)
2025-10-22 04:34:00,203 | ERROR | AUDUSD=X: No price data found, symbol may be delisted (period=1d)
2025-10-22 04:34:02,608 | ERROR | Failed to get ticker 'EURUSD=X' reason: Expecting value: line 1 column 1 (char 0)
2025-10-22 04:34:03,866 | ERROR | EURUSD=X: No price data found, symbol may be delisted (period=1d)
2025-10-22 04:34:06,117 | ERROR | Failed to get ticker 'GBPUSD=X' reason: Expecting value: line 1 column 1 (char 0)
2025-10-22 04:34:07,556 | ERROR | GBPUSD=X: No price data found, symbol may be delisted (period=1d)
2025-10-22 04:34:09,980 | ERROR | Failed to get ticker 'USDJPY=X' reason: Expecting value: line 1 column 1 (char 0)
2025-10-22 04:34:11,110 | ERROR | USDJPY=X: No price data found, symbol may be delisted (period=1d)
2025-10-22 04:34:11,117 | INFO | [DATA] Usando datos simulados para USDJPY: $149.2642
2025-10-22 04:34:12,431 | ERROR | Failed to get ticker 'AUDUSD=X' reason: Expecting value: line 1 column 1 (char 0)
2025-10-22 04:34:13,778 | ERROR | AUDUSD=X: No price data found, symbol may be delisted (period=1d)
2025-10-22 04:34:14,860 | INFO | [SIGNAL] SEÑAL DETECTADA: AUDUSD | BEARISH_BREAKOUT
2025-10-22 04:34:14,860 | INFO |    [CONF] Confianza: 82.1% | Riesgo: MEDIUM
2025-10-22 04:34:14,860 | INFO |    [PRICE] Precio: $0.7252 | Spread: 0.000250
2025-10-22 04:34:14,860 | INFO | [SKIP] Trade no ejecutado para AUDUSD (condiciones no cumplidas)
2025-10-22 04:34:16,295 | ERROR | Failed to get ticker 'GC=F' reason: Expecting value: line 1 column 1 (char 0)
2025-10-22 04:34:17,389 | ERROR | GC=F: No price data found, symbol may be delisted (period=1d)
2025-10-22 04:34:17,397 | INFO | [DATA] Usando datos simulados para XAUUSD: $2637.8828
2025-10-22 04:34:18,606 | ERROR | Failed to get ticker 'SI=F' reason: Expecting value: line 1 column 1 (char 0)
2025-10-22 04:34:19,856 | ERROR | SI=F: No price data found, symbol may be delisted (period=1d)
2025-10-22 04:34:19,865 | INFO | [DATA] Usando datos simulados para XAGUSD: $31.5660
2025-10-22 04:34:19,874 | INFO | [SIGNAL] SEÑAL DETECTADA: XAGUSD | BEARISH_BREAKOUT
2025-10-22 04:34:19,876 | INFO |    [CONF] Confianza: 71.6% | Riesgo: MEDIUM
2025-10-22 04:34:19,879 | INFO |    [PRICE] Precio: $31.5660 | Spread: 0.030000
2025-10-22 04:34:19,885 | INFO | [SKIP] Trade no ejecutado para XAGUSD (condiciones no cumplidas)
2025-10-22 04:34:19,886 | INFO | [SIGNALS] Señales detectadas: 2
2025-10-22 04:34:19,886 | INFO | [POSITIONS] Posiciones activas: 1
2025-10-22 04:34:19,886 | INFO | [PORTFOLIO] Posiciones:
2025-10-22 04:34:19,886 | INFO |    AUDUSD: SELL @ $0.7252
2025-10-22 04:34:19,886 | INFO | [CAPITAL] Capital actual: $500.00
2025-10-22 04:34:19,887 | INFO | [WAIT] Esperando 60 segundos para el próximo ciclo...
2025-10-22 04:35:19,897 | INFO | 
[CYCLE] CICLO 257 - 09:35:19
2025-10-22 04:35:19,898 | INFO | [SESSION] Sesión: LONDON | Prioridad: MEDIUM
2025-10-22 04:35:21,350 | ERROR | Failed to get ticker 'AUDUSD=X' reason: Expecting value: line 1 column 1 (char 0)
2025-10-22 04:35:22,737 | ERROR | AUDUSD=X: No price data found, symbol may be delisted (period=1d)
2025-10-22 04:35:24,956 | ERROR | Failed to get ticker 'EURUSD=X' reason: Expecting value: line 1 column 1 (char 0)
2025-10-22 04:35:26,233 | ERROR | EURUSD=X: No price data found, symbol may be delisted (period=1d)
2025-10-22 04:35:28,412 | ERROR | Failed to get ticker 'GBPUSD=X' reason: Expecting value: line 1 column 1 (char 0)
2025-10-22 04:35:29,650 | ERROR | GBPUSD=X: No price data found, symbol may be delisted (period=1d)
2025-10-22 04:35:31,898 | ERROR | Failed to get ticker 'USDJPY=X' reason: Expecting value: line 1 column 1 (char 0)
2025-10-22 04:35:33,125 | ERROR | USDJPY=X: No price data found, symbol may be delisted (period=1d)
2025-10-22 04:35:33,132 | INFO | [DATA] Usando datos simulados para USDJPY: $149.9294
2025-10-22 04:35:33,152 | INFO | [SIGNAL] SEÑAL DETECTADA: AUDUSD | BEARISH_BREAKOUT
2025-10-22 04:35:33,154 | INFO |    [CONF] Confianza: 82.1% | Riesgo: MEDIUM
2025-10-22 04:35:33,155 | INFO |    [PRICE] Precio: $0.7252 | Spread: 0.000250
2025-10-22 04:35:33,156 | INFO | [SKIP] Trade no ejecutado para AUDUSD (condiciones no cumplidas)
2025-10-22 04:35:34,370 | ERROR | Failed to get ticker 'GC=F' reason: Expecting value: line 1 column 1 (char 0)
2025-10-22 04:35:35,499 | ERROR | GC=F: No price data found, symbol may be delisted (period=1d)
2025-10-22 04:35:35,501 | INFO | [DATA] Usando datos simulados para XAUUSD: $2649.3508
2025-10-22 04:35:36,671 | ERROR | Failed to get ticker 'SI=F' reason: Expecting value: line 1 column 1 (char 0)
2025-10-22 04:35:37,848 | ERROR | SI=F: No price data found, symbol may be delisted (period=1d)
2025-10-22 04:35:37,853 | INFO | [DATA] Usando datos simulados para XAGUSD: $31.5118
2025-10-22 04:35:37,860 | INFO | [SIGNAL] SEÑAL DETECTADA: XAGUSD | BULLISH_BREAKOUT
2025-10-22 04:35:37,862 | INFO |    [CONF] Confianza: 70.9% | Riesgo: MEDIUM
2025-10-22 04:35:37,862 | INFO |    [PRICE] Precio: $31.5118 | Spread: 0.030000
2025-10-22 04:35:37,868 | INFO | [SKIP] Trade no ejecutado para XAGUSD (condiciones no cumplidas)
2025-10-22 04:35:37,868 | INFO | [SIGNALS] Señales detectadas: 2
2025-10-22 04:35:37,869 | INFO | [POSITIONS] Posiciones activas: 1
2025-10-22 04:35:37,869 | INFO | [PORTFOLIO] Posiciones:
2025-10-22 04:35:37,869 | INFO |    AUDUSD: SELL @ $0.7252
2025-10-22 04:35:37,870 | INFO | [CAPITAL] Capital actual: $500.00
2025-10-22 04:35:37,870 | INFO | [WAIT] Esperando 60 segundos para el próximo ciclo...
2025-10-22 04:36:37,879 | INFO | 
[CYCLE] CICLO 258 - 09:36:37
2025-10-22 04:36:37,880 | INFO | [SESSION] Sesión: LONDON | Prioridad: MEDIUM
2025-10-22 04:36:38,922 | ERROR | Failed to get ticker 'AUDUSD=X' reason: Expecting value: line 1 column 1 (char 0)
2025-10-22 04:36:39,733 | ERROR | AUDUSD=X: No price data found, symbol may be delisted (period=1d)
2025-10-22 04:36:41,628 | ERROR | Failed to get ticker 'EURUSD=X' reason: Expecting value: line 1 column 1 (char 0)
2025-10-22 04:36:42,477 | ERROR | EURUSD=X: No price data found, symbol may be delisted (period=1d)
2025-10-22 04:36:44,151 | ERROR | Failed to get ticker 'GBPUSD=X' reason: Expecting value: line 1 column 1 (char 0)
2025-10-22 04:36:44,977 | ERROR | GBPUSD=X: No price data found, symbol may be delisted (period=1d)
2025-10-22 04:36:46,744 | ERROR | Failed to get ticker 'USDJPY=X' reason: Expecting value: line 1 column 1 (char 0)
2025-10-22 04:36:47,626 | ERROR | USDJPY=X: No price data found, symbol may be delisted (period=1d)
2025-10-22 04:36:47,630 | INFO | [DATA] Usando datos simulados para USDJPY: $150.2233
2025-10-22 04:36:47,639 | INFO | [SIGNAL] SEÑAL DETECTADA: AUDUSD | BEARISH_BREAKOUT
2025-10-22 04:36:47,640 | INFO |    [CONF] Confianza: 82.1% | Riesgo: MEDIUM
2025-10-22 04:36:47,642 | INFO |    [PRICE] Precio: $0.7252 | Spread: 0.000250
2025-10-22 04:36:47,643 | INFO | [SKIP] Trade no ejecutado para AUDUSD (condiciones no cumplidas)
2025-10-22 04:36:48,395 | ERROR | Failed to get ticker 'GC=F' reason: Expecting value: line 1 column 1 (char 0)
2025-10-22 04:36:49,132 | ERROR | GC=F: No price data found, symbol may be delisted (period=1d)
2025-10-22 04:36:49,135 | INFO | [DATA] Usando datos simulados para XAUUSD: $2644.0471
2025-10-22 04:36:49,148 | INFO | [SIGNAL] SEÑAL DETECTADA: XAUUSD | BULLISH_BREAKOUT
2025-10-22 04:36:49,149 | INFO |    [CONF] Confianza: 78.9% | Riesgo: MEDIUM
2025-10-22 04:36:49,150 | INFO |    [PRICE] Precio: $2644.0471 | Spread: 0.500000
2025-10-22 04:36:49,156 | INFO | [SKIP] Trade no ejecutado para XAUUSD (condiciones no cumplidas)
2025-10-22 04:36:49,909 | ERROR | Failed to get ticker 'SI=F' reason: Expecting value: line 1 column 1 (char 0)
2025-10-22 04:36:50,818 | ERROR | SI=F: No price data found, symbol may be delisted (period=1d)
2025-10-22 04:36:50,823 | INFO | [DATA] Usando datos simulados para XAGUSD: $31.6348
2025-10-22 04:36:50,835 | INFO | [SIGNAL] SEÑAL DETECTADA: XAGUSD | BEARISH_BREAKOUT
2025-10-22 04:36:50,836 | INFO |    [CONF] Confianza: 74.6% | Riesgo: MEDIUM
2025-10-22 04:36:50,837 | INFO |    [PRICE] Precio: $31.6348 | Spread: 0.030000
2025-10-22 04:36:50,843 | INFO | [SKIP] Trade no ejecutado para XAGUSD (condiciones no cumplidas)
2025-10-22 04:36:50,843 | INFO | [SIGNALS] Señales detectadas: 3
2025-10-22 04:36:50,844 | INFO | [POSITIONS] Posiciones activas: 1
2025-10-22 04:36:50,845 | INFO | [PORTFOLIO] Posiciones:
2025-10-22 04:36:50,846 | INFO |    AUDUSD: SELL @ $0.7252
2025-10-22 04:36:50,846 | INFO | [CAPITAL] Capital actual: $500.00
2025-10-22 04:36:50,847 | INFO | [WAIT] Esperando 60 segundos para el próximo ciclo...
2025-10-22 04:37:50,853 | INFO | 
[CYCLE] CICLO 259 - 09:37:50
2025-10-22 04:37:50,854 | INFO | [SESSION] Sesión: LONDON | Prioridad: MEDIUM
2025-10-22 04:37:52,079 | ERROR | Failed to get ticker 'AUDUSD=X' reason: Expecting value: line 1 column 1 (char 0)
2025-10-22 04:37:53,054 | ERROR | AUDUSD=X: No price data found, symbol may be delisted (period=1d)
2025-10-22 04:37:54,807 | ERROR | Failed to get ticker 'EURUSD=X' reason: Expecting value: line 1 column 1 (char 0)
2025-10-22 04:37:55,758 | ERROR | EURUSD=X: No price data found, symbol may be delisted (period=1d)
2025-10-22 04:37:57,574 | ERROR | Failed to get ticker 'GBPUSD=X' reason: Expecting value: line 1 column 1 (char 0)
2025-10-22 04:37:58,716 | ERROR | GBPUSD=X: No price data found, symbol may be delisted (period=1d)
2025-10-22 04:38:00,571 | ERROR | Failed to get ticker 'USDJPY=X' reason: Expecting value: line 1 column 1 (char 0)
2025-10-22 04:38:01,627 | ERROR | USDJPY=X: No price data found, symbol may be delisted (period=1d)
2025-10-22 04:38:01,630 | INFO | [DATA] Usando datos simulados para USDJPY: $150.0649
2025-10-22 04:38:02,870 | ERROR | Failed to get ticker 'AUDUSD=X' reason: Expecting value: line 1 column 1 (char 0)
2025-10-22 04:38:03,859 | ERROR | AUDUSD=X: No price data found, symbol may be delisted (period=1d)
2025-10-22 04:38:04,619 | INFO | [SIGNAL] SEÑAL DETECTADA: AUDUSD | BEARISH_BREAKOUT
2025-10-22 04:38:04,620 | INFO |    [CONF] Confianza: 82.1% | Riesgo: MEDIUM
2025-10-22 04:38:04,620 | INFO |    [PRICE] Precio: $0.7252 | Spread: 0.000250
2025-10-22 04:38:04,620 | INFO | [SKIP] Trade no ejecutado para AUDUSD (condiciones no cumplidas)
2025-10-22 04:38:05,765 | ERROR | Failed to get ticker 'GC=F' reason: Expecting value: line 1 column 1 (char 0)
2025-10-22 04:38:06,934 | ERROR | GC=F: No price data found, symbol may be delisted (period=1d)
2025-10-22 04:38:06,937 | INFO | [DATA] Usando datos simulados para XAUUSD: $2656.8432
2025-10-22 04:38:08,228 | ERROR | Failed to get ticker 'SI=F' reason: Expecting value: line 1 column 1 (char 0)
2025-10-22 04:38:09,289 | ERROR | SI=F: No price data found, symbol may be delisted (period=1d)
2025-10-22 04:38:09,291 | INFO | [DATA] Usando datos simulados para XAGUSD: $31.4197
2025-10-22 04:38:09,292 | INFO | [SIGNALS] Señales detectadas: 1
2025-10-22 04:38:09,292 | INFO | [POSITIONS] Posiciones activas: 1
2025-10-22 04:38:09,292 | INFO | [PORTFOLIO] Posiciones:
2025-10-22 04:38:09,292 | INFO |    AUDUSD: SELL @ $0.7252
2025-10-22 04:38:09,292 | INFO | [CAPITAL] Capital actual: $500.00
2025-10-22 04:38:09,293 | INFO | [WAIT] Esperando 60 segundos para el próximo ciclo...
2025-10-22 04:39:09,299 | INFO | 
[CYCLE] CICLO 260 - 09:39:09
2025-10-22 04:39:09,299 | INFO | [SESSION] Sesión: LONDON | Prioridad: MEDIUM
2025-10-22 04:39:10,590 | ERROR | Failed to get ticker 'AUDUSD=X' reason: Expecting value: line 1 column 1 (char 0)
2025-10-22 04:39:11,721 | ERROR | AUDUSD=X: No price data found, symbol may be delisted (period=1d)
2025-10-22 04:39:13,739 | ERROR | Failed to get ticker 'EURUSD=X' reason: Expecting value: line 1 column 1 (char 0)
2025-10-22 04:39:14,852 | ERROR | EURUSD=X: No price data found, symbol may be delisted (period=1d)
2025-10-22 04:39:16,781 | ERROR | Failed to get ticker 'GBPUSD=X' reason: Expecting value: line 1 column 1 (char 0)
2025-10-22 04:39:17,765 | ERROR | GBPUSD=X: No price data found, symbol may be delisted (period=1d)
2025-10-22 04:39:19,554 | ERROR | Failed to get ticker 'USDJPY=X' reason: Expecting value: line 1 column 1 (char 0)
2025-10-22 04:39:20,551 | ERROR | USDJPY=X: No price data found, symbol may be delisted (period=1d)
2025-10-22 04:39:20,554 | INFO | [DATA] Usando datos simulados para USDJPY: $149.6951
2025-10-22 04:39:20,564 | INFO | [SIGNAL] SEÑAL DETECTADA: AUDUSD | BEARISH_BREAKOUT
2025-10-22 04:39:20,564 | INFO |    [CONF] Confianza: 82.1% | Riesgo: MEDIUM
2025-10-22 04:39:20,565 | INFO |    [PRICE] Precio: $0.7252 | Spread: 0.000250
2025-10-22 04:39:20,566 | INFO | [SKIP] Trade no ejecutado para AUDUSD (condiciones no cumplidas)
2025-10-22 04:39:21,602 | ERROR | Failed to get ticker 'GC=F' reason: Expecting value: line 1 column 1 (char 0)
2025-10-22 04:39:22,565 | ERROR | GC=F: No price data found, symbol may be delisted (period=1d)
2025-10-22 04:39:22,568 | INFO | [DATA] Usando datos simulados para XAUUSD: $2647.8885
2025-10-22 04:39:22,581 | INFO | [SIGNAL] SEÑAL DETECTADA: XAUUSD | BEARISH_BREAKOUT
2025-10-22 04:39:22,581 | INFO |    [CONF] Confianza: 71.2% | Riesgo: MEDIUM
2025-10-22 04:39:22,582 | INFO |    [PRICE] Precio: $2647.8885 | Spread: 0.500000
2025-10-22 04:39:22,585 | INFO | [SKIP] Trade no ejecutado para XAUUSD (condiciones no cumplidas)
2025-10-22 04:39:23,605 | ERROR | Failed to get ticker 'SI=F' reason: Expecting value: line 1 column 1 (char 0)
2025-10-22 04:39:24,595 | ERROR | SI=F: No price data found, symbol may be delisted (period=1d)
2025-10-22 04:39:24,598 | INFO | [DATA] Usando datos simulados para XAGUSD: $31.4610
2025-10-22 04:39:24,606 | INFO | [SIGNAL] SEÑAL DETECTADA: XAGUSD | BEARISH_BREAKOUT
2025-10-22 04:39:24,606 | INFO |    [CONF] Confianza: 66.7% | Riesgo: MEDIUM
2025-10-22 04:39:24,606 | INFO |    [PRICE] Precio: $31.4610 | Spread: 0.030000
2025-10-22 04:39:24,613 | INFO | [SKIP] Trade no ejecutado para XAGUSD (condiciones no cumplidas)
2025-10-22 04:39:24,613 | INFO | [SIGNALS] Señales detectadas: 3
2025-10-22 04:39:24,614 | INFO | [POSITIONS] Posiciones activas: 1
2025-10-22 04:39:24,614 | INFO | [PORTFOLIO] Posiciones:
2025-10-22 04:39:24,616 | INFO |    AUDUSD: SELL @ $0.7252
2025-10-22 04:39:24,616 | INFO | [CAPITAL] Capital actual: $500.00
2025-10-22 04:39:24,617 | INFO | [STATS] ROI Total: +0.00% | Señales totales: 455
2025-10-22 04:39:24,617 | INFO | [WAIT] Esperando 60 segundos para el próximo ciclo...
2025-10-22 04:40:24,619 | INFO | 
[CYCLE] CICLO 261 - 09:40:24
2025-10-22 04:40:24,620 | INFO | [SESSION] Sesión: LONDON | Prioridad: MEDIUM
2025-10-22 04:40:25,502 | ERROR | Failed to get ticker 'AUDUSD=X' reason: Expecting value: line 1 column 1 (char 0)
2025-10-22 04:40:26,304 | ERROR | AUDUSD=X: No price data found, symbol may be delisted (period=1d)
2025-10-22 04:40:27,978 | ERROR | Failed to get ticker 'EURUSD=X' reason: Expecting value: line 1 column 1 (char 0)
2025-10-22 04:40:28,809 | ERROR | EURUSD=X: No price data found, symbol may be delisted (period=1d)
2025-10-22 04:40:30,632 | ERROR | Failed to get ticker 'GBPUSD=X' reason: Expecting value: line 1 column 1 (char 0)
2025-10-22 04:40:31,475 | ERROR | GBPUSD=X: No price data found, symbol may be delisted (period=1d)
2025-10-22 04:40:33,740 | ERROR | Failed to get ticker 'USDJPY=X' reason: Expecting value: line 1 column 1 (char 0)
2025-10-22 04:40:34,725 | ERROR | USDJPY=X: No price data found, symbol may be delisted (period=1d)
2025-10-22 04:40:34,728 | INFO | [DATA] Usando datos simulados para USDJPY: $149.5610
2025-10-22 04:40:34,735 | INFO | [SIGNAL] SEÑAL DETECTADA: AUDUSD | BEARISH_BREAKOUT
2025-10-22 04:40:34,738 | INFO |    [CONF] Confianza: 82.1% | Riesgo: MEDIUM
2025-10-22 04:40:34,740 | INFO |    [PRICE] Precio: $0.7252 | Spread: 0.000250
2025-10-22 04:40:34,740 | INFO | [SKIP] Trade no ejecutado para AUDUSD (condiciones no cumplidas)
2025-10-22 04:40:35,600 | ERROR | Failed to get ticker 'GC=F' reason: Expecting value: line 1 column 1 (char 0)
2025-10-22 04:40:36,562 | ERROR | GC=F: No price data found, symbol may be delisted (period=1d)
2025-10-22 04:40:36,565 | INFO | [DATA] Usando datos simulados para XAUUSD: $2648.8704
2025-10-22 04:40:36,575 | INFO | [SIGNAL] SEÑAL DETECTADA: XAUUSD | BEARISH_BREAKOUT
2025-10-22 04:40:36,576 | INFO |    [CONF] Confianza: 66.8% | Riesgo: MEDIUM
2025-10-22 04:40:36,576 | INFO |    [PRICE] Precio: $2648.8704 | Spread: 0.500000
2025-10-22 04:40:36,581 | INFO | [SKIP] Trade no ejecutado para XAUUSD (condiciones no cumplidas)
2025-10-22 04:40:37,482 | ERROR | Failed to get ticker 'SI=F' reason: Expecting value: line 1 column 1 (char 0)
2025-10-22 04:40:38,371 | ERROR | SI=F: No price data found, symbol may be delisted (period=1d)
2025-10-22 04:40:38,374 | INFO | [DATA] Usando datos simulados para XAGUSD: $31.3675
2025-10-22 04:40:38,375 | INFO | [SIGNALS] Señales detectadas: 2
2025-10-22 04:40:38,375 | INFO | [POSITIONS] Posiciones activas: 1
2025-10-22 04:40:38,376 | INFO | [PORTFOLIO] Posiciones:
2025-10-22 04:40:38,376 | INFO |    AUDUSD: SELL @ $0.7252
2025-10-22 04:40:38,376 | INFO | [CAPITAL] Capital actual: $500.00
2025-10-22 04:40:38,378 | INFO | [WAIT] Esperando 60 segundos para el próximo ciclo...
2025-10-22 04:41:38,391 | INFO | 
[CYCLE] CICLO 262 - 09:41:38
2025-10-22 04:41:38,392 | INFO | [SESSION] Sesión: LONDON | Prioridad: MEDIUM
2025-10-22 04:41:39,735 | ERROR | Failed to get ticker 'AUDUSD=X' reason: Expecting value: line 1 column 1 (char 0)
2025-10-22 04:41:40,965 | ERROR | AUDUSD=X: No price data found, symbol may be delisted (period=1d)
2025-10-22 04:41:42,978 | ERROR | Failed to get ticker 'EURUSD=X' reason: Expecting value: line 1 column 1 (char 0)
2025-10-22 04:41:44,012 | ERROR | EURUSD=X: No price data found, symbol may be delisted (period=1d)
2025-10-22 04:41:46,010 | ERROR | Failed to get ticker 'GBPUSD=X' reason: Expecting value: line 1 column 1 (char 0)
2025-10-22 04:41:47,001 | ERROR | GBPUSD=X: No price data found, symbol may be delisted (period=1d)
2025-10-22 04:41:48,838 | ERROR | Failed to get ticker 'USDJPY=X' reason: Expecting value: line 1 column 1 (char 0)
2025-10-22 04:41:49,848 | ERROR | USDJPY=X: No price data found, symbol may be delisted (period=1d)
2025-10-22 04:41:49,850 | INFO | [DATA] Usando datos simulados para USDJPY: $149.1571
2025-10-22 04:41:49,863 | INFO | [SIGNAL] SEÑAL DETECTADA: AUDUSD | BEARISH_BREAKOUT
2025-10-22 04:41:49,866 | INFO |    [CONF] Confianza: 82.1% | Riesgo: MEDIUM
2025-10-22 04:41:49,866 | INFO |    [PRICE] Precio: $0.7252 | Spread: 0.000250
2025-10-22 04:41:49,866 | INFO | [SKIP] Trade no ejecutado para AUDUSD (condiciones no cumplidas)
2025-10-22 04:41:50,849 | ERROR | Failed to get ticker 'GC=F' reason: Expecting value: line 1 column 1 (char 0)
2025-10-22 04:41:51,985 | ERROR | GC=F: No price data found, symbol may be delisted (period=1d)
2025-10-22 04:41:51,989 | INFO | [DATA] Usando datos simulados para XAUUSD: $2660.4546
2025-10-22 04:41:52,000 | INFO | [SIGNAL] SEÑAL DETECTADA: XAUUSD | BULLISH_BREAKOUT
2025-10-22 04:41:52,003 | INFO |    [CONF] Confianza: 74.4% | Riesgo: MEDIUM
2025-10-22 04:41:52,005 | INFO |    [PRICE] Precio: $2660.4546 | Spread: 0.500000
2025-10-22 04:41:52,049 | INFO | [SKIP] Trade no ejecutado para XAUUSD (condiciones no cumplidas)
2025-10-22 04:41:53,071 | ERROR | Failed to get ticker 'SI=F' reason: Expecting value: line 1 column 1 (char 0)
2025-10-22 04:41:54,062 | ERROR | SI=F: No price data found, symbol may be delisted (period=1d)
2025-10-22 04:41:54,081 | INFO | [DATA] Usando datos simulados para XAGUSD: $31.4921
2025-10-22 04:41:54,085 | INFO | [SIGNALS] Señales detectadas: 2
2025-10-22 04:41:54,088 | INFO | [POSITIONS] Posiciones activas: 1
2025-10-22 04:41:54,120 | INFO | [PORTFOLIO] Posiciones:
2025-10-22 04:41:54,129 | INFO |    AUDUSD: SELL @ $0.7252
2025-10-22 04:41:54,169 | INFO | [CAPITAL] Capital actual: $500.00
2025-10-22 04:41:54,172 | INFO | [WAIT] Esperando 60 segundos para el próximo ciclo...
2025-10-22 04:42:54,174 | INFO | 
[CYCLE] CICLO 263 - 09:42:54
2025-10-22 04:42:54,175 | INFO | [SESSION] Sesión: LONDON | Prioridad: MEDIUM
2025-10-22 04:42:55,444 | ERROR | Failed to get ticker 'AUDUSD=X' reason: Expecting value: line 1 column 1 (char 0)
2025-10-22 04:42:56,581 | ERROR | AUDUSD=X: No price data found, symbol may be delisted (period=1d)
2025-10-22 04:42:58,671 | ERROR | Failed to get ticker 'EURUSD=X' reason: Expecting value: line 1 column 1 (char 0)
2025-10-22 04:42:59,744 | ERROR | EURUSD=X: No price data found, symbol may be delisted (period=1d)
2025-10-22 04:43:01,963 | ERROR | Failed to get ticker 'GBPUSD=X' reason: Expecting value: line 1 column 1 (char 0)
2025-10-22 04:43:03,174 | ERROR | GBPUSD=X: No price data found, symbol may be delisted (period=1d)
2025-10-22 04:43:05,246 | ERROR | Failed to get ticker 'USDJPY=X' reason: Expecting value: line 1 column 1 (char 0)
2025-10-22 04:43:06,351 | ERROR | USDJPY=X: No price data found, symbol may be delisted (period=1d)
2025-10-22 04:43:06,354 | INFO | [DATA] Usando datos simulados para USDJPY: $149.7134
2025-10-22 04:43:06,363 | INFO | [SIGNAL] SEÑAL DETECTADA: USDJPY | BULLISH_BREAKOUT
2025-10-22 04:43:06,363 | INFO |    [CONF] Confianza: 68.4% | Riesgo: MEDIUM
2025-10-22 04:43:06,365 | INFO |    [PRICE] Precio: $149.7134 | Spread: 0.015000
2025-10-22 04:43:06,369 | INFO | [SKIP] Trade no ejecutado para USDJPY (condiciones no cumplidas)
2025-10-22 04:43:07,574 | ERROR | Failed to get ticker 'AUDUSD=X' reason: Expecting value: line 1 column 1 (char 0)
2025-10-22 04:43:08,712 | ERROR | AUDUSD=X: No price data found, symbol may be delisted (period=1d)
2025-10-22 04:43:09,815 | INFO | [SIGNAL] SEÑAL DETECTADA: AUDUSD | BEARISH_BREAKOUT
2025-10-22 04:43:09,815 | INFO |    [CONF] Confianza: 82.1% | Riesgo: MEDIUM
2025-10-22 04:43:09,815 | INFO |    [PRICE] Precio: $0.7252 | Spread: 0.000250
2025-10-22 04:43:09,817 | INFO | [SKIP] Trade no ejecutado para AUDUSD (condiciones no cumplidas)
2025-10-22 04:43:10,929 | ERROR | Failed to get ticker 'GC=F' reason: Expecting value: line 1 column 1 (char 0)
2025-10-22 04:43:11,978 | ERROR | GC=F: No price data found, symbol may be delisted (period=1d)
2025-10-22 04:43:11,989 | INFO | [DATA] Usando datos simulados para XAUUSD: $2661.1339
2025-10-22 04:43:13,075 | ERROR | Failed to get ticker 'SI=F' reason: Expecting value: line 1 column 1 (char 0)
2025-10-22 04:43:14,172 | ERROR | SI=F: No price data found, symbol may be delisted (period=1d)
2025-10-22 04:43:14,179 | INFO | [DATA] Usando datos simulados para XAGUSD: $31.3774
2025-10-22 04:43:14,206 | INFO | [SIGNALS] Señales detectadas: 2
2025-10-22 04:43:14,214 | INFO | [POSITIONS] Posiciones activas: 1
2025-10-22 04:43:14,214 | INFO | [PORTFOLIO] Posiciones:
2025-10-22 04:43:14,214 | INFO |    AUDUSD: SELL @ $0.7252
2025-10-22 04:43:14,216 | INFO | [CAPITAL] Capital actual: $500.00
2025-10-22 04:43:14,216 | INFO | [WAIT] Esperando 60 segundos para el próximo ciclo...
2025-10-22 04:44:14,227 | INFO | 
[CYCLE] CICLO 264 - 09:44:14
2025-10-22 04:44:14,229 | INFO | [SESSION] Sesión: LONDON | Prioridad: MEDIUM
2025-10-22 04:44:15,280 | ERROR | Failed to get ticker 'AUDUSD=X' reason: Expecting value: line 1 column 1 (char 0)
2025-10-22 04:44:16,124 | ERROR | AUDUSD=X: No price data found, symbol may be delisted (period=1d)
2025-10-22 04:44:17,753 | ERROR | Failed to get ticker 'EURUSD=X' reason: Expecting value: line 1 column 1 (char 0)
2025-10-22 04:44:18,723 | ERROR | EURUSD=X: No price data found, symbol may be delisted (period=1d)
2025-10-22 04:44:20,772 | ERROR | Failed to get ticker 'GBPUSD=X' reason: Expecting value: line 1 column 1 (char 0)
2025-10-22 04:44:21,569 | ERROR | GBPUSD=X: No price data found, symbol may be delisted (period=1d)
2025-10-22 04:44:23,491 | ERROR | Failed to get ticker 'USDJPY=X' reason: Expecting value: line 1 column 1 (char 0)
2025-10-22 04:44:24,345 | ERROR | USDJPY=X: No price data found, symbol may be delisted (period=1d)
2025-10-22 04:44:24,350 | INFO | [DATA] Usando datos simulados para USDJPY: $150.1620
2025-10-22 04:44:24,363 | INFO | [SIGNAL] SEÑAL DETECTADA: AUDUSD | BEARISH_BREAKOUT
2025-10-22 04:44:24,365 | INFO |    [CONF] Confianza: 82.1% | Riesgo: MEDIUM
2025-10-22 04:44:24,365 | INFO |    [PRICE] Precio: $0.7252 | Spread: 0.000250
2025-10-22 04:44:24,367 | INFO | [SKIP] Trade no ejecutado para AUDUSD (condiciones no cumplidas)
2025-10-22 04:44:25,316 | ERROR | Failed to get ticker 'GC=F' reason: Expecting value: line 1 column 1 (char 0)
2025-10-22 04:44:26,288 | ERROR | GC=F: No price data found, symbol may be delisted (period=1d)
2025-10-22 04:44:26,292 | INFO | [DATA] Usando datos simulados para XAUUSD: $2652.5846
2025-10-22 04:44:27,193 | ERROR | Failed to get ticker 'SI=F' reason: Expecting value: line 1 column 1 (char 0)
2025-10-22 04:44:27,981 | ERROR | SI=F: No price data found, symbol may be delisted (period=1d)
2025-10-22 04:44:27,989 | INFO | [DATA] Usando datos simulados para XAGUSD: $31.5041
2025-10-22 04:44:27,999 | INFO | [SIGNAL] SEÑAL DETECTADA: XAGUSD | BEARISH_BREAKOUT
2025-10-22 04:44:27,999 | INFO |    [CONF] Confianza: 68.2% | Riesgo: MEDIUM
2025-10-22 04:44:28,000 | INFO |    [PRICE] Precio: $31.5041 | Spread: 0.030000
2025-10-22 04:44:28,005 | INFO | [SKIP] Trade no ejecutado para XAGUSD (condiciones no cumplidas)
2025-10-22 04:44:28,005 | INFO | [SIGNALS] Señales detectadas: 2
2025-10-22 04:44:28,005 | INFO | [POSITIONS] Posiciones activas: 1
2025-10-22 04:44:28,006 | INFO | [PORTFOLIO] Posiciones:
2025-10-22 04:44:28,006 | INFO |    AUDUSD: SELL @ $0.7252
2025-10-22 04:44:28,006 | INFO | [CAPITAL] Capital actual: $500.00
2025-10-22 04:44:28,006 | INFO | [WAIT] Esperando 60 segundos para el próximo ciclo...
2025-10-22 04:45:28,010 | INFO | 
[CYCLE] CICLO 265 - 09:45:28
2025-10-22 04:45:28,012 | INFO | [SESSION] Sesión: LONDON | Prioridad: MEDIUM
2025-10-22 04:45:29,435 | ERROR | Failed to get ticker 'AUDUSD=X' reason: Expecting value: line 1 column 1 (char 0)
2025-10-22 04:45:30,960 | ERROR | AUDUSD=X: No price data found, symbol may be delisted (period=1d)
2025-10-22 04:45:33,228 | ERROR | Failed to get ticker 'EURUSD=X' reason: Expecting value: line 1 column 1 (char 0)
2025-10-22 04:45:34,591 | ERROR | EURUSD=X: No price data found, symbol may be delisted (period=1d)
2025-10-22 04:45:36,977 | ERROR | Failed to get ticker 'GBPUSD=X' reason: Expecting value: line 1 column 1 (char 0)
2025-10-22 04:45:38,066 | ERROR | GBPUSD=X: No price data found, symbol may be delisted (period=1d)
2025-10-22 04:45:40,316 | ERROR | Failed to get ticker 'USDJPY=X' reason: Expecting value: line 1 column 1 (char 0)
2025-10-22 04:45:41,485 | ERROR | USDJPY=X: No price data found, symbol may be delisted (period=1d)
2025-10-22 04:45:41,489 | INFO | [DATA] Usando datos simulados para USDJPY: $149.8723
2025-10-22 04:45:41,500 | INFO | [SIGNAL] SEÑAL DETECTADA: AUDUSD | BEARISH_BREAKOUT
2025-10-22 04:45:41,502 | INFO |    [CONF] Confianza: 82.1% | Riesgo: MEDIUM
2025-10-22 04:45:41,502 | INFO |    [PRICE] Precio: $0.7252 | Spread: 0.000250
2025-10-22 04:45:41,504 | INFO | [SKIP] Trade no ejecutado para AUDUSD (condiciones no cumplidas)
2025-10-22 04:45:42,961 | ERROR | Failed to get ticker 'GC=F' reason: Expecting value: line 1 column 1 (char 0)
2025-10-22 04:45:44,142 | ERROR | GC=F: No price data found, symbol may be delisted (period=1d)
2025-10-22 04:45:44,151 | INFO | [DATA] Usando datos simulados para XAUUSD: $2642.6112
2025-10-22 04:45:45,433 | ERROR | Failed to get ticker 'SI=F' reason: Expecting value: line 1 column 1 (char 0)
2025-10-22 04:45:46,524 | ERROR | SI=F: No price data found, symbol may be delisted (period=1d)
2025-10-22 04:45:46,526 | INFO | [DATA] Usando datos simulados para XAGUSD: $31.3803
2025-10-22 04:45:46,537 | INFO | [SIGNAL] SEÑAL DETECTADA: XAGUSD | BEARISH_BREAKOUT
2025-10-22 04:45:46,538 | INFO |    [CONF] Confianza: 67.4% | Riesgo: MEDIUM
2025-10-22 04:45:46,539 | INFO |    [PRICE] Precio: $31.3803 | Spread: 0.030000
2025-10-22 04:45:46,544 | INFO | [SKIP] Trade no ejecutado para XAGUSD (condiciones no cumplidas)
2025-10-22 04:45:46,545 | INFO | [SIGNALS] Señales detectadas: 2
2025-10-22 04:45:46,545 | INFO | [POSITIONS] Posiciones activas: 1
2025-10-22 04:45:46,546 | INFO | [PORTFOLIO] Posiciones:
2025-10-22 04:45:46,549 | INFO |    AUDUSD: SELL @ $0.7252
2025-10-22 04:45:46,550 | INFO | [CAPITAL] Capital actual: $500.00
2025-10-22 04:45:46,551 | INFO | [WAIT] Esperando 60 segundos para el próximo ciclo...
2025-10-22 04:46:46,552 | INFO | 
[CYCLE] CICLO 266 - 09:46:46
2025-10-22 04:46:46,554 | INFO | [SESSION] Sesión: LONDON | Prioridad: MEDIUM
2025-10-22 04:46:47,576 | ERROR | Failed to get ticker 'AUDUSD=X' reason: Expecting value: line 1 column 1 (char 0)
2025-10-22 04:46:48,367 | ERROR | AUDUSD=X: No price data found, symbol may be delisted (period=1d)
2025-10-22 04:46:49,895 | ERROR | Failed to get ticker 'EURUSD=X' reason: Expecting value: line 1 column 1 (char 0)
2025-10-22 04:46:50,783 | ERROR | EURUSD=X: No price data found, symbol may be delisted (period=1d)
2025-10-22 04:46:52,506 | ERROR | Failed to get ticker 'GBPUSD=X' reason: Expecting value: line 1 column 1 (char 0)
2025-10-22 04:46:53,245 | ERROR | GBPUSD=X: No price data found, symbol may be delisted (period=1d)
2025-10-22 04:46:54,726 | ERROR | Failed to get ticker 'USDJPY=X' reason: Expecting value: line 1 column 1 (char 0)
2025-10-22 04:46:55,640 | ERROR | USDJPY=X: No price data found, symbol may be delisted (period=1d)
2025-10-22 04:46:55,643 | INFO | [DATA] Usando datos simulados para USDJPY: $149.9899
2025-10-22 04:46:55,654 | INFO | [SIGNAL] SEÑAL DETECTADA: AUDUSD | BEARISH_BREAKOUT
2025-10-22 04:46:55,656 | INFO |    [CONF] Confianza: 82.1% | Riesgo: MEDIUM
2025-10-22 04:46:55,657 | INFO |    [PRICE] Precio: $0.7252 | Spread: 0.000250
2025-10-22 04:46:55,657 | INFO | [SKIP] Trade no ejecutado para AUDUSD (condiciones no cumplidas)
2025-10-22 04:46:56,476 | ERROR | Failed to get ticker 'GC=F' reason: Expecting value: line 1 column 1 (char 0)
2025-10-22 04:46:57,304 | ERROR | GC=F: No price data found, symbol may be delisted (period=1d)
2025-10-22 04:46:57,307 | INFO | [DATA] Usando datos simulados para XAUUSD: $2662.6140
2025-10-22 04:46:57,320 | INFO | [SIGNAL] SEÑAL DETECTADA: XAUUSD | BULLISH_BREAKOUT
2025-10-22 04:46:57,321 | INFO |    [CONF] Confianza: 77.1% | Riesgo: MEDIUM
2025-10-22 04:46:57,321 | INFO |    [PRICE] Precio: $2662.6140 | Spread: 0.500000
2025-10-22 04:46:57,326 | INFO | [SKIP] Trade no ejecutado para XAUUSD (condiciones no cumplidas)
2025-10-22 04:46:58,124 | ERROR | Failed to get ticker 'SI=F' reason: Expecting value: line 1 column 1 (char 0)
2025-10-22 04:46:58,887 | ERROR | SI=F: No price data found, symbol may be delisted (period=1d)
2025-10-22 04:46:58,890 | INFO | [DATA] Usando datos simulados para XAGUSD: $31.4990
2025-10-22 04:46:58,900 | INFO | [SIGNAL] SEÑAL DETECTADA: XAGUSD | BULLISH_BREAKOUT
2025-10-22 04:46:58,902 | INFO |    [CONF] Confianza: 69.9% | Riesgo: MEDIUM
2025-10-22 04:46:58,903 | INFO |    [PRICE] Precio: $31.4990 | Spread: 0.030000
2025-10-22 04:46:58,906 | INFO | [SKIP] Trade no ejecutado para XAGUSD (condiciones no cumplidas)
2025-10-22 04:46:58,907 | INFO | [SIGNALS] Señales detectadas: 3
2025-10-22 04:46:58,907 | INFO | [POSITIONS] Posiciones activas: 1
2025-10-22 04:46:58,907 | INFO | [PORTFOLIO] Posiciones:
2025-10-22 04:46:58,907 | INFO |    AUDUSD: SELL @ $0.7252
2025-10-22 04:46:58,907 | INFO | [CAPITAL] Capital actual: $500.00
2025-10-22 04:46:58,908 | INFO | [WAIT] Esperando 60 segundos para el próximo ciclo...
2025-10-22 04:47:58,919 | INFO | 
[CYCLE] CICLO 267 - 09:47:58
2025-10-22 04:47:58,920 | INFO | [SESSION] Sesión: LONDON | Prioridad: MEDIUM
2025-10-22 04:48:00,198 | ERROR | Failed to get ticker 'AUDUSD=X' reason: Expecting value: line 1 column 1 (char 0)
2025-10-22 04:48:01,253 | ERROR | AUDUSD=X: No price data found, symbol may be delisted (period=1d)
2025-10-22 04:48:03,260 | ERROR | Failed to get ticker 'EURUSD=X' reason: Expecting value: line 1 column 1 (char 0)
2025-10-22 04:48:04,358 | ERROR | EURUSD=X: No price data found, symbol may be delisted (period=1d)
2025-10-22 04:48:06,389 | ERROR | Failed to get ticker 'GBPUSD=X' reason: Expecting value: line 1 column 1 (char 0)
2025-10-22 04:48:07,529 | ERROR | GBPUSD=X: No price data found, symbol may be delisted (period=1d)
2025-10-22 04:48:09,754 | ERROR | Failed to get ticker 'USDJPY=X' reason: Expecting value: line 1 column 1 (char 0)
2025-10-22 04:48:10,998 | ERROR | USDJPY=X: No price data found, symbol may be delisted (period=1d)
2025-10-22 04:48:11,002 | INFO | [DATA] Usando datos simulados para USDJPY: $149.1036
2025-10-22 04:48:11,016 | INFO | [SIGNAL] SEÑAL DETECTADA: USDJPY | BEARISH_BREAKOUT
2025-10-22 04:48:11,017 | INFO |    [CONF] Confianza: 75.5% | Riesgo: LOW
2025-10-22 04:48:11,018 | INFO |    [PRICE] Precio: $149.1036 | Spread: 0.015000
2025-10-22 04:48:11,025 | INFO | [SKIP] Trade no ejecutado para USDJPY (condiciones no cumplidas)
2025-10-22 04:48:12,370 | ERROR | Failed to get ticker 'AUDUSD=X' reason: Expecting value: line 1 column 1 (char 0)
2025-10-22 04:48:13,352 | ERROR | AUDUSD=X: No price data found, symbol may be delisted (period=1d)
2025-10-22 04:48:14,103 | INFO | [SIGNAL] SEÑAL DETECTADA: AUDUSD | BEARISH_BREAKOUT
2025-10-22 04:48:14,104 | INFO |    [CONF] Confianza: 82.1% | Riesgo: MEDIUM
2025-10-22 04:48:14,104 | INFO |    [PRICE] Precio: $0.7252 | Spread: 0.000250
2025-10-22 04:48:14,104 | INFO | [SKIP] Trade no ejecutado para AUDUSD (condiciones no cumplidas)
2025-10-22 04:48:15,088 | ERROR | Failed to get ticker 'GC=F' reason: Expecting value: line 1 column 1 (char 0)
2025-10-22 04:48:16,039 | ERROR | GC=F: No price data found, symbol may be delisted (period=1d)
2025-10-22 04:48:16,042 | INFO | [DATA] Usando datos simulados para XAUUSD: $2652.8609
2025-10-22 04:48:16,968 | ERROR | Failed to get ticker 'SI=F' reason: Expecting value: line 1 column 1 (char 0)
2025-10-22 04:48:18,082 | ERROR | SI=F: No price data found, symbol may be delisted (period=1d)
2025-10-22 04:48:18,085 | INFO | [DATA] Usando datos simulados para XAGUSD: $31.6370
2025-10-22 04:48:18,086 | INFO | [SIGNALS] Señales detectadas: 2
2025-10-22 04:48:18,086 | INFO | [POSITIONS] Posiciones activas: 1
2025-10-22 04:48:18,086 | INFO | [PORTFOLIO] Posiciones:
2025-10-22 04:48:18,087 | INFO |    AUDUSD: SELL @ $0.7252
2025-10-22 04:48:18,087 | INFO | [CAPITAL] Capital actual: $500.00
2025-10-22 04:48:18,087 | INFO | [WAIT] Esperando 60 segundos para el próximo ciclo...
2025-10-22 04:49:18,097 | INFO | 
[CYCLE] CICLO 268 - 09:49:18
2025-10-22 04:49:18,098 | INFO | [SESSION] Sesión: LONDON | Prioridad: MEDIUM
2025-10-22 04:49:19,089 | ERROR | Failed to get ticker 'AUDUSD=X' reason: Expecting value: line 1 column 1 (char 0)
2025-10-22 04:49:19,898 | ERROR | AUDUSD=X: No price data found, symbol may be delisted (period=1d)
2025-10-22 04:49:21,555 | ERROR | Failed to get ticker 'EURUSD=X' reason: Expecting value: line 1 column 1 (char 0)
2025-10-22 04:49:22,361 | ERROR | EURUSD=X: No price data found, symbol may be delisted (period=1d)
2025-10-22 04:49:24,009 | ERROR | Failed to get ticker 'GBPUSD=X' reason: Expecting value: line 1 column 1 (char 0)
2025-10-22 04:49:25,211 | ERROR | GBPUSD=X: No price data found, symbol may be delisted (period=1d)
2025-10-22 04:49:26,805 | ERROR | Failed to get ticker 'USDJPY=X' reason: Expecting value: line 1 column 1 (char 0)
2025-10-22 04:49:27,708 | ERROR | USDJPY=X: No price data found, symbol may be delisted (period=1d)
2025-10-22 04:49:27,713 | INFO | [DATA] Usando datos simulados para USDJPY: $149.8722
2025-10-22 04:49:27,727 | INFO | [SIGNAL] SEÑAL DETECTADA: AUDUSD | BEARISH_BREAKOUT
2025-10-22 04:49:27,730 | INFO |    [CONF] Confianza: 82.1% | Riesgo: MEDIUM
2025-10-22 04:49:27,730 | INFO |    [PRICE] Precio: $0.7252 | Spread: 0.000250
2025-10-22 04:49:27,733 | INFO | [SKIP] Trade no ejecutado para AUDUSD (condiciones no cumplidas)
2025-10-22 04:49:28,540 | ERROR | Failed to get ticker 'GC=F' reason: Expecting value: line 1 column 1 (char 0)
2025-10-22 04:49:29,438 | ERROR | GC=F: No price data found, symbol may be delisted (period=1d)
2025-10-22 04:49:29,441 | INFO | [DATA] Usando datos simulados para XAUUSD: $2652.4212
2025-10-22 04:49:30,230 | ERROR | Failed to get ticker 'SI=F' reason: Expecting value: line 1 column 1 (char 0)
2025-10-22 04:49:31,149 | ERROR | SI=F: No price data found, symbol may be delisted (period=1d)
2025-10-22 04:49:31,153 | INFO | [DATA] Usando datos simulados para XAGUSD: $31.3720
2025-10-22 04:49:31,166 | INFO | [SIGNAL] SEÑAL DETECTADA: XAGUSD | BULLISH_BREAKOUT
2025-10-22 04:49:31,168 | INFO |    [CONF] Confianza: 68.2% | Riesgo: MEDIUM
2025-10-22 04:49:31,169 | INFO |    [PRICE] Precio: $31.3720 | Spread: 0.030000
2025-10-22 04:49:31,173 | INFO | [SKIP] Trade no ejecutado para XAGUSD (condiciones no cumplidas)
2025-10-22 04:49:31,174 | INFO | [SIGNALS] Señales detectadas: 2
2025-10-22 04:49:31,175 | INFO | [POSITIONS] Posiciones activas: 1
2025-10-22 04:49:31,176 | INFO | [PORTFOLIO] Posiciones:
2025-10-22 04:49:31,177 | INFO |    AUDUSD: SELL @ $0.7252
2025-10-22 04:49:31,177 | INFO | [CAPITAL] Capital actual: $500.00
2025-10-22 04:49:31,177 | INFO | [WAIT] Esperando 60 segundos para el próximo ciclo...
2025-10-22 04:50:31,188 | INFO | 
[CYCLE] CICLO 269 - 09:50:31
2025-10-22 04:50:31,189 | INFO | [SESSION] Sesión: LONDON | Prioridad: MEDIUM
2025-10-22 04:50:32,208 | ERROR | Failed to get ticker 'AUDUSD=X' reason: Expecting value: line 1 column 1 (char 0)
2025-10-22 04:50:33,004 | ERROR | AUDUSD=X: No price data found, symbol may be delisted (period=1d)
2025-10-22 04:50:34,628 | ERROR | Failed to get ticker 'EURUSD=X' reason: Expecting value: line 1 column 1 (char 0)
2025-10-22 04:50:35,504 | ERROR | EURUSD=X: No price data found, symbol may be delisted (period=1d)
2025-10-22 04:50:37,279 | ERROR | Failed to get ticker 'GBPUSD=X' reason: Expecting value: line 1 column 1 (char 0)
2025-10-22 04:50:38,075 | ERROR | GBPUSD=X: No price data found, symbol may be delisted (period=1d)
2025-10-22 04:50:40,204 | ERROR | Failed to get ticker 'USDJPY=X' reason: Expecting value: line 1 column 1 (char 0)
2025-10-22 04:50:41,106 | ERROR | USDJPY=X: No price data found, symbol may be delisted (period=1d)
2025-10-22 04:50:41,110 | INFO | [DATA] Usando datos simulados para USDJPY: $149.8893
2025-10-22 04:50:41,118 | INFO | [SIGNAL] SEÑAL DETECTADA: AUDUSD | BEARISH_BREAKOUT
2025-10-22 04:50:41,119 | INFO |    [CONF] Confianza: 82.1% | Riesgo: MEDIUM
2025-10-22 04:50:41,120 | INFO |    [PRICE] Precio: $0.7252 | Spread: 0.000250
2025-10-22 04:50:41,121 | INFO | [SKIP] Trade no ejecutado para AUDUSD (condiciones no cumplidas)
2025-10-22 04:50:42,023 | ERROR | Failed to get ticker 'GC=F' reason: Expecting value: line 1 column 1 (char 0)
2025-10-22 04:50:42,771 | ERROR | GC=F: No price data found, symbol may be delisted (period=1d)
2025-10-22 04:50:42,776 | INFO | [DATA] Usando datos simulados para XAUUSD: $2648.4887
2025-10-22 04:50:42,784 | INFO | [SIGNAL] SEÑAL DETECTADA: XAUUSD | BULLISH_BREAKOUT
2025-10-22 04:50:42,789 | INFO |    [CONF] Confianza: 77.5% | Riesgo: MEDIUM
2025-10-22 04:50:42,791 | INFO |    [PRICE] Precio: $2648.4887 | Spread: 0.500000
2025-10-22 04:50:42,802 | INFO | [SKIP] Trade no ejecutado para XAUUSD (condiciones no cumplidas)
2025-10-22 04:50:43,586 | ERROR | Failed to get ticker 'SI=F' reason: Expecting value: line 1 column 1 (char 0)
2025-10-22 04:50:44,464 | ERROR | SI=F: No price data found, symbol may be delisted (period=1d)
2025-10-22 04:50:44,468 | INFO | [DATA] Usando datos simulados para XAGUSD: $31.6291
2025-10-22 04:50:44,471 | INFO | [SIGNALS] Señales detectadas: 2
2025-10-22 04:50:44,473 | INFO | [POSITIONS] Posiciones activas: 1
2025-10-22 04:50:44,474 | INFO | [PORTFOLIO] Posiciones:
2025-10-22 04:50:44,475 | INFO |    AUDUSD: SELL @ $0.7252
2025-10-22 04:50:44,476 | INFO | [CAPITAL] Capital actual: $500.00
2025-10-22 04:50:44,476 | INFO | [WAIT] Esperando 60 segundos para el próximo ciclo...
2025-10-22 04:51:44,492 | INFO | 
[CYCLE] CICLO 270 - 09:51:44
2025-10-22 04:51:44,493 | INFO | [SESSION] Sesión: LONDON | Prioridad: MEDIUM
2025-10-22 04:51:45,668 | ERROR | Failed to get ticker 'AUDUSD=X' reason: Expecting value: line 1 column 1 (char 0)
2025-10-22 04:51:46,699 | ERROR | AUDUSD=X: No price data found, symbol may be delisted (period=1d)
2025-10-22 04:51:48,609 | ERROR | Failed to get ticker 'EURUSD=X' reason: Expecting value: line 1 column 1 (char 0)
2025-10-22 04:51:49,864 | ERROR | EURUSD=X: No price data found, symbol may be delisted (period=1d)
2025-10-22 04:51:51,778 | ERROR | Failed to get ticker 'GBPUSD=X' reason: Expecting value: line 1 column 1 (char 0)
2025-10-22 04:51:52,896 | ERROR | GBPUSD=X: No price data found, symbol may be delisted (period=1d)
2025-10-22 04:51:55,393 | ERROR | Failed to get ticker 'USDJPY=X' reason: Expecting value: line 1 column 1 (char 0)
2025-10-22 04:51:56,597 | ERROR | USDJPY=X: No price data found, symbol may be delisted (period=1d)
2025-10-22 04:51:56,605 | INFO | [DATA] Usando datos simulados para USDJPY: $148.8133
2025-10-22 04:51:56,617 | INFO | [SIGNAL] SEÑAL DETECTADA: AUDUSD | BEARISH_BREAKOUT
2025-10-22 04:51:56,618 | INFO |    [CONF] Confianza: 82.1% | Riesgo: MEDIUM
2025-10-22 04:51:56,622 | INFO |    [PRICE] Precio: $0.7252 | Spread: 0.000250
2025-10-22 04:51:56,624 | INFO | [SKIP] Trade no ejecutado para AUDUSD (condiciones no cumplidas)
2025-10-22 04:51:58,201 | ERROR | Failed to get ticker 'GC=F' reason: Expecting value: line 1 column 1 (char 0)
2025-10-22 04:51:59,344 | ERROR | GC=F: No price data found, symbol may be delisted (period=1d)
2025-10-22 04:51:59,347 | INFO | [DATA] Usando datos simulados para XAUUSD: $2660.5264
2025-10-22 04:52:00,524 | ERROR | Failed to get ticker 'SI=F' reason: Expecting value: line 1 column 1 (char 0)
2025-10-22 04:52:01,953 | ERROR | SI=F: No price data found, symbol may be delisted (period=1d)
2025-10-22 04:52:01,955 | INFO | [DATA] Usando datos simulados para XAGUSD: $31.4606
2025-10-22 04:52:01,955 | INFO | [SIGNALS] Señales detectadas: 1
2025-10-22 04:52:01,955 | INFO | [POSITIONS] Posiciones activas: 1
2025-10-22 04:52:01,955 | INFO | [PORTFOLIO] Posiciones:
2025-10-22 04:52:01,955 | INFO |    AUDUSD: SELL @ $0.7252
2025-10-22 04:52:01,955 | INFO | [CAPITAL] Capital actual: $500.00
2025-10-22 04:52:01,955 | INFO | [STATS] ROI Total: +0.00% | Señales totales: 475
2025-10-22 04:52:01,955 | INFO | [WAIT] Esperando 60 segundos para el próximo ciclo...
2025-10-22 04:53:01,959 | INFO | 
[CYCLE] CICLO 271 - 09:53:01
2025-10-22 04:53:01,961 | INFO | [SESSION] Sesión: LONDON | Prioridad: MEDIUM
2025-10-22 04:53:03,057 | ERROR | Failed to get ticker 'AUDUSD=X' reason: Expecting value: line 1 column 1 (char 0)
2025-10-22 04:53:04,139 | ERROR | AUDUSD=X: No price data found, symbol may be delisted (period=1d)
2025-10-22 04:53:05,963 | ERROR | Failed to get ticker 'EURUSD=X' reason: Expecting value: line 1 column 1 (char 0)
2025-10-22 04:53:06,964 | ERROR | EURUSD=X: No price data found, symbol may be delisted (period=1d)
2025-10-22 04:53:08,811 | ERROR | Failed to get ticker 'GBPUSD=X' reason: Expecting value: line 1 column 1 (char 0)
2025-10-22 04:53:19,564 | ERROR | GBPUSD=X: No price data found, symbol may be delisted (period=1d)
2025-10-22 04:53:21,572 | ERROR | Failed to get ticker 'USDJPY=X' reason: Expecting value: line 1 column 1 (char 0)
2025-10-22 04:53:22,877 | ERROR | USDJPY=X: No price data found, symbol may be delisted (period=1d)
2025-10-22 04:53:22,882 | INFO | [DATA] Usando datos simulados para USDJPY: $149.4239
2025-10-22 04:53:22,898 | INFO | [SIGNAL] SEÑAL DETECTADA: AUDUSD | BEARISH_BREAKOUT
2025-10-22 04:53:22,899 | INFO |    [CONF] Confianza: 82.1% | Riesgo: MEDIUM
2025-10-22 04:53:22,900 | INFO |    [PRICE] Precio: $0.7252 | Spread: 0.000250
2025-10-22 04:53:22,900 | INFO | [SKIP] Trade no ejecutado para AUDUSD (condiciones no cumplidas)
2025-10-22 04:53:23,904 | ERROR | Failed to get ticker 'GC=F' reason: Expecting value: line 1 column 1 (char 0)
2025-10-22 04:53:24,883 | ERROR | GC=F: No price data found, symbol may be delisted (period=1d)
2025-10-22 04:53:24,894 | INFO | [DATA] Usando datos simulados para XAUUSD: $2649.6242
2025-10-22 04:53:24,908 | INFO | [SIGNAL] SEÑAL DETECTADA: XAUUSD | BULLISH_BREAKOUT
2025-10-22 04:53:24,910 | INFO |    [CONF] Confianza: 67.3% | Riesgo: MEDIUM
2025-10-22 04:53:24,911 | INFO |    [PRICE] Precio: $2649.6242 | Spread: 0.500000
2025-10-22 04:53:24,917 | INFO | [SKIP] Trade no ejecutado para XAUUSD (condiciones no cumplidas)
2025-10-22 04:53:26,028 | ERROR | Failed to get ticker 'SI=F' reason: Expecting value: line 1 column 1 (char 0)
2025-10-22 04:53:27,131 | ERROR | SI=F: No price data found, symbol may be delisted (period=1d)
2025-10-22 04:53:27,135 | INFO | [DATA] Usando datos simulados para XAGUSD: $31.3970
2025-10-22 04:53:27,143 | INFO | [SIGNAL] SEÑAL DETECTADA: XAGUSD | BEARISH_BREAKOUT
2025-10-22 04:53:27,144 | INFO |    [CONF] Confianza: 78.5% | Riesgo: MEDIUM
2025-10-22 04:53:27,144 | INFO |    [PRICE] Precio: $31.3970 | Spread: 0.030000
2025-10-22 04:53:27,154 | INFO | [SKIP] Trade no ejecutado para XAGUSD (condiciones no cumplidas)
2025-10-22 04:53:27,155 | INFO | [SIGNALS] Señales detectadas: 3
2025-10-22 04:53:27,155 | INFO | [POSITIONS] Posiciones activas: 1
2025-10-22 04:53:27,155 | INFO | [PORTFOLIO] Posiciones:
2025-10-22 04:53:27,157 | INFO |    AUDUSD: SELL @ $0.7252
2025-10-22 04:53:27,157 | INFO | [CAPITAL] Capital actual: $500.00
2025-10-22 04:53:27,174 | INFO | [WAIT] Esperando 60 segundos para el próximo ciclo...
