timestamp,Open,High,Low,Close,Volume,Adj Close,SMA_20,SMA_50,EMA_12,EMA_26,MACD,MACD_signal,RSI,volatility,BB_middle,BB_upper,BB_lower,rsi,sma_20,sma_50,ema_12,ema_26,macd,macd_signal,macd_histogram,bb_middle,bb_upper,bb_lower,volume_sma
2025-06-17 20:00:00,104686.12,104898.81,104203.85,104551.17,1706.64759,104551.17,,,104551.17,104551.17,0.0,0.0,,,,,,,,,104551.17,104551.17,0.0,0.0,0.0,,,,
2025-06-18 00:00:00,104551.17,105240.0,104379.52,105184.84,1346.38636,105184.84,,,104894.40791666666,104880.19096153846,14.216955128198606,7.898308404554781,,,,,,,,,104894.40791666666,104880.19096153846,14.216955128198606,7.898308404554781,6.318646723643825,,,,
2025-06-18 04:00:00,105184.84,105550.27,104713.24,104973.24,1758.92527,104973.24,,,104925.17609699769,104913.62257762444,11.55351937325031,9.396345686807047,,,,,,,,,104925.17609699769,104913.62257762444,11.55351937325031,9.396345686807047,2.1571736864432633,,,,
2025-06-18 08:00:00,104973.24,105310.62,104175.87,104840.59,1900.45623,104840.59,,,104898.4755718391,104893.2058604136,5.269711425498826,7.998434351675535,,,,,,,,,104898.4755718391,104893.2058604136,5.269711425498826,7.998434351675535,-2.728722926176709,,,,
2025-06-18 12:00:00,104840.58,105325.83,103814.04,104801.01,4024.47787,104801.01,,,104871.99452431008,104871.82526011275,0.16926419733499642,5.669433234844105,,,,,,,,,104871.99452431008,104871.82526011275,0.16926419733499642,5.669433234844105,-5.500169037509108,,,,
2025-06-18 16:00:00,104801.01,104836.64,103500.0,103808.41,3290.4773,103808.41,,,104613.48752992883,104658.83166500802,-45.34413507919817,-8.158080077792036,,,,,,,,,104613.48752992883,104658.83166500802,-45.34413507919817,-8.158080077792036,-37.18605500140613,,,,
2025-06-18 20:00:00,103808.41,105139.87,103652.0,104886.78,1647.91864,104886.78,,,104674.47178844782,104699.37109473349,-24.899306285675266,-12.394837815732389,,,,,,,,,104674.47178844782,104699.37109473349,-24.899306285675266,-12.394837815732389,-12.504468469942877,,,,
2025-06-19 00:00:00,104886.79,105226.17,104457.12,105100.02,1479.10507,105100.02,,,104763.277141179,104763.92556078102,-0.648419602017384,-9.571952627533205,,,,,,,,,104763.277141179,104763.92556078102,-0.648419602017384,-9.571952627533205,8.923533025515821,,,,
2025-06-19 04:00:00,105100.01,105220.0,104617.69,104642.85,1132.25759,104642.85,,,104739.45236629368,104745.9795047091,-6.527138415418449,-8.868585439133499,,,,,,,,,104739.45236629368,104745.9795047091,-6.527138415418449,-8.868585439133499,2.34144702371505,,,,
2025-06-19 08:00:00,104642.85,105073.53,104631.26,104776.23,949.58523,104776.23,,,104746.42171358762,104750.15377864063,-3.732065053001861,-7.717706698040804,,,,,,,,,104746.42171358762,104750.15377864063,-3.732065053001861,-7.717706698040804,3.9856416450389425,,,,
2025-06-19 12:00:00,104776.23,104917.05,104078.0,104096.93,1595.4989,104096.93,,,104627.58039035242,104665.43044760934,-37.85005725691735,-14.310492825998093,,,,,,,,,104627.58039035242,104665.43044760934,-37.85005725691735,-14.310492825998093,-23.53956443091926,,,,
2025-06-19 16:00:00,104096.94,104814.73,103929.27,104250.44,1624.22301,104250.44,,,104560.5260670467,104614.44233236025,-53.91626531355723,-22.81615175436197,,,,,,,,,104560.5260670467,104614.44233236025,-53.91626531355723,-22.81615175436197,-31.10011355919526,,,,
2025-06-19 20:00:00,104250.45,104898.31,104150.0,104658.59,897.93757,104658.59,,,104577.55369120551,104619.61422366118,-42.06053245566727,-26.888931319060774,,,,,,,,,104577.55369120551,104619.61422366118,-42.06053245566727,-26.888931319060774,-15.171601136606498,,,,
2025-06-20 00:00:00,104658.59,104820.0,104391.38,104596.63,1026.45735,104596.63,,,104580.80177752086,104617.03282181415,-36.23104429329396,-28.843308323567957,50.437520932864764,,,,,50.437520932864764,,,104580.80177752086,104617.03282181415,-36.23104429329396,-28.843308323567957,-7.387735969726005,,,,
2025-06-20 04:00:00,104596.64,105825.66,104238.02,105811.74,1878.07017,105811.74,,,104787.0050027131,104746.27087362827,40.734129084827146,-14.420358405347688,59.83239447825302,,,,,59.83239447825302,,,104787.0050027131,104746.27087362827,40.734129084827146,-14.420358405347688,55.15448749017483,,,,
2025-06-20 08:00:00,105811.74,106524.65,105757.48,105977.82,2862.78664,105977.82,,,104983.79657006098,104875.10102918131,108.6955408796639,10.915975861421861,56.6718831507565,,,,,56.6718831507565,,,104983.79657006098,104875.10102918131,108.6955408796639,10.915975861421861,97.77956501824204,,,,
2025-06-20 12:00:00,105977.82,106149.17,103888.0,104217.99,3668.86931,104217.99,,,104858.66891936837,104808.39852125477,50.270398113600095,18.9681798257232,44.9589036341282,,,,,44.9589036341282,,,104858.66891936837,104808.39852125477,50.270398113600095,18.9681798257232,31.302218287876894,,,,
2025-06-20 16:00:00,104218.0,104269.64,102345.0,103307.22,5227.49835,103307.22,,,104607.56986036032,104660.08473000921,-52.51486964889045,4.409300476349385,40.72825778051894,,,,,40.72825778051894,,,104607.56986036032,104660.08473000921,-52.51486964889045,4.409300476349385,-56.92417012523984,,,,
2025-06-20 20:00:00,103307.21,103828.0,102963.67,103297.99,1755.38101,103297.99,,,104397.29942148669,104528.75908867293,-131.45966718623822,-23.161834993538918,40.87829390559194,,,,,40.87829390559194,,,104397.29942148669,104528.75908867293,-131.45966718623822,-23.161834993538918,-108.2978321926993,,,,
2025-06-21 00:00:00,103297.98,103691.67,103127.48,103495.87,750.73411,103495.87,104563.818,,104253.52868245526,104431.34979686675,-177.82111441149027,-54.45447040008952,47.900719776248664,,104563.818,106016.55184088288,103111.08415911712,47.900719776248664,104563.818,,104253.52868245526,104431.34979686675,-177.82111441149027,-54.45447040008952,-123.36664401140075,104563.818,106016.55184088288,103111.08415911712,2026.1846785000002
2025-06-21 04:00:00,103495.86,103599.04,103330.0,103458.5,686.61118,103458.5,104509.1845,,104127.43987719022,104341.42221867561,-213.98234148538904,-86.65706109164823,38.84675572936349,0.00654118589542239,104509.1845,106043.79850474415,102974.57049525586,38.84675572936349,104509.1845,,104127.43987719022,104341.42221867561,-213.98234148538904,-86.65706109164823,-127.32528039374081,104509.1845,106043.79850474415,102974.57049525586,1975.1828580000001
2025-06-21 08:00:00,103458.5,103982.64,103458.49,103874.64,1188.56205,103874.64,104443.6745,,104087.53624712549,104299.0521942587,-211.51594713320083,-111.81446719272068,40.725081291213215,0.006448720946572948,104443.6745,105968.67637041783,102918.67262958216,40.725081291213215,104443.6745,,104087.53624712549,104299.0521942587,-211.51594713320083,-111.81446719272068,-99.70147994048014,104443.6745,105968.67637041783,102918.67262958216,1967.2916425000003
2025-06-21 12:00:00,103874.63,103946.47,103281.82,103560.9,1449.27436,103560.9,104373.0575,,104004.73967843252,104233.15012413474,-228.41044570221857,-135.27213251019728,41.628948773297935,0.006464212886970387,104373.0575,105925.36388816297,102820.75111183702,41.628948773297935,104373.0575,,104004.73967843252,104233.15012413474,-228.41044570221857,-135.27213251019728,-93.13831319202129,104373.0575,105925.36388816297,102820.75111183702,1951.809097
2025-06-21 16:00:00,103560.9,103640.0,102210.43,102245.1,2365.40427,102245.1,104243.283,,103729.02268569624,104058.31591269402,-329.2932269977755,-174.2604686193778,33.44556545762062,0.007004455225290813,104243.283,106044.95765368488,102441.60834631512,33.44556545762062,104243.283,,103729.02268569624,104058.31591269402,-329.2932269977755,-174.2604686193778,-155.0327583783977,104243.283,106044.95765368488,102441.60834631512,1975.0564989999998
2025-06-21 20:00:00,102245.11,102888.88,100837.9,102120.01,4713.62735,102120.01,104109.233,,103477.62216415803,103890.18801331402,-412.56584915598796,-222.10228600261198,36.05968978910283,0.007001594888645209,104109.233,106122.68725497785,102095.77874502214,36.05968978910283,104109.233,,103477.62216415803,103890.18801331402,-412.56584915598796,-222.10228600261198,-190.463563153376,104109.233,106122.68725497785,102095.77874502214,2009.5139729999999
2025-06-22 00:00:00,102120.02,103399.62,101839.96,102375.4,4339.90882,102375.4,104037.58249999999,,103305.81740190867,103760.43922936775,-454.6218274590792,-268.7471698048591,36.96538357798488,0.006771663701564642,104037.58249999999,106193.08938564382,101882.07561435616,36.96538357798488,104037.58249999999,,103305.81740190867,103760.43922936775,-454.6218274590792,-268.7471698048591,-185.87465765422013,104037.58249999999,106193.08938564382,101882.07561435616,2061.985549
2025-06-22 04:00:00,102375.4,102946.47,102256.01,102424.61,1481.73109,102424.61,103914.474,,103168.74008677827,103647.32900725286,-478.58892047459085,-310.8172391248733,33.65444275345354,0.006263217957766372,103914.474,106145.68452926693,101683.26347073307,33.65444275345354,103914.474,,103168.74008677827,103647.32900725286,-478.58892047459085,-310.8172391248733,-167.77168134971754,103914.474,106145.68452926693,101683.26347073307,2053.6761715000002
2025-06-22 08:00:00,102424.61,102804.05,102080.0,102739.48,1801.30685,102739.48,103796.447,,103102.07999412894,103571.26394868923,-469.1839545602852,-342.5519661012679,36.89658237976091,0.006295469389958636,103796.447,106013.29213384604,101579.60186615396,36.89658237976091,103796.447,,103102.07999412894,103571.26394868923,-469.1839545602852,-342.5519661012679,-126.6319884590173,103796.447,106013.29213384604,101579.60186615396,2069.7862605
2025-06-22 12:00:00,102739.47,102831.0,98889.35,98906.21,12422.58545,98906.21,103509.615,,102451.44034004692,103184.15718874164,-732.7168486947194,-420.7058799439241,14.42161351184528,0.010255367817822545,103509.615,106583.99055846114,100435.23944153887,14.42161351184528,103509.615,,102451.44034004692,103184.15718874164,-732.7168486947194,-420.7058799439241,-312.01096875079526,103509.615,106583.99055846114,100435.23944153887,2634.3026535
2025-06-22 16:00:00,98906.21,100380.0,98673.66,98882.84,4419.40202,98882.84,103214.9455,,101898.74389600962,102830.38407201899,-931.6401760093722,-523.0193971565313,12.899970298976271,0.010229582195905883,103214.9455,106855.71205206437,99574.17894793564,12.899970298976271,103214.9455,,101898.74389600962,102830.38407201899,-931.6401760093722,-523.0193971565313,-408.6207788528409,103214.9455,106855.71205206437,99574.17894793564,2807.793493
2025-06-22 20:00:00,98882.85,101034.65,98200.0,100963.87,4281.47649,100963.87,103058.2925,,101754.10201936698,102678.11232599684,-924.0103066298616,-603.297082219678,33.537046855459124,0.011488165066438483,103058.2925,106807.27836039296,99309.30663960704,33.537046855459124,103058.2925,,101754.10201936698,102678.11232599684,-924.0103066298616,-603.297082219678,-320.71322441018356,103058.2925,106807.27836039296,99309.30663960704,2942.0923725000002
2025-06-23 00:00:00,100963.87,101620.0,100494.25,101154.14,2930.22354,101154.14,102903.47750000001,,101661.35792320421,102554.7117526231,-893.3538294188911,-661.3544294289189,38.25079180063429,0.011494045899096196,102903.47750000001,106700.5949263138,99106.36007368621,38.25079180063429,102903.47750000001,,101661.35792320421,102554.7117526231,-893.3538294188911,-661.3544294289189,-231.99939998997218,102903.47750000001,106700.5949263138,99106.36007368621,3007.392399
2025-06-23 04:00:00,101154.13,102137.0,100980.0,101931.04,2509.06943,101931.04,102767.1,,101703.0155560086,102504.55720651388,-801.5416505052854,-689.4096557564391,43.117298216675515,0.011616607106866314,102767.1,106494.07752277126,99040.12247722875,43.117298216675515,102767.1,,101703.0155560086,102504.55720651388,-801.5416505052854,-689.4096557564391,-112.1319947488463,102767.1,106494.07752277126,99040.12247722875,3087.948992
2025-06-23 08:00:00,101931.04,102080.0,101102.76,101289.01,2527.52051,101289.01,102601.719,,101639.10419321974,102407.42135466496,-768.3171614452149,-705.1991631255918,39.36399703888773,0.01166943949309152,102601.719,106280.09877594485,98923.33922405515,39.36399703888773,102601.719,,101639.10419321974,102407.42135466496,-768.3171614452149,-705.1991631255918,-63.1179983196231,102601.719,106280.09877594485,98923.33922405515,3163.00215
2025-06-23 12:00:00,101289.0,102613.09,100792.16,101420.7,4451.665,101420.7,102382.167,,101605.40619928768,102329.02884221867,-723.62264293099,-708.8853543834908,40.267270365275856,0.011278708717856932,102382.167,105766.22494650587,98998.10905349413,40.267270365275856,102382.167,,101605.40619928768,102329.02884221867,-723.62264293099,-708.8853543834908,-14.737288547499134,102382.167,105766.22494650587,98998.10905349413,3291.6818915000003
2025-06-23 16:00:00,101420.71,103300.0,99613.33,103161.29,7496.3725,103161.29,102241.3405,,101845.35948467698,102394.79648782764,-549.4370031506551,-676.9853319877942,46.9756004494096,0.012054708463298583,102241.3405,105203.48584526991,99279.1951547301,46.9756004494096,102241.3405,,101845.35948467698,102394.79648782764,-549.4370031506551,-676.9853319877942,127.54832883713914,102241.3405,105203.48584526991,99279.1951547301,3523.3611845
2025-06-23 20:00:00,103161.3,106074.2,102880.0,105333.93,7751.65511,105333.93,102297.1375,,102383.17503496495,102625.91144849955,-242.7364135345997,-590.1129949490204,56.493592584318215,0.012468924639068311,102297.1375,105451.83823437201,99142.43676562798,56.493592584318215,102297.1375,,102383.17503496495,102625.91144849955,-242.7364135345997,-590.1129949490204,347.3765814144207,102297.1375,105451.83823437201,99142.43676562798,3727.5004744999997
2025-06-24 00:00:00,105333.94,105500.0,104720.82,104919.6,2882.14256,104919.6,102377.75649999999,,102774.07839889439,102805.45403174938,-31.375632854993455,-478.34230866688466,60.48767595140025,0.012324811211869641,102377.75649999999,105718.09067427703,99037.42232572295,60.48767595140025,102377.75649999999,,102774.07839889439,102805.45403174938,-31.375632854993455,-478.34230866688466,446.9666758118912,102377.75649999999,105718.09067427703,99037.42232572295,3610.232685
2025-06-24 04:00:00,104919.6,105811.0,104704.91,104933.74,3158.97987,104933.74,102459.544,,103106.82679494562,102971.35220792514,135.4745870204788,-355.55852857467113,61.13049883185801,0.012324016554486963,102459.544,105970.49354722118,98948.59445277881,61.13049883185801,102459.544,,103106.82679494562,102971.35220792514,135.4745870204788,-355.55852857467113,491.0331155951499,102459.544,105970.49354722118,98948.59445277881,3680.4126280000005
2025-06-24 08:00:00,104933.74,105571.4,104622.02,105170.0,2216.8644,105170.0,102543.2505,,103424.63629295843,103142.07346619024,282.56282676818955,-227.91729107546897,61.071581382818614,0.012325761577451261,102543.2505,106233.48245738482,98853.01854261517,61.071581382818614,102543.2505,,103424.63629295843,103142.07346619024,282.56282676818955,-227.91729107546897,510.4801178436585,102543.2505,106233.48245738482,98853.01854261517,3753.7191424999996
2025-06-24 12:00:00,105169.99,105731.92,104800.98,105244.73,2933.73072,105244.73,102632.56199999999,,103704.94791965965,103304.75968971693,400.1882299427234,-102.28282712409296,61.15013933127316,0.012322432367120495,102632.56199999999,106498.34674317602,98766.77725682396,61.15013933127316,102632.56199999999,,103704.94791965965,103304.75968971693,400.1882299427234,-102.28282712409296,502.47105706681634,102632.56199999999,106498.34674317602,98766.77725682396,3866.0751195000003
2025-06-24 16:00:00,105244.72,106290.0,105172.64,105643.19,2366.40087,105643.19,102720.9895,,104003.40677557084,103485.09346080506,518.3133147657791,21.846961048412616,61.40524803785794,0.012319423790182792,102720.9895,106782.36391667213,98659.61508332787,61.40524803785794,102720.9895,,104003.40677557084,103485.09346080506,518.3133147657791,21.846961048412616,496.4663537173665,102720.9895,106782.36391667213,98659.61508332787,3924.9670605
2025-06-24 20:00:00,105643.2,106119.11,105435.45,106083.0,1093.57493,106083.0,102847.0945,,104323.5872562088,103684.82950484219,638.7577513666183,145.2375166381161,88.43507832373814,0.012303290053093533,102847.0945,107166.6884321214,98527.50056787861,88.43507832373814,102847.0945,,104323.5872562088,103684.82950484219,638.7577513666183,145.2375166381161,493.52023472850226,102847.0945,107166.6884321214,98527.50056787861,3907.1820890000004
2025-06-25 00:00:00,106083.0,106791.18,105808.03,106232.01,2385.0945,106232.01,103046.44,,104617.37947221295,103880.11691734161,737.2625548713404,263.6489712175665,88.83563431830227,0.011855746268127956,103046.44,107610.14622132586,98482.73377867414,88.83563431830227,103046.44,,104617.37947221295,103880.11691734161,737.2625548713404,263.6489712175665,473.6135836537739,103046.44,107610.14622132586,98482.73377867414,3908.1666004999997
2025-06-25 04:00:00,106232.01,106702.0,106001.0,106600.01,1317.62334,106600.01,103270.44,,104922.56542978181,104088.1063468567,834.4590829251101,377.81596623303216,86.36754309666209,0.011835362362554405,103270.44,108076.05701946028,98464.82298053973,86.36754309666209,103270.44,,104922.56542978181,104088.1063468567,834.4590829251101,377.81596623303216,456.64311669207797,103270.44,108076.05701946028,98464.82298053973,3738.3664000000003
2025-06-25 08:00:00,106600.0,107237.44,106343.13,107198.02,2272.81569,107198.02,103511.57100000001,,105272.79643709058,104325.35218132369,947.4442557668954,491.7455940079291,87.04901552117317,0.011859689728411118,103511.57100000001,108603.52938296509,98419.61261703493,87.04901552117317,103511.57100000001,,105272.79643709058,104325.35218132369,947.4442557668954,491.7455940079291,455.69866175896624,103511.57100000001,108603.52938296509,98419.61261703493,3635.0117435
2025-06-25 12:00:00,107198.02,108135.3,106752.36,107028.0,7497.00314,107028.0,103741.7405,,105542.93287844694,104531.07370982162,1011.8591686253203,595.7712087423176,83.75595386318973,0.011886008259669158,103741.7405,109038.85827732789,98444.62272267211,83.75595386318973,103741.7405,,105542.93287844694,104531.07370982162,1011.8591686253203,595.7712087423176,416.08795988300267,103741.7405,109038.85827732789,98444.62272267211,3935.775346
2025-06-25 16:00:00,107027.99,107905.37,106931.0,107761.68,2109.69446,107761.68,103992.8505,,105884.39102547304,104776.480931536,1107.91009393704,698.20127004796,92.35281107968868,0.011929486312097613,103992.8505,109559.22856041527,98426.47243958473,92.35281107968868,103992.8505,,105884.39102547304,104776.480931536,1107.91009393704,698.20127004796,409.7088238890801,103992.8505,109559.22856041527,98426.47243958473,3951.1947265000003
2025-06-25 20:00:00,107761.67,108000.0,107079.9,107340.58,1118.92438,107340.58,104414.56899999999,,106108.48253557569,104970.89085904429,1137.5916765314032,786.0809191699792,87.32218016386804,0.007633634966888799,104414.56899999999,109624.94596875599,99204.19203124399,87.32218016386804,104414.56899999999,,106108.48253557569,104970.89085904429,1137.5916765314032,786.0809191699792,351.510757361424,104414.56899999999,109624.94596875599,99204.19203124399,3386.011673
2025-06-26 00:00:00,107340.59,108272.45,107105.43,107853.79,1896.83706,107853.79,104863.1165,104182.5276,106377.0546943211,105189.09124383447,1187.9634504866262,866.458572621513,85.00089506817454,0.007564810658733267,104863.1165,109590.5827604124,100135.6502395876,85.00089506817454,104863.1165,104182.5276,106377.0546943211,105189.09124383447,1187.9634504866262,866.458572621513,321.50487786511326,104863.1165,109590.5827604124,100135.6502395876,3259.883425
2025-06-26 04:00:00,107853.79,108085.92,107520.0,107813.99,1290.81871,107813.99,105205.62250000001,104247.784,106598.16577335114,105387.44404560704,1210.721727744094,935.311989813076,77.1308111041102,0.006525741918455567,105205.62250000001,109731.91471677719,100679.33028322284,77.1308111041102,105205.62250000001,104247.784,106598.16577335114,105387.44404560704,1210.721727744094,935.311989813076,275.40973793101807,105205.62250000001,109731.91471677719,100679.33028322284,3110.350536
2025-06-26 08:00:00,107813.99,108174.86,107117.65,107325.41,2010.44306,107325.41,105514.18599999999,104290.5954,106710.06838937919,105533.6700194309,1176.3983699482924,983.5297062793165,75.89783005117555,0.006753139295824399,105514.18599999999,109706.6488053355,101321.72319466448,75.89783005117555,105514.18599999999,104290.5954,106710.06838937919,105533.6700194309,1176.3983699482924,983.5297062793165,192.86866366897584,105514.18599999999,109706.6488053355,101321.72319466448,3064.3615120000004
2025-06-26 12:00:00,107325.42,107765.55,106562.5,107313.6,2623.12904,107313.6,105783.31399999998,104337.4026,106802.93267005654,105667.78667321788,1135.1459968386625,1013.8531859802619,75.63134359221814,0.00669257417629236,105783.31399999998,109688.50335872115,101878.12464127882,75.63134359221814,105783.31399999998,104337.4026,106802.93267005654,105667.78667321788,1135.1459968386625,1013.8531859802619,121.29281085840068,105783.31399999998,109688.50335872115,101878.12464127882,3070.0644925
2025-06-26 16:00:00,107313.61,107669.74,107009.28,107532.98,1252.6466,107532.98,106095.5125,104391.2504,106915.26121934055,105808.14886151717,1107.112357823382,1032.5051293882693,75.54241611899013,0.006360680492365004,106095.5125,109446.96460490751,102744.06039509249,75.54241611899013,106095.5125,104391.2504,106915.26121934055,105808.14886151717,1107.112357823382,1032.5051293882693,74.60722843511257,106095.5125,109446.96460490751,102744.06039509249,3006.3207970000003
2025-06-26 20:00:00,107532.97,108000.0,106850.0,106947.06,1499.39832,106947.06,106371.8305,104434.1714,106920.15383977005,105893.75486716306,1026.398972606985,1031.2838923205245,66.56997852744627,0.006629745586140276,106371.8305,108913.99396928493,103829.66703071506,66.56997852744627,106371.8305,104434.1714,106920.15383977005,105893.75486716306,1026.398972606985,1031.2838923205245,-4.8849197135396025,106371.8305,108913.99396928493,103829.66703071506,2858.7074629999997
2025-06-27 00:00:00,106947.06,107515.28,106438.33,107477.76,1472.30428,107477.76,106587.65400000001,104507.5584,107005.94682648002,106012.68654562555,993.2602808544762,1023.6791415745641,67.40899178786236,0.005726584003323946,106587.65400000001,108674.26499395657,104501.04300604344,67.40899178786236,106587.65400000001,104507.5584,107005.94682648002,106012.68654562555,993.2602808544762,1023.6791415745641,-30.41886072008799,106587.65400000001,108674.26499395657,104501.04300604344,2557.504052
2025-06-27 04:00:00,107477.76,107735.34,106850.0,106869.71,1946.05962,106869.71,106664.443,104547.21699999999,106984.98578000876,106076.96949137328,908.016288635481,1000.5465017471629,57.234420950219636,0.003881819895728956,106664.443,108668.17854033023,104660.70745966976,57.234420950219636,106664.443,104547.21699999999,106984.98578000876,106076.96949137328,908.016288635481,1000.5465017471629,-92.53021311168186,106664.443,108668.17854033023,104660.70745966976,2267.2242775
2025-06-27 08:00:00,106869.72,107159.95,106679.98,106983.6,2318.07544,106983.6,106767.643,104584.8886,106984.77256987535,106144.90992603531,839.8626438400388,968.4096532132739,56.95639699008745,0.003723363902584162,106767.643,108598.11149597046,104937.17450402954,56.95639699008745,106767.643,104584.8886,106984.77256987535,106144.90992603531,839.8626438400388,968.4096532132739,-128.54700937323514,106767.643,108598.11149597046,104937.17450402954,2239.0209215
2025-06-27 12:00:00,106983.6,107407.14,106356.76,107308.25,3704.52866,107308.25,106886.36850000001,104638.1966,107034.54093729571,106232.01229193725,802.5286453584558,935.2333880892124,56.60819586474595,0.003745068832683235,106886.36850000001,108512.63718195439,105260.09981804564,56.60819586474595,106886.36850000001,104638.1966,107034.54093729571,106232.01229193725,802.5286453584558,935.2333880892124,-132.7047427307566,106886.36850000001,108512.63718195439,105260.09981804564,2266.298361
2025-06-27 16:00:00,107308.25,107709.22,106446.45,106801.02,1987.48356,106801.02,106967.9195,104678.6924,106998.61304560478,106274.58141753185,724.0316280729312,892.9929713527059,46.231980896048185,0.003953952034409773,106967.9195,108381.45660130905,105554.38239869096,46.231980896048185,106967.9195,104678.6924,106998.61304560478,106274.58141753185,724.0316280729312,892.9929713527059,-168.96134327977472,106967.9195,108381.45660130905,105554.38239869096,2254.829319
2025-06-27 20:00:00,106801.02,107277.99,106794.33,107047.59,803.98886,107047.59,107058.0625,104737.70559999999,107006.14824448162,106332.36974689682,673.7784975848044,849.1500228478272,50.183270122760085,0.003968655687903426,107058.0625,108215.67929200453,105900.44570799547,50.183270122760085,107058.0625,104737.70559999999,107006.14824448162,106332.36974689682,673.7784975848044,849.1500228478272,-175.37152526302282,107058.0625,108215.67929200453,105900.44570799547,2148.342226
2025-06-28 00:00:00,107047.58,107347.1,106811.51,107300.13,775.04704,107300.13,107140.9095,104798.69940000001,107051.37764328248,106404.66783610971,646.7098071727669,808.661940002219,45.254892123460245,0.0039258253859248155,107140.9095,108090.68221535893,106191.13678464106,45.254892123460245,107140.9095,104798.69940000001,107051.37764328248,106404.66783610971,646.7098071727669,808.661940002219,-161.95213282945213,107140.9095,108090.68221535893,106191.13678464106,2068.7745345
2025-06-28 04:00:00,107300.13,107496.12,107183.29,107485.0,497.62159,107485.0,107211.0095,104855.22760000001,107118.09056782782,106485.32477279512,632.7657950326975,773.4826834053431,51.56055497925311,0.0038525701432323405,107211.0095,108029.96513320369,106392.05386679631,51.56055497925311,107211.0095,104855.22760000001,107118.09056782782,106485.32477279512,632.7657950326975,773.4826834053431,-140.7168883726456,107211.0095,108029.96513320369,106392.05386679631,2038.9768675000003
2025-06-28 08:00:00,107485.01,107493.07,107252.6,107373.39,416.2984,107373.39,107268.07849999999,104910.7628,107157.36829665398,106551.588392996,605.7799036579818,739.9421064021094,44.31560015145778,0.003866546620399119,107268.07849999999,107946.8637236166,106589.29327638338,44.31560015145778,107268.07849999999,104910.7628,107157.36829665398,106551.588392996,605.7799036579818,739.9421064021094,-134.16220274412763,107268.07849999999,107946.8637236166,106589.29327638338,1940.5370625000003
2025-06-28 12:00:00,107373.39,107577.75,107084.15,107449.28,714.87392,107449.28,107310.54199999999,104943.5136,107202.27865355484,106618.53403201984,583.7446215349919,708.702593741198,45.72106370946725,0.0038055323945360665,107310.54199999999,107915.61094610467,106705.4730538953,45.72106370946725,107310.54199999999,104943.5136,107202.27865355484,106618.53403201984,583.7446215349919,708.702593741198,-124.95797220620614,107310.54199999999,107915.61094610467,106705.4730538953,1910.3995915
2025-06-28 16:00:00,107449.28,107542.5,107225.74,107225.74,499.08961,107225.74,107311.928,104968.472,107205.88815023229,106663.79392515738,542.0942250749067,675.3809066214682,48.75308070509052,0.0036365808067647556,107311.928,107916.03792361815,106707.81807638185,48.75308070509052,107311.928,104968.472,107205.88815023229,106663.79392515738,542.0942250749067,675.3809066214682,-133.28668154656145,107311.928,107916.03792361815,106707.81807638185,1821.7132875000002
2025-06-28 20:00:00,107225.74,107378.37,107154.62,107296.79,379.24296,107296.79,107325.36750000001,105030.048,107219.87324284727,106710.95428325799,508.91895958928217,642.0885065152662,49.79277051399308,0.003619057877394008,107325.36750000001,107914.65939367564,106736.07560632438,49.79277051399308,107325.36750000001,105030.048,107219.87324284727,106710.95428325799,508.91895958928217,642.0885065152662,-133.16954692598404,107325.36750000001,107914.65939367564,106736.07560632438,1465.8252785
2025-06-29 00:00:00,107296.79,107500.0,107172.52,107210.78,534.03453,107210.78,107297.82250000001,105108.1192,107218.47426610258,106748.17701666374,470.29724943883775,607.7302462661253,45.89294637121032,0.003257298280869908,107297.82250000001,107851.67895162303,106743.96604837698,45.89294637121032,107297.82250000001,105108.1192,107218.47426610258,106748.17701666374,470.29724943883775,607.7302462661253,-137.43299682728752,107297.82250000001,107851.67895162303,106743.96604837698,1387.042282
2025-06-29 04:00:00,107210.78,107402.18,107205.82,107402.18,340.57663,107402.18,107300.9025,105190.203,107246.73696545394,106796.86220571639,449.8747597375477,576.1591424666103,56.45011337868485,0.003168483520005035,107300.9025,107856.4426655423,106745.36233445769,56.45011337868485,107300.9025,105190.203,107246.73696545394,106796.86220571639,449.8747597375477,576.1591424666103,-126.2843827290626,107300.9025,107856.4426655423,106745.36233445769,1348.1248945
2025-06-29 08:00:00,107402.17,108484.0,107402.17,108477.11,1988.92767,108477.11,107332.06850000001,105289.8278,107436.0267043358,106921.89696823248,514.1297361033212,563.7532591525588,62.27030398577705,0.0037440503566319636,107332.06850000001,108061.06510861982,106603.0718913802,62.27030398577705,107332.06850000001,105289.8278,107436.0267043358,106921.89696823248,514.1297361033212,563.7532591525588,-49.62352304923763,107332.06850000001,108061.06510861982,106603.0718913802,1352.729425
2025-06-29 12:00:00,108477.12,108528.5,107650.0,107750.72,1320.45894,107750.72,107328.905,105375.67219999999,107484.44139939973,106983.5524137373,500.88898566243006,551.1804027994377,60.51181581503236,0.004057307336876469,107328.905,108049.59792018111,106608.21207981888,60.51181581503236,107328.905,105375.67219999999,107484.44139939973,106983.5524137373,500.88898566243006,551.1804027994377,-50.29141713700767,107328.905,108049.59792018111,106608.21207981888,1354.2114365000002
2025-06-29 16:00:00,107750.72,107792.05,107316.46,107406.81,1188.5295,107406.81,107332.975,105446.3156,107472.49803582049,107015.02827073372,457.4697650867747,532.4382732831285,54.78680447632551,0.0039894061959827925,107332.975,108054.50371784349,106611.44628215652,54.78680447632551,107332.975,105446.3156,107472.49803582049,107015.02827073372,457.4697650867747,532.4382732831285,-74.96850819635381,107332.975,108054.50371784349,106611.44628215652,1313.1157585
2025-06-29 20:00:00,107406.8,108436.47,107250.0,108356.93,1459.20913,108356.93,107385.1415,105542.23619999998,107608.56517979446,107114.79066912769,493.7745106667717,524.705520108374,60.391077395036916,0.004447391503774315,107385.1415,108239.42471541339,106530.8582845866,60.391077395036916,107385.1415,105542.23619999998,107608.56517979446,107114.79066912769,493.7745106667717,524.705520108374,-30.931009441602328,107385.1415,108239.42471541339,106530.8582845866,1254.919763
2025-06-30 00:00:00,108356.93,108789.99,108255.81,108503.74,1564.16827,108503.74,107433.67950000001,105667.409,107746.28497208164,107218.0229070036,528.2620650780445,525.4168291502502,68.16955634662509,0.004437397655664661,107433.67950000001,108422.97342587165,106444.38557412838,68.16955634662509,107433.67950000001,105667.409,107746.28497208164,107218.0229070036,528.2620650780445,525.4168291502502,2.845235927794306,107433.67950000001,108422.97342587165,106444.38557412838,1270.4958465
2025-06-30 04:00:00,108503.74,108538.76,107481.31,107614.08,1581.27553,107614.08,107467.0305,105777.29040000001,107725.94567198073,107247.4520907701,478.4935812106414,516.0321790563091,55.31543163192735,0.004666823324433702,107467.0305,108431.92337755479,106502.1376224452,55.31543163192735,107467.0305,105777.29040000001,107725.94567198073,107247.4520907701,478.4935812106414,516.0321790563091,-37.53859784566771,107467.0305,108431.92337755479,106502.1376224452,1274.5897069999999
2025-06-30 08:00:00,107614.07,107964.33,107400.0,107654.2,1242.20442,107654.2,107475.8525,105882.86639999998,107714.90784248234,107277.66866988469,437.2391725976486,500.2735770848154,53.46020862692051,0.004537656070471758,107475.8525,108444.37796692282,106507.32703307716,53.46020862692051,107475.8525,105882.86639999998,107714.90784248234,107277.66866988469,437.2391725976486,500.2735770848154,-63.034404487166796,107475.8525,108444.37796692282,106507.32703307716,1263.084714
2025-06-30 12:00:00,107654.21,107858.79,106733.33,107580.46,2980.03437,107580.46,107511.39000000001,105985.98340000001,107694.2235054142,107300.15768355386,394.06582186033484,479.03202530690027,50.953612057908074,0.004337895773186837,107511.39000000001,108437.4993746928,106585.28062530723,50.953612057908074,107511.39000000001,105985.98340000001,107694.2235054142,107300.15768355386,394.06582186033484,479.03202530690027,-84.96620344656543,107511.39000000001,108437.4993746928,106585.28062530723,1314.7834515
2025-06-30 16:00:00,107580.47,107807.94,107116.4,107745.97,1314.82691,107745.97,107549.5085,106086.1132,107702.18452204012,107333.26263444018,368.92188759993587,457.00999715754557,53.68229006064347,0.0043433409815722464,107549.5085,108446.44812918955,106652.56887081044,53.68229006064347,107549.5085,106086.1132,107702.18452204012,107333.26263444018,368.92188759993587,457.00999715754557,-88.0881095576097,107549.5085,108446.44812918955,106652.56887081044,1264.621025
2025-06-30 20:00:00,107745.97,107764.73,106900.02,107146.5,1071.61541,107146.5,107541.421,106250.91900000001,107616.69443693229,107319.39663489902,297.29780203326663,425.06755742722225,47.28821027968746,0.004488218675763442,107541.421,108450.35679781098,106632.48520218903,47.28821027968746,107541.421,106250.91900000001,107616.69443693229,107319.39663489902,297.29780203326663,425.06755742722225,-127.76975539395562,107541.421,108450.35679781098,106632.48520218903,1132.9753624999998
2025-07-01 00:00:00,107146.51,107540.0,107026.93,107192.38,973.46,107192.38,107560.98899999999,106417.1098,107551.41519028936,107309.96801748085,241.4471728085191,388.34347985462335,49.6913968547641,0.004352425790392877,107560.98899999999,108418.18862644289,106703.78937355708,49.6913968547641,107560.98899999999,106417.1098,107551.41519028936,107309.96801748085,241.4471728085191,388.34347985462335,-146.89630704610425,107560.98899999999,108418.18862644289,106703.78937355708,1082.2741844999998
2025-07-01 04:00:00,107192.39,107203.11,106615.97,107178.99,1267.97836,107178.99,107567.55900000001,106541.4122,107494.1189310438,107300.24687023973,193.87206080407486,349.4491954947516,48.89851776771265,0.0043240576453145154,107567.55900000001,108410.07897980692,106725.0390201931,48.89851776771265,107567.55900000001,106541.4122,107494.1189310438,107300.24687023973,193.87206080407486,349.4491954947516,-155.57713469067676,107567.55900000001,108410.07897980692,106725.0390201931,1105.4736595
2025-07-01 08:00:00,107178.99,107178.99,106301.86,106605.8,1434.81634,106605.8,107532.8425,106650.44540000001,107357.45432647504,107248.71274600792,108.74158046711818,301.3076719448492,44.81551181588206,0.004450898923789057,107532.8425,108473.28998580224,106592.39501419775,44.81551181588206,107532.8425,106650.44540000001,107357.45432647504,107248.71274600792,108.74158046711818,301.3076719448492,-192.566091477731,107532.8425,108473.28998580224,106592.39501419775,1138.4621245
2025-07-01 12:00:00,106605.79,107179.99,105623.39,105955.18,3974.69567,105955.18,107456.35149999999,106730.92820000001,107141.71960949202,107152.73406857131,-11.014459079291555,238.84324517495185,38.50445045394316,0.004603678670225903,107456.35149999999,108632.50129325729,106280.2017067427,38.50445045394316,107456.35149999999,106730.92820000001,107141.71960949202,107152.73406857131,-11.014459079291555,238.84324517495185,-249.8577042542434,107456.35149999999,108632.50129325729,106280.2017067427,1312.3158285000002
2025-07-01 16:00:00,105955.19,106287.95,105387.68,105398.53,1690.90273,105398.53,107357.6085,106813.11859999999,106873.5363767854,107022.59033857091,-149.05396178551018,161.26380322141662,23.34775065535908,0.004714823485682587,107357.6085,108851.70584842788,105863.51115157212,23.34775065535908,107357.6085,106813.11859999999,106873.5363767854,107022.59033857091,-149.05396178551018,161.26380322141662,-310.31776500692683,107357.6085,108851.70584842788,105863.51115157212,1376.046045
2025-07-01 20:00:00,105398.52,106100.0,105250.85,105681.14,1163.77127,105681.14,107269.20150000001,106898.32740000001,106690.09065541707,106923.08014800104,-232.98949258397624,82.41314360382394,30.591670917984587,0.004770958966744898,107269.20150000001,108939.33415945532,105599.0688405447,30.591670917984587,107269.20150000001,106898.32740000001,106690.09065541707,106923.08014800104,-232.98949258397624,82.41314360382394,-315.40263618780017,107269.20150000001,108939.33415945532,105599.0688405447,1398.4909125
2025-07-02 00:00:00,105681.13,106216.08,105100.19,106194.7,1453.64233,106194.7,107217.64950000001,106958.99560000001,106613.8766645083,106869.05392537345,-255.17726086515177,14.895062397306427,38.98348217612831,0.004924257909188627,107217.64950000001,108955.69995794914,105479.59904205089,38.98348217612831,107217.64950000001,106958.99560000001,106613.8766645083,106869.05392537345,-255.17726086515177,14.895062397306427,-270.0723232624582,107217.64950000001,108955.69995794914,105479.59904205089,1446.2185485
2025-07-02 04:00:00,106194.7,107186.78,106131.55,107080.0,1903.51108,107080.0,107206.81000000001,106993.91699999999,106685.58798186034,106884.6989028354,-199.11092097505752,-27.906134435759633,38.255976720359286,0.005301783121439768,107206.81000000001,108945.486229307,105468.13377069302,38.255976720359286,107206.81000000001,106993.91699999999,106685.58798186034,106884.6989028354,-199.11092097505752,-27.906134435759633,-171.20478653929788,107206.81000000001,108945.486229307,105468.13377069302,1522.4319545
2025-07-02 08:00:00,107080.0,107860.23,107080.0,107479.99,2147.6808,107479.99,107220.27050000001,107045.1248,106807.80372738637,106928.8450758619,-121.04134847552632,-46.5331772989287,41.00346416061332,0.005366305075405569,107220.27050000001,108963.23918616325,105477.30181383678,41.00346416061332,107220.27050000001,107045.1248,106807.80372738637,106928.8450758619,-121.04134847552632,-46.5331772989287,-74.50817117659761,107220.27050000001,108963.23918616325,105477.30181383678,1603.114268
2025-07-02 12:00:00,107479.98,108759.2,107186.1,108737.74,3227.14121,108737.74,107287.0485,107121.2048,107104.71710375836,107062.97946833924,41.73763541912194,-28.879014713453103,59.274519708540126,0.005952556528676954,107287.0485,109157.06965586409,105417.02734413592,59.274519708540126,107287.0485,107121.2048,107104.71710375836,107062.97946833924,41.73763541912194,-28.879014713453103,70.61665013257505,107287.0485,109157.06965586409,105417.02734413592,1747.442497
2025-07-02 16:00:00,108737.75,109730.0,108650.97,109676.14,5656.10907,109676.14,107347.0,107211.3276,107500.32074312631,107256.73707582978,243.5836672965379,25.613521791924928,64.53365842157775,0.005845320952733311,107347.0,109441.11601802948,105252.88398197052,64.53365842157775,107347.0,107211.3276,107500.32074312631,107256.73707582978,243.5836672965379,25.613521791924928,217.97014550461296,107347.0,109441.11601802948,105252.88398197052,1930.801567
2025-07-02 20:00:00,109676.14,109676.14,108720.0,108849.6,3303.81143,108849.6,107401.94399999999,107283.425,107707.90221915003,107374.83424133829,333.0679778117337,87.10441308921202,58.23169703432155,0.005902977046585767,107401.94399999999,109595.94150848949,105207.94649151049,58.23169703432155,107401.94399999999,107283.425,107707.90221915003,107374.83424133829,333.0679778117337,87.10441308921202,245.9635647225217,107401.94399999999,109595.94150848949,105207.94649151049,2029.9691914999999
2025-07-03 00:00:00,108849.59,109115.03,108530.4,108628.21,1439.99562,108628.21,107463.014,107343.12539999999,107849.48806153583,107467.7550758763,381.73298565953155,146.03012767482167,55.681065946831474,0.005870205502422784,107463.014,109724.53806907499,105201.489930925,55.681065946831474,107463.014,107343.12539999999,107849.48806153583,107467.7550758763,381.73298565953155,146.03012767482167,235.70285798470988,107463.014,109724.53806907499,105201.489930925,2042.5424975
2025-07-03 04:00:00,108628.2,109548.0,108566.14,109280.0,1560.58968,109280.0,107509.16750000001,107407.06539999999,108069.56686068774,107602.10010824693,467.46675244081416,210.31745269046465,63.64643484890739,0.005691103548661245,107509.16750000001,109882.42119345751,105135.9138065425,63.64643484890739,107509.16750000001,107407.06539999999,108069.56686068774,107602.10010824693,467.46675244081416,210.31745269046465,257.14929975034954,107509.16750000001,109882.42119345751,105135.9138065425,2047.6115249999998
2025-07-03 08:00:00,109279.99,110273.21,109279.99,109599.19,3249.5488,109599.19,107563.93999999999,107474.409,108304.8935331426,107750.13948617753,554.7540469650703,279.20477159891584,64.87453602245631,0.00571508068929475,107563.93999999999,110080.10254398368,105047.7774560163,64.87453602245631,107563.93999999999,107474.409,108304.8935331426,107750.13948617753,554.7540469650703,279.20477159891584,275.54927536615446,107563.93999999999,110080.10254398368,105047.7774560163,2131.8805515
2025-07-03 12:00:00,109599.18,110529.18,108749.99,109127.84,4201.7259,109127.84,107639.628,107524.96560000001,108431.5006981134,107852.25958709778,579.2411110156245,339.21203951956136,61.39901009904853,0.005463029271679409,107639.628,110251.39477347228,105027.86122652772,61.39901009904853,107639.628,107524.96560000001,108431.5006981134,107852.25958709778,579.2411110156245,339.21203951956136,240.02907149606312,107639.628,110251.39477347228,105027.86122652772,2262.90307
2025-07-03 16:00:00,109127.85,109910.1,109020.8,109803.41,1688.44383,109803.41,107747.0885,107577.0734,108642.56369051928,107996.87869006133,645.6850004579464,400.5066317377216,68.48177779627336,0.005597214920367679,107747.0885,110532.46693954161,104961.71006045838,68.48177779627336,107747.0885,107577.0734,108642.56369051928,107996.87869006133,645.6850004579464,400.5066317377216,245.17836872022485,107747.0885,110532.46693954161,104961.71006045838,2285.2150405
2025-07-03 20:00:00,109803.41,110000.0,109510.0,109584.78,906.77842,109584.78,107847.3045,107628.209,108787.52005912313,108114.56840533286,672.9516537902673,454.9956361699097,72.08129733097128,0.005625503312006304,107847.3045,110749.22988819134,104945.37911180865,72.08129733097128,107847.3045,107628.209,108787.52005912313,108114.56840533286,672.9516537902673,454.9956361699097,217.9560176203576,107847.3045,110749.22988819134,104945.37911180865,2181.552243
2025-07-04 00:00:00,109584.77,109767.59,109103.71,109235.57,1002.72236,109235.57,107921.7845,107657.6868,108856.45082460917,108197.64961341997,658.8012111892021,495.7567511867419,73.9477336954894,0.005697733908421155,107921.7845,110888.49911253512,104955.06988746487,73.9477336954894,107921.7845,107657.6868,108856.45082460917,108197.64961341997,658.8012111892021,495.7567511867419,163.04446000246026,107921.7845,110888.49911253512,104955.06988746487,2165.9470155
2025-07-04 04:00:00,109235.58,109329.6,108700.0,108700.0,1609.06105,108700.0,107999.4595,107684.8752,108832.38146539593,108234.87903140993,597.5024339859956,516.1058877517742,68.26459541349234,0.005661283972140816,107999.4595,110962.05133323229,105036.8676667677,68.26459541349234,107999.4595,107684.8752,108832.38146539593,108234.87903140993,597.5024339859956,516.1058877517742,81.39654623422143,107999.4595,110962.05133323229,105036.8676667677,2192.8192975
2025-07-04 08:00:00,108700.0,109111.0,108518.83,108888.0,1086.39121,108888.0,108084.2405,107705.5594,108840.93816350291,108283.28036541073,557.6577980921866,524.4162698215495,66.96314752578515,0.005665046923877652,108084.2405,111046.63230750924,105121.84869249076,66.96314752578515,108084.2405,107705.5594,108840.93816350291,108283.28036541073,557.6577980921866,524.4162698215495,33.241528270637104,108084.2405,111046.63230750924,105121.84869249076,2198.465858
2025-07-04 12:00:00,108888.0,108978.64,107505.0,107573.29,3616.08946,107573.29,108103.9555,107700.74539999999,108645.91535994578,108230.66634013806,415.2490198077139,502.58281981522435,52.94744678893268,0.0063557397430544695,108103.9555,111046.16029883582,105161.75070116417,52.94744678893268,108103.9555,107700.74539999999,108645.91535994578,108230.66634013806,415.2490198077139,502.58281981522435,-87.33380000751043,108103.9555,111046.16029883582,105161.75070116417,2315.871413
2025-07-04 16:00:00,107573.29,107922.5,107245.0,107469.23,3431.70312,107469.23,108147.12700000001,107703.6218,108464.88683582695,108174.24165722083,290.6451786061225,460.19529156787786,49.93335117242467,0.0062285917537633455,108147.12700000001,111021.32562009404,105272.92837990598,49.93335117242467,108147.12700000001,107703.6218,108464.88683582695,108174.24165722083,290.6451786061225,460.19529156787786,-169.55011296175536,108147.12700000001,111021.32562009404,105272.92837990598,2415.715752
2025-07-04 20:00:00,107469.22,108279.33,107440.63,107984.24,1047.89895,107984.24,108248.58,107717.03460000001,108390.94116628668,108160.16237957259,230.7787867140869,414.31199059233427,44.85975697940629,0.006103071231570372,108248.58,110934.05282562638,105563.10717437362,44.85975697940629,108248.58,107717.03460000001,108390.94116628668,108160.16237957259,230.7787867140869,414.31199059233427,-183.53320387824738,108248.58,110934.05282562638,105563.10717437362,2269.375916
2025-07-05 00:00:00,107984.25,108259.99,107756.31,108154.72,766.63785,108154.72,108386.3895,107729.4694,108354.59944736096,108159.75910559471,194.84034176624846,370.4176608234547,38.40646193705712,0.005925197805051228,108386.3895,110715.25079585792,106057.52820414209,38.40646193705712,108386.3895,107729.4694,108354.59944736096,108159.75910559471,194.84034176624846,370.4176608234547,-175.57731905720624,108386.3895,110715.25079585792,106057.52820414209,2223.162672
2025-07-05 04:00:00,108154.72,108420.56,108000.0,108053.46,660.13042,108053.46,108505.0055,107751.5974,108308.27030049617,108151.88266088301,156.38763961315271,327.61165657853707,43.17931812029021,0.005936281062640977,108505.0055,110466.37709465342,106543.63390534658,43.17931812029021,108505.0055,107751.5974,108308.27030049617,108151.88266088301,156.38763961315271,327.61165657853707,-171.22401696538435,108505.0055,110466.37709465342,106543.63390534658,2197.9806295000003
2025-07-05 08:00:00,108053.46,108219.19,107870.42,108112.21,675.37974,108112.21,108600.88100000001,107764.28640000001,108278.10717672757,108148.94310316157,129.16407356600394,287.922139973911,45.452606643424446,0.005871560927617033,108600.88100000001,110249.23473055876,106952.52726944126,45.452606643424446,108600.88100000001,107764.28640000001,108278.10717672757,108148.94310316157,129.16407356600394,287.922139973911,-158.75806640790705,108600.88100000001,110249.23473055876,106952.52726944126,2159.0675
2025-07-05 12:00:00,108112.2,108232.29,107971.0,108058.0,564.4708,108058.0,108649.781,107788.0522,108244.24453356957,108142.20478965239,102.0397439171793,250.74566076097648,37.96296296296304,0.005610090956524535,108649.781,110160.43782222025,107139.12417777975,37.96296296296304,108649.781,107788.0522,108244.24453356957,108142.20478965239,102.0397439171793,250.74566076097648,-148.70591684379718,108649.781,110160.43782222025,107139.12417777975,2092.1154859999997
2025-07-05 16:00:00,108058.0,108167.23,107864.75,108141.78,586.1961,108141.78,108682.8705,107811.2158,108228.48075894402,108142.17331602218,86.30744292183954,217.85801719202513,34.945946671790054,0.005558205293807554,108682.8705,110112.45674092042,107253.28425907959,34.945946671790054,108682.8705,107811.2158,108228.48075894402,108142.17331602218,86.30744292183954,217.85801719202513,-131.5505742701856,108682.8705,110112.45674092042,107253.28425907959,2014.041251
2025-07-05 20:00:00,108141.78,108250.0,107993.39,108198.12,484.16079,108198.12,108655.8895,107829.0132,108223.8098728949,108146.31845748433,77.49141541056451,189.7846968349655,39.49606605235926,0.004873405096715456,108655.8895,110101.39562473627,107210.38337526374,39.49606605235926,108655.8895,107829.0132,108223.8098728949,108146.31845748433,77.49141541056451,189.7846968349655,-112.29328142440099,108655.8895,110101.39562473627,107210.38337526374,1876.8922300000002
2025-07-06 00:00:00,108198.12,108268.35,108025.97,108050.49,397.25464,108050.49,108574.607,107854.00259999999,108197.14527678606,108139.21855823351,57.92671855255321,163.41310117790624,27.513059184532196,0.004406318893097947,108574.607,109960.13584600738,107189.07815399262,27.513059184532196,108574.607,107854.00259999999,108197.14527678606,108139.21855823351,57.92671855255321,163.41310117790624,-105.48638262535303,108574.607,109960.13584600738,107189.07815399262,1613.9495085
2025-07-06 04:00:00,108050.49,108218.0,107930.45,108040.31,497.89684,108040.31,108534.1425,107873.85700000002,108173.01677245164,108131.89056964174,41.12620280990086,138.95572150387721,29.06762731114418,0.0041059287701269605,108534.1425,109933.06185652362,107135.22314347638,29.06762731114418,108534.1425,107873.85700000002,108173.01677245164,108131.89056964174,41.12620280990086,138.95572150387721,-97.82951869397635,108534.1425,109933.06185652362,107135.22314347638,1473.653779
2025-07-06 08:00:00,108040.31,108111.0,107800.01,108076.01,740.99603,108076.01,108506.5325,107889.37460000001,108158.09265350118,108127.75052080098,30.342132700199727,117.23300374283764,32.824793819319225,0.004089353418302487,108506.5325,109919.36268980145,107093.70231019855,32.824793819319225,108506.5325,107889.37460000001,108158.09265350118,108127.75052080098,30.342132700199727,117.23300374283764,-86.89087104263791,108506.5325,109919.36268980145,107093.70231019855,1438.7037994999998
2025-07-06 12:00:00,108076.0,109127.03,108045.76,108905.99,2193.35606,108905.99,108487.83200000001,107917.79440000001,108273.15378446072,108185.40752720441,87.74625725630904,111.33565444546588,52.80633444956398,0.004238888315900004,108487.83200000001,109867.05707506463,107108.60692493539,52.80633444956398,108487.83200000001,107917.79440000001,108273.15378446072,108185.40752720441,87.74625725630904,111.33565444546588,-23.58939718915684,108487.83200000001,109867.05707506463,107108.60692493539,1470.3421185000002
2025-07-06 16:00:00,108906.0,108966.62,108266.67,108538.46,922.00834,108538.46,108434.79550000001,107941.0958,108313.97012553172,108211.56361045077,102.40651508094743,109.5498265725462,45.46007138366914,0.004231589708366243,108434.79550000001,109711.87545628916,107157.71554371086,45.46007138366914,108434.79550000001,107941.0958,108313.97012553172,108211.56361045077,102.40651508094743,109.5498265725462,-7.143311491598766,108434.79550000001,109711.87545628916,107157.71554371086,1353.9650955000002
2025-07-06 20:00:00,108538.45,109700.0,108536.86,109203.84,1696.09509,109203.84,108438.59550000001,107976.18699999999,108450.87318376321,108285.07610010389,165.79708365931583,120.79927798998074,75.47503507494643,0.00437595261611558,108438.59550000001,109724.77816150477,107152.41283849525,75.47503507494643,108438.59550000001,107976.18699999999,108450.87318376321,108285.07610010389,165.79708365931583,120.79927798998074,44.997805669335094,108438.59550000001,109724.77816150477,107152.41283849525,1228.683555
2025-07-07 00:00:00,109203.85,109700.0,108679.75,109389.47,1313.66179,109389.47,108417.89850000001,108019.4616,108595.2726945077,108366.89391221145,228.37878229624766,142.3151788513575,79.2553612890252,0.004153514622664172,108417.89850000001,109622.33233626794,107213.46466373208,79.2553612890252,108417.89850000001,108019.4616,108595.2726945077,108366.89391221145,228.37878229624766,142.3151788513575,86.06360344489016,108417.89850000001,109622.33233626794,107213.46466373208,1209.944453
2025-07-07 04:00:00,109389.46,109447.54,108654.94,109061.08,1068.89272,109061.08,108391.7135,108054.74740000001,108666.93535712386,108418.32142243031,248.61393469355244,163.574930019894,67.39509698763263,0.004182755175769023,108391.7135,109508.94655165731,107274.48044834269,67.39509698763263,108391.7135,108054.74740000001,108666.93535712386,108418.32142243031,248.61393469355244,163.574930019894,85.03900467365844,108391.7135,109508.94655165731,107274.48044834269,1218.0501680000002
2025-07-07 08:00:00,109061.07,109087.86,108572.52,108642.01,1793.43934,108642.01,108362.0355,108083.37199999999,108663.10068678657,108434.89283188983,228.20785489674017,176.50151499531069,57.28640511030755,0.004209630660912898,108362.0355,109414.54477309716,107309.52622690283,57.28640511030755,108362.0355,108083.37199999999,108663.10068678657,108434.89283188983,228.20785489674017,176.50151499531069,51.70633990142949,108362.0355,109414.54477309716,107309.52622690283,1257.586017
2025-07-07 12:00:00,108642.01,108660.0,107970.0,108292.59,2516.39623,108292.59,108341.665,108101.18020000002,108606.09904253301,108424.35077093047,181.74827160254063,177.55086631675977,53.328656260178754,0.004127908329477371,108341.665,109382.33668958007,107300.99331041992,53.328656260178754,108341.665,108101.18020000002,108606.09904253301,108424.35077093047,181.74827160254063,177.55086631675977,4.19740528578086,108341.665,109382.33668958007,107300.99331041992,1302.952776
2025-07-07 16:00:00,108292.59,108493.56,107513.2,108056.68,1826.11433,108056.68,108300.099,108092.77160000001,108521.57303582317,108397.11324246554,124.45979335762968,166.9326517249088,49.26336176591522,0.004125273397265304,108300.099,109314.9796833654,107285.21831663461,49.26336176591522,108300.099,108092.77160000001,108521.57303582317,108397.11324246554,124.45979335762968,166.9326517249088,-42.472858367279116,108300.099,109314.9796833654,107285.21831663461,1339.938932
2025-07-07 20:00:00,108056.67,108300.0,107800.01,108262.94,886.8716,108262.94,108334.5815,108103.016,108481.78333793799,108387.17358613522,94.60975180276728,152.46807174045333,52.61323064368053,0.0030942602114632104,108334.5815,109290.64436070023,107378.51863929977,52.61323064368053,108334.5815,108103.016,108481.78333793799,108387.17358613522,94.60975180276728,152.46807174045333,-57.85831993768605,108334.5815,109290.64436070023,107378.51863929977,1203.478039
2025-07-08 00:00:00,108262.94,108525.0,107429.57,107901.52,2011.55999,107901.52,108356.196,108112.9102,108392.51205505255,108351.19623805338,41.31581699916569,130.23762079216237,47.138971715997826,0.0031902748346953435,108356.196,109247.21933027211,107465.17266972788,47.138971715997826,108356.196,108112.9102,108392.51205505255,108351.19623805338,41.31581699916569,130.23762079216237,-88.92180379299668,108356.196,109247.21933027211,107465.17266972788,1132.4708825000002
2025-07-08 04:00:00,107901.52,108499.0,107750.0,108484.61,1010.06569,108484.61,108381.2145,108115.46380000001,108406.68096967673,108361.07950414467,45.60146553206141,113.31038974012183,53.03126170488769,0.003239122775267121,108381.2145,109256.21857388991,107506.21042611009,53.03126170488769,108381.2145,108115.46380000001,108406.68096967673,108361.07950414467,45.60146553206141,113.31038974012183,-67.70892420806042,108381.2145,109256.21857388991,107506.21042611009,1130.5792195
2025-07-08 08:00:00,108484.61,109005.0,108229.15,108756.37,1314.23794,108756.37,108411.29699999999,108120.5164,108460.47928208842,108390.36238088428,70.1169012041355,104.67169203291627,57.277533548328435,0.0032658428913821245,108411.29699999999,109294.8419375059,107527.75206249408,57.277533548328435,108411.29699999999,108120.5164,108460.47928208842,108390.36238088428,70.1169012041355,104.67169203291627,-34.55479082878077,108411.29699999999,109294.8419375059,107527.75206249408,1157.959224
2025-07-08 12:00:00,108756.37,109216.56,108217.07,108268.35,1848.45054,108268.35,108422.0415,108133.6018,108430.92093097267,108381.32382677472,49.5971041979501,93.65677446591457,52.140191757577654,0.0034280849951230557,108422.0415,109292.39206572184,107551.69093427817,52.140191757577654,108422.0415,108133.6018,108430.92093097267,108381.32382677472,49.5971041979501,93.65677446591457,-44.059670267964464,108422.0415,109292.39206572184,107551.69093427817,1217.37523
2025-07-08 16:00:00,108268.35,109147.56,108096.55,108771.88,2426.90745,108771.88,108455.025,108155.9554,108483.37617239937,108410.25569189109,73.12048050828162,89.54951567438543,56.00365117791909,0.0035755921132470127,108455.025,109325.9357394825,107584.11426051748,56.00365117791909,108455.025,108155.9554,108483.37617239937,108410.25569189109,73.12048050828162,89.54951567438543,-16.429035166103816,108455.025,109325.9357394825,107584.11426051748,1304.9516155
2025-07-08 20:00:00,108771.87,108974.0,108624.0,108922.98,604.79919,108922.98,108498.274,108182.8058,108551.00753053308,108448.23743178279,102.77009875029034,92.19363228956772,50.16603114232153,0.0035779937015151687,108498.274,109372.07389436016,107624.47410563985,50.16603114232153,108498.274,108182.8058,108551.00753053308,108448.23743178279,102.77009875029034,92.19363228956772,10.576466460722628,108498.274,109372.07389436016,107624.47410563985,1306.968035
2025-07-09 00:00:00,108922.99,109136.0,108348.0,108376.41,994.80226,108376.41,108510.0055,108195.41459999999,108524.14637197564,108442.91660090571,81.22977106993494,90.0008600456403,48.46994174353935,0.0037754715779140698,108510.0055,109369.84147134484,107650.16952865515,48.46994174353935,108510.0055,108195.41459999999,108524.14637197564,108442.91660090571,81.22977106993494,90.0008600456403,-8.771088975705354,108510.0055,109369.84147134484,107650.16952865515,1327.3983429999998
2025-07-09 04:00:00,108376.41,108942.2,108324.53,108714.39,1001.59915,108714.39,108535.81899999999,108226.7724,108553.41462245373,108463.02672276288,90.3878996908461,90.07826797468147,45.074122158147404,0.0038343880502203468,108535.81899999999,109387.18740152197,107684.45059847801,45.074122158147404,108535.81899999999,108226.7724,108553.41462245373,108463.02672276288,90.3878996908461,90.07826797468147,0.30963171616463114,108535.81899999999,109387.18740152197,107684.45059847801,1353.2702610000001
2025-07-09 08:00:00,108714.39,109117.0,108553.18,109058.27,1275.99616,109058.27,108586.20799999998,108264.09019999999,108631.08468056652,108507.1208093859,123.9638711806183,96.85538861587055,46.769662921348335,0.0038678726110181836,108586.20799999998,109435.92170033028,107736.49429966969,46.769662921348335,108586.20799999998,108264.09019999999,108631.08468056652,108507.1208093859,123.9638711806183,96.85538861587055,27.108482564747746,108586.20799999998,109435.92170033028,107736.49429966969,1397.207337
2025-07-09 12:00:00,109058.27,109769.39,108503.0,109071.32,4108.39131,109071.32,108637.7585,108301.9368,108698.8131912698,108548.91509027944,149.8981009903655,107.46393109077167,50.10642145390003,0.003866521951811198,108637.7585,109473.00110133429,107802.5158986657,50.10642145390003,108637.7585,108301.9368,108698.8131912698,108548.91509027944,149.8981009903655,107.46393109077167,42.434169899593826,108637.7585,109473.00110133429,107802.5158986657,1577.7320605
2025-07-09 16:00:00,109071.32,111999.79,109047.49,111750.0,6338.57455,111750.0,108821.45800000001,108404.8208,109168.22654658348,108786.04167526694,382.1848713165382,162.40811913593382,71.97804451346208,0.006626789227681902,108821.45800000001,110411.51388221637,107231.40211778365,71.97804451346208,108821.45800000001,108404.8208,109168.22654658348,108786.04167526694,382.1848713165382,162.40811913593382,219.77675218060438,108821.45800000001,110411.51388221637,107231.40211778365,1857.6109865000003
2025-07-09 20:00:00,111749.99,111952.33,110559.4,111233.99,3562.92307,111233.99,108937.85800000001,108510.39700000001,109486.03630871883,108967.37768396472,518.6586247541127,233.6582202595788,70.32122654153659,0.006612617977750924,108937.85800000001,110860.11023755398,107015.60576244604,70.32122654153659,108937.85800000001,108510.39700000001,109486.03630871883,108967.37768396472,518.6586247541127,233.6582202595788,285.0004044945339,108937.85800000001,110860.11023755398,107015.60576244604,1926.0893370000001
2025-07-10 00:00:00,111234.0,111581.0,110880.0,111074.51,1687.73466,111074.51,109064.6605,108623.9166,109730.4168766546,109123.46674232227,606.9501343323354,308.3166030741378,71.07178916410537,0.006557834024533194,109064.6605,111198.87749850124,106930.44350149875,71.07178916410537,109064.6605,108623.9166,109730.4168766546,109123.46674232227,606.9501343323354,308.3166030741378,298.63353125819765,109064.6605,111198.87749850124,106930.44350149875,1964.3756530000003
2025-07-10 04:00:00,111074.52,111432.46,110898.0,111230.0,1667.11413,111230.0,109165.9685,108734.8938,109961.12197259095,109279.51104067743,681.6109319135139,382.97546884201915,70.86522476603581,0.006454216615601684,109165.9685,111510.04270549171,106821.8942945083,70.86522476603581,109165.9685,108734.8938,109961.12197259095,109279.51104067743,681.6109319135139,382.97546884201915,298.63546307149477,109165.9685,111510.04270549171,106821.8942945083,1962.9266049999999
2025-07-10 08:00:00,111229.99,111398.96,110870.33,111019.99,1407.79297,111019.99,109247.4945,108831.3996,110124.02474606062,109408.43907846196,715.5856675986579,449.49750859335126,72.40714793817779,0.006481765589581747,109247.4945,111733.42380680215,106761.56519319785,72.40714793817779,109247.4945,108831.3996,110124.02474606062,109408.43907846196,715.5856675986579,449.49750859335126,266.08815900530664,109247.4945,111733.42380680215,106761.56519319785,1967.633164
2025-07-10 12:00:00,111019.99,111408.41,110500.0,111408.4,2221.21737,111408.4,109364.8605,108917.9676,110321.62093899709,109556.58823712188,765.0327018752141,512.604547249727,71.61297285469932,0.006446088881316486,109364.8605,112028.98978868677,106700.73121131322,71.61297285469932,109364.8605,108917.9676,110321.62093899709,109556.58823712188,765.0327018752141,512.604547249727,252.42815462548708,109364.8605,112028.98978868677,106700.73121131322,2025.2493964999999
2025-07-10 16:00:00,111408.4,113788.23,111322.32,113301.81,7461.037691,113301.81,109597.85049999999,109034.40400000001,110780.11156381137,109834.0188427724,946.0927210389636,599.3021820075779,77.1025875248343,0.007242567041829852,109597.85049999999,112763.61804925771,106432.08295074226,77.1025875248343,109597.85049999999,109034.40400000001,110780.11156381137,109834.0188427724,946.0927210389636,599.3021820075779,346.7905390313857,109597.85049999999,112763.61804925771,106432.08295074226,2308.62931405
2025-07-10 20:00:00,113301.8,116868.0,113270.98,116010.0,10438.553844,116010.0,109983.72099999999,109179.8492,111584.7097848297,110291.50926752774,1293.200517301957,738.0818490664583,86.49728120206044,0.008600811588585423,109983.72099999999,114189.95535084952,105777.48664915047,86.49728120206044,109983.72099999999,109179.8492,111584.7097848297,110291.50926752774,1293.200517301957,738.0818490664583,555.1186682354987,109983.72099999999,114189.95535084952,105777.48664915047,2704.7371947500005
2025-07-11 00:00:00,116010.01,116950.0,115222.22,116881.7,4456.671301,116881.7,110424.972,109323.9604,112399.63135645111,110779.68175922273,1619.9495972283767,914.4553986988467,86.95028959464045,0.008537878671158666,110424.972,115534.58139049889,105315.3626095011,86.95028959464045,110424.972,109323.9604,112399.63135645111,110779.68175922273,1619.9495972283767,914.4553986988467,705.49419852953,110424.972,115534.58139049889,105315.3626095011,2836.2650433
2025-07-11 04:00:00,116881.69,118404.22,116500.0,117526.88,7940.173377,117526.88,110888.169,109497.50600000001,113188.4388401205,111279.48390536454,1908.954934755966,1113.3553059102749,87.51251303622945,0.008530236205557498,110888.169,116790.62521026155,104985.71278973843,87.51251303622945,110888.169,109497.50600000001,113188.4388401205,111279.48390536454,1908.954934755966,1113.3553059102749,795.5996288456911,110888.169,116790.62521026155,104985.71278973843,3188.9301321499997
2025-07-11 08:00:00,117526.88,118869.98,117526.88,117821.91,4664.06161,117821.91,111384.1885,109681.38,113901.2805570606,111764.11675492178,2137.1638021388208,1318.1170051559875,92.10538046627735,0.008358613447621328,111384.1885,117868.52078084653,104899.85621915347,92.10538046627735,111384.1885,109681.38,113901.2805570606,111764.11675492178,2137.1638021388208,1318.1170051559875,819.0467969828333,111384.1885,117868.52078084653,104899.85621915347,3321.55521315
2025-07-11 12:00:00,117821.91,118259.24,116724.66,116902.59,4711.37408,116902.59,111805.0875,109833.83180000001,114363.02047137845,112144.75072552088,2218.2697458575713,1498.1475532963066,84.70211496341699,0.00878905021636121,111805.0875,118583.12113246696,105027.05386753303,84.70211496341699,111805.0875,109833.83180000001,114363.02047137845,112144.75072552088,2218.2697458575713,1498.1475532963066,720.1221925612647,111805.0875,118583.12113246696,105027.05386753303,3506.6206326500005
2025-07-11 16:00:00,116902.58,118138.75,116604.87,118108.81,2754.72647,118108.81,112272.7095,110004.0242,114939.29578349466,112586.53968907296,2352.7560944216966,1669.0692615213861,85.74412054173001,0.008902311097186349,112272.7095,119444.17484094923,105101.24415905077,85.74412054173001,112272.7095,110004.0242,114939.29578349466,112586.53968907296,2352.7560944216966,1669.0692615213861,683.6868329003105,112272.7095,119444.17484094923,105101.24415905077,3578.6450591499997
2025-07-11 20:00:00,118108.81,118108.81,117146.8,117527.66,1346.51431,117527.66,112735.675,110172.0206,115337.50566296905,112952.55381358026,2384.951849388788,1812.2457790948679,81.96311236230257,0.008924982369361338,112735.675,120013.39826409376,105457.95173590624,81.96311236230257,112735.675,110172.0206,115337.50566296905,112952.55381358026,2384.951849388788,1812.2457790948679,572.7060702939202,112735.675,120013.39826409376,105457.95173590624,3553.54824765
2025-07-12 00:00:00,117527.66,117847.66,117141.13,117774.42,1268.81982,117774.42,113185.802,110331.4408,115712.4155609834,113309.73379662566,2402.681764357738,1930.3329761474429,77.90023674645897,0.008935657083477606,113185.802,120544.43401841915,105827.16998158084,77.90023674645897,113185.802,110331.4408,115712.4155609834,113309.73379662566,2402.681764357738,1930.3329761474429,472.34878821029497,113185.802,120544.43401841915,105827.16998158084,3495.6438661499997
2025-07-12 04:00:00,117774.42,118054.79,117506.37,117731.99,1157.69575,117731.99,113626.25249999999,110494.385,116023.11932083883,113637.31232987174,2385.8069909670885,2021.4277791113723,81.47407965683664,0.008971271264978792,113626.25249999999,120965.06354217477,106287.4414578252,81.47407965683664,113626.25249999999,110494.385,116023.11932083883,113637.31232987174,2385.8069909670885,2021.4277791113723,364.3792118557162,113626.25249999999,120965.06354217477,106287.4414578252,3523.28869415
2025-07-12 08:00:00,117731.99,118200.0,117625.0,117810.0,1459.36466,117810.0,114097.93199999999,110665.8736,116298.02404071481,113946.40379982546,2351.620240889344,2087.466271466967,82.88392793500059,0.008760385917591913,114097.93199999999,121225.63136367731,106970.23263632266,82.88392793500059,114097.93199999999,110665.8736,116298.02404071481,113946.40379982546,2351.620240889344,2087.466271466967,264.15396942237703,114097.93199999999,121225.63136367731,106970.23263632266,3546.5168141500008
2025-07-12 12:00:00,117810.0,117861.19,116900.05,117100.01,2887.39027,117100.01,114517.21300000002,110833.8738,116421.40649599135,114180.00670443439,2241.3997915569635,2118.2529754849666,77.18651958491306,0.009054519524441283,114517.21300000002,121289.19060516689,107745.23539483314,77.18651958491306,114517.21300000002,110833.8738,116421.40649599135,114180.00670443439,2241.3997915569635,2118.2529754849666,123.14681607199691,114517.21300000002,121289.19060516689,107745.23539483314,3640.8063701499996
2025-07-12 16:00:00,117100.0,117639.98,117045.86,117550.96,961.54328,117550.96,114941.8475,111007.133,116595.1839581488,114429.70936879827,2165.4745893505315,2127.697298258079,79.5873785308175,0.009053436784624069,114941.8475,121326.54559308312,108557.14940691688,79.5873785308175,114941.8475,111007.133,116595.1839581488,114429.70936879827,2165.4745893505315,2127.697298258079,37.77729109245229,114941.8475,121326.54559308312,108557.14940691688,3625.0837261499996
2025-07-12 20:00:00,117550.96,117563.75,117000.01,117420.0,711.79059,117420.0,115359.2815,111204.0672,116722.07873381962,114651.21436642569,2070.864367393937,2116.330712085251,77.8849275927008,0.009083949155214233,115359.2815,121196.07730559527,109522.48569440472,77.8849275927008,115359.2815,111204.0672,116722.07873381962,114651.21436642569,2070.864367393937,2116.330712085251,-45.466344691314134,115359.2815,121196.07730559527,109522.48569440472,3455.25369015
2025-07-13 00:00:00,117420.0,117824.76,117224.79,117753.6,696.41148,117753.6,115659.4615,111409.75459999999,116880.77431323347,114881.02261930787,1999.751693925602,2093.0149084533214,74.1433636784681,0.007648017732813887,115659.4615,121329.83821722117,109989.08478277884,74.1433636784681,115659.4615,111409.75459999999,116880.77431323347,114881.02261930787,1999.751693925602,2093.0149084533214,-93.26321452771936,115659.4615,121329.83821722117,109989.08478277884,3173.14553665
2025-07-13 04:00:00,117753.59,118054.79,117684.22,117999.0,867.97982,117999.0,115997.71200000001,111610.04979999998,117052.80903427584,115111.9856838505,1940.823350425344,2062.576596847726,64.71872363727853,0.0074573978887262264,115997.71200000001,121355.00789935433,110640.4161006457,64.71872363727853,115997.71200000001,111610.04979999998,117052.80903427584,115111.9856838505,1940.823350425344,2062.576596847726,-121.75324642238184,115997.71200000001,121355.00789935433,110640.4161006457,3038.39837415
2025-07-13 08:00:00,117998.99,118086.66,117689.63,118072.01,685.44893,118072.01,116347.58699999998,111808.3956,117209.60918284985,115331.24830639675,1878.3608764530945,2025.7334527687995,59.98915745357926,0.007407380061360449,116347.58699999998,121245.37352208012,111449.80047791985,59.98915745357926,116347.58699999998,111808.3956,117209.60918284985,115331.24830639675,1878.3608764530945,2025.7334527687995,-147.37257631570492,116347.58699999998,121245.37352208012,111449.80047791985,2988.28408765
2025-07-13 12:00:00,118072.01,119376.0,117989.53,118672.24,3891.104317,118672.24,116719.699,112020.77119999999,117434.62930856652,115578.73080512417,1855.898503442353,1991.7664629035098,59.68500235072871,0.00740906717827921,116719.699,121081.96432005997,112357.43367994002,59.68500235072871,116719.699,112020.77119999999,117434.62930856652,115578.73080512417,1855.898503442353,1991.7664629035098,-135.86795946115672,116719.699,121081.96432005997,112357.43367994002,3099.4835969999995
2025-07-13 16:00:00,118672.23,119488.0,118382.56,118961.08,1749.40157,118961.08,117116.75350000002,112237.74859999999,117669.4678764805,115829.27672024704,1840.1911562334571,1961.4514015694992,59.642754961595536,0.007313132139293147,117116.75350000002,120664.13250325281,113569.37449674723,59.642754961595536,117116.75350000002,112237.74859999999,117669.4678764805,115829.27672024704,1840.1911562334571,1961.4514015694992,-121.26024533604209,117116.75350000002,120664.13250325281,113569.37449674723,3116.564027
2025-07-13 20:00:00,118961.09,119367.37,118243.68,119086.64,1660.44683,119086.64,117500.66549999997,112458.3214,117887.49435702285,116070.56425371733,1816.9301033055235,1932.5471419167043,71.35735393918772,0.007333278042214983,117500.66549999997,119933.80941304109,115067.52158695886,71.35735393918772,117500.66549999997,112458.3214,117887.49435702285,116070.56425371733,1816.9301033055235,1932.5471419167043,-115.61703861118076,117500.66549999997,119933.80941304109,115067.52158695886,3088.5255
2025-07-14 00:00:00,119086.65,121492.48,118905.18,120750.24,5418.532886,120750.24,117873.08700000001,112710.49059999999,118327.91676363624,116417.20871681694,1910.7080468193017,1928.1793228972238,73.70913510301611,0.00706351045919625,117873.08700000001,119834.62724498885,115911.54675501118,73.70913510301611,117873.08700000001,112710.49059999999,118327.91676363624,116417.20871681694,1910.7080468193017,1928.1793228972238,-17.471276077922084,117873.08700000001,119834.62724498885,115911.54675501118,2986.40025975
2025-07-14 04:00:00,120750.25,123218.0,120557.63,122736.04,6981.800221,122736.04,118209.38900000001,113001.24899999998,119006.08956923264,116885.27256283746,2120.817006395184,1966.7068595968158,87.33530796514472,0.006035954007201242,118209.38900000001,120969.69137233592,115449.0866276641,87.33530796514472,118209.38900000001,113001.24899999998,119006.08956923264,116885.27256283746,2120.817006395184,1966.7068595968158,154.11014679836808,118209.38900000001,120969.69137233592,115449.0866276641,2813.5625785999996
2025-07-14 08:00:00,122736.04,122769.19,121355.55,121467.24,3279.33527,121467.24,118438.666,113269.584,119384.72809704393,117224.67908195242,2160.049015091514,2005.3752906957554,73.08826361292363,0.006601684083786097,118438.666,121481.89852098936,115395.43347901064,73.08826361292363,118438.666,113269.584,119384.72809704393,117224.67908195242,2160.049015091514,2005.3752906957554,154.67372439575843,118438.666,121481.89852098936,115395.43347901064,2754.6957770500003
2025-07-14 12:00:00,121467.23,122120.0,119611.7,119878.23,6047.71252,119878.23,118556.2335,113506.34240000001,119460.65146672963,117421.23922630696,2039.4122404226655,2012.1826806411377,61.2442056380294,0.007340748440686732,118556.2335,121632.64813562988,115479.81886437013,61.2442056380294,118556.2335,113506.34240000001,119460.65146672963,117421.23922630696,2039.4122404226655,2012.1826806411377,27.22955978152777,118556.2335,121632.64813562988,115479.81886437013,2660.0727342
2025-07-14 16:00:00,119878.22,120526.03,119202.0,119939.41,4127.24496,119939.41,118662.1085,113743.6104,119534.30662569443,117607.771112696,1926.5355129984237,1995.0532471125953,61.17574076853718,0.007332946241782074,118662.1085,121777.61502176491,115546.60197823509,61.17574076853718,118662.1085,113743.6104,119534.30662569443,117607.771112696,1926.5355129984237,1995.0532471125953,-68.51773411417162,118662.1085,121777.61502176491,115546.60197823509,2633.2319017
2025-07-14 20:00:00,119939.42,120447.0,119522.72,119841.18,1414.72302,119841.18,118809.03800000002,113962.3142,119581.5179140492,117773.20939766054,1808.3085163886572,1957.7043009678075,65.37362719948128,0.007056986095344253,118809.03800000002,121851.46943433092,115766.6065656691,65.37362719948128,118809.03800000002,113962.3142,119581.5179140492,117773.20939766054,1808.3085163886572,1957.7043009678075,-149.39578457915036,118809.03800000002,121851.46943433092,115766.6065656691,2468.3993487
2025-07-15 00:00:00,119841.17,119940.83,116840.01,117148.47,6623.40172,117148.47,118761.021,114134.5144,119207.20285034885,117726.93225253012,1480.2705978187296,1862.2175603379922,48.19623319318126,0.008503430043767217,118761.021,121879.35058285558,115642.69141714441,48.19623319318126,118761.021,114134.5144,119207.20285034885,117726.93225253012,1480.2705978187296,1862.2175603379922,-381.94696251926257,118761.021,121879.35058285558,115642.69141714441,2661.8331112
2025-07-15 04:00:00,117148.46,117765.4,116250.0,116779.12,5478.80575,116779.12,118723.594,114286.02,118833.65164260248,117656.7237230067,1176.9279195957788,1725.1596321895495,47.18796839404245,0.008462773961596684,118723.594,121921.21280815062,115525.97519184937,47.18796839404245,118723.594,114286.02,118833.65164260248,117656.7237230067,1176.9279195957788,1725.1596321895495,-548.2317125937707,118723.594,121921.21280815062,115525.97519184937,2868.4476832
2025-07-15 08:00:00,116779.13,117224.08,116300.0,117113.98,3612.34292,117113.98,118690.572,114440.51020000002,118569.08677450955,117616.52037052398,952.5664039855619,1570.640986548752,47.19380726498647,0.008475894703796236,118690.572,121942.64034904783,115438.50365095217,47.19380726498647,118690.572,114440.51020000002,118569.08677450955,117616.52037052398,952.5664039855619,1570.640986548752,-618.07458256319,118690.572,121942.64034904783,115438.50365095217,2985.6238382
2025-07-15 12:00:00,117113.98,118490.71,115736.92,116391.43,8662.27705,116391.43,118623.54400000002,114587.11720000001,118234.06265535396,117525.77269794892,708.2899574050389,1398.1707807200094,43.230560236757924,0.008578901982843558,118623.54400000002,122011.23301286422,115235.85498713583,43.230560236757924,118623.54400000002,114587.11720000001,118234.06265535396,117525.77269794892,708.2899574050389,1398.1707807200094,-689.8808233149705,118623.54400000002,122011.23301286422,115235.85498713583,3360.8529031999997
2025-07-15 16:00:00,116391.43,117800.6,116019.05,116416.07,5395.39361,116416.07,118553.84749999999,114742.59840000002,117954.371477607,117443.5722987202,510.79917888679483,1220.6964603533665,42.99835269285678,0.008576174565640346,118553.84749999999,122067.0409971784,115040.65400282158,42.99835269285678,118553.84749999999,114742.59840000002,117954.371477607,117443.5722987202,510.79917888679483,1220.6964603533665,-709.8972814665717,118553.84749999999,122067.0409971784,115040.65400282158,3557.6543506999997
2025-07-15 20:00:00,116416.07,117972.86,116192.27,117758.09,2246.23978,117758.09,118586.75149999998,114931.9084,117924.1743272059,117466.86995854601,457.30436865988304,1068.0180420146698,46.362938295476674,0.008880151387589187,118586.75149999998,122054.64768201944,115118.85531798053,46.362938295476674,118586.75149999998,114931.9084,117924.1743272059,117466.86995854601,457.30436865988304,1068.0180420146698,-610.7136733547868,118586.75149999998,122054.64768201944,115118.85531798053,3525.5968262
2025-07-16 00:00:00,117758.08,118195.0,117017.29,117482.67,2060.70862,117482.67,118583.33700000001,115120.42820000001,117856.25058455882,117468.04033442085,388.21025013797043,932.0564836393299,44.11167039596995,0.008858370015273934,118583.33700000001,122055.65891131296,115111.01508868707,44.11167039596995,118583.33700000001,115120.42820000001,117856.25058455882,117468.04033442085,388.21025013797043,932.0564836393299,-543.8462335013595,118583.33700000001,122055.65891131296,115111.01508868707,3580.5550932000006
2025-07-16 04:00:00,117482.67,118300.0,117275.63,118189.25,1653.72862,118189.25,118621.79950000001,115318.95440000002,117907.48126385748,117521.46337547661,386.0178883808694,822.8487645876379,46.583909096100044,0.008953727062879181,118621.79950000001,122056.70413285523,115186.89486714479,46.583909096100044,118621.79950000001,115318.95440000002,117907.48126385748,117521.46337547661,386.0178883808694,822.8487645876379,-436.8308762067685,118621.79950000001,122056.70413285523,115186.89486714479,3627.6519947
2025-07-16 08:00:00,118189.24,119310.75,118113.82,118769.06,2658.37376,118769.06,118672.57249999998,115536.3052,118040.03183864869,117613.87810501744,426.1537336312467,743.5097583963598,41.7799909716736,0.008995586354668178,118672.57249999998,122083.3777470233,115261.76725297666,41.7799909716736,118672.57249999998,115536.3052,118040.03183864869,117613.87810501744,426.1537336312467,743.5097583963598,-317.35602476511303,118672.57249999998,122083.3777470233,115261.76725297666,3725.7501087000005
2025-07-16 12:00:00,118769.06,119794.8,118181.14,119095.76,4851.16642,119095.76,118727.4105,115748.52819999999,118202.4515557797,117723.64731548069,478.8042402990104,690.56865477689,32.48494494729532,0.009003122274782517,118727.4105,122127.86891119751,115326.95208880249,32.48494494729532,118727.4105,115748.52819999999,118202.4515557797,117723.64731548069,478.8042402990104,690.56865477689,-211.76441447787954,118727.4105,122127.86891119751,115326.95208880249,3924.9094386999996
2025-07-16 16:00:00,119095.76,119904.13,118471.38,119230.16,2877.33424,119230.16,118785.31800000001,115958.004,118360.56054719824,117835.24101823871,525.3195289595315,657.5188296134183,37.91742011307641,0.009004193726812566,118785.31800000001,122178.2192380518,115392.41676194823,37.91742011307641,118785.31800000001,115958.004,118360.56054719824,117835.24101823871,525.3195289595315,657.5188296134183,-132.1993006538869,118785.31800000001,122178.2192380518,115392.41676194823,4034.5037042000004
2025-07-16 20:00:00,119230.16,120063.84,118420.0,118630.43,2938.59685,118630.43,118783.2275,116165.24560000001,118402.07892455236,117894.14398914085,507.9349354115111,627.6020507730369,42.45420394814821,0.009018794045730466,118783.2275,122176.47359707448,115389.9814029255,42.45420394814821,118783.2275,116165.24560000001,118402.07892455236,117894.14398914085,507.9349354115111,627.6020507730369,-119.66711536152582,118783.2275,122176.47359707448,115389.9814029255,3986.8783308499997
2025-07-17 00:00:00,118630.44,119158.28,117683.53,118128.8,2234.06203,118128.8,118741.6135,116352.384,118360.03601308276,117911.52593864925,448.5100744335068,591.7836555051309,39.60450725315006,0.009047979142516293,118741.6135,122146.07110263954,115337.15589736047,39.60450725315006,118741.6135,116352.384,118360.03601308276,117911.52593864925,448.5100744335068,591.7836555051309,-143.2735810716241,118741.6135,122146.07110263954,115337.15589736047,4011.1113538499994
2025-07-17 04:00:00,118128.8,118772.0,117857.03,118311.75,2080.63383,118311.75,118702.86900000002,116540.15939999999,118352.60739568541,117941.17220138804,411.4351942973735,555.7139632635794,41.30348501992987,0.009052573898307121,118702.86900000002,122108.43075337172,115297.30724662832,41.30348501992987,118702.86900000002,116540.15939999999,118352.60739568541,117941.17220138804,411.4351942973735,555.7139632635794,-144.27876896620592,118702.86900000002,122108.43075337172,115297.30724662832,4032.1207038499997
2025-07-17 08:00:00,118311.75,119192.0,117974.99,117995.0,2041.88316,117995.0,118565.107,116732.53120000001,118297.59087327226,117945.15945020932,352.43142306293885,515.0574552234514,56.59559415899608,0.008415607402676124,118565.107,121842.44785735995,115287.76614264006,56.59559415899608,118565.107,116732.53120000001,118297.59087327226,117945.15945020932,352.43142306293885,515.0574552234514,-162.62603216051252,118565.107,121842.44785735995,115287.76614264006,3863.2882175500004
2025-07-17 12:00:00,117995.0,119073.46,117453.57,118881.99,3175.79483,118881.99,118372.40449999999,116935.8832,118387.49843123037,118014.55437793912,372.94405329125584,486.63477483701223,65.1612177596925,0.007635443706924174,118372.40449999999,121007.41662931792,115737.39237068206,65.1612177596925,118372.40449999999,116935.8832,118387.49843123037,118014.55437793912,372.94405329125584,486.63477483701223,-113.69072154575639,118372.40449999999,121007.41662931792,115737.39237068206,3672.9879479999995
2025-07-17 16:00:00,118881.99,119880.13,118333.6,118959.66,2433.94045,118959.66,118247.02550000002,117133.911,118475.52328796417,118084.56226922825,390.96101873592124,467.50002361679407,63.81943862087145,0.007361514575991662,118247.02550000002,120468.12464730478,116025.92635269526,63.81943862087145,118247.02550000002,117133.911,118475.52328796417,118084.56226922825,390.96101873592124,467.50002361679407,-76.53900488087282,118247.02550000002,120468.12464730478,116025.92635269526,3630.7182070000003
2025-07-17 20:00:00,118959.66,120998.71,118383.97,119177.56,3762.26221,119177.56,118211.99200000001,117336.0358,118583.52893596969,118165.52513630837,418.0037996613246,457.6007788257002,72.56637168141596,0.006809698106097914,118211.99200000001,120345.11948737748,116078.86451262255,72.56637168141596,118211.99200000001,117336.0358,118583.52893596969,118165.52513630837,418.0037996613246,457.6007788257002,-39.596979164375625,118211.99200000001,120345.11948737748,116078.86451262255,3516.4456915
2025-07-18 00:00:00,119177.56,120785.49,119020.48,120223.09,2672.86935,120223.09,118226.176,117505.4976,118835.76909966666,118317.93747429625,517.8316253704106,469.6469481346423,76.45939439094364,0.007103866363074776,118226.176,120410.8173493167,116041.53465068332,76.45939439094364,118226.176,117505.4976,118835.76909966666,118317.93747429625,517.8316253704106,469.6469481346423,48.18467723576833,118226.176,120410.8173493167,116041.53465068332,3443.726911
2025-07-18 04:00:00,120223.08,120820.71,119287.72,119339.51,3649.17934,119339.51,118201.09249999998,117667.608,118913.26769971795,118393.60957109863,519.658128619325,479.6491842315789,61.73919627533537,0.007297813109935111,118201.09249999998,120318.13192759844,116084.05307240153,61.73919627533537,118201.09249999998,117667.608,118913.26769971795,118393.60957109863,519.658128619325,479.6491842315789,40.00894438774611,118201.09249999998,120318.13192759844,116084.05307240153,3555.449727
2025-07-18 08:00:00,119339.51,119469.21,118395.0,119171.34,3814.49483,119171.34,118302.236,117829.5446,118952.97113053058,118451.219273286,501.75185724458424,484.06971883418,62.738161152255664,0.005102216000798227,118302.236,120400.7357968441,116203.7362031559,62.738161152255664,118302.236,117829.5446,118952.97113053058,118451.219273286,501.75185724458424,484.06971883418,17.682138410404264,118302.236,120400.7357968441,116203.7362031559,3415.0043825000002
2025-07-18 12:00:00,119171.35,119531.48,117315.69,117860.25,5020.77844,117860.25,118356.29250000001,117962.14959999999,118784.86018737203,118407.44374286411,377.4164445079223,462.7390639689285,47.72567020144063,0.005695213792248541,118356.29250000001,120342.2754229313,116370.30957706872,47.72567020144063,118356.29250000001,117962.14959999999,118784.86018737203,118407.44374286411,377.4164445079223,462.7390639689285,-85.32261946100624,118356.29250000001,120342.2754229313,116370.30957706872,3392.103017
2025-07-18 16:00:00,117860.24,118054.92,117120.53,117374.76,2564.58563,117374.76,118369.3315,118089.245,118567.92169700708,118330.94860436833,236.9730926387565,417.5858697028941,40.234052150427665,0.005754785856456349,118369.3315,120324.15141087669,116414.51158912331,40.234052150427665,118369.3315,118089.245,118567.92169700708,118330.94860436833,236.9730926387565,417.5858697028941,-180.61277706413762,118369.3315,120324.15141087669,116414.51158912331,3339.7151525
2025-07-18 20:00:00,117374.75,118021.62,116812.76,117924.84,2202.75507,117924.84,118446.00200000001,118219.57380000001,118468.98605131368,118300.86646861924,168.11958269444585,367.6926123012045,42.04749822058258,0.00564047347374704,118446.00200000001,120182.25236014696,116709.75163985306,42.04749822058258,118446.00200000001,118219.57380000001,118468.98605131368,118300.86646861924,168.11958269444585,367.6926123012045,-199.57302960675867,118446.00200000001,120182.25236014696,116709.75163985306,3016.7390535
2025-07-19 00:00:00,117924.84,118371.42,117613.35,118322.54,1323.00452,118322.54,118541.32549999999,118319.9884,118446.45588957312,118302.47191622366,143.98397334945912,322.9508845108555,44.04859637573007,0.00567116132036101,118541.32549999999,119994.60294191129,117088.0480580887,44.04859637573007,118541.32549999999,118319.9884,118446.45588957312,118302.47191622366,143.98397334945912,322.9508845108555,-178.96691116139635,118541.32549999999,119994.60294191129,117088.0480580887,2813.119599
2025-07-19 04:00:00,118322.53,118364.0,118044.19,118163.06,828.72543,118163.06,118561.574,118363.04959999998,118402.8565219465,118292.14510263855,110.71141930794693,280.5029914702738,46.74760369157456,0.0050940292253854255,118561.574,119979.76407634334,117143.38392365664,46.74760369157456,118561.574,118363.04959999998,118402.8565219465,118292.14510263855,110.71141930794693,280.5029914702738,-169.79157216232687,118561.574,119979.76407634334,117143.38392365664,2742.2438815
2025-07-19 08:00:00,118163.07,118499.9,117943.25,118327.06,1123.42732,118327.06,118603.79349999999,118391.9568,118391.1955185701,118294.73139248588,96.46412608421815,243.69521839306267,51.44770700618335,0.005064965468189735,118603.79349999999,119934.3108462671,117273.27615373288,51.44770700618335,118603.79349999999,118391.9568,118391.1955185701,118294.73139248588,96.46412608421815,243.69521839306267,-147.23109230884452,118603.79349999999,119934.3108462671,117273.27615373288,2695.3798165
2025-07-19 12:00:00,118327.05,118327.06,117627.71,118058.11,1656.6673,118058.11,118597.2365,118402.58139999998,118339.95159263622,118277.20387469062,62.747717945603654,207.5057183035709,48.17087769601551,0.00491572129557314,118597.2365,119937.61172045991,117256.86127954008,48.17087769601551,118597.2365,118402.58139999998,118339.95159263622,118277.20387469062,62.747717945603654,207.5057183035709,-144.75800035796723,118597.2365,119937.61172045991,117256.86127954008,2695.5267505
2025-07-19 16:00:00,118058.1,118161.51,117605.26,118007.88,780.27633,118007.88,118559.17750000002,118406.3008,118288.86365530758,118257.25395041589,31.609704891685396,172.3265156211938,50.096597198681266,0.0047757386825113945,118559.17750000002,119922.04794173449,117196.30705826555,50.096597198681266,118559.17750000002,118406.3008,118288.86365530758,118257.25395041589,31.609704891685396,172.3265156211938,-140.7168107295084,118559.17750000002,119922.04794173449,117196.30705826555,2601.621879
2025-07-19 20:00:00,118007.88,118141.0,117277.34,117840.0,923.70216,117840.0,118496.3895,118425.04899999998,118219.80770833719,118226.34623943841,-6.5385311012214515,136.55350627671075,41.240469084948025,0.004725853638468311,118496.3895,119870.8309431324,117121.94805686761,41.240469084948025,118496.3895,118425.04899999998,118219.80770833719,118226.34623943841,-6.5385311012214515,136.55350627671075,-143.0920373779322,118496.3895,119870.8309431324,117121.94805686761,2405.248666
2025-07-20 00:00:00,117840.01,118165.38,117650.0,117958.01,1216.03617,117958.01,118432.78199999998,118422.03300000001,118179.53113782377,118206.46947444315,-26.938336619379697,103.85513769749265,41.6363147514482,0.004723606822203897,118432.78199999998,119781.75347104743,117083.81052895253,41.6363147514482,118432.78199999998,118422.03300000001,118179.53113782377,118206.46947444315,-26.938336619379697,103.85513769749265,-130.79347431687233,118432.78199999998,119781.75347104743,117083.81052895253,2322.1837625
2025-07-20 04:00:00,117958.0,118218.0,117760.67,118029.49,940.72723,118029.49,118402.73500000002,118432.06959999999,118156.44788585087,118193.35987976298,-36.91199391211558,75.70171137557101,40.17344355295667,0.004607426708178026,118402.73500000002,119759.91570024088,117045.55429975915,40.17344355295667,118402.73500000002,118432.06959999999,118156.44788585087,118193.35987976298,-36.91199391211558,75.70171137557101,-112.61370528768659,118402.73500000002,119759.91570024088,117045.55429975915,2222.2902815
2025-07-20 08:00:00,118029.49,118277.17,117819.88,117878.46,1800.2823,117878.46,118390.218,118434.15039999998,118113.68051879687,118170.03395618532,-56.353437388446764,49.29068162276745,26.30332088850807,0.004519544671099007,118390.218,119762.5692507161,117017.86674928389,26.30332088850807,118390.218,118434.15039999998,118113.68051879687,118170.03395618532,-56.353437388446764,49.29068162276745,-105.64411901121422,118390.218,119762.5692507161,117017.86674928389,2200.601295
2025-07-20 12:00:00,117878.46,118799.8,117723.23,118671.11,3280.10469,118671.11,118408.18599999999,118452.9328,118199.43890052041,118207.15070983411,-7.711809313695994,37.89018343547476,43.118132546991134,0.004760446052082875,118408.18599999999,119785.61219601957,117030.7598039804,43.118132546991134,118408.18599999999,118452.9328,118199.43890052041,118207.15070983411,-7.711809313695994,37.89018343547476,-45.601992749170755,118408.18599999999,119785.61219601957,117030.7598039804,2260.574838
2025-07-20 16:00:00,118671.12,118856.8,117960.0,118155.01,2119.12806,118155.01,118416.1865,118459.83299999998,118192.60368505573,118203.28843410061,-10.684749044885393,28.175196939402728,40.23542659059944,0.004827140912005951,118416.1865,119785.34176414991,117047.03123585008,40.23542659059944,118416.1865,118459.83299999998,118192.60368505573,118203.28843410061,-10.684749044885393,28.175196939402728,-38.85994598428812,118416.1865,119785.34176414991,117047.03123585008,2264.437083
2025-07-20 20:00:00,118155.0,118263.0,116467.02,117265.12,3606.65044,117265.12,118335.343,118463.13519999999,118049.91388735484,118133.7944605088,-83.88057315396145,5.764042920729886,43.77865635786964,0.004779287453901857,118335.343,119777.67677474256,116893.00922525742,43.77865635786964,118335.343,118463.13519999999,118049.91388735484,118133.7944605088,-83.88057315396145,5.764042920729886,-89.64461607469134,118335.343,119777.67677474256,116893.00922525742,2285.9798635
2025-07-21 00:00:00,117265.11,118614.7,116515.0,118404.0,2794.62163,118404.0,118307.55999999998,118480.196,118104.38867391563,118153.80968979256,-49.42101587692741,-5.272968838801577,59.46626051254889,0.005311295605251676,118307.55999999998,119720.36281894239,116894.75718105758,59.46626051254889,118307.55999999998,118480.196,118104.38867391563,118153.80968979256,-49.42101587692741,-5.272968838801577,-44.14804703812584,118307.55999999998,119720.36281894239,116894.75718105758,2304.0139225
2025-07-21 04:00:00,118404.01,119676.73,118188.95,119362.67,2783.66639,119362.67,118316.8155,118519.04939999999,118297.97041639016,118243.35491509041,54.61550129974785,6.704725188908312,62.29976304331091,0.005614781319318301,118316.8155,119755.79905217183,116877.83194782816,62.29976304331091,118316.8155,118519.04939999999,118297.97041639016,118243.35491509041,54.61550129974785,6.704725188908312,47.910776110839535,118316.8155,119755.79905217183,116877.83194782816,2255.0841315000002
2025-07-21 08:00:00,119364.18,119500.0,118070.16,118070.17,2511.88984,118070.17,118209.1695,118525.3808,118262.92419848398,118230.5264005886,32.39779789537715,11.843339730202082,48.12774954560633,0.005729416811835978,118209.1695,119335.96264014787,117082.37635985213,48.12774954560633,118209.1695,118525.3808,118262.92419848398,118230.5264005886,32.39779789537715,11.843339730202082,20.55445816517507,118209.1695,119335.96264014787,117082.37635985213,2247.035156
2025-07-21 12:00:00,118070.17,119233.71,117778.7,118313.16,3505.38294,118313.16,118157.85199999998,118531.664,118270.6527833326,118236.64740895656,34.00537437603634,16.275746659368938,51.0999141172988,0.005554473403785758,118157.85199999998,119153.77768632885,117161.92631367112,51.0999141172988,118157.85199999998,118531.664,118270.6527833326,118236.64740895656,34.00537437603634,16.275746659368938,17.729627716667405,118157.85199999998,119153.77768632885,117161.92631367112,2239.845336
2025-07-21 16:00:00,118313.16,118399.1,116666.0,116767.67,3816.98929,116767.67,118037.6685,118505.57719999999,118039.4246628199,118127.83425102379,-88.40958820388187,-4.66132031328123,40.49702915993786,0.006233728377926519,118037.6685,119096.75842350295,116978.57857649705,40.49702915993786,118037.6685,118505.57719999999,118039.4246628199,118127.83425102379,-88.40958820388187,-4.66132031328123,-83.74826789060063,118037.6685,119096.75842350295,116978.57857649705,2239.970059
2025-07-21 20:00:00,116767.67,117633.66,116656.88,117380.36,1694.78119,117380.36,118013.674,118479.73960000002,117938.03009930914,118072.46578019758,-134.43568088844768,-30.61619242831453,46.035849606187774,0.005912126160895604,118013.674,119110.75163801802,116916.59636198198,46.035849606187774,118013.674,118479.73960000002,117938.03009930914,118072.46578019758,-134.43568088844768,-30.61619242831453,-103.81948846013314,118013.674,119110.75163801802,116916.59636198198,2073.6701965
2025-07-22 00:00:00,117380.36,117950.0,116128.0,117210.0,3707.46413,117210.0,118005.43600000002,118444.71800000001,117826.02546864618,118008.57941778903,-182.5539491428499,-61.003743771221615,45.39788340012596,0.005848498805732078,118005.43600000002,119124.95896130623,116885.9130386938,45.39788340012596,118005.43600000002,118444.71800000001,117826.02546864618,118008.57941778903,-182.5539491428499,-61.003743771221615,-121.55020537162827,118005.43600000002,119124.95896130623,116885.9130386938,2130.8141215
2025-07-22 04:00:00,117210.0,118594.55,116552.18,117983.68,4279.84175,117983.68,118008.37799999998,118422.65879999999,117850.28001193139,118006.73501624893,-156.45500431754044,-80.0939958804854,50.77460369489409,0.005945029827621703,118008.37799999998,119127.31827781703,116889.43772218293,50.77460369489409,118008.37799999998,118422.65879999999,117850.28001193139,118006.73501624893,-156.45500431754044,-80.0939958804854,-76.36100843705505,118008.37799999998,119127.31827781703,116889.43772218293,2234.6684555
2025-07-22 08:00:00,117983.69,119188.3,117488.19,119154.99,3376.79135,119154.99,118050.0005,118390.7538,118051.00462548042,118091.79095046774,-40.78632498731895,-72.2324617018521,55.794986695998766,0.006307949339269531,118050.0005,119275.04636865368,116824.9546313463,55.794986695998766,118050.0005,118390.7538,118051.00462548042,118091.79095046774,-40.78632498731895,-72.2324617018521,31.446136714533154,118050.0005,119275.04636865368,116824.9546313463,2337.3577969999997
2025-07-22 12:00:00,119154.99,119573.53,117550.0,118912.04,4597.23931,118912.04,118087.44950000002,118314.27380000001,118183.47160617575,118152.55014560325,30.9214605724992,-51.601677246981836,54.2029432746716,0.006319734136591258,118087.44950000002,119371.42225372397,116803.47674627606,54.2029432746716,118087.44950000002,118314.27380000001,118183.47160617575,118152.55014560325,30.9214605724992,-51.601677246981836,82.52313781948104,118087.44950000002,119371.42225372397,116803.47674627606,2525.7834909999997
2025-07-22 16:00:00,118912.04,120183.96,118368.19,119282.1,3067.62854,119282.1,118135.20150000001,118270.571,118352.49135907178,118236.22051319729,116.27084587448917,-18.02717262268763,56.54791560538967,0.006346555630606362,118135.20150000001,119523.49505373012,116746.9079462699,56.54791560538967,118135.20150000001,118270.571,118352.49135907178,118236.22051319729,116.27084587448917,-18.02717262268763,134.2980184971768,118135.20150000001,119523.49505373012,116746.9079462699,2622.9935520000004
2025-07-22 20:00:00,119282.11,120247.8,119203.2,119954.42,1930.16465,119954.42,118230.01699999999,118272.09479999999,118598.94191921459,118363.49456053722,235.44735867736745,32.6677336373234,56.05455425561123,0.0064158886206720405,118230.01699999999,119837.81172893613,116622.22227106386,56.05455425561123,118230.01699999999,118272.09479999999,118598.94191921459,118363.49456053722,235.44735867736745,32.6677336373234,202.77962504004404,118230.01699999999,119837.81172893613,116622.22227106386,2636.6684195000003
2025-07-23 00:00:00,119954.43,120090.0,118532.96,118614.17,2068.11927,118614.17,118260.3315,118245.59,118601.28470087389,118382.06311313238,219.22158774151467,69.97850445816167,52.009973699969535,0.006953007554389121,118260.3315,119873.34553275198,116647.31746724802,52.009973699969535,118260.3315,118245.59,118601.28470087389,118382.06311313238,219.22158774151467,69.97850445816167,149.243083283353,118260.3315,119873.34553275198,116647.31746724802,2701.0605665
2025-07-23 04:00:00,118614.16,119006.05,118288.2,118350.35,1564.23355,118350.35,118285.849,118215.7734,118562.67936227791,118379.7139934626,182.96536881530483,92.57587732959031,55.02608843855628,0.006965632581639147,118285.849,119886.96832466571,116684.7296753343,55.02608843855628,118285.849,118215.7734,118562.67936227791,118379.7139934626,182.96536881530483,92.57587732959031,90.38949148571452,118285.849,119886.96832466571,116684.7296753343,2733.087136
2025-07-23 08:00:00,118350.35,118619.79,117844.24,118538.46,1801.10341,118538.46,118314.87150000001,118243.5732,118558.95330654284,118391.47295773715,167.4803488056932,107.55677162481092,50.68287084061271,0.0069702584453787695,118314.87150000001,119912.00758710028,116717.73541289974,50.68287084061271,118314.87150000001,118243.5732,118558.95330654284,118391.47295773715,167.4803488056932,107.55677162481092,59.92357718088229,118314.87150000001,119912.00758710028,116717.73541289974,2762.340498
2025-07-23 12:00:00,118538.46,118708.24,117301.0,118567.39,4037.18842,118567.39,118341.7665,118279.33859999999,118560.25125938239,118404.50385060553,155.74740877686418,117.1948990552216,45.53988240651634,0.006969806205085739,118341.7665,119936.7826626114,116746.7503373886,45.53988240651634,118341.7665,118279.33859999999,118560.25125938239,118404.50385060553,155.74740877686418,117.1948990552216,38.55250972164258,118341.7665,119936.7826626114,116746.7503373886,2917.1635575
2025-07-23 16:00:00,118567.39,118567.39,117331.63,118393.64,2651.82367,118393.64,118367.52549999999,118304.93179999999,118534.61875793894,118403.6991208825,130.91963705643138,119.93984665546357,52.074400612566066,0.006972076644081781,118367.52549999999,119947.60751523644,116787.44348476354,52.074400612566066,118367.52549999999,118304.93179999999,118534.61875793894,118403.6991208825,130.91963705643138,119.93984665546357,10.979790400967815,118367.52549999999,119947.60751523644,116787.44348476354,2959.740626
2025-07-23 20:00:00,118393.64,118756.0,117381.8,118755.99,2436.28251,118755.99,118371.76950000001,118352.22299999998,118568.67587210218,118429.79474301539,138.88112908678886,123.72810314172864,52.79703186050654,0.00683964536731049,118371.76950000001,119955.73600476615,116787.80299523387,52.79703186050654,118371.76950000001,118352.22299999998,118568.67587210218,118429.79474301539,138.88112908678886,123.72810314172864,15.153025945060222,118371.76950000001,119955.73600476615,116787.80299523387,2917.549517
2025-07-24 00:00:00,118756.0,119273.36,118466.71,118488.92,1878.28334,118488.92,118388.465,118393.68,118556.40573793263,118434.1743919074,122.23134602521895,123.4287517184267,62.96580868228962,0.006784323370626109,118388.465,119969.84858697325,116807.08141302674,62.96580868228962,118388.465,118393.68,118556.40573793263,118434.1743919074,122.23134602521895,123.4287517184267,-1.1974056932077417,118388.465,119969.84858697325,116807.08141302674,2905.507281
2025-07-24 04:00:00,118488.92,118610.25,117103.1,118416.21,3786.93245,118416.21,118446.01950000001,118406.84240000001,118534.83716286605,118432.84369614684,101.99346671921376,119.14169471858413,58.49381813053186,0.006543449299500599,118446.01950000001,119936.4304020175,116955.60859798251,58.49381813053186,118446.01950000001,118406.84240000001,118534.83716286605,118432.84369614684,101.99346671921376,119.14169471858413,-17.148227999370377,118446.01950000001,119936.4304020175,116955.60859798251,2914.5213814999997
2025-07-24 08:00:00,118416.21,118814.47,117955.59,118600.0,2404.15809,118600.0,118455.81950000001,118429.189,118544.86221473281,118445.2256451294,99.63656960341905,115.24066969555112,61.372747950450815,0.006183934116977849,118455.81950000001,119947.64393414978,116963.99506585025,61.372747950450815,118455.81950000001,118429.189,118544.86221473281,118445.2256451294,99.63656960341905,115.24066969555112,-15.604100092132072,118455.81950000001,119947.64393414978,116963.99506585025,2894.9982044999997
2025-07-24 12:00:00,118600.0,119450.0,117832.32,119092.65,4139.29216,119092.65,118442.31849999998,118447.257,118629.13725862007,118493.18300671825,135.95425190182868,119.38338613680664,59.51077774366345,0.005974939074972977,118442.31849999998,119904.17351422423,116980.46348577573,59.51077774366345,118442.31849999998,118447.257,118629.13725862007,118493.18300671825,135.95425190182868,119.38338613680664,16.57086576502205,118442.31849999998,119904.17351422423,116980.46348577573,2962.779493
2025-07-24 16:00:00,119092.65,119395.81,118350.0,118943.42,2166.82662,118943.42,118485.98099999999,118450.7442,118677.48844960162,118526.53389637722,150.95455322439375,125.69761955432406,47.799808235873954,0.00542835418419185,118485.98099999999,119953.1892564147,117018.77274358527,47.799808235873954,118485.98099999999,118450.7442,118677.48844960162,118526.53389637722,150.95455322439375,125.69761955432406,25.256933670069685,118485.98099999999,119953.1892564147,117018.77274358527,2945.5263320000004
2025-07-24 20:00:00,118943.42,119010.64,118166.94,118340.99,1431.39777,118340.99,118487.37250000001,118435.64880000001,118625.71945735521,118512.78990356925,112.92955378595798,123.14400640065087,44.474568792852295,0.0055450482344526686,118487.37250000001,119953.94328628521,117020.80171371481,44.474568792852295,118487.37250000001,118435.64880000001,118625.71945735521,118512.78990356925,112.92955378595798,123.14400640065087,-10.214452614692888,118487.37250000001,119953.94328628521,117020.80171371481,2841.8270734999996
2025-07-25 00:00:00,118340.98,118451.57,115330.86,115419.66,11127.20493,115419.66,118419.972,118359.4388,118132.47954083903,118283.66916250458,-151.1896216655441,68.27728078741187,24.980113334559647,0.007315492110586601,118419.972,120288.21455352315,116551.72944647683,24.980113334559647,118419.972,118359.4388,118132.47954083903,118283.66916250458,-151.1896216655441,68.27728078741187,-219.466902452956,118419.972,120288.21455352315,116551.72944647683,3207.3378555
2025-07-25 04:00:00,115419.65,116144.63,114723.16,115320.01,8835.25163,115320.01,118316.95449999999,118293.23039999999,117699.7919191715,118064.13884754646,-364.3469283749582,-18.24756104506218,17.573715342838668,0.007186900155545222,118316.95449999999,120606.32526250683,116027.58373749316,17.573715342838668,118316.95449999999,118293.23039999999,117699.7919191715,118064.13884754646,-364.3469283749582,-18.24756104506218,-346.09936732989604,118316.95449999999,120606.32526250683,116027.58373749316,3564.3613775
2025-07-25 08:00:00,115320.01,116782.13,115008.85,116543.58,7216.21136,116543.58,118283.6335,118261.526,117521.91316237589,117951.5048556923,-429.5916933164117,-100.51638749933211,35.27190837327278,0.007627263280558392,118283.6335,120658.63891341921,115908.62808658078,35.27190837327278,118283.6335,118261.526,117521.91316237589,117951.5048556923,-429.5916933164117,-100.51638749933211,-329.0753058170796,118283.6335,120658.63891341921,115908.62808658078,3739.7987390000003
2025-07-25 12:00:00,116543.59,116656.99,114908.0,115727.08,6361.79335,115727.08,118170.80350000001,118209.8326,117245.78498354882,117786.73263989677,-540.9476563479548,-188.6026412690567,32.700832358445595,0.007590105509398235,118170.80350000001,120805.96942541047,115535.63757458955,32.700832358445595,118170.80350000001,118209.8326,117245.78498354882,117786.73263989677,-540.9476563479548,-188.6026412690567,-352.3450150788981,118170.80350000001,120805.96942541047,115535.63757458955,3843.8963190000004
2025-07-25 16:00:00,115727.07,116997.21,115455.46,116688.6,3089.40882,116688.6,118047.48400000001,118183.7046,117160.064216849,117705.38947943738,-545.3252625883761,-259.9471655329206,38.930258943830864,0.007475886491524806,118047.48400000001,120719.31060072553,115375.6573992745,38.930258943830864,118047.48400000001,118183.7046,117160.064216849,117705.38947943738,-545.3252625883761,-259.9471655329206,-285.37809705545544,118047.48400000001,120719.31060072553,115375.6573992745,3829.5271925
2025-07-25 20:00:00,116688.6,117630.0,116578.02,117614.31,1776.47864,117614.31,117982.5975,118158.351,117229.9481834876,117698.64285118127,-468.6946676936641,-301.6966659650693,44.84947461485084,0.007732390622226261,117982.5975,120628.92962122311,115336.2653787769,44.84947461485084,117982.5975,118158.351,117229.9481834876,117698.64285118127,-468.6946676936641,-301.6966659650693,-166.99800172859477,117982.5975,120628.92962122311,115336.2653787769,3688.4891589999997
2025-07-26 00:00:00,117614.31,117750.0,117138.38,117489.62,1222.24277,117489.62,117892.9735,118128.95020000002,117269.89769372028,117683.15967670172,-413.2619829814357,-324.0097293683426,45.08855615438106,0.007685385997732926,117892.9735,120474.62009392379,115311.3269060762,45.08855615438106,117892.9735,118128.95020000002,117269.89769372028,117683.15967670172,-413.2619829814357,-324.0097293683426,-89.2522536130931,117892.9735,120474.62009392379,115311.3269060762,3596.2198705
2025-07-26 04:00:00,117489.61,117547.92,117304.46,117304.47,1006.48005,117304.47,117760.476,118091.4884,117275.216510071,117655.1085890052,-379.89207893420826,-335.18619928151577,41.9592288943053,0.007538823965242496,117760.476,120162.40214999481,115358.54985000518,41.9592288943053,117760.476,118091.4884,117275.216510071,117655.1085890052,-379.89207893420826,-335.18619928151577,-44.70587965269249,117760.476,120162.40214999481,115358.54985000518,3550.0356404999998
2025-07-26 08:00:00,117304.47,118217.45,117304.46,117776.11,1549.30958,117776.11,117718.573,118042.5488,117352.27704698314,117664.07165664411,-311.79460966096667,-330.50788135740595,46.13886249711556,0.007228329103839967,117718.573,120086.79541090911,115350.3505890909,46.13886249711556,117718.573,118042.5488,117352.27704698314,117664.07165664411,-311.79460966096667,-330.50788135740595,18.71327169643928,117718.573,120086.79541090911,115350.3505890909,3524.0951560000003
2025-07-26 12:00:00,117776.1,118220.0,117772.13,118130.1,1303.59734,118130.1,117707.56049999999,118018.3606,117471.94211667804,117698.59227523326,-226.65015855521779,-309.7363367969683,48.4960338945631,0.007250738570497994,117707.56049999999,120065.43886754515,115349.68213245484,48.4960338945631,117707.56049999999,118018.3606,117471.94211667804,117698.59227523326,-226.65015855521779,-309.7363367969683,83.08617824175053,117707.56049999999,120065.43886754515,115349.68213245484,3511.0633455
2025-07-26 16:00:00,118130.1,118297.35,117941.96,118232.11,1051.39337,118232.11,117692.24299999999,117999.57600000002,117588.89102180449,117738.11210729403,-149.22108548953838,-277.63328653548234,48.049378212462905,0.007243819176349367,117692.24299999999,120031.29904281897,115353.18695718101,48.049378212462905,117692.24299999999,117999.57600000002,117588.89102180449,117738.11210729403,-149.22108548953838,-277.63328653548234,128.41220104594396,117692.24299999999,120031.29904281897,115353.18695718101,3473.5778435
2025-07-26 20:00:00,118232.11,118276.66,117883.86,117919.99,858.64895,117919.99,117659.87299999999,118000.7708,117639.82932614227,117751.58454397907,-111.75521783680597,-244.45767279574707,43.660982059648425,0.007265193906364634,117659.87299999999,119965.61640795364,115354.12959204635,43.660982059648425,117659.87299999999,118000.7708,117639.82932614227,117751.58454397907,-111.75521783680597,-244.45767279574707,132.7024549589411,117659.87299999999,119965.61640795364,115354.12959204635,3314.65087
2025-07-27 00:00:00,117919.99,118358.18,117825.5,118182.83,1007.50696,118182.83,117649.33250000002,118016.93219999998,117723.36789135115,117783.52865224589,-60.160760894737905,-207.59829041554525,45.93838612005577,0.007279574368383233,117649.33250000002,119942.84729848053,115355.81770151951,45.93838612005577,117649.33250000002,118016.93219999998,117723.36789135115,117783.52865224589,-60.160760894737905,-207.59829041554525,147.43752952080735,117649.33250000002,119942.84729848053,115355.81770151951,3232.4350345
2025-07-27 04:00:00,118182.83,118438.83,118066.74,118095.95,808.21213,118095.95,117616.3305,118020.3544,117780.68821575867,117806.67097457906,-25.98275882039161,-171.27518409651455,48.615217686152135,0.007243222847704038,117616.3305,119861.27766151408,115371.38333848592,48.615217686152135,117616.3305,118020.3544,117780.68821575867,117806.67097457906,-25.98275882039161,-171.27518409651455,145.29242527612294,117616.3305,119861.27766151408,115371.38333848592,3151.0315155
2025-07-27 08:00:00,118095.95,118292.86,117859.98,118072.71,835.9696,118072.71,117595.51999999999,118015.3578,117825.61464410348,117826.37756927333,-0.7629251698526787,-137.1727323111822,72.2963739871015,0.00722798764366816,117595.51999999999,119813.96896622359,115377.07103377639,72.2963739871015,117595.51999999999,118015.3578,117825.61464410348,117826.37756927333,-0.7629251698526787,-137.1727323111822,136.4098071413295,117595.51999999999,119813.96896622359,115377.07103377639,3098.9158285000003
2025-07-27 12:00:00,118072.71,118588.0,117890.0,118585.74,1586.05165,118585.74,117603.99650000001,118023.8114,117942.5570065491,117882.62663879392,59.93036775517976,-97.75211229790979,75.66231696603288,0.007296004980425689,117603.99650000001,119836.897217901,115371.09578209902,75.66231696603288,117603.99650000001,118023.8114,117942.5570065491,117882.62663879392,59.93036775517976,-97.75211229790979,157.68248005308953,117603.99650000001,119836.897217901,115371.09578209902,2988.8717885
2025-07-27 16:00:00,118585.75,119540.01,118585.75,118960.0,3418.37234,118960.0,117621.99650000001,118036.4702,118099.08669784924,117962.4320737165,136.65462413274508,-50.87076501177881,71.91334849589569,0.00732161093514966,117621.99650000001,119894.16259826571,115349.8304017343,71.91334849589569,117621.99650000001,118036.4702,118099.08669784924,117962.4320737165,136.65462413274508,-50.87076501177881,187.5253891445239,117621.99650000001,119894.16259826571,115349.8304017343,3039.582501
2025-07-27 20:00:00,118960.01,119766.65,118713.74,119415.55,1672.19651,119415.55,117638.1415,118063.619,118301.61951356476,118070.07043957447,231.5490739902889,5.613202788634745,85.79211004865495,0.007312690424755864,117638.1415,119958.38687794075,115317.89612205925,85.79211004865495,117638.1415,118063.619,118301.61951356476,118070.07043957447,231.5490739902889,5.613202788634745,225.93587120165415,117638.1415,119958.38687794075,115317.89612205925,2916.2277185
2025-07-28 00:00:00,119415.56,119800.0,118960.5,119287.99,1824.53168,119287.99,117655.37000000002,118089.22120000001,118453.36881917018,118160.28670404546,293.0821151247219,63.106985255852194,80.09479770392295,0.007310925663590149,117655.37000000002,120021.09544129073,115289.64455870932,80.09479770392295,117655.37000000002,118089.22120000001,118453.36881917018,118160.28670404546,293.0821151247219,63.106985255852194,229.97512986886971,117655.37000000002,120021.09544129073,115289.64455870932,2899.1129714999997
2025-07-28 04:00:00,119287.99,119701.07,118774.31,118900.0,2360.0622,118900.0,117683.3205,118110.42120000001,118522.08130852862,118215.08028193735,307.0010265912715,111.88579352293608,67.00220843967797,0.007253631084863059,117683.3205,120095.89826729648,115270.74273270353,67.00220843967797,117683.3205,118110.42120000001,118522.08130852862,118215.08028193735,307.0010265912715,111.88579352293608,195.11523306833544,117683.3205,120095.89826729648,115270.74273270353,2945.546193
2025-07-28 08:00:00,118900.01,119102.69,118475.47,118827.49,2060.1822,118827.49,117853.71199999998,118127.8108,118569.06726106268,118260.443965074,308.6232959886838,151.23329401608564,67.93983002437827,0.004286651948385593,117853.71199999998,120066.20401083195,115641.21998916802,67.93983002437827,117853.71199999998,118127.8108,118569.06726106268,118260.443965074,308.6232959886838,151.23329401608564,157.39000197259818,117853.71199999998,120066.20401083195,115641.21998916802,2492.1950565
2025-07-28 12:00:00,118827.49,119093.68,117895.73,118174.9,3792.61028,118174.9,117996.4565,118130.719,118508.42614397612,118254.10737502748,254.31876894863672,171.85038900259588,60.37162105804993,0.00453660771854451,117996.4565,119861.80931417481,116131.10368582519,60.37162105804993,117996.4565,118130.719,118508.42614397612,118254.10737502748,254.31876894863672,171.85038900259588,82.46837994604084,117996.4565,119861.80931417481,116131.10368582519,2240.0629889999996
2025-07-28 16:00:00,118174.89,118376.61,117427.5,118068.73,2575.55527,118068.73,118072.714,118134.52440000001,118440.7805833644,118240.37571753573,200.40486582866288,177.5612843678093,53.81936649315792,0.003980408041378817,118072.714,119808.15809816633,116337.26990183369,53.81936649315792,118072.714,118134.52440000001,118440.7805833644,118240.37571753573,200.40486582866288,177.5612843678093,22.843581460853585,118072.714,119808.15809816633,116337.26990183369,2008.0301845000001
2025-07-28 20:00:00,118068.73,118350.01,117500.09,118062.32,1348.80591,118062.32,118189.476,118122.3486,118382.55587823142,118227.18640505247,155.36947317894374,173.1229221300362,49.02703292412638,0.0035569552809041815,118189.476,119529.65127645776,116849.30072354223,49.02703292412638,118189.476,118122.3486,118382.55587823142,118227.18640505247,155.36947317894374,173.1229221300362,-17.75344895109245,118189.476,119529.65127645776,116849.30072354223,1757.3808125000003
2025-07-29 00:00:00,118062.32,118800.0,117450.0,118764.85,2242.87768,118764.85,118293.2885,118134.5454,118441.37035850351,118267.01333821623,174.35702028727974,173.3697417614849,56.52279316694756,0.0033342497905929163,118293.2885,119453.52596975946,117133.05103024053,56.52279316694756,118293.2885,118134.5454,118441.37035850351,118267.01333821623,174.35702028727974,173.3697417614849,0.9872785257948351,118293.2885,119453.52596975946,117133.05103024053,1715.0542555
2025-07-29 04:00:00,118764.85,119273.36,118416.66,118882.37,2579.99271,118882.37,118356.69149999999,118166.8904,118509.21645719527,118312.5953133801,196.6211438151804,178.02002217222403,62.37284910570104,0.0028945085776336046,118356.69149999999,119499.15638709009,117214.22661290989,62.37284910570104,118356.69149999999,118166.8904,118509.21645719527,118312.5953133801,196.6211438151804,178.02002217222403,18.60112164295637,118356.69149999999,119499.15638709009,117214.22661290989,1755.2299590000002
2025-07-29 08:00:00,118882.37,119051.0,118160.87,118592.38,1962.95351,118592.38,118411.82950000002,118170.65800000001,118522.010848396,118333.32010507287,188.69074332313903,180.15416640240704,55.22888083692743,0.002950529871379677,118411.82950000002,119482.27020497799,117341.38879502205,55.22888083692743,118411.82950000002,118170.65800000001,118522.010848396,118333.32010507287,188.69074332313903,180.15416640240704,8.536576920731989,118411.82950000002,119482.27020497799,117341.38879502205,1792.265496
2025-07-29 12:00:00,118592.38,119080.81,117272.0,117400.01,4173.95638,117400.01,118416.6065,118131.4048,118349.39533325816,118264.18602293356,85.20931032460066,161.16519518684578,43.070700875397215,0.003758583681459654,118416.6065,119466.90299271655,117366.31000728343,43.070700875397215,118416.6065,118131.4048,118349.39533325816,118264.18602293356,85.20931032460066,161.16519518684578,-75.95588486224511,118416.6065,119466.90299271655,117366.31000728343,1950.6393125
2025-07-29 16:00:00,117400.02,118057.05,116950.75,117525.29,2441.06334,117525.29,118404.0655,118120.50720000001,118222.60989737228,118209.45298399098,13.15691338130273,131.56353882573717,44.65802457570207,0.003650733312113403,118404.0655,119491.88289329146,117316.24810670853,44.65802457570207,118404.0655,118120.50720000001,118222.60989737228,118209.45298399098,13.15691338130273,131.56353882573717,-118.40662544443444,118404.0655,119491.88289329146,117316.24810670853,1995.2270004999998
2025-07-29 20:00:00,117525.28,118000.0,117094.96,117950.76,1737.09083,117950.76,118395.09850000001,118113.2592,118180.78683623808,118190.29054066537,-9.503704427290359,103.35009017513165,43.6958421031729,0.003680717692974645,118395.09850000001,119495.31066851549,117294.88633148452,43.6958421031729,118395.09850000001,118113.2592,118180.78683623808,118190.29054066537,-9.503704427290359,103.35009017513165,-112.85379460242201,118395.09850000001,119495.31066851549,117294.88633148452,2016.9016749999998
2025-07-30 00:00:00,117950.75,118250.0,117412.53,118161.87,1226.38506,118161.87,118391.5865,118141.1432,118177.87655373992,118188.18531542408,-10.308761684165802,80.61831980327217,41.81077559228813,0.00369885891051165,118391.5865,119494.4345807733,117288.7384192267,41.81077559228813,118391.5865,118141.1432,118177.87655373992,118188.18531542408,-10.308761684165802,80.61831980327217,-90.92708148743797,118391.5865,119494.4345807733,117288.7384192267,2025.6512595
2025-07-30 04:00:00,118161.86,118412.11,117667.33,118123.01,1232.08963,118123.01,118401.7375,118155.9962,118169.43554547224,118183.35751426709,-13.921968794849818,61.71026208364777,35.49780538376599,0.003648567900244599,118401.7375,119489.94899216988,117313.52600783012,35.49780538376599,118401.7375,118155.9962,118169.43554547224,118183.35751426709,-13.921968794849818,61.71026208364777,-75.63223087849758,118401.7375,119489.94899216988,117313.52600783012,2044.3232935
2025-07-30 08:00:00,118123.0,118481.81,117358.84,117579.99,2228.01795,117579.99,118371.59549999998,118163.396,118078.75161539958,118138.66362419729,-59.91200879770622,37.385807907376964,32.47061673050311,0.0037558705748657415,118371.59549999998,119517.21855295556,117225.9724470444,32.47061673050311,118371.59549999998,118163.396,118078.75161539958,118138.66362419729,-59.91200879770622,37.385807907376964,-97.29781670508319,118371.59549999998,119517.21855295556,117225.9724470444,2105.3488429999998
2025-07-30 12:00:00,117579.99,118792.0,117358.84,118000.01,3794.91612,118000.01,118366.7985,118163.7226,118066.63752072271,118128.39298534146,-61.7554646187491,17.557553402151747,40.82363856969511,0.00384886811843183,118366.7985,119518.07083692582,117215.52616307419,40.82363856969511,118366.7985,118163.7226,118066.63752072271,118128.39298534146,-61.7554646187491,17.557553402151747,-79.31301802090084,118366.7985,119518.07083692582,117215.52616307419,2254.6840425
2025-07-30 16:00:00,118000.01,118037.18,115796.23,116916.73,5721.15052,116916.73,118308.9995,118118.9574,117889.72867138074,118038.6401713988,-148.9115000180609,-15.736257281890795,33.84714487152158,0.004359280411888474,118308.9995,119626.50744195156,116991.49155804845,33.84714487152158,118308.9995,118118.9574,117889.72867138074,118038.6401713988,-148.9115000180609,-15.736257281890795,-133.1752427361701,118308.9995,119626.50744195156,116991.49155804845,2498.9430885
2025-07-30 20:00:00,116916.73,117908.4,116880.64,117840.3,1384.17703,117840.3,118271.7275,118097.5226,117882.1242603991,118023.94830681836,-141.82404641926405,-40.95381510936545,47.29533109156757,0.004630472583496866,118271.7275,119598.41621282729,116945.0387871727,47.29533109156757,118271.7275,118097.5226,117882.1242603991,118023.94830681836,-141.82404641926405,-40.95381510936545,-100.8702313098986,118271.7275,119598.41621282729,116945.0387871727,2488.8493575
2025-07-31 00:00:00,117840.29,118600.0,117781.87,118466.14,2307.57332,118466.14,118247.0345,118081.2034,117971.97283572232,118056.70324712088,-84.73041139855923,-49.709134367204214,52.963415343453775,0.004739043123687612,118247.0345,119537.67866959749,116956.3903304025,52.963415343453775,118247.0345,118081.2034,117971.97283572232,118056.70324712088,-84.73041139855923,-49.709134367204214,-35.02127703135501,118247.0345,119537.67866959749,116956.3903304025,2433.3094064999996
2025-07-31 04:00:00,118466.15,118922.45,118287.63,118665.97,1907.96734,118665.97,118209.55549999999,118055.43440000001,118078.74163022658,118101.83411778981,-23.09248756323359,-44.385805006410095,54.37510599838517,0.004666892199311821,118209.55549999999,119396.71098931057,117022.40001068941,54.37510599838517,118209.55549999999,118055.43440000001,118078.74163022658,118101.83411778981,-23.09248756323359,-44.385805006410095,21.293317443176505,118209.55549999999,119396.71098931057,117022.40001068941,2445.0979479999996
2025-07-31 08:00:00,118665.98,118770.07,118278.91,118371.25,1290.20631,118371.25,118163.71849999999,118050.57600000002,118123.74291788402,118121.7908498403,1.952068043727195,-35.118230396382636,46.968053638335576,0.004689759712327709,118163.71849999999,119241.28493651196,117086.15206348801,46.968053638335576,118163.71849999999,118050.57600000002,118123.74291788402,118121.7908498403,1.952068043727195,-35.118230396382636,37.07029844010983,118163.71849999999,119241.28493651196,117086.15206348801,2418.3816795
2025-07-31 12:00:00,118371.25,118702.1,117807.35,118306.18,3457.28095,118306.18,118134.0275,118049.6926,118151.81016128647,118135.44930542981,16.360855856662965,-24.822413145773513,45.525384293997114,0.00464117237697285,118134.0275,119157.54192962409,117110.5130703759,45.525384293997114,118134.0275,118049.6926,118151.81016128647,118135.44930542981,16.360855856662965,-24.822413145773513,41.183269002436475,118134.0275,119157.54192962409,117110.5130703759,2473.242617
2025-07-31 16:00:00,118306.18,118879.14,116763.43,116785.79,4228.22018,116785.79,118031.9425,118014.6392,117941.65321339625,118035.47454191466,-93.82132851841743,-38.62219622030231,38.221214970210504,0.005432279109555586,118031.9425,119165.58503758284,116898.29996241716,38.221214970210504,118031.9425,118014.6392,117941.65321339625,118035.47454191466,-93.82132851841743,-38.62219622030231,-55.199132298115124,118031.9425,119165.58503758284,116898.29996241716,2581.644516
2025-07-31 20:00:00,116785.78,116990.04,115500.0,115764.08,3818.7592,115764.08,117911.4015,117958.573,117606.64194979682,117867.22309413174,-260.581144334923,-83.01398584322646,39.09113823773003,0.0056241000602197545,117911.4015,119428.78161633019,116394.02138366982,39.09113823773003,117911.4015,117958.573,117606.64194979682,117867.22309413174,-260.581144334923,-83.01398584322646,-177.56715849169655,117911.4015,119428.78161633019,116394.02138366982,2582.951962
2025-08-01 00:00:00,115764.07,116052.0,114313.13,115648.03,5440.32571,115648.03,117790.36649999997,117903.6608,117305.31703444346,117702.83842028094,-397.5213858374773,-145.91546584207666,37.466450525708595,0.005624034693363692,117790.36649999997,119610.81817029405,115969.9148297059,37.466450525708595,117790.36649999997,117903.6608,117305.31703444346,117702.83842028094,-397.5213858374773,-145.91546584207666,-251.60591999540063,117790.36649999997,119610.81817029405,115969.9148297059,2726.190484
2025-08-01 04:00:00,115648.03,115916.43,114633.18,115081.77,2952.50734,115081.77,117641.33899999999,117830.17640000001,116963.23287529832,117508.68520373262,-545.4523284343013,-225.82283836052164,31.198613843478086,0.005684168009550038,117641.33899999999,119820.67075305685,115462.00724694313,31.198613843478086,117641.33899999999,117830.17640000001,116963.23287529832,117508.68520373262,-545.4523284343013,-225.82283836052164,-319.62949007377966,117641.33899999999,119820.67075305685,115462.00724694313,2806.3755555
2025-08-01 08:00:00,115081.76,115340.0,114116.0,115305.65,3338.52917,115305.65,117468.37899999999,117766.511,116708.22012525242,117345.49741068359,-637.2772854311625,-308.1137277746499,31.313575400719586,0.005483700892114513,117468.37899999999,119814.9296883863,115121.82831161367,31.313575400719586,117468.37899999999,117766.511,116708.22012525242,117345.49741068359,-637.2772854311625,-308.1137277746499,-329.1635576565126,117468.37899999999,119814.9296883863,115121.82831161367,2861.1581300000003
2025-08-01 12:00:00,115305.64,116019.3,113988.47,115357.82,5325.96286,115357.82,117292.1515,117705.34319999999,116500.46625982896,117198.26204677892,-697.795786949966,-386.05013960971314,31.94057846263169,0.005472364621543847,117292.1515,119719.57776282137,114864.72523717865,31.94057846263169,117292.1515,117705.34319999999,116500.46625982896,117198.26204677892,-697.795786949966,-386.05013960971314,-311.74564734025284,117292.1515,119719.57776282137,114864.72523717865,2998.4566375000004
2025-08-01 16:00:00,115357.82,115695.52,113221.93,113328.68,4135.47502,113328.68,117028.96649999998,117599.91679999999,116012.49914293218,116911.62633933914,-899.1271964069601,-488.6655509691626,26.748290568840446,0.00655277333368658,117028.96649999998,119953.34954915634,114104.58345084362,26.748290568840446,117028.96649999998,117599.91679999999,116012.49914293218,116911.62633933914,-899.1271964069601,-488.6655509691626,-410.46164543779753,117028.96649999998,119953.34954915634,114104.58345084362,3107.082713
2025-08-01 20:00:00,113328.67,114094.08,112722.58,113297.93,3294.30196,113297.93,116823.8625,117484.0224,115594.87312094263,116643.94512878341,-1049.0720078407758,-600.7468423434854,23.139137130883697,0.0062995379568978145,116823.8625,120181.92221877364,113465.80278122636,23.139137130883697,116823.8625,117484.0224,115594.87312094263,116643.94512878341,-1049.0720078407758,-600.7468423434854,-448.3251654972904,116823.8625,120181.92221877364,113465.80278122636,3063.0999920000004
2025-08-02 00:00:00,113297.92,113921.94,113198.63,113909.86,1422.97261,113909.86,116643.09099999999,117383.3512,115335.6403331053,116441.42030426496,-1105.77997115966,-701.7534681067203,31.845444742438175,0.006473952595343507,116643.09099999999,120224.02082436989,113062.16117563008,31.845444742438175,116643.09099999999,117383.3512,115335.6403331053,116441.42030426496,-1105.77997115966,-701.7534681067203,-404.0265030529396,116643.09099999999,120224.02082436989,113062.16117563008,3012.1954555
2025-08-02 04:00:00,113909.87,114063.49,113469.43,113982.49,1674.39001,113982.49,116444.67749999999,117296.18119999999,115127.4633587814,116259.27731862715,-1131.8139598457492,-787.7655664545262,24.04025640715075,0.0063825085120545605,116444.67749999999,120157.83953911776,112731.51546088222,24.04025640715075,116444.67749999999,117296.18119999999,115127.4633587814,116259.27731862715,-1131.8139598457492,-787.7655664545262,-344.04839339122304,116444.67749999999,120157.83953911776,112731.51546088222,3009.0604145
2025-08-02 08:00:00,113982.49,114040.29,113425.58,113787.12,1135.36227,113787.12,116225.94000000002,117263.53039999999,114921.25668819965,116076.15455415717,-1154.8978659575223,-861.1920263551254,16.57795111358749,0.006329829526802221,116225.94000000002,120027.54377423077,112424.33622576926,16.57795111358749,116225.94000000002,117263.53039999999,114921.25668819965,116076.15455415717,-1154.8978659575223,-861.1920263551254,-293.70583960239685,116225.94000000002,120027.54377423077,112424.33622576926,3004.509275
2025-08-02 12:00:00,113787.11,113787.12,112802.31,112840.71,1922.72871,112840.71,115961.825,117213.9444,114601.17258232278,115836.49199443577,-1235.3194121129927,-936.017503506699,12.400600014458334,0.006478078154776282,115961.825,119938.43242396718,111985.21757603281,12.400600014458334,115961.825,117213.9444,114601.17258232278,115836.49199443577,-1235.3194121129927,-936.017503506699,-299.30190860629375,115961.825,119938.43242396718,111985.21757603281,3039.041229
2025-08-02 16:00:00,112840.7,113420.0,112003.0,112229.42,3414.70659,112229.42,115694.29650000001,117127.66119999999,114236.28756965772,115569.30147617024,-1333.0139065125113,-1015.4167841078615,11.913729916098887,0.006496190866509094,115694.29650000001,119924.3802498546,111464.21275014542,11.913729916098887,115694.29650000001,117127.66119999999,114236.28756965772,115569.30147617024,-1333.0139065125113,-1015.4167841078615,-317.5971224046498,115694.29650000001,119924.3802498546,111464.21275014542,3098.375661
2025-08-02 20:00:00,112229.42,113058.82,112069.86,112546.35,1937.17409,112546.35,115421.6135,117064.0466,113976.29717432577,115345.37914447856,-1369.0819701527944,-1086.1498213168481,15.364447721021847,0.0064626242513454455,115421.6135,119728.29796351226,111114.92903648775,15.364447721021847,115421.6135,117064.0466,113976.29717432577,115345.37914447856,-1369.0819701527944,-1086.1498213168481,-282.93214883594624,115421.6135,119728.29796351226,111114.92903648775,3005.4885595
2025-08-03 00:00:00,112546.35,113740.69,111920.0,113604.2,2106.5441,113604.2,115255.987,117002.3586,113919.05145519873,115216.40291148836,-1297.3514562896307,-1128.3901483114048,29.74121188889478,0.006756769174665678,115255.987,119575.33754342275,110936.63645657724,29.74121188889478,115255.987,117002.3586,113919.05145519873,115216.40291148836,-1297.3514562896307,-1128.3901483114048,-168.96130797822593,115255.987,119575.33754342275,110936.63645657724,2824.7582384999996
2025-08-03 04:00:00,113604.2,113720.16,113341.06,113700.0,764.27697,113700.0,115048.972,116924.0724,113885.35123132201,115104.07676984351,-1218.7255385214958,-1146.457226353423,35.100036670969075,0.006420721918652603,115048.972,119241.8247146811,110856.11928531888,35.100036670969075,115048.972,116924.0724,113885.35123132201,115104.07676984351,-1218.7255385214958,-1146.457226353423,-72.26831216807273,115048.972,119241.8247146811,110856.11928531888,2793.7632355
2025-08-03 08:00:00,113700.0,114260.31,113551.0,113862.18,1260.20877,113862.18,114818.774,116851.5236,113881.78642650325,115012.08441648148,-1130.2979899782222,-1143.225379078383,37.19378308490819,0.006251877720298015,114818.774,118716.86210600253,110920.68589399748,37.19378308490819,114818.774,116851.5236,113881.78642650325,115012.08441648148,-1130.2979899782222,-1143.225379078383,12.92738910016078,114818.774,118716.86210600253,110920.68589399748,2741.3950080000004
2025-08-03 12:00:00,113862.19,114098.45,113579.69,113959.06,1131.56686,113959.06,114583.42850000001,116784.6154,113893.67466857965,114934.0826078216,-1040.4079392419517,-1122.6618911110968,41.36803209491928,0.006228956505568764,114583.42850000001,118047.74654490562,111119.1104550944,41.36803209491928,114583.42850000001,116784.6154,113893.67466857965,114934.0826078216,-1040.4079392419517,-1122.6618911110968,82.25395186914511,114583.42850000001,118047.74654490562,111119.1104550944,2702.574984
2025-08-03 16:00:00,113959.06,114799.97,113775.55,114313.19,1254.96509,114313.19,114380.52550000002,116715.35699999999,113958.21548879817,114888.0905627805,-929.8750739823299,-1084.1045276853433,42.51928857639917,0.006330887143149244,114380.52550000002,117350.87608306769,111410.17491693234,42.51928857639917,114380.52550000002,116715.35699999999,113958.21548879817,114888.0905627805,-929.8750739823299,-1084.1045276853433,154.2294537030134,114380.52550000002,117350.87608306769,111410.17491693234,2700.812923
2025-08-03 20:00:00,114313.19,114612.24,114066.56,114208.8,880.19867,114208.8,114175.6565,116636.931,113996.76695205999,114837.7727432978,-841.0057912378106,-1035.4847803958369,41.40685764200502,0.00632786108926843,114175.6565,116501.18835929496,111850.12464070503,41.40685764200502,114175.6565,116636.931,113996.76695205999,114837.7727432978,-841.0057912378106,-1035.4847803958369,194.47898915802625,114175.6565,116501.18835929496,111850.12464070503,2571.958809
2025-08-04 00:00:00,114208.81,115000.0,114107.6,114570.61,1525.00586,114570.61,114064.8975,116563.701,114085.05049789691,114817.98291045458,-732.9324125576677,-974.974306828203,62.37388783165784,0.005842878974378751,114064.8975,116053.6187391543,112076.1762608457,62.37388783165784,114064.8975,116563.701,114085.05049789691,114817.98291045458,-732.9324125576677,-974.974306828203,242.0418942705353,114064.8975,116053.6187391543,112076.1762608457,2436.7980930000003
2025-08-04 04:00:00,114570.61,114778.5,114148.58,114652.97,1221.27307,114652.97,114009.34199999999,116498.3606,114172.4227289897,114805.75973189875,-633.3370029090584,-906.6468460443742,63.36341904078141,0.005553357603063422,114009.34199999999,115855.14449949338,112163.5395005066,63.36341904078141,114009.34199999999,116498.3606,114172.4227289897,114805.75973189875,-633.3370029090584,-906.6468460443742,273.3098431353159,114009.34199999999,115855.14449949338,112163.5395005066,2306.9237865000005
2025-08-04 08:00:00,114652.98,114750.0,114217.97,114493.09,1188.64494,114493.09,113951.595,116424.5658,114221.75615529896,114782.59901101099,-560.8428557120205,-837.4860479779035,56.314869713788205,0.005556036673058613,113951.595,115647.73346659663,112255.45653340337,56.314869713788205,113951.595,116424.5658,114221.75615529896,114782.59901101099,-560.8428557120205,-837.4860479779035,276.64319226588293,113951.595,115647.73346659663,112255.45653340337,2094.339748
2025-08-04 12:00:00,114493.09,115466.0,114121.0,114826.0,2885.46126,114826.0,113938.80649999999,116359.16679999999,114314.71674679144,114785.81389908507,-471.09715229363064,-764.208268841049,58.64572720619729,0.005503858648978691,113938.80649999999,115602.6147331068,112274.99826689318,58.64572720619729,113938.80649999999,116359.16679999999,114314.71674679144,114785.81389908507,-471.09715229363064,-764.208268841049,293.1111165474183,113938.80649999999,115602.6147331068,112274.99826689318,2090.987444
2025-08-04 16:00:00,114826.01,115720.0,114732.65,114777.62,1843.11618,114777.62,113912.405,116293.265,114385.93263190046,114785.20694359715,-399.2743116966885,-691.2214774121769,60.46774602637806,0.00548304351628752,113912.405,115499.89761905465,112324.91238094534,60.46774602637806,113912.405,116293.265,114385.93263190046,114785.20694359715,-399.2743116966885,-691.2214774121769,291.9471657154884,113912.405,115499.89761905465,112324.91238094534,2016.2167945
2025-08-04 20:00:00,114777.62,115340.0,114616.33,115055.03,1004.17785,115055.03,113897.26550000001,116222.6508,114488.87068853117,114805.1938366684,-316.32314813723497,-616.2418115571886,77.25518192112622,0.0055131450810712995,113897.26550000001,115431.6032898228,112362.92771017722,77.25518192112622,113897.26550000001,116222.6508,114488.87068853117,114805.1938366684,-316.32314813723497,-616.2418115571886,299.91866341995365,113897.26550000001,115431.6032898228,112362.92771017722,1800.1275440000002
2025-08-05 00:00:00,115055.03,115127.81,114256.85,114256.85,1398.92395,114256.85,113943.674,116128.5878,114453.17519798792,114764.57577468474,-311.40057669681846,-555.2735645851146,73.85722590013394,0.0040590200474487255,113943.674,115461.66094380742,112425.68705619258,73.85722590013394,113943.674,116128.5878,114453.17519798792,114764.57577468474,-311.40057669681846,-555.2735645851146,243.87298788829617,113943.674,115461.66094380742,112425.68705619258,1663.2999905000001
2025-08-05 04:00:00,114256.85,114500.66,113725.72,113969.7,2125.54323,113969.7,113977.2625,116019.6708,114378.79439829745,114705.69608765999,-326.9016893625376,-509.59918954059924,66.86709438273067,0.004109632906491256,113977.2625,115464.50502154265,112490.01997845735,66.86709438273067,113977.2625,116019.6708,114378.79439829745,114705.69608765999,-326.9016893625376,-509.59918954059924,182.69750017806166,113977.2625,115464.50502154265,112490.01997845735,1604.862054
2025-08-05 08:00:00,113969.7,115096.73,113928.87,114827.07,1593.56232,114827.07,114023.12299999999,115930.45240000001,114447.75987548246,114714.68674783489,-266.9268723524292,-461.0647261029653,65.21425389976685,0.004272308306824265,114023.12299999999,115557.43546325658,112488.8105367434,65.21425389976685,114023.12299999999,115930.45240000001,114447.75987548246,114714.68674783489,-266.9268723524292,-461.0647261029653,194.13785375053612,114023.12299999999,115557.43546325658,112488.8105367434,1613.3915395
2025-08-05 12:00:00,114827.07,114893.13,112650.0,112934.0,4590.4684,112934.0,113970.69849999998,115811.1324,114214.87374079284,114582.78402575181,-367.910284958969,-442.43383787416604,43.414831244304644,0.00570116151333409,113970.69849999998,115580.64235617906,112360.75464382091,43.414831244304644,113970.69849999998,115811.1324,114214.87374079284,114582.78402575181,-367.910284958969,-442.43383787416604,74.52355291519706,113970.69849999998,115580.64235617906,112360.75464382091,1759.195459
2025-08-05 16:00:00,112934.0,113763.27,112815.68,113616.52,1434.52074,113616.52,113962.16849999999,115706.91299999999,114122.81931913241,114511.20891272249,-388.38959359008004,-431.62498901734887,48.06152981800516,0.005871724117218012,113962.16849999999,115578.00476199083,112346.33223800914,48.06152981800516,113962.16849999999,115706.91299999999,114122.81931913241,114511.20891272249,-388.38959359008004,-431.62498901734887,43.23539542726883,113962.16849999999,115578.00476199083,112346.33223800914,1774.1533825000001
2025-08-05 20:00:00,113616.51,114228.88,113304.0,114129.75,899.77214,114129.75,114026.62049999999,115626.01,114123.88557772743,114482.95269696137,-359.06711923393595,-417.11341506066634,51.26384797987203,0.005617451614133972,114026.62049999999,115554.55240860072,112498.68859139926,51.26384797987203,114026.62049999999,115626.01,114123.88557772743,114482.95269696137,-359.06711923393595,-417.11341506066634,58.046295826730386,114026.62049999999,115554.55240860072,112498.68859139926,1723.005554
2025-08-06 00:00:00,114129.75,114139.38,113400.0,113509.97,1061.53764,113509.97,114090.648,115534.83479999998,114029.43702730782,114410.87990458464,-381.4428772768151,-409.9793075038962,44.2777882264435,0.005618194637090764,114090.648,115392.00302612477,112789.29297387523,44.2777882264435,114090.648,115534.83479999998,114029.43702730782,114410.87990458464,-381.4428772768151,-409.9793075038962,28.536430227081098,114090.648,115392.00302612477,112789.29297387523,1605.3471064999999
2025-08-06 04:00:00,113509.98,114417.02,113355.13,114227.91,1437.03071,114227.91,114174.726,115458.14660000001,114059.97133079894,114397.3265783175,-337.355247518557,-395.45449550682844,50.1251967049223,0.00574482130841724,114174.726,115254.37951520567,113095.07248479432,50.1251967049223,114174.726,115458.14660000001,114059.97133079894,114397.3265783175,-337.355247518557,-395.45449550682844,58.09924798827143,114174.726,115254.37951520567,113095.07248479432,1580.3399375000001
2025-08-06 08:00:00,114227.9,114404.23,113727.57,114226.69,1280.29764,114226.69,114205.85050000002,115367.38339999999,114085.62035682988,114384.68683177407,-299.06647494419303,-376.1768913943014,47.63511840910969,0.005373131894289202,114205.85050000002,115251.61099254228,113160.09000745775,47.63511840910969,114205.85050000002,115367.38339999999,114085.62035682988,114384.68683177407,-299.06647494419303,-376.1768913943014,77.11041645010835,114205.85050000002,115251.61099254228,113160.09000745775,1539.0276145
2025-08-06 12:00:00,114226.68,115515.09,113579.9,115413.87,3509.68013,115413.87,114291.54400000002,115298.0134,114289.96645577913,114460.92262202076,-170.95616624163813,-335.1327463637688,54.54202492293654,0.005830072420604408,114291.54400000002,115438.7355502933,113144.35244970674,54.54202492293654,114291.54400000002,115298.0134,114289.96645577913,114460.92262202076,-170.95616624163813,-335.1327463637688,164.17658012213064,114291.54400000002,115438.7355502933,113144.35244970674,1676.2977725
2025-08-06 16:00:00,115413.87,115716.0,114942.18,115259.99,1727.95909,115259.99,114361.4345,115231.3656,114439.20084719773,114520.11279817292,-80.91195097519085,-284.2885872860532,54.58112212104346,0.00584621879311641,114361.4345,115567.30354435809,113155.56545564192,54.58112212104346,114361.4345,115231.3656,114439.20084719773,114520.11279817292,-80.91195097519085,-284.2885872860532,203.37663631086235,114361.4345,115567.30354435809,113155.56545564192,1699.6852885
2025-08-06 20:00:00,115260.0,115260.0,114793.01,114992.27,744.64797,114992.27,114413.095,115183.2108,114524.28840916732,114555.0874057187,-30.798996551384334,-233.59066913911943,51.00101986386565,0.00588276574764044,114413.095,115634.80585969205,113191.38414030796,51.00101986386565,114413.095,115183.2108,114524.28840916732,114555.0874057187,-30.798996551384334,-233.59066913911943,202.7916725877351,114413.095,115634.80585969205,113191.38414030796,1680.339344
2025-08-07 00:00:00,114992.27,115185.58,114404.22,114546.03,1192.91433,114546.03,114424.737,115123.6256,114527.63326929543,114554.41648677654,-26.783217481104657,-192.22917880751646,48.669464970831555,0.005925110058993945,114424.737,115646.87686185533,113202.59713814466,48.669464970831555,114424.737,115123.6256,114527.63326929543,114554.41648677654,-26.783217481104657,-192.22917880751646,165.4459613264118,114424.737,115646.87686185533,113202.59713814466,1677.2368060000001
2025-08-07 04:00:00,114546.03,114876.79,114259.0,114787.99,1290.96115,114787.99,114453.6965,115060.37019999999,114567.68815094228,114571.71822849808,-4.0300775557989255,-154.58935855717297,48.45952207341502,0.005935996956211572,114453.6965,115681.72647138376,113225.66652861625,48.45952207341502,114453.6965,115060.37019999999,114567.68815094228,114571.71822849808,-4.0300775557989255,-154.58935855717297,150.55928100137405,114453.6965,115681.72647138376,113225.66652861625,1697.77493
2025-08-07 08:00:00,114787.99,116828.93,114787.98,116519.53,3698.10885,116519.53,114551.14249999999,115027.5234,114867.97151233577,114716.00058195264,151.97093038313324,-93.27730076911172,61.783809682526396,0.0067802625096258316,114551.14249999999,116088.56060053837,113013.7243994616,61.783809682526396,114551.14249999999,115027.5234,114867.97151233577,114716.00058195264,151.97093038313324,-93.27730076911172,245.24823115224495,114551.14249999999,116088.56060053837,113013.7243994616,1806.4300795
2025-08-07 12:00:00,116519.54,116791.11,116035.84,116689.81,2746.73177,116689.81,114652.98449999999,114998.85940000002,115148.25435659179,114862.20868700254,286.0456695892499,-17.412706697439383,64.34062672330984,0.0067814496159176564,114652.98449999999,116464.26217942202,112841.70682057797,64.34062672330984,114652.98449999999,114998.85940000002,115148.25435659179,114862.20868700254,286.0456695892499,-17.412706697439383,303.45837628668926,114652.98449999999,116464.26217942202,112841.70682057797,1882.7030144999997
2025-08-07 16:00:00,116689.8,117520.0,115632.31,117461.98,2735.62556,117461.98,114801.429,114996.4992,115504.21214788535,115054.78433982856,449.4278080567892,75.95539625340636,64.01737255990963,0.006874602652562102,114801.429,117002.27221296006,112600.58578703995,64.01737255990963,114801.429,114996.4992,115504.21214788535,115054.78433982856,449.4278080567892,75.95539625340636,373.47241180338284,114801.429,117002.27221296006,112600.58578703995,1960.0520454999998
2025-08-07 20:00:00,117461.99,117621.0,117012.0,117472.01,1804.22097,117472.01,114933.72950000002,114985.9392,115806.95027897992,115233.83809244366,573.1121865362511,175.38675430997534,80.19024201370733,0.006868900321839206,114933.72950000002,117437.99773961217,112429.46126038786,80.19024201370733,114933.72950000002,114985.9392,115806.95027897992,115233.83809244366,573.1121865362511,175.38675430997534,397.72543222627576,114933.72950000002,117437.99773961217,112429.46126038786,1905.990031
2025-08-08 00:00:00,117472.02,117630.0,116694.28,116737.35,2393.91974,116737.35,115031.71600000001,114982.3516,115950.08869759837,115345.2093448609,604.8793527374801,261.28527399547636,70.61905460349936,0.007060803889321624,115031.71600000001,117660.52829431622,112402.90370568381,70.61905460349936,115031.71600000001,114982.3516,115950.08869759837,115345.2093448609,604.8793527374801,261.28527399547636,343.5940787420037,115031.71600000001,117660.52829431622,112402.90370568381,1933.5302089999998
2025-08-08 04:00:00,116737.34,116973.3,116401.0,116817.19,1456.27491,116817.19,115119.824,114961.8894,116083.48889796785,115454.24494895039,629.2439490174584,334.87700899987277,68.83427430884564,0.007051455428911648,115119.824,117867.367221933,112372.28077806698,68.83427430884564,115119.824,114961.8894,116083.48889796785,115454.24494895039,629.2439490174584,334.87700899987277,294.3669400175856,115119.824,117867.367221933,112372.28077806698,1956.1350619999998
2025-08-08 08:00:00,116817.2,116914.6,116317.08,116891.51,1108.98011,116891.51,115251.557,114930.39680000002,116207.79983674202,115560.70902681055,647.0908099314693,397.3197691861921,75.66057265312696,0.0068143546192480685,115251.557,118076.4387706044,112426.6752293956,75.66057265312696,115251.557,114930.39680000002,116207.79983674202,115560.70902681055,647.0908099314693,397.3197691861921,249.77104074527716,115251.557,118076.4387706044,112426.6752293956,1941.63787
2025-08-08 12:00:00,116891.51,117271.73,115878.71,116207.69,2540.81848,116207.69,115363.4565,114881.2312,116207.7829387817,115608.63354334503,599.1493954366742,437.68569443628854,65.10161925655171,0.006948615691147245,115363.4565,118151.60430315863,112575.30869684137,65.10161925655171,115363.4565,114881.2312,116207.7829387817,115608.63354334503,599.1493954366742,437.68569443628854,161.4637010003857,115363.4565,118151.60430315863,112575.30869684137,1962.4016325
2025-08-08 16:00:00,116207.7,116900.0,116006.14,116453.41,1690.79713,116453.41,115444.77350000001,114842.8744,116245.57171743068,115671.20957717365,574.3621402570279,465.02098360043647,66.37448230421697,0.006784536190358355,115444.77350000001,118261.76846041351,112627.7785395865,66.37448230421697,115444.77350000001,114842.8744,116245.57171743068,115671.20957717365,574.3621402570279,465.02098360043647,109.34115665659147,115444.77350000001,118261.76846041351,112627.7785395865,1967.2633730000002
2025-08-08 20:00:00,116453.41,116980.0,116319.06,116674.74,854.52241,116674.74,115631.81050000002,114810.24560000001,116311.59760705673,115745.54516405224,566.0524430044898,485.2272754812471,60.80712984121067,0.005442557020973429,115631.81050000002,118235.55740008828,113028.06359991177,60.80712984121067,115631.81050000002,114810.24560000001,116311.59760705673,115745.54516405224,566.0524430044898,485.2272754812471,80.82516752324267,115631.81050000002,118235.55740008828,113028.06359991177,1780.4660735000002
2025-08-09 00:00:00,116674.74,116750.0,116299.13,116384.01,971.89236,116384.01,115770.18500000001,114802.21,116322.73797520185,115792.83885560544,529.8991195964045,494.1616443042786,59.413335209267046,0.005414040720708358,115770.18500000001,118212.10285551185,113328.26714448817,59.413335209267046,115770.18500000001,114802.21,116322.73797520185,115792.83885560544,529.8991195964045,494.1616443042786,35.73747529212591,115770.18500000001,118212.10285551185,113328.26714448817,1757.3346545
2025-08-09 04:00:00,116384.01,116980.0,116339.45,116756.01,2021.01259,116756.01,115901.49799999999,114822.0486,116389.39520978618,115864.18486630346,525.210343482715,500.3713841399659,64.51723888164562,0.00537962203137795,115901.49799999999,118252.75903787512,113550.23696212487,64.51723888164562,115901.49799999999,114822.0486,116389.39520978618,115864.18486630346,525.210343482715,500.3713841399659,24.838959342749035,115901.49799999999,118252.75903787512,113550.23696212487,1813.396677
2025-08-09 08:00:00,116756.0,117944.05,116756.0,117110.0,2353.3714,117110.0,116081.4995,114851.28799999999,116500.25748520369,115956.46746880203,543.790016401661,509.055110592305,71.42931169649594,0.00516309265248762,116081.4995,118201.73262190282,113961.26637809719,71.42931169649594,116081.4995,114851.28799999999,116500.25748520369,115956.46746880203,543.790016401661,509.055110592305,34.73490580935595,116081.4995,118201.73262190282,113961.26637809719,1877.988365
2025-08-09 12:00:00,117110.0,117238.04,116700.01,116892.47,1382.66437,116892.47,116214.7275,114887.50200000001,116560.59787209543,116025.80098963328,534.7968824621494,514.2034649662739,67.66107862422712,0.005090576136782566,116214.7275,118173.24361126732,114256.21138873267,67.66107862422712,116214.7275,114887.50200000001,116560.59787209543,116025.80098963328,534.7968824621494,514.2034649662739,20.59341749587543,116214.7275,118173.24361126732,114256.21138873267,1875.2700479999999
2025-08-09 16:00:00,116892.48,116947.16,116500.0,116535.69,1202.78039,116535.69,116330.17749999999,114912.1028,116556.76589177306,116063.57054595763,493.1953458154312,510.0018411361054,50.17629603770295,0.005172348615524061,116330.17749999999,118053.34045627636,114607.01454372362,50.17629603770295,116330.17749999999,114912.1028,116556.76589177306,116063.57054595763,493.1953458154312,510.0018411361054,-16.806495320674173,116330.17749999999,118053.34045627636,114607.01454372362,1871.3941855
2025-08-09 20:00:00,116535.68,117021.16,116359.89,116462.25,1582.41033,116462.25,116382.59649999999,114934.19140000001,116542.22498534645,116093.10235736881,449.12262797763105,497.82599850441056,47.46386825845453,0.004684600280494041,116382.59649999999,118051.31797121993,114713.87502878004,47.46386825845453,116382.59649999999,114934.19140000001,116542.22498534645,116093.10235736881,449.12262797763105,497.82599850441056,-48.70337052677951,116382.59649999999,118051.31797121993,114713.87502878004,1775.0306955
2025-08-10 00:00:00,116462.25,118500.0,116460.63,118500.0,3892.68324,118500.0,116544.597,115037.61779999999,116843.42114144699,116271.39107164138,572.030069805609,512.6668127646502,59.02321651477594,0.006009567276255251,116544.597,118375.63167404516,114713.56232595483,59.02321651477594,116544.597,115037.61779999999,116843.42114144699,116271.39107164138,572.030069805609,512.6668127646502,59.36325704095873,116544.597,118375.63167404516,114713.56232595483,1883.2669029999997
2025-08-10 04:00:00,118500.0,118741.77,117466.34,117808.3,2444.0838,117808.3,116685.39850000001,115127.82519999999,116991.86404276284,116385.23617744785,606.627865314993,531.4590232747188,52.61354045395982,0.0061734224879277004,116685.39850000001,118445.54160438695,114925.25539561307,52.61354045395982,116685.39850000001,115127.82519999999,116991.86404276284,116385.23617744785,606.627865314993,531.4590232747188,75.16884204027417,116685.39850000001,118445.54160438695,114925.25539561307,1968.2386944999998
2025-08-10 08:00:00,117808.29,118500.0,117608.01,118330.58,1506.32503,118330.58,116874.626,115216.23959999999,117197.82034387626,116529.33571986161,668.4846240146435,558.8641434227037,62.804782976999704,0.006090652796947549,116874.626,118472.62319758986,115276.62880241015,62.804782976999704,116874.626,115216.23959999999,117197.82034387626,116529.33571986161,668.4846240146435,558.8641434227037,109.62048059193978,116874.626,118472.62319758986,115276.62880241015,1983.9092294999998
2025-08-10 12:00:00,118330.58,119113.94,118232.0,118815.0,2809.2276,118815.0,117075.97649999999,115312.8898,117446.61721404914,116698.64418505976,747.9730289893778,596.6859205360386,65.07596807031894,0.006114737853660393,117075.97649999999,118578.93760836845,115573.01539163153,65.07596807031894,117075.97649999999,115312.8898,117446.61721404914,116698.64418505976,747.9730289893778,596.6859205360386,151.28710845333921,117075.97649999999,118578.93760836845,115573.01539163153,2059.822552
2025-08-10 16:00:00,118815.0,118944.24,118433.8,118663.08,995.85812,118663.08,117183.15400000001,115410.409,117633.76533496466,116844.15794913158,789.6073858330783,635.2702135954465,63.213946334775926,0.0052723614744534615,117183.15400000001,118818.89055871782,115547.4174412822,63.213946334775926,117183.15400000001,115410.409,117633.76533496466,116844.15794913158,789.6073858330783,635.2702135954465,154.33717223763176,117183.15400000001,118818.89055871782,115547.4174412822,1924.7100155
2025-08-10 20:00:00,118663.09,119311.11,118074.99,119294.01,2674.59294,119294.01,117313.36400000002,115539.475,117889.18759112395,117025.62847142061,863.5591197033355,680.9279948170243,73.20359911706146,0.005362720104971278,117313.36400000002,119181.79952871877,115444.92847128127,73.20359911706146,117313.36400000002,115539.475,117889.18759112395,117025.62847142061,863.5591197033355,680.9279948170243,182.6311248863111,117313.36400000002,119181.79952871877,115444.92847128127,1921.103074
2025-08-11 00:00:00,119294.27,122164.07,118972.59,121728.99,7626.19257,121728.99,117526.7145,115729.4664,118479.92642325872,117374.02562169019,1105.900801568525,765.9225561673245,79.83999601800042,0.006801348466975641,117526.7145,120246.92313491882,114806.50586508118,79.83999601800042,117526.7145,115729.4664,118479.92642325872,117374.02562169019,1105.900801568525,765.9225561673245,339.9782454012004,117526.7145,120246.92313491882,114806.50586508118,2165.6314245000003
2025-08-11 04:00:00,121729.0,122335.16,121466.08,121537.15,4279.8879,121537.15,117729.97149999999,115909.2824,118950.26851198815,117682.40520527231,1267.863306715837,866.3107062770272,77.59506213756855,0.0068335574253380995,117729.97149999999,120987.42040461754,114472.52259538243,77.59506213756855,117729.97149999999,115909.2824,118950.26851198815,117682.40520527231,1267.863306715837,866.3107062770272,401.5526004388099,117729.97149999999,120987.42040461754,114472.52259538243,2289.414771
2025-08-11 08:00:00,121537.14,121823.0,120286.4,120561.54,4216.26732,120561.54,117921.18099999998,116048.4292,119198.15643322075,117895.67444932854,1302.4819838922122,953.5449618000642,71.99818434003811,0.006952988182789818,117921.18099999998,121376.25765417429,114466.10434582568,71.99818434003811,117921.18099999998,116048.4292,119198.15643322075,117895.67444932854,1302.4819838922122,953.5449618000642,348.9370220921479,117921.18099999998,121376.25765417429,114466.10434582568,2380.53215
2025-08-11 12:00:00,120561.53,120667.54,119382.91,120314.4,5236.26223,120314.4,118096.0415,116180.71719999998,119369.88621272527,118074.83930493562,1295.0469077896414,1021.8453509979797,68.98757885278073,0.006999403688312483,118096.0415,121667.8775875995,114524.20541240051,68.98757885278073,118096.0415,116180.71719999998,119369.88621272527,118074.83930493562,1295.0469077896414,1021.8453509979797,273.2015567916617,118096.0415,121667.8775875995,114524.20541240051,2569.531516
2025-08-11 16:00:00,120314.4,120794.05,118604.17,119089.3,2812.92272,119089.3,118205.93100000001,116285.25959999999,119326.71910307524,118149.98454160776,1176.734561467485,1052.823193091881,59.663210765694615,0.007471714021468599,118205.93100000001,121756.90460091407,114654.95739908595,59.663210765694615,118205.93100000001,116285.25959999999,119326.71910307524,118149.98454160776,1176.734561467485,1052.823193091881,123.91136837560407,118205.93100000001,121756.90460091407,114654.95739908595,2654.7286464999997
2025-08-11 20:00:00,119089.3,119172.63,118050.11,118686.0,2322.80155,118686.0,118329.84650000001,116379.7984,119228.14693337136,118189.6893903779,1038.457542993463,1049.9500630721973,58.60025567770414,0.007373227190442127,118329.84650000001,121758.06108277048,114901.63191722955,58.60025567770414,118329.84650000001,116379.7984,119228.14693337136,118189.6893903779,1038.457542993463,1049.9500630721973,-11.492520078734287,118329.84650000001,121758.06108277048,114901.63191722955,2643.8278
2025-08-12 00:00:00,118686.0,119275.46,118593.39,118857.7,1894.63528,118857.7,118450.06100000002,116470.6886,119171.15509746807,118239.1716577577,931.9834397103696,1026.3567383998318,61.33560369884718,0.007369813436386575,118450.06100000002,121768.07236319699,115132.04963680304,61.33560369884718,118450.06100000002,116470.6886,119171.15509746807,118239.1716577577,931.9834397103696,1026.3567383998318,-94.37329868946222,118450.06100000002,121768.07236319699,115132.04963680304,2654.0197075
2025-08-12 04:00:00,118857.7,119158.06,118424.86,118986.72,3135.38397,118986.72,118565.65999999999,116566.24700000002,119142.78046708836,118294.54560903531,848.2348580530524,990.7323623304759,62.25745774052239,0.007367103335795344,118565.65999999999,121782.80724343313,115348.51275656685,62.25745774052239,118565.65999999999,116566.24700000002,119142.78046708836,118294.54560903531,848.2348580530524,990.7323623304759,-142.49750427742345,118565.65999999999,121782.80724343313,115348.51275656685,2768.0627855
2025-08-12 08:00:00,118986.73,119058.43,118207.47,118522.22,2346.379,118522.22,118672.5705,116645.2792,119047.30962599785,118311.4103787365,735.8992472613463,939.7657393166501,50.127343416884074,0.007409045550928762,118672.5705,121722.20778797755,115622.93321202246,50.127343416884074,118672.5705,116645.2792,119047.30962599785,118311.4103787365,735.8992472613463,939.7657393166501,-203.86649205530375,118672.5705,121722.20778797755,115622.93321202246,2836.7871175
2025-08-12 12:00:00,118522.22,119960.0,118285.0,119933.0,4914.05441,119933.0,118831.42000000001,116750.87980000001,119183.56968353665,118431.52812846049,752.0415550761682,902.2209024685536,61.249512893497325,0.007794575206788223,118831.42000000001,121790.33805067376,115872.50194932627,61.249512893497325,118831.42000000001,116750.87980000001,119183.56968353665,118431.52812846049,752.0415550761682,902.2209024685536,-150.17934739238547,118831.42000000001,121790.33805067376,115872.50194932627,2981.4392085
2025-08-12 16:00:00,119933.0,120192.1,119172.62,119665.27,2309.07117,119665.27,118959.18350000001,116854.3234,119257.67742453101,118522.91641524172,734.7610092892864,868.7289238327003,57.26245705449034,0.007824395580243122,118959.18350000001,121824.31801187196,116094.04898812807,57.26245705449034,118959.18350000001,116854.3234,119257.67742453101,118522.91641524172,734.7610092892864,868.7289238327003,-133.96791454341383,118959.18350000001,121824.31801187196,116094.04898812807,2979.224197
2025-08-12 20:00:00,119665.27,120324.43,119485.84,120134.08,2120.5851,120134.08,119121.26400000001,116960.485,119392.50858998776,118642.2618659652,750.2467240225524,845.0324838706706,57.18973200659301,0.007815728365605354,119121.26400000001,121858.00832926361,116384.51967073641,57.18973200659301,119121.26400000001,116960.485,119392.50858998776,118642.2618659652,750.2467240225524,845.0324838706706,-94.78575984811823,119121.26400000001,121858.00832926361,116384.51967073641,3016.1202335000003
2025-08-13 00:00:00,120134.09,120192.1,119094.28,119482.01,2361.00135,119482.01,119268.58,117054.5728,119406.27803768196,118704.46543144957,701.8126062323863,816.3885083430139,54.23284826293658,0.007904461644550763,119268.58,121721.81888714976,116815.34111285025,54.23284826293658,119268.58,117054.5728,119406.27803768196,118704.46543144957,701.8126062323863,816.3885083430139,-114.57590211062757,119268.58,121721.81888714976,116815.34111285025,3074.0312815
2025-08-13 04:00:00,119482.01,119820.18,118920.92,119580.4,2324.10298,119580.4,119424.4875,117145.0802,119433.06603188474,118769.34947356471,663.7165583200258,785.8541183384164,51.56651865174045,0.007892659893834425,119424.4875,121492.94284028796,117356.03215971205,51.56651865174045,119424.4875,117145.0802,119433.06603188474,118769.34947356471,663.7165583200258,785.8541183384164,-122.13756001839056,119424.4875,121492.94284028796,117356.03215971205,3111.115914
2025-08-13 08:00:00,119580.4,120732.94,119446.22,120570.41,3213.18528,120570.41,119528.008,117271.3514,119608.0420269794,118902.76136441233,705.2806625670637,769.7394271841459,42.47284303534304,0.007132753002097171,119528.008,121608.85003401978,117447.16596598022,42.47284303534304,119528.008,117271.3514,119608.0420269794,118902.76136441233,705.2806625670637,769.7394271841459,-64.45876461708224,119528.008,121608.85003401978,117447.16596598022,3077.141016
2025-08-13 12:00:00,120570.41,122200.0,120106.02,120920.62,7228.67197,120920.62,119683.624,117410.3698,119809.97709975179,119052.23237445646,757.744725295328,767.3404868063824,46.07524219001652,0.0069646571905693806,119683.624,121687.02572539457,117680.22227460542,46.07524219001652,119683.624,117410.3698,119809.97709975179,119052.23237445646,757.744725295328,767.3404868063824,-9.595761511054434,119683.624,121687.02572539457,117680.22227460542,3316.3704245
2025-08-13 16:00:00,120920.61,122839.47,120920.61,122744.21,4167.90157,122744.21,119904.30550000002,117568.7126,120261.39754594382,119325.71219857181,935.6853473720112,801.0094589195082,62.540693031192795,0.007593149833731873,119904.30550000002,122227.05975697286,117581.55124302718,62.540693031192795,119904.30550000002,117568.7126,120261.39754594382,119325.71219857181,935.6853473720112,801.0094589195082,134.67588845250293,119904.30550000002,122227.05975697286,117581.55124302718,3449.4492515000006
2025-08-13 20:00:00,122744.22,123667.79,122298.2,123306.43,3915.20787,123306.43,120128.87700000001,117776.16119999999,120729.86407733706,119620.58018386379,1109.2838934732717,862.664345830261,66.5902590871235,0.007601459971161141,120128.87700000001,122843.60708547929,117414.14691452072,66.5902590871235,120128.87700000001,117776.16119999999,120729.86407733706,119620.58018386379,1109.2838934732717,862.664345830261,246.61954764301072,120128.87700000001,122843.60708547929,117414.14691452072,3504.7482650000006
2025-08-14 00:00:00,123306.44,124474.0,123250.5,123337.14,3481.676316,123337.14,120362.58,117970.57360000002,121130.98345005444,119895.88091098586,1235.1025390685827,937.1519844779253,77.14954800179976,0.007575636295972023,120362.58,123338.21460241091,117386.9453975891,77.14954800179976,120362.58,117970.57360000002,121130.98345005444,119895.88091098586,1235.1025390685827,937.1519844779253,297.95055459065736,120362.58,123338.21460241091,117386.9453975891,3629.0391748
2025-08-14 04:00:00,123337.14,123428.6,121313.86,121725.31,3755.65744,121725.31,120484.14499999999,118122.4848,121222.4183038922,120031.39417683917,1191.0241270530387,987.926412992948,66.82603356891435,0.00823383104986923,120484.14499999999,123474.58719004688,117493.7028099531,66.82603356891435,120484.14499999999,118122.4848,121222.4183038922,120031.39417683917,1191.0241270530387,987.926412992948,203.09771406009065,120484.14499999999,123474.58719004688,117493.7028099531,3683.0923998
2025-08-14 08:00:00,121725.31,122045.9,120694.0,120949.67,3456.28874,120949.67,120445.179,118271.27880000001,121180.45702637034,120099.4146081846,1081.042418185738,1006.549614031506,60.85552295623169,0.007003791550331226,120445.179,123387.24214310353,117503.11585689647,60.85552295623169,120445.179,118271.27880000001,121180.45702637034,120099.4146081846,1081.042418185738,1006.549614031506,74.49280415423186,120445.179,123387.24214310353,117503.11585689647,3474.5972083
2025-08-14 12:00:00,120949.66,121183.06,117632.0,118257.25,11617.06761,118257.25,120281.18400000001,118351.8656,120730.7328684672,119962.95797054094,767.7748979262542,958.7946708104558,47.010101722203046,0.008557388800524823,120281.18400000001,123330.65295287964,117231.71504712038,47.010101722203046,120281.18400000001,118351.8656,120730.7328684672,119962.95797054094,767.7748979262542,958.7946708104558,-191.01977288420164,120281.18400000001,123330.65295287964,117231.71504712038,3841.4561937999997
2025-08-14 16:00:00,118257.26,118535.0,117180.0,117945.92,3545.40524,117945.92,120150.403,118426.2502,120302.30011947225,119813.54775050051,488.75236897173454,864.7862104427116,47.60786800976942,0.00841915049653894,120150.403,123368.91113144947,116931.89486855055,47.60786800976942,120150.403,118426.2502,120302.30011947225,119813.54775050051,488.75236897173454,864.7862104427116,-376.0338414709771,120150.403,123368.91113144947,116931.89486855055,3807.9130898000003
2025-08-14 20:00:00,117945.92,118516.81,117302.33,118295.09,2124.85224,118295.09,120049.4375,118483.8746,119993.49856263035,119701.06939861135,292.42916401900584,750.3148011579705,42.54419785636185,0.008462647829594064,120049.4375,123371.31664419836,116727.55835580164,42.54419785636185,120049.4375,118483.8746,119993.49856263035,119701.06939861135,292.42916401900584,750.3148011579705,-457.8856371389646,120049.4375,123371.31664419836,116727.55835580164,3652.3425903
2025-08-15 00:00:00,118295.09,119077.71,118032.32,118968.91,1883.55436,118968.91,120043.41799999999,118558.05299999999,119835.86955299492,119646.83536908447,189.03418391045125,638.0586777084667,46.94316703277022,0.008280122708814166,120043.41799999999,123373.05006289983,116713.78593710015,46.94316703277022,120043.41799999999,118558.05299999999,119835.86955299492,119646.83536908447,189.03418391045125,638.0586777084667,-449.02449379801544,120043.41799999999,123373.05006289983,116713.78593710015,3605.8741723
2025-08-15 04:00:00,118968.91,119216.82,118629.58,118956.45,1732.90691,118956.45,120056.9405,118637.3366,119700.57423714954,119595.69571211515,104.87852503439353,531.4226471736521,44.61476128763191,0.008242283017694536,120056.9405,123365.49065469266,116748.39034530733,44.61476128763191,120056.9405,118637.3366,119700.57423714954,119595.69571211515,104.87852503439353,531.4226471736521,-426.54412213925855,120056.9405,123365.49065469266,116748.39034530733,3576.3794403
2025-08-15 08:00:00,118956.45,119144.5,118600.0,119006.01,1129.82607,119006.01,120064.35599999999,118726.53619999999,119593.718200665,119552.01528899543,41.702911669563036,433.4787000728343,47.69633426770532,0.008236945778424766,120064.35599999999,123362.23640207134,116766.47559792863,47.69633426770532,120064.35599999999,118726.53619999999,119593.718200665,119552.01528899543,41.702911669563036,433.4787000728343,-391.77578840327124,120064.35599999999,123362.23640207134,116766.47559792863,3538.1389797999996
2025-08-15 12:00:00,119006.01,119130.77,116827.29,117275.22,5128.8936,117275.22,119978.781,118776.28080000001,119237.02616979346,119383.36378610661,-146.337616313147,317.515436795638,40.36598861896264,0.008856121088491199,119978.781,123477.12920001912,116480.43279998089,40.36598861896264,119978.781,118776.28080000001,119237.02616979346,119383.36378610661,-146.337616313147,317.515436795638,-463.853053108785,119978.781,123477.12920001912,116480.43279998089,3637.8144613000004
2025-08-15 16:00:00,117275.23,117882.35,116803.99,116936.27,2393.46089,116936.27,119899.4835,118784.6156,118883.06368213294,119202.09757972808,-319.0338975951454,190.20556991748128,33.93778673526214,0.008839627286959586,119899.4835,123602.74328675731,116196.2237132427,33.93778673526214,119899.4835,118784.6156,118883.06368213294,119202.09757972808,-319.0338975951454,190.20556991748128,-509.2394675126267,119899.4835,123602.74328675731,116196.2237132427,3640.1685558
2025-08-15 20:00:00,116936.28,117761.88,116862.5,117342.05,1354.69691,117342.05,119769.93599999999,118797.6604,118645.9846541125,119064.31627752582,-418.33162341332354,68.4981312513203,34.2607098529504,0.008400237149421072,119769.93599999999,123645.52284547909,115894.34915452088,34.2607098529504,119769.93599999999,118797.6604,118645.9846541125,119064.31627752582,-418.33162341332354,68.4981312513203,-486.8297546646438,119769.93599999999,123645.52284547909,115894.34915452088,3462.2006808000006
2025-08-16 00:00:00,117342.04,117898.99,117231.14,117429.63,1420.5255,117429.63,119658.15399999998,118797.0134,118458.85316886443,118943.22840511636,-484.3752362519299,-42.076542249329776,22.41260098876066,0.008404720028215235,119658.15399999998,123672.91614217481,115643.39185782515,22.41260098876066,119658.15399999998,118797.0134,118458.85316886443,118943.22840511636,-484.3752362519299,-42.076542249329776,-442.2986940026001,119658.15399999998,123672.91614217481,115643.39185782515,3417.7733972999995
2025-08-16 04:00:00,117429.63,117884.0,117278.0,117596.07,925.25596,117596.07,119531.25350000002,118799.4946,118326.11729673143,118843.43889362614,-517.3215968947043,-137.12555317840472,19.08800755266087,0.008347551485597854,119531.25350000002,123641.97392998784,115420.5330700122,19.08800755266087,119531.25350000002,118799.4946,118326.11729673143,118843.43889362614,-517.3215968947043,-137.12555317840472,-380.1960437162995,119531.25350000002,123641.97392998784,115420.5330700122,3358.0069403
2025-08-16 08:00:00,117596.07,117703.92,117143.98,117378.52,1206.0413,117378.52,119426.079,118812.31799999998,118180.3330972343,118734.92638298705,-554.5932857527514,-220.61909969327405,18.38364822589071,0.008286542893917406,119426.079,123648.23135071158,115203.92664928842,18.38364822589071,119426.079,118812.31799999998,118180.3330972343,118734.92638298705,-554.5932857527514,-220.61909969327405,-333.97418605947735,119426.079,123648.23135071158,115203.92664928842,3300.2589378
2025-08-16 12:00:00,117378.52,117825.0,117327.63,117676.7,1191.50027,117676.7,119330.894,118829.5082,118102.85108227517,118656.53924350643,-553.6881612312573,-287.2329120008707,25.03838010671211,0.008313693037088208,119330.894,123623.64230321388,115038.14569678612,25.03838010671211,119330.894,118829.5082,118102.85108227517,118656.53924350643,-553.6881612312573,-287.2329120008707,-266.4552492303865,119330.894,123623.64230321388,115038.14569678612,3243.6288023
2025-08-16 16:00:00,117676.7,117817.65,117629.94,117672.12,817.42683,117672.12,119185.97949999999,118845.12039999999,118036.58476192514,118583.6192995429,-547.0345376177575,-339.1932371242481,27.66913625332316,0.008040810565700383,119185.97949999999,123498.18116010373,114873.77783989624,27.66913625332316,119185.97949999999,118845.12039999999,118036.58476192514,118583.6192995429,-547.0345376177575,-339.1932371242481,-207.84130049350932,119185.97949999999,123498.18116010373,114873.77783989624,3123.8408798
2025-08-16 20:00:00,117672.13,117713.51,117219.34,117380.66,832.93131,117380.66,119008.9815,118868.5798,117935.67326009051,118494.51120328039,-558.8379431898793,-383.1221783373744,41.12340890909646,0.007986615578787213,119008.9815,123311.98608041067,114705.97691958932,41.12340890909646,119008.9815,118868.5798,117935.67326009051,118494.51120328039,-558.8379431898793,-383.1221783373744,-175.7157648525049,119008.9815,123311.98608041067,114705.97691958932,2804.0538468000004
2025-08-17 00:00:00,117380.66,117771.37,117172.21,117684.95,770.53091,117684.95,118756.01849999998,118893.2106,117897.1004508458,118434.54370674105,-537.443255895254,-413.9863938489504,47.353572884490944,0.007060288992950504,118756.01849999998,122715.59322115156,114796.44377884839,47.353572884490944,118756.01849999998,118893.2106,117897.1004508458,118434.54370674105,-537.443255895254,-413.9863938489504,-123.45686204630357,118756.01849999998,122715.59322115156,114796.44377884839,2634.1853137999997
2025-08-17 04:00:00,117684.96,118230.82,117684.95,118005.98,1109.68335,118005.98,118490.996,118919.8354,117913.85115071567,118402.79824698243,-488.9470962667692,-428.9785343325142,47.05138430219867,0.006980026119266676,118490.996,121828.91770734846,115153.07429265154,47.05138430219867,118490.996,118919.8354,117913.85115071567,118402.79824698243,-488.9470962667692,-428.9785343325142,-59.968561934255035,118490.996,121828.91770734846,115153.07429265154,2493.9090878
2025-08-17 08:00:00,118005.98,118484.0,117922.0,118308.01,1007.67549,118308.01,118239.5395,118958.31539999999,117974.49097368249,118395.77689535411,-421.28592167161696,-427.4400118003348,42.7063928593499,0.007041039457568872,118239.5395,120676.40293139177,115802.67606860823,42.7063928593499,118239.5395,118958.31539999999,117974.49097368249,118395.77689535411,-421.28592167161696,-427.4400118003348,6.154090128717826,118239.5395,120676.40293139177,115802.67606860823,2370.2090464999997
2025-08-17 12:00:00,118308.0,118575.0,118059.12,118246.16,974.27271,118246.16,118065.58200000001,118988.11839999999,118016.28620850058,118384.6941623649,-368.4079538643273,-415.63360021313326,42.24586087112206,0.0065499849247109545,118065.58200000001,119869.15533539395,116262.00866460607,42.24586087112206,118065.58200000001,118988.11839999999,118016.28620850058,118384.6941623649,-368.4079538643273,-415.63360021313326,47.22564634880598,118065.58200000001,119869.15533539395,116262.00866460607,2231.13981
2025-08-17 16:00:00,118246.15,118316.01,117321.53,117570.07,1326.17558,117570.07,117896.602,118997.3198,117947.63756103894,118324.35163181931,-376.71407078037737,-407.84969432658215,36.21038681673263,0.006525577777083924,117896.602,119093.76077934598,116699.44322065402,36.21038681673263,117896.602,118997.3198,117947.63756103894,118324.35163181931,-376.71407078037737,-407.84969432658215,31.135623546204783,117896.602,119093.76077934598,116699.44322065402,2124.6341519999996
2025-08-17 20:00:00,117570.07,117995.37,117371.65,117405.01,710.30388,117405.01,117853.98999999999,119007.57059999999,117864.15639780217,118256.2522516845,-392.09585388233245,-404.6989262377323,51.78240365626888,0.004304083474085851,117853.98999999999,119057.7497673224,116650.23023267758,51.78240365626888,117853.98999999999,119007.57059999999,117864.15639780217,118256.2522516845,-392.09585388233245,-404.6989262377323,12.603072355399831,117853.98999999999,119057.7497673224,116650.23023267758,1579.2959655
2025-08-18 00:00:00,117405.01,117543.75,115000.0,115319.0,5801.42298,115319.0,117722.644,118983.2368,117472.59387506338,118038.67801081888,-566.0841357555037,-436.9759681412866,34.99173151841235,0.005797482962485168,117722.644,119374.157897747,116071.130102253,34.99173151841235,117722.644,118983.2368,117472.59387506338,118038.67801081888,-566.0841357555037,-436.9759681412866,-129.10816761421705,117722.644,119374.157897747,116071.130102253,1692.0968525
2025-08-18 04:00:00,115319.0,115712.49,114878.71,115205.98,3433.42415,115205.98,117568.18849999997,118958.11140000001,117123.88404813055,117828.8485285359,-704.9644804053532,-490.57367059409995,29.038285278018066,0.0057183069715602145,117568.18849999997,119540.86445279635,115595.5125472036,29.038285278018066,117568.18849999997,118958.11140000001,117123.88404813055,117828.8485285359,-704.9644804053532,-490.57367059409995,-214.3908098112533,117568.18849999997,119540.86445279635,115595.5125472036,1757.5254479999999
2025-08-18 08:00:00,115205.99,115402.51,114640.14,114947.27,2793.98984,114947.27,117367.1065,118887.05679999999,116789.02034841815,117615.39826716279,-826.3779187446344,-557.7345202242069,26.431650304767942,0.005477099477190646,117367.1065,119547.54117991906,115186.67182008093,26.431650304767942,117367.1065,118887.05679999999,116789.02034841815,117615.39826716279,-826.3779187446344,-557.7345202242069,-268.64339852042747,117367.1065,119547.54117991906,115186.67182008093,1803.047222
2025-08-18 12:00:00,114947.27,116186.97,114825.0,116145.34,2772.17945,116145.34,117226.551,118853.79759999999,116689.99260250767,117506.50506218773,-816.5124596800597,-609.4901081153776,38.4824855150818,0.006108340805607593,117226.551,119336.90077228374,115116.20122771627,38.4824855150818,117226.551,118853.79759999999,116689.99260250767,117506.50506218773,-816.5124596800597,-609.4901081153776,-207.02235156468214,117226.551,119336.90077228374,115116.20122771627,1855.0108489999998
2025-08-18 16:00:00,116145.34,116800.0,115818.86,116313.99,1731.37273,116313.99,117091.95,118813.4658,116632.14604827571,117418.17061313675,-786.0245648610435,-644.7969994645108,41.482438074389115,0.006126920196760835,117091.95,119063.24032968475,115120.65967031525,41.482438074389115,117091.95,118813.4658,116632.14604827571,117418.17061313675,-786.0245648610435,-644.7969994645108,-141.22756539653267,117091.95,119063.24032968475,115120.65967031525,1885.088182
2025-08-18 20:00:00,116314.0,116980.0,115980.32,116227.05,1213.55039,116227.05,117039.5415,118761.7068,116569.82357931022,117329.93945660807,-760.1158772978524,-667.8607750311792,37.995193605607355,0.005250662270577151,117039.5415,119045.74044737975,115033.34255262026,37.995193605607355,117039.5415,118761.7068,116569.82357931022,117329.93945660807,-760.1158772978524,-667.8607750311792,-92.25510226667325,117039.5415,119045.74044737975,115033.34255262026,1689.3210215000004
2025-08-19 00:00:00,116227.05,116725.69,114787.23,114810.0,2390.89748,114810.0,116933.228,118684.6452,116299.08149018558,117143.27727463705,-844.1957844514691,-703.1277769152372,30.791811292491786,0.00585654260774631,116933.228,119174.09726836727,114692.35873163273,30.791811292491786,116933.228,118684.6452,116299.08149018558,117143.27727463705,-844.1957844514691,-703.1277769152372,-141.0680075362319,116933.228,119174.09726836727,114692.35873163273,1689.1928510000002
2025-08-19 04:00:00,114810.01,115483.24,114366.0,114978.14,2499.12321,114978.14,116815.0325,118598.32780000001,116095.85972246471,116982.896735775,-887.0370133102842,-739.9096241942467,33.604888261675356,0.005794606796701681,116815.0325,119209.23302608453,114420.83197391547,33.604888261675356,116815.0325,118598.32780000001,116095.85972246471,116982.896735775,-887.0370133102842,-739.9096241942467,-147.12738911603753,116815.0325,119209.23302608453,114420.83197391547,1746.414166
2025-08-19 08:00:00,114978.15,115650.0,114804.0,115508.71,1471.04277,115508.71,116718.98650000003,118473.9222,116005.52899593167,116873.69771831016,-868.1687223784829,-765.561443831094,35.59395860308591,0.00591921326606419,116718.98650000003,119162.97734589646,114274.9956541036,35.59395860308591,116718.98650000003,118473.9222,116005.52899593167,116873.69771831016,-868.1687223784829,-765.561443831094,-102.60727854738889,116718.98650000003,119162.97734589646,114274.9956541036,1748.9400295
2025-08-19 12:00:00,115508.71,115875.84,113587.68,113786.38,5294.46316,113786.38,116528.50200000001,118318.9068,115664.12145809602,116645.00751695379,-980.8860588577663,-808.6263668364286,26.438714749646053,0.006674085565975909,116528.50200000001,119261.43572282711,113795.5682771729,26.438714749646053,116528.50200000001,118318.9068,115664.12145809602,116645.00751695379,-980.8860588577663,-808.6263668364286,-172.25969202133774,116528.50200000001,119261.43572282711,113795.5682771729,1967.4003895
2025-08-19 16:00:00,113786.39,113897.58,112767.06,113132.48,3784.35052,113132.48,116316.2,118170.32559999998,115274.63815685047,116384.82029347567,-1110.182136625197,-868.9375207941824,22.193675528319844,0.0067376068715329284,116316.2,119407.32120770942,113225.07879229057,22.193675528319844,116316.2,118170.32559999998,115274.63815685047,116384.82029347567,-1110.182136625197,-868.9375207941824,-241.24461583101458,116316.2,119407.32120770942,113225.07879229057,2096.3158505
2025-08-19 20:00:00,113132.49,113589.48,112732.58,112872.94,2625.5971,112872.94,116076.01200000002,118021.4964,114905.14613271964,116124.6810124774,-1219.5348797577608,-939.0569925868982,21.732035083879808,0.006659249829155374,116076.01200000002,119455.13264843683,112696.8913515632,21.732035083879808,116076.01200000002,118021.4964,114905.14613271964,116124.6810124774,-1219.5348797577608,-939.0569925868982,-280.4778871708626,116076.01200000002,119455.13264843683,112696.8913515632,2168.020692
2025-08-20 00:00:00,112872.95,113636.13,112566.01,113525.91,3116.70576,113525.91,115868.70150000001,117910.22860000002,114692.9559584551,115932.17945599755,-1239.2234975424508,-999.0902935780089,28.672201971108436,0.006876108300948321,115868.70150000001,119342.92460251774,112394.47839748228,28.672201971108436,115868.70150000001,117910.22860000002,114692.9559584551,115932.17945599755,-1239.2234975424508,-999.0902935780089,-240.13320396444192,115868.70150000001,119342.92460251774,112394.47839748228,2282.9846384999996
2025-08-20 04:00:00,113525.9,113837.93,113432.0,113490.13,1367.41482,113490.13,115674.175,117806.31120000001,114507.90581100047,115751.2869037014,-1243.3810927009326,-1047.9484534025937,29.06857377497954,0.006881389424095604,115674.175,119226.73810672993,112121.61189327008,29.06857377497954,115674.175,117806.31120000001,114507.90581100047,115751.2869037014,-1243.3810927009326,-1047.9484534025937,-195.43263929833893,115674.175,119226.73810672993,112121.61189327008,2309.708814
2025-08-20 08:00:00,113490.14,114016.77,113060.08,113666.68,2352.50644,113666.68,115473.26150000002,117702.4908,114378.48645546196,115596.87157750125,-1218.3851220392971,-1082.0357871299343,38.89901131651572,0.006851501949686471,115473.26150000002,119001.42912832536,111945.09387167469,38.89901131651572,115473.26150000002,117702.4908,114378.48645546196,115596.87157750125,-1218.3851220392971,-1082.0357871299343,-136.34933490936282,115473.26150000002,119001.42912832536,111945.09387167469,2388.8075905
2025-08-20 12:00:00,113666.69,114326.35,112380.0,113353.94,4605.43198,113353.94,115240.65950000002,117589.8352,114220.86392385242,115430.7284976863,-1209.8645738338819,-1107.6015444707239,37.882396354852325,0.006773683591636103,115240.65950000002,118677.99718386812,111803.32181613192,37.882396354852325,115240.65950000002,117589.8352,114220.86392385242,115430.7284976863,-1209.8645738338819,-1107.6015444707239,-102.26302936315801,115240.65950000002,118677.99718386812,111803.32181613192,2563.595022
2025-08-20 16:00:00,113353.94,114444.0,113264.01,114276.66,2624.00614,114276.66,115039.09199999999,117504.924,114229.44793556744,115345.2419423021,-1115.7940067346644,-1109.240036923512,45.96307466334374,0.007078901022075327,115039.09199999999,118179.01140833515,111899.17259166483,45.96307466334374,115039.09199999999,117504.924,114229.44793556744,115345.2419423021,-1115.7940067346644,-1109.240036923512,-6.553969811152456,115039.09199999999,118179.01140833515,111899.17259166483,2644.4115545
2025-08-20 20:00:00,114276.66,114615.38,114000.0,114271.24,1570.2768,114271.24,114840.34599999999,117391.68879999999,114235.87748394167,115265.68624287231,-1029.8087589306379,-1093.3537813249372,36.826789253932844,0.007083886319408786,114840.34599999999,117606.49506431112,112074.19693568886,36.826789253932844,114840.34599999999,117391.68879999999,114235.87748394167,115265.68624287231,-1029.8087589306379,-1093.3537813249372,63.545022394299394,114840.34599999999,117606.49506431112,112074.19693568886,2674.211759
2025-08-21 00:00:00,114271.23,114821.76,113906.01,113954.62,1626.72781,113954.62,114659.57350000001,117277.4758,114192.60710179679,115168.57022488177,-975.9631230849773,-1069.8756496769452,33.7537372938893,0.00702598792402994,114659.57350000001,117131.50228300689,112187.64471699313,33.7537372938893,114659.57350000001,117277.4758,114192.60710179679,115168.57022488177,-975.9631230849773,-1069.8756496769452,93.91252659196789,114659.57350000001,117131.50228300689,112187.64471699313,2689.2393705000004
2025-08-21 04:00:00,113954.62,114033.84,113582.43,113896.03,1612.36321,113896.03,114484.1245,117152.7148,114146.97985536653,115074.30798600163,-927.3281306350982,-1041.3661458685758,33.886037727501446,0.007029690478973971,114484.1245,116609.38518410022,112358.8638158998,33.886037727501446,114484.1245,117152.7148,114146.97985536653,115074.30798600163,-927.3281306350982,-1041.3661458685758,114.03801523347761,114484.1245,116609.38518410022,112358.8638158998,2734.342337
2025-08-21 08:00:00,113896.03,113990.0,113000.0,113148.66,1509.65106,113148.66,114375.60750000001,117026.04780000001,113993.39218531015,114931.66739444593,-938.2752091357834,-1020.7479585220174,37.34359858850203,0.006041317428834761,114375.60750000001,116542.60450908377,112208.61049091625,37.34359858850203,114375.60750000001,117026.04780000001,113993.39218531015,114931.66739444593,-938.2752091357834,-1020.7479585220174,82.472749386234,114375.60750000001,116542.60450908377,112208.61049091625,2519.753741
2025-08-21 12:00:00,113148.65,113995.11,112608.64,112792.08,2521.11028,112792.08,114254.9125,116890.2814,113808.57492603165,114773.17943930178,-964.6045132701256,-1009.5192694716392,33.81099222711977,0.006061700179275591,114254.9125,116494.84230959322,112014.98269040679,33.81099222711977,114254.9125,116890.2814,113808.57492603165,114773.17943930178,-964.6045132701256,-1009.5192694716392,44.91475620151357,114254.9125,116494.84230959322,112014.98269040679,2474.1380475
2025-08-21 16:00:00,112792.08,112969.47,112015.67,112193.71,2468.80417,112193.71,114117.23450000002,116722.74740000001,113560.13416818064,114582.10762898311,-1021.9734608024737,-1012.0101077378062,25.694627742877685,0.006131904723426898,114117.23450000002,116511.18294846514,111723.2860515349,25.694627742877685,114117.23450000002,116722.74740000001,113560.13416818064,114582.10762898311,-1021.9734608024737,-1012.0101077378062,-9.963353064667558,114117.23450000002,116511.18294846514,111723.2860515349,2457.878764
2025-08-21 20:00:00,112193.71,112870.94,112067.46,112500.0,1101.03582,112500.0,113934.9675,116554.335,113397.03660384515,114427.87743424361,-1030.8408303984615,-1015.7762522699373,38.096656944464904,0.005581449471022198,113934.9675,116231.87658552964,111638.05841447036,38.096656944464904,113934.9675,116554.335,113397.03660384515,114427.87743424361,-1030.8408303984615,-1015.7762522699373,-15.064578128524204,113934.9675,116231.87658552964,111638.05841447036,2374.3215825
2025-08-22 00:00:00,112500.0,113525.0,112335.6,112929.24,1610.19525,112929.24,113765.73000000001,116358.0356,113325.06789556127,114316.86725392926,-991.7993583679927,-1010.9808734895485,48.03776178945628,0.005673249671322777,113765.73000000001,115809.40687320112,111722.0531267989,48.03776178945628,113765.73000000001,116358.0356,113325.06789556127,114316.86725392926,-991.7993583679927,-1010.9808734895485,19.181515121555776,113765.73000000001,115809.40687320112,111722.0531267989,2368.2627085
2025-08-22 04:00:00,112929.24,113394.76,112708.81,113094.83,1656.2572,113094.83,113609.11899999999,116153.80360000001,113289.64668085951,114226.34597586043,-936.6992950009153,-996.124557791822,52.181882186818456,0.00570936788096326,113609.11899999999,115309.91711487687,111908.32088512312,52.181882186818456,113609.11899999999,116153.80360000001,113289.64668085951,114226.34597586043,-936.6992950009153,-996.124557791822,59.425262790906686,113609.11899999999,115309.91711487687,111908.32088512312,2390.398049
2025-08-22 08:00:00,113094.83,113319.3,112177.27,112320.0,1932.43574,112320.0,113484.61899999999,115933.4608,113140.4702684196,114085.13516283371,-944.6648944141198,-985.8326251162816,38.419610155396136,0.005284638617693242,113484.61899999999,115179.81966819933,111789.41833180065,38.419610155396136,113484.61899999999,115933.4608,113140.4702684196,114085.13516283371,-944.6648944141198,-985.8326251162816,41.16773070216186,113484.61899999999,115179.81966819933,111789.41833180065,2367.474962
2025-08-22 12:00:00,112320.01,117296.12,111684.79,116370.75,11505.26127,116370.75,113554.2495,115826.3696,113637.43638097042,114254.43996558677,-617.0035846163519,-912.0668170162957,65.61877145763346,0.009851958235421213,113554.2495,115588.29029253544,111520.20870746457,65.61877145763346,113554.2495,115826.3696,113637.43638097042,114254.43996558677,-617.0035846163519,-912.0668170162957,295.0632323999438,113554.2495,115588.29029253544,111520.20870746457,2817.781865
2025-08-22 16:00:00,116370.75,117429.05,116116.0,116655.79,4307.94644,116655.79,113611.6035,115740.492,114101.79847620576,114432.3177459137,-330.51926970793284,-795.7573075546231,66.01855275638658,0.009817910659996923,113611.6035,115923.40968577661,111299.79731422338,66.01855275638658,113611.6035,115740.492,114101.79847620576,114432.3177459137,-330.51926970793284,-795.7573075546231,465.2380378466903,113611.6035,115923.40968577661,111299.79731422338,2959.6270485
2025-08-22 20:00:00,116655.79,117174.43,116550.96,116935.99,2115.99447,116935.99,113769.08399999999,115714.0668,114537.82794140489,114617.7749499201,-79.94700851521338,-652.5952477467413,69.26328379013533,0.009122592111583509,113769.08399999999,116518.67244237693,111019.49555762304,69.26328379013533,113769.08399999999,115714.0668,114537.82794140489,114617.7749499201,-79.94700851521338,-652.5952477467413,572.6482392315279,113769.08399999999,116518.67244237693,111019.49555762304,2800.703614
2025-08-23 00:00:00,116936.0,117030.0,115458.2,115568.77,2647.58419,115568.77,113890.89849999998,115666.52380000001,114696.43441195798,114688.21902770382,8.21538425415929,-520.4331213465612,56.6315715999922,0.009458577989123002,113890.89849999998,116735.94788294855,111045.84911705142,56.6315715999922,113890.89849999998,115666.52380000001,114696.43441195798,114688.21902770382,8.21538425415929,-520.4331213465612,528.6485056007205,113890.89849999998,116735.94788294855,111045.84911705142,2743.8652975
2025-08-23 04:00:00,115568.77,116034.53,115551.2,115799.47,2258.18362,115799.47,114037.225,115616.61140000001,114866.13219473367,114770.53391454057,95.59828019309498,-397.2268410386299,57.66614931290938,0.009425960963801166,114037.225,116961.75394020903,111112.69605979098,57.66614931290938,114037.225,115616.61140000001,114866.13219473367,114770.53391454057,95.59828019309498,-397.2268410386299,492.8251212317249,114037.225,116961.75394020903,111112.69605979098,2725.4946234999998
2025-08-23 08:00:00,115799.46,115861.8,115223.43,115310.13,1313.89391,115310.13,114126.43599999999,115543.4358,114934.43954939002,114810.50399494497,123.93555444505182,-292.9943619418936,56.6839018511634,0.009442286133743217,114126.43599999999,117093.83082727474,111159.04117272524,56.6839018511634,114126.43599999999,115543.4358,114934.43954939002,114810.50399494497,123.93555444505182,-292.9943619418936,416.9299163869454,114126.43599999999,117093.83082727474,111159.04117272524,2635.354031
2025-08-23 12:00:00,115310.13,115486.97,114560.0,114812.87,3027.56166,114812.87,114192.573,115460.5642,114915.73654179156,114810.67925457866,105.05728721289779,-213.3840321109353,54.33339194122572,0.009509678274258996,114192.573,117159.21655955171,111225.9294404483,54.33339194122572,114192.573,115460.5642,114915.73654179156,114810.67925457866,105.05728721289779,-213.3840321109353,318.4413193238331,114192.573,117159.21655955171,111225.9294404483,2718.361373
2025-08-23 16:00:00,114812.88,115190.74,114684.11,115133.91,1105.55067,115133.91,114265.93450000002,115383.12220000001,114949.30168920825,114834.62227275802,114.6794164502353,-147.77134239870117,59.777196637264886,0.009520130018748229,114265.93450000002,117250.33394593517,111281.53505406487,59.777196637264886,114265.93450000002,115383.12220000001,114949.30168920825,114834.62227275802,114.6794164502353,-147.77134239870117,262.45075884893646,114265.93450000002,117250.33394593517,111281.53505406487,2656.0135845
2025-08-23 20:00:00,115133.92,115454.12,115001.88,115438.05,976.58792,115438.05,114370.13999999998,115346.3788,115024.49373702236,114879.32062292409,145.1731140982738,-89.18245109930616,63.09884841698176,0.00949404981212253,114370.13999999998,117365.97870354829,111374.30129645168,63.09884841698176,114370.13999999998,115346.3788,115024.49373702236,114879.32062292409,145.1731140982738,-89.18245109930616,234.35556519757995,114370.13999999998,117365.97870354829,111374.30129645168,2474.5713815
2025-08-24 00:00:00,115438.06,115666.68,114934.21,115036.0,1995.92433,115036.0,114408.107,115308.3734,115026.26393132661,114890.92650270749,135.3374286191247,-44.27847515561999,64.34965149353417,0.00938610493729509,114408.107,117418.17034856894,111398.04365143107,64.34965149353417,114408.107,115308.3734,115026.26393132661,114890.92650270749,135.3374286191247,-44.27847515561999,179.61590377474468,114408.107,117418.17034856894,111398.04365143107,2443.167291
2025-08-24 04:00:00,115036.01,115283.21,114846.14,114888.19,1715.6873,114888.19,114438.95449999999,115259.29620000001,115005.02178804559,114890.72379880323,114.29798924236093,-12.563182276023797,62.25314795679107,0.009393093817292726,114438.95449999999,117455.74967011243,111422.15932988755,62.25314795679107,114438.95449999999,115259.29620000001,115005.02178804559,114890.72379880323,114.29798924236093,-12.563182276023797,126.86117151838472,114438.95449999999,117455.74967011243,111422.15932988755,2450.437816
2025-08-24 08:00:00,114888.19,115060.99,114600.0,114730.22,2223.47925,114730.22,114477.73449999999,115205.308,114962.74458988472,114878.83462852151,83.90996136321337,6.731446451823642,59.504915589501266,0.009374161933425686,114477.73449999999,117488.24871147408,111467.2202885259,59.504915589501266,114477.73449999999,115205.308,114962.74458988472,114878.83462852151,83.90996136321337,6.731446451823642,77.17851491138973,114477.73449999999,117488.24871147408,111467.2202885259,2480.275388
2025-08-24 12:00:00,114730.22,114869.41,114350.57,114400.0,2662.01905,114400.0,114502.933,115141.3866,114876.16849913321,114843.36539677918,32.803102354038856,11.945777632266687,56.77055828821077,0.00940090036346384,114502.933,117501.35867014901,111504.507329851,56.77055828821077,114502.933,115141.3866,114876.16849913321,114843.36539677918,32.803102354038856,11.945777632266687,20.85732472177217,114502.933,117501.35867014901,111504.507329851,2532.75818
2025-08-24 16:00:00,114400.01,114917.1,110680.0,112600.0,8322.01988,112600.0,114475.5,115045.81620000002,114525.98873003581,114677.19018220295,-151.20145216713718,-20.683668327614097,51.31286021602177,0.009958522555799099,114475.5,117535.50311752061,111415.49688247939,51.31286021602177,114475.5,115045.81620000002,114525.98873003581,114677.19018220295,-151.20145216713718,-20.683668327614097,-130.51778383952308,114475.5,117535.50311752061,111415.49688247939,2873.3766210000003
2025-08-24 20:00:00,112600.0,113692.97,111632.85,113493.59,4256.85481,113493.59,114510.57549999999,114962.15400000001,114367.15815618414,114589.51609463237,-222.3579384482291,-61.01852235173711,30.83574677149916,0.010093071624014427,114510.57549999999,117504.70411109926,111516.44688890073,30.83574677149916,114510.57549999999,114962.15400000001,114367.15815618414,114589.51609463237,-222.3579384482291,-61.01852235173711,-161.339416096492,114510.57549999999,117504.70411109926,111516.44688890073,2960.1638475
2025-08-25 00:00:00,113493.59,113667.28,112159.0,112916.84,2384.9729,112916.84,114546.73199999999,114867.0484,114144.03228600197,114465.61416169665,-321.5818756946828,-113.13119302032628,26.027116201115973,0.010086599458859879,114546.73199999999,117438.78319023961,111654.68080976036,26.027116201115973,114546.73199999999,114867.0484,114144.03228600197,114465.61416169665,-321.5818756946828,-113.13119302032628,-208.45068267435653,114546.73199999999,117438.78319023961,111654.68080976036,2955.9722840000004
2025-08-25 04:00:00,112916.84,113059.52,111284.05,111511.55,4054.02521,111511.55,114497.3095,114749.66619999999,113739.03501123245,114246.79459416356,-507.75958293110307,-192.05687100248167,19.605463400639664,0.01046338928385285,114497.3095,117565.07661653917,111429.54238346084,19.605463400639664,114497.3095,114749.66619999999,113739.03501123245,114246.79459416356,-507.75958293110307,-192.05687100248167,-315.7027119286214,114497.3095,117565.07661653917,111429.54238346084,3103.6217535
2025-08-25 08:00:00,111511.56,111850.13,110929.48,111214.97,4028.25788,111214.97,114411.59599999999,114620.2666,113350.7173171967,114022.21499459587,-671.4976773991657,-287.94503228181856,22.27846586032392,0.010426533023911893,114411.59599999999,117747.8766644226,111075.31533557738,22.27846586032392,114411.59599999999,114620.2666,113350.7173171967,114022.21499459587,-671.4976773991657,-287.94503228181856,-383.55264511734714,114411.59599999999,117747.8766644226,111075.31533557738,3224.524885
2025-08-25 12:00:00,111214.97,112580.0,110588.0,112200.64,4593.3206,112200.64,114366.8865,114504.15980000001,113173.78234532029,113887.28351351467,-713.501168194387,-373.0562594643323,29.095311064150636,0.010636970480813595,114366.8865,117800.02611383593,110933.74688616405,29.095311064150636,114366.8865,114504.15980000001,113173.78234532029,113887.28351351467,-713.501168194387,-373.0562594643323,-340.4449087300547,114366.8865,117800.02611383593,110933.74688616405,3371.378055
2025-08-25 16:00:00,112200.65,112937.26,110655.01,110716.13,3109.40411,110716.13,114286.693,114352.32220000001,112795.68198450177,113652.38325325432,-856.7012687525421,-469.78526132197436,26.080092638875016,0.010933901531200222,114286.693,117985.77638199418,110587.60961800582,26.080092638875016,114286.693,114352.32220000001,112795.68198450177,113652.38325325432,-856.7012687525421,-469.78526132197436,-386.91600743056773,114286.693,117985.77638199418,110587.60961800582,3430.2264735
2025-08-25 20:00:00,110716.13,111092.54,109274.1,110111.98,7012.81309,110111.98,113973.7545,114189.6386,112382.80475611688,113390.13116042066,-1007.326404303778,-577.2934899183351,25.792989947238723,0.006725273488505722,113973.7545,117976.95347938126,109970.55552061873,25.792989947238723,113973.7545,114189.6386,112382.80475611688,113390.13116042066,-1007.326404303778,-577.2934899183351,-430.03291438544284,113973.7545,117976.95347938126,109970.55552061873,3205.6040645
2025-08-26 00:00:00,110111.98,110111.98,108666.66,109879.56,4155.39206,109879.56,113634.943,114035.8284,111997.69017825273,113130.08885224134,-1132.3986739886168,-688.3145267323915,22.693752825805603,0.006616542479824622,113634.943,117825.02802251112,109444.85797748888,22.693752825805603,113634.943,114035.8284,111997.69017825273,113130.08885224134,-1132.3986739886168,-688.3145267323915,-444.08414725622526,113634.943,117825.02802251112,109444.85797748888,3197.9763455
2025-08-26 04:00:00,109879.57,110547.31,109765.93,110303.2,1910.05232,110303.2,113303.30350000001,113893.79220000001,111736.99938159845,112920.68967800123,-1183.6902964027831,-787.38968066647,23.642159404146497,0.006686233824826455,113303.30350000001,117442.93898657247,109163.66801342755,23.642159404146497,113303.30350000001,113893.79220000001,111736.99938159845,112920.68967800123,-1183.6902964027831,-787.38968066647,-396.30061573631315,113303.30350000001,117442.93898657247,109163.66801342755,3187.6792379999997
2025-08-26 08:00:00,110303.2,110455.13,109570.34,109876.52,1852.10166,109876.52,113018.69100000002,113784.9426,111450.77178442947,112695.19562777891,-1244.4238433494465,-878.7965132030654,23.582529123588856,0.0063655884252213565,113018.69100000002,117283.33599684147,108754.04600315857,23.582529123588856,113018.69100000002,113784.9426,111450.77178442947,112695.19562777891,-1244.4238433494465,-878.7965132030654,-365.62733014638115,113018.69100000002,117283.33599684147,108754.04600315857,3147.9051114999997
2025-08-26 12:00:00,109876.53,110818.6,109393.93,109666.33,4559.68511,109666.33,112712.03400000001,113674.14959999999,111176.24227913262,112470.8352109064,-1294.5929317737755,-961.9557969172074,23.432841591996436,0.006279604968466043,112712.03400000001,117016.59724877031,108407.47075122972,23.432841591996436,112712.03400000001,113674.14959999999,111176.24227913262,112470.8352109064,-1294.5929317737755,-961.9557969172074,-332.6371348565681,112712.03400000001,117016.59724877031,108407.47075122972,3262.980186
2025-08-26 16:00:00,109666.34,111162.59,109450.0,111116.03,3548.51055,111116.03,112502.329,113597.5248,111166.97885157376,112370.47926935778,-1203.5004177840165,-1010.2647210905692,33.74825417581357,0.007200348174291072,112502.329,116680.76007863916,108323.89792136084,33.74825417581357,112502.329,113597.5248,111166.97885157376,112370.47926935778,-1203.5004177840165,-1010.2647210905692,-193.23569669344727,112502.329,116680.76007863916,108323.89792136084,3374.7110179999995
2025-08-26 20:00:00,111116.03,112371.0,110918.26,111763.22,2426.69707,111763.22,112349.84650000001,113509.8824,111258.70825902394,112325.49710125719,-1066.7888422332471,-1021.5695453191049,38.47194387025242,0.007370880205712456,112349.84650000001,116393.66631924671,108306.02668075332,38.47194387025242,112349.84650000001,113509.8824,111258.70825902394,112325.49710125719,-1066.7888422332471,-1021.5695453191049,-45.219296914142205,112349.84650000001,116393.66631924671,108306.02668075332,3344.6677885
2025-08-27 00:00:00,111763.22,111825.16,110918.26,111418.15,2172.27313,111418.15,112164.0585,113411.96560000001,111283.23775763565,112258.28620486776,-975.0484472321114,-1012.2653257017064,44.07975610709084,0.0073151824746712875,112164.0585,116005.68587301536,108322.43112698464,44.07975610709084,112164.0585,113411.96560000001,111283.23775763565,112258.28620486776,-975.0484472321114,-1012.2653257017064,37.21687846959503,112164.0585,116005.68587301536,108322.43112698464,3398.0039115
2025-08-27 04:00:00,111418.15,111737.26,110622.5,110725.18,1809.80294,110725.18,111928.415,113301.92820000001,111197.38271799938,112144.72278228495,-947.3400642855704,-999.2802734184792,35.84774676126003,0.007312246178135215,111928.415,115492.61633405786,108364.21366594212,35.84774676126003,111928.415,113301.92820000001,111197.38271799938,112144.72278228495,-947.3400642855704,-999.2802734184792,51.94020913290876,111928.415,115492.61633405786,108364.21366594212,3439.6646624999994
2025-08-27 08:00:00,110725.19,111374.45,110345.42,111322.07,1594.26753,111322.07,111742.7185,113232.16960000001,111216.56537676872,112083.78553915273,-867.2201623840083,-972.8682512115851,41.86420704115424,0.007488238204693354,111742.7185,114998.89251855,108486.54448145001,41.86420704115424,111742.7185,113232.16960000001,111216.56537676872,112083.78553915273,-867.2201623840083,-972.8682512115851,105.64808882757677,111742.7185,114998.89251855,108486.54448145001,3419.5818225000003
2025-08-27 12:00:00,111322.07,112625.0,111019.02,112000.0,3310.1006,112000.0,111598.30900000001,113172.6068,111337.09378034277,112077.57920291918,-740.4854225764138,-926.3916854845509,52.69160277244176,0.007684244763253841,111598.30900000001,114504.48390054885,108692.13409945117,52.69160277244176,111598.30900000001,113172.6068,111337.09378034277,112077.57920291918,-740.4854225764138,-926.3916854845509,185.90626290813702,111598.30900000001,114504.48390054885,108692.13409945117,3499.3024874999996
2025-08-27 16:00:00,111999.99,112600.0,111541.23,112080.69,1902.42552,112080.69,111465.83249999999,113104.04639999999,111451.49319875159,112077.80963233257,-626.3164335809852,-866.3766351038379,54.886821635413256,0.007696641801221973,111465.83249999999,113986.92767058508,108944.7373294149,54.886821635413256,111465.83249999999,113104.04639999999,111451.49319875159,112077.80963233257,-626.3164335809852,-866.3766351038379,240.0602015228527,111465.83249999999,113986.92767058508,108944.7373294149,3483.2498010000004
2025-08-27 20:00:00,112080.68,112452.05,110921.79,111262.01,2603.73903,111262.01,111308.93299999999,113053.55900000001,111422.34193740519,112017.38002993757,-595.0380925323843,-812.1089265895472,44.59980830104789,0.007812041770110691,111308.93299999999,113418.08497288267,109199.78102711731,44.59980830104789,111308.93299999999,113053.55900000001,111422.34193740519,112017.38002993757,-595.0380925323843,-812.1089265895472,217.07083405716287,111308.93299999999,113418.08497288267,109199.78102711731,3480.3358
2025-08-28 00:00:00,111262.01,112042.04,110862.42,112000.01,1203.77782,112000.01,111278.9335,113030.90960000001,111511.21394703517,112016.09336105331,-504.8794140181417,-750.6630240752662,58.08061227058726,0.007225011988882952,111278.9335,113326.9473637396,109230.9196362604,58.08061227058726,111278.9335,113030.90960000001,111511.21394703517,112016.09336105331,-504.8794140181417,-750.6630240752662,245.78361005712452,111278.9335,113326.9473637396,109230.9196362604,3124.4236969999997
2025-08-28 04:00:00,112000.0,113360.0,111945.07,113114.11,2481.91862,113114.11,111259.9595,113035.73300000001,111757.81333979899,112097.42792690123,-339.6145871022454,-668.4533366806621,67.75536275083832,0.007357621104760797,111259.9595,113227.0135545095,109292.9054454905,67.75536275083832,111259.9595,113035.73300000001,111757.81333979899,112097.42792690123,-339.6145871022454,-668.4533366806621,328.8387495784167,111259.9595,113227.0135545095,109292.9054454905,3035.6768875
2025-08-28 08:00:00,113114.11,113351.51,112826.22,112909.18,1419.04336,112909.18,111259.57650000001,113023.3984,111934.94667213762,112157.55771009374,-222.61103795611416,-579.2848769357525,67.97639871550521,0.007277966750430394,111259.57650000001,113225.27472527484,109293.87827472518,67.97639871550521,111259.57650000001,113023.3984,111934.94667213762,112157.55771009374,-222.61103795611416,-579.2848769357525,356.6738389796384,111259.57650000001,113225.27472527484,109293.87827472518,2987.3804105
2025-08-28 12:00:00,112909.18,113485.9,112391.56,112678.53,3088.9335,112678.53,111317.92549999998,113007.1664,112049.34410719338,112196.1482500868,-146.80414289342298,-492.7887301272866,64.4244911442892,0.006687890477075293,111317.92549999998,113381.93801834589,109253.91298165408,64.4244911442892,111317.92549999998,113007.1664,112049.34410719338,112196.1482500868,-146.80414289342298,-492.7887301272866,345.98458723386364,111317.92549999998,113381.93801834589,109253.91298165408,2939.125825
2025-08-28 16:00:00,112678.53,113186.56,111901.35,111901.36,1813.29699,111901.36,111352.24500000002,112971.86,112026.57732147131,112174.31208341371,-147.7347619423963,-423.7779364903086,61.794048573185904,0.006859579246957685,111352.24500000002,113431.81686280335,109272.6731371967,61.794048573185904,111352.24500000002,112971.86,112026.57732147131,112174.31208341371,-147.7347619423963,-423.7779364903086,276.0431745479123,111352.24500000002,113431.81686280335,109272.6731371967,2828.3777805
2025-08-28 20:00:00,111901.36,112575.98,111872.06,112566.9,1097.30715,112566.9,111370.558,112956.1192,112109.7038873988,112203.39266982749,-93.68878242868232,-357.7601056779834,66.04384529692419,0.0066977889527226235,111370.558,113487.69838782186,109253.41761217815,66.04384529692419,111370.558,112956.1192,112109.7038873988,112203.39266982749,-93.68878242868232,-357.7601056779834,264.0713232493011,111370.558,113487.69838782186,109253.41761217815,2653.5771080000004
2025-08-29 00:00:00,112566.9,112638.64,111302.27,111704.23,2123.00621,111704.23,111419.96300000002,112904.67059999998,112047.32328933745,112166.41765724767,-119.09436791022017,-310.0269581244308,53.47945218444762,0.006208743575745564,111419.96300000002,113518.83939962037,109321.08660037967,53.47945218444762,111419.96300000002,112904.67059999998,112047.32328933745,112166.41765724767,-119.09436791022017,-310.0269581244308,190.93259021421062,111419.96300000002,113518.83939962037,109321.08660037967,2604.257213
2025-08-29 04:00:00,111704.24,111850.56,109899.99,110019.38,4260.9718,110019.38,111415.33300000001,112819.63339999999,111735.33201405477,112007.37783078487,-272.0458167300967,-302.430729845564,40.812358932534224,0.007012844397772638,111415.33300000001,113526.72937719715,109303.93662280288,40.812358932534224,111415.33300000001,112819.63339999999,111735.33201405477,112007.37783078487,-272.0458167300967,-302.430729845564,30.38491311546727,111415.33300000001,113526.72937719715,109303.93662280288,2466.6651485
2025-08-29 08:00:00,110019.38,110270.3,109414.18,110098.81,2848.31026,110098.81,111426.29550000001,112742.5172,111483.55939650787,111866.00243591191,-382.44303940403915,-318.433191757259,42.84871808770126,0.0069969556019732725,111426.29550000001,113506.15911985439,109346.43188014562,42.84871808770126,111426.29550000001,112742.5172,111483.55939650787,111866.00243591191,-382.44303940403915,-318.433191757259,-64.00984764678014,111426.29550000001,113506.15911985439,109346.43188014562,2401.3110585000004
2025-08-29 12:00:00,110098.81,111517.07,108103.0,108386.23,7729.2804,108386.23,111330.447,112632.32119999999,111007.0471816605,111608.24151473325,-601.1943330727518,-374.9854200203576,38.58392773994033,0.007756884964150903,111330.447,113773.25044814576,108887.64355185424,38.58392773994033,111330.447,112632.32119999999,111007.0471816605,111608.24151473325,-601.1943330727518,-374.9854200203576,-226.20891305239417,111330.447,113773.25044814576,108887.64355185424,2692.2724625
2025-08-29 16:00:00,108386.23,108832.0,107934.24,108212.01,2605.64538,108212.01,111247.22149999999,112533.5882,110577.04146140502,111356.6688099382,-779.6273485331767,-455.91380572292144,34.166985696598374,0.007726963558701816,111247.22149999999,113993.19797034157,108501.2450296584,34.166985696598374,111247.22149999999,112533.5882,110577.04146140502,111356.6688099382,-779.6273485331767,-455.91380572292144,-323.71354281025526,111247.22149999999,113993.19797034157,108501.2450296584,2729.9496485
2025-08-29 20:00:00,108212.01,108549.99,107463.9,108377.4,3013.0964,108377.4,111182.775,112445.2946,110238.63508272733,111135.98223142425,-897.3471486969211,-544.2004743177215,30.54227674590979,0.00773765009266553,111182.775,114137.53664019602,108228.01335980397,30.54227674590979,111182.775,112445.2946,110238.63508272733,111135.98223142425,-897.3471486969211,-544.2004743177215,-353.14667437919957,111182.775,114137.53664019602,108228.01335980397,2652.620213
2025-08-30 00:00:00,108377.4,108436.21,107350.1,108436.2,3244.13736,108436.2,111048.78349999999,112370.14439999999,109961.33737769235,110935.99836242985,-974.660984737493,-630.2925764016759,30.37856102233114,0.007036765884766261,111048.78349999999,114249.13126263063,107848.43573736935,30.37856102233114,111048.78349999999,112370.14439999999,109961.33737769235,110935.99836242985,-974.660984737493,-630.2925764016759,-344.3684083358171,111048.78349999999,114249.13126263063,107848.43573736935,2637.4015535000003
2025-08-30 04:00:00,108436.21,108697.28,108120.0,108524.26,3052.32523,108524.26,110886.8355,112290.62959999999,109740.24855035507,110757.35107632393,-1017.1025259688613,-707.654566315113,34.00172268912472,0.006860611709488624,110886.8355,114258.1956457563,107515.4753542437,34.00172268912472,110886.8355,112290.62959999999,109740.24855035507,110757.35107632393,-1017.1025259688613,-707.654566315113,-309.4479596537483,110886.8355,114258.1956457563,107515.4753542437,2668.6829615
2025-08-30 08:00:00,108524.26,108777.43,108400.0,108680.01,1416.9539,108680.01,110749.9285,112205.645,109577.13492722352,110603.4739595592,-1026.3390323356725,-771.391459519225,29.18270810394597,0.006878203604308457,110749.9285,114250.35680493434,107249.50019506564,29.18270810394597,110749.9285,112205.645,109577.13492722352,110603.4739595592,-1026.3390323356725,-771.391459519225,-254.94757281644752,110749.9285,114250.35680493434,107249.50019506564,2630.917
2025-08-30 12:00:00,108680.01,108926.15,108190.52,108869.98,1540.53972,108869.98,110657.1685,112121.14799999999,109468.34186149683,110475.06699959186,-1006.7251380950329,-818.4581952343867,19.899829929319125,0.006803775763229775,110657.1685,114257.26345584803,107057.07354415196,19.899829929319125,110657.1685,112121.14799999999,109468.34186149683,110475.06699959186,-1006.7251380950329,-818.4581952343867,-188.26694286064617,110657.1685,114257.26345584803,107057.07354415196,2617.453839
2025-08-30 16:00:00,108869.98,108900.0,108625.46,108828.33,677.58629,108828.33,110532.4815,112051.31459999998,109369.8784981896,110353.08648110357,-983.2079829139693,-851.4081527703033,20.37164227434492,0.006646960806303594,110532.4815,114207.57166940098,106857.39133059901,20.37164227434492,110532.4815,112051.31459999998,109369.8784981896,110353.08648110357,-983.2079829139693,-851.4081527703033,-131.799830143666,110532.4815,114207.57166940098,106857.39133059901,2571.619777
2025-08-30 20:00:00,108828.32,108838.27,108468.77,108816.33,776.84909,108816.33,110373.298,111900.22619999999,109284.71719077582,110239.2526676885,-954.5354769126861,-872.03361759878,21.039639596405465,0.006434637039891263,110373.298,114056.53583525472,106690.06016474527,21.039639596405465,110373.298,111900.22619999999,109284.71719077582,110239.2526676885,-954.5354769126861,-872.03361759878,-82.50185931390615,110373.298,114056.53583525472,106690.06016474527,2444.9572015
2025-08-31 00:00:00,108816.33,109480.02,108801.35,109223.84,1756.83146,109223.84,110230.4555,111751.58720000001,109275.351469118,110164.0369145264,-888.685445408395,-875.3639831607029,28.744510528037054,0.006522554841339886,110230.4555,113856.0264147075,106604.88458529249,28.744510528037054,110230.4555,111751.58720000001,109275.351469118,110164.0369145264,-888.685445408395,-875.3639831607029,-13.321462247692125,110230.4555,113856.0264147075,106604.88458529249,2437.6774985
2025-08-31 04:00:00,109223.84,109231.41,108523.49,108708.26,1177.25929,108708.26,110102.768,111587.03259999999,109188.10662771524,110056.20158752445,-868.094959809212,-873.9101784904046,18.62108560517582,0.006421541108804095,110102.768,113755.15074566926,106450.38525433073,18.62108560517582,110102.768,111587.03259999999,109188.10662771524,110056.20158752445,-868.094959809212,-873.9101784904046,5.8152186811926185,110102.768,113755.15074566926,106450.38525433073,2366.3535115000004
2025-08-31 08:00:00,108708.25,109100.0,108303.21,108389.76,1590.89462,108389.76,109922.2555,111443.45240000001,109065.2840696052,109932.76146993005,-867.4774003248458,-872.6236228572928,20.429171224187073,0.006163077058551466,109922.2555,113536.48753235188,106308.02346764812,20.429171224187073,109922.2555,111443.45240000001,109065.2840696052,109932.76146993005,-867.4774003248458,-872.6236228572928,5.146222532447041,109922.2555,113536.48753235188,106308.02346764812,2385.7093515
2025-08-31 12:00:00,108389.77,108858.43,108191.29,108818.69,2441.88905,108818.69,109707.48449999999,111303.83679999999,109027.34652043518,109850.23765734263,-822.8911369074485,-862.677125667324,36.19379215660118,0.005699540688701263,109707.48449999999,113021.09558912196,106393.87341087802,36.19379215660118,109707.48449999999,111303.83679999999,109027.34652043518,109850.23765734263,-822.8911369074485,-862.677125667324,39.78598875987552,109707.48449999999,113021.09558912196,106393.87341087802,2383.7078730000003
2025-08-31 16:00:00,108818.69,109237.51,108555.0,108930.0,1232.50315,108930.0,109508.52549999999,111176.2342,109012.37013267592,109782.07190494688,-769.701772270957,-844.0820549880507,36.65818161063869,0.005737448680402792,109508.52549999999,112472.05902521765,106544.99197478233,36.65818161063869,109508.52549999999,111176.2342,109012.37013267592,109782.07190494688,-769.701772270957,-844.0820549880507,74.38028271709368,109508.52549999999,112472.05902521765,106544.99197478233,2374.3808624999997
2025-08-31 20:00:00,108930.0,109230.0,108076.93,108246.35,1290.13839,108246.35,109286.9165,111044.90379999999,108894.520881495,109668.31472680268,-773.7938453076786,-830.0244130519764,47.913061122184835,0.005825201346896552,109286.9165,111893.7483954072,106680.08460459282,47.913061122184835,109286.9165,111044.90379999999,108894.520881495,109668.31472680268,-773.7938453076786,-830.0244130519764,56.23056774429779,109286.9165,111893.7483954072,106680.08460459282,2284.441107
2025-09-01 00:00:00,108246.36,108482.98,107393.0,107660.01,3206.34097,107660.01,109074.849,110895.4258,108704.59613049577,109519.5514137062,-814.9552832104237,-827.0105870836659,42.66628403800778,0.005768668024473683,109074.849,111467.42642439793,106682.27157560208,42.66628403800778,109074.849,110895.4258,108704.59613049577,109519.5514137062,-814.9552832104237,-827.0105870836659,12.055303873242224,109074.849,111467.42642439793,106682.27157560208,2354.0933059999998
2025-09-01 04:00:00,107660.0,109432.99,107255.0,109432.99,2904.1728,109432.99,108918.15350000001,110775.3246,108816.65672580412,109513.13945713537,-696.4827313312562,-800.905015933184,59.826699906721885,0.006893356285631251,108918.15350000001,110673.37441400927,107162.93258599075,59.826699906721885,108918.15350000001,110775.3246,108816.65672580412,109513.13945713537,-696.4827313312562,-800.905015933184,104.4222846019278,108918.15350000001,110673.37441400927,107162.93258599075,2444.4365884999997
2025-09-01 08:00:00,109432.99,109912.4,108186.41,108782.88,3111.29125,108782.88,108772.08600000001,110650.26220000001,108811.46030644965,109459.04616401422,-647.5858575645689,-770.2411842594611,52.907247825518226,0.00682119298843644,108772.08600000001,109938.56198260374,107605.61001739628,52.907247825518226,108772.08600000001,110650.26220000001,108811.46030644965,109459.04616401422,-647.5858575645689,-770.2411842594611,122.65532669489221,108772.08600000001,109938.56198260374,107605.61001739628,2493.8508405000002
2025-09-01 12:00:00,108782.89,109520.0,108566.0,108784.33,2266.34513,108784.33,108710.3335,110528.185,108807.2864131497,109409.06718890205,-601.7807757523406,-736.549102558037,52.213086714331716,0.00600202048737289,108710.3335,109718.8555769375,107701.81142306249,52.213086714331716,108710.3335,110528.185,108807.2864131497,109409.06718890205,-601.7807757523406,-736.549102558037,134.76832680569646,108710.3335,109718.8555769375,107701.81142306249,2394.119507
2025-09-01 16:00:00,108784.33,109329.65,108391.3,109217.64,1553.15049,109217.64,108666.275,110417.9334,108870.4177342036,109394.88739713152,-524.4696629279206,-694.1332146320138,54.368638565710405,0.006082082116024428,108666.275,109476.98937878857,107855.56062121142,54.368638565710405,108666.275,110417.9334,108870.4177342036,109394.88739713152,-524.4696629279206,-694.1332146320138,169.66355170409327,108666.275,109476.98937878857,107855.56062121142,2329.3615185
2025-09-01 20:00:00,109217.65,109442.95,107459.49,109237.42,3012.30155,109237.42,108708.8345,110314.68179999999,108926.8796212492,109383.22314549213,-456.3435242429259,-646.5752765541963,53.070648994668325,0.004923776690014546,108708.8345,109546.56699807524,107871.10200192475,53.070648994668325,108708.8345,110314.68179999999,108926.8796212492,109383.22314549213,-456.3435242429259,-646.5752765541963,190.23175231127038,108708.8345,109546.56699807524,107871.10200192475,2093.512576
2025-09-02 00:00:00,109237.43,110623.97,108883.8,110322.18,3166.02008,110322.18,108814.343,110269.12539999999,109141.54121798009,109452.7755050853,-311.23428710520966,-579.507078664399,60.630553313948695,0.005334630996580609,108814.343,109887.1590684262,107741.52693157378,60.630553313948695,108814.343,110269.12539999999,109141.54121798009,109452.7755050853,-311.23428710520966,-579.507078664399,268.2727915591894,108814.343,109887.1590684262,107741.52693157378,2121.531311
2025-09-02 04:00:00,110322.19,110610.5,110000.0,110233.92,1952.71608,110233.92,108907.169,110203.93199999999,109309.599492137,109510.63806026417,-201.03856812717277,-503.8133765569538,59.97955640784118,0.005347414705981711,108907.169,110131.38813693318,107682.94986306681,59.97955640784118,108907.169,110203.93199999999,109309.599492137,109510.63806026417,-201.03856812717277,-503.8133765569538,302.77480842978105,108907.169,110131.38813693318,107682.94986306681,2068.512295
2025-09-02 08:00:00,110233.91,110711.1,109563.87,109733.34,2462.01591,109733.34,108972.026,110140.26200000002,109374.79033950053,109527.13450024462,-152.3441607440909,-433.5195333943813,53.54038751782354,0.005482567930750105,108972.026,110228.21090640752,107715.84109359248,53.54038751782354,108972.026,110140.26200000002,109374.79033950053,109527.13450024462,-152.3441607440909,-433.5195333943813,281.1753726502904,108972.026,110228.21090640752,107715.84109359248,2029.4062225000002
2025-09-02 12:00:00,109733.33,111771.52,108393.39,110829.17,6768.89317,110829.17,109087.2715,110126.61440000002,109598.54105650046,109623.58157430057,-25.040517800109228,-351.8237302755269,63.6379068879175,0.005870522397463846,109087.2715,110572.52259741249,107602.02040258751,63.6379068879175,109087.2715,110126.61440000002,109598.54105650046,109623.58157430057,-25.040517800109228,-351.8237302755269,326.78321247541766,109087.2715,110572.52259741249,107602.02040258751,2215.2346195
2025-09-02 16:00:00,110829.16,111119.58,110200.0,110806.0,2585.23037,110806.0,109193.571,110118.435,109784.30397088501,109711.16812435238,73.13584653263388,-266.83181491389473,66.15034369544121,0.00587661470454172,109193.571,110850.48858582703,107536.65341417296,66.15034369544121,109193.571,110118.435,109784.30397088501,109711.16812435238,73.13584653263388,-266.83181491389473,339.9676614465286,109193.571,110850.48858582703,107536.65341417296,2273.6484430000005
2025-09-02 20:00:00,110806.01,111538.17,110716.77,111240.01,1575.41195,111240.01,109312.07250000001,110099.2224,110008.258744595,109824.41567069665,183.84307389835885,-176.696837151444,66.17331548558951,0.005911335485132534,109312.07250000001,111195.12068927934,107429.02431072068,66.17331548558951,109312.07250000001,110099.2224,110008.258744595,109824.41567069665,183.84307389835885,-176.696837151444,360.53991104980287,109312.07250000001,111195.12068927934,107429.02431072068,2275.3920545
2025-09-03 00:00:00,111240.01,111782.21,110892.14,111054.01,2263.61693,111054.01,109423.3565,110105.98,110169.14355311886,109915.49673212653,253.64682099233323,-90.62810552268853,64.04725782152127,0.005935270468459725,109423.3565,111444.06724882257,107402.64575117742,64.04725782152127,109423.3565,110105.98,110169.14355311886,109915.49673212653,253.64682099233323,-90.62810552268853,344.2749265150218,109423.3565,111444.06724882257,107402.64575117742,2354.6935865
2025-09-03 04:00:00,111054.0,111151.99,110528.71,111099.88,1539.69973,111099.88,109537.53399999999,110125.73799999998,110312.33377571596,110003.22882604308,309.10494967288105,-10.681494483574594,70.61069419064056,0.00593113384915526,109537.53399999999,111668.85736027018,107406.21063972979,70.61069419064056,109537.53399999999,110125.73799999998,110312.33377571596,110003.22882604308,309.10494967288105,-10.681494483574594,319.7864441564556,109537.53399999999,111668.85736027018,107406.21063972979,2392.8361185000003
2025-09-03 08:00:00,111099.87,111708.0,110889.29,111437.77,1514.83708,111437.77,109648.23049999999,110156.90220000001,110485.4778102212,110109.49113522508,375.986674996122,66.65213941236475,78.30206772550201,0.00591641071963147,109648.23049999999,111935.24096606464,107361.22003393534,78.30206772550201,109648.23049999999,110156.90220000001,110485.4778102212,110109.49113522508,375.986674996122,66.65213941236475,309.33453558375726,109648.23049999999,111935.24096606464,107361.22003393534,2380.7363995
2025-09-03 12:00:00,111437.77,112500.0,111031.61,112222.74,3550.00487,112222.74,109823.95449999999,110195.29299999999,110752.74891634102,110266.02808817137,486.7208281696512,150.66587716382205,74.53178778014035,0.005900408416798844,109823.95449999999,112335.88210047668,107312.0268995233,74.53178778014035,109823.95449999999,110195.29299999999,110752.74891634102,110266.02808817137,486.7208281696512,150.66587716382205,336.05495100582914,109823.95449999999,112335.88210047668,107312.0268995233,2499.3736785
2025-09-03 16:00:00,112222.73,112575.27,111686.24,112193.74,1957.30873,112193.74,110014.15349999999,110241.6374,110974.43985228856,110408.82156312164,565.6182891669159,233.65635956444083,83.67167632796836,0.00582197628804576,110014.15349999999,112642.2171274775,107386.08987252247,83.67167632796836,110014.15349999999,110241.6374,110974.43985228856,110408.82156312164,565.6182891669159,233.65635956444083,331.9619296024751,110014.15349999999,112642.2171274775,107386.08987252247,2517.694384
2025-09-03 20:00:00,112193.74,112250.0,111613.98,111705.71,948.2535,111705.71,110158.50450000001,110282.425,111086.94295193646,110504.88737326078,582.0555786756886,303.33620338669044,76.31181707154522,0.005950537595943763,110158.50450000001,112826.93193880022,107490.0770611998,76.31181707154522,110158.50450000001,110282.425,111086.94295193646,110504.88737326078,582.0555786756886,303.33620338669044,278.71937528899815,110158.50450000001,112826.93193880022,107490.0770611998,2443.0126065
2025-09-04 00:00:00,111705.72,112180.0,111136.0,111148.97,1484.75903,111148.97,110269.45300000001,110283.08380000001,111096.48557471547,110552.59719746369,543.8883772517729,351.446638159707,67.01645318235245,0.006115980069070684,110269.45300000001,112907.15558643464,107631.75041356537,67.01645318235245,110269.45300000001,110283.08380000001,111096.48557471547,110552.59719746369,543.8883772517729,351.446638159707,192.44173909206592,110269.45300000001,112907.15558643464,107631.75041356537,2455.6254005
2025-09-04 04:00:00,111148.97,111318.84,110279.68,110463.36,2293.72804,110463.36,110380.3035,110257.0866,110999.08164014385,110545.98703468862,453.09460545523325,371.7762316188123,59.6671986777527,0.006109258081370269,110380.3035,112840.38066814495,107920.22633185504,59.6671986777527,110380.3035,110257.0866,110999.08164014385,110545.98703468862,453.09460545523325,371.7762316188123,81.31837383642096,110380.3035,112840.38066814495,107920.22633185504,2505.804883
2025-09-04 08:00:00,110463.36,111154.93,110415.72,110810.0,1251.00126,110810.0,110537.803,110244.9236,110969.99215704479,110565.54355063761,404.4486064071825,378.3107065764864,54.35351443972448,0.005930874208927135,110537.803,112642.20560075463,108433.40039924537,54.35351443972448,110537.803,110244.9236,110969.99215704479,110565.54355063761,404.4486064071825,378.3107065764864,26.137899830696142,110537.803,112642.20560075463,108433.40039924537,2408.0378975
2025-09-04 12:00:00,110810.0,111123.99,109329.12,109510.31,3057.95062,109510.31,110541.669,110220.62620000001,110745.4256713456,110487.37810244224,258.04756890336284,354.2580790418617,44.6902934093334,0.005511965786272906,110541.669,112637.79350086035,108445.54449913964,44.6902934093334,110541.669,110220.62620000001,110745.4256713456,110487.37810244224,258.04756890336284,354.2580790418617,-96.21051013849888,110541.669,112637.79350086035,108445.54449913964,2415.7267885
2025-09-04 16:00:00,109510.32,110218.39,109363.26,109799.99,2124.63495,109799.99,110592.52450000001,110190.1846,110599.97402960013,110436.46046522429,163.51356437584036,316.1091761086575,50.50468489943412,0.005352906687496706,110592.52450000001,112554.01042920206,108631.03857079797,50.50468489943412,110592.52450000001,110190.1846,110599.97402960013,110436.46046522429,163.51356437584036,316.1091761086575,-152.59561173281713,110592.52450000001,112554.01042920206,108631.03857079797,2366.3939735
2025-09-04 20:00:00,109800.0,111765.31,109755.59,110730.87,1991.06146,110730.87,110689.85150000002,110164.802,110620.1118712001,110458.26857891139,161.84329228871502,285.255999344669,49.23658549465841,0.005641024010784781,110689.85150000002,112457.12115854908,108922.58184145096,49.23658549465841,110689.85150000002,110164.802,110620.1118712001,110458.26857891139,161.84329228871502,285.255999344669,-123.412707055954,110689.85150000002,112457.12115854908,108922.58184145096,2352.62979
2025-09-05 00:00:00,110730.87,111482.09,110435.75,111311.77,1665.5758,111311.77,110794.558,110149.42360000001,110726.5208140924,110521.49090639943,205.02990769296593,269.2107810143284,53.61475490679556,0.0056842276720863606,110794.558,112438.3986002695,109150.7173997305,53.61475490679556,110794.558,110149.42360000001,110726.5208140924,110521.49090639943,205.02990769296593,269.2107810143284,-64.18087332136247,110794.558,112438.3986002695,109150.7173997305,2358.2510555
2025-09-05 04:00:00,111311.78,112999.0,111144.51,112954.32,3481.17531,112954.32,110980.403,110183.26979999998,111069.25915038587,110701.70046888838,367.55868149749585,288.8803611109619,60.44744010872152,0.006459794540304556,110980.403,112720.61668807629,109240.18931192372,60.44744010872152,110980.403,110183.26979999998,111069.25915038587,110701.70046888838,367.55868149749585,288.8803611109619,78.67832038653393,110980.403,112720.61668807629,109240.18931192372,2381.6947434999997
2025-09-05 08:00:00,112954.32,112985.0,112131.02,112354.0,1956.82884,112354.0,111081.99399999999,110190.34959999999,111266.91158878805,110824.0930267485,442.8185620395525,319.6680012966801,57.541621368246275,0.006335033487816912,111081.99399999999,112896.07512485332,109267.91287514666,57.541621368246275,111081.99399999999,110190.34959999999,111266.91158878805,110824.0930267485,442.8185620395525,319.6680012966801,123.15056074287241,111081.99399999999,112896.07512485332,109267.91287514666,2321.2351814999997
2025-09-05 12:00:00,112354.0,113384.62,110286.91,110716.82,9805.88987,110716.82,111106.139,110142.40379999999,111182.2821135899,110816.14687661898,366.13523697092023,328.96144843152814,48.12410872392774,0.007219847828282747,111106.139,112885.2098382783,109327.06816172169,48.12410872392774,111106.139,110142.40379999999,111182.2821135899,110816.14687661898,366.13523697092023,328.96144843152814,37.17378853939209,111106.139,112885.2098382783,109327.06816172169,2713.8938709999998
2025-09-05 16:00:00,110716.82,111627.51,110206.96,111614.54,2167.09419,111614.54,111200.199,110116.511,111248.78332688377,110875.28710798053,373.4962189032376,337.86840252587007,50.82066609655971,0.007331847254612495,111200.199,112869.1817211466,109531.21627885339,50.82066609655971,111200.199,110116.511,111248.78332688377,110875.28710798053,373.4962189032376,337.86840252587007,35.62781637736754,111200.199,112869.1817211466,109531.21627885339,2699.147785
2025-09-05 20:00:00,111614.54,111700.0,110375.6,110659.99,2510.84487,110659.99,111191.74000000002,110076.1402,111158.19973813242,110859.33917405605,298.8605640763708,330.0668348359702,42.85729956332516,0.0072911856021555,111191.74000000002,112870.32793650644,109513.1520634936,42.85729956332516,111191.74000000002,110076.1402,111158.19973813242,110859.33917405605,298.8605640763708,330.0668348359702,-31.20627075959942,111191.74000000002,112870.32793650644,109513.1520634936,2486.24537
2025-09-06 00:00:00,110660.0,111307.7,110552.56,111082.22,800.18218,111082.22,111205.551,110059.7574,111146.5105476505,110875.84886486671,270.6616827837861,318.18580442553343,45.095969899547484,0.007341958382215996,111205.551,112875.29774071806,109535.80425928195,45.095969899547484,111205.551,110059.7574,111146.5105476505,110875.84886486671,270.6616827837861,318.18580442553343,-47.52412164174734,111205.551,112875.29774071806,109535.80425928195,2396.9929605
2025-09-06 04:00:00,111082.23,111082.23,110687.69,110825.6,687.98406,110825.6,111184.8305,110024.9314,111097.1396941658,110872.12672672846,225.01296743734565,299.55123702789587,46.03600836297697,0.007305761064328836,111184.8305,112863.04044254517,109506.62055745482,46.03600836297697,111184.8305,110024.9314,111097.1396941658,110872.12672672846,225.01296743734565,299.55123702789587,-74.53826959055021,111184.8305,112863.04044254517,109506.62055745482,2352.6215660000003
2025-09-06 08:00:00,110825.59,110968.0,110675.58,110781.02,621.90211,110781.02,111171.18100000001,110006.46720000001,111048.50589506338,110865.37808030413,183.12781475925294,276.2665525741673,48.262608424661096,0.007297453128306444,111171.18100000001,112858.28806259706,109484.07393740297,48.262608424661096,111171.18100000001,110006.46720000001,111048.50589506338,110865.37808030413,183.12781475925294,276.2665525741673,-93.13873781491435,111171.18100000001,112858.28806259706,109484.07393740297,2270.535825
2025-09-06 12:00:00,110781.03,110999.83,110358.11,110384.15,886.00942,110384.15,111135.39450000001,110013.76260000002,110946.29729582286,110829.73155583716,116.56573998570093,244.32639005647403,49.61550074220344,0.007337315794698221,111135.39450000001,112858.84203230405,109411.94696769597,49.61550074220344,111135.39450000001,110013.76260000002,110946.29729582286,110829.73155583716,116.56573998570093,244.32639005647403,-127.7606500707731,111135.39450000001,112858.84203230405,109411.94696769597,2237.8513095
2025-09-06 16:00:00,110384.16,110402.0,109977.0,110038.41,1391.66059,110038.41,111065.42650000002,110012.55459999999,110806.62232723473,110771.11514429367,35.507182941059,202.56254863339103,46.25423927934437,0.007319295332969795,111065.42650000002,112849.73369349694,109281.1193065031,46.25423927934437,111065.42650000002,110012.55459999999,110806.62232723473,110771.11514429367,35.507182941059,202.56254863339103,-167.05536569233203,111065.42650000002,112849.73369349694,109281.1193065031,2231.692485
2025-09-06 20:00:00,110038.42,110282.82,110034.44,110187.97,612.56061,110187.97,110963.688,110048.58940000001,110711.44504612169,110727.91920767931,-16.47416155762039,158.75520659518875,53.70331104402705,0.007114072694004085,110963.688,112701.58531924276,109225.79068075723,53.70331104402705,110963.688,110048.58940000001,110711.44504612169,110727.91920767931,-16.47416155762039,158.75520659518875,-175.22936815280914,110963.688,112701.58531924276,109225.79068075723,2084.820272
2025-09-07 00:00:00,110187.98,110733.12,110180.0,110629.15,948.63792,110629.15,110885.45850000002,110096.93219999998,110698.78426979527,110720.60297007344,-21.818700278163305,122.64042522051834,54.4574276842621,0.007197357467014526,110885.45850000002,112528.48871373593,109242.42828626411,54.4574276842621,110885.45850000002,110096.93219999998,110698.78426979527,110720.60297007344,-21.818700278163305,122.64042522051834,-144.45912549868166,110885.45850000002,112528.48871373593,109242.42828626411,2034.3867315
2025-09-07 04:00:00,110629.15,110911.42,110463.1,110753.42,872.74711,110753.42,110837.844,110144.4526,110707.18976674986,110723.0338611791,-15.844094429237884,94.94352129056709,50.132736538866816,0.007154291470178302,110837.844,112435.35081905854,109240.33718094145,50.132736538866816,110837.844,110144.4526,110707.18976674986,110723.0338611791,-15.844094429237884,94.94352129056709,-110.78761571980498,110837.844,112435.35081905854,109240.33718094145,2030.6114119999997
2025-09-07 08:00:00,110753.41,111377.19,110720.01,111292.13,1214.41306,111292.13,110845.00200000001,110201.5712,110797.18057186526,110765.1891307214,31.991441143865814,82.35310526122684,49.883815581490005,0.0071613509387351,110845.00200000001,112449.64557859821,109240.3584214018,49.883815581490005,110845.00200000001,110201.5712,110797.18057186526,110765.1891307214,31.991441143865814,82.35310526122684,-50.36166411736103,110845.00200000001,112449.64557859821,109240.3584214018,2017.0941135
2025-09-07 12:00:00,111292.12,111412.0,111042.6,111329.99,837.52385,111329.99,110888.33350000002,110257.6858,110879.15125311675,110807.02623214944,72.12502096731623,80.30748840244473,38.13905736346251,0.007008293855612978,110888.33350000002,112496.38529179708,109280.28170820297,38.13905736346251,110888.33350000002,110257.6858,110879.15125311675,110807.02623214944,72.12502096731623,80.30748840244473,-8.182467435128501,110888.33350000002,112496.38529179708,109280.28170820297,1944.283904
2025-09-07 16:00:00,111329.99,111371.35,110861.2,111259.99,940.48526,111259.99,110910.83300000001,110309.2854,110937.74182956033,110840.57910384207,97.16272571825539,83.67853586560688,41.340843144052535,0.006981804134980879,110910.83300000001,112526.84257859319,109294.82342140684,41.340843144052535,110910.83300000001,110309.2854,110937.74182956033,110840.57910384207,97.16272571825539,83.67853586560688,13.484189852648512,110910.83300000001,112526.84257859319,109294.82342140684,1928.758104
2025-09-07 20:00:00,111259.99,111600.0,111001.45,111137.34,867.49224,111137.34,110992.1845,110354.6326,110968.44924039718,110862.56139244638,105.88784795079846,88.1203982826452,54.378099922124456,0.0064046291450785735,110992.1845,112469.16880077343,109515.20019922657,54.378099922124456,110992.1845,110354.6326,110968.44924039718,110862.56139244638,105.88784795079846,88.1203982826452,17.76744966815326,110992.1845,112469.16880077343,109515.20019922657,1819.235185
2025-09-08 00:00:00,111137.35,111372.0,110621.78,111052.11,1701.47085,111052.11,111054.7905,110399.1082,110981.32012648993,110876.60203004295,104.7180964469735,91.43993791551087,42.95209333216383,0.006397129318138849,111054.7905,112420.99273381407,109688.58826618594,42.95209333216383,111054.7905,110399.1082,110981.32012648993,110876.60203004295,104.7180964469735,91.43993791551087,13.278158531462637,111054.7905,112420.99273381407,109688.58826618594,1798.0769799999998
2025-09-08 04:00:00,111052.11,111609.04,110899.69,111280.39,1330.12513,111280.39,111082.26649999998,110448.3894,111027.3308762607,110906.51225003976,120.81862622094923,97.31567557659855,59.50431708019527,0.006136017552166822,111082.26649999998,112443.13213898694,109721.40086101303,59.50431708019527,111082.26649999998,110448.3894,111027.3308762607,110906.51225003976,120.81862622094923,97.31567557659855,23.502950644350676,111082.26649999998,112443.13213898694,109721.40086101303,1765.0301635
2025-09-08 08:00:00,111280.4,112186.98,111252.9,112052.43,2723.68786,112052.43,111119.2995,110504.9612,111185.03843375905,110991.3950463331,193.64338742595282,116.58121794646942,63.42446154655056,0.006219384721845957,111119.2995,112545.21779052631,109693.38120947368,63.42446154655056,111119.2995,110504.9612,111185.03843375905,110991.3950463331,193.64338742595282,116.58121794646942,77.0621694794834,111119.2995,112545.21779052631,109693.38120947368,1817.9357665
2025-09-08 12:00:00,112052.43,112924.37,111877.64,112631.75,3018.22348,112631.75,111103.171,110583.43100000001,111407.60944394997,111112.90282067879,294.70662327118043,152.20629901141166,72.94228829684792,0.005360830231031838,111103.171,112446.60789823081,109759.7341017692,72.94228829684792,111103.171,110583.43100000001,111407.60944394997,111112.90282067879,294.70662327118043,152.20629901141166,142.50032425976877,111103.171,112446.60789823081,109759.7341017692,1794.7881750000001
2025-09-08 16:00:00,112631.74,112670.06,111978.67,112097.31,1681.81458,112097.31,111090.3365,110657.582,111513.71722180383,111185.82187099887,327.8953508049599,187.34410937012132,64.8694689515718,0.005333270074322012,111090.3365,112387.56857346566,109793.10442653435,64.8694689515718,111090.3365,110657.582,111513.71722180383,111185.82187099887,327.8953508049599,187.34410937012132,140.55124143483857,111090.3365,112387.56857346566,109793.10442653435,1781.0374619999998
2025-09-08 20:00:00,112097.31,112512.71,111896.0,112065.23,1127.08021,112065.23,111157.75700000001,110722.5128,111598.56534152631,111250.96321388784,347.60212763847085,219.39571302379125,70.69602300707155,0.004109409482314799,111157.75700000001,112512.1529448441,109803.36105515592,70.69602300707155,111157.75700000001,110722.5128,111598.56534152631,111250.96321388784,347.60212763847085,219.39571302379125,128.2064146146796,111157.75700000001,112512.1529448441,109803.36105515592,1347.0969790000001
2025-09-09 00:00:00,112065.23,112104.41,111111.0,111708.0,2091.77038,111708.0,111162.43000000001,110778.0728,111615.40144282996,111284.81779063688,330.583652193076,241.63330085764818,70.49658101820586,0.003788867670907091,111162.43000000001,112524.08724836189,109800.77275163813,70.49658101820586,111162.43000000001,110778.0728,111615.40144282996,111284.81779063688,330.583652193076,241.63330085764818,88.9503513354278,111162.43000000001,112524.08724836189,109800.77275163813,1343.3307885000002
2025-09-09 04:00:00,111708.01,113293.29,111624.12,112991.11,2906.5944,112991.11,111278.98599999999,110872.968,111827.0489131638,111411.20980614527,415.83910701853165,276.47446208982495,76.92013675476332,0.004036163994524823,111278.98599999999,112843.52348071421,109714.44851928577,76.92013675476332,111278.98599999999,110872.968,111827.0489131638,111411.20980614527,415.83910701853165,276.47446208982495,139.3646449287067,111278.98599999999,112843.52348071421,109714.44851928577,1363.118265
2025-09-09 08:00:00,112991.11,113176.51,112403.91,112433.59,1848.92022,112433.59,111346.55450000001,110968.43959999998,111920.36292652322,111486.94167235673,433.42125416648923,307.86382050515783,66.95029251851486,0.004191887821048474,111346.55450000001,112990.04416050408,109703.06483949594,66.95029251851486,111346.55450000001,110968.43959999998,111920.36292652322,111486.94167235673,433.42125416648923,307.86382050515783,125.5574336613314,111346.55450000001,112990.04416050408,109703.06483949594,1415.555167
2025-09-09 12:00:00,112433.59,112950.0,110766.66,110880.76,4662.13241,110880.76,111349.3125,110997.39500000002,111760.42401475042,111442.03932625623,318.3846884941886,309.967994102964,50.94307762949355,0.005265402394427258,111349.3125,112989.30258653955,109709.32241346045,50.94307762949355,111349.3125,110997.39500000002,111760.42401475042,111442.03932625623,318.3846884941886,309.967994102964,8.41669439122461,111349.3125,112989.30258653955,109709.32241346045,1614.2625844999998
2025-09-09 16:00:00,110880.76,111388.04,110788.0,111301.53,2121.49527,111301.53,111375.33799999999,111047.76799999998,111689.82493555805,111431.63122801503,258.1937075430178,299.61313679097475,50.070853986516596,0.005330168319203951,111375.33799999999,112993.73394514529,109756.94205485469,50.070853986516596,111375.33799999999,111047.76799999998,111689.82493555805,111431.63122801503,258.1937075430178,299.61313679097475,-41.41942924795694,111375.33799999999,112993.73394514529,109756.94205485469,1689.2422425
2025-09-09 20:00:00,111301.53,111745.69,111090.07,111546.39,1748.3698,111546.39,111433.45,111103.0092,111667.75802239528,111440.13187779169,227.62614460359327,285.21573835349847,51.581788093024294,0.005267926754170787,111433.45,112984.03500756314,109882.86499243685,51.581788093024294,111433.45,111103.0092,111667.75802239528,111440.13187779169,227.62614460359327,285.21573835349847,-57.58959374990519,111433.45,112984.03500756314,109882.86499243685,1732.3602615
2025-09-10 00:00:00,111546.38,111586.26,110917.45,111545.88,1667.04272,111545.88,111508.82349999998,111149.57400000001,111649.0075574114,111447.96507202936,201.0424853820441,268.3810877592076,52.111176259476245,0.005199247344277901,111508.82349999998,112913.5801918178,110104.06680818216,52.111176259476245,111508.82349999998,111149.57400000001,111649.0075574114,111447.96507202936,201.0424853820441,268.3810877592076,-67.33860237716351,111508.82349999998,112913.5801918178,110104.06680818216,1746.1293679999999
2025-09-10 04:00:00,111545.88,112602.35,111372.42,112553.65,2477.2586,112553.65,111627.10750000001,111215.8986,111788.18331780964,111529.86765928644,258.31565852320637,266.36800191200734,59.24968554034161,0.005524097633698005,111627.10750000001,112960.13395993822,110294.0810400618,59.24968554034161,111627.10750000001,111215.8986,111788.18331780964,111529.86765928644,258.31565852320637,266.36800191200734,-8.052343388800978,111627.10750000001,112960.13395993822,110294.0810400618,1839.3642674999999
2025-09-10 08:00:00,112553.65,112859.8,112097.2,112299.99,2579.59736,112299.99,111710.64949999998,111255.4548,111866.9228073774,111586.91375859854,280.0090487788548,269.09621128537685,57.974265185151154,0.005526818408202463,111710.64949999998,112988.6268657886,110432.67213421137,57.974265185151154,111710.64949999998,111255.4548,111866.9228073774,111586.91375859854,280.0090487788548,269.09621128537685,10.912837493477923,111710.64949999998,112988.6268657886,110432.67213421137,1920.9122395000002
2025-09-10 12:00:00,112300.0,114313.13,112299.99,113853.99,6630.72074,113853.99,111865.678,111327.85620000001,112172.62545239626,111754.8453320357,417.78012036056316,298.8329931004141,64.06317280391343,0.006253741732814712,111865.678,113384.31781159721,110347.03818840279,64.06317280391343,111865.678,111327.85620000001,112172.62545239626,111754.8453320357,417.78012036056316,298.8329931004141,118.94712726014905,111865.678,113384.31781159721,110347.03818840279,2208.810921
2025-09-10 16:00:00,113853.99,114074.46,113155.03,113574.52,2628.46871,113574.52,111979.79750000002,111404.67979999998,112388.30153664299,111889.63604818119,498.66548846180376,338.79949217269206,58.7905151214487,0.0062545034622301975,111979.79750000002,113652.20428346496,110307.39071653507,58.7905151214487,111979.79750000002,111404.67979999998,112388.30153664299,111889.63604818119,498.66548846180376,338.79949217269206,159.8659962891117,111979.79750000002,113652.20428346496,110307.39071653507,2279.5137035
2025-09-10 20:00:00,113574.53,114025.78,113528.01,113960.0,1534.3301,113960.0,112111.298,111467.29639999999,112630.10130023636,112042.9963409085,587.1049593278585,388.4605856037254,57.84671770011569,0.006273918650255507,112111.298,113971.60870741015,110250.98729258984,57.84671770011569,112111.298,111467.29639999999,112630.10130023636,112042.9963409085,587.1049593278585,388.4605856037254,198.64437372413312,112111.298,113971.60870741015,110250.98729258984,2314.3540160000002
2025-09-11 00:00:00,113960.0,114434.23,113669.82,114400.01,1596.62879,114400.01,112268.299,111539.1766,112902.39494635384,112217.58994528565,684.8050010681909,447.7294686966186,63.75682554096522,0.006285851569760253,112268.299,114343.6724825103,110192.9255174897,63.75682554096522,112268.299,111539.1766,112902.39494635384,112217.58994528565,684.8050010681909,447.7294686966186,237.0755323715723,112268.299,114343.6724825103,110192.9255174897,2347.1611925
2025-09-11 04:00:00,114400.01,114459.65,113957.2,114083.58,1954.14285,114083.58,112415.611,111596.048,113084.11572383785,112355.81143082006,728.3042930177908,503.844433560853,61.66184211286575,0.006331706015043212,112415.611,114569.73761646911,110261.4843835309,61.66184211286575,112415.611,111596.048,113084.11572383785,112355.81143082006,728.3042930177908,503.844433560853,224.45985945693775,112415.611,114569.73761646911,110261.4843835309,2401.493723
2025-09-11 08:00:00,114083.58,114200.0,113776.0,113999.99,1512.60333,113999.99,112563.00499999998,111654.9676,113225.01945863203,112477.6024359445,747.4170226875285,552.5589513861881,63.67534167620334,0.006331115364582191,112563.00499999998,114727.69114683285,110398.3188531671,63.67534167620334,112563.00499999998,111654.9676,113225.01945863203,112477.6024359445,747.4170226875285,552.5589513861881,194.85807130134037,112563.00499999998,114727.69114683285,110398.3188531671,2392.050347
2025-09-11 12:00:00,113999.99,114715.02,113430.0,114180.31,5143.69337,114180.31,112708.001,111716.57620000001,113371.98723422708,112603.72892217083,768.2583120562485,595.6988235202002,58.1707025485007,0.006329142645692543,112708.001,114899.27371200807,110516.72828799194,58.1707025485007,112708.001,111716.57620000001,113371.98723422708,112603.72892217083,768.2583120562485,595.6988235202002,172.55948853604832,112708.001,114899.27371200807,110516.72828799194,2582.728759
2025-09-11 16:00:00,114180.32,114605.54,114102.0,114419.99,1437.71411,114419.99,112826.379,111776.22059999999,113533.21842896137,112738.26677978781,794.9516491735558,635.5493886508714,64.27138624417707,0.006193568442988312,112826.379,115121.8586517347,110530.8993482653,64.27138624417707,112826.379,111776.22059999999,113533.21842896137,112738.26677978781,794.9516491735558,635.5493886508714,159.4022605226844,112826.379,115121.8586517347,110530.8993482653,2518.4300715
2025-09-11 20:00:00,114420.0,115488.09,114246.04,115482.69,2031.94874,115482.69,112968.926,111841.41960000001,113833.1371321981,112941.55738869241,891.5797435056884,686.7554596218348,85.56772423387594,0.006402161265455655,112968.926,115549.84962849788,110388.00237150214,85.56772423387594,112968.926,111841.41960000001,113833.1371321981,112941.55738869241,891.5797435056884,686.7554596218348,204.82428388385358,112968.926,115549.84962849788,110388.00237150214,2469.1163345
2025-09-12 00:00:00,115482.69,116331.81,115045.45,115194.14,3703.00155,115194.14,113123.7675,111901.4276,114042.52218878301,113108.41535990038,934.1068288826355,736.225733473995,80.71320476627085,0.00631012236239928,113123.7675,115851.9011314914,110395.63386850861,80.71320476627085,113123.7675,111901.4276,114042.52218878301,113108.41535990038,934.1068288826355,736.225733473995,197.88109540864048,113123.7675,115851.9011314914,110395.63386850861,2570.175683
2025-09-12 04:00:00,115194.14,115656.87,115086.7,115086.7,1630.41759,115086.7,113274.84099999999,111969.0474,114203.16492897025,113254.95496287072,948.20996609953,778.6225799991021,78.5526831526501,0.006320766957578244,113274.84099999999,116089.42802556064,110460.25397443933,78.5526831526501,113274.84099999999,111969.0474,114203.16492897025,113254.95496287072,948.20996609953,778.6225799991021,169.58738610042792,113274.84099999999,116089.42802556064,110460.25397443933,2595.342552
2025-09-12 08:00:00,115086.7,115273.12,114888.01,114913.45,1958.78975,114913.45,113435.1135,112044.337,114312.43955528252,113377.80644710251,934.6331081800017,809.8246856352821,76.4232975275998,0.006268176070063572,113435.1135,116239.07043493597,110631.15656506404,76.4232975275998,113435.1135,112044.337,114312.43955528252,113377.80644710251,934.6331081800017,809.8246856352821,124.80842254471963,113435.1135,116239.07043493597,110631.15656506404,2588.6935205
2025-09-12 12:00:00,114913.45,115500.95,114740.99,115121.18,2042.13901,115121.18,113541.61700000001,112137.49339999999,114436.86116216211,113506.9452287986,929.9159333635034,833.8429351809265,73.0382911216355,0.0058079876263026535,113541.61700000001,116434.9541759704,110648.27982402963,73.0382911216355,113541.61700000001,112137.49339999999,114436.86116216211,113506.9452287986,929.9159333635034,833.8429351809265,96.07299818257695,113541.61700000001,116434.9541759704,110648.27982402963,2545.470751
2025-09-12 16:00:00,115121.18,116665.63,115030.3,116632.51,3863.84437,116632.51,113751.563,112253.94360000001,114774.65329106024,113738.46854518389,1036.1847458763514,874.3112973200117,81.71693035704351,0.00623354217477799,113751.563,116904.12250525078,110599.00349474921,81.71693035704351,113751.563,112253.94360000001,114774.65329106024,113738.46854518389,1036.1847458763514,874.3112973200117,161.87344855633967,113751.563,116904.12250525078,110599.00349474921,2646.2169585
2025-09-12 20:00:00,116632.51,116632.51,115752.68,116029.42,2125.91492,116029.42,114008.996,112384.3258,114967.69432320482,113908.16865294805,1059.5256702567713,911.3541719073637,68.50148067636549,0.00532380799294367,114008.996,117011.80825976263,111006.18374023736,68.50148067636549,114008.996,112384.3258,114967.69432320482,113908.16865294805,1059.5256702567713,911.3541719073637,148.17149834940756,114008.996,117011.80825976263,111006.18374023736,2519.4060839999997
2025-09-13 00:00:00,116029.41,116298.78,115576.26,115957.0,2254.31226,115957.0,114241.76950000001,112507.46600000001,115119.89519655793,114059.93393791486,1059.961258643074,941.0755892545058,71.00204160069964,0.005349502923569675,114241.76950000001,117078.0333273421,111405.50567265792,71.00204160069964,114241.76950000001,112507.46600000001,115119.89519655793,114059.93393791486,1059.961258643074,941.0755892545058,118.8856693885682,114241.76950000001,117078.0333273421,111405.50567265792,2526.0469335
2025-09-13 04:00:00,115957.0,115957.01,115657.81,115778.71,1062.2047,115778.71,114453.3855,112608.42280000001,115221.25132016439,114187.2506832545,1034.0006369098846,959.6605987855816,66.64013336187965,0.005409465296344475,114453.3855,117065.59783880498,111841.17316119502,66.64013336187965,114453.3855,112608.42280000001,115221.25132016439,114187.2506832545,1034.0006369098846,959.6605987855816,74.34003812430308,114453.3855,117065.59783880498,111841.17316119502,2491.7386785
2025-09-13 08:00:00,115778.72,116166.71,115767.33,115974.11,1228.90503,115974.11,114674.79700000002,112701.6696,115337.07573244678,114319.61063264307,1017.4650998037105,971.2214989892074,65.07695077985233,0.005391681711520366,114674.79700000002,116982.26345821544,112367.3305417846,65.07695077985233,114674.79700000002,112701.6696,115337.07573244678,114319.61063264307,1017.4650998037105,971.2214989892074,46.24360081450311,114674.79700000002,116982.26345821544,112367.3305417846,2469.831794
2025-09-13 12:00:00,115974.11,116060.0,115603.98,115768.68,1373.33567,115768.68,114835.54849999999,112757.95680000001,115403.47638899344,114426.94910429913,976.5272846943117,972.2826561302282,66.49077549997843,0.005183051016504237,114835.54849999999,116961.64704908659,112709.44995091339,66.49077549997843,114835.54849999999,112757.95680000001,115403.47638899344,114426.94910429913,976.5272846943117,972.2826561302282,4.244628564083428,114835.54849999999,116961.64704908659,112709.44995091339,2414.6356475000002
2025-09-13 16:00:00,115768.68,115817.37,115127.27,115797.12,1589.96184,115797.12,115010.405,112826.8192,115464.0369445329,114528.44324472142,935.5936998114776,964.9448648664782,67.77903748859822,0.005119507248504782,115010.405,116808.38447256468,113212.42552743532,67.77903748859822,115010.405,112826.8192,115464.0369445329,114528.44324472142,935.5936998114776,964.9448648664782,-29.351165055000592,115010.405,116808.38447256468,113212.42552743532,2365.1538714999997
2025-09-13 20:00:00,115797.12,115991.29,115797.11,115918.29,760.68444,115918.29,115113.62,112930.8486,115533.9220299894,114631.39485622355,902.5271737658477,952.4613266463522,67.39747583544877,0.004223843419063403,115113.62,116868.57456047811,113358.66543952188,67.39747583544877,115113.62,112930.8486,115533.9220299894,114631.39485622355,902.5271737658477,952.4613266463522,-49.934152880504485,115113.62,116868.57456047811,113358.66543952188,2071.6520565
2025-09-14 00:00:00,115918.29,116109.0,115651.99,115679.98,879.64203,115679.98,115218.893,113012.1574,115556.39248691409,114709.06782983661,847.3246570774791,931.4339927325776,62.61617486557653,0.004208049308326194,115218.893,116831.9742566996,113605.8117433004,62.61617486557653,115218.893,113012.1574,115556.39248691409,114709.06782983661,847.3246570774791,931.4339927325776,-84.10933565509856,115218.893,116831.9742566996,113605.8117433004,1984.2107225
2025-09-14 04:00:00,115679.99,115936.0,115449.59,115805.39,914.78349,115805.39,115311.1625,113115.06539999999,115594.69979661962,114790.27687947833,804.422917141288,906.0317776143197,53.97780221188974,0.004168290871759819,115311.1625,116829.3707133991,113792.95428660091,53.97780221188974,115311.1625,113115.06539999999,115594.69979661962,114790.27687947833,804.422917141288,906.0317776143197,-101.60886047303165,115311.1625,116829.3707133991,113792.95428660091,1953.233392
2025-09-14 08:00:00,115805.39,116165.19,115748.78,115794.91,840.40714,115794.91,115380.9075,113209.3192,115625.50136637046,114864.69414766511,760.8072187053476,876.9868658325253,57.950500107194266,0.0041093785709331995,115380.9075,116850.24801202746,113911.56698797255,57.950500107194266,115380.9075,113209.3192,115625.50136637046,114864.69414766511,760.8072187053476,876.9868658325253,-116.17964712717765,115380.9075,116850.24801202746,113911.56698797255,1915.4223095000002
2025-09-14 12:00:00,115794.92,115878.49,115141.8,115224.01,2036.51269,115224.01,115437.929,113297.28739999999,115563.73346385192,114891.31013672696,672.4233271249686,836.0741580910139,51.61859182157884,0.004229805077589592,115437.929,116778.1250948709,114097.7329051291,51.61859182157884,115437.929,113297.28739999999,115563.73346385192,114891.31013672696,672.4233271249686,836.0741580910139,-163.6508309660453,115437.929,116778.1250948709,114097.7329051291,1919.5408015
2025-09-14 16:00:00,115224.01,115657.5,115193.9,115634.99,869.12927,115634.99,115519.67899999997,113394.3668,115574.69600787469,114946.39753400644,628.2984738682571,794.5190212464627,58.05401640405599,0.004272582178666014,115519.67899999997,116677.63542953746,114361.72257046249,58.05401640405599,115519.67899999997,113394.3668,115574.69600787469,114946.39753400644,628.2984738682571,794.5190212464627,-166.22054737820554,115519.67899999997,116677.63542953746,114361.72257046249,1887.3670984999997
2025-09-14 20:00:00,115634.99,116087.35,115135.0,115268.01,1167.12735,115268.01,115574.06400000001,113492.04399999998,115527.51354512475,114970.22067963559,557.2928654891584,747.0737900950019,51.582687129605084,0.004353701450679899,115574.06400000001,116555.93901544205,114592.18898455797,51.582687129605084,115574.06400000001,113492.04399999998,115527.51354512475,114970.22067963559,557.2928654891584,747.0737900950019,-189.78092460584344,115574.06400000001,116555.93901544205,114592.18898455797,1688.5387975
2025-09-15 00:00:00,115268.01,115594.9,114825.0,115445.45,1291.49944,115445.45,115625.33699999998,113600.1848,115514.88838433631,115005.42285151444,509.4655328218796,699.5521386403775,32.040039458474936,0.00434455561208427,115625.33699999998,116447.58673107473,114803.08726892524,32.040039458474936,115625.33699999998,113600.1848,115514.88838433631,115005.42285151444,509.4655328218796,699.5521386403775,-190.0866058184979,115625.33699999998,116447.58673107473,114803.08726892524,1681.2280640000001
2025-09-15 04:00:00,115445.46,116757.99,115400.0,115806.62,2645.45158,115806.62,115641.53349999999,113712.5578,115559.77017136151,115064.7707884393,494.9993829222076,658.6415874967436,46.36282902684452,0.00387884788644435,115641.53349999999,116464.71324930775,114818.35375069223,46.36282902684452,115641.53349999999,113712.5578,115559.77017136151,115064.7707884393,494.9993829222076,658.6415874967436,-163.64220457453598,115641.53349999999,116464.71324930775,114818.35375069223,1711.9032060000002
2025-09-15 08:00:00,115806.62,115806.62,114625.87,115070.0,3497.27876,115070.0,115635.3265,113801.3748,115484.42091422896,115065.1581374438,419.26277678516635,610.7658253544282,38.10041266212691,0.004106932878257364,115635.3265,116474.42844277281,114796.22455722718,38.10041266212691,115635.3265,113801.3748,115484.42091422896,115065.1581374438,419.26277678516635,610.7658253544282,-191.50304856926186,115635.3265,116474.42844277281,114796.22455722718,1701.6170664999997
2025-09-15 12:00:00,115070.01,115099.0,114384.0,114842.9,2995.41636,114842.9,115623.1365,113883.16440000001,115385.72538896296,115048.69457170721,337.0308172557561,556.0188237346938,37.607890185733936,0.004125315862576016,115623.1365,116501.941206601,114744.33179339899,37.607890185733936,115623.1365,113883.16440000001,115385.72538896296,115048.69457170721,337.0308172557561,556.0188237346938,-218.98800647893768,115623.1365,116501.941206601,114744.33179339899,1769.867005
2025-09-15 16:00:00,114842.9,115570.0,114600.0,115307.78,1872.69025,115307.78,115642.853,113963.47739999999,115373.73379066098,115067.88608491409,305.84770574688446,505.9846001371319,41.7641664050469,0.004211590468165228,115642.853,116470.841573529,114814.864426471,41.7641664050469,115642.853,113963.47739999999,115373.73379066098,115067.88608491409,305.84770574688446,505.9846001371319,-200.13689439024745,115642.853,116470.841573529,114814.864426471,1765.5620299999998
2025-09-15 20:00:00,115307.78,115605.07,115200.07,115349.71,910.1751,115349.71,115654.27949999999,114043.8718,115370.03782286697,115088.761930476,281.2758923909714,461.0428585878999,44.603419538823616,0.004194554919880158,115654.27949999999,116457.90456595187,114850.6544340481,44.603419538823616,115654.27949999999,114043.8718,115370.03782286697,115088.761930476,281.2758923909714,461.0428585878999,-179.76696619692848,115654.27949999999,116457.90456595187,114850.6544340481,1708.9638344999998
2025-09-16 00:00:00,115349.71,115520.0,114945.01,115307.25,864.47636,115307.25,115588.0165,114124.817,115360.37815781051,115104.94623192222,255.4319258882897,419.9206720479778,43.712893016379184,0.002864228199765327,115588.0165,116259.74510760943,114916.28789239057,43.712893016379184,115588.0165,114124.817,115360.37815781051,115104.94623192222,255.4319258882897,419.9206720479778,-164.4887461596881,115588.0165,116259.74510760943,114916.28789239057,1558.995434
2025-09-16 04:00:00,115307.26,116009.62,114930.0,115840.0,1899.99942,115840.0,115578.54550000001,114218.87019999999,115434.16613353197,115159.39465918724,274.77147434472863,390.890832507328,49.09121722798628,0.002872716399764349,115578.54550000001,116229.07668675584,114928.01431324417,49.09121722798628,115578.54550000001,114218.87019999999,115434.16613353197,115159.39465918724,274.77147434472863,390.890832507328,-116.11935816259938,115578.54550000001,116229.07668675584,114928.01431324417,1547.699659
2025-09-16 08:00:00,115839.99,115981.17,115206.15,115287.83,1345.53241,115287.83,115545.08700000001,114303.58459999999,115411.65288221935,115168.90838813633,242.74449408301734,361.2615648224659,45.75711871411983,0.0030575761423030524,115545.08700000001,116182.35992135676,114907.81407864326,45.75711871411983,115545.08700000001,114303.58459999999,115411.65288221935,115168.90838813633,242.74449408301734,361.2615648224659,-118.51707073944857,115545.08700000001,116182.35992135676,114907.81407864326,1502.2606664999998
2025-09-16 12:00:00,115287.84,115905.89,114737.11,115905.88,2622.65829,115905.88,115551.4455,114396.0944,115487.68782341637,115223.49887790401,264.1889455123601,341.84704096044476,50.98251631334933,0.003289163706248835,115551.4455,116200.95348539304,114901.93751460697,50.98251631334933,115551.4455,114396.0944,115487.68782341637,115223.49887790401,264.1889455123601,341.84704096044476,-77.65809544808468,115551.4455,116200.95348539304,114901.93751460697,1580.283346
2025-09-16 16:00:00,115905.88,116870.76,115608.28,116800.12,2955.38019,116800.12,115592.746,114491.04819999999,115689.60046596771,115340.28562768889,349.3148382788204,343.34060042411994,58.38000423497778,0.0036970079101980692,115592.746,116432.57882309596,114752.91317690404,58.38000423497778,115592.746,114491.04819999999,115689.60046596771,115340.28562768889,349.3148382788204,343.34060042411994,5.974237854700448,115592.746,116432.57882309596,114752.91317690404,1666.607104
2025-09-16 20:00:00,116800.13,116964.27,116584.45,116788.96,1238.86273,116788.96,115643.76000000001,114574.19239999999,115858.73270197268,115447.59484045269,411.13786151999375,356.9000526432947,64.38920692248709,0.0036649782483458133,115643.76000000001,116638.29164418226,114649.22835581776,64.38920692248709,115643.76000000001,114574.19239999999,115858.73270197268,115447.59484045269,411.13786151999375,356.9000526432947,54.237808876699034,115643.76000000001,116638.29164418226,114649.22835581776,1659.8834570000004
2025-09-17 00:00:00,116788.96,117077.16,116371.81,116372.04,1657.75299,116372.04,115672.50600000001,114659.68699999999,115937.70305551535,115516.07225967842,421.6307958369289,369.8462012820216,56.769540786242004,0.003773607774101991,115672.50600000001,116717.64899974084,114627.36300025918,56.769540786242004,115672.50600000001,114659.68699999999,115937.70305551535,115516.07225967842,421.6307958369289,369.8462012820216,51.7845945549073,115672.50600000001,116717.64899974084,114627.36300025918,1663.2730145
2025-09-17 04:00:00,116372.05,117286.73,116160.22,117162.48,2485.03317,117162.48,115734.7155,114761.63200000001,116126.13027774375,115638.02838859112,488.1018891526328,393.49733885614387,66.14422573811252,0.004045977293176859,115734.7155,116971.92379929614,114497.50720070387,66.14422573811252,115734.7155,114761.63200000001,116126.13027774375,115638.02838859112,488.1018891526328,393.49733885614387,94.60455029648892,115734.7155,116971.92379929614,114497.50720070387,1749.4904510000001
2025-09-17 08:00:00,117162.48,117189.86,116253.27,116258.13,1655.0881,116258.13,115763.62299999999,114852.6346,116146.43792732163,115683.96184128808,462.47608603355184,407.2930882916255,56.16204445091479,0.0044183445078270975,115763.62299999999,117022.2776433227,114504.96835667729,56.16204445091479,115763.62299999999,114852.6346,116146.43792732163,115683.96184128808,462.47608603355184,407.2930882916255,55.18299774192633,115763.62299999999,117022.2776433227,114504.96835667729,1788.2627545
2025-09-17 12:00:00,116258.12,116516.93,115432.0,115875.32,2848.33061,115875.32,115767.11949999999,114910.31880000001,116104.72747696447,115698.13651971119,406.5909572532837,407.1526620839572,50.519205306021355,0.0044832213315596225,115767.11949999999,117026.65090035443,114507.58809964554,50.519205306021355,115767.11949999999,114910.31880000001,116104.72747696447,115698.13651971119,406.5909572532837,407.1526620839572,-0.5617048306734773,115767.11949999999,117026.65090035443,114507.58809964554,1884.9401105000002
2025-09-17 16:00:00,115875.33,116333.33,114720.81,115652.02,5738.81221,115652.02,115759.975,114974.6874,116035.08017281609,115694.72048121407,340.35969160201785,393.79406798756935,54.76865446632235,0.004504786315074676,115759.975,117020.4633440184,114499.48665598161,54.76865446632235,115759.975,114974.6874,116035.08017281609,115694.72048121407,340.35969160201785,393.79406798756935,-53.4343763855515,115759.975,117020.4633440184,114499.48665598161,2129.860364
2025-09-17 20:00:00,115652.02,116990.68,115307.33,116447.59,2369.22832,116447.59,115821.15400000001,115086.02399999999,116098.54322315207,115750.48859371673,348.05462943534076,384.6461802771237,62.027303130101366,0.004604571598675778,115821.15400000001,117090.8531037548,114551.45489624522,62.027303130101366,115821.15400000001,115086.02399999999,116098.54322315207,115750.48859371673,348.05462943534076,384.6461802771237,-36.59155084178292,115821.15400000001,117090.8531037548,114551.45489624522,2146.4961455000002
2025-09-18 00:00:00,116447.6,117896.0,116092.76,117581.66,3081.68078,117581.66,115918.4875,115211.6266,116326.71503497484,115886.13092010807,440.5841148667678,395.83376719505253,65.48918152316963,0.005007431470256589,115918.4875,117407.59837944273,114429.37662055728,65.48918152316963,115918.4875,115211.6266,116326.71503497484,115886.13092010807,440.5841148667678,395.83376719505253,44.75034767171525,115918.4875,117407.59837944273,114429.37662055728,2257.123721
2025-09-18 04:00:00,117581.67,117750.0,116888.02,117086.01,1789.62789,117086.01,116009.3875,115322.41899999998,116443.52964497871,115975.01085195193,468.5187930267857,410.3707723613992,61.138782182054186,0.005056631887205344,116009.3875,117552.29145127295,114466.48354872705,61.138782182054186,116009.3875,115322.41899999998,116443.52964497871,115975.01085195193,468.5187930267857,410.3707723613992,58.148020665386525,116009.3875,117552.29145127295,114466.48354872705,2288.248748
2025-09-18 08:00:00,117086.01,117413.04,117010.59,117063.4,1165.75229,117063.4,116090.285,115432.76939999999,116538.894314982,116055.63227032586,483.2620446561341,424.9490268203462,61.29489110622591,0.005058046111241021,116090.285,117677.71281682093,114502.85718317908,61.29489110622591,116090.285,115432.76939999999,116538.894314982,116055.63227032586,483.2620446561341,424.9490268203462,58.31301783578789,116090.285,117677.71281682093,114502.85718317908,2281.9613904999997
2025-09-18 12:00:00,117063.41,117843.83,116977.59,117583.56,2416.33194,117583.56,116179.13200000001,115533.3676,116699.61211267706,116168.81210215358,530.8000105234823,446.11922356097347,61.232107195774,0.0050995362064232466,116179.13200000001,117893.54042673596,114464.72357326407,61.232107195774,116179.13200000001,115533.3676,116699.61211267706,116168.81210215358,530.8000105234823,446.11922356097347,84.68078696250888,116179.13200000001,117893.54042673596,114464.72357326407,2270.5054085
2025-09-18 16:00:00,117583.56,117900.0,117196.33,117450.21,1828.6235,117450.21,116298.1425,115636.37199999999,116815.08871072673,116263.730464957,551.3582457697339,467.1670280027256,64.72473265892022,0.004842084887835228,116298.1425,118018.81419940332,114577.47080059668,64.72473265892022,116298.1425,115636.37199999999,116815.08871072673,116263.730464957,551.3582457697339,467.1670280027256,84.19121776700831,116298.1425,118018.81419940332,114577.47080059668,2187.0726455000004
2025-09-18 20:00:00,117450.21,117657.17,116612.03,117073.53,1375.21725,117073.53,116409.674,115700.7628,116854.84890907648,116323.71561570093,531.1332933755475,479.96028107728995,58.22137042320357,0.004890048584274482,116409.674,118018.73304133349,114800.61495866651,58.22137042320357,116409.674,115700.7628,116854.84890907648,116323.71561570093,531.1332933755475,479.96028107728995,51.17301229825756,116409.674,118018.73304133349,114800.61495866651,2106.0626899999997
2025-09-19 00:00:00,117073.53,117459.99,116871.61,116977.58,1326.38784,116977.58,116493.16399999999,115768.82400000001,116873.7306153724,116372.15001453791,501.58060083449527,484.284345028731,51.40773787803312,0.004849951739981461,116493.16399999999,118033.29540098745,114953.03259901253,51.40773787803312,116493.16399999999,115768.82400000001,116873.7306153724,116372.15001453791,501.58060083449527,484.284345028731,17.296255805764247,116493.16399999999,118033.29540098745,114953.03259901253,2078.7475695000003
2025-09-19 04:00:00,116977.58,117100.0,116633.86,116909.97,1538.09106,116909.97,116571.177,115827.8234,116879.30590531511,116411.98853197954,467.3173733355652,480.8909506900979,50.95141576263427,0.004858261439417986,116571.177,118022.96661116063,115119.38738883936,50.95141576263427,116571.177,115827.8234,116879.30590531511,116411.98853197954,467.3173733355652,480.8909506900979,-13.573577354532688,116571.177,118022.96661116063,115119.38738883936,2110.1433675
2025-09-19 08:00:00,116909.98,117090.36,116300.0,116394.72,1243.82831,116394.72,116625.55049999998,115867.7176,116804.75422757432,116410.70938146254,394.0448461117776,463.5217297744339,50.175601598067516,0.004986523909090752,116625.55049999998,117954.26481075118,115296.83618924879,50.175601598067516,116625.55049999998,115867.7176,116804.75422757432,116410.70938146254,394.0448461117776,463.5217297744339,-69.47688366265629,116625.55049999998,117954.26481075118,115296.83618924879,2129.110965
2025-09-19 12:00:00,116394.72,116529.08,115464.19,115884.03,2657.87565,115884.03,116627.75200000001,115903.7266,116663.10434640905,116371.6960939468,291.40825246224995,429.09903431199706,39.653288659042936,0.004999788547942966,116627.75200000001,117951.1212486983,115304.38275130172,39.653288659042936,116627.75200000001,115903.7266,116663.10434640905,116371.6960939468,291.40825246224995,429.09903431199706,-137.6907818497471,116627.75200000001,117951.1212486983,115304.38275130172,2167.0047765
2025-09-19 16:00:00,115884.03,116136.0,115112.58,115125.12,1413.65495,115125.12,116619.6165,115926.2292,116426.49137003843,116279.35712402481,147.13424601362203,372.70607665232205,40.60928851691053,0.0051045783933709845,116619.6165,117979.17467389996,115260.05832610004,40.60928851691053,116619.6165,115926.2292,116426.49137003843,116279.35712402481,147.13424601362203,372.70607665232205,-225.57183063870002,116619.6165,117979.17467389996,115260.05832610004,2170.4109035
2025-09-19 20:00:00,115125.13,115657.28,115100.0,115632.38,812.25284,115632.38,116605.9415,115955.27059999999,116304.32039003253,116231.43289261559,72.88749741694483,312.7423608052466,48.02714282465981,0.005055458568288871,116605.9415,118000.77169430863,115211.11130569137,48.02714282465981,116605.9415,115955.27059999999,116304.32039003253,116231.43289261559,72.88749741694483,312.7423608052466,-239.8548633883018,116605.9415,118000.77169430863,115211.11130569137,2079.890631
2025-09-20 00:00:00,115632.39,115730.41,115408.47,115445.0,717.06298,115445.0,116538.18549999999,115975.7708,116172.11725310446,116173.17860427368,-1.0613511692208704,249.98161841035312,48.308975125548486,0.0047148140794061365,116538.18549999999,118022.10852984361,115054.26247015638,48.308975125548486,116538.18549999999,115975.7708,116172.11725310446,116173.17860427368,-1.0613511692208704,249.98161841035312,-251.042969579574,116538.18549999999,118022.10852984361,115054.26247015638,1967.9747704999997
2025-09-20 04:00:00,115445.0,115985.2,115409.08,115968.56,759.46126,115968.56,116497.1655,115985.4882,116140.80075262685,116158.02167062377,-17.220917996921344,196.54111112889822,45.90511751320285,0.00485121236880735,116497.1655,117997.16995299522,114997.16104700479,45.90511751320285,116497.1655,115985.4882,116140.80075262685,116158.02167062377,-17.220917996921344,196.54111112889822,-213.76202912581957,116497.1655,117997.16995299522,114997.16104700479,1944.0046969999999
2025-09-20 08:00:00,115968.56,115968.57,115664.11,115894.06,793.04586,115894.06,116473.2665,115999.4866,116102.8406368381,116138.46895428127,-35.62831744317373,150.10722541448385,32.382515304119835,0.0047924789703526205,116473.2665,117996.7127362224,114949.8202637776,32.382515304119835,116473.2665,115999.4866,116102.8406368381,116138.46895428127,-35.62831744317373,150.10722541448385,-185.73554285765758,116473.2665,117996.7127362224,114949.8202637776,1900.7693405000002
2025-09-20 12:00:00,115894.05,116121.81,115804.47,115986.69,836.91424,115986.69,116414.477,116017.48640000001,116084.97130809378,116127.22606877895,-42.254760685173096,111.63482819455245,37.46939501292606,0.004511741130879766,116414.477,117916.53435402451,114912.41964597549,37.46939501292606,116414.477,116017.48640000001,116084.97130809378,116127.22606877895,-42.254760685173096,111.63482819455245,-153.88958887972555,116414.477,117916.53435402451,114912.41964597549,1818.363394
2025-09-20 16:00:00,115986.7,116079.46,115698.08,115702.0,898.20806,115702.0,116386.67050000001,116033.2574,116026.05264531012,116095.727841462,-69.67519615187484,75.37282332526699,35.35694464163572,0.004211679261807396,116386.67050000001,117921.15498140707,114852.18601859294,35.35694464163572,116386.67050000001,116033.2574,116026.05264531012,116095.727841462,-69.67519615187484,75.37282332526699,-145.04801947714185,116386.67050000001,117921.15498140707,114852.18601859294,1780.5193920000002
2025-09-20 20:00:00,115702.0,115944.7,115603.42,115685.63,670.23512,115685.63,116377.18600000002,116044.5464,115973.67993064702,116065.35022357591,-91.67029292888765,41.96420007443606,27.10485110366426,0.004149608139652734,116377.18600000002,117927.24418542476,114827.12781457527,27.10485110366426,116377.18600000002,116044.5464,115973.67993064702,116065.35022357591,-91.67029292888765,41.96420007443606,-133.6344930033237,116377.18600000002,117927.24418542476,114827.12781457527,1671.6146175
2025-09-21 00:00:00,115685.63,115732.94,115441.83,115669.41,919.05922,115669.41,116378.05550000002,116025.28439999999,115926.86917208595,116036.02131812584,-109.15214603989443,11.740930851569953,27.89309034933099,0.00412677830458142,116378.05550000002,117926.41951367284,114829.6914863272,27.89309034933099,116378.05550000002,116025.28439999999,115926.86917208595,116036.02131812584,-109.15214603989443,11.740930851569953,-120.89307689146439,116378.05550000002,117926.41951367284,114829.6914863272,1430.626968
2025-09-21 04:00:00,115669.42,115815.98,115487.56,115815.97,806.9398,115815.97,116346.47449999998,116021.01539999999,115909.80776099581,116019.72122048688,-109.91345949107199,-12.589947216958443,33.442613453831214,0.003814520866120582,116346.47449999998,117914.50750756581,114778.44149243415,33.442613453831214,116346.47449999998,116021.01539999999,115909.80776099581,116019.72122048688,-109.91345949107199,-12.589947216958443,-97.32351227411354,116346.47449999998,117914.50750756581,114778.44149243415,1352.512542
2025-09-21 08:00:00,115815.98,115819.06,115329.03,115603.45,786.85295,115603.45,116247.56400000001,116013.9444,115862.67579776567,115988.88631526563,-126.21051749995968,-35.3140612735587,32.44663592350834,0.0030100712371980407,116247.56400000001,117735.0339207121,114760.09407928793,32.44663592350834,116247.56400000001,116013.9444,115862.67579776567,115988.88631526563,-126.21051749995968,-35.3140612735587,-90.89645622640097,116247.56400000001,117735.0339207121,114760.09407928793,1237.7711505
2025-09-21 12:00:00,115603.45,115747.23,115473.19,115531.61,671.3204,115531.61,116169.844,116009.00239999998,115811.74259810941,115955.01399561632,-143.2713975069055,-56.90552852022806,32.41160887917974,0.002903586480969105,116169.844,117635.12519098152,114704.56280901848,32.41160887917974,116169.844,116009.00239999998,115811.74259810941,115955.01399561632,-143.2713975069055,-56.90552852022806,-86.36586898667743,116169.844,117635.12519098152,114704.56280901848,1181.8557759999999
2025-09-21 16:00:00,115531.62,115665.52,115209.02,115480.05,781.11646,115480.05,116090.67649999999,115999.12120000001,115760.71296763104,115919.83147742251,-159.1185097914713,-77.34812477447673,36.76190917274787,0.0029019768883099266,116090.67649999999,117523.41448811078,114657.9385118892,36.76190917274787,116090.67649999999,115999.12120000001,115760.71296763104,115919.83147742251,-159.1185097914713,-77.34812477447673,-81.77038501699457,116090.67649999999,117523.41448811078,114657.9385118892,1162.6239845
2025-09-21 20:00:00,115480.05,115545.43,115188.0,115232.29,546.23336,115232.29,115973.11299999998,115988.3934,115679.41712645703,115868.90247909492,-189.48535263788654,-99.7755703471587,39.790272451562764,0.002653494413173289,115973.11299999998,117269.4405159099,114676.78548409007,39.790272451562764,115973.11299999998,115988.3934,115679.41712645703,115868.90247909492,-189.48535263788654,-99.7755703471587,-89.70978229072783,115973.11299999998,117269.4405159099,114676.78548409007,1069.1190555
2025-09-22 00:00:00,115232.29,115379.25,114150.0,114649.89,3078.59053,114649.89,115833.097,115965.44880000001,115521.02833777133,115778.60525842122,-257.5769206498808,-131.33584040770316,42.11955890887996,0.0028039584667698724,115833.097,117060.77969864292,114605.41430135707,42.11955890887996,115833.097,115965.44880000001,115521.02833777133,115778.60525842122,-257.5769206498808,-131.33584040770316,-126.24108024217762,115833.097,117060.77969864292,114605.41430135707,1131.6174070000002
2025-09-22 04:00:00,114649.89,114649.9,111800.0,112519.99,7290.80289,112519.99,115605.42000000001,115897.48280000001,115059.33013196036,115537.22635039002,-477.89621842965425,-200.64791601209342,16.446056288527757,0.004787322948332119,115605.42000000001,117415.362742914,113795.47725708602,16.446056288527757,115605.42000000001,115897.48280000001,115059.33013196036,115537.22635039002,-477.89621842965425,-200.64791601209342,-277.2483024175608,115605.42000000001,117415.362742914,113795.47725708602,1427.396689
2025-09-22 08:00:00,112520.0,112976.02,112173.52,112876.97,3052.23045,112876.97,115400.3895,115841.42259999999,114723.58241935108,115340.17032443521,-616.5879050841322,-283.8359138265012,23.291364100601314,0.004919251208749528,115400.3895,117466.72909089486,113334.04990910515,23.291364100601314,115400.3895,115841.42259999999,114723.58241935108,115340.17032443521,-616.5879050841322,-283.8359138265012,-332.751991257631,115400.3895,117466.72909089486,113334.04990910515,1513.6888195
2025-09-22 12:00:00,112876.97,113432.76,112380.0,112815.5,3313.50245,112815.5,115195.666,115781.6248,114430.03127791245,115153.15770781037,-723.1264298979222,-371.69401704078547,13.719565517558777,0.004919683176000289,115195.666,117436.24594891159,112955.08605108841,13.719565517558777,115195.666,115781.6248,114430.03127791245,115153.15770781037,-723.1264298979222,-371.69401704078547,-351.43241285713674,115195.666,117436.24594891159,112955.08605108841,1602.459389
2025-09-22 16:00:00,112815.5,112888.0,111936.4,112122.9,2731.51753,112122.9,114982.075,115708.18460000001,114075.08800438746,114928.69417389849,-853.6061695110257,-468.0764475348336,12.011080890500608,0.004983392307637799,114982.075,117534.17139319176,112429.97860680823,12.011080890500608,114982.075,115708.18460000001,114075.08800438746,114928.69417389849,-853.6061695110257,-468.0764475348336,-385.52972197619204,114982.075,117534.17139319176,112429.97860680823,1676.84385
2025-09-22 20:00:00,112122.9,112977.41,111975.28,112650.99,1315.06971,112650.99,114820.423,115656.7242,113855.99600371247,114759.9753462023,-903.979342489838,-555.2570265258346,19.107939306829536,0.005152480221266257,114820.423,117536.28238996521,112104.56361003478,19.107939306829536,114820.423,115656.7242,113855.99600371247,114759.9753462023,-903.979342489838,-555.2570265258346,-348.7223159640034,114820.423,117536.28238996521,112104.56361003478,1609.7035529999998
2025-09-23 00:00:00,112650.99,112833.09,111478.0,112339.99,2398.09582,112339.99,114681.16649999998,115590.8242,113622.76431083363,114580.71717240955,-957.9528615759191,-635.7961935358516,19.0152748158157,0.005021240633008733,114681.16649999998,117608.61727620101,111753.71572379894,19.0152748158157,114681.16649999998,115590.8242,113622.76431083363,114580.71717240955,-957.9528615759191,-635.7961935358516,-322.15666804006753,114681.16649999998,117608.61727620101,111753.71572379894,1658.9255965
2025-09-23 04:00:00,112339.99,113114.01,111876.15,113090.13,2504.81638,113090.13,114554.054,115547.2666,113540.82057070539,114470.30330778664,-929.4827370812563,-694.5335022449326,28.929346131864733,0.005178212669144066,114554.054,117528.00357987398,111580.10442012602,28.929346131864733,114554.054,115547.2666,113540.82057070539,114470.30330778664,-929.4827370812563,-694.5335022449326,-234.94923483632374,114554.054,117528.00357987398,111580.10442012602,1743.5537735000003
2025-09-23 08:00:00,113090.13,113281.5,112683.33,112975.99,1814.57634,112975.99,114430.6035,115497.8774,113453.92355982763,114359.61343313578,-905.6898733081471,-736.7647764575756,28.476608448831414,0.005176770842828205,114430.6035,117453.41108955293,111407.79591044706,28.476608448831414,114430.6035,115497.8774,113453.92355982763,114359.61343313578,-905.6898733081471,-736.7647764575756,-168.92509685057144,114430.6035,117453.41108955293,111407.79591044706,1798.4294415
2025-09-23 12:00:00,112975.99,113290.5,112496.61,112882.19,1948.83266,112882.19,114276.28499999999,115439.38880000002,113365.9645506234,114250.17466031089,-884.2101096874976,-766.2538431035601,26.35650043518912,0.0050073997651116095,114276.28499999999,117283.59109887858,111268.9789011214,26.35650043518912,114276.28499999999,115439.38880000002,113365.9645506234,114250.17466031089,-884.2101096874976,-766.2538431035601,-117.95626658393746,114276.28499999999,117283.59109887858,111268.9789011214,1857.8980115000002
2025-09-23 16:00:00,112882.2,112958.58,111540.2,111655.29,2394.18192,111655.29,114064.34649999999,115371.09460000001,113102.78385052748,114057.96098176936,-955.1771312418714,-804.0385007312225,22.652793208636638,0.005436601666430307,114064.34649999999,117186.8467685071,110941.84623149288,22.652793208636638,114064.34649999999,115371.09460000001,113102.78385052748,114057.96098176936,-955.1771312418714,-804.0385007312225,-151.1386305106489,114064.34649999999,117186.8467685071,110941.84623149288,1937.9548144999997
2025-09-23 20:00:00,111655.29,112220.54,111458.73,111998.8,1240.81718,111998.8,113864.952,115314.2126,112932.94018121557,113905.43053867534,-972.4903574597702,-837.7288720769321,26.417275791862863,0.005518179426267063,113864.952,116979.88892194282,110750.01507805719,26.417275791862863,113864.952,115314.2126,112932.94018121557,113905.43053867534,-972.4903574597702,-837.7288720769321,-134.76148538283803,113864.952,116979.88892194282,110750.01507805719,1958.1499615
2025-09-24 00:00:00,111998.8,112500.0,111683.09,111683.09,2848.03309,111683.09,113664.00649999999,115241.7188,112740.65553795162,113740.81272099569,-1000.1571830440662,-870.2145342703592,25.517383678943645,0.005521286497755767,113664.00649999999,116798.4214688268,110529.59153117318,25.517383678943645,113664.00649999999,115241.7188,112740.65553795162,113740.81272099569,-1000.1571830440662,-870.2145342703592,-129.942648773707,113664.00649999999,116798.4214688268,110529.59153117318,2055.641213
2025-09-24 04:00:00,111683.1,112779.37,111042.66,112583.54,2905.68984,112583.54,113508.902,115186.39540000001,112716.4839167283,113655.08881573674,-938.6048990084382,-883.8926072179751,34.24692729588959,0.005936352385186858,113508.902,116526.95103340904,110490.85296659096,34.24692729588959,113508.902,115186.39540000001,112716.4839167283,113655.08881573674,-938.6048990084382,-883.8926072179751,-54.712291790463155,113508.902,116526.95103340904,110490.85296659096,2167.4139490000002
2025-09-24 08:00:00,112583.54,113162.17,112405.62,113029.46,1567.72874,113029.46,113376.90449999999,115140.8396,112764.63408338548,113608.74594049697,-844.111857111493,-875.9364571966787,40.2036850969881,0.006049766612081691,113376.90449999999,116223.12259503751,110530.68640496247,40.2036850969881,113376.90449999999,115140.8396,112764.63408338548,113608.74594049697,-844.111857111493,-875.9364571966787,31.824600085185693,113376.90449999999,116223.12259503751,110530.68640496247,2199.847425
2025-09-24 12:00:00,113029.45,113890.0,112808.0,113346.41,2535.05067,113346.41,113253.42650000002,115090.96780000001,112854.13807055696,113589.3136486083,-735.175578051334,-847.7842813676099,56.39875744464707,0.006091523097367397,113253.42650000002,115858.13886650342,110648.71413349661,56.39875744464707,113253.42650000002,115090.96780000001,112854.13807055696,113589.3136486083,-735.175578051334,-847.7842813676099,112.60870331627586,113253.42650000002,115858.13886650342,110648.71413349661,2286.2529685
2025-09-24 16:00:00,113346.4,113940.0,113163.21,113420.01,1318.69585,113420.01,113144.2545,115053.61140000001,112941.19529047128,113576.77263760027,-635.5773471289867,-805.3428945198854,54.39759777658277,0.00610019842425636,113144.2545,115505.9341000556,110782.57489994439,54.39759777658277,113144.2545,115053.61140000001,112941.19529047128,113576.77263760027,-635.5773471289867,-805.3428945198854,169.76554739089863,113144.2545,115505.9341000556,110782.57489994439,2312.8451135
2025-09-24 20:00:00,113420.0,113647.58,113204.71,113307.0,1194.06148,113307.0,113033.024,115001.63380000001,112997.47293809109,113556.7894792595,-559.3165411684167,-756.1376238495917,53.947271202829484,0.0060997596434289305,113033.024,115114.15958904996,110951.88841095005,53.947271202829484,113033.024,115001.63380000001,112997.47293809109,113556.7894792595,-559.3165411684167,-756.1376238495917,196.82108268117497,113033.024,115114.15958904996,110951.88841095005,2338.9821675000003
2025-09-25 00:00:00,113307.01,113510.23,112214.74,112546.21,3049.61418,112546.21,112886.33200000001,114916.5556,112928.04787069245,113481.9317400551,-553.8838693626458,-715.6868729522026,53.362800503971314,0.006231902137406841,112886.33200000001,114626.96262581163,111145.70137418839,53.362800503971314,112886.33200000001,114916.5556,112928.04787069245,113481.9317400551,-553.8838693626458,-715.6868729522026,161.80300358955685,112886.33200000001,114626.96262581163,111145.70137418839,2452.4070535
2025-09-25 04:00:00,112546.22,112614.43,111450.42,111766.72,2930.2095,111766.72,112713.05350000001,114816.1108,112749.38204443207,113354.87901856953,-605.4969741374516,-693.6488931892525,43.24511375146858,0.006357762850192547,112713.05350000001,114130.31768851494,111295.78931148507,43.24511375146858,112713.05350000001,114816.1108,112749.38204443207,113354.87901856953,-605.4969741374516,-693.6488931892525,88.15191905180086,112713.05350000001,114130.31768851494,111295.78931148507,2571.6058605000003
2025-09-25 08:00:00,111766.73,112246.46,111283.63,111348.0,2287.76235,111348.0,112547.959,114715.63,112533.78480682714,113206.2213134903,-672.4365066631581,-689.4064158840337,42.54493749558476,0.0063259998023503915,112547.959,113771.23682330892,111324.68117669108,42.54493749558476,112547.959,114715.63,112533.78480682714,113206.2213134903,-672.4365066631581,-689.4064158840337,16.969909220875593,112547.959,113771.23682330892,111324.68117669108,2532.0644515
2025-09-25 12:00:00,111347.99,111729.52,110629.99,111580.77,4734.75828,111580.77,112500.99799999999,114603.9958,112387.16714423835,113085.81751249102,-698.6503682526672,-691.2552063577605,37.70030118518329,0.004908646616043683,112500.99799999999,113798.64823209662,111203.34776790337,37.70030118518329,112500.99799999999,114603.9958,112387.16714423835,113085.81751249102,-698.6503682526672,-691.2552063577605,-7.395161894906778,112500.99799999999,113798.64823209662,111203.34776790337,2404.262221
2025-09-25 16:00:00,111580.77,111672.58,108631.51,109360.0,6129.42446,109360.0,112325.14950000001,114466.0332,111921.44912204784,112809.83103008427,-888.3819080364337,-730.6805466934952,28.064675415747175,0.006482464938672146,112325.14950000001,114222.76940455422,110427.52959544581,28.064675415747175,112325.14950000001,114466.0332,111921.44912204784,112809.83103008427,-888.3819080364337,-730.6805466934952,-157.70136134293853,112325.14950000001,114222.76940455422,110427.52959544581,2558.1219214999996
2025-09-25 20:00:00,109360.0,109685.72,108765.0,108994.49,2099.3808,108994.49,112134.099,114328.4166,111471.14771865586,112527.21317600395,-1056.065457348086,-795.7575288244135,27.16904898932367,0.006489551369540215,112134.099,114528.27656041812,109739.92143958189,27.16904898932367,112134.099,114328.4166,111471.14771865586,112527.21317600395,-1056.065457348086,-795.7575288244135,-260.30792852367256,112134.099,114528.27656041812,109739.92143958189,2497.4158390000002
2025-09-26 00:00:00,108994.49,109798.84,108809.24,109580.01,2323.19574,109580.01,112006.95450000002,114206.9764,111180.20345424727,112308.90182963328,-1128.6983753860113,-862.3456981367333,36.81980306679268,0.00658499270092812,112006.95450000002,114659.75203551489,109354.15696448516,36.81980306679268,112006.95450000002,114206.9764,111180.20345424727,112308.90182963328,-1128.6983753860113,-862.3456981367333,-266.35267724927803,112006.95450000002,114659.75203551489,109354.15696448516,2476.9997495
2025-09-26 04:00:00,109580.0,109625.94,108913.0,109320.02,3055.89804,109320.02,111840.406,114064.425,110894.02138436308,112087.50317558637,-1193.4817912232975,-928.5729167540463,32.80452421301287,0.006443574147083064,111840.406,114730.58564679469,108950.22635320532,32.80452421301287,111840.406,114064.425,110894.02138436308,112087.50317558637,-1193.4817912232975,-928.5729167540463,-264.90887446925115,111840.406,114730.58564679469,108950.22635320532,2564.041166
2025-09-26 08:00:00,109320.02,109690.98,108620.07,109133.5,2675.46214,109133.5,111680.08150000001,113895.46179999999,110623.1719406149,111868.68812554293,-1245.5161849280266,-991.9615703888425,33.35778935014443,0.006436851565944388,111680.08150000001,114800.17206446898,108559.99093553105,33.35778935014443,111680.08150000001,113895.46179999999,110623.1719406149,111868.68812554293,-1245.5161849280266,-991.9615703888425,-253.55461453918417,111680.08150000001,114800.17206446898,108559.99093553105,2577.909482
2025-09-26 12:00:00,109133.5,109779.73,108764.76,109027.78,3241.9244,109027.78,111476.96399999999,113734.2972,110377.72702667415,111658.25048661382,-1280.5234599396645,-1049.673948299007,24.103314067306783,0.006150878147152168,111476.96399999999,114736.36066577933,108217.56733422066,24.103314067306783,111476.96399999999,113734.2972,110377.72702667415,111658.25048661382,-1280.5234599396645,-1049.673948299007,-230.8495116406575,111476.96399999999,114736.36066577933,108217.56733422066,2614.764883
2025-09-26 16:00:00,109027.79,110300.0,109027.78,109172.2,2093.42859,109172.2,111286.77450000001,113576.47320000001,110192.26133026273,111474.09859871649,-1281.8372684537608,-1096.1066123299577,20.617083448866154,0.006188878220585134,111286.77450000001,114620.93055030746,107952.61844969257,20.617083448866154,111286.77450000001,113576.47320000001,110192.26133026273,111474.09859871649,-1281.8372684537608,-1096.1066123299577,-185.7306561238031,111286.77450000001,114620.93055030746,107952.61844969257,2628.7074955
2025-09-26 20:00:00,109172.21,109687.69,109087.57,109643.46,853.107,109643.46,111124.83800000002,113417.67120000001,110107.83035637614,111338.4957395523,-1230.6653831761505,-1123.0183664991962,22.44045554614476,0.006331981579082877,111124.83800000002,114447.31320365173,107802.3627963483,22.44045554614476,111124.83800000002,113417.67120000001,110107.83035637614,111338.4957395523,-1230.6653831761505,-1123.0183664991962,-107.64701667695431,111124.83800000002,114447.31320365173,107802.3627963483,2573.9212125
2025-09-27 00:00:00,109643.46,109743.91,109324.42,109553.77,1041.65919,109553.77,111019.76200000002,113259.7424,110022.59030154905,111206.29383291879,-1183.7035313697415,-1135.1553994733054,21.29390660778303,0.005929960888895298,111019.76200000002,114403.95289437569,107635.57110562435,21.29390660778303,111019.76200000002,113259.7424,110022.59030154905,111206.29383291879,-1183.7035313697415,-1135.1553994733054,-48.54813189643619,111019.76200000002,114403.95289437569,107635.57110562435,2506.2950760000003
2025-09-27 04:00:00,109553.77,109742.27,109332.02,109411.2,908.84116,109411.2,110890.38199999998,113106.4958,109928.53025515689,111073.32391936926,-1144.7936642123677,-1137.0830524211178,21.20084450318906,0.005854496218053986,110890.38199999998,114314.59072641845,107466.17327358152,21.20084450318906,110890.38199999998,113106.4958,109928.53025515689,111073.32391936926,-1144.7936642123677,-1137.0830524211178,-7.710611791249903,110890.38199999998,114314.59072641845,107466.17327358152,2489.696275
2025-09-27 08:00:00,109411.19,109477.69,109064.4,109310.21,1356.29029,109310.21,110771.73799999998,112953.1484,109833.40406205584,110942.72288830487,-1109.3188262490294,-1131.5302071867002,23.492531053712867,0.005841414753931614,110771.73799999998,114244.39071761428,107299.08528238568,23.492531053712867,110771.73799999998,112953.1484,109833.40406205584,110942.72288830487,-1109.3188262490294,-1131.5302071867002,22.21138093767081,110771.73799999998,114244.39071761428,107299.08528238568,2415.1091349999997
2025-09-27 12:00:00,109310.22,109477.59,109193.0,109402.24,1151.38343,109402.24,110612.673,112802.99380000001,109767.07112943186,110828.61304472674,-1061.5419152948743,-1117.5325488083352,28.173278586831316,0.005458721044148752,110612.673,114026.84223891507,107198.50376108492,28.173278586831316,110612.673,112802.99380000001,109767.07112943186,110828.61304472674,-1061.5419152948743,-1117.5325488083352,55.99063351346081,110612.673,114026.84223891507,107198.50376108492,2327.3938145
2025-09-27 16:00:00,109402.25,109440.0,109243.89,109424.2,590.81859,109424.2,110432.41,112663.5834,109714.32172490387,110724.58244882105,-1010.2607239171775,-1096.0781838301036,30.837576597897808,0.0053268818288580355,110432.41,113686.24445853173,107178.57554146828,30.837576597897808,110432.41,112663.5834,109714.32172490387,110724.58244882105,-1010.2607239171775,-1096.0781838301036,85.8174599129261,110432.41,113686.24445853173,107178.57554146828,2278.548307
2025-09-27 20:00:00,109424.21,109699.98,109362.72,109635.85,452.79377,109635.85,110246.88200000001,112538.6198,109702.24915184172,110643.93560076023,-941.68644891851,-1065.1998368477848,30.54535269875562,0.005292416976100001,110246.88200000001,113211.41028606509,107282.35371393494,30.54535269875562,110246.88200000001,112538.6198,109702.24915184172,110643.93560076023,-941.68644891851,-1065.1998368477848,123.51338792927481,110246.88200000001,113211.41028606509,107282.35371393494,2174.435462
2025-09-28 00:00:00,109635.85,109787.75,109325.05,109436.0,822.14827,109436.0,110047.68149999999,112424.8374,109661.28774386608,110554.4588895928,-893.1711457267229,-1030.7940986235724,51.27616130678918,0.005264699432645858,110047.68149999999,112624.5095923898,107470.85340761018,51.27616130678918,110047.68149999999,112424.8374,109661.28774386608,110554.4588895928,-893.1711457267229,-1030.7940986235724,137.62295289684948,110047.68149999999,112624.5095923898,107470.85340761018,2149.608083
2025-09-28 04:00:00,109436.0,109537.8,109260.0,109513.06,569.05076,109513.06,109857.98449999999,112302.45100000002,109638.48347557899,110477.31823110444,-838.834755525444,-992.4022300039467,59.64160744897226,0.005291566174163077,109857.98449999999,111934.57930181293,107781.38969818705,59.64160744897226,109857.98449999999,112302.45100000002,109638.48347557899,110477.31823110444,-838.834755525444,-992.4022300039467,153.56747447850262,109857.98449999999,111934.57930181293,107781.38969818705,2118.357547
2025-09-28 08:00:00,109513.06,109585.39,109250.0,109369.02,862.93461,109369.02,109699.125,112180.9314,109597.02755625916,110395.22206583746,-798.1945095783012,-953.5606859188177,45.306639973306844,0.005157667940053766,109699.125,111352.89081365446,108045.35918634554,45.306639973306844,109699.125,112180.9314,109597.02755625916,110395.22206583746,-798.1945095783012,-953.5606859188177,155.36617634051652,109699.125,111352.89081365446,108045.35918634554,2009.0235685
2025-09-28 12:00:00,109369.02,110037.93,109189.99,110037.93,1349.20291,110037.93,109612.68549999999,112062.3188,109664.85870145004,110368.75598688654,-703.8972854364984,-903.6280058223539,63.51146359916718,0.0052483090037527364,109612.68549999999,110964.59451992642,108260.77648007356,63.51146359916718,109612.68549999999,112062.3188,109664.85870145004,110368.75598688654,-703.8972854364984,-903.6280058223539,199.73072038585553,109612.68549999999,110964.59451992642,108260.77648007356,1929.9732389999997
2025-09-28 16:00:00,110037.92,110393.63,110008.54,110337.6,1215.77694,110337.6,109562.1655,111951.18960000001,109768.35736276541,110366.44813600605,-598.090773240634,-842.5205593060099,71.73606949188039,0.0052543178914899,109562.1655,110699.52298226017,108424.80801773984,71.73606949188039,109562.1655,111951.18960000001,109768.35736276541,110366.44813600605,-598.090773240634,-842.5205593060099,244.42978606537588,109562.1655,110699.52298226017,108424.80801773984,1876.3739685
2025-09-28 20:00:00,110337.61,112350.0,110294.78,112163.95,2723.21811,112163.95,109591.32450000002,111874.7348,110136.9100761861,110499.59642222783,-362.6863460417226,-746.5537166531525,84.92044227193266,0.00647464854517091,109591.32450000002,110954.14110449409,108228.50789550594,84.92044227193266,109591.32450000002,111874.7348,110136.9100761861,110499.59642222783,-362.6863460417226,-746.5537166531525,383.8673706114299,109591.32450000002,110954.14110449409,108228.50789550594,1775.7969600000001
2025-09-29 00:00:00,112163.96,112310.0,111588.07,111857.51,2297.47362,111857.51,109716.2,111797.845,110401.61775677287,110600.18261317392,-198.56485640104802,-636.9559446027316,78.85897168600762,0.004492470154651212,109716.2,111407.80379205545,108024.59620794455,78.85897168600762,109716.2,111797.845,110401.61775677287,110600.18261317392,-198.56485640104802,-636.9559446027316,438.3910882016836,109716.2,111407.80379205545,108024.59620794455,1584.199418
2025-09-29 04:00:00,111857.51,111904.34,111560.65,111865.95,1831.36016,111865.95,109859.773,111721.4514,110626.89964034628,110693.94316034623,-67.04351999994833,-522.973459682175,76.52357595503197,0.00437653773021396,109859.773,111767.1289384644,107952.4170615356,76.52357595503197,109859.773,111721.4514,110626.89964034628,110693.94316034623,-67.04351999994833,-522.973459682175,455.92993968222663,109859.773,111767.1289384644,107952.4170615356,1570.798386
2025-09-29 08:00:00,111865.96,112421.99,111865.95,112100.0,2126.24195,112100.0,109985.7725,111650.0632,110853.53046490838,110798.0955188391,55.43494606929016,-407.2917785318819,79.37498990542245,0.0042766324762277316,109985.7725,112133.15101963657,107838.39398036344,79.37498990542245,109985.7725,111650.0632,110853.53046490838,110798.0955188391,55.43494606929016,-407.2917785318819,462.72672460117207,109985.7725,112133.15101963657,107838.39398036344,1560.9506964999998
2025-09-29 12:00:00,112100.0,114231.56,111901.26,113815.57,5064.79852,113815.57,110210.55,111610.0552,111309.22885492248,111021.61214707325,287.616707849229,-268.3100812556597,87.28087475728003,0.005231194259144386,110210.55,112929.5663823652,107491.5336176348,87.28087475728003,110210.55,111610.0552,111309.22885492248,111021.61214707325,287.616707849229,-268.3100812556597,555.9267891048887,110210.55,112929.5663823652,107491.5336176348,1661.3957205000002
2025-09-29 16:00:00,113815.57,114390.93,113449.74,114265.55,2716.40525,114265.55,110467.15250000001,111583.2972,111764.04749262672,111261.90383988264,502.1436527440819,-114.21933445571135,89.60469948849102,0.00517119032618332,110467.15250000001,113681.6944368644,107252.61056313562,89.60469948849102,110467.15250000001,111583.2972,111764.04749262672,111261.90383988264,502.1436527440819,-114.21933445571135,616.3629871997932,110467.15250000001,113681.6944368644,107252.61056313562,1663.4428759999998
2025-09-29 20:00:00,114265.56,114400.0,114020.0,114311.96,1504.84055,114311.96,110731.3615,111558.9042,112156.03403222261,111487.83392581725,668.200106405362,42.26455371650338,89.52833804050636,0.0051342763965410996,110731.3615,114297.21425718136,107165.50874281864,89.52833804050636,110731.3615,111558.9042,112156.03403222261,111487.83392581725,668.200106405362,42.26455371650338,625.9355526888586,110731.3615,114297.21425718136,107165.50874281864,1576.5886835
2025-09-30 00:00:00,114311.97,114792.0,114040.35,114376.39,2494.38118,114376.39,110991.571,111536.83099999999,112497.62725803452,111701.80104242338,795.826215611145,192.97688609543178,89.59946264503385,0.005145329957489835,110991.571,114827.65374601881,107155.48825398118,89.59946264503385,110991.571,111536.83099999999,112497.62725803452,111701.80104242338,795.826215611145,192.97688609543178,602.8493295157132,110991.571,114827.65374601881,107155.48825398118,1596.636313
2025-09-30 04:00:00,114376.39,114376.4,113585.0,113699.23,2326.82117,113699.23,111194.35949999999,111506.16979999999,112682.4892183369,111849.75874298462,832.7304753522767,320.92760394680084,80.24086235331234,0.0054395021208907554,111194.35949999999,115157.08907336641,107231.62992663357,80.24086235331234,111194.35949999999,111506.16979999999,112682.4892183369,111849.75874298462,832.7304753522767,320.92760394680084,511.80287140547586,111194.35949999999,115157.08907336641,107231.62992663357,1670.3220215000001
2025-09-30 08:00:00,113699.24,113741.37,112656.27,113055.01,2869.29172,113055.01,111369.42150000001,111474.2722,112739.80010782354,111939.03661387465,800.7634939488926,416.8947819472192,75.26278388268159,0.005667057292379901,111369.42150000001,115336.33397403256,107402.50902596746,75.26278388268159,111369.42150000001,111474.2722,112739.80010782354,111939.03661387465,800.7634939488926,416.8947819472192,383.8687120016734,111369.42150000001,115336.33397403256,107402.50902596746,1761.703648
2025-09-30 12:00:00,113055.0,113677.23,112866.11,113106.16,2840.28661,113106.16,111554.1695,111485.99560000001,112796.1631681584,112025.49019803207,770.6729701263248,487.65041958304045,75.17297619948383,0.005633442412451733,111554.1695,115481.05032842931,107627.2886715707,75.17297619948383,111554.1695,111485.99560000001,112796.1631681584,112025.49019803207,770.6729701263248,487.65041958304045,283.02255054328435,111554.1695,115481.05032842931,107627.2886715707,1858.2759204999998
2025-09-30 16:00:00,113106.15,114563.46,112800.0,114359.99,2535.88761,114359.99,111806.65849999999,111515.656,113036.75191151864,112198.41610928896,838.3358022296889,557.7874961123701,80.26073744241569,0.00597153465127932,111806.65849999999,115775.19601350391,107838.12098649607,80.26073744241569,111806.65849999999,111515.656,113036.75191151864,112198.41610928896,838.3358022296889,557.7874961123701,280.5483061173187,111806.65849999999,115775.19601350391,107838.12098649607,1917.2557864999999
2025-09-30 20:00:00,114359.99,114754.87,113765.42,114048.93,1977.48804,114048.93,112038.99300000002,111540.3246,113192.47161743884,112335.49121230458,856.9804051342653,617.6260779167492,75.42224633529212,0.0060689232383171745,112038.99300000002,115958.60883080425,108119.37716919578,75.42224633529212,112038.99300000002,111540.3246,113192.47161743884,112335.49121230458,856.9804051342653,617.6260779167492,239.35432721751613,112038.99300000002,115958.60883080425,108119.37716919578,1958.561017
2025-10-01 00:00:00,114048.94,114551.76,113966.67,114176.92,2042.57116,114176.92,112276.629,111581.405,113343.92521475595,112471.89334472646,872.0318700294883,668.507236339297,74.8754710330849,0.006057236944682002,112276.629,116103.9618983357,108449.2961016643,74.8754710330849,112276.629,111581.405,113343.92521475595,112471.89334472646,872.0318700294883,668.507236339297,203.5246336901913,112276.629,116103.9618983357,108449.2961016643,2031.1486455000002
2025-10-01 04:00:00,114176.93,114740.0,114151.0,114539.02,1996.43364,114539.02,112521.7875,111619.16560000001,113527.78595094735,112625.01383770967,902.7721132376755,715.3602117189728,68.99196044031254,0.006061282341024633,112521.7875,116264.08940355276,108779.48559644725,68.99196044031254,112521.7875,111619.16560000001,113527.78595094735,112625.01383770967,902.7721132376755,715.3602117189728,187.41190151870273,112521.7875,116264.08940355276,108779.48559644725,2108.330639
2025-10-01 08:00:00,114539.02,116795.85,114484.43,116789.58,5217.93036,116789.58,112889.46650000001,111708.1574,114029.60042003237,112933.50022010156,1096.1001999308064,791.5082093613396,80.08478763442488,0.007119129278661626,112889.46650000001,116796.57535679235,108982.35764320767,80.08478763442488,112889.46650000001,111708.1574,114029.60042003237,112933.50022010156,1096.1001999308064,791.5082093613396,304.5919905694668,112889.46650000001,116796.57535679235,108982.35764320767,2328.1197435000004
2025-10-01 12:00:00,116789.57,117649.99,116363.38,117423.73,4518.346,117423.73,113285.0,111794.82940000002,114551.77420156584,113266.10983342737,1285.664368138474,890.3394411167666,81.49719018980657,0.007107520282702614,113285.0,117351.33451470837,109218.66548529163,81.49719018980657,113285.0,111794.82940000002,114551.77420156584,113266.10983342737,1285.664368138474,890.3394411167666,395.32492702170737,113285.0,117351.33451470837,109218.66548529163,2525.5845055
2025-10-01 16:00:00,117423.73,118199.0,116724.56,117439.53,3814.32316,117439.53,113688.52549999999,111884.1002,114996.04432440187,113575.25206798832,1420.7922564135515,996.4300041761237,81.02786826755104,0.007062892342845654,113688.52549999999,117720.2464701033,109656.80452989668,81.02786826755104,113688.52549999999,111884.1002,114996.04432440187,113575.25206798832,1420.7922564135515,996.4300041761237,424.3622522374278,113688.52549999999,117720.2464701033,109656.80452989668,2673.153933
2025-10-01 20:00:00,117439.53,118649.1,117163.25,118594.99,2446.79084,118594.99,114116.37850000002,111998.3562,115549.72827449389,113947.08450739659,1602.6437670972955,1117.6727567603582,79.70687318971184,0.00718104294062805,114116.37850000002,118329.03009656313,109903.72690343691,79.70687318971184,114116.37850000002,111998.3562,115549.72827449389,113947.08450739659,1602.6437670972955,1117.6727567603582,484.9710103369373,114116.37850000002,118329.03009656313,109903.72690343691,2728.0333295
2025-10-02 00:00:00,118594.99,119456.92,118368.05,118733.99,4187.34775,118733.99,114536.198,112139.9302,116039.61469380252,114301.6700994413,1737.9445943612227,1241.7271242805311,78.89082567383724,0.007201358065378108,114536.198,118835.8616285299,110236.5343714701,78.89082567383724,114536.198,112139.9302,116039.61469380252,114301.6700994413,1737.9445943612227,1241.7271242805311,496.21747008069156,114536.198,118835.8616285299,110236.5343714701,2876.61187
2025-10-02 04:00:00,118733.99,118930.29,118279.31,118489.76,1772.36438,118489.76,114852.4885,112269.7494,116416.56012552521,114611.89898096416,1804.661144561047,1354.3139283366345,76.33795393852564,0.00663288776680151,114852.4885,119343.79139546656,110361.18560453346,76.33795393852564,114852.4885,112269.7494,116416.56012552521,114611.89898096416,1804.661144561047,1354.3139283366345,450.3472162244125,114852.4885,119343.79139546656,110361.18560453346,2829.0691835000002
2025-10-02 08:00:00,118489.76,118926.49,118354.61,118765.73,1460.00845,118765.73,115197.89950000001,112411.40220000001,116777.9708754444,114919.5901675594,1858.3807078849932,1455.1272842463063,76.9526740581723,0.006507373999107354,115197.89950000001,119781.01371847097,110614.78528152905,76.9526740581723,115197.89950000001,112411.40220000001,116777.9708754444,114919.5901675594,1858.3807078849932,1455.1272842463063,403.25342363868685,115197.89950000001,119781.01371847097,110614.78528152905,2787.195925
2025-10-02 12:00:00,118765.72,119910.79,118516.39,119910.78,5099.16626,119910.78,115600.14099999999,112557.94699999999,117259.94150999142,115289.30793292538,1970.633577066037,1558.2285428102527,86.06933106635198,0.00662988553190738,115600.14099999999,120360.65482373022,110839.62717626976,86.06933106635198,115600.14099999999,112557.94699999999,117259.94150999142,115289.30793292538,1970.633577066037,1558.2285428102527,412.40503425578436,115600.14099999999,120360.65482373022,110839.62717626976,2950.58623
2025-10-02 16:00:00,119910.78,121022.07,119359.63,120836.49,4869.11141,120836.49,116036.9655,112714.0876,117810.1797392235,115700.21030826424,2109.9694309592596,1668.5767204400543,93.7552153269319,0.006686220390942527,116036.9655,121042.20249038408,111031.72850961593,93.7552153269319,116036.9655,112714.0876,117810.1797392235,115700.21030826424,2109.9694309592596,1668.5767204400543,441.39271051920537,116036.9655,121042.20249038408,111031.72850961593,3087.729703
2025-10-02 20:00:00,120836.49,120914.0,120072.46,120529.35,2282.83678,120529.35,116372.65450000002,112857.7464,118228.51362549681,116057.92435950393,2170.5892659928795,1768.9792295506195,90.57252638540434,0.006243579273838764,116372.65450000002,121644.06828721256,111101.24071278748,90.57252638540434,116372.65450000002,112857.7464,118228.51362549681,116057.92435950393,2170.5892659928795,1768.9792295506195,401.61003644226,116372.65450000002,121644.06828721256,111101.24071278748,2948.631616
2025-10-03 00:00:00,120529.35,120550.9,119820.0,120225.89,2268.65523,120225.89,116670.67149999998,112993.864,118535.80229849729,116366.66255509623,2169.139743401058,1849.011332320707,85.7778054278769,0.006352200178191311,116670.67149999998,122111.71082699063,111229.63217300933,85.7778054278769,116670.67149999998,112993.864,118535.80229849729,116366.66255509623,2169.139743401058,1849.011332320707,320.1284110803508,116670.67149999998,122111.71082699063,111229.63217300933,2926.244115
2025-10-03 04:00:00,120225.88,120324.53,119610.59,119640.21,2293.91523,119640.21,116937.08399999999,113120.5282,118705.71117565155,116609.14755101502,2096.563624636532,1898.521790783872,82.99741510569734,0.0065530341240341225,116937.08399999999,122413.51088177832,111460.65711822166,82.99741510569734,116937.08399999999,113120.5282,118705.71117565155,116609.14755101502,2096.563624636532,1898.521790783872,198.04183385266015,116937.08399999999,122413.51088177832,111460.65711822166,2965.697849
2025-10-03 08:00:00,119640.22,120515.89,119248.3,120334.5,3467.40526,120334.5,117234.9895,113276.29400000001,118956.29407170517,116885.09958427318,2071.194487431989,1933.0563301134955,84.06268669926752,0.006584588952998894,117234.9895,122772.77876223263,111697.20023776736,84.06268669926752,117234.9895,113276.29400000001,118956.29407170517,116885.09958427318,2071.194487431989,1933.0563301134955,138.1381573184933,117234.9895,122772.77876223263,111697.20023776736,3014.349053
2025-10-03 12:00:00,120334.51,122366.0,119881.24,122258.05,4929.42106,122258.05,117662.93050000002,113486.12060000001,119464.25652221206,117283.09591136406,2181.1606108480046,1982.6771862603975,86.41034712100408,0.00691291900773061,117662.93050000002,123370.46280189301,111955.39819810702,86.41034712100408,117662.93050000002,113486.12060000001,119464.25652221206,117283.09591136406,2181.1606108480046,1982.6771862603975,198.48342458760703,117662.93050000002,123370.46280189301,111955.39819810702,3144.4790475
2025-10-03 16:00:00,122258.04,123894.99,121466.25,122660.99,9447.66952,122660.99,118143.22949999999,113712.38040000001,119956.06167264098,117681.4584364482,2274.603236192779,2041.062396246874,83.54159930442168,0.0065580762945130445,118143.22949999999,123834.7664949772,112451.69250502277,83.54159930442168,118143.22949999999,113712.38040000001,119956.06167264098,117681.4584364482,2274.603236192779,2041.062396246874,233.5408399459052,118143.22949999999,123834.7664949772,112451.69250502277,3473.3979375000004
2025-10-03 20:00:00,122661.0,122734.92,121999.33,122232.0,1529.2617,122232.0,118599.52149999999,113925.405,120306.20603069621,118018.5355893039,2287.6704413923144,2090.3840052759624,78.12751907919127,0.006731083519216984,118599.52149999999,124048.83813032373,113150.20486967625,78.12751907919127,118599.52149999999,113925.405,120306.20603069621,118018.5355893039,2287.6704413923144,2090.3840052759624,197.28643611635198,118599.52149999999,124048.83813032373,113150.20486967625,3407.846692
2025-10-04 00:00:00,122232.21,122325.6,121684.97,122243.99,1730.5772,122243.99,118993.72150000001,114183.08480000001,120604.32664135832,118331.53221231843,2272.794429039888,2126.8660900287477,78.11776493364508,0.006560726013275607,118993.72150000001,124290.23765908211,113697.20534091792,78.11776493364508,118993.72150000001,114183.08480000001,120604.32664135832,118331.53221231843,2272.794429039888,2126.8660900287477,145.92833901114045,118993.72150000001,124290.23765908211,113697.20534091792,3367.5811715000004
2025-10-04 04:00:00,122243.99,122800.0,122219.3,122324.08,1516.17531,122324.08,119407.479,114449.6766,120868.90408114935,118627.27649288744,2241.6275882619084,2149.81838967538,74.96682552031365,0.00643839055789933,119407.479,124359.21587008509,114455.74212991493,74.96682552031365,119407.479,114449.6766,120868.90408114935,118627.27649288744,2241.6275882619084,2149.81838967538,91.80919858652851,119407.479,124359.21587008509,114455.74212991493,3344.515535
2025-10-04 08:00:00,122324.08,122539.83,121962.81,121973.26,1268.73633,121973.26,119797.296,114697.5416,121038.80499174175,118875.12712304393,2163.6778686978214,2152.5902854798683,71.08924453541758,0.006577189578550155,119797.296,124213.86538698759,115380.72661301242,71.08924453541758,119797.296,114697.5416,121038.80499174175,118875.12712304393,2163.6778686978214,2152.5902854798683,11.087583217953124,119797.296,124213.86538698759,115380.72661301242,3305.8237934999997
2025-10-04 12:00:00,121973.26,122509.52,121698.88,121791.31,1464.05666,121791.31,120159.9105,114946.96740000001,121154.57499301224,119091.14066948513,2063.434323527108,2134.759093089316,71.67045393383503,0.006665115485479431,120159.9105,123897.36655263869,116422.4544473613,71.67045393383503,120159.9105,114946.96740000001,121154.57499301224,119091.14066948513,2063.434323527108,2134.759093089316,-71.32476956220808,120159.9105,123897.36655263869,116422.4544473613,3279.2049445
2025-10-04 16:00:00,121791.31,121964.95,121510.0,121959.25,1443.23464,121959.25,120418.394,115203.48240000001,121278.37114793343,119303.59321248623,1974.7779354472004,2102.762861560893,71.26291679982953,0.0054109495048373715,120418.394,123879.24162517606,116957.54637482394,71.26291679982953,120418.394,115203.48240000001,121278.37114793343,119303.59321248623,1974.7779354472004,2102.762861560893,-127.98492611369238,120418.394,123879.24162517606,116957.54637482394,3090.4701585
2025-10-04 20:00:00,121959.25,122410.0,121871.01,122391.0,785.38664,122391.0,120666.75749999999,115470.7468,121449.54481748214,119532.29001156133,1917.2548059208057,2065.6612504328755,68.24684019245763,0.005367572635091632,120666.75749999999,123930.02800181118,117403.4869981888,68.24684019245763,120666.75749999999,115470.7468,121449.54481748214,119532.29001156133,1917.2548059208057,2065.6612504328755,-148.4064445120698,120666.75749999999,123930.02800181118,117403.4869981888,2903.8221905
2025-10-05 00:00:00,122390.99,124362.28,122136.0,123776.22,4212.02615,123776.22,120983.59200000002,115762.8272,121807.4948455618,119846.65519589013,1960.8396496716741,2044.6969302806351,70.25776584557748,0.0057241122326347135,120983.59200000002,124156.78617165281,117810.39782834722,70.25776584557748,120983.59200000002,115762.8272,121807.4948455618,119846.65519589013,1960.8396496716741,2044.6969302806351,-83.85728060896099,120983.59200000002,124156.78617165281,117810.39782834722,2923.70734
2025-10-05 04:00:00,123776.23,125708.42,123734.0,124713.63,7342.549203,124713.63,121289.524,116064.23060000001,122254.59256162922,120207.17184804642,2047.4207135828037,2045.2416869410692,76.5295305145268,0.005595266659514154,121289.524,124666.36126637076,117912.68673362925,76.5295305145268,121289.524,116064.23060000001,122254.59256162922,120207.17184804642,2047.4207135828037,2045.2416869410692,2.179026641734481,121289.524,124666.36126637076,117912.68673362925,3168.4952581499997
2025-10-05 08:00:00,124713.63,124838.37,122520.24,123464.64,4455.30964,123464.64,121526.05650000002,116342.448,122440.75370599395,120448.46578522815,1992.287920765797,2034.650933706015,68.33612444390091,0.006258376214103917,121526.05650000002,124810.65581879995,118241.4571812001,68.33612444390091,121526.05650000002,116342.448,122440.75370599395,120448.46578522815,1992.287920765797,2034.650933706015,-42.363012940217914,121526.05650000002,124810.65581879995,118241.4571812001,3181.8933526499995
2025-10-05 12:00:00,123464.64,123464.65,122675.0,122803.17,2233.09004,122803.17,121741.727,116610.2874,122496.51005891796,120622.8883196557,1873.6217392622639,2002.4450948172648,67.75467588746426,0.006411897515014899,121741.727,124740.93610341745,118742.51789658255,67.75467588746426,121741.727,116610.2874,122496.51005891796,120622.8883196557,1873.6217392622639,2002.4450948172648,-128.82335555500094,121741.727,124740.93610341745,118742.51789658255,3204.92963565
2025-10-05 16:00:00,122803.17,123464.0,122301.63,122591.79,2386.1605,122591.79,121933.03,116875.91900000001,122511.16851139213,120768.7328885701,1742.4356228220277,1950.4432004182177,63.397190809176486,0.006458398791274655,121933.03,124603.00238788739,119263.0576121126,63.397190809176486,121933.03,116875.91900000001,122511.16851139213,120768.7328885701,1742.4356228220277,1950.4432004182177,-208.00757759619,121933.03,124603.00238788739,119263.0576121126,3251.23723815
2025-10-05 20:00:00,122591.8,123548.83,122473.62,123482.31,1413.96202,123482.31,122111.6065,117157.5204,122660.57489425487,120969.73860052788,1690.8362937269849,1898.5218190799715,58.28158442310443,0.006323204984557224,122111.6065,124688.20387888805,119535.00912111194,58.28158442310443,122111.6065,117157.5204,122660.57489425487,120969.73860052788,1690.8362937269849,1898.5218190799715,-207.6855253529866,122111.6065,124688.20387888805,119535.00912111194,3066.97702615
2025-10-06 00:00:00,123482.32,124358.46,123084.0,123839.09,3025.28443,123839.09,122261.7365,117445.81820000001,122841.88491052335,121182.28314863693,1659.601761886428,1850.7378076412626,58.01941377479467,0.006162833941498226,122261.7365,124875.14538767873,119648.32761232127,58.01941377479467,122261.7365,117445.81820000001,122841.88491052335,121182.28314863693,1659.601761886428,1850.7378076412626,-191.13604575483464,122261.7365,124875.14538767873,119648.32761232127,2974.78567715
2025-10-06 04:00:00,123839.09,124165.56,123280.49,123390.47,2210.62835,123390.47,122404.79249999998,117720.9106,122926.28261659668,121345.85254503418,1580.4300715624995,1796.67626042551,57.864772645496956,0.006202408098566417,122404.79249999998,124930.68492231902,119878.90007768094,57.864772645496956,122404.79249999998,117720.9106,122926.28261659668,121345.85254503418,1580.4300715624995,1796.67626042551,-216.2461888630105,122404.79249999998,124930.68492231902,119878.90007768094,2971.17525565
2025-10-06 08:00:00,123390.47,124531.66,123390.46,124215.0,2768.21181,124215.0,122604.24799999999,118016.4906,123124.54682942797,121558.38198614276,1566.164843285209,1750.5739769974498,62.05146579565557,0.006253748034752441,122604.24799999999,125033.85549146666,120174.64050853332,62.05146579565557,122604.24799999999,118016.4906,123124.54682942797,121558.38198614276,1566.164843285209,1750.5739769974498,-184.40913371224087,122604.24799999999,125033.85549146666,120174.64050853332,2996.15308465
2025-10-06 12:00:00,124215.0,125408.29,124178.0,125000.0,4567.6948,125000.0,122872.2375,118326.2294,123413.07808643905,121813.3166538359,1599.7614326031617,1720.411468118592,65.06307994028623,0.00613895552452318,122872.2375,125099.19925422281,120645.2757457772,65.06307994028623,122872.2375,118326.2294,123413.07808643905,121813.3166538359,1599.7614326031617,1720.411468118592,-120.65003551543032,122872.2375,125099.19925422281,120645.2757457772,3109.8420631500003
2025-10-06 16:00:00,125000.0,126199.63,124800.0,125410.81,4722.172353,125410.81,123126.053,118647.0652,123720.4214577561,122079.79764244065,1640.6238153154554,1704.4539375579645,69.22057575340764,0.006087033725614008,123126.053,125291.46270564626,120960.64329435374,69.22057575340764,123126.053,118647.0652,123720.4214577561,122079.79764244065,1640.6238153154554,1704.4539375579645,-63.830122242509105,123126.053,125291.46270564626,120960.64329435374,3172.5804178
2025-10-06 20:00:00,125410.8,125534.0,124511.15,124658.54,2200.63705,124658.54,123246.07749999998,118939.4774,123864.7473873321,122270.81559485247,1593.9317924796342,1682.349508542299,65.07055312430023,0.005389971583083468,123246.07749999998,125474.11490653487,121018.0400934651,65.07055312430023,123246.07749999998,118939.4774,123864.7473873321,122270.81559485247,1593.9317924796342,1682.349508542299,-88.4177160626648,123246.07749999998,125474.11490653487,121018.0400934651,3036.1412173
2025-10-07 00:00:00,124658.54,125082.27,124101.26,124329.74,1773.60979,124329.74,123329.51500000001,119219.3202,123936.28471235793,122423.32851375228,1512.9561986056506,1648.4708465549693,62.252430596833655,0.00541938412117071,123329.51500000001,125590.04481477164,121068.98518522839,62.252430596833655,123329.51500000001,119219.3202,123936.28471235793,122423.32851375228,1512.9561986056506,1648.4708465549693,-135.51464794931871,123329.51500000001,125590.04481477164,121068.98518522839,2652.4382308
2025-10-07 04:00:00,124329.74,124654.47,123567.6,123667.99,2455.2259,123667.99,123401.31450000001,119449.401,123895.0086027644,122515.52566088173,1379.4829418826703,1594.6732656205097,56.44713259386788,0.00550824322704609,123401.31450000001,125605.58782543831,121197.0411745617,56.44713259386788,123401.31450000001,119449.401,123895.0086027644,122515.52566088173,1379.4829418826703,1594.6732656205097,-215.19032373783944,123401.31450000001,125605.58782543831,121197.0411745617,2698.7364408000003
2025-10-07 08:00:00,123668.0,124509.6,123322.9,124453.38,2444.73415,124453.38,123511.78399999999,119701.3184,123980.9118946468,122659.07042674233,1321.8414679044654,1540.1069060773011,53.63918948549614,0.005653863028740143,123511.78399999999,125693.17760826102,121330.39039173895,53.63918948549614,123511.78399999999,119701.3184,123980.9118946468,122659.07042674233,1321.8414679044654,1540.1069060773011,-218.26543817283573,123511.78399999999,125693.17760826102,121330.39039173895,2734.4442883
2025-10-07 12:00:00,124453.37,125126.0,121172.89,121846.01,7360.01455,121846.01,123487.8805,119900.9196,123652.46544931651,122598.84372846513,1053.6217208513845,1442.8098690321178,36.934100502292715,0.0074758833667306936,123487.8805,125733.60183686236,121242.15916313764,36.934100502292715,123487.8805,119900.9196,123652.46544931651,122598.84372846513,1053.6217208513845,1442.8098690321178,-389.1881481807334,123487.8805,125733.60183686236,121242.15916313764,3026.6362502999996
2025-10-07 16:00:00,121846.01,122084.14,120574.94,121637.17,5726.896,121637.17,123471.076,120091.66299999999,123342.41999557552,122527.60863746771,814.8113581078069,1317.2101668472558,40.80150762115783,0.007458389920339207,123471.076,125768.94282793411,121173.2091720659,40.80150762115783,123471.076,120091.66299999999,123342.41999557552,122527.60863746771,814.8113581078069,1317.2101668472558,-502.3988087394489,123471.076,125768.94282793411,121173.2091720659,3249.5442338
2025-10-07 20:00:00,121637.18,122292.62,121258.08,121332.95,1873.51346,121332.95,123448.15800000001,120242.01060000001,123033.27076548697,122439.1154050627,594.1553604242799,1172.5992055626607,42.323637153466684,0.007471624210932595,123448.15800000001,125824.3724191532,121071.94358084683,42.323637153466684,123448.15800000001,120242.01060000001,123033.27076548697,122439.1154050627,594.1553604242799,1172.5992055626607,-578.4438451383808,123448.15800000001,125824.3724191532,121071.94358084683,3270.0170738
2025-10-08 00:00:00,121332.96,122229.66,121200.0,121374.75,2406.76826,121374.75,123418.933,120384.19459999999,122778.11372464283,122360.2735232062,417.8402014366293,1021.6474047374544,43.53099386607422,0.007463973457421714,123418.933,125884.93200870811,120952.9339912919,43.53099386607422,123418.933,120384.19459999999,122778.11372464283,122360.2735232062,417.8402014366293,1021.6474047374544,-603.8072033008251,123418.933,125884.93200870811,120952.9339912919,3318.1937548
2025-10-08 04:00:00,121374.76,121910.24,121066.14,121597.06,2670.85944,121597.06,123379.236,120529.89660000001,122596.41315162087,122303.7391881539,292.67396346697933,875.8527164833595,39.2129532676698,0.007428443318559515,123379.236,125938.69834964625,120819.77365035376,39.2129532676698,123379.236,120529.89660000001,122596.41315162087,122303.7391881539,292.67396346697933,875.8527164833595,-583.1787530163801,123379.236,125938.69834964625,120819.77365035376,3412.4673948000004
2025-10-08 08:00:00,121597.05,123200.0,121524.01,122884.14,3408.74044,122884.14,123334.63199999998,120700.0516,122640.67882060229,122346.73184088322,293.9469797190686,759.4715691305013,45.061688174011444,0.007369672200019498,123334.63199999998,125896.056732371,120773.20726762897,45.061688174011444,123334.63199999998,120700.0516,122640.67882060229,122346.73184088322,293.9469797190686,759.4715691305013,-465.52458941143266,123334.63199999998,125896.056732371,120773.20726762897,3372.3031093
2025-10-08 12:00:00,122884.14,123350.0,121649.68,122189.72,3373.3683,122189.72,123208.4365,120869.86140000001,122571.30054050963,122335.10133415113,236.19920635850576,654.8170965761022,43.94453023271764,0.007214327705872305,123208.4365,125732.21566510115,120684.65733489885,43.94453023271764,123208.4365,120869.86140000001,122571.30054050963,122335.10133415113,236.19920635850576,654.8170965761022,-418.6178902175965,123208.4365,125732.21566510115,120684.65733489885,3173.84406415
2025-10-08 16:00:00,122189.72,124197.25,122110.08,123450.0,3795.53021,123450.0,123207.70449999999,121077.7612,122706.48507273891,122417.6864205103,288.79865222860826,581.6134077066034,46.30446922516555,0.007308380426220919,123207.70449999999,125731.17925672079,120684.2297432792,46.30446922516555,123207.70449999999,121077.7612,122706.48507273891,122417.6864205103,288.79865222860826,581.6134077066034,-292.81475547799516,123207.70449999999,125731.17925672079,120684.2297432792,3140.85509265
2025-10-08 20:00:00,123450.01,123737.0,122794.4,123306.0,1357.35135,123306.0,123232.84599999999,121281.75799999999,122798.71813847139,122483.48742639844,315.2307120729529,528.3368685798733,41.27644103512701,0.00720544760229614,123232.84599999999,125749.36050560069,120716.33149439929,41.27644103512701,123232.84599999999,121281.75799999999,122798.71813847139,122483.48742639844,315.2307120729529,528.3368685798733,-213.10615650692046,123232.84599999999,125749.36050560069,120716.33149439929,3097.0681581500003
2025-10-09 00:00:00,123306.01,123348.32,121475.98,122038.01,2319.17839,122038.01,123205.15699999998,121435.3184,122681.6861171681,122450.48909851708,231.19701865101524,468.9088985941017,34.04015702426153,0.007572428727287265,123205.15699999998,125763.21389528135,120647.1001047186,34.04015702426153,123205.15699999998,121435.3184,122681.6861171681,122450.48909851708,231.19701865101524,468.9088985941017,-237.71187994308644,123205.15699999998,125763.21389528135,120647.1001047186,3093.71905265
2025-10-09 04:00:00,122038.01,122264.0,121724.71,121906.1,1451.1479,121906.1,123126.34650000001,121592.46179999999,122562.3651760653,122410.16398010842,152.2011959568772,405.5673580666568,36.163303224561076,0.007366673875646351,123126.34650000001,125744.85853360928,120507.83446639075,36.163303224561076,123126.34650000001,121592.46179999999,122562.3651760653,122410.16398010842,152.2011959568772,405.5673580666568,-253.36616210977962,123126.34650000001,125744.85853360928,120507.83446639075,3095.57834665
2025-10-09 08:00:00,121906.09,122833.02,121145.49,122737.57,2689.44106,122737.57,123071.27049999998,121763.67479999998,122589.31976436295,122434.41627787818,154.9034864847781,355.4345837502811,42.38110869829447,0.007516068298774372,123071.27049999998,125672.9441147044,120469.59688529557,42.38110869829447,123071.27049999998,121763.67479999998,122589.31976436295,122434.41627787818,154.9034864847781,355.4345837502811,-200.53109726550298,123071.27049999998,125672.9441147044,120469.59688529557,3078.78617815
2025-10-09 12:00:00,122737.56,123762.94,120673.99,121147.14,6566.062,121147.14,122959.104,121895.83720000001,122367.44595446097,122339.06247951683,28.383474944144837,290.02436198905383,38.92178517092051,0.00799975978424315,122959.104,125692.91240870554,120225.29559129447,38.92178517092051,122959.104,121895.83720000001,122367.44595446097,122339.06247951683,28.383474944144837,290.02436198905383,-261.640887044909,122959.104,125692.91240870554,120225.29559129447,3296.55786065
2025-10-09 16:00:00,121147.15,121481.9,119651.47,120951.72,6174.05969,120951.72,122795.94000000002,121979.08,122149.64196146697,122236.29636992297,-86.65440845600097,214.68860790004285,33.76988636890337,0.0077992193951260495,122795.94000000002,125602.69804429942,119989.18195570061,33.76988636890337,122795.94000000002,121979.08,122149.64196146697,122236.29636992297,-86.65440845600097,214.68860790004285,-301.3430163560438,122795.94000000002,125602.69804429942,119989.18195570061,3466.85025465
2025-10-09 20:00:00,120951.72,121900.0,120838.0,121662.4,2359.47103,121662.4,122629.06000000001,122063.85339999999,122074.68165970284,122193.78552770645,-119.10386800361448,147.93011271931138,48.967421562617744,0.007776987676050864,122629.06000000001,125276.403640883,119981.71635911702,48.967421562617744,122629.06000000001,122063.85339999999,122074.68165970284,122193.78552770645,-119.10386800361448,147.93011271931138,-267.0339807229259,122629.06000000001,125276.403640883,119981.71635911702,3356.43906615
2025-10-10 00:00:00,121662.41,121874.13,120900.0,121026.01,2094.68145,121026.01,122409.81999999999,122135.58300000001,121913.3475582101,122107.28363676523,-193.93607855513983,79.55687446442113,46.72068166208789,0.007744398525857062,122409.81999999999,124801.04727196445,120018.59272803554,46.72068166208789,122409.81999999999,122135.58300000001,121913.3475582101,122107.28363676523,-193.93607855513983,79.55687446442113,-273.49295301956096,122409.81999999999,124801.04727196445,120018.59272803554,3225.064521
2025-10-10 04:00:00,121026.0,121754.34,120855.41,120932.05,2566.54979,120932.05,122223.4955,122182.3242,121762.37870310085,122020.22929330115,-257.8505902002944,12.075381531478005,47.79922135584217,0.007681372121139127,122223.4955,124452.16390171816,119994.82709828185,47.79922135584217,122223.4955,122182.3242,121762.37870310085,122020.22929330115,-257.8505902002944,12.075381531478005,-269.9259717317724,122223.4955,124452.16390171816,119994.82709828185,3243.360158
2025-10-10 08:00:00,120932.05,121777.07,120916.44,121554.55,1553.83694,121554.55,122084.73599999999,122238.73539999999,121730.40505646996,121985.73453083441,-255.32947436445102,-41.405589647707814,50.927871654398274,0.007816133355943182,122084.73599999999,124096.24037153077,120073.2316284692,50.927871654398274,122084.73599999999,122238.73539999999,121730.40505646996,121985.73453083441,-255.32947436445102,-41.405589647707814,-213.9238847167432,122084.73599999999,124096.24037153077,120073.2316284692,3232.3715155
2025-10-10 12:00:00,121554.55,122550.0,118500.0,119018.98,7767.59253,119018.98,121852.2855,122249.3198,121313.26274008997,121765.9749359578,-452.71219586783263,-123.66691089173283,39.25987952108379,0.008948153531859834,121852.2855,124147.85164497461,119556.71935502539,39.25987952108379,121852.2855,122249.3198,121313.26274008997,121765.9749359578,-452.71219586783263,-123.66691089173283,-329.0452849760998,121852.2855,124147.85164497461,119556.71935502539,3497.989847
2025-10-10 16:00:00,119018.99,119456.28,115952.47,116661.5,8454.54427,116661.5,121462.6915,122207.2352,120597.60693392227,121387.8656814424,-790.258747520129,-256.9852782174121,26.199502772996723,0.009572385722123895,121462.6915,124442.3984958617,118482.98450413831,26.199502772996723,121462.6915,122207.2352,120597.60693392227,121387.8656814424,-790.258747520129,-256.9852782174121,-533.2734693027169,121462.6915,124442.3984958617,118482.98450413831,3798.480353
2025-10-10 20:00:00,116661.5,117214.64,102000.0,112774.5,41734.73429,112774.5,121009.116,122064.5096,119394.05202101116,120749.83859392816,-1355.7865729170007,-476.7455371573299,21.05695145674042,0.01106389140507157,121009.116,125895.11596218761,116123.11603781237,21.05695145674042,121009.116,122064.5096,119394.05202101116,120749.83859392816,-1355.7865729170007,-476.7455371573299,-879.0410357596709,121009.116,125895.11596218761,116123.11603781237,5517.216340000001
2025-10-11 00:00:00,112774.49,113322.39,111019.43,112300.01,11533.52669,112300.01,120542.258,121893.78,118302.6609408556,120123.92536474828,-1821.2644238926878,-745.6493145044017,13.984168524525316,0.011053166611575588,120542.258,126774.46090349207,114310.05509650793,13.984168524525316,120542.258,121893.78,118302.6609408556,120123.92536474828,-1821.2644238926878,-745.6493145044017,-1075.615109388286,120542.258,126774.46090349207,114310.05509650793,5807.5478745
2025-10-11 04:00:00,112300.0,112991.16,110090.29,110384.61,7142.76272,110384.61,119994.84099999999,121690.88519999999,117084.49925764704,119402.49459698916,-2317.9953393421165,-1060.1185194719449,12.548193724424905,0.011427187636906635,119994.84099999999,127686.95573912232,112302.72626087765,12.548193724424905,119994.84099999999,121690.88519999999,117084.49925764704,119402.49459698916,-2317.9953393421165,-1060.1185194719449,-1257.8768198701716,119994.84099999999,127686.95573912232,112302.72626087765,6071.010337500001
2025-10-11 08:00:00,110384.6,112359.67,110162.23,112280.0,5929.13992,112280.0,119540.1035,121531.96740000001,116345.34552570134,118874.9024046196,-2529.556878918258,-1354.0061913612076,22.709584748706376,0.012393183224247279,119540.1035,127932.20363785562,111148.00336214437,22.709584748706376,119540.1035,121531.96740000001,116345.34552570134,118874.9024046196,-2529.556878918258,-1354.0061913612076,-1175.5506875570504,119540.1035,127932.20363785562,111148.00336214437,6247.1289205
2025-10-11 12:00:00,112280.01,112500.0,111793.2,111793.2,3681.24351,111793.2,119049.9105,121375.02720000001,115645.0154448242,118350.33185612925,-2705.316411305059,-1624.268235349978,22.267561309231922,0.012321859571220352,119049.9105,128058.76634987844,110041.05465012156,22.267561309231922,119049.9105,121375.02720000001,115645.0154448242,118350.33185612925,-2705.316411305059,-1624.268235349978,-1081.0481759550808,119049.9105,128058.76634987844,110041.05465012156,6297.648124
2025-10-11 16:00:00,111793.21,112185.53,110865.82,111178.31,3138.91159,111178.31,118464.61899999999,121191.9034,114957.82999177433,117819.07097789746,-2861.240986123128,-1871.6627855046083,17.920172731511244,0.0118264283652964,118464.61899999999,127933.87121814996,108995.36678185003,17.920172731511244,118464.61899999999,121191.9034,114957.82999177433,117819.07097789746,-2861.240986123128,-1871.6627855046083,-989.5782006185198,118464.61899999999,127933.87121814996,108995.36678185003,6284.1566815
2025-10-11 20:00:00,111178.3,111368.29,109561.59,110644.4,4022.93209,110644.4,117887.353,120959.63040000001,114294.22537765521,117287.61386842358,-2993.388490768368,-2096.0079265573604,19.036514409300025,0.01182521185056037,117887.353,127797.81244566271,107976.8935543373,19.036514409300025,117887.353,120959.63040000001,114294.22537765521,117287.61386842358,-2993.388490768368,-2096.0079265573604,-897.3805642110074,117887.353,127797.81244566271,107976.8935543373,6316.634871
2025-10-12 00:00:00,110644.4,111368.14,109565.06,110676.0,4785.58424,110676.0,117248.653,120719.9306,113737.57531955442,116797.86469298479,-3060.2893734303652,-2288.8642159319616,19.410325993119812,0.01134994279612269,117248.653,127295.21352334219,107202.09247665782,19.410325993119812,117248.653,120719.9306,113737.57531955442,116797.86469298479,-3060.2893734303652,-2288.8642159319616,-771.4251574984037,117248.653,127295.21352334219,107202.09247665782,6366.1375725
2025-10-12 04:00:00,110676.0,112125.51,110617.1,111525.2,2731.29761,111525.2,116659.61299999998,120505.7946,113397.2098857768,116407.29693794888,-3010.087052172079,-2433.108783179985,20.069526377388755,0.011689860534324966,116659.61299999998,126591.59903440726,106727.6269655927,20.069526377388755,116659.61299999998,120505.7946,113397.2098857768,116407.29693794888,-3010.087052172079,-2433.108783179985,-576.978268992094,116659.61299999998,126591.59903440726,106727.6269655927,6434.8348855
2025-10-12 08:00:00,111525.19,112133.33,111139.87,111848.36,2810.82095,111848.36,116150.13050000001,120297.882,113158.92528796497,116069.59790550823,-2910.672617543256,-2528.6215500526396,22.391983803963,0.011744359969416354,116150.13050000001,125965.15870947408,106335.10229052595,22.391983803963,116150.13050000001,120297.882,113158.92528796497,116069.59790550823,-2910.672617543256,-2528.6215500526396,-382.05106749061633,116150.13050000001,125965.15870947408,106335.10229052595,6459.4170135
2025-10-12 12:00:00,111848.35,113745.84,111177.75,113198.2,9020.41664,113198.2,115714.7355,120115.36439999999,113164.96755135497,115856.90176435947,-2691.934213004497,-2561.284082643011,28.36955165873013,0.01228855429483401,115714.7355,125222.42249246826,106207.04850753173,28.36955165873013,115714.7355,120115.36439999999,113164.96755135497,115856.90176435947,-2691.934213004497,-2561.284082643011,-130.65013036148594,115714.7355,125222.42249246826,106207.04850753173,6837.880450500001
2025-10-12 16:00:00,113198.2,114700.0,113198.2,114342.28,6635.34892,114342.28,115294.97100000002,119962.7448,113346.0925434542,115744.70755959212,-2398.615016137919,-2528.750269341993,30.40017261985966,0.012456420333491718,115294.97100000002,124220.63968169314,106369.3023183069,30.40017261985966,115294.97100000002,119962.7448,113346.0925434542,115744.70755959212,-2398.615016137919,-2528.750269341993,130.1352532040737,115294.97100000002,124220.63968169314,106369.3023183069,7035.175843499999
2025-10-12 20:00:00,114342.28,115770.0,114217.75,114958.8,6271.83436,114958.8,114985.554,119826.09460000001,113594.2013829228,115686.49218480752,-2092.290801884723,-2441.458375850539,37.681313320096926,0.012395813818526856,114985.554,123475.43984712605,106495.66815287396,37.681313320096926,114985.554,119826.09460000001,113594.2013829228,115686.49218480752,-2092.290801884723,-2441.458375850539,349.16757396581625,114985.554,123475.43984712605,106495.66815287396,7020.4644615
2025-10-13 00:00:00,114958.81,115963.81,114619.45,114821.12,4123.60858,114821.12,114679.024,119683.33200000001,113782.95809324237,115622.39054148844,-1839.4324482460652,-2321.0531903296446,43.547036597578106,0.01239780467867248,114679.024,122691.17210600486,106666.87589399515,43.547036597578106,114679.024,119683.33200000001,113782.95809324237,115622.39054148844,-1839.4324482460652,-2321.0531903296446,481.62074208357944,114679.024,122691.17210600486,106666.87589399515,6917.941906
2025-10-13 04:00:00,114821.13,115554.83,114398.24,115399.67,3437.01313,115399.67,114365.8875,119543.50540000001,114031.68300197432,115605.89272360041,-1574.2097216260881,-2171.684496588933,61.98542484095797,0.012369338335736684,114365.8875,121688.73793713302,107043.03706286698,61.98542484095797,114365.8875,119543.50540000001,114031.68300197432,115605.89272360041,-1574.2097216260881,-2171.684496588933,597.474774962845,114365.8875,121688.73793713302,107043.03706286698,6971.819011000001
2025-10-13 08:00:00,115399.66,115438.17,113616.5,114180.0,4560.86246,114180.0,114023.58700000001,119351.58099999999,114054.50100167058,115500.27104037075,-1445.7700387001678,-2026.5016050111801,58.03641885011915,0.0124869152540302,114023.58700000001,120641.72138163555,107405.45261836448,58.03641885011915,114023.58700000001,119351.58099999999,114054.50100167058,115500.27104037075,-1445.7700387001678,-2026.5016050111801,580.7315663110123,114023.58700000001,120641.72138163555,107405.45261836448,7095.1280615
2025-10-13 12:00:00,114180.0,115530.0,113800.01,114312.1,5538.12887,114312.1,113692.5895,119143.5504,114094.13161679819,115412.25837071367,-1318.1267539154796,-1884.82663479204,69.80901588659376,0.012511130020236304,113692.5895,119463.91206341665,107921.26693658336,69.80901588659376,113692.5895,119143.5504,114094.13161679819,115412.25837071367,-1318.1267539154796,-1884.82663479204,566.6998808765604,113692.5895,119463.91206341665,107921.26693658336,7243.707015499999
2025-10-13 16:00:00,114312.09,115891.3,114215.79,115792.84,3368.92301,115792.84,113404.504,118990.11439999999,114355.47136806,115440.44960251267,-1084.9782344526757,-1724.8569547241673,68.49108408062537,0.012886141157693832,113404.504,117973.38141078575,108835.62658921425,68.49108408062537,113404.504,118990.11439999999,114355.47136806,115440.44960251267,-1084.9782344526757,-1724.8569547241673,639.8787202714916,113404.504,117973.38141078575,108835.62658921425,7334.461319
2025-10-13 20:00:00,115792.84,115868.0,115005.44,115166.0,1528.70428,115166.0,113211.85500000001,118837.371,114480.16808066615,115420.12000232654,-939.9519216603949,-1567.8759481114128,67.49599015643058,0.012160582724254328,113211.85500000001,117050.51700468929,109373.19299531073,67.49599015643058,113211.85500000001,118837.371,114480.16808066615,115420.12000232654,-939.9519216603949,-1567.8759481114128,627.9240264510179,113211.85500000001,117050.51700468929,109373.19299531073,7022.516906500001
2025-10-14 00:00:00,115166.0,115409.96,113279.76,113500.0,3456.84461,113500.0,113053.78,118655.5352,114329.37299133289,115277.8888910431,-948.5158997102117,-1444.0039384311726,60.85927918809267,0.011792108209205019,113053.78,116538.36322622026,109569.19677377974,60.85927918809267,113053.78,118655.5352,114329.37299133289,115277.8888910431,-948.5158997102117,-1444.0039384311726,495.48803872096096,113053.78,116538.36322622026,109569.19677377974,6772.6319235
2025-10-14 04:00:00,113500.0,113691.0,111355.01,111724.41,6286.29915,111724.41,113001.27550000002,118420.3772,113928.60945420475,115014.6682324473,-1086.0587782425428,-1372.4149063934467,54.52585032816305,0.009752673455526323,113001.27550000002,116534.87703430073,109467.6739656993,54.52585032816305,113001.27550000002,118420.3772,113928.60945420475,115014.6682324473,-1086.0587782425428,-1372.4149063934467,286.35612815090394,113001.27550000002,116534.87703430073,109467.6739656993,5000.2101665
2025-10-14 08:00:00,111724.41,112140.0,110012.24,111313.98,5281.83478,111313.98,112951.974,118169.875,113526.35876894247,114740.54317819193,-1214.1844092494575,-1340.768806964649,52.59122368079021,0.009742494531783902,112951.974,116553.63134101879,109350.31665898122,52.59122368079021,112951.974,118169.875,113526.35876894247,114740.54317819193,-1214.1844092494575,-1340.768806964649,126.58439771519147,112951.974,116553.63134101879,109350.31665898122,4687.625571
2025-10-14 12:00:00,111313.98,112943.82,109866.0,112900.43,7186.98731,112900.43,113077.76499999998,117960.0742,113430.06203525902,114604.23849832587,-1174.1764630668476,-1307.4503381850889,55.27002946890818,0.009435061889817247,113077.76499999998,116471.61471511901,109683.91528488096,55.27002946890818,113077.76499999998,117960.0742,113430.06203525902,114604.23849832587,-1174.1764630668476,-1307.4503381850889,133.27387511824122,113077.76499999998,116471.61471511901,109683.91528488096,4689.836800499999
2025-10-14 16:00:00,112900.44,113544.53,111692.31,112613.7,7436.01163,112613.7,113094.45,117728.0482,113304.4678759884,114456.79120215359,-1152.3233261651912,-1276.4249357811095,52.94107700891998,0.008674481193085592,113094.45,116475.0411976384,109713.85880236159,52.94107700891998,113094.45,117728.0482,113304.4678759884,114456.79120215359,-1152.3233261651912,-1276.4249357811095,124.10160961591828,113094.45,116475.0411976384,109713.85880236159,4765.180386
2025-10-14 20:00:00,112613.69,113577.0,112230.46,113028.14,2222.35226,113028.14,113156.197,117488.61099999999,113261.95589506712,114350.96518717924,-1089.009292112125,-1238.9418070473128,49.29586562237596,0.00863977213220023,113156.197,116481.3729472176,109831.0210527824,49.29586562237596,113156.197,117488.61099999999,113261.95589506712,114350.96518717924,-1089.009292112125,-1238.9418070473128,149.93251493518778,113156.197,116481.3729472176,109831.0210527824,4692.2358235
2025-10-15 00:00:00,113028.13,113612.35,111825.93,112024.29,3526.54912,112024.29,113198.49600000001,117220.8806,113071.5457573645,114178.61887701783,-1107.0731196533307,-1212.5680695685164,40.28958769528778,0.008796764803763268,113198.49600000001,116438.15709317966,109958.83490682037,40.28958769528778,113198.49600000001,117220.8806,113071.5457573645,114178.61887701783,-1107.0731196533307,-1212.5680695685164,105.49494991518577,113198.49600000001,116438.15709317966,109958.83490682037,4711.617700000001
2025-10-15 04:00:00,112024.3,112680.0,111746.76,112584.5,3442.20374,112584.5,113295.501,116979.3998,112996.61564084688,114060.53599723872,-1063.9203563918418,-1182.8385269331816,40.00654921847115,0.008763757930845537,113295.501,116322.3476935234,110268.6543064766,40.00654921847115,113295.501,116979.3998,112996.61564084688,114060.53599723872,-1063.9203563918418,-1182.8385269331816,118.9181705413398,113295.501,116322.3476935234,110268.6543064766,4682.5812825
2025-10-15 08:00:00,112584.49,113520.88,111693.26,111905.73,3699.08334,111905.73,113356.9875,116730.91960000001,112828.78708071659,113900.920738184,-1072.133657467406,-1160.6975530400266,38.263674914676464,0.008899974413875375,113356.9875,116204.42847314134,110509.54652685867,38.263674914676464,113356.9875,116730.91960000001,112828.78708071659,113900.920738184,-1072.133657467406,-1160.6975530400266,88.5638955726206,113356.9875,116204.42847314134,110509.54652685867,4628.2562375
2025-10-15 12:00:00,111905.72,112238.41,110400.0,110798.01,6590.50038,110798.01,113320.628,116473.52,112516.35983752942,113671.0754983185,-1154.7156607890793,-1159.501174589837,32.23234184380294,0.009030357470303216,113320.628,116282.81426903862,110358.44173096138,32.23234184380294,113320.628,116473.52,112516.35983752942,113671.0754983185,-1154.7156607890793,-1159.501174589837,4.785513800757826,113320.628,116282.81426903862,110358.44173096138,4821.216375999999
2025-10-15 16:00:00,110798.01,111557.7,110164.0,111267.29,3317.10311,111267.29,113291.57449999999,116209.7982,112324.19524714029,113493.01731325788,-1168.8220661175874,-1161.365352895387,38.06183217683198,0.009060104447919924,113291.57449999999,116325.10092976729,110258.04807023269,38.06183217683198,113291.57449999999,116209.7982,112324.19524714029,113493.01731325788,-1168.8220661175874,-1161.365352895387,-7.456713222200278,113291.57449999999,116325.10092976729,110258.04807023269,4846.530484000001
