timestamp,Open,High,Low,Close,Volume,Adj Close,SMA_20,SMA_50,EMA_12,EMA_26,MACD,MACD_signal,RSI,volatility,BB_middle,BB_upper,BB_lower,rsi,sma_20,sma_50,ema_12,ema_26,macd,macd_signal,macd_histogram,bb_middle,bb_upper,bb_lower,volume_sma
2025-06-17 20:00:00,2528.36,2534.36,2492.07,2509.95,73740.9652,2509.95,,,2509.95,2509.95,0.0,0.0,,,,,,,,,2509.95,2509.95,0.0,0.0,0.0,,,,
2025-06-18 00:00:00,2509.95,2536.82,2504.55,2527.95,53251.4578,2527.95,,,2519.7,2519.296153846154,0.4038461538457341,0.22435897435874114,,,,,,,,,2519.7,2519.296153846154,0.4038461538457341,0.22435897435874114,0.17948717948699294,,,,
2025-06-18 04:00:00,2527.96,2546.91,2517.82,2533.55,43397.4947,2533.55,,,2525.1056581986145,2524.417422375555,0.6882358230595855,0.4144724369410544,,,,,,,,,2525.1056581986145,2524.417422375555,0.6882358230595855,0.4144724369410544,0.2737633861185311,,,,
2025-06-18 08:00:00,2533.54,2548.42,2488.27,2513.86,74243.8829,2513.86,,,2521.555843390805,2521.4660284342694,0.08981495653551974,0.3044936156654668,,,,,,,,,2521.555843390805,2521.4660284342694,0.08981495653551974,0.3044936156654668,-0.21467865912994705,,,,
2025-06-18 12:00:00,2513.86,2538.7,2465.78,2508.96,143304.8759,2508.96,,,2518.1335977587737,2518.5658288580107,-0.43223109923701486,0.08533466906192042,,,,,,,,,2518.1335977587737,2518.5658288580107,-0.43223109923701486,0.08533466906192042,-0.5175657682989353,,,,
2025-06-18 16:00:00,2508.96,2519.37,2467.12,2492.42,125864.4019,2492.42,,,2511.8838407160406,2513.329027869401,-1.4451871533606209,-0.3295218401817643,,,,,,,,,2511.8838407160406,2513.329027869401,-1.4451871533606209,-0.3295218401817643,-1.1156653131788565,,,,
2025-06-18 20:00:00,2492.42,2537.48,2482.7,2525.0,64470.0686,2525.0,,,2514.8106657703165,2515.4046497621125,-0.5939839917959944,-0.3964501555471186,,,,,,,,,2514.8106657703165,2515.4046497621125,-0.5939839917959944,-0.3964501555471186,-0.19753383624887577,,,,
2025-06-19 00:00:00,2525.0,2546.91,2506.2,2525.43,50666.9692,2525.43,,,2517.026757147126,2517.0199820968305,0.0067750502953458636,-0.29954755593149784,,,,,,,,,2517.026757147126,2517.0199820968305,0.0067750502953458636,-0.29954755593149784,0.3063226062268437,,,,
2025-06-19 04:00:00,2525.44,2531.23,2514.44,2518.99,25325.6687,2518.99,,,2517.4151564610765,2517.3119819977587,0.10317446331782776,-0.20651677157066364,,,,,,,,,2517.4151564610765,2517.3119819977587,0.10317446331782776,-0.20651677157066364,0.3096912348884914,,,,
2025-06-19 08:00:00,2518.99,2544.81,2518.99,2531.83,42387.306,2531.83,,,2520.1467637094543,2519.3153271827296,0.8314365267247013,0.026045020353774793,,,,,,,,,2520.1467637094543,2519.3153271827296,0.8314365267247013,0.026045020353774793,0.8053915063709265,,,,
2025-06-19 12:00:00,2531.82,2536.83,2490.0,2492.97,55400.4016,2492.97,,,2515.1740712286805,2515.8983299009183,-0.7242586722377382,-0.13811714039791154,,,,,,,,,2515.1740712286805,2515.8983299009183,-0.7242586722377382,-0.13811714039791154,-0.5861415318398266,,,,
2025-06-19 16:00:00,2492.97,2523.0,2485.03,2504.87,39512.2462,2504.87,,,2513.3420411910397,2514.543325805686,-1.2012846146462834,-0.36644092634419706,,,,,,,,,2513.3420411910397,2514.543325805686,-1.2012846146462834,-0.36644092634419706,-0.8348436883020864,,,,
2025-06-19 20:00:00,2504.87,2532.0,2502.99,2521.12,39353.4673,2521.12,,,2514.692590320909,2515.3137820012917,-0.621191680382708,-0.4203550367145704,,,,,,,,,2514.692590320909,2515.3137820012917,-0.621191680382708,-0.4203550367145704,-0.20083664366813758,,,,
2025-06-20 00:00:00,2521.13,2531.49,2512.45,2517.19,31393.7018,2517.19,,,2515.1178194514423,2515.524503610979,-0.4066841595367805,-0.41749507900892,51.92594168972128,,,,,51.92594168972128,,,2515.1178194514423,2515.524503610979,-0.4066841595367805,-0.41749507900892,0.010810919472139524,,,,
2025-06-20 04:00:00,2517.2,2550.44,2503.64,2549.64,51587.8045,2549.64,,,2520.9008756924322,2519.2149646465305,1.6859110459017757,0.01852732030991834,59.003674969375254,,,,,59.003674969375254,,,2520.9008756924322,2519.2149646465305,1.6859110459017757,0.01852732030991834,1.6673837255918573,,,,
2025-06-20 08:00:00,2549.64,2569.0,2541.03,2549.65,67594.7504,2549.65,,,2525.6518951583066,2522.398719362351,3.2531757959554852,0.6841938628961849,55.36014227843104,,,,,55.36014227843104,,,2525.6518951583066,2522.398719362351,3.2531757959554852,0.6841938628961849,2.5689819330593004,,,,
2025-06-20 12:00:00,2549.64,2559.55,2487.56,2493.78,121310.6626,2493.78,,,2520.444241528537,2519.4936694235403,0.9505721049968088,0.73869680854488,42.13067394831612,,,,,42.13067394831612,,,2520.444241528537,2519.4936694235403,0.9505721049968088,0.73869680854488,0.21187529645192882,,,,
2025-06-20 16:00:00,2493.78,2496.2,2367.36,2414.85,287925.9928,2414.85,,,2503.3540142232914,2509.1550593766283,-5.801045153336872,-0.593245727466917,34.12945212066809,,,,,34.12945212066809,,,2503.3540142232914,2509.1550593766283,-5.801045153336872,-0.593245727466917,-5.207799425869956,,,,
2025-06-20 20:00:00,2414.84,2437.6,2381.96,2406.49,72214.9114,2406.49,,,2487.801210306324,2499.256662100418,-11.455451794094188,-2.797452914118617,33.755033450648384,,,,,33.755033450648384,,,2487.801210306324,2499.256662100418,-11.455451794094188,-2.797452914118617,-8.65799887997557,,,,
2025-06-21 00:00:00,2406.49,2432.11,2395.99,2425.59,40790.6059,2425.59,2503.2045,,2477.879022868699,2492.3093359415698,-14.430313072870831,-5.151161356658852,39.49048592546001,,2503.2045,2585.3979074638974,2421.0110925361023,39.49048592546001,2503.2045,,2477.879022868699,2492.3093359415698,-14.430313072870831,-5.151161356658852,-9.27915171621198,2503.2045,2585.3979074638974,2421.0110925361023,75186.88177
2025-06-21 04:00:00,2425.59,2428.41,2419.0,2426.85,20369.1082,2426.85,2499.0495,,2469.785995951121,2486.2584537085822,-16.472457757461143,-7.43649915758716,32.878624010047815,0.011099924745561223,2499.0495,2587.936263557852,2410.1627364421483,32.878624010047815,2499.0495,,2469.785995951121,2486.2584537085822,-16.472457757461143,-7.43649915758716,-9.035958599873982,2499.0495,2587.936263557852,2410.1627364421483,72518.28891999999
2025-06-21 08:00:00,2426.85,2448.8,2423.51,2442.75,51774.242,2442.75,2494.7895,,2465.5184528144073,2482.3091724973033,-16.790719682895997,-9.321250271223281,36.31578947368427,0.011074918234388397,2494.7895,2585.98104196121,2403.59795803879,36.31578947368427,2494.7895,,2465.5184528144073,2482.3091724973033,-16.790719682895997,-9.321250271223281,-7.469469411672716,2494.7895,2585.98104196121,2403.59795803879,72444.42813
2025-06-21 12:00:00,2442.75,2445.2,2412.29,2423.59,49701.538,2423.59,2489.2915000000003,,2458.9265555749253,2477.0667373279225,-18.14018175299725,-11.095509948115653,34.84848484848493,0.011118278443796903,2489.2915000000003,2583.8407850094036,2394.742214990597,34.84848484848493,2489.2915000000003,,2458.9265555749253,2477.0667373279225,-18.14018175299725,-11.095509948115653,-7.044671804881597,2489.2915000000003,2583.8407850094036,2394.742214990597,72759.630295
2025-06-21 16:00:00,2423.59,2428.23,2382.25,2384.76,59605.916,2384.76,2482.8365000000003,,2447.305437958993,2468.9490468152558,-21.643608856262745,-13.215139396809688,28.4234617528829,0.011484567671031915,2482.8365000000003,2587.4187038348177,2378.254296165183,28.4234617528829,2482.8365000000003,,2447.305437958993,2468.9490468152558,-21.643608856262745,-13.215139396809688,-8.428469459453057,2482.8365000000003,2587.4187038348177,2378.254296165183,72027.73195
2025-06-21 20:00:00,2384.76,2409.42,2216.0,2295.73,274542.4539,2295.73,2472.175,,2423.622502147469,2453.924094209516,-30.301592062047348,-16.64538904663659,24.77620338636254,0.013863112068578874,2472.175,2605.1616482415666,2339.188351758434,24.77620338636254,2472.175,,2423.622502147469,2453.924094209516,-30.301592062047348,-16.64538904663659,-13.656203015410757,2472.175,2605.1616482415666,2339.188351758434,78589.61085
2025-06-22 00:00:00,2295.72,2314.48,2246.25,2264.58,166578.0486,2264.58,2460.783,,2398.8323462628227,2437.7058737356547,-38.87352747283194,-21.10449354828667,20.71277088462574,0.014009797587716649,2460.783,2622.4168628017355,2299.1491371982643,20.71277088462574,2460.783,,2398.8323462628227,2437.7058737356547,-38.87352747283194,-21.10449354828667,-17.76903392454527,2460.783,2622.4168628017355,2299.1491371982643,80625.293185
2025-06-22 04:00:00,2264.58,2298.22,2261.93,2270.68,57009.1072,2270.68,2448.067,,2378.8974483995958,2423.56309765183,-44.66564925223429,-25.828145779366253,18.70125974805042,0.013500345616841297,2448.067,2627.4680772836273,2268.6659227163727,18.70125974805042,2448.067,,2378.8974483995958,2423.56309765183,-44.66564925223429,-25.828145779366253,-18.837503472868036,2448.067,2627.4680772836273,2268.6659227163727,80252.24511500001
2025-06-22 08:00:00,2270.69,2280.0,2236.05,2273.0,72607.0,2273.0,2435.4455,,2362.4525611643903,2410.9480143627434,-48.49545319835306,-30.370393247553007,19.359048359976953,0.013519520721712218,2435.4455,2627.0343808415164,2243.856619158483,19.359048359976953,2435.4455,,2362.4525611643903,2410.9480143627434,-48.49545319835306,-30.370393247553007,-18.125059950800054,2435.4455,2627.0343808415164,2243.856619158483,81349.246655
2025-06-22 12:00:00,2273.0,2287.0,2156.21,2174.91,292034.3633,2174.91,2418.2415,,2333.3709577561826,2391.3615504183986,-57.99059266221593,-35.90299441612055,9.629182736851263,0.01593870380220456,2418.2415,2637.9707268871407,2198.5122731128595,9.629182736851263,2418.2415,,2333.3709577561826,2391.3615504183986,-57.99059266221593,-35.90299441612055,-22.087598246095382,2418.2415,2637.9707268871407,2198.5122731128595,94684.681385
2025-06-22 16:00:00,2174.9,2219.95,2170.8,2183.78,89014.7447,2183.78,2400.839,,2310.202661356007,2374.2884612126422,-64.08579985663528,-41.546541877589654,11.322071167304571,0.015898926602953663,2400.839,2637.191698081756,2164.486301918244,11.322071167304571,2400.839,,2310.202661356007,2374.2884612126422,-64.08579985663528,-41.546541877589654,-22.539257979045622,2400.839,2637.191698081756,2164.486301918244,97016.05332
2025-06-22 20:00:00,2183.79,2237.23,2111.89,2227.7,162912.5657,2227.7,2387.5755,,2297.438009548442,2362.329654541873,-64.89164499343087,-46.22019105871861,21.142249793935193,0.016893768818414142,2387.5755,2631.8005573354944,2143.3504426645054,21.142249793935193,2387.5755,,2297.438009548442,2362.329654541873,-64.89164499343087,-46.22019105871861,-18.67145393471226,2387.5755,2631.8005573354944,2143.3504426645054,102391.661525
2025-06-23 00:00:00,2227.7,2260.42,2222.3,2234.68,68795.3555,2234.68,2374.066,,2287.7366706558796,2351.993482229083,-64.25681157320332,-49.830375444367675,26.846068830801684,0.016845329415904702,2374.066,2620.850297837092,2127.2817021629075,26.846068830801684,2374.066,,2287.7366706558796,2351.993482229083,-64.25681157320332,-49.830375444367675,-14.426436128835647,2374.066,2620.850297837092,2127.2817021629075,103855.81698999999
2025-06-23 04:00:00,2234.67,2275.67,2227.89,2258.88,70994.6973,2258.88,2360.9539999999997,,2283.2791976030817,2344.5054656270686,-61.226268023986904,-52.11099947750376,31.772492652688328,0.0170355831989789,2360.9539999999997,2602.654672071881,2119.2533279281183,31.772492652688328,2360.9539999999997,,2283.2791976030817,2344.5054656270686,-61.226268023986904,-52.11099947750376,-9.115268546483144,2360.9539999999997,2602.654672071881,2119.2533279281183,105437.87849
2025-06-23 08:00:00,2258.87,2274.7,2238.68,2253.37,49645.3616,2253.37,2347.763,,2278.6620190387084,2337.2227200126695,-58.56070097396105,-53.401594186058,27.994991311458662,0.01702644211519364,2347.763,2582.2505040638716,2113.275495936128,27.994991311458662,2347.763,,2278.6620190387084,2337.2227200126695,-58.56070097396105,-53.401594186058,-5.159106787903049,2347.763,2582.2505040638716,2113.275495936128,106350.46148000001
2025-06-23 12:00:00,2253.38,2313.53,2232.45,2248.54,136331.6908,2248.54,2332.708,,2274.0144360421386,2330.1771025245143,-56.1626664823757,-53.954032741022594,27.422826609942064,0.016501042121581634,2332.708,2550.7054265999705,2114.7105734000297,27.422826609942064,2332.708,,2274.0144360421386,2330.1771025245143,-56.1626664823757,-53.954032741022594,-2.208633741353104,2332.708,2550.7054265999705,2114.7105734000297,110587.655795
2025-06-23 16:00:00,2248.53,2325.16,2188.0,2312.77,220903.2916,2312.77,2320.864,,2279.9914408123836,2328.801543736017,-48.81010292363317,-52.92491280903284,35.33685303009794,0.018207703787986185,2320.864,2513.4976890686817,2128.2303109313184,35.33685303009794,2320.864,,2279.9914408123836,2328.801543736017,-48.81010292363317,-52.92491280903284,4.114809885399673,2320.864,2513.4976890686817,2128.2303109313184,118253.08285500002
2025-06-23 20:00:00,2312.77,2438.68,2303.79,2411.66,197913.4035,2411.66,2316.7580000000003,,2300.2901271379355,2335.3170112305957,-35.02688409266011,-49.34437750564792,48.85935557892722,0.02057891859125766,2316.7580000000003,2496.9733928351734,2136.542607164827,48.85935557892722,2316.7580000000003,,2300.2901271379355,2335.3170112305957,-35.02688409266011,-49.34437750564792,14.317493412987808,2316.7580000000003,2496.9733928351734,2136.542607164827,122083.2199
2025-06-24 00:00:00,2411.66,2418.09,2389.31,2398.51,77312.5382,2398.51,2315.941,,2315.4273692151805,2340.263555712196,-24.83618649701566,-44.44172106201544,51.3825487159893,0.01935412060417373,2315.941,2494.423811426579,2137.4581885734206,51.3825487159893,2315.941,,2315.4273692151805,2340.263555712196,-24.83618649701566,-44.44172106201544,19.60553456499978,2315.941,2494.423811426579,2137.4581885734206,111552.54717
2025-06-24 04:00:00,2398.51,2434.82,2391.2,2393.31,82496.9021,2393.31,2315.282,,2327.4270827168853,2344.3984832976985,-16.971400580813224,-38.946743956099326,61.80098684210524,0.019344665971300887,2315.282,2492.4495962531078,2138.1144037468925,61.80098684210524,2315.282,,2327.4270827168853,2344.3984832976985,-16.971400580813224,-38.946743956099326,21.9753433752861,2315.282,2492.4495962531078,2138.1144037468925,112066.646705
2025-06-24 08:00:00,2393.31,2449.14,2376.11,2409.44,111376.6709,2409.44,2314.4745000000003,,2340.0602848195776,2349.44884634853,-9.388561528952323,-33.03432157493473,68.17930826765723,0.01932033609111869,2314.4745000000003,2489.661335299072,2139.2876647009284,68.17930826765723,2314.4745000000003,,2340.0602848195776,2349.44884634853,-9.388561528952323,-33.03432157493473,23.645760045982406,2314.4745000000003,2489.661335299072,2139.2876647009284,115595.949955
2025-06-24 12:00:00,2409.44,2454.73,2402.89,2438.1,105117.6792,2438.1,2315.037,,2355.1593272135096,2356.307941577321,-1.148614363811248,-26.656501926595748,69.88455508575228,0.019507801932510747,2315.037,2491.8081649622304,2138.265835037769,69.88455508575228,2315.037,,2355.1593272135096,2356.307941577321,-1.148614363811248,-26.656501926595748,25.5078875627845,2315.037,2491.8081649622304,2138.265835037769,119833.378505
2025-06-24 16:00:00,2438.11,2482.04,2417.22,2434.24,105632.5355,2434.24,2314.6115,,2367.3365094983965,2362.317862814752,5.01864668364442,-20.320933233970088,69.08075357379528,0.019457807420993276,2314.6115,2490.124784220579,2139.098215779421,69.08075357379528,2314.6115,,2367.3365094983965,2362.317862814752,5.01864668364442,-20.320933233970088,25.339579917614508,2314.6115,2490.124784220579,2139.098215779421,122526.29318
2025-06-24 20:00:00,2434.23,2450.41,2430.7,2448.45,34824.3362,2448.45,2315.8545,,2379.8249885287873,2368.9399995568906,10.884988971896746,-14.079324010884758,90.38802267895105,0.019407748419879082,2315.8545,2494.933351256555,2136.775648743445,90.38802267895105,2315.8545,,2379.8249885287873,2368.9399995568906,10.884988971896746,-14.079324010884758,24.964312982781504,2315.8545,2494.933351256555,2136.775648743445,121782.43309000002
2025-06-25 00:00:00,2448.46,2468.69,2436.62,2444.38,42639.6986,2444.38,2318.8355,,2389.7629123645847,2374.7238387914867,15.039073573097994,-8.255327405552238,89.03067337646779,0.019018685010172107,2318.8355,2504.603875924653,2133.0671240753472,89.03067337646779,2318.8355,,2389.7629123645847,2374.7238387914867,15.039073573097994,-8.255327405552238,23.29440097865023,2318.8355,2504.603875924653,2133.0671240753472,120934.12221999999
2025-06-25 04:00:00,2444.38,2450.66,2424.21,2444.54,44534.8769,2444.54,2326.2760000000003,,2398.194739529834,2380.062660244902,18.132079284931933,-2.9776161907111987,87.37589630446777,0.016707255077863515,2326.2760000000003,2519.902070167269,2132.6499298327317,87.37589630446777,2326.2760000000003,,2398.194739529834,2380.062660244902,18.132079284931933,-2.9776161907111987,21.109695475643132,2326.2760000000003,2519.902070167269,2132.6499298327317,109433.74337
2025-06-25 08:00:00,2444.55,2448.47,2407.63,2428.95,83084.6157,2428.95,2334.4945,,2402.9284951474983,2383.7921264001266,19.136368747371762,1.4453349142579202,82.52033881281595,0.01640017561937983,2334.4945,2531.0261047946406,2137.962895205359,82.52033881281595,2334.4945,,2402.9284951474983,2383.7921264001266,19.136368747371762,1.4453349142579202,17.691033833113842,2334.4945,2531.0261047946406,2137.962895205359,105259.071725
2025-06-25 12:00:00,2428.96,2446.59,2389.69,2405.68,141883.7007,2405.68,2341.2445,,2403.3519683815643,2385.4581987538454,17.89376962771894,4.7351135625943686,74.65072541644275,0.016664859997846067,2341.2445,2537.8210020465085,2144.667997953491,74.65072541644275,2341.2445,,2403.3519683815643,2385.4581987538454,17.89376962771894,4.7351135625943686,13.158656065124571,2341.2445,2537.8210020465085,2144.667997953491,109502.8014
2025-06-25 16:00:00,2405.69,2440.0,2401.37,2432.79,61107.3493,2432.79,2349.234,,2407.8823881084827,2389.0536742773934,18.828713831089317,7.553896477252907,78.09055611222449,0.016757343084753663,2349.234,2547.116288284831,2151.3517117151687,78.09055611222449,2349.234,,2407.8823881084827,2389.0536742773934,18.828713831089317,7.553896477252907,11.27481735383641,2349.234,2547.116288284831,2151.3517117151687,108927.818865
2025-06-25 20:00:00,2432.79,2454.98,2408.02,2418.49,41644.4975,2418.49,2361.4129999999996,,2409.514783222671,2391.2855357605267,18.229247462144485,9.689004765835955,75.8416202901195,0.012925917043075394,2361.4129999999996,2543.470611367504,2179.3553886324953,75.8416202901195,2361.4129999999996,,2409.514783222671,2391.2855357605267,18.229247462144485,9.689004765835955,8.54024269630853,2361.4129999999996,2543.470611367504,2179.3553886324953,96408.325575
2025-06-26 00:00:00,2418.5,2520.92,2416.99,2488.78,136035.3947,2488.78,2376.6629999999996,2414.7596,2421.7123076229527,2398.6646803548506,23.047627268102133,12.360767398959725,76.27877810624385,0.013957674891046464,2376.6629999999996,2546.775189494862,2206.550810505137,76.27877810624385,2376.6629999999996,2414.7596,2421.7123076229527,2398.6646803548506,23.047627268102133,12.360767398959725,10.686859869142408,2376.6629999999996,2546.775189494862,2206.550810505137,98759.358075
2025-06-26 04:00:00,2488.79,2500.56,2467.14,2489.89,52296.5835,2489.89,2389.7725,2414.3584,2432.203276191746,2405.558202515167,26.64507367657916,15.217661274445149,66.49656277677028,0.013648623818369602,2389.7725,2551.766290767942,2227.778709232058,66.49656277677028,2389.7725,2414.3584,2432.203276191746,2405.558202515167,26.64507367657916,15.217661274445149,11.42741240213401,2389.7725,2551.766290767942,2227.778709232058,93228.558965
2025-06-26 08:00:00,2489.88,2500.4,2440.0,2450.36,65119.1136,2450.36,2400.5564999999997,2412.8066,2434.997089904101,2408.938647074283,26.058442829817977,17.38583739047561,59.8390830771566,0.014471374679755032,2400.5564999999997,2547.0529254315093,2254.06007456849,59.8390830771566,2400.5564999999997,2412.8066,2434.997089904101,2408.938647074283,26.058442829817977,17.38583739047561,8.672605439342366,2400.5564999999997,2547.0529254315093,2254.06007456849,93044.74687
2025-06-26 12:00:00,2450.35,2459.49,2409.51,2433.03,111170.2777,2433.03,2409.264,2410.7961999999998,2434.694417457857,2410.7539160314163,23.940501426440733,18.69677977739086,57.20557289021121,0.014626117543434417,2409.264,2540.1770680461755,2278.350931953825,57.20557289021121,2409.264,2410.7961999999998,2434.694417457857,2410.7539160314163,23.940501426440733,18.69677977739086,5.243721649049874,2409.264,2540.1770680461755,2278.350931953825,95053.52589
2025-06-26 16:00:00,2433.04,2442.91,2418.2,2435.87,40389.0057,2435.87,2418.389,2409.2364000000002,2434.8752981708003,2412.6439874018843,22.231310768916046,19.40369010829832,55.037548126405646,0.01456699392151489,2418.389,2527.110010974732,2309.667989025268,55.037548126405646,2418.389,2409.2364000000002,2434.8752981708003,2412.6439874018843,22.231310768916046,19.40369010829832,2.8276206606177254,2418.389,2527.110010974732,2309.667989025268,94590.708095
2025-06-26 20:00:00,2435.86,2457.32,2394.32,2415.96,58693.6509,2415.96,2426.7599999999998,2407.3763999999996,2431.9649546814917,2412.893234760703,19.071719920788837,19.337295760282988,45.63451376291507,0.01476196174208978,2426.7599999999998,2500.6047460982513,2352.915253901748,45.63451376291507,2426.7599999999998,2407.3763999999996,2431.9649546814917,2412.893234760703,19.071719920788837,19.337295760282988,-0.26557583949415076,2426.7599999999998,2500.6047460982513,2352.915253901748,90708.8061
2025-06-27 00:00:00,2415.96,2448.84,2382.53,2446.97,77786.3549,2446.97,2433.4700000000003,2406.4674,2434.273622959228,2415.4518166759162,18.821806283311616,19.234197479152247,52.26730310262531,0.013751889965834267,2433.4700000000003,2484.596701232789,2382.3432987672113,52.26730310262531,2433.4700000000003,2406.4674,2434.273622959228,2415.4518166759162,18.821806283311616,19.234197479152247,-0.41239119584063033,2433.4700000000003,2484.596701232789,2382.3432987672113,83552.959265
2025-06-27 04:00:00,2446.98,2459.53,2434.63,2442.31,73097.8158,2442.31,2435.0024999999996,2404.8136,2435.510079187433,2417.4663743087235,18.043704878709377,18.99609824639568,48.86791061287707,0.010075947285833827,2435.0024999999996,2485.205690032837,2384.799309967162,48.86791061287707,2435.0024999999996,2404.8136,2435.510079187433,2417.4663743087235,18.043704878709377,18.99609824639568,-0.9523933676863017,2435.0024999999996,2485.205690032837,2384.799309967162,77312.17988
2025-06-27 08:00:00,2442.3,2463.54,2435.25,2447.25,65938.1952,2447.25,2437.4394999999995,2403.25,2437.316332753465,2419.698278547575,17.618054205890076,18.720488778340993,50.52747656680756,0.00997464095613115,2437.4394999999995,2484.837547250466,2390.041452749533,50.52747656680756,2437.4394999999995,2403.25,2437.316332753465,2419.698278547575,17.618054205890076,18.720488778340993,-1.1024345724509175,2437.4394999999995,2484.837547250466,2390.041452749533,76743.46273
2025-06-27 12:00:00,2447.25,2456.92,2414.15,2438.25,67273.5894,2438.25,2439.6865,2401.6351999999997,2437.4599813986147,2421.087295281566,16.372686117048488,18.25092734658149,48.880344618889964,0.010005962252454526,2439.6865,2482.294862547121,2397.0781374528788,48.880344618889964,2439.6865,2401.6351999999997,2437.4599813986147,2421.087295281566,16.372686117048488,18.25092734658149,-1.8782412295330033,2439.6865,2482.294862547121,2397.0781374528788,75982.297095
2025-06-27 16:00:00,2438.26,2449.44,2388.29,2412.67,58701.6025,2412.67,2439.848,2399.252,2433.645968929224,2420.4575728807436,13.188396048480627,17.23841953529761,47.20159515951599,0.010223191980335146,2439.848,2481.9956440497795,2397.7003559502205,47.20159515951599,2439.848,2399.252,2433.645968929224,2420.4575728807436,13.188396048480627,17.23841953529761,-4.050023486816983,2439.848,2481.9956440497795,2397.7003559502205,73348.543675
2025-06-27 20:00:00,2412.67,2429.47,2411.54,2423.17,38677.2082,2423.17,2439.1014999999998,2397.8559999999998,2432.0342209084665,2420.6603476432765,11.373873265190014,16.06550884329177,53.14443925065627,0.009899815651012393,2439.1014999999998,2481.903291538987,2396.2997084610124,53.14443925065627,2439.1014999999998,2397.8559999999998,2432.0342209084665,2420.6603476432765,11.373873265190014,16.06550884329177,-4.6916355781017565,2439.1014999999998,2481.903291538987,2396.2997084610124,70026.52012500001
2025-06-28 00:00:00,2423.17,2423.91,2405.81,2420.93,22573.1079,2420.93,2438.436,2396.1772,2430.3258249743167,2420.680492457119,9.645332517197858,14.781472318693629,47.658347812351884,0.009896279684254843,2438.436,2481.9638008681877,2394.9081991318126,47.658347812351884,2438.436,2396.1772,2430.3258249743167,2420.680492457119,9.645332517197858,14.781472318693629,-5.136139801495771,2438.436,2481.9638008681877,2394.9081991318126,65873.54874500001
2025-06-28 04:00:00,2420.93,2433.86,2417.86,2431.76,25863.0167,2431.76,2437.6015,2394.39,2430.5464732153287,2421.507681694153,9.038791521175881,13.632935258004581,52.65644392841424,0.00985689954153327,2437.6015,2480.9605659614826,2394.242434038518,52.65644392841424,2437.6015,2394.39,2430.5464732153287,2421.507681694153,9.038791521175881,13.632935258004581,-4.5941437368287,2437.6015,2480.9605659614826,2394.242434038518,65425.48277
2025-06-28 08:00:00,2431.77,2432.44,2419.65,2427.42,35720.7253,2427.42,2436.7535,2392.5946,2430.0654663987875,2421.948833540576,8.116632858211688,12.52967408551774,33.30975954738321,0.009857830666002532,2436.7535,2480.217638042632,2393.2893619573674,33.30975954738321,2436.7535,2392.5946,2430.0654663987875,2421.948833540576,8.116632858211688,12.52967408551774,-4.413041227306053,2436.7535,2480.217638042632,2393.2893619573674,65079.53410499999
2025-06-28 12:00:00,2427.42,2443.0,2420.0,2436.09,23960.841,2436.09,2436.3309999999997,2390.3236,2430.992335555078,2423.003415557142,7.9889199979361365,11.621522811956785,35.94419479569447,0.009895818607441534,2436.3309999999997,2479.640447565405,2393.0215524345945,35.94419479569447,2436.3309999999997,2390.3236,2430.992335555078,2423.003415557142,7.9889199979361365,11.621522811956785,-3.6326028140206486,2436.3309999999997,2479.640447565405,2393.0215524345945,64050.83230999999
2025-06-28 16:00:00,2436.1,2447.8,2431.64,2433.22,33334.2293,2433.22,2436.5445,2387.995,2431.3350587415425,2423.7649389025937,7.570119838948813,10.811241891837382,44.46096173733186,0.00979070840361382,2436.5445,2479.742700973744,2393.346299026256,44.46096173733186,2436.5445,2387.995,2431.3350587415425,2423.7649389025937,7.570119838948813,10.811241891837382,-3.241122052888569,2436.5445,2479.742700973744,2393.346299026256,61563.31298999999
2025-06-28 20:00:00,2433.21,2442.21,2427.44,2435.62,14363.0657,2435.62,2438.0415000000003,2386.8318,2431.994289554804,2424.6481812304346,7.346108324369197,10.118214955613476,50.92638958437645,0.009520335306810162,2438.0415000000003,2478.7388912392894,2397.344108760711,50.92638958437645,2438.0415000000003,2386.8318,2431.994289554804,2424.6481812304346,7.346108324369197,10.118214955613476,-2.772106631244279,2438.0415000000003,2478.7388912392894,2397.344108760711,55187.281240000004
2025-06-29 00:00:00,2435.62,2442.77,2424.65,2427.86,21222.2303,2427.86,2437.795,2387.092,2431.3582375940023,2424.887369951228,6.470867642774465,9.38874530549167,47.23239582613512,0.009216484269347135,2437.795,2478.6855813373304,2396.9044186626697,47.23239582613512,2437.795,2387.092,2431.3582375940023,2424.887369951228,6.470867642774465,9.38874530549167,-2.9178776627172045,2437.795,2478.6855813373304,2396.9044186626697,53193.02529
2025-06-29 04:00:00,2427.87,2440.5,2426.64,2440.5,14615.4811,2440.5,2438.8955,2387.7722,2432.764676451085,2426.0496029454202,6.7150735056648045,8.854010835537796,58.92753201396968,0.009181503246859945,2438.8955,2478.7705688367605,2399.0204311632397,58.92753201396968,2438.8955,2387.7722,2432.764676451085,2426.0496029454202,6.7150735056648045,8.854010835537796,-2.1389373298729915,2438.8955,2478.7705688367605,2399.0204311632397,51841.57447
2025-06-29 08:00:00,2440.51,2463.88,2438.33,2462.25,54997.0646,2462.25,2437.5690000000004,2388.5054,2437.30091793128,2428.7434365954964,8.55748133578345,8.794704925828114,55.96036823217354,0.006633213222682739,2437.5690000000004,2471.826162385936,2403.3118376140646,55.96036823217354,2437.5690000000004,2388.5054,2437.30091793128,2428.7434365954964,8.55748133578345,8.794704925828114,-0.23722359004466398,2437.5690000000004,2471.826162385936,2403.3118376140646,47789.657965000006
2025-06-29 12:00:00,2462.24,2463.48,2432.88,2436.68,38138.631,2436.68,2434.9085000000005,2388.7019999999998,2437.205391421129,2429.3338308458087,7.871560575320473,8.61007603142197,48.111878730967845,0.006983514905120426,2434.9085000000005,2458.7329264524674,2411.0840735475335,48.111878730967845,2434.9085000000005,2388.7019999999998,2437.205391421129,2429.3338308458087,7.871560575320473,8.61007603142197,-0.7385154561014975,2434.9085000000005,2458.7329264524674,2411.0840735475335,47081.76033999999
2025-06-29 16:00:00,2436.69,2442.55,2429.58,2437.96,21035.621,2437.96,2434.2885,2388.6062,2437.3214857423336,2429.975322163476,7.346163578857613,8.357293514287992,46.80602351646844,0.006052585115438614,2434.2885,2457.0411306402616,2411.5358693597386,46.80602351646844,2434.2885,2388.6062,2437.3214857423336,2429.975322163476,7.346163578857613,8.357293514287992,-1.0111299354303789,2434.2885,2457.0411306402616,2411.5358693597386,44877.58571
2025-06-29 20:00:00,2437.97,2525.0,2412.0,2500.09,134282.7777,2500.09,2437.6415,2390.1362,2446.978229067359,2435.187930710763,11.79029835659594,9.043894540595602,65.5721192586623,0.008136542450952727,2437.6415,2474.8107908191637,2400.4722091808367,65.5721192586623,2437.6415,2390.1362,2446.978229067359,2435.187930710763,11.79029835659594,9.043894540595602,2.7464038160003383,2437.6415,2474.8107908191637,2400.4722091808367,46033.21071
2025-06-30 00:00:00,2500.09,2524.3,2495.17,2499.21,79654.3745,2499.21,2440.8085,2392.4252,2455.013920511387,2439.9463055047695,15.067615006617416,10.24863871499956,74.88784079144116,0.008145833695949817,2440.8085,2487.032977578097,2394.5840224219032,74.88784079144116,2440.8085,2392.4252,2455.013920511387,2439.9463055047695,15.067615006617416,10.24863871499956,4.818976291617856,2440.8085,2487.032977578097,2394.5840224219032,47996.47915
2025-06-30 04:00:00,2499.2,2505.31,2456.37,2480.59,66271.4295,2480.59,2444.04,2396.1223999999997,2458.9487162148516,2442.9663517945605,15.982364420291105,11.395383917890246,65.77645895153303,0.008102978635262834,2444.04,2491.9557242622764,2396.1242757377236,65.77645895153303,2444.04,2396.1223999999997,2458.9487162148516,2442.9663517945605,15.982364420291105,11.395383917890246,4.586980502400859,2444.04,2491.9557242622764,2396.1242757377236,48375.36808
2025-06-30 08:00:00,2480.6,2486.64,2446.68,2458.52,59663.3951,2458.52,2444.6175,2400.0012,2458.8827596720794,2444.1218046705453,14.760955001534057,12.068498163654407,59.31321540062432,0.007937442497684988,2444.6175,2492.9584369397207,2396.276563060279,59.31321540062432,2444.6175,2400.0012,2458.8827596720794,2444.1218046705453,14.760955001534057,12.068498163654407,2.69245683787965,2444.6175,2492.9584369397207,2396.276563060279,47469.22009
2025-06-30 12:00:00,2458.51,2488.0,2431.0,2474.78,95201.2301,2474.78,2446.2410000000004,2404.0832,2461.328495292114,2446.398859874119,14.929635417995087,12.640725634269387,60.37927041111748,0.008042734526248345,2446.2410000000004,2496.402331678785,2396.079668321216,60.37927041111748,2446.2410000000004,2404.0832,2461.328495292114,2446.398859874119,14.929635417995087,12.640725634269387,2.2889097837256998,2446.2410000000004,2496.402331678785,2396.079668321216,48574.390805
2025-06-30 16:00:00,2474.77,2518.49,2461.88,2515.71,85849.3761,2515.71,2449.664,2408.9374,2469.694898979706,2451.5457385158625,18.1491604638436,13.742412630598487,68.10482713365863,0.008789551947674595,2449.664,2508.6775425670694,2390.650457432931,68.10482713365863,2449.664,2408.9374,2469.694898979706,2451.5457385158625,18.1491604638436,13.742412630598487,4.406747833245113,2449.664,2508.6775425670694,2390.650457432931,49569.94985
2025-06-30 20:00:00,2515.71,2522.17,2482.54,2485.47,53815.9087,2485.47,2452.025,2415.1486,2472.1218421017825,2454.064410388226,18.057431713556525,14.605416466250043,59.30293896006019,0.009230945855753564,2452.025,2512.865854175805,2391.184145824195,59.30293896006019,2452.025,2415.1486,2472.1218421017825,2454.064410388226,18.057431713556525,14.605416466250043,3.4520152473064822,2452.025,2512.865854175805,2391.184145824195,48897.065815
2025-07-01 00:00:00,2485.47,2500.8,2477.44,2485.42,35064.2225,2485.42,2455.6625,2421.1814,2474.167715760031,2456.3919784158793,17.77573734415182,15.239480653033345,59.93982786198496,0.008833293641515597,2455.6625,2515.2831025411338,2396.041897458866,59.93982786198496,2455.6625,2421.1814,2474.167715760031,2456.3919784158793,17.77573734415182,15.239480653033345,2.536256691118476,2455.6625,2515.2831025411338,2396.041897458866,47715.196815
2025-07-01 04:00:00,2485.43,2485.91,2445.45,2465.03,57251.4543,2465.03,2457.7555,2425.928,2472.761911467652,2457.0330896596292,15.728821808022985,15.337348885414617,55.24111629896287,0.009064818479664083,2457.7555,2515.4822641931364,2400.028735806864,55.24111629896287,2457.7555,2425.928,2472.761911467652,2457.0330896596292,15.728821808022985,15.337348885414617,0.39147292260836863,2457.7555,2515.4822641931364,2400.028735806864,48643.909120000004
2025-07-01 08:00:00,2465.03,2465.04,2440.0,2449.06,59693.7098,2449.06,2459.162,2430.2156,2469.115459450194,2456.441415608468,12.674043841725961,14.80468787065365,53.67061430847008,0.009207465595473184,2459.162,2514.4292571191395,2403.89474288086,53.67061430847008,2459.162,2430.2156,2469.115459450194,2456.441415608468,12.674043841725961,14.80468787065365,-2.130644028927689,2459.162,2514.4292571191395,2403.89474288086,50499.939215
2025-07-01 12:00:00,2449.05,2456.55,2406.7,2423.54,96182.0218,2423.54,2458.7509999999997,2433.5088,2462.1038436342114,2454.0001675104677,8.103676123743753,13.46448550914786,47.18888815222436,0.009477545872239656,2458.7509999999997,2514.98998250932,2402.5120174906797,47.18888815222436,2458.7509999999997,2433.5088,2462.1038436342114,2454.0001675104677,8.103676123743753,13.46448550914786,-5.360809385404107,2458.7509999999997,2514.98998250932,2402.5120174906797,54015.88947000001
2025-07-01 16:00:00,2423.54,2434.0,2400.0,2402.87,45021.1484,2402.87,2457.5235000000002,2436.4988,2452.990937278551,2450.2068399070395,2.784097371511507,11.328407866161784,40.12242996872714,0.009657895487129335,2457.5235000000002,2517.583696916791,2397.4633030832097,40.12242996872714,2457.5235000000002,2436.4988,2452.990937278551,2450.2068399070395,2.784097371511507,11.328407866161784,-8.544310494650277,2457.5235000000002,2517.583696916791,2397.4633030832097,54480.910625
2025-07-01 20:00:00,2402.87,2418.57,2386.52,2405.01,58738.53,2405.01,2455.9695,2439.6282,2445.6092495928483,2446.854091003121,-1.2448414102727838,8.813757996316044,44.28648746166345,0.00961745166643689,2455.9695,2519.851469937983,2392.0875300620173,44.28648746166345,2455.9695,2439.6282,2445.6092495928483,2446.854091003121,-1.2448414102727838,8.813757996316044,-10.058599406588828,2455.9695,2519.851469937983,2392.0875300620173,56219.795074999995
2025-07-02 00:00:00,2405.01,2432.41,2373.0,2430.55,51415.4396,2430.55,2455.8360000000002,2441.9838,2443.2924406280213,2445.644765827672,-2.3523251996507497,6.580541346779133,48.77077734647161,0.009936514969477556,2455.8360000000002,2519.928956637417,2391.7430433625836,48.77077734647161,2455.8360000000002,2441.9838,2443.2924406280213,2445.644765827672,-2.3523251996507497,6.580541346779133,-8.932866546429882,2455.8360000000002,2519.928956637417,2391.7430433625836,57123.85559000001
2025-07-02 04:00:00,2430.55,2454.7,2425.47,2447.03,53917.342,2447.03,2456.4065,2442.6912,2443.867450042565,2445.747502782811,-1.880052740245901,4.888422523104239,39.62699405692841,0.010050844295748729,2456.4065,2519.9424960221427,2392.8705039778574,39.62699405692841,2456.4065,2442.6912,2443.867450042565,2445.747502782811,-1.880052740245901,4.888422523104239,-6.76847526335014,2456.4065,2519.9424960221427,2392.8705039778574,59101.569405
2025-07-02 08:00:00,2447.03,2459.99,2441.7,2445.7,51333.2834,2445.7,2457.2985,2443.635,2444.149380921575,2445.743980025492,-1.5945991039170622,3.591818193856485,39.557394324967795,0.010020184729145306,2457.2985,2519.6366634482815,2394.9603365517182,39.557394324967795,2457.2985,2443.635,2444.149380921575,2445.743980025492,-1.5945991039170622,3.591818193856485,-5.186417297773547,2457.2985,2519.6366634482815,2394.9603365517182,60607.12206000001
2025-07-02 12:00:00,2445.69,2502.85,2431.56,2498.81,100535.9703,2498.81,2460.214,2445.745,2452.5587098696124,2449.6789672132427,2.8797426563696717,3.449403086021396,53.13381492948052,0.011061692834680992,2460.214,2524.662647333806,2395.765352666194,53.13381492948052,2460.214,2445.745,2452.5587098696124,2449.6789672132427,2.8797426563696717,3.449403086021396,-0.5696604296517243,2460.214,2524.662647333806,2395.765352666194,64903.146519999995
2025-07-02 16:00:00,2498.82,2607.71,2495.03,2604.73,259492.6934,2604.73,2467.3379999999997,2449.6508,2475.969684498051,2461.1755120246735,14.79417247337733,5.7183569677971,69.51808837271386,0.014332891517016371,2467.3379999999997,2558.6390464227766,2376.036953577223,69.51808837271386,2467.3379999999997,2449.6508,2475.969684498051,2461.1755120246735,14.79417247337733,5.7183569677971,9.07581550558023,2467.3379999999997,2558.6390464227766,2376.036953577223,75127.92796
2025-07-02 20:00:00,2604.73,2619.28,2569.14,2570.41,118272.305,2570.41,2474.0245,2452.297,2490.4989674379394,2469.2743152612293,21.22465217671015,8.819616014286522,62.17875245154216,0.014482000504216136,2474.0245,2574.951960865918,2373.097039134082,62.17875245154216,2474.0245,2452.297,2490.4989674379394,2469.2743152612293,21.22465217671015,8.819616014286522,12.40503616242363,2474.0245,2574.951960865918,2373.097039134082,79134.61166
2025-07-03 00:00:00,2570.41,2587.54,2556.12,2561.23,66739.9117,2561.23,2480.188,2454.8368,2501.3806670568088,2476.0915836720724,25.289083384736387,12.113509492375837,56.30715512941305,0.014544307917872453,2480.188,2586.7412237848607,2373.6347762151395,56.30715512941305,2480.188,2454.8368,2501.3806670568088,2476.0915836720724,25.289083384736387,12.113509492375837,13.17557389236055,2480.188,2586.7412237848607,2373.6347762151395,81419.826195
2025-07-03 04:00:00,2561.22,2605.74,2559.34,2600.18,65796.6558,2600.18,2485.1925,2457.8714,2516.580567153059,2485.2904850382643,31.290082114794586,15.94882402058496,65.5193873961631,0.01385740295109244,2485.1925,2604.339150172666,2366.045849827334,65.5193873961631,2485.1925,2457.8714,2516.580567153059,2485.2904850382643,31.290082114794586,15.94882402058496,15.341258094209627,2485.1925,2604.339150172666,2366.045849827334,77995.5201
2025-07-03 08:00:00,2600.19,2616.96,2581.58,2597.59,83170.9032,2597.59,2490.1115,2460.9356,2529.0435587092,2493.6149727869106,35.428585922289585,19.8447764039533,65.0721560828787,0.013864037111023257,2490.1115,2619.3875544074463,2360.8354455925537,65.0721560828787,2490.1115,2460.9356,2529.0435587092,2493.6149727869106,35.428585922289585,19.8447764039533,15.583809518336285,2490.1115,2619.3875544074463,2360.8354455925537,78171.34653499999
2025-07-03 12:00:00,2597.58,2635.5,2565.46,2570.52,191424.4306,2570.52,2494.6079999999997,2463.4552000000003,2535.4245504946794,2499.315449096152,36.1091013985274,23.097641404890275,63.92460202222861,0.013986248238796534,2494.6079999999997,2628.6574129789424,2360.558587021057,63.92460202222861,2494.6079999999997,2463.4552000000003,2535.4245504946794,2499.315449096152,36.1091013985274,23.097641404890275,13.011459993637125,2494.6079999999997,2628.6574129789424,2360.558587021057,84428.99659
2025-07-03 16:00:00,2570.52,2592.43,2565.31,2586.02,62365.8684,2586.02,2500.983,2466.5966,2543.208466647174,2505.741983048458,37.46648359871597,25.971409845084604,68.10107845210402,0.013777951591552469,2500.983,2639.8467437581367,2362.1192562418637,68.10107845210402,2500.983,2466.5966,2543.208466647174,2505.741983048458,37.46648359871597,25.971409845084604,11.495073753631363,2500.983,2639.8467437581367,2362.1192562418637,84564.120255
2025-07-03 20:00:00,2586.02,2603.6,2585.69,2591.25,35445.8895,2591.25,2506.8065,2470.308,2550.5994724564707,2512.0795394856705,38.519932970800255,28.48111447122624,73.42122168533359,0.013746122903081246,2506.8065,2650.7203505861244,2362.892649413876,73.42122168533359,2506.8065,2470.308,2550.5994724564707,2512.0795394856705,38.519932970800255,28.48111447122624,10.038818499574017,2506.8065,2650.7203505861244,2362.892649413876,81576.353225
2025-07-04 00:00:00,2591.26,2603.17,2571.56,2577.93,39051.4838,2577.93,2509.9175,2473.2108000000003,2554.8041693280434,2516.9599391556167,37.844230172426705,30.35373761206236,74.96007756359067,0.013422695904087347,2509.9175,2657.2902078746765,2362.5447921253235,74.96007756359067,2509.9175,2473.2108000000003,2554.8041693280434,2516.9599391556167,37.844230172426705,30.35373761206236,7.490492560364345,2509.9175,2657.2902078746765,2362.5447921253235,79236.45861
2025-07-04 04:00:00,2577.93,2584.64,2530.3,2534.9,78695.4357,2534.9,2512.389,2475.5389999999998,2551.7419892302737,2518.2894853086273,33.45250392164644,30.97349087413698,66.58579564318,0.01370448226262146,2512.389,2659.6933217145665,2365.0846782854337,66.58579564318,2512.389,2475.5389999999998,2551.7419892302737,2518.2894853086273,33.45250392164644,30.97349087413698,2.479013047509458,2512.389,2659.6933217145665,2365.0846782854337,80480.43496
2025-07-04 08:00:00,2534.9,2558.66,2527.37,2549.21,48106.8639,2549.21,2515.5785,2476.7476,2551.3524524039653,2520.58093548559,30.771516918375255,30.933096082976405,65.59920071514958,0.013739202303257016,2515.5785,2663.186213430598,2367.970786569402,65.59920071514958,2515.5785,2476.7476,2551.3524524039653,2520.58093548559,30.771516918375255,30.933096082976405,-0.16157916460115018,2515.5785,2663.186213430598,2367.970786569402,81132.56703
2025-07-04 12:00:00,2549.2,2555.96,2498.36,2500.52,116758.4969,2500.52,2517.353,2476.9602,2543.532074743249,2519.094314514302,24.4377602289469,29.6340289119588,56.482850563568014,0.014341104654414565,2517.353,2663.2453948236075,2371.4606051763926,56.482850563568014,2517.353,2476.9602,2543.532074743249,2519.094314514302,24.4377602289469,29.6340289119588,-5.196268683011901,2517.353,2663.2453948236075,2371.4606051763926,84107.91915999999
2025-07-04 16:00:00,2500.52,2503.5,2474.24,2482.58,130796.5218,2482.58,2519.029,2477.6046,2534.1548321018863,2516.3884959057027,17.7663361961836,27.26049036849432,54.29676577500234,0.014360553920686782,2519.029,2662.365817013557,2375.692182986443,54.29676577500234,2519.029,2477.6046,2534.1548321018863,2516.3884959057027,17.7663361961836,27.26049036849432,-9.494154172310719,2519.029,2662.365817013557,2375.692182986443,87663.05976
2025-07-04 20:00:00,2482.57,2520.85,2481.21,2508.04,39184.2179,2508.04,2523.254,2479.1048,2530.1371654893865,2515.769865555206,14.367299934180664,24.681852281362648,51.14941097357475,0.014255896375182065,2523.254,2659.5481488337437,2386.959851166256,51.14941097357475,2523.254,2479.1048,2530.1371654893865,2515.769865555206,14.367299934180664,24.681852281362648,-10.314552347181984,2523.254,2659.5481488337437,2386.959851166256,84813.16956499999
2025-07-05 00:00:00,2508.04,2524.92,2498.63,2518.24,25534.4243,2518.24,2529.0225,2480.7522,2528.3068322850227,2515.9528996361855,12.353932648837144,22.216268354651827,35.85794172471297,0.01405185196557105,2529.0225,2653.080018217618,2404.964981782382,35.85794172471297,2529.0225,2480.7522,2528.3068322850227,2515.9528996361855,12.353932648837144,22.216268354651827,-9.862335705814683,2529.0225,2653.080018217618,2404.964981782382,83838.83336
2025-07-05 04:00:00,2518.24,2529.81,2512.63,2521.31,18659.4764,2521.31,2534.8375,2482.8592000000003,2527.2303965229135,2516.3498446960193,10.880551826894134,19.94912504894896,41.05776935965615,0.014050137021495481,2534.8375,2644.4856167668877,2425.1893832331125,41.05776935965615,2534.8375,2482.8592000000003,2527.2303965229135,2516.3498446960193,10.880551826894134,19.94912504894896,-9.068573222054827,2534.8375,2644.4856167668877,2425.1893832331125,81834.88068
2025-07-05 08:00:00,2521.32,2526.45,2508.83,2518.11,22957.673,2518.11,2539.2155,2484.282,2525.8272585676873,2516.480263931825,9.346994635862302,17.828698966218397,41.97199880845994,0.01393765475781731,2539.2155,2637.7611977564948,2440.669802243505,41.97199880845994,2539.2155,2484.282,2525.8272585676873,2516.480263931825,9.346994635862302,17.828698966218397,-8.481704330356095,2539.2155,2637.7611977564948,2440.669802243505,80411.99234999999
2025-07-05 12:00:00,2518.11,2521.98,2505.35,2507.67,30633.266,2507.67,2542.2475000000004,2485.5892000000003,2523.0338341244396,2515.8274786363227,7.206355488116969,15.704230270507356,30.731097687981702,0.013948872234032928,2542.2475000000004,2632.208369592804,2452.2866304071968,30.731097687981702,2542.2475000000004,2485.5892000000003,2523.0338341244396,2515.8274786363227,7.206355488116969,15.704230270507356,-8.497874782390387,2542.2475000000004,2632.208369592804,2452.2866304071968,79247.78855
2025-07-05 16:00:00,2507.67,2512.95,2487.95,2505.74,41908.6321,2505.74,2545.2495,2486.759,2520.373244220281,2515.080074431567,5.29316978871384,13.622018174077493,30.815823551526748,0.013950550331803977,2545.2495,2625.081809110368,2465.417190889632,30.815823551526748,2545.2495,2486.759,2520.373244220281,2515.080074431567,5.29316978871384,13.622018174077493,-8.328848385363653,2545.2495,2625.081809110368,2465.417190889632,78776.55598500001
2025-07-05 20:00:00,2505.73,2522.52,2498.28,2516.41,17504.624,2516.41,2546.1295,2488.3222,2519.763514332702,2515.1786098446305,4.5849044880715155,11.814595436826881,37.8671689313422,0.01312814857214077,2546.1295,2624.1744129735644,2468.0845870264357,37.8671689313422,2546.1295,2488.3222,2519.763514332702,2515.1786098446305,4.5849044880715155,11.814595436826881,-7.2296909487553656,2546.1295,2624.1744129735644,2468.0845870264357,74624.98866999999
2025-07-06 00:00:00,2516.42,2520.84,2509.47,2514.77,16689.3617,2514.77,2541.6315000000004,2490.3642,2518.9952813504065,2515.148336074125,3.846945276281531,10.221065404682957,32.965141299670066,0.008653675080847155,2541.6315000000004,2615.7253944213694,2467.5376055786314,32.965141299670066,2541.6315000000004,2490.3642,2518.9952813504065,2515.148336074125,3.846945276281531,10.221065404682957,-6.374120128401426,2541.6315000000004,2615.7253944213694,2467.5376055786314,62484.82208499999
2025-07-06 04:00:00,2514.78,2526.66,2508.66,2517.85,22907.8942,2517.85,2539.0035,2492.2578,2518.8190842180156,2515.3484983531152,3.470585864900386,8.870969496702818,32.268818243308516,0.008239513487271555,2539.0035,2612.525826941862,2465.4811730581378,32.268818243308516,2539.0035,2492.2578,2518.8190842180156,2515.3484983531152,3.470585864900386,8.870969496702818,-5.400383631802432,2539.0035,2612.525826941862,2465.4811730581378,57716.601545
2025-07-06 08:00:00,2517.85,2518.44,2503.5,2516.14,24935.4266,2516.14,2536.749,2494.1620000000003,2518.406917412158,2515.407138690833,2.999778721324674,7.696731341610753,34.18641551927114,0.008217360443391792,2536.749,2610.1668331699266,2463.331166830073,34.18641551927114,2536.749,2494.1620000000003,2518.406917412158,2515.407138690833,2.999778721324674,7.696731341610753,-4.696952620286079,2536.749,2610.1668331699266,2463.331166830073,55626.37729
2025-07-06 12:00:00,2516.14,2570.0,2511.94,2558.72,80738.4177,2558.72,2534.6760000000004,2496.7012,2524.608930157272,2518.616035166277,5.992894990994955,7.355964071483778,56.1101990560229,0.008400730065190985,2534.6760000000004,2602.695553040198,2466.656446959803,56.1101990560229,2534.6760000000004,2496.7012,2524.608930157272,2518.616035166277,5.992894990994955,7.355964071483778,-1.363069080488823,2534.6760000000004,2602.695553040198,2466.656446959803,56373.465385
2025-07-06 16:00:00,2558.71,2560.81,2523.33,2541.06,46446.2339,2541.06,2531.8495,2498.974,2527.139863992798,2520.2788084303215,6.861055562476395,7.256982369681415,47.94472184395015,0.008512161966185565,2531.8495,2593.2359979068033,2470.4630020931963,47.94472184395015,2531.8495,2498.974,2527.139863992798,2520.2788084303215,6.861055562476395,7.256982369681415,-0.3959268072050204,2531.8495,2593.2359979068033,2470.4630020931963,54537.231920000006
2025-07-06 20:00:00,2541.05,2605.0,2540.06,2570.35,85876.2978,2570.35,2531.841,2501.6592,2533.787577254829,2523.9883171830766,9.799260071752542,7.765437910099285,69.51976295633699,0.008656026518234414,2531.841,2593.204995238069,2470.477004761931,69.51976295633699,2531.841,2501.6592,2533.787577254829,2523.9883171830766,9.799260071752542,7.765437910099285,2.033822161653257,2531.841,2593.204995238069,2470.477004761931,49259.82528
2025-07-07 00:00:00,2570.35,2590.57,2550.46,2577.42,43450.6801,2577.42,2531.411,2504.5431999999996,2540.5002577029277,2527.9467448651903,12.553512837737344,8.723052895632389,78.22619047619051,0.008567041088288289,2531.411,2591.2787450807314,2471.5432549192687,78.22619047619051,2531.411,2504.5431999999996,2540.5002577029277,2527.9467448651903,12.553512837737344,8.723052895632389,3.830459942104955,2531.411,2591.2787450807314,2471.5432549192687,48314.065865
2025-07-07 04:00:00,2577.41,2580.64,2560.0,2578.34,31939.7374,2578.34,2530.7655,2507.3976000000002,2546.321756536768,2531.6800372618477,14.641719274920433,9.906786171495428,74.5016032343511,0.008553084629590346,2530.7655,2588.143268471209,2473.387731528791,74.5016032343511,2530.7655,2507.3976000000002,2546.321756536768,2531.6800372618477,14.641719274920433,9.906786171495428,4.734933103425005,2530.7655,2588.143268471209,2473.387731528791,48138.758259999995
2025-07-07 08:00:00,2578.33,2588.42,2552.57,2562.99,42870.5631,2562.99,2530.0184999999997,2510.1002,2548.8861016920046,2533.9995576340243,14.886544057980245,10.902737748796048,65.05618733598001,0.008579619121630837,2530.0184999999997,2585.156141464925,2474.8808585350744,65.05618733598001,2530.0184999999997,2510.1002,2548.8861016920046,2533.9995576340243,14.886544057980245,10.902737748796048,3.9838063091841978,2530.0184999999997,2585.156141464925,2474.8808585350744,48329.712225
2025-07-07 12:00:00,2562.99,2569.12,2527.5,2533.81,87925.5273,2533.81,2529.964,2511.9664,2546.566701426303,2533.985514848602,12.581186577700919,11.238427514578008,53.57715201465201,0.008113991839343616,2529.964,2585.083477271974,2474.844522728026,53.57715201465201,2529.964,2511.9664,2546.566701426303,2533.985514848602,12.581186577700919,11.238427514578008,1.3427590631229105,2529.964,2585.083477271974,2474.844522728026,48791.216805
2025-07-07 16:00:00,2533.81,2557.49,2512.0,2543.97,82559.972,2543.97,2529.7019999999998,2513.6007999999997,2546.1672088983933,2534.725178482539,11.442030415854333,11.279148094833369,57.11690885072645,0.008062286445992793,2529.7019999999998,2584.4850771411343,2474.9189228588652,57.11690885072645,2529.7019999999998,2513.6007999999997,2546.1672088983933,2534.725178482539,11.442030415854333,11.279148094833369,0.16288232102096423,2529.7019999999998,2584.4850771411343,2474.9189228588652,50513.87221
2025-07-07 20:00:00,2543.97,2545.45,2523.33,2542.29,26961.0473,2542.29,2531.7905,2515.713,2545.5707152207247,2535.2855862412102,10.285128979514411,11.080344271769205,60.01040943789032,0.006713250179155359,2531.7905,2585.053034072163,2478.527965927837,60.01040943789032,2531.7905,2515.713,2545.5707152207247,2535.2855862412102,10.285128979514411,11.080344271769205,-0.7952152922547935,2531.7905,2585.053034072163,2478.527965927837,46023.999729999996
2025-07-08 00:00:00,2542.3,2554.56,2523.59,2538.34,45379.9257,2538.34,2534.5785,2517.7206,2544.458297492892,2535.5118580327157,8.946439460176407,10.653563309450004,59.317480278952914,0.006472989177559755,2534.5785,2582.571979940935,2486.5850200590653,59.317480278952914,2534.5785,2517.7206,2544.458297492892,2535.5118580327157,8.946439460176407,10.653563309450004,-1.7071238492735965,2534.5785,2582.571979940935,2486.5850200590653,41753.169925
2025-07-08 04:00:00,2538.33,2563.8,2532.0,2553.42,41418.5715,2553.42,2536.8475,2518.7872,2545.8370209571676,2536.8384897810497,8.998531176117922,10.32255688278319,60.31781432952337,0.006219837175949407,2536.8475,2583.8385853247587,2489.856414675241,60.31781432952337,2536.8475,2518.7872,2545.8370209571676,2536.8384897810497,8.998531176117922,10.32255688278319,-1.3240257066652674,2536.8475,2583.8385853247587,2489.856414675241,41864.887604999996
2025-07-08 08:00:00,2553.42,2585.38,2543.33,2575.15,47897.3718,2575.15,2539.693,2520.3059999999996,2550.3467100452285,2539.6765828877965,10.670127157432034,10.392070937713024,65.13738467709592,0.006414633442505237,2539.693,2588.7851261132023,2490.600873886798,65.13738467709592,2539.693,2520.3059999999996,2550.3467100452285,2539.6765828877965,10.670127157432034,10.392070937713024,0.2780562197190104,2539.693,2588.7851261132023,2490.600873886798,42983.03498
2025-07-08 12:00:00,2575.16,2600.62,2557.86,2564.68,77029.4018,2564.68,2541.8615,2521.9878,2552.551831578614,2541.5288108080676,11.023020770546282,10.518260904279773,61.32089155344968,0.0065190963473765115,2541.8615,2591.364381691758,2492.358618308242,61.32089155344968,2541.8615,2521.9878,2552.551831578614,2541.5288108080676,11.023020770546282,10.518260904279773,0.5047598662665091,2541.8615,2591.364381691758,2492.358618308242,45901.53125
2025-07-08 16:00:00,2564.68,2628.21,2559.68,2610.61,124670.1733,2610.61,2546.4865,2525.0296,2561.4838574960468,2546.6462504615592,14.837607034487519,11.382130130321853,68.81497709619602,0.007520848573616031,2546.4865,2603.3787391432743,2489.5942608567257,68.81497709619602,2546.4865,2525.0296,2561.4838574960468,2546.6462504615592,14.837607034487519,11.382130130321853,3.455476904165666,2546.4865,2603.3787391432743,2489.5942608567257,50987.156265
2025-07-08 20:00:00,2610.61,2617.7,2596.85,2615.25,34520.288,2615.25,2551.8655,2527.839,2569.7555717324785,2551.7282989023215,18.027272830157017,12.71115867028954,63.26310356154102,0.007388508727342542,2551.8655,2613.4540807853737,2490.276919214626,63.26310356154102,2551.8655,2527.839,2569.7555717324785,2551.7282989023215,18.027272830157017,12.71115867028954,5.316114159867476,2551.8655,2613.4540807853737,2490.276919214626,51181.507365
2025-07-09 00:00:00,2615.25,2626.72,2589.78,2591.75,36059.8945,2591.75,2556.166,2529.3598,2573.139329929231,2554.693025576636,18.44630435259478,13.858187806751037,61.5757022151176,0.0077763477144952,2556.166,2616.184950831766,2496.1470491682344,61.5757022151176,2556.166,2529.3598,2573.139329929231,2554.693025576636,18.44630435259478,13.858187806751037,4.588116545843743,2556.166,2616.184950831766,2496.1470491682344,50889.070485
2025-07-09 04:00:00,2591.74,2647.0,2590.98,2624.86,65726.3541,2624.86,2561.5885000000003,2532.1476000000002,2581.0963560974456,2559.890832841401,21.20552325604467,15.327654896610225,62.23459173138217,0.008147165246099519,2561.5885000000003,2625.9248851462203,2497.2521148537803,62.23459173138217,2561.5885000000003,2532.1476000000002,2581.0963560974456,2559.890832841401,21.20552325604467,15.327654896610225,5.877868359434446,2561.5885000000003,2625.9248851462203,2497.2521148537803,53300.15699
2025-07-09 08:00:00,2624.86,2630.31,2604.37,2626.43,48393.0511,2626.43,2567.1715,2534.9678,2588.070762854267,2564.819882715148,23.250880139118635,16.91229994511231,61.27859345514792,0.008129371503273704,2567.1715,2633.741779531038,2500.601220468962,61.27859345514792,2567.1715,2534.9678,2588.070762854267,2564.819882715148,23.250880139118635,16.91229994511231,6.338580194006326,2567.1715,2633.741779531038,2500.601220468962,54885.34146
2025-07-09 12:00:00,2626.43,2674.81,2623.95,2656.83,174568.8613,2656.83,2574.1205,2538.8038,2598.6491070338466,2571.6357320655584,27.01337496828819,18.93251494974789,65.90476190476186,0.008388912400463777,2574.1205,2647.663003707566,2500.577996292434,65.90476190476186,2574.1205,2538.8038,2598.6491070338466,2571.6357320655584,27.01337496828819,18.93251494974789,8.0808600185403,2574.1205,2647.663003707566,2500.577996292434,62468.389815
2025-07-09 16:00:00,2656.84,2795.74,2652.41,2765.01,218869.8532,2765.01,2586.564,2545.1228,2624.2430905738843,2585.960306724765,38.28278384911937,22.80256872962281,79.74556805465582,0.011884119820002698,2586.564,2694.8235548524026,2478.304445147597,79.74556805465582,2586.564,2545.1228,2624.2430905738843,2585.960306724765,38.28278384911937,22.80256872962281,15.48021511949656,2586.564,2694.8235548524026,2478.304445147597,72165.111145
2025-07-09 20:00:00,2765.01,2783.16,2731.72,2768.74,142501.363,2768.74,2597.0649999999996,2552.0268,2646.4733843367335,2599.5000288319097,46.97335550482376,27.63672608466363,87.39375417820649,0.01155313186882156,2597.0649999999996,2731.525332557885,2462.604667442114,87.39375417820649,2597.0649999999996,2552.0268,2646.4733843367335,2599.5000288319097,46.97335550482376,27.63672608466363,19.33662942016013,2597.0649999999996,2731.525332557885,2462.604667442114,75253.25841
2025-07-10 00:00:00,2768.74,2798.0,2755.5,2776.13,83700.9931,2776.13,2608.8185000000003,2559.492,2666.420555981021,2612.584164871939,53.83639110908234,32.876659089547914,87.28160328879757,0.011271961230527029,2608.8185000000003,2762.402236018733,2455.2347639812674,87.28160328879757,2608.8185000000003,2559.492,2666.420555981021,2612.584164871939,53.83639110908234,32.876659089547914,20.959732019534428,2608.8185000000003,2762.402236018733,2455.2347639812674,77115.99637000001
2025-07-10 04:00:00,2776.13,2823.18,2765.53,2791.09,153381.5099,2791.09,2619.8555,2567.2136,2685.600470448559,2625.8072258862094,59.79324456234963,38.2599761841087,88.31936914736322,0.011153313093521477,2619.8555,2792.360020578442,2447.3509794215583,88.31936914736322,2619.8555,2567.2136,2685.600470448559,2625.8072258862094,59.79324456234963,38.2599761841087,21.533268378240926,2619.8555,2792.360020578442,2447.3509794215583,80491.256975
2025-07-10 08:00:00,2791.08,2797.0,2772.0,2778.69,80534.4173,2778.69,2629.919,2574.1764,2699.921936535342,2637.1321982290056,62.7897383063364,43.165928608554566,86.07883755141245,0.011316825947406685,2629.919,2815.023091216972,2444.814908783028,86.07883755141245,2629.919,2574.1764,2699.921936535342,2637.1321982290056,62.7897383063364,43.165928608554566,19.623809697781837,2629.919,2815.023091216972,2444.814908783028,82345.44383500001
2025-07-10 12:00:00,2778.69,2795.0,2758.78,2769.32,104583.5693,2769.32,2639.468,2580.6222,2710.5985616849784,2646.9241453648606,63.67441632011787,47.267626150867436,82.9739141059319,0.011407354157353462,2639.468,2832.8861830672868,2446.049816932713,82.9739141059319,2639.468,2580.6222,2710.5985616849784,2646.9241453648606,63.67441632011787,47.267626150867436,16.406790169250435,2639.468,2832.8861830672868,2446.049816932713,85977.63543
2025-07-10 16:00:00,2769.32,2840.69,2769.03,2816.21,174872.027,2816.21,2652.129,2588.0324,2726.8464752734853,2659.4641443697265,67.38233090375888,51.290567101445895,84.18902819538204,0.011541414987509045,2652.129,2857.2647193767298,2446.99328062327,84.18902819538204,2652.129,2588.0324,2726.8464752734853,2659.4641443697265,67.38233090375888,51.290567101445895,16.09176380231299,2652.129,2857.2647193767298,2446.99328062327,92577.708625
2025-07-10 20:00:00,2816.21,3000.0,2813.13,2951.29,354823.5534,2951.29,2673.0029999999997,2597.0820000000003,2761.376248311176,2681.081362953796,80.29488535737983,57.09143075263287,90.51241747878026,0.014432960464498493,2673.0029999999997,2909.942517763273,2436.0634822367265,90.51241747878026,2673.0029999999997,2597.0820000000003,2761.376248311176,2681.081362953796,80.29488535737983,57.09143075263287,23.20345460474696,2673.0029999999997,2909.942517763273,2436.0634822367265,105922.60992999999
2025-07-11 00:00:00,2951.29,2975.0,2913.75,2969.74,129986.2632,2969.74,2694.2915000000003,2604.3822,2793.432210111689,2702.463931655758,90.96827845593089,63.866800293292656,89.93261725265194,0.014411058338293222,2694.2915000000003,2957.4728139483436,2431.110186051657,89.93261725265194,2694.2915000000003,2604.3822,2793.432210111689,2702.463931655758,90.96827845593089,63.866800293292656,27.10147816263823,2694.2915000000003,2957.4728139483436,2431.110186051657,108293.92449
2025-07-11 04:00:00,2969.75,3029.55,2946.02,2968.49,205429.0153,2968.49,2715.6014999999998,2612.3438,2820.364177788401,2722.1699481596997,98.19422962870112,70.73228616037449,89.57605090974276,0.014403700660151774,2715.6014999999998,2995.452572595101,2435.7504274048983,89.57605090974276,2715.6014999999998,2612.3438,2820.364177788401,2722.1699481596997,98.19422962870112,70.73228616037449,27.461943468326638,2715.6014999999998,2995.452572595101,2435.7504274048983,117217.32289
2025-07-11 08:00:00,2968.81,3040.15,2963.51,2984.0,176478.9336,2984.0,2737.8845,2620.7992,2845.538919668364,2741.5651147672565,103.97380490110754,77.38058990852122,94.74776974149536,0.01424906006059524,2737.8845,3029.0489252760162,2446.720074723984,94.74776974149536,2737.8845,2620.7992,2845.538919668364,2741.5651147672565,103.97380490110754,77.38058990852122,26.593214992586326,2737.8845,3029.0489252760162,2446.720074723984,123772.273285
2025-07-11 12:00:00,2984.01,3009.64,2939.36,2951.09,183069.2994,2951.09,2757.768,2627.8174,2861.7775474123778,2757.085734453629,104.69181295874887,82.84283451856682,87.23321691889797,0.014882745163523932,2757.768,3050.2030738989984,2465.3329261010017,87.23321691889797,2757.768,2627.8174,2861.7775474123778,2757.085734453629,104.69181295874887,82.84283451856682,21.84897844018205,2757.768,3050.2030738989984,2465.3329261010017,130854.80967999999
2025-07-11 16:00:00,2951.09,3010.39,2936.46,3007.6,121178.0576,3007.6,2779.3905,2636.0176,2884.2117708881974,2775.642632136442,108.56913875175542,87.98809536520459,88.65586272640613,0.015114104562760626,2779.3905,3078.83835620942,2479.94264379058,88.65586272640613,2779.3905,2636.0176,2884.2117708881974,2775.642632136442,108.56913875175542,87.98809536520459,20.58104338655083,2779.3905,3078.83835620942,2479.94264379058,134518.84397
2025-07-11 20:00:00,3007.6,3010.0,2923.32,2958.22,90697.5998,2958.22,2799.0675,2643.7715999999996,2895.5976522903575,2789.1670742160345,106.43057807432297,91.6765919070283,79.43204234292298,0.015862599369472756,2799.0675,3090.728277355072,2507.4067226449283,79.43204234292298,2799.0675,2643.7715999999996,2895.5976522903575,2789.1670742160345,106.43057807432297,91.6765919070283,14.75398616729467,2799.0675,3090.728277355072,2507.4067226449283,135202.25387
2025-07-12 00:00:00,2958.21,2970.85,2932.0,2966.09,47769.6089,2966.09,2816.8415,2651.373,2906.442628861349,2802.272648943478,104.16997991787093,94.17526950919685,74.42069468059267,0.01569040020139343,2816.8415,3103.427769790839,2530.255230209161,74.42069468059267,2816.8415,2651.373,2906.442628861349,2802.272648943478,104.16997991787093,94.17526950919685,9.99471040867408,2816.8415,3103.427769790839,2530.255230209161,131357.22564999998
2025-07-12 04:00:00,2966.1,2977.94,2937.7,2962.85,54739.0406,2962.85,2834.2215,2658.805,2915.1206859597905,2814.167412772742,100.95327318704858,95.5308702447672,73.60229566401594,0.01574904777954891,2834.2215,3111.3357986130186,2557.1072013869816,73.60229566401594,2834.2215,2658.805,2915.1206859597905,2814.167412772742,100.95327318704858,95.5308702447672,5.42240294228138,2834.2215,3111.3357986130186,2557.1072013869816,132368.16328
2025-07-12 08:00:00,2962.84,2979.78,2957.51,2963.39,48317.1794,2963.39,2852.8035,2666.5141999999996,2922.546734273805,2825.2210627179707,97.32567155583456,95.88983050698067,73.15510930853691,0.01540816174720244,2852.8035,3110.628347708255,2594.9786522917448,73.15510930853691,2852.8035,2666.5141999999996,2922.546734273805,2825.2210627179707,97.32567155583456,95.88983050698067,1.435841048853888,2852.8035,3110.628347708255,2594.9786522917448,132981.02752499998
2025-07-12 12:00:00,2963.39,2967.59,2903.85,2916.05,113763.8372,2916.05,2867.363,2674.1372,2921.5472366932045,2831.949202575905,89.59803411729945,94.63147122904442,64.305994413152,0.01614798147335352,2867.363,3102.9148256618423,2631.8111743381573,64.305994413152,2867.363,2674.1372,2921.5472366932045,2831.949202575905,89.59803411729945,94.63147122904442,-5.033437111744973,2867.363,3102.9148256618423,2631.8111743381573,135382.90168
2025-07-12 16:00:00,2916.05,2945.83,2910.49,2941.18,42874.7113,2941.18,2883.1004999999996,2681.9766000000004,2924.5676618173666,2840.040451180051,84.52721063731542,92.61061911069862,68.07573364184483,0.016122132387365363,2883.1004999999996,3091.3508594967398,2674.8501405032594,68.07573364184483,2883.1004999999996,2681.9766000000004,2924.5676618173666,2840.040451180051,84.52721063731542,92.61061911069862,-8.083408473383201,2883.1004999999996,3091.3508594967398,2674.8501405032594,135106.98469
2025-07-12 20:00:00,2941.18,2948.0,2915.0,2943.28,41420.5103,2943.28,2897.4230000000002,2690.8318,2927.4464830762654,2847.6878937991078,79.75858927715763,90.04021314399043,69.6698326549073,0.01610016186044567,2897.4230000000002,3077.6681903263566,2717.177809673644,69.6698326549073,2897.4230000000002,2690.8318,2927.4464830762654,2847.6878937991078,79.75858927715763,90.04021314399043,-10.281623866832803,2897.4230000000002,3077.6681903263566,2717.177809673644,128449.56713999998
2025-07-13 00:00:00,2943.29,2960.7,2936.49,2955.1,32411.5886,2955.1,2906.9275000000002,2700.2822,2931.7008702953412,2855.6444122271478,76.05645806819348,87.24346212883104,67.05720531525557,0.013767934942691023,2906.9275000000002,3077.564871346358,2736.2901286536426,67.05720531525557,2906.9275000000002,2700.2822,2931.7008702953412,2855.6444122271478,76.05645806819348,87.24346212883104,-11.187004060637562,2906.9275000000002,3077.564871346358,2736.2901286536426,119126.65391000002
2025-07-13 04:00:00,2955.11,2967.97,2949.64,2962.94,29321.3817,2962.94,2916.6375,2709.3802,2936.506890249942,2863.592294696526,72.9145955534159,84.37768881374801,52.08117474722214,0.013760704486561508,2916.6375,3075.8871995783165,2757.387800421683,52.08117474722214,2916.6375,2709.3802,2936.506890249942,2863.592294696526,72.9145955534159,84.37768881374801,-11.463093260332116,2916.6375,3075.8871995783165,2757.387800421683,113467.65484500001
2025-07-13 08:00:00,2962.95,2965.66,2944.49,2964.58,33777.469,2964.58,2926.06,2718.3070000000002,2940.8258302115178,2871.07291875389,69.75291145762776,81.45273334252396,49.01930971567587,0.013775419216617084,2926.06,3072.0539962716375,2780.0660037283624,49.01930971567587,2926.06,2718.3070000000002,2940.8258302115178,2871.07291875389,69.75291145762776,81.45273334252396,-11.699821884896195,2926.06,3072.0539962716375,2780.0660037283624,110971.47864000002
2025-07-13 12:00:00,2964.57,3020.31,2958.92,2992.43,129614.6883,2992.43,2936.127,2727.7294,2948.7649332559445,2880.0623914791763,68.70254177676816,78.90269502937278,54.13214581607293,0.013835180042802346,2936.127,3070.215626795056,2802.038373204944,54.13214581607293,2936.127,2727.7294,2948.7649332559445,2880.0623914791763,68.70254177676816,78.90269502937278,-10.200153252604622,2936.127,3070.215626795056,2802.038373204944,109783.13755999999
2025-07-13 16:00:00,2992.43,3010.65,2962.65,2989.45,59449.3596,2989.45,2946.665,2737.1562,2955.024174293522,2888.1652267870945,66.85894750642728,76.49394552478367,50.98322208190507,0.013751220126129544,2946.665,3060.2105426365374,2833.1194573634625,50.98322208190507,2946.665,2737.1562,2955.024174293522,2888.1652267870945,66.85894750642728,76.49394552478367,-9.634998018356384,2946.665,3060.2105426365374,2833.1194573634625,108728.88467500001
2025-07-13 20:00:00,2989.46,2998.92,2940.24,2972.03,72759.0144,2972.03,2956.8005000000003,2746.4434,2957.6404551714522,2894.377467343549,63.26298782790309,73.84775398540755,54.0013758312314,0.01382888651640014,2956.8005000000003,3034.0933412222284,2879.507658777772,54.0013758312314,2956.8005000000003,2746.4434,2957.6404551714522,2894.377467343549,63.26298782790309,73.84775398540755,-10.584766157504461,2956.8005000000003,3034.0933412222284,2879.507658777772,107137.65693000001
2025-07-14 00:00:00,2972.03,3051.26,2962.81,3037.36,125331.2348,3037.36,2967.858,2757.0757999999996,2969.9050005297327,2904.9688215211736,64.93617900855907,72.06543899003786,55.50133096716953,0.014127448470445086,2967.858,3019.476333992918,2916.239666007082,55.50133096716953,2967.858,2757.0757999999996,2969.9050005297327,2904.9688215211736,64.93617900855907,72.06543899003786,-7.129259981478796,2967.858,3019.476333992918,2916.239666007082,104660.61732
2025-07-14 04:00:00,3037.35,3065.57,3016.91,3045.02,176067.3527,3045.02,2972.5445,2767.6479999999997,2981.4611542944226,2915.343033191133,66.11812110328947,70.87597541268819,68.97184822521429,0.009589523622974069,2972.5445,3033.925722733051,2911.163277266949,68.97184822521429,2972.5445,2767.6479999999997,2981.4611542944226,2915.343033191133,66.11812110328947,70.87597541268819,-4.757854309398724,2972.5445,3033.925722733051,2911.163277266949,95722.807285
2025-07-14 08:00:00,3045.02,3083.0,3023.08,3051.72,153682.6878,3051.72,2976.6435,2778.387,2992.270207479923,2925.4450760857717,66.82513139415141,70.06580660898084,68.81233797618528,0.009528873080119602,2976.6435,3047.4601163298903,2905.82688367011,68.81233797618528,2976.6435,2778.387,2992.270207479923,2925.4450760857717,66.82513139415141,70.06580660898084,-3.240675214829423,2976.6435,3047.4601163298903,2905.82688367011,96907.628515
2025-07-14 12:00:00,3051.71,3068.33,2993.2,3012.49,173256.291,3012.49,2978.8435,2788.2798,2995.3809447907106,2931.8928750307787,63.48806975993193,68.75025923917106,59.41649594051145,0.010045911520021636,2978.8435,3051.3082419965417,2906.378758003458,59.41649594051145,2978.8435,2788.2798,2995.3809447907106,2931.8928750307787,63.48806975993193,68.75025923917106,-5.262189479239126,2978.8435,3051.3082419965417,2906.378758003458,95298.9923
2025-07-14 16:00:00,3012.48,3029.96,2983.0,3000.33,121773.2371,3000.33,2979.66,2797.9636,2996.142337899834,2936.9623112075915,59.180026692242336,66.83621272978532,56.71148255813958,0.010043878226418584,2979.66,3052.7348083887077,2906.585191611292,56.71148255813958,2979.66,2797.9636,2996.142337899834,2936.9623112075915,59.180026692242336,66.83621272978532,-7.65618603754298,2979.66,3052.7348083887077,2906.585191611292,92563.707475
2025-07-14 20:00:00,3000.35,3018.88,2980.97,3013.62,65441.8462,3013.62,2982.7864999999997,2807.0616000000005,2998.8312089921706,2942.640678762791,56.19053022937942,64.70707622970414,70.23014721127933,0.009713885380562871,2982.7864999999997,3056.064906175166,2909.5080938248334,70.23014721127933,2982.7864999999997,2807.0616000000005,2998.8312089921706,2942.640678762791,56.19053022937942,64.70707622970414,-8.516546000324723,2982.7864999999997,3056.064906175166,2909.5080938248334,86682.334815
2025-07-15 00:00:00,3013.61,3023.2,2932.46,2951.8,137032.5847,2951.8,2979.9965,2815.2764,2991.5956383779812,2943.3191492414867,48.27648913649455,61.42095881106222,51.91117189749504,0.009881021113921562,2979.9965,3053.5455731344805,2906.44742686552,51.91117189749504,2979.9965,2815.2764,2991.5956383779812,2943.3191492414867,48.27648913649455,61.42095881106222,-13.144469674567674,2979.9965,3053.5455731344805,2906.44742686552,87475.06117
2025-07-15 04:00:00,2951.79,2995.89,2934.83,2977.49,98226.7001,2977.49,2980.96,2823.4192,2989.425540165982,2945.8503311057384,43.57520906024365,57.851808860898515,55.67461765584046,0.00938748537331955,2980.96,3053.8094687333446,2908.1105312666555,55.67461765584046,2980.96,2823.4192,2989.425540165982,2945.8503311057384,43.57520906024365,57.851808860898515,-14.276599800654864,2980.96,3053.8094687333446,2908.1105312666555,87851.516185
2025-07-15 08:00:00,2977.5,2989.25,2958.84,2981.11,60092.5512,2981.11,2981.7110000000002,2831.493,2988.146226294292,2948.462165820522,39.68406047376993,54.21825918347281,54.435085086792,0.00937445614058096,2981.7110000000002,3054.223924118424,2909.1980758815766,54.435085086792,2981.7110000000002,2831.493,2988.146226294292,2948.462165820522,39.68406047376993,54.21825918347281,-14.534198709702878,2981.7110000000002,3054.223924118424,2909.1980758815766,88467.66329999999
2025-07-15 12:00:00,2981.12,3067.43,2967.0,3039.93,244113.4454,3039.93,2985.5649999999996,2840.7248,2996.112960710561,2955.2375786937114,40.87538201684947,51.54968375014814,61.18357979140644,0.010320911406777397,2985.5649999999996,3061.9473320711354,2909.182667928864,61.18357979140644,2985.5649999999996,2840.7248,2996.112960710561,2955.2375786937114,40.87538201684947,51.54968375014814,-10.67430173329867,2985.5649999999996,3061.9473320711354,2909.182667928864,97936.38354
2025-07-15 16:00:00,3039.94,3097.32,3032.35,3040.88,223763.2107,3040.88,2989.4395,2850.2826,3003.000197524325,2961.5814771408386,41.41872038348629,49.52349107681577,61.105612482533836,0.010320186445341255,2989.4395,3068.885637589491,2909.993362410509,61.105612482533836,2989.4395,2850.2826,3003.000197524325,2961.5814771408386,41.41872038348629,49.52349107681577,-8.104770693329485,2989.4395,3068.885637589491,2909.993362410509,106708.685105
2025-07-15 20:00:00,3040.87,3144.14,3029.63,3137.89,100355.2456,3137.89,3000.5315,2862.3642,3023.7524748282863,2974.641397053929,49.111077774357454,49.44100841632412,67.62382475525838,0.01156909881748102,3000.5315,3096.964083109946,2904.098916890054,67.62382475525838,3000.5315,2862.3642,3023.7524748282863,2974.641397053929,49.111077774357454,49.44100841632412,-0.3299306419666621,3000.5315,3096.964083109946,2904.098916890054,106038.255525
2025-07-16 00:00:00,3137.9,3152.53,3103.17,3115.99,107060.7869,3115.99,3009.272,2873.8046000000004,3037.9428633162483,2985.1116857119205,52.83117760432788,50.119042253924874,64.65940685820209,0.011747013412261703,3009.272,3114.3549672411464,2904.1890327588535,64.65940685820209,3009.272,2873.8046000000004,3037.9428633162483,2985.1116857119205,52.83117760432788,50.119042253924874,2.7121353504030026,3009.272,3114.3549672411464,2904.1890327588535,109247.559305
2025-07-16 04:00:00,3116.0,3175.0,3101.0,3162.45,110053.9263,3162.45,3020.2305,2886.2077999999997,3057.0978074214486,2998.247882434081,58.84992498736756,51.86521880061342,70.66906912122265,0.012029901593428328,3020.2305,3140.893862681791,2899.5671373182095,70.66906912122265,3020.2305,2886.2077999999997,3057.0978074214486,2998.247882434081,58.84992498736756,51.86521880061342,6.9847061867541385,3020.2305,3140.893862681791,2899.5671373182095,112679.23010500001
2025-07-16 08:00:00,3162.44,3173.47,3143.81,3150.5,97381.3174,3150.5,3030.0004999999996,2898.4509999999996,3071.4673755104614,3009.5258371754603,61.94153833500104,53.88048270749095,63.89038943181263,0.012143686905288683,3030.0004999999996,3159.7593259202563,2900.241674079743,63.89038943181263,3030.0004999999996,2898.4509999999996,3071.4673755104614,3009.5258371754603,61.94153833500104,53.88048270749095,8.061055627510093,3030.0004999999996,3159.7593259202563,2900.241674079743,115927.716545
2025-07-16 12:00:00,3150.49,3265.44,3147.46,3244.49,278582.4246,3244.49,3044.078,2912.2724,3098.0862408165513,3026.930618708816,71.15562210773533,57.33551058753983,70.20604145140707,0.013513878204756238,3044.078,3201.372588604323,2886.783411395677,70.20604145140707,3044.078,2912.2724,3098.0862408165513,3026.930618708816,71.15562210773533,57.33551058753983,13.820111520195496,3044.078,3201.372588604323,2886.783411395677,128390.76869000001
2025-07-16 16:00:00,3244.48,3384.23,3235.0,3384.23,329179.6876,3384.23,3065.0605,2928.4539999999997,3142.108357614015,3053.3972799995945,88.71107761442045,63.610623992915954,76.53160557266654,0.01596058395498438,3065.0605,3279.340536201997,2850.780463798003,76.53160557266654,3065.0605,2928.4539999999997,3142.108357614015,3053.3972799995945,88.71107761442045,63.610623992915954,25.100453621504492,3065.0605,3279.340536201997,2850.780463798003,143160.87962
2025-07-16 20:00:00,3384.22,3425.0,3344.0,3371.35,213692.4403,3371.35,3084.0065,2944.5874,3177.376302596481,3076.9493666657872,100.42693593069362,70.9738863804715,79.89105084294,0.016118111232937243,3084.0065,3335.092451337265,2832.9205486627347,79.89105084294,3084.0065,2944.5874,3177.376302596481,3076.9493666657872,100.42693593069362,70.9738863804715,29.45304955022212,3084.0065,3335.092451337265,2832.9205486627347,147364.76721999998
2025-07-17 00:00:00,3371.35,3398.18,3310.77,3330.14,136566.2565,3330.14,3101.041,2958.9780000000005,3200.878409889334,3095.7042529715077,105.17415691782617,77.81394048794243,76.20326378847348,0.01656756198293245,3101.041,3370.659451804909,2831.422548195091,76.20326378847348,3101.041,2958.9780000000005,3200.878409889334,3095.7042529715077,105.17415691782617,77.81394048794243,27.360216429883735,3101.041,3370.659451804909,2831.422548195091,151220.612065
2025-07-17 04:00:00,3330.13,3468.0,3320.0,3447.9,159797.002,3447.9,3124.8345,2975.6310000000003,3238.8817314448265,3121.792858480749,117.08887296407738,85.66892698316943,79.59116925592807,0.017607621426125913,3124.8345,3428.372145387454,2821.2968546125458,79.59116925592807,3124.8345,2975.6310000000003,3238.8817314448265,3121.792858480749,117.08887296407738,85.66892698316943,31.419945980907954,3124.8345,3428.372145387454,2821.2968546125458,155572.511445
2025-07-17 08:00:00,3447.9,3480.19,3425.49,3433.29,156281.7676,3433.29,3144.631,2992.4618000000005,3268.790695837934,3144.8667467389296,123.9239490990044,93.31993140633644,85.06386635401037,0.01745582095855839,3144.631,3474.6379263642993,2814.6240736357004,85.06386635401037,3144.631,2992.4618000000005,3268.790695837934,3144.8667467389296,123.9239490990044,93.31993140633644,30.604017692667966,3144.631,3474.6379263642993,2814.6240736357004,157120.03808499998
2025-07-17 12:00:00,3433.3,3439.64,3361.2,3420.49,187960.2841,3420.49,3163.4044999999996,3008.3744,3292.1290503244086,3165.2833052563433,126.8457450680653,100.02509413868222,82.87813566869522,0.017582282941896052,3163.4044999999996,3511.7611426870617,2815.0478573129376,82.87813566869522,3163.4044999999996,3008.3744,3292.1290503244086,3165.2833052563433,126.8457450680653,100.02509413868222,26.820650929383078,3163.4044999999996,3511.7611426870617,2815.0478573129376,157714.68465500002
2025-07-17 16:00:00,3420.49,3455.54,3364.43,3412.33,143203.4818,3412.33,3181.435,3024.0924,3310.6215041206556,3183.5830780491874,127.03842607146817,105.42776052523942,81.78963198867655,0.01766382306674295,3181.435,3542.5479472820484,2820.3220527179515,81.78963198867655,3181.435,3024.0924,3310.6215041206556,3183.5830780491874,127.03842607146817,105.42776052523942,21.610665546228745,3181.435,3542.5479472820484,2820.3220527179515,157190.724355
2025-07-17 20:00:00,3412.32,3523.44,3372.51,3476.87,190257.0344,3476.87,3204.654,3040.4931999999994,3336.1981957944026,3205.308054606526,130.89014118787645,110.52023665776684,81.9419264284461,0.017328274764968555,3204.654,3579.4856535192703,2829.8223464807297,81.9419264284461,3204.654,3040.4931999999994,3336.1981957944026,3205.308054606526,130.89014118787645,110.52023665776684,20.369904530109608,3204.654,3579.4856535192703,2829.8223464807297,158040.761525
2025-07-18 00:00:00,3476.88,3626.57,3458.68,3596.4,250277.7388,3596.4,3234.4574999999995,3057.1210000000005,3376.2292425952664,3234.277852262724,141.95139033254236,116.80646739272197,84.61011289156924,0.018112796534978635,3234.4574999999995,3634.8049305820805,2834.1100694179186,84.61011289156924,3234.4574999999995,3057.1210000000005,3376.2292425952664,3234.277852262724,141.95139033254236,116.80646739272197,25.14492293982039,3234.4574999999995,3634.8049305820805,2834.1100694179186,164465.98661
2025-07-18 04:00:00,3596.4,3673.84,3576.0,3604.1,239600.3676,3604.1,3263.9815000000003,3073.8281999999995,3411.286282195996,3261.6721063749847,149.6141758210115,123.36800907837987,82.68300548210253,0.018152074141166954,3263.9815000000003,3682.4382774837622,2845.5247225162384,82.68300548210253,3263.9815000000003,3073.8281999999995,3411.286282195996,3261.6721063749847,149.6141758210115,123.36800907837987,26.246166742631615,3263.9815000000003,3682.4382774837622,2845.5247225162384,173173.91268
2025-07-18 08:00:00,3604.1,3628.12,3582.41,3610.24,150319.7932,3610.24,3296.9034999999994,3090.5104000000006,3441.894546473536,3287.4919686274907,154.40257784604546,129.574922831913,85.43163146802011,0.01687679675182079,3296.9034999999994,3715.5515377432866,2878.2554622567122,85.43163146802011,3296.9034999999994,3090.5104000000006,3441.894546473536,3287.4919686274907,154.40257784604546,129.574922831913,24.82765501413246,3296.9034999999994,3715.5515377432866,2878.2554622567122,173838.273105
2025-07-18 12:00:00,3610.23,3671.5,3530.0,3563.68,278381.8867,3563.68,3326.2129999999997,3105.9622,3460.630770092993,3307.9503547332274,152.68041535976545,134.1960213374835,78.75912094843528,0.017654324846902648,3326.2129999999997,3732.603565011683,2919.8224349883167,78.75912094843528,3326.2129999999997,3105.9622,3460.630770092993,3307.9503547332274,152.68041535976545,134.1960213374835,18.484394022281947,3326.2129999999997,3732.603565011683,2919.8224349883167,182846.032435
2025-07-18 16:00:00,3563.68,3624.8,3538.0,3551.59,121323.4152,3551.59,3354.737,3121.4202,3474.624497770995,3325.9977468186853,148.62675095230952,137.0821672604487,78.7433174241447,0.01779315775522895,3354.737,3738.5967533968405,2970.8772466031596,78.7433174241447,3354.737,3121.4202,3474.624497770995,3325.9977468186853,148.62675095230952,137.0821672604487,11.544583691860822,3354.737,3738.5967533968405,2970.8772466031596,185907.575635
2025-07-18 20:00:00,3551.59,3576.76,3477.58,3546.92,123920.1962,3546.92,3380.0865,3136.9722,3485.7468827293037,3342.362367362819,143.38451536648472,138.34263688165592,74.85494501882017,0.017743744563479335,3380.0865,3742.7907840879843,3017.3822159120155,74.85494501882017,3380.0865,3136.9722,3485.7468827293037,3342.362367362819,143.38451536648472,138.34263688165592,5.0418784848288,3380.0865,3742.7907840879843,3017.3822159120155,179897.91317500002
2025-07-19 00:00:00,3546.92,3599.0,3506.79,3592.98,79193.0349,3592.98,3407.6915,3152.5075999999995,3502.244285386334,3360.926646107832,141.31763927850216,138.93763736102517,70.27840920129782,0.017685123433534514,3407.6915,3744.8328138838906,3070.550186116109,70.27840920129782,3407.6915,3152.5075999999995,3502.244285386334,3360.926646107832,141.31763927850216,138.93763736102517,2.3800019174769886,3407.6915,3744.8328138838906,3070.550186116109,172669.404385
2025-07-19 04:00:00,3592.97,3608.3,3567.05,3571.47,53185.9792,3571.47,3429.3704999999995,3164.9112,3512.894395326898,3376.5224576146575,136.37193771224065,138.42449743126826,69.11950166239919,0.017067477442045738,3429.3704999999995,3748.756828710788,3109.984171289211,69.11950166239919,3429.3704999999995,3164.9112,3512.894395326898,3376.5224576146575,136.37193771224065,138.42449743126826,-2.052559719027613,3429.3704999999995,3748.756828710788,3109.984171289211,170310.941065
2025-07-19 08:00:00,3571.46,3578.38,3538.07,3552.75,63369.9911,3552.75,3451.2084999999997,3176.5713999999994,3519.0260268150673,3389.5763554672726,129.44967134779472,136.62953221457357,72.22322052510734,0.016998845393286433,3451.2084999999997,3738.4873582746145,3163.929641725385,72.22322052510734,3451.2084999999997,3176.5713999999994,3519.0260268150673,3389.5763554672726,129.44967134779472,136.62953221457357,-7.179860866778853,3451.2084999999997,3738.4873582746145,3163.929641725385,168126.401275
2025-07-19 12:00:00,3552.75,3572.31,3526.44,3552.0,70947.4114,3552.0,3470.686,3188.2416,3524.0989457665955,3401.6077415140226,122.49120425257297,133.80186662217346,63.56033764068362,0.0169513875471475,3470.686,3726.6479303436554,3214.724069656345,63.56033764068362,3470.686,3188.2416,3524.0989457665955,3401.6077415140226,122.49120425257297,133.80186662217346,-11.310662369600493,3470.686,3726.6479303436554,3214.724069656345,166171.07552999997
2025-07-19 16:00:00,3552.0,3581.92,3532.78,3577.61,63243.4261,3577.61,3492.0415000000003,3200.1138,3532.331415648658,3414.644950833136,117.68646481552196,130.57878626084317,68.27575726876714,0.016796521800097452,3492.0415000000003,3702.8024976177494,3281.280502382251,68.27575726876714,3492.0415000000003,3200.1138,3532.331415648658,3414.644950833136,117.68646481552196,130.57878626084317,-12.892321445321215,3492.0415000000003,3702.8024976177494,3281.280502382251,164464.180965
2025-07-19 20:00:00,3577.61,3598.31,3539.0,3592.01,51852.0786,3592.01,3509.4174999999996,3212.9321999999997,3541.512736318095,3427.7831072764516,113.72962904164342,127.20895481700322,71.63252951266277,0.015876439407297636,3509.4174999999996,3689.282589427391,3329.552410572608,71.63252951266277,3509.4174999999996,3212.9321999999997,3541.512736318095,3427.7831072764516,113.72962904164342,127.20895481700322,-13.479325775359797,3509.4174999999996,3689.282589427391,3329.552410572608,153127.663665
2025-07-20 00:00:00,3592.0,3694.99,3579.13,3658.01,120180.4935,3658.01,3523.1065000000003,3225.9404,3559.435392269157,3444.8369567745012,114.59843549465586,124.68685095253377,77.0405917055561,0.013570476653878658,3523.1065000000003,3704.521659730345,3341.6913402696555,77.0405917055561,3523.1065000000003,3225.9404,3559.435392269157,3444.8369567745012,114.59843549465586,124.68685095253377,-10.088415457877915,3523.1065000000003,3704.521659730345,3341.6913402696555,142677.70396
2025-07-20 04:00:00,3658.01,3689.97,3633.18,3668.49,83643.0008,3668.49,3537.9634999999994,3240.1458,3576.213024227748,3461.4038538957525,114.80917033199557,122.71131482842615,73.93933336664837,0.013450397303769703,3537.9634999999994,3715.680693229749,3360.2463067702497,73.93933336664837,3537.9634999999994,3240.1458,3576.213024227748,3461.4038538957525,114.80917033199557,122.71131482842615,-7.90214449643058,3537.9634999999994,3715.680693229749,3360.2463067702497,136175.23198500002
2025-07-20 08:00:00,3668.5,3766.45,3668.5,3756.71,196973.3489,3756.71,3559.292,3255.9582,3603.9817897311714,3483.2783893869164,120.70340034425499,122.30973193159193,71.72752161773877,0.013547750341073885,3559.292,3734.3603953682914,3384.2236046317084,71.72752161773877,3559.292,3255.9582,3603.9817897311714,3483.2783893869164,120.70340034425499,122.30973193159193,-1.606331587336939,3559.292,3734.3603953682914,3384.2236046317084,139195.586605
2025-07-20 12:00:00,3756.7,3790.0,3724.94,3786.05,132622.0181,3786.05,3576.1995,3272.4221999999995,3631.992283618684,3505.705921937502,126.28636168118192,123.10505788150995,73.29407246191273,0.011692750665850593,3576.1995,3770.256584002531,3382.1424159974695,73.29407246191273,3576.1995,3272.4221999999995,3631.992283618684,3505.705921937502,126.28636168118192,123.10505788150995,3.1813037996719657,3576.1995,3770.256584002531,3382.1424159974695,137836.83741
2025-07-20 16:00:00,3786.06,3824.56,3730.72,3749.93,184914.7826,3749.93,3592.0315,3288.153,3650.136547677348,3523.7965987472257,126.33994893012232,123.75203609123243,66.60880317694338,0.011964318845426787,3592.0315,3788.6461850300348,3395.4168149699653,66.60880317694338,3592.0315,3288.153,3650.136547677348,3523.7965987472257,126.33994893012232,123.75203609123243,2.587912838889892,3592.0315,3788.6461850300348,3395.4168149699653,139268.48816
2025-07-20 20:00:00,3749.93,3772.97,3681.6,3756.69,134022.9094,3756.69,3608.8415,3304.9657999999995,3666.5293864962173,3541.047965653301,125.48142084291612,124.09791304156917,75.3473590208284,0.011827555310680441,3608.8415,3801.1443048923356,3416.5386951076644,75.3473590208284,3608.8415,3304.9657999999995,3666.5293864962173,3541.047965653301,125.48142084291612,124.09791304156917,1.3835078013469513,3608.8415,3801.1443048923356,3416.5386951076644,136571.61942499998
2025-07-21 00:00:00,3756.69,3766.28,3701.01,3757.37,101795.1978,3757.37,3626.0935,3321.2895999999996,3680.504865496799,3557.071823360786,123.43304213601323,123.964938860458,77.85930900032484,0.011759621709467072,3626.0935,3805.653234822313,3446.5337651776867,77.85930900032484,3626.0935,3321.2895999999996,3680.504865496799,3557.071823360786,123.43304213601323,123.964938860458,-0.5318967244447776,3626.0935,3805.653234822313,3446.5337651776867,134501.205225
2025-07-21 04:00:00,3757.38,3812.49,3747.38,3787.69,112872.7327,3787.69,3641.6345,3338.1777999999995,3696.994886189599,3574.1546545287615,122.84023166083762,123.73999742053392,80.47953009089292,0.011320936196197475,3641.6345,3820.616057118064,3462.6529428819363,80.47953009089292,3641.6345,3338.1777999999995,3696.994886189599,3574.1546545287615,122.84023166083762,123.73999742053392,-0.899765759696308,3641.6345,3820.616057118064,3462.6529428819363,130631.99013999998
2025-07-21 08:00:00,3787.7,3837.0,3755.32,3808.69,138350.401,3808.69,3652.249,3355.2495999999996,3714.1787498527374,3591.5276461602393,122.65110369249805,123.52221867492676,79.15709226568619,0.00886529821269438,3652.249,3844.614560644547,3459.8834393554525,79.15709226568619,3652.249,3355.2495999999996,3714.1787498527374,3591.5276461602393,122.65110369249805,123.52221867492676,-0.8711149824287077,3652.249,3844.614560644547,3459.8834393554525,125035.62324999999
2025-07-21 12:00:00,3808.69,3860.0,3775.39,3810.37,179461.8476,3810.37,3662.5625,3372.1981999999994,3728.977403721547,3607.73819354846,121.23921017308703,123.06561697455881,84.12077239488114,0.008881181817231985,3662.5625,3865.8657353665626,3459.2592646334374,84.12077239488114,3662.5625,3372.1981999999994,3728.977403721547,3607.73819354846,121.23921017308703,123.06561697455881,-1.8264068014717765,3662.5625,3865.8657353665626,3459.2592646334374,122028.69725
2025-07-21 16:00:00,3810.37,3817.28,3719.0,3736.46,214277.1512,3736.46,3668.8735,3387.6358,3730.1285723797705,3617.273143622846,112.85542875692454,121.02357933103197,72.66513682236533,0.010179659122122393,3668.8735,3873.171836162909,3464.575163837091,72.66513682236533,3668.8735,3387.6358,3730.1285723797705,3617.273143622846,112.85542875692454,121.02357933103197,-8.168150574107429,3668.8735,3873.171836162909,3464.575163837091,125226.56515
2025-07-21 20:00:00,3736.47,3779.48,3719.7,3762.33,65316.7231,3762.33,3678.8060000000005,3403.0338,3735.082638167498,3628.018097458324,107.0645407091738,118.23177160666035,74.43481493529121,0.009626550399396349,3678.8060000000005,3880.874228227332,3476.737771772669,74.43481493529121,3678.8060000000005,3403.0338,3735.082638167498,3628.018097458324,107.0645407091738,118.23177160666035,-11.167230897486547,3678.8060000000005,3880.874228227332,3476.737771772669,114573.30697
2025-07-22 00:00:00,3762.32,3798.65,3696.18,3731.14,142115.4027,3731.14,3687.7835,3417.8676,3734.476078449421,3635.656757900628,98.81932054879326,114.34928139508692,67.6078629263481,0.009850963078412543,3687.7835,3881.8496736597413,3493.7173263402588,67.6078629263481,3687.7835,3417.8676,3734.476078449421,3635.656757900628,98.81932054879326,114.34928139508692,-15.529960846293662,3687.7835,3881.8496736597413,3493.7173263402588,115612.906345
2025-07-22 04:00:00,3731.13,3734.01,3646.0,3676.91,170003.3783,3676.91,3694.2830000000004,3431.9652,3725.6197586879716,3638.7125539801664,86.90720470780525,108.86086605763059,58.92181588902896,0.010540806435774847,3694.2830000000004,3876.8516986602904,3511.7143013397103,58.92181588902896,3694.2830000000004,3431.9652,3725.6197586879716,3638.7125539801664,86.90720470780525,108.86086605763059,-21.95366134982534,3694.2830000000004,3876.8516986602904,3511.7143013397103,117917.06545
2025-07-22 08:00:00,3676.91,3719.99,3616.54,3705.3,161764.7815,3705.3,3699.899,3445.324,3722.493641966745,3643.6449579397463,78.84868402699885,102.85842965150424,55.39606106939911,0.010311416981625455,3699.899,3876.1476900764646,3523.650309923535,55.39606106939911,3699.899,3445.324,3722.493641966745,3643.6449579397463,78.84868402699885,102.85842965150424,-24.009745624505385,3699.899,3876.1476900764646,3523.650309923535,122045.65278
2025-07-22 12:00:00,3705.3,3728.53,3625.42,3718.11,204142.8732,3718.11,3707.2309999999998,3458.7857999999997,3721.819235510323,3649.1608875514817,72.6583479588412,96.81841331297164,55.631980386815606,0.010161300772097667,3707.2309999999998,3872.8650745390464,3541.596925460953,55.631980386815606,3707.2309999999998,3458.7857999999997,3721.819235510323,3649.1608875514817,72.6583479588412,96.81841331297164,-24.160065354130438,3707.2309999999998,3872.8650745390464,3541.596925460953,129593.49747999999
2025-07-22 16:00:00,3718.11,3748.9,3655.19,3670.14,122042.4043,3670.14,3713.1004999999996,3471.1542,3713.86858389335,3650.714896029754,63.15368786359613,90.08546822309656,39.18604941664377,0.010586584934688326,3713.1004999999996,3863.2841867550987,3562.9168132449004,39.18604941664377,3713.1004999999996,3471.1542,3713.86858389335,3650.714896029754,63.15368786359613,90.08546822309656,-26.931780359500422,3713.1004999999996,3863.2841867550987,3562.9168132449004,132527.11813999998
2025-07-22 20:00:00,3670.13,3751.0,3662.14,3746.21,70058.5464,3746.21,3722.811,3485.8286,3718.844186371296,3657.78860806191,61.055578309385965,84.27949024035445,45.543624161073815,0.011394194784050366,3722.811,3852.9072441950943,3592.714755804906,45.543624161073815,3722.811,3485.8286,3718.844186371296,3657.78860806191,61.055578309385965,84.27949024035445,-23.223911930968484,3722.811,3852.9072441950943,3592.714755804906,132482.67489
2025-07-23 00:00:00,3746.21,3764.2,3712.45,3728.63,94168.634,3728.63,3730.362,3500.3946,3720.3496961603278,3663.036119006485,57.31357715384274,78.88630762305212,47.514353731970346,0.011458373801275772,3730.362,3841.0574893008934,3619.6665106991068,47.514353731970346,3730.362,3500.3946,3720.3496961603278,3663.036119006485,57.31357715384274,78.88630762305212,-21.572730469209375,3730.362,3841.0574893008934,3619.6665106991068,134028.93528499999
2025-07-23 04:00:00,3728.63,3737.6,3663.91,3673.33,75662.4304,3673.33,3734.428,3513.5887999999995,3713.115896751047,3663.7986287676495,49.317267983397414,72.97249969512119,41.262054507337524,0.01205462913292798,3734.428,3828.443463364088,3640.4125366359117,41.262054507337524,3734.428,3513.5887999999995,3713.115896751047,3663.7986287676495,49.317267983397414,72.97249969512119,-23.655231711723772,3734.428,3828.443463364088,3640.4125366359117,135219.452875
2025-07-23 08:00:00,3673.33,3698.0,3639.96,3671.99,85820.92,3671.99,3735.1269999999995,3527.9926,3706.7888357124248,3664.405397049774,42.38343866265086,66.85468748862712,41.06268056776787,0.011356636517964869,3735.1269999999995,3826.932092187548,3643.321907812451,41.06268056776787,3735.1269999999995,3527.9926,3706.7888357124248,3664.405397049774,42.38343866265086,66.85468748862712,-24.47124882597626,3735.1269999999995,3826.932092187548,3643.321907812451,133501.4742
2025-07-23 12:00:00,3671.99,3680.68,3573.47,3644.22,267456.6077,3644.22,3733.9135,3541.3272,3697.1628609874365,3662.9101823560864,34.252678631350136,60.334285717171724,34.901391256761585,0.011469165186122817,3733.9135,3829.9704702174377,3637.8565297825626,34.901391256761585,3733.9135,3541.3272,3697.1628609874365,3662.9101823560864,34.252678631350136,60.334285717171724,-26.081607085821588,3733.9135,3829.9704702174377,3637.8565297825626,142692.154545
2025-07-23 16:00:00,3644.21,3644.21,3552.0,3587.75,162389.0403,3587.75,3725.4655,3553.46,3680.3301131432154,3657.342761104988,22.987352038227527,52.86489898138288,28.363821536292065,0.010416600687693574,3725.4655,3840.8547145784773,3610.0762854215222,28.363821536292065,3725.4655,3553.46,3680.3301131432154,3657.342761104988,22.987352038227527,52.86489898138288,-29.87754694315535,3725.4655,3840.8547145784773,3610.0762854215222,140962.939115
2025-07-23 20:00:00,3587.74,3634.93,3527.0,3628.29,114761.7701,3628.29,3717.5774999999994,3565.2272,3672.323941890413,3655.190704606642,17.133237283770995,45.718566641860505,33.4304018637158,0.010621131449227212,3717.5774999999994,3837.0261207758313,3598.1288792241676,33.4304018637158,3717.5774999999994,3565.2272,3672.323941890413,3655.190704606642,17.133237283770995,45.718566641860505,-28.58532935808951,3717.5774999999994,3837.0261207758313,3598.1288792241676,140069.926715
2025-07-24 00:00:00,3628.29,3665.31,3612.57,3641.19,55247.2289,3641.19,3712.1405,3577.2333999999996,3667.5341046765034,3654.153615322887,13.380489353616213,39.25095118421165,40.247323055504395,0.010539855903384349,3712.1405,3835.232265764135,3589.048734235865,40.247323055504395,3712.1405,3577.2333999999996,3667.5341046765034,3654.153615322887,13.380489353616213,39.25095118421165,-25.87046183059544,3712.1405,3835.232265764135,3589.048734235865,133586.54903000002
2025-07-24 04:00:00,3641.19,3657.57,3502.85,3591.9,160457.1539,3591.9,3703.9010000000003,3586.3136000000004,3655.8980885724263,3649.542236189266,6.355852383160254,32.67193142400137,33.35156784214129,0.010846847361512677,3703.9010000000003,3836.157012482912,3571.644987517089,33.35156784214129,3703.9010000000003,3586.3136000000004,3655.8980885724263,3649.542236189266,6.355852383160254,32.67193142400137,-26.316079040841117,3703.9010000000003,3836.157012482912,3571.644987517089,134908.261255
2025-07-24 08:00:00,3591.9,3660.36,3580.79,3655.12,120812.1182,3655.12,3698.7885,3597.0962,3655.7783826382065,3649.9554038972688,5.822978740937742,27.302140887388646,43.01132602780026,0.011711691091096066,3698.7885,3830.2445161422265,3567.3324838577737,43.01132602780026,3698.7885,3597.0962,3655.7783826382065,3649.9554038972688,5.822978740937742,27.302140887388646,-21.479162146450903,3698.7885,3830.2445161422265,3567.3324838577737,135859.10727500002
2025-07-24 12:00:00,3655.12,3771.0,3612.96,3730.76,206707.6566,3730.76,3695.942,3608.4624,3667.314016078483,3655.940929780235,11.373086298247927,24.116329969560503,54.763041978453565,0.012553967402212278,3695.942,3821.631591513069,3570.252408486931,54.763041978453565,3695.942,3608.4624,3667.314016078483,3655.940929780235,11.373086298247927,24.116329969560503,-12.743243671312577,3695.942,3821.631591513069,3570.252408486931,140550.85347000003
2025-07-24 16:00:00,3730.77,3754.17,3666.74,3732.79,135066.6564,3732.79,3692.147,3620.1082,3677.387244374101,3661.6334537166044,15.753790657496666,22.44382210714774,52.55042398827303,0.012472970911917163,3692.147,3807.675553608762,3576.6184463912377,52.55042398827303,3692.147,3620.1082,3677.387244374101,3661.6334537166044,15.753790657496666,22.44382210714774,-6.690031449651073,3692.147,3807.675553608762,3576.6184463912377,140386.66624
2025-07-24 20:00:00,3732.77,3743.44,3695.32,3706.94,71168.681,3706.94,3686.9755000000005,3629.3572,3681.9338221627004,3664.989494300163,16.944327862537193,21.343923258225633,48.9881696469011,0.012538869263190148,3686.9755000000005,3788.650719456681,3585.30028054332,48.9881696469011,3686.9755000000005,3629.3572,3681.9338221627004,3664.989494300163,16.944327862537193,21.343923258225633,-4.39959539568844,3686.9755000000005,3788.650719456681,3585.30028054332,134972.00791
2025-07-25 00:00:00,3706.95,3708.21,3573.76,3596.0,174613.3279,3596.0,3679.9525000000003,3633.5926,3668.7132341376696,3659.8791612224964,8.834072915173238,18.841953189615154,43.97176960353856,0.013521377629607888,3679.9525000000003,3786.522135227943,3573.3828647720575,43.97176960353856,3679.9525000000003,3633.5926,3668.7132341376696,3659.8791612224964,8.834072915173238,18.841953189615154,-10.007880274441916,3679.9525000000003,3786.522135227943,3573.3828647720575,132988.81674500002
2025-07-25 04:00:00,3596.01,3667.59,3580.0,3631.67,138812.6314,3631.67,3673.4195,3638.7990000000004,3663.0142750395667,3657.7895936614796,5.224681378087098,16.118498827309544,40.0320256204964,0.013639492643919773,3673.4195,3774.6100024614775,3572.2289975385224,40.0320256204964,3673.4195,3638.7990000000004,3663.0142750395667,3657.7895936614796,5.224681378087098,16.118498827309544,-10.893817449222446,3673.4195,3774.6100024614775,3572.2289975385224,136663.61216
2025-07-25 08:00:00,3631.67,3747.0,3629.1,3721.37,150331.2639,3721.37,3672.9309999999996,3646.6236,3671.992078879633,3662.499253521848,9.492825357785023,14.793364133404639,49.43865400674232,0.014747452014021474,3672.9309999999996,3773.036766362046,3572.8252336379533,49.43865400674232,3672.9309999999996,3646.6236,3671.992078879633,3662.499253521848,9.492825357785023,14.793364133404639,-5.300538775619616,3672.9309999999996,3773.036766362046,3572.8252336379533,137074.40522000002
2025-07-25 12:00:00,3721.37,3735.0,3601.56,3634.2,155344.4949,3634.2,3670.7954999999993,3650.3495999999996,3666.177912898151,3660.4030124659985,5.774900432152663,12.989671393154245,47.11656080055413,0.01533015045987829,3670.7954999999993,3772.355523107861,3569.2354768921377,47.11656080055413,3670.7954999999993,3650.3495999999996,3666.177912898151,3660.4030124659985,5.774900432152663,12.989671393154245,-7.214770961001582,3670.7954999999993,3772.355523107861,3569.2354768921377,136341.46104999998
2025-07-25 16:00:00,3634.21,3659.75,3615.0,3641.14,78268.9365,3641.14,3667.5875,3654.5066,3662.3259262984357,3658.9761226195224,3.349803678913304,11.061697850306057,47.74531156359172,0.01522136603993098,3667.5875,3768.610316364923,3566.564683635077,47.74531156359172,3667.5875,3654.5066,3662.3259262984357,3658.9761226195224,3.349803678913304,11.061697850306057,-7.711894171392753,3667.5875,3768.610316364923,3566.564683635077,132166.66879999998
2025-07-25 20:00:00,3641.15,3730.0,3639.5,3724.96,67236.0715,3724.96,3667.9300000000003,3660.5959999999995,3671.9619376371375,3663.863817348707,8.098120288430437,10.468982337930933,55.454078737604384,0.01610949387735493,3667.9300000000003,3769.7175800508926,3566.142419949108,55.454078737604384,3667.9300000000003,3660.5959999999995,3671.9619376371375,3663.863817348707,8.098120288430437,10.468982337930933,-2.370862049500497,3667.9300000000003,3769.7175800508926,3566.142419949108,125321.328715
2025-07-26 00:00:00,3724.97,3767.13,3697.66,3739.51,73919.6127,3739.51,3671.3985000000002,3667.1396000000004,3682.3539472314246,3669.467238400917,12.886708830507814,10.95252763644631,60.86701228768655,0.01582509552060637,3671.3985000000002,3778.1116737094494,3564.685326290551,60.86701228768655,3671.3985000000002,3667.1396000000004,3682.3539472314246,3669.467238400917,12.886708830507814,10.95252763644631,1.9341811940615035,3671.3985000000002,3778.1116737094494,3564.685326290551,122915.189135
2025-07-26 04:00:00,3739.5,3756.62,3731.53,3742.21,44556.8773,3742.21,3671.1985,3672.4464000000003,3691.5625707342824,3674.855591214423,16.706979519859487,12.103418013128948,58.624814511977235,0.015133429525668393,3671.1985,3777.334747942697,3565.062252057303,58.624814511977235,3671.1985,3672.4464000000003,3691.5625707342824,3674.855591214423,16.706979519859487,12.103418013128948,4.603561506730539,3671.1985,3777.334747942697,3565.062252057303,121640.10568000001
2025-07-26 08:00:00,3742.2,3782.83,3730.25,3739.36,110694.4458,3739.36,3671.7349999999997,3675.3056,3698.916021390547,3679.633695653039,19.282325737508017,13.539199558004764,57.54724233897628,0.015093990154363504,3671.7349999999997,3779.193825505086,3564.2761744949134,57.54724233897628,3671.7349999999997,3675.3056,3698.916021390547,3679.633695653039,19.282325737508017,13.539199558004764,5.743126179503253,3671.7349999999997,3779.193825505086,3564.2761744949134,122466.39627
2025-07-26 12:00:00,3739.37,3754.2,3715.58,3735.72,64440.8109,3735.72,3674.8545000000004,3677.9380000000006,3704.5781719458478,3683.7882367835077,20.789935162340043,14.989346678871822,61.89145389601796,0.014677476620702082,3674.8545000000004,3786.0651173414167,3563.643882658584,61.89145389601796,3674.8545000000004,3677.9380000000006,3704.5781719458478,3683.7882367835077,20.789935162340043,14.989346678871822,5.800588483468221,3674.8545000000004,3786.0651173414167,3563.643882658584,121905.31529500001
2025-07-26 16:00:00,3735.72,3756.06,3709.39,3750.5,53501.8339,3750.5,3678.78,3680.7432,3711.643068569563,3688.729848948213,22.91321962134998,16.574121267367456,58.5730207809017,0.014688982475065527,3678.78,3794.9947757612963,3562.565224238704,58.5730207809017,3678.78,3680.7432,3711.643068569563,3688.729848948213,22.91321962134998,16.574121267367456,6.339098353982525,3678.78,3794.9947757612963,3562.565224238704,120289.36099
2025-07-26 20:00:00,3750.5,3793.0,3733.49,3741.1,60146.1218,3741.1,3683.624,3684.2915999999996,3716.1749041742455,3692.6091194507144,23.565784723531124,17.97245395860019,51.055015917067955,0.014573997609601937,3683.624,3801.8325615208446,3565.415438479155,51.055015917067955,3683.624,3684.2915999999996,3716.1749041742455,3692.6091194507144,23.565784723531124,17.97245395860019,5.593330764930933,3683.624,3801.8325615208446,3565.415438479155,109923.83669500002
2025-07-27 00:00:00,3741.11,3787.8,3731.0,3774.03,41045.2346,3774.03,3692.9379999999996,3688.7403999999997,3725.075688147438,3698.6402958657523,26.435392281685836,19.66504162321732,53.95822935462819,0.014095093265524222,3692.9379999999996,3808.6685519593993,3577.2074480406,53.95822935462819,3692.9379999999996,3688.7403999999997,3725.075688147438,3698.6402958657523,26.435392281685836,19.66504162321732,6.770350658468516,3692.9379999999996,3808.6685519593993,3577.2074480406,103856.64641
2025-07-27 04:00:00,3774.03,3811.0,3763.0,3768.01,60429.0286,3768.01,3699.9240000000004,3693.1621999999998,3731.680966893986,3703.7787925298644,27.902174364121493,21.312468171398155,56.09347249106984,0.013971973844918386,3699.9240000000004,3816.0906411759015,3583.7573588240994,56.09347249106984,3699.9240000000004,3693.1621999999998,3731.680966893986,3703.7787925298644,27.902174364121493,21.312468171398155,6.589706192723337,3699.9240000000004,3816.0906411759015,3583.7573588240994,101140.00933500001
2025-07-27 08:00:00,3768.0,3842.95,3751.0,3815.26,90831.0542,3815.26,3708.6275,3697.6078,3744.5392796795263,3712.0366598415,32.502619838026476,23.550498504723823,75.06286863883679,0.014168208412242816,3708.6275,3832.118358280816,3585.136641719184,75.06286863883679,3708.6275,3697.6078,3744.5392796795263,3712.0366598415,32.502619838026476,23.550498504723823,8.952121333302653,3708.6275,3832.118358280816,3585.136641719184,102919.20060000001
2025-07-27 12:00:00,3815.26,3836.54,3791.48,3818.53,90376.2482,3818.53,3719.959,3702.5490000000004,3755.9224674211373,3719.9250554898385,35.99741193129876,26.039881190038816,73.0679966421411,0.01367115476069131,3719.959,3839.8911341249905,3600.026865875009,73.0679966421411,3719.959,3702.5490000000004,3755.9224674211373,3719.9250554898385,35.99741193129876,26.039881190038816,9.95753074125994,3719.959,3839.8911341249905,3600.026865875009,99415.15531500001
2025-07-27 16:00:00,3818.53,3868.08,3809.01,3828.32,109495.5836,3828.32,3728.619,3708.0604000000003,3767.060549356347,3727.954310715118,39.10623864122908,28.653152680276875,66.44827904401586,0.013241504095703228,3728.619,3853.7385244807983,3603.499475519202,66.44827904401586,3728.619,3708.0604000000003,3767.060549356347,3727.954310715118,39.10623864122908,28.653152680276875,10.453085960952208,3728.619,3853.7385244807983,3603.499475519202,98849.328585
2025-07-27 20:00:00,3828.33,3879.82,3816.01,3872.1,65175.3113,3872.1,3735.686,3714.4624,3783.2204648399857,3738.631769274711,44.58869556527452,31.840261257276403,92.222774385915,0.012719878674525315,3735.686,3876.319242218287,3595.0527577817134,92.222774385915,3735.686,3714.4624,3783.2204648399857,3738.631769274711,44.58869556527452,31.840261257276403,12.748434307998117,3735.686,3876.319242218287,3595.0527577817134,91772.71132
2025-07-28 00:00:00,3872.11,3907.4,3843.0,3879.81,101123.9194,3879.81,3743.0369999999994,3720.5064,3798.080393326142,3749.08941608039,48.990977245751765,35.270404454971484,92.24397323799063,0.01271564685432069,3743.0369999999994,3897.7024885601954,3588.3715114398033,92.24397323799063,3743.0369999999994,3720.5064,3798.080393326142,3749.08941608039,48.990977245751765,35.270404454971484,13.720572790780281,3743.0369999999994,3897.7024885601954,3588.3715114398033,90075.57447
2025-07-28 04:00:00,3879.81,3941.0,3868.34,3893.0,116692.6349,3893.0,3752.3399999999992,3726.5262,3812.6834097375045,3759.7494594141926,52.93395032331182,38.80311362863955,89.65826489190964,0.012542182891778922,3752.3399999999992,3919.723395516765,3584.9566044832336,89.65826489190964,3752.3399999999992,3726.5262,3812.6834097375045,3759.7494594141926,52.93395032331182,38.80311362863955,14.130836694672269,3752.3399999999992,3919.723395516765,3584.9566044832336,92351.772165
2025-07-28 08:00:00,3893.01,3901.94,3860.01,3879.79,61307.7424,3879.79,3766.5294999999996,3730.9618,3823.007500547119,3768.64135137161,54.36614917550878,41.9157207380134,83.31749952498562,0.010092668535756695,3766.5294999999996,3926.039390071153,3607.0196099288464,83.31749952498562,3766.5294999999996,3730.9618,3823.007500547119,3768.64135137161,54.36614917550878,41.9157207380134,12.450428437495383,3766.5294999999996,3926.039390071153,3607.0196099288464,86686.49289000001
2025-07-28 12:00:00,3879.8,3889.99,3773.33,3808.11,175985.1258,3808.11,3775.3514999999998,3733.7542000000003,3820.715577386024,3771.5649549926407,49.1506223933834,43.3627010690874,61.78890876565295,0.011137510311107749,3775.3514999999998,3922.493732268058,3628.2092677319415,61.78890876565295,3775.3514999999998,3733.7542000000003,3820.715577386024,3771.5649549926407,49.1506223933834,43.3627010690874,5.787921324296001,3775.3514999999998,3922.493732268058,3628.2092677319415,88545.11761
2025-07-28 16:00:00,3808.11,3822.8,3754.0,3797.36,100389.1324,3797.36,3779.1510000000003,3734.5671999999995,3817.122411634328,3773.475699078714,43.6467125556137,43.41950336639267,60.09046624913012,0.009869775297594,3779.1510000000003,3924.33554403742,3633.9664559625808,60.09046624913012,3779.1510000000003,3734.5671999999995,3817.122411634328,3773.475699078714,43.6467125556137,43.41950336639267,0.2272091892210355,3779.1510000000003,3924.33554403742,3633.9664559625808,86048.011035
2025-07-28 20:00:00,3797.37,3803.98,3765.88,3799.0,65496.1914,3799.0,3787.3910000000005,3734.8262,3814.33434830597,3775.366388046341,38.96796025962885,42.52919474503991,61.08619481429575,0.008024357735506098,3787.3910000000005,3915.657465716311,3659.12453428369,61.08619481429575,3787.3910000000005,3734.8262,3814.33434830597,3775.366388046341,38.96796025962885,42.52919474503991,-3.561234485411056,3787.3910000000005,3915.657465716311,3659.12453428369,81555.59586
2025-07-29 00:00:00,3799.0,3821.48,3731.21,3791.9,98310.4444,3791.9,3794.929,3735.6656,3810.8829101050515,3776.5911000492024,34.291810055849055,40.88171780720174,57.45355033847042,0.008077111101567792,3794.929,3903.1616021316845,3686.6963978683157,57.45355033847042,3794.929,3735.6656,3810.8829101050515,3776.5911000492024,34.291810055849055,40.88171780720174,-6.589907751352683,3794.929,3903.1616021316845,3686.6963978683157,82557.67125500001
2025-07-29 04:00:00,3791.91,3880.0,3775.77,3877.36,85485.2262,3877.36,3802.549,3738.079,3821.1101547042745,3784.0554630440415,37.05469166023295,40.11631257780798,69.25773079314833,0.008011637866089152,3802.549,3911.496913754986,3693.601086245014,69.25773079314833,3802.549,3738.079,3821.1101547042745,3784.0554630440415,37.05469166023295,40.11631257780798,-3.061620917575034,3802.549,3911.496913754986,3693.601086245014,83470.12899
2025-07-29 08:00:00,3877.36,3886.44,3811.78,3825.9,82993.7615,3825.9,3806.8685000000005,3739.4496000000004,3821.8470539805403,3787.1550583877697,34.69199559277058,39.03144918080051,56.96596921919905,0.008692607853197757,3806.8685000000005,3912.0790854739653,3701.6579145260357,56.96596921919905,3806.8685000000005,3739.4496000000004,3821.8470539805403,3787.1550583877697,34.69199559277058,39.03144918080051,-4.339453588029926,3806.8685000000005,3912.0790854739653,3701.6579145260357,83923.83643
2025-07-29 12:00:00,3825.89,3874.54,3747.0,3761.57,140877.5291,3761.57,3807.8365,3738.9272,3812.5736610604567,3785.2598688698326,27.3137921906241,36.687917782765226,49.25224095490223,0.009580195298074225,3807.8365,3910.876105727147,3704.7968942728526,49.25224095490223,3807.8365,3738.9272,3812.5736610604567,3785.2598688698326,27.3137921906241,36.687917782765226,-9.374125592141127,3807.8365,3910.876105727147,3704.7968942728526,88739.86902
2025-07-29 16:00:00,3761.56,3797.0,3716.04,3765.89,117271.5126,3765.89,3809.1629999999996,3738.0712,3805.3915593588476,3783.825063762943,21.5664955959046,33.6636333453931,43.63279940158368,0.009578558951283374,3809.1629999999996,3909.128043806036,3709.197956193963,43.63279940158368,3809.1629999999996,3738.0712,3805.3915593588476,3783.825063762943,21.5664955959046,33.6636333453931,-12.097137749488503,3809.1629999999996,3909.128043806036,3709.197956193963,89068.72236
2025-07-29 20:00:00,3765.89,3801.77,3739.14,3793.79,59271.9655,3793.79,3812.0665,3737.7396000000003,3803.6067040728713,3784.563207190492,19.04349688237926,30.739606052790332,46.99990298797048,0.009698064720385485,3812.0665,3906.256281605715,3717.876718394285,46.99990298797048,3812.0665,3737.7396000000003,3803.6067040728713,3784.563207190492,19.04349688237926,30.739606052790332,-11.696109170411074,3812.0665,3906.256281605715,3717.876718394285,88810.28009
2025-07-30 00:00:00,3793.79,3828.71,3756.0,3817.47,65329.138,3817.47,3815.415,3739.3597999999997,3805.739518830891,3787.0007474064982,18.73877142439278,28.339439127110822,48.72715328124629,0.009750334828271324,3815.415,3905.040138508213,3725.7898614917867,48.72715328124629,3815.415,3739.3597999999997,3805.739518830891,3787.0007474064982,18.73877142439278,28.339439127110822,-9.600667702718042,3815.415,3905.040138508213,3725.7898614917867,89401.645295
2025-07-30 04:00:00,3817.46,3834.03,3786.87,3811.44,52195.7236,3811.44,3818.932,3740.342,3806.6165159338307,3788.811062418853,17.80545351497767,26.23264200468419,42.192246305925956,0.009735332615560203,3818.932,3901.52275584812,3736.3412441518794,42.192246305925956,3818.932,3740.342,3806.6165159338307,3788.811062418853,17.80545351497767,26.23264200468419,-8.42718848970652,3818.932,3901.52275584812,3736.3412441518794,89004.125385
2025-07-30 08:00:00,3811.44,3825.73,3744.16,3758.18,74284.4796,3758.18,3818.1395,3740.8828,3799.1647442517033,3786.542094825971,12.622649425732106,23.510643488893777,35.98765005414619,0.010097165013728092,3818.1395,3902.8220792001216,3733.456920799879,35.98765005414619,3818.1395,3740.8828,3799.1647442517033,3786.542094825971,12.622649425732106,23.510643488893777,-10.88799406316167,3818.1395,3902.8220792001216,3733.456920799879,90666.087635
2025-07-30 12:00:00,3758.18,3832.0,3749.74,3797.25,90460.8437,3797.25,3819.6014999999998,3743.2895999999996,3798.8701682129795,3787.3352729890494,11.534895223930107,21.115493835901045,39.58990193307094,0.010360170279775828,3819.6014999999998,3901.6073622486388,3737.5956377513608,39.58990193307094,3819.6014999999998,3743.2895999999996,3798.8701682129795,3787.3352729890494,11.534895223930107,21.115493835901045,-9.580598611970938,3819.6014999999998,3901.6073622486388,3737.5956377513608,92167.67838999999
2025-07-30 16:00:00,3797.25,3822.0,3677.65,3760.68,175379.9749,3760.68,3816.8725,3744.3972,3792.994757718675,3785.3608083184936,7.633949400181336,18.419184948757103,37.67615106052765,0.010181663962861036,3816.8725,3903.014992204154,3730.7300077958457,37.67615106052765,3816.8725,3744.3972,3792.994757718675,3785.3608083184936,7.633949400181336,18.419184948757103,-10.785235548575766,3816.8725,3903.014992204154,3730.7300077958457,96395.124425
2025-07-30 20:00:00,3760.67,3811.93,3742.79,3810.0,67774.7405,3810.0,3816.446,3746.235,3795.610948838879,3787.185933632258,8.425015206620628,16.42035100032981,50.20503807850028,0.010637210109575392,3816.446,3902.6383900413343,3730.2536099586655,50.20503807850028,3816.446,3746.235,3795.610948838879,3787.185933632258,8.425015206620628,16.42035100032981,-7.995335793709181,3816.446,3902.6383900413343,3730.2536099586655,95265.04904
2025-07-31 00:00:00,3810.0,3868.0,3801.53,3863.31,100247.8735,3863.31,3818.1955000000003,3750.0984,3806.0261874790517,3792.82475337471,13.201434104341843,15.776567621132216,56.54980633627965,0.011083078008589837,3818.1955000000003,3906.7896498542987,3729.601350145702,56.54980633627965,3818.1955000000003,3750.0984,3806.0261874790517,3792.82475337471,13.201434104341843,15.776567621132216,-2.5751335167903733,3818.1955000000003,3906.7896498542987,3729.601350145702,94802.663535
2025-07-31 04:00:00,3863.31,3878.67,3854.77,3863.81,57223.3568,3863.81,3817.7810000000004,3752.4504,3814.9160047899672,3798.0829198013344,16.83308498863289,15.98787109463235,56.451195476896736,0.010780862779332549,3817.7810000000004,3905.3852985966814,3730.1767014033194,56.451195476896736,3817.7810000000004,3752.4504,3814.9160047899672,3798.0829198013344,16.83308498863289,15.98787109463235,0.8452138940005405,3817.7810000000004,3905.3852985966814,3730.1767014033194,94405.06581
2025-07-31 08:00:00,3863.81,3873.28,3826.3,3838.46,55333.2924,3838.46,3815.7134999999994,3754.647,3818.538157899203,3801.073814636098,17.464343263104638,16.283165528326812,54.472106961733516,0.01086483406366963,3815.7134999999994,3898.9992736697827,3732.427726330216,54.472106961733516,3815.7134999999994,3754.647,3818.538157899203,3801.073814636098,17.464343263104638,16.283165528326812,1.181177734777826,3815.7134999999994,3898.9992736697827,3732.427726330216,92115.53446000001
2025-07-31 12:00:00,3838.45,3845.09,3762.27,3788.38,109596.7847,3788.38,3810.4824999999996,3756.9480000000003,3813.898441299326,3800.1335320689377,13.764909230388184,15.779514268739087,40.83020734572735,0.01117377755361332,3810.4824999999996,3886.1203078322546,3734.8446921677446,40.83020734572735,3810.4824999999996,3756.9480000000003,3813.898441299326,3800.1335320689377,13.764909230388184,15.779514268739087,-2.0146050383509024,3810.4824999999996,3886.1203078322546,3734.8446921677446,91760.74195000001
2025-07-31 16:00:00,3788.39,3819.0,3735.0,3737.72,99597.7602,3737.72,3803.379,3758.2626,3802.1786810994295,3795.5103074643034,6.668373635126045,13.957286142016478,40.897642346917685,0.011490404484201534,3803.379,3878.2919712328403,3728.4660287671595,40.897642346917685,3803.379,3758.2626,3802.1786810994295,3795.5103074643034,6.668373635126045,13.957286142016478,-7.2889125068904335,3803.379,3878.2919712328403,3728.4660287671595,93675.24283999999
2025-07-31 20:00:00,3737.71,3758.56,3684.33,3698.39,94089.3827,3698.39,3797.893,3759.3459999999995,3786.2111916995173,3788.316210605103,-2.1050189055858937,10.744825132496004,43.12334015412075,0.01101058788123506,3797.893,3886.216760670232,3709.569239329768,43.12334015412075,3797.893,3759.3459999999995,3786.2111916995173,3788.316210605103,-2.1050189055858937,10.744825132496004,-12.849844038081898,3797.893,3886.216760670232,3709.569239329768,89580.455685
2025-08-01 00:00:00,3698.39,3724.02,3616.66,3704.98,149144.9601,3704.98,3793.274,3761.6906,3773.7140852842067,3782.1431579597493,-8.429072675542557,6.9100455708882915,43.4030109390231,0.011027469986720167,3793.274,3890.888709935412,3695.659290064588,43.4030109390231,3793.274,3761.6906,3773.7140852842067,3782.1431579597493,-8.429072675542557,6.9100455708882915,-15.339118246430848,3793.274,3890.888709935412,3695.659290064588,92018.24707
2025-08-01 04:00:00,3704.98,3704.98,3624.11,3650.74,100331.0096,3650.74,3785.861,3762.1396000000004,3754.7949952404824,3772.40959069188,-17.61459545139769,2.0051173664310937,35.342937355273676,0.011420013845379412,3785.861,3902.3401400162816,3669.381859983718,35.342937355273676,3785.861,3762.1396000000004,3754.7949952404824,3772.40959069188,-17.61459545139769,2.0051173664310937,-19.619712817828784,3785.861,3902.3401400162816,3669.381859983718,93759.98798
2025-08-01 08:00:00,3650.73,3650.73,3585.69,3642.72,106483.8433,3642.72,3778.4020000000005,3762.1702,3737.552688280409,3762.8029543337407,-25.25026605333187,-3.445959317521501,31.501280884127652,0.011420162103986962,3778.4020000000005,3911.213893506672,3645.590106493329,31.501280884127652,3778.4020000000005,3762.1702,3737.552688280409,3762.8029543337407,-25.25026605333187,-3.445959317521501,-21.80430673581037,3778.4020000000005,3911.213893506672,3645.590106493329,94168.657925
2025-08-01 12:00:00,3642.72,3675.85,3565.0,3616.1,152982.1001,3616.1,3765.339,3762.6542,3718.8676593141918,3751.936068816443,-33.06840950225114,-9.37044935446743,30.185425626876594,0.009901973342494177,3765.339,3908.183530562302,3622.4944694376977,30.185425626876594,3765.339,3762.6542,3718.8676593141918,3751.936068816443,-33.06840950225114,-9.37044935446743,-23.69796014778371,3765.339,3908.183530562302,3622.4944694376977,97543.50162
2025-08-01 16:00:00,3616.1,3634.0,3515.13,3518.4,133452.712,3518.4,3749.964,3759.9197999999997,3688.0264809581627,3734.6371007396124,-46.610619781449714,-16.81848343986389,27.689072502605384,0.011033142328536569,3749.964,3927.3752570331744,3572.5527429668255,27.689072502605384,3749.964,3759.9197999999997,3688.0264809581627,3734.6371007396124,-46.610619781449714,-16.81848343986389,-29.792136341585824,3749.964,3927.3752570331744,3572.5527429668255,100066.44914499999
2025-08-01 20:00:00,3518.42,3553.21,3431.75,3488.2,141474.5266,3488.2,3736.2955,3755.0686000000005,3657.2839454261375,3716.3825006688476,-59.09855524271006,-25.274497800433128,20.76103615962461,0.01068275665781393,3736.2955,3948.6280181209063,3523.962981879094,20.76103615962461,3736.2955,3755.0686000000005,3657.2839454261375,3716.3825006688476,-59.09855524271006,-25.274497800433128,-33.82405744227694,3736.2955,3948.6280181209063,3523.962981879094,100096.29902
2025-08-02 00:00:00,3488.21,3532.3,3478.42,3528.79,76611.6359,3528.79,3724.4404999999997,3750.9885999999997,3637.515646129809,3702.486759867301,-64.97111373749203,-33.21382098784492,28.226699968075764,0.01117970862736268,3724.4404999999997,3955.468451963409,3493.4125480365906,28.226699968075764,3724.4404999999997,3750.9885999999997,3637.515646129809,3702.486759867301,-64.97111373749203,-33.21382098784492,-31.757292749647114,3724.4404999999997,3955.468451963409,3493.4125480365906,98063.305185
2025-08-02 04:00:00,3528.79,3537.69,3455.0,3519.16,78666.8207,3519.16,3710.709,3747.2329999999997,3619.307085186761,3688.90699986694,-69.59991468017915,-40.49103972631177,20.49226898259002,0.010900373298921235,3710.709,3956.5526571995492,3464.8653428004504,20.49226898259002,3710.709,3747.2329999999997,3619.307085186761,3688.90699986694,-69.59991468017915,-40.49103972631177,-29.108874953867385,3710.709,3956.5526571995492,3464.8653428004504,99033.04794500001
2025-08-02 08:00:00,3519.17,3524.25,3474.23,3508.67,52942.9471,3508.67,3695.2689999999993,3745.4864000000002,3602.285995158028,3675.5561109786304,-73.27011582060231,-47.04685494516988,10.59555555555562,0.010650155978787573,3695.2689999999993,3951.4513846115287,3439.08661538847,10.59555555555562,3695.2689999999993,3745.4864000000002,3602.285995158028,3675.5561109786304,-73.27011582060231,-47.04685494516988,-26.22326087543243,3695.2689999999993,3951.4513846115287,3439.08661538847,98413.7384
2025-08-02 12:00:00,3508.67,3517.56,3451.43,3459.33,61057.5545,3459.33,3677.6635,3742.0395999999996,3580.292765133716,3659.539362006946,-79.24659687322992,-53.486803330781896,9.457942426429355,0.010855102716044262,3677.6635,3948.2232142980442,3407.103785701956,9.457942426429355,3677.6635,3742.0395999999996,3580.292765133716,3659.539362006946,-79.24659687322992,-53.486803330781896,-25.759793542448023,3677.6635,3948.2232142980442,3407.103785701956,98856.82994499999
2025-08-02 16:00:00,3459.33,3481.64,3372.47,3383.2,155907.9965,3383.2,3658.9145,3735.2762,3549.9708012669903,3639.0697796238665,-89.09897835687616,-60.60923833600075,8.584112659655801,0.011350575476740964,3658.9145,3956.592355299611,3361.2366447003888,8.584112659655801,3658.9145,3735.2762,3549.9708012669903,3639.0697796238665,-89.09897835687616,-60.60923833600075,-28.48974002087541,3658.9145,3956.592355299611,3361.2366447003888,102938.00579
2025-08-02 20:00:00,3383.2,3441.69,3368.29,3393.94,69008.7547,3393.94,3638.749,3730.4710000000005,3525.96606261053,3620.912018160231,-94.94595554970101,-67.47658177874081,11.350631026103386,0.010936295945225364,3638.749,3951.2429843058667,3326.255015694133,11.350631026103386,3638.749,3730.4710000000005,3525.96606261053,3620.912018160231,-94.94595554970101,-67.47658177874081,-27.469373770960203,3638.749,3951.2429843058667,3326.255015694133,101865.40134000001
2025-08-03 00:00:00,3393.94,3452.29,3354.28,3444.12,70214.7952,3444.12,3622.921,3726.5306,3513.3743606704484,3607.816313104637,-94.4419524341888,-72.86965590983041,21.20439387995296,0.011785569920973285,3622.921,3941.4214654313505,3304.420534568649,21.20439387995296,3622.921,3726.5306,3513.3743606704484,3607.816313104637,-94.4419524341888,-72.86965590983041,-21.572296524358393,3622.921,3941.4214654313505,3304.420534568649,96607.142355
2025-08-03 04:00:00,3444.13,3459.62,3433.98,3456.25,33125.7736,3456.25,3605.2335,3721.1564000000003,3504.585997490379,3596.5891787952805,-92.00318130490132,-76.6963609888446,24.912971404890243,0.011220302316645035,3605.2335,3919.2485223208196,3291.21847767918,24.912971404890243,3605.2335,3721.1564000000003,3504.585997490379,3596.5891787952805,-92.00318130490132,-76.6963609888446,-15.306820316056715,3605.2335,3919.2485223208196,3291.21847767918,94874.69401
2025-08-03 08:00:00,3456.24,3516.31,3454.11,3485.46,58025.3762,3485.46,3586.3409999999994,3716.0753999999997,3501.6435363380133,3588.3573877698036,-86.71385143179032,-78.69985907743376,28.274810973437354,0.010792113120331005,3586.3409999999994,3879.77062681112,3292.9113731888788,28.274810973437354,3586.3409999999994,3716.0753999999997,3501.6435363380133,3588.3573877698036,-86.71385143179032,-78.69985907743376,-8.01399235435656,3586.3409999999994,3879.77062681112,3292.9113731888788,92763.569145
2025-08-03 12:00:00,3485.45,3504.27,3454.34,3476.49,51259.7992,3476.49,3566.975,3710.7610000000004,3497.7737615167807,3580.07091459831,-82.29715308152936,-79.41931787825288,31.057723665615853,0.010740277384020598,3566.975,3833.1592852334647,3300.790714766535,31.057723665615853,3566.975,3710.7610000000004,3497.7737615167807,3580.07091459831,-82.29715308152936,-79.41931787825288,-2.877835203276476,3566.975,3833.1592852334647,3300.790714766535,92465.39126500001
2025-08-03 16:00:00,3476.49,3515.0,3467.85,3496.74,46815.2855,3496.74,3549.889,3705.9085999999998,3497.61472128343,3573.8982542553767,-76.2835329719469,-78.79216089699169,34.541911982718474,0.011012079943575101,3549.889,3784.7224559594997,3315.0555440405005,34.541911982718474,3549.889,3705.9085999999998,3497.61472128343,3573.8982542553767,-76.2835329719469,-78.79216089699169,2.5086279250447916,3549.889,3784.7224559594997,3315.0555440405005,92039.49092
2025-08-03 20:00:00,3496.75,3521.79,3483.5,3496.74,36906.6461,3496.74,3535.307,3701.1289999999995,3497.4801487782875,3568.182828012251,-70.70267923396341,-77.17426456438604,36.6056198940659,0.010870467167595956,3535.307,3742.362160115641,3328.2518398843586,36.6056198940659,3535.307,3701.1289999999995,3497.4801487782875,3568.182828012251,-70.70267923396341,-77.17426456438604,6.471585330422627,3535.307,3742.362160115641,3328.2518398843586,88404.98399000001
2025-08-04 00:00:00,3496.75,3576.07,3490.73,3556.8,75541.3278,3556.8,3526.261,3697.255,3506.606279735474,3567.3396555666277,-60.73337583115381,-73.8860868177396,54.70680525593252,0.011597370218044217,3526.261,3710.649355026724,3341.872644973276,54.70680525593252,3526.261,3697.255,3506.606279735474,3567.3396555666277,-60.73337583115381,-73.8860868177396,13.152710986585788,3526.261,3710.649355026724,3341.872644973276,87202.16237
2025-08-04 04:00:00,3556.79,3565.67,3520.69,3551.99,47698.2079,3551.99,3518.941,3693.4728000000005,3513.5883905454007,3566.2026440428344,-52.614253497433765,-69.63172015367843,58.33790813792378,0.011440110275206725,3518.941,3685.2998396587905,3352.582160341209,58.33790813792378,3518.941,3693.4728000000005,3513.5883905454007,3566.2026440428344,-52.614253497433765,-69.63172015367843,17.017466656244665,3518.941,3685.2998396587905,3352.582160341209,84882.60363
2025-08-04 08:00:00,3552.0,3574.47,3542.25,3555.7,45699.2755,3555.7,3511.477,3689.1062,3520.067099692262,3565.4246704098173,-45.35757071755506,-64.77689026645376,53.89266599160997,0.011428616088386093,3511.477,3654.441103275091,3368.512896724909,53.89266599160997,3511.477,3689.1062,3520.067099692262,3565.4246704098173,-45.35757071755506,-64.77689026645376,19.4193195488987,3511.477,3654.441103275091,3368.512896724909,79710.31940000001
2025-08-04 12:00:00,3555.71,3665.6,3551.1,3648.89,135330.5801,3648.89,3511.384499999999,3686.7238,3539.886007431914,3571.6072874180772,-31.721279986163154,-58.16576821039564,65.11264881992494,0.012635615351831022,3511.384499999999,3653.9711079892577,3368.7978920107407,65.11264881992494,3511.384499999999,3686.7238,3539.886007431914,3571.6072874180772,-31.721279986163154,-58.16576821039564,26.444488224232487,3511.384499999999,3653.9711079892577,3368.7978920107407,81460.297925
2025-08-04 16:00:00,3648.89,3718.54,3648.85,3669.73,85223.4994,3669.73,3512.7349999999997,3683.8132,3559.8620062885425,3578.8756364999394,-19.013630211396958,-50.33534061059591,68.32059332059325,0.012685222766281814,3512.7349999999997,3660.959421242315,3364.5105787576845,68.32059332059325,3512.7349999999997,3683.8132,3559.8620062885425,3578.8756364999394,-19.013630211396958,-50.33534061059591,31.32171039919895,3512.7349999999997,3660.959421242315,3364.5105787576845,80397.28073
2025-08-04 20:00:00,3669.73,3736.73,3661.21,3720.99,73857.0954,3720.99,3517.9795,3681.8624,3584.650928397998,3589.4026263911387,-4.751697993140624,-41.21861208710485,79.63441152487079,0.012891208230257408,3517.9795,3687.4961513758217,3348.462848624178,79.63441152487079,3517.9795,3681.8624,3584.650928397998,3589.4026263911387,-4.751697993140624,-41.21861208710485,36.46691409396423,3517.9795,3687.4961513758217,3348.462848624178,76441.030495
2025-08-05 00:00:00,3720.99,3722.24,3648.24,3651.94,75119.4199,3651.94,3524.6564999999996,3678.3347999999996,3595.0030932598443,3594.035024437179,0.9680688226653729,-32.78127590515081,80.9323204419889,0.012014761211174764,3524.6564999999996,3704.4511746210596,3344.8618253789396,80.9323204419889,3524.6564999999996,3678.3347999999996,3595.0030932598443,3594.035024437179,0.9680688226653729,-32.78127590515081,33.74934472781618,3524.6564999999996,3704.4511746210596,3344.8618253789396,73524.36589
2025-08-05 04:00:00,3651.94,3679.69,3601.53,3613.49,70853.7586,3613.49,3530.921,3673.1626,3597.84723275833,3595.476133738399,2.37109901993108,-25.750800920134427,73.75516651879414,0.012111852928137174,3530.921,3714.0669176549445,3347.775082345055,73.75516651879414,3530.921,3673.1626,3597.84723275833,3595.476133738399,2.37109901993108,-25.750800920134427,28.121899940065507,3530.921,3714.0669176549445,3347.775082345055,69993.32749000001
2025-08-05 08:00:00,3613.49,3694.06,3608.1,3673.79,67427.9027,3673.79,3538.171,3669.0422000000003,3609.5307354108945,3601.2771608698968,8.25357454099776,-18.94992582790799,74.31759947483212,0.012376738906520258,3538.171,3732.122859995662,3344.2191400043375,74.31759947483212,3538.171,3669.0422000000003,3609.5307354108945,3601.2771608698968,8.25357454099776,-18.94992582790799,27.20350036890575,3538.171,3732.122859995662,3344.2191400043375,69534.14083
2025-08-05 12:00:00,3673.8,3680.58,3555.0,3570.43,165645.9535,3570.43,3540.7345,3662.5907999999995,3603.5152376553724,3598.9921859902774,4.523051665094954,-14.2553303293074,60.13204131615372,0.014083245968252365,3540.7345,3734.9834359423216,3346.4855640576784,60.13204131615372,3540.7345,3662.5907999999995,3603.5152376553724,3598.9921859902774,4.523051665094954,-14.2553303293074,18.778381994402352,3540.7345,3734.9834359423216,3346.4855640576784,73883.09747
2025-08-05 16:00:00,3570.43,3612.26,3559.71,3571.66,64656.721,3571.66,3543.8839999999996,3656.4282000000003,3598.6144318622382,3596.967579620325,1.646852241913166,-11.074893815063286,58.04885336520501,0.01405564030675898,3543.8839999999996,3737.9864963531213,3349.781503646878,58.04885336520501,3543.8839999999996,3656.4282000000003,3598.6144318622382,3596.967579620325,1.646852241913166,-11.074893815063286,12.721746056976452,3543.8839999999996,3737.9864963531213,3349.781503646878,74468.786165
2025-08-05 20:00:00,3571.65,3624.56,3546.0,3612.0,45367.2032,3612.0,3551.5175000000004,3652.506,3600.6737500372783,3598.0810922411956,2.592657796082676,-8.341383492834094,61.952897591955534,0.013767653385938989,3551.5175000000004,3743.6166820443095,3359.4183179556912,61.952897591955534,3551.5175000000004,3652.506,3600.6737500372783,3598.0810922411956,2.592657796082676,-8.341383492834094,10.93404128891677,3551.5175000000004,3743.6166820443095,3359.4183179556912,73684.2686
2025-08-06 00:00:00,3612.01,3614.0,3564.19,3583.66,41403.6119,3583.66,3561.5405,3648.232,3598.056250031543,3597.0128631861553,1.0433868453878858,-6.464429425189698,57.559049639962424,0.012783325981716295,3561.5405,3736.8466104377976,3386.2343895622025,57.559049639962424,3561.5405,3648.232,3598.056250031543,3597.0128631861553,1.0433868453878858,-6.464429425189698,7.5078162705775835,3561.5405,3736.8466104377976,3386.2343895622025,67959.04937
2025-08-06 04:00:00,3583.67,3662.0,3569.28,3639.82,70989.2724,3639.82,3573.8345,3645.0484,3604.481442334383,3600.1837622097783,4.29768012460454,-4.31200751523085,61.33576295357312,0.013095945935567423,3573.8345,3733.4346632336183,3414.2343367663816,61.33576295357312,3573.8345,3645.0484,3604.481442334383,3600.1837622097783,4.29768012460454,-4.31200751523085,8.60968763983539,3573.8345,3733.4346632336183,3414.2343367663816,68058.075255
2025-08-06 08:00:00,3639.81,3644.6,3607.54,3619.64,48235.9133,3619.64,3582.6105000000002,3641.6032,3606.813528129093,3601.624965009212,5.18856311988111,-2.411893388208458,55.314434559047356,0.01296919876056125,3582.6105000000002,3731.0940176356644,3434.126982364336,55.314434559047356,3582.6105000000002,3641.6032,3606.813528129093,3601.624965009212,5.18856311988111,-2.411893388208458,7.600456508089568,3582.6105000000002,3731.0940176356644,3434.126982364336,66959.13116
2025-08-06 12:00:00,3619.63,3669.38,3574.05,3664.69,102539.587,3664.69,3593.0325000000003,3637.3498,3615.717600724617,3606.2964490830777,9.421151641539382,-0.04528438225888928,58.92376397554873,0.013155902279527983,3593.0325000000003,3733.199800770365,3452.8651992296354,58.92376397554873,3593.0325000000003,3637.3498,3615.717600724617,3606.2964490830777,9.421151641539382,-0.04528438225888928,9.466436023798272,3593.0325000000003,3733.199800770365,3452.8651992296354,70429.82183
2025-08-06 16:00:00,3664.7,3698.6,3638.56,3683.65,63895.5877,3683.65,3602.942,3634.5047999999997,3626.1687390746765,3612.026341744129,14.142397330547738,2.7922519603024374,59.892378345780955,0.013104928523009804,3602.942,3739.052147129322,3466.831852870678,59.892378345780955,3602.942,3634.5047999999997,3626.1687390746765,3612.026341744129,14.142397330547738,2.7922519603024374,11.3501453702453,3602.942,3739.052147129322,3466.831852870678,70723.332405
2025-08-06 20:00:00,3683.66,3686.17,3652.38,3683.31,38245.9482,3683.31,3613.2829999999994,3632.9395999999997,3634.959702293957,3617.3066127265047,17.653089567452298,5.7644194817324115,53.10728342902538,0.013062551245203167,3613.2829999999994,3740.047223094801,3486.5187769051977,53.10728342902538,3613.2829999999994,3632.9395999999997,3634.959702293957,3617.3066127265047,17.653089567452298,5.7644194817324115,11.888670085719887,3613.2829999999994,3740.047223094801,3486.5187769051977,70072.63985499999
2025-08-07 00:00:00,3683.31,3716.61,3647.63,3656.78,56122.7246,3656.78,3621.285,3630.7574,3638.31667117181,3620.2305673395913,18.08610383221867,8.228756351829665,48.8428201233134,0.013236609255025069,3621.285,3736.777198232686,3505.792801767314,48.8428201233134,3621.285,3630.7574,3638.31667117181,3620.2305673395913,18.08610383221867,8.228756351829665,9.857347480389004,3621.285,3736.777198232686,3505.792801767314,70538.01181
2025-08-07 04:00:00,3656.78,3711.0,3655.09,3702.4,46356.287,3702.4,3631.568,3628.9296000000004,3648.175644837686,3626.3171919815572,21.85845285612868,10.954695652689468,48.321929555342955,0.01341411757640924,3631.568,3736.5101010491876,3526.625898950813,48.321929555342955,3631.568,3628.9296000000004,3648.175644837686,3626.3171919815572,21.85845285612868,10.954695652689468,10.903757203439211,3631.568,3736.5101010491876,3526.625898950813,71010.493855
2025-08-07 08:00:00,3702.41,3843.66,3702.41,3827.0,183717.2969,3827.0,3645.078,3629.1202000000003,3675.6870840934266,3641.182585169135,34.50449892429151,15.664656307009881,64.3618941357923,0.0147714095076429,3645.078,3775.876376394184,3514.279623605816,64.3618941357923,3645.078,3629.1202000000003,3675.6870840934266,3641.182585169135,34.50449892429151,15.664656307009881,18.83984261728163,3645.078,3775.876376394184,3514.279623605816,76419.29231
2025-08-07 12:00:00,3827.01,3865.64,3804.27,3837.01,151206.0077,3837.01,3659.329,3629.6315999999997,3700.505994232899,3655.6883196019785,44.817674630920465,21.495259971792002,69.23513820522528,0.014725550000241281,3659.329,3808.2724505052406,3510.3855494947597,69.23513820522528,3659.329,3629.6315999999997,3700.505994232899,3655.6883196019785,44.817674630920465,21.495259971792002,23.322414659128462,3659.329,3808.2724505052406,3510.3855494947597,81594.6823
2025-08-07 16:00:00,3837.01,3876.44,3780.54,3867.6,93776.6786,3867.6,3674.9240000000004,3631.82,3726.2127643509143,3671.3854811138726,54.827283237041684,28.161664624841944,67.57722515463166,0.014734603487334309,3674.9240000000004,3842.349382393051,3507.4986176069497,67.57722515463166,3674.9240000000004,3631.82,3726.2127643509143,3671.3854811138726,54.827283237041684,28.161664624841944,26.66561861219974,3674.9240000000004,3842.349382393051,3507.4986176069497,83998.552455
2025-08-07 20:00:00,3867.6,3927.77,3851.22,3910.31,100499.9924,3910.31,3687.9950000000003,3634.0812,3754.5354159892354,3689.0835936249264,65.45182236430901,35.61969617273536,84.63498145355231,0.013916148487397825,3687.9950000000003,3885.0577779747955,3490.932222025205,84.63498145355231,3687.9950000000003,3634.0812,3754.5354159892354,3689.0835936249264,65.45182236430901,35.61969617273536,29.83212619157365,3687.9950000000003,3885.0577779747955,3490.932222025205,82257.02307000001
2025-08-08 00:00:00,3910.3,3969.06,3880.0,3939.18,130547.2077,3939.18,3701.4674999999997,3637.6512,3782.9422750678145,3707.6092533573537,75.3330217104608,43.56236128028045,85.4543700559521,0.013934773576643635,3701.4674999999997,3927.9232057072168,3475.0117942927827,85.4543700559521,3701.4674999999997,3637.6512,3782.9422750678145,3707.6092533573537,75.3330217104608,43.56236128028045,31.77066043018035,3701.4674999999997,3927.9232057072168,3475.0117942927827,84523.208485
2025-08-08 04:00:00,3939.19,3939.34,3892.47,3915.97,66893.2103,3915.97,3711.2165,3639.7706,3803.4080789035356,3723.043382739016,80.3646961645195,50.922828257128266,80.32603707324856,0.013867591445246028,3711.2165,3957.1603194534546,3465.2726805465454,80.32603707324856,3711.2165,3639.7706,3803.4080789035356,3723.043382739016,80.3646961645195,50.922828257128266,29.441867907391234,3711.2165,3957.1603194534546,3465.2726805465454,84175.01423
2025-08-08 08:00:00,3915.98,3927.54,3884.44,3917.97,56015.1438,3917.97,3724.518,3640.8637999999996,3821.032989841454,3737.4823914256435,83.55059841581033,57.44838228886469,85.2031253290651,0.012958694663702976,3724.518,3985.2919207657924,3463.7440792342077,85.2031253290651,3724.518,3640.8637999999996,3821.032989841454,3737.4823914256435,83.55059841581033,57.44838228886469,26.102216126945635,3724.518,3985.2919207657924,3463.7440792342077,83219.800425
2025-08-08 12:00:00,3917.97,4012.0,3891.52,3954.56,249634.108,3954.56,3741.5714999999996,3642.6787999999997,3841.575606788923,3753.562214283651,88.0133925052719,63.56138433214615,84.56706058076699,0.01257430077158375,3741.5714999999996,4016.024102390525,3467.118897609474,84.56706058076699,3741.5714999999996,3642.6787999999997,3841.575606788923,3753.562214283651,88.0133925052719,63.56138433214615,24.452008173125748,3741.5714999999996,4016.024102390525,3467.118897609474,92158.81789500001
2025-08-08 16:00:00,3954.56,4065.86,3950.0,4060.99,161157.1735,4060.99,3760.9315,3647.1294,3875.3316672829346,3776.3346428560817,98.99702442685293,70.64851235108752,90.75178667060628,0.013279974639512016,3760.9315,4067.9469295642334,3453.916070435767,90.75178667060628,3760.9315,3647.1294,3875.3316672829346,3776.3346428560817,98.99702442685293,70.64851235108752,28.348512075765413,3760.9315,4067.9469295642334,3453.916070435767,96845.281435
2025-08-08 20:00:00,4060.98,4071.0,4006.9,4009.5,59053.1676,4009.5,3782.8849999999998,3651.5517999999997,3895.9729492394063,3793.6061507932645,102.36679844614173,76.99216957009837,81.46363719317459,0.011585455986640387,3782.8849999999998,4095.2896316456718,3470.4803683543278,81.46363719317459,3782.8849999999998,3651.5517999999997,3895.9729492394063,3793.6061507932645,102.36679844614173,76.99216957009837,25.37462887604336,3782.8849999999998,4095.2896316456718,3470.4803683543278,91515.64214
2025-08-09 00:00:00,4009.51,4053.01,4006.63,4051.01,54922.1013,4051.01,3806.8525,3657.8175999999994,3919.824803202575,3812.6731025869663,107.15170061560866,83.02407577920043,82.19631901840495,0.011549915153521493,3806.8525,4124.531682683583,3489.173317316416,82.19631901840495,3806.8525,3657.8175999999994,3919.824803202575,3812.6731025869663,107.15170061560866,83.02407577920043,24.12762483640823,3806.8525,4124.531682683583,3489.173317316416,91028.91115500001
2025-08-09 04:00:00,4051.02,4200.0,4045.0,4170.64,209400.9758,4170.64,3834.7844999999993,3667.2626,3958.411756556025,3839.1891690627913,119.22258749323373,90.2637781220071,85.32451905652451,0.01262790649527312,3834.7844999999993,4177.571902487596,3491.997097512403,85.32451905652451,3834.7844999999993,3667.2626,3958.411756556025,3839.1891690627913,119.22258749323373,90.2637781220071,28.958809371226636,3834.7844999999993,4177.571902487596,3491.997097512403,99230.599785
2025-08-09 08:00:00,4170.64,4246.65,4166.22,4190.0,132401.5516,4190.0,3865.1014999999998,3676.9629999999997,3994.0407170858675,3865.1751565403342,128.8655605455333,97.98413460671235,89.05686912191265,0.012139322642458438,3865.1014999999998,4221.360525475305,3508.842474524695,89.05686912191265,3865.1014999999998,3676.9629999999997,3994.0407170858675,3865.1751565403342,128.8655605455333,97.98413460671235,30.881425938820954,3865.1014999999998,4221.360525475305,3508.842474524695,103780.49677
2025-08-09 12:00:00,4190.0,4226.23,4153.17,4209.57,99517.9366,4209.57,3893.589,3688.1396000000004,4027.1990683034264,3890.6858856861422,136.5131826172842,105.68994420882672,88.62269064989263,0.012018037595854068,3893.589,4264.802765335714,3522.375234664286,88.62269064989263,3893.589,3688.1396000000004,4027.1990683034264,3890.6858856861422,136.5131826172842,105.68994420882672,30.823238408457485,3893.589,4264.802765335714,3522.375234664286,105206.92997999999
2025-08-09 16:00:00,4209.57,4271.45,4192.8,4258.57,81130.8834,4258.57,3925.5354999999995,3700.4565999999995,4062.7945962567455,3917.936560821143,144.8580354356027,113.52356245418193,87.14219322856603,0.01165530003705995,3925.5354999999995,4307.304204155555,3543.7667958444435,87.14219322856603,3925.5354999999995,3700.4565999999995,4062.7945962567455,3917.936560821143,144.8580354356027,113.52356245418193,31.33447298142076,3925.5354999999995,4307.304204155555,3543.7667958444435,106851.678485
2025-08-09 20:00:00,4258.57,4326.2,4242.87,4260.62,114558.6561,4260.62,3955.332,3713.347,4093.2292737557077,3943.3205192793885,149.90875447631925,120.80060085860941,86.9635782970629,0.011734024268494117,3955.332,4344.3346384756705,3566.3293615243297,86.9635782970629,3955.332,3713.347,4093.2292737557077,3943.3205192793885,149.90875447631925,120.80060085860941,29.10815361770983,3955.332,4344.3346384756705,3566.3293615243297,107452.63193999999
2025-08-10 00:00:00,4260.63,4332.6,4206.55,4242.74,133032.1075,4242.74,3983.2864999999997,3727.8338,4116.230923947138,3965.499740073955,150.731183873183,126.78671746152413,83.47670890594325,0.012020682739360026,3983.2864999999997,4370.434688262217,3596.138311737783,83.47670890594325,3983.2864999999997,3727.8338,4116.230923947138,3965.499740073955,150.731183873183,126.78671746152413,23.944466411658865,3983.2864999999997,4370.434688262217,3596.138311737783,110909.45793
2025-08-10 04:00:00,4242.73,4264.98,4176.0,4185.12,93255.556,4185.12,4008.3770000000004,3741.7722,4126.829243339886,3981.767907476188,145.06133586369742,130.4416411419588,73.88779750004348,0.012801885562478025,4008.3770000000004,4378.329448102215,3638.424551897786,73.88779750004348,4008.3770000000004,3741.7722,4126.829243339886,3981.767907476188,145.06133586369742,130.4416411419588,14.619694721738625,4008.3770000000004,4378.329448102215,3638.424551897786,113659.93832
2025-08-10 08:00:00,4185.12,4232.73,4160.0,4180.57,87280.442,4180.57,4034.5665,3754.8078000000005,4135.097052056826,3996.4939884041323,138.6030636526939,132.07392564410583,71.90909255931311,0.012527878364048393,4034.5665,4372.492074632204,3696.6409253677957,71.90909255931311,4034.5665,3754.8078000000005,4135.097052056826,3996.4939884041323,138.6030636526939,132.07392564410583,6.529138008588063,4034.5665,4372.492074632204,3696.6409253677957,115217.82418999998
2025-08-10 12:00:00,4180.58,4237.43,4153.07,4217.94,77277.583,4217.94,4060.3435,3768.7834000000003,4147.8421209711605,4012.897396670756,134.9447243004047,132.6480853753656,76.72064419077958,0.012468214806864159,4060.3435,4368.964278594019,3751.722721405981,76.72064419077958,4060.3435,3768.7834000000003,4147.8421209711605,4012.897396670756,134.9447243004047,132.6480853753656,2.296638925039076,4060.3435,4368.964278594019,3751.722721405981,116763.88899
2025-08-10 16:00:00,4217.94,4259.36,4214.45,4248.83,40487.6252,4248.83,4081.435,3783.5865999999996,4163.378717744828,4030.373885806515,133.0048319383127,132.71943468795502,77.85298178267166,0.010731858716228638,4081.435,4380.416841694669,3782.4531583053313,77.85298178267166,4081.435,3783.5865999999996,4163.378717744828,4030.373885806515,133.0048319383127,132.71943468795502,0.2853972503576756,4081.435,4380.416841694669,3782.4531583053313,109602.405405
2025-08-10 20:00:00,4248.8,4254.54,4186.16,4250.57,63510.4968,4250.57,4102.112999999999,3799.4114,4176.7927611687,4046.68470908033,130.1080520883702,132.19715816803804,76.47248206907653,0.010772121132827899,4102.112999999999,4386.778878686572,3817.447121313426,76.47248206907653,4102.112999999999,3799.4114,4176.7927611687,4046.68470908033,130.1080520883702,132.19715816803804,-2.0891060796678573,4102.112999999999,4386.778878686572,3817.447121313426,105217.62986000002
2025-08-11 00:00:00,4250.58,4343.0,4238.52,4309.64,135191.5621,4309.64,4124.214999999999,3817.9401999999995,4197.230797911977,4066.1628787783307,131.06791913364623,131.97131036115968,74.29503839915584,0.010933044944788774,4124.214999999999,4400.740733950421,3847.6892660495773,74.29503839915584,4124.214999999999,3817.9401999999995,4197.230797911977,4066.1628787783307,131.06791913364623,131.97131036115968,-0.9033912275134526,4124.214999999999,4400.740733950421,3847.6892660495773,107288.37403500002
2025-08-11 04:00:00,4309.65,4349.81,4266.66,4273.69,91929.6929,4273.69,4142.384,3835.5352,4208.993752079365,4081.535258128265,127.45849395109963,131.06874707914767,76.62185856224419,0.011268215880540486,4142.384,4407.237867425989,3877.530132574011,76.62185856224419,4142.384,3835.5352,4208.993752079365,4081.535258128265,127.45849395109963,131.06874707914767,-3.6102531280480434,4142.384,4407.237867425989,3877.530132574011,106859.85906
2025-08-11 08:00:00,4273.69,4287.17,4170.02,4185.1,109276.4312,4185.1,4154.68,3850.3547999999996,4205.317790221,4089.206720489218,116.11106973178221,128.07721160967458,62.34100907467742,0.01256955909503311,4154.68,4402.070559067573,3907.289440932427,62.34100907467742,4154.68,3850.3547999999996,4205.317790221,4089.206720489218,116.11106973178221,128.07721160967458,-11.966141877892369,4154.68,4402.070559067573,3907.289440932427,105796.32023499999
2025-08-11 12:00:00,4185.1,4332.17,4166.77,4329.74,176788.269,4329.74,4175.3685,3867.8245999999995,4224.459668648538,4107.024000453159,117.43566819537955,125.94890292681558,63.99838107974938,0.014194884962127712,4175.3685,4407.4361762702,3943.3008237297995,63.99838107974938,4175.3685,3867.8245999999995,4224.459668648538,4107.024000453159,117.43566819537955,125.94890292681558,-8.513234731436029,4175.3685,4407.4361762702,3943.3008237297995,111291.07316999999
2025-08-11 16:00:00,4329.74,4366.46,4233.99,4259.39,127454.6271,4259.39,4192.4395,3883.3032000000003,4229.833565779532,4118.310370790067,111.52319498946508,123.0637613393455,55.60256430959035,0.014956138759767005,4192.4395,4392.855080912784,3992.0239190872176,55.60256430959035,4192.4395,3883.3032000000003,4229.833565779532,4118.310370790067,111.52319498946508,123.0637613393455,-11.540566349880422,4192.4395,4392.855080912784,3992.0239190872176,114863.04733500001
2025-08-11 20:00:00,4259.38,4259.38,4190.0,4223.22,82023.4577,4223.22,4205.8724999999995,3898.2378,4228.816094121143,4126.081454435314,102.73463968582837,118.99793700864208,51.07333259943074,0.015169372305448332,4205.8724999999995,4372.284984966147,4039.4600150338524,51.07333259943074,4205.8724999999995,3898.2378,4228.816094121143,4126.081454435314,102.73463968582837,118.99793700864208,-16.263297322813713,4205.8724999999995,4372.284984966147,4039.4600150338524,106482.51482
2025-08-12 00:00:00,4223.22,4311.12,4219.04,4286.09,69103.5726,4286.09,4217.1275000000005,3914.0247999999997,4237.627464256351,4137.933939292053,99.69352496429838,115.13705459977336,52.117770184997106,0.014407483530808835,4217.1275000000005,4372.35412887051,4061.900871129491,52.117770184997106,4217.1275000000005,3914.0247999999997,4237.627464256351,4137.933939292053,99.69352496429838,115.13705459977336,-15.443529635474988,4217.1275000000005,4372.35412887051,4061.900871129491,101879.834775
2025-08-12 04:00:00,4286.09,4321.67,4267.41,4315.57,80593.4939,4315.57,4232.431,3930.4014,4249.618623601528,4151.092166011257,98.5264575902711,111.8149351978729,54.0573268160137,0.013958353808348471,4232.431,4359.213457511313,4105.648542488686,54.0573268160137,4232.431,3930.4014,4249.618623601528,4151.092166011257,98.5264575902711,111.8149351978729,-13.288477607601806,4232.431,4359.213457511313,4105.648542488686,102956.85109
2025-08-12 08:00:00,4315.57,4332.32,4256.92,4290.94,74576.0882,4290.94,4244.4275,3945.0842,4255.975758432062,4161.451264825309,94.52449360675291,108.3568468796489,53.52380395367878,0.014021945406539702,4244.4275,4340.653017323561,4148.201982676439,53.52380395367878,4244.4275,3945.0842,4255.975758432062,4161.451264825309,94.52449360675291,108.3568468796489,-13.832353272895986,4244.4275,4340.653017323561,4148.201982676439,103939.550435
2025-08-12 12:00:00,4290.94,4480.66,4278.01,4472.62,319555.8459,4472.62,4259.5265,3963.4968,4289.305641750207,4184.500800764322,104.80484098588477,107.64644570089608,67.79128196242482,0.015512178695097122,4259.5265,4394.121048458373,4124.931951541627,67.79128196242482,4259.5265,3963.4968,4289.305641750207,4184.500800764322,104.80484098588477,107.64644570089608,-2.8416047150113144,4259.5265,4394.121048458373,4124.931951541627,109447.29394
2025-08-12 16:00:00,4472.62,4518.89,4440.38,4516.97,155770.5931,4516.97,4275.875,3982.7222,4324.33092763479,4209.128148855999,115.20277877879107,109.15771231647508,69.84005284389822,0.01557526567008092,4275.875,4448.86559402473,4102.88440597527,69.84005284389822,4275.875,3982.7222,4324.33092763479,4209.128148855999,115.20277877879107,109.15771231647508,6.045066462315987,4275.875,4448.86559402473,4102.88440597527,110615.746015
2025-08-12 20:00:00,4516.97,4639.7,4504.54,4590.52,185688.4715,4590.52,4294.9225,4001.5548,4365.283092614053,4237.379397089042,127.90369552501124,112.90690895818233,71.07448300828096,0.015820877633927505,4294.9225,4514.729242665071,4075.1157573349283,71.07448300828096,4294.9225,4001.5548,4365.283092614053,4237.379397089042,127.90369552501124,112.90690895818233,14.996786566828916,4294.9225,4514.729242665071,4075.1157573349283,114924.27275999999
2025-08-13 00:00:00,4590.52,4656.24,4564.33,4647.0,118706.8508,4647.0,4314.344,4021.1001999999994,4408.624155288814,4267.721663971488,140.90249131732617,118.50602543001109,71.88829641031282,0.01583741553388443,4314.344,4583.6860592089615,4045.001940791039,71.88829641031282,4314.344,4021.1001999999994,4408.624155288814,4267.721663971488,140.90249131732617,118.50602543001109,22.396465887315074,4314.344,4583.6860592089615,4045.001940791039,116803.07112999998
2025-08-13 04:00:00,4646.99,4683.0,4608.21,4625.59,121530.1824,4625.59,4332.5925,4039.1921999999995,4442.003516013612,4294.2304296033535,147.77308641025866,124.35943762606061,70.1792901573363,0.015945740044380003,4332.5925,4634.138372350386,4031.046627649614,70.1792901573363,4332.5925,4039.1921999999995,4442.003516013612,4294.2304296033535,147.77308641025866,124.35943762606061,23.413648784198045,4332.5925,4634.138372350386,4031.046627649614,117151.64744500001
2025-08-13 08:00:00,4625.6,4715.75,4609.04,4690.33,143405.6489,4690.33,4354.972,4059.96,4480.207590473056,4323.571138521751,156.6364519513054,130.81484049110958,70.36014932238018,0.0159581983338683,4354.972,4692.705278169526,4017.2387218304743,70.36014932238018,4354.972,4059.96,4480.207590473056,4323.571138521751,156.6364519513054,130.81484049110958,25.82161146019581,4354.972,4692.705278169526,4017.2387218304743,117670.32451500001
2025-08-13 12:00:00,4690.28,4736.82,4616.0,4664.38,223447.5173,4664.38,4378.9349999999995,4080.9778,4508.541807323356,4348.816239372092,159.72556795126366,136.5969859831404,71.12089005179003,0.015557536670699548,4378.9349999999995,4733.514660799386,4024.3553392006133,71.12089005179003,4378.9349999999995,4080.9778,4508.541807323356,4348.816239372092,159.72556795126366,136.5969859831404,23.128581968123257,4378.9349999999995,4733.514660799386,4024.3553392006133,124179.92258000001
2025-08-13 16:00:00,4664.38,4750.0,4661.09,4738.99,178188.5048,4738.99,4406.856,4102.2818,4543.995375427455,4377.717999418711,166.2773760087439,142.5330639882611,80.40311337014637,0.015642706723669433,4406.856,4782.958248213907,4030.753751786093,80.40311337014637,4406.856,4102.2818,4543.995375427455,4377.717999418711,166.2773760087439,142.5330639882611,23.744312020482795,4406.856,4782.958248213907,4030.753751786093,128725.32572
2025-08-13 20:00:00,4738.98,4783.85,4697.34,4749.3,140652.7946,4749.3,4433.424,4125.8592,4575.580702284769,4405.2425920544565,170.33811023031285,148.09407323667145,77.0133147904917,0.015658109622869662,4433.424,4827.9557666830915,4038.892233316908,77.0133147904917,4433.424,4125.8592,4575.580702284769,4405.2425920544565,170.33811023031285,148.09407323667145,22.2440369936414,4433.424,4827.9557666830915,4038.892233316908,131894.0863
2025-08-14 00:00:00,4749.31,4779.0,4708.35,4774.08,110355.4978,4774.08,4459.6865,4149.9076000000005,4606.11905577942,4432.563881531991,173.55517424742902,153.186293438823,85.2040327765694,0.01565628463822952,4459.6865,4872.007257421972,4047.3657425780275,85.2040327765694,4459.6865,4149.9076000000005,4606.11905577942,4432.563881531991,173.55517424742902,153.186293438823,20.368880808606036,4459.6865,4872.007257421972,4047.3657425780275,135387.47993
2025-08-14 04:00:00,4774.09,4788.0,4716.0,4748.37,126732.0793,4748.37,4484.5765,4172.635,4628.00381642874,4455.956927344505,172.04688908423486,156.95841256790538,86.4409131913122,0.015817206685754006,4484.5765,4903.78832784009,4065.3646721599102,86.4409131913122,4484.5765,4172.635,4628.00381642874,4455.956927344505,172.04688908423486,156.95841256790538,15.088476516329479,4484.5765,4903.78832784009,4065.3646721599102,138548.559055
2025-08-14 08:00:00,4748.37,4766.66,4675.81,4718.17,152329.8792,4718.17,4505.003000000001,4195.3252,4641.875536978165,4475.380117911632,166.49541906653303,158.86581386763092,81.40664069314418,0.015910991170657116,4505.003000000001,4928.118375585454,4081.8876244145476,81.40664069314418,4505.003000000001,4195.3252,4641.875536978165,4475.380117911632,166.49541906653303,158.86581386763092,7.629605198902112,4505.003000000001,4928.118375585454,4081.8876244145476,139405.47491000002
2025-08-14 12:00:00,4718.18,4736.0,4451.33,4618.87,554409.1566,4618.87,4522.262000000001,4214.9062,4638.336223596909,4486.008998066352,152.32722553055646,157.55809620021603,70.01451761911048,0.016691736153811088,4522.262000000001,4933.647074600656,4110.876925399345,70.01451761911048,4522.262000000001,4214.9062,4638.336223596909,4486.008998066352,152.32722553055646,157.55809620021603,-5.230870669659566,4522.262000000001,4933.647074600656,4110.876925399345,162529.448095
2025-08-14 16:00:00,4618.87,4623.62,4480.63,4537.63,205989.8934,4537.63,4539.8885,4233.2660000000005,4622.842958428154,4489.832775987372,133.01018244078205,152.64851344832925,65.14717982095274,0.016459800283380687,4539.8885,4919.423691976183,4160.353308023817,65.14717982095274,4539.8885,4233.2660000000005,4622.842958428154,4489.832775987372,133.01018244078205,152.64851344832925,-19.638331007547208,4539.8885,4919.423691976183,4160.353308023817,167365.121205
2025-08-14 20:00:00,4537.64,4572.0,4453.13,4546.84,115632.539,4546.84,4550.7435000000005,4250.909000000001,4611.1501955930535,4494.05553332165,117.09466227140365,145.53774321294415,55.781814782500334,0.014825747135123439,4550.7435000000005,4917.163558073961,4184.32344192604,55.781814782500334,4550.7435000000005,4250.909000000001,4611.1501955930535,4494.05553332165,117.09466227140365,145.53774321294415,-28.4430809415405,4550.7435000000005,4917.163558073961,4184.32344192604,164307.334705
2025-08-15 00:00:00,4546.84,4650.0,4537.32,4634.46,107623.8843,4634.46,4569.497,4269.925200000001,4614.736319347969,4504.455864186733,110.2804551612353,138.48628560260238,58.57453547605494,0.014580425357948809,4569.497,4910.6529591555545,4228.341040844446,58.57453547605494,4569.497,4269.925200000001,4614.736319347969,4504.455864186733,110.2804551612353,138.48628560260238,-28.205830441367084,4569.497,4910.6529591555545,4228.341040844446,163315.797565
2025-08-15 04:00:00,4634.47,4662.6,4599.01,4640.16,91121.5734,4640.16,4590.344,4289.0622,4618.6476548328965,4514.508022395142,104.1396324377547,131.61695496963284,54.020996014645334,0.014289670082424074,4590.344,4890.951681338947,4289.736318661053,54.020996014645334,4590.344,4289.0622,4618.6476548328965,4514.508022395142,104.1396324377547,131.61695496963284,-27.477322531878144,4590.344,4890.951681338947,4289.736318661053,163770.70335
2025-08-15 08:00:00,4640.15,4666.66,4612.31,4634.16,69832.2749,4634.16,4607.7474999999995,4308.6098,4621.034169473989,4523.371131847368,97.66303762662119,124.82617150103052,48.8672853664561,0.014146731080421197,4607.7474999999995,4872.332718577024,4343.162281422975,48.8672853664561,4607.7474999999995,4308.6098,4621.034169473989,4523.371131847368,97.66303762662119,124.82617150103052,-27.163133874409326,4607.7474999999995,4872.332718577024,4343.162281422975,163807.13846500003
2025-08-15 12:00:00,4634.17,4672.67,4395.47,4430.86,301257.0493,4430.86,4613.512000000001,4323.179,4591.7766049395295,4516.518455414219,75.25814952531073,114.91256710588657,36.99493768950268,0.0177074608399224,4613.512000000001,4855.339368578627,4371.684631421374,36.99493768950268,4613.512000000001,4323.179,4591.7766049395295,4516.518455414219,75.25814952531073,114.91256710588657,-39.65441758057584,4613.512000000001,4855.339368578627,4371.684631421374,174840.316235
2025-08-15 16:00:00,4430.87,4462.26,4369.46,4383.45,168479.3926,4383.45,4618.1375,4334.308,4559.726358025756,4506.6615327909285,53.06482523482737,102.54301873167474,29.019334372521655,0.01784857595222722,4618.1375,4836.374544264836,4399.900455735164,29.019334372521655,4618.1375,4334.308,4559.726358025756,4506.6615327909285,53.06482523482737,102.54301873167474,-49.47819349684737,4618.1375,4836.374544264836,4399.900455735164,179535.481455
2025-08-15 20:00:00,4383.45,4490.73,4368.0,4439.47,142095.0846,4439.47,4616.4800000000005,4346.3572,4541.225379867948,4501.684382213816,39.54099765413139,89.94261451616607,35.23069042959773,0.015307104940192455,4616.4800000000005,4839.814524730998,4393.145475269003,35.23069042959773,4616.4800000000005,4346.3572,4541.225379867948,4501.684382213816,39.54099765413139,89.94261451616607,-50.401616862034686,4616.4800000000005,4839.814524730998,4393.145475269003,170662.44339
2025-08-16 00:00:00,4439.47,4490.42,4423.53,4432.24,88860.8615,4432.24,4612.2435000000005,4357.65,4524.458398349802,4496.540353901675,27.918044448127148,77.5377005025583,27.90081120412664,0.015119730562745359,4612.2435000000005,4846.4746728343325,4378.0123271656685,27.90081120412664,4612.2435000000005,4357.65,4524.458398349802,4496.540353901675,27.918044448127148,77.5377005025583,-49.61965605443115,4612.2435000000005,4846.4746728343325,4378.0123271656685,167316.95681
2025-08-16 04:00:00,4432.25,4465.22,4407.69,4451.83,49806.4097,4451.83,4605.308999999999,4368.4803999999995,4513.2847986036795,4493.228475834881,20.056322768798964,66.04142495580643,28.852142014190036,0.014637789618082233,4605.308999999999,4850.216710127668,4360.40128987233,28.852142014190036,4605.308999999999,4368.4803999999995,4513.2847986036795,4493.228475834881,20.056322768798964,66.04142495580643,-45.98510218700747,4605.308999999999,4850.216710127668,4360.40128987233,160522.85372
2025-08-16 08:00:00,4451.84,4459.12,4372.54,4387.87,81613.2986,4387.87,4592.3525,4377.4542,4493.990214203113,4485.424144291548,8.566069911565137,54.54635394695817,23.992242319761914,0.014535330984521058,4592.3525,4854.765652420255,4329.939347579745,23.992242319761914,4592.3525,4377.4542,4493.990214203113,4485.424144291548,8.566069911565137,54.54635394695817,-45.98028403539303,4592.3525,4854.765652420255,4329.939347579745,158668.17611
2025-08-16 12:00:00,4387.88,4427.92,4375.63,4400.42,70316.2787,4400.42,4581.094,4387.1432,4479.594796633403,4479.127541010686,0.467255622716948,43.73053428210992,26.145914743668882,0.014581304865611718,4581.094,4856.502375777497,4305.685624222503,26.145914743668882,4581.094,4387.1432,4479.594796633403,4479.127541010686,0.467255622716948,43.73053428210992,-43.263278659392974,4581.094,4856.502375777497,4305.685624222503,156107.48092499998
2025-08-16 16:00:00,4400.41,4440.51,4390.58,4418.53,38344.5232,4418.53,4567.504,4397.1544,4470.200212535957,4474.63883426915,-4.438621733193031,34.096703079049334,29.11159444537394,0.01415815861724111,4567.504,4847.0100350652065,4287.997964934793,29.11159444537394,4567.504,4397.1544,4470.200212535957,4474.63883426915,-4.438621733193031,34.096703079049334,-38.535324812242365,4567.504,4847.0100350652065,4287.997964934793,150854.42464
2025-08-16 20:00:00,4418.53,4437.88,4402.82,4421.99,29735.2167,4421.99,4555.3845,4406.503000000001,4462.783256761194,4470.738920619579,-7.955663858385378,25.68622969156239,34.15835210814291,0.014166401021477502,4555.3845,4838.204484217185,4272.564515782815,34.15835210814291,4555.3845,4406.503000000001,4462.783256761194,4470.738920619579,-7.955663858385378,25.68622969156239,-33.64189354994777,4555.3845,4838.204484217185,4272.564515782815,141168.80961
2025-08-17 00:00:00,4422.0,4459.3,4393.98,4452.77,48880.8973,4452.77,4541.0735,4414.3386,4461.24275572101,4469.407889462572,-8.165133741561476,18.915957004937617,42.56839597856172,0.013678937404313224,4541.0735,4813.5520237524115,4268.594976247589,42.56839597856172,4541.0735,4414.3386,4461.24275572101,4469.407889462572,-8.165133741561476,18.915957004937617,-27.081090746499093,4541.0735,4813.5520237524115,4268.594976247589,134703.429235
2025-08-17 04:00:00,4452.78,4491.0,4444.44,4467.12,79637.8047,4467.12,4526.9645,4423.491,4462.146947148547,4469.238416169048,-7.091469020500881,13.714471799849917,43.080822108040536,0.013701854616284728,4526.9645,4782.75683365529,4271.17216634471,43.080822108040536,4526.9645,4423.491,4462.146947148547,4469.238416169048,-7.091469020500881,13.714471799849917,-20.8059408203508,4526.9645,4782.75683365529,4271.17216634471,131652.67974
2025-08-17 08:00:00,4467.12,4576.0,4458.64,4551.68,102669.3254,4551.68,4515.8445,4433.5044,4475.921262971848,4475.34520015653,0.5760628153175276,11.08679000294344,42.77686642700085,0.014455290723389629,4515.8445,4744.277541160121,4287.41145883988,42.77686642700085,4515.8445,4433.5044,4475.921262971848,4475.34520015653,0.5760628153175276,11.08679000294344,-10.510727187625912,4515.8445,4744.277541160121,4287.41145883988,131268.37112
2025-08-17 12:00:00,4551.69,4565.49,4519.13,4561.99,52232.2505,4561.99,4506.525500000001,4441.3314,4489.162607130024,4481.763333478272,7.3992736517520825,10.349286732705169,43.23355781382547,0.014470060335423576,4506.525500000001,4708.717322258958,4304.333677741043,43.23355781382547,4506.525500000001,4441.3314,4489.162607130024,4481.763333478272,7.3992736517520825,10.349286732705169,-2.9500130809530862,4506.525500000001,4708.717322258958,4304.333677741043,127543.37968000001
2025-08-17 16:00:00,4561.99,4566.17,4427.44,4459.56,92723.5258,4459.56,4493.594999999999,4446.7226,4484.608359879252,4480.11864210951,4.489717769742128,9.17737294011256,37.048630685695684,0.015162058401841356,4493.594999999999,4670.263401189697,4316.926598810302,37.048630685695684,4493.594999999999,4446.7226,4484.608359879252,4480.11864210951,4.489717769742128,9.17737294011256,-4.687655170370432,4493.594999999999,4670.263401189697,4316.926598810302,124563.06201
2025-08-17 20:00:00,4459.55,4533.95,4457.02,4472.33,66317.5792,4472.33,4486.268,4451.9778,4482.71938143629,4479.541705656954,3.177675779335914,7.977433507957231,54.28825512377725,0.014570781205150913,4486.268,4652.932090104926,4319.603909895074,54.28825512377725,4486.268,4451.9778,4482.71938143629,4479.541705656954,3.177675779335914,7.977433507957231,-4.7997577286213176,4486.268,4652.932090104926,4319.603909895074,100158.48314
2025-08-18 00:00:00,4472.34,4481.88,4278.13,4320.22,241372.5328,4320.22,4475.3975,4453.2108,4457.7194765999375,4467.740097830508,-10.020621230570214,4.377822560251742,44.62540162861469,0.01592452984086293,4475.3975,4655.754393423123,4295.0406065768775,44.62540162861469,4475.3975,4453.2108,4457.7194765999375,4467.740097830508,-10.020621230570214,4.377822560251742,-14.398443790821956,4475.3975,4655.754393423123,4295.0406065768775,101927.61511
2025-08-18 04:00:00,4320.22,4348.44,4230.74,4257.47,139718.9458,4257.47,4460.929,4453.1478,4426.911864815332,4452.164535028241,-25.252670212908924,-1.5482759943803932,34.704854107839154,0.016115106021047345,4460.929,4662.351576155801,4259.506423844199,34.704854107839154,4460.929,4453.1478,4426.911864815332,4452.164535028241,-25.252670212908924,-1.5482759943803932,-23.70439421852853,4460.929,4662.351576155801,4259.506423844199,103131.93544999999
2025-08-18 08:00:00,4257.47,4319.77,4225.86,4274.37,122837.6062,4274.37,4442.9245,4453.7804,4403.443885612973,4438.9945694705875,-35.550683857614786,-8.348757567027274,36.94490845641133,0.015338825965910687,4442.9245,4643.408398550159,4242.440601449841,36.94490845641133,4442.9245,4453.7804,4403.443885612973,4438.9945694705875,-35.550683857614786,-8.348757567027274,-27.20192629058751,4442.9245,4643.408398550159,4242.440601449841,103892.62154499999
2025-08-18 12:00:00,4274.36,4370.26,4270.77,4345.52,155521.8682,4345.52,4428.1925,4456.9884,4394.532518595593,4432.070527287578,-37.53800869198585,-14.186607792018991,41.89944985446291,0.015985077894902524,4428.1925,4610.092227828785,4246.292772171215,41.89944985446291,4428.1925,4456.9884,4394.532518595593,4432.070527287578,-37.53800869198585,-14.186607792018991,-23.351400899966862,4428.1925,4610.092227828785,4246.292772171215,107112.63628499999
2025-08-18 16:00:00,4345.52,4384.53,4299.44,4355.09,92501.2338,4355.09,4414.239,4460.4788,4388.464438811656,4426.368266007014,-37.903827195358645,-18.930051672686925,47.27650382186774,0.016025523400527784,4414.239,4570.6413410646455,4257.836658935354,47.27650382186774,4414.239,4460.4788,4388.464438811656,4426.368266007014,-37.903827195358645,-18.930051672686925,-18.97377552267172,4414.239,4570.6413410646455,4257.836658935354,108246.08423
2025-08-18 20:00:00,4355.08,4388.65,4303.67,4312.99,71235.9401,4312.99,4408.3455,4462.3798,4376.852986686786,4417.969875932417,-41.11688924563168,-23.36741918727588,43.07594836461547,0.012964639333798602,4408.3455,4570.873861181662,4245.817138818339,43.07594836461547,4408.3455,4462.3798,4376.852986686786,4417.969875932417,-41.11688924563168,-23.36741918727588,-17.749470058355804,4408.3455,4570.873861181662,4245.817138818339,96745.02877
2025-08-19 00:00:00,4312.99,4355.0,4213.21,4218.66,118747.775,4218.66,4400.106,4461.7764,4352.515604119588,4403.2061814189,-50.69057729931228,-28.832050809683164,35.87630905776105,0.013616693135990466,4400.106,4583.338087330095,4216.873912669905,35.87630905776105,4400.106,4461.7764,4352.515604119588,4403.2061814189,-50.69057729931228,-28.832050809683164,-21.858526489629117,4400.106,4583.338087330095,4216.873912669905,94258.44789
2025-08-19 04:00:00,4218.65,4250.41,4193.77,4234.36,103979.9428,4234.36,4389.8505,4461.4522,4334.337818870421,4390.699056869348,-56.36123799892721,-34.33788824753198,36.96669954571342,0.013251070372893114,4389.8505,4586.289962267041,4193.411037732958,36.96669954571342,4389.8505,4461.4522,4334.337818870421,4390.699056869348,-56.36123799892721,-34.33788824753198,-22.02334975139523,4389.8505,4586.289962267041,4193.411037732958,92352.69080000001
2025-08-19 08:00:00,4234.35,4317.41,4218.46,4308.93,72742.7152,4308.93,4383.6849999999995,4461.438,4330.428923659587,4384.64208969384,-54.213166034252936,-38.31294380487617,40.58145625982186,0.013979052248574382,4383.6849999999995,4582.251539768825,4185.118460231174,40.58145625982186,4383.6849999999995,4461.438,4330.428923659587,4384.64208969384,-54.213166034252936,-38.31294380487617,-15.900222229376766,4383.6849999999995,4582.251539768825,4185.118460231174,91546.78348499999
2025-08-19 12:00:00,4308.94,4340.15,4169.42,4192.14,237188.0218,4192.14,4370.700500000001,4459.807,4309.153704635035,4370.3826756424405,-61.22897100740556,-42.896149245382055,34.124289871137606,0.015035557504293787,4370.700500000001,4583.926343745611,4157.4746562543905,34.124289871137606,4370.700500000001,4459.807,4309.153704635035,4370.3826756424405,-61.22897100740556,-42.896149245382055,-18.332821762023507,4370.700500000001,4583.926343745611,4157.4746562543905,100915.86409
2025-08-19 16:00:00,4192.14,4206.33,4113.63,4142.0,191723.2518,4142.0,4358.407,4458.945,4283.437750075799,4353.465440409664,-70.02769033386448,-48.32245746307855,25.368557754743705,0.01494826696598974,4358.407,4594.581115618956,4122.232884381045,25.368557754743705,4358.407,4458.945,4283.437750075799,4353.465440409664,-70.02769033386448,-48.32245746307855,-21.705232870785935,4358.407,4594.581115618956,4122.232884381045,106421.36175
2025-08-19 20:00:00,4142.0,4164.97,4067.34,4075.59,106841.0885,4075.59,4342.1655,4453.862,4251.4611731410605,4332.882074453388,-81.42090131232726,-54.9421462329283,22.603974226107326,0.015168965685197818,4342.1655,4608.876914353211,4075.4540856467893,22.603974226107326,4342.1655,4453.862,4251.4611731410605,4332.882074453388,-81.42090131232726,-54.9421462329283,-26.478755079398958,4342.1655,4608.876914353211,4075.4540856467893,108247.60224
2025-08-20 00:00:00,4075.58,4158.32,4060.0,4140.92,114356.889,4140.92,4328.285,4451.4926000000005,4234.454838811666,4318.6626615309115,-84.20782271924509,-60.795281530191666,31.270132374033025,0.015716784680971322,4328.285,4606.892816000945,4049.677183999055,31.270132374033025,4328.285,4451.4926000000005,4234.454838811666,4318.6626615309115,-84.20782271924509,-60.795281530191666,-23.41254118905342,4328.285,4606.892816000945,4049.677183999055,112048.22052999998
2025-08-20 04:00:00,4140.92,4211.74,4139.51,4185.22,75847.711,4185.22,4316.4465,4450.7326,4226.880248225257,4308.778019936028,-81.89777171077094,-65.01577956630753,33.726690472141954,0.016000231570860068,4316.4465,4598.390862729087,4034.5021372709134,33.726690472141954,4316.4465,4450.7326,4226.880248225257,4308.778019936028,-81.89777171077094,-65.01577956630753,-16.88199214446341,4316.4465,4598.390862729087,4034.5021372709134,114353.845245
2025-08-20 08:00:00,4185.22,4242.0,4150.26,4195.3,95308.3674,4195.3,4303.573,4448.9168,4222.021748498294,4300.372240681506,-78.35049218321183,-67.68272208968838,41.56082797384209,0.015888679768999832,4303.573,4582.807969993628,4024.3380300063723,41.56082797384209,4303.573,4448.9168,4222.021748498294,4300.372240681506,-78.35049218321183,-67.68272208968838,-10.667770093523444,4303.573,4582.807969993628,4024.3380300063723,116675.21875
2025-08-20 12:00:00,4195.29,4308.49,4106.37,4255.9,215624.9806,4255.9,4293.012,4447.7234,4227.233787190864,4297.078000631024,-69.84421344016027,-68.11502035978276,49.89362711221319,0.016307169138545272,4293.012,4561.991435535556,4024.0325644644436,49.89362711221319,4293.012,4447.7234,4227.233787190864,4297.078000631024,-69.84421344016027,-68.11502035978276,-1.729193080377513,4293.012,4561.991435535556,4024.0325644644436,123474.57754500001
2025-08-20 16:00:00,4255.68,4364.77,4254.72,4346.65,159841.4222,4346.65,4282.7605,4448.8376,4245.605512238423,4300.750000584282,-55.14448834585892,-65.52091395699799,54.45172575201397,0.016479013141802064,4282.7605,4524.477270010242,4041.0437299897585,54.45172575201397,4282.7605,4448.8376,4245.605512238423,4300.750000584282,-55.14448834585892,-65.52091395699799,10.37642561113907,4282.7605,4524.477270010242,4041.0437299897585,126333.18238500001
2025-08-20 20:00:00,4346.64,4378.0,4320.53,4336.16,67345.5231,4336.16,4271.469,4446.1084,4259.53697189405,4303.372963503965,-43.835991609915254,-61.18392948758144,49.3769636295862,0.01644588337353787,4271.469,4476.5931825564385,4066.344817443561,49.3769636295862,4271.469,4446.1084,4259.53697189405,4303.372963503965,-43.835991609915254,-61.18392948758144,17.347937877666183,4271.469,4476.5931825564385,4066.344817443561,127088.84601499999
2025-08-21 00:00:00,4336.16,4340.26,4278.03,4295.23,84502.7984,4295.23,4263.2525000000005,4441.6736,4265.028206987273,4302.769781022191,-37.7415740349179,-56.495458397048736,46.17517763124262,0.015857913569469795,4263.2525000000005,4448.893246533884,4077.611753466117,46.17517763124262,4263.2525000000005,4441.6736,4265.028206987273,4302.769781022191,-37.7415740349179,-56.495458397048736,18.753884362130833,4263.2525000000005,4448.893246533884,4077.611753466117,126677.809645
2025-08-21 04:00:00,4295.24,4321.36,4270.89,4310.76,44223.1556,4310.76,4255.174,4436.0784,4272.06386745077,4303.3616490946215,-31.297781643851522,-51.45592304640929,49.852503472451914,0.015870330476075323,4255.174,4414.735986291996,4095.6120137080043,49.852503472451914,4255.174,4436.0784,4272.06386745077,4303.3616490946215,-31.297781643851522,-51.45592304640929,20.158141402557767,4255.174,4414.735986291996,4095.6120137080043,125573.088465
2025-08-21 08:00:00,4310.79,4315.01,4256.34,4278.52,66951.7258,4278.52,4253.089,4428.7088,4273.05711861219,4301.521526939465,-28.464408327275123,-46.85762010258246,54.31355028391898,0.014031162056906205,4253.089,4410.142286015907,4096.035713984093,54.31355028391898,4253.089,4428.7088,4273.05711861219,4301.521526939465,-28.464408327275123,-46.85762010258246,18.393211775307336,4253.089,4410.142286015907,4096.035713984093,116852.04811499998
2025-08-21 12:00:00,4278.53,4328.37,4226.98,4242.66,123952.4312,4242.66,4252.3485,4421.050200000001,4268.380638825699,4297.161413832837,-28.78077500713789,-43.24225108349355,50.58121621243104,0.013770287716082127,4252.3485,4409.454460659391,4095.242539340609,50.58121621243104,4252.3485,4421.050200000001,4268.380638825699,4297.161413832837,-28.78077500713789,-43.24225108349355,14.461476076355659,4252.3485,4409.454460659391,4095.242539340609,116063.722385
2025-08-21 16:00:00,4242.66,4274.38,4208.0,4224.1,66342.3596,4224.1,4249.835,4411.7256,4261.568232852514,4291.749457252626,-30.181224400112114,-40.63004574681727,43.5540493305573,0.013767416909806977,4249.835,4407.06598750422,4092.60401249578,43.5540493305573,4249.835,4411.7256,4261.568232852514,4291.749457252626,-30.181224400112114,-40.63004574681727,10.448821346705152,4249.835,4407.06598750422,4092.60401249578,113238.960055
2025-08-21 20:00:00,4224.1,4260.86,4204.2,4225.3,47863.9286,4225.3,4243.824,4402.9439999999995,4255.9885047213575,4286.827275233913,-30.83877051255513,-38.671790699964845,53.05667195162419,0.01316796142894999,4243.824,4394.716939306664,4092.931060693335,53.05667195162419,4243.824,4402.9439999999995,4255.9885047213575,4286.827275233913,-30.83877051255513,-38.671790699964845,7.833020187409716,4243.824,4394.716939306664,4092.931060693335,107856.063075
2025-08-22 00:00:00,4225.3,4314.89,4222.25,4278.93,77390.8514,4278.93,4240.0160000000005,4393.7428,4259.517965533456,4286.242291883253,-26.724326349796684,-36.28229782993122,62.541444560458714,0.01351984354442967,4240.0160000000005,4382.7070664262765,4097.324933573725,62.541444560458714,4240.0160000000005,4393.7428,4259.517965533456,4286.242291883253,-26.724326349796684,-36.28229782993122,9.557971480134533,4240.0160000000005,4382.7070664262765,4097.324933573725,107100.543955
2025-08-22 04:00:00,4278.93,4345.38,4272.55,4328.14,84613.359,4328.14,4240.7735,4385.3196,4270.075201605232,4289.345825817827,-19.270624212595067,-32.87996310646399,73.88360348773432,0.013616927690858562,4240.7735,4385.245442754055,4096.301557245945,73.88360348773432,4240.7735,4385.3196,4270.075201605232,4289.345825817827,-19.270624212595067,-32.87996310646399,13.609338893868923,4240.7735,4385.245442754055,4096.301557245945,107769.4149
2025-08-22 08:00:00,4328.13,4354.19,4273.75,4274.56,96665.0938,4274.56,4243.5685,4375.3292,4270.765170589042,4288.250579460951,-17.485408871908476,-29.801052259552886,62.925564840606654,0.01295414697981581,4243.5685,4388.401584221929,4098.735415778072,62.925564840606654,4243.5685,4375.3292,4270.765170589042,4288.250579460951,-17.485408871908476,-29.801052259552886,12.31564338764441,4243.5685,4388.401584221929,4098.735415778072,106665.28083999999
2025-08-22 12:00:00,4274.57,4668.18,4207.39,4616.08,510799.5805,4616.08,4262.654500000001,4372.6834,4323.890528959958,4312.534240241623,11.356288718335236,-21.56958406397526,76.45975091503107,0.021951269905392753,4262.654500000001,4483.196162895257,4042.1128371047444,76.45975091503107,4262.654500000001,4372.6834,4323.890528959958,4312.534240241623,11.356288718335236,-21.56958406397526,32.92587278231049,4262.654500000001,4483.196162895257,4042.1128371047444,127006.262725
2025-08-22 16:00:00,4616.09,4859.1,4616.09,4833.0,347174.1823,4833.0,4288.858,4374.98,4402.215062966118,4351.087259482986,51.127803483132084,-7.030106554553788,81.22857534622241,0.023778679276145093,4288.858,4626.170464331897,3951.5455356681027,81.22857534622241,4288.858,4374.98,4402.215062966118,4351.087259482986,51.127803483132084,-7.030106554553788,58.15791003768587,4288.858,4626.170464331897,3951.5455356681027,140727.83607999998
2025-08-22 20:00:00,4833.0,4887.59,4796.48,4832.07,161333.56826,4832.07,4320.8544999999995,4379.244,4468.346591740561,4386.715610632396,81.63098110816463,10.702110977989902,79.96671347584126,0.022534735418030954,4320.8544999999995,4732.706019870903,3909.0029801290957,79.96671347584126,4320.8544999999995,4379.244,4468.346591740561,4386.715610632396,81.63098110816463,10.702110977989902,70.92887013017473,4320.8544999999995,4732.706019870903,3909.0029801290957,136935.113403
2025-08-23 00:00:00,4832.07,4832.07,4659.7,4694.64,183495.7612,4694.64,4348.4865,4382.3841999999995,4503.160962242013,4409.5248246596275,93.63613758238535,27.288916298868998,67.26089501304529,0.023556640310463017,4348.4865,4783.326839206273,3913.646160793727,67.26089501304529,4348.4865,4382.3841999999995,4503.160962242013,4409.5248246596275,93.63613758238535,27.288916298868998,66.34722128351635,4348.4865,4783.326839206273,3913.646160793727,136523.738873
2025-08-23 04:00:00,4694.63,4765.54,4694.33,4713.88,102546.7853,4713.88,4380.401,4385.725,4535.579275743242,4432.069652462619,103.50962328062269,42.53305769521974,68.57432286236946,0.02296408178613942,4380.401,4824.503472001528,3936.298527998471,68.57432286236946,4380.401,4385.725,4535.579275743242,4432.069652462619,103.50962328062269,42.53305769521974,60.97656558540295,4380.401,4824.503472001528,3936.298527998471,136309.023713
2025-08-23 08:00:00,4713.89,4746.09,4690.72,4704.93,55489.6245,4704.93,4408.6015,4387.1344,4561.633233321205,4452.281530057981,109.3517032632235,55.8967868088205,70.80117790414303,0.02296533390560326,4408.6015,4860.239649350113,3956.9633506498863,70.80117790414303,4408.6015,4387.1344,4561.633233321205,4452.281530057981,109.3517032632235,55.8967868088205,53.454916454403,4408.6015,4860.239649350113,3956.9633506498863,133365.660488
2025-08-23 12:00:00,4704.95,4768.9,4692.81,4751.0,93641.4714,4751.0,4436.8904999999995,4389.3512,4590.766582041019,4474.408824127761,116.35775791325796,67.988981029708,71.67943742982649,0.022957814399893594,4436.8904999999995,4900.338202856678,3973.4427971433206,71.67943742982649,4436.8904999999995,4389.3512,4590.766582041019,4474.408824127761,116.35775791325796,67.988981029708,48.368776883549955,4436.8904999999995,4900.338202856678,3973.4427971433206,134255.348508
2025-08-23 16:00:00,4750.99,4761.97,4727.8,4758.66,37902.4266,4758.66,4465.0585,4391.8412,4616.5963386500935,4495.464466784965,121.13187186512823,78.61755919679206,74.2308934555291,0.02296615829703406,4465.0585,4935.114227951458,3995.0027720485423,74.2308934555291,4465.0585,4391.8412,4616.5963386500935,4495.464466784965,121.13187186512823,78.61755919679206,42.514312668336174,4465.0585,4935.114227951458,3995.0027720485423,131385.051468
2025-08-23 20:00:00,4758.66,4797.34,4738.0,4778.4,39366.0198,4778.4,4491.183500000001,4398.792,4641.489209627002,4516.422654430524,125.06655519647848,87.90735839672935,77.48399409012563,0.022895465650364804,4491.183500000001,4970.285542763309,4012.0814572366926,77.48399409012563,4491.183500000001,4398.792,4641.489209627002,4516.422654430524,125.06655519647848,87.90735839672935,37.159196799749125,4491.183500000001,4970.285542763309,4012.0814572366926,122572.103428
2025-08-24 00:00:00,4778.4,4817.4,4753.42,4788.59,73990.7108,4788.59,4513.2805,4406.8948,4664.120100453617,4536.583198546781,127.53690190683574,95.83326709875064,79.20974468833766,0.022622086416781036,4513.2805,5004.916713495279,4021.6442865047206,79.20974468833766,4513.2805,4406.8948,4664.120100453617,4536.583198546781,127.53690190683574,95.83326709875064,31.7036348080851,4513.2805,5004.916713495279,4021.6442865047206,118279.56785800001
2025-08-24 04:00:00,4788.59,4800.01,4757.3,4758.7,44970.7774,4758.7,4534.4075,4413.2794,4678.670854229983,4553.0362949507235,125.63455927925952,101.79352553485244,76.80509769236954,0.02270495295139061,4534.4075,5030.292959477316,4038.5220405226846,76.80509769236954,4534.4075,4413.2794,4678.670854229983,4553.0362949507235,125.63455927925952,101.79352553485244,23.841033744407085,4534.4075,5030.292959477316,4038.5220405226846,117160.83057299998
2025-08-24 08:00:00,4758.7,4786.5,4720.0,4747.73,59259.8944,4747.73,4557.032499999999,4419.589199999999,4689.295338194601,4567.4580508803,121.83728731430074,105.8022778907421,74.6140921978368,0.022523187839479025,4557.032499999999,5048.239209060749,4065.8257909392496,74.6140921978368,4557.032499999999,4419.589199999999,4689.295338194601,4567.4580508803,121.83728731430074,105.8022778907421,16.035009423558634,4557.032499999999,5048.239209060749,4065.8257909392496,115898.68537300001
2025-08-24 12:00:00,4747.73,4829.74,4738.67,4798.32,122996.9799,4798.32,4581.4105,4426.519,4706.068363087739,4584.558936000278,121.50942708746152,108.94370773008599,74.65082627296366,0.022551237357571526,4581.4105,5069.539672527731,4093.281327472268,74.65082627296366,4581.4105,4426.519,4706.068363087739,4584.558936000278,121.50942708746152,108.94370773008599,12.565719357375528,4581.4105,5069.539672527731,4093.281327472268,119837.37658799998
2025-08-24 16:00:00,4798.31,4956.78,4744.2,4813.04,305250.74042,4813.04,4608.1365,4435.0224,4722.525537997319,4601.483459259517,121.0420787378016,111.36338193162912,79.430926302442,0.0223515959599152,4608.1365,5084.837203157131,4131.4357968428685,79.430926302442,4608.1365,4435.0224,4722.525537997319,4601.483459259517,121.0420787378016,111.36338193162912,9.678696806172482,4608.1365,5084.837203157131,4131.4357968428685,131752.32731899997
2025-08-24 20:00:00,4813.01,4824.31,4711.0,4780.15,174199.6755,4780.15,4635.011,4442.617,4731.390839843885,4614.718017832887,116.67282201099806,112.42526994750291,63.532885728896844,0.02230131738523883,4635.011,5084.801058390964,4185.220941609037,63.532885728896844,4635.011,4442.617,4731.390839843885,4614.718017832887,116.67282201099806,112.42526994750291,4.247552063495149,4635.011,5084.801058390964,4185.220941609037,134264.68953399998
2025-08-25 00:00:00,4780.15,4797.97,4670.0,4727.41,111875.813,4727.41,4660.1765,4448.7946,4730.778402944826,4623.065572067489,107.71283087733718,111.48278213346977,38.05570009728285,0.022516314798086093,4660.1765,5067.47863444978,4252.874365550219,38.05570009728285,4660.1765,4448.7946,4730.778402944826,4623.065572067489,107.71283087733718,111.48278213346977,-3.769951256132586,4660.1765,5067.47863444978,4252.874365550219,136541.362204
2025-08-25 04:00:00,4727.41,4740.01,4581.55,4591.36,161725.1176,4591.36,4678.4794999999995,4452.182,4709.329417876392,4620.7170111736,88.6124067027913,106.90870704733408,29.145946320586347,0.023797661718623752,4678.4794999999995,5032.975296336118,4323.983703663881,29.145946320586347,4678.4794999999995,4452.182,4709.329417876392,4620.7170111736,88.6124067027913,106.90870704733408,-18.29630034454277,4678.4794999999995,5032.975296336118,4323.983703663881,142234.421654
2025-08-25 08:00:00,4591.37,4615.05,4519.96,4600.08,168097.6886,4600.08,4694.536999999999,4455.1282,4692.521815126177,4619.1883436792605,73.33347144691652,100.19365992725056,39.45631327773068,0.023722550941405407,4694.536999999999,4998.292214196494,4390.781785803505,39.45631327773068,4694.536999999999,4455.1282,4692.521815126177,4619.1883436792605,73.33347144691652,100.19365992725056,-26.860188480334045,4694.536999999999,4998.292214196494,4390.781785803505,146769.763514
2025-08-25 12:00:00,4600.08,4690.02,4585.56,4612.57,205755.3975,4612.57,4708.7585,4458.037200000001,4680.221535875996,4618.698095999315,61.52343987668064,92.45961591713659,38.5310299544909,0.023655346726739697,4708.7585,4962.860074988346,4454.656925011654,38.5310299544909,4708.7585,4458.037200000001,4680.221535875996,4618.698095999315,61.52343987668064,92.45961591713659,-30.936176040455948,4708.7585,4962.860074988346,4454.656925011654,152826.86543900002
2025-08-25 16:00:00,4612.58,4645.54,4416.0,4420.34,146228.7221,4420.34,4716.0475,4455.410400000001,4640.239761125843,4604.004903703069,36.23485742277353,81.21466421826398,27.23097847827829,0.025520330298288874,4716.0475,4921.39211548944,4510.70288451056,27.23097847827829,4716.0475,4455.410400000001,4640.239761125843,4604.004903703069,36.23485742277353,81.21466421826398,-44.97980679549045,4716.0475,4921.39211548944,4510.70288451056,155305.046854
2025-08-25 20:00:00,4420.34,4446.19,4334.13,4376.18,250234.4271,4376.18,4704.0525,4451.6942,4599.615182491098,4587.1289849102495,12.486197580848057,67.4689708907808,19.920069337442285,0.017833959689320337,4704.0525,4956.5888001629255,4451.516199837074,19.920069337442285,4704.0525,4451.6942,4599.615182491098,4587.1289849102495,12.486197580848057,67.4689708907808,-54.98277330993274,4704.0525,4956.5888001629255,4451.516199837074,142276.789184
2025-08-26 00:00:00,4376.17,4451.72,4311.04,4402.58,172417.3867,4402.58,4682.531499999999,4450.5545999999995,4569.302077492467,4573.458689731712,-4.156612239245078,53.14385426477562,22.25840630745742,0.013729060586261665,4682.531499999999,4960.843861604877,4404.219138395121,22.25840630745742,4682.531499999999,4450.5545999999995,4569.302077492467,4573.458689731712,-4.156612239245078,53.14385426477562,-57.3004665040207,4682.531499999999,4960.843861604877,4404.219138395121,133538.949404
2025-08-26 04:00:00,4402.58,4454.0,4393.86,4429.7,93610.1147,4429.7,4662.413,4449.702,4547.8248348013185,4562.809897899733,-14.985063098414685,39.518070792137564,23.14221455419316,0.013907786530087913,4662.413,4953.107751829184,4371.718248170815,23.14221455419316,4662.413,4449.702,4547.8248348013185,4562.809897899733,-14.985063098414685,39.518070792137564,-54.50313389055225,4662.413,4953.107751829184,4371.718248170815,130152.77672600001
2025-08-26 08:00:00,4429.7,4465.86,4405.09,4427.24,81044.3995,4427.24,4649.043,4451.8423999999995,4529.273321754961,4552.767683240493,-23.494361485531954,26.915584336603658,21.832468079135666,0.012699638976678453,4649.043,4957.548380459741,4340.537619540259,21.832468079135666,4649.043,4451.8423999999995,4529.273321754961,4552.767683240493,-23.494361485531954,26.915584336603658,-50.40994582213561,4649.043,4957.548380459741,4340.537619540259,125030.208641
2025-08-26 12:00:00,4427.24,4579.0,4405.84,4519.02,227815.4318,4519.02,4639.3,4457.0734,4527.6958876388135,4550.267854852308,-22.571967213494645,17.018074026583996,32.9608144230223,0.013684940774958307,4639.3,4951.469852349274,4327.130147650726,32.9608144230223,4639.3,4457.0734,4527.6958876388135,4550.267854852308,-22.571967213494645,17.018074026583996,-39.59004124007864,4639.3,4951.469852349274,4327.130147650726,131293.64096599998
2025-08-26 16:00:00,4519.03,4598.28,4498.58,4596.7,170031.4537,4596.7,4633.8885,4463.52,4538.31190492515,4553.707273011396,-15.39536808624598,10.535385604017998,40.19323922444581,0.014343501391013374,4633.8885,4945.0186490593,4322.7583509407,40.19323922444581,4633.8885,4463.52,4538.31190492515,4553.707273011396,-15.39536808624598,10.535385604017998,-25.930753690263977,4633.8885,4945.0186490593,4322.7583509407,137020.732426
2025-08-26 20:00:00,4596.69,4633.46,4563.21,4600.63,89831.4903,4600.63,4626.370000000001,4468.6222,4547.899304167435,4557.183030566107,-9.283726398672115,6.5715632034799745,36.33548529798032,0.01412505397897716,4626.370000000001,4932.816465969574,4319.923534030428,36.33548529798032,4626.370000000001,4468.6222,4547.899304167435,4557.183030566107,-9.283726398672115,6.5715632034799745,-15.85528960215209,4626.370000000001,4932.816465969574,4319.923534030428,136830.23337099998
2025-08-27 00:00:00,4600.63,4626.82,4538.69,4603.55,103641.6975,4603.55,4618.614500000001,4473.5914,4556.460949680137,4560.6176208945435,-4.156671214406742,4.4259163199026315,35.279733546945494,0.014115366068852874,4618.614500000001,4918.750250372323,4318.478749627679,35.279733546945494,4618.614500000001,4473.5914,4556.460949680137,4560.6176208945435,-4.156671214406742,4.4259163199026315,-8.582587534309374,4618.614500000001,4918.750250372323,4318.478749627679,140117.196916
2025-08-27 04:00:00,4603.56,4645.93,4560.22,4580.45,100967.802,4580.45,4608.717,4478.9406,4560.1515728062695,4562.086686013466,-1.935113207196082,3.1537104144828887,35.77189432585712,0.014069015420666851,4608.717,4899.578836985731,4317.855163014268,35.77189432585712,4608.717,4478.9406,4560.1515728062695,4562.086686013466,-1.935113207196082,3.1537104144828887,-5.088823621678971,4608.717,4899.578836985731,4317.855163014268,143197.286026
2025-08-27 08:00:00,4580.46,4619.68,4550.01,4608.87,72044.2122,4608.87,4599.731,4486.7447999999995,4567.6467154514585,4565.552116679135,2.0945987723234794,2.9418880860510073,41.25114397898031,0.014161403968987784,4599.731,4878.027945679815,4321.434054320184,41.25114397898031,4599.731,4486.7447999999995,4567.6467154514585,4565.552116679135,2.0945987723234794,2.9418880860510073,-0.8472893137275279,4599.731,4878.027945679815,4321.434054320184,143099.96109599998
2025-08-27 12:00:00,4608.87,4663.93,4575.17,4657.57,132483.3513,4657.57,4594.674499999999,4495.209,4581.481066920465,4572.368256184384,9.112810736080974,4.176072616057001,55.60997102235178,0.014381857460956306,4594.674499999999,4864.3513028565385,4324.99769714346,55.60997102235178,4594.674499999999,4495.209,4581.481066920465,4572.368256184384,9.112810736080974,4.176072616057001,4.936738120023972,4594.674499999999,4864.3513028565385,4324.99769714346,147475.589791
2025-08-27 16:00:00,4657.58,4658.0,4535.01,4565.7,80996.8873,4565.7,4585.573,4500.3444,4579.053210471163,4571.874311281837,7.178899189325421,4.776637930710685,47.44675162641475,0.014981696473902937,4585.573,4845.61481243545,4325.53118756455,47.44675162641475,4585.573,4500.3444,4579.053210471163,4571.874311281837,7.178899189325421,4.776637930710685,2.402261258614735,4585.573,4845.61481243545,4325.53118756455,148562.43943600002
2025-08-27 20:00:00,4565.7,4614.0,4481.53,4506.71,116535.4108,4506.71,4570.992499999999,4506.6358,4567.923485783292,4567.047325260961,0.8761605223307924,3.996542449034707,42.64615983105481,0.014873473188760917,4570.992499999999,4812.875269419572,4329.109730580427,42.64615983105481,4570.992499999999,4506.6358,4567.923485783292,4567.047325260961,0.8761605223307924,3.996542449034707,-3.1203819267039146,4570.992499999999,4812.875269419572,4329.109730580427,148239.360981
2025-08-28 00:00:00,4506.71,4549.0,4467.63,4541.63,69573.9921,4541.63,4557.4220000000005,4514.6284000000005,4563.878334124323,4565.164560426815,-1.286226302491741,2.9399886987294175,60.78229175926749,0.015010560565323482,4557.4220000000005,4770.91502807297,4343.928971927031,60.78229175926749,4557.4220000000005,4514.6284000000005,4563.878334124323,4565.164560426815,-1.286226302491741,2.9399886987294175,-4.226215001221158,4557.4220000000005,4770.91502807297,4343.928971927031,136455.52356499998
2025-08-28 04:00:00,4541.62,4600.85,4534.99,4596.82,57664.7504,4596.82,4548.255499999999,4525.053,4568.946282720582,4567.509407802607,1.4368749179748193,2.639365942578498,69.23693938759848,0.01533811774762707,4548.255499999999,4735.6281896321225,4360.882810367876,69.23693938759848,4548.255499999999,4525.053,4568.946282720582,4567.509407802607,1.4368749179748193,2.639365942578498,-1.2024910246036788,4548.255499999999,4735.6281896321225,4360.882810367876,130628.77731
2025-08-28 08:00:00,4596.82,4633.97,4581.28,4594.8,71841.8208,4594.8,4541.625,4534.1306,4572.923777686646,4569.530933150562,3.3928445360834303,2.7900616612794846,67.5031870333273,0.015186114712580533,4541.625,4710.806483309234,4372.443516690766,67.5031870333273,4541.625,4534.1306,4572.923777686646,4569.530933150562,3.3928445360834303,2.7900616612794846,0.6027828748039457,4541.625,4710.806483309234,4372.443516690766,128627.0777
2025-08-28 12:00:00,4594.79,4616.02,4485.0,4504.01,141018.1746,4504.01,4537.257500000001,4540.5064,4562.321658042547,4564.677530694966,-2.3558726524188387,1.7608747985398199,56.06344958140905,0.01444320986751242,4537.257500000001,4705.540528993848,4368.974471006153,56.06344958140905,4537.257500000001,4540.5064,4562.321658042547,4564.677530694966,-2.3558726524188387,1.7608747985398199,-4.116747450958659,4537.257500000001,4705.540528993848,4368.974471006153,127591.73055000001
2025-08-28 16:00:00,4504.01,4530.5,4436.34,4438.46,92574.3377,4438.46,4529.1765,4545.3696,4543.266018343694,4555.32808397682,-12.062065633126622,-1.0037132877934694,50.830053561388475,0.014743239855439351,4529.1765,4700.256243213129,4358.09675678687,50.830053561388475,4529.1765,4545.3696,4543.266018343694,4555.32808397682,-12.062065633126622,-1.0037132877934694,-11.058352345333152,4529.1765,4700.256243213129,4358.09675678687,123815.563005
2025-08-28 20:00:00,4438.49,4515.78,4430.0,4511.21,52570.3271,4511.21,4524.1085,4550.4758,4538.334323213895,4552.060077756315,-13.725754542419963,-3.548121538718769,49.40547782531245,0.015265801143477909,4524.1085,4690.733796528269,4357.483203471732,49.40547782531245,4524.1085,4550.4758,4538.334323213895,4552.060077756315,-13.725754542419963,-3.548121538718769,-10.177633003701194,4524.1085,4690.733796528269,4357.483203471732,116156.309485
2025-08-29 00:00:00,4511.2,4516.75,4434.79,4489.75,69637.5081,4489.75,4527.579,4553.337799999999,4530.8598119502185,4547.444516441032,-16.584704490813237,-6.155438129137663,41.096551838963734,0.011963175695072154,4527.579,4687.875217494779,4367.282782505221,41.096551838963734,4527.579,4553.337799999999,4530.8598119502185,4547.444516441032,-16.584704490813237,-6.155438129137663,-10.429266361675573,4527.579,4687.875217494779,4367.282782505221,112326.74878500002
2025-08-29 04:00:00,4489.75,4497.0,4367.5,4381.03,118788.5306,4381.03,4527.8215,4554.235199999999,4507.809071650185,4535.117515223177,-27.308443572992473,-10.386039217908626,34.43436348171247,0.013017789008934879,4527.8215,4687.165182486619,4368.477817513381,34.43436348171247,4527.8215,4554.235199999999,4507.809071650185,4535.117515223177,-27.308443572992473,-10.386039217908626,-16.92240435508385,4527.8215,4687.165182486619,4368.477817513381,105754.45396
2025-08-29 08:00:00,4381.03,4398.43,4318.57,4346.48,135466.2144,4346.48,4525.0165,4555.260200000001,4482.989214473233,4521.144365947386,-38.15515147415317,-15.93986166915754,32.56041138081213,0.013057960460545921,4525.0165,4695.246307059617,4354.786692940383,32.56041138081213,4525.0165,4555.260200000001,4482.989214473233,4521.144365947386,-38.15515147415317,-15.93986166915754,-22.21528980499563,4525.0165,4695.246307059617,4354.786692940383,103906.895345
2025-08-29 12:00:00,4346.48,4454.4,4265.0,4316.09,215781.3752,4316.09,4519.336,4555.3668,4457.3124122465815,4505.955153654987,-48.64274140840553,-22.480437617007144,32.24150902837488,0.013032877736208055,4519.336,4709.386450299185,4329.285549700816,32.24150902837488,4519.336,4555.3668,4457.3124122465815,4505.955153654987,-48.64274140840553,-22.480437617007144,-26.162303791398383,4519.336,4709.386450299185,4329.285549700816,110015.45837000001
2025-08-29 16:00:00,4316.1,4366.66,4296.13,4340.78,88846.0782,4340.78,4515.013,4556.612,4439.384348824031,4493.719957087951,-54.33560826392022,-28.851471746389766,31.900241699185727,0.013124883487040126,4515.013,4717.415870907391,4312.610129092609,31.900241699185727,4515.013,4556.612,4439.384348824031,4493.719957087951,-54.33560826392022,-28.851471746389766,-25.484136517530455,4515.013,4717.415870907391,4312.610129092609,110405.54230500001
2025-08-29 20:00:00,4340.79,4379.55,4305.57,4360.18,50544.1712,4360.18,4507.071,4558.9624,4427.199064389565,4483.828108414769,-56.629044025204166,-34.40698620215265,29.09502453289096,0.012184087963133567,4507.071,4720.951721692147,4293.190278307853,29.09502453289096,4507.071,4558.9624,4427.199064389565,4483.828108414769,-56.629044025204166,-34.40698620215265,-22.222057823051514,4507.071,4720.951721692147,4293.190278307853,101541.979275
2025-08-30 00:00:00,4360.18,4381.61,4257.2,4352.45,102136.5521,4352.45,4494.8585,4561.5294,4415.699208329632,4474.096396680342,-58.39718835071017,-39.20502663186416,32.99848521087458,0.011344288787060137,4494.8585,4714.992415058361,4274.7245849416395,32.99848521087458,4494.8585,4561.5294,4415.699208329632,4474.096396680342,-58.39718835071017,-39.20502663186416,-19.19216171884601,4494.8585,4714.992415058361,4274.7245849416395,98147.234195
2025-08-30 04:00:00,4352.46,4415.61,4347.58,4402.39,97596.3012,4402.39,4484.9465,4565.0712,4413.65163781738,4468.784811741057,-55.13317392367662,-42.390656090226656,41.56123604594728,0.011758634807431268,4484.9465,4702.868661890735,4267.024338109265,41.56123604594728,4484.9465,4565.0712,4413.65163781738,4468.784811741057,-55.13317392367662,-42.390656090226656,-12.742517833449966,4484.9465,4702.868661890735,4267.024338109265,98535.47474
2025-08-30 08:00:00,4402.39,4408.07,4378.41,4392.08,41144.3265,4392.08,4474.3730000000005,4567.3342,4410.332924307014,4463.102973834312,-52.7700495272984,-44.46653477764101,37.4007986655209,0.011740571978333305,4474.3730000000005,4688.554057012826,4260.191942987175,37.4007986655209,4474.3730000000005,4567.3342,4410.332924307014,4463.102973834312,-52.7700495272984,-44.46653477764101,-8.303514749657388,4474.3730000000005,4688.554057012826,4260.191942987175,95410.60618999999
2025-08-30 12:00:00,4392.07,4393.48,4332.15,4376.35,53086.3116,4376.35,4464.168,4568.298400000001,4405.104782105935,4456.676827624363,-51.57204551842824,-45.88763692579846,30.103063011028368,0.01172734560893952,4464.168,4676.5096228230595,4251.82637717694,30.103063011028368,4464.168,4568.298400000001,4405.104782105935,4456.676827624363,-51.57204551842824,-45.88763692579846,-5.684408592629779,4464.168,4676.5096228230595,4251.82637717694,93016.53167
2025-08-30 16:00:00,4376.24,4376.24,4335.82,4354.63,21764.9766,4354.63,4451.456,4569.8998,4397.339431012714,4449.117803355891,-51.77837234317667,-47.06578400927411,29.06942289927322,0.011570378338701158,4451.456,4657.675396953759,4245.236603046241,29.06942289927322,4451.456,4569.8998,4397.339431012714,4449.117803355891,-51.77837234317667,-47.06578400927411,-4.712588333902559,4451.456,4657.675396953759,4245.236603046241,90502.56989000001
2025-08-30 20:00:00,4354.63,4378.66,4334.4,4373.7,24590.7146,4373.7,4437.2625,4565.0522,4393.702595472297,4443.531299403602,-49.82870393130543,-47.61836799368038,37.02117487699447,0.011273960537421888,4437.2625,4621.673079771201,4252.851920228799,37.02117487699447,4437.2625,4565.0522,4393.702595472297,4443.531299403602,-49.82870393130543,-47.61836799368038,-2.2103359376250467,4437.2625,4621.673079771201,4252.851920228799,85107.938055
2025-08-31 00:00:00,4373.7,4488.58,4372.63,4488.12,86870.5588,4488.12,4433.3835,4558.1546,4408.228350015021,4446.834166114447,-38.60581609942619,-45.81585761482955,54.50733372059249,0.01232780591859656,4433.3835,4609.495817782455,4257.271182217545,54.50733372059249,4433.3835,4558.1546,4408.228350015021,4446.834166114447,-38.60581609942619,-45.81585761482955,7.210041515403354,4433.3835,4609.495817782455,4257.271182217545,85401.62163
2025-08-31 04:00:00,4488.12,4491.46,4433.04,4450.84,46105.6365,4450.84,4430.59,4550.53,4414.783988474248,4447.130894550413,-32.346906076165396,-43.12206730709672,44.14349740982909,0.012130339357223857,4430.59,4603.549220140328,4257.630779859673,44.14349740982909,4430.59,4550.53,4414.783988474248,4447.130894550413,-32.346906076165396,-43.12206730709672,10.775161230931324,4430.59,4603.549220140328,4257.630779859673,81880.132915
2025-08-31 08:00:00,4450.84,4483.8,4440.47,4476.98,64280.1686,4476.98,4427.3575,4546.1768,4424.352605632056,4449.3419393985305,-24.989333766474374,-39.495520598972256,48.772327866330784,0.012069882655782528,4427.3575,4593.875338826174,4260.839661173826,48.772327866330784,4427.3575,4546.1768,4424.352605632056,4449.3419393985305,-24.989333766474374,-39.495520598972256,14.506186832497882,4427.3575,4593.875338826174,4260.839661173826,81615.44174
2025-08-31 12:00:00,4476.98,4498.47,4451.03,4485.27,74632.1358,4485.27,4421.780000000001,4541.6046,4433.724512457894,4452.0032772208615,-18.278764762967512,-35.25216943177131,62.419577753419496,0.01170936193865967,4421.780000000001,4570.969426886452,4272.590573113549,62.419577753419496,4421.780000000001,4541.6046,4433.724512457894,4452.0032772208615,-18.278764762967512,-35.25216943177131,16.973404668803795,4421.780000000001,4570.969426886452,4272.590573113549,82463.81100999999
2025-08-31 16:00:00,4485.28,4490.87,4454.89,4456.01,33871.4872,4456.01,4414.8405,4536.6262,4437.1530490028335,4452.3000715007975,-15.147022497963917,-31.23114004500983,63.216449067258786,0.011768472789967717,4414.8405,4541.3280225757035,4288.352977424297,63.216449067258786,4414.8405,4536.6262,4437.1530490028335,4452.3000715007975,-15.147022497963917,-31.23114004500983,16.084117547045913,4414.8405,4541.3280225757035,4288.352977424297,80565.29433
2025-08-31 20:00:00,4456.0,4477.1,4378.43,4391.83,50826.1992,4391.83,4409.2315,4529.4428,4430.180272233167,4447.820806945183,-17.640534712016233,-28.513018978411115,58.450107104605436,0.01138497747497042,4409.2315,4528.831499344182,4289.631500655818,58.450107104605436,4409.2315,4529.4428,4430.180272233167,4447.820806945183,-17.640534712016233,-28.513018978411115,10.872484266394881,4409.2315,4528.831499344182,4289.631500655818,76055.69556
2025-09-01 00:00:00,4391.83,4432.25,4360.0,4404.16,97484.5196,4404.16,4407.5165,4522.3528,4426.177153428064,4444.586673097392,-18.409519669327892,-26.49231911659447,57.27168425883431,0.01096733062656875,4407.5165,4526.332899412892,4288.700100587107,57.27168425883431,4407.5165,4522.3528,4426.177153428064,4444.586673097392,-18.409519669327892,-26.49231911659447,8.082799447266577,4407.5165,4526.332899412892,4288.700100587107,76301.204655
2025-09-01 04:00:00,4404.15,4464.0,4358.67,4463.29,82667.9879,4463.29,4405.1205,4516.0506,4431.886822131439,4445.972104719807,-14.0852825883685,-24.010911810949278,60.841587281559455,0.010747240639293186,4405.1205,4516.854087933985,4293.386912066015,60.841587281559455,4405.1205,4516.0506,4431.886822131439,4445.972104719807,-14.0852825883685,-24.010911810949278,9.925629222580778,4405.1205,4516.854087933985,4293.386912066015,77806.08769500001
2025-09-01 08:00:00,4463.29,4491.84,4381.99,4392.83,81553.9294,4392.83,4400.2744999999995,4508.1354,4425.8780802650635,4442.03565251834,-16.157572253276157,-22.440243899414657,53.75097536506521,0.01124955473519919,4400.2744999999995,4504.723031263621,4295.825968736378,53.75097536506521,4400.2744999999995,4508.1354,4425.8780802650635,4442.03565251834,-16.157572253276157,-22.440243899414657,6.2826716461385,4400.2744999999995,4504.723031263621,4295.825968736378,78401.90876
2025-09-01 12:00:00,4392.83,4423.78,4346.19,4362.01,65084.4647,4362.01,4399.3235,4500.201599999999,4416.052221762746,4436.107826405871,-20.055604643124752,-21.963316048156678,46.11087567900758,0.009968382383572614,4399.3235,4504.850585727197,4293.796414272804,46.11087567900758,4399.3235,4500.201599999999,4416.052221762746,4436.107826405871,-20.055604643124752,-21.963316048156678,1.9077114050319253,4399.3235,4504.850585727197,4293.796414272804,75716.70546499999
2025-09-01 16:00:00,4362.01,4371.54,4309.69,4368.06,58822.6622,4368.06,4400.4025,4492.6082,4408.6688030300165,4431.067246672102,-22.398443642085113,-22.050341566942368,47.667417650714775,0.009804934377924726,4400.4025,4504.07965454069,4296.72534545931,47.667417650714775,4400.4025,4492.6082,4408.6688030300165,4431.067246672102,-22.398443642085113,-22.050341566942368,-0.3481020751427444,4400.4025,4504.07965454069,4296.72534545931,71884.52785500001
2025-09-01 20:00:00,4368.05,4368.15,4210.61,4314.5,128216.4757,4314.5,4400.323,4482.9318,4394.181294871552,4422.432635807501,-28.251340935948974,-23.29054144074369,44.404841598668355,0.010078018940583815,4400.323,4504.274445365873,4296.371554634127,44.404841598668355,4400.323,4482.9318,4394.181294871552,4422.432635807501,-28.251340935948974,-23.29054144074369,-4.960799495205283,4400.323,4504.274445365873,4296.371554634127,67506.28288
2025-09-02 00:00:00,4314.5,4394.97,4290.98,4367.11,80296.0877,4367.11,4401.6395,4474.0132,4390.016480275929,4418.334662784723,-28.318182508794052,-24.296069654353765,51.06922549691566,0.010370120078365689,4401.6395,4503.051749125052,4300.227250874948,51.06922549691566,4401.6395,4474.0132,4390.016480275929,4418.334662784723,-28.318182508794052,-24.296069654353765,-4.022112854440287,4401.6395,4503.051749125052,4300.227250874948,67078.78335499999
2025-09-02 04:00:00,4367.11,4416.78,4360.84,4377.53,63965.5878,4377.53,4402.507,4465.9608,4388.0954833104015,4415.31209517104,-27.216611860638295,-24.880178095610674,50.333072441081825,0.010337011534498368,4402.507,4502.71566337152,4302.298336628479,50.333072441081825,4402.507,4465.9608,4388.0954833104015,4415.31209517104,-27.216611860638295,-24.880178095610674,-2.3364337650276212,4402.507,4502.71566337152,4302.298336628479,67749.854185
2025-09-02 08:00:00,4377.53,4408.0,4340.98,4347.98,62250.6809,4347.98,4402.2835,4458.3722,4381.923870493417,4410.324532565777,-28.40066207236032,-25.584274890960607,35.70233431276526,0.010447584120862339,4402.2835,4502.980992212391,4301.586007787608,35.70233431276526,4402.2835,4458.3722,4381.923870493417,4410.324532565777,-28.40066207236032,-25.584274890960607,-2.816387181399712,4402.2835,4502.980992212391,4301.586007787608,65755.56062500001
2025-09-02 12:00:00,4347.98,4397.44,4271.31,4295.66,179101.1244,4295.66,4396.947,4452.4582,4368.652505802122,4401.830863486831,-33.178357684709226,-27.103091449710334,34.639293633196075,0.010411065676915588,4396.947,4508.362696919105,4285.531303080896,34.639293633196075,4396.947,4452.4582,4368.652505802122,4401.830863486831,-33.178357684709226,-27.103091449710334,-6.075266234998892,4396.947,4508.362696919105,4285.531303080896,69830.80178499999
2025-09-02 16:00:00,4295.65,4331.57,4257.85,4274.41,83144.9375,4274.41,4391.0635,4445.9448,4354.153658755641,4392.392281006324,-38.238622250682965,-29.33019760990486,29.75231393558971,0.010442677733330744,4391.0635,4515.256253797309,4266.870746202691,29.75231393558971,4391.0635,4445.9448,4354.153658755641,4392.392281006324,-38.238622250682965,-29.33019760990486,-8.908424640778104,4391.0635,4515.256253797309,4266.870746202691,71930.832335
2025-09-02 20:00:00,4274.41,4337.4,4266.31,4326.5,55846.6329,4326.5,4388.571,4440.2234,4349.899249716312,4387.511371302152,-37.612121585840214,-30.986582405091934,35.40797382497287,0.01084910458688277,4388.571,4515.966734688455,4261.1752653115445,35.40797382497287,4388.571,4440.2234,4349.899249716312,4387.511371302152,-37.612121585840214,-30.986582405091934,-6.62553918074828,4388.571,4515.966734688455,4261.1752653115445,72068.8484
2025-09-03 00:00:00,4326.49,4355.37,4283.23,4335.02,59970.9699,4335.02,4387.5905,4438.517,4347.610134375341,4383.623121576067,-36.01298720072646,-31.99186336421884,38.439488620076865,0.010810251236166286,4387.5905,4516.380364176907,4258.800635823093,38.439488620076865,4387.5905,4438.517,4347.610134375341,4383.623121576067,-36.01298720072646,-31.99186336421884,-4.021123836507616,4387.5905,4516.380364176907,4258.800635823093,73979.14806499999
2025-09-03 04:00:00,4335.02,4342.59,4285.71,4310.21,45196.6997,4310.21,4384.415999999999,4437.1976,4341.856267548365,4378.1851125704325,-36.32884502206707,-32.85925969578849,41.56678789882628,0.010822494084611228,4384.415999999999,4517.698987487725,4251.133012512273,41.56678789882628,4384.415999999999,4437.1976,4341.856267548365,4378.1851125704325,-36.32884502206707,-32.85925969578849,-3.469585326278583,4384.415999999999,4517.698987487725,4251.133012512273,75009.44732
2025-09-03 08:00:00,4310.2,4385.88,4300.01,4371.51,70248.1912,4371.51,4378.585499999999,4436.5761999999995,4346.418380233233,4377.690659787438,-31.272279554204943,-32.54186366747178,46.93651597890751,0.009514584020748586,4378.585499999999,4502.650708401703,4254.520291598295,46.93651597890751,4378.585499999999,4436.5761999999995,4346.418380233233,4377.690659787438,-31.272279554204943,-32.54186366747178,1.2695841132668377,4378.585499999999,4502.650708401703,4254.520291598295,74178.32894
2025-09-03 12:00:00,4371.51,4486.98,4339.99,4480.03,163360.9229,4480.03,4380.045,4437.5828,4366.974014043504,4385.271351655035,-18.297337611530565,-29.692958456283538,51.43745277186232,0.010994500363366725,4380.045,4508.305021009832,4251.784978990168,51.43745277186232,4380.045,4437.5828,4366.974014043504,4385.271351655035,-18.297337611530565,-29.692958456283538,11.395620844752973,4380.045,4508.305021009832,4251.784978990168,80041.09326000001
2025-09-03 16:00:00,4480.02,4490.64,4455.42,4475.32,112106.49,4475.32,4379.962,4438.5444,4383.642627267581,4391.94162190281,-8.298994635229064,-25.414165692072643,57.98501539116796,0.010921337710166307,4379.962,4507.959779849046,4251.964220150955,57.98501539116796,4379.962,4438.5444,4383.642627267581,4391.94162190281,-8.298994635229064,-25.414165692072643,17.11517105684358,4379.962,4507.959779849046,4251.964220150955,82432.40933000001
2025-09-03 20:00:00,4475.32,4480.79,4436.6,4450.46,36208.4124,4450.46,4378.2215,4437.173199999999,4393.922223072568,4396.2763165766755,-2.354093504107368,-20.80215125447959,58.66188769414573,0.010982003725662375,4378.2215,4501.031500154154,4255.411499845845,58.66188769414573,4378.2215,4437.173199999999,4393.922223072568,4396.2763165766755,-2.354093504107368,-20.80215125447959,18.44805775037222,4378.2215,4501.031500154154,4255.411499845845,80511.22316000001
2025-09-04 00:00:00,4450.46,4482.05,4388.9,4398.03,101700.4604,4398.03,4375.3225,4433.1998,4394.554188753711,4396.406219052477,-1.8520302987662944,-17.01212706333693,52.69054672771337,0.0111987708886563,4375.3225,4493.0323561136,4257.6126438864,52.69054672771337,4375.3225,4433.1998,4394.554188753711,4396.406219052477,-1.8520302987662944,-17.01212706333693,15.160096764570635,4375.3225,4493.0323561136,4257.6126438864,83902.67182
2025-09-04 04:00:00,4398.03,4414.9,4355.29,4371.04,68607.1967,4371.04,4374.283,4428.608,4390.93662125314,4394.527239863405,-3.5906186102647553,-14.327825372722494,55.33014065387081,0.010808075923975148,4374.283,4491.745988231099,4256.820011768902,55.33014065387081,4374.283,4428.608,4390.93662125314,4394.527239863405,-3.5906186102647553,-14.327825372722494,10.737206762457738,4374.283,4491.745988231099,4256.820011768902,84791.721695
2025-09-04 08:00:00,4371.05,4433.85,4365.4,4407.03,66351.3837,4407.03,4374.4265,4424.677599999999,4393.412525675734,4395.453370243894,-2.0408445681596277,-11.87042921180992,53.88508252880724,0.010954188534638885,4374.4265,4492.050073232445,4256.802926767554,53.88508252880724,4374.4265,4424.677599999999,4393.412525675734,4395.453370243894,-2.0408445681596277,-11.87042921180992,9.829584643650293,4374.4265,4492.050073232445,4256.802926767554,83235.0649
2025-09-04 12:00:00,4407.04,4428.39,4293.06,4305.33,129618.4637,4305.33,4366.528499999999,4419.175200000001,4379.861367879467,4388.777565040643,-8.91619716117566,-11.27958280168307,44.03345233373001,0.01163495647881344,4366.528499999999,4480.174057261299,4252.8829427387,44.03345233373001,4366.528499999999,4419.175200000001,4379.861367879467,4388.777565040643,-8.91619716117566,-11.27958280168307,2.36338564050741,4366.528499999999,4480.174057261299,4252.8829427387,85582.58869
2025-09-04 16:00:00,4305.32,4323.79,4265.33,4275.92,63186.7386,4275.92,4360.683,4412.5162,4363.870388205703,4380.417745408003,-16.54735720229928,-12.333137681806313,44.04364357745086,0.011231065267638457,4360.683,4480.492031572263,4240.873968427737,44.04364357745086,4360.683,4412.5162,4363.870388205703,4380.417745408003,-16.54735720229928,-12.333137681806313,-4.214219520492968,4360.683,4480.492031572263,4240.873968427737,84664.22915
2025-09-04 20:00:00,4275.92,4353.33,4272.3,4297.55,42331.4665,4297.55,4357.46,4405.3158,4353.667251558672,4374.279393896299,-20.61214233762621,-13.988938612970294,50.164573936364775,0.011231486532385943,4357.46,4480.542111573703,4234.377888426297,50.164573936364775,4357.46,4405.3158,4353.667251558672,4374.279393896299,-20.61214233762621,-13.988938612970294,-6.623203724655916,4357.46,4480.542111573703,4234.377888426297,83526.57924
2025-09-05 00:00:00,4297.56,4335.69,4291.02,4328.88,45816.7221,4328.88,4355.501,4400.5794,4349.853828241953,4370.916475829906,-21.062647587952597,-15.403680407966755,54.6612127539407,0.011365551511044304,4355.501,4479.118774381864,4231.883225618137,54.6612127539407,4355.501,4400.5794,4349.853828241953,4370.916475829906,-21.062647587952597,-15.403680407966755,-5.658967179985842,4355.501,4479.118774381864,4231.883225618137,82876.28223499999
2025-09-05 04:00:00,4328.89,4428.67,4316.57,4417.29,72860.7888,4417.29,4360.6404999999995,4398.791,4360.228623897037,4374.351551694357,-14.12292779731979,-15.147529885837363,57.314577593013325,0.011905598331560921,4360.6404999999995,4485.620449124352,4235.6605508756475,57.314577593013325,4360.6404999999995,4398.791,4360.228623897037,4374.351551694357,-14.12292779731979,-15.147529885837363,1.0246020885175735,4360.6404999999995,4485.620449124352,4235.6605508756475,80108.49789
2025-09-05 08:00:00,4417.29,4426.31,4373.2,4417.39,81554.0064,4417.39,4363.1545,4396.3062,4369.022681759031,4377.5395849021825,-8.516903143151467,-13.821404537300184,56.72748656462862,0.01162424198494501,4363.1545,4490.679266548015,4235.629733451984,56.72748656462862,4363.1545,4396.3062,4369.022681759031,4377.5395849021825,-8.516903143151467,-13.821404537300184,5.304501394148717,4363.1545,4490.679266548015,4235.629733451984,80171.393825
2025-09-05 12:00:00,4417.38,4490.0,4256.03,4283.39,318985.246,4283.39,4358.4475,4390.0376,4355.848423026872,4370.565541576095,-14.717118549222505,-14.00054733968465,48.14106296265493,0.013514048919664847,4358.4475,4490.603542038705,4226.291457961295,48.14106296265493,4358.4475,4390.0376,4355.848423026872,4370.565541576095,-14.717118549222505,-14.00054733968465,-0.7165712095378556,4358.4475,4490.603542038705,4226.291457961295,92922.376735
2025-09-05 16:00:00,4283.4,4331.9,4272.35,4331.54,59666.9203,4331.54,4357.6255,4384.7724,4352.108665638123,4367.674760718606,-15.566095080483137,-14.313656887844347,47.17817658105415,0.013708496344992147,4357.6255,4490.259324133131,4224.99167586687,47.17817658105415,4357.6255,4384.7724,4352.108665638123,4367.674760718606,-15.566095080483137,-14.313656887844347,-1.25243819263879,4357.6255,4490.259324133131,4224.99167586687,92793.188705
2025-09-05 20:00:00,4331.54,4343.03,4286.71,4307.45,45286.1918,4307.45,4358.215,4380.8412,4345.238101693797,4363.213667332043,-17.975565638245826,-15.046038637924644,36.16704071817889,0.013486575738960293,4358.215,4489.789778498046,4226.640221501954,36.16704071817889,4358.215,4380.8412,4345.238101693797,4363.213667332043,-17.975565638245826,-15.046038637924644,-2.9295270003211815,4358.215,4489.789778498046,4226.640221501954,86102.442075
2025-09-06 00:00:00,4307.46,4329.3,4302.77,4320.42,20383.2609,4320.42,4360.5154999999995,4378.4803999999995,4341.419932202443,4360.0437660481875,-18.62383384574423,-15.761597679488563,37.74641647944817,0.01344332216709637,4360.5154999999995,4487.447698308136,4233.583301691863,37.74641647944817,4360.5154999999995,4378.4803999999995,4341.419932202443,4360.0437660481875,-18.62383384574423,-15.761597679488563,-2.8622361662556663,4360.5154999999995,4487.447698308136,4233.583301691863,82964.358245
2025-09-06 04:00:00,4320.43,4320.43,4290.71,4312.26,18863.6631,4312.26,4359.8035,4374.5014,4336.933788786683,4356.504227822396,-19.570439035713207,-16.523365950733496,38.77080083203329,0.013171709263488268,4359.8035,4487.695205220386,4231.911794779614,38.77080083203329,4359.8035,4374.5014,4336.933788786683,4356.504227822396,-19.570439035713207,-16.523365950733496,-3.0470730849797114,4359.8035,4487.695205220386,4231.911794779614,81115.20975499999
2025-09-06 08:00:00,4312.27,4315.05,4286.08,4299.99,17622.5479,4299.99,4358.052000000001,4370.7062,4331.250128973347,4352.317988724441,-21.067859751094147,-17.432264710805626,41.47774687065368,0.013176239450937998,4358.052000000001,4488.310404816084,4227.793595183917,41.47774687065368,4358.052000000001,4370.7062,4331.250128973347,4352.317988724441,-21.067859751094147,-17.432264710805626,-3.6355950402885213,4358.052000000001,4488.310404816084,4227.793595183917,78997.78865500001
2025-09-06 12:00:00,4300.0,4308.39,4263.19,4270.24,44936.6069,4270.24,4356.0535,4368.490400000001,4321.86395528514,4346.238137707816,-24.374182422676313,-18.820648253179765,41.27967333379471,0.013204707532534556,4356.0535,4490.559737346937,4221.547262653063,41.27967333379471,4356.0535,4368.490400000001,4321.86395528514,4346.238137707816,-24.374182422676313,-18.820648253179765,-5.553534169496547,4356.0535,4490.559737346937,4221.547262653063,78984.78401500001
2025-09-06 16:00:00,4270.23,4304.25,4236.0,4255.48,59382.7999,4255.48,4350.252,4366.6704,4311.651039087426,4339.515312692422,-27.864273604996015,-20.629373323543017,36.38927307671582,0.012759816599012302,4350.252,4491.777251546254,4208.726748453747,36.38927307671582,4350.252,4366.6704,4311.651039087426,4339.515312692422,-27.864273604996015,-20.629373323543017,-7.2349002814529975,4350.252,4491.777251546254,4208.726748453747,78441.51445
2025-09-06 20:00:00,4255.48,4288.0,4253.35,4273.14,29977.1899,4273.14,4339.9075,4365.8114000000005,4305.726263843207,4334.598622863354,-28.872359020147087,-22.277970462863834,46.59501999196095,0.011287332497498238,4339.9075,4471.379644397961,4208.43535560204,46.59501999196095,4339.9075,4365.8114000000005,4305.726263843207,4334.598622863354,-28.872359020147087,-22.277970462863834,-6.594388557283253,4339.9075,4471.379644397961,4208.43535560204,71772.3278
2025-09-07 00:00:00,4273.15,4304.08,4270.81,4296.9,21924.9924,4296.9,4330.9865,4364.9338,4304.368377098098,4331.8061322808835,-27.437755182785622,-23.309927406848196,52.2460602946214,0.011421857224022261,4330.9865,4447.0851945434915,4214.887805456508,52.2460602946214,4330.9865,4364.9338,4304.368377098098,4331.8061322808835,-27.437755182785622,-23.309927406848196,-4.127827775937426,4330.9865,4447.0851945434915,4214.887805456508,67263.25292
2025-09-07 04:00:00,4296.9,4307.2,4276.76,4294.56,20002.1344,4294.56,4323.191499999999,4363.6214,4302.859396006083,4329.047159519336,-26.18776351325232,-23.885494628129024,49.66610831937467,0.01139399691711586,4323.191499999999,4425.648207011031,4220.734792988967,49.66610831937467,4323.191499999999,4363.6214,4302.859396006083,4329.047159519336,-26.18776351325232,-23.885494628129024,-2.302268885123297,4323.191499999999,4425.648207011031,4220.734792988967,66452.93901999999
2025-09-07 08:00:00,4294.57,4315.35,4291.65,4310.87,41022.6191,4310.87,4318.8335,4362.7898,4304.091796620532,4327.700703258644,-23.608906638112785,-23.83017703012578,47.919025720426106,0.011200817787899822,4318.8335,4415.115667398292,4222.551332601707,47.919025720426106,4318.8335,4362.7898,4304.091796620532,4327.700703258644,-23.608906638112785,-23.83017703012578,0.22127039201299326,4318.8335,4415.115667398292,4222.551332601707,63419.04695499999
2025-09-07 12:00:00,4310.88,4311.23,4288.95,4299.38,27581.9045,4299.38,4315.2505,4360.729600000001,4303.366904832757,4325.602873387634,-22.235968554876308,-23.511335335075888,33.43076360979174,0.011142798680183478,4315.2505,4408.642573477284,4221.858426522716,33.43076360979174,4315.2505,4360.729600000001,4303.366904832757,4325.602873387634,-22.235968554876308,-23.511335335075888,1.2753667801995796,4315.2505,4408.642573477284,4221.858426522716,61367.78234499999
2025-09-07 16:00:00,4299.39,4301.62,4270.81,4293.48,26890.3039,4293.48,4309.573,4358.7576,4301.845842550795,4323.223401284846,-21.37755873405058,-23.08458001487083,32.86690080473426,0.010939599492480205,4309.573,4392.716091645585,4226.429908354416,32.86690080473426,4309.573,4358.7576,4301.845842550795,4323.223401284846,-21.37755873405058,-23.08458001487083,1.7070212808202498,4309.573,4392.716091645585,4226.429908354416,59394.72835500001
2025-09-07 20:00:00,4293.47,4336.02,4281.34,4306.19,32198.8829,4306.19,4309.616,4357.354399999999,4302.514174466057,4321.961667856339,-19.447493390282034,-22.357162689953075,54.74367509986671,0.009682021971797225,4309.616,4392.7507412082,4226.4812587917995,54.74367509986671,4309.616,4357.354399999999,4302.514174466057,4321.961667856339,-19.447493390282034,-22.357162689953075,2.909669299671041,4309.616,4392.7507412082,4226.4812587917995,54523.74931499999
2025-09-08 00:00:00,4306.19,4330.97,4279.0,4311.87,51316.817,4311.87,4311.413500000001,4356.4992,4303.953532240509,4321.214136904018,-17.260604663509184,-21.337851084664297,45.02906242102602,0.009547528945441808,4311.413500000001,4393.021187531112,4229.805812468889,45.02906242102602,4311.413500000001,4356.4992,4303.953532240509,4321.214136904018,-17.260604663509184,-21.337851084664297,4.077246421155113,4311.413500000001,4393.021187531112,4229.805812468889,53930.253235
2025-09-08 04:00:00,4311.87,4313.59,4287.68,4291.78,32212.3104,4291.78,4311.125,4354.8608,4302.080681126585,4319.033830466684,-16.953149340099117,-20.460910735751263,45.95821511477946,0.009548585538316829,4311.125,4392.979469961003,4229.270530038997,45.95821511477946,4311.125,4354.8608,4302.080681126585,4319.033830466684,-16.953149340099117,-20.460910735751263,3.507761395652146,4311.125,4392.979469961003,4229.270530038997,53424.29543
2025-09-08 08:00:00,4291.78,4337.77,4288.3,4312.41,81225.5367,4312.41,4310.3015,4351.346600000001,4303.6698071071105,4318.543176358041,-14.87336925093041,-19.343402438787095,48.012505582849435,0.009464247974144037,4310.3015,4391.734172680964,4228.8688273190355,48.012505582849435,4310.3015,4351.346600000001,4303.6698071071105,4318.543176358041,-14.87336925093041,-19.343402438787095,4.470033187856686,4310.3015,4391.734172680964,4228.8688273190355,55194.73615999999
2025-09-08 12:00:00,4312.42,4384.06,4306.19,4371.64,105874.0459,4371.64,4308.019,4349.7626,4314.126759859862,4322.476274405593,-8.349514545730926,-17.144624860175863,61.75469158286482,0.008793502463137296,4308.019,4378.670490362845,4237.367509637155,61.75469158286482,4308.019,4349.7626,4314.126759859862,4322.476274405593,-8.349514545730926,-17.144624860175863,8.795110314444937,4308.019,4378.670490362845,4237.367509637155,56845.399014999995
2025-09-08 16:00:00,4371.64,4373.43,4284.44,4293.0,59748.4888,4293.0,4301.7995,4346.083,4310.876489112191,4320.292846671846,-9.416357559654898,-15.59897140007167,48.904216961906286,0.009622318457630478,4301.7995,4350.358023117296,4253.240976882704,48.904216961906286,4301.7995,4346.083,4310.876489112191,4320.292846671846,-9.416357559654898,-15.59897140007167,6.1826138404167725,4301.7995,4350.358023117296,4253.240976882704,55755.12313499999
2025-09-08 20:00:00,4293.0,4332.5,4281.8,4306.37,42505.2367,4306.37,4302.9485,4342.505,4310.18318309493,4319.261524696154,-9.078341601223656,-14.294845440302069,55.9705192186932,0.0068258729013787435,4302.9485,4350.754564479491,4255.14243552051,55.9705192186932,4302.9485,4342.505,4310.18318309493,4319.261524696154,-9.078341601223656,-14.294845440302069,5.216503839078413,4302.9485,4350.754564479491,4255.14243552051,41931.12267
2025-09-09 00:00:00,4306.36,4316.03,4276.76,4306.63,48368.7809,4306.63,4301.7029999999995,4339.5174,4309.636539541864,4318.325856200143,-8.689316658278585,-13.173739683897372,58.87805047384324,0.006320926793270657,4301.7029999999995,4347.633836379178,4255.772163620821,58.87805047384324,4301.7029999999995,4339.5174,4309.636539541864,4318.325856200143,-8.689316658278585,-13.173739683897372,4.484423025618787,4301.7029999999995,4347.633836379178,4255.772163620821,41366.21569999999
2025-09-09 04:00:00,4306.62,4381.87,4302.5,4361.53,87658.4546,4361.53,4304.407,4338.9114,4317.620148843116,4321.526163148281,-3.9060143051647174,-11.320194608150842,63.585503058620944,0.006820261619142479,4304.407,4357.561804347564,4251.252195652436,63.585503058620944,4304.407,4338.9114,4317.620148843116,4321.526163148281,-3.9060143051647174,-11.320194608150842,7.414180302986125,4304.407,4357.561804347564,4251.252195652436,43484.82884
2025-09-09 08:00:00,4361.53,4366.77,4342.16,4347.34,47693.0197,4347.34,4305.753,4337.775,4322.192433636483,4323.438299211371,-1.24586557488783,-9.30532880149824,57.98758472160647,0.006849723208409499,4305.753,4361.894550087974,4249.611449912026,57.98758472160647,4305.753,4337.775,4322.192433636483,4323.438299211371,-1.24586557488783,-9.30532880149824,8.05946322661041,4305.753,4361.894550087974,4249.611449912026,44850.31678
2025-09-09 12:00:00,4347.33,4367.44,4277.06,4284.94,150845.4071,4284.94,4304.387000000001,4334.208,4316.4612900001,4320.586573343861,-4.125283343761112,-8.269319709950814,48.72006386375721,0.007589624861995226,4304.387000000001,4361.1875200491995,4247.586479950802,48.72006386375721,4304.387000000001,4334.208,4316.4612900001,4320.586573343861,-4.125283343761112,-8.269319709950814,4.144036366189702,4304.387000000001,4361.1875200491995,4247.586479950802,51449.40398
2025-09-09 16:00:00,4284.94,4299.99,4278.13,4295.0,41784.0676,4295.0,4304.1375,4332.2514,4313.159553077007,4318.691271614686,-5.531718537678898,-7.7217994754964305,47.85279393857397,0.007586443032317295,4304.1375,4361.063042828157,4247.211957171842,47.85279393857397,4304.1375,4332.2514,4313.159553077007,4318.691271614686,-5.531718537678898,-7.7217994754964305,2.190080937817532,4304.1375,4361.063042828157,4247.211957171842,52657.479965000006
2025-09-09 20:00:00,4295.0,4319.67,4281.0,4310.09,29136.0522,4310.09,4306.13,4331.213,4312.687314142083,4318.054140383969,-5.366826241885974,-7.25080482877434,51.43507972665147,0.007445248872087198,4306.13,4360.805017675895,4251.454982324105,51.43507972665147,4306.13,4331.213,4312.687314142083,4318.054140383969,-5.366826241885974,-7.25080482877434,1.8839785868883663,4306.13,4360.805017675895,4251.454982324105,51867.45223
2025-09-10 00:00:00,4310.08,4326.09,4285.1,4320.44,43917.563,4320.44,4309.378,4330.2606,4313.8800350433,4318.230870725897,-4.35083568259688,-6.670810999538849,53.56991525423728,0.007396850412828148,4309.378,4358.854867364207,4259.901132635792,53.56991525423728,4309.378,4330.2606,4313.8800350433,4318.230870725897,-4.35083568259688,-6.670810999538849,2.319975316941969,4309.378,4358.854867364207,4259.901132635792,51094.190385
2025-09-10 04:00:00,4320.45,4333.28,4294.92,4329.82,50979.881,4329.82,4312.2119999999995,4330.567,4316.332337344331,4319.089324746201,-2.756987401869992,-5.888046280005078,53.15681192721832,0.007362610093751181,4312.2119999999995,4359.388853200057,4265.035146799942,53.15681192721832,4312.2119999999995,4330.567,4316.332337344331,4319.089324746201,-2.756987401869992,-5.888046280005078,3.131058878135086,4312.2119999999995,4359.388853200057,4265.035146799942,52144.324940000006
2025-09-10 08:00:00,4329.83,4335.02,4309.5,4331.31,60442.2299,4331.31,4313.9325,4329.851,4318.63659313751,4319.994559950186,-1.3579668126758406,-4.982030386539231,52.62645914396893,0.007272654530531965,4313.9325,4361.267670800388,4266.5973291996115,52.62645914396893,4313.9325,4329.851,4318.63659313751,4319.994559950186,-1.3579668126758406,-4.982030386539231,3.62406357386339,4313.9325,4361.267670800388,4266.5973291996115,54070.186815
2025-09-10 12:00:00,4331.3,4453.57,4330.0,4404.9,204214.2372,4404.9,4319.449500000001,4330.3984,4331.907886500971,4326.283851805728,5.624034695242699,-2.8608173701828443,63.35284952075165,0.008153346197793732,4319.449500000001,4380.89521227358,4258.003787726421,63.35284952075165,4319.449500000001,4330.3984,4331.907886500971,4326.283851805728,5.624034695242699,-2.8608173701828443,8.484852065425542,4319.449500000001,4380.89521227358,4258.003787726421,63280.791955
2025-09-10 16:00:00,4404.9,4409.31,4300.59,4322.72,108167.4643,4322.72,4320.0419999999995,4329.8932,4330.494365500821,4326.019862783081,4.474502717739597,-1.3937533525983559,51.06260177684335,0.009262016993693735,4320.0419999999995,4381.367792839015,4258.716207160984,51.06260177684335,4320.0419999999995,4329.8932,4330.494365500821,4326.019862783081,4.474502717739597,-1.3937533525983559,5.868256070337953,4320.0419999999995,4381.367792839015,4258.716207160984,66638.03421499999
2025-09-10 20:00:00,4322.71,4355.7,4320.75,4349.32,38912.5344,4349.32,4322.539,4330.9664,4333.390616962233,4327.745798873224,5.644818089009277,0.013960935723171102,47.53370165745849,0.009329201004340036,4322.539,4384.387088903523,4260.690911096476,47.53370165745849,4322.539,4330.9664,4333.390616962233,4327.745798873224,5.644818089009277,0.013960935723171102,5.630857153286106,4322.539,4384.387088903523,4260.690911096476,67204.56571
2025-09-11 00:00:00,4349.33,4408.0,4338.82,4404.1,49171.4106,4404.1,4328.07,4333.5602,4344.268983583428,4333.401665623355,10.867317960072796,2.184632340593097,62.959593131765644,0.009688166475873299,4328.07,4398.206057247905,4257.9339427520945,62.959593131765644,4328.07,4333.5602,4344.268983583428,4333.401665623355,10.867317960072796,2.184632340593097,8.682685619479699,4328.07,4398.206057247905,4257.9339427520945,68318.621045
2025-09-11 04:00:00,4404.11,4450.0,4395.05,4440.41,80121.8045,4440.41,4334.781000000001,4335.838400000001,4359.059909185978,4341.328208910514,17.73170027546348,5.294045927567175,64.84122414633069,0.009806660359320367,4334.781000000001,4420.136426281845,4249.425573718157,64.84122414633069,4334.781000000001,4335.838400000001,4359.059909185978,4341.328208910514,17.73170027546348,5.294045927567175,12.437654347896306,4334.781000000001,4420.136426281845,4249.425573718157,70714.767125
2025-09-11 08:00:00,4440.4,4442.47,4406.3,4429.8,51898.3732,4429.8,4340.6775,4337.734,4369.943000080442,4347.881674917143,22.061325163299443,8.64750177471363,63.33210659623757,0.009846864067285119,4340.6775,4435.173034814964,4246.181965185036,63.33210659623757,4340.6775,4337.734,4369.943000080442,4347.881674917143,22.061325163299443,8.64750177471363,13.413823388585813,4340.6775,4435.173034814964,4246.181965185036,70743.844935
2025-09-11 12:00:00,4429.81,4481.09,4350.01,4412.52,178527.7981,4412.52,4346.7145,4339.780199999999,4376.493307760375,4352.669698997354,23.823608763020275,11.68272317237496,56.00857863354633,0.009823751138612953,4346.7145,4443.457404970192,4249.971595029808,56.00857863354633,4346.7145,4339.780199999999,4376.493307760375,4352.669698997354,23.823608763020275,11.68272317237496,12.140885590645315,4346.7145,4443.457404970192,4249.971595029808,78059.61932000001
2025-09-11 16:00:00,4412.52,4441.5,4407.4,4423.73,35769.3949,4423.73,4352.280499999999,4340.8246,4383.760491181855,4357.93342499755,25.827066184305295,14.51159177476103,59.06534070680936,0.00979583045047376,4352.280499999999,4453.4225390444635,4251.138460955534,59.06534070680936,4352.280499999999,4340.8246,4383.760491181855,4357.93342499755,25.827066184305295,14.51159177476103,11.315474409544265,4352.280499999999,4453.4225390444635,4251.138460955534,75786.81223000001
2025-09-11 20:00:00,4423.73,4469.0,4415.4,4458.82,45770.8836,4458.82,4356.639499999999,4340.4004,4395.308107923108,4365.406504627361,29.90160329574701,17.589594078958225,72.06486980356341,0.009489962439236709,4356.639499999999,4468.265746201417,4245.013253798582,72.06486980356341,4356.639499999999,4340.4004,4395.308107923108,4365.406504627361,29.90160329574701,17.589594078958225,12.312009216788784,4356.639499999999,4468.265746201417,4245.013253798582,72781.65411500001
2025-09-12 00:00:00,4458.83,4539.0,4450.71,4505.55,102293.7078,4505.55,4367.267,4341.005,4412.26839901186,4375.7875042845935,36.48089472726679,21.36785420861994,74.44333511342279,0.008578319662190454,4367.267,4492.967115496195,4241.566884503804,74.44333511342279,4367.267,4341.005,4412.26839901186,4375.7875042845935,36.48089472726679,21.36785420861994,15.113040518646848,4367.267,4492.967115496195,4241.566884503804,74908.91506500001
2025-09-12 04:00:00,4505.55,4563.0,4500.01,4525.81,72173.8339,4525.81,4378.239,4342.512,4429.736337625421,4386.900281744994,42.83605588042701,25.661494542981355,74.74647822695376,0.008589480380627647,4378.239,4518.968084997305,4237.5099150026945,74.74647822695376,4378.239,4342.512,4429.736337625421,4386.900281744994,42.83605588042701,25.661494542981355,17.174561337445656,4378.239,4518.968084997305,4237.5099150026945,76392.34492500001
2025-09-12 08:00:00,4525.81,4536.53,4504.5,4520.76,39122.7204,4520.76,4388.9455,4344.9666,4443.73997799074,4396.81581643055,46.92416156019044,29.914027946423175,73.26272761055384,0.008611229638063617,4388.9455,4539.007951346694,4238.883048653305,73.26272761055384,4388.9455,4344.9666,4443.73997799074,4396.81581643055,46.92416156019044,29.914027946423175,17.010133613767266,4388.9455,4539.007951346694,4238.883048653305,75930.0419
2025-09-12 12:00:00,4520.76,4571.24,4504.11,4541.98,80075.7928,4541.98,4397.968,4348.3854,4458.853827530626,4407.568718917176,51.285108613450575,34.18824407982866,73.97830018083192,0.008287252232678332,4397.968,4562.127005152323,4233.808994847676,73.97830018083192,4397.968,4348.3854,4458.853827530626,4407.568718917176,51.285108613450575,34.18824407982866,17.09686453362192,4397.968,4562.127005152323,4233.808994847676,75550.90881000001
2025-09-12 16:00:00,4541.99,4660.0,4533.69,4657.18,102055.1911,4657.18,4413.46,4353.3884,4489.365546372068,4426.05844344183,63.307102930238216,40.01201584991057,79.2990595385806,0.009675419024787732,4413.46,4612.315395967103,4214.604604032897,79.2990595385806,4413.46,4353.3884,4489.365546372068,4426.05844344183,63.307102930238216,40.01201584991057,23.295087080327647,4413.46,4612.315395967103,4214.604604032897,78269.01738
2025-09-12 20:00:00,4657.19,4748.4,4630.24,4712.16,115056.2942,4712.16,4434.821,4361.525,4523.64161616098,4447.251151335027,76.39046482595313,47.28770564511909,78.58232558139547,0.008870597072025782,4434.821,4664.882743922829,4204.759256077171,78.58232558139547,4434.821,4361.525,4523.64161616098,4447.251151335027,76.39046482595313,47.28770564511909,29.102759180834042,4434.821,4664.882743922829,4204.759256077171,76479.56173500001
2025-09-13 00:00:00,4712.16,4769.36,4691.85,4756.81,99948.8795,4756.81,4457.9115,4371.1428000000005,4559.5136752131375,4470.181436421321,89.33223879181605,55.69661227445849,93.41160469628184,0.008909961775321872,4457.9115,4719.434774139827,4196.388225860173,93.41160469628184,4457.9115,4371.1428000000005,4559.5136752131375,4470.181436421321,89.33223879181605,55.69661227445849,33.635626517357565,4457.9115,4719.434774139827,4196.388225860173,79387.80233
2025-09-13 04:00:00,4756.8,4756.91,4702.33,4711.7,53829.5804,4711.7,4477.992,4379.4258,4582.926955949578,4488.071700390112,94.85525555946606,63.52834093146,84.9463817312143,0.009491128872223253,4477.992,4753.048505628199,4202.935494371802,84.9463817312143,4477.992,4379.4258,4582.926955949578,4488.071700390112,94.85525555946606,63.52834093146,31.326914628006058,4477.992,4753.048505628199,4202.935494371802,80622.47874
2025-09-13 08:00:00,4711.7,4738.58,4709.01,4719.53,42906.5137,4719.53,4497.9465,4387.238799999999,4603.9428088804125,4505.216759620474,98.72604925993892,70.56788259715579,83.4475006892456,0.009501199586849774,4497.9465,4782.614623464531,4213.278376535469,83.4475006892456,4497.9465,4387.238799999999,4603.9428088804125,4505.216759620474,98.72604925993892,70.56788259715579,28.15816666278313,4497.9465,4782.614623464531,4213.278376535469,80571.926275
2025-09-13 12:00:00,4719.53,4730.18,4645.0,4653.92,92866.3813,4653.92,4514.1515,4391.9714,4611.631607514196,4516.231814463401,95.39979305079487,75.5342646878836,71.31561607731169,0.010347917665782927,4514.1515,4795.400552266899,4232.902447733101,71.31561607731169,4514.1515,4391.9714,4611.631607514196,4516.231814463401,95.39979305079487,75.5342646878836,19.865528362911263,4514.1515,4795.400552266899,4232.902447733101,82666.25129
2025-09-13 16:00:00,4653.92,4667.92,4605.0,4638.21,72101.4936,4638.21,4529.4965,4396.3877999999995,4615.72059097355,4525.26723561426,90.45335535929007,78.5180828221649,70.59672286679972,0.010443759994501324,4529.4965,4802.098004592864,4256.894995407137,70.59672286679972,4529.4965,4396.3877999999995,4615.72059097355,4525.26723561426,90.45335535929007,78.5180828221649,11.935272537125172,4529.4965,4802.098004592864,4256.894995407137,83249.214475
2025-09-13 20:00:00,4638.21,4672.94,4637.35,4666.53,32740.8384,4666.53,4542.5779999999995,4404.0506,4623.537423131465,4535.731144087278,87.80627904418725,80.37572206656938,74.5671895854691,0.009975828180050793,4542.5779999999995,4815.114385178738,4270.041614821261,74.5671895854691,4542.5779999999995,4404.0506,4623.537423131465,4535.731144087278,87.80627904418725,80.37572206656938,7.430556977617869,4542.5779999999995,4815.114385178738,4270.041614821261,74675.544535
2025-09-14 00:00:00,4666.54,4692.36,4650.44,4663.22,35235.7663,4663.22,4559.603,4410.6842,4629.642434957394,4545.174763043777,84.46767191361687,81.19411203597889,73.52230538039959,0.008650413056046887,4559.603,4816.397542252177,4302.808457747823,73.52230538039959,4559.603,4410.6842,4629.642434957394,4545.174763043777,84.46767191361687,81.19411203597889,3.273559877637979,4559.603,4816.397542252177,4302.808457747823,71028.959635
2025-09-14 04:00:00,4663.22,4681.47,4634.0,4650.58,28423.3555,4650.58,4574.666,4417.5468,4632.863598810102,4552.9825583738675,79.8810404362348,80.93149771603008,69.7032592166372,0.00875177984707479,4574.666,4814.293483038462,4335.038516961538,69.7032592166372,4574.666,4417.5468,4632.863598810102,4552.9825583738675,79.8810404362348,80.93149771603008,-1.0504572797952818,4574.666,4814.293483038462,4335.038516961538,70504.50069
2025-09-14 08:00:00,4650.58,4674.38,4626.68,4635.0,26149.13,4635.0,4586.211,4423.838400000001,4633.192275916241,4559.057924420247,74.13435149599354,79.57206847202278,64.21059564845103,0.008593989340087533,4586.211,4813.150830272676,4359.271169727324,64.21059564845103,4586.211,4423.838400000001,4633.192275916241,4559.057924420247,74.13435149599354,79.57206847202278,-5.437716976029236,4586.211,4813.150830272676,4359.271169727324,69353.38666
2025-09-14 12:00:00,4634.99,4644.74,4576.89,4582.22,126074.0988,4582.22,4593.3015,4429.2376,4625.350387313742,4560.773633722451,64.57675359129098,76.57300549587643,55.77983155392528,0.009024877917250254,4593.3015,4809.676176918441,4376.926823081558,55.77983155392528,4593.3015,4429.2376,4625.350387313742,4560.773633722451,64.57675359129098,76.57300549587643,-11.99625190458545,4593.3015,4809.676176918441,4376.926823081558,71651.00137499999
2025-09-14 16:00:00,4582.23,4629.27,4579.36,4615.47,36584.1214,4615.47,4602.585000000001,4435.5472,4623.830327727012,4564.8252164096775,59.00511131733492,73.05942666016813,59.173947577442426,0.009057486173892198,4602.585000000001,4804.8982216195645,4400.271778380437,59.173947577442426,4602.585000000001,4435.5472,4623.830327727012,4564.8252164096775,59.00511131733492,73.05942666016813,-14.054315342833206,4602.585000000001,4804.8982216195645,4400.271778380437,70885.288785
2025-09-14 20:00:00,4615.46,4636.51,4598.46,4604.49,25777.8485,4604.49,4612.1835,4442.2321999999995,4620.854892692088,4567.763348527479,53.09154416460842,69.06585016105619,56.17748789406068,0.009010744294364562,4612.1835,4793.672568283183,4430.694431716817,56.17748789406068,4612.1835,4442.2321999999995,4620.854892692088,4567.763348527479,53.09154416460842,69.06585016105619,-15.974305996447768,4612.1835,4793.672568283183,4430.694431716817,63247.791305
2025-09-15 00:00:00,4604.48,4643.57,4580.1,4636.2,40470.4038,4636.2,4622.807000000001,4449.846600000001,4623.215678431767,4572.832730118036,50.382948313730594,65.32926979159107,47.516924679259525,0.009072349963266101,4622.807000000001,4781.261200336228,4464.352799663773,47.516924679259525,4622.807000000001,4449.846600000001,4623.215678431767,4572.832730118036,50.382948313730594,65.32926979159107,-14.94632147786048,4622.807000000001,4781.261200336228,4464.352799663773,63482.84175
2025-09-15 04:00:00,4636.2,4670.28,4587.9,4597.37,73965.8632,4597.37,4629.7345000000005,4456.3312,4619.239420211495,4574.650305664848,44.58911454664667,61.18123874260219,35.87408628879429,0.009278256026950411,4629.7345000000005,4768.948257861348,4490.520742138653,35.87408628879429,4629.7345000000005,4456.3312,4619.239420211495,4574.650305664848,44.58911454664667,61.18123874260219,-16.59212419595552,4629.7345000000005,4768.948257861348,4490.520742138653,64892.590729999996
2025-09-15 08:00:00,4597.37,4597.37,4498.22,4530.65,130686.3861,4530.65,4630.9895,4461.0062,4605.610278640495,4571.391023763748,34.21925487674707,55.788841969431175,23.60287595125814,0.009689260713644276,4630.9895,4765.874778268859,4496.104221731141,23.60287595125814,4630.9895,4461.0062,4605.610278640495,4571.391023763748,34.21925487674707,55.788841969431175,-21.569587092684102,4630.9895,4765.874778268859,4496.104221731141,66312.224645
2025-09-15 12:00:00,4530.66,4541.92,4466.0,4500.01,94350.6605,4500.01,4629.699500000001,4465.1152,4589.364081926573,4566.103540521989,23.26054140458382,49.2831818564617,24.428015752216652,0.009760789148084804,4629.699500000001,4769.2335381751245,4490.165461824877,24.428015752216652,4629.699500000001,4465.1152,4589.364081926573,4566.103540521989,23.26054140458382,49.2831818564617,-26.022640451877884,4629.699500000001,4769.2335381751245,4490.165461824877,67421.065975
2025-09-15 16:00:00,4500.01,4514.28,4474.04,4493.41,48005.1889,4493.41,4628.332,4468.766,4574.601915476331,4560.718833816656,13.883081659674644,42.203161817104295,22.603470000969253,0.009762759689101369,4628.332,4772.8099452263405,4483.85405477366,22.603470000969253,4628.332,4468.766,4574.601915476331,4560.718833816656,13.883081659674644,42.203161817104295,-28.32008015742965,4628.332,4772.8099452263405,4483.85405477366,67865.1894
2025-09-15 20:00:00,4493.41,4529.99,4488.49,4523.74,24813.4662,4523.74,4627.42,4473.2532,4566.777005403049,4557.979660941348,8.797344461700959,35.52199834602363,32.75304716481182,0.009828254049913918,4627.42,4774.4016299298155,4480.438370070185,32.75304716481182,4627.42,4473.2532,4566.777005403049,4557.979660941348,8.797344461700959,35.52199834602363,-26.72465388432267,4627.42,4774.4016299298155,4480.438370070185,65102.073070000006
2025-09-16 00:00:00,4523.74,4538.25,4503.0,4520.78,23762.6618,4520.78,4620.6,4477.7991999999995,4559.700543033349,4555.224130501248,4.476412532101676,29.312881183239238,33.898258604140906,0.00778151378237233,4620.6,4774.273119794423,4466.926880205578,33.898258604140906,4620.6,4477.7991999999995,4559.700543033349,4555.224130501248,4.476412532101676,29.312881183239238,-24.83646865113756,4620.6,4774.273119794423,4466.926880205578,61187.446605000005
2025-09-16 04:00:00,4520.77,4536.21,4487.53,4512.86,36219.6541,4512.86,4610.635,4481.9326,4552.494305643603,4552.086046760414,0.4082588831888643,23.531956723229165,27.68046477850399,0.00712855385588322,4610.635,4765.154241724583,4456.115758275418,27.68046477850399,4610.635,4481.9326,4552.494305643603,4552.086046760414,0.4082588831888643,23.531956723229165,-23.1236978400403,4610.635,4765.154241724583,4456.115758275418,57245.61459999999
2025-09-16 08:00:00,4512.87,4531.35,4493.31,4501.26,29726.7817,4501.26,4597.8575,4485.7204,4544.612104775357,4548.321154407791,-3.7090496324344713,18.083755452096437,27.029556929710097,0.006584107137580074,4597.8575,4743.490348503142,4452.224651496858,27.029556929710097,4597.8575,4485.7204,4544.612104775357,4548.321154407791,-3.7090496324344713,18.083755452096437,-21.792805084530908,4597.8575,4743.490348503142,4452.224651496858,53734.50971
2025-09-16 12:00:00,4501.26,4512.49,4424.0,4468.2,109689.5711,4468.2,4585.682500000001,4489.2488,4532.856396348378,4542.386254081288,-9.529857732909477,12.561032815095253,25.549656799656788,0.006485394097300039,4585.682500000001,4731.954590495334,4439.410409504668,25.549656799656788,4585.682500000001,4489.2488,4532.856396348378,4542.386254081288,-9.529857732909477,12.561032815095253,-22.09089054800473,4585.682500000001,4731.954590495334,4439.410409504668,56527.509245
2025-09-16 16:00:00,4468.19,4510.51,4447.03,4491.21,64203.9793,4491.21,4574.2665,4492.824799999999,4526.449258448628,4538.5954204456375,-12.146161997009585,7.619593852674285,31.09966087436581,0.006651630964112185,4574.2665,4711.940516242718,4436.592483757281,31.09966087436581,4574.2665,4492.824799999999,4526.449258448628,4538.5954204456375,-12.146161997009585,7.619593852674285,-19.76575584968387,4574.2665,4711.940516242718,4436.592483757281,57592.382525
2025-09-16 20:00:00,4491.22,4525.4,4483.61,4501.29,29704.4619,4501.29,4566.635,4495.4178,4522.578603302685,4535.832055968182,-13.253452665497207,3.4449845490399857,38.01711629008852,0.006150164716639903,4566.635,4702.628988798963,4430.641011201037,38.01711629008852,4566.635,4495.4178,4522.578603302685,4535.832055968182,-13.253452665497207,3.4449845490399857,-16.698437214537194,4566.635,4702.628988798963,4430.641011201037,54434.286555
2025-09-17 00:00:00,4501.3,4553.02,4492.99,4497.79,44974.6362,4497.79,4559.614,4499.5136,4518.764972025349,4533.014125896465,-14.249153871115595,-0.09384313499113159,30.8923816327856,0.006139178874872949,4559.614,4694.54400000382,4424.683999996179,30.8923816327856,4559.614,4499.5136,4518.764972025349,4533.014125896465,-14.249153871115595,-0.09384313499113159,-14.155310736124465,4559.614,4694.54400000382,4424.683999996179,53077.943685000006
2025-09-17 04:00:00,4497.79,4557.67,4464.0,4544.07,68978.6327,4544.07,4553.491,4504.2676,4522.658053252218,4533.833079533764,-11.175026281545797,-2.3100797643020656,41.1985782542827,0.006474728882205808,4553.491,4678.761033027516,4428.220966972484,41.1985782542827,4553.491,4504.2676,4522.658053252218,4533.833079533764,-11.175026281545797,-2.3100797643020656,-8.864946517243732,4553.491,4678.761033027516,4428.220966972484,54889.8334
2025-09-17 08:00:00,4544.07,4545.81,4479.0,4491.64,35585.1247,4491.64,4544.912,4507.9678,4517.886045059569,4530.707666234966,-12.821621175397013,-4.412388046521056,30.140674799428538,0.006863083782767767,4544.912,4661.7590602020955,4428.064939797905,30.140674799428538,4544.912,4507.9678,4517.886045059569,4530.707666234966,-12.821621175397013,-4.412388046521056,-8.409233128875957,4544.912,4661.7590602020955,4428.064939797905,54907.301320000006
2025-09-17 12:00:00,4491.64,4513.46,4467.36,4489.54,43543.3845,4489.54,4536.86,4510.528,4513.525115050405,4527.658209476821,-14.133094426416392,-6.3565293225001245,33.52382116554105,0.006866611085617556,4536.86,4644.911163904094,4428.8088360959055,33.52382116554105,4536.86,4510.528,4513.525115050405,4527.658209476821,-14.133094426416392,-6.3565293225001245,-7.776565103916267,4536.86,4644.911163904094,4428.8088360959055,55663.302769999995
2025-09-17 16:00:00,4489.53,4533.31,4412.0,4517.62,201430.1583,4517.62,4530.991,4513.9336,4514.155097350343,4526.914638404464,-12.759541054121655,-7.6371316688244315,47.74247201912752,0.007080468336514223,4530.991,4628.8698955048,4433.1121044952,47.74247201912752,4530.991,4513.9336,4514.155097350343,4526.914638404464,-12.759541054121655,-7.6371316688244315,-5.122409385297224,4530.991,4628.8698955048,4433.1121044952,64427.354185000004
2025-09-17 20:00:00,4517.62,4616.77,4486.74,4590.53,82469.5197,4590.53,4531.406499999999,4520.0454,4525.905082373367,4531.62688741154,-5.721805038173443,-7.254066342694235,63.67950190412858,0.007659494887480167,4531.406499999999,4630.266689054929,4432.546310945069,63.67950190412858,4531.406499999999,4520.0454,4525.905082373367,4531.62688741154,-5.721805038173443,-7.254066342694235,1.5322613045207918,4531.406499999999,4630.266689054929,4432.546310945069,62247.125230000005
2025-09-18 00:00:00,4590.54,4644.47,4580.27,4614.42,64147.7225,4614.42,4531.353999999999,4526.4338,4539.522762008234,4537.759710566241,1.7630514419934116,-5.450642785756705,67.37900330317396,0.00757209073684649,4531.353999999999,4630.027160303027,4432.680839696972,67.37900330317396,4531.353999999999,4526.4338,4539.522762008234,4537.759710566241,1.7630514419934116,-5.450642785756705,7.213694227750117,4531.353999999999,4630.027160303027,4432.680839696972,63625.305284999995
2025-09-18 04:00:00,4614.42,4619.99,4553.7,4574.75,48241.4781,4574.75,4529.867,4531.727,4544.94233708389,4540.499732005778,4.442605078112138,-3.4719932129829365,57.134465299728696,0.007799820873448617,4529.867,4624.721991400877,4435.012008599123,57.134465299728696,4529.867,4531.727,4544.94233708389,4540.499732005778,4.442605078112138,-3.4719932129829365,7.914598291095074,4529.867,4624.721991400877,4435.012008599123,64748.486765
2025-09-18 08:00:00,4574.75,4607.76,4568.59,4576.12,36532.7406,4576.12,4526.862999999999,4536.8405999999995,4549.738900609445,4543.138270375721,6.600630233724587,-1.4574685236414313,57.77465580219166,0.007617543550948489,4526.862999999999,4610.705122838591,4443.020877161408,57.77465580219166,4526.862999999999,4536.8405999999995,4549.738900609445,4543.138270375721,6.600630233724587,-1.4574685236414313,8.058098757366018,4526.862999999999,4610.705122838591,4443.020877161408,64551.603605
2025-09-18 12:00:00,4576.12,4625.0,4558.15,4599.34,62066.7091,4599.34,4526.961499999999,4542.231,4557.3698389772235,4547.301361459001,10.068477518222608,0.8477206847313772,61.64870689655179,0.007489866850065337,4526.961499999999,4611.156282754836,4442.766717245163,61.64870689655179,4526.961499999999,4542.231,4557.3698389772235,4547.301361459001,10.068477518222608,0.8477206847313772,9.22075683349123,4526.961499999999,4611.156282754836,4442.766717245163,63956.64589999999
2025-09-18 16:00:00,4599.35,4636.22,4581.03,4588.23,54659.6496,4588.23,4529.8405,4547.3694,4562.11755605765,4550.333112462038,11.784443595612174,3.0350652669075373,61.73019341264049,0.006698790975647143,4529.8405,4618.391488100984,4441.289511899016,61.73019341264049,4529.8405,4547.3694,4562.11755605765,4550.333112462038,11.784443595612174,3.0350652669075373,8.749378328704637,4529.8405,4618.391488100984,4441.289511899016,60155.309075
2025-09-18 20:00:00,4588.24,4605.65,4570.61,4587.66,25012.0771,4587.66,4534.223,4551.024600000001,4566.047162818012,4553.098067094479,12.949095723532992,5.017871358232629,67.660102891609,0.0064726523379021765,4534.223,4625.200357298557,4443.245642701443,67.660102891609,4534.223,4551.024600000001,4566.047162818012,4553.098067094479,12.949095723532992,5.017871358232629,7.931224365300363,4534.223,4625.200357298557,4443.245642701443,56688.379905
2025-09-19 00:00:00,4587.66,4620.72,4542.27,4549.98,46833.9789,4549.98,4537.0515,4555.5698,4563.575291615241,4552.8670991615545,10.708192453686934,6.155935577323491,58.3269574088242,0.006775847904069684,4537.0515,4626.185050485112,4447.917949514887,58.3269574088242,4537.0515,4555.5698,4563.575291615241,4552.8670991615545,10.708192453686934,6.155935577323491,4.552256876363443,4537.0515,4626.185050485112,4447.917949514887,56629.819404999995
2025-09-19 04:00:00,4549.98,4559.15,4518.33,4539.06,48598.3711,4539.06,4537.8175,4559.3646,4559.80370828982,4551.844351075513,7.959357214306692,6.516619904720133,55.33881774234592,0.006649862109899078,4537.8175,4626.732426311782,4448.902573688219,55.33881774234592,4537.8175,4559.3646,4559.80370828982,4551.844351075513,7.959357214306692,6.516619904720133,1.4427373095865592,4537.8175,4626.732426311782,4448.902573688219,57819.06465
2025-09-19 08:00:00,4539.06,4549.0,4507.93,4513.8,35221.8394,4513.8,4537.4685,4561.5586,4552.726214706771,4549.026250995846,3.6999637109256582,5.953288665961239,52.13188100881518,0.006772213274448561,4537.4685,4626.7191611562,4448.2178388438,52.13188100881518,4537.4685,4561.5586,4552.726214706771,4549.026250995846,3.6999637109256582,5.953288665961239,-2.2533249550355805,4537.4685,4626.7191611562,4448.2178388438,58392.02352999999
2025-09-19 12:00:00,4513.79,4544.44,4445.64,4474.93,121002.2486,4474.93,4535.572,4562.249,4540.7575662903455,4543.537639810968,-2.7800735206228637,4.206616228644418,40.608019995653194,0.007031384043773344,4535.572,4628.558172056177,4442.5858279438235,40.608019995653194,4535.572,4562.249,4540.7575662903455,4543.537639810968,-2.7800735206228637,4.206616228644418,-6.986689749267282,4535.572,4628.558172056177,4442.5858279438235,62631.153255
2025-09-19 16:00:00,4474.93,4489.21,4435.7,4440.68,52976.9531,4440.68,4532.543,4562.4666,4525.361017630293,4535.918555380526,-10.557537750233678,1.2537854328687983,42.71791940554445,0.007203786904613899,4532.543,4633.813056279849,4431.272943720151,42.71791940554445,4532.543,4562.4666,4525.361017630293,4535.918555380526,-10.557537750233678,1.2537854328687983,-11.811323183102477,4532.543,4633.813056279849,4431.272943720151,63793.661825
2025-09-19 20:00:00,4440.68,4478.21,4438.4,4468.59,26977.7571,4468.59,4532.5625,4563.588000000001,4516.62701491794,4530.931254981969,-14.304240064028818,-1.857819666510726,47.21194538340744,0.00718205997127549,4532.5625,4633.780526660418,4431.344473339582,47.21194538340744,4532.5625,4563.588000000001,4516.62701491794,4530.931254981969,-14.304240064028818,-1.857819666510726,-12.446420397518091,4532.5625,4633.780526660418,4431.344473339582,59658.071125
2025-09-20 00:00:00,4468.59,4475.91,4454.45,4465.52,17981.8216,4465.52,4531.278,4564.4238000000005,4508.7643972382575,4526.0859768351565,-17.321579596899028,-4.950571652588387,42.571998859424085,0.007080898061382593,4531.278,4635.318317205336,4427.237682794665,42.571998859424085,4531.278,4564.4238000000005,4508.7643972382575,4526.0859768351565,-17.321579596899028,-4.950571652588387,-12.37100794431064,4531.278,4635.318317205336,4427.237682794665,57346.96324
2025-09-20 04:00:00,4465.52,4484.81,4462.82,4483.22,16057.3768,4483.22,4530.3745,4564.9118,4504.834489970834,4522.910719291812,-18.0762293209782,-7.575703186266351,31.84202511083292,0.007123251406238761,4530.3745,4635.815734413834,4424.933265586165,31.84202511083292,4530.3745,4564.9118,4504.834489970834,4522.910719291812,-18.0762293209782,-7.575703186266351,-10.50052613471185,4530.3745,4635.815734413834,4424.933265586165,56664.608985
2025-09-20 08:00:00,4483.21,4483.21,4456.43,4469.96,16915.9373,4469.96,4528.983,4564.2,4499.469183821474,4518.988443788715,-19.51925996724094,-9.96441454246127,24.64368461700481,0.007149557501017396,4528.983,4636.939368203853,4421.026631796148,24.64368461700481,4528.983,4564.2,4499.469183821474,4518.988443788715,-19.51925996724094,-9.96441454246127,-9.554845424779671,4528.983,4636.939368203853,4421.026631796148,55261.67404
2025-09-20 12:00:00,4469.96,4507.19,4463.41,4498.2,29833.4577,4498.2,4526.6894999999995,4563.647800000001,4499.2739247720165,4517.448559063624,-18.174634291607617,-11.60645849229054,36.001901766448384,0.006890826282732418,4526.6894999999995,4635.24364898603,4418.135351013969,36.001901766448384,4526.6894999999995,4563.647800000001,4499.2739247720165,4517.448559063624,-18.174634291607617,-11.60645849229054,-6.568175799317077,4526.6894999999995,4635.24364898603,4418.135351013969,53304.41529
2025-09-20 16:00:00,4498.21,4508.71,4470.0,4480.18,34323.1909,4480.18,4526.116499999999,4562.8362,4496.336397884014,4514.687925058911,-18.351527174896546,-12.955472228811741,33.46318257032544,0.006446421247996886,4526.116499999999,4635.566911799746,4416.6660882002525,33.46318257032544,4526.116499999999,4562.8362,4496.336397884014,4514.687925058911,-18.351527174896546,-12.955472228811741,-5.396054946084805,4526.116499999999,4635.566911799746,4416.6660882002525,53241.3186
2025-09-20 20:00:00,4480.18,4501.39,4478.23,4480.42,15670.1287,4480.42,4525.6605,4561.605,4493.887721286474,4512.149560239733,-18.26183895325903,-14.0167455737012,27.738674653687625,0.00644594481446174,4525.6605,4635.826199213203,4415.494800786797,27.738674653687625,4525.6605,4561.605,4493.887721286474,4512.149560239733,-18.26183895325903,-14.0167455737012,-4.245093379557829,4525.6605,4635.826199213203,4415.494800786797,51847.655810000004
2025-09-21 00:00:00,4480.41,4490.0,4458.0,4478.26,23270.3085,4478.26,4523.6925,4558.0266,4491.48345647317,4509.639222444197,-18.155765971026995,-14.844549653166359,28.700368003098916,0.006271042227749719,4523.6925,4635.85120651601,4411.53379348399,28.700368003098916,4523.6925,4558.0266,4491.48345647317,4509.639222444197,-18.155765971026995,-14.844549653166359,-3.3112163178606355,4523.6925,4635.85120651601,4411.53379348399,42939.66332
2025-09-21 04:00:00,4478.26,4492.24,4466.9,4477.78,17415.038,4477.78,4518.055,4553.339,4489.375232400374,4507.279280040923,-17.904047640548924,-15.456449250642873,28.71037743160491,0.004920053402601865,4518.055,4627.3667815193,4408.7432184807,28.71037743160491,4518.055,4553.339,4489.375232400374,4507.279280040923,-17.904047640548924,-15.456449250642873,-2.4475983899060516,4518.055,4627.3667815193,4408.7432184807,39686.939235000005
2025-09-21 08:00:00,4477.78,4479.57,4444.34,4460.57,22522.2855,4460.57,4510.3625,4547.4142,4484.943658184932,4503.819333371225,-18.875675186292938,-16.140294437772887,31.18397238941023,0.0047086119716922715,4510.3625,4612.541787606466,4408.183212393535,31.18397238941023,4510.3625,4547.4142,4484.943658184932,4503.819333371225,-18.875675186292938,-16.140294437772887,-2.7353807485200505,4510.3625,4612.541787606466,4408.183212393535,37605.667385
2025-09-21 12:00:00,4460.58,4486.4,4460.32,4482.8,23238.0389,4482.8,4505.764999999999,4542.8362,4484.61386461802,4502.262345714098,-17.648481096078285,-16.441931769433968,38.69827239855358,0.004637847678789041,4505.764999999999,4603.942158346672,4407.587841653327,38.69827239855358,4505.764999999999,4542.8362,4484.61386461802,4502.262345714098,-17.648481096078285,-16.441931769433968,-1.2065493266443177,4505.764999999999,4603.942158346672,4407.587841653327,36355.495425
2025-09-21 16:00:00,4482.8,4498.16,4464.59,4494.4,34203.4693,4494.4,4501.679,4538.333600000001,4486.119423907556,4501.679949735276,-15.560525827720085,-16.26565058109119,45.87655160686945,0.00469952064447437,4501.679,4594.164575296202,4409.193424703798,45.87655160686945,4501.679,4538.333600000001,4486.119423907556,4501.679949735276,-15.560525827720085,-16.26565058109119,0.7051247533711056,4501.679,4594.164575296202,4409.193424703798,36239.03186
2025-09-21 20:00:00,4494.4,4494.41,4443.0,4444.97,28700.686,4444.97,4493.9605,4534.1546,4479.788743306393,4497.479212717848,-17.690469411454615,-16.550614347163876,43.90561432058579,0.004991095116251977,4493.9605,4577.458054574815,4410.462945425185,43.90561432058579,4493.9605,4534.1546,4479.788743306393,4497.479212717848,-17.690469411454615,-16.550614347163876,-1.1398550642907388,4493.9605,4577.458054574815,4410.462945425185,34570.730705
2025-09-22 00:00:00,4444.98,4455.76,4261.6,4305.87,197204.8652,4305.87,4479.842500000001,4527.5078,4453.032013566948,4483.285937701711,-30.25392413476311,-19.291276304683723,30.77712819050322,0.008294761422878192,4479.842500000001,4588.053975969753,4371.631024030248,30.77712819050322,4479.842500000001,4527.5078,4453.032013566948,4483.285937701711,-30.25392413476311,-19.291276304683723,-10.962647830079387,4479.842500000001,4588.053975969753,4371.631024030248,41697.99148499999
2025-09-22 04:00:00,4305.87,4310.49,4077.0,4193.38,216713.4996,4193.38,4460.128500000001,4518.044800000001,4413.085549941264,4461.811423797881,-48.725873856617,-25.17819581507038,18.38338349838007,0.009713768288585299,4460.128500000001,4617.932176466324,4302.324823533678,18.38338349838007,4460.128500000001,4518.044800000001,4413.085549941264,4461.811423797881,-48.725873856617,-25.17819581507038,-23.547678041546618,4460.128500000001,4617.932176466324,4302.324823533678,51283.06261
2025-09-22 08:00:00,4193.38,4207.35,4136.47,4181.62,106293.2083,4181.62,4441.7105,4508.4128,4377.4754653349155,4441.056503516556,-63.581038181640906,-32.85876428838449,18.023517750946,0.009678345356267794,4441.7105,4636.912818523149,4246.508181476851,18.023517750946,4441.7105,4508.4128,4377.4754653349155,4441.056503516556,-63.581038181640906,-32.85876428838449,-30.722273893256414,4441.7105,4636.912818523149,4246.508181476851,54256.02408
2025-09-22 12:00:00,4181.63,4219.34,4159.16,4167.88,87845.1542,4167.88,4423.1515,4498.7588,4345.230009129544,4420.821206959774,-75.59119783023016,-41.40525099675363,14.162651150104466,0.009671857509108263,4423.1515,4647.749961566112,4198.553038433888,14.162651150104466,4423.1515,4498.7588,4345.230009129544,4420.821206959774,-75.59119783023016,-41.40525099675363,-34.18594683347653,4423.1515,4647.749961566112,4198.553038433888,56218.363235
2025-09-22 16:00:00,4167.88,4183.28,4122.0,4134.98,66207.1206,4134.98,4404.2105,4488.7584,4312.883853878844,4399.647784222013,-86.7639303431688,-50.47698686603667,13.557441253263619,0.009702976623469266,4404.2105,4658.54623364638,4149.8747663536205,13.557441253263619,4404.2105,4488.7584,4312.883853878844,4399.647784222013,-86.7639303431688,-50.47698686603667,-36.28694347713213,4404.2105,4658.54623364638,4149.8747663536205,57767.627295
2025-09-22 20:00:00,4134.99,4207.91,4134.34,4199.08,33979.3869,4199.08,4390.418,4481.0956,4295.375568666715,4384.790911316679,-89.41534264996426,-58.264658022822196,19.813910305574638,0.01059942128603416,4390.418,4658.170546371437,4122.665453628562,19.813910305574638,4390.418,4481.0956,4295.375568666715,4384.790911316679,-89.41534264996426,-58.264658022822196,-31.150684627142063,4390.418,4658.170546371437,4122.665453628562,53416.48421
2025-09-23 00:00:00,4199.09,4211.56,4114.39,4188.01,62240.6868,4188.01,4377.7845,4472.546399999999,4278.8577888718355,4370.214547515443,-91.35675864360746,-64.88307814697926,20.095801518904437,0.010545763920122547,4377.7845,4659.054139237527,4096.514860762472,20.095801518904437,4377.7845,4472.546399999999,4278.8577888718355,4370.214547515443,-91.35675864360746,-64.88307814697926,-26.473680496628205,4377.7845,4659.054139237527,4096.514860762472,53879.670895
2025-09-23 04:00:00,4188.02,4215.78,4154.44,4205.24,50387.0735,4205.24,4364.617,4464.5614000000005,4267.531975199246,4357.994210662447,-90.46223546320107,-69.99890961022362,22.781404549950523,0.010457358784630076,4364.617,4652.565534078332,4076.668465921668,22.781404549950523,4364.617,4464.5614000000005,4267.531975199246,4357.994210662447,-90.46223546320107,-69.99890961022362,-20.463325852977448,4364.617,4652.565534078332,4076.668465921668,55050.13671499999
2025-09-23 08:00:00,4205.23,4229.03,4178.27,4192.08,49069.2995,4192.08,4350.945000000001,4455.679,4255.923979014747,4345.704269131896,-89.78029011714898,-73.95518571160869,22.296224588576933,0.010443425197439685,4350.945000000001,4644.6302346878365,4057.259765312165,22.296224588576933,4350.945000000001,4455.679,4255.923979014747,4345.704269131896,-89.78029011714898,-73.95518571160869,-15.825104405540287,4350.945000000001,4644.6302346878365,4057.259765312165,56604.51061
2025-09-23 12:00:00,4192.09,4211.5,4161.87,4181.01,67923.3258,4181.01,4335.8345,4447.3518,4244.3987514740165,4333.504693640644,-89.10594216662776,-76.98533700261251,21.848261207763386,0.010311834995237103,4335.8345,4631.952191927712,4039.716808072288,21.848261207763386,4335.8345,4447.3518,4244.3987514740165,4333.504693640644,-89.10594216662776,-76.98533700261251,-12.120605164015245,4335.8345,4631.952191927712,4039.716808072288,59197.808059999996
2025-09-23 16:00:00,4181.01,4207.0,4137.7,4153.43,56635.5887,4153.43,4320.008,4439.8074,4230.403558939553,4320.165827445041,-89.76226850548846,-79.5407233031877,21.42671082499163,0.010335096336755167,4320.008,4619.754982889805,4020.261017110194,21.42671082499163,4320.008,4439.8074,4230.403558939553,4320.165827445041,-89.76226850548846,-79.5407233031877,-10.22154520230076,4320.008,4619.754982889805,4020.261017110194,61183.79062999999
2025-09-23 20:00:00,4153.43,4190.86,4139.53,4164.26,28971.9314,4164.26,4303.311,4433.0923999999995,4220.227626795006,4308.617247634297,-88.38962083929164,-81.3105028104085,19.72398585712648,0.01017956686275689,4303.311,4598.432191798187,4008.1898082018124,19.72398585712648,4303.311,4433.0923999999995,4220.227626795006,4308.617247634297,-88.38962083929164,-81.3105028104085,-7.079118028883144,4303.311,4598.432191798187,4008.1898082018124,61140.714315000005
2025-09-24 00:00:00,4164.25,4194.37,4129.24,4147.51,60731.1373,4147.51,4286.6775,4426.1744,4209.040299595774,4296.683377439164,-87.64307784339053,-82.5770178170049,17.34907098887446,0.010179584878689694,4286.6775,4577.290754225507,3996.064245774493,17.34907098887446,4286.6775,4426.1744,4209.040299595774,4296.683377439164,-87.64307784339053,-82.5770178170049,-5.066060026385628,4286.6775,4577.290754225507,3996.064245774493,62461.111635
2025-09-24 04:00:00,4147.51,4184.22,4073.74,4175.08,91708.3675,4175.08,4271.4105,4419.2011999999995,4203.815638119501,4287.675719851079,-83.86008173157734,-82.83363059991939,23.50642976342391,0.010415032678850343,4271.4105,4551.042785499445,3991.778214500555,23.50642976342391,4271.4105,4419.2011999999995,4203.815638119501,4287.675719851079,-83.86008173157734,-82.83363059991939,-1.02645113165795,4271.4105,4551.042785499445,3991.778214500555,66263.023575
2025-09-24 08:00:00,4175.08,4198.34,4164.66,4182.08,41367.3825,4182.08,4256.6015,4412.4272,4200.4716937934245,4279.853814676925,-79.38212088350065,-82.14332865663565,33.5931080185553,0.010458730495483692,4256.6015,4521.069034433684,3992.133965566316,33.5931080185553,4256.6015,4412.4272,4200.4716937934245,4279.853814676925,-79.38212088350065,-82.14332865663565,2.7612077731349984,4256.6015,4521.069034433684,3992.133965566316,67167.877275
2025-09-24 12:00:00,4182.08,4206.9,4145.96,4166.18,75410.2601,4166.18,4241.021500000001,4405.493600000001,4195.1960485944355,4271.433532108264,-76.23748351382892,-80.9621596280743,45.154279199030874,0.010430790586382764,4241.021500000001,4486.670374553561,3995.372625446441,45.154279199030874,4241.021500000001,4405.493600000001,4195.1960485944355,4271.433532108264,-76.23748351382892,-80.9621596280743,4.7246761142453835,4241.021500000001,4486.670374553561,3995.372625446441,70067.63837999999
2025-09-24 16:00:00,4166.17,4194.42,4155.0,4161.5,46228.0265,4161.5,4226.068,4398.6984,4190.012041118369,4263.290307507652,-73.27826638928309,-79.42538098031606,46.32283061627313,0.010444455078528595,4226.068,4450.980140656508,4001.1558593434925,46.32283061627313,4226.068,4398.6984,4190.012041118369,4263.290307507652,-73.27826638928309,-79.42538098031606,6.147114591032974,4226.068,4450.980140656508,4001.1558593434925,71252.92543
2025-09-24 20:00:00,4161.5,4172.23,4131.2,4152.81,38220.3932,4152.81,4209.5685,4392.3906,4184.288650177082,4255.106581025603,-70.81793084852143,-77.70389095395714,47.19398205042272,0.010263415565151379,4209.5685,4401.122660022851,4018.0143399771496,47.19398205042272,4209.5685,4392.3906,4184.288650177082,4255.106581025603,-70.81793084852143,-77.70389095395714,6.885960105435714,4209.5685,4401.122660022851,4018.0143399771496,72002.04314499999
2025-09-25 00:00:00,4152.81,4161.04,4022.0,4062.78,146839.1013,4062.78,4187.9875,4383.822,4165.5950116883,4240.860167616299,-75.26515592799933,-77.21614394876559,38.9148191365228,0.010888253995056643,4187.9875,4336.945156416904,4039.029843583097,38.9148191365228,4187.9875,4383.822,4165.5950116883,4240.860167616299,-75.26515592799933,-77.21614394876559,1.9509880207662604,4187.9875,4336.945156416904,4039.029843583097,77633.82474499999
2025-09-25 04:00:00,4062.77,4071.08,3966.0,4009.18,161897.2918,4009.18,4166.197999999999,4373.9798,4141.531163736253,4223.698673718795,-82.16750998254247,-78.20641715552097,19.87244574184524,0.010962921542044339,4166.197999999999,4280.2905678835705,4052.1054321164283,19.87244574184524,4166.197999999999,4373.9798,4141.531163736253,4223.698673718795,-82.16750998254247,-78.20641715552097,-3.9610928270215027,4166.197999999999,4280.2905678835705,4052.1054321164283,84293.65503499999
2025-09-25 08:00:00,4009.17,4052.81,3991.39,4002.51,95222.3112,4002.51,4151.030000000001,4364.0742,4120.143292392214,4207.314327517403,-87.17103512518952,-79.99934074945469,20.153816449993414,0.009074631694574068,4151.030000000001,4267.572669845372,4034.4873301546295,20.153816449993414,4151.030000000001,4364.0742,4120.143292392214,4207.314327517403,-87.17103512518952,-79.99934074945469,-7.17169437573483,4151.030000000001,4267.572669845372,4034.4873301546295,79194.527335
2025-09-25 12:00:00,4002.51,4022.87,3924.12,4003.26,211278.3785,4003.26,4141.523999999999,4353.258,4102.161247408796,4192.199192145744,-90.0379447369478,-82.00706154695331,15.682343346472692,0.007388997377404093,4141.523999999999,4273.513306329008,4009.534693670991,15.682343346472692,4141.523999999999,4353.258,4102.161247408796,4192.199192145744,-90.0379447369478,-82.00706154695331,-8.030883189994483,4141.523999999999,4273.513306329008,4009.534693670991,78922.77128000002
2025-09-25 16:00:00,4003.27,4006.77,3815.0,3911.59,229844.5748,3911.59,4128.0225,4341.656999999999,4072.842593961289,4171.413326060874,-98.57073209958526,-85.3197956574797,12.379623916950493,0.008710462742439732,4128.0225,4293.689722419401,3962.3552775805992,12.379623916950493,4128.0225,4341.656999999999,4072.842593961289,4171.413326060874,-98.57073209958526,-85.3197956574797,-13.250936442105555,4128.0225,4293.689722419401,3962.3552775805992,85100.339605
2025-09-25 20:00:00,3911.59,3937.2,3850.0,3874.36,85246.0375,3874.36,4113.3465,4329.3534,4042.3068102749367,4149.409375982291,-107.10256570735419,-89.6763496674546,11.567865647324155,0.008820854084606691,4113.3465,4312.721882450583,3913.971117549417,11.567865647324155,4113.3465,4329.3534,4042.3068102749367,4149.409375982291,-107.10256570735419,-89.6763496674546,-17.426216039899586,4113.3465,4312.721882450583,3913.971117549417,84970.38377
2025-09-26 00:00:00,3874.35,3971.09,3867.65,3965.32,100004.6252,3965.32,4104.8635,4318.307400000001,4030.462685617254,4135.773125909529,-105.31044029227496,-92.80316779241869,29.656306101702214,0.010623599988549028,4104.8635,4314.534766738522,3895.192233261478,29.656306101702214,4104.8635,4318.307400000001,4030.462685617254,4135.773125909529,-105.31044029227496,-92.80316779241869,-12.50727249985627,4104.8635,4314.534766738522,3895.192233261478,86660.25899999999
2025-09-26 04:00:00,3965.33,3976.98,3906.09,3938.11,113344.8842,3938.11,4091.815,4305.259,4016.2545801376764,4121.131412879194,-104.87683274151732,-95.21790078223843,26.37922750725906,0.009827271837555406,4091.815,4309.140564315865,3874.489435684135,26.37922750725906,4091.815,4305.259,4016.2545801376764,4121.131412879194,-104.87683274151732,-95.21790078223843,-9.658931959278888,4091.815,4309.140564315865,3874.489435684135,90628.53386499999
2025-09-26 08:00:00,3938.11,3944.58,3873.0,3906.0,64785.9249,3906.0,4077.7145000000005,4291.0905999999995,3999.2923370395724,4105.19575266592,-105.9034156263474,-97.35500375106024,25.559131297184578,0.009889127314967265,4077.7145000000005,4305.121697263661,3850.30730273634,25.559131297184578,4077.7145000000005,4291.0905999999995,3999.2923370395724,4105.19575266592,-105.9034156263474,-97.35500375106024,-8.548411875287158,4077.7145000000005,4305.121697263661,3850.30730273634,90755.79577
2025-09-26 12:00:00,3906.0,3985.41,3875.71,3946.0,139542.1374,3946.0,4064.7525,4278.5156,3991.093515956561,4093.4034746906664,-102.3099587341053,-98.34599474766927,27.385982230997044,0.010224416429850591,4064.7525,4291.104506245854,3838.4004937541463,27.385982230997044,4064.7525,4278.5156,3991.093515956561,4093.4034746906664,-102.3099587341053,-98.34599474766927,-3.9639639864360277,4064.7525,4291.104506245854,3838.4004937541463,95213.548965
2025-09-26 16:00:00,3945.98,4068.3,3942.94,4024.07,120662.6594,4024.07,4056.352,4267.4746000000005,3996.166821194013,4088.2676617506168,-92.10084055660354,-97.09696390945614,36.32113856329105,0.011436113673612873,4056.352,4275.151957432754,3837.5520425672457,36.32113856329105,4056.352,4267.4746000000005,3996.166821194013,4088.2676617506168,-92.10084055660354,-97.09696390945614,4.996123352852592,4056.352,4275.151957432754,3837.5520425672457,98793.21696
2025-09-26 20:00:00,4024.08,4039.56,4005.0,4032.24,37370.8548,4032.24,4048.9135,4256.1326,4001.7165410103185,4084.1174645839046,-82.40092357358617,-94.15775584228216,38.24757826758385,0.011469578494340127,4048.9135,4259.843220126337,3837.983779873664,38.24757826758385,4048.9135,4256.1326,4001.7165410103185,4084.1174645839046,-82.40092357358617,-94.15775584228216,11.756832268695987,4048.9135,4259.843220126337,3837.983779873664,97265.59341
2025-09-27 00:00:00,4032.24,4032.44,4005.74,4019.41,28037.3209,4019.41,4042.2125,4244.7562,4004.4386116241153,4079.32431905917,-74.88570743505488,-90.30334616083671,37.7082648488728,0.011418900805502242,4042.2125,4247.604339726554,3836.8206602734467,37.7082648488728,4042.2125,4244.7562,4004.4386116241153,4079.32431905917,-74.88570743505488,-90.30334616083671,15.417638725781828,4042.2125,4247.604339726554,3836.8206602734467,95835.68002
2025-09-27 04:00:00,4019.4,4027.85,4006.38,4007.93,16424.5113,4007.93,4034.3959999999997,4233.161599999999,4004.9757482973287,4074.035850980713,-69.06010268338423,-86.05469746534622,37.52711870243461,0.011378815901679775,4034.3959999999997,4231.98160105205,3836.81039894795,37.52711870243461,4034.3959999999997,4233.161599999999,4004.9757482973287,4074.035850980713,-69.06010268338423,-86.05469746534622,16.994594781961993,4034.3959999999997,4231.98160105205,3836.81039894795,95208.30901499999
2025-09-27 08:00:00,4007.92,4017.9,3972.98,4002.16,39530.1331,4002.16,4027.1285000000003,4222.2052,4004.5425562515857,4068.7117138710305,-64.16915761944483,-81.67758949616595,43.895512768871306,0.011367513453695103,4027.1285000000003,4217.766422363572,3836.4905776364285,43.895512768871306,4027.1285000000003,4222.2052,4004.5425562515857,4068.7117138710305,-64.16915761944483,-81.67758949616595,17.50843187672112,4027.1285000000003,4217.766422363572,3836.4905776364285,94148.25880499999
2025-09-27 12:00:00,4002.15,4039.01,3994.77,4018.92,34659.9793,4018.92,4019.3205000000003,4211.8024000000005,4006.754470674419,4065.0234387694722,-58.268968095053424,-76.99586521594345,51.05943264879919,0.011285223968439336,4019.3205000000003,4196.780247070898,3841.8607529291025,51.05943264879919,4019.3205000000003,4211.8024000000005,4006.754470674419,4065.0234387694722,-58.268968095053424,-76.99586521594345,18.72689712089003,4019.3205000000003,4196.780247070898,3841.8607529291025,91295.83939499999
2025-09-27 16:00:00,4018.92,4019.88,3980.98,4002.45,37164.2545,4002.45,4010.339,4201.5754,4006.092244416816,4060.388369230993,-54.29612481417689,-72.45591713559014,49.99360995143559,0.011264268915043828,4010.339,4170.449113937887,3850.228886062113,49.99360995143559,4010.339,4201.5754,4006.092244416816,4060.388369230993,-54.29612481417689,-72.45591713559014,18.15979232141325,4010.339,4170.449113937887,3850.228886062113,91085.682995
2025-09-27 20:00:00,4002.45,4033.23,4000.9,4018.38,16877.0647,4018.38,4002.9489999999996,4192.4444,4007.9826683526903,4057.276638176845,-49.29396982415483,-67.82352767330308,51.55985639417322,0.01133773228777792,4002.9489999999996,4145.448070489831,3860.449929510169,51.55985639417322,4002.9489999999996,4192.4444,4007.9826683526903,4057.276638176845,-49.29396982415483,-67.82352767330308,18.529557849148247,4002.9489999999996,4145.448070489831,3860.449929510169,88159.023225
2025-09-28 00:00:00,4018.39,4031.75,3994.27,4002.74,22549.9823,4002.74,3995.011,4183.685600000001,4007.1761039907383,4053.2368872007823,-46.060783210044065,-63.47097878065127,61.15312140567254,0.011346663418716006,3995.011,4116.453918260919,3873.5680817390808,61.15312140567254,3995.011,4183.685600000001,4007.1761039907383,4053.2368872007823,-46.060783210044065,-63.47097878065127,17.410195570607208,3995.011,4116.453918260919,3873.5680817390808,86975.121015
2025-09-28 04:00:00,4002.73,4019.87,3996.24,4014.32,15964.0227,4014.32,3988.0865,4174.6002,4008.27516491524,4050.3541548155395,-42.07898990029935,-59.192581004580894,68.27249464724,0.011396454694912544,3988.0865,4084.951197229754,3891.2218027702456,68.27249464724,3988.0865,4174.6002,4008.27516491524,4050.3541548155395,-42.07898990029935,-59.192581004580894,17.113591104281547,3988.0865,4084.951197229754,3891.2218027702456,85862.30249
2025-09-28 08:00:00,4014.32,4016.0,3984.45,3992.39,24299.9091,3992.39,3984.567,4165.1376,4005.8312933898183,4046.060513718092,-40.22922032827364,-55.39990886931945,54.311196050326416,0.01043113312590854,3984.567,4074.899507431629,3894.234492568371,54.311196050326416,3984.567,4165.1376,4005.8312933898183,4046.060513718092,-40.22922032827364,-55.39990886931945,15.170688541045806,3984.567,4074.899507431629,3894.234492568371,79735.34288
2025-09-28 12:00:00,3992.39,4029.48,3966.0,4021.69,47406.3129,4021.69,3985.1925,4155.907,4008.271094406769,4044.255290479715,-35.984196072945906,-51.516766310044744,63.223009745601736,0.010156259944357203,3985.1925,4076.411509300873,3893.973490699127,63.223009745601736,3985.1925,4155.907,4008.271094406769,4044.255290479715,-35.984196072945906,-51.516766310044744,15.532570237098838,3985.1925,4076.411509300873,3893.973490699127,74010.793935
2025-09-28 16:00:00,4021.68,4055.12,4021.68,4039.45,49060.9871,4039.45,3987.0395,4147.2968,4013.06784911342,4043.8993430367727,-30.83149392335281,-47.37971183270636,72.11707381749464,0.010188330898059032,3987.0395,4081.1839172755276,3892.895082724472,72.11707381749464,3987.0395,4147.2968,4013.06784911342,4043.8993430367727,-30.83149392335281,-47.37971183270636,16.548217909353554,3987.0395,4081.1839172755276,3892.895082724472,71702.72773
2025-09-28 20:00:00,4039.46,4144.88,4035.58,4142.16,81050.6448,4142.16,3993.9845,4140.1759999999995,4032.928180019048,4051.1779102192345,-18.249730200186605,-41.553715506202415,76.91547749725564,0.011610330814097325,3993.9845,4110.905227165851,3877.063772834149,76.91547749725564,3993.9845,4140.1759999999995,4032.928180019048,4051.1779102192345,-18.249730200186605,-41.553715506202415,23.30398530601581,3993.9845,4110.905227165851,3877.063772834149,65191.341044999994
2025-09-29 00:00:00,4142.16,4146.38,4103.81,4121.8,41433.1935,4121.8,4004.4950000000003,4133.008400000001,4046.600767708425,4056.4091761289214,-9.808408420496562,-35.20465408906124,65.9330268349147,0.010211307221109299,4004.4950000000003,4127.845765832721,3881.1442341672805,65.9330268349147,4004.4950000000003,4133.008400000001,4046.600767708425,4056.4091761289214,-9.808408420496562,-35.20465408906124,25.39624566856468,4004.4950000000003,4127.845765832721,3881.1442341672805,55770.771980000005
2025-09-29 04:00:00,4121.8,4123.99,4088.15,4108.25,37102.3136,4108.25,4016.1895000000004,4125.565,4056.085264984052,4060.249237156409,-4.163972172356807,-28.996517705720354,62.178357419809636,0.00991052921189462,4016.1895000000004,4131.691114930353,3900.6878850696476,62.178357419809636,4016.1895000000004,4125.565,4056.085264984052,4060.249237156409,-4.163972172356807,-28.996517705720354,24.832545533363547,4016.1895000000004,4131.691114930353,3900.6878850696476,53363.585785
2025-09-29 08:00:00,4108.26,4141.0,4095.0,4103.21,58678.3125,4103.21,4023.084,4118.064,4063.3352242172746,4063.431515885564,-0.09629166828926827,-23.216472498234136,63.770211647167045,0.008685305304639498,4023.084,4142.205466782281,3903.9625332177184,63.770211647167045,4023.084,4118.064,4063.3352242172746,4063.431515885564,-0.09629166828926827,-23.216472498234136,23.120180829944868,4023.084,4142.205466782281,3903.9625332177184,51297.27015
2025-09-29 12:00:00,4103.21,4205.59,4082.25,4164.8,124528.7518,4164.8,4034.4184999999998,4111.8044,4078.9451897223094,4070.9402924866336,8.004897235675799,-16.97219855145215,72.13239651231689,0.008918263904525079,4034.4184999999998,4162.312835049825,3906.5241649501754,72.13239651231689,4034.4184999999998,4111.8044,4078.9451897223094,4070.9402924866336,8.004897235675799,-16.97219855145215,24.977095787127947,4034.4184999999998,4162.312835049825,3906.5241649501754,51856.46352999999
2025-09-29 16:00:00,4164.81,4193.44,4128.53,4188.32,69503.2107,4188.32,4048.5345,4106.3594,4095.772083611185,4079.6350856357717,16.136997975413124,-10.350359246079092,75.01209222335669,0.00854917131567993,4048.5345,4179.043379225842,3918.0256207741586,75.01209222335669,4048.5345,4106.3594,4095.772083611185,4079.6350856357717,16.136997975413124,-10.350359246079092,26.487357221492218,4048.5345,4179.043379225842,3918.0256207741586,52092.32782
2025-09-29 20:00:00,4188.32,4235.86,4182.07,4215.07,49482.8963,4215.07,4061.988,4101.004800000001,4114.125609209464,4089.667301514604,24.45830769485974,-3.388625857891324,75.66534948839389,0.008432588157680254,4061.988,4203.040817072736,3920.9351829272637,75.66534948839389,4061.988,4101.004800000001,4114.125609209464,4089.667301514604,24.45830769485974,-3.388625857891324,27.846933552751064,4061.988,4203.040817072736,3920.9351829272637,47589.365765
2025-09-30 00:00:00,4215.07,4245.0,4188.03,4198.68,53170.266,4198.68,4070.7185000000004,4095.0903999999996,4127.133977023392,4097.742316217226,29.39166080616542,3.167431474920027,75.68119356105227,0.007625196130391029,4070.7185000000004,4223.053316322978,3918.383683677022,75.68119356105227,4070.7185000000004,4095.0903999999996,4127.133977023392,4097.742316217226,29.39166080616542,3.167431474920027,26.224229331245393,4070.7185000000004,4223.053316322978,3918.383683677022,44214.746094999995
2025-09-30 04:00:00,4198.69,4206.85,4169.38,4182.13,57421.8089,4182.13,4078.2129999999997,4089.8336,4135.594903635178,4103.993255756691,31.6016478784868,8.854274755633384,71.39571954948127,0.007746241854619866,4078.2129999999997,4237.18110936043,3919.2448906395693,71.39571954948127,4078.2129999999997,4089.8336,4135.594903635178,4103.993255756691,31.6016478784868,8.854274755633384,22.747373122853418,4078.2129999999997,4237.18110936043,3919.2448906395693,45217.2938
2025-09-30 08:00:00,4182.12,4183.21,4134.0,4165.39,56698.7314,4165.39,4085.5119999999997,4087.0239999999994,4140.17876461438,4108.541162737676,31.63760187670414,13.410940179847536,71.19107798942085,0.007776449889147437,4085.5119999999997,4246.504391137459,3924.5196088625403,71.19107798942085,4085.5119999999997,4087.0239999999994,4140.17876461438,4108.541162737676,31.63760187670414,13.410940179847536,18.226661696856603,4085.5119999999997,4246.504391137459,3924.5196088625403,46650.364324999995
2025-09-30 12:00:00,4165.38,4175.95,4094.59,4119.87,73946.4531,4119.87,4091.1090000000004,4085.5538,4137.054339289091,4109.380335868219,27.674003420872396,16.263552828052507,62.63436355366161,0.008227940060893344,4091.1090000000004,4248.487584632724,3933.730415367277,62.63436355366161,4091.1090000000004,4085.5538,4137.054339289091,4109.380335868219,27.674003420872396,16.263552828052507,11.410450592819888,4091.1090000000004,4248.487584632724,3933.730415367277,49526.461415
2025-09-30 16:00:00,4119.88,4170.43,4092.1,4160.1,85179.584,4160.1,4099.005999999999,4085.1233999999995,4140.599825552308,4113.137348026128,27.46247752618001,18.50333776767801,69.23235705603089,0.008403267921873552,4099.005999999999,4253.413983894854,3944.5980161051452,69.23235705603089,4099.005999999999,4085.1233999999995,4140.599825552308,4113.137348026128,27.46247752618001,18.50333776767801,8.959139758502001,4099.005999999999,4253.413983894854,3944.5980161051452,51808.93396
2025-09-30 20:00:00,4160.11,4201.52,4116.64,4145.15,64709.7738,4145.15,4105.3175,4084.6688,4141.299852390415,4115.508655579748,25.791196810667316,19.96090957627587,64.63975715031063,0.00847503475498197,4105.3175,4256.221772043572,3954.4132279564283,64.63975715031063,4105.3175,4084.6688,4141.299852390415,4115.508655579748,25.791196810667316,19.96090957627587,5.830287234391445,4105.3175,4256.221772043572,3954.4132279564283,53311.423685
2025-10-01 00:00:00,4145.15,4174.63,4124.12,4128.66,48730.697,4128.66,4111.628,4084.5424,4139.355259714966,4116.482829240507,22.87243047445918,20.543213755912532,60.61038559432907,0.008470844682924035,4111.628,4254.776192127675,3968.479807872324,60.61038559432907,4111.628,4084.5424,4139.355259714966,4116.482829240507,22.87243047445918,20.543213755912532,2.329216718546647,4111.628,4254.776192127675,3968.479807872324,53889.74580999999
2025-10-01 04:00:00,4128.65,4156.79,4123.08,4145.8,40423.0346,4145.8,4117.999,4083.4768,4140.346758220356,4118.654471518988,21.692286701367266,20.773028345003482,50.543575652589496,0.008473479215166786,4117.999,4254.877675883162,3981.1203241168373,50.543575652589496,4117.999,4083.4768,4140.346758220356,4118.654471518988,21.692286701367266,20.773028345003482,0.919258356363784,4117.999,4254.877675883162,3981.1203241168373,55067.044305
2025-10-01 08:00:00,4145.8,4329.0,4142.92,4298.2,174933.893,4298.2,4132.771999999999,4085.6806,4164.631872340301,4131.954140295359,32.67773204494188,23.153969084991164,68.89217324251375,0.011443152810865234,4132.771999999999,4280.61106564395,3984.932934356048,68.89217324251375,4132.771999999999,4085.6806,4164.631872340301,4131.954140295359,32.67773204494188,23.153969084991164,9.523762959950712,4132.771999999999,4280.61106564395,3984.932934356048,62686.239839999995
2025-10-01 12:00:00,4298.21,4344.0,4280.0,4327.23,97899.3215,4327.23,4148.4175000000005,4088.1204,4189.646968903332,4146.419018791999,43.227950111332575,27.168765290259454,72.69975535929007,0.01146264295188214,4148.4175000000005,4309.142995553768,3987.692004446233,72.69975535929007,4148.4175000000005,4088.1204,4189.646968903332,4146.419018791999,43.227950111332575,27.168765290259454,16.05918482107312,4148.4175000000005,4309.142995553768,3987.692004446233,66783.00478
2025-10-01 16:00:00,4327.24,4340.0,4288.64,4334.53,79548.398,4334.53,4165.5245,4090.9694,4211.936665995127,4160.353165548147,51.58350044698,32.05171232160357,73.86710689228225,0.011267675685764105,4165.5245,4329.132212014071,4001.916787985929,73.86710689228225,4165.5245,4090.9694,4211.936665995127,4160.353165548147,51.58350044698,32.05171232160357,19.53178812537643,4165.5245,4329.132212014071,4001.916787985929,69545.429225
2025-10-01 20:00:00,4334.52,4355.46,4287.5,4348.03,65491.0381,4348.03,4181.8415,4094.3098,4232.874101995877,4174.255153285322,58.61894871055483,37.36515959939382,70.98806442005905,0.011244895282130374,4181.8415,4350.077268557283,4013.6057314427176,70.98806442005905,4181.8415,4094.3098,4232.874101995877,4174.255153285322,58.61894871055483,37.36515959939382,21.253789111161012,4181.8415,4350.077268557283,4013.6057314427176,70449.665485
2025-10-02 00:00:00,4348.03,4399.11,4332.73,4376.3,100457.8046,4376.3,4198.684,4098.7672,4254.939624765741,4189.22143822715,65.718186538591,43.03576498723326,71.30036713048996,0.01125893391233303,4198.684,4374.186840570678,4023.1811594293217,71.30036713048996,4198.684,4098.7672,4254.939624765741,4189.22143822715,65.718186538591,43.03576498723326,22.68242155135774,4198.684,4374.186840570678,4023.1811594293217,73019.50636
2025-10-02 04:00:00,4376.3,4423.35,4358.26,4375.78,100115.3105,4375.78,4210.365,4102.9976,4273.530451724858,4203.0405909510655,70.48986077379232,48.526584144545076,69.36125099390398,0.010098004768546762,4210.365,4400.514547185087,4020.215452814912,69.36125099390398,4210.365,4102.9976,4273.530451724858,4203.0405909510655,70.48986077379232,48.526584144545076,21.96327662924724,4210.365,4400.514547185087,4020.215452814912,73972.739645
2025-10-02 08:00:00,4375.77,4395.98,4369.32,4378.93,35078.555,4378.93,4223.2215,4107.626,4289.74576684411,4216.069436065802,73.67633077830851,53.556533471297776,72.4308718484779,0.009949069167770172,4223.2215,4422.69958060816,4023.7434193918384,72.4308718484779,4223.2215,4107.626,4289.74576684411,4216.069436065802,73.67633077830851,53.556533471297776,20.119797307010735,4223.2215,4422.69958060816,4023.7434193918384,73655.00772000001
2025-10-02 12:00:00,4378.92,4443.0,4335.74,4437.09,132455.0483,4437.09,4239.6635,4112.8662,4312.414110406555,4232.441329690557,79.97278071599794,58.839782920237816,78.75056382498857,0.010080240794633146,4239.6635,4452.970370249762,4026.356629750237,78.75056382498857,4239.6635,4112.8662,4312.414110406555,4232.441329690557,79.97278071599794,58.839782920237816,21.132997795760126,4239.6635,4452.970370249762,4026.356629750237,78422.644455
2025-10-02 16:00:00,4437.1,4516.74,4426.12,4495.61,116624.1945,4495.61,4259.2835,4119.1368,4340.598093420931,4251.935305269034,88.66278815189708,64.80438396656967,84.03066903005049,0.010208550408714545,4259.2835,4491.124786207801,4027.4422137921983,84.03066903005049,4259.2835,4119.1368,4340.598093420931,4251.935305269034,88.66278815189708,64.80438396656967,23.8584041853274,4259.2835,4491.124786207801,4027.4422137921983,81319.938555
2025-10-02 20:00:00,4495.62,4497.87,4457.27,4484.35,41680.2442,4484.35,4275.261,4125.5001999999995,4362.713771356173,4269.151208582439,93.5625627737345,70.55601972800264,90.41515124634078,0.010020364387734826,4275.261,4523.172912191162,4027.3490878088382,90.41515124634078,4275.261,4125.5001999999995,4362.713771356173,4269.151208582439,93.5625627737345,70.55601972800264,23.00654304573186,4275.261,4523.172912191162,4027.3490878088382,77177.513175
2025-10-03 00:00:00,4484.35,4560.0,4461.01,4500.59,75124.2742,4500.59,4290.8745,4132.281999999999,4383.925498839839,4286.294822761517,97.63067607832181,75.97095099806647,89.87656056027915,0.010010410920103222,4290.8745,4554.563030415328,4027.1859695846715,89.87656056027915,4290.8745,4132.281999999999,4383.925498839839,4286.294822761517,97.63067607832181,75.97095099806647,21.659725080255342,4290.8745,4554.563030415328,4027.1859695846715,77458.56635000001
2025-10-03 04:00:00,4500.59,4510.79,4454.0,4462.33,56599.2094,4462.33,4303.2375,4138.4724,4395.987729787556,4299.3344655199235,96.65326426763295,80.10741365197977,85.22343638948122,0.01034407923417065,4303.2375,4575.022665148324,4031.452334851676,85.22343638948122,4303.2375,4138.4724,4395.987729787556,4299.3344655199235,96.65326426763295,80.10741365197977,16.54585061565318,4303.2375,4575.022665148324,4031.452334851676,77814.38200499999
2025-10-03 08:00:00,4462.32,4495.0,4428.0,4478.45,56813.7237,4478.45,4317.226,4146.7858,4408.674232897163,4312.602282888818,96.07195000834508,83.30032092325284,88.87678662724788,0.010220065388500989,4317.226,4595.083469209945,4039.3685307900537,88.87678662724788,4317.226,4146.7858,4408.674232897163,4312.602282888818,96.07195000834508,83.30032092325284,12.771629085092243,4317.226,4595.083469209945,4039.3685307900537,77996.55489
2025-10-03 12:00:00,4478.46,4541.66,4436.26,4534.75,97652.2957,4534.75,4334.857,4157.2972,4428.070504759138,4329.057669341498,99.01283541764042,86.44282382213036,89.76749892644624,0.010272867298546604,4334.857,4621.2396629638815,4048.474337036119,89.76749892644624,4334.857,4157.2972,4428.070504759138,4329.057669341498,99.01283541764042,86.44282382213036,12.570011595510053,4334.857,4621.2396629638815,4048.474337036119,80008.07923
2025-10-03 16:00:00,4534.75,4591.59,4450.62,4519.48,163628.1193,4519.48,4352.561500000001,4167.6366,4442.133504026963,4343.163027168053,98.97047685890993,88.94835442948629,81.44075021312865,0.010247423577232054,4352.561500000001,4638.612284028165,4066.5107159718364,81.44075021312865,4352.561500000001,4167.6366,4442.133504026963,4343.163027168053,98.97047685890993,88.94835442948629,10.022122429423646,4352.561500000001,4638.612284028165,4066.5107159718364,85354.548625
2025-10-03 20:00:00,4519.49,4542.97,4493.72,4512.87,35866.4044,4512.87,4372.211499999999,4177.8288,4453.016041868968,4355.733914044494,97.28212782447463,90.61510910848396,78.17166444093723,0.009720035917715447,4372.211499999999,4644.627599475885,4099.795400524114,78.17166444093723,4372.211499999999,4177.8288,4453.016041868968,4355.733914044494,97.28212782447463,90.61510910848396,6.667018715990665,4372.211499999999,4644.627599475885,4099.795400524114,83450.54619000001
2025-10-04 00:00:00,4512.88,4516.91,4463.17,4487.06,42001.2332,4487.06,4388.5595,4189.3382,4458.253573889127,4365.46177226342,92.7918016257072,91.05044761192862,71.91585965113951,0.009902789675835452,4388.5595,4646.222589240224,4130.896410759777,71.91585965113951,4388.5595,4189.3382,4458.253573889127,4365.46177226342,92.7918016257072,91.05044761192862,1.741354013778576,4388.5595,4646.222589240224,4130.896410759777,81291.62865
2025-10-04 04:00:00,4487.07,4517.93,4479.66,4498.29,29248.0201,4498.29,4406.2164999999995,4201.8168,4464.413024060031,4375.300900243908,89.11212381612313,90.66278285276753,71.7314589841491,0.009754781545841898,4406.2164999999995,4641.0337753686445,4171.399224631355,71.7314589841491,4406.2164999999995,4201.8168,4464.413024060031,4375.300900243908,89.11212381612313,90.66278285276753,-1.5506590366444044,4406.2164999999995,4641.0337753686445,4171.399224631355,79518.54096500001
2025-10-04 08:00:00,4498.28,4503.9,4479.93,4483.83,26306.8309,4483.83,4423.975,4212.187,4467.400251127719,4383.340092818433,84.06015830928573,89.34225794407118,66.19866831369951,0.009722774098492332,4423.975,4621.10703381965,4226.842966180351,66.19866831369951,4423.975,4212.187,4467.400251127719,4383.340092818433,84.06015830928573,89.34225794407118,-5.282099634785453,4423.975,4621.10703381965,4226.842966180351,78397.34766
2025-10-04 12:00:00,4483.84,4511.71,4441.34,4455.05,49716.961,4455.05,4439.4375,4222.5258,4465.500212492685,4388.651937794845,76.84827469783977,86.8434612948249,61.0045256406698,0.010007460126235167,4439.4375,4586.973387498528,4291.901612501472,61.0045256406698,4439.4375,4222.5258,4465.500212492685,4388.651937794845,76.84827469783977,86.8434612948249,-9.995186596985135,4439.4375,4586.973387498528,4291.901612501472,78862.04397999999
2025-10-04 16:00:00,4455.08,4476.46,4440.0,4467.12,33938.1125,4467.12,4447.8835,4233.7482,4465.749410570733,4394.464386847079,71.28502372365347,83.73177378059063,61.94695060825276,0.0062807155082653335,4447.8835,4579.899505453007,4315.867494546993,61.94695060825276,4447.8835,4233.7482,4465.749410570733,4394.464386847079,71.28502372365347,83.73177378059063,-12.446750056937162,4447.8835,4579.899505453007,4315.867494546993,71812.254955
2025-10-04 20:00:00,4467.13,4494.5,4467.13,4487.15,18521.5511,4487.15,4455.8795,4244.5712,4469.041808944466,4401.32998782137,67.71182112309543,80.5277832490916,57.56284747401497,0.006209396090494398,4455.8795,4575.958371181362,4335.800628818638,57.56284747401497,4455.8795,4244.5712,4469.041808944466,4401.32998782137,67.71182112309543,80.5277832490916,-12.815962125996165,4455.8795,4575.958371181362,4335.800628818638,67843.366435
2025-10-05 00:00:00,4487.16,4575.0,4467.05,4531.54,109994.6239,4531.54,4465.73,4254.7206,4478.656915260702,4410.975173908676,67.68174135202571,77.95857486967843,55.670233248114215,0.0064649785248904485,4465.73,4575.799935471578,4355.660064528422,55.670233248114215,4465.73,4254.7206,4478.656915260702,4410.975173908676,67.68174135202571,77.95857486967843,-10.276833517652719,4465.73,4575.799935471578,4355.660064528422,69365.67773
2025-10-05 04:00:00,4531.55,4615.0,4529.0,4605.97,122504.7734,4605.97,4478.6269999999995,4266.1952,4498.243543682132,4425.419235100626,72.82430858150656,76.93172161204406,66.00263157894739,0.007202287224567606,4478.6269999999995,4591.050467507,4366.203532492999,66.00263157894739,4478.6269999999995,4266.1952,4498.243543682132,4425.419235100626,72.82430858150656,76.93172161204406,-4.107413030537501,4478.6269999999995,4591.050467507,4366.203532492999,72216.364495
2025-10-05 08:00:00,4605.98,4618.17,4523.45,4551.06,147092.095,4551.06,4487.365,4276.8282,4506.36915234642,4434.725958426506,71.64319391991467,75.87401607361818,56.027420163852234,0.007866299308813624,4487.365,4593.278661859099,4381.451338140901,56.027420163852234,4487.365,4276.8282,4506.36915234642,4434.725958426506,71.64319391991467,75.87401607361818,-4.230822153703514,4487.365,4593.278661859099,4381.451338140901,74548.079015
2025-10-05 12:00:00,4551.07,4551.07,4526.74,4532.0,44543.8238,4532.0,4495.1759999999995,4287.3096000000005,4510.3123596777405,4441.931442987506,68.3809166902347,74.37539619694148,58.72030440333444,0.00797555448695944,4495.1759999999995,4588.7651688289225,4401.5868311710765,58.72030440333444,4495.1759999999995,4287.3096000000005,4510.3123596777405,4441.931442987506,68.3809166902347,74.37539619694148,-5.9944795067067815,4495.1759999999995,4588.7651688289225,4401.5868311710765,71769.50468
2025-10-05 16:00:00,4532.0,4540.71,4482.06,4487.26,56477.4501,4487.26,4500.592500000001,4297.011600000001,4506.765842804241,4445.28911387732,61.47672892692117,71.79566274293742,51.02898923123647,0.008390892658972257,4500.592500000001,4576.774678569288,4424.410321430713,51.02898923123647,4500.592500000001,4297.011600000001,4506.765842804241,4445.28911387732,61.47672892692117,71.79566274293742,-10.318933816016255,4500.592500000001,4576.774678569288,4424.410321430713,72839.44943499999
2025-10-05 20:00:00,4487.26,4523.48,4474.0,4514.32,25975.1952,4514.32,4504.454,4306.919599999999,4507.928020834358,4450.40251284937,57.5255079849876,68.94163179134746,47.43888679954866,0.007991049969287754,4504.454,4574.679716806856,4434.228283193143,47.43888679954866,4504.454,4306.919599999999,4507.928020834358,4450.40251284937,57.5255079849876,68.94163179134746,-11.416123806359863,4504.454,4574.679716806856,4434.228283193143,67515.45678000001
2025-10-06 00:00:00,4514.32,4552.44,4488.25,4537.08,65211.5851,4537.08,4506.5275,4317.6122000000005,4512.412940705995,4456.823067453121,55.589873252873986,66.27128008365277,52.16567406605312,0.007525372873921069,4506.5275,4578.089905853655,4434.965094146345,52.16567406605312,4506.5275,4317.6122000000005,4512.412940705995,4456.823067453121,55.589873252873986,66.27128008365277,-10.681406830778784,4506.5275,4578.089905853655,4434.965094146345,64944.82631
2025-10-06 04:00:00,4537.09,4577.8,4509.0,4533.19,54394.5922,4533.19,4508.9695,4327.9084,4515.609411366611,4462.479877271409,53.12953409520196,63.642930885962606,52.51721916654276,0.007499888404650792,4508.9695,4580.678525042989,4437.260474957011,52.51721916654276,4508.9695,4327.9084,4515.609411366611,4462.479877271409,53.12953409520196,63.642930885962606,-10.513396790760645,4508.9695,4580.678525042989,4437.260474957011,65580.54371
2025-10-06 08:00:00,4533.2,4593.65,4533.2,4571.71,55734.3992,4571.71,4512.525500000001,4339.2878,4524.240271156364,4470.570997473527,53.66927368283632,61.648199445337355,60.16621430115529,0.007681405383369108,4512.525500000001,4589.355629636653,4435.695370363348,60.16621430115529,4512.525500000001,4339.2878,4524.240271156364,4470.570997473527,53.66927368283632,61.648199445337355,-7.978925762501035,4512.525500000001,4589.355629636653,4435.695370363348,64611.04996000001
2025-10-06 12:00:00,4571.71,4693.8,4570.25,4673.39,142820.9472,4673.39,4523.0785000000005,4352.4692000000005,4547.186383286154,4485.594627290303,61.59175599585069,61.63691075544002,67.27574095268164,0.00872468232231987,4523.0785000000005,4624.820288604324,4421.336711395677,67.27574095268164,4523.0785000000005,4352.4692000000005,4547.186383286154,4485.594627290303,61.59175599585069,61.63691075544002,-0.04515475958933024,4523.0785000000005,4624.820288604324,4421.336711395677,68922.13685000001
2025-10-06 16:00:00,4673.39,4733.18,4659.99,4722.62,82331.19,4722.62,4535.287,4367.0738,4574.1761704729,4503.152062305836,71.02410816706379,63.51435023776478,72.04690240974978,0.008912679149394377,4535.287,4668.279494936596,4402.294505063404,72.04690240974978,4535.287,4367.0738,4574.1761704729,4503.152062305836,71.02410816706379,63.51435023776478,7.509757929299006,4535.287,4668.279494936596,4402.294505063404,70198.01016500001
2025-10-06 20:00:00,4722.61,4735.93,4672.56,4684.01,55707.9391,4684.01,4542.75,4380.320199999999,4591.073682707838,4516.548946579478,74.52473612836002,65.71642741588383,70.76245057854837,0.008910088933896804,4542.75,4691.440836159738,4394.059163840262,70.76245057854837,4542.75,4380.320199999999,4591.073682707838,4516.548946579478,74.52473612836002,65.71642741588383,8.80830871247619,4542.75,4691.440836159738,4394.059163840262,68100.79233499999
2025-10-07 00:00:00,4684.02,4698.99,4663.71,4690.59,42932.2933,4690.59,4551.3054999999995,4393.343000000001,4606.383885368171,4529.4408764624795,76.94300890569139,67.96174371384534,70.46840938650645,0.008831983863600996,4551.3054999999995,4713.441780361496,4389.169219638503,70.46840938650645,4551.3054999999995,4393.343000000001,4606.383885368171,4529.4408764624795,76.94300890569139,67.96174371384534,8.981265191846049,4551.3054999999995,4713.441780361496,4389.169219638503,62066.001035
2025-10-07 04:00:00,4690.59,4730.94,4665.03,4678.19,70809.1724,4678.19,4559.5715,4404.0635999999995,4617.430979926914,4540.459330057852,76.97164986906228,69.76372494488872,67.74607067216583,0.008859531517456977,4559.5715,4730.096804345408,4389.046195654592,67.74607067216583,4559.5715,4404.0635999999995,4617.430979926914,4540.459330057852,76.97164986906228,69.76372494488872,7.207924924173554,4559.5715,4730.096804345408,4389.046195654592,63813.139435
2025-10-07 08:00:00,4678.2,4713.17,4638.92,4708.81,69221.7102,4708.81,4570.659,4415.8038,4631.489290707389,4552.929750053567,78.5595406538223,71.52288808667544,66.89927358004918,0.008732486461938417,4570.659,4749.944268940136,4391.3737310598635,66.89927358004918,4570.659,4415.8038,4631.489290707389,4552.929750053567,78.5595406538223,71.52288808667544,7.036652567146859,4570.659,4749.944268940136,4391.3737310598635,65174.163285
2025-10-07 12:00:00,4708.82,4755.0,4477.43,4511.99,272531.478,4511.99,4571.344,4423.8786,4613.104784444714,4549.897175975525,63.207608469188926,69.85983216317814,42.73590155824881,0.013196333219437854,4571.344,4749.566587782187,4393.1214122178135,42.73590155824881,4571.344,4423.8786,4613.104784444714,4549.897175975525,63.207608469188926,69.85983216317814,-6.652223693989214,4571.344,4749.566587782187,4393.1214122178135,77338.33618
2025-10-07 16:00:00,4511.99,4524.0,4446.13,4479.44,129849.5741,4479.44,4571.1245,4431.4032,4592.540971453219,4544.678125903264,47.86284554995473,65.46043484053345,44.26599628514695,0.013281402537747058,4571.1245,4749.81111935293,4392.4378806470695,44.26599628514695,4571.1245,4431.4032,4592.540971453219,4544.678125903264,47.86284554995473,65.46043484053345,-17.597589290578725,4571.1245,4749.81111935293,4392.4378806470695,82515.47334
2025-10-07 20:00:00,4479.48,4517.09,4430.43,4447.7,55341.7039,4447.7,4570.757,4437.0612,4570.257745075801,4537.494561021541,32.76318405425991,58.92098468327874,43.385122410546145,0.013299290686986258,4570.757,4750.476037576318,4391.037962423681,43.385122410546145,4570.757,4437.0612,4570.257745075801,4537.494561021541,32.76318405425991,58.92098468327874,-26.15780062901883,4570.757,4750.476037576318,4391.037962423681,82796.71048500002
2025-10-08 00:00:00,4447.7,4498.22,4433.68,4443.6,63178.9578,4443.6,4569.581,4442.1668,4550.7719381410625,4530.539408353278,20.232529787784188,51.18329370417983,46.34068660319165,0.013285171263360212,4569.581,4752.435871748321,4386.726128251679,46.34068660319165,4569.581,4442.1668,4550.7719381410625,4530.539408353278,20.232529787784188,51.18329370417983,-30.950763916395644,4569.581,4752.435871748321,4386.726128251679,84258.75275000001
2025-10-08 04:00:00,4443.59,4465.5,4410.08,4463.48,68889.5212,4463.48,4568.3975,4447.135,4537.342409196283,4525.572044771554,11.77036442472945,43.30070784828976,45.6869931114052,0.01328498629016572,4568.3975,4753.787605666233,4383.0073943337675,45.6869931114052,4568.3975,4447.135,4537.342409196283,4525.572044771554,11.77036442472945,43.30070784828976,-31.53034342356031,4568.3975,4753.787605666233,4383.0073943337675,86777.151255
2025-10-08 08:00:00,4463.48,4506.85,4458.22,4487.3,58000.7768,4487.3,4566.1855000000005,4452.9074,4529.64357701224,4522.7370784921795,6.906498520060268,36.02186598264387,45.784499695142635,0.013141469954688035,4566.1855000000005,4754.460524978131,4377.91047502187,45.784499695142635,4566.1855000000005,4452.9074,4529.64357701224,4522.7370784921795,6.906498520060268,36.02186598264387,-29.1153674625836,4566.1855000000005,4754.460524978131,4377.91047502187,84177.4589
2025-10-08 12:00:00,4487.3,4522.6,4437.08,4447.14,90304.2777,4447.14,4558.244000000001,4458.2076,4516.950719010357,4517.137294900166,-0.18657588980931905,28.780177608153227,43.13478323307437,0.012646444656679051,4558.244000000001,4752.749164363827,4363.738835636174,43.13478323307437,4558.244000000001,4458.2076,4516.950719010357,4517.137294900166,-0.18657588980931905,28.780177608153227,-28.966753497962547,4558.244000000001,4752.749164363827,4363.738835636174,82567.434115
2025-10-08 16:00:00,4447.15,4558.0,4439.0,4515.27,94654.6396,4515.27,4556.454500000001,4465.2052,4516.692146854917,4516.998976759413,-0.30682990449622594,22.962776105623337,45.700268161872295,0.012948304249787048,4556.454500000001,4751.894267916222,4361.01473208378,45.700268161872295,4556.454500000001,4465.2052,4516.692146854917,4516.998976759413,-0.30682990449622594,22.962776105623337,-23.269606010119563,4556.454500000001,4751.894267916222,4361.01473208378,79945.56134500001
2025-10-08 20:00:00,4515.28,4539.31,4500.18,4525.72,24876.1556,4525.72,4556.1405,4473.3222,4518.081047338776,4517.644978480938,0.43606885783810867,18.457434656066294,36.93393972641526,0.012927530416955657,4556.1405,4751.765788266784,4360.515211733217,36.93393972641526,4556.1405,4473.3222,4518.081047338776,4517.644978480938,0.43606885783810867,18.457434656066294,-18.021365798228185,4556.1405,4751.765788266784,4360.515211733217,78962.17793500001
2025-10-09 00:00:00,4525.72,4531.52,4398.17,4450.8,95180.185,4450.8,4554.317499999999,4479.1362,4507.730116978964,4512.693498593461,-4.963381614496939,13.773271401953647,26.994820406919715,0.013278003735773002,4554.317499999999,4753.296253044504,4355.338746955495,26.994820406919715,4554.317499999999,4479.1362,4507.730116978964,4512.693498593461,-4.963381614496939,13.773271401953647,-18.736653016450585,4554.317499999999,4753.296253044504,4355.338746955495,80897.31468
2025-10-09 04:00:00,4450.8,4460.0,4411.0,4426.6,53292.3234,4426.6,4549.931500000001,4484.7652,4495.248560520662,4506.316202401353,-11.067641880690644,8.805088745424788,27.66972604403425,0.01323674223047735,4549.931500000001,4756.350493748124,4343.512506251877,27.66972604403425,4549.931500000001,4484.7652,4495.248560520662,4506.316202401353,-11.067641880690644,8.805088745424788,-19.872730626115434,4549.931500000001,4756.350493748124,4343.512506251877,82263.17108999999
2025-10-09 08:00:00,4426.6,4426.69,4320.0,4373.05,135485.784,4373.05,4541.7300000000005,4489.653,4476.448781979021,4496.4446318531045,-19.995849874083433,3.0449010215231422,24.529149420861856,0.013386023018245052,4541.7300000000005,4762.8127026012235,4320.6472973987775,24.529149420861856,4541.7300000000005,4489.653,4476.448781979021,4496.4446318531045,-19.995849874083433,3.0449010215231422,-23.040750895606575,4541.7300000000005,4762.8127026012235,4320.6472973987775,85776.881035
2025-10-09 12:00:00,4373.06,4413.76,4291.82,4314.79,119759.5748,4314.79,4530.8099999999995,4493.0328,4451.578200136095,4482.988733197319,-31.41053306122376,-3.8461857950262397,22.848176927674885,0.013630074588097335,4530.8099999999995,4774.125831401313,4287.494168598686,22.848176927674885,4530.8099999999995,4493.0328,4451.578200136095,4482.988733197319,-31.41053306122376,-3.8461857950262397,-27.56434726619752,4530.8099999999995,4774.125831401313,4287.494168598686,89045.13016500001
2025-10-09 16:00:00,4314.78,4344.33,4265.06,4338.0,77400.7073,4338.0,4519.1245,4493.8288,4434.104630884388,4472.248827034555,-38.14419615016686,-10.705787866054367,21.98431526617202,0.013516506677495125,4519.1245,4776.227464626986,4262.021535373014,21.98431526617202,4519.1245,4493.8288,4434.104630884388,4472.248827034555,-38.14419615016686,-10.705787866054367,-27.438408284112498,4519.1245,4776.227464626986,4262.021535373014,90128.44557
2025-10-09 20:00:00,4338.03,4383.0,4327.89,4368.09,34859.6084,4368.09,4503.8595000000005,4494.646,4423.948533825252,4464.533358365329,-40.584824540077534,-16.681595200859004,35.466408112148045,0.012429669450948685,4503.8595000000005,4758.640049408361,4249.07895059164,35.466408112148045,4503.8595000000005,4494.646,4423.948533825252,4464.533358365329,-40.584824540077534,-16.681595200859004,-23.90322933921853,4503.8595000000005,4758.640049408361,4249.07895059164,84730.37862999999
2025-10-10 00:00:00,4368.09,4393.63,4342.98,4347.13,50255.5122,4347.13,4485.085,4494.898,4412.130297852136,4455.83681330123,-43.706515449093786,-22.086579250505963,36.31662771216418,0.01199695913169046,4485.085,4727.005257631754,4243.164742368246,36.31662771216418,4485.085,4494.898,4412.130297852136,4455.83681330123,-43.706515449093786,-22.086579250505963,-21.619936198587823,4485.085,4727.005257631754,4243.164742368246,83126.59474
2025-10-10 04:00:00,4347.12,4377.14,4315.23,4323.39,54577.6885,4323.39,4467.054,4494.4052,4398.477944336423,4446.02593824188,-47.54799390545668,-27.17886218149611,36.92767156708103,0.011963308632807554,4467.054,4700.14195750234,4233.96604249766,36.92767156708103,4467.054,4494.4052,4398.477944336423,4446.02593824188,-47.54799390545668,-27.17886218149611,-20.369131723960567,4467.054,4700.14195750234,4233.96604249766,83070.08221
2025-10-10 08:00:00,4323.4,4351.27,4313.39,4343.02,37120.3316,4343.02,4449.675499999999,4493.7396,4389.9459529000505,4438.395868742481,-48.44991584243053,-31.433072913683,39.75763747454176,0.012057062895490873,4449.675499999999,4663.632369876495,4235.718630123503,39.75763747454176,4449.675499999999,4493.7396,4389.9459529000505,4438.395868742481,-48.44991584243053,-31.433072913683,-17.01684292874753,4449.675499999999,4663.632369876495,4235.718630123503,82779.484125
2025-10-10 12:00:00,4343.02,4390.46,4073.55,4103.11,286824.6116,4103.11,4420.9215,4488.2862,4345.817344761581,4413.55987846526,-67.74253370367933,-38.694965071682276,24.658593870863456,0.016656737651680884,4420.9215,4658.805259342509,4183.037740657492,24.658593870863456,4420.9215,4488.2862,4345.817344761581,4413.55987846526,-67.74253370367933,-38.694965071682276,-29.047568631997052,4420.9215,4658.805259342509,4183.037740657492,93580.256085
2025-10-10 16:00:00,4103.1,4138.52,3950.69,3997.56,226757.7565,3997.56,4385.3589999999995,4480.6588,4292.239291721337,4382.745072653019,-90.50578093168133,-49.057128243682094,19.111710984408916,0.016897780528819194,4385.3589999999995,4652.845384180727,4117.872615819272,19.111710984408916,4385.3589999999995,4480.6588,4292.239291721337,4382.745072653019,-90.50578093168133,-49.057128243682094,-41.448652687999235,4385.3589999999995,4652.845384180727,4117.872615819272,101457.0584
2025-10-10 20:00:00,3997.56,4380.0,3435.0,3829.72,838435.124,3829.72,4351.2455,4468.5114,4221.082477610363,4341.780252456499,-120.69777484613587,-63.38525756417287,16.46060579722743,0.016917536230618833,4351.2455,4709.393442878907,3993.097557121093,16.46060579722743,4351.2455,4468.5114,4221.082477610363,4341.780252456499,-120.69777484613587,-63.38525756417287,-57.312517281963004,4351.2455,4709.393442878907,3993.097557121093,129752.24070000001
2025-10-11 00:00:00,3829.72,3878.3,3726.16,3792.26,251247.2349,3792.26,4316.8865,4454.4444,4155.10978874723,4301.075048570832,-145.96525982360254,-79.90125801605882,9.370961034874185,0.016920802455202843,4316.8865,4747.724703714537,3886.0482962854626,9.370961034874185,4316.8865,4454.4444,4155.10978874723,4301.075048570832,-145.96525982360254,-79.90125801605882,-66.06400180754372,4316.8865,4747.724703714537,3886.0482962854626,135822.12374
2025-10-11 04:00:00,3792.27,3831.98,3733.7,3758.81,144423.69,3758.81,4282.442000000001,4439.9336,4094.1405904784256,4260.907267195214,-166.76667671678888,-97.27434175620485,7.989964613210361,0.016919490171463995,4282.442000000001,4774.978108410732,3789.90589158927,7.989964613210361,4282.442000000001,4439.9336,4094.1405904784256,4260.907267195214,-166.76667671678888,-97.27434175620485,-69.49233496058403,4282.442000000001,4774.978108410732,3789.90589158927,140276.22304500002
2025-10-11 08:00:00,3758.82,3857.24,3749.13,3839.99,133875.2131,3839.99,4252.2615,4426.721600000001,4055.040499635591,4229.728210365939,-174.68771073034804,-112.7570155510335,16.768767069627756,0.018137560802463263,4252.2615,4776.191136829589,3728.331863170411,16.768767069627756,4252.2615,4426.721600000001,4055.040499635591,4229.728210365939,-174.68771073034804,-112.7570155510335,-61.93069517931454,4252.2615,4776.191136829589,3728.331863170411,143811.03581
2025-10-11 12:00:00,3839.99,3855.06,3786.07,3825.13,82809.6458,3825.13,4220.344,4413.9776,4019.669653537808,4199.757972561054,-180.08831902324619,-126.22327624547606,16.940935923226604,0.01795201374594617,4220.344,4767.362576241836,3673.325423758164,16.940935923226604,4220.344,4413.9776,4019.669653537808,4199.757972561054,-180.08831902324619,-126.22327624547606,-53.86504277777013,4220.344,4767.362576241836,3673.325423758164,144507.04204
2025-10-11 16:00:00,3825.14,3848.0,3731.03,3760.61,73573.5841,3760.61,4184.0095,4399.620800000001,3979.814322224299,4167.228493112088,-187.4141708877887,-138.46145517393862,16.73907848717225,0.01780030402681305,4184.0095,4752.483951602902,3615.535048397098,16.73907848717225,4184.0095,4399.620800000001,3979.814322224299,4167.228493112088,-187.4141708877887,-138.46145517393862,-48.9527157138501,4184.0095,4752.483951602902,3615.535048397098,145285.68240500003
2025-10-11 20:00:00,3760.61,3766.66,3643.33,3746.79,103956.2903,3746.79,4148.992,4383.8616,3943.9644264974836,4136.084901029711,-192.12047453222704,-149.1932590455963,17.588048663577652,0.017834535281277843,4148.992,4735.224203881126,3562.759796118874,17.588048663577652,4148.992,4383.8616,3943.9644264974836,4136.084901029711,-192.12047453222704,-149.1932590455963,-42.92721548663073,4148.992,4735.224203881126,3562.759796118874,145968.28303500003
2025-10-12 00:00:00,3746.8,3819.22,3694.74,3781.61,118058.8167,3781.61,4112.308999999999,4369.1042,3918.9868224209476,4109.827500953436,-190.8406785324887,-157.5227429429748,18.665735557482876,0.01746005192925278,4112.308999999999,4693.835312203681,3530.7826877963175,18.665735557482876,4112.308999999999,4369.1042,3918.9868224209476,4109.827500953436,-190.8406785324887,-157.5227429429748,-33.31793558951392,4112.308999999999,4693.835312203681,3530.7826877963175,147138.49189
2025-10-12 04:00:00,3781.62,3844.5,3776.27,3827.99,69518.8814,3827.99,4077.4224999999997,4355.4066,3904.987311279263,4088.9506490309595,-183.9633377516966,-162.81086190471916,20.131177277352535,0.01792534211500063,4077.4224999999997,4637.85622812112,3516.98877187888,20.131177277352535,4077.4224999999997,4355.4066,3904.987311279263,4088.9506490309595,-183.9633377516966,-162.81086190471916,-21.15247584697744,4077.4224999999997,4637.85622812112,3516.98877187888,149370.62818
2025-10-12 08:00:00,3827.98,3866.6,3806.34,3820.36,74514.0971,3820.36,4045.9005000000006,4342.0726,3891.967724928607,4069.0550453990368,-177.08732047042986,-165.6661536178613,20.43242515070891,0.017862960530345178,4045.9005000000006,4588.546254156573,3503.2547458434283,20.43242515070891,4045.9005000000006,4342.0726,3891.967724928607,4069.0550453990368,-177.08732047042986,-165.6661536178613,-11.421166852568547,4045.9005000000006,4588.546254156573,3503.2547458434283,148337.323785
2025-10-12 12:00:00,3820.36,4080.0,3793.56,4034.59,256836.9601,4034.59,4026.3,4332.7986,3913.9096134011293,4066.5020790731824,-152.5924656720531,-163.0514160286997,36.64545723586859,0.02283268860860293,4026.3,4538.512578196886,3514.087421803114,36.64545723586859,4026.3,4332.7986,3913.9096134011293,4066.5020790731824,-152.5924656720531,-163.0514160286997,10.458950356646596,4026.3,4538.512578196886,3514.087421803114,158514.55562
2025-10-12 16:00:00,4034.59,4170.0,4034.58,4135.68,162787.2256,4135.68,4014.4315,4325.8356,3948.0281344163404,4071.626369512206,-123.59823509586568,-155.1607798421329,41.08399126201901,0.02366766539376075,4014.4315,4503.281792669545,3525.581207330455,41.08399126201901,4014.4315,4325.8356,3948.0281344163404,4071.626369512206,-123.59823509586568,-155.1607798421329,31.562544746267235,4014.4315,4503.281792669545,3525.581207330455,159879.6277
2025-10-12 20:00:00,4135.68,4197.7,4080.7,4152.29,129592.1711,4152.29,4006.3065,4319.7804,3979.4530368138267,4077.601453252043,-98.14841643821637,-143.75830716134962,52.617516818530206,0.02356849018883201,4006.3065,4479.281144041578,3533.3318559584222,52.617516818530206,4006.3065,4319.7804,3979.4530368138267,4077.601453252043,-98.14841643821637,-143.75830716134962,45.60989072313325,4006.3065,4479.281144041578,3533.3318559584222,160371.257515
2025-10-13 00:00:00,4152.29,4220.89,4124.54,4139.78,110123.4734,4139.78,3996.3955,4313.2336,4004.1187234578533,4082.2072715296695,-78.08854807181615,-130.62435534344291,58.40146502835539,0.023511339684796864,3996.3955,4447.925962898356,3544.8650371016442,58.40146502835539,3996.3955,4313.2336,4004.1187234578533,4082.2072715296695,-78.08854807181615,-130.62435534344291,52.535807271626766,3996.3955,4447.925962898356,3544.8650371016442,162007.39582
2025-10-13 04:00:00,4139.79,4198.0,4116.07,4178.3,74789.9991,4178.3,3986.9060000000004,4307.0566,4030.9158429258755,4089.325251416361,-58.409408490485475,-116.18136597285142,74.30551681820722,0.023565007942524602,3986.9060000000004,4412.794616147638,3561.0173838523624,74.30551681820722,3986.9060000000004,4307.0566,4030.9158429258755,4089.325251416361,-58.409408490485475,-116.18136597285142,57.77195748236595,3986.9060000000004,4412.794616147638,3561.0173838523624,164003.915355
2025-10-13 08:00:00,4178.29,4195.52,4042.29,4080.39,97647.4599,4080.39,3973.5690000000004,4298.0336,4038.52725170651,4088.6633809410746,-50.13612923456458,-102.97231862519406,68.52854552235924,0.024046854071649124,3973.5690000000004,4367.464712936067,3579.673287063934,68.52854552235924,3973.5690000000004,4298.0336,4038.52725170651,4088.6633809410746,-50.13612923456458,-102.97231862519406,52.836189390629485,3973.5690000000004,4367.464712936067,3579.673287063934,166373.51273999998
2025-10-13 12:00:00,4080.38,4180.0,4056.57,4135.0,171122.2317,4135.0,3964.1495000000004,4288.6142,4053.3692129824317,4092.0957230935874,-38.726510111155676,-90.1231569223864,73.5504388436064,0.02430840861999406,3964.1495000000004,4330.896623920758,3597.402376079242,73.5504388436064,3964.1495000000004,4288.6142,4053.3692129824317,4092.0957230935874,-38.726510111155676,-90.1231569223864,51.396646811230724,3964.1495000000004,4330.896623920758,3597.402376079242,172200.7399
2025-10-13 16:00:00,4135.01,4271.12,4129.14,4251.96,113706.8192,4251.96,3959.5964999999997,4282.6322,4083.9216417543653,4103.937521382952,-20.01587962858639,-76.1017014636264,74.68453030066989,0.025205086937553238,3959.5964999999997,4308.359376239852,3610.8336237601466,74.68453030066989,3959.5964999999997,4282.6322,4083.9216417543653,4103.937521382952,-20.01587962858639,-76.1017014636264,56.08582183504001,3959.5964999999997,4308.359376239852,3610.8336237601466,176030.06428
2025-10-13 20:00:00,4251.96,4292.0,4236.08,4240.85,55423.9414,4240.85,3966.4835,4276.8092,4108.064466099848,4114.079186465696,-6.014720365848007,-62.08430524407072,75.02166795069338,0.02172445438410673,3966.4835,4332.206324138346,3600.7606758616544,75.02166795069338,3966.4835,4276.8092,4108.064466099848,4114.079186465696,-6.014720365848007,-62.08430524407072,56.06958487822271,3966.4835,4332.206324138346,3600.7606758616544,164460.03076999998
2025-10-14 00:00:00,4240.86,4263.38,4137.63,4153.56,86464.5703,4153.56,3974.2835,4270.1352,4115.063779007563,4117.003691171941,-1.939912164377347,-50.05542662813205,73.02018769991447,0.02140881033888573,3974.2835,4349.332322773981,3599.234677226019,73.02018769991447,3974.2835,4270.1352,4115.063779007563,4117.003691171941,-1.939912164377347,-50.05542662813205,48.1155144637547,3974.2835,4349.332322773981,3599.234677226019,157445.37146
2025-10-14 04:00:00,4153.56,4160.75,3965.56,3981.19,180870.118,3981.19,3981.857,4259.4726,4094.4678130063994,4106.943417751797,-12.475604745397504,-42.53946225158514,61.58056993794712,0.02135628140830309,3981.857,4350.680058024394,3613.033941975606,61.58056993794712,3981.857,4259.4726,4094.4678130063994,4106.943417751797,-12.475604745397504,-42.53946225158514,30.063857506187638,3981.857,4350.680058024394,3613.033941975606,124567.12116000001
2025-10-14 08:00:00,3981.19,4014.61,3888.74,3971.85,163117.091,3971.85,3990.8365000000003,4248.168,4075.6035340823373,4096.93649791833,-21.332963835992814,-38.29816256846668,59.641582873824184,0.021201689142711127,3990.8365000000003,4348.8088946589105,3632.86410534109,59.641582873824184,3990.8365000000003,4248.168,4075.6035340823373,4096.93649791833,-21.332963835992814,-38.29816256846668,16.965198732473866,3990.8365000000003,4348.8088946589105,3632.86410534109,120160.613965
2025-10-14 12:00:00,3971.85,4088.79,3893.77,4085.4,252159.6744,4085.4,4007.1659999999997,4239.2122,4077.1106826850546,4096.081942516972,-18.97125983191745,-34.43278202115683,62.21422945156729,0.021789788996856532,4007.1659999999997,4350.050981568462,3664.2810184315376,62.21422945156729,4007.1659999999997,4239.2122,4077.1106826850546,4096.081942516972,-18.97125983191745,-34.43278202115683,15.461522189239382,4007.1659999999997,4350.050981568462,3664.2810184315376,125547.41318499998
2025-10-14 16:00:00,4085.41,4164.62,4048.49,4102.94,222833.5711,4102.94,4020.3135,4229.8368,4081.0844238104305,4096.589946774974,-15.505522964543616,-30.647330209834188,63.2836297995562,0.02141120070969551,4020.3135,4356.304018116439,3684.322981883561,63.2836297995562,4020.3135,4229.8368,4081.0844238104305,4096.589946774974,-15.505522964543616,-30.647330209834188,15.141807245290572,4020.3135,4356.304018116439,3684.322981883561,129995.331085
2025-10-14 20:00:00,4102.96,4144.54,4072.69,4125.02,57551.741,4125.02,4035.308,4218.8694,4087.843743224211,4098.695876643495,-10.852133419283746,-26.6882908517241,55.18824082892519,0.021342666135834333,4035.308,4361.2385338063805,3709.377466193619,55.18824082892519,4035.308,4218.8694,4087.843743224211,4098.695876643495,-10.852133419283746,-26.6882908517241,15.836157432440356,4035.308,4361.2385338063805,3709.377466193619,128732.435845
2025-10-15 00:00:00,4125.01,4145.73,4060.11,4080.7,93684.7803,4080.7,4051.3125,4206.031,4086.7447058051016,4097.362848743976,-10.618142938874826,-23.474261269154248,46.62583464257657,0.021069802979544652,4051.3125,4350.811888690964,3751.813111309036,46.62583464257657,4051.3125,4206.031,4086.7447058051016,4097.362848743976,-10.618142938874826,-23.474261269154248,12.856118330279422,4051.3125,4350.811888690964,3751.813111309036,129737.99565499998
2025-10-15 04:00:00,4080.7,4129.37,4072.0,4122.04,88151.9759,4122.04,4070.075,4194.7916000000005,4092.1747510658556,4099.190785874052,-7.016034808196764,-20.18261597696275,48.19822502829234,0.021020794160176662,4070.075,4334.173166078946,3805.976833921053,48.19822502829234,4070.075,4194.7916000000005,4092.1747510658556,4099.190785874052,-7.016034808196764,-20.18261597696275,13.166581168765987,4070.075,4334.173166078946,3805.976833921053,128947.779935
2025-10-15 08:00:00,4122.03,4217.6,4087.78,4099.9,121592.3636,4099.9,4085.9895000000006,4182.9778,4093.363250901877,4099.243320253752,-5.880069351875136,-17.32210665194523,47.65157582324398,0.02111840860014853,4085.9895000000006,4312.59571745303,3859.3832825469713,47.65157582324398,4085.9895000000006,4182.9778,4093.363250901877,4099.243320253752,-5.880069351875136,-17.32210665194523,11.442037300070094,4085.9895000000006,4312.59571745303,3859.3832825469713,129124.45728
2025-10-15 12:00:00,4099.89,4107.14,3959.33,3980.97,153858.654,3980.97,4093.6385,4169.0334,4076.0719815323578,4090.482333568289,-14.410352035931282,-16.73975572874244,39.38503910746755,0.022279574677686445,4093.6385,4292.164385282796,3895.1126147172045,39.38503910746755,4093.6385,4169.0334,4076.0719815323578,4090.482333568289,-14.410352035931282,-16.73975572874244,2.3294036928111588,4093.6385,4292.164385282796,3895.1126147172045,133341.44591
2025-10-15 16:00:00,3980.98,4013.17,3929.66,3981.21,96995.6083,3981.21,4101.681,4154.4814,4061.4778305273794,4082.3880866373047,-20.910256109925285,-17.57385580497901,44.03837368661492,0.022263980883507166,4101.681,4263.170707529132,3940.1912924708668,44.03837368661492,4101.681,4154.4814,4061.4778305273794,4082.3880866373047,-20.910256109925285,-17.57385580497901,-3.336400304946274,4101.681,4263.170707529132,3940.1912924708668,134465.52147
