timestamp,open,high,low,close,volume,close_time,rsi,macd,macd_signal,stoch_k,stoch_d,cci,adx,plus_di,minus_di,atr,bb_upper,bb_lower,ma_20,ma_50,rsi_14,atr_14,volatility_20,returns,cum_return,volume_zscore,bullish_cross,bearish_cross
1753547516726,10393.635520277443,11518.74784711471,9648.256954077822,10701.175232288879,38.79945472888746,1753551116726,0.0,0.0,0.0,0.0,0.0,0.0,0.0,0.0,0.0,0.0,0.0,0.0,0.0,0.0,0.0,0.0,0.0,0.0,0.0,0.0,0,0
1753551116726,10473.435659375022,11051.165506445475,9172.386362105166,10580.063402528966,186.77252823112934,1753554716726,0.0,0.0,0.0,0.0,0.0,0.0,0.0,0.0,0.0,0.0,0.0,0.0,0.0,0.0,0.0,0.0,0.0,-0.011317619525982536,-0.011317619525982536,0.0,0,0
1753554716726,10854.54739320218,11232.858556876094,9872.394563354816,10974.453179844524,831.2458050899425,1753558316726,0.0,0.0,0.0,0.0,0.0,0.0,0.0,0.0,0.0,0.0,0.0,0.0,0.0,0.0,0.0,0.0,0.0,0.03727669318326465,0.025537190226647244,0.0,0,0
1753558316726,10340.004386059893,11492.001729432082,9613.11623906924,10509.969234734519,766.7683563383357,1753561916726,0.0,0.0,0.0,0.0,0.0,0.0,0.0,0.0,0.0,0.0,0.0,0.0,0.0,0.0,0.0,0.0,0.0,-0.04232410831758504,-0.017867756896217224,0.0,0,0
1753561916726,10869.649684812171,11310.235283744705,9157.203883556955,10584.766154426334,350.6426914571469,1753565516726,0.0,0.0,0.0,0.0,0.0,0.0,0.0,0.0,0.0,0.0,0.0,0.0,0.0,0.0,0.0,0.0,0.0,0.007116759147554719,-0.010878158270999916,0.0,0,0
1753565516726,10088.134430976692,11181.763597761194,9962.338057481207,11307.625869562975,376.8106277742125,1753569116726,0.0,0.0,0.0,0.0,0.0,0.0,0.0,0.0,0.0,0.0,0.0,0.0,0.0,0.0,0.0,0.0,0.0,0.06829245961511932,0.056671405159710364,0.0,0,0
1753569116726,10776.79843720863,11504.13284191844,9518.36546333532,11271.473344859607,533.5544335535794,1753572716726,0.0,0.0,0.0,0.0,0.0,0.0,0.0,0.0,0.0,0.0,0.0,0.0,0.0,0.0,0.0,0.0,0.0,-0.003197180833571789,0.05329303559575038,0.0,0,0
1753572716726,10847.547633054737,11322.80979344785,9072.898451871655,11415.138820404896,0.2410046851345493,1753576316726,0.0,0.0,0.0,0.0,0.0,0.0,0.0,0.0,0.0,0.0,0.0,0.0,0.0,0.0,0.0,0.0,0.0,0.012745935792928709,0.06671824099859269,0.0,0,0
1753576316726,10181.817652837339,11258.107643173415,9626.832904415067,11354.51543591075,241.24433603802785,1753579916726,0.0,0.0,0.0,0.0,0.0,0.0,0.0,0.0,0.0,0.0,0.0,0.0,0.0,0.0,0.0,0.0,0.0,-0.0053107881952150215,0.06105312635667692,0.0,0,0
1753579916726,10430.346532372201,11463.98541744038,9253.198907012811,11183.175563239818,208.23180860821444,1753583516726,0.0,0.0,0.0,0.0,0.0,0.0,0.0,0.0,0.0,0.0,0.0,0.0,0.0,0.0,0.0,0.0,0.0,-0.01509002067398113,0.0450418127437624,0.0,0,0
1753583516726,10165.499774663656,11133.284258082173,9803.693451877303,10552.332857300662,250.48294674976347,1753587116726,0.0,0.0,0.0,0.0,0.0,0.0,0.0,0.0,0.0,0.0,0.0,0.0,0.0,0.0,0.0,0.0,0.0,-0.05640997964950112,-0.013908974645990946,0.0,0,0
1753587116726,10706.604128994219,11927.745733075408,9817.82207356619,11282.848617986658,805.9058425334413,1753590716726,0.0,0.0,0.0,0.0,0.0,0.0,0.0,0.0,0.0,0.0,0.0,0.0,0.0,0.0,0.0,0.0,0.0,0.0692278921225069,0.05435602848018872,0.0,0,0
1753590716726,10535.347768061656,11867.702097919238,9978.947355854662,11345.51081084056,279.6738565464432,1753594316726,0.0,0.0,0.0,0.0,0.0,0.0,0.0,0.0,0.0,0.0,0.0,0.0,0.0,0.0,0.0,0.0,0.0,0.005553756411657229,0.06021166503353004,0.0,0,0
1753594316726,10635.323346708321,11707.620585740535,9501.869531024504,11299.082145771954,191.52132205014817,1753597916726,57.88078709032019,0.0,0.0,77.97908170280911,0.0,0.0,0.0,0.0,0.0,1869.9827982827221,0.0,0.0,0.0,0.0,58.168411188382294,1869.9827982827217,0.0,-0.004092249863641539,0.055873013991865506,0.0,0,0
1753597916726,10196.48696695621,11106.213827588455,9454.956879727737,11008.479035308026,504.2634607930315,1753601516726,51.21876570810412,0.0,0.0,67.79979427201546,0.0,0.0,0.0,0.0,0.0,1868.1358316942574,0.0,0.0,0.0,0.0,53.88945297221721,1868.0995392118168,0.0,-0.025719178488552652,0.028716827483762586,0.0,0,0
1753601516726,10211.74586205242,11775.877254469693,9753.475605446481,10732.90183864948,865.645036372732,1753605116726,45.83155580952826,0.0,0.0,58.14683670497014,67.97523755993157,0.0,0.0,5.990994610486574,10.511761073364818,1879.1548186463256,0.0,0.0,0.0,0.0,51.861639752540505,1878.3582895463098,0.0,-0.025033176315699346,0.002964777762434645,0.0,0,0
1753605116726,10041.497325509907,11807.95732810902,9132.470656341926,11345.329975688726,241.34970383749987,1753608716726,56.725063989724816,0.0,0.0,79.5990573218647,68.51522943295011,0.0,0.0,5.399613632352811,11.765315586691775,1936.0356652978091,0.0,0.0,0.0,0.0,54.289596871150714,1972.2884808495824,0.0,0.05706081600726787,0.06019476640810728,0.0,0,0
1753608716726,10322.067535195729,11767.764617714338,9546.915513793125,11227.162809740139,78.53624279279869,1753612316726,54.449738320310914,0.0,0.0,75.45988088582214,71.06859163755233,0.0,0.0,4.961782084003078,10.811316524744088,1956.379482342338,0.0,0.0,0.0,0.0,59.01753060574006,1996.7144532466089,0.0,-0.010415489562824676,0.049152318884022383,0.0,0,0
1753612316726,10559.744661333674,11113.96588711924,9546.247600130851,11480.761174388852,356.4047358496647,1753615916726,58.31421644570807,0.0,0.0,84.34296077308612,79.80063299359098,0.0,0.0,4.654173550399757,10.143526141238683,1936.7034628614058,0.0,0.0,0.0,0.0,60.78092556384924,1962.99186820529,0.0,0.022587929733120404,0.072850497742315,0.0,0,0
1753615916726,10857.93491399733,11643.907957067764,9089.473122810386,10655.692597755933,747.6518245649778,1753619516726,44.952029040450554,0.0,0.0,55.44234034182344,71.74839400024389,-89.65895218357606,0.0,6.136452746569419,9.209165228478392,1980.8271322468322,11707.995619918358,10373.250190204868,11040.622905061613,0.0,42.34401924022781,2058.3496749179612,342.3549791076591,-0.07186532008639568,-0.004250246682785397,1.279278665465042,0,0
1753619516726,10666.92744745868,11834.324795749399,9417.984085506914,10725.664583052056,550.6905446947947,1753623116726,46.08044252104867,0.0,0.0,57.89332907795712,65.89287673095556,-7.651342763124388,0.0,6.286058953527188,8.419139156838499,2011.9352449608075,11706.80988858297,10376.884856616574,11041.847372599772,0.0,43.64080503625345,2089.1049128936297,341.11857317341935,0.00656662949444109,0.0022884730164298706,0.4966325424113683,0,0
1753623116726,10435.396323399751,11577.353401219667,9853.284798567202,10711.798149881502,816.7933695743475,1753626716726,45.879730649874176,0.0,0.0,57.15888675399763,56.83151872459273,7.302218541542838,0.0,5.89732096834926,7.898488743446248,1991.3733419387831,11697.386510461163,10399.481709473634,11048.434109967398,0.0,41.5498262689497,2051.5447172562203,332.90555722014864,-0.0012928274106636106,0.000992687005122006,1.3356635435135136,0,0
1753626716726,10953.120114394138,11646.40737522809,9856.153621994661,11292.539767621336,959.592147609234,1753630316726,54.76608225879725,0.0,0.0,77.61998043610194,64.22406542268557,103.15151534252142,0.0,5.765363221733788,7.387599667929978,1977.0076570312578,11720.806493528526,10407.870385183953,11064.33843935624,0.0,49.33812302653432,2051.6838484879067,336.76100620811474,0.05421513826287483,0.05526164393123123,1.7636309382922766,0,0
1753630316726,10719.245200575831,11458.363479426305,9099.237664919681,10686.907296450117,792.6624767516171,1753633916726,46.239291596433986,0.0,0.0,56.28191484716375,63.68692734575444,-129.29408061776195,0.0,5.280643536075858,9.463985704567426,2004.3018111366412,11703.79064363478,10442.58004124926,11073.18534244202,0.0,45.14993997769142,2062.279513064982,323.4936938669548,-0.053631201096827286,-0.001333305504213178,1.1678494541383528,0,0
1753633916726,10930.16520286255,11528.707319884052,9090.720882747832,10566.659829823306,603.8030788437534,1753637516726,44.74953963723668,0.0,0.0,52.045272243069995,61.98238917544523,-141.48609851027672,0.0,5.075694376476241,8.654224429495745,2035.2792844223254,11705.733044078903,10438.827008344831,11072.280026211867,0.0,50.15554167926572,2137.8869649059607,324.9545416972942,-0.011251848948549803,-0.012570152300627302,0.46447886884944434,0,0
1753637516726,10527.587973272166,11034.376858351725,9262.695477001935,11498.560806585629,493.3415880523805,1753641116726,56.457785233926415,27.665894409226894,0.0,86.71307172155791,65.01341960393056,-44.117046815958794,0.0,4.757150790171403,8.111097227189216,2016.450862774287,11734.638914409788,10429.01463171621,11081.826773063,0.0,52.243779168420524,2113.7268021802875,334.8855625000795,0.08819257852250795,0.07451383207806761,0.06020685768777356,0,0
1753641116726,10258.90427479314,11638.963021973284,9874.766062553994,10524.81721144515,40.069086348266666,1753644716726,45.58708993037799,-12.442312411816602,0.0,52.29222776536732,63.68352390999841,-5.8617690628604,0.0,6.618125331212552,7.599636432857679,1998.4327268203585,11734.02098107845,10354.966951706105,11044.493966392278,0.0,42.823565248416244,2104.8298177056236,353.71989512295795,-0.0846839540634321,-0.016480247918153834,-1.3606143042499628,0,0
1753644716726,10052.826686364722,11081.447212891158,9128.9025850735,11335.244060158866,984.3219788140412,1753648316726,53.595518397685915,20.92510678432336,0.0,81.81756994336423,73.60762314342982,-76.7523072045373,25.757435499314663,6.155494797195975,9.73868015993772,1995.1550054630227,11722.272852172162,10358.725604587791,11040.499228379977,0.0,50.27894214546446,2086.7436443557403,349.7424895167148,0.07700151294147162,0.0592522609999695,1.585465608537628,0,0
1753648316726,10726.08485148385,11435.014594340224,9719.996802627446,10865.366841550653,383.48112257504255,1753651916726,49.08478182625402,9.3461259603082,0.0,64.69907777707901,66.26962516193686,-4.876605940813234,24.836480834130317,7.052358931626286,9.13466964944151,1975.1452044808623,11685.993771186859,10346.089826137082,11016.04179866197,0.0,48.92578543394689,2077.5216819034945,343.6781103736415,-0.04145276591438718,0.015343324980452433,-0.41365248255260656,0,0
1753651916726,10121.302998005534,11292.655097667408,9101.165619613103,11341.615459757815,152.2282139168668,1753655516726,53.368603947656744,38.15910909237391,0.0,82.04969176115729,76.18877982720018,-45.81410837762828,24.787905067036444,6.497778267268997,10.63690412876826,1990.5983668789652,11705.284214574294,10342.64337240145,11023.963793487872,0.0,54.435447131545615,2089.599383977144,349.51000143410533,0.043831802934248154,0.05984765351159993,-1.1619621412138426,0,0
1753655516726,10302.775128271967,11545.427950211713,9623.137853747825,11054.620491211144,666.7088553964568,1753659116726,50.60544235716823,37.40433645887606,0.0,71.59393666968545,72.78090206930726,21.97107620349673,24.264506943427822,6.95773187043611,9.901390496053905,1985.7192047064595,11695.12415353701,10403.03219682978,11049.078175183395,0.0,47.776255691404344,2035.7996285983438,331.41459412124175,-0.02530459347391767,0.033028639495203294,0.4708486740804078,0,0
1753659116726,10532.470907883897,11133.416335523207,9356.067299119144,11401.63122948636,284.28828909545933,1753662716726,53.72518283033332,64.06849842941119,0.0,84.23617674758586,79.29326839280952,-22.84118907448054,24.11937441342252,6.50953972480228,10.231521536292657,1970.8356212562883,11711.647582468886,10398.387029047874,11055.01730575838,0.0,51.28943024843368,2004.1210523471186,336.8442246143321,0.031390560946990664,0.06545598796326435,-0.7265385745678166,0,0
1753662716726,10564.416587779748,11691.643401973319,9788.913962965868,11426.192986414626,585.7782709310476,1753666316726,53.9469000550969,86.18844071480089,0.0,85.13100677320858,80.32037339682664,159.18864933089597,22.979158631347076,8.087713976279327,9.5242042812159,1965.9708939528002,11723.713137552259,10394.389691521908,11059.051414537083,0.0,49.58257543147971,2019.9649258755587,340.96426963659457,0.0021542318317351317,0.06775122716784754,0.24225635163698958,0,0
1753666316726,10600.583196987136,11795.01153692847,9233.690448825364,10509.098181280777,586.7679078445913,1753669916726,45.23237703907726,29.378115420997347,40.65202407346372,51.69759715720798,73.6882602260008,-75.15201513532841,22.640744945396584,7.351010461471062,10.631214030937423,2008.4959078206791,11715.613435435062,10323.490997189987,11019.552216312524,0.0,48.894181123374715,2020.4568011502538,357.07187127286244,-0.08026249917398076,-0.017949154820728785,0.18423033413126155,0,0
1753669916726,10166.2553303497,11163.354449743156,9639.20182938996,10575.412175992788,445.72982090286916,1753673516726,45.91275096343685,-10.176186760039855,30.486381906763004,54.90132101553988,63.90997498198548,-99.02378232003208,22.32650366558541,6.945572753531961,10.044859940992254,1973.899958715859,11720.431435751749,10275.366310941778,10997.898873346763,0.0,48.86596162808892,1956.729080443876,370.6513838520653,0.006310150839596407,-0.011752265855494493,-0.3039398991068403,0,0
1753673516726,10379.737404821648,11104.313087351882,9235.682534575884,10750.358729570855,836.1186155450426,1753677116726,47.756660388641585,-27.09420628299995,18.970264268810414,61.370542558261725,55.98982024366986,-129.31273366464833,22.52942428000686,6.474120670574737,10.82881949614025,1966.3807154344402,11720.062779241547,10277.480656544114,10998.77171789283,0.0,50.28412944222675,1967.0549340241284,370.0145072481535,0.016542764543514776,0.004596083721120081,1.0867375197173732,0,0
1753677116726,10617.194227116966,11145.51548278736,9713.660283112155,11169.3154163635,264.967061555443,1753680716726,51.978742167125645,-6.619252760172458,13.85236086301384,76.86283759485363,64.37823372288507,24.538269926281686,22.635336185632436,6.283351265817802,10.254436426963585,1928.2003214516376,11698.312354904585,10281.629624948553,10989.970989926569,0.0,49.069858418060164,1941.455037341398,363.3714531769464,0.038971414566867146,0.043746614172067044,-0.9513291220794693,0,0
1753680716726,10969.818864633784,11877.127561898502,9873.67803456075,11388.272196511505,448.6325916177342,1753684316726,54.06796770747327,26.96444830524524,16.474778351460124,82.45570651818831,73.56302889043455,190.07686770982764,21.404884116257755,8.520991361207733,9.495504946258311,1933.5752647292175,11720.497708070216,10275.555210460061,10998.026459265138,0.0,55.622360922510204,1916.0495882579073,370.61993063896824,0.01960341990407244,0.06420761732313607,-0.3896067148358699,0,0
1753684316726,10727.63113769969,11528.189261756355,9126.80179912676,10959.941951293962,537.6921285909715,1753687916726,49.52843233852691,18.80038315902857,16.939899312973814,66.95971956123297,75.42608789142497,-41.49890046518143,21.218856142021018,7.777932125848412,11.379652354919207,1966.9904217221015,11659.688707082756,10284.282289138033,10971.985498110394,0.0,53.00428008498122,1913.4353757931483,352.78430253256766,-0.03761152155712877,0.024181149582926276,-0.08342278232349841,0,0
1753687916726,10922.603757093957,11467.260996007502,9866.595688595504,11106.973116274265,663.6247207672997,1753691516726,51.04778654374209,23.918768263310994,18.335673103041252,72.25630388181104,73.8905766537441,77.33425771874353,21.04611588022976,7.319735709206808,10.70927932423627,1940.8243421285229,11668.741821689975,10320.35722638265,10994.549524036313,0.0,46.60109278811825,1901.2199419404492,345.8533512676043,0.013415323332341522,0.03792087085547058,0.42881144632403395,0,0
1753691516726,10762.212058314177,11106.711819102355,9593.575254414298,10688.499852795561,783.9718505055895,1753695116726,46.73554980717782,-5.726162069395286,13.523306068553945,57.18141192799045,65.46581179034482,-75.6110624673511,21.214116522050322,6.905524833167975,11.12412475716556,1910.2938792521975,11670.035291704131,10315.347283342842,10992.691287523487,0.0,51.57229211045003,1883.3057206862115,347.47014260200814,-0.037676625224341675,-0.0011844848082732673,0.8403857069331037,0,0
1753695116726,10591.7169688924,11649.556006756962,9127.110490867024,11304.966833881685,394.80728287825605,1753698716726,53.03019460044776,20.289861512355856,14.876617157314328,79.38874019483971,69.60881866821374,26.08519594928405,20.417041078785036,8.253139352969612,10.098397447201465,1954.018996154893,11699.84468224975,10344.854761197239,11022.349721723494,0.0,49.69790827591194,1924.0129269770885,347.5475815733625,0.05767572527260567,0.056422924443940925,-0.5919988810914235,0,0
1753698716726,10192.023369136345,11867.99959189509,9427.541855359712,11467.32811135347,646.046944096596,1753702316726,54.55351548649765,53.3934592563528,22.579985577122024,85.23756956813136,73.9359072303205,126.91875999192979,19.32502373238585,8.314301680769953,9.213254681077812,1988.764620467785,11726.570650637415,10335.607627182788,11031.089138910102,0.0,56.3987408655336,1975.8300658929886,356.7744876538404,0.014361941955033375,0.07159520916477136,0.4915204207853546,0,0
1753702316726,10666.685651892512,11828.185869323454,9160.860293485099,10768.598932914598,150.61095306851914,1753705916726,47.42511442304715,22.98177420303182,22.660343302303982,59.694642576930825,74.7736507799673,-26.50752915646968,18.68764015996783,7.53674167145398,9.286652920624485,2037.2332601371115,11723.443864959201,10346.903576507448,11035.173720733324,0.0,44.18402395380746,2009.8183585918493,353.07513418113825,-0.0609321693470235,0.006300588408484353,-1.4308768743930516,0,0
1753705916726,10623.379565959907,11626.0547089808,9700.34788886657,10994.825951600546,932.6481005424786,1753709516726,49.71608112652823,16.93965464955909,21.516205571755005,67.92010523841421,70.95077246115879,54.50119977685564,18.09578398557967,7.025875209943805,8.657171412083233,2029.2670858497627,11711.033754953454,10402.13029869092,11056.582026822187,0.0,49.38552023711405,2010.0624102811594,335.72665277369913,0.02100802714403982,0.027440978484833067,1.6062126644729797,0,0
1753709516726,10602.469170457267,11075.278716651674,9758.86813441795,10586.116110506373,383.05880642100357,1753713116726,45.830546503462884,-20.590878246279317,13.094788808148142,53.059689551427354,60.2248124555908,-84.60232326404638,17.546203252219232,6.691940390175925,8.24570225147217,1978.348764162903,11663.018147191064,10358.901436845385,11010.959792018224,0.0,41.724287481689046,1977.1382349832782,334.4988783517928,-0.03717292505523251,-0.010752008007058333,-0.4786961010162386,0,0
1753713116726,10489.785867988241,11112.397027176014,9105.7965202728,11059.136656462968,729.5214219764384,1753716716726,50.63881857945981,-12.026655302079234,8.070499986102668,70.48382552826715,63.82120677270291,-94.89604024999377,17.965747127985207,6.207611847842105,10.004446275396916,1980.366745787211,11650.47459437714,10424.876934161091,11037.675764269115,0.0,46.58591526633667,1984.5575969758327,314.35916693697055,0.044683105779194765,0.0334506646610182,0.7708335444953227,0,0
1753716716726,10528.656603989275,11049.308987109825,9506.139852694645,11002.783441846681,20.341081882177647,1753720316726,50.06862331812395,-9.67515125191494,4.521369738499146,68.45039055532975,63.997968545008085,-54.092966715722405,18.355323584053615,5.854454104384589,9.435282520032715,1949.8403213572903,11618.50668324717,10423.598783459847,11021.052733353508,0.0,55.46731714188191,1912.5344338090622,306.4874094793326,-0.005095625125796199,0.02818458748790076,-1.933861012542931,0,0
1753720316726,10334.442527118104,11257.47921649247,9814.625056025918,10644.436484155078,205.187142904807,1753723916726,46.48423205927443,-36.30862873500155,-3.6446299562009927,55.51989065080043,64.81803557813244,-28.573843544955146,18.26769539490595,6.316177097361302,8.927131646325414,1913.627024150809,11626.43420030119,10393.578230666268,11010.006215483729,0.0,50.71796967633548,1906.7274009600162,316.22088402109586,-0.032568754950561773,-0.005302104385937145,-1.110751598529197,0,0
1753723916726,10519.312692642303,11135.661467160378,9936.163041550997,10942.066213118074,487.082544323578,1753727516726,49.70480769324231,-33.01899734453036,-9.519503433866866,66.2594856141074,63.40992227341254,12.607819213614546,18.186326362125975,6.0256391796239575,8.516492394146418,1862.617838540707,11587.78898524141,10392.268521062071,10990.02875315174,11003.244143411872,51.94445553653398,1858.9322490195434,306.6445289306989,0.027961060165659024,0.02251070331998206,-0.0649131718304016,0,1
1753727516726,10197.555905678479,11260.048040252434,9513.51786674177,10834.104652086564,878.2524677323465,1753731116726,48.56314945433874,-38.67768420243374,-15.351139587580242,62.36382827797845,61.3810681809621,-42.61210315893686,18.745120403359987,5.620256010109026,9.571563685223364,1854.3258624671325,11579.718425661289,10378.287496729732,10979.00296119551,11005.902731807822,46.37107644161197,1881.4090328649338,308.16053115233376,-0.009866652141263699,0.01242194589960488,1.447079617856883,0,1
1753731116726,10805.174397360377,11385.058055718962,9950.279223611407,11021.83087530519,527.2551499506772,1753734716726,50.68426205627342,-27.6950457380226,-17.819920817668716,69.36616553348011,65.99649314185534,61.07549642627358,18.966899795482785,5.7939837524451505,9.03387579195828,1824.3582174414482,11529.276065049467,10390.74982192344,10960.012943486454,11014.738081263347,46.00597352385416,1840.789697491348,292.02581968203594,0.017327340767607557,0.02996452595681176,0.007509618868146007,0,1
1753734716726,10185.776954698707,11942.982784071135,9535.688970456029,11085.654335428799,929.870482293879,1753738316726,51.417773436107424,-13.683471253332755,-16.992630904801526,69.78244045582781,67.1708114224288,96.20362735705825,17.981077237766005,7.395759106708113,8.201412933782304,1865.9964743109954,11474.580989499274,10411.39103237505,10942.986010937162,11016.962104375032,51.48847430089808,1841.211579704599,272.70247004094966,0.005790640488469778,0.03592868024250495,1.4761823388261708,0,1
1753738316726,10084.966289889466,11610.376059781693,9394.190494599909,10508.49557860721,483.79689658279636,1753741916726,44.91220401968489,-48.59095935219739,-23.3122965942807,49.43979449754282,62.8628001622836,-56.37355266963315,17.309870511259454,6.776649582433998,8.049339638614175,1891.0099808017658,11474.649284010276,10411.26247759669,10942.955880803484,11016.932631252486,43.568890178194984,1885.1773124024407,272.7529608183265,-0.0520635714733626,-0.018005466642606938,-0.20448238689858783,0,1
1753741916726,10436.246026357157,11834.973785682962,9848.203128552896,11261.005982949555,490.4490967359499,1753745516726,53.2224101058878,-15.357067808590728,-21.721250837142705,75.96291756296004,65.06171750544357,132.4227029599018,16.236399281383136,7.115233197134338,7.447447748285696,1897.85002911093,11498.014780450309,10456.456361852333,10977.235571151321,11030.457427822952,55.73995631650829,1918.9896549217337,267.1540974783926,0.07160971793852933,0.052314884908293724,-0.18810831548800358,0,1
1753745516726,10658.307439506061,11710.351500712331,9492.982710458089,11213.01429186174,119.74678850053189,1753749116726,52.67663633489251,7.0274937163885625,-15.971501926436451,74.2713934039658,66.5580351548229,53.50567735947618,15.867599829444842,6.52849273202044,8.15435482925734,1920.6727977640237,11519.881759991476,10480.854938540258,11000.368349265867,11028.565196268926,48.95947149016172,1897.1984602334694,266.50475651119916,-0.004261758777189151,0.04783017271116896,-1.4330790461468286,0,1
1753749116726,10437.716824933541,11112.503130526631,9471.902510564523,10866.286386206522,802.6562441522198,1753752716726,48.784339286308445,-3.1740359526775137,-13.412008731684663,62.05055651076058,70.76162249256215,-77.54308738225161,15.561457910700028,6.102925319245876,7.701726685928826,1907.8470108735378,11501.80463499146,10468.629160524577,10985.216897758019,11020.461457095866,43.4710772316909,1847.2451777164583,265.0039176770824,-0.030921917749348493,0.015429254295308503,1.0078283302794016,0,1
1753752716726,10276.75413195131,11735.920406373949,9490.31248940983,10552.935935568818,246.9654124670625,1753756316726,45.511425321321205,-36.12713319780232,-17.955033624908197,51.006147666830785,62.4426991938524,-26.029528126081573,14.850343403889227,7.901123815376564,7.062296213165661,1931.972789880008,11458.005888152162,10428.894281269604,10943.450084710883,11003.217399399144,47.44325943688097,1817.12248779687,263.9615576352679,-0.028836940192876415,-0.01385261838090246,-0.9892325300595215,0,1
1753756316726,10558.171183890441,11275.098881559124,9846.785001869745,11254.93253978505,899.612489372315,1753759916726,53.10234897373214,-5.533652546986559,-15.47075740932387,75.74885184432885,62.93518534064009,58.930980413751435,14.190022790422052,7.4759689766084865,6.682278195729017,1895.99715343782,11490.409486284803,10425.989741986072,10958.199614135438,11001.22574147663,52.771037234929004,1781.5944206236666,273.0179037956286,0.06652145038141888,0.0517473357342384,1.246814666809076,0,1
1753759916726,10347.0023354122,11639.107846994706,9831.941541688053,11455.175160478133,910.8242203303961,1753763516726,55.026979735175296,34.47243055434774,-5.482119816589548,82.80664086749312,69.85388012621759,131.18039100220733,14.213734248421703,8.341230027104697,6.225807311676983,1889.6520928570224,11547.453339307503,10403.766093383758,10975.60971634563,11006.665733421396,59.6888520631609,1816.6484008431612,293.3495889684136,0.017791543395328624,0.07045954409887534,1.1985594650413378,0,1
1753763516726,10932.867690126634,11340.961973642989,9403.519992440211,10740.151596022015,943.3101118741497,1753767116726,47.526624693621855,8.384462821808484,-2.708803288909942,52.807798696744335,70.45443046952211,-77.04252738416822,13.361119451068108,7.698285540950711,7.355491897512881,1901.2237410842297,11545.272668739339,10411.111938274566,10978.192303506952,11010.422108195824,46.62581292891109,1819.8665909242118,290.90608931048536,-0.06241926067818182,0.003642250770319988,1.2449941719409314,0,1
1753767116726,10922.645139603572,11997.67226326466,9333.299859870525,10823.524613737038,520.23048910309,1753770716726,48.40963264777512,-5.499538550597208,-3.2669503412473953,55.93154890690657,63.84866282371468,19.294192985221027,13.616599806487054,9.34764608220654,6.63972931027773,1955.7343598206514,11504.293233124345,10403.947151875096,10954.12019249972,11001.235628110831,48.114598273853964,1899.2505623260554,282.23281479086535,0.00776274123969567,0.01143326586027582,-0.14735519845404904,0,1
1753770716726,10502.371819972095,11263.551479496778,9491.928024039129,10683.812889481815,677.0937847836443,1753774316726,46.98285265113644,-27.459739412010094,-8.105508155399935,50.68784783579336,53.14239847981477,-76.43336815110695,13.85383156509036,8.738717773731672,6.20720125967742,1942.58358093758,11423.361728141035,10406.527134671242,10914.944431406138,10988.001669683654,50.43411718018019,1922.7340833968483,260.8125701378292,-0.012908154158757457,-0.001622470656744146,0.3590145106034286,0,1
1753774316726,10327.883994018259,11279.13047077427,9572.77250973711,11076.93612334484,778.5158800616636,1753777916726,51.32965774812598,-12.991835511940735,-9.082773626708097,65.44266339244103,57.35402004504701,-5.089343245528562,14.098506420488759,8.243409329283056,5.814332774128415,1925.7103223732645,11438.792495767482,10421.93008608782,10930.36129092765,10983.558749235111,51.45625167089636,1958.9383359274038,260.8197048451196,0.036796154886805876,0.035113983548476835,0.6131726072997411,0,1
1753777916726,10737.132413956639,11930.672255562398,9238.337210627997,10654.841394647456,131.0146186504656,1753781516726,46.8848569052542,-35.179902432053495,-14.302199387777177,51.33498313899678,55.82183145574374,-17.84166595241916,15.248723029187257,9.792832110204946,5.249742946526383,1980.4692311276315,11434.608165434087,10392.115960725905,10913.362063079996,10976.485996421901,48.18737577031075,2026.4958267433851,267.39360856202967,-0.0381057292375111,-0.004329789638582993,-1.4218651776252358,0,1
1753781516726,10036.712943483066,11024.644404636323,9793.955084715592,10856.19394346138,600.9571949974973,1753785116726,49.147061487277824,-36.100493390780684,-18.66185818837788,58.632123391012314,58.46992330748339,-44.26602851653038,16.316781308693006,9.346079943817232,5.010247976333311,1926.9135231842815,11427.0696481825,10426.662261272992,10926.865954727746,10978.951838518142,48.32976125667162,2011.918004444326,256.59908055880777,0.018897751862836376,0.014486138934045156,0.10688932714421658,0,1
1753785116726,10474.76900604365,11696.688987873196,9486.482765732422,11197.013013934264,34.297901303311676,1753788716726,52.81066775465288,-9.222506401740247,-16.773987831050356,70.9836161953101,60.31690757510642,61.1603680033796,18.09353668600215,11.053621125629538,4.604024487405793,1947.1487159668884,11444.749415410597,10422.770129792023,10933.75977260131,10975.985499283051,51.06350092773143,1997.840319339017,262.13215583102664,0.031393974006715064,0.04633489040991323,-1.5730126530476458,0,1
1753788716726,10336.323394270334,11725.326390735878,9334.04554841996,11060.11598300935,497.5660833887259,1753792316726,51.21463554670034,1.0202844293035014,-13.215133378979585,66.02238356811961,65.21270771814736,14.546565458697373,19.369862503529184,10.09953082596344,4.75686071957483,1978.8724392775334,11449.771476469228,10423.481322849664,10936.626399659446,10972.644562748435,55.75178016935608,2010.347124848598,263.23787014295533,-0.012226209861018411,0.03354218045485591,-0.20612143551261722,0,1
1753792316726,10920.535885102554,11836.3785774104,9106.82099296399,10886.462564327936,154.8426816202274,1753795916726,49.18406355656135,-4.819058540097103,-11.53591841120309,61.56115984406385,66.18905320249787,-35.953534997835135,20.01003203787382,9.130725430491788,5.099098215072967,2032.4928067895962,11444.87324315204,10452.582164184132,10948.727703668086,10960.758590547217,45.55844815299572,2063.4033339426223,254.51729149707333,-0.015700867780064964,0.01731467133441411,-1.346542662487105,0,1
1753795916726,10012.003027272682,11974.439310638476,9238.845160403607,10920.249601807542,182.9229259620847,1753799516726,49.60274398030619,-6.643862052906115,-10.557507139543695,62.729917221059296,63.43782021108094,15.016984507783505,20.785789838076123,8.747575392338018,4.6207023350537,2082.7143313214015,11443.932109902573,10451.34163630255,10947.636873102561,10966.049730628249,46.51649174743818,2100.419431084096,254.59408459989334,0.0031035827551841866,0.02047199160496338,-1.1574111990155287,0,1
1753799516726,10552.81487571835,11975.601919156652,9949.281171755983,11062.11088262323,365.04756669260155,1753803116726,51.41284429718095,3.3187315226750798,-7.782259407099941,67.63716659335005,63.976081219491086,141.79183164393072,21.507721917516392,8.14248380861375,4.298966577696829,2078.6862181842066,11454.8517067928,10463.222662465989,10959.037184629395,10972.778656619674,52.4494679660881,2120.791500091485,254.34748319454985,0.012990662850069556,0.03372859919584248,-0.4982983751661456,0,1
1753803116726,10740.663581066627,11065.276757566464,9305.099686819527,10505.864727887161,432.437166716503,1753806716726,44.642211203220725,-33.28655060101846,-12.883117645883647,48.39556255613456,59.58754879018131,-168.63795390328625,20.674734733902607,7.644545155574107,6.2741264777543675,2055.93556479583,11465.643117782112,10400.834636734873,10933.238877258493,10968.659988179787,49.444938834182075,2086.1178682188292,273.11761266778564,-0.05028390699010632,-0.018251313539134117,-0.2578994076436848,0,1
1753806716726,10485.017987524041,11821.839322752903,9168.859289367036,10578.50986845361,623.1724245321873,1753810316726,45.648888578741584,-55.791514833928886,-21.464797083492698,50.90849503774551,55.64707472907673,-62.05465475158955,20.98955338733854,9.52933669827593,5.707582722718694,2098.581598266547,11456.883256624498,10358.880051194968,10907.881653909733,10954.37939019643,40.63341995959699,2173.5940220542925,281.6318798227019,0.006914722628553971,-0.01146279368130998,0.44879269963398405,0,1
1753810316726,10085.40303016272,11646.309933657381,9460.672791654993,11381.258067763012,74.42841843851566,1753813916726,55.318275798682656,-8.750915187349165,-18.92202070426399,78.67706990551831,59.32704249979948,66.01834498527151,21.281884994100473,8.8225278318221,5.284240552936182,2104.799851390536,11505.325533635574,10397.714023099472,10951.519778367523,10968.26640562269,49.12281989770373,2200.6276532468446,284.09635808259486,0.07588480885226523,0.06355216326353608,-1.3277296415943587,0,1
1753813916726,10972.461390027902,11647.342134373092,9307.087743360249,10577.87898909129,503.6917612374446,1753817516726,46.418011286951895,-35.883238945894846,-22.31426435259016,50.88667173023742,60.157412224500426,-68.18355393048883,21.211443394591647,8.127405951176224,5.3849735859964,2121.6180327921293,11474.857227193941,10359.86963015528,10917.363428674611,10968.490788808049,48.11385125239303,2221.2418834593395,285.98828435127785,-0.07058789756707684,-0.011521747894153389,0.09536085269896047,0,1
1753817516726,10518.010431376098,11128.349926614696,9035.159250271194,11206.803596210506,182.62513025310113,1753821116726,52.81792434249839,-6.561207830449348,-19.163653048162,73.85433387016009,67.80602516863863,-85.6657798836192,20.561715577670185,7.554106615775706,5.921502365365065,2119.5875073315133,11473.894150621547,10360.211637162547,10917.052893892047,10962.655644600547,53.953576933909865,2180.4431886700086,285.6535374761797,0.05945658933778786,0.0472497976106383,-0.9927985232620704,0,1
1753821116726,10614.186244319011,11650.187166445654,9323.145217279418,11420.038164109053,573.9751750317419,1753824716726,54.789607947866315,33.496830030600904,-8.63155643240942,81.10611844514627,68.61570801518127,66.83722503345837,20.731910509363143,8.712174283767785,5.460364069792494,2134.405681748279,11542.309862551005,10347.171103023347,10944.740482787176,10980.560063653824,57.48079933040257,2220.1159382206215,306.54662375332026,0.019027242341487227,0.06717607330184938,0.3715773596029284,0,1
1753824716726,10236.609782707508,11982.482580601249,9544.108623939468,10770.683604301732,637.4046122611835,1753828316726,48.18588305753254,12.699238626219085,-4.36539742068372,58.88476286842225,71.28173839457621,47.052356622730144,21.31879612120585,9.109250553291021,5.019279892162819,2156.117701384958,11531.797999000904,10379.457733446736,10955.62786622382,10969.268854536682,47.04218010980962,2272.4027950509517,295.5690416736591,-0.05686097983876415,0.0064953961134215366,0.5281067098912391,0,1
1753828316726,10483.498085106803,11911.818569539448,9551.712372019967,10870.491437059514,556.7092565528538,1753831916726,49.199390899258674,4.221987134786104,-2.647920509589755,62.271151858414925,67.4206777239945,53.25445139918764,21.86376133220265,8.401811951712897,4.629474789419432,2170.6883082517093,11496.786982327947,10376.024639847143,10936.405811087545,10969.371346446858,52.22103914503075,2248.672163092743,287.4694753043884,0.009266620060951247,0.015822206542301265,0.3245746118082726,0,1
1753831916726,10429.149491958322,11439.13066080485,9356.55892117689,11068.921405844716,738.2955104783076,1753835516726,51.241399496216346,13.361323366418219,0.55392826561184,69.00370022673326,63.38653831785683,-11.931135641099337,21.905628820361834,7.824369676464587,4.955337424053525,2164.3942676357274,11429.170155108346,10405.0160916034,10917.093123355873,10963.917465368599,52.192258448453806,2309.520907357545,262.6899745890293,0.018254001664425035,0.03436502679128428,1.0783403781370684,0,1
1753835516726,10074.895842001984,11039.947973286095,9447.3027562526,11381.708969638585,335.6092442409013,1753839116726,54.35597912524788,45.321220678275495,9.507386748144572,79.61629778517084,70.29704995677302,-15.160647159756277,21.944505773652505,7.398002711471512,4.685310282523454,2125.624580632612,11492.327363550798,10406.014620522605,10949.170992036701,10970.459234937145,51.91444114094552,2267.478937889784,278.633339485292,0.028258179123822114,0.06359429899776936,-0.40646542377743294,0,1
1753839116726,10106.160353547468,11362.293490000206,9965.517918234766,11441.90558726042,765.1065916331308,1753842716726,54.95236520196571,74.64655450009559,22.535220298534774,81.65871427210222,76.75957076133545,129.44314254180804,22.468286647242145,8.146990162083378,4.456895384963325,2074.9507571162694,11560.258091731104,10399.921989694636,10980.09004071287,10971.264722092626,54.02133029392931,2197.829667110348,297.6199304580714,0.005288890954988634,0.06921953326551611,1.325683184206714,1,0
1753842716726,10837.472519618774,11826.390311600555,9377.34847723031,11239.563248111268,432.76708170819364,1753846316726,52.47060927433316,80.6303011862019,34.154236476068206,74.79342273564588,78.68947826430633,68.11354022692144,21.592760052318745,7.468879514571681,6.084913339373493,2101.671548348696,11581.824961996195,10433.93015529249,11007.877558644343,10967.53212732656,53.69681261866129,2177.7928278191935,294.42880553724336,-0.017684321689775406,0.050311111082257165,0.011375159182989668,1,0
1753846316726,10239.81995220659,11701.499101465166,9258.226813259984,10586.619760854694,484.1844983225968,1753849916726,45.352744074245415,32.312898025948016,33.785968786044165,52.6396440668001,69.69726035818275,-74.49896013648333,20.534431269878144,6.855793449259171,5.985637888182991,2126.071601195588,11584.6514625583,10382.072018481369,10983.361740519835,10969.082558918039,46.90791530445144,2156.9126948170733,308.45511907138274,-0.05809331491295244,-0.01070494305041736,0.30850345506090193,1,0
1753849916726,10194.95827149863,11459.343655593957,9243.46704406676,11169.15415553485,648.1021272610714,1753853516726,51.653971019108894,40.559124777715624,35.14059998437846,72.4045062617776,66.61252435474121,-23.266498153671414,19.520111818305114,6.3469442852203795,5.590811720521509,2132.4862447907026,11595.782410444775,10422.372346683635,11009.077378564205,10980.957398508877,50.91716139249605,2170.4523993975395,300.9733308844477,0.05502553296890356,0.04373154472173524,0.9475789921390442,1,0
1753853516726,10504.91145125014,11055.10153515883,9457.764612704133,10910.303721872662,18.35838399922396,1753857116726,48.95283403312888,25.90859405145966,33.2941987977947,63.62194647275028,62.888698933776006,-90.26765919035907,18.578243756130156,5.977908415002565,5.265740319893171,2102.4079089364177,11596.137292348876,10427.428442620663,11011.78286748477,10984.156298354916,53.65137177077913,2166.967575974952,299.7674949278716,-0.023175473277348924,0.01954257219831046,-1.6811654748457705,1,0
1753857116726,10768.747131362514,11426.894727823303,9759.520148716943,10970.700999491062,653.9942214202483,1753860716726,49.614895344569426,18.953019827495154,30.425963003734793,65.6711711708643,67.23254130179741,26.016458185024632,18.42573635384162,6.916292902833508,4.962969191031327,2071.334099662842,11578.769458634884,10422.165074890338,11000.467266762611,10980.184010017467,53.548643080579325,2096.567186383559,296.662764912174,0.005535801675009111,0.025186557677228993,0.9489806764598493,1,0
1753860716726,10061.946518578989,11469.024939717883,9205.988184188473,10549.148390345177,618.5851490721153,1753864316726,45.20773895262728,-20.340621332004957,20.272646136586843,51.36827454571942,60.22046406311134,-108.29364389729936,17.162063619834765,6.380094804621366,6.47448833241547,2085.0271465104543,11584.712867166025,10365.124907092777,10974.9188871294,10963.40153389414,41.91299821317422,2102.095730206918,312.8177113747113,-0.03842531203479538,-0.014206555695396306,0.7516773122645515,1,0
1753864316726,10576.807919638255,11928.555532894135,9709.296127140768,10691.062139346359,309.8471167532799,1753867916726,46.91719378822784,-39.57368076648345,8.303380755972785,56.18327897841223,57.74090823166534,51.52132951381712,16.722143966464575,7.464302700159778,5.984505037464376,2094.6151650278052,11586.451458239117,10343.846273521529,10965.148865880323,10958.023937655189,51.262283445404776,2093.4532312598126,318.7215049272548,0.013452626103076293,-0.0009450450743027083,-0.6764705353606877,1,0
1753867916726,10119.210442840573,11641.08610358216,9021.149823349417,11290.513607533649,85.79428489948948,1753871516726,53.514546714628935,-6.371844618823161,5.368335681013596,76.633190870797,61.39491479830957,-1.801594235173219,15.995982103850926,6.809158902833213,7.7645965117843705,2132.1381018281577,11620.384306371701,10346.939825961554,10983.662066166627,10961.694747480378,50.93976009434699,2131.077917251901,326.63161737078445,0.056070338042571555,0.055072303971487324,-1.6295594673214973,1,0
1753871516726,10036.46105082562,11311.65291665465,9418.932977983946,10953.95883304786,90.93544991304114,1753875116726,49.774242599909726,-7.134070734266061,2.8678543979576645,65.26821428511545,66.0282280447749,-35.295616867252576,15.321688945709681,6.373913804982171,7.268279328300918,2115.036804459768,11614.056206029249,10342.45272134647,10978.25446368786,10967.003927085421,44.90859286176125,2100.05491650222,326.1594119301442,-0.029808632820850667,0.023622041062952404,-1.4578992782055415,1,0
1753875116726,10052.743952162218,11525.318264450721,9775.865065202786,10801.66224163115,923.2237469852286,1753878716726,48.13473746179834,-19.798972325368595,-1.6655109467075873,61.24059027732147,67.71399847774465,25.777566527436687,14.28537582275589,6.723228058528968,6.833485518300381,2088.92368980178,11597.176314984024,10388.912363766094,10993.04433937506,10956.937835240411,50.37963466352732,2050.84629097266,309.91316438861713,-0.013903337938173999,0.009390277905090727,1.758897477060464,1,0
1753878716726,10834.16410820844,11066.05530782216,9338.73295577443,10884.019073964959,689.2793212258372,1753882316726,49.11091078280273,-22.926210909145084,-5.917650939195086,64.07324731116579,63.52735062453425,-115.61254938550188,14.075035296026968,6.321155908063939,7.938260488665501,2063.095022819348,11584.559004659963,10432.080594641286,11008.319799650624,10945.271654492642,50.16648956223067,2005.6474448675347,295.6044749811699,0.007624459133372508,0.017086332828601503,0.8443015767895476,1,0
1753882316726,10117.972483628062,11972.568235649736,9563.7371014454,11354.39951332568,127.10261377074039,1753885916726,54.390934029169344,12.40816668401385,-2.2524874145532987,79.05519868861089,68.12301209236607,153.44995501766144,13.783522777151822,8.901624893089984,7.284051090130333,2087.790459346847,11579.8486296977,10434.105114159816,11006.976871928759,10956.987666100864,53.29304705845676,2028.9516873372756,293.87701099595233,0.043217531700756595,0.06104229366002789,-1.3120900322516122,1,0
1753885916726,10045.151364412292,11360.059901930726,9204.97923282591,11248.999017404956,356.72316930890634,1753889516726,53.062389713452355,31.542375474902656,4.506485163337892,75.484017608983,72.8708212029199,-28.70906853488784,12.919651006204678,8.246808976839453,7.972808069162952,2092.5969029009875,11586.9466131921,10494.119133496784,11040.532873344442,10962.071127416952,48.392240885589466,2067.056117302469,280.30433418279273,-0.009282789089552823,0.051192861832886516,-0.4005029296281831,1,0
1753889516726,10437.899887142912,11477.867354913136,9741.995391126173,10772.315397181083,592.4829939015964,1753893116726,47.4209257901277,8.14806364962169,5.234800860594651,59.333016509401546,71.29074426899848,-3.7466469942922105,12.300097735215642,8.159224610476048,7.494578949203314,2067.1165501071287,11571.564383660454,10466.05254312549,11018.808463392972,10965.795113150445,42.63159645200319,2089.890468186979,283.55780409067205,-0.042375647778644776,0.0066478833724306075,0.434577719421256,1,0
1753893116726,10843.993471942025,11355.283974236923,9052.27910326876,10617.501840212373,835.5717050906487,1753896716726,45.72079539872817,-22.623467979081397,-0.3368529073405586,54.08762140298394,62.96821850712285,-160.0175727422097,12.167141622652563,7.5151663466303145,9.26700936303578,2083.965715882917,11525.591885256807,10431.771409139466,10978.681647198136,10956.962416825434,43.08225690517782,2079.4592565154016,280.55903239096693,-0.014371428171256584,-0.0078190843772038,1.2810314348191882,1,0
1753896716726,10262.408376489302,11682.5117301162,9852.5426448755,10751.998221644071,43.66092871300853,1753900316726,47.48238010969614,-35.745344463095535,-7.4185512184915545,58.64462968317802,57.35508919852118,59.900106128393226,11.514046339260043,8.171088026707778,8.680652238886022,2065.823099408473,11526.137526565917,10429.357229564592,10977.747378065254,10951.946712421379,52.0788292632168,2035.6518848750816,281.3182104292214,0.012667422474306633,0.004749290451934618,-1.4963513220778089,1,0
1753900316726,10421.712617525916,11662.232158329592,9198.196386421669,11420.756451054734,236.63313147000886,1753903916726,55.25790316542787,7.7295722555572866,-4.3889265236817865,81.3035053825214,64.67858548956113,59.75051483427112,11.782614804707245,7.484388329286467,10.182889149186822,2094.2668617298623,11583.75391264159,10426.767344888442,11005.260628765016,10967.473111759375,53.095571933653915,2053.377539187991,296.7607930420089,0.062198506326427205,0.06724319555058256,-0.7452205221835824,1,0
1753903916726,10039.92253256375,11715.322310529136,9874.398031708331,11081.588837849755,889.74899029538,1753907516726,51.123832459963616,14.6469245030421,-0.5817563183370087,69.81182355958954,69.91998620842965,111.87730533421288,11.942111111771295,7.193014814196667,9.53795435610479,2076.170962950644,11584.692354755382,10427.09564597515,11005.894000365266,10970.263564254006,52.06655251875345,2062.63002033014,296.9172909133851,-0.02969747360067876,0.03554876892521519,1.465840337136255,1,0
1753907516726,10449.078514134875,11268.14322961192,9352.529241300517,11033.480208744782,9.165550183816485,1753911116726,50.54618197094318,16.061860557478212,2.7469670568260356,68.18180631417036,73.09904508542711,-49.97453295629216,12.72646796584861,6.7163276854102225,10.711275919239476,2064.7026076192697,11541.383750507164,10435.581374133992,10988.482562320578,10974.251075387174,50.7596829258285,2080.361406701929,283.6323249607989,-0.0043413115040557,0.031053129141669356,-1.387295847090687,1,0
1753911116726,10577.613080637133,11315.668481164066,9722.683574474486,11096.393599692461,201.3991027938874,1753914716726,51.32080416007557,22.006119586752902,6.598797562811409,70.31343870778424,69.4356895271814,33.37038005613041,13.366491073935592,6.507195702631575,10.111190456051117,2031.008486124292,11486.683838321493,10455.730087562864,10971.206962942179,10975.742329874916,57.251554641016064,2032.5005603562263,264.434057569837,0.0057020441200243965,0.03693223957412428,-0.6906075339848574,0,1
1753914716726,10570.907053752144,11125.251231096208,9319.225297786188,10866.028265746516,959.024175972966,1753918316726,48.33532874676654,8.035798801043711,6.88619781045787,62.50819723521379,67.00114741905615,-95.78844647387093,14.431839216968848,6.090587253575273,10.894084192175237,2014.9383037804157,11454.656311264738,10450.404116383146,10952.530213823942,10971.349808481273,52.265375103909385,2002.98388375313,257.58525299562825,-0.02076037875515968,0.015405133537129467,1.5810892040018207,0,1
1753918316726,10332.426692174366,11655.509971846113,9905.911671234648,11307.107020319512,613.4018465221711,1753921916726,53.868809524491844,32.1845843189094,11.945875112148176,77.21248872409907,70.01137488903238,144.8009527120105,14.445295536142194,7.6068377171970685,10.211991054488252,1995.985446411205,11483.838787370365,10493.270366223998,10988.554576797182,10987.32203731552,50.22403097693278,1940.816885208753,254.0754390888359,0.04059245418709523,0.05662291990157664,0.5078495235146996,1,0
1753921916726,10315.533180663135,11039.797127335652,9126.637125518375,11023.28624930025,261.6713666375065,1753925516726,50.146934035979434,28.096823896110436,15.176064868940628,67.493561653756,69.07141587102296,-104.69419843468971,15.337406236063458,7.017164953507296,12.190800829045202,2009.162907010486,11469.944812303322,10492.577550667582,10981.261181485452,10982.567642642533,50.949523975263105,1961.3704535037843,250.68941311875406,-0.02510109531193261,0.030100527280354727,-0.49729062794183937,0,1
1753925516726,10106.623618936597,11597.68233552346,9178.5197892726,10616.747902768795,66.99109439584761,1753929116726,45.31713629091858,-7.856438539030933,10.569564187346316,53.572393984991784,66.09281478761564,-74.83246666174128,15.25846415990995,8.37719290675647,11.157398358946423,2038.4485955276555,11479.922396156417,10453.244384904105,10966.58339053026,10970.642314860674,47.63226750311105,2009.2068354325645,263.3373535266778,-0.03687995914623576,-0.007889538082260672,-1.104423768043853,0,1
1753929116726,10366.798320646269,11869.695884851633,9493.030125158803,10629.065124829063,28.191340447222156,1753932716726,45.488440920567456,-34.95284651003021,1.46508204787101,53.99417489441241,58.35337684438674,12.806269790732754,14.77781577988662,8.629701630466865,10.239094220573326,2062.6069643965966,11483.477353722852,10415.525839871467,10949.50159679716,10965.897889633125,46.675822667974394,2055.588507407215,273.9237835720228,0.001160169024740254,-0.006738522255222978,-1.1033511711666941,0,1
1753932716726,10099.494668872965,11890.832148289634,9081.938439038146,11036.859146502618,244.74507963692727,1753936316726,50.96532918705714,-23.253325709816636,-3.478599503666519,69.91520016562751,59.160589681677244,10.513614340988484,14.822476563007381,7.811415447667305,10.655957179163119,2115.9131604576605,11476.103444059914,10471.670825150148,10973.887134605031,10975.576353851799,45.79110834566392,2084.164405624869,257.63153078240487,0.03836593499845664,0.03136888303640406,-0.40265653997638806,0,1
1753936316726,10766.595944712051,11449.037760369962,9195.980184701762,11436.57021807084,881.4858195889104,1753939916726,55.667099704204716,18.0637441671297,0.829869230492724,83.99670807577057,69.30202771193684,24.51328204254339,14.863947290190946,7.220030661950637,9.849218503538427,2125.709190115556,11534.116198136944,10488.208878945567,11011.162538541255,10979.209107417515,52.30625984166135,2091.1627560936813,268.2695669444429,0.03621601637408611,0.06872095539217327,1.3577225251444833,1,0
1753939916726,10966.274297748187,11459.303688213075,9943.766382212014,10808.352121676198,415.9136542975095,1753943516726,47.89409264389644,0.11454912565386621,0.6868052095249525,61.86507669771324,71.92566164637044,42.493590407706414,14.884554639198338,6.879868880793519,9.337143620070357,2082.125484107378,11500.644516905595,10473.464411591172,10987.054464248384,10966.272646641477,50.42716759172979,2075.424566251831,263.4661379362863,-0.05493063780625407,0.010015431675572062,-0.021838961162509336,1,0
1753943516726,10970.074456666707,11076.969183008017,9976.489661147887,11369.541168859218,720.333369165993,1753947116726,54.064606545670124,30.8177015137353,6.712984470367022,81.44141311885635,75.76773263078006,70.2797698006307,14.903690034705203,6.61108426200498,8.972357512663471,2012.0079153754316,11547.359119906161,10468.30804217174,11007.83358103895,10978.860438098221,58.13107453488659,1989.5298984584,276.77076163741725,0.05192179537318675,0.06245724624279192,0.7853790188633679,1,0
1753947116726,10865.071099375395,11670.765025443035,9376.259329330422,11264.09558657888,918.2850353799578,1753950716726,52.79938345339854,46.11006560723217,14.592400697740054,77.68742335651548,73.66463772436168,49.96310030331361,15.699372213273554,6.077908648201595,10.358475780053933,2032.1863282852303,11572.787399383691,10489.123097188982,11030.955248286336,10987.671857555057,55.57181589572088,2022.7110849492512,277.95402874480953,-0.009274392054549163,0.052603601199939565,1.3731382722625856,1,0
1753950716726,10600.792149339619,11821.259420372846,9923.286021013935,10747.812442906907,408.0404616028166,1753954316726,46.99982959103431,16.380811591468955,14.950082876485835,59.307121461448325,72.81198597894006,71.92541091945795,16.13664050054616,6.201996849273854,9.664174430157626,2022.599690504779,11576.514792163052,10471.775041303816,11024.144916733434,10988.95184862356,42.42683517679376,1982.2780583386073,283.3597672673805,-0.0458344071837532,0.004358139139456485,-0.09749496876895339,1,0
1753954316726,10700.86569724388,11244.655054604713,9544.824675673432,10536.340748316243,191.27737103739705,1753957916726,44.82781714398807,-23.96755179667889,7.16655594185289,51.77847436831867,62.92433972876083,-105.25759378358012,17.007131544815095,5.825398882109481,10.42930136410822,1999.5447396781005,11552.625188178346,10413.85876878758,10983.241978482964,10978.139941122989,43.68231916540829,1972.199922632213,292.08742359411224,-0.019675789442178626,-0.01540340013078978,-0.7642237250618453,1,0
1753957916726,10285.205802680413,11421.300881633364,9269.742465873767,10601.847265142384,517.1179308569194,1753961516726,45.66546014707878,-50.080791834914635,-4.282913613500616,54.11058528481172,55.06539370485957,-98.25951547244172,18.128387936183834,5.380083511319665,10.609399237497236,2010.4028593982075,11529.655684477211,10372.113097262454,10950.884390869833,10977.080058532885,45.01883783130975,1989.0530960213696,296.9034090247459,0.006217198018829251,-0.009281968100736893,0.19802042378502127,0,1
1753961516726,10630.770420172621,11838.83933676527,9702.398721080599,11228.49393384744,908.0836870598545,1753965116726,53.014426247357726,-19.980253713645652,-7.422381633529623,76.41996162899686,60.76967376070908,110.84062353894382,18.308492653212937,6.450399080004378,9.8076657203777,2019.405556275812,11558.442200814403,10388.9444345919,10973.693317703151,10984.526058340609,51.34895744374519,2027.8713609495903,299.9698477390577,0.05910730960682642,0.049276709343798686,1.279219591563165,0,1
1753965116726,10455.649549439877,11877.120467662287,9658.901806574857,10699.669738040646,804.3744141377006,1753968716726,47.21121126740938,-38.3549217603304,-13.60888965888978,57.593183169383515,62.7079100277307,29.94208639637376,18.532912049141007,5.947829742587454,9.196300925170938,2033.6064923337847,11553.568202918828,10402.035222270304,10977.801712594566,10974.579192822735,48.398811480896825,2057.313698647977,295.3619774643695,-0.04709662746601251,-0.00014068494492969208,0.9874478278299565,1,0
1753968716726,10482.017339776932,11243.179980264225,9989.125319108733,10871.270920505394,65.82984336315378,1753972316726,49.156153188444215,-38.624952862277496,-18.612102299567326,63.70239199774024,65.90517893204022,10.643883414510153,18.741301488217072,5.67846713042945,8.779823025398796,1977.9242186781923,11552.480663175364,10415.0500318999,10983.765347537632,10970.802291572658,45.57559822250668,2021.9177244011219,291.7448011717944,0.016037988710497553,0.015895047462009426,-1.175689896383591,1,0
1753972316726,10757.776560375158,11550.570634541364,9265.047287409283,11001.699166006425,692.5728000775819,1753975916726,50.64460783675945,-27.99181288381078,-20.488044416416017,68.34579466803163,63.21378994505179,-31.698755210650052,19.849442090310436,5.214933312329653,10.64925323399152,1999.8955849963272,11495.309525171608,10430.315441398823,10962.812483285215,10973.107023606226,49.77381395403027,2029.4215424247607,273.1652187624102,0.011997515879676568,0.028083264426019605,0.5955930457208349,0,1
1753975916726,10281.918355597252,11192.493150635826,9672.059502661736,11225.468168450163,571.8975224589537,1753979516726,53.177212637259224,-1.4914914762921399,-16.68873382839124,76.31224073563195,69.45347580046794,17.83246386521078,20.878429792254273,4.926807356783558,10.06088017529071,1965.6483037804533,11512.521080317665,10427.491819312812,10970.006449815239,10979.211394939079,56.63208740951151,1965.2266211192768,278.30413329248285,0.02033949475142438,0.04899395858683997,0.2986314990217476,0,1
1753979516726,10318.03961169452,11101.878764139556,9052.023755029448,10613.231223259125,907.4631763464255,1753983116726,46.193058324938484,-29.551548776509662,-19.261296818014927,54.99516881576965,66.5510680731444,-174.27053106913667,22.488251686812614,4.540606494975485,11.508458204013643,1980.4908830404718,11512.206181742205,10385.781819339705,10948.994000540955,10970.233801751796,49.847431885859784,1950.7108106712687,288.9217527715717,-0.054539992096878986,-0.008218163624160058,1.205550364652388,0,1
1753983116726,10924.641791128637,11911.120501391957,9113.64603869672,10906.366405277462,122.48141685029724,1753986716726,49.60578889991806,-27.81515124357793,-20.97206770312753,64.85763913400989,65.38834956180382,0.05076248117145984,22.30541507357327,6.93068103800876,10.38055809821957,2038.846853015812,11498.83596268691,10380.1493189535,10939.492640820205,10978.243835299601,48.714222083192396,1949.8951502029652,286.9370698093193,0.02761978664668363,0.01917463909659678,-1.200786483018431,0,1
1753986716726,10056.224294850972,11820.50750423211,9003.918374951094,10985.072909142695,534.0361132046567,1753990316726,50.51335664302416,-19.859162540566103,-20.749486670615244,68.1464324813571,62.666413477045545,-23.667464835340816,22.26921964446169,6.264930118233776,9.757638409789223,2094.3998727490407,11504.067594275806,10386.822151704218,10945.444872990012,10986.375096113385,45.25085812962528,1990.147404032452,286.5674095110611,0.007216565163916222,0.026529579293048222,0.13015543481293562,0,1
1753990316726,10485.63429841334,11760.034901803174,9999.460681059672,11040.82706397154,879.4626935118923,1753993916726,51.184030866615345,-8.951897928889593,-18.389968922270118,70.06422671801383,67.6894327777936,138.14608581352945,22.235609603143793,5.884429184758173,9.165007613695218,2070.5551833200734,11467.86396664103,10396.397783704197,10932.130875172614,10979.566476037553,52.78013692735805,2007.650040799769,274.82527717112595,0.0050754469533325075,0.031739675718776894,1.161142471873542,0,1
1753993916726,10912.800800407862,11048.766318813141,9802.273697147477,11318.360641395217,410.023786741743,1753997516726,54.49038778546529,21.835126366806435,-10.344949864454808,79.61064163356176,72.60710027764422,30.432682615752867,22.463682035726315,5.623991280860071,9.459520803361738,2011.69357177333,11507.520022076074,10386.24916747865,10946.884594777363,10994.376109083632,49.34339198815173,2018.079547928736,287.59990591024444,0.025137027852680127,0.05767454468403499,-0.3299032758686419,0,1
1753997516726,10610.363007818158,11843.728792710257,9786.723014733541,10671.678195043218,481.99491773286707,1754001116726,46.574552779947545,-5.880022698738685,-9.451964431311584,57.36649010139091,69.01378615098884,49.645170574599895,21.17276076759764,8.0320033221477,8.769731242503129,2014.9301579307146,11504.276558647787,10394.985660134382,10949.631109391084,10983.673601060285,43.32649784783694,2001.115268061886,284.52711200996123,-0.05713569896216719,-0.002756429700979335,-0.17805621745920996,0,1
1754001116726,10546.407074212133,11438.044075905384,9509.72607528818,11307.831451826622,70.46067766695829,1754004716726,53.70001512854054,23.220106326061796,-2.9175502798369086,79.24846559245225,72.07519910913497,37.62488588601309,20.37842010944941,7.481259035755936,9.153370601892037,2008.7435752654637,11538.66700643021,10428.471845051712,10983.569425740961,10981.42946681464,56.14264784523699,2003.2827395803356,284.75905054100616,0.059611360571094174,0.05669061634532091,-1.5822046024118734,1,0
1754004716726,10249.744179229356,11342.395123295859,9300.06708290544,11192.878427696653,278.14364044891084,1754008316726,52.341530799995006,36.5846943057677,4.982898637284013,75.2943881279211,70.63644794058808,-40.211431865731896,19.936636296138524,6.938597146844655,9.234053733218959,2011.142465631532,11553.583869466689,10429.156910134636,10991.370389800662,10989.873363282537,57.35710271797459,2027.7468582559884,288.4094296939052,-0.01016578860586037,0.04594852291775808,-0.8889597885239086,1,0
1754008316726,10343.275489064448,11546.476361025376,9151.264284462675,11055.87081419896,324.5066491689473,1754011916726,50.69542414914117,35.709223477449996,11.12816360531721,70.58169160601035,75.04151510879456,-50.05105860399783,19.150849977690182,7.071347798337604,8.459089913893509,2038.5760092694727,11497.526965510324,10447.143873703813,10972.335419607069,10993.580950825326,55.00750368766498,2045.1506911704957,269.41757839743775,-0.012240605880134425,0.03314547927781297,-0.6536096582002111,0,1
1754011916726,10852.048415804693,11091.353242723555,9284.674738846463,11199.527870402571,945.1224487448869,1754015516726,52.38629512656437,46.07619271392832,18.117769427039434,75.52311122376098,73.7997303192308,-72.71892396141325,18.421191253416726,6.620041563079171,7.919215461154903,2022.0119017414456,11520.326939530665,10463.46147455611,10991.894207043388,10996.193080116482,49.64243333590747,2021.5962546128114,271.08027203257626,0.012993735058763,0.0465698979127076,1.356889612302571,0,1
1754015516726,10559.218131768459,11756.6465493524,9375.97122192914,10912.017738951656,282.66736054115904,1754019116726,48.78065990236388,30.73809610011267,20.64183476165408,65.63352945591537,70.5794440952289,10.756819937127782,17.62082197465289,8.391048720993995,7.261553595865634,2047.6307178615752,11468.918505993921,10469.117565102099,10969.01803554801,10986.799255502745,52.78735688262292,2033.2003022082279,256.44353043734435,-0.02567162962384606,0.01970274311802611,-0.7709023847657099,0,1
1754019116726,10514.74219375678,11582.435076888296,9756.310096980294,10638.397585968125,460.868735269652,1754022716726,45.566348551489114,-3.4564715259239165,15.822173504138483,56.22172590448808,65.79278886138815,1.796398426400448,16.877621930086473,7.852362518795783,6.79537840624616,2031.80887943632,11438.166272493796,10437.299998541148,10937.733135517472,10970.729095476898,47.02295366153143,2074.062467833407,256.7167826018866,-0.025075119884273356,-0.005866425411980791,-0.11128000454062006,0,1
1754022716726,10099.579713540028,11186.590096873168,9539.661788903153,11165.765240265368,671.3044235642798,1754026316726,52.115503785359394,11.861517389364963,15.03004228118378,74.36176678781227,65.40567404940525,-8.972921487472076,15.781412503583521,7.391490328980101,7.168620179402413,2004.3174100458696,11460.499516630138,10456.762034140651,10958.630775385394,10969.253135319981,51.90416402486734,2028.4485364646878,257.4532320526663,0.04957209486068015,0.04341485845168358,0.5718965257170523,0,1
1754026316726,10016.028156455122,11188.232199769045,9077.483626555482,11024.672306685623,162.18337240787739,1754029916726,50.3694349808391,12.472340015900045,14.518501828127034,69.50854615012385,66.69734628080806,-126.83353601764563,15.332385782237091,6.837592256839502,8.272280475700533,2011.9196359864193,11446.39827831478,10519.696428292948,10983.047353303864,10978.014186236598,47.62394854342551,2070.6138882675073,237.69400923991634,-0.01263620813654065,0.03023005112752908,-1.177223971981496,1,0
1754029916726,10963.68518868705,11184.248651572674,9018.029008958913,11139.374800542775,486.44238714187446,1754033516726,51.78373092353418,21.958826312862584,16.006566725074144,73.45400604140345,72.44143965977986,-118.08513857554607,15.01124666409771,6.314601006007263,7.849483230763166,2022.9410650312295,11443.086140613535,10576.761319534233,11009.923730073884,10977.418599136758,57.056881072485275,2070.097833209868,222.2076280753519,0.010404163558457302,0.04094873308229774,-0.056920638674894296,1,0
1754033516726,10376.986167286841,11057.002387551935,9102.332179534063,10837.99878102849,738.5390394759075,1754037116726,47.91982276870369,5.099623691818124,13.82517811842294,64.58460728954685,69.1823864936914,-164.31050308700077,14.713046054396855,5.860639971656109,7.285178451542854,2023.9483190296212,11417.554517973547,10563.243426892323,10990.398972432935,10975.972500319873,49.08504439361043,2015.7812730894018,219.12617134889635,-0.027055021032203808,0.012785843215310289,0.8693768426183632,1,0
1754037116726,10603.213062099505,11587.798449371685,9410.49871369738,11406.866577339835,866.855213027066,1754040716726,54.77884825259009,37.212498566927025,18.50264220812376,84.5396804755227,74.19276460215767,103.2371742771592,13.941375418309004,7.275914746259948,6.728394277327817,2034.9019916470986,11467.62411291348,10583.893515882315,11025.758814397897,10984.695811876847,54.990131235300005,1970.1177449746367,226.6721154073161,0.052488269080370076,0.0659452190747849,1.2971467395348468,1,0
1754040716726,10079.715073187284,11840.348177588508,9933.192917049018,11087.369868575577,626.2592746624267,1754044316726,50.73722009582814,36.461167373161516,22.094347241131313,73.23286328986612,74.11905035164521,165.89636856939748,13.662859683736885,7.677124909638493,6.275936806154071,2025.7772251394124,11473.328958453112,10599.798565149697,11036.563761801404,10995.460241441457,50.51829162939196,1980.5878192457785,224.05581835443326,-0.028009156291785686,0.03608899283523748,0.37687140491355176,1,0
1754044316726,10683.114285723046,11017.498213987388,9637.402481209221,10585.402484290873,669.0535153169479,1754047916726,45.10635658205987,-4.585976523563659,16.75828248819232,55.46850675166721,71.08035017235201,-99.66312115603212,12.818656802770954,7.276493194764322,7.0129923168835315,1984.6479510127654,11494.80737862859,10536.690476802665,11015.748927715627,10993.347048340347,42.226479963250235,1995.1217310815425,245.75180001007354,-0.045273801653123114,-0.010818694721369204,0.5430738394469239,1,0
1754047916726,10932.566708705961,11049.004644971274,9801.825899875515,10949.80399070443,126.28347258456895,1754051516726,49.48888401802862,-7.624091868079631,11.88180761693793,68.44636861831289,65.71591288661541,-8.404996907811793,12.094162665616222,7.057455494498134,6.689619659384801,1931.9715791615506,11471.870397416276,10532.061040240404,11001.96571882834,10986.532856003763,53.13757777192577,1937.276943018617,241.05601388737722,0.034424907976275954,0.023233780684700278,-1.3411655424875573,1,0
1754051516726,10575.66525299742,11572.770276686946,9466.374594504548,11256.356054743634,945.7764972463472,1754055116726,52.8958699363207,14.536798276729314,12.412805748896208,79.30807651607888,67.74098396201965,65.1223544536677,12.337083312607321,8.435412049284704,6.171987875484449,1944.4304436630398,11480.657847496135,10587.586073308994,11034.121960402565,10992.580800437681,49.37264488818241,1949.9967774161305,229.0680767935723,0.027996123428277286,0.05188035990473194,1.5588130419787352,1,0
1754055116726,10126.11532237541,11819.495685386053,9361.666083195043,11294.134561732273,132.57407748448236,1754058716726,53.31379381677958,34.74732759979997,16.87971011907696,80.64663905034332,76.13369472824503,85.99406307211582,12.94071901316249,8.577459102173583,5.625044955908287,1981.1018121293234,11509.74240483368,10597.278331616933,11053.510368225307,11002.430246839702,51.25771580198468,1979.6754604018872,234.04209654395606,0.0033561933191263993,0.055410673741164373,-1.316449275828477,1,0
1754058716726,10581.721527473477,11326.738890568633,9108.400372716622,10994.597052763758,774.6729371817983,1754062316726,49.55927527279833,26.29107689417833,18.761983474097235,70.03346984191683,76.66272846944635,-80.25713843090293,12.942534179437638,7.897233963553882,6.084361882574975,1998.0472911095153,11509.951686704697,10598.021464108026,11053.986575406361,11004.641806415675,49.26844775459405,1967.0416347796952,233.9051667490954,-0.026521510553224048,0.02741958841955272,0.8928174976368043,1,0
1754062316726,10766.347213104653,11349.614398807722,9875.933022186206,11394.747570831301,264.8163217783188,1754065916726,54.19952642591416,51.28703488354586,25.26699375598696,84.21154447342067,78.29721778856027,111.8713607433914,12.983132998515002,7.556576905922895,5.757696403811933,1960.592582931801,11551.099498784768,10592.265702713927,11071.682600749347,11005.44876756579,52.19623302741139,1943.2561256900112,245.93567950407882,0.036395196308441013,0.0648127260312199,-0.7870261748562777,1,0
1754065916726,10406.41653657402,11596.346497496776,9783.160029027902,10767.668437194297,933.5931437012516,1754069516726,46.91566469891473,20.262888347095213,24.26617267420861,61.99296832487373,72.07932754673708,35.67866179799238,13.439557519829284,7.958458561421599,5.375299448846374,1950.0635747558774,11526.975966391226,10561.320014687379,11044.147990539303,10995.822155961576,48.49132951532126,1902.7212071932695,247.68552550258343,-0.055032297094691596,0.006213635742061463,1.417189214918861,1,0
1754069516726,10879.837747941468,11274.212889124146,9168.118097597726,10910.598697238267,719.9595393694796,1754073116726,48.610876355786324,7.127148832334569,20.838367905833802,67.05725239425384,71.08725506418274,-84.02993100067842,12.55076320623011,7.348001621152243,7.203009939255114,1961.2086616680592,11512.572226781236,10599.615804516872,11056.094015649054,10998.58782196272,52.92481768507344,1922.7190508802992,234.16838141008756,0.013274021286748816,0.01957013696191856,0.6512690147333848,1,0
1754073116726,10648.682953357364,11026.608366077684,9512.26056387626,11398.59691056897,753.8137129783689,1754076716726,54.01085022764216,35.68302635760847,23.807299596188738,84.34793371601427,71.13271814504728,12.243563633406419,11.725454200745162,6.9360280842186315,6.799165515391533,1929.2900288490139,11528.689200515142,10592.575376657202,11060.632288586172,11014.209723369851,52.52313773105244,1913.2490147539716,240.10812959147538,0.04472698766331007,0.06517243789969362,0.6863380062505272,1,0
1754076716726,10899.248918289202,11735.228518101596,9487.374807921246,11396.256716471578,219.0591730598833,1754080316726,53.981555856767784,57.46253854932729,30.538347386816447,84.26501630102442,78.55673413709751,109.6319529766421,12.165577607302671,8.958480389935746,6.239915646201689,1952.044577515538,11558.340523057457,10583.261882992381,11070.80120302492,11027.094893266403,54.15161569199679,1923.0422388230274,250.10239407184994,-0.00020530545257035904,0.06495375219026522,-1.1656246366506997,1,0
1754080316726,10623.505311247338,11625.649912941453,9625.091552686528,11185.71276882468,443.0399766351608,1754083916726,51.28641734948326,57.075886596085184,35.845855228670196,76.09088444957979,81.56794482220616,73.79717719187157,12.574263627677501,8.303847939243001,5.783939733570561,1955.5098477112083,11567.316105873264,10587.270495639144,11077.293300756204,11022.394019621799,50.50686685568535,1911.2092900831108,251.37639503907243,-0.01847483370066494,0.04527890871965101,-0.41498986768099977,1,0
1754083916726,10131.287972004824,11580.755999055658,9946.186893991262,11358.98054712222,617.8131945892864,1754087516726,53.35056977256552,69.94444773228133,42.66557372939242,82.3800575688941,80.91198610649944,123.59227804427579,12.953757789454128,7.802180493397058,5.43450965075865,1932.585508950722,11588.007797702261,10582.524071482114,11085.265934592187,11027.941853807251,55.86306708612126,1882.4611818013739,257.9011341189469,0.015490097222990551,0.061470380640859856,0.2700874248645195,1,0
1754087516726,10309.69171110519,11741.684128991823,9579.77144176248,10588.773266956232,769.9736182066009,1754091116726,44.35362061893463,17.788529432787982,37.690164870071534,54.187451590387596,70.88613120295383,-11.921420803896144,12.470433469856914,7.183990686148571,6.346810605745647,1948.9660216849095,11612.245052984854,10525.962368999979,11069.103710992416,11019.047714971479,41.19240853317788,1881.3621069124479,278.62562950335956,-0.06780602158537186,-0.010503702901107137,0.7507974100307013,1,0
1754091116726,10201.794948252456,11675.230837562038,9540.217266778618,11364.994976207776,103.95937591238958,1754094716726,52.96277918079469,38.64373230729325,37.880878357515876,83.23553188800429,73.26768034909533,72.96151003858323,11.935118931296689,6.6256710639365375,5.997536478497277,1962.2551323348032,11625.17568448076,10585.691476528034,11105.433580504397,11024.419742501785,52.72129399694664,1897.6377005013003,266.62207367347025,0.07330610351945621,0.06203241508614288,-1.5622996948886754,1,0
1754094716726,10908.826497716862,11205.881988178322,9050.322932934663,10820.619906550226,962.3653164545284,1754098316726,47.42165792149943,11.116962822530695,32.528095250518845,63.928730052988584,67.11723784379349,-110.62082128532289,11.717309186015928,6.074482816987553,7.259293147914854,1987.4277688303969,11621.502091905802,10554.85053573148,11088.176313818642,11023.51157531786,52.28660193764037,1959.4023187803543,273.59035146319883,-0.04789927939230776,0.011161827712244277,1.3224499274589565,1,0
1754098316726,10760.400067287483,11352.48104694335,9062.907476018025,10678.331512428216,890.220670554556,1754101916726,46.065049940968386,-21.92692462765808,21.63709127488346,58.79043039306126,68.65156411135138,-105.4711811410971,11.197598176745059,6.101217047401886,6.66835927087189,2009.0096118371778,11633.020164399257,10508.698383812281,11070.85927410577,11010.936065160035,47.24184563766466,2033.859092053895,288.38245191501807,-0.013149745148693048,-0.0021346926262584276,0.9850215449799448,1,0
1754101916726,10676.398368910006,11126.110141678624,9187.346791326789,10739.369836342046,270.34859049558435,1754105516726,46.76854935617986,-42.69697670943606,8.770277678019555,60.994638269214754,61.2379329050882,-105.89155140764676,10.715009382422108,5.679600883177903,6.207551527825005,2003.9920217310816,11630.05070475422,10471.667347037252,11050.859025895736,11005.25773690087,44.47163062267144,2021.8853540659977,297.1190621083301,0.005716091867234985,0.0035691971418165824,-1.0677547364126128,1,0
1754105516726,10300.966319631621,11129.85701341788,9032.47077169175,10917.968508013888,822.760243032332,1754109116726,48.870048181584885,-44.23604682008954,-1.830987221602264,69.59576407083615,63.12694424437072,-103.9260873160668,10.591989768565744,5.256417210668726,6.29522583332121,2010.6630374450137,11629.199858294953,10480.515166195055,11054.857512245004,11011.282149005772,46.09508938096431,1996.139399747078,294.6314068665241,0.016630274810675028,0.0202588286818135,0.7483453541219199,1,0
1754109116726,10184.044772050214,11676.19574635654,9743.352895570013,10751.192004604467,518.3239230398234,1754112716726,47.0039415726535,-58.241865021267586,-13.11316278153533,63.439862655392616,64.67675499848117,26.076522001547428,10.385906914905675,6.840732425683488,5.861772025121819,2005.1044526836934,11587.078660345747,10457.068906870723,11022.073783608235,11013.72468660128,47.401637379661,1975.746852099543,289.8413861776138,-0.015275415319892627,0.004673951339911664,-0.20170459224345577,1,0
1754112716726,10756.451087988911,11858.600106982498,9723.330303993964,10820.5675860165,461.80648156201863,1754116316726,47.89524887470192,-63.017125037513324,-23.093955232730927,63.270169273438185,65.43526533322232,58.97994174109235,10.538749846175165,6.969576998966992,5.417951372590503,2014.4019777054677,11579.511130447816,10437.956208512747,11008.733669480282,11009.398855391559,43.40484069856159,2023.0031682686156,292.80265940541,0.00645282694070759,0.011156938479744971,-0.36323408067261226,0,1
1754116316726,10474.15794587908,11962.73258386114,9136.056234431642,10634.978486071643,314.4341058114054,1754119916726,45.681857748377865,-80.84511023060077,-34.6441862323049,54.688209351282936,60.46608042670457,-29.03018310349304,10.12333476412804,6.290566694319208,6.914220708491181,2072.4215756857557,11575.002378226092,10447.422560912548,11011.21246956932,10993.367020751573,48.303870380216026,2095.395302622946,289.2181207029574,-0.017151512475620523,-0.006185932365400659,-0.7870258308200777,1,0
1754119916726,10225.789552150629,11628.347117549445,9836.07890079528,10796.176765559,580.9685866315924,1754123516726,47.932592439221416,-81.03247108966207,-43.921843203776334,60.189365555752424,59.382581393491186,36.680046214445014,9.737592187941425,5.898192456159598,6.4829460372582055,2052.4106214763565,11574.59758290559,10432.464633718508,11003.531108312049,10993.123513629229,48.544183201210934,2072.979118710642,292.9509202672798,0.015157367708686476,0.008877672891802302,0.020886585314368194,1,0
1754123516726,10616.621978165274,11184.101323360957,9154.786034846113,11072.283814542001,729.8891177035978,1754127116726,51.62968313430367,-58.23018328441867,-46.7835112199048,69.61197236297791,61.49651575667108,-66.20627163309817,10.542975249952741,5.481298699795745,8.397682856455129,2050.7609548362484,11554.630440006289,10434.024552597648,10994.327496301968,10987.178366542885,45.611626874187024,2109.762510590172,287.4293454251102,0.025574520960402802,0.034679236083656084,0.6042043589723567,1,0
1754127116726,10040.333852138452,11105.65034544893,9301.175586997359,10941.853708091065,410.93290496275824,1754130716726,49.82970390235816,-50.10623200534792,-47.44805537699342,65.16083062850014,64.98738951574349,-66.29919363128707,11.290830950391822,5.133816351389329,7.865318772694821,2033.1690836659143,11520.103014725712,10433.323892514101,10976.713453619906,10980.733528973129,44.09255192422148,2078.092585466688,278.7529632218045,-0.011779873839544597,0.022490845218194222,-0.6488349495629971,0,1
1754130716726,10326.170254128254,11812.850971536758,9248.976899161366,10846.718761235912,629.2191930082921,1754134316726,48.50148402220818,-50.75941429075647,-48.110327159746035,61.9141942201063,65.56233240386145,0.9317503566016249,10.509804372206247,7.118898632710626,7.169832078712017,2071.0765828594485,11515.551444568668,10423.08763351836,10969.319539043514,10982.71165533971,45.456585957656166,2118.329422046721,280.21105514351586,-0.008694591373014204,0.013600705136374014,0.2298450005248455,0,1
1754134316726,10468.556994591134,11578.756476359998,9372.307098573048,11246.452128857114,699.3129211553038,1754137916726,54.04436379168894,-18.80514984041656,-42.249291695880146,75.55575232119841,67.54359238993494,43.220617040648136,9.784565406748213,6.579686496152254,6.626762051536337,2080.746068211413,11488.509050685196,10435.300483204413,10961.904766944805,10996.913882950528,48.57813617618542,2159.178012955475,270.1422976164747,0.03685293003537371,0.05095486100657021,0.4360604921165932,0,1
1754137916726,10147.958334109406,11618.28502101372,9254.663765889962,11393.509971393318,711.1218170152858,1754141516726,55.92388206250147,18.175656182997045,-30.16430212010471,80.5743428759902,72.68142980576496,51.30206695309688,9.338046835499172,6.050950305088546,6.494209100983797,2100.9514387051518,11543.747800003815,10442.645887305696,10993.196843654756,11012.747137075547,62.06890853328109,2173.585767805076,282.42668146695723,0.013075931934024787,0.0646970752348246,0.5559518572733637,0,1
1754141516726,10984.654477590839,11781.46208875471,9488.950926438452,11256.789222902396,51.966098131180246,1754145116726,53.72396286436539,36.035593715650975,-16.924322952953574,75.90852264371199,77.34620594696686,79.26487960015557,8.754843301810567,6.133566268022876,5.991317451850391,2114.634276105945,11571.255488936351,10449.757250939574,11010.506369937963,11013.313042856644,47.99204293894382,2184.835595771707,287.6582285215839,-0.01199987965378524,0.051920838464269536,-1.9171566252406425,0,1
1754145116726,10209.097364589614,11703.277227732451,9407.407881354686,10832.000702117679,859.747805685067,1754148716726,47.47513380815485,15.731496463929943,-10.393159069576871,61.41191626469942,72.63159392813387,-0.3523381078450777,8.218269957654611,5.660800121374244,5.803277568601086,2127.579638268218,11518.347486521416,10446.00563250938,10982.176559515397,11015.959662138184,50.221000273837326,2183.4925459934684,275.0498820628019,-0.037736206334970546,0.012225336655926622,1.1595444520239435,0,1
1754148716726,10130.353130043266,11834.458252856097,9986.569490779326,11244.442167837553,458.25331476504795,1754152316726,53.17053162375796,32.545765153607135,-1.8053742249400697,75.48715909818968,70.93586600220037,143.02740881180924,7.829776437241478,5.750867747966146,5.439837682331547,2107.6017185402575,11491.0284339084,10458.143230258993,10974.585832083696,11023.423087084826,59.94925385445851,2151.9436310757146,264.92946478333965,0.03807620374685183,0.05076703481216338,-0.4223719589987391,0,1
1754152316726,10203.534873886896,11056.21390545988,9055.926350128226,10651.980182474052,262.41608169621446,1754155916726,45.53277101296484,-1.913479180098875,-1.8269952159718308,55.26842018199441,64.0558318482945,-135.48307717129043,8.78141549957517,5.325487642231526,8.182874005219205,2113.3812970523336,11473.031777065864,10422.766628466465,10947.899202766164,11016.428707414181,48.70588071396409,2169.783093029821,269.3873266031201,-0.05268931766647511,-0.004597163278514782,-1.1251726991012532,0,1
1754155916726,10769.061133159725,11747.520636746505,9142.181376387352,10630.31798809129,241.76450747968158,1754159516726,45.27667887543548,-30.617694900231072,-7.585135152823679,54.16224926493413,61.63927618170607,-37.475619072203756,8.306241768006148,7.16249775307963,7.474108652946021,2148.5211515742494,11418.2487901756,10404.683359453637,10911.466074814618,11004.525703807003,45.53265238198056,2206.065451503608,259.9740475856499,-0.0020336307439252632,-0.006621445089862066,-1.0956395237936667,0,1
1754159516726,10425.505659271843,11850.852757322096,9052.825893908603,10845.627037036158,483.01411284395044,1754163116726,48.3841004843944,-35.58218257253611,-13.184544636766166,61.61026225747457,57.0136439014677,-7.41418988863146,7.740710937173952,6.846584066672118,6.7935498434172406,2194.9144167056243,11410.322969002997,10438.294557634234,10924.308763318615,11009.173620082543,51.44483991150276,2267.8643095483917,249.32002691901855,0.02025424349356908,0.013498686042577646,-0.1517243048155459,0,1
1754163116726,10565.415939752538,11286.135042458314,9625.841194982375,11307.702369044056,886.8315394689592,1754166716726,54.372241927678225,-2.205533237416603,-10.988742356896253,77.48964882348969,64.42072011529946,56.60332098501693,7.2155751656869125,6.470109496814369,6.419991477639248,2156.727233189218,11397.610330243244,10445.277935677614,10921.444132960429,11017.200339357876,56.65355606810152,2233.937455583206,244.26810520343864,0.04260475954317644,0.05667855385874687,1.2628446561747018,0,1
1754166716726,10021.009156986362,11640.447273993253,9054.50927741372,10746.348247242302,378.34758168264693,1754170316726,47.20710158452513,-20.81098825263325,-12.953191536043652,60.52559306981285,66.5418347169257,-50.04010468107361,7.651240998642715,5.923752581917272,7.743538256047637,2187.385144859955,11398.123819675046,10437.33728031502,10917.730549995033,11012.425846119868,51.37954230994214,2216.7418589510658,246.43654758954912,-0.04964351762021224,0.004221313451359787,-0.6397241349472266,0,1
1754170316726,10034.431308573314,11314.162063836971,9836.439737376124,10563.25340889868,749.7257467835433,1754173916726,45.11863614578147,-49.75660548851738,-20.3138743265384,53.98188040079818,63.99904076470025,-18.220191365249345,8.055787843530245,5.631122352282014,7.3610115811534556,2136.6949435457327,11406.257630422007,10417.695659215105,10911.976644818556,11002.87437301841,47.1303347569199,2194.2742953586862,253.56079553822707,-0.017037865713183775,-0.012888474433541464,0.960631171749413,0,1
1754173916726,10445.825549827015,11957.971066482454,9511.938630681927,10631.709535206355,96.8187309872186,1754177516726,46.079136864507106,-66.40688121871608,-29.532475704973937,54.347839695009796,56.285104388540276,32.92536191809738,7.754653019737255,7.30557163455029,6.765265515158742,2158.7904787067896,11410.527250196345,10402.660009327195,10906.59362976177,10989.141350894633,44.279326911992484,2224.039805879092,258.5124927268854,0.006480591126404978,-0.0064914082401833495,-1.711425468394541,0,1
1754177516726,10816.655243201623,11033.423572435504,9527.007624581534,11358.74496852958,476.05670215106176,1754181116726,55.07234233844802,-20.698066882190687,-27.76559394041729,79.37362636435886,62.56778215338894,-2.4496437469586434,7.475027826215191,6.9334048433211795,6.420623468712698,2112.192297931588,11469.805755881589,10387.459149693525,10928.632452787557,11002.882686364359,54.686987900346374,2202.749890836406,277.61604685044773,0.06838368099840242,0.06144836636789197,-0.10206285961644054,0,1
1754181116726,10885.238878707565,11579.792843832955,9561.594507712194,11133.783284747287,991.6861403927356,1754184716726,52.17273655491326,-2.5961037364086224,-22.73169589961556,71.63006552939429,68.45051052958765,57.93954857371403,8.10609871116333,8.312254697435943,5.98101888644912,2105.478443516529,11489.54161529003,10405.982418299363,10947.762016794697,10999.401723022775,53.13584166550941,2163.7730525325037,277.9270698287992,-0.01980515315781528,0.04042621890286302,1.80299228032445,0,1
1754184716726,10086.70656759564,11166.503547049515,9170.813706306211,10753.201163369977,770.4378027923369,1754188316726,47.6061376419039,-18.74389609689206,-21.93413593907086,58.52978658394906,69.84449282590073,-127.74170630520064,7.937611711256094,7.747378022386546,6.905250338719932,2097.6364004612983,11490.117848957454,10398.669542367288,10944.393695662371,10990.608177736241,44.58917499837247,2148.7187998865293,279.9505837453778,-0.03418264139366611,0.004861702565538417,0.8734559558324583,0,1
1754188316726,10538.363102101022,11712.220205177158,9197.690303114488,11055.295825328181,210.52848844061302,1754191916726,51.25344633015506,-7.0829752419504075,-18.963903799646772,68.92839470894543,66.36274894076293,13.34389841942127,8.590153007413518,8.92555704770211,6.322267084482605,2127.414507718539,11493.955196341443,10436.863928908953,10965.409562625198,10990.596677958825,46.41193084178204,2159.4979889535944,271.1381891409983,0.028093463273733743,0.03309174790174496,-1.1960916128131684,0,1
1754191916726,10913.22968627927,11175.890283418663,9318.817322873005,11027.57962242535,501.4414736979107,1754195516726,50.90332896171782,-0.07718762144395441,-15.186560564006209,67.97435622699668,65.14417917329706,-53.31918029090237,9.19608421098827,8.363935002172273,5.92445162563825,2108.1043972061902,11500.305693209799,10453.653717727231,10976.979705468515,10987.15771299928,47.510774099731364,2128.395260255694,268.4605672530686,-0.002507052126034637,0.030501733038779122,-0.10558140259350927,0,1
1754195516726,10387.972754397886,11235.383261898358,9593.496415821852,11155.43597844066,233.62476364856656,1754199116726,52.514798648010846,15.611924385832026,-9.026863574038563,72.37538779066325,69.75937957553512,18.684325934752938,9.847381872949759,8.095980596186626,5.589573755921673,2074.8031435540697,11508.729675485663,10453.544951841233,10981.137313663448,10992.026077789058,53.75467435465468,2081.68222451989,270.6491709775352,0.011594235579610368,0.04244961289682747,-0.992112659476772,0,1
1754199116726,10829.565831428368,11494.370811045757,9210.117775940214,10733.187554421616,409.56092726250927,1754202716726,47.02530696516597,-5.95758492492314,-8.413007844215478,57.84088438596944,66.06354280120979,-77.58939021373766,9.657023797379521,7.463876766795205,6.463557100019999,2089.7638500934604,11509.132702191957,10432.275309767996,10970.704005979977,10993.92187715813,44.07846367602868,2112.851101164802,276.2080932274632,-0.03785136007549095,0.0029914772385135624,-0.34901496020055234,0,1
1754202716726,10133.695654399437,11914.834949996879,9116.331727133262,11364.402987194399,780.0840237349647,1754206316726,54.65600792096342,27.564487430858208,-1.2175087892007408,79.56838491612534,69.92821903091934,81.75689161461015,10.143327973380625,8.169981381270695,5.859918727388241,2140.3880910056146,11557.97115316523,10435.20528139057,10996.5882172779,10997.894632096712,58.178123191475876,2156.421630104395,287.9833697252043,0.05880968999863878,0.06197709508618732,0.9574138988770624,0,1
1754206316726,10935.394489667799,11211.714372147972,9970.116886418433,10809.368562080013,771.2248152904036,1754209916726,48.095633456064284,9.237843684171821,0.8735617054737717,60.463163244099725,65.95747751539817,16.429571289877316,10.594896136810222,7.780126754771382,5.580295516493364,2087.095091703497,11529.499056994944,10419.969020883145,10974.734038939045,10993.588557204599,51.83114462229737,2069.9178329913093,284.5884495097408,-0.0488397345412519,0.010110415673288076,0.9032047410510605,0,1
1754209916726,10751.423317531302,11144.240021118103,9021.981814809624,11194.131653976237,228.10037790238513,1754213516726,52.36420268768774,25.46743960445565,5.792337285270148,73.98357599330426,71.33837471784311,-80.59874846894103,10.386777245007355,7.2157198767200255,8.41646414351392,2089.60674274671,11495.725681396409,10433.804564739974,10964.765123068191,10994.683694273268,53.444750680485356,2021.6486431980943,272.3770193278993,0.03559533470308329,0.0460656340062493,-0.9249087795697766,0,1
1754213516726,10941.334392786901,11758.97683185403,9802.69740533602,10516.124646372215,922.2233181548602,1754217116726,45.29522915552944,-16.193321344981086,1.3952055592199013,50.890609722473506,61.779116319959165,43.53789586460422,10.06885727706451,8.841949917573903,7.851069370619207,2080.0833630160887,11475.11961317603,10380.344175307335,10927.731894241682,10988.246211580143,42.49606844359416,2042.790470272528,280.8039749119569,-0.06056807518099805,-0.01729254795849955,1.3754694684836948,0,1
1754217116726,10676.617233552506,11500.61953233393,9788.035149575022,10872.657129894147,592.5681827648268,1754220716726,49.180338393334,-20.207641678602158,-2.9253638883445103,63.034131137573794,62.63610561778386,54.729809754245366,9.749146868411732,8.315318487835855,7.434447979076611,2053.8334358548614,11476.016067201781,10383.513364059232,10929.764715630507,10977.56202263123,51.245748434618896,1980.4080692853404,280.22103075469215,0.033903409812180874,0.016024585513547462,0.2594906093390515,0,1
1754220716726,10363.403931999426,11911.78511238177,9297.214113845095,10851.709817958808,379.92429096201454,1754224316726,48.96033151440924,-24.79348857097102,-7.298988824869813,62.32066422268629,58.7484683609112,52.19847267849444,9.441607129747467,7.573669797713241,8.445698619368688,2093.8861189035624,11437.633819178183,10382.622377094951,10910.128098136567,10972.848821618894,52.9389638635048,2061.6115458621853,270.6047251948839,-0.0019266046638907186,0.014067107808469537,-0.507728164539596,0,1
1754224316726,10938.181172524723,11146.614557159843,9135.626616007314,11043.484428583015,501.9355807808606,1754227916726,51.11636610045942,-12.805582142591447,-8.400307488414139,69.8791995067022,65.07799828898743,-102.71666783004302,9.397372910075111,7.0526375300149935,8.4174603119606,2087.9648204927744,11446.383330266928,10413.023290617106,10929.703310442017,10982.010460504736,54.09256391191792,2030.5369391016138,265.05125764764324,0.017672294397960586,0.03198800027694926,-0.10664556503085908,0,1
1754227916726,10275.566776309179,11645.92789302304,9145.628646705423,10572.736261777196,605.0712534377437,1754231516726,45.98166909442904,-40.81997551634959,-14.88424109400123,53.60640082640045,61.935421518596314,-90.55874429313181,8.922020590970522,8.14215991317478,7.707492631768943,2117.417279480263,11450.736303442012,10402.912144810609,10926.82422412631,10974.469105926191,41.768649353053945,2101.5286032775884,268.7612258869149,-0.0426267786992498,-0.01200232383113764,0.219892342634555,0,1
1754231516726,10332.172522061732,11232.879146151816,9697.431617237193,11290.131373726108,559.8905318457854,1754235116726,53.62667076213002,-5.075289308795618,-12.922450736960107,78.40527855796822,67.29695963035697,76.38694229947068,8.480622008944831,7.711979116513508,7.300276935202941,2075.8480115827174,11494.565569183738,10403.53331273788,10949.049440960809,10975.14461230584,51.484247200236105,2067.0464027628645,279.8438691350174,0.06785330629521669,0.05503658510891052,0.029519888289025832,0,1
1754235116726,10700.80841800174,11156.76042865164,9642.806591086173,10717.780801767569,486.4050355361782,1754238716726,47.81275680729316,-22.669950706307645,-14.871950730829614,58.62029310548375,63.543990829950815,-54.80357669055799,7.973115466508848,7.268295970964629,7.0710538528476325,2045.2392095153757,11447.832099369796,10391.274625824175,10919.553362596986,10963.617537106546,49.67555950741216,2042.1631843269097,271.0012738978976,-0.0506947663417352,0.001551751944832036,-0.18735397413300242,0,1
1754238716726,10765.316299525386,11683.42941515727,9782.745674251386,11177.037814882011,504.9328040894001,1754242316726,52.283076271518,0.4392922729366546,-11.809702130076362,74.49586616960731,70.5071459443531,149.05944629588188,8.356889906314487,8.632066139891652,6.599295120547423,2034.913818900412,11474.457445405616,10407.718236552322,10941.08784097897,10967.266352348912,51.08391491679364,1998.317029958568,273.61283390098123,0.04285000986759324,0.04446825439857349,-0.13899448389387953,0,1
1754242316726,10929.403483849153,11593.684619908734,9937.481172399104,11303.212123244093,176.41191042788617,1754245916726,53.46251910219976,28.605005333727604,-3.726760637315569,78.8574532418081,70.65787083896639,163.09080442650657,8.713251886134008,8.123477899399456,6.21047466441847,2007.8630780867848,11504.09221533079,10452.07933806169,10978.08577669624,10965.435643397166,52.411776531237415,1983.9692075988517,269.83560954822747,0.01128870729900222,0.056258950805578856,-1.335138564379212,1,0
1754245916726,10204.80240905621,11754.827458362332,9691.927363266592,11061.876956241513,812.7329043046793,1754249516726,50.87239255804152,31.09436828048274,3.2374651462440927,70.51499146706063,74.62277029282534,97.81774071625912,8.545533605168838,7.528489372239481,6.627436924540725,2011.7942935874246,11501.830372650173,10497.357922845826,10999.594147748,10971.319813778111,49.197301785555275,2014.0415825287967,257.64174719130057,-0.021351025210461616,0.033706739318153156,1.1192843110220068,1,0
1754249516726,10797.998035219223,11309.462576446182,9155.851536551443,11240.883206721985,541.7603199410154,1754253116726,52.70276547174305,46.97007298329845,11.983986713654964,76.7028704265255,75.35843837846474,-35.520107669447945,8.44143826360592,6.9557167720674755,8.017013675463444,2021.924061180804,11481.500743172805,10505.901376142432,10993.701059657618,10977.925503967786,54.54554507308922,2004.7100114423106,250.23595772028563,0.016182267366431802,0.05043445815228198,-0.030536046163052274,1,0
1754253116726,10738.546053396964,11447.97165638219,9243.442616765411,11161.860312215005,131.0798617047031,1754256716726,51.78550723232127,52.569211032146995,20.10103157735337,74.04927868977066,73.7557135277856,-8.096575964979408,8.084725905145316,6.903656558870655,7.3966548237352905,2034.967273926231,11484.66752084687,10505.54230121514,10995.104911031005,10973.190772000708,47.98759288624905,1962.2832840675364,251.14031983069358,-0.007029954235244107,0.04304995198434791,-1.6199169448276551,1,0
1754256716726,10063.794556253597,11405.471676330419,9842.193730873114,10855.529797152009,766.157101582778,1754260316726,48.27776716057618,31.92029848952916,22.46488495978853,63.44888539240128,71.40034483623248,28.650934834405497,7.753493000860469,6.518461653613611,6.9839526955584725,2001.275179035593,11481.635504635997,10518.807180804215,11000.221342720106,10962.376233614317,50.48249023339255,1974.3541301162038,246.9602542564607,-0.02744439604998128,0.014424076002175434,1.1262514124078151,1,0
1754260316726,10387.223141210206,11984.089463966515,9209.306075834209,11308.858539033565,932.4439783773508,1754263916726,53.31722180461947,51.54158803227983,28.280225574286796,76.29490146179286,71.2643551813216,93.33642441838667,8.49875084379761,5.890241289467731,8.509056354792484,2056.525765399644,11512.460684723581,10513.33827208717,11012.899478405376,10964.839149018495,51.18221265564519,2020.9630716750485,256.269491612012,0.04176016743102573,0.056786595262089845,1.6349142220600408,1,0
1754263916726,10282.765457060099,11292.248956739388,9072.52231695448,10794.701369885528,947.3068992369621,1754267516726,47.64689366530051,25.311637992341275,27.686508057897694,59.1495564407098,66.29778109830131,-134.87843355017966,9.391290613860773,5.435563089737737,8.324364647914347,2069.369369448176,11509.682608371202,10492.828523185568,11001.255565778385,10953.55356547376,52.97093978188477,2040.9671285008394,260.81756965745376,-0.04546499254309144,0.008739800588859925,1.501502357444537,1,0
1754267516726,10304.49042435403,11294.817238346766,9703.28005404225,11071.212917751516,369.01773241117274,1754271116726,50.68446503008747,26.53055687352571,27.4553178210233,68.64655698729707,68.03033829659991,17.481087916562494,10.21408541900892,5.140965372771024,7.859395067511951,2035.2384990807716,11501.674582957161,10492.414242530695,10997.044412743928,10963.202358489665,52.154309518619876,2032.3209000398112,258.869815223912,0.025615488413360366,0.034579163262939305,-0.8154549576173526,1,0
1754271116726,10982.9468795547,11354.548208828608,9402.526355490141,11245.39773914154,135.51687356075405,1754274716726,52.55206173189002,41.07829323749138,30.179912904316918,74.6290678687232,67.47506043224335,1.7489428249990027,11.432347651600264,4.787736455468625,8.378001033111584,2029.294452956321,11523.094531289515,10522.215312670332,11022.654921979924,10960.810413748342,54.134007811539405,1984.995961097082,256.7201028387966,0.015733129033290938,0.05085633073370932,-1.5970840515702958,1,0
1754274716726,10642.777413479927,11564.59408129032,9920.040052545904,10878.955909812508,518.3996266330652,1754278316726,48.3994687760341,22.776136844124267,28.69915769227839,62.04334303991104,68.43965596531044,67.96471683175501,12.045176800065253,5.2562722994682325,7.886372573140223,2001.8129940840422,11476.77022171464,10519.994914507017,10998.382568110828,10961.977133813587,48.33346452138295,1958.8221102107887,245.4076882511614,-0.03258593762793882,0.01661319188449606,-0.09949340124124477,1,0
1754278316726,10717.6761577935,11252.322744263745,9650.255071093661,10802.767607617425,112.60922934922068,1754281916726,47.55803214134111,2.099584089095515,23.37924297164182,59.42659754347726,65.36633615070383,-47.35713048969335,13.031958863606294,4.951450222223336,8.405600267222743,1973.2597568759024,11476.97014906007,10519.134891715328,10998.052520387699,10964.46585571737,52.532445382256874,1894.6627121288218,245.6795597249043,-0.0070032733680227555,0.00949357179219068,-1.4757604850011938,1,0
1754281916726,10976.617637315008,11915.289940379274,9090.41897779166,10959.346010172823,933.9874185126173,1754285516726,49.501113000077325,-1.6333363451976766,18.37672710827392,64.80440250724342,62.091447696877246,-8.107426643594957,12.490798797170198,6.788338113235951,7.5717859785865,2034.0891287124534,11456.867257974898,10515.759218420159,10986.313238197528,10968.865379193987,45.84531059301522,1986.764385962607,241.38911888911554,0.014494285931411666,0.02412546026766882,1.3978377296962663,1,0
1754285516726,10377.201782457638,11265.685564866264,9947.85656725366,11317.963494349153,183.579627355146,1754289116726,53.7297287578292,24.068286967869426,19.51503908019302,77.12139421888425,67.11746475653497,91.12584678760486,11.988293021193826,6.466092056381013,7.212349230703905,1982.92769077675,11465.466162980309,10587.344198212442,11026.405180596375,10976.865278920692,57.96603759454663,1963.228972746369,225.23353158557828,0.03272252594666214,0.05763743221391482,-1.1911790789337648,1,0
1754289116726,10801.840168452805,11895.815731560195,9258.557263640247,11429.921763145665,252.76585995116406,1754292716726,54.99670970199746,52.861747906685196,26.184380845491457,80.96668656982345,74.29749443198371,92.09685366063088,12.62596981541204,5.8659665972404325,8.968764573046963,2029.6656034298358,11520.64437797408,10587.892446543821,11054.26841225895,10990.439874091517,53.69731136586584,2015.8414532473737,239.24582237826516,0.009892086049969162,0.0680996727030434,-0.8603420377151976,1,0
1754292716726,10434.530963304496,11103.475063646585,9337.212490406286,11045.08341285989,406.6365268849704,1754296316726,49.935182954062846,44.11895861479388,29.771296399351943,67.74911916181397,75.27906665017389,-86.43894712585418,13.218098267186093,5.434910813864112,8.309702204575364,2034.1687226662318,11521.040454431468,10606.833729576543,11063.937092004006,10994.930190628384,46.4913860500093,2047.020440763784,234.4890772579551,-0.03366937746911236,0.03213742164816935,-0.3137224529016283,1,0
1754296316726,10869.53367181498,11656.562702399653,9402.260413683542,11161.466205323652,383.1644685591258,1754299916726,51.39213900433104,46.05051217392611,33.027139554266775,71.74637516132603,73.48739363098782,26.582697663980113,12.627237774781376,6.935227501683375,7.656964830979747,2049.892548812652,11528.773006827843,10610.899354854231,11069.836180841037,11005.459945013423,51.401265252843295,2060.6920260223824,235.42962421856694,0.010537067771553055,0.043013123609632054,-0.3752703759938281,1,0
1754299916726,10180.657541311302,11906.985518438243,9051.224296404313,11403.273622238914,794.662892397889,1754303516726,54.36373290893584,66.328526002113,39.68741684383602,80.19629923149945,73.23059785154648,45.28103520403153,12.640746555101241,6.263958887789579,8.105615353501298,2107.4545968998864,11531.529119286466,10691.196978441783,11111.363048864125,11017.601882147022,52.24522628107674,2110.845610460896,215.54064626700472,0.021664484975990828,0.06560946575583415,1.0367823125139255,1,0
1754303516726,10947.686177064279,11168.74943839823,9496.515422230605,10598.546851412942,456.31682055096235,1754307116726,44.59325813110923,17.265249978225256,35.20298347071387,52.75805284614446,68.23357574632331,-135.4703033236922,12.653290422541115,5.856369810874956,7.5781916684259265,2093.1191399790596,11543.646867867681,10609.920777629248,11076.783822748464,11008.127142884441,43.51328119474603,2089.576264774577,239.49568884043524,-0.07056980280264225,-0.009590384107184047,-0.12562231054229717,1,0
1754307116726,10218.771708410879,11968.326960099255,9123.318491075292,10732.078577866165,170.76826000333688,1754310716726,46.31735245675403,-10.719290095257747,26.018528757519547,57.310997452330156,63.42178317665802,-45.61577200058315,12.280261296265696,7.962347412714475,6.860852799291271,2146.825520625124,11542.199438892147,10612.797984214643,11077.498711553395,11003.931640279943,48.51950456351639,2181.1284450293383,238.38644322389266,0.012599059882951735,0.002887845952100676,-1.0353869334179377,1,0
1754310716726,10326.220506980932,11452.883360415512,9400.970326688352,11208.900006251582,267.2098954860741,1754314316726,52.054573465078235,5.514694619745569,21.917761929964755,73.966396064863,61.3451487877792,1.3988714245456892,11.93387710758138,7.417030563114524,6.390973950736602,2140.0460572752695,11545.36241576425,10612.821226479498,11079.091821121874,11011.175265180254,48.80795872952247,2129.4948482861137,239.19176815847518,0.04442955061555498,0.047445702265554335,-0.6605795871197429,1,0
1754314316726,10756.19223410678,11945.715108441025,9350.709787992084,11323.7444619123,509.113385187522,1754317916726,53.34781196062801,27.332164068882776,23.00064235774836,77.9033317473134,69.72690842150219,111.65070302839845,12.364061213782067,8.404548054640209,5.845707403681876,2172.5431475019604,11548.444235575897,10611.792640534672,11080.118438055284,11012.721111841358,56.97314291205113,2155.1140695982463,240.24606498958218,0.010245827476082825,0.05817765022153165,0.09566960225739465,1,0
1754317916726,10393.755141565407,11676.820043630047,9772.840083426503,11357.029028330579,147.4539174261349,1754321516726,53.73728740784159,46.769324473294546,27.7543787808576,79.04434631743892,76.9713580432051,139.49869021353655,12.763517883825562,7.873746669004953,5.47651329952306,2153.3600626949305,11578.329503573397,10611.422579746075,11094.876041659736,11011.991492980103,54.0253447405422,2177.431410733891,248.00639308202034,0.002939360432428595,0.06128801573707299,-1.0390083957070966,1,0
1754321516726,10608.211376766447,11301.586869873552,9803.170511632732,10915.107176854932,611.6556756460141,1754325116726,48.00672316001486,26.211860006063944,27.44587502589887,63.89500457586691,73.61422754687307,-10.800790352043794,13.134441934580236,7.459678743325372,5.1885120979074735,2110.5385236951392,11563.216686362839,10593.957793969928,11078.587240166384,11005.157852059156,45.674496628071644,2148.9911724024178,248.60966029029012,-0.03891174799089214,0.01999144392295804,0.5506351416450397,1,0
1754325116726,10444.573501069428,11188.302524917106,9153.412882389088,10589.339902291867,565.7473065511459,1754328716726,44.25977639504267,-16.18025924259382,18.720648172200335,52.72751024605022,65.22228704645201,-187.44246923993447,12.242414091824017,6.9446244736671865,7.0349397469168045,2105.135032183202,11577.288077075267,10522.634362265188,11049.961219670227,11000.30463606264,46.166330746760494,2176.872287672675,270.51297008533294,-0.029845540614923283,-0.010450752143518871,0.32836356395887323,1,0
1754328716726,10742.369937089781,11303.7350462251,9366.551187379226,10937.78147729962,714.7023163822577,1754332316726,48.85771128073746,-21.413158547988132,10.693886828162643,64.67229296982315,60.43160259724675,-64.5246479314004,11.532366512087437,6.879453634781764,6.569883783047121,2093.1385198019643,11576.531557432858,10531.61604992236,11054.07380367761,10994.171422251882,51.66703449872291,2200.809158078089,268.0151726159604,0.03290493819471596,0.022110304697826377,0.8741858078862864,1,0
1754332316726,10228.33125236861,11093.017409262675,9373.353161031831,10730.734590207054,937.7046153793676,1754335916726,46.40802421184094,-41.7855446260055,0.19800053732901368,57.57460355116171,58.32480225567835,-114.01898043095746,10.873036616617757,6.47053001530868,6.179361395847927,2066.461786118313,11551.99436009032,10498.340852382247,11025.167606236284,10995.74651040654,47.21204963118055,2121.8658213383196,270.2564223767683,-0.01892951395328879,0.0027622534232485396,1.6692876514279829,1,0
1754335916726,10058.457987236878,11143.86796634333,9151.410443936085,10791.196454996623,912.2545611011557,1754339516726,47.23994173683381,-52.447458525839465,-10.331091275304683,59.64727194031554,60.63138948710013,-129.1544664311498,10.379964219388503,6.023758101098114,6.521820462507611,2061.175767281808,11552.127891864033,10497.856829119644,11024.992360491839,10998.964079744646,43.07220056098294,2170.0535731093655,270.4148219013876,0.005634457201536547,0.00841227442347825,1.6020148886636114,1,0
1754339516726,10299.929397473066,11104.66044034648,9798.453505051191,11272.267556837505,946.0756180688313,1754343116726,53.433830911990256,-21.82707572471918,-12.630288165187583,76.13867307706998,64.45351618951574,35.35324795377711,9.922111279104197,5.7437631942995715,6.218674738209061,2007.2494221399138,11572.882777365057,10497.207407527216,11035.045092446137,11007.496890140674,48.110091471316,2074.9784636361755,275.90491083120395,0.04457995958530936,0.053367252862606795,1.518494682245406,1,0
1754343116726,10474.30866486843,11422.943543741558,9707.228328335423,10575.527086025886,244.71559702370092,1754346716726,45.163993813002776,-53.168442133603094,-20.737918958870686,52.25399875679446,62.67998125805999,-32.43518615928385,9.616981988375683,6.533899183283739,5.83501810047127,1986.4255502303583,11565.611681453305,10437.491438127403,11001.551559790354,10992.853384480311,44.76274794275188,2048.050316683801,289.35673705035356,-0.0618101431055007,-0.011741527779479122,-0.8955067317989639,1,0
1754346716726,10168.020052192678,11795.578376257587,9190.381786297035,11327.581217480702,131.56530663935462,1754350316726,53.525069243661925,-17.124813396207173,-20.015297846337987,78.03485799135522,68.80917660840656,57.752136961605956,9.577505125440066,5.93513544588952,7.118342630250163,2030.6234816396577,11602.259837550757,10445.705812796774,11023.982825173765,11004.47804388508,51.622685490848994,2073.114195344118,296.6498481036359,0.07111268548009786,0.058536186128580914,-1.172828727377805,1,0
1754350316726,10354.797289656388,11141.38355421634,9366.7219085938,10927.669085824169,302.2767004964485,1754353916726,49.22675926908,-20.592171031574253,-20.130672483385244,63.4216247295705,64.57016049257338,-67.95165203345013,9.540848038428422,5.524754962504575,6.62615017463824,2025.6403264430323,11601.46894455692,10458.986853611284,11030.227899084102,11011.766357423588,45.49328950825994,2009.1926301193303,293.0404732388008,-0.035304282880743276,0.021165325173994276,-0.6572612595609644,1,0
1754353916726,10399.98301829357,11130.320433172335,9105.805024856514,11096.063931100594,895.0851727663146,1754357516726,51.01074044216192,-9.640886125191173,-18.032715211746428,69.52816262263181,70.32821511451917,-74.09949151417992,9.996532128890747,5.130333113519468,7.073185118164721,2025.5599751482316,11608.020397965643,10466.107192295338,11037.06379513049,11021.053445341473,55.360835394863166,2017.6038592841523,292.8945572444739,0.015409951010950218,0.036901432809006485,1.400074875862647,1,0
1754357516726,10057.391843688274,11643.42894951733,9628.206597093043,10589.65223123568,972.0534746234882,1754361116726,45.79912691615506,-41.34846647408267,-22.695865464213675,52.24979533528982,61.73319422916404,2.405162337889453,9.28539086910915,6.5756840875294005,6.570352779066802,2024.8215735250926,11587.965490923003,10413.330973026628,11000.648231974816,11005.671590595597,48.579479402136684,1958.3334223841755,301.2873967434154,-0.04563885923958311,-0.010421565728285787,1.4819577012368845,0,1
1754361116726,10583.307248184205,11197.182981968066,9121.371924548619,10837.35907835728,859.324951070476,1754364716726,48.567152550163094,-45.95928986623221,-27.348550344617383,60.97214357277159,60.91670051023107,-90.83327030926574,9.53216126399287,6.095029059333246,7.874811372838593,2028.4636795175466,11527.713706401262,10414.32648906953,10971.020097735396,10999.743106467793,46.11688658840686,1960.040424076482,285.5777956176713,0.023391405280614785,0.012726064484720023,0.9976631637891611,0,1
1754364716726,10884.343427971287,11097.610038108991,9985.934168624917,10589.700919014846,110.0177211275436,1754368316726,46.0357657590058,-68.80421218806987,-35.63968271330788,55.16806437930493,56.13000109578877,-16.446267812273398,9.761305202099182,5.848476050747738,7.556263517345821,1962.9788359437273,11527.748885079933,10368.753061006357,10948.250973043145,10996.473101580692,42.535464286157925,1854.0883204361344,297.27615641414525,-0.022852261104554517,-0.010417015968272714,-1.3918016296365705,0,1
1754368316726,10151.742912953052,11166.848578205578,9780.682074687862,11461.54372288111,947.4279980597931,1754371916726,54.93966974055879,-16.369848317690412,-31.785715834184387,87.58130854399008,67.90717216535552,90.74228127548346,10.326898795468653,5.547156804129458,7.929837596338234,1921.7779550561552,11578.493914034345,10348.015783807692,10963.254848921018,11004.59805953175,50.90796573578028,1817.101644958575,315.61098108169057,0.08232931321986481,0.07105467148112377,1.1520999654637334,0,1
1754371916726,10597.808013401514,11923.731395876775,9390.238549583995,11307.26164932625,423.35802735078596,1754375516726,53.26481616417041,12.590355095668201,-22.91050164821387,78.12328409676206,73.62421900668568,116.69463313635403,9.869193594604935,7.787062376052975,7.199726236262603,1965.4718758587712,11561.257498294724,10355.651002256045,10958.454250275385,11010.191700069769,53.58604059979291,1887.0755256439272,309.23154151723026,-0.013460845876010596,0.05663736962353516,-0.41423820452210125,0,1
1754375516726,10664.739204910846,11821.471252776191,9578.563932279354,10959.63275435646,9.310290762353679,1754379116726,49.59602686057919,7.405413383805353,-16.847318641810027,65.78694704605597,77.16384656226936,71.6416154340051,9.444181622374341,7.158666571197263,6.61872693967417,1985.288693332919,11556.302936696577,10396.714154148542,10976.50854542256,11006.275635588085,53.37264321842067,1901.9339312131285,297.42824705376574,-0.030743862285215973,0.02415225584641645,-1.5297180333469942,0,1
1754379116726,10419.334680419288,11354.064562355094,9911.341816216409,10723.602548323672,442.3937407481936,1754382716726,47.217950101467565,-15.569875485753073,-16.591830010598635,57.410922446544134,67.10705119645405,17.15183999640042,9.049527648160216,6.779678982214264,6.268324341640554,1946.533982819045,11556.605117909892,10395.564369980979,10976.084743945436,11006.083935466128,48.00846861375332,1866.6152803054724,297.8006683159554,-0.02153632437537345,0.002095780654737478,-0.31552837124800864,0,1
1754382716726,10701.09758736427,11655.820767327394,9554.099280395825,11433.455105249852,46.06916967546759,1754386316726,54.31302005483593,23.2333913425864,-8.62678573996163,82.60152232262145,68.59979727174051,99.77200727336813,8.847911908674089,6.259769029864135,7.091116281299377,1957.618804541368,11593.527473034375,10381.09752475632,10987.312498895348,11007.464977827236,55.97546602032408,1893.90508306981,310.981720088252,0.06619534375014169,0.0684298553257443,-1.4162498495526532,0,1
1754386316726,10410.731543491012,11537.275673668039,9174.498486397955,10844.596595726971,543.8779211611176,1754389916726,48.489978276189994,6.395575233702402,-5.622313545228823,61.70464880673614,67.23903119196723,-40.30307935525674,9.33382719104317,5.727964977275928,7.853574486582134,1986.5586890219906,11552.114004244293,10374.596206927876,10963.355105586084,11008.169538500173,50.41663886840996,1920.3564877028698,302.02694231040994,-0.05150311118574269,0.013402393692735437,0.016536360858686146,0,1
1754389916726,10504.637287977435,11677.124263482565,9378.70335558116,10660.984431687375,338.55402743705133,1754393516726,46.8049285646239,-21.51645417936379,-8.801141672055817,55.188787855652556,66.49831966167004,-11.314026973341623,9.468292772377039,5.757107123869689,7.211737524956613,2008.8345617990915,11502.209596573133,10354.896154934713,10928.552875753923,10997.506594054395,44.99848980408947,1991.2289143175924,294.27968854433306,-0.016931212002108342,-0.0037557370783203314,-0.6200022845986205,0,1
1754393516726,10007.353044554427,11682.671152462759,9843.144865029746,11063.164388453955,473.43493359404874,1754397116726,50.83506590821709,-11.056919941220258,-9.252297325888705,69.4609832154258,62.11813995927148,111.74819240425998,9.580164225977514,5.398105687285428,6.737172077692632,1996.741113630086,11512.541131976606,10359.37034069114,10935.955736333874,11008.447388896031,54.19189883881987,2000.0725623195121,295.78206702894846,0.03772446712999522,0.03382704687171478,-0.19966279995667613,0,1
1754397116726,10691.720114134689,11628.734015059992,9644.213015989619,11443.774120344817,613.170360743117,1754400716726,54.359150453804084,27.62590652088329,-1.8766565565343054,82.96771411532002,69.20582839546611,116.0137341300944,10.061519350127965,5.0147188687297115,6.97062312433903,1995.8682483043922,11572.560882840562,10384.79401163248,10978.677447236521,11019.869728705047,51.06697261027115,1955.738591541642,304.6557742958521,0.034403333307429174,0.06939414334747762,0.2072697250280901,0,1
1754400716726,10661.342678944724,11266.10136853731,9650.7243843338,10503.830290500322,868.8010958178203,1754404316726,45.65568151578777,-17.363135030827834,-4.973952251393011,49.61184507945953,67.34684747006844,-67.18813894270878,10.508491965410526,4.690571238401132,6.520047324016956,1981.3812117120083,11585.928110837274,10328.031664955837,10956.979887896556,11012.912138155876,46.459165198293704,1943.7521934790789,322.64363065980257,-0.08213582511852069,-0.018441426993280996,0.9253932769602399,0,1
1754404316726,10038.400877326345,11039.006420762818,9866.82148568849,10738.124843253998,661.9015764719286,1754407916726,47.89513957507791,-33.7229253712685,-10.72374687536811,57.69255997479622,63.4240397231919,-40.62349488904844,10.923537965315761,4.4864053186463995,6.236250022772673,1923.5814776664597,11585.773970525017,10328.924830572789,10957.349400548903,11006.804946449296,47.042271572902024,1882.871445390401,322.37500235695785,0.022305630067688043,0.0034528554259747324,0.3753085969367342,0,1
1754407916726,10368.250107395133,11455.566781990108,9893.973057462505,11438.447640410408,434.0488684781807,1754411516726,53.99741466771434,9.71008795706075,-6.636979908882339,82.68302976718505,63.329144940480255,114.22451508660951,10.191740668261003,5.790601881249326,5.869702565586637,1897.725209585113,11646.596913366175,10332.827006273008,10989.711959819591,11024.11917402196,56.79599243874662,1850.469400540638,336.97487107462854,0.06521835119065256,0.06889639615440912,-0.24635696224266368,0,1
1754411516726,10979.031840791667,11890.973884690704,9919.792571779437,10671.085966857163,819.427853670365,1754415116726,47.44116592101288,-17.585890806552925,-8.826762088416457,54.43654756565969,64.93737910254697,64.91323864871535,10.360683437732062,6.99647439465582,5.435410177564961,1902.9720741084095,11617.08775979657,10302.218000844583,10959.652880320577,11011.738265884582,48.7709834099029,1842.9958473614822,337.2569771240404,-0.06708617267628747,-0.002811772051066974,0.9975784237109003,0,1
1754415116726,10420.736562568616,11569.497258518575,9094.849193253156,10613.24345163982,905.5821375731322,1754418716726,46.978135019072774,-43.385437880207974,-15.738497246774761,53.674707875020204,63.5980950692883,-97.60742322308447,10.424132568096384,6.360247941062054,7.9725390284223705,1943.8060734767673,11614.758239641296,10308.319157561245,10961.53869860127,11009.647518882028,50.17903986297808,1940.351004203007,335.0945541330332,-0.005420490041687653,-0.008217020910352368,1.1462358897883085,0,1
1754418716726,10501.945405131843,11832.391041701909,9544.1260019631,11070.187215799804,119.75996643219722,1754422316726,51.043203645614334,-26.652982886631435,-17.921394374746097,69.82751069361035,59.312922044763404,58.74404411790767,9.94528875472212,6.78609721641988,7.310537003145578,1968.4102853526274,11582.385596854288,10314.952400180166,10948.668998517227,11007.510506900382,46.82328287064089,2004.786613933085,325.0897556254342,0.0430541112377274,0.03448331379505798,-1.3116675122943824,0,1
1754422316726,10909.93015815972,11991.624342961228,9740.509521218319,11361.84382329483,531.9329775527915,1754425916726,53.49404498815212,10.02628225479566,-12.331859048837746,78.25925427005045,67.25382427956032,127.36432814221061,9.282383756468972,6.809338440408539,6.719423746325166,1988.6034665233617,11628.986980604262,10311.768490177259,10970.37773539076,11008.683140901398,50.43338875570136,1984.6167550366652,337.8594140360975,0.02634613144380804,0.061737947156728756,-0.05982561306091073,0,1
1754425916726,10717.261875865757,11163.616204138276,9756.926845127015,10977.109817693927,284.51195974244416,1754429516726,49.94228161780475,7.958306836128031,-8.273825871844592,64.97779520893982,71.02152005753352,-29.38615410241206,8.666829115233906,6.411315437695881,6.326656484216424,1961.1972887836798,11620.535430778642,10308.324628662214,10964.430029720428,11006.987798130445,50.13795700365069,1939.0460162988782,336.5749690859375,-0.0338619339945595,0.02578544687058848,-0.761943086502043,0,1
1754429516726,10582.070131124223,11691.777639141983,9606.716201970004,11494.564256684525,47.0611978769474,1754433116726,54.333938197256614,47.52582200495635,2.886103703515597,82.84091582576596,75.35932176825207,81.59778341258658,9.08775522230137,7.841600473503744,5.8483690309164995,1970.0447279542727,11680.795903099212,10338.555358886528,11009.67563099287,11012.061419129695,55.82678735379757,1984.927351372685,344.27743541330216,0.047139406235739534,0.07414036376133071,-1.3887516571090255,0,1
1754433116726,10797.804681341073,11674.293573700024,9166.787335183673,11179.171699537992,668.5466951139854,1754436716726,51.375404101733174,52.82488691465733,12.873860345743944,71.95320308153319,73.25730470541298,-26.665312943148624,8.566334437798089,7.142304621107226,6.891401016568841,2008.434835851564,11696.87166088116,10356.660863222653,11026.766262051906,11012.407646876154,47.95631778965597,2013.9119764858838,343.75681640710144,-0.027438409156147037,0.044667660969314626,0.685675852509652,1,0
1754436716726,10864.366266455972,11979.95544735828,9797.420553941665,10574.074907210448,862.7707774592255,1754440316726,46.180020606604515,8.104753345820427,11.920038945759241,51.064567925003225,68.61956227743411,16.746235661573817,8.622300388581566,7.671703706048418,6.359779944665226,2020.8705542490677,11698.160142162731,10353.80978076064,11025.984961461685,11006.778549077322,47.83147048403164,2001.0375269249216,344.8185921040994,-0.054127157949685256,-0.011877230520899729,1.210077187714254,1,0
1754440316726,10456.888071737267,11985.6007339528,9720.111333514946,11492.832131681975,162.90265447739404,1754443916726,53.81675074319077,46.26642440105934,18.78931603681926,82.78112088439036,68.59963063030892,129.6954065011872,8.513825287907709,7.0626599658176925,6.125798192489779,2038.3433289768382,11703.904801074166,10351.19396272929,11027.549381901728,11010.45802093029,55.96512663602522,1998.6852763918107,346.9630091932005,0.0868877166592632,0.0739785006981668,-1.0422305960137226,1,0
1754443916726,10475.108364931835,11686.67861172413,9086.135771549036,10907.89423678019,812.4136576239005,1754447516726,49.04525452845091,28.9762044162635,20.82669371270811,62.70058960671464,65.51542613870274,-75.23330942773019,8.573010206067133,6.431478621240543,7.757027636414033,2078.500436919571,11673.221597464259,10341.940425084593,11007.581011274426,11012.721878268185,48.91500634694324,2053.043601587674,341.46641585002004,-0.050895887819443764,0.019317411406138518,1.1077925899263068,0,1
1754447516726,10386.050935651836,11243.614791982194,9463.809824674376,10787.402533845483,853.3957335369416,1754451116726,48.09921952027594,5.487648873084254,17.75888474478334,58.55355202686476,68.01175417265658,-89.08653432676806,8.627967630072314,6.034025352856744,7.277657934887835,2057.165046233017,11671.29134491173,10326.647655586024,10998.969500248877,11007.045670590065,45.24039406547553,2038.4210278903483,344.89382912902255,-0.011046284490770275,0.008057741293350684,1.1457838725282314,0,1
1754451116726,10966.706140018461,11798.555838130598,9173.977399521804,11057.879183577885,914.3404426664835,1754454716726,50.41154066155012,8.598881986019478,15.926884193030569,67.86271443051993,63.038952021366434,-20.801624519818144,8.397658481432995,7.384396655794756,6.627257376992915,2097.6945742598587,11676.31025595396,10355.056408069215,11015.683332011587,11003.29529947879,54.449646391739456,2097.8159352187613,338.8944613847404,0.025073380629283104,0.03333315673709425,1.2245375124621458,1,0
1754454716726,10697.16625429035,11107.029134211038,9337.477045712973,10804.307591820865,265.28508908605244,1754458316726,48.24158274681927,-9.289468415927331,10.88361367123899,59.13538387923255,61.850550112205745,-108.69176910416111,8.183799986267912,6.934422040963553,6.223419700795025,2074.2558252768736,11621.79866317939,10346.653249500887,10984.225956340139,11001.802333118958,50.529882485009345,2140.485017606171,327.06789754870283,-0.0229313042354089,0.00963747974342044,-1.0370785360380785,0,1
1754458316726,10083.223066208073,11780.699304171629,9018.081092205686,10586.457507120153,903.9530651898892,1754461916726,46.3939137523995,-40.57704920935066,0.5914810951210594,52.74436194987111,59.91415341987453,-89.3680571592284,9.063428110160098,8.55612371238211,5.645077228120037,2123.4245671832355,11629.78485127906,10312.853152540532,10971.319001909796,10997.476131109013,42.60754747906826,2226.2724809946235,337.7858535201148,-0.02016326199983709,-0.01072010528550138,1.113538002739008,0,1
1754461916726,10862.959623313018,11910.196124144697,9400.329868410758,10501.428343079177,320.66275473643225,1754465516726,45.65885425739202,-71.41064782616559,-13.80894468913627,49.88483858429131,53.921528137798326,-37.90831026431785,10.061813273097965,8.27303494898239,5.174591493482422,2151.027544936857,11640.261156180337,10286.421238778437,10963.341197479387,10988.317777767139,48.33021873992222,2264.749976910529,347.2526118607754,-0.008031880729109542,-0.018665883407554262,-0.8681915836692717,0,1
1754465516726,10480.559940836269,11382.833394768435,9549.87692115621,10949.583352920263,552.3380134555028,1754469116726,50.14255415719045,-59.003971908126914,-22.8479501329344,64.95625245147536,55.86181766187926,-25.73941520410051,10.988885210111698,7.764109157614787,4.856270213920013,2128.3081826993835,11633.040962173487,10282.283329231916,10957.662145702701,10980.950174938562,53.07409726368364,2218.9148632210154,346.4620225779594,0.04267562422938753,0.023213162595622894,-0.09475761316377464,0,1
1754469116726,10068.753906422487,11630.63529498308,9619.582592827086,11336.863422226592,50.50747083228213,1754472716726,53.69796201542746,-17.71709525379265,-21.82177915710605,77.98044738147767,64.27384613908144,66.36310140818948,12.213997148736969,8.072951742427003,4.527209400007855,2119.932791231998,11613.769555464161,10290.863666129419,10952.31661079679,10979.089008120181,52.468820073116724,2199.1139819651,339.3182010758511,0.03536938866290673,0.05940358662846945,-1.5862025330971672,0,1
1754472716726,10549.71725516331,11430.142732096827,9663.49034512871,11072.315185630077,43.881088368743605,1754476316726,51.021406618854655,-6.271486033696419,-18.711720532424124,69.22394259924661,70.72021414406656,7.094021462996813,13.351601091746147,7.586618553300825,4.254479888474083,2094.6984766417213,11610.772745970757,10350.7089651358,10980.740855553278,10979.633643575586,47.306096599602476,2164.509522338329,323.19954034580934,-0.023335223045719333,0.03468216763905918,-1.4308033730788317,1,0
1754476316726,10417.164278975702,11437.76505498813,9836.29131310246,11499.20729894344,720.3732127322029,1754479916726,54.92572418503933,36.82141326099372,-7.605093773740555,83.60942828594057,76.93793942222162,80.70041967531515,14.420052518563287,7.1916643588828215,4.0181692986674715,2059.4681384448604,11676.926198231602,10360.663758443901,11018.794978337752,10986.388465447983,54.820013746029325,2164.263576889604,337.6141922212423,0.0385549098048974,0.07457424528911893,0.6301682087947108,1,0
1754479916726,10877.749404862625,11310.37088910812,9215.46290727573,10786.8466456472,444.47997797779107,1754483516726,48.04334579434393,13.337548191764654,-3.4165653806395135,59.6041734166976,70.81251476729493,-104.09154771896088,13.841281696389997,6.626429849882896,5.838958718349177,2075.487870817921,11622.162409517516,10350.267447681666,10986.214928599591,10974.059925916146,43.69330043913773,2178.455216496442,326.2341742424386,-0.0619486747892346,0.008005794830816093,-0.21266836235739284,1,0
1754483516726,10203.994603609388,11762.129620450325,9120.481822438467,10780.455064760055,256.29237536921755,1754487116726,47.98524747855783,-5.723355943977367,-3.877923493307084,59.388788797258954,67.53413016663237,-52.74289376331284,14.096231731399223,7.560541470680644,5.318266094841727,2115.927865617488,11618.5133080339,10364.853458955571,10991.683383494736,10977.69809018309,46.2398268580292,2188.0367564604067,321.5569665081765,-0.0005925346949957611,0.007408516424622036,-0.7081754942284324,1,0
1754487116726,10826.464609492183,11936.176564166504,9851.537171897926,10659.749460233945,190.4134960249102,1754490716726,46.833413358359564,-30.22082642911664,-9.146504080468997,55.3212300580337,58.10473075733008,45.99835723337893,14.609228252864147,7.6160871711158356,4.9436114996864,2113.6929746639944,11615.528430744453,10372.48893710443,10994.008683924441,10976.251507830446,50.88921105622136,2181.0442206641187,318.83290281538837,-0.011196707727179511,-0.0038711422956559938,-0.8249093026262688,1,0
1754490716726,10557.688691185453,11940.75085923446,9156.61281489265,10664.063588265335,669.953490859218,1754494316726,46.88248947505285,-48.725457462787745,-17.062294756932747,56.31777201202505,57.00926362243923,-44.518375243963426,13.633622472781227,6.91540198041061,6.785144401258125,2161.58190821241,11610.294641334362,10337.110363761074,10973.702502547718,10965.354779470721,39.382941438543064,2218.090552371544,326.5648767513424,0.0004047119538299615,-0.003467997039388049,0.6226339786998335,1,0
1754494316726,10054.610303213469,11174.781284874934,9974.760081336195,10785.186596010048,0.40154402533987277,1754497916726,48.32471310987105,-53.00587765525415,-24.25101133659703,60.46203111071372,57.36701106025748,-13.956348093902248,12.727702819847085,6.632177986031429,6.507255175843965,2092.8990007357193,11560.41909331258,10329.320189054379,10944.869641183479,10954.583622152675,48.21603843987588,2118.0532926118044,315.7702062611671,0.01135805377961141,0.007850667043342474,-1.3824801532113897,0,1
1754497916726,10971.845301325484,11874.743649656566,9842.538229398637,11292.840045273528,805.8911691968542,1754501516726,53.96624069868589,-15.258856182119416,-22.45258030570151,77.83154219918566,64.87044844064148,132.1058078071978,13.044927802086269,8.5650950979015,6.054993620125444,2088.5637449873057,11594.622292729735,10326.690012395182,10960.656152562458,10953.299842491535,56.60469290604678,2136.0818963939555,325.2177678833045,0.04706951008629612,0.05528970418121926,0.9872589646202006,1,0
1754501516726,10512.615244103199,11737.431441427121,9500.8766058896,11405.756790636447,79.24960612992882,1754505116726,55.13939369106917,23.496514758055127,-13.262761292950183,81.69502163284444,73.32953164758128,82.8744495480115,12.676237888183438,7.913251461568403,6.756773898938964,2099.134537169464,11576.25250566557,10336.17905285454,10956.215779260056,10963.112834767164,54.74103819846548,2108.365924746007,318.0721293949019,0.009998967922172808,0.06584151208192646,-1.208433474408002,0,1
1754505116726,10290.876854231583,11252.837400690289,9981.421424922026,11475.087169707682,191.48961490811945,1754508716726,55.88281652289297,59.12327134925363,1.2144452354905795,84.06718080913471,81.19791488038827,81.5160193312841,12.33388296813081,7.520708334625313,6.421598760474291,2050.9345963512465,11624.826142636663,10317.196962900412,10971.011552768538,10980.827780115478,59.6250525087171,2083.707587404318,335.3998077410652,0.006078542646828167,0.0723202751678762,-0.7902522129703705,0,1
1754508716726,10469.406841989257,11067.284612921514,9097.376729108004,10732.289654096452,386.2363952990896,1754512316726,46.912792739422436,27.107700238337202,6.393096236059905,57.49904339587338,74.42041527928417,-143.3004949897935,12.370318856176013,6.904931722444717,8.940060167547498,2074.2757280832775,11616.973297264185,10340.871282961498,10978.922290112841,10976.717943651416,51.818583766043595,2056.2141751638706,327.3132604317039,-0.06473131790859865,0.0029075705361483184,-0.14076628454051504,1,0
1754512316726,10857.85778351749,11267.997266884378,9303.065761175101,11381.297545614092,484.8587397161036,1754515916726,53.87874707407132,53.48806521280494,15.812090031408912,80.32431582981705,73.96351334494172,-2.498150921652452,12.042503663143426,7.129730599749569,8.332860285461472,2066.4654264851347,11595.073147686178,10351.61797393271,10973.345560809445,10989.729202759558,59.6192603676933,2017.2902644478236,318.9395225148353,0.060472453915732416,0.06355585237713468,0.11977402826826834,0,1
1754515916726,10304.903124385064,11912.208236781526,9638.224415040611,10828.255089277338,354.9951158139418,1754519516726,48.088166117566466,29.429544784596146,18.535580982046362,60.874098200097045,66.23248580859583,53.00838072590565,11.660196019408177,8.784207506012386,7.682549106611041,2081.2881690034046,11593.731477502037,10344.99572936657,10969.363603434304,10990.470375445173,48.70330453092946,2048.792217885587,320.2939612654623,-0.048592214914008225,0.011875317825373655,-0.23010657609872429,0,1
1754519516726,10192.6763964867,11633.178674895773,9350.00686847318,10612.840544516885,320.7121649842939,1754523116726,46.01376081193265,-6.939169033603321,13.440630978916426,53.298079888680775,64.83216463953163,-59.165730949667534,10.842165019805346,8.100638624970342,8.067048311201178,2095.708428819061,11599.642777342333,10321.628230593413,10960.635503967873,10977.28183519876,41.96690169954736,2068.2292967617727,327.8038146535783,-0.019893744927912405,-0.008254671646294676,-0.27051111959614266,0,1
1754523116726,10129.071246930882,11721.054660897871,9928.372551980792,11370.024925520165,963.9160120731884,1754526716726,53.59186875043852,25.048076106628287,15.762120004458797,79.927863601653,64.70001389681026,123.0341996206978,10.22198890597934,7.903156353242774,7.569004190747099,2074.063691683205,11638.801934715048,10313.683647414928,10976.242791064988,10993.171791988643,52.977612853029534,2070.08856261527,339.88566918052015,0.0713460621430404,0.06250245218049888,1.9439844712210332,0,1
1754526716726,10297.859398390212,11257.152351109096,9065.626088177818,11136.105634643618,641.5796812433942,1754530316726,51.20073966319829,31.163631561312286,18.842422315829495,72.0135545875762,68.41316602596999,-79.67804586011437,10.58807272688342,7.280889528373537,9.920871770307981,2090.5162020874295,11653.954922922898,10331.710463489351,10992.832693206125,10989.342280331904,46.222540018602366,2120.2974980050326,339.1485478858393,-0.020573331405062456,0.04064323711309803,0.7595361142624236,1,0
1754530316726,10780.048087040044,11719.38815557482,9549.411832060965,10664.730896081062,23.43295536738821,1754533916726,46.6808500688674,-2.002663185008714,14.673405215661855,55.61862302468197,69.18668040463704,-22.40657938087749,10.186656994788091,8.317606981592217,9.187294692718652,2096.19192504646,11649.067859213605,10344.424866094732,10996.746362654168,10984.083516537043,48.66252958014807,2112.1712074226148,334.6338670348859,-0.04232850819016509,-0.003405638672083655,-1.246238155735917,1,0
1754533916726,10471.626365195261,11028.121506277923,9590.866267395115,10929.831257513002,430.17590844431317,1754537516726,49.38694390318707,-6.817222394138298,10.375279693701826,64.83910500517398,64.15709420581071,-71.6021808093294,9.813913814985286,7.900895176063802,8.727011564675069,2049.1250188919134,11630.959770788775,10405.373245962948,11018.166508375862,10980.75886306529,51.5482977767776,2026.143167484825,314.35631076964336,0.024857670016723565,0.021367375102333108,0.17587177632742962,1,0
1754537516726,10227.48160369354,11375.321345773014,9652.728123777224,10787.257694877067,875.0086997439702,1754541116726,47.97667116158758,-21.88501341049232,3.9232210728629973,59.880239773612665,60.11265593448953,-35.27416786596104,9.303032150225684,8.645219877615217,8.196953556526793,2025.801319113619,11630.513868609949,10389.586582337455,11010.050225473702,10984.710972338116,51.315670124512536,2000.2827267510547,318.2911330568392,-0.013044443164475394,0.008044206427761269,1.588816641055296,1,0
1754541116726,10166.18499960975,11626.753348542332,9255.666223331815,11236.794568710196,301.45618641066795,1754544716726,52.57508953161442,2.4196304398574284,3.622502946261884,76.27282007643342,66.99738828507334,8.715124156684896,9.050928087375079,7.931145835335612,8.903082690448995,2050.464590977683,11616.435547024905,10393.65801857086,11005.046782797883,10992.699682145178,55.41233854828951,1970.779089670248,313.63581840250924,0.04167295215786093,0.0500523844152343,-0.3704884563210539,1,0
1754544716726,10332.72947651038,11146.09656554132,9364.566427519865,10953.416230624269,94.55634477438824,1754548316726,49.598849478123086,-1.171523204928235,2.66369771602386,66.31778195378767,67.4902806012779,-75.50607537851226,8.816831457585229,7.410647552142943,8.318798987726614,2037.7334159928723,11610.070726716931,10388.132943378252,10999.101835047592,10999.973988377364,51.54247682854725,2018.793870931076,313.42042832510094,-0.025218787827181455,0.02357133612524054,-1.1023011635998163,0,1
1754548316726,10939.924372885709,11823.003574446935,9843.680529664978,11489.279945106386,758.3847715899178,1754551916726,54.80859128255265,38.775208550065145,9.885999882832117,85.14259313111366,75.91106505377824,144.16543834365586,8.830501707022137,9.273060649994347,7.740447284748147,2033.5612466206642,11607.96235947774,10389.248575233738,10998.60546735574,11000.528712821868,51.791863738300634,2015.0165583970777,312.5934900055312,0.048922062596682414,0.07364655710332935,1.1884959258563108,0,1
1754551916726,10343.026712590025,11235.031298811919,9194.94276897016,10554.744982259595,606.0138319360813,1754555516726,45.898191147466335,-4.919174815424412,6.924964943180811,52.312521344666386,67.9242988098559,-131.14741790604822,8.537807323781333,8.532543463936532,9.380319941831496,2052.1880987289182,11620.412711574127,10353.58805679859,10987.000384186358,10985.478379480539,43.249215921315496,2019.1438684398424,324.9336679218625,-0.08133973297820418,-0.01368356716442376,0.6285094243537723,1,0
1754555516726,10988.124075954634,11652.281112818446,9826.867847173362,10855.015266136246,570.3125078265039,1754559116726,48.779525448006176,-15.143422045344778,2.5112875454756933,62.86097096604612,66.77202848060871,34.74299032514913,8.190627114357875,9.449947798048953,8.779595642407017,2035.989896365787,11620.099036033489,10361.357752476846,10990.728394255168,10983.386029716132,45.25503515109069,2047.792289863461,322.8603269512486,0.028448843092026,0.014375994272402437,0.45460627686502414,1,0
1754559116726,10485.230455765357,11405.197142575329,9562.655422902742,10981.900167109978,53.57655960740792,1754562716726,49.991539411633376,-12.859425101703891,-0.5628549839602237,67.31841833098412,60.83063688056553,-10.923155894551785,7.727387555649156,8.834911744612159,9.14145797641434,2022.17216945913,11617.717072309064,10395.954786888877,11006.83592959897,10988.551982091858,52.10887861640277,2009.5659526543834,313.375414058799,0.011689057809947778,0.02623309391047579,-1.257427831363391,1,0
1754562716726,10179.16391829015,11596.043595477648,9762.187511194083,11003.13355474832,140.49900979551734,1754566316726,50.203890000560854,-9.229591159306437,-2.2962022190294666,68.06434402467109,66.0812444405671,38.48488810045792,7.335621419913147,8.937417930809442,8.54533884822872,2008.7210205180181,11614.153935677712,10433.424920168525,11023.789427923119,10979.945551081826,46.4258818255701,2000.203422552547,302.8506023978102,0.0019334894066815878,0.028217304726337877,-0.8759567785574193,1,0
1754566316726,10891.14009179351,11107.450552628909,9713.607366263472,10815.935822385636,622.5493962131138,1754569916726,48.25831440049061,-21.21367608055516,-6.079696991334606,63.477334638576565,66.28669899807726,-51.79996097644753,6.8949444694209046,8.48454189706755,8.288938937763337,1964.801175221405,11613.35338426971,10437.300394214086,11025.326889241898,10979.372335615002,49.874917765636816,1937.336234311441,301.6512271755224,-0.017013129162819274,0.010724110913582718,0.6482057788933137,1,0
1754569916726,10460.355373134827,11016.912799921607,9207.511495384879,11229.240249097567,207.8238414588358,1754573516726,52.623731540867276,2.6089885887122364,-4.341959875325238,78.46637508625045,70.00268458316602,-69.53280254643579,7.082572940949817,7.923265057165764,9.590920839160765,1953.7011844582137,11605.017539840974,10439.276259025228,11022.1468994331,10990.737451963207,56.0167585933299,1903.4954841767362,299.00632956224365,0.038212544295660456,0.04934645077256006,-0.7070110396385481,1,0
1754573516726,10709.671343504524,11909.564427380301,9568.812736433872,11374.747073488974,504.07007974842435,1754577116726,54.09221646045423,32.8511193939903,3.0966559785378696,81.19448138100968,74.3793970352789,114.3831891898109,7.20403879009586,10.47271188348496,8.781588428430092,1981.347649207372,11599.528736258566,10441.66409089289,11020.596413575728,10996.969105663906,50.052344087790416,1942.6433114645474,296.9860151974842,0.012957851213763139,0.0629437259533614,0.2878039892906023,1,0
1754577116726,10983.711583209151,11269.630008767183,9867.723152805092,11438.719301977862,544.8816860293934,1754580716726,54.75620482358558,61.273922503860376,14.732109283602371,82.65522107127826,80.77202584617946,80.17711012153205,7.316828507160042,9.893841842852712,8.296193765907454,1947.4673828842656,11592.19095037845,10445.36509000002,11018.778020189235,10996.868009296564,53.48574438467512,1885.687960274657,294.1546265899256,0.005624057227433976,0.0689217822976651,0.38037711385590584,1,0
1754580716726,10050.175350319974,11819.67700278046,9432.116236801929,11305.093376799527,283.5071902709394,1754584316726,53.030818305087365,72.18460415686968,26.222608258255836,77.73276991627658,80.52749078952151,68.82303119802434,8.116744374820538,11.02659630136151,7.58123522211414,1978.902624533856,11617.945617905669,10476.89079474311,11047.41820632439,11012.893271022549,57.99856503341912,1901.229706164991,292.6743867767847,-0.011681895643267604,0.056434749586048216,-0.5834004425364544,1,0
1754584316726,10096.694559787567,11999.3503004722,9966.590770223316,11350.580197306599,948.4251555414928,1754587916726,53.56717988545436,83.53882071569387,37.685850749743445,76.86605474140485,79.08468190965323,146.44251504699554,9.070077639576445,10.866389879326222,7.026059990216724,1982.7495463706437,11612.961211487704,10478.803466330324,11045.882338909014,11025.142378103603,55.560504811767544,1943.7657269768533,290.9053235952955,0.004023568757107299,0.060685387438405014,1.6761174282889675,1,0
1754587916726,10720.456741462756,11211.431257998911,9452.215100101717,11050.545300619995,842.4641068355752,1754591516726,49.54796383538074,67.54815736409546,43.65831207261385,66.16736372320231,73.58872946029457,-46.17669668830163,9.084763363753346,10.120986472465471,8.40278144782497,1976.7220857159464,11615.222917508145,10498.77078144415,11056.996849476147,11017.384331307792,53.34050844386203,1956.3208609203596,286.3639306852225,-0.026433441416307546,0.03264782238841857,1.1827390266285056,1,0
1754591516726,10281.825003295471,11265.170741183356,9142.785636667884,11325.888226426814,722.3735076327985,1754595116726,53.03087110013973,76.21475813744291,50.169601285579674,76.42405639967264,73.15249162142659,-45.13124313697005,8.621982943217246,9.348851073109826,8.87399336354121,1987.12658705877,11623.250329439688,10562.048137703598,11092.649233571643,11030.480376499188,51.182668372493765,1938.556430870714,272.1926189766373,0.02491668223751553,0.058377980042133126,0.7126516051073233,1,0
1754595116726,10184.301396950099,11662.859787634665,9389.434680077673,10803.503909147952,77.99386640940908,1754598716726,46.47562048156212,40.46460228648357,48.22860148576046,58.1369045666327,66.90944156316921,-24.992007312212607,8.73418622417063,10.007605263990355,8.156199705933114,2007.5764813800713,11593.153600889967,10535.492764616098,11064.323182753033,11034.285585649348,48.128736029632094,1967.2133570397611,271.28428046631774,-0.046123033075673225,0.009562377462085658,-1.2948739204623119,1,0
1754598716726,10039.36187981973,11965.448634600622,9951.702406390537,10898.478762109215,106.13001930901945,1754602316726,47.74044259329606,19.570427399745313,42.496966668557434,61.4616972508206,65.34088607237531,92.22572698387464,9.223268891002856,10.367096616086553,7.571951844136307,2008.0171775822148,11584.952192202412,10519.931486050215,11052.441839126313,11030.851416575539,41.71329771284932,1969.6721558560555,273.1720472586495,0.008791115712083242,0.01843755714092077,-1.0841778870983576,1,0
1754602316726,10021.846711986202,11915.814348190745,9319.720849339854,10816.913013818545,492.7813458649557,1754605916726,46.719365295711825,-3.5293468327054143,33.291703968304866,58.60631822425089,59.401640013901385,-8.240666324195017,8.69572641461158,9.429338600815306,9.08903129106557,2050.0226291014055,11574.216767100193,10545.885122926184,11060.050945013189,11019.952800386012,54.83386414012521,1991.2261789071033,263.76150142166676,-0.007484140683399754,0.010815427186020132,0.11670955306207871,1,0
1754605916726,10774.48560311979,11502.875520065585,9868.098159867062,10967.387335447926,160.71334919098567,1754609516726,48.891105729630304,-9.583590482194268,24.71664507820504,63.87398548682153,61.314000320631,24.934170334771554,8.205865543676822,8.884356091392688,8.563717343722823,2020.3622527511995,11574.450225062406,10549.40727275746,11061.928748909933,11019.758350741093,52.19306280711343,1977.6093285180634,262.9179697555827,0.013911022621440283,0.024876903459705613,-0.9633826788745959,1,0
1754609516726,10134.43342736955,11795.110282526724,9881.25068168189,10785.579616238636,978.2654635294741,1754613116726,46.42869975258382,-28.720908942423193,14.029134274079397,57.50942733370198,59.99657701492479,37.42237155545256,8.171315784327353,9.318021338639667,7.982078413684987,2012.7549204721738,11574.546674893765,10549.143015062258,11061.844844978012,11005.578657932174,46.24900376219773,1982.7034628875094,263.0104892840037,-0.01657712212111495,0.007887393871943926,1.7323558357896687,1,0
1754613116726,10467.720615971151,11135.745853099901,9350.18652433196,11461.611442254447,158.52023402740946,1754616716726,55.419773754626604,10.54123404233178,13.331554227729875,81.1753304578933,67.5195810928056,-30.818828274842524,7.843979598867707,8.722777600476038,9.372133233194042,1996.5266639218714,11609.927309084811,10536.244068225638,11073.085688655225,11011.227452786505,57.006699986516004,1979.2536946363937,275.3939405295353,0.0626792300525032,0.07106099969946134,-0.9205669700596586,1,0
1754616716726,10605.896815179483,11977.438184204013,9083.257658050632,10812.844628005669,487.467835463974,1754620316726,47.22788493653152,-10.571433804754633,8.550956621232974,59.311797739003275,65.99885184353285,-45.3040339714845,8.151890310072975,10.765270739818124,8.431905843747584,2060.6447969384076,11612.575404433363,10519.538812615225,11066.057108524294,11016.002847202408,49.95859947992221,2086.4206474783896,280.3579703105862,-0.05660345558889135,0.010435245969979245,0.08077480212314427,1,0
1754620316726,10428.351800568846,11964.353234035987,9724.557909158819,10598.04453811094,364.12105684150544,1754623916726,44.86337182121719,-44.127275513536006,-1.984689805720821,51.94577353353238,64.14430057680964,20.199565370923487,8.437807399049294,9.93462944584265,7.78130546870786,2073.4412632197477,11568.05080799308,10474.939868355963,11021.495338174522,10998.107095330988,41.07162895055915,2117.1630775027065,280.37704012378634,-0.019865271099742676,-0.009637324119949553,-0.2730657419581677,1,0
1754623916726,10027.106652336233,11163.728957879172,9311.512299013986,11026.817166050414,639.386421454098,1754627516726,50.220934356774066,-35.710505671813735,-8.729852978939403,66.64944315300696,59.30233814184752,-110.65789275514767,8.065537772951945,9.295857059617711,8.71482652948331,2057.6395057658506,11548.019264653536,10542.178630074588,11045.098947364062,11000.485553916393,45.44360711373198,2082.267718068332,257.9926791813989,0.040457711457768664,0.03043048325934916,0.6641921403735784,1,0
1754627516726,10783.50150258791,11299.423124803106,9782.923614257572,10557.099078445177,129.0364088894249,1754631116726,45.05589558103366,-66.17960175097505,-20.219802733346533,50.54165285951423,56.37895651535118,-79.5058698743408,7.909217768269158,9.277186236775233,8.24726417327323,2018.9866489643994,11570.983794283713,10489.422481675307,11030.20313797951,10995.879484808385,39.563628218993294,2082.944545915593,277.41462329725766,-0.04259779413513942,-0.013463582337104874,-0.9843452066303168,1,0
1754631116726,10010.513224541653,11100.154997506766,9442.654848260434,10610.54316630858,430.3164280423909,1754634716726,45.73967847092245,-85.03387113727331,-33.182616414131886,52.37438228264472,56.52182609838862,-137.88135869743036,7.44541389166304,8.72612697631362,8.976793873230617,1993.166184698823,11582.442541728287,10440.828034150592,11011.63528793944,10986.932764463,41.61901064767093,2030.7973590061504,292.81794280026656,0.005062383848658092,-0.00846935631021517,-0.04109216073678866,1,0
1754634716726,10761.889894377484,11271.71759889818,9485.266742342621,10719.389389196247,274.70503280714365,1754638316726,47.18140326226728,-90.15379807695354,-44.57685274669622,56.53177873186014,53.14927129133969,-82.96720406033087,7.073627697493127,8.782718973122044,8.39780527544921,1978.4008041171612,11582.326606055229,10412.569553268442,10997.448079661835,10985.234400410507,42.49826326842878,2013.20388231377,300.03635333954315,0.01025830828654306,0.001702070708309078,-0.6216762546857821,1,0
1754638316726,10893.304493788122,11815.955789415206,9777.909406748537,10964.350249882142,887.751524671688,1754641916726,50.376993573835506,-73.59670581740647,-50.38082336083827,64.99568962035849,57.967283544954434,62.631727060959506,7.494138688049422,10.098563353353939,7.781205560103641,1982.6612025849831,11584.085837709568,10425.651764363756,11004.868801036662,10992.792255265746,48.961978276043816,2023.1811169896116,297.1320703926568,0.022852128212898393,0.0245930948592612,1.445222721156532,1,0
1754641916726,10432.839921057172,11378.31560716526,9382.363331061628,10933.250932309027,40.585712134695086,1754645516726,49.963700925322,-62.26677333137377,-52.758013354945376,63.92114305036797,61.81620380086219,-60.72646501090973,7.246818631838339,9.372749423573419,8.64628365284712,1983.6105649791723,11560.659900575629,10419.478769818837,10990.069335197233,11001.428707050343,44.97603922820835,2014.1502006744802,292.70678399113154,-0.002836403148781974,0.021686935778782113,-1.3571780356043306,0,1
1754645516726,10535.542473097797,11088.396967146758,9443.127345322915,11299.691862002792,913.7274940064592,1754649116726,54.681493316684666,-23.448697666390217,-46.89615021723435,76.58244480339982,68.49975915804208,-36.417758293898366,7.01716429392805,8.810610915418602,8.127715538621164,1959.4433547537915,11547.649888977921,10424.983260267927,10986.316574622924,11008.430877231995,56.612835369257894,1969.2819516935413,287.95791441621907,0.03351619129227967,0.05592999055916681,1.3682722407817336,0,1
1754649116726,10476.983392617654,11342.225524778905,9376.190468769622,11239.474653884114,832.9941385530004,1754652716726,53.78404706601457,2.427894274391292,-37.03134131890923,74.50181411797705,71.66846732391495,-13.138357792966454,7.184776071306593,9.104387838243609,7.545351351775483,1959.914190557755,11511.688128357531,10441.020556078944,10976.354342218237,11006.483101865144,54.58704410108069,1965.8740108220554,274.6204378593491,-0.0053291017891531345,0.05030283215725739,1.0408535259201748,0,1
1754652716726,10389.20861862344,11981.38333424128,9367.34051527728,10926.318293990702,297.57071644081543,1754656316726,49.25655766729428,-2.307225014494179,-30.08651805802622,63.59491760766649,71.55972550968112,42.75152977473543,8.188119735865696,10.532381470719889,6.84325750054743,2006.6376640153442,11471.258372985414,10443.572803170178,10957.415588077796,11003.563164032355,51.38539026944669,1967.1561051158492,263.5957868451821,-0.027862188361730267,0.021039096810833158,-0.5800738477676258,0,1
1754656316726,10887.42453537036,11629.683595259203,9525.946576901459,10833.704207575629,789.2906546771047,1754659916726,47.970447337688796,-13.378801436168942,-26.744974733654765,60.39926301007821,66.16533157857391,6.736759225260736,9.119795995813432,9.746381476250896,6.332565747449303,2013.5733321826585,11414.798462996907,10448.345114185591,10931.571788591249,10990.253102205,48.28200652414741,2000.6532235557934,247.89005354515277,-0.008476239106635641,0.012384525289041326,0.9606414998478532,0,1
1754659916726,10893.933510669991,11416.160946406158,9808.79944450115,10816.468784061499,31.21356033874756,1754663516726,47.72072877185238,-23.27555405329622,-26.05109059758306,59.8045536896465,61.26624476913039,14.68432915894949,9.984923951479187,9.182529518946197,5.966211362474678,1984.5582014485408,11402.339621742969,10437.396303783677,10919.867962763323,10990.845544973286,50.414496861880195,1978.7605022029488,247.5027388038637,-0.001590907706532918,0.01077391494578439,-1.2647550188579268,0,1
1754663516726,10335.816364641534,11166.53851349727,9361.768311922566,11273.99508729401,966.8655502933937,1754667116726,54.49299616068745,5.733653174664141,-19.694141843133618,75.59152617987655,65.2651142932004,-38.69848280283745,9.899448793103035,8.58216944254519,7.195578113759016,1971.7162014575526,11391.470190975999,10443.07642063737,10917.273305806684,11000.716345423965,47.32557247839595,1980.1327074034318,243.25786940496366,0.042299045313817674,0.0535286865761011,1.514821814575661,0,1
1754667116726,10615.069754014698,11986.176797283695,9524.254720537736,10552.07240622127,526.5949425897893,1754670716726,44.66191621593488,-29.19294994512711,-21.593903463532317,46.381896047516456,60.59265863901316,16.550221886571684,10.917986232770625,10.747567466424668,6.565023337442645,2006.7309068352959,11403.015037913947,10406.38842340675,10904.701730660348,10998.562804343712,46.35869706592863,1949.2571038743301,255.6293328990752,-0.0640343263841191,-0.013933313195145236,0.15617982275117095,0,1
1754670716726,10926.907562145863,11820.84900926313,9670.7273254426,10512.821649510606,303.28102606544525,1754674316726,44.19506728275766,-59.35552899373397,-29.14622856957265,44.9143939837602,55.62927207038439,14.571491720352366,11.863770998176244,9.929206180453063,6.065137111313151,2016.9731051913839,11412.23487007414,10358.6028799867,10885.41887503042,10995.537965568616,48.74863789740317,1942.8518437988557,270.2509032235285,-0.0037197201838307103,-0.0176012053526563,-0.5705759011298233,0,1
1754674316726,10962.058498941351,11281.47730245092,9269.439446303655,11295.544391926647,362.5832125946771,1754677916726,54.425721807227326,-19.87134191322548,-27.291251238303218,74.57860970226261,55.29163324451307,-23.10807224121665,11.967519494488254,9.22158887676895,7.054256610739025,2016.6205874025181,11464.279439385347,10354.4214484863,10909.350443935824,11005.74512148695,53.57430354744469,1954.2676436047188,284.6725681377857,0.07445410647221218,0.055542419102190044,-0.36290278362735867,0,1
1754677916726,10508.959040422047,11070.06869572119,9277.522804902392,10977.146375989048,66.40535346049737,1754681516726,50.37965453637466,-14.109255393172134,-24.654852069277002,62.85874227294562,60.78391531965613,-137.62409124058067,12.063857383920835,8.562479058391892,6.550056103036662,2016.7206588040706,11464.987780477724,10354.689011448037,10909.83839596288,10999.431248101258,55.82132079221842,1990.0906490674845,284.78562534281326,-0.028187930115627702,0.025788863158456854,-1.2516209083002945,0,1
1754681516726,10452.824805284326,11056.625557377558,9933.413127023454,10630.881138553576,989.3495140420392,1754685116726,46.34458414397672,-37.05630905016733,-27.13514346545507,50.11311423825317,62.516822071153776,-58.304875223258925,12.153313995536802,8.210713201080402,6.2809650974049624,1952.898642486216,11468.166104975184,10336.040839182073,10902.103472078628,10983.933735059602,50.26069937320681,1951.9272405751824,290.38400363809546,-0.03154419423547805,-0.006568819985603769,1.5761594752664798,0,1
1754685116726,10278.694315928526,11120.378149505534,9723.534573331088,10735.5659345945,39.291945150692456,1754688716726,47.708190453350895,-46.26155187161203,-30.96042514668646,53.96644205454578,55.64609952191484,-62.21901268574246,11.799566865913386,7.782515142941978,6.736986968143252,1913.180423463947,11373.829345630355,10357.773047760904,10865.80119669563,10969.14331035734,50.20757817687335,1924.0981491193888,260.61294152846074,0.00984723605471216,0.0032137313481093166,-1.286680874104519,0,1
1754688716726,10958.87187319041,11580.768583614421,9577.18667622331,11432.503953097383,654.907123147859,1754692316726,55.76772470230213,2.649755677304711,-24.238388981888228,79.61993477262057,61.233163688473155,161.3913747186545,12.22059944842854,8.915397714465493,6.234730534384018,1919.6376723158871,11460.630193802172,10332.938132098261,10896.784162950216,10983.147596337358,55.38296804607498,1921.6364008854205,289.24691078162203,0.06491861004337518,0.06834097236365655,0.5290723821640871,0,1
1754692316726,10142.814304472868,11928.763421205493,9647.720054420612,11359.502975624899,442.7359277064583,1754695916726,54.814725104656134,35.11694423574954,-12.367322338360673,76.9328521421944,70.17307632312024,206.2729167046032,13.107073739401853,9.446419085202699,5.7125717447505675,1945.452364777958,11515.45748459988,10354.256685051947,10934.857084825913,10982.711704937574,54.85439382066696,1942.000050219795,297.841720690038,-0.006385388342919018,0.061519200372462945,-0.11389760341565527,0,1
1754695916726,10579.829576047725,11496.743428005984,9029.299443103419,11209.785050223973,948.9162181887151,1754699516726,52.82108430787646,48.210696843734695,-0.2517185019415997,73.74284915936398,76.7652120247263,-34.77614369602696,12.693705910192138,8.606724680735738,7.432654307778607,1982.7374805011443,11535.772154063798,10352.238804005385,10944.005479034591,10990.342304156506,48.92292357630368,2000.7267904397038,303.5698990326878,-0.0131799714936639,0.04752840757157695,1.2934035087132598,0,1
1754699516726,10282.550267518638,11842.945482456198,9618.102965561697,10982.225230337326,245.99974030679516,1754703116726,49.8531857549608,39.76700517135396,7.752026232717512,66.04689857944106,72.24086662699979,97.5609711163085,12.821389185916386,9.159273287126538,6.842074611072143,2000.030697386384,11529.826497304082,10400.697075954315,10965.261786629198,10997.729997872915,47.03697500759233,2019.213037645791,289.61558575182505,-0.020300105565547844,0.026263470314963788,-0.7442126262603069,0,1
1754703116726,10279.008290347796,11445.886619859808,9509.508873224202,11020.323626191386,532.0868239380113,1754706716726,50.356110875705326,35.737580252049156,13.34913703658384,67.33536581330176,69.04170451736893,-2.55504728742466,12.731941563901488,8.524417910377798,6.756544637447254,1995.4840580470425,11526.579260799093,10444.922358447586,10985.75080962334,10990.73597188634,51.1560112008866,1970.808389622334,277.4391415490326,0.003469096203637889,0.02982367702376565,0.0719381160212128,0,1
1754706716726,10404.968587376188,11708.583545767826,9545.749679779436,11475.244535283959,482.35620858275297,1754710316726,56.02710192298204,68.46334458473939,24.371978546214955,82.72054600853134,72.03427013375804,139.60663198380504,13.041457155121401,8.80312405741947,6.236575319196963,2007.4376157571387,11589.682581495996,10457.404552359454,11023.543566927725,10997.518749899147,57.24373608461385,1975.0295930245231,290.42318660893375,0.041280176927961376,0.07233498061591037,-0.1041255567655582,1,0
1754710316726,10998.792935815654,11731.872737286501,9359.423826830816,11465.770443884287,702.8664440501013,1754713916726,55.883927171513974,92.56721140513946,38.01102511799986,82.40013733867976,77.48534972017093,104.20664509306201,12.949894118707054,8.069523969465696,6.371339813481019,2033.5098510927492,11645.61651472417,10451.612638531493,11048.614576627831,11013.539540855209,57.34424272186589,2029.6786936352858,306.25553231986237,-0.0008256112861508846,0.07144964875337956,0.5863898300086502,1,0
1754713916726,10054.966306839822,11173.96370590334,9081.473897712942,10715.269045785833,68.01023195242051,1754717516726,45.88151686675632,50.52805295281178,40.51443068496224,57.0185841593626,74.04642250219122,-197.22561665714102,12.323097313174612,7.401925480234525,6.808670221884741,2058.566043598363,11650.494600387972,10424.936364215371,11037.715482301672,11009.248296620668,44.07307430761356,2071.073432535046,314.34905488318833,-0.06545581928153477,0.0013170341753143688,-1.3409125782238385,1,0
1754717516726,10578.541818203532,11361.216058975811,9193.339233612052,11311.104566305317,193.78913002335486,1754721116726,53.06412587396301,64.54661075436343,45.32086669884248,78.6974813425866,72.7054009468763,-28.433217710660525,12.062278341665712,7.494522901468301,6.298447321573406,2066.373956581606,11652.060456024557,10424.511779009035,11038.286117516796,11019.725234049232,58.27306703994908,2050.0702002934604,314.85959218717375,0.05560621184344572,0.056996481300117585,-0.8689311095957998,1,0
1754721116726,10082.572158035277,11637.302156538024,9950.744713212673,10697.242666167016,214.56482009284983,1754724716726,46.25318340524543,25.82519693253016,41.421732745580016,57.52591636456187,64.41399395550367,46.497226155013216,12.272466059458571,8.018830118931412,5.926366430657327,2039.2442056347306,11634.829506914155,10387.519529347732,11011.174518130943,11008.934195998367,51.78633998632868,2016.9584688295192,319.9282588307422,-0.054270729842506804,-0.00036748918100137917,-0.723513064969321,1,0
1754724716726,10154.520829990519,11070.696608184366,9408.699562270935,10713.53747788395,738.1507548416897,1754728316726,46.44966944709293,-3.5065263172145933,32.436080933021096,58.087910299992664,64.77043600238035,-135.4585663330508,11.417212070221908,7.545764992742384,7.500789305669378,2012.2979799403522,11636.751033617249,10364.319921033963,11000.535477325606,11004.136620943562,43.37959216262644,1991.9555538128168,326.3716940075199,0.0015232721389477621,0.0011552231719156314,0.8529117997301062,0,1
1754728316726,10439.562941772898,11361.540187762957,9466.683155830864,11176.093034164576,189.13869632674007,1754731916726,51.83274074512382,10.451757977505622,28.039216341918003,74.04105059675209,63.218292420435525,4.455724501199662,11.113050693066885,8.072813789633928,6.994175163590315,2003.909340796905,11653.418624461805,10381.8912128483,11017.654918655053,10997.872882724729,52.19118276627088,1983.158085591948,326.1398995995811,0.04317486705352769,0.04437996683230794,-0.7769045304977177,1,0
1754731916726,10510.46013134644,11534.799466281193,9052.70978985344,10905.001098587549,573.4917638909767,1754735516726,48.74035244826237,-0.35694016214984003,22.359985041104434,64.69132466035752,65.6067618523674,-74.94472628541608,10.538169072157265,7.37055639668928,7.836611693781919,2038.0650790562515,11653.397710634272,10390.76535812844,11022.081534381356,11004.878005051285,53.069971399007336,2080.22074602578,323.85836507833375,-0.024256413645476815,0.019047054353774184,0.367810725402916,1,0
1754735516726,10258.792408364525,11996.22449304464,9037.56622954398,11431.54440710652,215.2438205009537,1754739116726,54.42750451703548,33.18222909931865,24.52443385274728,80.96749744489476,73.23329090066811,75.71701684375091,10.322992335416556,8.196792380226452,7.049409746047773,2103.821735087995,11677.37832176788,10382.539678976085,11029.959000371982,11016.40858787069,57.1215951020867,2191.7789379776523,332.11910423692564,0.048284571799554366,0.0682513050168434,-0.7394326832651391,1,0
1754739116726,10316.457130874416,11474.53356262244,9717.181447046758,10589.009734896008,861.6249500839784,1754742716726,45.69183505259715,-8.129532129709332,17.99364065625596,52.569925614517615,66.07624923992329,-29.419138026839843,10.123185365585897,7.701906845070197,6.62379802467193,2079.0739051228297,11673.950917106033,10389.6608165054,11031.805866805717,11008.55077922641,41.61868352943803,2174.191095705122,329.41346025337816,-0.07370261114384002,-0.010481605520712645,1.4068393964051848,1,0
1754742716726,10086.967020255934,11816.056757114324,9538.094664121112,11011.525640809494,942.1854544896386,1754746316726,50.023763576265964,-6.698679833089045,13.05517655838696,66.8107944872199,66.78273918221073,56.13471943003477,10.473044240519263,8.2686068835547,6.1089273316676875,2093.2802042564285,11653.46256160008,10460.019571141243,11056.741066370661,11008.718620947637,46.76691501341021,2173.971004720003,306.1116681646338,0.039901361552354464,0.02900152570011061,1.479987261932665,1,0
1754746316726,10303.21978384425,11432.067285066618,9508.705984216267,11418.521530443122,518.4929749422405,1754749916726,53.84307170044339,26.96560509752453,15.837262266214475,80.47415716345746,66.61829242173164,49.988562929394455,10.736660550990093,7.722769557485881,5.806524625991156,2081.143139727423,11671.738775049065,10454.041071543908,11062.889923296487,11020.770335108784,51.850899732708235,2135.10795585913,312.33287079502463,0.03696089923500456,0.06703434740417835,0.11873050654553675,1,0
1754749916726,10966.558439380544,11796.390722619708,9243.124530422669,11404.113660479505,352.3088842091783,1754753516726,53.68665542560798,51.88411101361271,23.046632015694122,79.98718406009641,75.7573785702579,55.661232515058984,11.536458046384855,8.287278664366125,5.305797139332857,2114.866214903824,11709.290485535415,10459.1860895066,11084.238287521008,11024.267803336425,53.88791957617538,2158.5667898093116,320.6450120430128,-0.0012617982043651166,0.06568796538062793,-0.4728063156210184,1,0
1754753516726,10944.707381672482,11595.414801620109,9744.750731629922,10656.52921341574,234.05777501749913,1754757116726,46.1888462135188,11.179518891345651,20.67320939082443,54.71949916771454,71.72694679708944,-14.266114734736757,12.27912714925142,7.764616173463606,4.971170869192914,2095.9946331242786,11706.941757462891,10464.099625065342,11085.520691264117,11009.90344613496,47.03514749056213,2152.4443843346385,318.7822807248095,-0.06555392811056304,-0.004172066890225978,-0.7867130853642114,1,0
1754757116726,10334.878290136985,11886.595441502399,9168.236579108492,10866.637700096457,49.78100152304377,1754760716726,48.37121413162799,-4.078154277112844,15.722936657236975,61.820977877598295,65.50922036846973,-29.799299870747607,11.727955013081509,7.060257581623628,6.444092281864408,2140.449220929252,11701.23815721079,10482.910401867643,11092.074279539216,10998.46181409733,44.83382648964617,2192.124741220747,312.4944756816418,0.01971640883001613,0.01546208376331637,-1.4414256702787571,1,0
1754760716726,10570.853936278761,11410.94255235011,9189.93474366102,11119.121400046697,268.5000761974954,1754764316726,50.94579389088884,4.155452829410933,13.409439891671768,70.35470085145415,62.29839263225565,-56.64092961812735,11.21615231520945,6.538376305200128,5.967756812999427,2146.2034057692404,11665.528551890504,10487.281751882856,11076.40515188668,10994.742374562275,47.174048446053085,2181.3075196659897,302.2139275553629,0.0232347582498309,0.03905609979142666,-0.6030199217842508,1,0
1754764316726,10909.595391110945,11604.30441982148,9460.712171348276,10659.394884771402,654.2357799453179,1754767916726,46.40787231091042,-26.11441122965516,5.504669667406382,54.81635629349393,62.33067834084878,-50.75117655026024,11.098838513714304,6.715467641089197,5.541970082319016,2146.016894533809,11642.16218296904,10440.637311718974,11041.399747344007,10980.91866831157,49.52183334605473,2164.1143555446943,308.1846268486175,-0.04134557927152094,-0.0039042765500570953,0.7156882699980731,1,0
1754767916726,10006.183822640896,11630.018680618827,9286.27986211194,11468.02217204574,533.6169313092108,1754771516726,54.144833983533,14.973363905264705,7.398408514978047,82.14723452468162,69.10609722320989,62.65767996392974,10.610045072973502,6.195021777035817,5.689258840698842,2160.1398891033145,11679.594944452378,10429.028262417809,11054.311603435093,10989.268205740087,51.295697728249365,2176.675926483489,320.7635859016066,0.07586052454343228,0.07166006752632526,0.4007019638636858,1,0
1754771516726,10810.683570337591,11417.382941800473,9247.462981233146,11414.749328727661,944.0412782809275,1754775116726,53.59587114302763,42.74431858781645,14.46759052954573,80.34666012326203,72.43675031381251,12.064901992446652,10.070546042497062,5.74105038712849,5.400448240019492,2164.4555535111203,11719.406741033103,10432.468875676122,11075.937808354613,10991.0454277861,56.5290281329667,2214.8189084468636,330.0925975837353,-0.004645338360779849,0.06668184390492926,1.70203095406983,1,0
1754775116726,10948.36955278892,11144.312043687481,9645.237644553332,10666.95017903447,396.2772624917006,1754778716726,46.47306661505538,4.361580901038906,12.446388603844365,55.07171847425921,72.52187104073427,-93.97547361539338,9.569582657054655,5.401373777617954,5.080923793392142,2136.245277129921,11725.831214103873,10390.707057889656,11058.269135996765,10988.314353183832,49.625879806853845,2222.4985254654994,342.45212040543646,-0.06551165760698707,-0.0031982518285601502,-0.21383454010361053,1,0
1754778716726,10091.325734333557,11093.559406912336,9650.971745218545,10621.155461260985,693.8633423283945,1754782316726,46.06928525229795,-29.413209085074413,4.074469066060611,53.5238980200206,62.980758872513924,-99.48247724571162,9.10440237057242,5.134651834611635,4.830025795542744,2086.6983045987686,11680.233338747144,10350.896025844086,11015.564682295615,10982.767887166869,45.22386745331466,2190.1935704484777,340.967826414397,-0.0042931406826566265,-0.007477661966178162,0.7891619684744816,1,0
1754782316726,10161.447686032921,11016.671550599633,9824.51706979993,10585.408482808265,489.3227474751214,1754785916726,45.73524058635199,-58.39135668198833,-8.418696083549177,52.31568215765789,53.63709955064588,-79.96458161683887,8.672449247410345,4.91849844115997,4.62669624179811,2022.8023171845493,11627.674526553323,10315.41864193031,10971.546584241816,10978.137796546664,47.133257200233075,2098.055342189331,336.58653250489135,-0.0033656393207972535,-0.01081813417383437,0.11630876526106557,0,1
1754785916726,10960.746302771355,11873.534264245214,9417.708566972975,11409.443664036631,512.5762159242116,1754789516726,54.01310409901186,-14.694604796030035,-9.673877826045349,82.44706451135863,62.76221489634569,139.92407404089715,10.033602401729928,7.478551362219619,4.231514743868068,2053.7325586193842,11677.746363367847,10334.764266940861,11006.255315154354,10986.978923118435,49.81180073205991,2062.1387303158726,344.46763954300604,0.07784632804361591,0.06618604184806531,0.1267463656209944,1,0
1754789516726,10537.540143640346,11236.474912238695,9073.08509102615,10693.623809795461,267.7743146041175,1754793116726,47.26770615291559,-37.39423650808385,-15.21794956245305,57.598463019515776,64.12040322951074,-150.37130025983194,10.391702709830701,6.876772519513217,5.077945322977506,2073.9201310758913,11644.745514069506,10306.01704058822,10975.381277328863,10985.139806989573,50.910492193706745,2103.4963344183584,343.3766082779509,-0.06273924262385244,-0.0007056629136052983,-0.8159780814339345,0,1
1754793116726,10014.196634471724,11211.506749281769,9273.666384921458,10916.284928544355,454.9507768419997,1754796716726,49.385149165909795,-36.99056257592747,-19.572472165147936,65.51245980688155,68.5193291125853,-75.64746439079855,10.724224424495706,6.415643115833449,4.73743821850972,2064.2001477390645,11644.204916343504,10328.461864551955,10986.33339044773,10974.23327671537,49.14121179133213,2079.2019252302935,337.4809720111465,0.020821858212829003,0.020101502086090628,-0.15465537818575475,1,0
1754796716726,10257.631998763529,11736.035400426066,9980.005463196816,10948.851365652003,470.78499701270727,1754800316726,49.703265086659925,-33.65485653416181,-22.388949038950713,66.66996175465775,63.26029486035168,118.62488246851841,11.937885910405987,7.856213017934357,4.446465868586061,2042.1879898455063,11644.348786407381,10351.849383264884,10998.099084836133,10976.953411468297,45.45829281774507,2067.2496849716435,331.51910192679645,0.0029832893993533283,0.023144760083528393,-0.04146292899960577,1,0
1754800316726,10449.94367426886,11320.016113087391,9596.258575232701,11099.011044213568,706.642521748934,1754803916726,51.225453626974996,-18.679330644285074,-21.647025360017587,72.0070552732989,68.06315894494605,12.528310210279987,12.10572737392628,7.377219316161414,5.532693972927177,2019.4429575604481,11637.11319575091,10351.376774926252,10994.24498533858,10986.972741590349,47.12513758391041,2007.999066804333,329.784433563387,0.013714651295078983,0.037176833692461164,0.8182485324316352,1,0
1754803916726,10692.908911024768,11506.044692411837,9709.73708480102,10571.735343747425,940.6399991861139,1754807516726,45.96498007023253,-48.795378139324384,-27.076695915878947,53.2662071944251,63.98107474079389,-27.997574788104416,12.580139341873481,7.5679958197764226,5.178371292295097,2003.5047182783314,11645.622759589225,10309.540635603926,10977.581697596575,10977.87110514429,49.1664119629712,2004.1164623486636,342.69783395421774,-0.04750654795870635,-0.012095857299008972,1.582755238748133,0,1
1754807516726,10733.1603781368,11162.511065297456,9007.357829625415,10726.758617400516,329.3212774825043,1754811116726,47.66659713911263,-59.46797040796446,-33.55495081429605,59.989356098490866,61.75420618873827,-155.82963225684188,11.823604060740916,6.989634919163235,7.273273594076259,2014.336755235025,11584.742319071132,10299.942497151418,10942.342408111275,10981.264295923398,48.609826147798124,1963.8874890113875,329.5442010131218,0.0146639381910727,0.002390707988263019,-0.7865772786318549,0,1
1754811116726,10995.421512925455,11959.74572146197,9518.205732182521,11431.490386918926,42.200468581298445,1754814716726,54.65708636274928,-10.934071392945043,-29.03077493002585,82.10752265975326,65.12102865088973,141.5344697479793,12.11846994492788,9.178337320523235,6.65297041825962,2044.851271952484,11639.03825690446,10329.894624520384,10984.466440712422,10997.683240335604,52.848397645239096,1979.6397876249848,335.78825664904656,0.06569848307905635,0.06824625695563324,-1.6828406489178571,0,1
1754814716726,10287.511199383758,11851.581400017238,9037.528657531802,11408.41010726857,496.2951255006397,1754818316726,54.40079395924401,25.374506055752136,-18.149718732870255,81.3257730897129,74.47421728265232,53.89640323364534,11.543267779166277,8.299736765681786,7.6512280208672205,2099.794234133409,11684.522613486733,10324.098714584019,11004.310664035376,11011.46365469705,57.420997037508585,2027.5298229115729,348.94136748336723,-0.002019008796680266,0.06608945836581914,0.11683081151239824,0,1
1754818316726,10538.220101868475,11863.789622965003,9569.230212091448,11281.290647405693,544.4613321491686,1754821916726,52.92869799011716,43.39164536631506,-5.841445913033192,77.0201240855842,80.15113994501677,107.87121176373317,11.028310603667304,7.697429168947556,7.057950587422574,2113.706032471991,11663.429169803421,10331.469069963587,10997.449119883504,11017.802462647522,47.86107873109286,2024.0170080806204,341.64055706921295,-0.011142609589559371,0.054210439743703986,0.30843754104478865,0,1
1754821916726,10533.323547859605,11406.773748572004,9920.770849636076,10519.401245618215,168.44055113191524,1754825516726,45.05870773668809,-3.7643561183285783,-5.4260279540922705,51.21425339040469,69.85338352190058,-10.117300998237267,10.550136083561114,7.302513741074285,6.695843510505944,2068.870094362272,11622.790239046712,10283.636759234168,10953.21349914044,11009.525468913705,41.17658165074003,1971.5487015180017,343.48562010179336,-0.0675356593141837,-0.016986357360282645,-1.1549751441483445,0,1
1754825516726,10405.645259447238,11762.361213707172,9968.419130500408,10827.006768496101,760.4646062760667,1754829116726,48.394982375513635,-16.12871037252262,-7.56656443777834,61.63312564389228,63.28916770662704,84.75088491073616,10.695812427079861,8.085331598255854,6.277151698408081,2049.232379279736,11620.238477385901,10303.236276403011,10961.737376894456,11000.071767043572,51.72716376017465,1973.2937300203182,337.8039369642361,0.02924173303171762,0.01175866514432422,1.075567591996658,0,1
1754829116726,10169.16189384242,11143.87615538978,9540.552675388924,11127.958735342909,984.9291084414916,1754832716726,51.498175070669184,-1.6245152349256387,-6.3781545972078,71.82663604538624,61.558005026561055,-17.197059910036074,10.022215719724624,7.626341975546938,7.435737605579861,2017.3817436169588,11635.604405358006,10314.002451955554,10974.80342865678,10997.841448672747,55.18345096081192,1984.7748598993946,338.9837485660926,0.027796414399823055,0.039881928273287626,1.762165148245535,0,1
1754832716726,10977.456563183843,11008.61900259178,9458.204805252217,10775.190211773475,945.7747170084609,1754836316726,47.86479879534469,-18.383395394939726,-8.779202756754184,59.8780528478718,64.44593817905009,-87.981076521036,9.363662896857633,7.169852017973888,7.285855631341483,1992.5511855079396,11620.387825581109,10294.825912905128,10957.606869243118,10994.818887028403,51.82283036205897,2018.889106277322,339.99945668853724,-0.03170109918264019,0.0069165281268610546,1.4336749923213665,0,1
1754836316726,10853.317186666585,11019.972932578028,9945.017094248495,11409.586695053777,197.1060388236522,1754839916726,54.13213109626808,19.303052096296597,-3.1627517861440286,81.36562516296046,71.02343801873947,54.522687853796576,8.730383376257311,6.9262516120311854,6.995547311663508,1927.008660709482,11670.928411126562,10319.304508387911,10995.116459757237,11006.336536777968,50.0014257337173,1920.2555449242716,346.6842160926767,0.058875664448793774,0.06619940776480249,-1.2573482257993776,0,1
1754839916726,10498.333028294237,11586.60173740456,9673.609831996695,11133.889461832441,875.3632399007607,1754843516726,51.248817741534765,26.616551587771028,2.793108888638983,72.02751501884129,71.09039767655783,56.89602616594223,9.074511558587561,8.536281614053447,6.499242107692256,1926.0074639022237,11622.404368952692,10334.415279540452,10978.409824246572,11012.684950333385,54.81067187643688,1890.015068666942,330.36223086470676,-0.024163647692939993,0.04043614090515257,1.100460081324525,0,1
1754843516726,10603.24542268403,11455.39490524794,9064.89927953841,10571.906717316446,704.4936364116847,1754847116726,45.88379789023273,-12.7873535194758,-0.3229835929839737,52.99266034849478,68.79526684343216,-96.84810607234303,8.58749549149866,7.792315486668874,8.152066442677649,1959.1851897456024,11570.771956458962,10301.76343089306,10936.26769367601,10998.643182933833,46.49683822715024,1922.3475873347436,325.4938189605295,-0.05047497071373863,-0.01207984283655028,0.5682910803265211,0,1
1754847116726,10227.261053559663,11518.01534890852,9465.725577667497,11409.005588835704,453.84656380691155,1754850716726,53.664822242492555,23.26348383700315,4.3943098930134505,81.34594257925662,68.78870598219754,53.58201380183814,8.024347323727511,7.438774608815443,7.5441677934720826,1965.8355169952754,11627.036308419127,10319.70461991302,10973.370464166073,11015.781846586122,54.02248119707724,1943.5090040498703,335.3235028505489,0.07918144700880836,0.06614510473682111,-0.3606218221016177,0,1
1754850716726,10543.787070391747,11007.46314041722,9240.245018464304,11457.766658176222,540.6109943247291,1754854316726,54.079014344976734,55.13310286611522,14.542068487633806,82.9975233039759,72.44537541057575,-31.623247059130932,7.895861331206193,6.856875930666972,7.767311041685436,1980.3301636649987,11680.33011365913,10350.071934364538,11015.201024011834,11034.680746759435,53.1926949324509,1975.2949349439207,341.2040236601161,0.0042739105490696705,0.07070171354679489,-0.013661928369948454,0,1
1754854316726,10694.970133121476,11422.686619657426,9469.804321448682,10577.712418391726,849.6001749824582,1754857916726,46.073910715196654,9.270123115617025,13.487679413230449,53.18930460013031,72.51092349445425,-61.1662579188425,7.640882424738164,7.8626050848571865,7.21051816253615,1980.875318883752,11680.947622179361,10348.684819402659,11014.81622079101,11020.324107288734,50.05004951972516,1988.984558452258,341.718198734297,-0.07680853224188267,-0.011537313539603078,1.0331983285323734,0,1
1754857916726,10515.16702838659,11718.068161200861,9455.465572006362,11032.360234861315,480.13493963837317,1754861516726,50.17706504079527,9.50014857800852,12.690173246186063,68.26431896358207,68.15038228922941,34.625559234783125,7.88738928341854,8.281974371336968,6.62814693025289,2000.9986953345197,11637.229949264432,10354.694149400051,10995.962049332242,11021.428384466182,52.43670927030996,1996.659512275291,328.9634916087684,0.04298167680178966,0.030948470180466536,-0.28929914360890546,0,1
1754861516726,10990.28517058494,11442.693701967435,9582.144802814742,10803.36428221417,373.2073691051269,1754865116726,48.188236522160985,-8.695379246135417,8.413062747721769,62.479567395918295,61.311063653210205,-21.499969095514835,8.116288509336032,7.729155362486587,6.18572034786954,1990.966567035818,11634.095251739638,10368.802894166716,11001.449072953177,11024.878047339394,44.58049411295868,1955.1601486948082,324.5406419821512,-0.02075675084679862,0.009549329649042315,-0.7045871923163909,0,1
1754865116726,10611.341656247727,11732.219206312222,9356.77049034925,10892.839076481403,493.2474930259858,1754868716726,49.0381887647344,-15.714451597053994,3.587559878766616,65.30944669683286,65.35111101877773,-4.162424152092976,8.801371361587933,8.103999051799274,5.665731171978029,2018.4295776734718,11633.636338911723,10366.917221788337,11000.27678035003,11028.023510177132,45.602013567380006,1923.8312896574894,324.9065980852532,0.008282123228459337,0.01791054160240413,-0.273484676921735,0,1
1754868716726,10370.97371259217,11233.018964396835,9164.270449455928,10679.651217955341,579.1298040350491,1754872316726,47.05738968906942,-38.04108159375937,-4.738168415738582,59.861898993378226,62.55030436204311,-125.21178495945048,9.012233504806336,7.511765804123883,5.931696360909503,2022.0237874782888,11635.238610061288,10338.394935869104,10986.816772965196,11012.96645547429,44.94209191145272,1907.7019399480146,332.63338393993826,-0.01957137684943433,-0.002011369206308289,0.021454929124966316,0,1
1754872316726,10772.152027615839,11813.142004481726,9503.719434589957,11078.072102012413,189.07765377834883,1754875916726,51.03782878225679,-23.317076377581543,-8.453950008107174,73.25309384801614,66.14147984607571,62.8094302249572,10.096896896223702,8.933812380690044,5.4526460765512095,2042.5522719363946,11633.530962807472,10338.008688902806,10985.769825855139,11007.337838002042,55.00238590798844,1966.5176307305744,332.29445191757975,0.037306544560858024,0.03522013811962621,-1.2663166479949464,0,1
1754875916726,10170.462511581642,11588.431240453452,9830.202884345763,11457.979353248891,900.9077302669907,1754879516726,54.5470284934735,18.790538364813983,-3.005052333522943,87.07673641744434,73.39724308627954,114.5194231366755,11.104084331111258,8.378994255212337,5.1140194358547495,2022.2434208057728,11679.737060313217,10380.426992347207,11030.082026330212,11012.30172406254,55.57756384964613,1963.9666502234977,333.26600059485367,0.034293625076466716,0.07072158940790874,1.2686647022968391,1,0
1754879516726,10384.515813706266,11210.763099429907,9664.012228067602,11003.07260027161,674.1869488296138,1754883116726,49.93218018687063,15.277839838703585,0.6515261009223625,70.52409538437604,76.95130854994548,-25.370639301732638,11.642302124054368,7.84373912582147,5.379113905714583,2005.9379711183096,11678.746567912984,10409.048883034548,11043.897725473766,11012.718671461225,48.925303987291294,1977.5840534506715,325.6705845944787,-0.039702179498891654,0.028211608671897315,0.40288056030824065,1,0
1754883116726,10346.958950377586,11236.720475853834,9338.367865925216,10582.914581394482,633.2689173374889,1754886716726,46.056464705741426,-21.165259826808324,-3.7118310846237748,55.23585264425222,70.94556148202417,-118.50449578100468,11.410826630969225,7.311482042570766,6.17813248804641,1998.2533024619029,11640.442895037077,10362.494975358013,11001.468935197545,11003.970490565285,48.36436056225466,1993.912530581952,327.78672517074415,-0.03818551727694286,-0.011051183475396575,0.1652301811665999,0,1
1754886716726,10431.807095107777,11628.030464569538,9935.523022758858,11120.001333477408,99.49622618063813,1754890316726,51.26405942121041,-6.6318191156588,-4.29582869083078,74.77876809376022,66.8462387074628,98.43624296881434,11.853107203230525,8.27846629046488,5.800228236073339,1976.4143124153868,11601.170379791834,10372.92661322414,10987.048496507987,10996.865626529156,47.495101104280565,2038.023359402034,315.0378788954966,0.0507503625728174,0.03913832752918567,-1.743370964502762,0,1
1754890316726,10781.779825928726,11829.939593212443,9912.207571249182,10840.222994451256,604.1739381725918,1754893916726,48.63039808687272,-17.488143960968955,-6.934291744858416,64.20606984040298,64.74023019280511,86.36908906498256,12.574944962301487,8.434745110949246,5.397373002560882,1972.222720240235,11566.822446008888,10363.167781711642,10964.995113860265,10984.354677540498,47.46159192836159,2038.361939155991,308.7309072388248,-0.025159919557191324,0.012993690799756985,0.10617606546525683,0,1
1754893916726,10484.173032163408,11415.627782029154,9209.348399384098,11355.925189591298,120.96066223849233,1754897516726,53.38428513567006,15.344120162408217,-2.4786093634050896,82.21780806026237,73.73421533147517,-0.5109665521458309,11.804302128333692,7.7664280899191755,7.493887208110463,1988.9410532691509,11595.083922799597,10418.55869931824,11006.821311058919,10997.167800416604,56.83159436896815,2025.2036360799568,301.7723524935051,0.047573024595897406,0.0611848645676627,-1.6426751123353807,1,0
1754897516726,10794.014450265962,11258.300429127592,9039.417585120364,10934.67814831647,78.69767519539906,1754901116726,49.3655515269548,7.288789671192717,-0.5251295564855285,67.91777874176037,71.44721888080855,-97.56358509422542,11.133756555910251,7.127832450956293,7.480875862341946,2012.3386640692784,11595.738291564927,10428.671468534949,11012.204880049938,10989.639272056827,45.54398606723261,2044.0763384535219,299.34632396638864,-0.03709491162031764,0.02182030580370653,-1.5737734344056953,1,0
1754901116726,10576.488903139865,11867.0116069106,9741.308708350762,10692.839608942246,527.3108956423933,1754904716726,47.17013834062976,-18.39739308164826,-4.099582261518075,58.47451971818252,69.53670217340174,49.79920111757977,11.170971361310185,8.744154769559112,6.918687494393592,2020.436109390033,11587.38861925,10393.509228209808,10990.448923729904,10989.551210912334,43.065542329961986,2041.0007904669817,306.2236025519602,-0.022116658222030905,-0.0007789446640851239,0.041331054334891655,1,0
1754904716726,10342.069434657555,11669.268291750835,9827.610261349153,10691.105622691144,402.785534046495,1754908316726,47.153945794735215,-38.45056202676278,-10.969778214567016,58.413195983666924,61.60183148120325,29.379149505479706,11.20552796632441,8.17121723653808,6.46535885952301,2007.6662466051507,11590.331043788123,10382.158344763451,10986.244694275787,10989.102573808475,51.22267734352787,2030.5504828722774,309.88975869490116,-0.00016216330876706042,-0.0009409816566081641,-0.3385307246088822,0,1
1754908316726,10809.978743683472,11448.085487283077,9967.864565951355,11268.76418072116,588.8102701562232,1754911916726,52.948638702724466,-7.642526661973534,-10.30432790404832,78.8425275488922,65.24341441691386,97.39145313721403,11.237616242409048,7.732665445399638,6.118361022344239,1969.9915805141916,11566.435864998513,10391.971272119803,10979.203568559158,10990.955996739609,52.48318416248475,1974.6660780249367,301.24381189601496,0.05403169498241378,0.05303987049195169,0.3271366908904233,0,1
1754911916726,10238.289670553091,11487.900195279302,9889.83639408831,10765.58759830736,89.22216805723859,1754915516726,48.010245370352955,-23.5575251680184,-12.954967356842337,61.047307353341516,66.10101029530018,22.168864929441973,11.095755550363334,7.2784860323862315,6.045782464585965,1943.4253105625346,11550.556326989321,10371.020623776487,10960.788475382904,10988.167726734004,49.62480531213174,1955.9171424562435,302.5445242519763,-0.04465233049020989,0.0060191861753773335,-1.540100777814181,0,1
1754915516726,10224.382979799795,11204.256467936397,9600.534768206415,11267.233394159222,430.9830628472584,1754919116726,52.742450042003966,4.259249177741367,-9.512124049925596,78.78839012498548,72.89274167573971,4.947834285833442,10.34645231374492,6.844045171105062,6.761661225958686,1919.160766931638,11571.338814048513,10419.770804401573,10995.554809225043,10984.88150647506,53.437049977511826,1900.7937841538874,295.37096221288687,0.04659715888900795,0.05289682203898183,-0.10188516521311708,1,0
1754919116726,10504.502924054836,11626.802630064843,9530.052339212381,10705.887310766599,174.78671504515796,1754922716726,47.52902795116395,-18.775264744253946,-11.364752188791266,58.935961556148065,66.25721967815834,-25.569709681362365,10.436595603752638,7.875788398177143,6.237458058100833,1931.8457329259825,11516.435413530147,10404.362377113022,10960.398895321585,10987.219057992472,50.22638372030589,1902.7939110047123,285.2407153253943,-0.04982111080468232,0.0004403328022797304,-1.0732979284020276,0,1
1754922716726,10260.849245962088,11358.742510542888,9027.841051262587,10821.68636870131,987.1000859241166,1754926316726,48.656503268989894,-27.37075376818393,-14.5659525046698,63.182020321751864,66.96879066762845,-123.35164353483536,9.851331019018025,7.2068958405672765,7.537598846451456,1960.3497133798624,11438.010156372424,10419.179605323261,10928.594880847842,10983.422272550306,47.674288523489075,1904.3281173896078,261.324522454857,0.010816390512373042,0.011261486126197706,1.8931619835095894,0,1
1754926316726,10009.087034951217,11995.645176674348,9246.656446844778,10965.4869724397,561.1502124351744,1754929916726,50.09070337215478,-22.32192061101341,-16.117146125938525,65.2888748481094,62.46895224200309,29.77686933421752,10.045911105661123,8.761026103196995,6.8036923669367155,2016.6810716976984,11431.355863321514,10464.611353778964,10947.98360855024,10974.361581390236,45.332602912627614,1975.0967155125993,247.9647346969592,0.013288188073375728,0.024699318945204052,0.42580575235385354,0,1
1754929916726,10648.2975272988,11480.183515261888,9459.614751732926,11443.195849693451,687.4368609408673,1754933516726,54.62517373374606,19.995929428219824,-8.894531015106857,81.38524971204936,69.95204829397018,56.12525252690963,10.226592614686856,8.134118475280205,6.316844525988563,2016.9587639713602,11497.2824482524,10439.768330331293,10968.525389291846,10975.143225174515,54.15314015614783,1991.2825468231474,271.2466480028701,0.04356476629395578,0.0693401052966276,0.8503960334384186,0,1
1754933516726,10511.093821472397,11485.885606189613,9628.503900083568,11431.731424753825,325.4182806826078,1754937116726,54.49720819789816,52.008525282255505,3.286080244365616,80.99895653179995,75.89102703065288,75.27003424707232,10.403751464926682,7.6163453545755795,5.898978012500803,2005.5604026952662,11559.489904248403,10440.397588589258,10999.94374641883,10990.647269401277,58.679132190992384,1988.3560536929635,287.0411224627827,-0.0010018551714233714,0.06826878138212567,-0.49119270474615484,1,0
1754937116726,10445.517814493161,11565.851787410673,9557.25183331841,10706.871875422288,94.73891477934416,1754940716726,47.000227073998055,18.673375360454884,6.363539267583469,56.574853097043516,72.98635311363093,-36.45717710302303,10.706615181010857,7.356326029747759,5.477029527426457,2005.7775135093373,11563.035119845206,10418.25565288654,10990.645386365873,10987.451952907795,45.9319711069749,2010.9340902845054,293.6297377527929,-0.06340767836462236,0.000532338085280859,-1.222189798994629,1,0
1754940716726,10966.968514618315,11916.756003118746,9742.63598968169,10858.219041243074,975.8708627835366,1754944316726,48.59046089003246,4.416568844912035,5.974145183049183,61.67448768966634,66.41609910616991,65.63445103026457,11.566502009021425,8.032340472845663,5.05550580858951,2017.8019777898885,11557.673244594018,10441.474310466503,10999.57377753026,10982.233905731724,50.181802914623084,2029.247518246919,286.2989857588381,0.014135516664601555,0.0146753796237582,1.705644393275428,1,0
1754944316726,10571.199183962914,11800.81809985975,9279.76693088704,10649.399388453772,286.2590353831832,1754947916726,46.51661335888406,-23.461603078887492,0.08699553066184773,54.63832074720247,57.62922051130409,-62.57085919633369,11.323333890522168,7.328055362975001,6.222073725179053,2053.7483485886614,11555.140519102697,10401.139764601961,10978.14014185233,10982.033995805372,42.39058662656914,2051.731217270323,295.99494810192243,-0.019231482805433964,-0.004838332492573261,-0.5858867128328761,0,1
1754947916726,10863.431577789384,11451.130069797842,9564.952607652473,11009.985079313497,423.8081851735742,1754951516726,50.449367614611106,-16.27143647677258,-3.1846908708250377,66.78823616015771,61.033681532342165,-6.35806883961506,11.097534923344286,6.8445130042911595,5.811509659277071,2041.7789995569979,11489.665640991516,10421.815215319602,10955.74042815556,10972.873253950725,50.82180785542918,2020.993349961354,273.8978550010749,0.03385972088253886,0.028857563802230146,-0.05147818089842925,0,1
1754951516726,10139.45023620516,11718.699265972797,9088.142243390792,10960.582550694666,649.863921702575,1754955116726,49.90789988516081,-14.393628043262652,-5.4264783053125605,65.12362062182675,62.18339250972897,-51.840826845836354,10.682131015670565,6.22735125882187,6.921877786301205,2083.8345726302127,11487.108850827066,10420.123000526357,10953.615925676711,10963.789918390066,53.04991661361277,2057.0543588200803,273.67609609742505,-0.0044870659009024205,0.024241012110807647,0.7572883075579314,0,1
1754955116726,10569.206463129427,11586.235498780761,9413.665523583208,11400.760162450733,24.697297686111284,1754958716726,54.585028889816876,22.355502898499253,0.1299179354498019,79.95538151827728,70.6224127667539,56.42282969242546,10.296398815687823,5.76500547066192,6.407967311744203,2090.172815670737,11533.423488987142,10455.592920471905,10994.508204729524,10978.46611805839,57.34967986296113,2080.6909263054995,276.4577076280669,0.04016005624885044,0.06537458876955715,-1.3110934478571903,1,0
1754958716726,10867.979626730903,11492.36704870125,9750.160832954602,11430.005377791073,810.259130517287,1754962316726,54.8864189796048,53.22574514043663,10.749083376447167,80.94079747244784,75.33993320418394,110.85176754032788,9.938218915703848,5.417641872688564,6.021862807172493,2065.318058533302,11579.438394746954,10440.578419143461,11010.008406945208,10994.643116388992,51.883932260930116,2099.4041616208515,292.1114202563525,0.0025651987168944235,0.06810748629768071,1.2466426636490495,1,0
1754962316726,10583.105757279898,11192.31577278435,9693.400853429044,10883.567391007293,536.5781900286203,1754965916726,48.420504211144106,33.21477649663211,15.242222000484158,62.52859896834456,74.47492598635655,-62.32559936338358,9.728383382796675,5.0885161749556405,5.854590721054812,2041.8385203782111,11579.329726188596,10445.021527357425,11012.17562677301,11000.606294552972,51.364672816023344,2109.2999275616394,290.94391414837077,-0.04780732543184352,0.01704412410405909,0.33284059897837937,1,0
1754965916726,10718.014178127001,11463.93626345489,9990.642737172178,10991.73794301899,278.21718706882217,1754969516726,49.68414257816074,25.78714109291468,17.351205818970264,66.17339988648769,69.88093210909335,68.068465170864,9.187031926778072,5.79041269334771,5.546725111147032,2001.228163657104,11538.749006805176,10449.183522083613,10993.966264444394,10992.252180132618,46.494223949615446,2099.9836294582633,279.4676501258732,0.009938887510456906,0.027152411246700536,-0.5876161160346544,1,0
1754969516726,10372.043567812207,11245.818587022575,9277.891125987757,11396.236249146134,61.607985292469245,1754973116726,54.20249284754692,51.94156921589274,24.269278498354762,79.80294850338038,69.50164911940419,-47.23585626974452,9.797327336010184,5.383210167584284,7.703666148045589,1998.8495420412266,11588.28762856905,10445.800710402702,11017.044169485876,11006.304428919633,59.15019731260275,2090.781998757003,293.0417113947894,0.036800213780937785,0.06495183956618478,-1.334622395284871,1,0
1754973116726,10092.449517037066,11914.842149851655,9498.189299173979,11306.70780774506,162.49841547444143,1754976716726,53.06663094427556,64.6991335968778,32.35524951805937,76.30484354658091,74.09373064548298,117.01661972107728,9.213449563331128,7.280737849844197,7.048174089781637,2028.6926355152589,11611.927293210976,10483.547865641061,11047.737579426019,11014.112886503648,56.473777424003956,2096.90709814253,289.4232164062428,-0.007855965727963987,0.056585614412620666,-0.901845943967896,1,0
1754976716726,10457.900295127072,11335.406813496347,9329.530413773997,10503.65631134465,895.0338588534369,1754980316726,44.13284995497236,9.895976249788873,27.863394864405272,50.042677728117866,68.71682325935971,-169.25023190771162,8.749540321487974,6.76612064559973,7.144306227786619,2027.062904387194,11631.430266637042,10445.299961080345,11038.365113858694,11005.2089854175,44.75823527066698,2043.8276459920141,304.2360040633298,-0.07102434325315476,-0.018457684941766694,1.420031763776669,1,0
1754980316726,10394.479390838858,11952.264014533372,9440.603114059175,10820.059564183583,686.024223935891,1754983916726,47.85751911651559,-7.913599522171353,20.707995987089948,60.46940246195885,62.2723079122192,25.660474198749434,8.987215996193733,8.314496707978254,6.522618356193964,2061.6770469648372,11606.376860932924,10425.482905130706,11015.929883031815,10999.6299558169,42.65860652116538,2078.9056557738163,302.89290869031936,0.030123153639099565,0.011109465018009912,0.7272288579984235,1,0
1754983916726,10867.060182378948,11533.055290094711,9856.950129869389,10921.774241936126,249.90172163688985,1754987516726,49.03387882122426,-13.66279599547488,13.833837590576984,64.0207416116196,58.1776072672321,42.11691818442835,9.207914836991936,7.825135922120786,6.138720959064371,2034.1361979120145,11604.792135420945,10442.686295005557,11023.73921521325,11006.630733780674,44.117112429609904,2065.9573310680507,298.07385877447837,0.009400565417332585,0.020614465687995853,-0.7012626860617642,1,0
1754987516726,10243.995302352472,11631.54437867616,9684.209075188486,10729.716283683232,65.60076494502954,1754991116726,46.883088722977064,-33.33231359449928,4.400607353561731,57.315092424913544,60.601745499497326,-7.8678871913448525,9.055083077349082,7.288412784173836,6.326102086429233,2027.9361340245616,11580.10024420408,10413.626475174828,10996.863359689454,11006.689887106328,50.30047041430842,2061.5812845962946,299.19420882479784,-0.01758486798925507,0.0026670950409484195,-1.1927275996016118,0,1
1754991116726,10966.734227535107,11542.940444489328,9882.441191347581,10699.571615895939,690.6153123866363,1754994716726,46.538046056120336,-50.767751723838956,-6.633064461918407,56.26259989156472,59.19947797603262,4.755802520684144,8.913167871966431,6.856549133961954,5.951258671331961,2001.690642532932,11580.420787685223,10412.674362206613,10996.547574945918,10992.05151168587,47.84460375011079,2024.8940874323437,299.52063831646814,-0.002809456186007031,-0.00014985423172009238,0.6869146311253648,1,0
1754994716726,10958.138119804496,11129.3806169667,9203.511108331886,10537.784506595679,572.4077259677651,1754998316726,44.639194427984364,-76.75553958446835,-20.657559486428397,50.61384881783792,54.73051371143871,-223.08909043111834,9.065895686673503,6.384068427148226,7.9704359964691855,1996.274847254495,11595.605568394638,10369.09939528664,10982.352481840639,10974.63899967241,48.463961342062795,1982.3811116939225,314.592195576903,-0.015120895967451475,-0.015268484268923466,0.4089332083806296,1,0
1754998316726,10247.63164307144,11375.821219007941,9873.361117841438,11143.36972506976,404.519524458235,1755001916726,52.45855589596176,-47.932842678656016,-26.11261612487392,71.75768510914534,59.54471127284932,53.90213435481654,8.715520728204519,6.932339497045516,7.534242814096788,1961.0023653910669,11608.410574084792,10374.082664859492,10991.246619472142,10971.880581225692,51.719669859774484,1954.9727287668609,316.598428559922,0.05746798277142995,0.04132204951159424,-0.13464965243348836,1,0
1755001916726,10348.05195547732,11099.146112277624,9059.762274178385,10762.510290483166,363.6114491900638,1755005516726,47.87837696905868,-55.186663614873396,-31.92742562287382,58.86765745198162,60.41306379298828,-175.1517150251041,9.62743616438739,6.408552872915177,9.91529736554339,1969.7598714982316,11545.319864731906,10369.10481829135,10957.212341511628,10976.742762122993,47.647408942084034,1915.9049022175298,301.69279376121136,-0.03417812062088876,0.005731618898195956,-0.22277957991925235,0,1
1755005516726,10895.555740873886,11622.954044183381,9888.599280437153,10552.347178431313,216.8142759291083,1755009116726,45.51673700195888,-77.00609734835416,-40.94315996796989,51.601867111400544,60.742403224175824,11.420879110392493,9.507930393778809,7.917851624950758,9.286333662214556,1952.9452209445171,11484.108069723898,10342.378188667106,10913.243129195502,10971.249570321694,39.34060115710561,1884.6038156852924,292.84753547325636,-0.019527332042385215,-0.013907636369554721,-0.7054128252861911,0,1
1755009116726,10966.622220896108,11446.874195200438,9329.073779460728,10730.979310528064,669.6112565375176,1755012716726,47.87041118637825,-78.97367623326863,-48.54926322102964,57.77756372739732,56.08236276359315,-75.33803894078098,10.143546336462338,7.3082255200861725,10.605530649701608,1964.7205920013164,11483.664777670348,10345.232224231231,10914.44850095079,10963.309981825401,41.53523549685422,1911.431972827654,292.00178878438965,0.01692818944223795,0.002785121969525628,0.7643033710935141,0,1
1755012716726,10443.439102836044,11777.984971570937,9314.587633414067,11301.913952836127,970.6680277938705,1755016316726,54.6184024450098,-34.07059789649429,-45.65353015612258,77.51600102347976,62.29847728742587,67.95809571990033,10.163010193385135,7.847705652334498,9.672630982793667,2000.340359583856,11529.450303294063,10343.816189766821,10936.633246530442,10973.844456646651,55.036035143217575,1963.3457452415714,304.10873349315506,0.053204337254468825,0.05613763979255593,1.82186950467429,0,1
1755016316726,10320.997045640897,11220.47048099937,9512.088576698665,11351.489181646546,175.71524583682586,1755019916726,55.1611621222944,5.45286461316573,-35.43225120226492,79.22992320090724,71.50782931726144,15.461690783173186,10.181083774813448,7.3423485120853424,9.049756814380393,1985.3035750519707,11575.41247770899,10368.062994671174,10971.737736190082,10972.682506378507,54.39263601310971,1985.9551630883393,309.6786082495005,0.004386445430154762,0.06077032991623832,-0.9310071858917371,0,1
1755019916726,10526.094013251542,11164.566058429335,9940.690187723232,10983.066245193302,597.1166200155034,1755023516726,50.34247251121624,6.966535584711892,-26.95249384486956,66.49275069334536,74.41289163924411,15.570119436826438,10.197866386139738,6.961794700314633,8.580708056255961,1944.2675335427812,11573.83942475837,10366.944164209775,10970.391794484072,10969.666042045725,44.910270709660665,1946.1602725803746,309.5621026392569,-0.0324559122206558,0.02634206120220073,0.4905999434577196,1,0
1755023516726,10687.769206365734,11406.332230963768,9047.781364681405,10916.070670408686,424.18505574597623,1755027116726,49.49573755969338,2.7286930800582923,-21.016256459883994,64.32434037168385,70.01567142197881,-93.81239573783456,11.398510984814006,6.367608921659097,11.079541880983705,1973.859200167037,11572.07028396335,10364.262116976197,10968.166200469774,10976.549321107568,45.160983059978285,1942.0101308378523,309.79625820011734,-0.006099897177068936,0.02008148016036637,-0.06459213223100173,0,1
1755027116726,10273.47451537498,11926.585383218382,9352.230975070745,11477.853693501782,446.6887217446649,1755030716726,56.15518724188121,44.19195001882326,-7.974615164142543,83.66627113245902,71.4944540658294,115.40180492270198,11.568931367250524,7.629639516387915,10.069336521362898,2016.751715022794,11587.788259121355,10356.253494923296,10972.020877022325,10977.92628320089,62.83507568946836,1982.6157028682298,315.88200197687564,0.051463849956191465,0.07257880039842912,-0.06353472113878421,0,1
1755030716726,10736.473174619074,11710.421815012412,9856.571988683336,10700.56465958807,254.1472801278144,1755034316726,46.933828746348,14.167832949029616,-3.546125541508111,57.41215047166072,68.46758732526786,46.11887633051379,11.727178865227291,7.125778149519735,9.404357572853998,2005.1158658303855,11524.307166956678,10346.790515267669,10935.548841112173,10962.78224322913,48.59614126093968,1935.62919757215,302.02664846317964,-0.06772076510731062,-5.7056602433935844e-05,-0.6954639657447717,0,1
1755034316726,10051.657357114642,11418.923624792918,9396.054477435468,10715.359282854608,825.1348756614191,1755037916726,47.11184901983507,-8.336594613725538,-4.504219355951597,57.926066082840705,66.3348292289868,-64.6238536194106,12.46875065140193,6.612611994605533,10.366570721136025,2006.383957368033,11523.384777963234,10330.892093445847,10927.13843570454,10965.535180518387,47.52442148735419,1960.3980537958735,305.8679198336876,0.0013826021090654894,0.0013254666200526177,1.3620748790345216,0,1
1755037916726,10049.294492764417,11517.272169754311,9199.156897597068,10791.8671770364,485.2556041472411,1755041516726,48.081818793160544,-19.770070865040907,-7.557389657769459,60.58369382301156,58.640636792504324,-59.75932427166798,13.394180857948268,6.07288665904804,10.213719356298853,2028.6504798529766,11515.421807239982,10318.86798757084,10917.144897405411,10960.725319361887,50.76663725580261,1986.8823372722711,306.90957902133584,0.007140021362065818,0.008474951842100342,0.08966533293500752,0,1
1755041516726,10386.287705145545,11084.213011177098,9424.794181331412,10672.757318281087,543.4058521982641,1755045116726,46.647472297209006,-38.00426383028753,-13.646764492273075,56.44621666276202,58.318658856204756,-93.50297465889086,14.253508906884152,5.713386538234837,9.609092010410407,2002.2767905667417,11445.541935159654,10316.399966564666,10880.97095086216,10958.113180083225,49.676346564264485,1986.8051641796956,289.6188040523181,-0.011037001920183198,-0.0026555881378376167,0.22859734654926547,0,1
1755045116726,10353.473192060721,11984.575896376113,9385.55250149167,10879.365598204187,304.7609127973258,1755048716726,49.46366044970322,-35.375643238478006,-17.992540241514064,62.366781664696425,59.79889738348999,55.57616156120785,13.401487658449781,8.339676553303404,8.736739326981718,2044.9015480180062,11389.381457730176,10329.826223040052,10859.603840385114,10957.84371051768,54.07881300215203,2034.8875846260976,271.7701834076427,0.019358472582263975,0.01665147631427022,-0.7547847108278107,0,1
1755048716726,10315.633215367152,11666.40730469492,9915.416201466704,11410.834226989753,181.80846566694976,1755052316726,55.91062400273018,9.48331642447738,-12.497368908315776,80.46367686964889,66.42555839903576,148.26658563492038,12.610325070617865,7.824312223968645,8.1968378361932,2023.9079448187356,11459.819353025034,10350.106119309707,10904.96273616737,10972.46737069837,53.25133858325299,2052.639799059077,284.63543870358455,0.048851068013864074,0.06631598673009398,-1.1525717944751124,0,1
1755052316726,10491.01976266891,11285.404068463422,9761.934375743098,11115.347840628574,85.91038820282049,1755055916726,51.94306383344133,20.949589425907106,-5.8079772414712005,70.40214947397286,71.07753600277272,31.422815832894578,12.120778837531565,7.3628800263366445,8.26237565234217,1997.1216524207298,11480.445066880033,10359.009233099207,10919.72714998962,10973.212885470693,54.38005933139942,2021.5892562273114,287.642222177923,-0.02589524836512591,0.03870346941801395,-1.387007228639319,0,1
1755055916726,10320.733582311572,11585.808394215244,9505.115555744007,10911.946548612264,714.1191409249159,1755059516726,49.34713921749673,13.468650796941802,-1.9526516337885997,63.4761868360986,71.44733772657344,11.19743228531635,11.364635690032879,7.88780235409041,7.649342179415538,2003.0910228529087,11479.96287000166,10358.508660645193,10919.235765323427,10962.292229377961,54.471506061764856,2046.3276901362406,287.6469354136266,-0.018299138716364904,0.019696090545964218,1.0588080582785986,0,1
1755059516726,10192.257918468093,11109.482366068994,9988.37056672157,11434.410794571215,196.23428168785563,1755063116726,55.499190870570615,49.13208715220571,8.264296123410263,81.2664762254437,71.71493751183837,81.51588736523213,10.662502767355528,7.5622247901821344,7.333607316842132,1940.0925068882311,11550.579942019156,10358.361039716494,10954.470490867825,10970.918993263953,58.05792673219721,1975.1356461082198,305.7976961773139,0.047880022471828765,0.06851916227574084,-1.07933177914432,0,1
1755063116726,10309.4695490886,11965.836668807584,9465.277531275924,10548.464232475822,690.0753541887977,1755066716726,45.42430906673582,5.8398162417161075,7.779400147071433,51.09934834046537,65.28067046733588,5.200550959903736,11.316092247630602,9.969201685504155,6.672101061657567,1980.1258376484761,11559.362403033758,10334.467840359883,10946.91512169682,10970.22998628558,41.950071627796405,1977.7900603492762,314.17882622255235,-0.07748073582558523,-0.014270488661121461,0.9717338052167638,0,1
1755066716726,10974.904272810236,11174.784987883366,9058.237830820275,10710.276177901862,390.3764460469539,1755070316726,47.305807233969595,-15.237104822164838,3.176099153224179,56.60916333363973,62.991662633182926,-143.42120855313033,11.180377136683232,9.211783821947598,7.626296583580595,1989.870217606663,11549.270422466301,10361.80898805796,10955.53970526213,10962.035483174068,43.30967317383611,2001.1273304153926,304.57743140973594,0.015339858187873867,0.0008504622544192042,-0.2363767359777811,0,1
1755070316726,10411.11341699485,11648.030318055215,9262.274321814984,11065.88860510176,415.77480098965145,1755073916726,51.28096413878693,-3.2087769352183386,1.8991239355356755,68.71802635970536,58.80884601127014,7.459511704477319,11.688451451534576,10.108909991094702,6.982336843976538,2018.1477732233463,11541.441440546518,10361.88985798094,10951.665649263728,10966.548795387076,50.86647323231105,2070.7671162951724,302.5485972200168,0.03320291851424151,0.03408161859759362,-0.13276524642746548,0,1
1755073916726,10444.712776858336,11245.45446253893,9436.070480219312,11115.55262319318,469.1774960927717,1755077516726,51.82752693893397,10.213495951422374,3.561998338713015,70.30338758834182,65.21019242722896,-29.102938894363486,12.160234743896538,9.45671883844803,6.531861142990773,2003.2360738730802,11556.518696748339,10382.116835050121,10969.31776589923,10961.741344059117,52.09454138944337,2031.5409102978335,301.2277216877182,0.004488028016884638,0.03872260587360499,0.06840480872804652,1,0
1755077516726,10576.54498995114,11717.561382648535,9156.90262414612,10539.557506562613,367.7085081275432,1755081116726,45.457920739190186,-25.335199791128616,-2.217441287255312,50.62025106319939,63.213888337082174,-82.14989394187235,13.19266434073748,10.26067230458676,5.947096374765655,2043.0519799180329,11557.719180182454,10379.637384429136,10968.678282305795,10953.83893122404,40.17729592887918,2030.5626496088892,302.1716048571273,-0.05181884663374481,-0.01510280153516308,-0.3974982005988071,1,0
1755081116726,10983.340768414226,11776.821367240282,9947.565126324043,10903.038757907132,100.61997722259008,1755084716726,49.66222384456451,-23.902366436117518,-6.554426317027753,63.04127840870121,61.321639020080795,99.85487701494715,14.222529528855627,9.808263584205775,5.56389199192407,2027.780855703619,11557.13872339688,10397.423785952617,10977.281254674748,10958.042914203335,52.32069848693961,2028.8059649365434,297.4606051019003,0.03448733508197033,0.018863678169587672,-1.3754450755225753,1,0
1755084716726,10241.601276435764,11673.419728911433,9766.848897817774,11149.153964830874,309.6318100028458,1755088316726,52.34106976952071,-2.8742626405692135,-5.818393581736045,71.451626133751,61.70438520188386,90.46637420588489,14.789690223725868,9.146726397624743,5.827927016864777,2019.1229968029074,11536.06367850237,10403.222832046598,10969.643255274485,10967.20388104613,54.72165379686159,2020.4989423462725,290.5675462053609,0.022573083741929567,0.041862573298520056,-0.43354797862881744,1,0
1755088316726,10681.282110532433,11614.499460255192,9268.287200427772,11198.070546403402,663.7343606939385,1755091916726,52.87783121707986,17.53568003284454,-1.1475788588199274,73.12322321094095,69.20537591779771,12.078475890531873,14.334128780870019,8.396234937912416,7.093283016121752,2042.4865155903728,11511.400450060622,10412.544196964032,10961.972323512327,10965.790008359774,54.44805182060603,2022.5058700369996,281.8506819326264,0.004387470271451255,0.04643371436580512,1.1617870351824529,0,1
1755091916726,10715.984693541724,11892.469093952011,9590.804533517916,11138.13990251627,665.784401468871,1755095516726,52.103579612277485,28.545746945146675,4.791086301973393,71.07524917155912,71.88336617208368,86.04426610180684,14.32526478607841,8.689838948600867,6.527456295023937,2060.99923307921,11524.477122035272,10414.97489072168,10969.726006378476,10973.241054443955,55.16299803836989,2068.3805650790287,284.5813177294803,-0.005351872328253959,0.04083333472653883,1.1354927080487331,0,1
1755095516726,10607.324416793066,11078.626710989758,9721.449157109571,10820.563224360925,286.22430723999435,1755099116726,48.085598873409715,11.51280798433072,6.135430638444859,60.611022762705566,68.26983171506853,-62.89785729767521,14.317033933771919,8.253435058902221,6.199647306406835,2014.977198245459,11523.100893139175,10406.800375013003,10964.950634076089,10964.307651047988,49.363317272815884,1983.9282329734756,286.3250415047237,-0.02851254167525763,0.01115653089315094,-0.6276423915602639,1,0
1755099116726,10088.578339636644,11330.914765780195,9941.278928906799,10593.52012359791,460.102626557688,1755102716726,45.39064676728529,-20.074987649648392,0.8933469808262089,52.80241114143462,61.496227691899755,-21.094100557756782,14.692228161727174,8.752252019400842,5.8873232755994875,1970.3099581474546,11448.644429253054,10392.823481908737,10920.733955580896,10962.060307304615,40.52597150412283,1958.11714251956,270.81235891332744,-0.020982558491212444,-0.010060120160086061,0.1859508322074479,0,1
1755102716726,10676.872275827576,11248.287479630846,9881.63534917541,10927.112446419334,193.44722801193748,1755106316726,49.838956376221795,-17.98313240675816,-2.881948896690665,64.27553179560105,59.22965523324708,11.586804336026624,14.906902561810032,8.30892430618849,5.810173077689346,1927.191541883739,11450.221033112368,10413.901656732549,10932.061344922458,10964.168828858976,47.837146143821734,1937.956591034473,265.81031150302005,0.03149022411146629,0.0211133085129509,-1.0376679545456595,0,1
1755106316726,10064.094711036176,11988.01396206542,9515.192226138213,10628.754437368056,210.37208152983578,1755109916726,46.21318658294661,-39.939917398252874,-10.293542597003107,53.60534512513473,56.8944293540568,19.809291730275874,16.122984731356738,10.249836697326625,5.288217125485412,1966.1651271725584,11454.439292982774,10401.022912313485,10927.73110264813,10957.434178157542,46.815567359335994,1965.9657979956135,270.19560057464645,-0.027304378033470966,-0.006767555277695014,-0.8916109626505483,0,1
1755109916726,10596.142649549896,11389.389779666873,9774.652619793018,11447.623658520668,23.047088406607408,1755113516726,55.73199827816803,8.635529864441196,-6.507728104714246,81.55523564474228,66.47870418849267,92.723201587819,17.252203888792963,9.640789302252829,4.973990181196478,1941.0631295083654,11529.278282521725,10391.759570922964,10960.518926722345,10957.522734334087,50.139290597490806,2001.22475231893,291.7673932980308,0.07704282058428902,0.06975387375954023,-1.605278259342983,1,0
1755113516726,10739.581177221742,11732.612699240399,9562.144753827584,10975.170866022629,896.7465499077446,1755117116726,50.21080832342455,8.906264017825379,-3.424929680206321,65.42933484776746,66.86330520588149,27.155533427282094,18.71473407368638,10.129664163764327,4.5800413947407685,1957.4491877872545,11528.861306935029,10422.417901283814,10975.639604109421,10948.391523159464,54.92798921113276,1977.6468100247268,283.7967455013794,-0.04127081799604626,0.025604256335044706,2.1414633475794242,1,0
1755117116726,10210.96989061995,11684.725163881005,9552.70389004554,10817.259174356868,210.7066650749062,1755120716726,48.48199113772105,-3.5800622799852135,-3.4559562001621,58.64681222431231,68.54379423894068,-11.819759460156861,20.048047945477798,9.34657672164409,4.26020732321909,1969.9186225049837,11528.572784876718,10416.495780957395,10972.534282917057,10950.599269138153,51.23664923131264,1978.7521040798963,285.2417329682358,-0.014388085032428055,0.010847775085276012,-0.6820845893214253,1,0
1755120716726,10841.622007542774,11212.081237477378,9114.741958338192,11266.3040711189,227.53387693646332,1755124316726,53.395992618247604,22.499247197391014,1.7350844793485232,74.88195026400865,66.31936577869614,-93.68689408962112,20.190477867661148,8.639049709238437,5.518445213276547,1979.0200979788551,11501.785822669905,10428.82972757712,10965.307775123512,10958.760969735671,52.26768119764034,1958.1509100012502,275.207431575754,0.041511892201540945,0.05280997895678352,-0.6267201875373353,1,0
1755124316726,10030.353805533005,11238.99768021155,9126.137658016152,10997.948592582265,279.6014326451318,1755127916726,50.307715967363656,21.268078304123264,5.641683244303471,65.54223309875165,66.35699852902421,-122.20940104839259,20.363582373418804,8.07217428991558,5.094638924776351,1990.5305490591334,11491.773749894608,10427.101875547789,10959.437812721198,10965.73195381824,48.732071110047144,1981.7782264857597,273.08257378844024,-0.023819300175339952,0.027732782040418513,-0.4679376677370227,0,1
1755127916726,10843.812863658306,11281.284563553034,9529.533615022458,10810.03402401245,127.408071695429,1755131516726,48.20521489720345,5.070780073865535,5.527502610215884,59.00214332214676,66.47544222830236,-66.0374513286171,20.5920849508771,7.713425262313664,4.771621361954545,1973.4748633070938,11490.33743158426,10418.346941398155,10954.342186491207,10961.732932712219,53.18240431847958,1923.9990972020566,274.95975914302386,-0.01708632905381613,0.010172601547081994,-1.0233137977024196,0,1
1755131516726,10460.329050642766,11411.127278259379,9268.861544979007,11311.967742390802,639.2628831813628,1755135116726,53.763686924206716,32.36309910799173,10.894621909771054,76.47120708385258,67.00519450158366,6.050800924437307,20.140050065427122,7.118974577426199,5.3416424381179555,1985.5313540194709,11464.57941813487,10431.860649629501,10948.220033882186,10968.760636546143,54.659612521860375,1946.356918085209,264.88677506963677,0.046432205232971535,0.057077143102840955,1.1146982546080262,0,1
1755135116726,10217.587939931644,11234.325065650526,9021.036902460468,11367.152151001123,75.14295317758656,1755138716726,54.34381477453235,57.77933494571698,20.27156451696024,79.07426317792411,71.51587119464115,-58.57603749427618,19.13641752987536,6.53863894899284,5.788043284078699,2007.345603013104,11502.05246862861,10476.25639098829,10989.15442980845,10968.08847631715,52.597019506053336,1973.8112044306858,263.11114232820773,0.004878409297749409,0.06223399806619234,-1.2028344571796457,1,0
1755138716726,10133.778144993968,11019.651482746847,9722.839203900212,11173.008166288677,134.20242632635026,1755142316726,51.877699038004664,61.54661683643826,28.526574980855845,72.53076854307527,76.02541293495064,-16.167172776180443,18.204473032577297,6.151052649251395,5.444949515372456,1981.4146990193756,11514.415528431982,10510.166530023602,11012.291029227792,10962.948532087103,49.71141660351988,1923.6755392359353,257.58443311754945,-0.017079386475472358,0.044091693085833716,-0.8708806329724027,1,0
1755142316726,10953.307167582372,11879.393056807196,9032.486596690165,10546.964422407667,644.7567265900929,1755145916726,44.815260481868854,13.855993542803844,25.592458693245447,51.43037810175633,67.67846994091856,-99.83614393328844,18.838327903522902,8.54440953599555,4.903047725165393,2043.2355390977796,11526.869953460853,10445.819686725321,10986.344820093087,10956.216472715108,43.9779509067454,1962.6213892132878,277.2835427966343,-0.05603179864934815,-0.0144106424326087,1.2148744631895476,1,0
1755145916726,10072.665587581158,11965.609831380883,9595.276841104054,11066.322880166532,339.6606204814427,1755149516726,50.799275649909646,17.7639463557025,24.02675622573686,68.93501151567345,64.298719386835,114.78807664769231,19.549668170099817,8.142388951497754,4.501357655040035,2066.599642753426,11522.477383102438,10445.289282781074,10983.883332941756,10957.70817145806,52.40459618263457,2030.738692418297,276.292918013363,0.0492424584893314,0.03412220059493043,-0.01293146646429125,1,0
1755149516726,10199.093419935925,11341.570387031568,9539.193794127314,11263.294911997282,707.947826701189,1755153116726,52.88591084291996,36.33616324853756,26.488637630297003,75.57382360871257,65.31307107538078,20.10276949941573,20.06077373804058,7.630474509141136,4.413984208956942,2047.7265677641994,11530.927003748431,10509.213402678546,11020.070203213489,10955.049344715082,56.59209593237848,2060.22017499193,262.06400918216764,0.017799230508968034,0.052528780017760957,1.365074299315334,1,0
1755153116726,10347.822347433046,11338.506879425473,9968.814690577805,10636.503012083582,557.424744670142,1755156716726,46.17494657003903,0.47246465865828213,21.28540303596926,54.4482170629998,66.31901739579526,-14.080147152397934,20.535371765414144,7.257078654750801,4.197986710636954,1999.295540698733,11542.42031835412,10471.066513490501,11006.74341592231,10941.645248801853,47.295818708823575,2060.4373220199464,274.7964528035338,-0.055649071147561124,-0.006043468946303143,0.696274839282239,1,0
1755156716726,10620.234848961121,11007.091812774372,9484.213139347641,10728.670751384603,256.0211730615131,1755160316726,47.235247367107036,-20.278846653089204,12.972553098157565,57.99258127222592,62.67154064797942,-150.7990901794608,19.70917579592396,6.855400872447369,5.7269377073017,1965.2657644650185,11530.320403739024,10441.118106760972,10985.719255249998,10946.145537602655,50.96684262878363,1992.5842461270552,279.37449443522684,0.008665229464638324,0.0025693924731531315,-0.49153892720955616,1,0
1755160316726,10544.801085276098,11680.250688330374,9063.601436377798,11382.495105068136,650.827950489328,1755163916726,54.13720070107517,15.851029925315743,13.548248463589202,80.19696776447176,64.21258869989914,38.1116024604923,20.067847829287302,8.608552845817705,5.1948826093797935,2011.7931564284154,11559.491532766933,10430.389433599532,10994.940483183233,10957.394248420345,49.34898786011938,2064.1493955612495,289.6085777599149,0.06094178569131237,0.06366776152992126,1.0800707707740858,1,0
1755163916726,10125.643492412313,11825.439895748628,9551.687967806462,10520.121721853075,116.27368029288066,1755167516726,45.654557765653195,-24.81604355235322,5.875390060400718,50.91009309598673,63.03321404422814,-2.1980464408712326,20.608767940685397,8.430736625584595,4.779367493924388,2030.5044972508263,11560.602881228635,10367.476267071514,10964.039574150074,10949.361198018682,45.780346567181894,2071.526822884775,306.03051935546597,-0.07576312357306292,-0.01691903052755339,-0.9481557941717297,1,0
1755167516726,10289.727983738214,11146.608300360003,9841.096170616102,11252.727137825976,536.4103830800304,1755171116726,52.468197119932825,2.0465507926401187,5.109622206848599,75.78994608850542,68.96566898298796,69.97320250758005,21.111050901269344,8.03342232050305,4.554130820201797,1978.719328143189,11591.098950486112,10380.196589160541,10985.647769823327,10959.821415101538,53.649143880101064,2012.4904554496632,310.5899023022075,0.0696384923428297,0.05154124603743515,0.6848450125430476,1,0
1755171116726,10238.751771086025,11159.666349367151,9996.84928428144,10973.773292514423,437.14810504503464,1755174716726,49.90261325700796,0.8166920261974155,4.251036170718362,66.31645529560367,64.33883149336526,40.86754917802208,21.598216522477866,7.707868456791737,4.342136918748101,1927.0877942432853,11582.934230111036,10426.386626427267,11004.660428269151,10965.305448633908,47.47671379433458,1952.3860679071881,296.64820113387674,-0.024789887988472703,0.0254736563329081,0.29481447075345696,1,0
1755174716726,10213.54285449034,11790.083249971438,9430.343173689073,10946.772158839607,267.87358281744076,1755178316726,49.64954383897362,-2.3101161554859573,2.9388057054774985,65.3994756749048,69.16862568633796,47.225771532643115,22.939884538050872,9.344134253486011,3.968345920829403,1957.9915286746484,11583.453241864263,10427.833585916069,11005.643413890166,10973.485201678786,49.539388311833115,1968.0699009914465,296.4101875617354,-0.00246051498924571,0.022950463030424473,-0.3982000498973384,1,0
1755178316726,10411.144336479987,11616.290748354144,9320.298742496743,10507.096532494887,604.0049977395001,1755181916726,45.59477131814055,-39.807407673984926,-5.610436970414987,50.46774747668623,60.727892815731565,-100.79980880397028,23.870322337160193,8.57101177168599,4.036567926847737,1982.1344199019877,11595.39348962939,10403.727547663624,10999.560518646507,10960.75973782729,47.39163130769071,2006.944262229077,305.6558648435098,-0.04016486503646455,-0.018136204256181454,0.8652822926020522,1,0
1755181916726,10704.031452591656,11044.860557627717,9906.653296952,11319.398230966493,871.3335923402825,1755185516726,53.19931404262318,-3.9329859636891342,-5.274946769069817,78.05414856369973,64.64045723843024,80.72103472537475,24.734300293475993,8.208430776824082,3.8658082949943537,1921.8539085286827,11572.078974169406,10414.219520368191,10993.149247268799,10971.897496636955,50.06073242996887,1935.225799900173,296.98468358929665,0.07730981589056807,0.05777150502238748,1.7133758676210968,1,0
1755185516726,10217.452932217237,11622.546990462282,9191.242129076121,10859.824900636566,998.9046997630767,1755189116726,49.0242285534662,-12.442545322812293,-6.708466479818313,62.300086213018716,63.60732741780155,-44.71591762254946,23.674862326498815,7.480475192630837,6.132495829356144,1958.2432623042168,11569.204098469967,10405.559799529026,10987.381948999497,10978.047051081061,46.110519417251794,1945.2525157184464,298.4684650601777,-0.04060050905115009,0.014825443458677423,2.101955294113684,1,0
1755189116726,10366.678879702982,11308.917722843766,9615.428915032926,11040.765631300543,607.7627687434245,1755192716726,50.66585065061968,-4.53376521989594,-6.273526227833839,68.46896205580464,69.6077322775077,21.167981832065077,22.691098500020008,7.013889661616473,5.749988869664297,1939.3322298404044,11575.444673397682,10421.669870295676,10998.55727184668,10984.242777496509,48.98409126028765,1948.7650771977274,295.936992790992,0.01666147772358384,0.031733934978190215,0.5782091041039182,1,0
1755192716726,10390.917426841163,11368.725155470845,9405.714424180947,11177.300686335659,404.7058743291702,1755196316726,51.92399442405434,12.605924609633803,-2.4976360603403114,72.83573864215556,67.86826230365962,14.906505913478517,21.297307087941455,6.507222493884983,6.106360464817263,1941.023551372511,11563.994837151587,10424.21936806345,10994.107102607519,10981.7505121665,55.23615584775943,1885.629667995789,292.34623938053227,0.012366448088349857,0.044492819126086935,-0.2227664627748371,1,0
1755196316726,10976.45652943541,11769.73141829688,9041.082364955555,11202.629576437916,225.2071002162016,1755199916726,52.167697264364286,27.911337508625365,3.5841586534528247,77.63181227903169,72.97883765899729,24.415554809855294,20.77690949166611,7.306333271655434,5.510475285476826,1997.282515798855,11581.442927869022,10427.239375731577,11004.3411518003,10978.773320062328,51.233534685863994,1911.2236725003957,296.0469645982021,0.0022661008067199617,0.04685974514612168,-0.8924353548644972,1,0
1755199916726,10954.666356879068,11810.93519267261,9347.288474305698,11455.980058826073,257.09608939511173,1755203516726,54.64428917963116,59.79497484211788,14.826321891185836,86.73087659050304,79.06614250389676,163.8770327555815,20.368800658133484,6.818093135348284,5.032928085048078,2030.5942445537162,11638.401268634118,10434.875638447842,11036.63845354098,10988.231596334985,51.72612904140671,1958.4572528905858,308.6978106876907,0.0226152690901269,0.0705347599822228,-0.8180697214369334,1,0
1755203516726,10800.137582752075,11400.35662683983,9265.228522502675,11031.33995323661,479.4549781497657,1755207116726,49.973828296641514,50.21918398980051,21.904894310908773,71.47995780966268,78.61421555973247,-63.12645786759211,19.77976806481941,6.295618707637675,4.934290449252291,2042.0340511086936,11610.97373328688,10434.240394879665,11022.607064083273,10990.536981991543,53.669985051516186,2017.104349138852,301.8257328456739,-0.03706711284490294,0.030853127229570676,0.08243303920557005,1,0
1755207116726,10241.658920819185,11947.152936006354,9686.091153943487,10899.719550974427,367.27770128070927,1755210716726,48.58762317020157,31.6448521274433,23.85288587421568,63.95705612017577,74.05596350678049,124.2649096617495,20.205679859842327,7.699587876071515,4.547004713442329,2057.6788890339917,11567.802413307636,10430.668454856237,10999.235434081937,10978.974299140997,51.57831239687503,2069.8317140414333,291.6687061980083,-0.011931497245134315,0.01855350598189287,-0.4459511428108895,1,0
1755210716726,10068.037314091669,11406.462717952072,9948.790497691918,11453.703626491708,913.8145226249442,1755214316726,54.32979978776374,60.924149688202306,31.267138637013005,83.02005070247756,72.81902154410533,158.92235047306434,20.60116938379218,7.301698086525082,4.312030221610008,2014.8212698358604,11611.391754557797,10415.148659626379,11013.270207092088,10994.037078479067,50.669393420521246,1987.0476403491173,306.829879807745,0.050825534815504,0.07032203266162917,1.6534351175194475,1,0
1755214316726,10316.904137720625,11771.83603523011,9268.047187378637,11142.11023502552,368.29546765570956,1755217916726,50.88715157379063,58.31302509960369,36.67631592953114,72.29789568772446,73.09166750345925,22.582455791424383,19.32600288698442,6.6646192681828325,6.308022311257733,2049.7475254084043,11603.41944426893,10482.63555117703,11043.02749772298,11002.572097522487,56.52238803184167,2003.4788489140678,287.4750029195027,-0.02720459701309985,0.04120435308882775,-0.535680392370034,1,0
1755217916726,10266.794549433831,11483.877264564258,9811.465939151682,10798.150356276556,373.4445911454355,1755221516726,47.32242849298191,28.164341432271613,34.97392103007924,60.46198632697577,71.92664423905926,9.312846387287987,18.141919711377216,6.271034257768774,5.9354964508651955,2022.7949396944166,11599.885823613045,10459.35191944392,11029.618871528482,11002.697761107289,44.81012588194725,2029.6859343189733,292.5407738741721,-0.030870263486329375,0.009062100365862413,-0.5236896329427977,1,0
1755221516726,10505.925800146393,11897.532326522083,9055.35981693841,10626.464245403571,383.53451243397694,1755225116726,45.60513905187408,-9.473141412998302,26.08450854146373,54.55414249884378,62.43800817118133,-103.36449431042935,18.048928294363474,5.659357024548646,7.9514167562910325,2081.3219089722206,11583.212813546867,10412.341862850728,10997.777338198797,11001.771899649739,45.93523493790287,2142.9926954646257,300.3220621249005,-0.015899585133410388,-0.006981568403802485,-0.42154446252419403,0,1
1755225116726,10777.727910067793,11907.761243650179,9538.121010039813,11342.554501465182,836.620210367658,1755228716726,53.22893131744201,18.270767284804606,24.52176029013191,79.19532854556394,64.73715245712782,150.311676760703,17.939462557098427,5.23838913665136,7.3111167229800555,2101.916075017802,11612.234502962598,10453.925322373154,11033.079912667876,11011.035677714957,53.98871198485938,2143.6998495594826,297.1000360765659,0.06738744322895096,0.05993540478068815,1.3533305184725422,1,0
1755228716726,10858.322938878859,11087.416807871085,9070.550063709894,10862.181602794151,650.7883208469019,1755232316726,48.33487257300862,1.4788888231742021,19.91318599674037,62.665348046937126,65.47160636378162,-210.21720880853812,18.553336661695912,4.836264658362395,8.329675806246035,2114.0652437847652,11607.690351994936,10471.820558481772,11039.755455238354,11000.062625231047,53.549447034280824,2141.9864518379036,291.3444547329851,-0.042351385537444663,0.015045671808033845,0.5420713698356298,1,0
1755232316726,10844.864085410509,11936.493331310226,9934.03299113064,11160.46972136443,614.1688503188926,1755235916726,51.32746477356278,12.10106884518791,18.35076256642988,72.92965895327625,71.59677851525909,166.12608063920777,17.405592216681356,7.387475005949466,7.763975588347552,2106.093464955824,11577.723751354328,10479.58462075201,11028.654186053169,11000.965062845762,48.22939177659289,2203.7188146596086,281.66674389389743,0.027461161070401197,0.042920004495367925,0.4020467858566367,1,0
1755235916726,10359.675561223068,11825.534841520415,9766.35128055739,10970.816419365898,334.14302238386216,1755239516726,49.36944351030718,5.156347405625638,15.71187953426903,66.40355102293937,67.33285267438424,74.1489689633034,16.610440249955627,6.870729265354332,7.790496058042483,2102.742757527767,11549.580452215543,10552.797389642075,11051.18892092881,11002.142460260837,51.315675306817305,2177.1387217722413,255.66946098137976,-0.016993308232849724,0.025197343396773153,-0.8344760941964244,1,0
1755239516726,10687.234343460683,11791.310714312667,9657.949911204592,10698.929779795038,817.9041768324395,1755243116726,46.62354176140041,-22.03239815985944,8.163023995443336,57.04773419318672,65.46031472313409,2.5596268268895837,16.048395602085154,6.373334164693841,7.594364573230079,2104.9297607835033,11535.378895616472,10511.619210438053,11023.499053027263,10987.432839965313,46.03345699695239,2208.5581500077583,262.58881868264245,-0.02478271709030877,-0.000209832326365178,1.1566973462574737,1,0
1755243116726,10312.83419752422,11200.911339685523,9823.896381624665,11101.686608620465,38.36386135570113,1755246716726,50.97361309884269,-10.954290555178886,4.339561085318891,70.90688932993876,64.7860581820216,-1.2434473482283626,15.526497000491146,6.0679813454511375,7.230510964919536,2052.935846303314,11542.3256737943,10517.463763870832,11029.894718832566,10998.497287488208,49.17365481696574,2166.701309062827,262.8715333645304,0.03764459035762946,0.03742685897929454,-1.826577487518898,1,0
1755246716726,10060.905543235183,11805.119208754664,9647.519795570162,10560.683068950682,870.7971723381131,1755250316726,45.59793030954342,-45.30700382368923,-5.589751896482732,52.05501189163401,60.00321180491982,-19.70013088084658,14.922993762008817,7.708725254847757,6.689684746914133,2060.411815366256,11561.720809881275,10459.45971879496,11010.590264338118,10995.505425309182,43.69513967040814,2125.912049051625,282.72400445008003,-0.048731653012947795,-0.013128666738796757,1.1933466452819814,1,0
1755250316726,10701.565265602942,11850.132734685038,9968.944397174291,10913.342459871192,512.7498997939296,1755253916726,49.34788346687465,-43.57283056947563,-13.18636763108131,64.25019240420731,62.404031208593345,94.63010390371493,14.439172477397822,7.3598791514238,6.250686664932155,2047.6101383765767,11534.17660155272,10527.62851986115,11030.902560706934,10992.454502404573,44.77247381496154,2084.3078789904707,258.17413553709747,0.033393615604028426,0.019826535214762853,-0.1252985709985208,1,0
1755253916726,10009.827552569788,11289.15033445415,9713.957947864772,11046.614939663672,398.2502348634128,1755257516726,50.73005581301346,-31.086168457291933,-16.766327796323434,68.85883743187911,61.721347242573465,-22.6044028411497,13.481974191841939,6.948686183368805,6.805859465563198,2013.86601324892,11503.004148362455,10531.52264392113,11017.263396141792,10991.07574873398,50.15590452011535,2040.3393682951832,249.1797482519799,0.012211884698251518,0.032280539275022946,-0.48144481771997205,1,0
1755257516726,10409.182587458488,11952.260078362324,9924.658609582246,10936.046974118579,497.1672807176857,1755261116726,49.522680561268146,-29.76914931365536,-19.366892099789823,64.92067339093526,66.00990107567388,96.27040426794537,13.69240161398618,8.800007366327083,6.3166493367443035,2014.8471172154311,11502.995474448559,10539.153525183228,11021.074499815893,10999.0055380851,50.372376996334665,2023.663631632127,247.22024369444696,-0.010009216954606659,0.021948219399400948,-0.0017610853370884619,1,0
1755261116726,10329.379269302075,11049.860146399164,9517.131892010639,11248.672175250991,667.4155305338311,1755264716726,52.93356922580686,-3.4592846599152836,-16.185370611814914,75.71238773800594,69.83063285360676,-67.92367965089144,13.11173241372417,8.313527310226752,7.437303428342484,1980.410055584938,11523.5045480663,10539.435105960532,11031.469827013416,11005.918206431978,47.78890147951483,2029.0247769270106,252.4084861372579,0.02858667321677344,0.051162319191835115,0.7109301450924886,1,0
1755264716726,10693.377538518853,11149.90925324714,9117.064412981863,11327.924954545313,12.76542651789736,1755268316726,53.786117377675886,23.51543824224791,-8.24520884100235,78.44816640286638,73.02707584393585,-97.8487101128854,12.454920435106684,7.677834141985496,8.303730500231246,1991.209891776666,11544.169418929236,10533.832661918561,11039.001040423898,11009.493626226265,52.109576960869596,2002.440413671129,259.1459102522173,0.007045523067930715,0.05856830755984066,-1.8125994823902858,1,0
1755268316726,10766.245472760378,11537.581138051515,9528.177721423017,11271.243074033178,871.5518564582477,1755271916726,53.04604348978005,39.85986670602506,1.3758062684031316,76.4915273957549,76.88402717887573,17.548835160154148,11.921515600044758,8.514514976300532,7.705577946871406,1992.5094292660826,11552.902503298985,10531.96092730834,11042.431715303663,11010.957076778861,55.74588293731203,2026.511277329409,261.8659889275255,-0.005003730227696401,0.05327151732122215,1.3521402875534358,1,0
1755271916726,10304.094635971283,11575.79247112231,9126.872828063093,10538.812947811803,446.7395253113928,1755275516726,44.52133236334952,-6.2163873494828294,-0.14263245517406076,50.951097668965126,68.63026382252879,-140.1138478842362,11.367579801827443,7.779057172552292,8.455454196042052,2025.1101588227352,11514.926903590815,10478.219815915083,10996.573359752949,10998.970537684772,49.063062301654774,1998.4217868633766,265.90975735213675,-0.06498219596636656,-0.015172378823137711,-0.2939402969144717,0,1
1755275516726,10811.627014444854,11645.150083300903,9592.493479176404,10694.128770445972,342.9665197000782,1755279116726,46.48529837561259,-29.855308381136638,-6.085167640366577,56.340808009160554,61.26114435796018,-37.33007536143515,10.734395794178758,7.460795653775422,7.8438720519174945,2027.0777620585754,11514.134062640856,10445.291538585974,10979.712800613415,10996.441848606471,42.12457572634683,1975.7800990429573,274.1523228670914,0.014737506339973283,-0.000658475512262946,-0.6611553291930292,0,1
1755279116726,10293.916760504933,11016.969129315466,9482.493060527662,11036.607509263775,138.2455656340571,1755282716726,50.63511293963936,-20.715357849174325,-9.011205682128129,67.7040784070303,58.331994695051975,-90.01139270139831,10.331337707089688,7.050259454114549,7.806714553867088,1991.8919268249488,11520.210943715416,10452.903453340352,10986.557198527884,11005.303596319789,52.19190100620436,1923.0995012595656,273.75859503578704,0.032024931265487444,0.031345368120204276,-1.340437638418251,0,1
1755282716726,10446.32635998656,11960.36677462213,9622.575397832781,11434.822040443802,439.46537435844215,1755286316726,55.004246149947754,18.448045856599492,-3.519355374382605,81.5163965229801,68.5204276463903,133.31315837460667,10.707955097212343,9.808004676259483,7.160277171988757,2016.5990303938347,11516.014732418238,10455.21150603274,10985.613119225489,11015.457788200278,53.363150572879434,1947.0517181602631,272.0902865234018,0.036081244245188326,0.06855759224849312,-0.161430773056882,0,1
1755286316726,10727.018527014134,11044.588092734144,9010.046981054831,11334.956775052116,496.32277128437886,1755289916726,53.72015331723144,40.95493020045615,5.375501740585147,78.80195899666128,76.00747797555721,-98.68468725222127,10.058261710676515,8.977636726637726,8.692746383882147,2045.7544610363443,11543.4013227232,10447.109569730439,10995.25544622682,11029.58183495396,54.56429348511209,1973.1653966192591,281.19290153501487,-0.008733434157389808,0.05922541487321187,0.03596356124219435,0,1
1755289916726,10692.920229224788,11143.061952723403,9194.840491655365,11342.534508351802,403.6466944934778,1755293516726,53.80827320631993,58.7262977393475,16.04566094033762,79.05880346878284,79.79238632947472,-52.82096339023171,9.599214669789777,8.651698838097285,8.04532904934058,2052.4945912049448,11582.698561720012,10462.25074594115,11022.47465383058,11027.480051950582,58.63968016253701,1973.6479309255933,287.3888009075513,0.0006685277632787479,0.05993353647062505,-0.33494531204692757,0,1
1755293516726,10987.3684723122,11014.014517526057,9491.33043191213,10803.208193759674,678.6600938268971,1755297116726,46.95551213438737,28.957306496206,18.627990051511297,60.77853718144535,72.87976654896313,-98.9018192495077,9.172956703252092,8.09039422857064,7.523364477403787,2038.1166972931399,11571.486961859751,10491.13674063702,11031.311851248385,11024.040798505324,46.134972714730566,2007.5185822383658,277.1039849112322,-0.0475490124535225,0.009534743545077218,0.6844451616307496,1,0
1755297116726,10225.161024215931,11566.858433294095,9950.503561589136,10929.447897078702,420.896528759226,1755300716726,48.6054317831171,15.374428647442983,17.977277770697636,65.05738531154547,68.29824198725787,55.74905869578416,9.588584468726022,9.591804150569283,7.090791831507946,2007.9908526082697,11532.943257436507,10488.369784621615,11010.656521029061,11026.284572959761,55.34983286465518,1968.8582578469698,267.9274425676229,0.01168539021509818,0.021331550959100554,-0.2529513320416739,0,1
1755300716726,10662.317913539582,11932.266883920973,9383.609040355159,10970.705947315937,961.4175778465733,1755304316726,49.161987332338974,7.848606093717535,15.951543435301616,66.45581168983814,64.09724472760963,27.352944504720973,9.028449043246244,8.738608315317999,8.438576403153862,2046.6099233909513,11534.325836706672,10497.83963980363,11016.08273825515,11020.372610483702,50.91485705129897,2016.5346511366174,265.8531000643979,0.003774943677462561,0.02518702003998663,1.751824323381273,0,1
1755304316726,10609.681908275777,11665.947166080465,9424.372026053634,10657.37158334991,599.2775178235919,1755307916726,45.162085823178316,-23.13247030997809,8.134740686245674,55.83545912164527,62.44955204100961,-47.01765004740307,8.508323291015023,8.059580866004032,7.782862723799407,2060.536010293514,11527.220708503004,10454.634954205843,10990.927831354424,11013.561070299056,44.12935784237113,2064.1334192392924,275.11244116595344,-0.02856100286259944,-0.004093349374075239,0.3856013652203504,0,1
1755307916726,10915.09845449003,11822.657468480427,9714.696089006622,10531.068130244455,807.477935651909,1755311516726,43.62140938583423,-57.217264659635475,-4.935660382930556,51.55445021607378,57.94857367585238,9.292285206431888,8.27528175467091,8.013958503101918,7.215082344339755,2063.9235366635353,11541.556832717008,10396.324001079698,10968.940416898353,11007.981752423693,43.92088681800593,2069.873412860273,293.7460233392654,-0.01185127609726766,-0.015896114057748156,1.0612341095777893,0,1
1755311516726,10156.362141644875,11013.28120345858,9603.792757286117,11446.902899460518,109.35590310947885,1755315116726,55.480994353743746,-10.211782749283884,-5.990884856201221,82.59633154747702,63.32874696173201,9.345622349080447,7.860239379232449,7.613980310471237,7.24768651747269,2017.1781730570303,11600.816490371304,10411.86165539195,11006.339072881627,11010.680455565087,52.519382353964204,2061.070569416269,304.96048057394916,0.08696504076218559,0.06968652049744506,-1.366999014378388,0,1
1755315116726,10751.798163586933,11542.015298479726,9298.926150098334,10740.712585663507,397.2912929459057,1755318716726,47.23070764589552,-29.602022435816252,-10.713112372124229,58.660271621473534,64.27035112834143,-66.85446445935243,8.307112552163435,8.871412444634105,6.676585012001782,2033.3146712944847,11591.940628986082,10384.640114481477,10988.29037173378,10998.151664258337,43.56275165145791,2069.033525567145,309.66604808574834,-0.061692697142586295,0.0036946739508891824,-0.4160268155119663,0,1
1755318716726,10568.268616268768,11459.562977505522,9410.816395567428,10739.94890372363,336.8477014471527,1755322316726,47.22252960082542,-44.51738117760942,-17.473966133221268,58.63438690411032,66.63033002435361,-56.58449874136457,8.722066212742208,8.23327678906272,6.196326994442373,2034.416950626171,11580.209379246451,10414.297947698404,10997.253663472427,10989.490479007036,44.10345725742472,2071.8437516606873,299.0499723042271,-7.110160836953927e-05,0.003623309645259365,-0.576967389512098,1,0
1755322316726,10274.665869787905,11498.967944220793,9217.699798857233,10583.37905376876,569.4823881365918,1755325916726,45.483684160751764,-68.18578553094267,-27.616330012765548,53.327509653168036,56.87405605958395,-98.6181703035689,8.714768625759495,7.579494348957276,6.376501466371732,2052.0491788216987,11590.344558483805,10371.166427850803,10980.755493167304,10990.218771634258,50.56710376946003,2059.868644682426,312.71259234127655,-0.014578267676914836,-0.011007779609540358,0.36837944079303486,0,1
1755325916726,10474.434914147174,11072.213185335188,9966.021459130208,11428.507751943778,861.1135200614256,1755329516726,55.09541895797479,-18.53468725784296,-25.800001461781033,81.97283481478902,64.64491045735578,87.5510498581173,8.707992294989834,7.277711786831871,6.122616858596702,1984.4879322062186,11639.669898294771,10360.03036926785,10999.85013378131,10997.462469069804,57.94939806532802,1992.2640105453177,328.22061381351625,0.07985433516850815,0.0679675366365664,1.3936995668555265,1,0
1755329516726,10333.776597069798,11684.435361069307,9130.63438155736,11079.737114939771,78.33821776200666,1755333116726,51.092009479049786,-7.245191707923368,-22.089039511009503,70.15138285678619,68.48390910824774,5.160265461061789,8.980240294111349,6.6221766207630175,8.517594910043346,2025.1531498709135,11647.054234125188,10367.015047519553,11007.03464082237,10993.791313128653,50.46622796661625,2065.0729327398994,328.3231238195172,-0.030517600772916986,0.03537572971505609,-1.4730181078862543,1,0
1755333116726,10579.31340278846,11503.220414858635,9371.83678456642,11167.036857125353,72.57479804471079,1755336716726,52.031576360232805,8.646502948075067,-15.94193101919259,73.81340035207225,75.31253934121581,29.03778978263314,9.233042007581327,6.126210176600574,7.879671534954692,2032.7410413295781,11637.776345492965,10368.12940433921,11002.952874916087,11004.401990029488,46.89665655235192,2050.329522275818,325.6575691037218,0.00787922504658245,0.043533688097250556,-1.3326059560794388,0,1
1755336716726,10889.000610814666,11765.148849861263,9025.838972220012,11411.576887263052,850.3177081575989,1755340316726,54.659174736245866,40.50619201492191,-4.65230641236969,82.08488176976007,75.34988832620616,51.911180148889045,10.001992058744204,5.550807447011186,8.325923700824148,2083.210243923269,11651.498884947237,10362.77205815671,11007.135471551974,11018.060112747056,50.85913604305987,2072.7962950081237,330.5514565096192,0.021898381214857876,0.0663853866097508,1.2796278462273887,0,1
1755340316726,10569.304984412202,11485.290634061716,9221.779491933547,10845.62016890079,212.85008603835743,1755343916726,48.093120885559905,19.858333357315132,0.24982154156727443,62.6122942652229,72.83685879568506,-56.34750378435046,10.716017106252588,5.122652398443543,7.6837133016116335,2096.0888795093333,11621.982877304574,10349.725775286137,10985.854326295355,11007.322614023711,45.04820405987676,2081.6102134889397,326.3270612393771,-0.04959496167387267,0.013498044231262218,-0.9189491613895794,0,1
